solid OpenSCAD_Model
  facet normal 0 0 0
    outer loop
      vertex 53.769 50.633 0.5
      vertex 54.875 50.571 1.344
      vertex 54.386 50.608 1.344
    endloop
  endfacet
  facet normal 0 0 0
    outer loop
      vertex 53.769 50.633 0.5
      vertex 53.894 50.63 1.048
      vertex 53.42 50.768 1.344
    endloop
  endfacet
  facet normal 0 0 0
    outer loop
      vertex 41.437 58.147 3.401
      vertex 41.461 57.936 3.401
      vertex 41.465 58.104 3.285
    endloop
  endfacet
  facet normal 0 0 0
    outer loop
      vertex 53.951 50.975 2.183
      vertex 53.894 50.63 1.048
      vertex 54.386 50.608 1.344
    endloop
  endfacet
  facet normal 0 0 0
    outer loop
      vertex 41.461 57.936 3.401
      vertex 41.466 57.513 0.001
      vertex 41.465 58.104 3.285
    endloop
  endfacet
  facet normal 0 0 0
    outer loop
      vertex 54.405 50.783 1.914
      vertex 53.951 50.975 2.183
      vertex 54.386 50.608 1.344
    endloop
  endfacet
  facet normal 0 0 0
    outer loop
      vertex 41.46 59.045 1.23
      vertex 41.456 59.097 2.032
      vertex 41.443 58.676 2.989
    endloop
  endfacet
  facet normal 0 0 0
    outer loop
      vertex 41.443 58.676 2.989
      vertex 41.466 58.743 0.671
      vertex 41.46 59.045 1.23
    endloop
  endfacet
  facet normal 0 0 0
    outer loop
      vertex 41.456 59.097 2.032
      vertex 41.46 59.045 1.23
      vertex 41.374 59.235 1.239
    endloop
  endfacet
  facet normal 0 0 0
    outer loop
      vertex 59.285 45.875 2.895
      vertex 59.103 46.438 2.438
      vertex 57.862 46.426 3.04
    endloop
  endfacet
  facet normal 0 0 0
    outer loop
      vertex 57.862 46.426 3.04
      vertex 58.49 46.76 2.438
      vertex 58.034 46.863 2.561
    endloop
  endfacet
  facet normal 0 0 0
    outer loop
      vertex 58.49 46.76 2.438
      vertex 57.862 46.426 3.04
      vertex 59.103 46.438 2.438
    endloop
  endfacet
  facet normal 0 0 0
    outer loop
      vertex 58.034 46.863 2.561
      vertex 57.574 46.926 2.676
      vertex 57.862 46.426 3.04
    endloop
  endfacet
  facet normal 0 0 0
    outer loop
      vertex 41.374 59.235 1.239
      vertex 41.253 59.333 1.238
      vertex 41.125 59.414 1.691
    endloop
  endfacet
  facet normal 0 0 0
    outer loop
      vertex 41.374 59.235 1.239
      vertex 41.134 59.323 1.087
      vertex 41.253 59.333 1.238
    endloop
  endfacet
  facet normal 0 0 0
    outer loop
      vertex 41.368 59.283 1.985
      vertex 41.374 59.235 1.239
      vertex 41.125 59.414 1.691
    endloop
  endfacet
  facet normal 0 0 0
    outer loop
      vertex 57.442 46.52 3.093
      vertex 57.862 46.426 3.04
      vertex 57.574 46.926 2.676
    endloop
  endfacet
  facet normal 0 0 0
    outer loop
      vertex 41.125 59.414 1.691
      vertex 41.134 59.388 2.022
      vertex 41.368 59.283 1.985
    endloop
  endfacet
  facet normal 0 0 0
    outer loop
      vertex 41.374 59.235 1.239
      vertex 41.368 59.283 1.985
      vertex 41.456 59.097 2.032
    endloop
  endfacet
  facet normal 0 0 0
    outer loop
      vertex 41.134 59.323 1.087
      vertex 41.125 59.414 1.691
      vertex 41.253 59.333 1.238
    endloop
  endfacet
  facet normal 0 0 0
    outer loop
      vertex 57.862 46.426 3.04
      vertex 57.659 45.91 3.416
      vertex 59.2 45.372 3.267
    endloop
  endfacet
  facet normal 0 0 0
    outer loop
      vertex 56.959 45.635 3.614
      vertex 57.709 45.517 3.566
      vertex 57.659 45.91 3.416
    endloop
  endfacet
  facet normal 0 0 0
    outer loop
      vertex 41.466 57.513 0.001
      vertex 41.461 57.936 3.401
      vertex 41.466 57.511 3.401
    endloop
  endfacet
  facet normal 0 0 0
    outer loop
      vertex 41.466 58.743 0.671
      vertex 41.399 58.973 0.677
      vertex 41.368 59.094 0.838
    endloop
  endfacet
  facet normal 0 0 0
    outer loop
      vertex 59.2 45.372 3.267
      vertex 57.659 45.91 3.416
      vertex 57.709 45.517 3.566
    endloop
  endfacet
  facet normal 0 0 0
    outer loop
      vertex 59.2 45.372 3.267
      vertex 57.709 45.517 3.566
      vertex 58.183 45.215 3.594
    endloop
  endfacet
  facet normal 0 0 0
    outer loop
      vertex 56.907 52.346 3.416
      vertex 57.089 51.644 2.895
      vertex 57.442 51.98 3.093
    endloop
  endfacet
  facet normal 0 0 0
    outer loop
      vertex 59.2 45.372 3.267
      vertex 59.285 45.875 2.895
      vertex 57.862 46.426 3.04
    endloop
  endfacet
  facet normal 0 0 0
    outer loop
      vertex 56.661 51.546 2.895
      vertex 57.089 51.644 2.895
      vertex 56.907 52.346 3.416
    endloop
  endfacet
  facet normal 0 0 0
    outer loop
      vertex 56.907 52.346 3.416
      vertex 56.941 52.934 3.634
      vertex 56.468 52.525 3.539
    endloop
  endfacet
  facet normal 0 0 0
    outer loop
      vertex 59.246 46.685 1.914
      vertex 58.609 47.019 1.914
      vertex 59.103 46.438 2.438
    endloop
  endfacet
  facet normal 0 0 0
    outer loop
      vertex 56.468 52.525 3.539
      vertex 56.017 53.032 3.701
      vertex 55.508 52.769 3.655
    endloop
  endfacet
  facet normal 0 0 0
    outer loop
      vertex 55.508 52.769 3.655
      vertex 56.165 51.937 3.267
      vertex 56.468 52.525 3.539
    endloop
  endfacet
  facet normal 0 0 0
    outer loop
      vertex 56.468 52.525 3.539
      vertex 56.571 52.004 3.267
      vertex 56.907 52.346 3.416
    endloop
  endfacet
  facet normal 0 0 0
    outer loop
      vertex 41.368 59.094 0.838
      vertex 41.46 59.045 1.23
      vertex 41.466 58.743 0.671
    endloop
  endfacet
  facet normal 0 0 0
    outer loop
      vertex 56.165 51.937 3.267
      vertex 56.571 52.004 3.267
      vertex 56.468 52.525 3.539
    endloop
  endfacet
  facet normal 0 0 0
    outer loop
      vertex 56.255 51.273 2.676
      vertex 57.186 51.273 2.438
      vertex 57.089 51.644 2.895
    endloop
  endfacet
  facet normal 0 0 0
    outer loop
      vertex 57.186 51.273 2.438
      vertex 57.655 51.322 2.314
      vertex 57.089 51.644 2.895
    endloop
  endfacet
  facet normal 0 0 0
    outer loop
      vertex 41.16 59.206 0.798
      vertex 41.253 59.231 0.915
      vertex 41.368 59.094 0.838
    endloop
  endfacet
  facet normal 0 0 0
    outer loop
      vertex 41.253 59.231 0.915
      vertex 41.374 59.235 1.239
      vertex 41.368 59.094 0.838
    endloop
  endfacet
  facet normal 0 0 0
    outer loop
      vertex 41.374 59.235 1.239
      vertex 41.253 59.231 0.915
      vertex 41.134 59.323 1.087
    endloop
  endfacet
  facet normal 0 0 0
    outer loop
      vertex 41.368 59.094 0.838
      vertex 41.374 59.235 1.239
      vertex 41.46 59.045 1.23
    endloop
  endfacet
  facet normal 0 0 0
    outer loop
      vertex 56.661 51.546 2.895
      vertex 56.907 52.346 3.416
      vertex 56.571 52.004 3.267
    endloop
  endfacet
  facet normal 0 0 0
    outer loop
      vertex 41.16 59.206 0.798
      vertex 41.134 59.323 1.087
      vertex 41.253 59.231 0.915
    endloop
  endfacet
  facet normal 0 0 0
    outer loop
      vertex 40.307 59.172 0.72
      vertex 41.134 59.323 1.087
      vertex 41.16 59.206 0.798
    endloop
  endfacet
  facet normal 0 0 0
    outer loop
      vertex 41.315 58.956 0.492
      vertex 41.399 58.973 0.677
      vertex 41.466 58.743 0.671
    endloop
  endfacet
  facet normal 0 0 0
    outer loop
      vertex 41.368 59.094 0.838
      vertex 41.399 58.973 0.677
      vertex 41.134 58.914 0.337
    endloop
  endfacet
  facet normal 0 0 0
    outer loop
      vertex 41.368 59.094 0.838
      vertex 41.134 58.914 0.337
      vertex 41.16 59.206 0.798
    endloop
  endfacet
  facet normal 0 0 0
    outer loop
      vertex 41.134 58.914 0.337
      vertex 40.307 59.172 0.72
      vertex 41.16 59.206 0.798
    endloop
  endfacet
  facet normal 0 0 0
    outer loop
      vertex 41.134 58.914 0.337
      vertex 41.399 58.973 0.677
      vertex 41.315 58.956 0.492
    endloop
  endfacet
  facet normal 0 0 0
    outer loop
      vertex 41.466 58.55 0.444
      vertex 41.443 58.622 0.358
      vertex 41.46 58.677 0.522
    endloop
  endfacet
  facet normal 0 0 0
    outer loop
      vertex 40.298 51.658 2.71
      vertex 40.298 51.884 2.064
      vertex 40.179 51.763 2.407
    endloop
  endfacet
  facet normal 0 0 0
    outer loop
      vertex 41.134 58.914 0.337
      vertex 41.315 58.956 0.492
      vertex 41.344 58.836 0.375
    endloop
  endfacet
  facet normal 0 0 0
    outer loop
      vertex 41.46 58.677 0.522
      vertex 41.443 58.622 0.358
      vertex 41.344 58.836 0.375
    endloop
  endfacet
  facet normal 0 0 0
    outer loop
      vertex 41.466 58.743 0.671
      vertex 41.46 58.677 0.522
      vertex 41.344 58.836 0.375
    endloop
  endfacet
  facet normal 0 0 0
    outer loop
      vertex 41.344 58.836 0.375
      vertex 41.315 58.956 0.492
      vertex 41.466 58.743 0.671
    endloop
  endfacet
  facet normal 0 0 0
    outer loop
      vertex 40.298 51.658 2.71
      vertex 40.179 51.763 2.407
      vertex 39.99 51.486 2.551
    endloop
  endfacet
  facet normal 0 0 0
    outer loop
      vertex 17.5 40.013 0
      vertex 21.189 42.514 0
      vertex 23.002 40.013 0
    endloop
  endfacet
  facet normal 0 0 0
    outer loop
      vertex 21.189 42.514 0
      vertex 17.5 40.013 0
      vertex 19.313 42.514 0
    endloop
  endfacet
  facet normal 0 0 0
    outer loop
      vertex 23.002 40.013 0
      vertex 21.189 42.514 0
      vertex 23.002 42.514 0
    endloop
  endfacet
  facet normal 0 0 0
    outer loop
      vertex 19.313 42.514 0
      vertex 17.5 40.013 0
      vertex 17.5 42.514 0
    endloop
  endfacet
  facet normal 0 0 0
    outer loop
      vertex 39.99 51.486 2.551
      vertex 40.054 51.41 2.874
      vertex 40.298 51.658 2.71
    endloop
  endfacet
  facet normal 0 0 0
    outer loop
      vertex 40.054 51.41 2.874
      vertex 39.99 51.486 2.551
      vertex 39.966 51.352 2.473
    endloop
  endfacet
  facet normal 0 0 0
    outer loop
      vertex 35.966 41.519 0
      vertex 39.981 40.959 0
      vertex 31.966 40.959 0
    endloop
  endfacet
  facet normal 0 0 0
    outer loop
      vertex 39.981 40.959 0
      vertex 35.966 41.519 0
      vertex 41.466 41.519 0
    endloop
  endfacet
  facet normal 0 0 0
    outer loop
      vertex 40.054 51.41 2.874
      vertex 39.966 51.352 2.473
      vertex 39.966 51.192 2.776
    endloop
  endfacet
  facet normal 0 0 0
    outer loop
      vertex 39.981 40.959 0
      vertex 41.466 41.519 0
      vertex 40.101 40.597 0
    endloop
  endfacet
  facet normal 0 0 0
    outer loop
      vertex 40.298 51.658 2.71
      vertex 40.054 51.41 2.874
      vertex 40.307 51.246 3.243
    endloop
  endfacet
  facet normal 0 0 0
    outer loop
      vertex 41.466 41.519 0
      vertex 40.245 40.485 0
      vertex 40.101 40.597 0
    endloop
  endfacet
  facet normal 0 0 0
    outer loop
      vertex 40.054 51.41 2.874
      vertex 40.118 50.943 3.401
      vertex 40.307 51.246 3.243
    endloop
  endfacet
  facet normal 0 0 0
    outer loop
      vertex 41.444 40.901 0
      vertex 40.245 40.485 0
      vertex 41.466 41.519 0
    endloop
  endfacet
  facet normal 0 0 0
    outer loop
      vertex 40.245 40.485 0
      vertex 41.341 40.613 0
      vertex 41.131 40.465 0
    endloop
  endfacet
  facet normal 0 0 0
    outer loop
      vertex 41.341 40.613 0
      vertex 40.245 40.485 0
      vertex 41.444 40.901 0
    endloop
  endfacet
  facet normal 0 0 0
    outer loop
      vertex 23.002 42.514 0
      vertex 23.002 40.013 3.3
      vertex 23.002 40.013 0
    endloop
  endfacet
  facet normal 0 0 0
    outer loop
      vertex 23.002 40.013 3.3
      vertex 23.002 42.514 0
      vertex 23.002 42.514 3.3
    endloop
  endfacet
  facet normal 0 0 0
    outer loop
      vertex 23.002 40.013 0
      vertex 23.002 40.013 3.3
      vertex 17.5 40.013 3.3
    endloop
  endfacet
  facet normal 0 0 0
    outer loop
      vertex 17.5 40.013 0
      vertex 23.002 40.013 0
      vertex 17.5 40.013 3.3
    endloop
  endfacet
  facet normal 0 0 0
    outer loop
      vertex 14 41.501 0
      vertex 14 41.501 3.3
      vertex 14 39 0
    endloop
  endfacet
  facet normal 0 0 0
    outer loop
      vertex 8.498 41.501 3.3
      vertex 8.498 41.501 0
      vertex 8.498 39 3.3
    endloop
  endfacet
  facet normal 0 0 0
    outer loop
      vertex 59.103 46.438 2.438
      vertex 58.609 47.019 1.914
      vertex 58.49 46.76 2.438
    endloop
  endfacet
  facet normal 0 0 0
    outer loop
      vertex 41.131 58.555 0.001
      vertex 41.152 58.653 0.08
      vertex 41.195 58.539 0.001
    endloop
  endfacet
  facet normal 0 0 0
    outer loop
      vertex 41.152 58.653 0.08
      vertex 41.253 58.635 0.102
      vertex 41.195 58.539 0.001
    endloop
  endfacet
  facet normal 0 0 0
    outer loop
      vertex 41.443 58.622 0.358
      vertex 41.368 58.584 0.163
      vertex 41.253 58.635 0.102
    endloop
  endfacet
  facet normal 0 0 0
    outer loop
      vertex 41.443 58.622 0.358
      vertex 41.253 58.635 0.102
      vertex 41.344 58.836 0.375
    endloop
  endfacet
  facet normal 0 0 0
    outer loop
      vertex 41.134 58.914 0.337
      vertex 41.344 58.836 0.375
      vertex 41.221 58.771 0.205
    endloop
  endfacet
  facet normal 0 0 0
    outer loop
      vertex 41.344 58.836 0.375
      vertex 41.253 58.635 0.102
      vertex 41.221 58.771 0.205
    endloop
  endfacet
  facet normal 0 0 0
    outer loop
      vertex 58.609 47.019 1.914
      vertex 59.246 46.685 1.914
      vertex 58.683 47.178 1.344
    endloop
  endfacet
  facet normal 0 0 0
    outer loop
      vertex 58.206 47.302 1.633
      vertex 58.609 47.019 1.914
      vertex 58.683 47.178 1.344
    endloop
  endfacet
  facet normal 0 0 0
    outer loop
      vertex 41.116 58.69 0.109
      vertex 41.152 58.653 0.08
      vertex 40.276 58.551 0.001
    endloop
  endfacet
  facet normal 0 0 0
    outer loop
      vertex 58.683 47.178 1.344
      vertex 57.302 47.674 1.344
      vertex 58.206 47.302 1.633
    endloop
  endfacet
  facet normal 0 0 0
    outer loop
      vertex 58.49 46.76 2.438
      vertex 58.609 47.019 1.914
      vertex 58.206 47.302 1.633
    endloop
  endfacet
  facet normal 0 0 0
    outer loop
      vertex 58.034 46.863 2.561
      vertex 58.49 46.76 2.438
      vertex 58.206 47.302 1.633
    endloop
  endfacet
  facet normal 0 0 0
    outer loop
      vertex 59.143 46.999 1.048
      vertex 58.683 47.178 1.344
      vertex 59.246 46.685 1.914
    endloop
  endfacet
  facet normal 0 0 0
    outer loop
      vertex 41.443 58.622 0.358
      vertex 41.466 58.55 0.444
      vertex 41.463 58.356 0.266
    endloop
  endfacet
  facet normal 0 0 0
    outer loop
      vertex 41.463 58.356 0.266
      vertex 41.368 58.584 0.163
      vertex 41.443 58.622 0.358
    endloop
  endfacet
  facet normal 0 0 0
    outer loop
      vertex 60.045 46.157 1.914
      vertex 59.954 46.445 1.344
      vertex 59.246 46.685 1.914
    endloop
  endfacet
  facet normal 0 0 0
    outer loop
      vertex 59.143 46.999 1.048
      vertex 59.26 46.956 0.5
      vertex 58.596 47.283 0.5
    endloop
  endfacet
  facet normal 0 0 0
    outer loop
      vertex 41.466 57.513 0.001
      vertex 41.457 57.998 0.001
      vertex 41.465 58.104 3.285
    endloop
  endfacet
  facet normal 0 0 0
    outer loop
      vertex 59.143 46.999 1.048
      vertex 58.596 47.283 0.5
      vertex 58.683 47.178 1.344
    endloop
  endfacet
  facet normal 0 0 0
    outer loop
      vertex 41.463 58.356 0.266
      vertex 41.41 58.261 0.001
      vertex 41.378 58.344 0.001
    endloop
  endfacet
  facet normal 0 0 0
    outer loop
      vertex 41.457 57.998 0.001
      vertex 41.41 58.261 0.001
      vertex 41.463 58.356 0.266
    endloop
  endfacet
  facet normal 0 0 0
    outer loop
      vertex 41.368 58.584 0.163
      vertex 41.463 58.356 0.266
      vertex 41.378 58.344 0.001
    endloop
  endfacet
  facet normal 0 0 0
    outer loop
      vertex 41.463 58.356 0.266
      vertex 41.465 58.104 3.285
      vertex 41.457 57.998 0.001
    endloop
  endfacet
  facet normal 0 0 0
    outer loop
      vertex 59.26 46.956 0.5
      vertex 60.806 45.145 0
      vertex 58.908 46.578 0
    endloop
  endfacet
  facet normal 0 0 0
    outer loop
      vertex 41.378 58.344 0.001
      vertex 40.276 58.551 0.001
      vertex 41.131 58.555 0.001
    endloop
  endfacet
  facet normal 0 0 0
    outer loop
      vertex 41.457 57.998 0.001
      vertex 39.981 58.06 0.001
      vertex 40.084 58.398 0.001
    endloop
  endfacet
  facet normal 0 0 0
    outer loop
      vertex 41.457 57.998 0.001
      vertex 40.276 58.551 0.001
      vertex 41.41 58.261 0.001
    endloop
  endfacet
  facet normal 0 0 0
    outer loop
      vertex 41.41 58.261 0.001
      vertex 40.276 58.551 0.001
      vertex 41.378 58.344 0.001
    endloop
  endfacet
  facet normal 0 0 0
    outer loop
      vertex 41.378 58.344 0.001
      vertex 41.131 58.555 0.001
      vertex 41.195 58.539 0.001
    endloop
  endfacet
  facet normal 0 0 0
    outer loop
      vertex 41.195 58.539 0.001
      vertex 41.253 58.635 0.102
      vertex 41.378 58.344 0.001
    endloop
  endfacet
  facet normal 0 0 0
    outer loop
      vertex 41.253 58.635 0.102
      vertex 41.368 58.584 0.163
      vertex 41.378 58.344 0.001
    endloop
  endfacet
  facet normal 0 0 0
    outer loop
      vertex 58.596 47.283 0.5
      vertex 58.908 46.578 0
      vertex 57.673 47.63 0.5
    endloop
  endfacet
  facet normal 0 0 0
    outer loop
      vertex 58.596 47.283 0.5
      vertex 59.26 46.956 0.5
      vertex 58.908 46.578 0
    endloop
  endfacet
  facet normal 0 0 0
    outer loop
      vertex 41.365 55.643 3.4
      vertex 40.286 55.461 3.4
      vertex 41.16 55.464 3.4
    endloop
  endfacet
  facet normal 0 0 0
    outer loop
      vertex 40.286 55.461 3.4
      vertex 41.365 55.643 3.4
      vertex 41.451 55.954 3.4
    endloop
  endfacet
  facet normal 0 0 0
    outer loop
      vertex 59.246 46.685 1.914
      vertex 59.103 46.438 2.438
      vertex 59.689 46.067 2.438
    endloop
  endfacet
  facet normal 0 0 0
    outer loop
      vertex 41.451 55.954 3.4
      vertex 41.466 56.513 0
      vertex 41.466 56.511 3.4
    endloop
  endfacet
  facet normal 0 0 0
    outer loop
      vertex 72.69 53.681 0
      vertex 72.69 53.681 4.3
      vertex 72.69 51.681 4.3
    endloop
  endfacet
  facet normal 0 0 0
    outer loop
      vertex 72.69 51.681 0
      vertex 72.69 53.681 0
      vertex 72.69 51.681 4.3
    endloop
  endfacet
  facet normal 0 0 0
    outer loop
      vertex 72.49 34.481 0
      vertex 72.49 34.481 4.3
      vertex 72.49 32.481 4.3
    endloop
  endfacet
  facet normal 0 0 0
    outer loop
      vertex 72.49 32.481 0
      vertex 72.49 34.481 0
      vertex 72.49 32.481 4.3
    endloop
  endfacet
  facet normal 0 0 0
    outer loop
      vertex 72.49 32.481 0
      vertex 72.49 32.481 4.3
      vertex 66.34 32.481 4.3
    endloop
  endfacet
  facet normal 0 0 0
    outer loop
      vertex 66.34 32.481 0
      vertex 72.49 32.481 0
      vertex 66.34 32.481 4.3
    endloop
  endfacet
  facet normal 0 0 0
    outer loop
      vertex 60.411 45.491 2.438
      vertex 59.946 45.649 2.676
      vertex 60.159 44.893 3.093
    endloop
  endfacet
  facet normal 0 0 0
    outer loop
      vertex 67.326 45.731 0
      vertex 68.139 44.981 0
      vertex 67.326 44.981 0
    endloop
  endfacet
  facet normal 0 0 0
    outer loop
      vertex 68.139 44.981 0
      vertex 67.326 45.731 0
      vertex 68.218 46.231 0
    endloop
  endfacet
  facet normal 0 0 0
    outer loop
      vertex 68.218 46.231 0
      vertex 68.665 46.231 0
      vertex 68.139 44.981 0
    endloop
  endfacet
  facet normal 0 0 0
    outer loop
      vertex 59.68 45.315 3.093
      vertex 59.946 45.649 2.676
      vertex 59.285 45.875 2.895
    endloop
  endfacet
  facet normal 0 0 0
    outer loop
      vertex 70.625 46.231 0
      vertex 70.691 44.981 0
      vertex 70.165 46.231 0
    endloop
  endfacet
  facet normal 0 0 0
    outer loop
      vertex 59.68 45.315 3.093
      vertex 59.285 45.875 2.895
      vertex 59.2 45.372 3.267
    endloop
  endfacet
  facet normal 0 0 0
    outer loop
      vertex 71.511 45.731 0
      vertex 70.691 44.981 0
      vertex 70.625 46.231 0
    endloop
  endfacet
  facet normal 0 0 0
    outer loop
      vertex 70.691 44.981 0
      vertex 71.511 45.731 0
      vertex 71.511 44.981 0
    endloop
  endfacet
  facet normal 0 0 0
    outer loop
      vertex 70.691 44.981 0
      vertex 70.165 39.231 0
      vertex 70.165 46.231 0
    endloop
  endfacet
  facet normal 0 0 0
    outer loop
      vertex 59.285 45.875 2.895
      vertex 59.946 45.649 2.676
      vertex 59.689 46.067 2.438
    endloop
  endfacet
  facet normal 0 0 0
    outer loop
      vertex 59.285 45.875 2.895
      vertex 59.689 46.067 2.438
      vertex 59.103 46.438 2.438
    endloop
  endfacet
  facet normal 0 0 0
    outer loop
      vertex 68.665 39.231 0
      vertex 68.139 44.981 0
      vertex 68.665 46.231 0
    endloop
  endfacet
  facet normal 0 0 0
    outer loop
      vertex 60.72 45.834 1.344
      vertex 59.954 46.445 1.344
      vertex 60.045 46.157 1.914
    endloop
  endfacet
  facet normal 0 0 0
    outer loop
      vertex 68.139 34.481 0
      vertex 68.139 44.981 0
      vertex 68.665 39.231 0
    endloop
  endfacet
  facet normal 0 0 0
    outer loop
      vertex 60.72 45.834 1.344
      vertex 60.482 46.122 0.5
      vertex 59.954 46.445 1.344
    endloop
  endfacet
  facet normal 0 0 0
    outer loop
      vertex 68.665 39.231 0
      vertex 70.691 34.481 0
      vertex 68.139 34.481 0
    endloop
  endfacet
  facet normal 0 0 0
    outer loop
      vertex 70.165 39.231 0
      vertex 70.691 44.981 0
      vertex 70.691 34.481 0
    endloop
  endfacet
  facet normal 0 0 0
    outer loop
      vertex 70.691 34.481 0
      vertex 68.665 39.231 0
      vertex 70.165 39.231 0
    endloop
  endfacet
  facet normal 0 0 0
    outer loop
      vertex 68.139 34.481 0
      vertex 66.34 32.481 0
      vertex 66.34 34.481 0
    endloop
  endfacet
  facet normal 0 0 0
    outer loop
      vertex 72.49 34.481 0
      vertex 72.49 32.481 0
      vertex 70.691 34.481 0
    endloop
  endfacet
  facet normal 0 0 0
    outer loop
      vertex 68.139 34.481 0
      vertex 72.49 32.481 0
      vertex 66.34 32.481 0
    endloop
  endfacet
  facet normal 0 0 0
    outer loop
      vertex 72.49 32.481 0
      vertex 68.139 34.481 0
      vertex 70.691 34.481 0
    endloop
  endfacet
  facet normal 0 0 0
    outer loop
      vertex 66.34 34.481 4.3
      vertex 66.34 34.481 0
      vertex 66.34 32.481 4.3
    endloop
  endfacet
  facet normal 0 0 0
    outer loop
      vertex 66.34 32.481 0
      vertex 66.34 32.481 4.3
      vertex 66.34 34.481 0
    endloop
  endfacet
  facet normal 0 0 0
    outer loop
      vertex 48.105 55.729 0
      vertex 47.341 56.442 0.5
      vertex 47.671 57.092 0
    endloop
  endfacet
  facet normal 0 0 0
    outer loop
      vertex 67.288 46.231 3.506
      vertex 68.665 46.231 0
      vertex 66.928 46.231 2.713
    endloop
  endfacet
  facet normal 0 0 0
    outer loop
      vertex 68.665 46.231 0
      vertex 67.288 46.231 3.506
      vertex 67.722 46.231 4.005
    endloop
  endfacet
  facet normal 0 0 0
    outer loop
      vertex 66.928 46.231 2.713
      vertex 68.665 46.231 0
      vertex 66.871 46.231 1.974
    endloop
  endfacet
  facet normal 0 0 0
    outer loop
      vertex 68.665 46.231 0
      vertex 67.722 46.231 4.005
      vertex 68.165 46.231 4.3
    endloop
  endfacet
  facet normal 0 0 0
    outer loop
      vertex 68.665 46.231 0
      vertex 68.165 46.231 4.3
      vertex 68.665 46.231 4.3
    endloop
  endfacet
  facet normal 0 0 0
    outer loop
      vertex 67.029 46.231 1.305
      vertex 68.665 46.231 0
      vertex 67.607 46.231 0.424
    endloop
  endfacet
  facet normal 0 0 0
    outer loop
      vertex 67.607 46.231 0.424
      vertex 68.665 46.231 0
      vertex 68.218 46.231 0
    endloop
  endfacet
  facet normal 0 0 0
    outer loop
      vertex 68.665 46.231 0
      vertex 67.029 46.231 1.305
      vertex 66.871 46.231 1.974
    endloop
  endfacet
  facet normal 0 0 0
    outer loop
      vertex 71.535 46.231 3.511
      vertex 70.165 46.231 4.3
      vertex 71.098 46.231 4.008
    endloop
  endfacet
  facet normal 0 0 0
    outer loop
      vertex 71.098 46.231 4.008
      vertex 70.165 46.231 4.3
      vertex 70.654 46.231 4.3
    endloop
  endfacet
  facet normal 0 0 0
    outer loop
      vertex 71.899 46.231 2.721
      vertex 70.165 46.231 4.3
      vertex 71.535 46.231 3.511
    endloop
  endfacet
  facet normal 0 0 0
    outer loop
      vertex 71.233 46.231 0.427
      vertex 70.165 46.231 4.3
      vertex 71.815 46.231 1.308
    endloop
  endfacet
  facet normal 0 0 0
    outer loop
      vertex 71.815 46.231 1.308
      vertex 70.165 46.231 4.3
      vertex 71.95 46.231 1.929
    endloop
  endfacet
  facet normal 0 0 0
    outer loop
      vertex 70.165 46.231 4.3
      vertex 71.899 46.231 2.721
      vertex 71.95 46.231 1.929
    endloop
  endfacet
  facet normal 0 0 0
    outer loop
      vertex 70.165 46.231 4.3
      vertex 71.233 46.231 0.427
      vertex 70.625 46.231 0
    endloop
  endfacet
  facet normal 0 0 0
    outer loop
      vertex 70.165 46.231 0
      vertex 70.165 46.231 4.3
      vertex 70.625 46.231 0
    endloop
  endfacet
  facet normal 0 0 0
    outer loop
      vertex 68.165 46.231 4.3
      vertex 68.139 44.981 4.3
      vertex 68.665 46.231 4.3
    endloop
  endfacet
  facet normal 0 0 0
    outer loop
      vertex 68.139 44.981 4.3
      vertex 68.165 46.231 4.3
      vertex 67.297 45.731 4.3
    endloop
  endfacet
  facet normal 0 0 0
    outer loop
      vertex 68.665 46.231 4.3
      vertex 68.139 44.981 4.3
      vertex 68.665 39.231 4.3
    endloop
  endfacet
  facet normal 0 0 0
    outer loop
      vertex 68.139 44.981 4.3
      vertex 67.297 45.731 4.3
      vertex 67.297 44.981 4.3
    endloop
  endfacet
  facet normal 0 0 0
    outer loop
      vertex 70.691 44.981 4.3
      vertex 70.654 46.231 4.3
      vertex 70.165 46.231 4.3
    endloop
  endfacet
  facet normal 0 0 0
    outer loop
      vertex 70.654 46.231 4.3
      vertex 70.691 44.981 4.3
      vertex 71.527 45.731 4.3
    endloop
  endfacet
  facet normal 0 0 0
    outer loop
      vertex 71.527 44.981 4.3
      vertex 71.527 45.731 4.3
      vertex 70.691 44.981 4.3
    endloop
  endfacet
  facet normal 0 0 0
    outer loop
      vertex 70.691 44.981 4.3
      vertex 70.165 46.231 4.3
      vertex 70.165 39.231 4.3
    endloop
  endfacet
  facet normal 0 0 0
    outer loop
      vertex 68.139 44.981 4.3
      vertex 68.139 34.481 4.3
      vertex 68.665 39.231 4.3
    endloop
  endfacet
  facet normal 0 0 0
    outer loop
      vertex 70.165 39.231 4.3
      vertex 70.691 34.481 4.3
      vertex 70.691 44.981 4.3
    endloop
  endfacet
  facet normal 0 0 0
    outer loop
      vertex 48.862 54.4 2.438
      vertex 49.055 54.797 2.895
      vertex 48.829 55.174 2.895
    endloop
  endfacet
  facet normal 0 0 0
    outer loop
      vertex 70.691 34.481 4.3
      vertex 68.665 39.231 4.3
      vertex 68.139 34.481 4.3
    endloop
  endfacet
  facet normal 0 0 0
    outer loop
      vertex 68.139 34.481 4.3
      vertex 72.49 32.481 4.3
      vertex 70.691 34.481 4.3
    endloop
  endfacet
  facet normal 0 0 0
    outer loop
      vertex 66.34 32.481 4.3
      vertex 68.139 34.481 4.3
      vertex 66.34 34.481 4.3
    endloop
  endfacet
  facet normal 0 0 0
    outer loop
      vertex 70.691 34.481 4.3
      vertex 70.165 39.231 4.3
      vertex 68.665 39.231 4.3
    endloop
  endfacet
  facet normal 0 0 0
    outer loop
      vertex 72.49 32.481 4.3
      vertex 72.49 34.481 4.3
      vertex 70.691 34.481 4.3
    endloop
  endfacet
  facet normal 0 0 0
    outer loop
      vertex 72.49 32.481 4.3
      vertex 68.139 34.481 4.3
      vertex 66.34 32.481 4.3
    endloop
  endfacet
  facet normal 0 0 0
    outer loop
      vertex 48.829 55.174 2.895
      vertex 48.494 54.988 2.438
      vertex 48.862 54.4 2.438
    endloop
  endfacet
  facet normal 0 0 0
    outer loop
      vertex 66.393 45.731 2.603
      vertex 66.928 46.231 2.713
      vertex 66.871 46.231 1.974
    endloop
  endfacet
  facet normal 0 0 0
    outer loop
      vertex 66.393 45.731 2.603
      vertex 66.499 45.731 3.051
      vertex 66.928 46.231 2.713
    endloop
  endfacet
  facet normal 0 0 0
    outer loop
      vertex 48.494 54.988 2.438
      vertex 48.024 55.274 1.914
      vertex 48.343 54.343 1.344
    endloop
  endfacet
  facet normal 0 0 0
    outer loop
      vertex 67.288 46.231 3.506
      vertex 66.928 46.231 2.713
      vertex 66.499 45.731 3.051
    endloop
  endfacet
  facet normal 0 0 0
    outer loop
      vertex 67.288 46.231 3.506
      vertex 66.499 45.731 3.051
      vertex 66.704 45.731 3.526
    endloop
  endfacet
  facet normal 0 0 0
    outer loop
      vertex 67.288 46.231 3.506
      vertex 66.704 45.731 3.526
      vertex 66.983 45.731 3.962
    endloop
  endfacet
  facet normal 0 0 0
    outer loop
      vertex 48.494 54.988 2.438
      vertex 48.343 54.343 1.344
      vertex 48.862 54.4 2.438
    endloop
  endfacet
  facet normal 0 0 0
    outer loop
      vertex 48.343 54.343 1.344
      vertex 48.024 55.274 1.914
      vertex 47.866 55.198 1.344
    endloop
  endfacet
  facet normal 0 0 0
    outer loop
      vertex 67.288 46.231 3.506
      vertex 66.983 45.731 3.962
      vertex 67.297 45.731 4.3
    endloop
  endfacet
  facet normal 0 0 0
    outer loop
      vertex 48.024 55.274 1.914
      vertex 47.637 55.6 1.011
      vertex 47.866 55.198 1.344
    endloop
  endfacet
  facet normal 0 0 0
    outer loop
      vertex 48.862 54.4 2.438
      vertex 48.343 54.343 1.344
      vertex 49.009 53.625 1.776
    endloop
  endfacet
  facet normal 0 0 0
    outer loop
      vertex 67.288 46.231 3.506
      vertex 67.297 45.731 4.3
      vertex 67.722 46.231 4.005
    endloop
  endfacet
  facet normal 0 0 0
    outer loop
      vertex 49.009 53.625 1.776
      vertex 48.343 54.343 1.344
      vertex 48.583 53.912 1.048
    endloop
  endfacet
  facet normal 0 0 0
    outer loop
      vertex 67.297 45.731 4.3
      vertex 68.165 46.231 4.3
      vertex 67.722 46.231 4.005
    endloop
  endfacet
  facet normal 0 0 0
    outer loop
      vertex 48.583 53.912 1.048
      vertex 48.918 53.55 1.344
      vertex 49.009 53.625 1.776
    endloop
  endfacet
  facet normal 0 0 0
    outer loop
      vertex 66.499 45.731 3.051
      vertex 66.508 44.981 3.048
      vertex 66.704 45.731 3.526
    endloop
  endfacet
  facet normal 0 0 0
    outer loop
      vertex 48.343 54.343 1.344
      vertex 48.434 54.108 0.5
      vertex 48.583 53.912 1.048
    endloop
  endfacet
  facet normal 0 0 0
    outer loop
      vertex 48.343 54.343 1.344
      vertex 47.867 55.061 0.5
      vertex 48.434 54.108 0.5
    endloop
  endfacet
  facet normal 0 0 0
    outer loop
      vertex 66.704 45.731 3.526
      vertex 66.787 44.981 3.678
      vertex 66.983 45.731 3.962
    endloop
  endfacet
  facet normal 0 0 0
    outer loop
      vertex 48.343 54.343 1.344
      vertex 47.866 55.198 1.344
      vertex 47.867 55.061 0.5
    endloop
  endfacet
  facet normal 0 0 0
    outer loop
      vertex 66.723 45.731 0.766
      vertex 66.534 44.981 1.185
      vertex 66.511 45.731 1.238
    endloop
  endfacet
  facet normal 0 0 0
    outer loop
      vertex 67.607 46.231 0.424
      vertex 67.326 45.731 0
      vertex 67.084 45.731 0.247
    endloop
  endfacet
  facet normal 0 0 0
    outer loop
      vertex 67.084 45.731 0.247
      vertex 66.723 45.731 0.766
      vertex 67.607 46.231 0.424
    endloop
  endfacet
  facet normal 0 0 0
    outer loop
      vertex 66.723 45.731 0.766
      vertex 67.029 46.231 1.305
      vertex 67.607 46.231 0.424
    endloop
  endfacet
  facet normal 0 0 0
    outer loop
      vertex 66.723 45.731 0.766
      vertex 66.511 45.731 1.238
      vertex 67.029 46.231 1.305
    endloop
  endfacet
  facet normal 0 0 0
    outer loop
      vertex 66.511 45.731 1.238
      vertex 66.399 45.731 1.685
      vertex 67.029 46.231 1.305
    endloop
  endfacet
  facet normal 0 0 0
    outer loop
      vertex 66.399 45.731 1.685
      vertex 66.871 46.231 1.974
      vertex 67.029 46.231 1.305
    endloop
  endfacet
  facet normal 0 0 0
    outer loop
      vertex 67.607 46.231 0.424
      vertex 68.218 46.231 0
      vertex 67.326 45.731 0
    endloop
  endfacet
  facet normal 0 0 0
    outer loop
      vertex 49.517 53.531 0
      vertex 49.111 53.23 0.5
      vertex 48.434 54.108 0.5
    endloop
  endfacet
  facet normal 0 0 0
    outer loop
      vertex 48.434 54.108 0.5
      vertex 48.417 55.085 0
      vertex 49.517 53.531 0
    endloop
  endfacet
  facet normal 0 0 0
    outer loop
      vertex 67.084 45.731 0.247
      vertex 66.746 44.981 0.713
      vertex 66.723 45.731 0.766
    endloop
  endfacet
  facet normal 0 0 0
    outer loop
      vertex 47.341 56.442 0.5
      vertex 47.867 55.061 0.5
      vertex 47.637 55.6 1.011
    endloop
  endfacet
  facet normal 0 0 0
    outer loop
      vertex 47.341 56.442 0.5
      vertex 48.105 55.729 0
      vertex 47.867 55.061 0.5
    endloop
  endfacet
  facet normal 0 0 0
    outer loop
      vertex 47.637 55.6 1.011
      vertex 47.867 55.061 0.5
      vertex 47.866 55.198 1.344
    endloop
  endfacet
  facet normal 0 0 0
    outer loop
      vertex 48.434 54.108 0.5
      vertex 47.867 55.061 0.5
      vertex 48.417 55.085 0
    endloop
  endfacet
  facet normal 0 0 0
    outer loop
      vertex 66.871 46.231 1.974
      vertex 66.399 45.731 1.685
      vertex 66.393 45.731 2.603
    endloop
  endfacet
  facet normal 0 0 0
    outer loop
      vertex 47.867 55.061 0.5
      vertex 48.105 55.729 0
      vertex 48.417 55.085 0
    endloop
  endfacet
  facet normal 0 0 0
    outer loop
      vertex 48.583 53.912 1.048
      vertex 49.111 53.23 0.5
      vertex 48.918 53.55 1.344
    endloop
  endfacet
  facet normal 0 0 0
    outer loop
      vertex 66.399 45.731 1.685
      vertex 66.368 44.981 2.316
      vertex 66.393 45.731 2.603
    endloop
  endfacet
  facet normal 0 0 0
    outer loop
      vertex 48.583 53.912 1.048
      vertex 48.434 54.108 0.5
      vertex 49.111 53.23 0.5
    endloop
  endfacet
  facet normal 0 0 0
    outer loop
      vertex 67.297 44.981 4.3
      vertex 66.983 45.731 3.962
      vertex 66.787 44.981 3.678
    endloop
  endfacet
  facet normal 0 0 0
    outer loop
      vertex 67.297 44.981 4.3
      vertex 67.297 45.731 4.3
      vertex 66.983 45.731 3.962
    endloop
  endfacet
  facet normal 0 0 0
    outer loop
      vertex 57.089 51.644 2.895
      vertex 56.661 51.546 2.895
      vertex 56.255 51.273 2.676
    endloop
  endfacet
  facet normal 0 0 0
    outer loop
      vertex 55.806 51.226 2.676
      vertex 56.255 51.273 2.676
      vertex 55.349 51.579 3.04
    endloop
  endfacet
  facet normal 0 0 0
    outer loop
      vertex 67.591 41.481 3.856
      vertex 67.422 44.981 3.656
      vertex 67.193 44.981 3.291
    endloop
  endfacet
  facet normal 0 0 0
    outer loop
      vertex 67.591 41.481 3.856
      vertex 67.193 44.981 3.291
      vertex 67.113 41.481 3.119
    endloop
  endfacet
  facet normal 0 0 0
    outer loop
      vertex 56.255 51.273 2.676
      vertex 56.165 51.937 3.267
      vertex 55.349 51.579 3.04
    endloop
  endfacet
  facet normal 0 0 0
    outer loop
      vertex 56.255 51.273 2.676
      vertex 56.571 52.004 3.267
      vertex 56.165 51.937 3.267
    endloop
  endfacet
  facet normal 0 0 0
    outer loop
      vertex 56.661 51.546 2.895
      vertex 56.571 52.004 3.267
      vertex 56.255 51.273 2.676
    endloop
  endfacet
  facet normal 0 0 0
    outer loop
      vertex 68.665 46.231 0
      vertex 68.665 46.231 4.3
      vertex 68.665 39.231 4.3
    endloop
  endfacet
  facet normal 0 0 0
    outer loop
      vertex 68.139 44.981 4.3
      vertex 67.422 44.981 3.656
      vertex 67.591 41.481 3.856
    endloop
  endfacet
  facet normal 0 0 0
    outer loop
      vertex 67.422 44.981 3.656
      vertex 67.297 44.981 4.3
      vertex 66.787 44.981 3.678
    endloop
  endfacet
  facet normal 0 0 0
    outer loop
      vertex 67.297 44.981 4.3
      vertex 67.422 44.981 3.656
      vertex 68.139 44.981 4.3
    endloop
  endfacet
  facet normal 0 0 0
    outer loop
      vertex 67.193 44.981 3.291
      vertex 66.787 44.981 3.678
      vertex 66.508 44.981 3.048
    endloop
  endfacet
  facet normal 0 0 0
    outer loop
      vertex 66.787 44.981 3.678
      vertex 67.193 44.981 3.291
      vertex 67.422 44.981 3.656
    endloop
  endfacet
  facet normal 0 0 0
    outer loop
      vertex 66.508 44.981 3.048
      vertex 66.938 44.981 1.828
      vertex 67.193 44.981 3.291
    endloop
  endfacet
  facet normal 0 0 0
    outer loop
      vertex 66.938 44.981 1.828
      vertex 66.508 44.981 3.048
      vertex 66.368 44.981 2.316
    endloop
  endfacet
  facet normal 0 0 0
    outer loop
      vertex 55.36 50.869 2.183
      vertex 55.806 51.226 2.676
      vertex 55.349 51.579 3.04
    endloop
  endfacet
  facet normal 0 0 0
    outer loop
      vertex 55.831 50.891 2.183
      vertex 55.806 51.226 2.676
      vertex 55.36 50.869 2.183
    endloop
  endfacet
  facet normal 0 0 0
    outer loop
      vertex 55.36 50.869 2.183
      vertex 55.845 50.703 1.776
      vertex 55.831 50.891 2.183
    endloop
  endfacet
  facet normal 0 0 0
    outer loop
      vertex 66.393 45.731 2.603
      vertex 66.368 44.981 2.316
      vertex 66.508 44.981 3.048
    endloop
  endfacet
  facet normal 0 0 0
    outer loop
      vertex 66.508 44.981 3.048
      vertex 66.499 45.731 3.051
      vertex 66.393 45.731 2.603
    endloop
  endfacet
  facet normal 0 0 0
    outer loop
      vertex 66.787 44.981 3.678
      vertex 66.704 45.731 3.526
      vertex 66.508 44.981 3.048
    endloop
  endfacet
  facet normal 0 0 0
    outer loop
      vertex 55.806 51.226 2.676
      vertex 56.79 50.89 1.914
      vertex 56.255 51.273 2.676
    endloop
  endfacet
  facet normal 0 0 0
    outer loop
      vertex 56.79 50.89 1.914
      vertex 57.186 51.273 2.438
      vertex 56.255 51.273 2.676
    endloop
  endfacet
  facet normal 0 0 0
    outer loop
      vertex 66.746 44.981 0.713
      vertex 67.559 44.981 0.478
      vertex 67.3 44.981 0.822
    endloop
  endfacet
  facet normal 0 0 0
    outer loop
      vertex 66.746 44.981 0.713
      vertex 67.3 44.981 0.822
      vertex 67.103 44.981 1.205
    endloop
  endfacet
  facet normal 0 0 0
    outer loop
      vertex 66.534 44.981 1.185
      vertex 66.746 44.981 0.713
      vertex 67.103 44.981 1.205
    endloop
  endfacet
  facet normal 0 0 0
    outer loop
      vertex 66.938 44.981 1.828
      vertex 66.368 44.981 2.316
      vertex 66.399 44.981 1.685
    endloop
  endfacet
  facet normal 0 0 0
    outer loop
      vertex 66.534 44.981 1.185
      vertex 66.938 44.981 1.828
      vertex 66.399 44.981 1.685
    endloop
  endfacet
  facet normal 0 0 0
    outer loop
      vertex 67.559 44.981 0.478
      vertex 66.746 44.981 0.713
      vertex 67.326 44.981 0
    endloop
  endfacet
  facet normal 0 0 0
    outer loop
      vertex 66.534 44.981 1.185
      vertex 66.723 45.731 0.766
      vertex 66.746 44.981 0.713
    endloop
  endfacet
  facet normal 0 0 0
    outer loop
      vertex 67.326 45.731 0
      vertex 67.326 44.981 0
      vertex 67.084 45.731 0.247
    endloop
  endfacet
  facet normal 0 0 0
    outer loop
      vertex 67.084 45.731 0.247
      vertex 67.326 44.981 0
      vertex 66.746 44.981 0.713
    endloop
  endfacet
  facet normal 0 0 0
    outer loop
      vertex 66.511 45.731 1.238
      vertex 66.399 44.981 1.685
      vertex 66.399 45.731 1.685
    endloop
  endfacet
  facet normal 0 0 0
    outer loop
      vertex 66.511 45.731 1.238
      vertex 66.534 44.981 1.185
      vertex 66.399 44.981 1.685
    endloop
  endfacet
  facet normal 0 0 0
    outer loop
      vertex 66.399 44.981 1.685
      vertex 66.368 44.981 2.316
      vertex 66.399 45.731 1.685
    endloop
  endfacet
  facet normal 0 0 0
    outer loop
      vertex 55.806 51.226 2.676
      vertex 55.831 50.891 2.183
      vertex 56.79 50.89 1.914
    endloop
  endfacet
  facet normal 0 0 0
    outer loop
      vertex 66.938 44.981 1.828
      vertex 67.113 41.481 3.119
      vertex 67.193 44.981 3.291
    endloop
  endfacet
  facet normal 0 0 0
    outer loop
      vertex 56.79 50.89 1.914
      vertex 55.831 50.891 2.183
      vertex 55.845 50.703 1.776
    endloop
  endfacet
  facet normal 0 0 0
    outer loop
      vertex 55.854 50.586 1.344
      vertex 55.845 50.703 1.776
      vertex 55.36 50.869 2.183
    endloop
  endfacet
  facet normal 0 0 0
    outer loop
      vertex 56.583 50.677 1.344
      vertex 55.854 50.586 1.344
      vertex 56.715 50.633 0.5
    endloop
  endfacet
  facet normal 0 0 0
    outer loop
      vertex 10.311 41.501 3.3
      vertex 12.187 41.501 3.3
      vertex 10.746 44.098 3.3
    endloop
  endfacet
  facet normal 0 0 0
    outer loop
      vertex 11.752 44.098 3.3
      vertex 10.746 44.098 3.3
      vertex 12.187 41.501 3.3
    endloop
  endfacet
  facet normal 0 0 0
    outer loop
      vertex 55.845 50.703 1.776
      vertex 56.583 50.677 1.344
      vertex 56.79 50.89 1.914
    endloop
  endfacet
  facet normal 0 0 0
    outer loop
      vertex 12.187 41.501 3.3
      vertex 14 39 3.3
      vertex 14 41.501 3.3
    endloop
  endfacet
  facet normal 0 0 0
    outer loop
      vertex 55.845 50.703 1.776
      vertex 55.854 50.586 1.344
      vertex 56.583 50.677 1.344
    endloop
  endfacet
  facet normal 0 0 0
    outer loop
      vertex 8.498 39 3.3
      vertex 10.311 41.501 3.3
      vertex 8.498 41.501 3.3
    endloop
  endfacet
  facet normal 0 0 0
    outer loop
      vertex 8.498 39 3.3
      vertex 12.187 41.501 3.3
      vertex 10.311 41.501 3.3
    endloop
  endfacet
  facet normal 0 0 0
    outer loop
      vertex 55.36 50.869 2.183
      vertex 55.396 50.519 1.011
      vertex 55.854 50.586 1.344
    endloop
  endfacet
  facet normal 0 0 0
    outer loop
      vertex 56.311 51.084 0
      vertex 56.715 50.633 0.5
      vertex 55.003 51.007 0
    endloop
  endfacet
  facet normal 0 0 0
    outer loop
      vertex 56.79 50.89 1.914
      vertex 57.302 50.826 1.344
      vertex 57.272 50.94 1.776
    endloop
  endfacet
  facet normal 0 0 0
    outer loop
      vertex 56.583 50.677 1.344
      vertex 57.302 50.826 1.344
      vertex 56.79 50.89 1.914
    endloop
  endfacet
  facet normal 0 0 0
    outer loop
      vertex 56.583 50.677 1.344
      vertex 56.715 50.633 0.5
      vertex 57.436 50.801 0.5
    endloop
  endfacet
  facet normal 0 0 0
    outer loop
      vertex 56.715 50.633 0.5
      vertex 56.311 51.084 0
      vertex 57.436 50.801 0.5
    endloop
  endfacet
  facet normal 0 0 0
    outer loop
      vertex 55.854 50.586 1.344
      vertex 55.396 50.519 1.011
      vertex 56.715 50.633 0.5
    endloop
  endfacet
  facet normal 0 0 0
    outer loop
      vertex 57.91 57.002 0
      vertex 57.503 57.281 0.5
      vertex 57.759 57.784 0.5
    endloop
  endfacet
  facet normal 0 0 0
    outer loop
      vertex 57.503 57.281 0.5
      vertex 57.759 57.784 2
      vertex 57.759 57.784 0.5
    endloop
  endfacet
  facet normal 0 0 0
    outer loop
      vertex 11.752 44.098 3.3
      vertex 11.752 44.098 0
      vertex 10.746 44.098 0
    endloop
  endfacet
  facet normal 0 0 0
    outer loop
      vertex 10.746 44.098 3.3
      vertex 11.752 44.098 3.3
      vertex 10.746 44.098 0
    endloop
  endfacet
  facet normal 0 0 0
    outer loop
      vertex 11.752 44.098 3.3
      vertex 11.752 51.501 0
      vertex 11.752 44.098 0
    endloop
  endfacet
  facet normal 0 0 0
    outer loop
      vertex 58.724 55.598 3.75
      vertex 58.724 55.598 2
      vertex 58.181 55.087 3.75
    endloop
  endfacet
  facet normal 0 0 0
    outer loop
      vertex 58.724 55.598 2
      vertex 58.724 55.598 3.75
      vertex 59.179 56.19 3.75
    endloop
  endfacet
  facet normal 0 0 0
    outer loop
      vertex 59.179 56.19 2
      vertex 58.724 55.598 2
      vertex 59.179 56.19 3.75
    endloop
  endfacet
  facet normal 0 0 0
    outer loop
      vertex 59.179 56.19 2
      vertex 57.503 57.281 2
      vertex 58.724 55.598 2
    endloop
  endfacet
  facet normal 0 0 0
    outer loop
      vertex 41.451 55.954 3.4
      vertex 41.444 55.895 0
      vertex 41.466 56.513 0
    endloop
  endfacet
  facet normal 0 0 0
    outer loop
      vertex 54.71 32.655 3.093
      vertex 53.99 32.212 2.561
      vertex 54.903 32.212 2.676
    endloop
  endfacet
  facet normal 0 0 0
    outer loop
      vertex 41.451 55.954 3.4
      vertex 41.466 55.224 0.755
      vertex 41.463 55.349 0.533
    endloop
  endfacet
  facet normal 0 0 0
    outer loop
      vertex 53.951 31.975 2.183
      vertex 53.99 32.212 2.561
      vertex 53.563 32.394 2.676
    endloop
  endfacet
  facet normal 0 0 0
    outer loop
      vertex 41.342 54.904 2.615
      vertex 41.134 54.996 2.926
      vertex 41.185 54.749 2.453
    endloop
  endfacet
  facet normal 0 0 0
    outer loop
      vertex 41.342 54.904 2.615
      vertex 41.315 55.216 3.102
      vertex 41.134 54.996 2.926
    endloop
  endfacet
  facet normal 0 0 0
    outer loop
      vertex 53.99 32.212 2.561
      vertex 55.36 31.869 2.183
      vertex 54.903 32.212 2.676
    endloop
  endfacet
  facet normal 0 0 0
    outer loop
      vertex 41.462 55.178 2.647
      vertex 41.342 54.904 2.615
      vertex 41.447 54.96 2.323
    endloop
  endfacet
  facet normal 0 0 0
    outer loop
      vertex 41.342 54.904 2.615
      vertex 41.462 55.178 2.647
      vertex 41.315 55.216 3.102
    endloop
  endfacet
  facet normal 0 0 0
    outer loop
      vertex 41.315 55.216 3.102
      vertex 41.462 55.178 2.647
      vertex 41.451 55.954 3.4
    endloop
  endfacet
  facet normal 0 0 0
    outer loop
      vertex 41.451 55.954 3.4
      vertex 41.462 55.178 2.647
      vertex 41.447 54.96 2.323
    endloop
  endfacet
  facet normal 0 0 0
    outer loop
      vertex 53.99 32.212 2.561
      vertex 53.658 32.81 3.093
      vertex 53.563 32.394 2.676
    endloop
  endfacet
  facet normal 0 0 0
    outer loop
      vertex 41.365 55.643 3.4
      vertex 41.315 55.216 3.102
      vertex 41.451 55.954 3.4
    endloop
  endfacet
  facet normal 0 0 0
    outer loop
      vertex 41.315 55.216 3.102
      vertex 41.125 55.284 3.256
      vertex 41.134 54.996 2.926
    endloop
  endfacet
  facet normal 0 0 0
    outer loop
      vertex 41.315 55.216 3.102
      vertex 41.16 55.464 3.4
      vertex 41.125 55.284 3.256
    endloop
  endfacet
  facet normal 0 0 0
    outer loop
      vertex 41.315 55.216 3.102
      vertex 41.365 55.643 3.4
      vertex 41.16 55.464 3.4
    endloop
  endfacet
  facet normal 0 0 0
    outer loop
      vertex 53.951 31.975 2.183
      vertex 54.405 31.783 1.914
      vertex 53.99 32.212 2.561
    endloop
  endfacet
  facet normal 0 0 0
    outer loop
      vertex 54.386 31.608 1.344
      vertex 54.875 31.571 1.344
      vertex 54.405 31.783 1.914
    endloop
  endfacet
  facet normal 0 0 0
    outer loop
      vertex 55.242 31.5 0.5
      vertex 54.875 31.571 1.344
      vertex 53.769 31.633 0.5
    endloop
  endfacet
  facet normal 0 0 0
    outer loop
      vertex 41.447 54.96 2.323
      vertex 41.342 54.904 2.615
      vertex 41.253 54.637 1.912
    endloop
  endfacet
  facet normal 0 0 0
    outer loop
      vertex 54.386 31.608 1.344
      vertex 53.894 31.63 1.048
      vertex 53.769 31.633 0.5
    endloop
  endfacet
  facet normal 0 0 0
    outer loop
      vertex 53.769 31.633 0.5
      vertex 54.875 31.571 1.344
      vertex 54.386 31.608 1.344
    endloop
  endfacet
  facet normal 0 0 0
    outer loop
      vertex 41.134 54.996 2.926
      vertex 40.277 54.862 2.712
      vertex 41.185 54.749 2.453
    endloop
  endfacet
  facet normal 0 0 0
    outer loop
      vertex 53.048 31.801 0.5
      vertex 53.769 31.633 0.5
      vertex 53.42 31.768 1.344
    endloop
  endfacet
  facet normal 0 0 0
    outer loop
      vertex 53.769 31.633 0.5
      vertex 53.894 31.63 1.048
      vertex 53.42 31.768 1.344
    endloop
  endfacet
  facet normal 0 0 0
    outer loop
      vertex 55.003 32.007 0
      vertex 53.769 31.633 0.5
      vertex 53.048 31.801 0.5
    endloop
  endfacet
  facet normal 0 0 0
    outer loop
      vertex 55.003 32.007 0
      vertex 55.242 31.5 0.5
      vertex 53.769 31.633 0.5
    endloop
  endfacet
  facet normal 0 0 0
    outer loop
      vertex 41.341 55.607 0
      vertex 41.444 55.895 0
      vertex 41.463 55.349 0.533
    endloop
  endfacet
  facet normal 0 0 0
    outer loop
      vertex 55.003 32.007 0
      vertex 56.715 31.633 0.5
      vertex 55.242 31.5 0.5
    endloop
  endfacet
  facet normal 0 0 0
    outer loop
      vertex 54.405 31.783 1.914
      vertex 53.951 31.975 2.183
      vertex 54.386 31.608 1.344
    endloop
  endfacet
  facet normal 0 0 0
    outer loop
      vertex 54.875 31.571 1.344
      vertex 55.36 31.869 2.183
      vertex 54.405 31.783 1.914
    endloop
  endfacet
  facet normal 0 0 0
    outer loop
      vertex 41.451 55.954 3.4
      vertex 41.463 55.349 0.533
      vertex 41.444 55.895 0
    endloop
  endfacet
  facet normal 0 0 0
    outer loop
      vertex 53.42 31.768 1.344
      vertex 53.894 31.63 1.048
      vertex 53.951 31.975 2.183
    endloop
  endfacet
  facet normal 0 0 0
    outer loop
      vertex 60.482 46.122 0.5
      vertex 60.091 46.424 0.5
      vertex 59.954 46.445 1.344
    endloop
  endfacet
  facet normal 0 0 0
    outer loop
      vertex 60.482 46.122 0.5
      vertex 60.806 45.145 0
      vertex 60.091 46.424 0.5
    endloop
  endfacet
  facet normal 0 0 0
    outer loop
      vertex 60.045 46.157 1.914
      vertex 59.689 46.067 2.438
      vertex 59.946 45.649 2.676
    endloop
  endfacet
  facet normal 0 0 0
    outer loop
      vertex 60.045 46.157 1.914
      vertex 59.246 46.685 1.914
      vertex 59.689 46.067 2.438
    endloop
  endfacet
  facet normal 0 0 0
    outer loop
      vertex 60.411 45.491 2.438
      vertex 60.045 46.157 1.914
      vertex 59.946 45.649 2.676
    endloop
  endfacet
  facet normal 0 0 0
    outer loop
      vertex 41.43 54.818 1.468
      vertex 41.446 54.841 1.853
      vertex 41.253 54.637 1.912
    endloop
  endfacet
  facet normal 0 0 0
    outer loop
      vertex 60.045 46.157 1.914
      vertex 60.411 45.491 2.438
      vertex 60.602 45.703 1.914
    endloop
  endfacet
  facet normal 0 0 0
    outer loop
      vertex 41.43 54.818 1.468
      vertex 41.253 54.637 1.912
      vertex 41.253 54.627 1.743
    endloop
  endfacet
  facet normal 0 0 0
    outer loop
      vertex 60.602 45.703 1.914
      vertex 60.72 45.834 1.344
      vertex 60.045 46.157 1.914
    endloop
  endfacet
  facet normal 0 0 0
    outer loop
      vertex 60.482 46.122 0.5
      vertex 61.205 45.451 0.5
      vertex 60.806 45.145 0
    endloop
  endfacet
  facet normal 0 0 0
    outer loop
      vertex 41.446 54.841 1.853
      vertex 41.447 54.96 2.323
      vertex 41.253 54.637 1.912
    endloop
  endfacet
  facet normal 0 0 0
    outer loop
      vertex 61.205 45.451 0.5
      vertex 60.72 45.834 1.344
      vertex 61.407 45.136 1.344
    endloop
  endfacet
  facet normal 0 0 0
    outer loop
      vertex 41.185 54.749 2.453
      vertex 41.134 54.611 1.936
      vertex 41.253 54.637 1.912
    endloop
  endfacet
  facet normal 0 0 0
    outer loop
      vertex 41.253 54.637 1.912
      vertex 41.342 54.904 2.615
      vertex 41.185 54.749 2.453
    endloop
  endfacet
  facet normal 0 0 0
    outer loop
      vertex 59.954 46.445 1.344
      vertex 59.143 46.999 1.048
      vertex 59.246 46.685 1.914
    endloop
  endfacet
  facet normal 0 0 0
    outer loop
      vertex 59.954 46.445 1.344
      vertex 59.26 46.956 0.5
      vertex 59.143 46.999 1.048
    endloop
  endfacet
  facet normal 0 0 0
    outer loop
      vertex 60.091 46.424 0.5
      vertex 59.26 46.956 0.5
      vertex 59.954 46.445 1.344
    endloop
  endfacet
  facet normal 0 0 0
    outer loop
      vertex 59.26 46.956 0.5
      vertex 60.091 46.424 0.5
      vertex 60.806 45.145 0
    endloop
  endfacet
  facet normal 0 0 0
    outer loop
      vertex 61.205 45.451 0.5
      vertex 60.482 46.122 0.5
      vertex 60.72 45.834 1.344
    endloop
  endfacet
  facet normal 0 0 0
    outer loop
      vertex 41.131 55.459 0
      vertex 41.268 55.142 0.345
      vertex 41.134 55.098 0.336
    endloop
  endfacet
  facet normal 0 0 0
    outer loop
      vertex 41.134 55.098 0.336
      vertex 41.268 55.142 0.345
      vertex 41.177 54.91 0.61
    endloop
  endfacet
  facet normal 0 0 0
    outer loop
      vertex 61.407 45.136 1.344
      vertex 62.006 44.362 1.344
      vertex 61.205 45.451 0.5
    endloop
  endfacet
  facet normal 0 0 0
    outer loop
      vertex 41.177 54.91 0.61
      vertex 41.33 54.931 0.707
      vertex 41.368 54.855 0.945
    endloop
  endfacet
  facet normal 0 0 0
    outer loop
      vertex 41.33 54.931 0.707
      vertex 41.177 54.91 0.61
      vertex 41.422 55.115 0.63
    endloop
  endfacet
  facet normal 0 0 0
    outer loop
      vertex 41.268 55.142 0.345
      vertex 41.412 55.237 0.428
      vertex 41.177 54.91 0.61
    endloop
  endfacet
  facet normal 0 0 0
    outer loop
      vertex 41.412 55.237 0.428
      vertex 41.422 55.115 0.63
      vertex 41.177 54.91 0.61
    endloop
  endfacet
  facet normal 0 0 0
    outer loop
      vertex 41.412 55.237 0.428
      vertex 41.463 55.349 0.533
      vertex 41.422 55.115 0.63
    endloop
  endfacet
  facet normal 0 0 0
    outer loop
      vertex 41.466 55.224 0.755
      vertex 41.463 55.097 0.913
      vertex 41.422 55.115 0.63
    endloop
  endfacet
  facet normal 0 0 0
    outer loop
      vertex 41.463 55.097 0.913
      vertex 41.368 54.855 0.945
      vertex 41.33 54.931 0.707
    endloop
  endfacet
  facet normal 0 0 0
    outer loop
      vertex 41.463 55.097 0.913
      vertex 41.33 54.931 0.707
      vertex 41.422 55.115 0.63
    endloop
  endfacet
  facet normal 0 0 0
    outer loop
      vertex 41.463 55.349 0.533
      vertex 41.466 55.224 0.755
      vertex 41.422 55.115 0.63
    endloop
  endfacet
  facet normal 0 0 0
    outer loop
      vertex 41.268 55.142 0.345
      vertex 41.341 55.607 0
      vertex 41.412 55.237 0.428
    endloop
  endfacet
  facet normal 0 0 0
    outer loop
      vertex 41.268 55.142 0.345
      vertex 41.131 55.459 0
      vertex 41.341 55.607 0
    endloop
  endfacet
  facet normal 0 0 0
    outer loop
      vertex 41.412 55.237 0.428
      vertex 41.341 55.607 0
      vertex 41.463 55.349 0.533
    endloop
  endfacet
  facet normal 0 0 0
    outer loop
      vertex 40.298 54.968 0.507
      vertex 41.177 54.91 0.61
      vertex 41.134 54.746 0.924
    endloop
  endfacet
  facet normal 0 0 0
    outer loop
      vertex 41.131 55.459 0
      vertex 41.134 55.098 0.336
      vertex 40.316 55.323 0.107
    endloop
  endfacet
  facet normal 0 0 0
    outer loop
      vertex 41.451 55.954 3.4
      vertex 41.463 55.097 0.913
      vertex 41.466 55.224 0.755
    endloop
  endfacet
  facet normal 0 0 0
    outer loop
      vertex 41.451 55.954 3.4
      vertex 41.447 54.96 2.323
      vertex 41.463 55.097 0.913
    endloop
  endfacet
  facet normal 0 0 0
    outer loop
      vertex 41.447 54.96 2.323
      vertex 41.446 54.841 1.853
      vertex 41.463 55.097 0.913
    endloop
  endfacet
  facet normal 0 0 0
    outer loop
      vertex 58.851 43.863 3.737
      vertex 59.298 44.255 3.634
      vertex 58.563 44.468 3.701
    endloop
  endfacet
  facet normal 0 0 0
    outer loop
      vertex 41.134 54.746 0.924
      vertex 41.177 54.91 0.61
      vertex 41.368 54.855 0.945
    endloop
  endfacet
  facet normal 0 0 0
    outer loop
      vertex 41.368 54.855 0.945
      vertex 41.43 54.818 1.468
      vertex 41.134 54.746 0.924
    endloop
  endfacet
  facet normal 0 0 0
    outer loop
      vertex 41.43 54.818 1.468
      vertex 41.253 54.627 1.743
      vertex 41.134 54.746 0.924
    endloop
  endfacet
  facet normal 0 0 0
    outer loop
      vertex 58.563 44.468 3.701
      vertex 59.298 44.255 3.634
      vertex 59.111 44.602 3.594
    endloop
  endfacet
  facet normal 0 0 0
    outer loop
      vertex 41.463 55.097 0.913
      vertex 41.446 54.841 1.853
      vertex 41.43 54.818 1.468
    endloop
  endfacet
  facet normal 0 0 0
    outer loop
      vertex 41.368 54.855 0.945
      vertex 41.463 55.097 0.913
      vertex 41.43 54.818 1.468
    endloop
  endfacet
  facet normal 0 0 0
    outer loop
      vertex 41.253 54.627 1.743
      vertex 41.134 54.6 1.593
      vertex 41.134 54.746 0.924
    endloop
  endfacet
  facet normal 0 0 0
    outer loop
      vertex 57.822 44.909 3.701
      vertex 58.183 45.215 3.594
      vertex 57.709 45.517 3.566
    endloop
  endfacet
  facet normal 0 0 0
    outer loop
      vertex 58.563 44.468 3.701
      vertex 57.822 44.909 3.701
      vertex 58.851 43.863 3.737
    endloop
  endfacet
  facet normal 0 0 0
    outer loop
      vertex 58.183 45.215 3.594
      vertex 57.822 44.909 3.701
      vertex 58.563 44.468 3.701
    endloop
  endfacet
  facet normal 0 0 0
    outer loop
      vertex 31 62.006 0.944
      vertex 31.966 62.006 0.944
      vertex 31 62.006 2.456
    endloop
  endfacet
  facet normal 0 0 0
    outer loop
      vertex 9.509 67.501 0
      vertex 10.311 66.801 0
      vertex 9.509 66.801 0
    endloop
  endfacet
  facet normal 0 0 0
    outer loop
      vertex 10.311 66.801 0
      vertex 10.746 60.098 0
      vertex 10.311 57.501 0
    endloop
  endfacet
  facet normal 0 0 0
    outer loop
      vertex 58.851 43.863 3.737
      vertex 58.183 43.416 3.75
      vertex 58.656 42.966 3.75
    endloop
  endfacet
  facet normal 0 0 0
    outer loop
      vertex 12.187 66.801 0
      vertex 12.989 67.501 0
      vertex 12.989 66.801 0
    endloop
  endfacet
  facet normal 0 0 0
    outer loop
      vertex 57.822 44.909 3.701
      vertex 57.399 43.922 3.75
      vertex 58.183 43.416 3.75
    endloop
  endfacet
  facet normal 0 0 0
    outer loop
      vertex 10.311 66.801 0
      vertex 9.509 67.501 0
      vertex 10.746 67.501 0
    endloop
  endfacet
  facet normal 0 0 0
    outer loop
      vertex 58.851 43.863 3.737
      vertex 57.822 44.909 3.701
      vertex 58.183 43.416 3.75
    endloop
  endfacet
  facet normal 0 0 0
    outer loop
      vertex 12.989 67.501 0
      vertex 12.187 66.801 0
      vertex 11.752 67.501 0
    endloop
  endfacet
  facet normal 0 0 0
    outer loop
      vertex 18.511 66.514 0
      vertex 19.313 65.814 0
      vertex 18.511 65.814 0
    endloop
  endfacet
  facet normal 0 0 0
    outer loop
      vertex 19.313 65.814 0
      vertex 18.511 66.514 0
      vertex 19.648 66.514 0
    endloop
  endfacet
  facet normal 0 0 0
    outer loop
      vertex 59.59 44.727 3.416
      vertex 58.183 45.215 3.594
      vertex 58.563 44.468 3.701
    endloop
  endfacet
  facet normal 0 0 0
    outer loop
      vertex 59.111 44.602 3.594
      vertex 59.59 44.727 3.416
      vertex 58.563 44.468 3.701
    endloop
  endfacet
  facet normal 0 0 0
    outer loop
      vertex 21.189 65.814 0
      vertex 21.991 66.514 0
      vertex 21.991 65.814 0
    endloop
  endfacet
  facet normal 0 0 0
    outer loop
      vertex 21.991 66.514 0
      vertex 21.189 65.814 0
      vertex 20.754 66.514 0
    endloop
  endfacet
  facet normal 0 0 0
    outer loop
      vertex 57.399 43.922 2
      vertex 58.249 43.349 2
      vertex 57.399 43.922 3.75
    endloop
  endfacet
  facet normal 0 0 0
    outer loop
      vertex 58.249 43.349 2
      vertex 58.183 43.416 3.75
      vertex 57.399 43.922 3.75
    endloop
  endfacet
  facet normal 0 0 0
    outer loop
      vertex 39.981 63.45 0
      vertex 35.966 64.01 0
      vertex 41.466 64.01 0
    endloop
  endfacet
  facet normal 0 0 0
    outer loop
      vertex 35.966 64.01 0
      vertex 39.981 63.45 0
      vertex 31.966 63.45 0
    endloop
  endfacet
  facet normal 0 0 0
    outer loop
      vertex 39.981 63.45 0
      vertex 41.466 64.01 0
      vertex 40.101 63.088 0
    endloop
  endfacet
  facet normal 0 0 0
    outer loop
      vertex 39.99 51.486 2.551
      vertex 39.966 51.451 2.172
      vertex 39.966 51.352 2.473
    endloop
  endfacet
  facet normal 0 0 0
    outer loop
      vertex 40.245 62.976 0
      vertex 41.444 63.392 0
      vertex 41.341 63.104 0
    endloop
  endfacet
  facet normal 0 0 0
    outer loop
      vertex 41.466 64.01 0
      vertex 40.245 62.976 0
      vertex 40.101 63.088 0
    endloop
  endfacet
  facet normal 0 0 0
    outer loop
      vertex 39.966 51.451 2.172
      vertex 39.99 51.486 2.551
      vertex 40.01 51.725 1.583
    endloop
  endfacet
  facet normal 0 0 0
    outer loop
      vertex 41.444 63.392 0
      vertex 40.245 62.976 0
      vertex 41.466 64.01 0
    endloop
  endfacet
  facet normal 0 0 0
    outer loop
      vertex 41.341 63.104 0
      vertex 41.131 62.956 0
      vertex 40.245 62.976 0
    endloop
  endfacet
  facet normal 0 0 0
    outer loop
      vertex 40.296 51.055 3.401
      vertex 40.307 51.246 3.243
      vertex 40.118 50.943 3.401
    endloop
  endfacet
  facet normal 0 0 0
    outer loop
      vertex 10.746 68.002 0.5
      vertex 9.574 68.002 2.545
      vertex 10.746 68.002 2.8
    endloop
  endfacet
  facet normal 0 0 0
    outer loop
      vertex 9.372 68.002 1.928
      vertex 10.746 68.002 0.5
      vertex 9.37 68.002 1.418
    endloop
  endfacet
  facet normal 0 0 0
    outer loop
      vertex 9.574 68.002 2.545
      vertex 10.746 68.002 0.5
      vertex 9.372 68.002 1.928
    endloop
  endfacet
  facet normal 0 0 0
    outer loop
      vertex 11.752 68.002 2.8
      vertex 13.135 68.002 1.743
      vertex 13.089 68.002 1.189
    endloop
  endfacet
  facet normal 0 0 0
    outer loop
      vertex 13.135 68.002 1.743
      vertex 11.752 68.002 2.8
      vertex 12.758 68.002 2.8
    endloop
  endfacet
  facet normal 0 0 0
    outer loop
      vertex 12.187 66.801 3.3
      vertex 11.752 60.098 3.3
      vertex 12.187 57.501 3.3
    endloop
  endfacet
  facet normal 0 0 0
    outer loop
      vertex 10.311 66.801 3.3
      vertex 10.746 67.501 3.3
      vertex 9.509 67.501 3.3
    endloop
  endfacet
  facet normal 0 0 0
    outer loop
      vertex 9.509 66.801 3.3
      vertex 10.311 66.801 3.3
      vertex 9.509 67.501 3.3
    endloop
  endfacet
  facet normal 0 0 0
    outer loop
      vertex 12.187 66.801 3.3
      vertex 12.989 67.501 3.3
      vertex 11.752 67.501 3.3
    endloop
  endfacet
  facet normal 0 0 0
    outer loop
      vertex 12.989 67.501 3.3
      vertex 12.187 66.801 3.3
      vertex 12.989 66.801 3.3
    endloop
  endfacet
  facet normal 0 0 0
    outer loop
      vertex 10.311 66.801 3.3
      vertex 10.746 60.098 3.3
      vertex 10.746 67.501 3.3
    endloop
  endfacet
  facet normal 0 0 0
    outer loop
      vertex 9.082 67.501 2.675
      vertex 8.992 66.801 2.458
      vertex 9.193 66.801 2.882
    endloop
  endfacet
  facet normal 0 0 0
    outer loop
      vertex 9.193 66.801 2.882
      vertex 9.509 67.501 3.3
      vertex 9.082 67.501 2.675
    endloop
  endfacet
  facet normal 0 0 0
    outer loop
      vertex 9.193 66.801 2.882
      vertex 9.509 66.801 3.3
      vertex 9.509 67.501 3.3
    endloop
  endfacet
  facet normal 0 0 0
    outer loop
      vertex 9.193 66.801 2.882
      vertex 9.905 66.801 2.994
      vertex 9.509 66.801 3.3
    endloop
  endfacet
  facet normal 0 0 0
    outer loop
      vertex 40.118 50.943 3.401
      vertex 39.97 50.888 3.137
      vertex 39.981 50.562 3.401
    endloop
  endfacet
  facet normal 0 0 0
    outer loop
      vertex 39.97 50.888 3.137
      vertex 40.054 51.41 2.874
      vertex 39.966 51.192 2.776
    endloop
  endfacet
  facet normal 0 0 0
    outer loop
      vertex 39.97 50.888 3.137
      vertex 40.118 50.943 3.401
      vertex 40.054 51.41 2.874
    endloop
  endfacet
  facet normal 0 0 0
    outer loop
      vertex 39.97 50.888 3.137
      vertex 39.966 51.192 2.776
      vertex 38.133 51.017 3.001
    endloop
  endfacet
  facet normal 0 0 0
    outer loop
      vertex 9.74 68 2.801
      vertex 10.746 68.002 2.8
      vertex 9.574 68.002 2.545
    endloop
  endfacet
  facet normal 0 0 0
    outer loop
      vertex 9.082 67.501 2.675
      vertex 9.509 67.501 3.3
      vertex 9.74 68 2.801
    endloop
  endfacet
  facet normal 0 0 0
    outer loop
      vertex 40.298 51.884 2.064
      vertex 41.125 51.917 1.691
      vertex 40.307 51.891 1.37
    endloop
  endfacet
  facet normal 0 0 0
    outer loop
      vertex 40.298 51.884 2.064
      vertex 41.134 51.891 2.022
      vertex 41.125 51.917 1.691
    endloop
  endfacet
  facet normal 0 0 0
    outer loop
      vertex 9.408 66.801 2.111
      vertex 9.193 66.801 2.882
      vertex 8.992 66.801 2.458
    endloop
  endfacet
  facet normal 0 0 0
    outer loop
      vertex 39.966 51.451 2.172
      vertex 40.01 51.725 1.583
      vertex 39.966 51.451 1.23
    endloop
  endfacet
  facet normal 0 0 0
    outer loop
      vertex 40.01 51.725 1.583
      vertex 39.99 51.486 2.551
      vertex 40.179 51.763 2.407
    endloop
  endfacet
  facet normal 0 0 0
    outer loop
      vertex 40.179 51.763 2.407
      vertex 40.106 51.816 1.99
      vertex 40.01 51.725 1.583
    endloop
  endfacet
  facet normal 0 0 0
    outer loop
      vertex 40.106 51.816 1.99
      vertex 40.117 51.832 1.41
      vertex 40.01 51.725 1.583
    endloop
  endfacet
  facet normal 0 0 0
    outer loop
      vertex 9.74 68 2.801
      vertex 9.574 68.002 2.545
      vertex 9.082 67.501 2.675
    endloop
  endfacet
  facet normal 0 0 0
    outer loop
      vertex 9.193 66.801 2.882
      vertex 9.408 66.801 2.111
      vertex 9.905 66.801 2.994
    endloop
  endfacet
  facet normal 0 0 0
    outer loop
      vertex 40.117 51.832 1.41
      vertex 40.125 51.717 0.987
      vertex 40.01 51.725 1.583
    endloop
  endfacet
  facet normal 0 0 0
    outer loop
      vertex 40.179 51.763 2.407
      vertex 40.298 51.884 2.064
      vertex 40.106 51.816 1.99
    endloop
  endfacet
  facet normal 0 0 0
    outer loop
      vertex 40.106 51.816 1.99
      vertex 40.298 51.884 2.064
      vertex 40.117 51.832 1.41
    endloop
  endfacet
  facet normal 0 0 0
    outer loop
      vertex 40.298 51.884 2.064
      vertex 40.307 51.891 1.37
      vertex 40.117 51.832 1.41
    endloop
  endfacet
  facet normal 0 0 0
    outer loop
      vertex 40.021 51.592 0.929
      vertex 39.966 51.353 0.93
      vertex 39.966 51.451 1.23
    endloop
  endfacet
  facet normal 0 0 0
    outer loop
      vertex 9.37 68.002 1.418
      vertex 9.74 68 0.499
      vertex 9.168 67.501 0.471
    endloop
  endfacet
  facet normal 0 0 0
    outer loop
      vertex 8.924 67.501 1.068
      vertex 9.37 68.002 1.418
      vertex 9.168 67.501 0.471
    endloop
  endfacet
  facet normal 0 0 0
    outer loop
      vertex 8.924 67.501 1.068
      vertex 8.891 67.501 1.971
      vertex 9.37 68.002 1.418
    endloop
  endfacet
  facet normal 0 0 0
    outer loop
      vertex 8.891 67.501 1.971
      vertex 9.372 68.002 1.928
      vertex 9.37 68.002 1.418
    endloop
  endfacet
  facet normal 0 0 0
    outer loop
      vertex 67.559 44.981 0.478
      vertex 68.139 44.981 0
      vertex 67.832 41.481 0.215
    endloop
  endfacet
  facet normal 0 0 0
    outer loop
      vertex 66.938 44.981 1.828
      vertex 67.03 34.481 2.893
      vertex 67.113 41.481 3.119
    endloop
  endfacet
  facet normal 0 0 0
    outer loop
      vertex 40.021 51.592 0.929
      vertex 39.966 51.451 1.23
      vertex 40.01 51.725 1.583
    endloop
  endfacet
  facet normal 0 0 0
    outer loop
      vertex 40.021 51.592 0.929
      vertex 40.01 51.725 1.583
      vertex 40.125 51.717 0.987
    endloop
  endfacet
  facet normal 0 0 0
    outer loop
      vertex 66.938 44.981 1.828
      vertex 66.534 44.981 1.185
      vertex 67.103 44.981 1.205
    endloop
  endfacet
  facet normal 0 0 0
    outer loop
      vertex 67.326 44.981 0
      vertex 68.139 44.981 0
      vertex 67.559 44.981 0.478
    endloop
  endfacet
  facet normal 0 0 0
    outer loop
      vertex 67.103 44.981 1.205
      vertex 67.3 44.981 0.822
      vertex 67.024 41.481 1.443
    endloop
  endfacet
  facet normal 0 0 0
    outer loop
      vertex 40.125 51.717 0.987
      vertex 40.298 51.445 0.37
      vertex 40.021 51.592 0.929
    endloop
  endfacet
  facet normal 0 0 0
    outer loop
      vertex 40.117 51.832 1.41
      vertex 40.307 51.891 1.37
      vertex 40.125 51.717 0.987
    endloop
  endfacet
  facet normal 0 0 0
    outer loop
      vertex 40.307 51.891 1.37
      vertex 40.307 51.675 0.72
      vertex 40.125 51.717 0.987
    endloop
  endfacet
  facet normal 0 0 0
    outer loop
      vertex 53.563 32.394 2.676
      vertex 53.227 32 1.914
      vertex 53.951 31.975 2.183
    endloop
  endfacet
  facet normal 0 0 0
    outer loop
      vertex 53.42 31.768 1.344
      vertex 53.951 31.975 2.183
      vertex 53.227 32 1.914
    endloop
  endfacet
  facet normal 0 0 0
    outer loop
      vertex 67.024 41.481 1.443
      vertex 66.938 44.981 1.828
      vertex 67.103 44.981 1.205
    endloop
  endfacet
  facet normal 0 0 0
    outer loop
      vertex 56.255 32.273 2.676
      vertex 57.186 32.273 2.438
      vertex 57.089 32.644 2.895
    endloop
  endfacet
  facet normal 0 0 0
    outer loop
      vertex 55.349 32.579 3.04
      vertex 55.36 31.869 2.183
      vertex 55.806 32.226 2.676
    endloop
  endfacet
  facet normal 0 0 0
    outer loop
      vertex 55.36 31.869 2.183
      vertex 55.831 31.891 2.183
      vertex 55.806 32.226 2.676
    endloop
  endfacet
  facet normal 0 0 0
    outer loop
      vertex 57.089 32.644 2.895
      vertex 56.661 32.546 2.895
      vertex 56.255 32.273 2.676
    endloop
  endfacet
  facet normal 0 0 0
    outer loop
      vertex 72.005 45.731 3.726
      vertex 71.535 46.231 3.511
      vertex 71.527 45.731 4.3
    endloop
  endfacet
  facet normal 0 0 0
    outer loop
      vertex 55.806 32.226 2.676
      vertex 56.255 32.273 2.676
      vertex 55.349 32.579 3.04
    endloop
  endfacet
  facet normal 0 0 0
    outer loop
      vertex 72.005 45.731 3.726
      vertex 72.249 45.731 3.27
      vertex 71.535 46.231 3.511
    endloop
  endfacet
  facet normal 0 0 0
    outer loop
      vertex 72.249 45.731 3.27
      vertex 71.899 46.231 2.721
      vertex 71.535 46.231 3.511
    endloop
  endfacet
  facet normal 0 0 0
    outer loop
      vertex 72.249 45.731 3.27
      vertex 72.422 45.731 2.662
      vertex 71.899 46.231 2.721
    endloop
  endfacet
  facet normal 0 0 0
    outer loop
      vertex 55.36 31.869 2.183
      vertex 55.845 31.703 1.776
      vertex 55.831 31.891 2.183
    endloop
  endfacet
  facet normal 0 0 0
    outer loop
      vertex 71.535 46.231 3.511
      vertex 71.098 46.231 4.008
      vertex 71.527 45.731 4.3
    endloop
  endfacet
  facet normal 0 0 0
    outer loop
      vertex 71.527 45.731 4.3
      vertex 71.098 46.231 4.008
      vertex 70.654 46.231 4.3
    endloop
  endfacet
  facet normal 0 0 0
    outer loop
      vertex 55.806 32.226 2.676
      vertex 56.79 31.89 1.914
      vertex 56.255 32.273 2.676
    endloop
  endfacet
  facet normal 0 0 0
    outer loop
      vertex 40.298 51.445 0.37
      vertex 40.125 51.717 0.987
      vertex 40.307 51.675 0.72
    endloop
  endfacet
  facet normal 0 0 0
    outer loop
      vertex 40.734 51.239 0.152
      vertex 40.276 51.054 0.001
      vertex 40.29 51.276 0.189
    endloop
  endfacet
  facet normal 0 0 0
    outer loop
      vertex 39.966 51.353 0.93
      vertex 40.021 51.592 0.929
      vertex 40.021 51.329 0.489
    endloop
  endfacet
  facet normal 0 0 0
    outer loop
      vertex 40.021 51.329 0.489
      vertex 40.021 51.592 0.929
      vertex 40.298 51.445 0.37
    endloop
  endfacet
  facet normal 0 0 0
    outer loop
      vertex 40.021 51.329 0.489
      vertex 40.298 51.445 0.37
      vertex 40.117 51.299 0.299
    endloop
  endfacet
  facet normal 0 0 0
    outer loop
      vertex 9.725 41.501 2.78
      vertex 9.408 41.501 2.111
      vertex 8.498 41.501 3.3
    endloop
  endfacet
  facet normal 0 0 0
    outer loop
      vertex 10.311 41.501 3.3
      vertex 9.905 41.501 2.994
      vertex 8.498 41.501 3.3
    endloop
  endfacet
  facet normal 0 0 0
    outer loop
      vertex 40.298 51.445 0.37
      vertex 40.29 51.276 0.189
      vertex 40.117 51.299 0.299
    endloop
  endfacet
  facet normal 0 0 0
    outer loop
      vertex 40.084 50.901 0.001
      vertex 41.131 51.058 0.001
      vertex 39.981 50.563 0.001
    endloop
  endfacet
  facet normal 0 0 0
    outer loop
      vertex 9.725 41.501 0.52
      vertex 10.311 41.501 0
      vertex 8.498 41.501 0
    endloop
  endfacet
  facet normal 0 0 0
    outer loop
      vertex 9.408 41.501 1.189
      vertex 9.725 41.501 0.52
      vertex 8.498 41.501 0
    endloop
  endfacet
  facet normal 0 0 0
    outer loop
      vertex 9.356 41.501 1.603
      vertex 8.498 41.501 3.3
      vertex 9.408 41.501 2.111
    endloop
  endfacet
  facet normal 0 0 0
    outer loop
      vertex 8.498 41.501 0
      vertex 9.356 41.501 1.603
      vertex 9.408 41.501 1.189
    endloop
  endfacet
  facet normal 0 0 0
    outer loop
      vertex 9.356 41.501 1.603
      vertex 8.498 41.501 0
      vertex 8.498 41.501 3.3
    endloop
  endfacet
  facet normal 0 0 0
    outer loop
      vertex 9.725 41.501 2.78
      vertex 8.498 41.501 3.3
      vertex 9.905 41.501 2.994
    endloop
  endfacet
  facet normal 0 0 0
    outer loop
      vertex 14 41.501 3.3
      vertex 12.523 41.501 3.056
      vertex 12.187 41.501 3.3
    endloop
  endfacet
  facet normal 0 0 0
    outer loop
      vertex 41.253 51.138 0.102
      vertex 41.152 51.156 0.08
      vertex 40.734 51.239 0.152
    endloop
  endfacet
  facet normal 0 0 0
    outer loop
      vertex 14 41.501 3.3
      vertex 13.126 41.501 1.372
      vertex 13.09 41.501 2.111
    endloop
  endfacet
  facet normal 0 0 0
    outer loop
      vertex 14 41.501 3.3
      vertex 12.965 41.501 2.461
      vertex 12.523 41.501 3.056
    endloop
  endfacet
  facet normal 0 0 0
    outer loop
      vertex 13.126 41.501 1.372
      vertex 14 41.501 3.3
      vertex 14 41.501 0
    endloop
  endfacet
  facet normal 0 0 0
    outer loop
      vertex 12.965 41.501 2.461
      vertex 14 41.501 3.3
      vertex 13.09 41.501 2.111
    endloop
  endfacet
  facet normal 0 0 0
    outer loop
      vertex 12.965 41.501 2.461
      vertex 13.09 41.501 2.111
      vertex 12.965 50.801 2.461
    endloop
  endfacet
  facet normal 0 0 0
    outer loop
      vertex 40.117 51.299 0.299
      vertex 40.276 51.054 0.001
      vertex 40.084 50.901 0.001
    endloop
  endfacet
  facet normal 0 0 0
    outer loop
      vertex 40.117 51.299 0.299
      vertex 40.084 50.901 0.001
      vertex 39.981 50.563 0.001
    endloop
  endfacet
  facet normal 0 0 0
    outer loop
      vertex 40.276 51.054 0.001
      vertex 40.117 51.299 0.299
      vertex 40.29 51.276 0.189
    endloop
  endfacet
  facet normal 0 0 0
    outer loop
      vertex 41.466 50.014 3.401
      vertex 35.966 50.016 0.001
      vertex 41.466 50.016 0.001
    endloop
  endfacet
  facet normal 0 0 0
    outer loop
      vertex 39.968 50.986 0.355
      vertex 38.133 50.967 0.331
      vertex 39.966 51.105 0.495
    endloop
  endfacet
  facet normal 0 0 0
    outer loop
      vertex 12.877 41.501 0.674
      vertex 13.126 41.501 1.372
      vertex 14 41.501 0
    endloop
  endfacet
  facet normal 0 0 0
    outer loop
      vertex 14 41.501 0
      vertex 12.555 41.501 0.278
      vertex 12.877 41.501 0.674
    endloop
  endfacet
  facet normal 0 0 0
    outer loop
      vertex 12.187 41.501 0
      vertex 12.555 41.501 0.278
      vertex 14 41.501 0
    endloop
  endfacet
  facet normal 0 0 0
    outer loop
      vertex 17.5 42.514 3.3
      vertex 17.5 40.013 0
      vertex 17.5 40.013 3.3
    endloop
  endfacet
  facet normal 0 0 0
    outer loop
      vertex 39.968 50.986 0.355
      vertex 35.299 50.907 0.273
      vertex 38.133 50.967 0.331
    endloop
  endfacet
  facet normal 0 0 0
    outer loop
      vertex 17.5 40.013 0
      vertex 17.5 42.514 3.3
      vertex 17.5 42.514 0
    endloop
  endfacet
  facet normal 0 0 0
    outer loop
      vertex 39.981 50.563 0.001
      vertex 39.968 50.986 0.355
      vertex 40.117 51.299 0.299
    endloop
  endfacet
  facet normal 0 0 0
    outer loop
      vertex 17.5 40.013 3.3
      vertex 19.313 42.514 3.3
      vertex 17.5 42.514 3.3
    endloop
  endfacet
  facet normal 0 0 0
    outer loop
      vertex 39.966 51.353 0.93
      vertex 40.021 51.329 0.489
      vertex 39.966 51.105 0.495
    endloop
  endfacet
  facet normal 0 0 0
    outer loop
      vertex 39.966 51.105 0.495
      vertex 40.021 51.329 0.489
      vertex 40.117 51.299 0.299
    endloop
  endfacet
  facet normal 0 0 0
    outer loop
      vertex 39.966 51.105 0.495
      vertex 40.117 51.299 0.299
      vertex 39.968 50.986 0.355
    endloop
  endfacet
  facet normal 0 0 0
    outer loop
      vertex 21.189 42.514 3.3
      vertex 19.313 42.514 3.3
      vertex 17.5 40.013 3.3
    endloop
  endfacet
  facet normal 0 0 0
    outer loop
      vertex 21.189 42.514 3.3
      vertex 23.002 40.013 3.3
      vertex 23.002 42.514 3.3
    endloop
  endfacet
  facet normal 0 0 0
    outer loop
      vertex 23.002 40.013 3.3
      vertex 21.189 42.514 3.3
      vertex 17.5 40.013 3.3
    endloop
  endfacet
  facet normal 0 0 0
    outer loop
      vertex 58.656 42.966 3.75
      vertex 58.183 43.416 3.75
      vertex 58.249 43.349 2
    endloop
  endfacet
  facet normal 0 0 0
    outer loop
      vertex 60.617 45.045 2.676
      vertex 60.411 45.491 2.438
      vertex 60.159 44.893 3.093
    endloop
  endfacet
  facet normal 0 0 0
    outer loop
      vertex 59.946 45.649 2.676
      vertex 59.68 45.315 3.093
      vertex 60.159 44.893 3.093
    endloop
  endfacet
  facet normal 0 0 0
    outer loop
      vertex 59.68 45.315 3.093
      vertex 59.59 44.727 3.416
      vertex 60.159 44.893 3.093
    endloop
  endfacet
  facet normal 0 0 0
    outer loop
      vertex 60.159 44.893 3.093
      vertex 60.873 44.104 3.093
      vertex 60.617 45.045 2.676
    endloop
  endfacet
  facet normal 0 0 0
    outer loop
      vertex 18.977 42.514 0.244
      vertex 19.313 42.514 0
      vertex 17.5 42.514 0
    endloop
  endfacet
  facet normal 0 0 0
    outer loop
      vertex 17.5 42.514 0
      vertex 18.671 42.514 0.594
      vertex 18.977 42.514 0.244
    endloop
  endfacet
  facet normal 0 0 0
    outer loop
      vertex 18.358 42.514 1.603
      vertex 17.5 42.514 0
      vertex 17.5 42.514 3.3
    endloop
  endfacet
  facet normal 0 0 0
    outer loop
      vertex 18.907 42.514 2.994
      vertex 17.5 42.514 3.3
      vertex 19.313 42.514 3.3
    endloop
  endfacet
  facet normal 0 0 0
    outer loop
      vertex 17.5 42.514 3.3
      vertex 18.41 42.514 2.111
      vertex 18.358 42.514 1.603
    endloop
  endfacet
  facet normal 0 0 0
    outer loop
      vertex 60.225 44.104 3.416
      vertex 60.873 44.104 3.093
      vertex 60.159 44.893 3.093
    endloop
  endfacet
  facet normal 0 0 0
    outer loop
      vertex 17.5 42.514 0
      vertex 18.358 42.514 1.603
      vertex 18.41 42.514 1.189
    endloop
  endfacet
  facet normal 0 0 0
    outer loop
      vertex 60.159 44.893 3.093
      vertex 59.59 44.727 3.416
      vertex 60.225 44.104 3.416
    endloop
  endfacet
  facet normal 0 0 0
    outer loop
      vertex 18.907 42.514 2.994
      vertex 18.727 42.514 2.78
      vertex 17.5 42.514 3.3
    endloop
  endfacet
  facet normal 0 0 0
    outer loop
      vertex 18.41 42.514 2.111
      vertex 17.5 42.514 3.3
      vertex 18.727 42.514 2.78
    endloop
  endfacet
  facet normal 0 0 0
    outer loop
      vertex 17.5 42.514 0
      vertex 18.41 42.514 1.189
      vertex 18.671 42.514 0.594
    endloop
  endfacet
  facet normal 0 0 0
    outer loop
      vertex 60.225 44.104 3.416
      vertex 59.59 44.727 3.416
      vertex 59.56 44.004 3.634
    endloop
  endfacet
  facet normal 0 0 0
    outer loop
      vertex 59.59 44.727 3.416
      vertex 59.111 44.602 3.594
      vertex 59.298 44.255 3.634
    endloop
  endfacet
  facet normal 0 0 0
    outer loop
      vertex 59.59 44.727 3.416
      vertex 59.298 44.255 3.634
      vertex 59.56 44.004 3.634
    endloop
  endfacet
  facet normal 0 0 0
    outer loop
      vertex 23.002 42.514 3.3
      vertex 21.525 42.514 3.056
      vertex 21.189 42.514 3.3
    endloop
  endfacet
  facet normal 0 0 0
    outer loop
      vertex 23.002 42.514 3.3
      vertex 23.002 42.514 0
      vertex 22.137 42.514 1.557
    endloop
  endfacet
  facet normal 0 0 0
    outer loop
      vertex 61.607 43.054 3.04
      vertex 61.545 43.516 2.895
      vertex 60.873 44.104 3.093
    endloop
  endfacet
  facet normal 0 0 0
    outer loop
      vertex 23.002 42.514 3.3
      vertex 22.092 42.514 2.111
      vertex 21.967 42.514 2.461
    endloop
  endfacet
  facet normal 0 0 0
    outer loop
      vertex 60.225 44.104 3.416
      vertex 60.144 43.429 3.607
      vertex 60.873 44.104 3.093
    endloop
  endfacet
  facet normal 0 0 0
    outer loop
      vertex 22.137 42.514 1.557
      vertex 22.092 42.514 2.111
      vertex 23.002 42.514 3.3
    endloop
  endfacet
  facet normal 0 0 0
    outer loop
      vertex 22.038 42.514 1.011
      vertex 23.002 42.514 0
      vertex 21.879 42.514 0.674
    endloop
  endfacet
  facet normal 0 0 0
    outer loop
      vertex 23.002 42.514 0
      vertex 22.038 42.514 1.011
      vertex 22.137 42.514 1.557
    endloop
  endfacet
  facet normal 0 0 0
    outer loop
      vertex 21.557 42.514 0.278
      vertex 23.002 42.514 0
      vertex 21.189 42.514 0
    endloop
  endfacet
  facet normal 0 0 0
    outer loop
      vertex 59.68 45.315 3.093
      vertex 59.2 45.372 3.267
      vertex 59.59 44.727 3.416
    endloop
  endfacet
  facet normal 0 0 0
    outer loop
      vertex 59.2 45.372 3.267
      vertex 58.183 45.215 3.594
      vertex 59.59 44.727 3.416
    endloop
  endfacet
  facet normal 0 0 0
    outer loop
      vertex 21.525 42.514 3.056
      vertex 23.002 42.514 3.3
      vertex 21.967 42.514 2.461
    endloop
  endfacet
  facet normal 0 0 0
    outer loop
      vertex 23.002 42.514 0
      vertex 21.557 42.514 0.278
      vertex 21.879 42.514 0.674
    endloop
  endfacet
  facet normal 0 0 0
    outer loop
      vertex 31 44.504 2.485
      vertex 31 43.995 3.275
      vertex 31 44.326 2.979
    endloop
  endfacet
  facet normal 0 0 0
    outer loop
      vertex 31 44.504 2.485
      vertex 31 43.568 3.398
      vertex 31 43.995 3.275
    endloop
  endfacet
  facet normal 0 0 0
    outer loop
      vertex 60.144 43.429 3.607
      vertex 60.225 44.104 3.416
      vertex 59.56 44.004 3.634
    endloop
  endfacet
  facet normal 0 0 0
    outer loop
      vertex 31 44.429 0.471
      vertex 31 39.515 2.456
      vertex 31 44.504 0.78
    endloop
  endfacet
  facet normal 0 0 0
    outer loop
      vertex 31 39.515 2.456
      vertex 31 44.504 2.485
      vertex 31 44.504 0.78
    endloop
  endfacet
  facet normal 0 0 0
    outer loop
      vertex 31 44.013 0.001
      vertex 31 39.515 2.456
      vertex 31 44.429 0.471
    endloop
  endfacet
  facet normal 0 0 0
    outer loop
      vertex 31 44.504 2.485
      vertex 31 39.515 2.456
      vertex 31 43.568 3.398
    endloop
  endfacet
  facet normal 0 0 0
    outer loop
      vertex 31 44.013 0.001
      vertex 31 39.515 0.944
      vertex 31 39.515 2.456
    endloop
  endfacet
  facet normal 0 0 0
    outer loop
      vertex 31 39.515 2.456
      vertex 31 40.235 3.359
      vertex 31 43.568 3.398
    endloop
  endfacet
  facet normal 0 0 0
    outer loop
      vertex 60.144 43.429 3.607
      vertex 60.484 43.324 3.539
      vertex 60.873 44.104 3.093
    endloop
  endfacet
  facet normal 0 0 0
    outer loop
      vertex 31 39.515 2.456
      vertex 31 39.847 3.144
      vertex 31 40.235 3.359
    endloop
  endfacet
  facet normal 0 0 0
    outer loop
      vertex 31 39.515 2.456
      vertex 31 39.684 2.953
      vertex 31 39.847 3.144
    endloop
  endfacet
  facet normal 0 0 0
    outer loop
      vertex 60.689 43.004 3.539
      vertex 60.484 43.324 3.539
      vertex 60.144 43.429 3.607
    endloop
  endfacet
  facet normal 0 0 0
    outer loop
      vertex 31 39.553 0.724
      vertex 31 40.13 0.077
      vertex 31 39.768 0.335
    endloop
  endfacet
  facet normal 0 0 0
    outer loop
      vertex 31 39.553 0.724
      vertex 31 40.345 0.016
      vertex 31 40.13 0.077
    endloop
  endfacet
  facet normal 0 0 0
    outer loop
      vertex 31 39.553 0.724
      vertex 31 44.013 0.001
      vertex 31 40.345 0.016
    endloop
  endfacet
  facet normal 0 0 0
    outer loop
      vertex 31 44.013 0.001
      vertex 31 39.553 0.724
      vertex 31 39.515 0.944
    endloop
  endfacet
  facet normal 0 0 0
    outer loop
      vertex 60.484 43.324 3.539
      vertex 60.689 43.004 3.539
      vertex 60.873 44.104 3.093
    endloop
  endfacet
  facet normal 0 0 0
    outer loop
      vertex 50.173 63.743 3.093
      vertex 50.963 63.798 3.416
      vertex 51.454 64.488 3.267
    endloop
  endfacet
  facet normal 0 0 0
    outer loop
      vertex 59.909 42.729 3.732
      vertex 60.144 43.429 3.607
      vertex 59.56 44.004 3.634
    endloop
  endfacet
  facet normal 0 0 0
    outer loop
      vertex 58.851 43.863 3.737
      vertex 59.56 44.004 3.634
      vertex 59.298 44.255 3.634
    endloop
  endfacet
  facet normal 0 0 0
    outer loop
      vertex 58.851 43.863 3.737
      vertex 59.252 43.201 3.749
      vertex 59.56 44.004 3.634
    endloop
  endfacet
  facet normal 0 0 0
    outer loop
      vertex 59.252 43.201 3.749
      vertex 59.909 42.729 3.732
      vertex 59.56 44.004 3.634
    endloop
  endfacet
  facet normal 0 0 0
    outer loop
      vertex 60.602 45.703 1.914
      vertex 60.411 45.491 2.438
      vertex 61.248 44.997 1.98
    endloop
  endfacet
  facet normal 0 0 0
    outer loop
      vertex 61.248 44.997 1.98
      vertex 61.407 45.136 1.344
      vertex 60.72 45.834 1.344
    endloop
  endfacet
  facet normal 0 0 0
    outer loop
      vertex 55.396 31.519 1.011
      vertex 55.36 31.869 2.183
      vertex 54.875 31.571 1.344
    endloop
  endfacet
  facet normal 0 0 0
    outer loop
      vertex 61.248 44.997 1.98
      vertex 60.72 45.834 1.344
      vertex 60.602 45.703 1.914
    endloop
  endfacet
  facet normal 0 0 0
    outer loop
      vertex 55.396 31.519 1.011
      vertex 54.875 31.571 1.344
      vertex 55.242 31.5 0.5
    endloop
  endfacet
  facet normal 0 0 0
    outer loop
      vertex 61.248 44.997 1.98
      vertex 60.411 45.491 2.438
      vertex 60.617 45.045 2.676
    endloop
  endfacet
  facet normal 0 0 0
    outer loop
      vertex 61.205 45.451 0.5
      vertex 61.49 44.319 0
      vertex 60.806 45.145 0
    endloop
  endfacet
  facet normal 0 0 0
    outer loop
      vertex 55.806 32.226 2.676
      vertex 55.831 31.891 2.183
      vertex 56.79 31.89 1.914
    endloop
  endfacet
  facet normal 0 0 0
    outer loop
      vertex 56.79 31.89 1.914
      vertex 55.845 31.703 1.776
      vertex 56.583 31.677 1.344
    endloop
  endfacet
  facet normal 0 0 0
    outer loop
      vertex 56.79 31.89 1.914
      vertex 55.831 31.891 2.183
      vertex 55.845 31.703 1.776
    endloop
  endfacet
  facet normal 0 0 0
    outer loop
      vertex 61.205 45.451 0.5
      vertex 62.387 43.875 0.5
      vertex 61.49 44.319 0
    endloop
  endfacet
  facet normal 0 0 0
    outer loop
      vertex 58.656 42.966 3.75
      vertex 59.182 42.312 3.75
      vertex 59.252 43.201 3.749
    endloop
  endfacet
  facet normal 0 0 0
    outer loop
      vertex 56.255 32.273 2.676
      vertex 56.79 31.89 1.914
      vertex 57.186 32.273 2.438
    endloop
  endfacet
  facet normal 0 0 0
    outer loop
      vertex 56.583 31.677 1.344
      vertex 55.854 31.586 1.344
      vertex 56.715 31.633 0.5
    endloop
  endfacet
  facet normal 0 0 0
    outer loop
      vertex 59.182 42.312 3.75
      vertex 58.656 42.966 3.75
      vertex 59.278 42.152 2
    endloop
  endfacet
  facet normal 0 0 0
    outer loop
      vertex 58.656 42.966 3.75
      vertex 58.726 42.904 2
      vertex 59.278 42.152 2
    endloop
  endfacet
  facet normal 0 0 0
    outer loop
      vertex 55.854 31.586 1.344
      vertex 56.583 31.677 1.344
      vertex 55.845 31.703 1.776
    endloop
  endfacet
  facet normal 0 0 0
    outer loop
      vertex 55.36 31.869 2.183
      vertex 55.396 31.519 1.011
      vertex 55.854 31.586 1.344
    endloop
  endfacet
  facet normal 0 0 0
    outer loop
      vertex 58.726 42.904 2
      vertex 58.656 42.966 3.75
      vertex 58.249 43.349 2
    endloop
  endfacet
  facet normal 0 0 0
    outer loop
      vertex 55.396 31.519 1.011
      vertex 55.242 31.5 0.5
      vertex 56.715 31.633 0.5
    endloop
  endfacet
  facet normal 0 0 0
    outer loop
      vertex 55.845 31.703 1.776
      vertex 55.36 31.869 2.183
      vertex 55.854 31.586 1.344
    endloop
  endfacet
  facet normal 0 0 0
    outer loop
      vertex 55.003 32.007 0
      vertex 56.311 32.084 0
      vertex 56.715 31.633 0.5
    endloop
  endfacet
  facet normal 0 0 0
    outer loop
      vertex 58.656 42.966 3.75
      vertex 59.252 43.201 3.749
      vertex 58.851 43.863 3.737
    endloop
  endfacet
  facet normal 0 0 0
    outer loop
      vertex 56.79 31.89 1.914
      vertex 57.302 31.826 1.344
      vertex 57.272 31.94 1.776
    endloop
  endfacet
  facet normal 0 0 0
    outer loop
      vertex 56.583 31.677 1.344
      vertex 57.302 31.826 1.344
      vertex 56.79 31.89 1.914
    endloop
  endfacet
  facet normal 0 0 0
    outer loop
      vertex 57.399 43.922 2
      vertex 56.208 42.267 2
      vertex 56.711 42.011 2
    endloop
  endfacet
  facet normal 0 0 0
    outer loop
      vertex 57.759 40.716 2
      vertex 59.873 40.493 2
      vertex 59.538 41.656 2
    endloop
  endfacet
  facet normal 0 0 0
    outer loop
      vertex 57.759 40.716 0.5
      vertex 57.503 41.219 2
      vertex 57.503 41.219 0.5
    endloop
  endfacet
  facet normal 0 0 0
    outer loop
      vertex 57.149 41.657 0.5
      vertex 57.503 41.219 0.5
      vertex 57.503 41.219 2
    endloop
  endfacet
  facet normal 0 0 0
    outer loop
      vertex 56.583 31.677 1.344
      vertex 56.715 31.633 0.5
      vertex 57.436 31.801 0.5
    endloop
  endfacet
  facet normal 0 0 0
    outer loop
      vertex 57.436 31.801 0.5
      vertex 56.715 31.633 0.5
      vertex 56.311 32.084 0
    endloop
  endfacet
  facet normal 0 0 0
    outer loop
      vertex 56.715 31.633 0.5
      vertex 55.854 31.586 1.344
      vertex 55.396 31.519 1.011
    endloop
  endfacet
  facet normal 0 0 0
    outer loop
      vertex 57.272 31.94 1.776
      vertex 57.655 32.322 2.314
      vertex 56.79 31.89 1.914
    endloop
  endfacet
  facet normal 0 0 0
    outer loop
      vertex 59.182 42.312 3.75
      vertex 60.848 41.118 3.701
      vertex 60.364 42.408 3.701
    endloop
  endfacet
  facet normal 0 0 0
    outer loop
      vertex 56.79 31.89 1.914
      vertex 57.655 32.322 2.314
      vertex 57.186 32.273 2.438
    endloop
  endfacet
  facet normal 0 0 0
    outer loop
      vertex 60.848 41.118 3.701
      vertex 59.182 42.312 3.75
      vertex 59.607 41.482 3.75
    endloop
  endfacet
  facet normal 0 0 0
    outer loop
      vertex 57.186 32.273 2.438
      vertex 57.655 32.322 2.314
      vertex 57.089 32.644 2.895
    endloop
  endfacet
  facet normal 0 0 0
    outer loop
      vertex 59.182 42.312 3.75
      vertex 60.364 42.408 3.701
      vertex 59.909 42.729 3.732
    endloop
  endfacet
  facet normal 0 0 0
    outer loop
      vertex 59.909 42.729 3.732
      vertex 59.252 43.201 3.749
      vertex 59.182 42.312 3.75
    endloop
  endfacet
  facet normal 0 0 0
    outer loop
      vertex 57.655 32.322 2.314
      vertex 57.772 31.964 1.344
      vertex 58.233 32.129 1.344
    endloop
  endfacet
  facet normal 0 0 0
    outer loop
      vertex 59.538 41.656 2
      vertex 59.182 42.312 3.75
      vertex 59.278 42.152 2
    endloop
  endfacet
  facet normal 0 0 0
    outer loop
      vertex 59.607 41.482 3.75
      vertex 59.538 41.656 2
      vertex 59.873 40.493 2
    endloop
  endfacet
  facet normal 0 0 0
    outer loop
      vertex 58.233 32.129 1.344
      vertex 58.609 32.481 1.914
      vertex 57.655 32.322 2.314
    endloop
  endfacet
  facet normal 0 0 0
    outer loop
      vertex 58.233 32.129 1.344
      vertex 58.683 32.322 1.344
      vertex 58.609 32.481 1.914
    endloop
  endfacet
  facet normal 0 0 0
    outer loop
      vertex 59.538 41.656 2
      vertex 59.607 41.482 3.75
      vertex 59.182 42.312 3.75
    endloop
  endfacet
  facet normal 0 0 0
    outer loop
      vertex 61.485 40.883 3.539
      vertex 61.362 42.258 3.416
      vertex 60.848 41.118 3.701
    endloop
  endfacet
  facet normal 0 0 0
    outer loop
      vertex 60.364 42.408 3.701
      vertex 60.848 41.118 3.701
      vertex 61.362 42.258 3.416
    endloop
  endfacet
  facet normal 0 0 0
    outer loop
      vertex 60.689 43.004 3.539
      vertex 60.364 42.408 3.701
      vertex 61.362 42.258 3.416
    endloop
  endfacet
  facet normal 0 0 0
    outer loop
      vertex 59.909 42.729 3.732
      vertex 60.364 42.408 3.701
      vertex 60.689 43.004 3.539
    endloop
  endfacet
  facet normal 0 0 0
    outer loop
      vertex 60.689 43.004 3.539
      vertex 60.144 43.429 3.607
      vertex 59.909 42.729 3.732
    endloop
  endfacet
  facet normal 0 0 0
    outer loop
      vertex 58.369 32.12 0.5
      vertex 58.233 32.129 1.344
      vertex 57.436 31.801 0.5
    endloop
  endfacet
  facet normal 0 0 0
    outer loop
      vertex 58.369 32.12 0.5
      vertex 58.683 32.322 1.344
      vertex 58.233 32.129 1.344
    endloop
  endfacet
  facet normal 0 0 0
    outer loop
      vertex 60.873 44.104 3.093
      vertex 60.689 43.004 3.539
      vertex 61.362 42.258 3.416
    endloop
  endfacet
  facet normal 0 0 0
    outer loop
      vertex 57.772 31.964 1.344
      vertex 57.436 31.801 0.5
      vertex 58.233 32.129 1.344
    endloop
  endfacet
  facet normal 0 0 0
    outer loop
      vertex 57.655 32.322 2.314
      vertex 57.272 31.94 1.776
      vertex 57.302 31.826 1.344
    endloop
  endfacet
  facet normal 0 0 0
    outer loop
      vertex 57.772 31.964 1.344
      vertex 57.655 32.322 2.314
      vertex 57.302 31.826 1.344
    endloop
  endfacet
  facet normal 0 0 0
    outer loop
      vertex 57.772 31.964 1.344
      vertex 57.302 31.826 1.344
      vertex 57.436 31.801 0.5
    endloop
  endfacet
  facet normal 0 0 0
    outer loop
      vertex 57.436 31.801 0.5
      vertex 57.302 31.826 1.344
      vertex 56.583 31.677 1.344
    endloop
  endfacet
  facet normal 0 0 0
    outer loop
      vertex 57.436 31.801 0.5
      vertex 56.311 32.084 0
      vertex 57.362 32.299 0
    endloop
  endfacet
  facet normal 0 0 0
    outer loop
      vertex 58.368 32.67 0
      vertex 58.369 32.12 0.5
      vertex 57.362 32.299 0
    endloop
  endfacet
  facet normal 0 0 0
    outer loop
      vertex 57.362 32.299 0
      vertex 58.369 32.12 0.5
      vertex 57.436 31.801 0.5
    endloop
  endfacet
  facet normal 0 0 0
    outer loop
      vertex 50.829 65.436 1.914
      vertex 50.247 64.643 2.438
      vertex 51.018 64.751 2.895
    endloop
  endfacet
  facet normal 0 0 0
    outer loop
      vertex 50.247 64.643 2.438
      vertex 50.173 63.743 3.093
      vertex 51.018 64.751 2.895
    endloop
  endfacet
  facet normal 0 0 0
    outer loop
      vertex 71.95 46.231 1.929
      vertex 71.899 46.231 2.721
      vertex 72.422 45.731 2.662
    endloop
  endfacet
  facet normal 0 0 0
    outer loop
      vertex 50.247 64.643 2.438
      vertex 49.275 63.657 2.438
      vertex 50.173 63.743 3.093
    endloop
  endfacet
  facet normal 0 0 0
    outer loop
      vertex 71.95 46.231 1.929
      vertex 72.422 45.731 2.662
      vertex 72.471 45.731 2.147
    endloop
  endfacet
  facet normal 0 0 0
    outer loop
      vertex 71.95 46.231 1.929
      vertex 72.432 45.731 1.688
      vertex 72.142 45.731 0.817
    endloop
  endfacet
  facet normal 0 0 0
    outer loop
      vertex 72.471 45.731 2.147
      vertex 72.432 45.731 1.688
      vertex 71.95 46.231 1.929
    endloop
  endfacet
  facet normal 0 0 0
    outer loop
      vertex 71.95 46.231 1.929
      vertex 72.142 45.731 0.817
      vertex 71.815 46.231 1.308
    endloop
  endfacet
  facet normal 0 0 0
    outer loop
      vertex 72.142 45.731 0.817
      vertex 71.859 45.731 0.383
      vertex 71.815 46.231 1.308
    endloop
  endfacet
  facet normal 0 0 0
    outer loop
      vertex 71.859 45.731 0.383
      vertex 71.233 46.231 0.427
      vertex 71.815 46.231 1.308
    endloop
  endfacet
  facet normal 0 0 0
    outer loop
      vertex 60.881 57.989 3.714
      vertex 59.863 57.914 3.75
      vertex 60.209 56.474 3.738
    endloop
  endfacet
  facet normal 0 0 0
    outer loop
      vertex 71.859 45.731 0.383
      vertex 71.511 45.731 0
      vertex 71.233 46.231 0.427
    endloop
  endfacet
  facet normal 0 0 0
    outer loop
      vertex 71.859 45.731 0.383
      vertex 71.511 44.981 0
      vertex 71.511 45.731 0
    endloop
  endfacet
  facet normal 0 0 0
    outer loop
      vertex 71.511 45.731 0
      vertex 70.625 46.231 0
      vertex 71.233 46.231 0.427
    endloop
  endfacet
  facet normal 0 0 0
    outer loop
      vertex 60.364 56.092 3.701
      vertex 60.689 55.496 3.539
      vertex 61.165 56.113 3.485
    endloop
  endfacet
  facet normal 0 0 0
    outer loop
      vertex 72.432 45.731 1.688
      vertex 72.471 45.731 2.147
      vertex 72.322 44.981 1.241
    endloop
  endfacet
  facet normal 0 0 0
    outer loop
      vertex 72.322 44.981 1.241
      vertex 72.142 45.731 0.817
      vertex 72.432 45.731 1.688
    endloop
  endfacet
  facet normal 0 0 0
    outer loop
      vertex 59.535 56.846 3.75
      vertex 59.179 56.19 3.75
      vertex 60.364 56.092 3.701
    endloop
  endfacet
  facet normal 0 0 0
    outer loop
      vertex 60.364 56.092 3.701
      vertex 59.179 56.19 3.75
      vertex 58.724 55.598 3.75
    endloop
  endfacet
  facet normal 0 0 0
    outer loop
      vertex 60.198 55.264 3.634
      vertex 60.689 55.496 3.539
      vertex 60.364 56.092 3.701
    endloop
  endfacet
  facet normal 0 0 0
    outer loop
      vertex 71.527 44.981 4.3
      vertex 72.005 45.731 3.726
      vertex 71.527 45.731 4.3
    endloop
  endfacet
  facet normal 0 0 0
    outer loop
      vertex 60.364 56.092 3.701
      vertex 60.209 56.474 3.738
      vertex 59.535 56.846 3.75
    endloop
  endfacet
  facet normal 0 0 0
    outer loop
      vertex 71.12 44.981 3.975
      vertex 71.527 44.981 4.3
      vertex 70.691 44.981 4.3
    endloop
  endfacet
  facet normal 0 0 0
    outer loop
      vertex 60.209 56.474 3.738
      vertex 60.364 56.092 3.701
      vertex 61.165 56.113 3.485
    endloop
  endfacet
  facet normal 0 0 0
    outer loop
      vertex 71.94 44.981 3.821
      vertex 72.005 45.731 3.726
      vertex 71.527 44.981 4.3
    endloop
  endfacet
  facet normal 0 0 0
    outer loop
      vertex 71.94 44.981 3.821
      vertex 71.637 44.981 3.291
      vertex 72.249 44.981 3.27
    endloop
  endfacet
  facet normal 0 0 0
    outer loop
      vertex 71.94 44.981 3.821
      vertex 71.527 44.981 4.3
      vertex 71.12 44.981 3.975
    endloop
  endfacet
  facet normal 0 0 0
    outer loop
      vertex 71.94 44.981 3.821
      vertex 72.249 45.731 3.27
      vertex 72.005 45.731 3.726
    endloop
  endfacet
  facet normal 0 0 0
    outer loop
      vertex 72.249 44.981 3.27
      vertex 72.249 45.731 3.27
      vertex 71.94 44.981 3.821
    endloop
  endfacet
  facet normal 0 0 0
    outer loop
      vertex 72.249 44.981 3.27
      vertex 72.422 45.731 2.662
      vertex 72.249 45.731 3.27
    endloop
  endfacet
  facet normal 0 0 0
    outer loop
      vertex 59.179 56.19 3.75
      vertex 59.535 56.846 3.75
      vertex 59.179 56.19 2
    endloop
  endfacet
  facet normal 0 0 0
    outer loop
      vertex 72.364 44.981 2.944
      vertex 72.422 45.731 2.662
      vertex 72.249 44.981 3.27
    endloop
  endfacet
  facet normal 0 0 0
    outer loop
      vertex 60.689 55.496 3.539
      vertex 60.516 54.797 3.423
      vertex 61.345 55.583 3.267
    endloop
  endfacet
  facet normal 0 0 0
    outer loop
      vertex 61.345 55.583 3.267
      vertex 61.165 56.113 3.485
      vertex 60.689 55.496 3.539
    endloop
  endfacet
  facet normal 0 0 0
    outer loop
      vertex 72.364 44.981 2.944
      vertex 71.91 44.981 2.042
      vertex 72.453 44.981 2.376
    endloop
  endfacet
  facet normal 0 0 0
    outer loop
      vertex 9.408 57.501 2.111
      vertex 9.408 66.801 2.111
      vertex 9.356 57.501 1.603
    endloop
  endfacet
  facet normal 0 0 0
    outer loop
      vertex 9.356 66.801 1.697
      vertex 8.855 66.801 1.532
      vertex 8.924 66.801 1.068
    endloop
  endfacet
  facet normal 0 0 0
    outer loop
      vertex 8.855 66.801 1.532
      vertex 9.356 66.801 1.697
      vertex 9.408 66.801 2.111
    endloop
  endfacet
  facet normal 0 0 0
    outer loop
      vertex 8.992 66.801 2.458
      vertex 8.855 66.801 1.532
      vertex 9.408 66.801 2.111
    endloop
  endfacet
  facet normal 0 0 0
    outer loop
      vertex 59.535 56.846 3.75
      vertex 59.696 57.283 2
      vertex 59.459 56.675 2
    endloop
  endfacet
  facet normal 0 0 0
    outer loop
      vertex 8.924 66.801 1.068
      vertex 9.471 66.801 1.014
      vertex 9.356 66.801 1.697
    endloop
  endfacet
  facet normal 0 0 0
    outer loop
      vertex 59.535 56.846 3.75
      vertex 59.459 56.675 2
      vertex 59.179 56.19 2
    endloop
  endfacet
  facet normal 0 0 0
    outer loop
      vertex 8.924 66.801 1.068
      vertex 8.891 67.501 1.971
      vertex 8.924 67.501 1.068
    endloop
  endfacet
  facet normal 0 0 0
    outer loop
      vertex 59.696 57.283 2
      vertex 57.759 57.784 2
      vertex 59.459 56.675 2
    endloop
  endfacet
  facet normal 0 0 0
    outer loop
      vertex 57.503 57.281 2
      vertex 59.459 56.675 2
      vertex 57.759 57.784 2
    endloop
  endfacet
  facet normal 0 0 0
    outer loop
      vertex 8.855 66.801 1.532
      vertex 8.891 67.501 1.971
      vertex 8.924 66.801 1.068
    endloop
  endfacet
  facet normal 0 0 0
    outer loop
      vertex 8.855 66.801 1.532
      vertex 8.992 66.801 2.458
      vertex 8.891 67.501 1.971
    endloop
  endfacet
  facet normal 0 0 0
    outer loop
      vertex 8.992 66.801 2.458
      vertex 9.082 67.501 2.675
      vertex 8.891 67.501 1.971
    endloop
  endfacet
  facet normal 0 0 0
    outer loop
      vertex 8.891 67.501 1.971
      vertex 9.082 67.501 2.675
      vertex 9.574 68.002 2.545
    endloop
  endfacet
  facet normal 0 0 0
    outer loop
      vertex 9.574 68.002 2.545
      vertex 9.372 68.002 1.928
      vertex 8.891 67.501 1.971
    endloop
  endfacet
  facet normal 0 0 0
    outer loop
      vertex 58.237 53.566 3.655
      vertex 57.633 54.015 3.749
      vertex 56.941 52.934 3.634
    endloop
  endfacet
  facet normal 0 0 0
    outer loop
      vertex 58.702 54.135 3.701
      vertex 59.357 54.821 3.714
      vertex 58.181 55.087 3.75
    endloop
  endfacet
  facet normal 0 0 0
    outer loop
      vertex 9.168 66.801 0.471
      vertex 9.471 66.801 1.014
      vertex 8.924 66.801 1.068
    endloop
  endfacet
  facet normal 0 0 0
    outer loop
      vertex 59.357 54.821 3.714
      vertex 60.364 56.092 3.701
      vertex 58.181 55.087 3.75
    endloop
  endfacet
  facet normal 0 0 0
    outer loop
      vertex 9.509 66.801 0
      vertex 9.725 66.801 0.52
      vertex 9.168 66.801 0.471
    endloop
  endfacet
  facet normal 0 0 0
    outer loop
      vertex 9.168 66.801 0.471
      vertex 9.725 66.801 0.52
      vertex 9.471 66.801 1.014
    endloop
  endfacet
  facet normal 0 0 0
    outer loop
      vertex 9.168 67.501 0.471
      vertex 8.924 66.801 1.068
      vertex 8.924 67.501 1.068
    endloop
  endfacet
  facet normal 0 0 0
    outer loop
      vertex 8.924 66.801 1.068
      vertex 9.168 67.501 0.471
      vertex 9.168 66.801 0.471
    endloop
  endfacet
  facet normal 0 0 0
    outer loop
      vertex 9.509 67.501 0
      vertex 9.509 66.801 0
      vertex 9.168 66.801 0.471
    endloop
  endfacet
  facet normal 0 0 0
    outer loop
      vertex 9.168 67.501 0.471
      vertex 9.509 67.501 0
      vertex 9.168 66.801 0.471
    endloop
  endfacet
  facet normal 0 0 0
    outer loop
      vertex 58.724 55.598 3.75
      vertex 58.181 55.087 3.75
      vertex 60.364 56.092 3.701
    endloop
  endfacet
  facet normal 0 0 0
    outer loop
      vertex 9.168 67.501 0.471
      vertex 9.74 68 0.499
      vertex 9.509 67.501 0
    endloop
  endfacet
  facet normal 0 0 0
    outer loop
      vertex 58.181 55.087 3.75
      vertex 58.104 54.308 3.75
      vertex 58.702 54.135 3.701
    endloop
  endfacet
  facet normal 0 0 0
    outer loop
      vertex 9.74 68 0.499
      vertex 9.37 68.002 1.418
      vertex 10.746 68.002 0.5
    endloop
  endfacet
  facet normal 0 0 0
    outer loop
      vertex 10.746 68.002 0.5
      vertex 10.746 67.501 0
      vertex 9.74 68 0.499
    endloop
  endfacet
  facet normal 0 0 0
    outer loop
      vertex 10.746 67.501 0
      vertex 9.509 67.501 0
      vertex 9.74 68 0.499
    endloop
  endfacet
  facet normal 0 0 0
    outer loop
      vertex 11.752 67.501 3.3
      vertex 11.752 68.002 0.5
      vertex 11.752 67.501 0
    endloop
  endfacet
  facet normal 0 0 0
    outer loop
      vertex 41.466 49.014 3.4
      vertex 39.981 48.455 3.4
      vertex 40.077 48.128 3.4
    endloop
  endfacet
  facet normal 0 0 0
    outer loop
      vertex 10.311 66.801 3.3
      vertex 9.905 66.801 2.994
      vertex 10.311 57.501 3.3
    endloop
  endfacet
  facet normal 0 0 0
    outer loop
      vertex 9.509 66.801 0
      vertex 10.311 66.801 0
      vertex 9.725 66.801 0.52
    endloop
  endfacet
  facet normal 0 0 0
    outer loop
      vertex 9.905 66.801 2.994
      vertex 10.311 66.801 3.3
      vertex 9.509 66.801 3.3
    endloop
  endfacet
  facet normal 0 0 0
    outer loop
      vertex 9.74 68 2.801
      vertex 9.509 67.501 3.3
      vertex 10.746 67.501 3.3
    endloop
  endfacet
  facet normal 0 0 0
    outer loop
      vertex 9.74 68 2.801
      vertex 10.746 67.501 3.3
      vertex 10.746 68.002 2.8
    endloop
  endfacet
  facet normal 0 0 0
    outer loop
      vertex 11.752 68.002 2.8
      vertex 11.752 68.002 0.5
      vertex 11.752 67.501 3.3
    endloop
  endfacet
  facet normal 0 0 0
    outer loop
      vertex 41.16 47.967 3.4
      vertex 40.286 47.964 3.4
      vertex 40.298 47.717 3.19
    endloop
  endfacet
  facet normal 0 0 0
    outer loop
      vertex 40.298 47.717 3.19
      vertex 41.125 47.787 3.256
      vertex 41.16 47.967 3.4
    endloop
  endfacet
  facet normal 0 0 0
    outer loop
      vertex 40.117 47.559 2.909
      vertex 40.298 47.717 3.19
      vertex 40.286 47.964 3.4
    endloop
  endfacet
  facet normal 0 0 0
    outer loop
      vertex 40.117 47.559 2.909
      vertex 40.277 47.365 2.712
      vertex 40.298 47.717 3.19
    endloop
  endfacet
  facet normal 0 0 0
    outer loop
      vertex 40.117 47.559 2.909
      vertex 40.286 47.964 3.4
      vertex 40.077 48.128 3.4
    endloop
  endfacet
  facet normal 0 0 0
    outer loop
      vertex 40.298 47.717 3.19
      vertex 41.134 47.499 2.926
      vertex 41.125 47.787 3.256
    endloop
  endfacet
  facet normal 0 0 0
    outer loop
      vertex 49.498 64.669 0.825
      vertex 50.002 65.122 0.5
      vertex 49.631 64.798 0.5
    endloop
  endfacet
  facet normal 0 0 0
    outer loop
      vertex 40.298 47.184 2.272
      vertex 40.111 47.431 2.695
      vertex 40.052 47.294 2.221
    endloop
  endfacet
  facet normal 0 0 0
    outer loop
      vertex 40.298 47.184 2.272
      vertex 40.277 47.365 2.712
      vertex 40.111 47.431 2.695
    endloop
  endfacet
  facet normal 0 0 0
    outer loop
      vertex 41.134 47.499 2.926
      vertex 40.298 47.717 3.19
      vertex 40.277 47.365 2.712
    endloop
  endfacet
  facet normal 0 0 0
    outer loop
      vertex 49.498 64.669 0.825
      vertex 49.219 64.339 1.122
      vertex 49.625 64.625 1.56
    endloop
  endfacet
  facet normal 0 0 0
    outer loop
      vertex 49.219 64.339 1.122
      vertex 49.327 64.238 1.776
      vertex 49.625 64.625 1.56
    endloop
  endfacet
  facet normal 0 0 0
    outer loop
      vertex 40.052 47.294 2.221
      vertex 40.111 47.431 2.695
      vertex 39.99 47.788 2.932
    endloop
  endfacet
  facet normal 0 0 0
    outer loop
      vertex 49.625 64.625 1.56
      vertex 50.002 65.122 0.5
      vertex 49.498 64.669 0.825
    endloop
  endfacet
  facet normal 0 0 0
    outer loop
      vertex 39.967 47.948 2.945
      vertex 39.99 47.788 2.932
      vertex 40.117 47.559 2.909
    endloop
  endfacet
  facet normal 0 0 0
    outer loop
      vertex 50.247 64.643 2.438
      vertex 50.732 65.583 1.344
      vertex 49.929 65.018 1.197
    endloop
  endfacet
  facet normal 0 0 0
    outer loop
      vertex 49.929 65.018 1.197
      vertex 49.625 64.625 1.56
      vertex 50.247 64.643 2.438
    endloop
  endfacet
  facet normal 0 0 0
    outer loop
      vertex 50.247 64.643 2.438
      vertex 49.625 64.625 1.56
      vertex 49.327 64.238 1.776
    endloop
  endfacet
  facet normal 0 0 0
    outer loop
      vertex 39.981 48.455 3.4
      vertex 39.967 47.948 2.945
      vertex 40.117 47.559 2.909
    endloop
  endfacet
  facet normal 0 0 0
    outer loop
      vertex 39.967 47.948 2.945
      vertex 39.966 47.732 2.615
      vertex 39.99 47.788 2.932
    endloop
  endfacet
  facet normal 0 0 0
    outer loop
      vertex 50.829 65.436 1.914
      vertex 50.732 65.583 1.344
      vertex 50.247 64.643 2.438
    endloop
  endfacet
  facet normal 0 0 0
    outer loop
      vertex 40.077 48.128 3.4
      vertex 39.981 48.455 3.4
      vertex 40.117 47.559 2.909
    endloop
  endfacet
  facet normal 0 0 0
    outer loop
      vertex 39.99 47.788 2.932
      vertex 40.111 47.431 2.695
      vertex 40.117 47.559 2.909
    endloop
  endfacet
  facet normal 0 0 0
    outer loop
      vertex 49.498 64.669 0.825
      vertex 49.631 64.798 0.5
      vertex 49.219 64.339 1.122
    endloop
  endfacet
  facet normal 0 0 0
    outer loop
      vertex 40.117 47.559 2.909
      vertex 40.111 47.431 2.695
      vertex 40.277 47.365 2.712
    endloop
  endfacet
  facet normal 0 0 0
    outer loop
      vertex 49.625 64.625 1.56
      vertex 49.929 65.018 1.197
      vertex 50.002 65.122 0.5
    endloop
  endfacet
  facet normal 0 0 0
    outer loop
      vertex 40.298 47.184 2.272
      vertex 40.052 47.294 2.221
      vertex 40.148 47.221 2.241
    endloop
  endfacet
  facet normal 0 0 0
    outer loop
      vertex 49.631 64.798 0.5
      vertex 50.002 65.122 0.5
      vertex 49.517 63.969 0
    endloop
  endfacet
  facet normal 0 0 0
    outer loop
      vertex 40.148 47.221 2.241
      vertex 40.298 47.102 1.722
      vertex 40.298 47.184 2.272
    endloop
  endfacet
  facet normal 0 0 0
    outer loop
      vertex 39.99 47.788 2.932
      vertex 39.966 47.536 2.015
      vertex 40.052 47.294 2.221
    endloop
  endfacet
  facet normal 0 0 0
    outer loop
      vertex 39.966 47.732 2.615
      vertex 39.966 47.536 2.015
      vertex 39.99 47.788 2.932
    endloop
  endfacet
  facet normal 0 0 0
    outer loop
      vertex 10.746 68.002 0.5
      vertex 10.746 67.501 3.3
      vertex 10.746 67.501 0
    endloop
  endfacet
  facet normal 0 0 0
    outer loop
      vertex 10.746 67.501 3.3
      vertex 10.746 68.002 0.5
      vertex 10.746 68.002 2.8
    endloop
  endfacet
  facet normal 0 0 0
    outer loop
      vertex 12.648 66.801 2.918
      vertex 13.33 66.801 2.829
      vertex 12.989 66.801 3.3
    endloop
  endfacet
  facet normal 0 0 0
    outer loop
      vertex 12.187 66.801 3.3
      vertex 12.648 66.801 2.918
      vertex 12.989 66.801 3.3
    endloop
  endfacet
  facet normal 0 0 0
    outer loop
      vertex 12.965 66.801 2.461
      vertex 13.583 66.801 2.174
      vertex 13.33 66.801 2.829
    endloop
  endfacet
  facet normal 0 0 0
    outer loop
      vertex 13.33 66.801 2.829
      vertex 12.648 66.801 2.918
      vertex 12.965 66.801 2.461
    endloop
  endfacet
  facet normal 0 0 0
    outer loop
      vertex 12.989 66.801 3.3
      vertex 13.416 67.501 2.675
      vertex 12.989 67.501 3.3
    endloop
  endfacet
  facet normal 0 0 0
    outer loop
      vertex 13.33 66.801 2.829
      vertex 13.416 67.501 2.675
      vertex 12.989 66.801 3.3
    endloop
  endfacet
  facet normal 0 0 0
    outer loop
      vertex 35.966 42.517 3.401
      vertex 39.981 43.065 3.401
      vertex 31.966 43.065 3.401
    endloop
  endfacet
  facet normal 0 0 0
    outer loop
      vertex 40.118 43.446 3.401
      vertex 41.437 43.153 3.401
      vertex 40.296 43.558 3.401
    endloop
  endfacet
  facet normal 0 0 0
    outer loop
      vertex 41.437 43.153 3.401
      vertex 40.118 43.446 3.401
      vertex 39.981 43.065 3.401
    endloop
  endfacet
  facet normal 0 0 0
    outer loop
      vertex 41.131 43.559 3.401
      vertex 41.437 43.153 3.401
      vertex 41.33 43.424 3.401
    endloop
  endfacet
  facet normal 0 0 0
    outer loop
      vertex 41.131 43.559 3.401
      vertex 40.296 43.558 3.401
      vertex 41.437 43.153 3.401
    endloop
  endfacet
  facet normal 0 0 0
    outer loop
      vertex 41.437 43.153 3.401
      vertex 39.981 43.065 3.401
      vertex 41.461 42.942 3.401
    endloop
  endfacet
  facet normal 0 0 0
    outer loop
      vertex 38.133 47.514 1.659
      vertex 39.966 47.536 2.015
      vertex 36.716 47.553 2.116
    endloop
  endfacet
  facet normal 0 0 0
    outer loop
      vertex 39.981 43.065 3.401
      vertex 41.466 42.517 3.401
      vertex 41.461 42.942 3.401
    endloop
  endfacet
  facet normal 0 0 0
    outer loop
      vertex 41.466 42.517 3.401
      vertex 39.981 43.065 3.401
      vertex 35.966 42.517 3.401
    endloop
  endfacet
  facet normal 0 0 0
    outer loop
      vertex 39.966 47.536 2.015
      vertex 38.133 47.514 1.659
      vertex 39.966 47.536 1.384
    endloop
  endfacet
  facet normal 0 0 0
    outer loop
      vertex 40.027 47.289 1.977
      vertex 40.052 47.294 2.221
      vertex 39.966 47.536 2.015
    endloop
  endfacet
  facet normal 0 0 0
    outer loop
      vertex 31 43.568 3.398
      vertex 31.966 43.678 3.379
      vertex 31 43.995 3.275
    endloop
  endfacet
  facet normal 0 0 0
    outer loop
      vertex 31.966 43.678 3.379
      vertex 31.966 44.086 3.21
      vertex 31 43.995 3.275
    endloop
  endfacet
  facet normal 0 0 0
    outer loop
      vertex 31.966 44.086 3.21
      vertex 31 44.326 2.979
      vertex 31 43.995 3.275
    endloop
  endfacet
  facet normal 0 0 0
    outer loop
      vertex 40.027 47.289 1.977
      vertex 40.148 47.221 2.241
      vertex 40.052 47.294 2.221
    endloop
  endfacet
  facet normal 0 0 0
    outer loop
      vertex 31.966 44.086 3.21
      vertex 31.966 44.326 2.979
      vertex 31 44.326 2.979
    endloop
  endfacet
  facet normal 0 0 0
    outer loop
      vertex 31.966 44.326 2.979
      vertex 31 44.504 2.485
      vertex 31 44.326 2.979
    endloop
  endfacet
  facet normal 0 0 0
    outer loop
      vertex 31.966 44.326 2.979
      vertex 31.966 44.509 2.457
      vertex 31 44.504 2.485
    endloop
  endfacet
  facet normal 0 0 0
    outer loop
      vertex 31.966 43.678 3.379
      vertex 31 43.568 3.398
      vertex 31.966 43.065 3.401
    endloop
  endfacet
  facet normal 0 0 0
    outer loop
      vertex 31.966 43.69 2.774
      vertex 31.966 43.065 3.401
      vertex 35.299 43.47 3.069
    endloop
  endfacet
  facet normal 0 0 0
    outer loop
      vertex 40.148 47.221 2.241
      vertex 40.027 47.289 1.977
      vertex 40.298 47.102 1.722
    endloop
  endfacet
  facet normal 0 0 0
    outer loop
      vertex 31.966 43.69 2.774
      vertex 31.966 44.326 2.979
      vertex 31.966 44.086 3.21
    endloop
  endfacet
  facet normal 0 0 0
    outer loop
      vertex 31.966 44.326 2.979
      vertex 31.966 43.69 2.774
      vertex 31.966 44.509 2.457
    endloop
  endfacet
  facet normal 0 0 0
    outer loop
      vertex 31.966 43.69 2.774
      vertex 31.966 44.086 3.21
      vertex 31.966 43.678 3.379
    endloop
  endfacet
  facet normal 0 0 0
    outer loop
      vertex 31.966 43.065 3.401
      vertex 31.966 43.69 2.774
      vertex 31.966 43.678 3.379
    endloop
  endfacet
  facet normal 0 0 0
    outer loop
      vertex 31 44.504 2.485
      vertex 31.966 44.509 0.808
      vertex 31 44.504 0.78
    endloop
  endfacet
  facet normal 0 0 0
    outer loop
      vertex 62.207 43.911 1.633
      vertex 61.874 43.712 2.438
      vertex 62.237 43.381 2.183
    endloop
  endfacet
  facet normal 0 0 0
    outer loop
      vertex 60.617 45.045 2.676
      vertex 60.873 44.104 3.093
      vertex 61.625 44.102 2.438
    endloop
  endfacet
  facet normal 0 0 0
    outer loop
      vertex 61.625 44.102 2.438
      vertex 61.248 44.997 1.98
      vertex 60.617 45.045 2.676
    endloop
  endfacet
  facet normal 0 0 0
    outer loop
      vertex 31.966 43.987 1.984
      vertex 31.966 44.509 2.457
      vertex 31.966 43.69 2.774
    endloop
  endfacet
  facet normal 0 0 0
    outer loop
      vertex 31.966 44.004 1.539
      vertex 31.966 44.509 0.808
      vertex 31.966 44.509 2.457
    endloop
  endfacet
  facet normal 0 0 0
    outer loop
      vertex 31.966 43.987 1.984
      vertex 31.966 44.004 1.539
      vertex 31.966 44.509 2.457
    endloop
  endfacet
  facet normal 0 0 0
    outer loop
      vertex 31.966 44.509 0.808
      vertex 31.966 43.772 0.768
      vertex 31.966 44.385 0.412
    endloop
  endfacet
  facet normal 0 0 0
    outer loop
      vertex 61.362 42.258 3.416
      vertex 61.607 43.054 3.04
      vertex 60.873 44.104 3.093
    endloop
  endfacet
  facet normal 0 0 0
    outer loop
      vertex 31.966 44.013 0.001
      vertex 31 44.013 0.001
      vertex 31 44.429 0.471
    endloop
  endfacet
  facet normal 0 0 0
    outer loop
      vertex 31 44.013 0.001
      vertex 31.966 44.013 0.001
      vertex 31.966 43.066 0.001
    endloop
  endfacet
  facet normal 0 0 0
    outer loop
      vertex 31.966 44.013 0.001
      vertex 31.966 43.5 0.366
      vertex 31.966 43.066 0.001
    endloop
  endfacet
  facet normal 0 0 0
    outer loop
      vertex 31.966 44.509 0.808
      vertex 31 44.504 2.485
      vertex 31.966 44.509 2.457
    endloop
  endfacet
  facet normal 0 0 0
    outer loop
      vertex 31 44.429 0.471
      vertex 31.966 44.385 0.412
      vertex 31.966 44.013 0.001
    endloop
  endfacet
  facet normal 0 0 0
    outer loop
      vertex 31.966 44.013 0.001
      vertex 31.966 43.772 0.768
      vertex 31.966 43.5 0.366
    endloop
  endfacet
  facet normal 0 0 0
    outer loop
      vertex 61.545 43.516 2.895
      vertex 61.607 43.054 3.04
      vertex 62.237 43.381 2.183
    endloop
  endfacet
  facet normal 0 0 0
    outer loop
      vertex 62.237 43.381 2.183
      vertex 61.874 43.712 2.438
      vertex 61.545 43.516 2.895
    endloop
  endfacet
  facet normal 0 0 0
    outer loop
      vertex 61.874 43.712 2.438
      vertex 61.625 44.102 2.438
      vertex 61.545 43.516 2.895
    endloop
  endfacet
  facet normal 0 0 0
    outer loop
      vertex 61.545 43.516 2.895
      vertex 61.625 44.102 2.438
      vertex 60.873 44.104 3.093
    endloop
  endfacet
  facet normal 0 0 0
    outer loop
      vertex 62.387 43.875 0.5
      vertex 62.207 43.911 1.633
      vertex 62.443 43.487 1.633
    endloop
  endfacet
  facet normal 0 0 0
    outer loop
      vertex 62.443 43.487 1.633
      vertex 62.548 43.542 1.048
      vertex 62.387 43.875 0.5
    endloop
  endfacet
  facet normal 0 0 0
    outer loop
      vertex 62.387 43.875 0.5
      vertex 62.006 44.362 1.344
      vertex 62.207 43.911 1.633
    endloop
  endfacet
  facet normal 0 0 0
    outer loop
      vertex 62.387 43.875 0.5
      vertex 62.022 44.447 0.825
      vertex 62.006 44.362 1.344
    endloop
  endfacet
  facet normal 0 0 0
    outer loop
      vertex 62.022 44.447 0.825
      vertex 61.205 45.451 0.5
      vertex 62.006 44.362 1.344
    endloop
  endfacet
  facet normal 0 0 0
    outer loop
      vertex 31.966 43.772 0.768
      vertex 31.966 44.013 0.001
      vertex 31.966 44.385 0.412
    endloop
  endfacet
  facet normal 0 0 0
    outer loop
      vertex 62.022 44.447 0.825
      vertex 62.387 43.875 0.5
      vertex 61.205 45.451 0.5
    endloop
  endfacet
  facet normal 0 0 0
    outer loop
      vertex 31.966 43.772 0.768
      vertex 31.966 44.509 0.808
      vertex 31.966 44.004 1.539
    endloop
  endfacet
  facet normal 0 0 0
    outer loop
      vertex 61.407 45.136 1.344
      vertex 61.861 44.263 1.914
      vertex 62.006 44.362 1.344
    endloop
  endfacet
  facet normal 0 0 0
    outer loop
      vertex 31.966 44.385 0.412
      vertex 31 44.429 0.471
      vertex 31 44.504 0.78
    endloop
  endfacet
  facet normal 0 0 0
    outer loop
      vertex 61.861 44.263 1.914
      vertex 62.207 43.911 1.633
      vertex 62.006 44.362 1.344
    endloop
  endfacet
  facet normal 0 0 0
    outer loop
      vertex 31.966 44.385 0.412
      vertex 31 44.504 0.78
      vertex 31.966 44.509 0.808
    endloop
  endfacet
  facet normal 0 0 0
    outer loop
      vertex 35.966 41.517 3.4
      vertex 35.966 42.517 3.401
      vertex 31.966 43.065 3.401
    endloop
  endfacet
  facet normal 0 0 0
    outer loop
      vertex 62.56 43.008 1.914
      vertex 62.443 43.487 1.633
      vertex 62.237 43.381 2.183
    endloop
  endfacet
  facet normal 0 0 0
    outer loop
      vertex 35.966 41.517 3.4
      vertex 31.966 43.065 3.401
      vertex 31.966 40.958 3.4
    endloop
  endfacet
  facet normal 0 0 0
    outer loop
      vertex 31 44.013 0.001
      vertex 31.966 43.066 0.001
      vertex 31 40.345 0.016
    endloop
  endfacet
  facet normal 0 0 0
    outer loop
      vertex 62.443 43.487 1.633
      vertex 62.207 43.911 1.633
      vertex 62.237 43.381 2.183
    endloop
  endfacet
  facet normal 0 0 0
    outer loop
      vertex 61.625 44.102 2.438
      vertex 61.874 43.712 2.438
      vertex 62.207 43.911 1.633
    endloop
  endfacet
  facet normal 0 0 0
    outer loop
      vertex 61.861 44.263 1.914
      vertex 61.625 44.102 2.438
      vertex 62.207 43.911 1.633
    endloop
  endfacet
  facet normal 0 0 0
    outer loop
      vertex 31 39.515 2.456
      vertex 31.966 39.52 2.484
      vertex 31.966 39.644 2.88
    endloop
  endfacet
  facet normal 0 0 0
    outer loop
      vertex 61.407 45.136 1.344
      vertex 61.248 44.997 1.98
      vertex 61.861 44.263 1.914
    endloop
  endfacet
  facet normal 0 0 0
    outer loop
      vertex 31.966 39.644 2.88
      vertex 31 39.684 2.953
      vertex 31 39.515 2.456
    endloop
  endfacet
  facet normal 0 0 0
    outer loop
      vertex 61.861 44.263 1.914
      vertex 61.248 44.997 1.98
      vertex 61.625 44.102 2.438
    endloop
  endfacet
  facet normal 0 0 0
    outer loop
      vertex 31 39.684 2.953
      vertex 31.966 39.644 2.88
      vertex 31 39.847 3.144
    endloop
  endfacet
  facet normal 0 0 0
    outer loop
      vertex 31.966 39.644 2.88
      vertex 31.966 39.847 3.144
      vertex 31 39.847 3.144
    endloop
  endfacet
  facet normal 0 0 0
    outer loop
      vertex 31 40.235 3.359
      vertex 31 39.847 3.144
      vertex 31.966 39.847 3.144
    endloop
  endfacet
  facet normal 0 0 0
    outer loop
      vertex 31.966 39.847 3.144
      vertex 31.966 40.181 3.344
      vertex 31 40.235 3.359
    endloop
  endfacet
  facet normal 0 0 0
    outer loop
      vertex 62.907 42.627 1.344
      vertex 62.548 43.542 1.048
      vertex 62.443 43.487 1.633
    endloop
  endfacet
  facet normal 0 0 0
    outer loop
      vertex 62.828 42.992 0.5
      vertex 62.387 43.875 0.5
      vertex 62.548 43.542 1.048
    endloop
  endfacet
  facet normal 0 0 0
    outer loop
      vertex 62.387 43.875 0.5
      vertex 62.067 43.415 0
      vertex 61.49 44.319 0
    endloop
  endfacet
  facet normal 0 0 0
    outer loop
      vertex 31.966 40.163 2.451
      vertex 31.966 40.958 3.4
      vertex 31.966 40.181 3.344
    endloop
  endfacet
  facet normal 0 0 0
    outer loop
      vertex 31.966 40.163 2.451
      vertex 31.966 39.644 2.88
      vertex 31.966 39.52 2.484
    endloop
  endfacet
  facet normal 0 0 0
    outer loop
      vertex 31.966 40.163 2.451
      vertex 31.966 39.847 3.144
      vertex 31.966 39.644 2.88
    endloop
  endfacet
  facet normal 0 0 0
    outer loop
      vertex 31.966 39.847 3.144
      vertex 31.966 40.163 2.451
      vertex 31.966 40.181 3.344
    endloop
  endfacet
  facet normal 0 0 0
    outer loop
      vertex 31.966 39.52 2.484
      vertex 31.966 40.037 1.962
      vertex 31.966 40.163 2.451
    endloop
  endfacet
  facet normal 0 0 0
    outer loop
      vertex 62.387 43.875 0.5
      vertex 62.828 42.992 0.5
      vertex 62.067 43.415 0
    endloop
  endfacet
  facet normal 0 0 0
    outer loop
      vertex 31.966 40.181 3.344
      vertex 31.966 40.958 3.4
      vertex 31 40.235 3.359
    endloop
  endfacet
  facet normal 0 0 0
    outer loop
      vertex 31.966 43.065 3.401
      vertex 31 43.568 3.398
      vertex 31 40.235 3.359
    endloop
  endfacet
  facet normal 0 0 0
    outer loop
      vertex 31.966 40.958 3.4
      vertex 31.966 43.065 3.401
      vertex 31 40.235 3.359
    endloop
  endfacet
  facet normal 0 0 0
    outer loop
      vertex 31 39.515 2.456
      vertex 31.966 39.515 0.944
      vertex 31.966 39.52 2.484
    endloop
  endfacet
  facet normal 0 0 0
    outer loop
      vertex 61.362 42.258 3.416
      vertex 62.157 41.438 3.093
      vertex 61.607 43.054 3.04
    endloop
  endfacet
  facet normal 0 0 0
    outer loop
      vertex 61.362 42.258 3.416
      vertex 61.67 41.319 3.416
      vertex 62.157 41.438 3.093
    endloop
  endfacet
  facet normal 0 0 0
    outer loop
      vertex 31.966 39.768 0.335
      vertex 31.966 40.422 0.49
      vertex 31.966 40.231 0.801
    endloop
  endfacet
  facet normal 0 0 0
    outer loop
      vertex 31.966 40.422 0.49
      vertex 31.966 39.768 0.335
      vertex 31.966 40.072 0.118
    endloop
  endfacet
  facet normal 0 0 0
    outer loop
      vertex 31.966 39.768 0.335
      vertex 31.966 40.231 0.801
      vertex 31.966 39.515 0.944
    endloop
  endfacet
  facet normal 0 0 0
    outer loop
      vertex 31.966 39.515 0.944
      vertex 31.966 40.231 0.801
      vertex 31.966 40.04 1.376
    endloop
  endfacet
  facet normal 0 0 0
    outer loop
      vertex 31.966 39.515 0.944
      vertex 31.966 40.037 1.962
      vertex 31.966 39.52 2.484
    endloop
  endfacet
  facet normal 0 0 0
    outer loop
      vertex 31.966 40.037 1.962
      vertex 31.966 39.515 0.944
      vertex 31.966 40.04 1.376
    endloop
  endfacet
  facet normal 0 0 0
    outer loop
      vertex 31.966 40.4 0.006
      vertex 31.966 40.422 0.49
      vertex 31.966 40.072 0.118
    endloop
  endfacet
  facet normal 0 0 0
    outer loop
      vertex 62.173 42.836 2.614
      vertex 62.56 43.008 1.914
      vertex 62.237 43.381 2.183
    endloop
  endfacet
  facet normal 0 0 0
    outer loop
      vertex 31.966 40.422 0.49
      vertex 31.966 40.4 0.006
      vertex 31.966 40.959 0
    endloop
  endfacet
  facet normal 0 0 0
    outer loop
      vertex 61.607 43.054 3.04
      vertex 62.157 41.438 3.093
      vertex 62.173 42.836 2.614
    endloop
  endfacet
  facet normal 0 0 0
    outer loop
      vertex 31.966 40.072 0.118
      vertex 31 40.345 0.016
      vertex 31.966 40.4 0.006
    endloop
  endfacet
  facet normal 0 0 0
    outer loop
      vertex 61.607 43.054 3.04
      vertex 62.173 42.836 2.614
      vertex 62.237 43.381 2.183
    endloop
  endfacet
  facet normal 0 0 0
    outer loop
      vertex 31 40.345 0.016
      vertex 31.966 40.072 0.118
      vertex 31 40.13 0.077
    endloop
  endfacet
  facet normal 0 0 0
    outer loop
      vertex 31.966 40.072 0.118
      vertex 31 39.768 0.335
      vertex 31 40.13 0.077
    endloop
  endfacet
  facet normal 0 0 0
    outer loop
      vertex 31.966 40.072 0.118
      vertex 31.966 39.768 0.335
      vertex 31 39.768 0.335
    endloop
  endfacet
  facet normal 0 0 0
    outer loop
      vertex 31.966 39.768 0.335
      vertex 31 39.553 0.724
      vertex 31 39.768 0.335
    endloop
  endfacet
  facet normal 0 0 0
    outer loop
      vertex 31.966 39.768 0.335
      vertex 31.966 39.515 0.944
      vertex 31 39.553 0.724
    endloop
  endfacet
  facet normal 0 0 0
    outer loop
      vertex 31.966 39.515 0.944
      vertex 31 39.515 0.944
      vertex 31 39.553 0.724
    endloop
  endfacet
  facet normal 0 0 0
    outer loop
      vertex 31.966 40.4 0.006
      vertex 31 40.345 0.016
      vertex 31.966 40.959 0
    endloop
  endfacet
  facet normal 0 0 0
    outer loop
      vertex 31.966 40.959 0
      vertex 31 40.345 0.016
      vertex 31.966 43.066 0.001
    endloop
  endfacet
  facet normal 0 0 0
    outer loop
      vertex 62.666 41.097 2.676
      vertex 62.157 41.438 3.093
      vertex 62.007 40.978 3.267
    endloop
  endfacet
  facet normal 0 0 0
    outer loop
      vertex 62.173 42.836 2.614
      vertex 62.157 41.438 3.093
      vertex 62.624 42.027 2.438
    endloop
  endfacet
  facet normal 0 0 0
    outer loop
      vertex 62.157 41.438 3.093
      vertex 62.666 41.097 2.676
      vertex 62.624 42.027 2.438
    endloop
  endfacet
  facet normal 0 0 0
    outer loop
      vertex 62.007 40.978 3.267
      vertex 62.157 41.438 3.093
      vertex 61.67 41.319 3.416
    endloop
  endfacet
  facet normal 0 0 0
    outer loop
      vertex 31.966 43.987 1.984
      vertex 31.966 43.69 2.774
      vertex 36.716 43.839 2.514
    endloop
  endfacet
  facet normal 0 0 0
    outer loop
      vertex 31.966 43.772 0.768
      vertex 38.133 43.47 0.331
      vertex 35.299 43.41 0.273
    endloop
  endfacet
  facet normal 0 0 0
    outer loop
      vertex 31.966 43.5 0.366
      vertex 31.966 43.772 0.768
      vertex 35.299 43.41 0.273
    endloop
  endfacet
  facet normal 0 0 0
    outer loop
      vertex 62.997 41.157 2.183
      vertex 63.025 41.649 1.914
      vertex 62.666 41.097 2.676
    endloop
  endfacet
  facet normal 0 0 0
    outer loop
      vertex 62.666 41.097 2.676
      vertex 63.025 41.649 1.914
      vertex 62.624 42.027 2.438
    endloop
  endfacet
  facet normal 0 0 0
    outer loop
      vertex 36.716 43.839 2.514
      vertex 31.966 43.69 2.774
      vertex 35.299 43.47 3.069
    endloop
  endfacet
  facet normal 0 0 0
    outer loop
      vertex 62.173 42.836 2.614
      vertex 62.624 42.027 2.438
      vertex 62.742 42.565 1.914
    endloop
  endfacet
  facet normal 0 0 0
    outer loop
      vertex 62.173 42.836 2.614
      vertex 62.742 42.565 1.914
      vertex 62.56 43.008 1.914
    endloop
  endfacet
  facet normal 0 0 0
    outer loop
      vertex 71.637 44.981 3.291
      vertex 72.364 44.981 2.944
      vertex 72.249 44.981 3.27
    endloop
  endfacet
  facet normal 0 0 0
    outer loop
      vertex 71.637 44.981 3.291
      vertex 71.94 44.981 3.821
      vertex 71.12 44.981 3.975
    endloop
  endfacet
  facet normal 0 0 0
    outer loop
      vertex 58.683 32.322 1.344
      vertex 58.369 32.12 0.5
      vertex 59.473 32.668 0.5
    endloop
  endfacet
  facet normal 0 0 0
    outer loop
      vertex 59.473 32.668 0.5
      vertex 58.369 32.12 0.5
      vertex 58.368 32.67 0
    endloop
  endfacet
  facet normal 0 0 0
    outer loop
      vertex 72.453 44.981 2.376
      vertex 72.422 45.731 2.662
      vertex 72.364 44.981 2.944
    endloop
  endfacet
  facet normal 0 0 0
    outer loop
      vertex 72.453 44.981 2.376
      vertex 72.471 45.731 2.147
      vertex 72.422 45.731 2.662
    endloop
  endfacet
  facet normal 0 0 0
    outer loop
      vertex 52.641 64.834 3.416
      vertex 53.055 64.854 3.485
      vertex 52.923 65.223 3.267
    endloop
  endfacet
  facet normal 0 0 0
    outer loop
      vertex 71.161 41.481 3.935
      vertex 71.12 44.981 3.975
      vertex 70.691 44.981 4.3
    endloop
  endfacet
  facet normal 0 0 0
    outer loop
      vertex 71.913 41.481 2.261
      vertex 71.91 44.981 2.042
      vertex 71.859 37.981 2.643
    endloop
  endfacet
  facet normal 0 0 0
    outer loop
      vertex 71.637 44.981 3.291
      vertex 71.12 44.981 3.975
      vertex 71.161 41.481 3.935
    endloop
  endfacet
  facet normal 0 0 0
    outer loop
      vertex 71.637 44.981 3.291
      vertex 71.161 41.481 3.935
      vertex 71.537 41.481 3.46
    endloop
  endfacet
  facet normal 0 0 0
    outer loop
      vertex 72.142 44.981 0.817
      vertex 71.897 44.981 0.427
      vertex 71.859 45.731 0.383
    endloop
  endfacet
  facet normal 0 0 0
    outer loop
      vertex 51.867 65.498 2.676
      vertex 52.058 65.116 3.093
      vertex 52.356 65.501 2.895
    endloop
  endfacet
  facet normal 0 0 0
    outer loop
      vertex 72.142 45.731 0.817
      vertex 72.142 44.981 0.817
      vertex 71.859 45.731 0.383
    endloop
  endfacet
  facet normal 0 0 0
    outer loop
      vertex 51.867 65.498 2.676
      vertex 51.018 64.751 2.895
      vertex 52.058 65.116 3.093
    endloop
  endfacet
  facet normal 0 0 0
    outer loop
      vertex 71.511 44.981 0
      vertex 71.271 44.981 0.478
      vertex 70.691 44.981 0
    endloop
  endfacet
  facet normal 0 0 0
    outer loop
      vertex 71.271 44.981 0.478
      vertex 71.511 44.981 0
      vertex 71.897 44.981 0.427
    endloop
  endfacet
  facet normal 0 0 0
    outer loop
      vertex 72.322 44.981 1.241
      vertex 71.91 44.981 2.042
      vertex 72.142 44.981 0.817
    endloop
  endfacet
  facet normal 0 0 0
    outer loop
      vertex 72.142 44.981 0.817
      vertex 71.271 44.981 0.478
      vertex 71.897 44.981 0.427
    endloop
  endfacet
  facet normal 0 0 0
    outer loop
      vertex 72.322 44.981 1.241
      vertex 72.471 45.731 2.147
      vertex 72.453 44.981 2.376
    endloop
  endfacet
  facet normal 0 0 0
    outer loop
      vertex 52.765 65.662 2.895
      vertex 52.356 65.501 2.895
      vertex 52.923 65.223 3.267
    endloop
  endfacet
  facet normal 0 0 0
    outer loop
      vertex 52.356 65.501 2.895
      vertex 52.641 64.834 3.416
      vertex 52.923 65.223 3.267
    endloop
  endfacet
  facet normal 0 0 0
    outer loop
      vertex 72.322 44.981 1.241
      vertex 72.142 44.981 0.817
      vertex 72.142 45.731 0.817
    endloop
  endfacet
  facet normal 0 0 0
    outer loop
      vertex 71.511 44.981 0
      vertex 71.859 45.731 0.383
      vertex 71.897 44.981 0.427
    endloop
  endfacet
  facet normal 0 0 0
    outer loop
      vertex 52.058 65.116 3.093
      vertex 52.641 64.834 3.416
      vertex 52.356 65.501 2.895
    endloop
  endfacet
  facet normal 0 0 0
    outer loop
      vertex 52.641 64.834 3.416
      vertex 52.058 65.116 3.093
      vertex 51.454 64.488 3.267
    endloop
  endfacet
  facet normal 0 0 0
    outer loop
      vertex 70.691 44.981 0
      vertex 71.271 44.981 0.478
      vertex 70.691 34.481 0
    endloop
  endfacet
  facet normal 0 0 0
    outer loop
      vertex 71.91 44.981 2.042
      vertex 72.322 44.981 1.241
      vertex 72.453 44.981 2.376
    endloop
  endfacet
  facet normal 0 0 0
    outer loop
      vertex 71.91 44.981 2.042
      vertex 71.913 41.481 2.261
      vertex 71.855 34.481 1.615
    endloop
  endfacet
  facet normal 0 0 0
    outer loop
      vertex 71.91 44.981 2.042
      vertex 72.364 44.981 2.944
      vertex 71.637 44.981 3.291
    endloop
  endfacet
  facet normal 0 0 0
    outer loop
      vertex 52.468 63.723 3.714
      vertex 53.055 64.854 3.485
      vertex 52.641 64.834 3.416
    endloop
  endfacet
  facet normal 0 0 0
    outer loop
      vertex 70.165 39.231 0
      vertex 70.165 46.231 4.3
      vertex 70.165 46.231 0
    endloop
  endfacet
  facet normal 0 0 0
    outer loop
      vertex 52.468 63.723 3.714
      vertex 52.641 64.834 3.416
      vertex 51.922 63.466 3.701
    endloop
  endfacet
  facet normal 0 0 0
    outer loop
      vertex 71.91 44.981 2.042
      vertex 71.271 44.981 0.478
      vertex 72.142 44.981 0.817
    endloop
  endfacet
  facet normal 0 0 0
    outer loop
      vertex 71.271 44.981 0.478
      vertex 71.91 44.981 2.042
      vertex 71.758 41.481 1.284
    endloop
  endfacet
  facet normal 0 0 0
    outer loop
      vertex 71.91 44.981 2.042
      vertex 71.874 41.481 1.71
      vertex 71.758 41.481 1.284
    endloop
  endfacet
  facet normal 0 0 0
    outer loop
      vertex 71.91 44.981 2.042
      vertex 71.855 34.481 1.615
      vertex 71.874 41.481 1.71
    endloop
  endfacet
  facet normal 0 0 0
    outer loop
      vertex 52.641 64.834 3.416
      vertex 51.454 64.488 3.267
      vertex 51.52 63.715 3.594
    endloop
  endfacet
  facet normal 0 0 0
    outer loop
      vertex 51.018 64.751 2.895
      vertex 50.173 63.743 3.093
      vertex 51.454 64.488 3.267
    endloop
  endfacet
  facet normal 0 0 0
    outer loop
      vertex 66.92 37.981 2.04
      vertex 66.938 44.981 1.828
      vertex 67.024 41.481 1.443
    endloop
  endfacet
  facet normal 0 0 0
    outer loop
      vertex 50.963 63.798 3.416
      vertex 51.52 63.715 3.594
      vertex 51.454 64.488 3.267
    endloop
  endfacet
  facet normal 0 0 0
    outer loop
      vertex 68.139 44.981 0
      vertex 68.139 34.481 0
      vertex 67.832 41.481 0.215
    endloop
  endfacet
  facet normal 0 0 0
    outer loop
      vertex 51.454 64.488 3.267
      vertex 52.058 65.116 3.093
      vertex 51.018 64.751 2.895
    endloop
  endfacet
  facet normal 0 0 0
    outer loop
      vertex 52.451 62.527 3.75
      vertex 50.476 61.999 3.701
      vertex 51.758 61.904 3.75
    endloop
  endfacet
  facet normal 0 0 0
    outer loop
      vertex 49.905 61.124 3.688
      vertex 50.476 61.999 3.701
      vertex 49.447 61.817 3.432
    endloop
  endfacet
  facet normal 0 0 0
    outer loop
      vertex 68.665 39.231 0
      vertex 68.665 46.231 0
      vertex 68.665 39.231 4.3
    endloop
  endfacet
  facet normal 0 0 0
    outer loop
      vertex 68.665 39.231 0
      vertex 70.165 39.231 4.3
      vertex 70.165 39.231 0
    endloop
  endfacet
  facet normal 0 0 0
    outer loop
      vertex 70.165 39.231 4.3
      vertex 68.665 39.231 0
      vertex 68.665 39.231 4.3
    endloop
  endfacet
  facet normal 0 0 0
    outer loop
      vertex 49.447 61.817 3.432
      vertex 50.131 62.953 3.416
      vertex 49.781 62.718 3.348
    endloop
  endfacet
  facet normal 0 0 0
    outer loop
      vertex 67.3 44.981 0.822
      vertex 67.319 37.981 0.791
      vertex 67.024 41.481 1.443
    endloop
  endfacet
  facet normal 0 0 0
    outer loop
      vertex 66.92 37.981 2.04
      vertex 67.024 41.481 1.443
      vertex 66.998 34.481 1.51
    endloop
  endfacet
  facet normal 0 0 0
    outer loop
      vertex 67.319 37.981 0.791
      vertex 67.559 44.981 0.478
      vertex 67.832 41.481 0.215
    endloop
  endfacet
  facet normal 0 0 0
    outer loop
      vertex 67.319 37.981 0.791
      vertex 67.832 41.481 0.215
      vertex 67.874 34.481 0.184
    endloop
  endfacet
  facet normal 0 0 0
    outer loop
      vertex 13.33 66.801 2.829
      vertex 13.583 67.501 2.174
      vertex 13.416 67.501 2.675
    endloop
  endfacet
  facet normal 0 0 0
    outer loop
      vertex 13.583 66.801 2.174
      vertex 13.583 67.501 2.174
      vertex 13.33 66.801 2.829
    endloop
  endfacet
  facet normal 0 0 0
    outer loop
      vertex 12.758 68.002 2.8
      vertex 11.752 67.501 3.3
      vertex 12.989 67.501 3.3
    endloop
  endfacet
  facet normal 0 0 0
    outer loop
      vertex 11.752 67.501 3.3
      vertex 12.758 68.002 2.8
      vertex 11.752 68.002 2.8
    endloop
  endfacet
  facet normal 0 0 0
    outer loop
      vertex 57.563 54.667 3.75
      vertex 57.633 54.015 3.749
      vertex 58.104 54.308 3.75
    endloop
  endfacet
  facet normal 0 0 0
    outer loop
      vertex 12.989 67.501 3.3
      vertex 13.416 67.501 2.675
      vertex 12.758 68.002 2.8
    endloop
  endfacet
  facet normal 0 0 0
    outer loop
      vertex 58.104 54.308 3.75
      vertex 58.237 53.566 3.655
      vertex 58.702 54.135 3.701
    endloop
  endfacet
  facet normal 0 0 0
    outer loop
      vertex 57.633 54.015 3.749
      vertex 58.237 53.566 3.655
      vertex 58.104 54.308 3.75
    endloop
  endfacet
  facet normal 0 0 0
    outer loop
      vertex 12.758 68 0.499
      vertex 11.752 67.501 0
      vertex 11.752 68.002 0.5
    endloop
  endfacet
  facet normal 0 0 0
    outer loop
      vertex 58.237 53.566 3.655
      vertex 58.894 53.562 3.539
      vertex 58.702 54.135 3.701
    endloop
  endfacet
  facet normal 0 0 0
    outer loop
      vertex 13.416 67.501 2.675
      vertex 13.135 68.002 1.743
      vertex 12.758 68.002 2.8
    endloop
  endfacet
  facet normal 0 0 0
    outer loop
      vertex 13.52 67.501 0.9
      vertex 13.089 68.002 1.189
      vertex 13.135 68.002 1.743
    endloop
  endfacet
  facet normal 0 0 0
    outer loop
      vertex 59.357 54.821 3.714
      vertex 58.702 54.135 3.701
      vertex 59.813 53.969 3.416
    endloop
  endfacet
  facet normal 0 0 0
    outer loop
      vertex 13.52 67.501 0.9
      vertex 13.135 68.002 1.743
      vertex 13.643 67.501 1.532
    endloop
  endfacet
  facet normal 0 0 0
    outer loop
      vertex 12.758 68 0.499
      vertex 11.752 68.002 2.8
      vertex 13.089 68.002 1.189
    endloop
  endfacet
  facet normal 0 0 0
    outer loop
      vertex 58.181 55.087 3.75
      vertex 57.479 54.628 2
      vertex 57.563 54.667 3.75
    endloop
  endfacet
  facet normal 0 0 0
    outer loop
      vertex 11.752 68.002 0.5
      vertex 11.752 68.002 2.8
      vertex 12.758 68 0.499
    endloop
  endfacet
  facet normal 0 0 0
    outer loop
      vertex 58.181 55.087 3.75
      vertex 58.181 55.087 2
      vertex 57.479 54.628 2
    endloop
  endfacet
  facet normal 0 0 0
    outer loop
      vertex 58.181 55.087 3.75
      vertex 58.724 55.598 2
      vertex 58.181 55.087 2
    endloop
  endfacet
  facet normal 0 0 0
    outer loop
      vertex 13.135 68.002 1.743
      vertex 13.583 67.501 2.174
      vertex 13.643 67.501 1.532
    endloop
  endfacet
  facet normal 0 0 0
    outer loop
      vertex 57.479 54.628 2
      vertex 56.711 56.489 2
      vertex 56.208 56.233 2
    endloop
  endfacet
  facet normal 0 0 0
    outer loop
      vertex 58.181 55.087 2
      vertex 57.149 56.843 2
      vertex 56.711 56.489 2
    endloop
  endfacet
  facet normal 0 0 0
    outer loop
      vertex 57.479 54.628 2
      vertex 56.208 56.233 2
      vertex 56.17 54.146 2
    endloop
  endfacet
  facet normal 0 0 0
    outer loop
      vertex 13.135 68.002 1.743
      vertex 13.416 67.501 2.675
      vertex 13.583 67.501 2.174
    endloop
  endfacet
  facet normal 0 0 0
    outer loop
      vertex 12.989 67.501 0
      vertex 13.366 67.501 0.519
      vertex 13.416 66.801 0.625
    endloop
  endfacet
  facet normal 0 0 0
    outer loop
      vertex 59.357 54.821 3.714
      vertex 60.198 55.264 3.634
      vertex 60.364 56.092 3.701
    endloop
  endfacet
  facet normal 0 0 0
    outer loop
      vertex 12.989 67.501 0
      vertex 13.416 66.801 0.625
      vertex 12.989 66.801 0
    endloop
  endfacet
  facet normal 0 0 0
    outer loop
      vertex 12.989 67.501 0
      vertex 11.752 67.501 0
      vertex 12.758 68 0.499
    endloop
  endfacet
  facet normal 0 0 0
    outer loop
      vertex 60.198 55.264 3.634
      vertex 60.516 54.797 3.423
      vertex 60.689 55.496 3.539
    endloop
  endfacet
  facet normal 0 0 0
    outer loop
      vertex 13.116 66.801 1.904
      vertex 13.583 66.801 2.174
      vertex 12.965 66.801 2.461
    endloop
  endfacet
  facet normal 0 0 0
    outer loop
      vertex 13.583 66.801 2.174
      vertex 13.116 66.801 1.904
      vertex 13.643 66.801 1.532
    endloop
  endfacet
  facet normal 0 0 0
    outer loop
      vertex 61.427 54.799 2.895
      vertex 62.099 55.191 2.438
      vertex 61.759 55.368 2.895
    endloop
  endfacet
  facet normal 0 0 0
    outer loop
      vertex 13.416 66.801 0.625
      vertex 13.09 66.801 1.189
      vertex 12.648 66.801 0.382
    endloop
  endfacet
  facet normal 0 0 0
    outer loop
      vertex 13.416 66.801 0.625
      vertex 12.648 66.801 0.382
      vertex 12.989 66.801 0
    endloop
  endfacet
  facet normal 0 0 0
    outer loop
      vertex 13.09 66.801 1.189
      vertex 13.416 66.801 0.625
      vertex 13.643 66.801 1.532
    endloop
  endfacet
  facet normal 0 0 0
    outer loop
      vertex 61.427 54.799 2.895
      vertex 61.75 54.593 2.438
      vertex 62.099 55.191 2.438
    endloop
  endfacet
  facet normal 0 0 0
    outer loop
      vertex 13.643 66.801 1.532
      vertex 13.116 66.801 1.904
      vertex 13.09 66.801 1.189
    endloop
  endfacet
  facet normal 0 0 0
    outer loop
      vertex 12.989 66.801 0
      vertex 12.648 66.801 0.382
      vertex 12.187 66.801 0
    endloop
  endfacet
  facet normal 0 0 0
    outer loop
      vertex 13.583 67.501 2.174
      vertex 13.643 66.801 1.532
      vertex 13.643 67.501 1.532
    endloop
  endfacet
  facet normal 0 0 0
    outer loop
      vertex 13.643 66.801 1.532
      vertex 13.583 67.501 2.174
      vertex 13.583 66.801 2.174
    endloop
  endfacet
  facet normal 0 0 0
    outer loop
      vertex 13.643 66.801 1.532
      vertex 13.52 67.501 0.9
      vertex 13.643 67.501 1.532
    endloop
  endfacet
  facet normal 0 0 0
    outer loop
      vertex 13.643 66.801 1.532
      vertex 13.416 66.801 0.625
      vertex 13.52 67.501 0.9
    endloop
  endfacet
  facet normal 0 0 0
    outer loop
      vertex 13.416 66.801 0.625
      vertex 13.366 67.501 0.519
      vertex 13.52 67.501 0.9
    endloop
  endfacet
  facet normal 0 0 0
    outer loop
      vertex 59.813 53.969 3.416
      vertex 60.198 55.264 3.634
      vertex 59.357 54.821 3.714
    endloop
  endfacet
  facet normal 0 0 0
    outer loop
      vertex 60.198 55.264 3.634
      vertex 59.813 53.969 3.416
      vertex 60.516 54.797 3.423
    endloop
  endfacet
  facet normal 0 0 0
    outer loop
      vertex 13.089 68.002 1.189
      vertex 13.366 67.501 0.519
      vertex 12.758 68 0.499
    endloop
  endfacet
  facet normal 0 0 0
    outer loop
      vertex 13.089 68.002 1.189
      vertex 13.52 67.501 0.9
      vertex 13.366 67.501 0.519
    endloop
  endfacet
  facet normal 0 0 0
    outer loop
      vertex 13.366 67.501 0.519
      vertex 12.989 67.501 0
      vertex 12.758 68 0.499
    endloop
  endfacet
  facet normal 0 0 0
    outer loop
      vertex 60.516 54.797 3.423
      vertex 60.873 54.396 3.093
      vertex 61.427 54.799 2.895
    endloop
  endfacet
  facet normal 0 0 0
    outer loop
      vertex 11.752 67.501 3.3
      vertex 11.752 67.501 0
      vertex 11.752 60.098 0
    endloop
  endfacet
  facet normal 0 0 0
    outer loop
      vertex 12.648 66.801 2.918
      vertex 12.187 66.801 3.3
      vertex 12.523 57.501 3.056
    endloop
  endfacet
  facet normal 0 0 0
    outer loop
      vertex 61.427 54.799 2.895
      vertex 61.345 55.583 3.267
      vertex 60.516 54.797 3.423
    endloop
  endfacet
  facet normal 0 0 0
    outer loop
      vertex 10.746 67.501 3.3
      vertex 10.746 60.098 0
      vertex 10.746 67.501 0
    endloop
  endfacet
  facet normal 0 0 0
    outer loop
      vertex 9.356 57.501 1.603
      vertex 9.408 66.801 2.111
      vertex 9.356 66.801 1.697
    endloop
  endfacet
  facet normal 0 0 0
    outer loop
      vertex 60.602 54.067 3.093
      vertex 60.806 53.269 2.314
      vertex 61.177 53.565 2.183
    endloop
  endfacet
  facet normal 0 0 0
    outer loop
      vertex 12.965 66.801 2.461
      vertex 13.09 57.501 2.111
      vertex 13.116 66.801 1.904
    endloop
  endfacet
  facet normal 0 0 0
    outer loop
      vertex 60.873 54.396 3.093
      vertex 61.177 53.565 2.183
      vertex 61.427 54.799 2.895
    endloop
  endfacet
  facet normal 0 0 0
    outer loop
      vertex 61.177 53.565 2.183
      vertex 61.75 54.593 2.438
      vertex 61.427 54.799 2.895
    endloop
  endfacet
  facet normal 0 0 0
    outer loop
      vertex 61.177 53.565 2.183
      vertex 60.873 54.396 3.093
      vertex 60.602 54.067 3.093
    endloop
  endfacet
  facet normal 0 0 0
    outer loop
      vertex 13.126 57.501 1.372
      vertex 13.116 66.801 1.904
      vertex 13.09 57.501 2.111
    endloop
  endfacet
  facet normal 0 0 0
    outer loop
      vertex 58.894 53.562 3.539
      vertex 59.2 53.128 3.267
      vertex 59.813 53.969 3.416
    endloop
  endfacet
  facet normal 0 0 0
    outer loop
      vertex 20.754 67.015 2.8
      vertex 21.76 67.015 2.8
      vertex 22.032 67.015 2.263
    endloop
  endfacet
  facet normal 0 0 0
    outer loop
      vertex 22.119 67.015 1.373
      vertex 21.966 67.015 0.839
      vertex 20.754 67.015 2.8
    endloop
  endfacet
  facet normal 0 0 0
    outer loop
      vertex 22.032 67.015 2.263
      vertex 22.119 67.015 1.373
      vertex 20.754 67.015 2.8
    endloop
  endfacet
  facet normal 0 0 0
    outer loop
      vertex 59.813 53.969 3.416
      vertex 58.702 54.135 3.701
      vertex 58.894 53.562 3.539
    endloop
  endfacet
  facet normal 0 0 0
    outer loop
      vertex 60.873 54.396 3.093
      vertex 60.516 54.797 3.423
      vertex 60.602 54.067 3.093
    endloop
  endfacet
  facet normal 0 0 0
    outer loop
      vertex 19.313 65.814 3.3
      vertex 19.648 66.514 3.3
      vertex 18.511 66.514 3.3
    endloop
  endfacet
  facet normal 0 0 0
    outer loop
      vertex 18.511 65.814 3.3
      vertex 19.313 65.814 3.3
      vertex 18.511 66.514 3.3
    endloop
  endfacet
  facet normal 0 0 0
    outer loop
      vertex 60.516 54.797 3.423
      vertex 60.159 53.607 3.093
      vertex 60.602 54.067 3.093
    endloop
  endfacet
  facet normal 0 0 0
    outer loop
      vertex 20.754 66.514 3.3
      vertex 21.189 65.814 3.3
      vertex 21.991 66.514 3.3
    endloop
  endfacet
  facet normal 0 0 0
    outer loop
      vertex 21.991 66.514 3.3
      vertex 21.189 65.814 3.3
      vertex 21.991 65.814 3.3
    endloop
  endfacet
  facet normal 0 0 0
    outer loop
      vertex 60.159 53.607 3.093
      vertex 60.516 54.797 3.423
      vertex 59.813 53.969 3.416
    endloop
  endfacet
  facet normal 0 0 0
    outer loop
      vertex 59.813 53.969 3.416
      vertex 59.2 53.128 3.267
      vertex 60.159 53.607 3.093
    endloop
  endfacet
  facet normal 0 0 0
    outer loop
      vertex 18.511 66.514 3.3
      vertex 18.17 66.514 2.829
      vertex 18.094 65.814 2.67
    endloop
  endfacet
  facet normal 0 0 0
    outer loop
      vertex 18.17 66.514 2.829
      vertex 17.926 66.514 2.232
      vertex 18.094 65.814 2.67
    endloop
  endfacet
  facet normal 0 0 0
    outer loop
      vertex 18.511 66.514 3.3
      vertex 18.094 65.814 2.67
      vertex 18.511 65.814 3.3
    endloop
  endfacet
  facet normal 0 0 0
    outer loop
      vertex 18.511 66.514 3.3
      vertex 18.742 67.013 2.801
      vertex 18.17 66.514 2.829
    endloop
  endfacet
  facet normal 0 0 0
    outer loop
      vertex 18.17 66.514 2.829
      vertex 18.52 67.015 2.417
      vertex 17.926 66.514 2.232
    endloop
  endfacet
  facet normal 0 0 0
    outer loop
      vertex 18.17 66.514 2.829
      vertex 18.742 67.013 2.801
      vertex 18.52 67.015 2.417
    endloop
  endfacet
  facet normal 0 0 0
    outer loop
      vertex 18.742 67.013 2.801
      vertex 19.648 67.014 2.8
      vertex 18.52 67.015 2.417
    endloop
  endfacet
  facet normal 0 0 0
    outer loop
      vertex 19.648 66.514 3.3
      vertex 18.742 67.013 2.801
      vertex 18.511 66.514 3.3
    endloop
  endfacet
  facet normal 0 0 0
    outer loop
      vertex 18.742 67.013 2.801
      vertex 19.648 66.514 3.3
      vertex 19.648 67.014 2.8
    endloop
  endfacet
  facet normal 0 0 0
    outer loop
      vertex 61.407 53.364 1.344
      vertex 62.006 54.138 1.344
      vertex 61.177 53.565 2.183
    endloop
  endfacet
  facet normal 0 0 0
    outer loop
      vertex 43.291 29.892 0
      vertex 40.715 29.457 0
      vertex 43.314 30.51 0
    endloop
  endfacet
  facet normal 0 0 0
    outer loop
      vertex 49.781 62.718 3.348
      vertex 48.829 61.838 3.093
      vertex 49.447 61.817 3.432
    endloop
  endfacet
  facet normal 0 0 0
    outer loop
      vertex 40.298 47.102 1.722
      vertex 41.134 47.114 1.936
      vertex 40.298 47.184 2.272
    endloop
  endfacet
  facet normal 0 0 0
    outer loop
      vertex 49.781 62.718 3.348
      vertex 49.578 62.865 3.186
      vertex 48.829 61.838 3.093
    endloop
  endfacet
  facet normal 0 0 0
    outer loop
      vertex 50.963 63.798 3.416
      vertex 50.173 63.743 3.093
      vertex 50.131 62.953 3.416
    endloop
  endfacet
  facet normal 0 0 0
    outer loop
      vertex 49.571 63.413 2.895
      vertex 49.578 62.865 3.186
      vertex 49.781 62.718 3.348
    endloop
  endfacet
  facet normal 0 0 0
    outer loop
      vertex 40.027 47.289 1.977
      vertex 39.966 47.536 2.015
      vertex 39.966 47.536 1.384
    endloop
  endfacet
  facet normal 0 0 0
    outer loop
      vertex 50.131 62.953 3.416
      vertex 50.173 63.743 3.093
      vertex 49.571 63.413 2.895
    endloop
  endfacet
  facet normal 0 0 0
    outer loop
      vertex 50.131 62.953 3.416
      vertex 49.571 63.413 2.895
      vertex 49.781 62.718 3.348
    endloop
  endfacet
  facet normal 0 0 0
    outer loop
      vertex 50.173 63.743 3.093
      vertex 49.275 63.657 2.438
      vertex 49.571 63.413 2.895
    endloop
  endfacet
  facet normal 0 0 0
    outer loop
      vertex 49.275 63.657 2.438
      vertex 49.302 63.066 2.895
      vertex 49.571 63.413 2.895
    endloop
  endfacet
  facet normal 0 0 0
    outer loop
      vertex 49.578 62.865 3.186
      vertex 49.571 63.413 2.895
      vertex 49.302 63.066 2.895
    endloop
  endfacet
  facet normal 0 0 0
    outer loop
      vertex 50.476 61.999 3.701
      vertex 52.468 63.723 3.714
      vertex 51.922 63.466 3.701
    endloop
  endfacet
  facet normal 0 0 0
    outer loop
      vertex 40.298 47.114 1.464
      vertex 40.133 47.201 1.284
      vertex 40.298 47.18 1.127
    endloop
  endfacet
  facet normal 0 0 0
    outer loop
      vertex 50.476 61.999 3.701
      vertex 51.362 61.385 3.75
      vertex 51.758 61.904 3.75
    endloop
  endfacet
  facet normal 0 0 0
    outer loop
      vertex 39.99 47.417 1.134
      vertex 40.064 47.304 1.099
      vertex 39.966 47.536 1.384
    endloop
  endfacet
  facet normal 0 0 0
    outer loop
      vertex 40.027 47.289 1.977
      vertex 39.966 47.536 1.384
      vertex 40.07 47.206 1.619
    endloop
  endfacet
  facet normal 0 0 0
    outer loop
      vertex 52.602 62.638 2
      vertex 52.451 62.527 3.75
      vertex 51.758 61.904 2
    endloop
  endfacet
  facet normal 0 0 0
    outer loop
      vertex 51.758 61.904 2
      vertex 52.451 62.527 3.75
      vertex 51.758 61.904 3.75
    endloop
  endfacet
  facet normal 0 0 0
    outer loop
      vertex 53.341 63.863 3.738
      vertex 50.476 61.999 3.701
      vertex 53.423 63.08 3.75
    endloop
  endfacet
  facet normal 0 0 0
    outer loop
      vertex 40.07 47.206 1.619
      vertex 40.133 47.201 1.284
      vertex 40.298 47.114 1.464
    endloop
  endfacet
  facet normal 0 0 0
    outer loop
      vertex 52.451 62.527 3.75
      vertex 53.423 63.08 3.75
      vertex 50.476 61.999 3.701
    endloop
  endfacet
  facet normal 0 0 0
    outer loop
      vertex 51.362 61.385 3.75
      vertex 51.758 61.904 2
      vertex 51.758 61.904 3.75
    endloop
  endfacet
  facet normal 0 0 0
    outer loop
      vertex 40.133 47.201 1.284
      vertex 40.07 47.206 1.619
      vertex 39.966 47.536 1.384
    endloop
  endfacet
  facet normal 0 0 0
    outer loop
      vertex 40.064 47.304 1.099
      vertex 40.133 47.201 1.284
      vertex 39.966 47.536 1.384
    endloop
  endfacet
  facet normal 0 0 0
    outer loop
      vertex 51.922 63.466 3.701
      vertex 52.641 64.834 3.416
      vertex 51.52 63.715 3.594
    endloop
  endfacet
  facet normal 0 0 0
    outer loop
      vertex 51.922 63.466 3.701
      vertex 51.52 63.715 3.594
      vertex 51.323 63.374 3.634
    endloop
  endfacet
  facet normal 0 0 0
    outer loop
      vertex 40.298 47.18 1.127
      vertex 40.064 47.304 1.099
      vertex 40.042 47.452 0.809
    endloop
  endfacet
  facet normal 0 0 0
    outer loop
      vertex 40.133 47.201 1.284
      vertex 40.064 47.304 1.099
      vertex 40.298 47.18 1.127
    endloop
  endfacet
  facet normal 0 0 0
    outer loop
      vertex 51.52 63.715 3.594
      vertex 50.963 63.798 3.416
      vertex 51.323 63.374 3.634
    endloop
  endfacet
  facet normal 0 0 0
    outer loop
      vertex 51.323 63.374 3.634
      vertex 50.476 61.999 3.701
      vertex 51.922 63.466 3.701
    endloop
  endfacet
  facet normal 0 0 0
    outer loop
      vertex 50.476 61.999 3.701
      vertex 51.323 63.374 3.634
      vertex 49.447 61.817 3.432
    endloop
  endfacet
  facet normal 0 0 0
    outer loop
      vertex 50.131 62.953 3.416
      vertex 49.447 61.817 3.432
      vertex 51.323 63.374 3.634
    endloop
  endfacet
  facet normal 0 0 0
    outer loop
      vertex 51.323 63.374 3.634
      vertex 50.963 63.798 3.416
      vertex 50.131 62.953 3.416
    endloop
  endfacet
  facet normal 0 0 0
    outer loop
      vertex 40.316 47.826 0.107
      vertex 40.245 47.982 0
      vertex 41.131 47.962 0
    endloop
  endfacet
  facet normal 0 0 0
    outer loop
      vertex 53.624 64.289 3.701
      vertex 53.341 63.863 3.738
      vertex 54.028 64.068 3.738
    endloop
  endfacet
  facet normal 0 0 0
    outer loop
      vertex 53.341 63.863 3.738
      vertex 53.624 64.289 3.701
      vertex 53.055 64.854 3.485
    endloop
  endfacet
  facet normal 0 0 0
    outer loop
      vertex 39.967 48.009 0.385
      vertex 38.133 47.798 0.665
      vertex 38.133 47.943 0.459
    endloop
  endfacet
  facet normal 0 0 0
    outer loop
      vertex 38.133 47.798 0.665
      vertex 39.967 48.009 0.385
      vertex 39.966 47.733 0.785
    endloop
  endfacet
  facet normal 0 0 0
    outer loop
      vertex 53.055 64.854 3.485
      vertex 53.624 64.289 3.701
      vertex 53.694 64.68 3.607
    endloop
  endfacet
  facet normal 0 0 0
    outer loop
      vertex 54.028 64.068 3.738
      vertex 55.414 64.474 3.707
      vertex 53.694 64.68 3.607
    endloop
  endfacet
  facet normal 0 0 0
    outer loop
      vertex 40.298 47.471 0.507
      vertex 40.09 47.795 0.256
      vertex 40.316 47.826 0.107
    endloop
  endfacet
  facet normal 0 0 0
    outer loop
      vertex 39.981 48.456 0
      vertex 39.967 48.009 0.385
      vertex 38.133 47.943 0.459
    endloop
  endfacet
  facet normal 0 0 0
    outer loop
      vertex 53.624 64.289 3.701
      vertex 54.028 64.068 3.738
      vertex 53.694 64.68 3.607
    endloop
  endfacet
  facet normal 0 0 0
    outer loop
      vertex 38.133 47.684 0.888
      vertex 38.133 47.798 0.665
      vertex 39.966 47.733 0.785
    endloop
  endfacet
  facet normal 0 0 0
    outer loop
      vertex 52.468 63.723 3.714
      vertex 53.341 63.863 3.738
      vertex 53.055 64.854 3.485
    endloop
  endfacet
  facet normal 0 0 0
    outer loop
      vertex 52.923 65.223 3.267
      vertex 53.055 64.854 3.485
      vertex 53.694 64.68 3.607
    endloop
  endfacet
  facet normal 0 0 0
    outer loop
      vertex 39.967 48.009 0.385
      vertex 39.981 48.456 0
      vertex 40.101 48.094 0
    endloop
  endfacet
  facet normal 0 0 0
    outer loop
      vertex 54.748 65.345 3.416
      vertex 52.923 65.223 3.267
      vertex 53.694 64.68 3.607
    endloop
  endfacet
  facet normal 0 0 0
    outer loop
      vertex 40.101 48.094 0
      vertex 40.09 47.795 0.256
      vertex 39.967 48.009 0.385
    endloop
  endfacet
  facet normal 0 0 0
    outer loop
      vertex 53.694 64.68 3.607
      vertex 54.964 64.949 3.594
      vertex 54.748 65.345 3.416
    endloop
  endfacet
  facet normal 0 0 0
    outer loop
      vertex 40.316 47.826 0.107
      vertex 40.09 47.795 0.256
      vertex 40.245 47.982 0
    endloop
  endfacet
  facet normal 0 0 0
    outer loop
      vertex 40.09 47.795 0.256
      vertex 40.101 48.094 0
      vertex 40.245 47.982 0
    endloop
  endfacet
  facet normal 0 0 0
    outer loop
      vertex 52.468 63.723 3.714
      vertex 50.476 61.999 3.701
      vertex 53.341 63.863 3.738
    endloop
  endfacet
  facet normal 0 0 0
    outer loop
      vertex 40.09 47.795 0.256
      vertex 40.042 47.452 0.809
      vertex 39.967 48.009 0.385
    endloop
  endfacet
  facet normal 0 0 0
    outer loop
      vertex 43.257 32.256 3.401
      vertex 40.715 32.549 3.401
      vertex 43.309 31.933 3.401
    endloop
  endfacet
  facet normal 0 0 0
    outer loop
      vertex 43.309 31.933 3.401
      vertex 40.715 32.549 3.401
      vertex 43.314 31.508 3.401
    endloop
  endfacet
  facet normal 0 0 0
    outer loop
      vertex 62.56 43.008 1.914
      vertex 62.907 42.627 1.344
      vertex 62.443 43.487 1.633
    endloop
  endfacet
  facet normal 0 0 0
    outer loop
      vertex 42.978 32.55 3.401
      vertex 43.257 32.256 3.401
      vertex 43.144 32.463 3.401
    endloop
  endfacet
  facet normal 0 0 0
    outer loop
      vertex 63.025 41.649 1.914
      vertex 62.742 42.565 1.914
      vertex 62.624 42.027 2.438
    endloop
  endfacet
  facet normal 0 0 0
    outer loop
      vertex 43.196 33.236 2.268
      vertex 43.101 33.259 2.408
      vertex 43.1 33.003 2.894
    endloop
  endfacet
  facet normal 0 0 0
    outer loop
      vertex 62.56 43.008 1.914
      vertex 62.742 42.565 1.914
      vertex 62.907 42.627 1.344
    endloop
  endfacet
  facet normal 0 0 0
    outer loop
      vertex 43.1 33.003 2.894
      vertex 43.216 32.866 2.947
      vertex 43.196 33.236 2.268
    endloop
  endfacet
  facet normal 0 0 0
    outer loop
      vertex 62.742 42.565 1.914
      vertex 63.025 41.649 1.914
      vertex 62.907 42.627 1.344
    endloop
  endfacet
  facet normal 0 0 0
    outer loop
      vertex 43.101 33.259 2.408
      vertex 42.973 33.303 2.366
      vertex 42.973 33.076 2.827
    endloop
  endfacet
  facet normal 0 0 0
    outer loop
      vertex 63.085 42.298 0.5
      vertex 62.907 42.627 1.344
      vertex 63.195 41.691 1.344
    endloop
  endfacet
  facet normal 0 0 0
    outer loop
      vertex 43.29 33.182 1.662
      vertex 43.196 33.236 2.268
      vertex 43.311 32.924 2.449
    endloop
  endfacet
  facet normal 0 0 0
    outer loop
      vertex 43.196 33.236 2.268
      vertex 43.216 32.866 2.947
      vertex 43.311 32.924 2.449
    endloop
  endfacet
  facet normal 0 0 0
    outer loop
      vertex 43.1 33.003 2.894
      vertex 42.973 33.076 2.827
      vertex 42.973 32.756 3.228
    endloop
  endfacet
  facet normal 0 0 0
    outer loop
      vertex 62.907 42.627 1.344
      vertex 63.025 41.649 1.914
      vertex 63.195 41.691 1.344
    endloop
  endfacet
  facet normal 0 0 0
    outer loop
      vertex 63.297 41.212 1.344
      vertex 63.025 41.649 1.914
      vertex 62.997 41.157 2.183
    endloop
  endfacet
  facet normal 0 0 0
    outer loop
      vertex 43.308 32.886 0.831
      vertex 43.308 33.076 1.357
      vertex 43.311 32.924 2.449
    endloop
  endfacet
  facet normal 0 0 0
    outer loop
      vertex 63.297 41.212 1.344
      vertex 63.195 41.691 1.344
      vertex 63.025 41.649 1.914
    endloop
  endfacet
  facet normal 0 0 0
    outer loop
      vertex 43.1 33.003 2.894
      vertex 43.101 33.259 2.408
      vertex 42.973 33.076 2.827
    endloop
  endfacet
  facet normal 0 0 0
    outer loop
      vertex 62.907 42.627 1.344
      vertex 62.828 42.992 0.5
      vertex 62.548 43.542 1.048
    endloop
  endfacet
  facet normal 0 0 0
    outer loop
      vertex 63.24 41.765 0.825
      vertex 63.085 42.298 0.5
      vertex 63.195 41.691 1.344
    endloop
  endfacet
  facet normal 0 0 0
    outer loop
      vertex 62.907 42.627 1.344
      vertex 63.085 42.298 0.5
      vertex 62.828 42.992 0.5
    endloop
  endfacet
  facet normal 0 0 0
    outer loop
      vertex 62.067 43.415 0
      vertex 62.828 42.992 0.5
      vertex 63.085 42.298 0.5
    endloop
  endfacet
  facet normal 0 0 0
    outer loop
      vertex 62.067 43.415 0
      vertex 63.085 42.298 0.5
      vertex 63.285 41.586 0.5
    endloop
  endfacet
  facet normal 0 0 0
    outer loop
      vertex 42.973 32.972 0.414
      vertex 40.726 33.077 0.576
      vertex 42.973 33.296 1.016
    endloop
  endfacet
  facet normal 0 0 0
    outer loop
      vertex 62.813 41.408 0
      vertex 62.067 43.415 0
      vertex 63.285 41.586 0.5
    endloop
  endfacet
  facet normal 0 0 0
    outer loop
      vertex 63.285 41.586 0.5
      vertex 63.195 41.691 1.344
      vertex 63.297 41.212 1.344
    endloop
  endfacet
  facet normal 0 0 0
    outer loop
      vertex 63.24 41.765 0.825
      vertex 63.195 41.691 1.344
      vertex 63.285 41.586 0.5
    endloop
  endfacet
  facet normal 0 0 0
    outer loop
      vertex 63.285 41.586 0.5
      vertex 63.085 42.298 0.5
      vertex 63.24 41.765 0.825
    endloop
  endfacet
  facet normal 0 0 0
    outer loop
      vertex 43.169 33.031 0.639
      vertex 43.253 33.105 0.965
      vertex 43.308 32.886 0.831
    endloop
  endfacet
  facet normal 0 0 0
    outer loop
      vertex 43.246 32.64 0.28
      vertex 43.101 32.758 0.215
      vertex 42.973 32.972 0.414
    endloop
  endfacet
  facet normal 0 0 0
    outer loop
      vertex 42.973 32.972 0.414
      vertex 43.169 33.031 0.639
      vertex 43.246 32.64 0.28
    endloop
  endfacet
  facet normal 0 0 0
    outer loop
      vertex 43.169 33.031 0.639
      vertex 42.973 33.296 1.016
      vertex 43.253 33.105 0.965
    endloop
  endfacet
  facet normal 0 0 0
    outer loop
      vertex 43.132 33.359 1.616
      vertex 43.259 33.198 1.268
      vertex 42.973 33.296 1.016
    endloop
  endfacet
  facet normal 0 0 0
    outer loop
      vertex 42.973 33.411 1.691
      vertex 43.216 33.28 1.985
      vertex 43.132 33.359 1.616
    endloop
  endfacet
  facet normal 0 0 0
    outer loop
      vertex 42.973 33.411 1.691
      vertex 43.101 33.259 2.408
      vertex 43.196 33.236 2.268
    endloop
  endfacet
  facet normal 0 0 0
    outer loop
      vertex 42.973 33.411 1.691
      vertex 42.973 33.303 2.366
      vertex 43.101 33.259 2.408
    endloop
  endfacet
  facet normal 0 0 0
    outer loop
      vertex 49.18 39.113 3.624
      vertex 49.598 38.55 3.701
      vertex 49.827 39.109 3.738
    endloop
  endfacet
  facet normal 0 0 0
    outer loop
      vertex 49.598 38.55 3.701
      vertex 49.68 38.215 3.701
      vertex 49.827 39.109 3.738
    endloop
  endfacet
  facet normal 0 0 0
    outer loop
      vertex 31.966 43.987 1.984
      vertex 35.299 43.925 2.278
      vertex 31.966 44.004 1.539
    endloop
  endfacet
  facet normal 0 0 0
    outer loop
      vertex 50.569 39.284 3.75
      vertex 50.554 40.03 3.75
      vertex 49.827 39.109 3.738
    endloop
  endfacet
  facet normal 0 0 0
    outer loop
      vertex 35.299 43.925 2.278
      vertex 31.966 43.987 1.984
      vertex 36.716 43.839 2.514
    endloop
  endfacet
  facet normal 0 0 0
    outer loop
      vertex 49.827 39.109 3.738
      vertex 50.702 38.55 3.75
      vertex 50.569 39.284 3.75
    endloop
  endfacet
  facet normal 0 0 0
    outer loop
      vertex 50.658 40.769 3.75
      vertex 50.554 40.03 3.75
      vertex 50.658 40.769 2
    endloop
  endfacet
  facet normal 0 0 0
    outer loop
      vertex 35.299 43.41 0.273
      vertex 31.966 43.066 0.001
      vertex 31.966 43.5 0.366
    endloop
  endfacet
  facet normal 0 0 0
    outer loop
      vertex 50.554 40.03 3.75
      vertex 50.569 39.284 3.75
      vertex 50.621 38.914 2
    endloop
  endfacet
  facet normal 0 0 0
    outer loop
      vertex 50.658 40.769 3.75
      vertex 49.598 40.95 3.701
      vertex 49.827 39.109 3.738
    endloop
  endfacet
  facet normal 0 0 0
    outer loop
      vertex 49.827 39.109 3.738
      vertex 50.554 40.03 3.75
      vertex 50.658 40.769 3.75
    endloop
  endfacet
  facet normal 0 0 0
    outer loop
      vertex 36.716 43.839 2.514
      vertex 39.966 43.855 2.473
      vertex 35.299 43.925 2.278
    endloop
  endfacet
  facet normal 0 0 0
    outer loop
      vertex 50.565 40.216 2
      vertex 50.658 40.769 2
      vertex 50.554 40.03 3.75
    endloop
  endfacet
  facet normal 0 0 0
    outer loop
      vertex 68.139 44.981 4.3
      vertex 67.591 41.481 3.856
      vertex 67.71 34.481 3.975
    endloop
  endfacet
  facet normal 0 0 0
    outer loop
      vertex 67.422 34.481 3.656
      vertex 67.591 41.481 3.856
      vertex 67.113 41.481 3.119
    endloop
  endfacet
  facet normal 0 0 0
    outer loop
      vertex 67.319 37.981 0.791
      vertex 67.3 44.981 0.822
      vertex 67.559 44.981 0.478
    endloop
  endfacet
  facet normal 0 0 0
    outer loop
      vertex 35.966 42.519 0.001
      vertex 35.966 41.517 3.4
      vertex 35.966 41.519 0
    endloop
  endfacet
  facet normal 0 0 0
    outer loop
      vertex 35.966 41.517 3.4
      vertex 35.966 42.519 0.001
      vertex 35.966 42.517 3.401
    endloop
  endfacet
  facet normal 0 0 0
    outer loop
      vertex 35.966 41.519 0
      vertex 31.966 40.959 0
      vertex 31.966 43.066 0.001
    endloop
  endfacet
  facet normal 0 0 0
    outer loop
      vertex 35.966 41.519 0
      vertex 31.966 43.066 0.001
      vertex 35.966 42.519 0.001
    endloop
  endfacet
  facet normal 0 0 0
    outer loop
      vertex 31.966 40.163 2.451
      vertex 31.966 40.037 1.962
      vertex 36.716 40.056 2.116
    endloop
  endfacet
  facet normal 0 0 0
    outer loop
      vertex 31.966 40.037 1.962
      vertex 31.966 40.04 1.376
      vertex 36.716 40.056 2.116
    endloop
  endfacet
  facet normal 0 0 0
    outer loop
      vertex 36.716 40.056 2.116
      vertex 31.966 40.04 1.376
      vertex 35.299 40.077 1.204
    endloop
  endfacet
  facet normal 0 0 0
    outer loop
      vertex 31.966 40.04 1.376
      vertex 31.966 40.231 0.801
      vertex 35.299 40.077 1.204
    endloop
  endfacet
  facet normal 0 0 0
    outer loop
      vertex 71.696 39.731 3.169
      vertex 71.637 44.981 3.291
      vertex 71.537 41.481 3.46
    endloop
  endfacet
  facet normal 0 0 0
    outer loop
      vertex 35.299 40.077 1.204
      vertex 31.966 40.231 0.801
      vertex 31.966 40.422 0.49
    endloop
  endfacet
  facet normal 0 0 0
    outer loop
      vertex 71.696 39.731 3.169
      vertex 71.91 44.981 2.042
      vertex 71.637 44.981 3.291
    endloop
  endfacet
  facet normal 0 0 0
    outer loop
      vertex 71.859 37.981 2.643
      vertex 71.91 44.981 2.042
      vertex 71.696 39.731 3.169
    endloop
  endfacet
  facet normal 0 0 0
    outer loop
      vertex 70.165 46.231 4.3
      vertex 70.165 39.231 0
      vertex 70.165 39.231 4.3
    endloop
  endfacet
  facet normal 0 0 0
    outer loop
      vertex 31.966 40.422 0.49
      vertex 35.299 40.555 0.333
      vertex 35.299 40.077 1.204
    endloop
  endfacet
  facet normal 0 0 0
    outer loop
      vertex 31.966 40.422 0.49
      vertex 31.966 40.959 0
      vertex 35.299 40.555 0.333
    endloop
  endfacet
  facet normal 0 0 0
    outer loop
      vertex 31.966 40.958 3.4
      vertex 35.299 40.187 2.513
      vertex 36.008 40.489 2.988
    endloop
  endfacet
  facet normal 0 0 0
    outer loop
      vertex 71.8 34.481 2.893
      vertex 71.859 37.981 2.643
      vertex 71.696 39.731 3.169
    endloop
  endfacet
  facet normal 0 0 0
    outer loop
      vertex 31.966 40.163 2.451
      vertex 35.299 40.187 2.513
      vertex 31.966 40.958 3.4
    endloop
  endfacet
  facet normal 0 0 0
    outer loop
      vertex 35.299 40.187 2.513
      vertex 31.966 40.163 2.451
      vertex 36.716 40.056 2.116
    endloop
  endfacet
  facet normal 0 0 0
    outer loop
      vertex 71.874 41.481 1.71
      vertex 71.855 34.481 1.615
      vertex 71.758 41.481 1.284
    endloop
  endfacet
  facet normal 0 0 0
    outer loop
      vertex 71.537 41.481 3.46
      vertex 71.161 41.481 3.935
      vertex 71.199 34.481 3.902
    endloop
  endfacet
  facet normal 0 0 0
    outer loop
      vertex 71.537 41.481 3.46
      vertex 71.199 34.481 3.902
      vertex 71.8 34.481 2.893
    endloop
  endfacet
  facet normal 0 0 0
    outer loop
      vertex 39.97 43.391 3.137
      vertex 38.133 43.52 3.001
      vertex 35.299 43.47 3.069
    endloop
  endfacet
  facet normal 0 0 0
    outer loop
      vertex 71.8 34.481 2.893
      vertex 71.696 39.731 3.169
      vertex 71.537 41.481 3.46
    endloop
  endfacet
  facet normal 0 0 0
    outer loop
      vertex 38.133 43.52 3.001
      vertex 36.716 43.839 2.514
      vertex 35.299 43.47 3.069
    endloop
  endfacet
  facet normal 0 0 0
    outer loop
      vertex 70.691 44.981 4.3
      vertex 70.691 34.481 4.3
      vertex 71.161 41.481 3.935
    endloop
  endfacet
  facet normal 0 0 0
    outer loop
      vertex 66.92 37.981 2.04
      vertex 66.998 34.481 1.51
      vertex 66.936 34.481 2.418
    endloop
  endfacet
  facet normal 0 0 0
    outer loop
      vertex 67.874 34.481 0.184
      vertex 67.3 34.481 0.822
      vertex 67.319 37.981 0.791
    endloop
  endfacet
  facet normal 0 0 0
    outer loop
      vertex 67.319 37.981 0.791
      vertex 67.3 34.481 0.822
      vertex 66.998 34.481 1.51
    endloop
  endfacet
  facet normal 0 0 0
    outer loop
      vertex 67.319 37.981 0.791
      vertex 66.998 34.481 1.51
      vertex 67.024 41.481 1.443
    endloop
  endfacet
  facet normal 0 0 0
    outer loop
      vertex 35.966 42.517 3.401
      vertex 41.466 42.519 0.001
      vertex 41.466 42.517 3.401
    endloop
  endfacet
  facet normal 0 0 0
    outer loop
      vertex 62.747 56.918 2.438
      vertex 62.42 57.224 2.895
      vertex 62.452 56.526 2.676
    endloop
  endfacet
  facet normal 0 0 0
    outer loop
      vertex 62.105 58.339 3.267
      vertex 61.857 57.136 3.301
      vertex 62.42 57.224 2.895
    endloop
  endfacet
  facet normal 0 0 0
    outer loop
      vertex 31.966 43.772 0.768
      vertex 39.966 43.608 0.495
      vertex 38.133 43.47 0.331
    endloop
  endfacet
  facet normal 0 0 0
    outer loop
      vertex 62.773 56.427 2.183
      vertex 62.747 56.918 2.438
      vertex 62.452 56.526 2.676
    endloop
  endfacet
  facet normal 0 0 0
    outer loop
      vertex 61.857 57.136 3.301
      vertex 62.306 56.099 2.676
      vertex 62.452 56.526 2.676
    endloop
  endfacet
  facet normal 0 0 0
    outer loop
      vertex 62.42 57.224 2.895
      vertex 61.857 57.136 3.301
      vertex 62.452 56.526 2.676
    endloop
  endfacet
  facet normal 0 0 0
    outer loop
      vertex 35.299 43.925 2.278
      vertex 39.966 43.855 2.473
      vertex 39.966 43.954 2.172
    endloop
  endfacet
  facet normal 0 0 0
    outer loop
      vertex 61.165 56.113 3.485
      vertex 61.906 56.249 3.093
      vertex 61.857 57.136 3.301
    endloop
  endfacet
  facet normal 0 0 0
    outer loop
      vertex 61.165 56.113 3.485
      vertex 61.345 55.583 3.267
      vertex 61.906 56.249 3.093
    endloop
  endfacet
  facet normal 0 0 0
    outer loop
      vertex 62.452 56.526 2.676
      vertex 62.621 55.981 2.183
      vertex 62.773 56.427 2.183
    endloop
  endfacet
  facet normal 0 0 0
    outer loop
      vertex 43.216 33.28 1.985
      vertex 42.973 33.411 1.691
      vertex 43.196 33.236 2.268
    endloop
  endfacet
  facet normal 0 0 0
    outer loop
      vertex 61.906 56.249 3.093
      vertex 62.306 56.099 2.676
      vertex 61.857 57.136 3.301
    endloop
  endfacet
  facet normal 0 0 0
    outer loop
      vertex 43.196 33.236 2.268
      vertex 43.29 33.182 1.662
      vertex 43.216 33.28 1.985
    endloop
  endfacet
  facet normal 0 0 0
    outer loop
      vertex 61.759 55.368 2.895
      vertex 61.906 56.249 3.093
      vertex 61.345 55.583 3.267
    endloop
  endfacet
  facet normal 0 0 0
    outer loop
      vertex 61.906 56.249 3.093
      vertex 61.759 55.368 2.895
      vertex 62.306 56.099 2.676
    endloop
  endfacet
  facet normal 0 0 0
    outer loop
      vertex 62.452 56.526 2.676
      vertex 62.306 56.099 2.676
      vertex 62.621 55.981 2.183
    endloop
  endfacet
  facet normal 0 0 0
    outer loop
      vertex 43.253 33.105 0.965
      vertex 42.973 33.296 1.016
      vertex 43.259 33.198 1.268
    endloop
  endfacet
  facet normal 0 0 0
    outer loop
      vertex 43.169 33.031 0.639
      vertex 42.973 32.972 0.414
      vertex 42.973 33.296 1.016
    endloop
  endfacet
  facet normal 0 0 0
    outer loop
      vertex 54.964 64.949 3.594
      vertex 53.694 64.68 3.607
      vertex 55.414 64.474 3.707
    endloop
  endfacet
  facet normal 0 0 0
    outer loop
      vertex 61.427 54.799 2.895
      vertex 61.759 55.368 2.895
      vertex 61.345 55.583 3.267
    endloop
  endfacet
  facet normal 0 0 0
    outer loop
      vertex 61.759 55.368 2.895
      vertex 62.099 55.191 2.438
      vertex 62.306 56.099 2.676
    endloop
  endfacet
  facet normal 0 0 0
    outer loop
      vertex 54.748 65.345 3.416
      vertex 54.964 64.949 3.594
      vertex 55.341 65.366 3.416
    endloop
  endfacet
  facet normal 0 0 0
    outer loop
      vertex 63.239 57.299 1.56
      vertex 63.025 56.851 1.914
      vertex 63.224 56.802 1.197
    endloop
  endfacet
  facet normal 0 0 0
    outer loop
      vertex 62.747 56.918 2.438
      vertex 62.773 56.427 2.183
      vertex 63.025 56.851 1.914
    endloop
  endfacet
  facet normal 0 0 0
    outer loop
      vertex 62.773 56.427 2.183
      vertex 63.224 56.802 1.197
      vertex 63.025 56.851 1.914
    endloop
  endfacet
  facet normal 0 0 0
    outer loop
      vertex 62.773 56.427 2.183
      vertex 63.065 56.337 1.344
      vertex 63.224 56.802 1.197
    endloop
  endfacet
  facet normal 0 0 0
    outer loop
      vertex 56.112 65.175 3.485
      vertex 56.571 65.496 3.267
      vertex 56.165 65.563 3.267
    endloop
  endfacet
  facet normal 0 0 0
    outer loop
      vertex 62.721 55.42 1.344
      vertex 62.773 56.427 2.183
      vertex 62.621 55.981 2.183
    endloop
  endfacet
  facet normal 0 0 0
    outer loop
      vertex 62.621 55.981 2.183
      vertex 62.56 55.492 1.914
      vertex 62.721 55.42 1.344
    endloop
  endfacet
  facet normal 0 0 0
    outer loop
      vertex 56.959 64.635 3.614
      vertex 56.907 65.154 3.416
      vertex 56.571 65.496 3.267
    endloop
  endfacet
  facet normal 0 0 0
    outer loop
      vertex 62.621 55.981 2.183
      vertex 62.306 56.099 2.676
      vertex 62.56 55.492 1.914
    endloop
  endfacet
  facet normal 0 0 0
    outer loop
      vertex 56.571 65.496 3.267
      vertex 56.112 65.175 3.485
      vertex 56.221 64.656 3.655
    endloop
  endfacet
  facet normal 0 0 0
    outer loop
      vertex 56.221 64.656 3.655
      vertex 56.959 64.635 3.614
      vertex 56.571 65.496 3.267
    endloop
  endfacet
  facet normal 0 0 0
    outer loop
      vertex 62.773 56.427 2.183
      vertex 62.721 55.42 1.344
      vertex 63.065 56.337 1.344
    endloop
  endfacet
  facet normal 0 0 0
    outer loop
      vertex 55.341 65.366 3.416
      vertex 54.964 64.949 3.594
      vertex 55.716 65.077 3.539
    endloop
  endfacet
  facet normal 0 0 0
    outer loop
      vertex 62.352 55.06 1.914
      vertex 62.56 55.492 1.914
      vertex 62.306 56.099 2.676
    endloop
  endfacet
  facet normal 0 0 0
    outer loop
      vertex 57.089 65.856 2.895
      vertex 56.571 65.496 3.267
      vertex 56.907 65.154 3.416
    endloop
  endfacet
  facet normal 0 0 0
    outer loop
      vertex 18.907 65.814 2.994
      vertex 18.511 65.814 3.3
      vertex 18.094 65.814 2.67
    endloop
  endfacet
  facet normal 0 0 0
    outer loop
      vertex 18.511 65.814 3.3
      vertex 18.907 65.814 2.994
      vertex 19.313 65.814 3.3
    endloop
  endfacet
  facet normal 0 0 0
    outer loop
      vertex 63.302 57.037 0.5
      vertex 63.005 55.968 0.5
      vertex 62.501 56.065 0
    endloop
  endfacet
  facet normal 0 0 0
    outer loop
      vertex 18.094 65.814 2.67
      vertex 18.385 65.814 1.974
      vertex 18.907 65.814 2.994
    endloop
  endfacet
  facet normal 0 0 0
    outer loop
      vertex 63.302 57.037 0.5
      vertex 62.501 56.065 0
      vertex 62.813 57.092 0
    endloop
  endfacet
  facet normal 0 0 0
    outer loop
      vertex 62.802 55.452 0.825
      vertex 63.005 55.968 0.5
      vertex 62.721 55.42 1.344
    endloop
  endfacet
  facet normal 0 0 0
    outer loop
      vertex 17.926 66.514 2.232
      vertex 17.88 65.814 2.002
      vertex 18.094 65.814 2.67
    endloop
  endfacet
  facet normal 0 0 0
    outer loop
      vertex 63.065 56.337 1.344
      vertex 62.721 55.42 1.344
      vertex 63.005 55.968 0.5
    endloop
  endfacet
  facet normal 0 0 0
    outer loop
      vertex 63.005 55.968 0.5
      vertex 63.224 56.802 1.197
      vertex 63.065 56.337 1.344
    endloop
  endfacet
  facet normal 0 0 0
    outer loop
      vertex 63.005 55.968 0.5
      vertex 63.302 57.037 0.5
      vertex 63.224 56.802 1.197
    endloop
  endfacet
  facet normal 0 0 0
    outer loop
      vertex 63.224 56.802 1.197
      vertex 63.302 57.037 0.5
      vertex 63.438 57.827 0.825
    endloop
  endfacet
  facet normal 0 0 0
    outer loop
      vertex 63.302 57.037 0.5
      vertex 63.48 58.38 0.5
      vertex 63.438 57.827 0.825
    endloop
  endfacet
  facet normal 0 0 0
    outer loop
      vertex 18.473 65.814 1.014
      vertex 17.98 65.814 0.9
      vertex 18.195 65.814 0.418
    endloop
  endfacet
  facet normal 0 0 0
    outer loop
      vertex 18.473 65.814 1.014
      vertex 17.857 65.814 1.532
      vertex 17.98 65.814 0.9
    endloop
  endfacet
  facet normal 0 0 0
    outer loop
      vertex 17.857 65.814 1.532
      vertex 18.473 65.814 1.014
      vertex 18.385 65.814 1.974
    endloop
  endfacet
  facet normal 0 0 0
    outer loop
      vertex 17.88 65.814 2.002
      vertex 17.857 65.814 1.532
      vertex 18.385 65.814 1.974
    endloop
  endfacet
  facet normal 0 0 0
    outer loop
      vertex 18.385 65.814 1.974
      vertex 18.094 65.814 2.67
      vertex 17.88 65.814 2.002
    endloop
  endfacet
  facet normal 0 0 0
    outer loop
      vertex 18.52 67.015 2.417
      vertex 18.373 67.015 1.673
      vertex 17.926 66.514 2.232
    endloop
  endfacet
  facet normal 0 0 0
    outer loop
      vertex 62.306 56.099 2.676
      vertex 62.099 55.191 2.438
      vertex 62.352 55.06 1.914
    endloop
  endfacet
  facet normal 0 0 0
    outer loop
      vertex 18.195 65.814 0.418
      vertex 18.134 66.514 0.519
      vertex 18.511 65.814 0
    endloop
  endfacet
  facet normal 0 0 0
    outer loop
      vertex 18.134 66.514 0.519
      vertex 18.511 66.514 0
      vertex 18.511 65.814 0
    endloop
  endfacet
  facet normal 0 0 0
    outer loop
      vertex 62.509 54.979 1.344
      vertex 62.006 54.138 1.344
      vertex 62.507 54.841 0.5
    endloop
  endfacet
  facet normal 0 0 0
    outer loop
      vertex 17.926 66.514 2.232
      vertex 18.373 67.015 1.673
      vertex 17.86 66.514 1.709
    endloop
  endfacet
  facet normal 0 0 0
    outer loop
      vertex 62.721 55.42 1.344
      vertex 62.509 54.979 1.344
      vertex 62.507 54.841 0.5
    endloop
  endfacet
  facet normal 0 0 0
    outer loop
      vertex 17.946 66.514 1.012
      vertex 18.134 66.514 0.519
      vertex 18.195 65.814 0.418
    endloop
  endfacet
  facet normal 0 0 0
    outer loop
      vertex 17.946 66.514 1.012
      vertex 18.195 65.814 0.418
      vertex 17.98 65.814 0.9
    endloop
  endfacet
  facet normal 0 0 0
    outer loop
      vertex 17.98 65.814 0.9
      vertex 17.86 66.514 1.709
      vertex 17.946 66.514 1.012
    endloop
  endfacet
  facet normal 0 0 0
    outer loop
      vertex 62.721 55.42 1.344
      vertex 62.507 54.841 0.5
      vertex 62.802 55.452 0.825
    endloop
  endfacet
  facet normal 0 0 0
    outer loop
      vertex 17.98 65.814 0.9
      vertex 17.857 65.814 1.532
      vertex 17.86 66.514 1.709
    endloop
  endfacet
  facet normal 0 0 0
    outer loop
      vertex 62.352 55.06 1.914
      vertex 62.509 54.979 1.344
      vertex 62.56 55.492 1.914
    endloop
  endfacet
  facet normal 0 0 0
    outer loop
      vertex 62.56 55.492 1.914
      vertex 62.509 54.979 1.344
      vertex 62.721 55.42 1.344
    endloop
  endfacet
  facet normal 0 0 0
    outer loop
      vertex 17.86 66.514 1.709
      vertex 18.373 67.015 1.673
      vertex 17.946 66.514 1.012
    endloop
  endfacet
  facet normal 0 0 0
    outer loop
      vertex 17.857 65.814 1.532
      vertex 17.88 65.814 2.002
      vertex 17.86 66.514 1.709
    endloop
  endfacet
  facet normal 0 0 0
    outer loop
      vertex 61.407 53.364 1.344
      vertex 61.84 53.804 0.5
      vertex 62.006 54.138 1.344
    endloop
  endfacet
  facet normal 0 0 0
    outer loop
      vertex 17.86 66.514 1.709
      vertex 17.88 65.814 2.002
      vertex 17.926 66.514 2.232
    endloop
  endfacet
  facet normal 0 0 0
    outer loop
      vertex 18.52 67.015 0.883
      vertex 18.373 67.015 1.673
      vertex 19.648 67.014 2.8
    endloop
  endfacet
  facet normal 0 0 0
    outer loop
      vertex 61.177 53.565 2.183
      vertex 62.006 54.138 1.344
      vertex 61.861 54.237 1.914
    endloop
  endfacet
  facet normal 0 0 0
    outer loop
      vertex 67.422 34.481 3.656
      vertex 67.71 34.481 3.975
      vertex 67.591 41.481 3.856
    endloop
  endfacet
  facet normal 0 0 0
    outer loop
      vertex 18.52 67.015 2.417
      vertex 19.648 67.014 2.8
      vertex 18.373 67.015 1.673
    endloop
  endfacet
  facet normal 0 0 0
    outer loop
      vertex 67.874 34.481 0.184
      vertex 67.832 41.481 0.215
      vertex 68.139 34.481 0
    endloop
  endfacet
  facet normal 0 0 0
    outer loop
      vertex 19.648 67.014 0.5
      vertex 19.648 67.014 2.8
      vertex 19.648 66.514 0
    endloop
  endfacet
  facet normal 0 0 0
    outer loop
      vertex 67.03 34.481 2.893
      vertex 67.422 34.481 3.656
      vertex 67.113 41.481 3.119
    endloop
  endfacet
  facet normal 0 0 0
    outer loop
      vertex 68.139 34.481 4.3
      vertex 68.139 44.981 4.3
      vertex 67.71 34.481 3.975
    endloop
  endfacet
  facet normal 0 0 0
    outer loop
      vertex 66.92 37.981 2.04
      vertex 66.936 34.481 2.418
      vertex 66.938 44.981 1.828
    endloop
  endfacet
  facet normal 0 0 0
    outer loop
      vertex 66.936 34.481 2.418
      vertex 67.03 34.481 2.893
      vertex 66.938 44.981 1.828
    endloop
  endfacet
  facet normal 0 0 0
    outer loop
      vertex 66.34 34.481 0
      vertex 67.3 34.481 0.822
      vertex 67.874 34.481 0.184
    endloop
  endfacet
  facet normal 0 0 0
    outer loop
      vertex 66.936 34.481 2.418
      vertex 66.998 34.481 1.51
      vertex 66.34 34.481 0
    endloop
  endfacet
  facet normal 0 0 0
    outer loop
      vertex 66.34 34.481 4.3
      vertex 66.936 34.481 2.418
      vertex 66.34 34.481 0
    endloop
  endfacet
  facet normal 0 0 0
    outer loop
      vertex 18.727 65.814 0.52
      vertex 18.511 65.814 0
      vertex 19.313 65.814 0
    endloop
  endfacet
  facet normal 0 0 0
    outer loop
      vertex 18.727 65.814 0.52
      vertex 18.195 65.814 0.418
      vertex 18.511 65.814 0
    endloop
  endfacet
  facet normal 0 0 0
    outer loop
      vertex 66.34 34.481 0
      vertex 66.998 34.481 1.51
      vertex 67.3 34.481 0.822
    endloop
  endfacet
  facet normal 0 0 0
    outer loop
      vertex 67.71 34.481 3.975
      vertex 67.422 34.481 3.656
      vertex 66.34 34.481 4.3
    endloop
  endfacet
  facet normal 0 0 0
    outer loop
      vertex 66.34 34.481 0
      vertex 67.874 34.481 0.184
      vertex 68.139 34.481 0
    endloop
  endfacet
  facet normal 0 0 0
    outer loop
      vertex 18.473 65.814 1.014
      vertex 18.195 65.814 0.418
      vertex 18.727 65.814 0.52
    endloop
  endfacet
  facet normal 0 0 0
    outer loop
      vertex 67.03 34.481 2.893
      vertex 66.34 34.481 4.3
      vertex 67.422 34.481 3.656
    endloop
  endfacet
  facet normal 0 0 0
    outer loop
      vertex 43.308 33.076 1.357
      vertex 43.308 32.886 0.831
      vertex 43.253 33.105 0.965
    endloop
  endfacet
  facet normal 0 0 0
    outer loop
      vertex 68.139 34.481 4.3
      vertex 67.71 34.481 3.975
      vertex 66.34 34.481 4.3
    endloop
  endfacet
  facet normal 0 0 0
    outer loop
      vertex 43.259 33.198 1.268
      vertex 43.308 33.076 1.357
      vertex 43.253 33.105 0.965
    endloop
  endfacet
  facet normal 0 0 0
    outer loop
      vertex 43.132 33.359 1.616
      vertex 43.29 33.182 1.662
      vertex 43.259 33.198 1.268
    endloop
  endfacet
  facet normal 0 0 0
    outer loop
      vertex 66.34 34.481 4.3
      vertex 67.03 34.481 2.893
      vertex 66.936 34.481 2.418
    endloop
  endfacet
  facet normal 0 0 0
    outer loop
      vertex 43.29 33.182 1.662
      vertex 43.132 33.359 1.616
      vertex 43.216 33.28 1.985
    endloop
  endfacet
  facet normal 0 0 0
    outer loop
      vertex 43.132 33.359 1.616
      vertex 42.973 33.296 1.016
      vertex 42.973 33.411 1.691
    endloop
  endfacet
  facet normal 0 0 0
    outer loop
      vertex 71.8 34.481 2.893
      vertex 71.91 34.481 2.042
      vertex 71.859 37.981 2.643
    endloop
  endfacet
  facet normal 0 0 0
    outer loop
      vertex 43.29 33.182 1.662
      vertex 43.308 33.076 1.357
      vertex 43.259 33.198 1.268
    endloop
  endfacet
  facet normal 0 0 0
    outer loop
      vertex 43.308 33.076 1.357
      vertex 43.29 33.182 1.662
      vertex 43.311 32.924 2.449
    endloop
  endfacet
  facet normal 0 0 0
    outer loop
      vertex 71.758 41.481 1.284
      vertex 71.587 34.481 0.913
      vertex 71.271 34.481 0.478
    endloop
  endfacet
  facet normal 0 0 0
    outer loop
      vertex 71.758 41.481 1.284
      vertex 71.271 34.481 0.478
      vertex 71.271 44.981 0.478
    endloop
  endfacet
  facet normal 0 0 0
    outer loop
      vertex 42.973 32.756 3.228
      vertex 42.978 32.55 3.401
      vertex 43.163 32.674 3.219
    endloop
  endfacet
  facet normal 0 0 0
    outer loop
      vertex 71.271 34.481 0.478
      vertex 70.691 34.481 0
      vertex 71.271 44.981 0.478
    endloop
  endfacet
  facet normal 0 0 0
    outer loop
      vertex 42.978 32.55 3.401
      vertex 43.144 32.463 3.401
      vertex 43.163 32.545 3.325
    endloop
  endfacet
  facet normal 0 0 0
    outer loop
      vertex 71.913 41.481 2.261
      vertex 71.91 34.481 2.042
      vertex 71.855 34.481 1.615
    endloop
  endfacet
  facet normal 0 0 0
    outer loop
      vertex 71.91 34.481 2.042
      vertex 71.913 41.481 2.261
      vertex 71.859 37.981 2.643
    endloop
  endfacet
  facet normal 0 0 0
    outer loop
      vertex 42.978 32.55 3.401
      vertex 43.163 32.545 3.325
      vertex 43.163 32.674 3.219
    endloop
  endfacet
  facet normal 0 0 0
    outer loop
      vertex 71.161 41.481 3.935
      vertex 70.691 34.481 4.3
      vertex 71.199 34.481 3.902
    endloop
  endfacet
  facet normal 0 0 0
    outer loop
      vertex 43.257 32.256 3.401
      vertex 43.309 31.933 3.401
      vertex 43.314 32.311 3.143
    endloop
  endfacet
  facet normal 0 0 0
    outer loop
      vertex 71.855 34.481 1.615
      vertex 71.587 34.481 0.913
      vertex 71.758 41.481 1.284
    endloop
  endfacet
  facet normal 0 0 0
    outer loop
      vertex 71.91 34.481 2.042
      vertex 72.49 34.481 4.3
      vertex 72.49 34.481 0
    endloop
  endfacet
  facet normal 0 0 0
    outer loop
      vertex 72.49 34.481 4.3
      vertex 71.91 34.481 2.042
      vertex 71.8 34.481 2.893
    endloop
  endfacet
  facet normal 0 0 0
    outer loop
      vertex 72.49 34.481 0
      vertex 71.271 34.481 0.478
      vertex 71.587 34.481 0.913
    endloop
  endfacet
  facet normal 0 0 0
    outer loop
      vertex 71.855 34.481 1.615
      vertex 72.49 34.481 0
      vertex 71.587 34.481 0.913
    endloop
  endfacet
  facet normal 0 0 0
    outer loop
      vertex 72.49 34.481 0
      vertex 70.691 34.481 0
      vertex 71.271 34.481 0.478
    endloop
  endfacet
  facet normal 0 0 0
    outer loop
      vertex 72.49 34.481 0
      vertex 71.855 34.481 1.615
      vertex 71.91 34.481 2.042
    endloop
  endfacet
  facet normal 0 0 0
    outer loop
      vertex 70.691 34.481 4.3
      vertex 72.49 34.481 4.3
      vertex 71.199 34.481 3.902
    endloop
  endfacet
  facet normal 0 0 0
    outer loop
      vertex 43.163 32.545 3.325
      vertex 43.144 32.463 3.401
      vertex 43.308 32.444 3.101
    endloop
  endfacet
  facet normal 0 0 0
    outer loop
      vertex 72.49 34.481 4.3
      vertex 71.8 34.481 2.893
      vertex 71.199 34.481 3.902
    endloop
  endfacet
  facet normal 0 0 0
    outer loop
      vertex 43.308 32.444 3.101
      vertex 43.144 32.463 3.401
      vertex 43.314 32.311 3.143
    endloop
  endfacet
  facet normal 0 0 0
    outer loop
      vertex 72.69 51.681 4.3
      vertex 66.54 51.681 4.3
      vertex 66.54 51.681 0
    endloop
  endfacet
  facet normal 0 0 0
    outer loop
      vertex 72.69 51.681 0
      vertex 72.69 51.681 4.3
      vertex 66.54 51.681 0
    endloop
  endfacet
  facet normal 0 0 0
    outer loop
      vertex 67.526 64.931 0
      vertex 68.339 64.181 0
      vertex 67.526 64.181 0
    endloop
  endfacet
  facet normal 0 0 0
    outer loop
      vertex 43.275 32.639 3.066
      vertex 43.216 32.866 2.947
      vertex 43.163 32.674 3.219
    endloop
  endfacet
  facet normal 0 0 0
    outer loop
      vertex 68.339 64.181 0
      vertex 67.526 64.931 0
      vertex 68.418 65.431 0
    endloop
  endfacet
  facet normal 0 0 0
    outer loop
      vertex 68.865 65.431 0
      vertex 68.339 64.181 0
      vertex 68.418 65.431 0
    endloop
  endfacet
  facet normal 0 0 0
    outer loop
      vertex 43.308 32.444 3.101
      vertex 43.275 32.639 3.066
      vertex 43.163 32.674 3.219
    endloop
  endfacet
  facet normal 0 0 0
    outer loop
      vertex 70.891 64.181 0
      vertex 71.711 64.931 0
      vertex 71.711 64.181 0
    endloop
  endfacet
  facet normal 0 0 0
    outer loop
      vertex 43.311 32.924 2.449
      vertex 43.216 32.866 2.947
      vertex 43.275 32.639 3.066
    endloop
  endfacet
  facet normal 0 0 0
    outer loop
      vertex 70.891 64.181 0
      vertex 70.365 65.431 0
      vertex 70.825 65.431 0
    endloop
  endfacet
  facet normal 0 0 0
    outer loop
      vertex 70.891 64.181 0
      vertex 70.365 58.431 0
      vertex 70.365 65.431 0
    endloop
  endfacet
  facet normal 0 0 0
    outer loop
      vertex 71.711 64.931 0
      vertex 70.891 64.181 0
      vertex 70.825 65.431 0
    endloop
  endfacet
  facet normal 0 0 0
    outer loop
      vertex 70.365 58.431 0
      vertex 70.891 64.181 0
      vertex 70.891 53.681 0
    endloop
  endfacet
  facet normal 0 0 0
    outer loop
      vertex 43.163 32.674 3.219
      vertex 43.163 32.545 3.325
      vertex 43.308 32.444 3.101
    endloop
  endfacet
  facet normal 0 0 0
    outer loop
      vertex 68.865 58.431 0
      vertex 68.339 64.181 0
      vertex 68.865 65.431 0
    endloop
  endfacet
  facet normal 0 0 0
    outer loop
      vertex 68.865 58.431 0
      vertex 68.339 53.681 0
      vertex 68.339 64.181 0
    endloop
  endfacet
  facet normal 0 0 0
    outer loop
      vertex 66.54 53.681 0
      vertex 68.339 53.681 0
      vertex 66.54 51.681 0
    endloop
  endfacet
  facet normal 0 0 0
    outer loop
      vertex 68.865 58.431 0
      vertex 70.365 58.431 0
      vertex 70.891 53.681 0
    endloop
  endfacet
  facet normal 0 0 0
    outer loop
      vertex 70.891 53.681 0
      vertex 68.339 53.681 0
      vertex 68.865 58.431 0
    endloop
  endfacet
  facet normal 0 0 0
    outer loop
      vertex 70.891 53.681 0
      vertex 72.69 51.681 0
      vertex 66.54 51.681 0
    endloop
  endfacet
  facet normal 0 0 0
    outer loop
      vertex 70.891 53.681 0
      vertex 66.54 51.681 0
      vertex 68.339 53.681 0
    endloop
  endfacet
  facet normal 0 0 0
    outer loop
      vertex 72.69 51.681 0
      vertex 70.891 53.681 0
      vertex 72.69 53.681 0
    endloop
  endfacet
  facet normal 0 0 0
    outer loop
      vertex 66.54 51.681 4.3
      vertex 66.54 53.681 4.3
      vertex 66.54 53.681 0
    endloop
  endfacet
  facet normal 0 0 0
    outer loop
      vertex 66.54 51.681 0
      vertex 66.54 51.681 4.3
      vertex 66.54 53.681 0
    endloop
  endfacet
  facet normal 0 0 0
    outer loop
      vertex 43.257 32.256 3.401
      vertex 43.314 32.311 3.143
      vertex 43.144 32.463 3.401
    endloop
  endfacet
  facet normal 0 0 0
    outer loop
      vertex 67.128 65.431 2.713
      vertex 68.865 65.431 4.3
      vertex 67.071 65.431 1.974
    endloop
  endfacet
  facet normal 0 0 0
    outer loop
      vertex 68.865 65.431 4.3
      vertex 67.922 65.431 4.005
      vertex 68.365 65.431 4.3
    endloop
  endfacet
  facet normal 0 0 0
    outer loop
      vertex 43.216 32.866 2.947
      vertex 43.1 33.003 2.894
      vertex 42.973 32.756 3.228
    endloop
  endfacet
  facet normal 0 0 0
    outer loop
      vertex 67.071 65.431 1.974
      vertex 68.865 65.431 4.3
      vertex 67.229 65.431 1.305
    endloop
  endfacet
  facet normal 0 0 0
    outer loop
      vertex 68.865 65.431 4.3
      vertex 67.128 65.431 2.713
      vertex 67.488 65.431 3.506
    endloop
  endfacet
  facet normal 0 0 0
    outer loop
      vertex 67.229 65.431 1.305
      vertex 68.865 65.431 4.3
      vertex 67.807 65.431 0.424
    endloop
  endfacet
  facet normal 0 0 0
    outer loop
      vertex 67.807 65.431 0.424
      vertex 68.865 65.431 4.3
      vertex 68.418 65.431 0
    endloop
  endfacet
  facet normal 0 0 0
    outer loop
      vertex 68.418 65.431 0
      vertex 68.865 65.431 4.3
      vertex 68.865 65.431 0
    endloop
  endfacet
  facet normal 0 0 0
    outer loop
      vertex 68.865 65.431 4.3
      vertex 67.488 65.431 3.506
      vertex 67.922 65.431 4.005
    endloop
  endfacet
  facet normal 0 0 0
    outer loop
      vertex 71.298 65.431 4.008
      vertex 70.365 65.431 4.3
      vertex 70.854 65.431 4.3
    endloop
  endfacet
  facet normal 0 0 0
    outer loop
      vertex 39.99 47.417 1.134
      vertex 40.042 47.452 0.809
      vertex 40.064 47.304 1.099
    endloop
  endfacet
  facet normal 0 0 0
    outer loop
      vertex 40.042 47.452 0.809
      vertex 39.966 47.733 0.785
      vertex 39.967 48.009 0.385
    endloop
  endfacet
  facet normal 0 0 0
    outer loop
      vertex 43.216 32.866 2.947
      vertex 42.973 32.756 3.228
      vertex 43.163 32.674 3.219
    endloop
  endfacet
  facet normal 0 0 0
    outer loop
      vertex 40.298 47.471 0.507
      vertex 40.042 47.452 0.809
      vertex 40.09 47.795 0.256
    endloop
  endfacet
  facet normal 0 0 0
    outer loop
      vertex 40.042 47.452 0.809
      vertex 40.298 47.471 0.507
      vertex 40.298 47.18 1.127
    endloop
  endfacet
  facet normal 0 0 0
    outer loop
      vertex 40.042 47.452 0.809
      vertex 39.966 47.536 1.384
      vertex 39.966 47.733 0.785
    endloop
  endfacet
  facet normal 0 0 0
    outer loop
      vertex 39.99 47.417 1.134
      vertex 39.966 47.536 1.384
      vertex 40.042 47.452 0.809
    endloop
  endfacet
  facet normal 0 0 0
    outer loop
      vertex 42.978 32.552 0.001
      vertex 40.735 32.687 0.109
      vertex 42.973 32.972 0.414
    endloop
  endfacet
  facet normal 0 0 0
    outer loop
      vertex 43.169 33.031 0.639
      vertex 43.308 32.886 0.831
      vertex 43.311 32.707 0.596
    endloop
  endfacet
  facet normal 0 0 0
    outer loop
      vertex 39.966 47.536 1.384
      vertex 38.133 47.684 0.888
      vertex 39.966 47.733 0.785
    endloop
  endfacet
  facet normal 0 0 0
    outer loop
      vertex 40.298 47.102 1.722
      vertex 40.298 47.114 1.464
      vertex 41.134 47.103 1.593
    endloop
  endfacet
  facet normal 0 0 0
    outer loop
      vertex 40.298 47.102 1.722
      vertex 40.07 47.206 1.619
      vertex 40.298 47.114 1.464
    endloop
  endfacet
  facet normal 0 0 0
    outer loop
      vertex 18.134 66.514 0.519
      vertex 18.742 67.013 0.499
      vertex 18.511 66.514 0
    endloop
  endfacet
  facet normal 0 0 0
    outer loop
      vertex 19.648 67.014 2.8
      vertex 19.648 67.014 0.5
      vertex 18.742 67.013 0.499
    endloop
  endfacet
  facet normal 0 0 0
    outer loop
      vertex 40.027 47.289 1.977
      vertex 40.07 47.206 1.619
      vertex 40.298 47.102 1.722
    endloop
  endfacet
  facet normal 0 0 0
    outer loop
      vertex 19.648 67.014 2.8
      vertex 18.742 67.013 0.499
      vertex 18.52 67.015 0.883
    endloop
  endfacet
  facet normal 0 0 0
    outer loop
      vertex 19.648 66.514 0
      vertex 18.742 67.013 0.499
      vertex 19.648 67.014 0.5
    endloop
  endfacet
  facet normal 0 0 0
    outer loop
      vertex 18.742 67.013 0.499
      vertex 19.648 66.514 0
      vertex 18.511 66.514 0
    endloop
  endfacet
  facet normal 0 0 0
    outer loop
      vertex 18.742 67.013 0.499
      vertex 18.134 66.514 0.519
      vertex 18.52 67.015 0.883
    endloop
  endfacet
  facet normal 0 0 0
    outer loop
      vertex 55.716 65.077 3.539
      vertex 56.221 64.656 3.655
      vertex 56.112 65.175 3.485
    endloop
  endfacet
  facet normal 0 0 0
    outer loop
      vertex 50.565 40.216 2
      vertex 50.554 40.03 3.75
      vertex 50.621 38.914 2
    endloop
  endfacet
  facet normal 0 0 0
    outer loop
      vertex 50.569 39.284 3.75
      vertex 50.702 38.55 3.75
      vertex 50.621 38.914 2
    endloop
  endfacet
  facet normal 0 0 0
    outer loop
      vertex 50.658 40.769 2
      vertex 52.725 40.716 2
      vertex 51.028 41.824 2
    endloop
  endfacet
  facet normal 0 0 0
    outer loop
      vertex 50.565 40.216 2
      vertex 52.579 40.172 2
      vertex 50.658 40.769 2
    endloop
  endfacet
  facet normal 0 0 0
    outer loop
      vertex 52.067 40.058 0
      vertex 52.579 40.172 0.5
      vertex 52.579 39.328 0.5
    endloop
  endfacet
  facet normal 0 0 0
    outer loop
      vertex 52.091 39.212 0
      vertex 52.067 40.058 0
      vertex 52.579 39.328 0.5
    endloop
  endfacet
  facet normal 0 0 0
    outer loop
      vertex 52.579 40.172 0.5
      vertex 52.725 40.716 0.5
      vertex 52.725 40.716 2
    endloop
  endfacet
  facet normal 0 0 0
    outer loop
      vertex 52.981 38.281 2
      vertex 50.918 37.934 2
      vertex 51.305 37.19 2
    endloop
  endfacet
  facet normal 0 0 0
    outer loop
      vertex 50.918 37.934 2
      vertex 52.981 38.281 2
      vertex 52.725 38.784 2
    endloop
  endfacet
  facet normal 0 0 0
    outer loop
      vertex 52.575 39.399 2
      vertex 52.579 40.172 0.5
      vertex 52.579 40.172 2
    endloop
  endfacet
  facet normal 0 0 0
    outer loop
      vertex 52.579 39.328 0.5
      vertex 52.579 40.172 0.5
      vertex 52.575 39.399 2
    endloop
  endfacet
  facet normal 0 0 0
    outer loop
      vertex 56.383 63.93 3.749
      vertex 56.221 64.656 3.655
      vertex 55.414 64.474 3.707
    endloop
  endfacet
  facet normal 0 0 0
    outer loop
      vertex 52.725 38.784 2
      vertex 52.579 39.328 0.5
      vertex 52.575 39.399 2
    endloop
  endfacet
  facet normal 0 0 0
    outer loop
      vertex 55.414 64.474 3.707
      vertex 56.221 64.656 3.655
      vertex 55.716 65.077 3.539
    endloop
  endfacet
  facet normal 0 0 0
    outer loop
      vertex 56.383 63.93 3.749
      vertex 56.959 64.635 3.614
      vertex 56.221 64.656 3.655
    endloop
  endfacet
  facet normal 0 0 0
    outer loop
      vertex 55.716 65.077 3.539
      vertex 54.964 64.949 3.594
      vertex 55.414 64.474 3.707
    endloop
  endfacet
  facet normal 0 0 0
    outer loop
      vertex 52.725 40.716 2
      vertex 52.579 40.172 2
      vertex 52.579 40.172 0.5
    endloop
  endfacet
  facet normal 0 0 0
    outer loop
      vertex 57.822 63.909 3.701
      vertex 56.959 64.635 3.614
      vertex 56.383 63.93 3.749
    endloop
  endfacet
  facet normal 0 0 0
    outer loop
      vertex 52.725 40.716 2
      vertex 50.658 40.769 2
      vertex 52.579 40.172 2
    endloop
  endfacet
  facet normal 0 0 0
    outer loop
      vertex 50.621 38.914 2
      vertex 52.725 38.784 2
      vertex 52.575 39.399 2
    endloop
  endfacet
  facet normal 0 0 0
    outer loop
      vertex 49.636 37.648 3.655
      vertex 49.511 37.201 3.566
      vertex 51.016 36.301 3.738
    endloop
  endfacet
  facet normal 0 0 0
    outer loop
      vertex 53.341 63.863 3.738
      vertex 53.423 63.08 3.75
      vertex 54.132 63.313 3.75
    endloop
  endfacet
  facet normal 0 0 0
    outer loop
      vertex 54.132 63.313 3.75
      vertex 54.683 63.417 3.75
      vertex 54.028 64.068 3.738
    endloop
  endfacet
  facet normal 0 0 0
    outer loop
      vertex 54.028 64.068 3.738
      vertex 53.341 63.863 3.738
      vertex 54.132 63.313 3.75
    endloop
  endfacet
  facet normal 0 0 0
    outer loop
      vertex 54.132 63.313 2
      vertex 55.242 63.446 2
      vertex 54.683 63.417 3.75
    endloop
  endfacet
  facet normal 0 0 0
    outer loop
      vertex 50.565 40.216 2
      vertex 52.575 39.399 2
      vertex 52.579 40.172 2
    endloop
  endfacet
  facet normal 0 0 0
    outer loop
      vertex 54.132 63.313 2
      vertex 54.683 63.417 3.75
      vertex 54.132 63.313 3.75
    endloop
  endfacet
  facet normal 0 0 0
    outer loop
      vertex 50.702 38.55 3.75
      vertex 51.025 37.675 3.75
      vertex 50.918 37.934 2
    endloop
  endfacet
  facet normal 0 0 0
    outer loop
      vertex 53.423 63.08 3.75
      vertex 53.34 63.037 2
      vertex 54.132 63.313 2
    endloop
  endfacet
  facet normal 0 0 0
    outer loop
      vertex 53.423 63.08 3.75
      vertex 54.132 63.313 2
      vertex 54.132 63.313 3.75
    endloop
  endfacet
  facet normal 0 0 0
    outer loop
      vertex 50.918 37.934 2
      vertex 50.621 38.914 2
      vertex 50.702 38.55 3.75
    endloop
  endfacet
  facet normal 0 0 0
    outer loop
      vertex 52.451 62.527 3.75
      vertex 53.34 63.037 2
      vertex 53.423 63.08 3.75
    endloop
  endfacet
  facet normal 0 0 0
    outer loop
      vertex 53.34 63.037 2
      vertex 52.451 62.527 3.75
      vertex 52.602 62.638 2
    endloop
  endfacet
  facet normal 0 0 0
    outer loop
      vertex 54.132 63.313 2
      vertex 54.276 61.267 2
      vertex 54.82 61.413 2
    endloop
  endfacet
  facet normal 0 0 0
    outer loop
      vertex 54.82 61.413 2
      vertex 55.242 63.446 2
      vertex 54.132 63.313 2
    endloop
  endfacet
  facet normal 0 0 0
    outer loop
      vertex 54.276 61.267 2
      vertex 54.132 63.313 2
      vertex 53.34 63.037 2
    endloop
  endfacet
  facet normal 0 0 0
    outer loop
      vertex 55.522 63.431 3.75
      vertex 56.383 63.93 3.749
      vertex 55.414 64.474 3.707
    endloop
  endfacet
  facet normal 0 0 0
    outer loop
      vertex 55.522 63.431 3.75
      vertex 56.352 63.313 3.75
      vertex 56.383 63.93 3.749
    endloop
  endfacet
  facet normal 0 0 0
    outer loop
      vertex 56.383 63.93 3.749
      vertex 56.352 63.313 3.75
      vertex 57.399 62.922 3.75
    endloop
  endfacet
  facet normal 0 0 0
    outer loop
      vertex 55.414 64.474 3.707
      vertex 54.028 64.068 3.738
      vertex 55.522 63.431 3.75
    endloop
  endfacet
  facet normal 0 0 0
    outer loop
      vertex 55.522 63.431 3.75
      vertex 54.028 64.068 3.738
      vertex 54.683 63.417 3.75
    endloop
  endfacet
  facet normal 0 0 0
    outer loop
      vertex 57.399 62.922 2
      vertex 56.352 63.313 3.75
      vertex 56.352 63.313 2
    endloop
  endfacet
  facet normal 0 0 0
    outer loop
      vertex 51.025 37.675 3.75
      vertex 51.305 37.19 3.75
      vertex 50.918 37.934 2
    endloop
  endfacet
  facet normal 0 0 0
    outer loop
      vertex 55.522 63.431 3.75
      vertex 56.352 63.313 2
      vertex 56.352 63.313 3.75
    endloop
  endfacet
  facet normal 0 0 0
    outer loop
      vertex 51.305 37.19 3.75
      vertex 51.305 37.19 2
      vertex 50.918 37.934 2
    endloop
  endfacet
  facet normal 0 0 0
    outer loop
      vertex 55.242 63.446 2
      vertex 56.352 63.313 2
      vertex 55.522 63.431 3.75
    endloop
  endfacet
  facet normal 0 0 0
    outer loop
      vertex 51.76 36.598 3.75
      vertex 51.76 36.598 2
      vertex 51.305 37.19 3.75
    endloop
  endfacet
  facet normal 0 0 0
    outer loop
      vertex 51.76 36.598 2
      vertex 51.305 37.19 2
      vertex 51.305 37.19 3.75
    endloop
  endfacet
  facet normal 0 0 0
    outer loop
      vertex 54.683 63.417 3.75
      vertex 55.242 63.446 2
      vertex 55.522 63.431 3.75
    endloop
  endfacet
  facet normal 0 0 0
    outer loop
      vertex 55.242 63.446 2
      vertex 55.664 61.413 2
      vertex 56.352 63.313 2
    endloop
  endfacet
  facet normal 0 0 0
    outer loop
      vertex 49.506 60.709 3.634
      vertex 49.905 61.124 3.688
      vertex 49.447 61.817 3.432
    endloop
  endfacet
  facet normal 0 0 0
    outer loop
      vertex 52.981 38.281 2
      vertex 51.305 37.19 2
      vertex 51.76 36.598 2
    endloop
  endfacet
  facet normal 0 0 0
    outer loop
      vertex 52.725 38.784 2
      vertex 50.621 38.914 2
      vertex 50.918 37.934 2
    endloop
  endfacet
  facet normal 0 0 0
    outer loop
      vertex 52.575 39.399 2
      vertex 50.565 40.216 2
      vertex 50.621 38.914 2
    endloop
  endfacet
  facet normal 0 0 0
    outer loop
      vertex 52.091 39.212 0
      vertex 52.579 39.328 0.5
      vertex 52.725 38.784 0.5
    endloop
  endfacet
  facet normal 0 0 0
    outer loop
      vertex 41.378 51.541 2.669
      vertex 41.125 51.49 2.972
      vertex 41.412 51.422 2.785
    endloop
  endfacet
  facet normal 0 0 0
    outer loop
      vertex 70.365 65.431 4.3
      vertex 72.015 65.431 1.308
      vertex 71.433 65.431 0.427
    endloop
  endfacet
  facet normal 0 0 0
    outer loop
      vertex 70.365 65.431 4.3
      vertex 71.433 65.431 0.427
      vertex 70.825 65.431 0
    endloop
  endfacet
  facet normal 0 0 0
    outer loop
      vertex 70.365 65.431 0
      vertex 70.365 65.431 4.3
      vertex 70.825 65.431 0
    endloop
  endfacet
  facet normal 0 0 0
    outer loop
      vertex 50.946 60.656 3.75
      vertex 50.658 59.769 3.75
      vertex 50.658 59.769 2
    endloop
  endfacet
  facet normal 0 0 0
    outer loop
      vertex 72.099 65.431 2.721
      vertex 70.365 65.431 4.3
      vertex 71.735 65.431 3.511
    endloop
  endfacet
  facet normal 0 0 0
    outer loop
      vertex 72.15 65.431 1.929
      vertex 70.365 65.431 4.3
      vertex 72.099 65.431 2.721
    endloop
  endfacet
  facet normal 0 0 0
    outer loop
      vertex 70.365 65.431 4.3
      vertex 71.298 65.431 4.008
      vertex 71.735 65.431 3.511
    endloop
  endfacet
  facet normal 0 0 0
    outer loop
      vertex 70.365 65.431 4.3
      vertex 72.15 65.431 1.929
      vertex 72.015 65.431 1.308
    endloop
  endfacet
  facet normal 0 0 0
    outer loop
      vertex 49.905 61.124 3.688
      vertex 49.598 59.95 3.701
      vertex 50.946 60.656 3.75
    endloop
  endfacet
  facet normal 0 0 0
    outer loop
      vertex 68.339 64.181 4.3
      vertex 68.865 65.431 4.3
      vertex 68.365 65.431 4.3
    endloop
  endfacet
  facet normal 0 0 0
    outer loop
      vertex 68.339 64.181 4.3
      vertex 67.497 64.931 4.3
      vertex 67.497 64.181 4.3
    endloop
  endfacet
  facet normal 0 0 0
    outer loop
      vertex 68.339 64.181 4.3
      vertex 68.365 65.431 4.3
      vertex 67.497 64.931 4.3
    endloop
  endfacet
  facet normal 0 0 0
    outer loop
      vertex 68.865 65.431 4.3
      vertex 68.339 64.181 4.3
      vertex 68.865 58.431 4.3
    endloop
  endfacet
  facet normal 0 0 0
    outer loop
      vertex 49.598 59.95 3.701
      vertex 49.905 61.124 3.688
      vertex 49.506 60.709 3.634
    endloop
  endfacet
  facet normal 0 0 0
    outer loop
      vertex 71.727 64.931 4.3
      vertex 70.891 64.181 4.3
      vertex 71.727 64.181 4.3
    endloop
  endfacet
  facet normal 0 0 0
    outer loop
      vertex 49.598 59.95 3.701
      vertex 50.658 59.769 3.75
      vertex 50.946 60.656 3.75
    endloop
  endfacet
  facet normal 0 0 0
    outer loop
      vertex 18.134 66.514 0.519
      vertex 17.946 66.514 1.012
      vertex 18.52 67.015 0.883
    endloop
  endfacet
  facet normal 0 0 0
    outer loop
      vertex 70.891 64.181 4.3
      vertex 71.727 64.931 4.3
      vertex 70.854 65.431 4.3
    endloop
  endfacet
  facet normal 0 0 0
    outer loop
      vertex 70.891 64.181 4.3
      vertex 70.365 65.431 4.3
      vertex 70.365 58.431 4.3
    endloop
  endfacet
  facet normal 0 0 0
    outer loop
      vertex 70.365 65.431 4.3
      vertex 70.891 64.181 4.3
      vertex 70.854 65.431 4.3
    endloop
  endfacet
  facet normal 0 0 0
    outer loop
      vertex 17.946 66.514 1.012
      vertex 18.373 67.015 1.673
      vertex 18.52 67.015 0.883
    endloop
  endfacet
  facet normal 0 0 0
    outer loop
      vertex 68.865 58.431 4.3
      vertex 68.339 64.181 4.3
      vertex 68.339 53.681 4.3
    endloop
  endfacet
  facet normal 0 0 0
    outer loop
      vertex 68.865 58.431 4.3
      vertex 70.891 53.681 4.3
      vertex 70.365 58.431 4.3
    endloop
  endfacet
  facet normal 0 0 0
    outer loop
      vertex 70.365 58.431 4.3
      vertex 70.891 53.681 4.3
      vertex 70.891 64.181 4.3
    endloop
  endfacet
  facet normal 0 0 0
    outer loop
      vertex 66.54 51.681 4.3
      vertex 68.339 53.681 4.3
      vertex 66.54 53.681 4.3
    endloop
  endfacet
  facet normal 0 0 0
    outer loop
      vertex 21.65 65.814 2.918
      vertex 22.307 65.814 2.882
      vertex 21.991 65.814 3.3
    endloop
  endfacet
  facet normal 0 0 0
    outer loop
      vertex 21.189 65.814 3.3
      vertex 21.65 65.814 2.918
      vertex 21.991 65.814 3.3
    endloop
  endfacet
  facet normal 0 0 0
    outer loop
      vertex 70.891 53.681 4.3
      vertex 68.865 58.431 4.3
      vertex 68.339 53.681 4.3
    endloop
  endfacet
  facet normal 0 0 0
    outer loop
      vertex 70.891 53.681 4.3
      vertex 66.54 51.681 4.3
      vertex 72.69 51.681 4.3
    endloop
  endfacet
  facet normal 0 0 0
    outer loop
      vertex 70.891 53.681 4.3
      vertex 72.69 51.681 4.3
      vertex 72.69 53.681 4.3
    endloop
  endfacet
  facet normal 0 0 0
    outer loop
      vertex 66.54 51.681 4.3
      vertex 70.891 53.681 4.3
      vertex 68.339 53.681 4.3
    endloop
  endfacet
  facet normal 0 0 0
    outer loop
      vertex 22.307 65.814 2.882
      vertex 21.65 65.814 2.918
      vertex 22.029 65.814 2.286
    endloop
  endfacet
  facet normal 0 0 0
    outer loop
      vertex 20.754 66.514 3.3
      vertex 21.76 67.015 2.8
      vertex 20.754 67.015 2.8
    endloop
  endfacet
  facet normal 0 0 0
    outer loop
      vertex 21.991 66.514 3.3
      vertex 21.76 67.015 2.8
      vertex 20.754 66.514 3.3
    endloop
  endfacet
  facet normal 0 0 0
    outer loop
      vertex 43.311 32.707 0.596
      vertex 43.308 32.886 0.831
      vertex 43.311 32.924 2.449
    endloop
  endfacet
  facet normal 0 0 0
    outer loop
      vertex 43.314 31.508 3.401
      vertex 43.314 31.51 0.001
      vertex 43.309 31.933 3.401
    endloop
  endfacet
  facet normal 0 0 0
    outer loop
      vertex 41.412 51.422 2.785
      vertex 41.443 51.179 2.989
      vertex 41.378 51.541 2.669
    endloop
  endfacet
  facet normal 0 0 0
    outer loop
      vertex 43.309 31.933 3.401
      vertex 43.305 31.995 0.001
      vertex 43.314 32.311 3.143
    endloop
  endfacet
  facet normal 0 0 0
    outer loop
      vertex 41.125 51.49 2.972
      vertex 40.298 51.658 2.71
      vertex 41.131 51.056 3.401
    endloop
  endfacet
  facet normal 0 0 0
    outer loop
      vertex 41.378 51.541 2.669
      vertex 41.253 51.701 2.565
      vertex 41.125 51.49 2.972
    endloop
  endfacet
  facet normal 0 0 0
    outer loop
      vertex 43.314 32.311 3.143
      vertex 43.305 31.995 0.001
      vertex 43.308 32.444 3.101
    endloop
  endfacet
  facet normal 0 0 0
    outer loop
      vertex 41.253 51.701 2.565
      vertex 41.129 51.693 2.638
      vertex 41.125 51.49 2.972
    endloop
  endfacet
  facet normal 0 0 0
    outer loop
      vertex 41.253 51.701 2.565
      vertex 41.116 51.833 2.295
      vertex 41.129 51.693 2.638
    endloop
  endfacet
  facet normal 0 0 0
    outer loop
      vertex 40.298 51.658 2.71
      vertex 41.129 51.693 2.638
      vertex 41.116 51.833 2.295
    endloop
  endfacet
  facet normal 0 0 0
    outer loop
      vertex 43.305 31.995 0.001
      vertex 43.309 31.933 3.401
      vertex 43.314 31.51 0.001
    endloop
  endfacet
  facet normal 0 0 0
    outer loop
      vertex 41.129 51.693 2.638
      vertex 40.298 51.658 2.71
      vertex 41.125 51.49 2.972
    endloop
  endfacet
  facet normal 0 0 0
    outer loop
      vertex 41.116 51.833 2.295
      vertex 40.298 51.884 2.064
      vertex 40.298 51.658 2.71
    endloop
  endfacet
  facet normal 0 0 0
    outer loop
      vertex 40.298 51.884 2.064
      vertex 41.116 51.833 2.295
      vertex 41.134 51.891 2.022
    endloop
  endfacet
  facet normal 0 0 0
    outer loop
      vertex 43.246 32.64 0.28
      vertex 43.169 33.031 0.639
      vertex 43.311 32.707 0.596
    endloop
  endfacet
  facet normal 0 0 0
    outer loop
      vertex 42.978 32.552 0.001
      vertex 42.973 32.972 0.414
      vertex 43.101 32.758 0.215
    endloop
  endfacet
  facet normal 0 0 0
    outer loop
      vertex 43.101 32.758 0.215
      vertex 43.226 32.341 0.001
      vertex 42.978 32.552 0.001
    endloop
  endfacet
  facet normal 0 0 0
    outer loop
      vertex 41.46 51.18 0.522
      vertex 41.466 51.246 0.671
      vertex 41.443 51.179 2.989
    endloop
  endfacet
  facet normal 0 0 0
    outer loop
      vertex 43.101 32.758 0.215
      vertex 43.246 32.64 0.28
      vertex 43.226 32.341 0.001
    endloop
  endfacet
  facet normal 0 0 0
    outer loop
      vertex 41.46 51.18 0.522
      vertex 41.443 51.179 2.989
      vertex 41.466 51.053 0.444
    endloop
  endfacet
  facet normal 0 0 0
    outer loop
      vertex 41.463 50.859 0.266
      vertex 41.443 51.179 2.989
      vertex 41.465 50.607 3.285
    endloop
  endfacet
  facet normal 0 0 0
    outer loop
      vertex 43.308 32.395 0.274
      vertex 43.257 32.258 0.001
      vertex 43.226 32.341 0.001
    endloop
  endfacet
  facet normal 0 0 0
    outer loop
      vertex 43.257 32.258 0.001
      vertex 43.308 32.395 0.274
      vertex 43.305 31.995 0.001
    endloop
  endfacet
  facet normal 0 0 0
    outer loop
      vertex 43.226 32.341 0.001
      vertex 40.715 32.551 0.001
      vertex 42.978 32.552 0.001
    endloop
  endfacet
  facet normal 0 0 0
    outer loop
      vertex 43.226 32.341 0.001
      vertex 43.246 32.64 0.28
      vertex 43.308 32.395 0.274
    endloop
  endfacet
  facet normal 0 0 0
    outer loop
      vertex 41.465 50.607 3.285
      vertex 41.457 50.501 0.001
      vertex 41.463 50.859 0.266
    endloop
  endfacet
  facet normal 0 0 0
    outer loop
      vertex 43.246 32.64 0.28
      vertex 43.311 32.707 0.596
      vertex 43.308 32.395 0.274
    endloop
  endfacet
  facet normal 0 0 0
    outer loop
      vertex 41.125 51.49 2.972
      vertex 41.237 51.268 3.19
      vertex 41.443 51.179 2.989
    endloop
  endfacet
  facet normal 0 0 0
    outer loop
      vertex 41.237 51.268 3.19
      vertex 41.33 50.921 3.401
      vertex 41.443 51.179 2.989
    endloop
  endfacet
  facet normal 0 0 0
    outer loop
      vertex 40.715 32.551 0.001
      vertex 43.226 32.341 0.001
      vertex 43.257 32.258 0.001
    endloop
  endfacet
  facet normal 0 0 0
    outer loop
      vertex 40.715 32.551 0.001
      vertex 43.257 32.258 0.001
      vertex 43.305 31.995 0.001
    endloop
  endfacet
  facet normal 0 0 0
    outer loop
      vertex 43.275 32.639 3.066
      vertex 43.308 32.444 3.101
      vertex 43.305 31.995 0.001
    endloop
  endfacet
  facet normal 0 0 0
    outer loop
      vertex 52.981 38.281 0.5
      vertex 52.855 37.635 0
      vertex 52.349 38.406 0
    endloop
  endfacet
  facet normal 0 0 0
    outer loop
      vertex 52.349 38.406 0
      vertex 52.091 39.212 0
      vertex 52.725 38.784 0.5
    endloop
  endfacet
  facet normal 0 0 0
    outer loop
      vertex 43.275 32.639 3.066
      vertex 43.305 31.995 0.001
      vertex 43.308 32.395 0.274
    endloop
  endfacet
  facet normal 0 0 0
    outer loop
      vertex 52.349 38.406 0
      vertex 52.725 38.784 0.5
      vertex 52.981 38.281 0.5
    endloop
  endfacet
  facet normal 0 0 0
    outer loop
      vertex 43.275 32.639 3.066
      vertex 43.308 32.395 0.274
      vertex 43.311 32.707 0.596
    endloop
  endfacet
  facet normal 0 0 0
    outer loop
      vertex 52.725 38.784 0.5
      vertex 52.579 39.328 0.5
      vertex 52.725 38.784 2
    endloop
  endfacet
  facet normal 0 0 0
    outer loop
      vertex 52.981 38.281 0.5
      vertex 52.725 38.784 0.5
      vertex 52.725 38.784 2
    endloop
  endfacet
  facet normal 0 0 0
    outer loop
      vertex 52.981 38.281 2
      vertex 52.981 38.281 0.5
      vertex 52.725 38.784 2
    endloop
  endfacet
  facet normal 0 0 0
    outer loop
      vertex 43.311 32.924 2.449
      vertex 43.275 32.639 3.066
      vertex 43.311 32.707 0.596
    endloop
  endfacet
  facet normal 0 0 0
    outer loop
      vertex 53.335 37.843 2
      vertex 52.981 38.281 0.5
      vertex 52.981 38.281 2
    endloop
  endfacet
  facet normal 0 0 0
    outer loop
      vertex 51.76 36.598 2
      vertex 53.335 37.843 2
      vertex 52.981 38.281 2
    endloop
  endfacet
  facet normal 0 0 0
    outer loop
      vertex 53.773 37.489 2
      vertex 52.158 36.204 2
      vertex 52.685 35.819 2
    endloop
  endfacet
  facet normal 0 0 0
    outer loop
      vertex 53.773 37.489 2
      vertex 52.685 35.819 2
      vertex 54.276 37.233 2
    endloop
  endfacet
  facet normal 0 0 0
    outer loop
      vertex 54.276 37.233 2
      vertex 54.131 35.183 2
      vertex 54.82 37.087 2
    endloop
  endfacet
  facet normal 0 0 0
    outer loop
      vertex 52.158 36.204 2
      vertex 53.773 37.489 2
      vertex 53.335 37.843 2
    endloop
  endfacet
  facet normal 0 0 0
    outer loop
      vertex 53.773 37.489 0.5
      vertex 54.276 37.233 2
      vertex 54.276 37.233 0.5
    endloop
  endfacet
  facet normal 0 0 0
    outer loop
      vertex 54.276 37.233 2
      vertex 53.773 37.489 0.5
      vertex 53.773 37.489 2
    endloop
  endfacet
  facet normal 0 0 0
    outer loop
      vertex 43.101 28.888 2.716
      vertex 43.163 29.213 3.102
      vertex 42.973 29.021 2.971
    endloop
  endfacet
  facet normal 0 0 0
    outer loop
      vertex 54.82 37.087 0.5
      vertex 54.276 37.233 0.5
      vertex 54.276 37.233 2
    endloop
  endfacet
  facet normal 0 0 0
    outer loop
      vertex 43.163 29.213 3.102
      vertex 42.979 29.454 3.4
      vertex 42.973 29.021 2.971
    endloop
  endfacet
  facet normal 0 0 0
    outer loop
      vertex 54.82 37.087 0.5
      vertex 54.276 37.233 2
      vertex 54.82 37.087 2
    endloop
  endfacet
  facet normal 0 0 0
    outer loop
      vertex 54.82 37.087 0.5
      vertex 54.82 37.087 2
      vertex 55.664 37.087 0.5
    endloop
  endfacet
  facet normal 0 0 0
    outer loop
      vertex 43.213 29.64 3.4
      vertex 40.4 29.949 3.4
      vertex 42.979 29.454 3.4
    endloop
  endfacet
  facet normal 0 0 0
    outer loop
      vertex 43.311 29.19 2.647
      vertex 43.247 28.995 2.656
      vertex 43.216 28.798 2.302
    endloop
  endfacet
  facet normal 0 0 0
    outer loop
      vertex 43.311 29.19 2.647
      vertex 43.259 29.136 2.848
      vertex 43.247 28.995 2.656
    endloop
  endfacet
  facet normal 0 0 0
    outer loop
      vertex 53.335 37.843 0.5
      vertex 52.981 38.281 0.5
      vertex 53.335 37.843 2
    endloop
  endfacet
  facet normal 0 0 0
    outer loop
      vertex 53.335 37.843 0.5
      vertex 52.855 37.635 0
      vertex 52.981 38.281 0.5
    endloop
  endfacet
  facet normal 0 0 0
    outer loop
      vertex 43.275 28.812 1.974
      vertex 43.311 29.19 2.647
      vertex 43.216 28.798 2.302
    endloop
  endfacet
  facet normal 0 0 0
    outer loop
      vertex 42.973 29.021 2.971
      vertex 43.216 28.798 2.302
      vertex 43.101 28.888 2.716
    endloop
  endfacet
  facet normal 0 0 0
    outer loop
      vertex 53.335 37.843 0.5
      vertex 53.773 37.489 2
      vertex 53.773 37.489 0.5
    endloop
  endfacet
  facet normal 0 0 0
    outer loop
      vertex 43.247 28.995 2.656
      vertex 43.259 29.136 2.848
      vertex 43.163 29.213 3.102
    endloop
  endfacet
  facet normal 0 0 0
    outer loop
      vertex 53.335 37.843 2
      vertex 53.773 37.489 2
      vertex 53.335 37.843 0.5
    endloop
  endfacet
  facet normal 0 0 0
    outer loop
      vertex 43.163 29.213 3.102
      vertex 43.259 29.136 2.848
      vertex 43.311 29.19 2.647
    endloop
  endfacet
  facet normal 0 0 0
    outer loop
      vertex 43.163 29.213 3.102
      vertex 43.311 29.19 2.647
      vertex 43.299 29.951 3.4
    endloop
  endfacet
  facet normal 0 0 0
    outer loop
      vertex 53.773 37.489 0.5
      vertex 54.276 37.233 0.5
      vertex 53.755 36.917 0
    endloop
  endfacet
  facet normal 0 0 0
    outer loop
      vertex 53.335 37.843 0.5
      vertex 53.755 36.917 0
      vertex 52.855 37.635 0
    endloop
  endfacet
  facet normal 0 0 0
    outer loop
      vertex 53.755 36.917 0
      vertex 53.335 37.843 0.5
      vertex 53.773 37.489 0.5
    endloop
  endfacet
  facet normal 0 0 0
    outer loop
      vertex 43.213 29.64 3.4
      vertex 43.163 29.213 3.102
      vertex 43.299 29.951 3.4
    endloop
  endfacet
  facet normal 0 0 0
    outer loop
      vertex 43.163 29.213 3.102
      vertex 43.213 29.64 3.4
      vertex 42.979 29.454 3.4
    endloop
  endfacet
  facet normal 0 0 0
    outer loop
      vertex 54.82 37.087 2
      vertex 55.664 37.087 2
      vertex 55.664 37.087 0.5
    endloop
  endfacet
  facet normal 0 0 0
    outer loop
      vertex 22.307 66.514 2.882
      vertex 22.032 67.015 2.263
      vertex 21.76 67.015 2.8
    endloop
  endfacet
  facet normal 0 0 0
    outer loop
      vertex 56.208 37.233 0.5
      vertex 55.664 37.087 2
      vertex 56.208 37.233 2
    endloop
  endfacet
  facet normal 0 0 0
    outer loop
      vertex 21.991 65.814 3.3
      vertex 22.307 65.814 2.882
      vertex 22.307 66.514 2.882
    endloop
  endfacet
  facet normal 0 0 0
    outer loop
      vertex 21.991 66.514 3.3
      vertex 21.991 65.814 3.3
      vertex 22.307 66.514 2.882
    endloop
  endfacet
  facet normal 0 0 0
    outer loop
      vertex 55.664 37.087 2
      vertex 56.208 37.233 0.5
      vertex 55.664 37.087 0.5
    endloop
  endfacet
  facet normal 0 0 0
    outer loop
      vertex 22.307 66.514 2.882
      vertex 21.76 67.015 2.8
      vertex 21.991 66.514 3.3
    endloop
  endfacet
  facet normal 0 0 0
    outer loop
      vertex 56.711 37.489 0.5
      vertex 56.208 37.233 0.5
      vertex 56.208 37.233 2
    endloop
  endfacet
  facet normal 0 0 0
    outer loop
      vertex 57.112 37.176 0
      vertex 57.149 37.843 0.5
      vertex 57.91 38.002 0
    endloop
  endfacet
  facet normal 0 0 0
    outer loop
      vertex 56.208 37.233 0.5
      vertex 56.303 36.735 0
      vertex 55.664 37.087 0.5
    endloop
  endfacet
  facet normal 0 0 0
    outer loop
      vertex 56.208 37.233 0.5
      vertex 57.112 37.176 0
      vertex 56.303 36.735 0
    endloop
  endfacet
  facet normal 0 0 0
    outer loop
      vertex 22.634 65.814 1.767
      vertex 22.029 65.814 2.286
      vertex 22.144 65.814 1.697
    endloop
  endfacet
  facet normal 0 0 0
    outer loop
      vertex 57.112 37.176 0
      vertex 56.208 37.233 0.5
      vertex 56.711 37.489 0.5
    endloop
  endfacet
  facet normal 0 0 0
    outer loop
      vertex 57.149 37.843 0.5
      vertex 57.112 37.176 0
      vertex 56.711 37.489 0.5
    endloop
  endfacet
  facet normal 0 0 0
    outer loop
      vertex 22.029 65.814 2.286
      vertex 22.634 65.814 1.767
      vertex 22.307 65.814 2.882
    endloop
  endfacet
  facet normal 0 0 0
    outer loop
      vertex 56.208 37.233 2
      vertex 56.17 35.146 2
      vertex 57.479 35.628 2
    endloop
  endfacet
  facet normal 0 0 0
    outer loop
      vertex 56.711 37.489 0.5
      vertex 56.208 37.233 2
      vertex 56.711 37.489 2
    endloop
  endfacet
  facet normal 0 0 0
    outer loop
      vertex 58.181 36.087 2
      vertex 57.149 37.843 2
      vertex 56.711 37.489 2
    endloop
  endfacet
  facet normal 0 0 0
    outer loop
      vertex 56.711 37.489 2
      vertex 57.149 37.843 0.5
      vertex 56.711 37.489 0.5
    endloop
  endfacet
  facet normal 0 0 0
    outer loop
      vertex 57.149 37.843 0.5
      vertex 56.711 37.489 2
      vertex 57.149 37.843 2
    endloop
  endfacet
  facet normal 0 0 0
    outer loop
      vertex 57.149 37.843 2
      vertex 58.181 36.087 2
      vertex 58.724 36.598 2
    endloop
  endfacet
  facet normal 0 0 0
    outer loop
      vertex 57.149 37.843 0.5
      vertex 57.149 37.843 2
      vertex 57.503 38.281 0.5
    endloop
  endfacet
  facet normal 0 0 0
    outer loop
      vertex 49.68 38.215 3.701
      vertex 51.016 36.301 3.738
      vertex 49.827 39.109 3.738
    endloop
  endfacet
  facet normal 0 0 0
    outer loop
      vertex 22.029 65.814 1.014
      vertex 22.576 65.814 1.068
      vertex 22.144 65.814 1.697
    endloop
  endfacet
  facet normal 0 0 0
    outer loop
      vertex 22.418 65.814 0.625
      vertex 21.65 65.814 0.382
      vertex 21.991 65.814 0
    endloop
  endfacet
  facet normal 0 0 0
    outer loop
      vertex 21.991 65.814 0
      vertex 21.65 65.814 0.382
      vertex 21.189 65.814 0
    endloop
  endfacet
  facet normal 0 0 0
    outer loop
      vertex 21.65 65.814 0.382
      vertex 22.418 65.814 0.625
      vertex 22.029 65.814 1.014
    endloop
  endfacet
  facet normal 0 0 0
    outer loop
      vertex 49.68 35.709 3.267
      vertex 49.666 36.188 3.416
      vertex 49.342 35.981 3.186
    endloop
  endfacet
  facet normal 0 0 0
    outer loop
      vertex 49.666 36.188 3.416
      vertex 49.463 36.528 3.416
      vertex 49.342 35.981 3.186
    endloop
  endfacet
  facet normal 0 0 0
    outer loop
      vertex 21.966 67.015 0.839
      vertex 21.991 66.514 0
      vertex 21.76 67.013 0.499
    endloop
  endfacet
  facet normal 0 0 0
    outer loop
      vertex 51.016 36.301 3.738
      vertex 50.702 38.55 3.75
      vertex 49.827 39.109 3.738
    endloop
  endfacet
  facet normal 0 0 0
    outer loop
      vertex 51.016 36.301 3.738
      vertex 51.025 37.675 3.75
      vertex 50.702 38.55 3.75
    endloop
  endfacet
  facet normal 0 0 0
    outer loop
      vertex 21.991 66.514 0
      vertex 21.966 67.015 0.839
      vertex 22.418 66.514 0.625
    endloop
  endfacet
  facet normal 0 0 0
    outer loop
      vertex 21.991 65.814 0
      vertex 21.991 66.514 0
      vertex 22.418 65.814 0.625
    endloop
  endfacet
  facet normal 0 0 0
    outer loop
      vertex 22.418 66.514 0.625
      vertex 22.418 65.814 0.625
      vertex 21.991 66.514 0
    endloop
  endfacet
  facet normal 0 0 0
    outer loop
      vertex 22.576 65.814 1.068
      vertex 22.418 66.514 0.625
      vertex 22.645 66.514 1.532
    endloop
  endfacet
  facet normal 0 0 0
    outer loop
      vertex 22.418 65.814 0.625
      vertex 22.418 66.514 0.625
      vertex 22.576 65.814 1.068
    endloop
  endfacet
  facet normal 0 0 0
    outer loop
      vertex 51.016 36.301 3.738
      vertex 49.68 38.215 3.701
      vertex 49.636 37.648 3.655
    endloop
  endfacet
  facet normal 0 0 0
    outer loop
      vertex 22.418 66.514 0.625
      vertex 21.966 67.015 0.839
      vertex 22.119 67.015 1.373
    endloop
  endfacet
  facet normal 0 0 0
    outer loop
      vertex 21.76 67.013 0.499
      vertex 21.991 66.514 0
      vertex 20.754 66.514 0
    endloop
  endfacet
  facet normal 0 0 0
    outer loop
      vertex 49.463 36.528 3.416
      vertex 49.666 36.188 3.416
      vertex 49.511 37.201 3.566
    endloop
  endfacet
  facet normal 0 0 0
    outer loop
      vertex 20.754 67.015 0.5
      vertex 21.76 67.013 0.499
      vertex 20.754 66.514 0
    endloop
  endfacet
  facet normal 0 0 0
    outer loop
      vertex 20.754 67.015 2.8
      vertex 21.966 67.015 0.839
      vertex 21.76 67.013 0.499
    endloop
  endfacet
  facet normal 0 0 0
    outer loop
      vertex 20.754 67.015 2.8
      vertex 21.76 67.013 0.499
      vertex 20.754 67.015 0.5
    endloop
  endfacet
  facet normal 0 0 0
    outer loop
      vertex 20.754 67.015 2.8
      vertex 20.754 59.811 0
      vertex 20.754 66.514 3.3
    endloop
  endfacet
  facet normal 0 0 0
    outer loop
      vertex 51.016 36.301 3.738
      vertex 51.305 37.19 3.75
      vertex 51.025 37.675 3.75
    endloop
  endfacet
  facet normal 0 0 0
    outer loop
      vertex 22.634 65.814 1.767
      vertex 22.144 65.814 1.697
      vertex 22.576 65.814 1.068
    endloop
  endfacet
  facet normal 0 0 0
    outer loop
      vertex 22.576 65.814 1.068
      vertex 22.029 65.814 1.014
      vertex 22.418 65.814 0.625
    endloop
  endfacet
  facet normal 0 0 0
    outer loop
      vertex 22.032 67.015 2.263
      vertex 22.622 66.514 2.002
      vertex 22.645 66.514 1.532
    endloop
  endfacet
  facet normal 0 0 0
    outer loop
      vertex 22.307 66.514 2.882
      vertex 22.307 65.814 2.882
      vertex 22.622 66.514 2.002
    endloop
  endfacet
  facet normal 0 0 0
    outer loop
      vertex 22.622 66.514 2.002
      vertex 22.032 67.015 2.263
      vertex 22.307 66.514 2.882
    endloop
  endfacet
  facet normal 0 0 0
    outer loop
      vertex 22.032 67.015 2.263
      vertex 22.645 66.514 1.532
      vertex 22.119 67.015 1.373
    endloop
  endfacet
  facet normal 0 0 0
    outer loop
      vertex 22.622 66.514 2.002
      vertex 22.634 65.814 1.767
      vertex 22.645 66.514 1.532
    endloop
  endfacet
  facet normal 0 0 0
    outer loop
      vertex 22.645 66.514 1.532
      vertex 22.634 65.814 1.767
      vertex 22.576 65.814 1.068
    endloop
  endfacet
  facet normal 0 0 0
    outer loop
      vertex 51.062 34.666 3.433
      vertex 50.958 35.532 3.644
      vertex 50.234 35.632 3.485
    endloop
  endfacet
  facet normal 0 0 0
    outer loop
      vertex 22.645 66.514 1.532
      vertex 22.418 66.514 0.625
      vertex 22.119 67.015 1.373
    endloop
  endfacet
  facet normal 0 0 0
    outer loop
      vertex 51.904 35.628 3.749
      vertex 51.016 36.301 3.738
      vertex 50.958 35.532 3.644
    endloop
  endfacet
  facet normal 0 0 0
    outer loop
      vertex 22.622 66.514 2.002
      vertex 22.307 65.814 2.882
      vertex 22.634 65.814 1.767
    endloop
  endfacet
  facet normal 0 0 0
    outer loop
      vertex 19.648 59.811 0
      vertex 19.648 66.514 0
      vertex 19.648 67.014 2.8
    endloop
  endfacet
  facet normal 0 0 0
    outer loop
      vertex 49.68 35.709 3.267
      vertex 50.958 35.532 3.644
      vertex 49.666 36.188 3.416
    endloop
  endfacet
  facet normal 0 0 0
    outer loop
      vertex 61.177 53.565 2.183
      vertex 61.861 54.237 1.914
      vertex 61.75 54.593 2.438
    endloop
  endfacet
  facet normal 0 0 0
    outer loop
      vertex 62.352 55.06 1.914
      vertex 61.861 54.237 1.914
      vertex 62.006 54.138 1.344
    endloop
  endfacet
  facet normal 0 0 0
    outer loop
      vertex 62.006 54.138 1.344
      vertex 62.509 54.979 1.344
      vertex 62.352 55.06 1.914
    endloop
  endfacet
  facet normal 0 0 0
    outer loop
      vertex 61.861 54.237 1.914
      vertex 62.352 55.06 1.914
      vertex 61.75 54.593 2.438
    endloop
  endfacet
  facet normal 0 0 0
    outer loop
      vertex 61.041 53.624 0
      vertex 61.885 54.777 0
      vertex 61.84 53.804 0.5
    endloop
  endfacet
  facet normal 0 0 0
    outer loop
      vertex 61.75 54.593 2.438
      vertex 62.352 55.06 1.914
      vertex 62.099 55.191 2.438
    endloop
  endfacet
  facet normal 0 0 0
    outer loop
      vertex 61.84 53.804 0.5
      vertex 62.507 54.841 0.5
      vertex 62.006 54.138 1.344
    endloop
  endfacet
  facet normal 0 0 0
    outer loop
      vertex 62.507 54.841 0.5
      vertex 63.005 55.968 0.5
      vertex 62.802 55.452 0.825
    endloop
  endfacet
  facet normal 0 0 0
    outer loop
      vertex 20.754 66.514 0
      vertex 20.754 67.015 2.8
      vertex 20.754 67.015 0.5
    endloop
  endfacet
  facet normal 0 0 0
    outer loop
      vertex 62.507 54.841 0.5
      vertex 62.501 56.065 0
      vertex 63.005 55.968 0.5
    endloop
  endfacet
  facet normal 0 0 0
    outer loop
      vertex 62.507 54.841 0.5
      vertex 61.885 54.777 0
      vertex 62.501 56.065 0
    endloop
  endfacet
  facet normal 0 0 0
    outer loop
      vertex 62.507 54.841 0.5
      vertex 61.84 53.804 0.5
      vertex 61.885 54.777 0
    endloop
  endfacet
  facet normal 0 0 0
    outer loop
      vertex 58.237 53.566 3.655
      vertex 57.659 52.59 3.416
      vertex 58.238 52.532 3.244
    endloop
  endfacet
  facet normal 0 0 0
    outer loop
      vertex 56.907 52.346 3.416
      vertex 57.659 52.59 3.416
      vertex 56.941 52.934 3.634
    endloop
  endfacet
  facet normal 0 0 0
    outer loop
      vertex 21.65 65.814 0.382
      vertex 21.189 42.514 0
      vertex 21.189 65.814 0
    endloop
  endfacet
  facet normal 0 0 0
    outer loop
      vertex 57.659 52.59 3.416
      vertex 58.237 53.566 3.655
      vertex 56.941 52.934 3.634
    endloop
  endfacet
  facet normal 0 0 0
    outer loop
      vertex 58.237 53.566 3.655
      vertex 58.238 52.532 3.244
      vertex 58.856 52.901 3.267
    endloop
  endfacet
  facet normal 0 0 0
    outer loop
      vertex 58.237 53.566 3.655
      vertex 58.856 52.901 3.267
      vertex 59.2 53.128 3.267
    endloop
  endfacet
  facet normal 0 0 0
    outer loop
      vertex 58.856 52.901 3.267
      vertex 58.911 52.394 2.895
      vertex 59.2 53.128 3.267
    endloop
  endfacet
  facet normal 0 0 0
    outer loop
      vertex 58.911 52.394 2.895
      vertex 58.856 52.901 3.267
      vertex 58.238 52.532 3.244
    endloop
  endfacet
  facet normal 0 0 0
    outer loop
      vertex 31 66.995 2.485
      vertex 31 66.486 3.275
      vertex 31 66.817 2.979
    endloop
  endfacet
  facet normal 0 0 0
    outer loop
      vertex 31 66.059 3.398
      vertex 31 66.995 2.485
      vertex 31 66.995 0.78
    endloop
  endfacet
  facet normal 0 0 0
    outer loop
      vertex 31 66.504 0.001
      vertex 31 62.836 0.016
      vertex 31 66.92 0.471
    endloop
  endfacet
  facet normal 0 0 0
    outer loop
      vertex 31 66.995 0.78
      vertex 31 62.726 3.359
      vertex 31 66.059 3.398
    endloop
  endfacet
  facet normal 0 0 0
    outer loop
      vertex 31 66.059 3.398
      vertex 31 66.486 3.275
      vertex 31 66.995 2.485
    endloop
  endfacet
  facet normal 0 0 0
    outer loop
      vertex 57.659 52.59 3.416
      vertex 56.907 52.346 3.416
      vertex 57.442 51.98 3.093
    endloop
  endfacet
  facet normal 0 0 0
    outer loop
      vertex 31 62.726 3.359
      vertex 31 66.995 0.78
      vertex 31 66.92 0.471
    endloop
  endfacet
  facet normal 0 0 0
    outer loop
      vertex 58.237 53.566 3.655
      vertex 59.2 53.128 3.267
      vertex 58.894 53.562 3.539
    endloop
  endfacet
  facet normal 0 0 0
    outer loop
      vertex 31 66.92 0.471
      vertex 31 62.338 3.144
      vertex 31 62.726 3.359
    endloop
  endfacet
  facet normal 0 0 0
    outer loop
      vertex 31 66.92 0.471
      vertex 31 62.175 2.953
      vertex 31 62.338 3.144
    endloop
  endfacet
  facet normal 0 0 0
    outer loop
      vertex 31 66.92 0.471
      vertex 31 62.006 2.456
      vertex 31 62.175 2.953
    endloop
  endfacet
  facet normal 0 0 0
    outer loop
      vertex 31 62.006 2.456
      vertex 31 66.92 0.471
      vertex 31 62.006 0.944
    endloop
  endfacet
  facet normal 0 0 0
    outer loop
      vertex 31 66.92 0.471
      vertex 31 62.044 0.724
      vertex 31 62.006 0.944
    endloop
  endfacet
  facet normal 0 0 0
    outer loop
      vertex 31 66.92 0.471
      vertex 31 62.259 0.335
      vertex 31 62.044 0.724
    endloop
  endfacet
  facet normal 0 0 0
    outer loop
      vertex 31 62.259 0.335
      vertex 31 66.92 0.471
      vertex 31 62.621 0.077
    endloop
  endfacet
  facet normal 0 0 0
    outer loop
      vertex 31 62.621 0.077
      vertex 31 66.92 0.471
      vertex 31 62.836 0.016
    endloop
  endfacet
  facet normal 0 0 0
    outer loop
      vertex 58.911 52.394 2.895
      vertex 60.119 52.997 2.676
      vertex 59.2 53.128 3.267
    endloop
  endfacet
  facet normal 0 0 0
    outer loop
      vertex 58.911 52.394 2.895
      vertex 59.103 52.062 2.438
      vertex 59.932 52.499 2.276
    endloop
  endfacet
  facet normal 0 0 0
    outer loop
      vertex 39.981 65.556 3.401
      vertex 35.966 65.008 3.401
      vertex 41.466 65.008 3.401
    endloop
  endfacet
  facet normal 0 0 0
    outer loop
      vertex 40.298 44.161 2.71
      vertex 40.298 44.387 2.064
      vertex 40.179 44.266 2.407
    endloop
  endfacet
  facet normal 0 0 0
    outer loop
      vertex 41.33 50.921 3.401
      vertex 41.237 51.268 3.19
      vertex 41.131 51.056 3.401
    endloop
  endfacet
  facet normal 0 0 0
    outer loop
      vertex 41.237 51.268 3.19
      vertex 41.125 51.49 2.972
      vertex 41.131 51.056 3.401
    endloop
  endfacet
  facet normal 0 0 0
    outer loop
      vertex 40.298 44.161 2.71
      vertex 40.179 44.266 2.407
      vertex 39.99 43.989 2.551
    endloop
  endfacet
  facet normal 0 0 0
    outer loop
      vertex 41.412 51.422 2.785
      vertex 41.125 51.49 2.972
      vertex 41.443 51.179 2.989
    endloop
  endfacet
  facet normal 0 0 0
    outer loop
      vertex 41.33 50.921 3.401
      vertex 41.465 50.607 3.285
      vertex 41.443 51.179 2.989
    endloop
  endfacet
  facet normal 0 0 0
    outer loop
      vertex 41.437 50.65 3.401
      vertex 41.465 50.607 3.285
      vertex 41.33 50.921 3.401
    endloop
  endfacet
  facet normal 0 0 0
    outer loop
      vertex 41.437 50.65 3.401
      vertex 41.461 50.439 3.401
      vertex 41.465 50.607 3.285
    endloop
  endfacet
  facet normal 0 0 0
    outer loop
      vertex 40.298 44.161 2.71
      vertex 39.99 43.989 2.551
      vertex 40.054 43.913 2.874
    endloop
  endfacet
  facet normal 0 0 0
    outer loop
      vertex 41.131 51.056 3.401
      vertex 40.298 51.658 2.71
      vertex 40.307 51.246 3.243
    endloop
  endfacet
  facet normal 0 0 0
    outer loop
      vertex 40.307 51.246 3.243
      vertex 40.296 51.055 3.401
      vertex 41.131 51.056 3.401
    endloop
  endfacet
  facet normal 0 0 0
    outer loop
      vertex 41.378 51.541 2.669
      vertex 41.368 51.786 1.985
      vertex 41.253 51.701 2.565
    endloop
  endfacet
  facet normal 0 0 0
    outer loop
      vertex 41.443 51.179 2.989
      vertex 41.456 51.6 2.032
      vertex 41.378 51.541 2.669
    endloop
  endfacet
  facet normal 0 0 0
    outer loop
      vertex 41.368 51.786 1.985
      vertex 41.378 51.541 2.669
      vertex 41.456 51.6 2.032
    endloop
  endfacet
  facet normal 0 0 0
    outer loop
      vertex 41.456 51.6 2.032
      vertex 41.443 51.179 2.989
      vertex 41.46 51.548 1.23
    endloop
  endfacet
  facet normal 0 0 0
    outer loop
      vertex 41.466 51.246 0.671
      vertex 41.46 51.548 1.23
      vertex 41.443 51.179 2.989
    endloop
  endfacet
  facet normal 0 0 0
    outer loop
      vertex 41.374 51.738 1.239
      vertex 41.253 51.836 1.238
      vertex 41.125 51.917 1.691
    endloop
  endfacet
  facet normal 0 0 0
    outer loop
      vertex 40.307 43.749 3.243
      vertex 40.118 43.446 3.401
      vertex 40.296 43.558 3.401
    endloop
  endfacet
  facet normal 0 0 0
    outer loop
      vertex 41.125 51.917 1.691
      vertex 41.368 51.786 1.985
      vertex 41.374 51.738 1.239
    endloop
  endfacet
  facet normal 0 0 0
    outer loop
      vertex 41.368 51.786 1.985
      vertex 41.134 51.891 2.022
      vertex 41.253 51.701 2.565
    endloop
  endfacet
  facet normal 0 0 0
    outer loop
      vertex 43.163 29.213 3.102
      vertex 43.101 28.888 2.716
      vertex 43.247 28.995 2.656
    endloop
  endfacet
  facet normal 0 0 0
    outer loop
      vertex 41.374 51.738 1.239
      vertex 41.134 51.826 1.087
      vertex 41.253 51.836 1.238
    endloop
  endfacet
  facet normal 0 0 0
    outer loop
      vertex 41.368 51.786 1.985
      vertex 41.125 51.917 1.691
      vertex 41.134 51.891 2.022
    endloop
  endfacet
  facet normal 0 0 0
    outer loop
      vertex 41.134 51.891 2.022
      vertex 41.116 51.833 2.295
      vertex 41.253 51.701 2.565
    endloop
  endfacet
  facet normal 0 0 0
    outer loop
      vertex 41.374 51.738 1.239
      vertex 41.456 51.6 2.032
      vertex 41.46 51.548 1.23
    endloop
  endfacet
  facet normal 0 0 0
    outer loop
      vertex 41.374 51.738 1.239
      vertex 41.368 51.786 1.985
      vertex 41.456 51.6 2.032
    endloop
  endfacet
  facet normal 0 0 0
    outer loop
      vertex 43.101 28.888 2.716
      vertex 43.216 28.798 2.302
      vertex 43.247 28.995 2.656
    endloop
  endfacet
  facet normal 0 0 0
    outer loop
      vertex 41.253 51.836 1.238
      vertex 41.134 51.826 1.087
      vertex 41.125 51.917 1.691
    endloop
  endfacet
  facet normal 0 0 0
    outer loop
      vertex 41.125 51.917 1.691
      vertex 41.134 51.826 1.087
      vertex 40.307 51.891 1.37
    endloop
  endfacet
  facet normal 0 0 0
    outer loop
      vertex 41.134 51.417 0.337
      vertex 41.315 51.459 0.492
      vertex 41.344 51.339 0.375
    endloop
  endfacet
  facet normal 0 0 0
    outer loop
      vertex 41.134 51.417 0.337
      vertex 41.344 51.339 0.375
      vertex 41.221 51.274 0.205
    endloop
  endfacet
  facet normal 0 0 0
    outer loop
      vertex 43.139 29.096 0.418
      vertex 42.979 29.456 0
      vertex 43.175 29.281 0.249
    endloop
  endfacet
  facet normal 0 0 0
    outer loop
      vertex 41.344 51.339 0.375
      vertex 41.466 51.246 0.671
      vertex 41.46 51.18 0.522
    endloop
  endfacet
  facet normal 0 0 0
    outer loop
      vertex 41.344 51.339 0.375
      vertex 41.315 51.459 0.492
      vertex 41.466 51.246 0.671
    endloop
  endfacet
  facet normal 0 0 0
    outer loop
      vertex 41.315 51.459 0.492
      vertex 41.399 51.476 0.677
      vertex 41.466 51.246 0.671
    endloop
  endfacet
  facet normal 0 0 0
    outer loop
      vertex 41.221 51.274 0.205
      vertex 41.253 51.138 0.102
      vertex 40.734 51.239 0.152
    endloop
  endfacet
  facet normal 0 0 0
    outer loop
      vertex 40.734 51.239 0.152
      vertex 41.134 51.417 0.337
      vertex 41.221 51.274 0.205
    endloop
  endfacet
  facet normal 0 0 0
    outer loop
      vertex 41.134 51.417 0.337
      vertex 41.399 51.476 0.677
      vertex 41.315 51.459 0.492
    endloop
  endfacet
  facet normal 0 0 0
    outer loop
      vertex 43.314 29.814 0.172
      vertex 43.291 29.892 0
      vertex 43.299 29.951 3.4
    endloop
  endfacet
  facet normal 0 0 0
    outer loop
      vertex 40.734 51.239 0.152
      vertex 40.29 51.276 0.189
      vertex 41.134 51.417 0.337
    endloop
  endfacet
  facet normal 0 0 0
    outer loop
      vertex 40.29 51.276 0.189
      vertex 40.298 51.445 0.37
      vertex 41.134 51.417 0.337
    endloop
  endfacet
  facet normal 0 0 0
    outer loop
      vertex 43.304 28.902 1.503
      vertex 43.311 29.19 2.647
      vertex 43.275 28.812 1.974
    endloop
  endfacet
  facet normal 0 0 0
    outer loop
      vertex 41.134 51.417 0.337
      vertex 40.298 51.445 0.37
      vertex 40.307 51.675 0.72
    endloop
  endfacet
  facet normal 0 0 0
    outer loop
      vertex 41.368 51.597 0.838
      vertex 41.399 51.476 0.677
      vertex 41.134 51.417 0.337
    endloop
  endfacet
  facet normal 0 0 0
    outer loop
      vertex 43.314 29.221 0.755
      vertex 43.299 29.951 3.4
      vertex 43.311 29.19 2.647
    endloop
  endfacet
  facet normal 0 0 0
    outer loop
      vertex 41.368 51.597 0.838
      vertex 41.134 51.417 0.337
      vertex 41.16 51.709 0.798
    endloop
  endfacet
  facet normal 0 0 0
    outer loop
      vertex 41.368 51.597 0.838
      vertex 41.16 51.709 0.798
      vertex 41.253 51.734 0.915
    endloop
  endfacet
  facet normal 0 0 0
    outer loop
      vertex 43.304 28.902 1.503
      vertex 43.314 29.221 0.755
      vertex 43.311 29.19 2.647
    endloop
  endfacet
  facet normal 0 0 0
    outer loop
      vertex 41.253 51.734 0.915
      vertex 41.374 51.738 1.239
      vertex 41.368 51.597 0.838
    endloop
  endfacet
  facet normal 0 0 0
    outer loop
      vertex 41.253 51.734 0.915
      vertex 41.134 51.826 1.087
      vertex 41.374 51.738 1.239
    endloop
  endfacet
  facet normal 0 0 0
    outer loop
      vertex 41.368 51.597 0.838
      vertex 41.46 51.548 1.23
      vertex 41.466 51.246 0.671
    endloop
  endfacet
  facet normal 0 0 0
    outer loop
      vertex 41.368 51.597 0.838
      vertex 41.374 51.738 1.239
      vertex 41.46 51.548 1.23
    endloop
  endfacet
  facet normal 0 0 0
    outer loop
      vertex 43.215 28.732 1.397
      vertex 43.101 28.636 1.489
      vertex 43.101 28.749 0.994
    endloop
  endfacet
  facet normal 0 0 0
    outer loop
      vertex 41.253 51.734 0.915
      vertex 41.16 51.709 0.798
      vertex 41.134 51.826 1.087
    endloop
  endfacet
  facet normal 0 0 0
    outer loop
      vertex 43.304 28.902 1.503
      vertex 43.275 28.812 1.974
      vertex 43.18 28.683 1.814
    endloop
  endfacet
  facet normal 0 0 0
    outer loop
      vertex 40.307 51.675 0.72
      vertex 41.16 51.709 0.798
      vertex 41.134 51.417 0.337
    endloop
  endfacet
  facet normal 0 0 0
    outer loop
      vertex 43.215 28.732 1.397
      vertex 43.304 28.902 1.503
      vertex 43.18 28.683 1.814
    endloop
  endfacet
  facet normal 0 0 0
    outer loop
      vertex 41.134 51.826 1.087
      vertex 41.16 51.709 0.798
      vertex 40.307 51.675 0.72
    endloop
  endfacet
  facet normal 0 0 0
    outer loop
      vertex 43.314 29.221 0.755
      vertex 43.304 28.902 1.503
      vertex 43.215 28.732 1.397
    endloop
  endfacet
  facet normal 0 0 0
    outer loop
      vertex 41.134 51.826 1.087
      vertex 40.307 51.675 0.72
      vertex 40.307 51.891 1.37
    endloop
  endfacet
  facet normal 0 0 0
    outer loop
      vertex 41.253 51.138 0.102
      vertex 41.221 51.274 0.205
      vertex 41.344 51.339 0.375
    endloop
  endfacet
  facet normal 0 0 0
    outer loop
      vertex 41.466 51.246 0.671
      vertex 41.399 51.476 0.677
      vertex 41.368 51.597 0.838
    endloop
  endfacet
  facet normal 0 0 0
    outer loop
      vertex 40.734 51.239 0.152
      vertex 41.152 51.156 0.08
      vertex 41.116 51.193 0.109
    endloop
  endfacet
  facet normal 0 0 0
    outer loop
      vertex 40.118 65.937 3.401
      vertex 41.437 65.644 3.401
      vertex 40.296 66.049 3.401
    endloop
  endfacet
  facet normal 0 0 0
    outer loop
      vertex 41.461 65.433 3.401
      vertex 39.981 65.556 3.401
      vertex 41.466 65.008 3.401
    endloop
  endfacet
  facet normal 0 0 0
    outer loop
      vertex 41.437 65.644 3.401
      vertex 40.118 65.937 3.401
      vertex 39.981 65.556 3.401
    endloop
  endfacet
  facet normal 0 0 0
    outer loop
      vertex 35.966 65.008 3.401
      vertex 39.981 65.556 3.401
      vertex 31.966 65.556 3.401
    endloop
  endfacet
  facet normal 0 0 0
    outer loop
      vertex 41.463 50.859 0.266
      vertex 41.466 51.053 0.444
      vertex 41.443 51.179 2.989
    endloop
  endfacet
  facet normal 0 0 0
    outer loop
      vertex 41.131 66.05 3.401
      vertex 41.437 65.644 3.401
      vertex 41.33 65.915 3.401
    endloop
  endfacet
  facet normal 0 0 0
    outer loop
      vertex 41.131 66.05 3.401
      vertex 40.296 66.049 3.401
      vertex 41.437 65.644 3.401
    endloop
  endfacet
  facet normal 0 0 0
    outer loop
      vertex 41.437 65.644 3.401
      vertex 39.981 65.556 3.401
      vertex 41.461 65.433 3.401
    endloop
  endfacet
  facet normal 0 0 0
    outer loop
      vertex 41.461 50.439 3.401
      vertex 41.466 50.014 3.401
      vertex 41.466 50.016 0.001
    endloop
  endfacet
  facet normal 0 0 0
    outer loop
      vertex 31 66.486 3.275
      vertex 31 66.059 3.398
      vertex 31.966 66.169 3.379
    endloop
  endfacet
  facet normal 0 0 0
    outer loop
      vertex 31.966 66.169 3.379
      vertex 31.966 66.577 3.21
      vertex 31 66.486 3.275
    endloop
  endfacet
  facet normal 0 0 0
    outer loop
      vertex 31.966 66.577 3.21
      vertex 31 66.817 2.979
      vertex 31 66.486 3.275
    endloop
  endfacet
  facet normal 0 0 0
    outer loop
      vertex 31.966 66.577 3.21
      vertex 31.966 66.817 2.979
      vertex 31 66.817 2.979
    endloop
  endfacet
  facet normal 0 0 0
    outer loop
      vertex 31.966 66.817 2.979
      vertex 31 66.995 2.485
      vertex 31 66.817 2.979
    endloop
  endfacet
  facet normal 0 0 0
    outer loop
      vertex 31.966 66.817 2.979
      vertex 31.966 67 2.457
      vertex 31 66.995 2.485
    endloop
  endfacet
  facet normal 0 0 0
    outer loop
      vertex 31.966 66.169 3.379
      vertex 31 66.059 3.398
      vertex 31.966 65.556 3.401
    endloop
  endfacet
  facet normal 0 0 0
    outer loop
      vertex 31.966 65.556 3.401
      vertex 31 66.059 3.398
      vertex 31 62.726 3.359
    endloop
  endfacet
  facet normal 0 0 0
    outer loop
      vertex 66.987 64.181 3.678
      vertex 67.393 64.181 3.291
      vertex 67.622 64.181 3.656
    endloop
  endfacet
  facet normal 0 0 0
    outer loop
      vertex 66.987 64.181 3.678
      vertex 67.622 64.181 3.656
      vertex 67.497 64.181 4.3
    endloop
  endfacet
  facet normal 0 0 0
    outer loop
      vertex 67.138 64.181 1.828
      vertex 66.708 64.181 3.048
      vertex 66.568 64.181 2.316
    endloop
  endfacet
  facet normal 0 0 0
    outer loop
      vertex 31.966 66.817 2.979
      vertex 31.966 66.181 2.774
      vertex 31.966 67 2.457
    endloop
  endfacet
  facet normal 0 0 0
    outer loop
      vertex 31.966 66.181 2.774
      vertex 31.966 66.817 2.979
      vertex 31.966 66.577 3.21
    endloop
  endfacet
  facet normal 0 0 0
    outer loop
      vertex 31.966 66.169 3.379
      vertex 31.966 66.181 2.774
      vertex 31.966 66.577 3.21
    endloop
  endfacet
  facet normal 0 0 0
    outer loop
      vertex 31.966 66.181 2.774
      vertex 31.966 66.169 3.379
      vertex 31.966 65.556 3.401
    endloop
  endfacet
  facet normal 0 0 0
    outer loop
      vertex 66.593 64.931 2.603
      vertex 66.699 64.931 3.051
      vertex 67.128 65.431 2.713
    endloop
  endfacet
  facet normal 0 0 0
    outer loop
      vertex 31 66.995 2.485
      vertex 31.966 67 0.808
      vertex 31 66.995 0.78
    endloop
  endfacet
  facet normal 0 0 0
    outer loop
      vertex 67.488 65.431 3.506
      vertex 67.128 65.431 2.713
      vertex 66.699 64.931 3.051
    endloop
  endfacet
  facet normal 0 0 0
    outer loop
      vertex 67.488 65.431 3.506
      vertex 66.699 64.931 3.051
      vertex 66.904 64.931 3.526
    endloop
  endfacet
  facet normal 0 0 0
    outer loop
      vertex 66.904 64.931 3.526
      vertex 67.183 64.931 3.962
      vertex 67.488 65.431 3.506
    endloop
  endfacet
  facet normal 0 0 0
    outer loop
      vertex 67.488 65.431 3.506
      vertex 67.183 64.931 3.962
      vertex 67.497 64.931 4.3
    endloop
  endfacet
  facet normal 0 0 0
    outer loop
      vertex 67.183 64.931 3.962
      vertex 67.497 64.181 4.3
      vertex 67.497 64.931 4.3
    endloop
  endfacet
  facet normal 0 0 0
    outer loop
      vertex 31.966 66.181 2.774
      vertex 31.966 66.478 1.984
      vertex 31.966 67 2.457
    endloop
  endfacet
  facet normal 0 0 0
    outer loop
      vertex 67.488 65.431 3.506
      vertex 67.497 64.931 4.3
      vertex 67.922 65.431 4.005
    endloop
  endfacet
  facet normal 0 0 0
    outer loop
      vertex 31.966 66.478 1.984
      vertex 31.966 66.495 1.539
      vertex 31.966 67 2.457
    endloop
  endfacet
  facet normal 0 0 0
    outer loop
      vertex 66.599 64.931 1.685
      vertex 66.568 64.181 2.316
      vertex 66.593 64.931 2.603
    endloop
  endfacet
  facet normal 0 0 0
    outer loop
      vertex 66.568 64.181 2.316
      vertex 66.708 64.181 3.048
      vertex 66.593 64.931 2.603
    endloop
  endfacet
  facet normal 0 0 0
    outer loop
      vertex 66.593 64.931 2.603
      vertex 66.708 64.181 3.048
      vertex 66.699 64.931 3.051
    endloop
  endfacet
  facet normal 0 0 0
    outer loop
      vertex 66.699 64.931 3.051
      vertex 66.708 64.181 3.048
      vertex 66.904 64.931 3.526
    endloop
  endfacet
  facet normal 0 0 0
    outer loop
      vertex 31 66.504 0.001
      vertex 31.966 66.504 0.001
      vertex 31.966 65.557 0.001
    endloop
  endfacet
  facet normal 0 0 0
    outer loop
      vertex 31.966 66.504 0.001
      vertex 31.966 65.991 0.366
      vertex 31.966 65.557 0.001
    endloop
  endfacet
  facet normal 0 0 0
    outer loop
      vertex 66.708 64.181 3.048
      vertex 66.987 64.181 3.678
      vertex 66.904 64.931 3.526
    endloop
  endfacet
  facet normal 0 0 0
    outer loop
      vertex 66.987 64.181 3.678
      vertex 67.183 64.931 3.962
      vertex 66.904 64.931 3.526
    endloop
  endfacet
  facet normal 0 0 0
    outer loop
      vertex 31.966 67 0.808
      vertex 31 66.995 2.485
      vertex 31.966 67 2.457
    endloop
  endfacet
  facet normal 0 0 0
    outer loop
      vertex 31.966 66.876 0.412
      vertex 31.966 66.504 0.001
      vertex 31 66.92 0.471
    endloop
  endfacet
  facet normal 0 0 0
    outer loop
      vertex 67.183 64.931 3.962
      vertex 66.987 64.181 3.678
      vertex 67.497 64.181 4.3
    endloop
  endfacet
  facet normal 0 0 0
    outer loop
      vertex 31 66.504 0.001
      vertex 31 66.92 0.471
      vertex 31.966 66.504 0.001
    endloop
  endfacet
  facet normal 0 0 0
    outer loop
      vertex 66.708 64.181 3.048
      vertex 67.138 64.181 1.828
      vertex 67.393 64.181 3.291
    endloop
  endfacet
  facet normal 0 0 0
    outer loop
      vertex 67.393 64.181 3.291
      vertex 66.987 64.181 3.678
      vertex 66.708 64.181 3.048
    endloop
  endfacet
  facet normal 0 0 0
    outer loop
      vertex 67.622 64.181 3.656
      vertex 68.339 64.181 4.3
      vertex 67.497 64.181 4.3
    endloop
  endfacet
  facet normal 0 0 0
    outer loop
      vertex 67.497 64.931 4.3
      vertex 68.365 65.431 4.3
      vertex 67.922 65.431 4.005
    endloop
  endfacet
  facet normal 0 0 0
    outer loop
      vertex 31.966 66.263 0.768
      vertex 31.966 65.991 0.366
      vertex 31.966 66.504 0.001
    endloop
  endfacet
  facet normal 0 0 0
    outer loop
      vertex 31.966 66.495 1.539
      vertex 31.966 67 0.808
      vertex 31.966 67 2.457
    endloop
  endfacet
  facet normal 0 0 0
    outer loop
      vertex 31.966 67 0.808
      vertex 31.966 66.263 0.768
      vertex 31.966 66.876 0.412
    endloop
  endfacet
  facet normal 0 0 0
    outer loop
      vertex 31.966 66.876 0.412
      vertex 31.966 66.263 0.768
      vertex 31.966 66.504 0.001
    endloop
  endfacet
  facet normal 0 0 0
    outer loop
      vertex 31.966 66.263 0.768
      vertex 31.966 67 0.808
      vertex 31.966 66.495 1.539
    endloop
  endfacet
  facet normal 0 0 0
    outer loop
      vertex 31.966 66.876 0.412
      vertex 31 66.92 0.471
      vertex 31 66.995 0.78
    endloop
  endfacet
  facet normal 0 0 0
    outer loop
      vertex 31.966 66.876 0.412
      vertex 31 66.995 0.78
      vertex 31.966 67 0.808
    endloop
  endfacet
  facet normal 0 0 0
    outer loop
      vertex 67.138 64.181 1.828
      vertex 67.313 60.681 3.119
      vertex 67.393 64.181 3.291
    endloop
  endfacet
  facet normal 0 0 0
    outer loop
      vertex 31 62.836 0.016
      vertex 31 66.504 0.001
      vertex 31.966 65.557 0.001
    endloop
  endfacet
  facet normal 0 0 0
    outer loop
      vertex 31 62.726 3.359
      vertex 31.966 63.449 3.4
      vertex 31.966 65.556 3.401
    endloop
  endfacet
  facet normal 0 0 0
    outer loop
      vertex 66.599 64.181 1.685
      vertex 67.138 64.181 1.828
      vertex 66.568 64.181 2.316
    endloop
  endfacet
  facet normal 0 0 0
    outer loop
      vertex 67.138 64.181 1.828
      vertex 66.599 64.181 1.685
      vertex 66.734 64.181 1.185
    endloop
  endfacet
  facet normal 0 0 0
    outer loop
      vertex 66.734 64.181 1.185
      vertex 67.303 64.181 1.205
      vertex 67.138 64.181 1.828
    endloop
  endfacet
  facet normal 0 0 0
    outer loop
      vertex 31 62.006 2.456
      vertex 31.966 62.011 2.484
      vertex 31.966 62.135 2.88
    endloop
  endfacet
  facet normal 0 0 0
    outer loop
      vertex 67.303 64.181 1.205
      vertex 66.734 64.181 1.185
      vertex 66.946 64.181 0.713
    endloop
  endfacet
  facet normal 0 0 0
    outer loop
      vertex 31.966 62.135 2.88
      vertex 31 62.175 2.953
      vertex 31 62.006 2.456
    endloop
  endfacet
  facet normal 0 0 0
    outer loop
      vertex 31 62.338 3.144
      vertex 31 62.175 2.953
      vertex 31.966 62.135 2.88
    endloop
  endfacet
  facet normal 0 0 0
    outer loop
      vertex 31 62.338 3.144
      vertex 31.966 62.135 2.88
      vertex 31.966 62.338 3.144
    endloop
  endfacet
  facet normal 0 0 0
    outer loop
      vertex 31 62.726 3.359
      vertex 31 62.338 3.144
      vertex 31.966 62.338 3.144
    endloop
  endfacet
  facet normal 0 0 0
    outer loop
      vertex 31.966 62.338 3.144
      vertex 31.966 62.672 3.344
      vertex 31 62.726 3.359
    endloop
  endfacet
  facet normal 0 0 0
    outer loop
      vertex 66.711 64.931 1.238
      vertex 66.599 64.931 1.685
      vertex 67.229 65.431 1.305
    endloop
  endfacet
  facet normal 0 0 0
    outer loop
      vertex 66.599 64.931 1.685
      vertex 67.071 65.431 1.974
      vertex 67.229 65.431 1.305
    endloop
  endfacet
  facet normal 0 0 0
    outer loop
      vertex 66.711 64.931 1.238
      vertex 66.599 64.181 1.685
      vertex 66.599 64.931 1.685
    endloop
  endfacet
  facet normal 0 0 0
    outer loop
      vertex 66.711 64.931 1.238
      vertex 66.734 64.181 1.185
      vertex 66.599 64.181 1.685
    endloop
  endfacet
  facet normal 0 0 0
    outer loop
      vertex 66.599 64.931 1.685
      vertex 66.599 64.181 1.685
      vertex 66.568 64.181 2.316
    endloop
  endfacet
  facet normal 0 0 0
    outer loop
      vertex 66.599 64.931 1.685
      vertex 66.593 64.931 2.603
      vertex 67.071 65.431 1.974
    endloop
  endfacet
  facet normal 0 0 0
    outer loop
      vertex 66.593 64.931 2.603
      vertex 67.128 65.431 2.713
      vertex 67.071 65.431 1.974
    endloop
  endfacet
  facet normal 0 0 0
    outer loop
      vertex 31.966 62.654 2.451
      vertex 31.966 63.449 3.4
      vertex 31.966 62.672 3.344
    endloop
  endfacet
  facet normal 0 0 0
    outer loop
      vertex 31.966 62.654 2.451
      vertex 31.966 62.135 2.88
      vertex 31.966 62.011 2.484
    endloop
  endfacet
  facet normal 0 0 0
    outer loop
      vertex 31.966 62.654 2.451
      vertex 31.966 62.338 3.144
      vertex 31.966 62.135 2.88
    endloop
  endfacet
  facet normal 0 0 0
    outer loop
      vertex 31.966 62.338 3.144
      vertex 31.966 62.654 2.451
      vertex 31.966 62.672 3.344
    endloop
  endfacet
  facet normal 0 0 0
    outer loop
      vertex 31.966 62.672 3.344
      vertex 31.966 63.449 3.4
      vertex 31 62.726 3.359
    endloop
  endfacet
  facet normal 0 0 0
    outer loop
      vertex 66.946 64.181 0.713
      vertex 67.5 64.181 0.822
      vertex 67.303 64.181 1.205
    endloop
  endfacet
  facet normal 0 0 0
    outer loop
      vertex 31 62.006 2.456
      vertex 31.966 62.006 0.944
      vertex 31.966 62.011 2.484
    endloop
  endfacet
  facet normal 0 0 0
    outer loop
      vertex 66.923 64.931 0.766
      vertex 66.734 64.181 1.185
      vertex 66.711 64.931 1.238
    endloop
  endfacet
  facet normal 0 0 0
    outer loop
      vertex 66.734 64.181 1.185
      vertex 66.923 64.931 0.766
      vertex 66.946 64.181 0.713
    endloop
  endfacet
  facet normal 0 0 0
    outer loop
      vertex 66.923 64.931 0.766
      vertex 66.711 64.931 1.238
      vertex 67.229 65.431 1.305
    endloop
  endfacet
  facet normal 0 0 0
    outer loop
      vertex 67.526 64.931 0
      vertex 67.526 64.181 0
      vertex 67.284 64.931 0.247
    endloop
  endfacet
  facet normal 0 0 0
    outer loop
      vertex 67.526 64.181 0
      vertex 66.946 64.181 0.713
      vertex 67.284 64.931 0.247
    endloop
  endfacet
  facet normal 0 0 0
    outer loop
      vertex 67.284 64.931 0.247
      vertex 66.946 64.181 0.713
      vertex 66.923 64.931 0.766
    endloop
  endfacet
  facet normal 0 0 0
    outer loop
      vertex 31.966 62.259 0.335
      vertex 31.966 62.913 0.49
      vertex 31.966 62.722 0.801
    endloop
  endfacet
  facet normal 0 0 0
    outer loop
      vertex 31.966 62.913 0.49
      vertex 31.966 62.259 0.335
      vertex 31.966 62.563 0.118
    endloop
  endfacet
  facet normal 0 0 0
    outer loop
      vertex 31.966 62.259 0.335
      vertex 31.966 62.722 0.801
      vertex 31.966 62.006 0.944
    endloop
  endfacet
  facet normal 0 0 0
    outer loop
      vertex 31.966 62.528 1.962
      vertex 31.966 62.654 2.451
      vertex 31.966 62.011 2.484
    endloop
  endfacet
  facet normal 0 0 0
    outer loop
      vertex 31.966 62.891 0.006
      vertex 31.966 62.913 0.49
      vertex 31.966 62.563 0.118
    endloop
  endfacet
  facet normal 0 0 0
    outer loop
      vertex 31.966 62.006 0.944
      vertex 31.966 62.528 1.962
      vertex 31.966 62.011 2.484
    endloop
  endfacet
  facet normal 0 0 0
    outer loop
      vertex 31.966 62.528 1.962
      vertex 31.966 62.006 0.944
      vertex 31.966 62.531 1.376
    endloop
  endfacet
  facet normal 0 0 0
    outer loop
      vertex 31.966 62.006 0.944
      vertex 31.966 62.722 0.801
      vertex 31.966 62.531 1.376
    endloop
  endfacet
  facet normal 0 0 0
    outer loop
      vertex 67.526 64.181 0
      vertex 67.759 64.181 0.478
      vertex 66.946 64.181 0.713
    endloop
  endfacet
  facet normal 0 0 0
    outer loop
      vertex 67.759 64.181 0.478
      vertex 67.5 64.181 0.822
      vertex 66.946 64.181 0.713
    endloop
  endfacet
  facet normal 0 0 0
    outer loop
      vertex 31.966 62.913 0.49
      vertex 31.966 62.891 0.006
      vertex 31.966 63.45 0
    endloop
  endfacet
  facet normal 0 0 0
    outer loop
      vertex 31.966 62.563 0.118
      vertex 31 62.836 0.016
      vertex 31.966 62.891 0.006
    endloop
  endfacet
  facet normal 0 0 0
    outer loop
      vertex 67.526 64.181 0
      vertex 68.339 64.181 0
      vertex 67.759 64.181 0.478
    endloop
  endfacet
  facet normal 0 0 0
    outer loop
      vertex 67.284 64.931 0.247
      vertex 67.807 65.431 0.424
      vertex 67.526 64.931 0
    endloop
  endfacet
  facet normal 0 0 0
    outer loop
      vertex 31 62.836 0.016
      vertex 31.966 62.563 0.118
      vertex 31 62.621 0.077
    endloop
  endfacet
  facet normal 0 0 0
    outer loop
      vertex 67.284 64.931 0.247
      vertex 66.923 64.931 0.766
      vertex 67.807 65.431 0.424
    endloop
  endfacet
  facet normal 0 0 0
    outer loop
      vertex 31.966 62.563 0.118
      vertex 31 62.259 0.335
      vertex 31 62.621 0.077
    endloop
  endfacet
  facet normal 0 0 0
    outer loop
      vertex 31.966 62.563 0.118
      vertex 31.966 62.259 0.335
      vertex 31 62.259 0.335
    endloop
  endfacet
  facet normal 0 0 0
    outer loop
      vertex 66.923 64.931 0.766
      vertex 67.229 65.431 1.305
      vertex 67.807 65.431 0.424
    endloop
  endfacet
  facet normal 0 0 0
    outer loop
      vertex 31.966 62.259 0.335
      vertex 31 62.044 0.724
      vertex 31 62.259 0.335
    endloop
  endfacet
  facet normal 0 0 0
    outer loop
      vertex 67.526 64.931 0
      vertex 67.807 65.431 0.424
      vertex 68.418 65.431 0
    endloop
  endfacet
  facet normal 0 0 0
    outer loop
      vertex 31.966 62.259 0.335
      vertex 31.966 62.006 0.944
      vertex 31 62.044 0.724
    endloop
  endfacet
  facet normal 0 0 0
    outer loop
      vertex 31.966 62.006 0.944
      vertex 31 62.006 0.944
      vertex 31 62.044 0.724
    endloop
  endfacet
  facet normal 0 0 0
    outer loop
      vertex 31.966 62.891 0.006
      vertex 31 62.836 0.016
      vertex 31.966 63.45 0
    endloop
  endfacet
  facet normal 0 0 0
    outer loop
      vertex 31.966 63.45 0
      vertex 31 62.836 0.016
      vertex 31.966 65.557 0.001
    endloop
  endfacet
  facet normal 0 0 0
    outer loop
      vertex 31.966 66.495 1.539
      vertex 31.966 66.478 1.984
      vertex 35.299 66.416 2.278
    endloop
  endfacet
  facet normal 0 0 0
    outer loop
      vertex 31.966 66.478 1.984
      vertex 36.716 66.33 2.514
      vertex 35.299 66.416 2.278
    endloop
  endfacet
  facet normal 0 0 0
    outer loop
      vertex 31.966 66.181 2.774
      vertex 36.716 66.33 2.514
      vertex 31.966 66.478 1.984
    endloop
  endfacet
  facet normal 0 0 0
    outer loop
      vertex 31.966 66.263 0.768
      vertex 35.299 65.901 0.273
      vertex 31.966 65.991 0.366
    endloop
  endfacet
  facet normal 0 0 0
    outer loop
      vertex 35.299 65.901 0.273
      vertex 31.966 65.557 0.001
      vertex 31.966 65.991 0.366
    endloop
  endfacet
  facet normal 0 0 0
    outer loop
      vertex 31.966 65.556 3.401
      vertex 35.299 65.961 3.069
      vertex 31.966 66.181 2.774
    endloop
  endfacet
  facet normal 0 0 0
    outer loop
      vertex 36.716 66.33 2.514
      vertex 31.966 66.181 2.774
      vertex 35.299 65.961 3.069
    endloop
  endfacet
  facet normal 0 0 0
    outer loop
      vertex 71.298 65.431 4.008
      vertex 70.854 65.431 4.3
      vertex 71.727 64.931 4.3
    endloop
  endfacet
  facet normal 0 0 0
    outer loop
      vertex 39.966 43.695 2.776
      vertex 39.97 43.391 3.137
      vertex 40.054 43.913 2.874
    endloop
  endfacet
  facet normal 0 0 0
    outer loop
      vertex 40.054 43.913 2.874
      vertex 39.99 43.989 2.551
      vertex 39.966 43.855 2.473
    endloop
  endfacet
  facet normal 0 0 0
    outer loop
      vertex 40.054 43.913 2.874
      vertex 39.966 43.855 2.473
      vertex 39.966 43.695 2.776
    endloop
  endfacet
  facet normal 0 0 0
    outer loop
      vertex 39.97 43.391 3.137
      vertex 40.118 43.446 3.401
      vertex 40.054 43.913 2.874
    endloop
  endfacet
  facet normal 0 0 0
    outer loop
      vertex 57.655 51.322 2.314
      vertex 59.103 52.062 2.438
      vertex 58.911 52.394 2.895
    endloop
  endfacet
  facet normal 0 0 0
    outer loop
      vertex 40.298 44.161 2.71
      vertex 40.054 43.913 2.874
      vertex 40.307 43.749 3.243
    endloop
  endfacet
  facet normal 0 0 0
    outer loop
      vertex 40.054 43.913 2.874
      vertex 40.118 43.446 3.401
      vertex 40.307 43.749 3.243
    endloop
  endfacet
  facet normal 0 0 0
    outer loop
      vertex 57.655 51.322 2.314
      vertex 57.772 50.964 1.344
      vertex 58.233 51.129 1.344
    endloop
  endfacet
  facet normal 0 0 0
    outer loop
      vertex 58.233 51.129 1.344
      vertex 58.609 51.481 1.914
      vertex 57.655 51.322 2.314
    endloop
  endfacet
  facet normal 0 0 0
    outer loop
      vertex 39.966 43.695 2.776
      vertex 36.716 43.839 2.514
      vertex 38.133 43.52 3.001
    endloop
  endfacet
  facet normal 0 0 0
    outer loop
      vertex 57.655 51.322 2.314
      vertex 58.609 51.481 1.914
      vertex 59.103 52.062 2.438
    endloop
  endfacet
  facet normal 0 0 0
    outer loop
      vertex 58.911 52.394 2.895
      vertex 58.373 51.991 2.791
      vertex 57.655 51.322 2.314
    endloop
  endfacet
  facet normal 0 0 0
    outer loop
      vertex 39.966 43.695 2.776
      vertex 39.966 43.855 2.473
      vertex 36.716 43.839 2.514
    endloop
  endfacet
  facet normal 0 0 0
    outer loop
      vertex 57.655 51.322 2.314
      vertex 58.373 51.991 2.791
      vertex 57.924 51.915 2.895
    endloop
  endfacet
  facet normal 0 0 0
    outer loop
      vertex 58.911 52.394 2.895
      vertex 58.238 52.532 3.244
      vertex 58.373 51.991 2.791
    endloop
  endfacet
  facet normal 0 0 0
    outer loop
      vertex 58.238 52.532 3.244
      vertex 57.924 51.915 2.895
      vertex 58.373 51.991 2.791
    endloop
  endfacet
  facet normal 0 0 0
    outer loop
      vertex 57.924 51.915 2.895
      vertex 58.238 52.532 3.244
      vertex 57.659 52.59 3.416
    endloop
  endfacet
  facet normal 0 0 0
    outer loop
      vertex 57.924 51.915 2.895
      vertex 57.659 52.59 3.416
      vertex 57.442 51.98 3.093
    endloop
  endfacet
  facet normal 0 0 0
    outer loop
      vertex 35.299 43.47 3.069
      vertex 39.981 43.065 3.401
      vertex 39.97 43.391 3.137
    endloop
  endfacet
  facet normal 0 0 0
    outer loop
      vertex 31.966 43.065 3.401
      vertex 39.981 43.065 3.401
      vertex 35.299 43.47 3.069
    endloop
  endfacet
  facet normal 0 0 0
    outer loop
      vertex 57.442 51.98 3.093
      vertex 57.655 51.322 2.314
      vertex 57.924 51.915 2.895
    endloop
  endfacet
  facet normal 0 0 0
    outer loop
      vertex 40.118 43.446 3.401
      vertex 39.97 43.391 3.137
      vertex 39.981 43.065 3.401
    endloop
  endfacet
  facet normal 0 0 0
    outer loop
      vertex 57.655 51.322 2.314
      vertex 57.442 51.98 3.093
      vertex 57.089 51.644 2.895
    endloop
  endfacet
  facet normal 0 0 0
    outer loop
      vertex 38.133 43.52 3.001
      vertex 39.97 43.391 3.137
      vertex 39.966 43.695 2.776
    endloop
  endfacet
  facet normal 0 0 0
    outer loop
      vertex 57.272 50.94 1.776
      vertex 57.655 51.322 2.314
      vertex 56.79 50.89 1.914
    endloop
  endfacet
  facet normal 0 0 0
    outer loop
      vertex 56.79 50.89 1.914
      vertex 57.655 51.322 2.314
      vertex 57.186 51.273 2.438
    endloop
  endfacet
  facet normal 0 0 0
    outer loop
      vertex 39.99 43.989 2.551
      vertex 39.966 43.954 2.172
      vertex 39.966 43.855 2.473
    endloop
  endfacet
  facet normal 0 0 0
    outer loop
      vertex 57.436 50.801 0.5
      vertex 58.369 51.12 0.5
      vertex 58.233 51.129 1.344
    endloop
  endfacet
  facet normal 0 0 0
    outer loop
      vertex 31.966 43.772 0.768
      vertex 31.966 44.004 1.539
      vertex 39.966 43.954 1.23
    endloop
  endfacet
  facet normal 0 0 0
    outer loop
      vertex 31.966 43.772 0.768
      vertex 39.966 43.954 1.23
      vertex 39.966 43.856 0.93
    endloop
  endfacet
  facet normal 0 0 0
    outer loop
      vertex 39.966 43.954 1.23
      vertex 31.966 44.004 1.539
      vertex 35.299 43.925 2.278
    endloop
  endfacet
  facet normal 0 0 0
    outer loop
      vertex 58.233 51.129 1.344
      vertex 57.772 50.964 1.344
      vertex 57.436 50.801 0.5
    endloop
  endfacet
  facet normal 0 0 0
    outer loop
      vertex 57.655 51.322 2.314
      vertex 57.272 50.94 1.776
      vertex 57.302 50.826 1.344
    endloop
  endfacet
  facet normal 0 0 0
    outer loop
      vertex 57.302 50.826 1.344
      vertex 57.772 50.964 1.344
      vertex 57.655 51.322 2.314
    endloop
  endfacet
  facet normal 0 0 0
    outer loop
      vertex 58.369 51.12 0.5
      vertex 58.683 51.322 1.344
      vertex 58.233 51.129 1.344
    endloop
  endfacet
  facet normal 0 0 0
    outer loop
      vertex 39.966 43.954 1.23
      vertex 35.299 43.925 2.278
      vertex 39.966 43.954 2.172
    endloop
  endfacet
  facet normal 0 0 0
    outer loop
      vertex 58.233 51.129 1.344
      vertex 58.683 51.322 1.344
      vertex 58.609 51.481 1.914
    endloop
  endfacet
  facet normal 0 0 0
    outer loop
      vertex 39.99 43.989 2.551
      vertex 40.01 44.228 1.583
      vertex 39.966 43.954 2.172
    endloop
  endfacet
  facet normal 0 0 0
    outer loop
      vertex 57.302 50.826 1.344
      vertex 57.436 50.801 0.5
      vertex 57.772 50.964 1.344
    endloop
  endfacet
  facet normal 0 0 0
    outer loop
      vertex 57.436 50.801 0.5
      vertex 57.302 50.826 1.344
      vertex 56.583 50.677 1.344
    endloop
  endfacet
  facet normal 0 0 0
    outer loop
      vertex 39.966 43.954 1.23
      vertex 39.966 43.954 2.172
      vertex 40.01 44.228 1.583
    endloop
  endfacet
  facet normal 0 0 0
    outer loop
      vertex 40.01 44.228 1.583
      vertex 39.99 43.989 2.551
      vertex 40.179 44.266 2.407
    endloop
  endfacet
  facet normal 0 0 0
    outer loop
      vertex 40.179 44.266 2.407
      vertex 40.106 44.319 1.99
      vertex 40.01 44.228 1.583
    endloop
  endfacet
  facet normal 0 0 0
    outer loop
      vertex 40.106 44.319 1.99
      vertex 40.117 44.335 1.41
      vertex 40.01 44.228 1.583
    endloop
  endfacet
  facet normal 0 0 0
    outer loop
      vertex 40.106 44.319 1.99
      vertex 40.179 44.266 2.407
      vertex 40.298 44.387 2.064
    endloop
  endfacet
  facet normal 0 0 0
    outer loop
      vertex 40.106 44.319 1.99
      vertex 40.298 44.387 2.064
      vertex 40.117 44.335 1.41
    endloop
  endfacet
  facet normal 0 0 0
    outer loop
      vertex 40.307 44.394 1.37
      vertex 40.117 44.335 1.41
      vertex 40.298 44.387 2.064
    endloop
  endfacet
  facet normal 0 0 0
    outer loop
      vertex 39.966 43.608 0.495
      vertex 39.968 43.489 0.355
      vertex 38.133 43.47 0.331
    endloop
  endfacet
  facet normal 0 0 0
    outer loop
      vertex 41.463 50.859 0.266
      vertex 41.443 51.125 0.358
      vertex 41.466 51.053 0.444
    endloop
  endfacet
  facet normal 0 0 0
    outer loop
      vertex 39.968 43.489 0.355
      vertex 35.299 43.41 0.273
      vertex 38.133 43.47 0.331
    endloop
  endfacet
  facet normal 0 0 0
    outer loop
      vertex 41.463 50.859 0.266
      vertex 41.41 50.764 0.001
      vertex 41.378 50.847 0.001
    endloop
  endfacet
  facet normal 0 0 0
    outer loop
      vertex 41.41 50.764 0.001
      vertex 39.981 50.563 0.001
      vertex 41.378 50.847 0.001
    endloop
  endfacet
  facet normal 0 0 0
    outer loop
      vertex 41.463 50.859 0.266
      vertex 41.368 51.087 0.163
      vertex 41.443 51.125 0.358
    endloop
  endfacet
  facet normal 0 0 0
    outer loop
      vertex 41.466 51.053 0.444
      vertex 41.443 51.125 0.358
      vertex 41.46 51.18 0.522
    endloop
  endfacet
  facet normal 0 0 0
    outer loop
      vertex 41.46 51.18 0.522
      vertex 41.443 51.125 0.358
      vertex 41.344 51.339 0.375
    endloop
  endfacet
  facet normal 0 0 0
    outer loop
      vertex 39.966 43.954 1.23
      vertex 40.01 44.228 1.583
      vertex 40.021 44.095 0.929
    endloop
  endfacet
  facet normal 0 0 0
    outer loop
      vertex 41.378 50.847 0.001
      vertex 41.368 51.087 0.163
      vertex 41.463 50.859 0.266
    endloop
  endfacet
  facet normal 0 0 0
    outer loop
      vertex 41.195 51.042 0.001
      vertex 39.981 50.563 0.001
      vertex 41.131 51.058 0.001
    endloop
  endfacet
  facet normal 0 0 0
    outer loop
      vertex 41.131 51.058 0.001
      vertex 40.084 50.901 0.001
      vertex 40.276 51.054 0.001
    endloop
  endfacet
  facet normal 0 0 0
    outer loop
      vertex 39.981 50.563 0.001
      vertex 41.195 51.042 0.001
      vertex 41.378 50.847 0.001
    endloop
  endfacet
  facet normal 0 0 0
    outer loop
      vertex 40.01 44.228 1.583
      vertex 40.125 44.22 0.987
      vertex 40.021 44.095 0.929
    endloop
  endfacet
  facet normal 0 0 0
    outer loop
      vertex 41.131 51.058 0.001
      vertex 41.152 51.156 0.08
      vertex 41.195 51.042 0.001
    endloop
  endfacet
  facet normal 0 0 0
    outer loop
      vertex 41.152 51.156 0.08
      vertex 41.253 51.138 0.102
      vertex 41.195 51.042 0.001
    endloop
  endfacet
  facet normal 0 0 0
    outer loop
      vertex 41.253 51.138 0.102
      vertex 41.378 50.847 0.001
      vertex 41.195 51.042 0.001
    endloop
  endfacet
  facet normal 0 0 0
    outer loop
      vertex 40.01 44.228 1.583
      vertex 40.117 44.335 1.41
      vertex 40.125 44.22 0.987
    endloop
  endfacet
  facet normal 0 0 0
    outer loop
      vertex 40.298 43.948 0.37
      vertex 40.125 44.22 0.987
      vertex 40.307 44.178 0.72
    endloop
  endfacet
  facet normal 0 0 0
    outer loop
      vertex 41.443 51.125 0.358
      vertex 41.368 51.087 0.163
      vertex 41.253 51.138 0.102
    endloop
  endfacet
  facet normal 0 0 0
    outer loop
      vertex 40.021 44.095 0.929
      vertex 40.125 44.22 0.987
      vertex 40.298 43.948 0.37
    endloop
  endfacet
  facet normal 0 0 0
    outer loop
      vertex 41.443 51.125 0.358
      vertex 41.253 51.138 0.102
      vertex 41.344 51.339 0.375
    endloop
  endfacet
  facet normal 0 0 0
    outer loop
      vertex 40.117 44.335 1.41
      vertex 40.307 44.394 1.37
      vertex 40.125 44.22 0.987
    endloop
  endfacet
  facet normal 0 0 0
    outer loop
      vertex 40.307 44.394 1.37
      vertex 40.307 44.178 0.72
      vertex 40.125 44.22 0.987
    endloop
  endfacet
  facet normal 0 0 0
    outer loop
      vertex 39.966 43.608 0.495
      vertex 31.966 43.772 0.768
      vertex 39.966 43.856 0.93
    endloop
  endfacet
  facet normal 0 0 0
    outer loop
      vertex 40.021 44.095 0.929
      vertex 39.966 43.856 0.93
      vertex 39.966 43.954 1.23
    endloop
  endfacet
  facet normal 0 0 0
    outer loop
      vertex 41.116 51.193 0.109
      vertex 40.276 51.054 0.001
      vertex 40.734 51.239 0.152
    endloop
  endfacet
  facet normal 0 0 0
    outer loop
      vertex 40.021 44.095 0.929
      vertex 40.021 43.832 0.489
      vertex 39.966 43.856 0.93
    endloop
  endfacet
  facet normal 0 0 0
    outer loop
      vertex 41.253 51.138 0.102
      vertex 41.368 51.087 0.163
      vertex 41.378 50.847 0.001
    endloop
  endfacet
  facet normal 0 0 0
    outer loop
      vertex 41.152 51.156 0.08
      vertex 40.276 51.054 0.001
      vertex 41.116 51.193 0.109
    endloop
  endfacet
  facet normal 0 0 0
    outer loop
      vertex 41.131 51.058 0.001
      vertex 40.276 51.054 0.001
      vertex 41.152 51.156 0.08
    endloop
  endfacet
  facet normal 0 0 0
    outer loop
      vertex 41.457 50.501 0.001
      vertex 41.465 50.607 3.285
      vertex 41.466 50.016 0.001
    endloop
  endfacet
  facet normal 0 0 0
    outer loop
      vertex 41.463 50.859 0.266
      vertex 41.457 50.501 0.001
      vertex 41.41 50.764 0.001
    endloop
  endfacet
  facet normal 0 0 0
    outer loop
      vertex 50.658 59.769 2
      vertex 51.028 60.824 2
      vertex 50.946 60.656 3.75
    endloop
  endfacet
  facet normal 0 0 0
    outer loop
      vertex 41.457 50.501 0.001
      vertex 39.981 50.563 0.001
      vertex 41.41 50.764 0.001
    endloop
  endfacet
  facet normal 0 0 0
    outer loop
      vertex 39.981 50.563 0.001
      vertex 41.457 50.501 0.001
      vertex 41.466 50.016 0.001
    endloop
  endfacet
  facet normal 0 0 0
    outer loop
      vertex 41.461 50.439 3.401
      vertex 41.466 50.016 0.001
      vertex 41.465 50.607 3.285
    endloop
  endfacet
  facet normal 0 0 0
    outer loop
      vertex 41.365 48.146 3.4
      vertex 40.286 47.964 3.4
      vertex 41.16 47.967 3.4
    endloop
  endfacet
  facet normal 0 0 0
    outer loop
      vertex 40.286 47.964 3.4
      vertex 41.365 48.146 3.4
      vertex 41.451 48.457 3.4
    endloop
  endfacet
  facet normal 0 0 0
    outer loop
      vertex 50.658 59.769 2
      vertex 52.725 59.716 2
      vertex 51.028 60.824 2
    endloop
  endfacet
  facet normal 0 0 0
    outer loop
      vertex 41.365 48.146 3.4
      vertex 41.315 47.719 3.102
      vertex 41.451 48.457 3.4
    endloop
  endfacet
  facet normal 0 0 0
    outer loop
      vertex 52.96 60.978 0
      vertex 53.335 60.657 0.5
      vertex 52.981 60.219 0.5
    endloop
  endfacet
  facet normal 0 0 0
    outer loop
      vertex 52.325 60.021 0
      vertex 52.96 60.978 0
      vertex 52.981 60.219 0.5
    endloop
  endfacet
  facet normal 0 0 0
    outer loop
      vertex 52.325 60.021 0
      vertex 52.981 60.219 0.5
      vertex 52.725 59.716 0.5
    endloop
  endfacet
  facet normal 0 0 0
    outer loop
      vertex 41.342 47.407 2.615
      vertex 41.134 47.499 2.926
      vertex 41.185 47.252 2.453
    endloop
  endfacet
  facet normal 0 0 0
    outer loop
      vertex 41.342 47.407 2.615
      vertex 41.315 47.719 3.102
      vertex 41.134 47.499 2.926
    endloop
  endfacet
  facet normal 0 0 0
    outer loop
      vertex 40.286 47.964 3.4
      vertex 41.466 49.014 3.4
      vertex 40.077 48.128 3.4
    endloop
  endfacet
  facet normal 0 0 0
    outer loop
      vertex 40.286 47.964 3.4
      vertex 41.451 48.457 3.4
      vertex 41.466 49.014 3.4
    endloop
  endfacet
  facet normal 0 0 0
    outer loop
      vertex 41.462 47.681 2.647
      vertex 41.342 47.407 2.615
      vertex 41.447 47.463 2.323
    endloop
  endfacet
  facet normal 0 0 0
    outer loop
      vertex 51.028 60.824 2
      vertex 51.302 61.312 2
      vertex 51.362 61.385 3.75
    endloop
  endfacet
  facet normal 0 0 0
    outer loop
      vertex 51.362 61.385 3.75
      vertex 50.946 60.656 3.75
      vertex 51.028 60.824 2
    endloop
  endfacet
  facet normal 0 0 0
    outer loop
      vertex 41.462 47.681 2.647
      vertex 41.315 47.719 3.102
      vertex 41.342 47.407 2.615
    endloop
  endfacet
  facet normal 0 0 0
    outer loop
      vertex 49.905 61.124 3.688
      vertex 50.946 60.656 3.75
      vertex 51.362 61.385 3.75
    endloop
  endfacet
  facet normal 0 0 0
    outer loop
      vertex 41.315 47.719 3.102
      vertex 41.462 47.681 2.647
      vertex 41.451 48.457 3.4
    endloop
  endfacet
  facet normal 0 0 0
    outer loop
      vertex 52.981 60.219 2
      vertex 51.028 60.824 2
      vertex 52.725 59.716 2
    endloop
  endfacet
  facet normal 0 0 0
    outer loop
      vertex 41.462 47.681 2.647
      vertex 41.447 47.463 2.323
      vertex 41.451 48.457 3.4
    endloop
  endfacet
  facet normal 0 0 0
    outer loop
      vertex 51.028 60.824 2
      vertex 52.981 60.219 2
      vertex 51.302 61.312 2
    endloop
  endfacet
  facet normal 0 0 0
    outer loop
      vertex 52.981 60.219 0.5
      vertex 52.725 59.716 2
      vertex 52.725 59.716 0.5
    endloop
  endfacet
  facet normal 0 0 0
    outer loop
      vertex 52.725 59.716 2
      vertex 52.981 60.219 0.5
      vertex 52.981 60.219 2
    endloop
  endfacet
  facet normal 0 0 0
    outer loop
      vertex 41.315 47.719 3.102
      vertex 41.125 47.787 3.256
      vertex 41.134 47.499 2.926
    endloop
  endfacet
  facet normal 0 0 0
    outer loop
      vertex 51.302 61.312 2
      vertex 52.981 60.219 2
      vertex 51.758 61.904 2
    endloop
  endfacet
  facet normal 0 0 0
    outer loop
      vertex 41.315 47.719 3.102
      vertex 41.16 47.967 3.4
      vertex 41.125 47.787 3.256
    endloop
  endfacet
  facet normal 0 0 0
    outer loop
      vertex 51.362 61.385 3.75
      vertex 51.302 61.312 2
      vertex 51.758 61.904 2
    endloop
  endfacet
  facet normal 0 0 0
    outer loop
      vertex 41.315 47.719 3.102
      vertex 41.365 48.146 3.4
      vertex 41.16 47.967 3.4
    endloop
  endfacet
  facet normal 0 0 0
    outer loop
      vertex 49.905 61.124 3.688
      vertex 51.362 61.385 3.75
      vertex 50.476 61.999 3.701
    endloop
  endfacet
  facet normal 0 0 0
    outer loop
      vertex 41.134 47.114 1.936
      vertex 41.185 47.252 2.453
      vertex 40.298 47.184 2.272
    endloop
  endfacet
  facet normal 0 0 0
    outer loop
      vertex 41.134 47.499 2.926
      vertex 40.277 47.365 2.712
      vertex 41.185 47.252 2.453
    endloop
  endfacet
  facet normal 0 0 0
    outer loop
      vertex 49.18 58.113 3.624
      vertex 49.598 57.55 3.701
      vertex 49.827 58.109 3.738
    endloop
  endfacet
  facet normal 0 0 0
    outer loop
      vertex 40.277 47.365 2.712
      vertex 40.298 47.184 2.272
      vertex 41.185 47.252 2.453
    endloop
  endfacet
  facet normal 0 0 0
    outer loop
      vertex 49.598 57.55 3.701
      vertex 49.68 57.215 3.701
      vertex 49.827 58.109 3.738
    endloop
  endfacet
  facet normal 0 0 0
    outer loop
      vertex 50.569 58.284 3.75
      vertex 50.554 59.03 3.75
      vertex 49.827 58.109 3.738
    endloop
  endfacet
  facet normal 0 0 0
    outer loop
      vertex 49.827 58.109 3.738
      vertex 50.702 57.55 3.75
      vertex 50.569 58.284 3.75
    endloop
  endfacet
  facet normal 0 0 0
    outer loop
      vertex 50.658 59.769 3.75
      vertex 50.554 59.03 3.75
      vertex 50.658 59.769 2
    endloop
  endfacet
  facet normal 0 0 0
    outer loop
      vertex 50.554 59.03 3.75
      vertex 50.565 59.216 2
      vertex 50.658 59.769 2
    endloop
  endfacet
  facet normal 0 0 0
    outer loop
      vertex 50.621 57.914 2
      vertex 50.565 59.216 2
      vertex 50.554 59.03 3.75
    endloop
  endfacet
  facet normal 0 0 0
    outer loop
      vertex 50.554 59.03 3.75
      vertex 50.569 58.284 3.75
      vertex 50.621 57.914 2
    endloop
  endfacet
  facet normal 0 0 0
    outer loop
      vertex 50.702 57.55 3.75
      vertex 50.621 57.914 2
      vertex 50.569 58.284 3.75
    endloop
  endfacet
  facet normal 0 0 0
    outer loop
      vertex 41.43 47.321 1.468
      vertex 41.446 47.344 1.853
      vertex 41.253 47.14 1.912
    endloop
  endfacet
  facet normal 0 0 0
    outer loop
      vertex 41.43 47.321 1.468
      vertex 41.253 47.14 1.912
      vertex 41.253 47.13 1.743
    endloop
  endfacet
  facet normal 0 0 0
    outer loop
      vertex 50.702 57.55 3.75
      vertex 49.827 58.109 3.738
      vertex 51.016 55.301 3.738
    endloop
  endfacet
  facet normal 0 0 0
    outer loop
      vertex 49.598 59.95 3.701
      vertex 49.827 58.109 3.738
      vertex 50.658 59.769 3.75
    endloop
  endfacet
  facet normal 0 0 0
    outer loop
      vertex 49.827 58.109 3.738
      vertex 50.554 59.03 3.75
      vertex 50.658 59.769 3.75
    endloop
  endfacet
  facet normal 0 0 0
    outer loop
      vertex 52.579 59.172 2
      vertex 50.658 59.769 2
      vertex 50.565 59.216 2
    endloop
  endfacet
  facet normal 0 0 0
    outer loop
      vertex 41.447 47.463 2.323
      vertex 41.253 47.14 1.912
      vertex 41.446 47.344 1.853
    endloop
  endfacet
  facet normal 0 0 0
    outer loop
      vertex 50.658 59.769 2
      vertex 52.579 59.172 2
      vertex 52.725 59.716 2
    endloop
  endfacet
  facet normal 0 0 0
    outer loop
      vertex 41.447 47.463 2.323
      vertex 41.342 47.407 2.615
      vertex 41.253 47.14 1.912
    endloop
  endfacet
  facet normal 0 0 0
    outer loop
      vertex 52.067 59.058 0
      vertex 52.579 59.172 0.5
      vertex 52.579 58.328 0.5
    endloop
  endfacet
  facet normal 0 0 0
    outer loop
      vertex 41.185 47.252 2.453
      vertex 41.134 47.114 1.936
      vertex 41.253 47.14 1.912
    endloop
  endfacet
  facet normal 0 0 0
    outer loop
      vertex 41.253 47.14 1.912
      vertex 41.342 47.407 2.615
      vertex 41.185 47.252 2.453
    endloop
  endfacet
  facet normal 0 0 0
    outer loop
      vertex 52.091 58.212 0
      vertex 52.067 59.058 0
      vertex 52.579 58.328 0.5
    endloop
  endfacet
  facet normal 0 0 0
    outer loop
      vertex 52.091 58.212 0
      vertex 52.579 58.328 0.5
      vertex 52.725 57.784 0.5
    endloop
  endfacet
  facet normal 0 0 0
    outer loop
      vertex 52.349 57.406 0
      vertex 52.091 58.212 0
      vertex 52.725 57.784 0.5
    endloop
  endfacet
  facet normal 0 0 0
    outer loop
      vertex 41.466 49.016 0
      vertex 35.966 49.014 3.4
      vertex 41.466 49.014 3.4
    endloop
  endfacet
  facet normal 0 0 0
    outer loop
      vertex 41.253 47.13 1.743
      vertex 40.298 47.102 1.722
      vertex 41.134 47.103 1.593
    endloop
  endfacet
  facet normal 0 0 0
    outer loop
      vertex 57.436 50.801 0.5
      vertex 56.311 51.084 0
      vertex 57.362 51.299 0
    endloop
  endfacet
  facet normal 0 0 0
    outer loop
      vertex 43.291 29.892 0
      vertex 43.314 30.51 0
      vertex 43.299 29.951 3.4
    endloop
  endfacet
  facet normal 0 0 0
    outer loop
      vertex 43.314 30.51 0
      vertex 43.314 30.508 3.4
      vertex 43.299 29.951 3.4
    endloop
  endfacet
  facet normal 0 0 0
    outer loop
      vertex 58.368 51.67 0
      vertex 58.369 51.12 0.5
      vertex 57.362 51.299 0
    endloop
  endfacet
  facet normal 0 0 0
    outer loop
      vertex 57.362 51.299 0
      vertex 58.369 51.12 0.5
      vertex 57.436 50.801 0.5
    endloop
  endfacet
  facet normal 0 0 0
    outer loop
      vertex 43.314 29.814 0.172
      vertex 43.299 29.951 3.4
      vertex 43.314 29.57 0.343
    endloop
  endfacet
  facet normal 0 0 0
    outer loop
      vertex 42.973 28.848 0.7
      vertex 43.163 28.879 0.776
      vertex 43.101 28.749 0.994
    endloop
  endfacet
  facet normal 0 0 0
    outer loop
      vertex 43.163 28.879 0.776
      vertex 42.973 28.848 0.7
      vertex 42.979 29.456 0
    endloop
  endfacet
  facet normal 0 0 0
    outer loop
      vertex 42.979 29.456 0
      vertex 43.139 29.096 0.418
      vertex 43.163 28.879 0.776
    endloop
  endfacet
  facet normal 0 0 0
    outer loop
      vertex 43.175 29.281 0.249
      vertex 43.259 29.234 0.428
      vertex 43.139 29.096 0.418
    endloop
  endfacet
  facet normal 0 0 0
    outer loop
      vertex 43.311 29.346 0.533
      vertex 43.259 29.234 0.428
      vertex 43.175 29.281 0.249
    endloop
  endfacet
  facet normal 0 0 0
    outer loop
      vertex 43.175 29.281 0.249
      vertex 43.295 29.587 0.212
      vertex 43.311 29.346 0.533
    endloop
  endfacet
  facet normal 0 0 0
    outer loop
      vertex 43.235 29.694 0
      vertex 43.175 29.281 0.249
      vertex 42.979 29.456 0
    endloop
  endfacet
  facet normal 0 0 0
    outer loop
      vertex 43.175 29.281 0.249
      vertex 43.235 29.694 0
      vertex 43.295 29.587 0.212
    endloop
  endfacet
  facet normal 0 0 0
    outer loop
      vertex 58.911 52.394 2.895
      vertex 59.932 52.499 2.276
      vertex 60.119 52.997 2.676
    endloop
  endfacet
  facet normal 0 0 0
    outer loop
      vertex 60.516 52.893 2.183
      vertex 60.119 52.997 2.676
      vertex 59.932 52.499 2.276
    endloop
  endfacet
  facet normal 0 0 0
    outer loop
      vertex 43.295 29.587 0.212
      vertex 43.314 29.814 0.172
      vertex 43.314 29.57 0.343
    endloop
  endfacet
  facet normal 0 0 0
    outer loop
      vertex 43.314 29.221 0.755
      vertex 43.163 28.879 0.776
      vertex 43.139 29.096 0.418
    endloop
  endfacet
  facet normal 0 0 0
    outer loop
      vertex 60.602 54.067 3.093
      vertex 60.119 52.997 2.676
      vertex 60.516 52.893 2.183
    endloop
  endfacet
  facet normal 0 0 0
    outer loop
      vertex 43.163 28.879 0.776
      vertex 43.215 28.732 1.397
      vertex 43.101 28.749 0.994
    endloop
  endfacet
  facet normal 0 0 0
    outer loop
      vertex 60.159 53.607 3.093
      vertex 59.2 53.128 3.267
      vertex 60.119 52.997 2.676
    endloop
  endfacet
  facet normal 0 0 0
    outer loop
      vertex 60.119 52.997 2.676
      vertex 60.602 54.067 3.093
      vertex 60.159 53.607 3.093
    endloop
  endfacet
  facet normal 0 0 0
    outer loop
      vertex 43.163 28.879 0.776
      vertex 43.314 29.221 0.755
      vertex 43.215 28.732 1.397
    endloop
  endfacet
  facet normal 0 0 0
    outer loop
      vertex 43.259 29.234 0.428
      vertex 43.314 29.221 0.755
      vertex 43.139 29.096 0.418
    endloop
  endfacet
  facet normal 0 0 0
    outer loop
      vertex 43.259 29.234 0.428
      vertex 43.311 29.346 0.533
      vertex 43.314 29.221 0.755
    endloop
  endfacet
  facet normal 0 0 0
    outer loop
      vertex 43.235 29.694 0
      vertex 43.291 29.892 0
      vertex 43.295 29.587 0.212
    endloop
  endfacet
  facet normal 0 0 0
    outer loop
      vertex 43.314 29.57 0.343
      vertex 43.311 29.346 0.533
      vertex 43.295 29.587 0.212
    endloop
  endfacet
  facet normal 0 0 0
    outer loop
      vertex 43.295 29.587 0.212
      vertex 43.291 29.892 0
      vertex 43.314 29.814 0.172
    endloop
  endfacet
  facet normal 0 0 0
    outer loop
      vertex 43.314 29.57 0.343
      vertex 43.299 29.951 3.4
      vertex 43.311 29.346 0.533
    endloop
  endfacet
  facet normal 0 0 0
    outer loop
      vertex 60.602 54.067 3.093
      vertex 60.516 52.893 2.183
      vertex 60.806 53.269 2.314
    endloop
  endfacet
  facet normal 0 0 0
    outer loop
      vertex 43.299 29.951 3.4
      vertex 43.314 29.221 0.755
      vertex 43.311 29.346 0.533
    endloop
  endfacet
  facet normal 0 0 0
    outer loop
      vertex 60.516 52.893 2.183
      vertex 61.001 53.077 1.702
      vertex 60.806 53.269 2.314
    endloop
  endfacet
  facet normal 0 0 0
    outer loop
      vertex 42.973 28.668 1.181
      vertex 43.101 28.636 1.489
      vertex 43.18 28.683 1.814
    endloop
  endfacet
  facet normal 0 0 0
    outer loop
      vertex 43.101 28.636 1.489
      vertex 43.215 28.732 1.397
      vertex 43.18 28.683 1.814
    endloop
  endfacet
  facet normal 0 0 0
    outer loop
      vertex 59.912 52.116 1.633
      vertex 59.932 52.499 2.276
      vertex 59.453 51.935 1.914
    endloop
  endfacet
  facet normal 0 0 0
    outer loop
      vertex 43.101 28.636 1.489
      vertex 42.973 28.668 1.181
      vertex 43.101 28.749 0.994
    endloop
  endfacet
  facet normal 0 0 0
    outer loop
      vertex 43.18 28.683 1.814
      vertex 42.973 28.621 2.031
      vertex 42.973 28.668 1.181
    endloop
  endfacet
  facet normal 0 0 0
    outer loop
      vertex 43.275 28.812 1.974
      vertex 43.216 28.798 2.302
      vertex 42.973 28.621 2.031
    endloop
  endfacet
  facet normal 0 0 0
    outer loop
      vertex 42.973 29.021 2.971
      vertex 42.973 28.621 2.031
      vertex 43.216 28.798 2.302
    endloop
  endfacet
  facet normal 0 0 0
    outer loop
      vertex 43.18 28.683 1.814
      vertex 43.275 28.812 1.974
      vertex 42.973 28.621 2.031
    endloop
  endfacet
  facet normal 0 0 0
    outer loop
      vertex 58.683 51.322 1.344
      vertex 59.546 51.786 1.344
      vertex 58.609 51.481 1.914
    endloop
  endfacet
  facet normal 0 0 0
    outer loop
      vertex 61.177 53.565 2.183
      vertex 60.806 53.269 2.314
      vertex 61.001 53.077 1.702
    endloop
  endfacet
  facet normal 0 0 0
    outer loop
      vertex 40.021 43.832 0.489
      vertex 39.966 43.608 0.495
      vertex 39.966 43.856 0.93
    endloop
  endfacet
  facet normal 0 0 0
    outer loop
      vertex 61.001 53.077 1.702
      vertex 61.407 53.364 1.344
      vertex 61.177 53.565 2.183
    endloop
  endfacet
  facet normal 0 0 0
    outer loop
      vertex 60.671 52.721 1.633
      vertex 61.001 53.077 1.702
      vertex 60.516 52.893 2.183
    endloop
  endfacet
  facet normal 0 0 0
    outer loop
      vertex 61.001 53.077 1.702
      vertex 60.94 52.813 1.03
      vertex 61.407 53.364 1.344
    endloop
  endfacet
  facet normal 0 0 0
    outer loop
      vertex 60.94 52.813 1.03
      vertex 61.001 53.077 1.702
      vertex 60.671 52.721 1.633
    endloop
  endfacet
  facet normal 0 0 0
    outer loop
      vertex 59.546 51.786 1.344
      vertex 58.683 51.322 1.344
      vertex 59.473 51.668 0.5
    endloop
  endfacet
  facet normal 0 0 0
    outer loop
      vertex 59.473 51.668 0.5
      vertex 60.346 52.349 1.344
      vertex 59.546 51.786 1.344
    endloop
  endfacet
  facet normal 0 0 0
    outer loop
      vertex 60.346 52.349 1.344
      vertex 59.473 51.668 0.5
      vertex 60.94 52.813 1.03
    endloop
  endfacet
  facet normal 0 0 0
    outer loop
      vertex 59.473 51.668 0.5
      vertex 60.851 52.705 0.5
      vertex 60.94 52.813 1.03
    endloop
  endfacet
  facet normal 0 0 0
    outer loop
      vertex 59.473 51.668 0.5
      vertex 59.521 52.293 0
      vertex 60.282 52.867 0
    endloop
  endfacet
  facet normal 0 0 0
    outer loop
      vertex 59.473 51.668 0.5
      vertex 60.282 52.867 0
      vertex 60.851 52.705 0.5
    endloop
  endfacet
  facet normal 0 0 0
    outer loop
      vertex 60.282 52.867 0
      vertex 61.041 53.624 0
      vertex 60.851 52.705 0.5
    endloop
  endfacet
  facet normal 0 0 0
    outer loop
      vertex 60.851 52.705 0.5
      vertex 61.84 53.804 0.5
      vertex 61.407 53.364 1.344
    endloop
  endfacet
  facet normal 0 0 0
    outer loop
      vertex 60.851 52.705 0.5
      vertex 61.041 53.624 0
      vertex 61.84 53.804 0.5
    endloop
  endfacet
  facet normal 0 0 0
    outer loop
      vertex 61.407 53.364 1.344
      vertex 60.94 52.813 1.03
      vertex 60.851 52.705 0.5
    endloop
  endfacet
  facet normal 0 0 0
    outer loop
      vertex 58.683 51.322 1.344
      vertex 58.369 51.12 0.5
      vertex 59.473 51.668 0.5
    endloop
  endfacet
  facet normal 0 0 0
    outer loop
      vertex 59.546 51.786 1.344
      vertex 59.453 51.935 1.914
      vertex 58.609 51.481 1.914
    endloop
  endfacet
  facet normal 0 0 0
    outer loop
      vertex 52.325 60.021 0
      vertex 52.725 59.716 0.5
      vertex 52.579 59.172 0.5
    endloop
  endfacet
  facet normal 0 0 0
    outer loop
      vertex 52.325 60.021 0
      vertex 52.579 59.172 0.5
      vertex 52.067 59.058 0
    endloop
  endfacet
  facet normal 0 0 0
    outer loop
      vertex 51.76 55.598 2
      vertex 53.335 56.843 2
      vertex 52.981 57.281 2
    endloop
  endfacet
  facet normal 0 0 0
    outer loop
      vertex 53.335 56.843 2
      vertex 51.76 55.598 2
      vertex 52.158 55.204 2
    endloop
  endfacet
  facet normal 0 0 0
    outer loop
      vertex 59.912 52.116 1.633
      vertex 59.546 51.786 1.344
      vertex 60.346 52.349 1.344
    endloop
  endfacet
  facet normal 0 0 0
    outer loop
      vertex 52.575 58.399 2
      vertex 52.579 59.172 0.5
      vertex 52.579 59.172 2
    endloop
  endfacet
  facet normal 0 0 0
    outer loop
      vertex 59.912 52.116 1.633
      vertex 59.453 51.935 1.914
      vertex 59.546 51.786 1.344
    endloop
  endfacet
  facet normal 0 0 0
    outer loop
      vertex 52.579 58.328 0.5
      vertex 52.579 59.172 0.5
      vertex 52.575 58.399 2
    endloop
  endfacet
  facet normal 0 0 0
    outer loop
      vertex 60.516 52.893 2.183
      vertex 59.932 52.499 2.276
      vertex 60.671 52.721 1.633
    endloop
  endfacet
  facet normal 0 0 0
    outer loop
      vertex 52.725 57.784 2
      vertex 52.579 58.328 0.5
      vertex 52.575 58.399 2
    endloop
  endfacet
  facet normal 0 0 0
    outer loop
      vertex 52.725 57.784 0.5
      vertex 52.579 58.328 0.5
      vertex 52.725 57.784 2
    endloop
  endfacet
  facet normal 0 0 0
    outer loop
      vertex 52.981 57.281 2
      vertex 52.725 57.784 0.5
      vertex 52.725 57.784 2
    endloop
  endfacet
  facet normal 0 0 0
    outer loop
      vertex 60.94 52.813 1.03
      vertex 60.671 52.721 1.633
      vertex 60.346 52.349 1.344
    endloop
  endfacet
  facet normal 0 0 0
    outer loop
      vertex 52.725 59.716 2
      vertex 52.579 59.172 0.5
      vertex 52.725 59.716 0.5
    endloop
  endfacet
  facet normal 0 0 0
    outer loop
      vertex 52.579 59.172 0.5
      vertex 52.725 59.716 2
      vertex 52.579 59.172 2
    endloop
  endfacet
  facet normal 0 0 0
    outer loop
      vertex 60.671 52.721 1.633
      vertex 59.932 52.499 2.276
      vertex 60.346 52.349 1.344
    endloop
  endfacet
  facet normal 0 0 0
    outer loop
      vertex 50.565 59.216 2
      vertex 52.575 58.399 2
      vertex 52.579 59.172 2
    endloop
  endfacet
  facet normal 0 0 0
    outer loop
      vertex 52.575 58.399 2
      vertex 50.565 59.216 2
      vertex 50.621 57.914 2
    endloop
  endfacet
  facet normal 0 0 0
    outer loop
      vertex 50.621 57.914 2
      vertex 52.725 57.784 2
      vertex 52.575 58.399 2
    endloop
  endfacet
  facet normal 0 0 0
    outer loop
      vertex 60.346 52.349 1.344
      vertex 59.932 52.499 2.276
      vertex 59.912 52.116 1.633
    endloop
  endfacet
  facet normal 0 0 0
    outer loop
      vertex 54.628 61.887 0
      vertex 55.473 61.931 0
      vertex 54.82 61.413 0.5
    endloop
  endfacet
  facet normal 0 0 0
    outer loop
      vertex 59.103 52.062 2.438
      vertex 59.453 51.935 1.914
      vertex 59.932 52.499 2.276
    endloop
  endfacet
  facet normal 0 0 0
    outer loop
      vertex 59.103 52.062 2.438
      vertex 58.609 51.481 1.914
      vertex 59.453 51.935 1.914
    endloop
  endfacet
  facet normal 0 0 0
    outer loop
      vertex 42.973 28.668 1.181
      vertex 42.973 28.848 0.7
      vertex 43.101 28.749 0.994
    endloop
  endfacet
  facet normal 0 0 0
    outer loop
      vertex 30 28.506 0.944
      vertex 32.385 28.506 0.944
      vertex 30 28.506 2.456
    endloop
  endfacet
  facet normal 0 0 0
    outer loop
      vertex 59.521 52.293 0
      vertex 59.473 51.668 0.5
      vertex 58.368 51.67 0
    endloop
  endfacet
  facet normal 0 0 0
    outer loop
      vertex 59.473 51.668 0.5
      vertex 58.369 51.12 0.5
      vertex 58.368 51.67 0
    endloop
  endfacet
  facet normal 0 0 0
    outer loop
      vertex 58.181 36.087 3.75
      vertex 57.563 35.667 3.75
      vertex 58.104 35.308 3.75
    endloop
  endfacet
  facet normal 0 0 0
    outer loop
      vertex 36.385 30.51 0
      vertex 40.4 29.95 0
      vertex 32.385 29.95 0
    endloop
  endfacet
  facet normal 0 0 0
    outer loop
      vertex 71.32 64.181 3.975
      vertex 71.727 64.181 4.3
      vertex 70.891 64.181 4.3
    endloop
  endfacet
  facet normal 0 0 0
    outer loop
      vertex 72.14 64.181 3.821
      vertex 71.32 64.181 3.975
      vertex 71.837 64.181 3.291
    endloop
  endfacet
  facet normal 0 0 0
    outer loop
      vertex 71.32 64.181 3.975
      vertex 72.14 64.181 3.821
      vertex 71.727 64.181 4.3
    endloop
  endfacet
  facet normal 0 0 0
    outer loop
      vertex 71.298 65.431 4.008
      vertex 71.727 64.931 4.3
      vertex 71.735 65.431 3.511
    endloop
  endfacet
  facet normal 0 0 0
    outer loop
      vertex 70.365 58.431 0
      vertex 70.365 58.431 4.3
      vertex 70.365 65.431 4.3
    endloop
  endfacet
  facet normal 0 0 0
    outer loop
      vertex 71.727 64.181 4.3
      vertex 72.205 64.931 3.726
      vertex 71.727 64.931 4.3
    endloop
  endfacet
  facet normal 0 0 0
    outer loop
      vertex 35.299 65.901 0.273
      vertex 39.981 65.557 0.001
      vertex 31.966 65.557 0.001
    endloop
  endfacet
  facet normal 0 0 0
    outer loop
      vertex 71.727 64.181 4.3
      vertex 72.14 64.181 3.821
      vertex 72.205 64.931 3.726
    endloop
  endfacet
  facet normal 0 0 0
    outer loop
      vertex 71.837 64.181 3.291
      vertex 72.449 64.181 3.27
      vertex 72.14 64.181 3.821
    endloop
  endfacet
  facet normal 0 0 0
    outer loop
      vertex 72.11 64.181 2.042
      vertex 72.564 64.181 2.944
      vertex 71.837 64.181 3.291
    endloop
  endfacet
  facet normal 0 0 0
    outer loop
      vertex 71.837 64.181 3.291
      vertex 72.564 64.181 2.944
      vertex 72.449 64.181 3.27
    endloop
  endfacet
  facet normal 0 0 0
    outer loop
      vertex 71.727 64.931 4.3
      vertex 72.205 64.931 3.726
      vertex 71.735 65.431 3.511
    endloop
  endfacet
  facet normal 0 0 0
    outer loop
      vertex 72.205 64.931 3.726
      vertex 72.449 64.931 3.27
      vertex 71.735 65.431 3.511
    endloop
  endfacet
  facet normal 0 0 0
    outer loop
      vertex 31.966 65.556 3.401
      vertex 31.966 63.449 3.4
      vertex 35.966 64.008 3.4
    endloop
  endfacet
  facet normal 0 0 0
    outer loop
      vertex 72.449 64.931 3.27
      vertex 72.205 64.931 3.726
      vertex 72.14 64.181 3.821
    endloop
  endfacet
  facet normal 0 0 0
    outer loop
      vertex 31.966 62.654 2.451
      vertex 36.716 62.547 2.116
      vertex 35.299 62.678 2.513
    endloop
  endfacet
  facet normal 0 0 0
    outer loop
      vertex 72.14 64.181 3.821
      vertex 72.449 64.181 3.27
      vertex 72.449 64.931 3.27
    endloop
  endfacet
  facet normal 0 0 0
    outer loop
      vertex 31.966 62.654 2.451
      vertex 31.966 62.528 1.962
      vertex 36.716 62.547 2.116
    endloop
  endfacet
  facet normal 0 0 0
    outer loop
      vertex 72.449 64.181 3.27
      vertex 72.622 64.931 2.662
      vertex 72.449 64.931 3.27
    endloop
  endfacet
  facet normal 0 0 0
    outer loop
      vertex 36.716 62.547 2.116
      vertex 31.966 62.528 1.962
      vertex 31.966 62.531 1.376
    endloop
  endfacet
  facet normal 0 0 0
    outer loop
      vertex 35.966 64.01 0
      vertex 31.966 63.45 0
      vertex 31.966 65.557 0.001
    endloop
  endfacet
  facet normal 0 0 0
    outer loop
      vertex 39.981 65.557 0.001
      vertex 35.966 65.01 0.001
      vertex 31.966 65.557 0.001
    endloop
  endfacet
  facet normal 0 0 0
    outer loop
      vertex 72.449 64.181 3.27
      vertex 72.564 64.181 2.944
      vertex 72.622 64.931 2.662
    endloop
  endfacet
  facet normal 0 0 0
    outer loop
      vertex 35.966 65.008 3.401
      vertex 31.966 65.556 3.401
      vertex 35.966 64.008 3.4
    endloop
  endfacet
  facet normal 0 0 0
    outer loop
      vertex 72.564 64.181 2.944
      vertex 72.653 64.181 2.376
      vertex 72.622 64.931 2.662
    endloop
  endfacet
  facet normal 0 0 0
    outer loop
      vertex 72.653 64.181 2.376
      vertex 72.671 64.931 2.147
      vertex 72.622 64.931 2.662
    endloop
  endfacet
  facet normal 0 0 0
    outer loop
      vertex 35.966 64.008 3.4
      vertex 35.966 64.01 0
      vertex 35.966 65.01 0.001
    endloop
  endfacet
  facet normal 0 0 0
    outer loop
      vertex 35.966 64.008 3.4
      vertex 35.966 65.01 0.001
      vertex 35.966 65.008 3.401
    endloop
  endfacet
  facet normal 0 0 0
    outer loop
      vertex 72.622 64.931 2.662
      vertex 72.15 65.431 1.929
      vertex 72.099 65.431 2.721
    endloop
  endfacet
  facet normal 0 0 0
    outer loop
      vertex 72.671 64.931 2.147
      vertex 72.15 65.431 1.929
      vertex 72.622 64.931 2.662
    endloop
  endfacet
  facet normal 0 0 0
    outer loop
      vertex 35.966 65.01 0.001
      vertex 35.966 64.01 0
      vertex 31.966 65.557 0.001
    endloop
  endfacet
  facet normal 0 0 0
    outer loop
      vertex 72.449 64.931 3.27
      vertex 72.099 65.431 2.721
      vertex 71.735 65.431 3.511
    endloop
  endfacet
  facet normal 0 0 0
    outer loop
      vertex 72.449 64.931 3.27
      vertex 72.622 64.931 2.662
      vertex 72.099 65.431 2.721
    endloop
  endfacet
  facet normal 0 0 0
    outer loop
      vertex 35.966 64.008 3.4
      vertex 39.981 63.449 3.4
      vertex 41.466 64.008 3.4
    endloop
  endfacet
  facet normal 0 0 0
    outer loop
      vertex 72.564 64.181 2.944
      vertex 72.11 64.181 2.042
      vertex 72.653 64.181 2.376
    endloop
  endfacet
  facet normal 0 0 0
    outer loop
      vertex 35.299 62.568 1.204
      vertex 36.716 62.547 2.116
      vertex 31.966 62.531 1.376
    endloop
  endfacet
  facet normal 0 0 0
    outer loop
      vertex 71.361 60.681 3.935
      vertex 71.32 64.181 3.975
      vertex 70.891 64.181 4.3
    endloop
  endfacet
  facet normal 0 0 0
    outer loop
      vertex 35.299 62.568 1.204
      vertex 31.966 62.722 0.801
      vertex 31.966 62.913 0.49
    endloop
  endfacet
  facet normal 0 0 0
    outer loop
      vertex 35.299 62.568 1.204
      vertex 31.966 62.531 1.376
      vertex 31.966 62.722 0.801
    endloop
  endfacet
  facet normal 0 0 0
    outer loop
      vertex 38.133 62.678 0.888
      vertex 35.299 62.568 1.204
      vertex 38.133 62.792 0.665
    endloop
  endfacet
  facet normal 0 0 0
    outer loop
      vertex 31.966 62.913 0.49
      vertex 35.299 63.046 0.333
      vertex 35.299 62.568 1.204
    endloop
  endfacet
  facet normal 0 0 0
    outer loop
      vertex 31.966 63.449 3.4
      vertex 35.299 62.678 2.513
      vertex 36.008 62.98 2.988
    endloop
  endfacet
  facet normal 0 0 0
    outer loop
      vertex 40.4 29.95 0
      vertex 36.385 30.51 0
      vertex 43.314 30.51 0
    endloop
  endfacet
  facet normal 0 0 0
    outer loop
      vertex 40.52 29.588 0
      vertex 40.4 29.95 0
      vertex 43.314 30.51 0
    endloop
  endfacet
  facet normal 0 0 0
    outer loop
      vertex 43.314 30.51 0
      vertex 40.715 29.457 0
      vertex 40.52 29.588 0
    endloop
  endfacet
  facet normal 0 0 0
    outer loop
      vertex 43.235 29.694 0
      vertex 40.715 29.457 0
      vertex 43.291 29.892 0
    endloop
  endfacet
  facet normal 0 0 0
    outer loop
      vertex 40.715 29.457 0
      vertex 43.235 29.694 0
      vertex 42.979 29.456 0
    endloop
  endfacet
  facet normal 0 0 0
    outer loop
      vertex 71.471 64.181 0.478
      vertex 70.891 64.181 0
      vertex 71.711 64.181 0
    endloop
  endfacet
  facet normal 0 0 0
    outer loop
      vertex 30 33.42 0.471
      vertex 30 33.004 0.001
      vertex 30 29.336 0.016
    endloop
  endfacet
  facet normal 0 0 0
    outer loop
      vertex 30 33.495 0.78
      vertex 30 33.42 0.471
      vertex 30 29.336 0.016
    endloop
  endfacet
  facet normal 0 0 0
    outer loop
      vertex 30 33.495 2.485
      vertex 30 33.495 0.78
      vertex 30 29.336 0.016
    endloop
  endfacet
  facet normal 0 0 0
    outer loop
      vertex 30 33.317 2.979
      vertex 30 33.495 2.485
      vertex 30 29.336 0.016
    endloop
  endfacet
  facet normal 0 0 0
    outer loop
      vertex 30 33.317 2.979
      vertex 30 29.336 0.016
      vertex 30 32.986 3.275
    endloop
  endfacet
  facet normal 0 0 0
    outer loop
      vertex 70.891 64.181 0
      vertex 71.471 53.681 0.478
      vertex 70.891 53.681 0
    endloop
  endfacet
  facet normal 0 0 0
    outer loop
      vertex 30 29.447 3.397
      vertex 30 32.559 3.398
      vertex 30 29.336 0.016
    endloop
  endfacet
  facet normal 0 0 0
    outer loop
      vertex 30 29.336 0.016
      vertex 30 32.559 3.398
      vertex 30 32.986 3.275
    endloop
  endfacet
  facet normal 0 0 0
    outer loop
      vertex 70.365 65.431 0
      vertex 70.365 58.431 0
      vertex 70.365 65.431 4.3
    endloop
  endfacet
  facet normal 0 0 0
    outer loop
      vertex 72.15 65.431 1.929
      vertex 72.632 64.931 1.688
      vertex 72.342 64.931 0.817
    endloop
  endfacet
  facet normal 0 0 0
    outer loop
      vertex 30 29.447 3.397
      vertex 30 29.336 0.016
      vertex 30 29.226 3.359
    endloop
  endfacet
  facet normal 0 0 0
    outer loop
      vertex 30 28.675 2.953
      vertex 30 29.336 0.016
      vertex 30 28.506 2.456
    endloop
  endfacet
  facet normal 0 0 0
    outer loop
      vertex 30 29.336 0.016
      vertex 30 28.838 3.144
      vertex 30 29.226 3.359
    endloop
  endfacet
  facet normal 0 0 0
    outer loop
      vertex 30 29.121 0.077
      vertex 30 28.544 0.724
      vertex 30 29.336 0.016
    endloop
  endfacet
  facet normal 0 0 0
    outer loop
      vertex 72.671 64.931 2.147
      vertex 72.632 64.931 1.688
      vertex 72.15 65.431 1.929
    endloop
  endfacet
  facet normal 0 0 0
    outer loop
      vertex 30 28.544 0.724
      vertex 30 29.121 0.077
      vertex 30 28.759 0.335
    endloop
  endfacet
  facet normal 0 0 0
    outer loop
      vertex 30 29.336 0.016
      vertex 30 28.544 0.724
      vertex 30 28.506 0.944
    endloop
  endfacet
  facet normal 0 0 0
    outer loop
      vertex 30 29.336 0.016
      vertex 30 28.675 2.953
      vertex 30 28.838 3.144
    endloop
  endfacet
  facet normal 0 0 0
    outer loop
      vertex 30 28.506 2.456
      vertex 30 29.336 0.016
      vertex 30 28.506 0.944
    endloop
  endfacet
  facet normal 0 0 0
    outer loop
      vertex 40.4 32.056 3.401
      vertex 32.385 32.056 3.401
      vertex 36.385 31.508 3.401
    endloop
  endfacet
  facet normal 0 0 0
    outer loop
      vertex 72.15 65.431 1.929
      vertex 72.342 64.931 0.817
      vertex 72.015 65.431 1.308
    endloop
  endfacet
  facet normal 0 0 0
    outer loop
      vertex 72.671 64.931 2.147
      vertex 72.522 64.181 1.241
      vertex 72.632 64.931 1.688
    endloop
  endfacet
  facet normal 0 0 0
    outer loop
      vertex 72.522 64.181 1.241
      vertex 72.342 64.931 0.817
      vertex 72.632 64.931 1.688
    endloop
  endfacet
  facet normal 0 0 0
    outer loop
      vertex 72.653 64.181 2.376
      vertex 72.522 64.181 1.241
      vertex 72.671 64.931 2.147
    endloop
  endfacet
  facet normal 0 0 0
    outer loop
      vertex 40.4 32.056 3.401
      vertex 36.385 31.508 3.401
      vertex 43.314 31.508 3.401
    endloop
  endfacet
  facet normal 0 0 0
    outer loop
      vertex 40.503 32.393 3.401
      vertex 40.4 32.056 3.401
      vertex 43.314 31.508 3.401
    endloop
  endfacet
  facet normal 0 0 0
    outer loop
      vertex 40.715 32.549 3.401
      vertex 40.503 32.393 3.401
      vertex 43.314 31.508 3.401
    endloop
  endfacet
  facet normal 0 0 0
    outer loop
      vertex 40.715 32.549 3.401
      vertex 43.257 32.256 3.401
      vertex 42.978 32.55 3.401
    endloop
  endfacet
  facet normal 0 0 0
    outer loop
      vertex 72.11 64.181 2.042
      vertex 72.342 64.181 0.817
      vertex 72.522 64.181 1.241
    endloop
  endfacet
  facet normal 0 0 0
    outer loop
      vertex 72.11 64.181 2.042
      vertex 72.522 64.181 1.241
      vertex 72.653 64.181 2.376
    endloop
  endfacet
  facet normal 0 0 0
    outer loop
      vertex 32.385 33.077 3.21
      vertex 30 33.317 2.979
      vertex 30 32.986 3.275
    endloop
  endfacet
  facet normal 0 0 0
    outer loop
      vertex 32.385 33.077 3.21
      vertex 32.385 33.317 2.979
      vertex 30 33.317 2.979
    endloop
  endfacet
  facet normal 0 0 0
    outer loop
      vertex 32.385 33.317 2.979
      vertex 30 33.495 2.485
      vertex 30 33.317 2.979
    endloop
  endfacet
  facet normal 0 0 0
    outer loop
      vertex 32.385 33.317 2.979
      vertex 32.385 33.5 2.457
      vertex 30 33.495 2.485
    endloop
  endfacet
  facet normal 0 0 0
    outer loop
      vertex 32.385 33.5 0.808
      vertex 32.385 32.763 0.768
      vertex 32.385 33.376 0.412
    endloop
  endfacet
  facet normal 0 0 0
    outer loop
      vertex 32.385 33.5 2.457
      vertex 32.385 32.995 1.539
      vertex 32.385 33.5 0.808
    endloop
  endfacet
  facet normal 0 0 0
    outer loop
      vertex 72.059 64.931 0.383
      vertex 72.015 65.431 1.308
      vertex 72.342 64.931 0.817
    endloop
  endfacet
  facet normal 0 0 0
    outer loop
      vertex 32.385 33.5 2.457
      vertex 32.385 32.681 2.774
      vertex 32.385 32.978 1.984
    endloop
  endfacet
  facet normal 0 0 0
    outer loop
      vertex 72.015 65.431 1.308
      vertex 72.059 64.931 0.383
      vertex 71.433 65.431 0.427
    endloop
  endfacet
  facet normal 0 0 0
    outer loop
      vertex 32.385 33.376 0.412
      vertex 32.385 32.763 0.768
      vertex 32.385 33.004 0.001
    endloop
  endfacet
  facet normal 0 0 0
    outer loop
      vertex 32.385 32.995 1.539
      vertex 32.385 33.5 2.457
      vertex 32.385 32.978 1.984
    endloop
  endfacet
  facet normal 0 0 0
    outer loop
      vertex 32.385 33.5 0.808
      vertex 30 33.495 2.485
      vertex 32.385 33.5 2.457
    endloop
  endfacet
  facet normal 0 0 0
    outer loop
      vertex 30 33.495 2.485
      vertex 32.385 33.5 0.808
      vertex 30 33.495 0.78
    endloop
  endfacet
  facet normal 0 0 0
    outer loop
      vertex 30 33.004 0.001
      vertex 30 33.42 0.471
      vertex 32.385 33.004 0.001
    endloop
  endfacet
  facet normal 0 0 0
    outer loop
      vertex 51.016 36.301 3.738
      vertex 49.511 37.201 3.566
      vertex 50.958 35.532 3.644
    endloop
  endfacet
  facet normal 0 0 0
    outer loop
      vertex 49.511 37.201 3.566
      vertex 49.666 36.188 3.416
      vertex 50.958 35.532 3.644
    endloop
  endfacet
  facet normal 0 0 0
    outer loop
      vertex 30 33.42 0.471
      vertex 32.385 33.376 0.412
      vertex 32.385 33.004 0.001
    endloop
  endfacet
  facet normal 0 0 0
    outer loop
      vertex 32.385 33.376 0.412
      vertex 30 33.42 0.471
      vertex 30 33.495 0.78
    endloop
  endfacet
  facet normal 0 0 0
    outer loop
      vertex 50.958 35.532 3.644
      vertex 49.68 35.709 3.267
      vertex 50.234 35.632 3.485
    endloop
  endfacet
  facet normal 0 0 0
    outer loop
      vertex 32.385 33.5 0.808
      vertex 32.385 33.376 0.412
      vertex 30 33.495 0.78
    endloop
  endfacet
  facet normal 0 0 0
    outer loop
      vertex 49.571 35.087 2.895
      vertex 50.495 34.149 2.895
      vertex 49.68 35.709 3.267
    endloop
  endfacet
  facet normal 0 0 0
    outer loop
      vertex 30 32.986 3.275
      vertex 30 32.559 3.398
      vertex 32.385 32.669 3.379
    endloop
  endfacet
  facet normal 0 0 0
    outer loop
      vertex 30 32.986 3.275
      vertex 32.385 32.669 3.379
      vertex 32.385 33.077 3.21
    endloop
  endfacet
  facet normal 0 0 0
    outer loop
      vertex 50.495 34.149 2.895
      vertex 50.234 35.632 3.485
      vertex 49.68 35.709 3.267
    endloop
  endfacet
  facet normal 0 0 0
    outer loop
      vertex 30 32.559 3.398
      vertex 32.385 32.056 3.401
      vertex 32.385 32.669 3.379
    endloop
  endfacet
  facet normal 0 0 0
    outer loop
      vertex 30 32.559 3.398
      vertex 30 29.447 3.397
      vertex 32.385 32.056 3.401
    endloop
  endfacet
  facet normal 0 0 0
    outer loop
      vertex 50.958 35.532 3.644
      vertex 52.063 34.934 3.701
      vertex 51.904 35.628 3.749
    endloop
  endfacet
  facet normal 0 0 0
    outer loop
      vertex 32.385 32.681 2.774
      vertex 32.385 33.077 3.21
      vertex 32.385 32.669 3.379
    endloop
  endfacet
  facet normal 0 0 0
    outer loop
      vertex 32.385 33.077 3.21
      vertex 32.385 32.681 2.774
      vertex 32.385 33.317 2.979
    endloop
  endfacet
  facet normal 0 0 0
    outer loop
      vertex 32.385 32.681 2.774
      vertex 32.385 32.669 3.379
      vertex 32.385 32.056 3.401
    endloop
  endfacet
  facet normal 0 0 0
    outer loop
      vertex 32.385 32.681 2.774
      vertex 32.385 33.5 2.457
      vertex 32.385 33.317 2.979
    endloop
  endfacet
  facet normal 0 0 0
    outer loop
      vertex 32.385 32.763 0.768
      vertex 32.385 32.057 0.001
      vertex 32.385 33.004 0.001
    endloop
  endfacet
  facet normal 0 0 0
    outer loop
      vertex 32.385 32.763 0.768
      vertex 32.385 33.5 0.808
      vertex 32.385 32.995 1.539
    endloop
  endfacet
  facet normal 0 0 0
    outer loop
      vertex 30 29.336 0.016
      vertex 30 33.004 0.001
      vertex 32.385 32.057 0.001
    endloop
  endfacet
  facet normal 0 0 0
    outer loop
      vertex 32.385 32.057 0.001
      vertex 30 33.004 0.001
      vertex 32.385 33.004 0.001
    endloop
  endfacet
  facet normal 0 0 0
    outer loop
      vertex 51.016 36.301 3.738
      vertex 51.904 35.628 3.749
      vertex 51.76 36.598 3.75
    endloop
  endfacet
  facet normal 0 0 0
    outer loop
      vertex 30 29.226 3.359
      vertex 30 28.838 3.144
      vertex 32.385 28.838 3.144
    endloop
  endfacet
  facet normal 0 0 0
    outer loop
      vertex 32.385 28.838 3.144
      vertex 32.385 29.172 3.344
      vertex 30 29.226 3.359
    endloop
  endfacet
  facet normal 0 0 0
    outer loop
      vertex 51.305 37.19 3.75
      vertex 51.016 36.301 3.738
      vertex 51.76 36.598 3.75
    endloop
  endfacet
  facet normal 0 0 0
    outer loop
      vertex 51.904 35.628 3.749
      vertex 52.303 36.087 3.75
      vertex 51.76 36.598 3.75
    endloop
  endfacet
  facet normal 0 0 0
    outer loop
      vertex 52.303 36.087 3.75
      vertex 51.904 35.628 3.749
      vertex 52.063 34.934 3.701
    endloop
  endfacet
  facet normal 0 0 0
    outer loop
      vertex 51.76 36.598 3.75
      vertex 52.303 36.087 3.75
      vertex 51.76 36.598 2
    endloop
  endfacet
  facet normal 0 0 0
    outer loop
      vertex 52.303 36.087 3.75
      vertex 52.158 36.204 2
      vertex 51.76 36.598 2
    endloop
  endfacet
  facet normal 0 0 0
    outer loop
      vertex 52.685 35.819 2
      vertex 52.158 36.204 2
      vertex 52.303 36.087 3.75
    endloop
  endfacet
  facet normal 0 0 0
    outer loop
      vertex 53.083 35.575 3.75
      vertex 52.685 35.819 2
      vertex 52.303 36.087 3.75
    endloop
  endfacet
  facet normal 0 0 0
    outer loop
      vertex 71.711 64.931 0
      vertex 71.433 65.431 0.427
      vertex 72.059 64.931 0.383
    endloop
  endfacet
  facet normal 0 0 0
    outer loop
      vertex 53.773 61.011 0.5
      vertex 53.335 60.657 0.5
      vertex 52.96 60.978 0
    endloop
  endfacet
  facet normal 0 0 0
    outer loop
      vertex 72.342 64.181 0.817
      vertex 72.097 64.181 0.427
      vertex 72.059 64.931 0.383
    endloop
  endfacet
  facet normal 0 0 0
    outer loop
      vertex 72.342 64.931 0.817
      vertex 72.342 64.181 0.817
      vertex 72.059 64.931 0.383
    endloop
  endfacet
  facet normal 0 0 0
    outer loop
      vertex 53.335 60.657 0.5
      vertex 53.773 61.011 0.5
      vertex 53.335 60.657 2
    endloop
  endfacet
  facet normal 0 0 0
    outer loop
      vertex 72.059 64.931 0.383
      vertex 71.711 64.181 0
      vertex 71.711 64.931 0
    endloop
  endfacet
  facet normal 0 0 0
    outer loop
      vertex 52.981 60.219 0.5
      vertex 53.335 60.657 0.5
      vertex 53.335 60.657 2
    endloop
  endfacet
  facet normal 0 0 0
    outer loop
      vertex 71.711 64.931 0
      vertex 70.825 65.431 0
      vertex 71.433 65.431 0.427
    endloop
  endfacet
  facet normal 0 0 0
    outer loop
      vertex 54.628 61.887 0
      vertex 54.82 61.413 0.5
      vertex 54.276 61.267 0.5
    endloop
  endfacet
  facet normal 0 0 0
    outer loop
      vertex 54.276 61.267 0.5
      vertex 54.82 61.413 2
      vertex 54.276 61.267 2
    endloop
  endfacet
  facet normal 0 0 0
    outer loop
      vertex 72.097 64.181 0.427
      vertex 71.471 64.181 0.478
      vertex 71.711 64.181 0
    endloop
  endfacet
  facet normal 0 0 0
    outer loop
      vertex 71.471 64.181 0.478
      vertex 72.097 64.181 0.427
      vertex 72.342 64.181 0.817
    endloop
  endfacet
  facet normal 0 0 0
    outer loop
      vertex 72.342 64.181 0.817
      vertex 72.11 64.181 2.042
      vertex 71.471 64.181 0.478
    endloop
  endfacet
  facet normal 0 0 0
    outer loop
      vertex 53.764 61.567 0
      vertex 54.628 61.887 0
      vertex 54.276 61.267 0.5
    endloop
  endfacet
  facet normal 0 0 0
    outer loop
      vertex 72.342 64.181 0.817
      vertex 72.342 64.931 0.817
      vertex 72.522 64.181 1.241
    endloop
  endfacet
  facet normal 0 0 0
    outer loop
      vertex 71.711 64.181 0
      vertex 72.059 64.931 0.383
      vertex 72.097 64.181 0.427
    endloop
  endfacet
  facet normal 0 0 0
    outer loop
      vertex 53.764 61.567 0
      vertex 54.276 61.267 0.5
      vertex 53.773 61.011 0.5
    endloop
  endfacet
  facet normal 0 0 0
    outer loop
      vertex 71.471 53.681 0.478
      vertex 70.891 64.181 0
      vertex 71.471 64.181 0.478
    endloop
  endfacet
  facet normal 0 0 0
    outer loop
      vertex 54.276 61.267 0.5
      vertex 54.276 61.267 2
      vertex 53.773 61.011 0.5
    endloop
  endfacet
  facet normal 0 0 0
    outer loop
      vertex 54.82 61.413 2
      vertex 54.276 61.267 0.5
      vertex 54.82 61.413 0.5
    endloop
  endfacet
  facet normal 0 0 0
    outer loop
      vertex 71.958 60.681 1.284
      vertex 71.471 64.181 0.478
      vertex 72.11 64.181 2.042
    endloop
  endfacet
  facet normal 0 0 0
    outer loop
      vertex 52.96 60.978 0
      vertex 53.764 61.567 0
      vertex 53.773 61.011 0.5
    endloop
  endfacet
  facet normal 0 0 0
    outer loop
      vertex 72.074 60.681 1.71
      vertex 71.958 60.681 1.284
      vertex 72.11 64.181 2.042
    endloop
  endfacet
  facet normal 0 0 0
    outer loop
      vertex 53.335 60.657 2
      vertex 51.758 61.904 2
      vertex 52.981 60.219 2
    endloop
  endfacet
  facet normal 0 0 0
    outer loop
      vertex 67.303 64.181 1.205
      vertex 67.5 64.181 0.822
      vertex 67.224 60.681 1.443
    endloop
  endfacet
  facet normal 0 0 0
    outer loop
      vertex 53.773 61.011 2
      vertex 53.335 60.657 2
      vertex 53.773 61.011 0.5
    endloop
  endfacet
  facet normal 0 0 0
    outer loop
      vertex 53.335 60.657 2
      vertex 52.981 60.219 2
      vertex 52.981 60.219 0.5
    endloop
  endfacet
  facet normal 0 0 0
    outer loop
      vertex 54.276 61.267 2
      vertex 53.773 61.011 2
      vertex 53.773 61.011 0.5
    endloop
  endfacet
  facet normal 0 0 0
    outer loop
      vertex 53.335 60.657 2
      vertex 52.602 62.638 2
      vertex 51.758 61.904 2
    endloop
  endfacet
  facet normal 0 0 0
    outer loop
      vertex 67.138 64.181 1.828
      vertex 67.303 64.181 1.205
      vertex 67.224 60.681 1.443
    endloop
  endfacet
  facet normal 0 0 0
    outer loop
      vertex 53.34 63.037 2
      vertex 53.773 61.011 2
      vertex 54.276 61.267 2
    endloop
  endfacet
  facet normal 0 0 0
    outer loop
      vertex 53.773 61.011 2
      vertex 53.34 63.037 2
      vertex 52.602 62.638 2
    endloop
  endfacet
  facet normal 0 0 0
    outer loop
      vertex 52.602 62.638 2
      vertex 53.335 60.657 2
      vertex 53.773 61.011 2
    endloop
  endfacet
  facet normal 0 0 0
    outer loop
      vertex 57.234 61.23 0
      vertex 57.149 60.657 0.5
      vertex 56.711 61.011 0.5
    endloop
  endfacet
  facet normal 0 0 0
    outer loop
      vertex 68.032 60.681 0.215
      vertex 67.759 64.181 0.478
      vertex 68.339 64.181 0
    endloop
  endfacet
  facet normal 0 0 0
    outer loop
      vertex 57.234 61.23 0
      vertex 56.711 61.011 0.5
      vertex 56.208 61.267 0.5
    endloop
  endfacet
  facet normal 0 0 0
    outer loop
      vertex 56.711 61.011 2
      vertex 57.149 60.657 0.5
      vertex 57.149 60.657 2
    endloop
  endfacet
  facet normal 0 0 0
    outer loop
      vertex 57.149 60.657 0.5
      vertex 56.711 61.011 2
      vertex 56.711 61.011 0.5
    endloop
  endfacet
  facet normal 0 0 0
    outer loop
      vertex 56.208 61.267 0.5
      vertex 56.711 61.011 0.5
      vertex 56.711 61.011 2
    endloop
  endfacet
  facet normal 0 0 0
    outer loop
      vertex 57.234 61.23 0
      vertex 56.208 61.267 0.5
      vertex 55.664 61.413 0.5
    endloop
  endfacet
  facet normal 0 0 0
    outer loop
      vertex 56.208 61.267 0.5
      vertex 56.711 61.011 2
      vertex 56.208 61.267 2
    endloop
  endfacet
  facet normal 0 0 0
    outer loop
      vertex 67.791 60.681 3.856
      vertex 67.622 64.181 3.656
      vertex 67.393 64.181 3.291
    endloop
  endfacet
  facet normal 0 0 0
    outer loop
      vertex 56.208 61.267 0.5
      vertex 56.208 61.267 2
      vertex 55.664 61.413 2
    endloop
  endfacet
  facet normal 0 0 0
    outer loop
      vertex 55.664 61.413 0.5
      vertex 56.208 61.267 0.5
      vertex 55.664 61.413 2
    endloop
  endfacet
  facet normal 0 0 0
    outer loop
      vertex 67.791 60.681 3.856
      vertex 67.393 64.181 3.291
      vertex 67.313 60.681 3.119
    endloop
  endfacet
  facet normal 0 0 0
    outer loop
      vertex 57.149 60.657 2
      vertex 58.249 62.349 2
      vertex 56.711 61.011 2
    endloop
  endfacet
  facet normal 0 0 0
    outer loop
      vertex 67.791 60.681 3.856
      vertex 68.339 64.181 4.3
      vertex 67.622 64.181 3.656
    endloop
  endfacet
  facet normal 0 0 0
    outer loop
      vertex 67.622 53.681 3.656
      vertex 67.791 60.681 3.856
      vertex 67.313 60.681 3.119
    endloop
  endfacet
  facet normal 0 0 0
    outer loop
      vertex 54.82 61.413 2
      vertex 54.82 61.413 0.5
      vertex 55.664 61.413 0.5
    endloop
  endfacet
  facet normal 0 0 0
    outer loop
      vertex 54.82 61.413 2
      vertex 55.664 61.413 0.5
      vertex 55.664 61.413 2
    endloop
  endfacet
  facet normal 0 0 0
    outer loop
      vertex 57.234 61.23 0
      vertex 55.664 61.413 0.5
      vertex 55.473 61.931 0
    endloop
  endfacet
  facet normal 0 0 0
    outer loop
      vertex 54.82 61.413 0.5
      vertex 55.473 61.931 0
      vertex 55.664 61.413 0.5
    endloop
  endfacet
  facet normal 0 0 0
    outer loop
      vertex 56.208 61.267 2
      vertex 56.352 63.313 2
      vertex 55.664 61.413 2
    endloop
  endfacet
  facet normal 0 0 0
    outer loop
      vertex 55.242 63.446 2
      vertex 54.82 61.413 2
      vertex 55.664 61.413 2
    endloop
  endfacet
  facet normal 0 0 0
    outer loop
      vertex 68.865 65.431 4.3
      vertex 68.865 58.431 0
      vertex 68.865 65.431 0
    endloop
  endfacet
  facet normal 0 0 0
    outer loop
      vertex 68.865 58.431 0
      vertex 68.865 65.431 4.3
      vertex 68.865 58.431 4.3
    endloop
  endfacet
  facet normal 0 0 0
    outer loop
      vertex 70.365 58.431 4.3
      vertex 68.865 58.431 0
      vertex 68.865 58.431 4.3
    endloop
  endfacet
  facet normal 0 0 0
    outer loop
      vertex 57.862 65.426 3.04
      vertex 59.285 64.875 2.895
      vertex 59.103 65.438 2.438
    endloop
  endfacet
  facet normal 0 0 0
    outer loop
      vertex 52.063 34.934 3.701
      vertex 53.083 35.575 3.75
      vertex 52.303 36.087 3.75
    endloop
  endfacet
  facet normal 0 0 0
    outer loop
      vertex 58.034 65.863 2.561
      vertex 57.574 65.926 2.676
      vertex 57.862 65.426 3.04
    endloop
  endfacet
  facet normal 0 0 0
    outer loop
      vertex 57.442 65.52 3.093
      vertex 56.907 65.154 3.416
      vertex 57.862 65.426 3.04
    endloop
  endfacet
  facet normal 0 0 0
    outer loop
      vertex 52.158 36.204 2
      vertex 53.335 37.843 2
      vertex 51.76 36.598 2
    endloop
  endfacet
  facet normal 0 0 0
    outer loop
      vertex 57.659 64.91 3.416
      vertex 57.862 65.426 3.04
      vertex 56.907 65.154 3.416
    endloop
  endfacet
  facet normal 0 0 0
    outer loop
      vertex 57.574 65.926 2.676
      vertex 57.442 65.52 3.093
      vertex 57.862 65.426 3.04
    endloop
  endfacet
  facet normal 0 0 0
    outer loop
      vertex 57.862 65.426 3.04
      vertex 57.659 64.91 3.416
      vertex 59.2 64.372 3.267
    endloop
  endfacet
  facet normal 0 0 0
    outer loop
      vertex 51.062 34.666 3.433
      vertex 50.234 35.632 3.485
      vertex 50.495 34.149 2.895
    endloop
  endfacet
  facet normal 0 0 0
    outer loop
      vertex 56.959 64.635 3.614
      vertex 57.822 63.909 3.701
      vertex 57.709 64.517 3.566
    endloop
  endfacet
  facet normal 0 0 0
    outer loop
      vertex 50.495 34.149 2.895
      vertex 51.043 34.148 3.186
      vertex 51.062 34.666 3.433
    endloop
  endfacet
  facet normal 0 0 0
    outer loop
      vertex 57.709 64.517 3.566
      vertex 57.659 64.91 3.416
      vertex 56.959 64.635 3.614
    endloop
  endfacet
  facet normal 0 0 0
    outer loop
      vertex 56.959 64.635 3.614
      vertex 57.659 64.91 3.416
      vertex 56.907 65.154 3.416
    endloop
  endfacet
  facet normal 0 0 0
    outer loop
      vertex 59.2 64.372 3.267
      vertex 59.285 64.875 2.895
      vertex 57.862 65.426 3.04
    endloop
  endfacet
  facet normal 0 0 0
    outer loop
      vertex 48.194 43.68 1.776
      vertex 48.024 43.226 1.914
      vertex 48.652 43.424 2.676
    endloop
  endfacet
  facet normal 0 0 0
    outer loop
      vertex 48.992 44.291 2.438
      vertex 48.652 43.424 2.676
      vertex 49.302 44.066 2.895
    endloop
  endfacet
  facet normal 0 0 0
    outer loop
      vertex 50.247 33.857 2.438
      vertex 51.197 33.622 2.895
      vertex 50.495 34.149 2.895
    endloop
  endfacet
  facet normal 0 0 0
    outer loop
      vertex 50.495 34.149 2.895
      vertex 50.028 34.296 2.676
      vertex 50.247 33.857 2.438
    endloop
  endfacet
  facet normal 0 0 0
    outer loop
      vertex 50.495 34.149 2.895
      vertex 49.571 35.087 2.895
      vertex 50.028 34.296 2.676
    endloop
  endfacet
  facet normal 0 0 0
    outer loop
      vertex 57.709 64.517 3.566
      vertex 57.822 63.909 3.701
      vertex 58.183 64.215 3.594
    endloop
  endfacet
  facet normal 0 0 0
    outer loop
      vertex 50.028 34.296 2.676
      vertex 49.795 34.053 2.183
      vertex 50.247 33.857 2.438
    endloop
  endfacet
  facet normal 0 0 0
    outer loop
      vertex 50.028 34.296 2.676
      vertex 49.465 34.389 2.183
      vertex 49.795 34.053 2.183
    endloop
  endfacet
  facet normal 0 0 0
    outer loop
      vertex 49.465 34.389 2.183
      vertex 50.028 34.296 2.676
      vertex 49.571 35.087 2.895
    endloop
  endfacet
  facet normal 0 0 0
    outer loop
      vertex 59.2 64.372 3.267
      vertex 57.659 64.91 3.416
      vertex 57.709 64.517 3.566
    endloop
  endfacet
  facet normal 0 0 0
    outer loop
      vertex 57.709 64.517 3.566
      vertex 58.183 64.215 3.594
      vertex 59.2 64.372 3.267
    endloop
  endfacet
  facet normal 0 0 0
    outer loop
      vertex 51.062 34.666 3.433
      vertex 51.747 34.455 3.539
      vertex 50.958 35.532 3.644
    endloop
  endfacet
  facet normal 0 0 0
    outer loop
      vertex 57.822 63.909 3.701
      vertex 58.563 63.468 3.701
      vertex 58.183 64.215 3.594
    endloop
  endfacet
  facet normal 0 0 0
    outer loop
      vertex 50.495 34.149 2.895
      vertex 51.197 33.622 2.895
      vertex 51.043 34.148 3.186
    endloop
  endfacet
  facet normal 0 0 0
    outer loop
      vertex 51.062 34.666 3.433
      vertex 51.043 34.148 3.186
      vertex 51.747 34.455 3.539
    endloop
  endfacet
  facet normal 0 0 0
    outer loop
      vertex 50.608 33.568 2.438
      vertex 51.197 33.622 2.895
      vertex 50.247 33.857 2.438
    endloop
  endfacet
  facet normal 0 0 0
    outer loop
      vertex 51.197 33.622 2.895
      vertex 50.608 33.568 2.438
      vertex 50.986 33.302 2.438
    endloop
  endfacet
  facet normal 0 0 0
    outer loop
      vertex 59.111 63.602 3.594
      vertex 59.59 63.727 3.416
      vertex 58.563 63.468 3.701
    endloop
  endfacet
  facet normal 0 0 0
    outer loop
      vertex 50.608 33.568 2.438
      vertex 50.732 32.917 1.344
      vertex 50.986 33.302 2.438
    endloop
  endfacet
  facet normal 0 0 0
    outer loop
      vertex 50.247 33.857 2.438
      vertex 50.732 32.917 1.344
      vertex 50.608 33.568 2.438
    endloop
  endfacet
  facet normal 0 0 0
    outer loop
      vertex 59.946 64.649 2.676
      vertex 59.689 65.067 2.438
      vertex 59.285 64.875 2.895
    endloop
  endfacet
  facet normal 0 0 0
    outer loop
      vertex 60.159 63.893 3.093
      vertex 60.617 64.045 2.676
      vertex 60.411 64.491 2.438
    endloop
  endfacet
  facet normal 0 0 0
    outer loop
      vertex 59.946 64.649 2.676
      vertex 60.159 63.893 3.093
      vertex 60.411 64.491 2.438
    endloop
  endfacet
  facet normal 0 0 0
    outer loop
      vertex 59.946 64.649 2.676
      vertex 59.68 64.315 3.093
      vertex 60.159 63.893 3.093
    endloop
  endfacet
  facet normal 0 0 0
    outer loop
      vertex 59.68 64.315 3.093
      vertex 59.59 63.727 3.416
      vertex 60.159 63.893 3.093
    endloop
  endfacet
  facet normal 0 0 0
    outer loop
      vertex 60.873 63.104 3.093
      vertex 60.617 64.045 2.676
      vertex 60.159 63.893 3.093
    endloop
  endfacet
  facet normal 0 0 0
    outer loop
      vertex 60.159 63.893 3.093
      vertex 60.225 63.104 3.416
      vertex 60.873 63.104 3.093
    endloop
  endfacet
  facet normal 0 0 0
    outer loop
      vertex 49.587 33.746 0.825
      vertex 49.666 33.918 1.776
      vertex 49.257 34.197 1.415
    endloop
  endfacet
  facet normal 0 0 0
    outer loop
      vertex 50.732 32.917 1.344
      vertex 51.033 32.938 1.914
      vertex 50.986 33.302 2.438
    endloop
  endfacet
  facet normal 0 0 0
    outer loop
      vertex 59.111 63.602 3.594
      vertex 59.298 63.255 3.634
      vertex 59.59 63.727 3.416
    endloop
  endfacet
  facet normal 0 0 0
    outer loop
      vertex 49.795 34.053 2.183
      vertex 49.666 33.918 1.776
      vertex 50.732 32.917 1.344
    endloop
  endfacet
  facet normal 0 0 0
    outer loop
      vertex 49.633 33.705 0.5
      vertex 49.948 33.505 1.344
      vertex 49.666 33.918 1.776
    endloop
  endfacet
  facet normal 0 0 0
    outer loop
      vertex 39.966 43.608 0.495
      vertex 40.021 43.832 0.489
      vertex 40.117 43.802 0.299
    endloop
  endfacet
  facet normal 0 0 0
    outer loop
      vertex 50.732 32.917 1.344
      vertex 50.247 33.857 2.438
      vertex 49.795 34.053 2.183
    endloop
  endfacet
  facet normal 0 0 0
    outer loop
      vertex 40.021 43.832 0.489
      vertex 40.021 44.095 0.929
      vertex 40.298 43.948 0.37
    endloop
  endfacet
  facet normal 0 0 0
    outer loop
      vertex 40.117 43.802 0.299
      vertex 40.021 43.832 0.489
      vertex 40.298 43.948 0.37
    endloop
  endfacet
  facet normal 0 0 0
    outer loop
      vertex 50.732 32.917 1.344
      vertex 49.948 33.505 1.344
      vertex 50.395 33.079 0.5
    endloop
  endfacet
  facet normal 0 0 0
    outer loop
      vertex 50.732 32.917 1.344
      vertex 49.666 33.918 1.776
      vertex 49.948 33.505 1.344
    endloop
  endfacet
  facet normal 0 0 0
    outer loop
      vertex 40.298 43.948 0.37
      vertex 40.29 43.779 0.189
      vertex 40.117 43.802 0.299
    endloop
  endfacet
  facet normal 0 0 0
    outer loop
      vertex 49.257 34.197 1.415
      vertex 49.465 34.389 2.183
      vertex 49.009 34.625 1.776
    endloop
  endfacet
  facet normal 0 0 0
    outer loop
      vertex 40.29 43.779 0.189
      vertex 40.276 43.557 0.001
      vertex 40.117 43.802 0.299
    endloop
  endfacet
  facet normal 0 0 0
    outer loop
      vertex 49.795 34.053 2.183
      vertex 49.465 34.389 2.183
      vertex 49.257 34.197 1.415
    endloop
  endfacet
  facet normal 0 0 0
    outer loop
      vertex 49.666 33.918 1.776
      vertex 49.795 34.053 2.183
      vertex 49.257 34.197 1.415
    endloop
  endfacet
  facet normal 0 0 0
    outer loop
      vertex 49.587 33.746 0.825
      vertex 49.257 34.197 1.415
      vertex 49.111 34.23 0.5
    endloop
  endfacet
  facet normal 0 0 0
    outer loop
      vertex 49.587 33.746 0.825
      vertex 49.111 34.23 0.5
      vertex 49.633 33.705 0.5
    endloop
  endfacet
  facet normal 0 0 0
    outer loop
      vertex 49.948 33.505 1.344
      vertex 49.633 33.705 0.5
      vertex 50.395 33.079 0.5
    endloop
  endfacet
  facet normal 0 0 0
    outer loop
      vertex 49.275 44.657 2.438
      vertex 48.992 44.291 2.438
      vertex 49.302 44.066 2.895
    endloop
  endfacet
  facet normal 0 0 0
    outer loop
      vertex 40.298 43.948 0.37
      vertex 41.134 43.92 0.337
      vertex 40.29 43.779 0.189
    endloop
  endfacet
  facet normal 0 0 0
    outer loop
      vertex 41.134 43.92 0.337
      vertex 40.298 43.948 0.37
      vertex 40.307 44.178 0.72
    endloop
  endfacet
  facet normal 0 0 0
    outer loop
      vertex 48.992 44.291 2.438
      vertex 49.275 44.657 2.438
      vertex 49.037 44.852 1.842
    endloop
  endfacet
  facet normal 0 0 0
    outer loop
      vertex 41.152 43.659 0.08
      vertex 41.116 43.696 0.109
      vertex 40.734 43.742 0.152
    endloop
  endfacet
  facet normal 0 0 0
    outer loop
      vertex 41.152 43.659 0.08
      vertex 40.734 43.742 0.152
      vertex 41.253 43.641 0.102
    endloop
  endfacet
  facet normal 0 0 0
    outer loop
      vertex 48.194 43.68 1.776
      vertex 48.652 43.424 2.676
      vertex 48.491 44.063 1.914
    endloop
  endfacet
  facet normal 0 0 0
    outer loop
      vertex 48.652 43.424 2.676
      vertex 48.992 44.291 2.438
      vertex 48.491 44.063 1.914
    endloop
  endfacet
  facet normal 0 0 0
    outer loop
      vertex 40.734 43.742 0.152
      vertex 40.276 43.557 0.001
      vertex 40.29 43.779 0.189
    endloop
  endfacet
  facet normal 0 0 0
    outer loop
      vertex 48.024 43.226 1.914
      vertex 48.194 43.68 1.776
      vertex 48.092 43.737 1.344
    endloop
  endfacet
  facet normal 0 0 0
    outer loop
      vertex 40.084 43.404 0.001
      vertex 41.131 43.561 0.001
      vertex 39.981 43.066 0.001
    endloop
  endfacet
  facet normal 0 0 0
    outer loop
      vertex 39.981 43.066 0.001
      vertex 35.966 42.519 0.001
      vertex 31.966 43.066 0.001
    endloop
  endfacet
  facet normal 0 0 0
    outer loop
      vertex 40.276 43.557 0.001
      vertex 40.084 43.404 0.001
      vertex 40.117 43.802 0.299
    endloop
  endfacet
  facet normal 0 0 0
    outer loop
      vertex 39.981 43.066 0.001
      vertex 40.117 43.802 0.299
      vertex 40.084 43.404 0.001
    endloop
  endfacet
  facet normal 0 0 0
    outer loop
      vertex 48.343 44.157 1.344
      vertex 48.491 44.063 1.914
      vertex 49.037 44.852 1.842
    endloop
  endfacet
  facet normal 0 0 0
    outer loop
      vertex 48.491 44.063 1.914
      vertex 48.343 44.157 1.344
      vertex 48.092 43.737 1.344
    endloop
  endfacet
  facet normal 0 0 0
    outer loop
      vertex 31.966 43.066 0.001
      vertex 35.299 43.41 0.273
      vertex 39.981 43.066 0.001
    endloop
  endfacet
  facet normal 0 0 0
    outer loop
      vertex 35.299 43.41 0.273
      vertex 39.968 43.489 0.355
      vertex 39.981 43.066 0.001
    endloop
  endfacet
  facet normal 0 0 0
    outer loop
      vertex 48.194 43.68 1.776
      vertex 48.491 44.063 1.914
      vertex 48.092 43.737 1.344
    endloop
  endfacet
  facet normal 0 0 0
    outer loop
      vertex 49.037 44.852 1.842
      vertex 48.491 44.063 1.914
      vertex 48.992 44.291 2.438
    endloop
  endfacet
  facet normal 0 0 0
    outer loop
      vertex 39.981 43.066 0.001
      vertex 39.968 43.489 0.355
      vertex 40.117 43.802 0.299
    endloop
  endfacet
  facet normal 0 0 0
    outer loop
      vertex 40.117 43.802 0.299
      vertex 39.968 43.489 0.355
      vertex 39.966 43.608 0.495
    endloop
  endfacet
  facet normal 0 0 0
    outer loop
      vertex 48.895 44.968 1.197
      vertex 48.641 44.699 0.5
      vertex 48.343 44.157 1.344
    endloop
  endfacet
  facet normal 0 0 0
    outer loop
      vertex 35.966 42.519 0.001
      vertex 39.981 43.066 0.001
      vertex 41.466 42.519 0.001
    endloop
  endfacet
  facet normal 0 0 0
    outer loop
      vertex 48.641 44.699 0.5
      vertex 48.092 43.737 1.344
      vertex 48.343 44.157 1.344
    endloop
  endfacet
  facet normal 0 0 0
    outer loop
      vertex 48.092 43.737 1.344
      vertex 48.641 44.699 0.5
      vertex 48.097 43.875 0.5
    endloop
  endfacet
  facet normal 0 0 0
    outer loop
      vertex 35.966 41.517 3.4
      vertex 39.981 40.958 3.4
      vertex 41.466 41.517 3.4
    endloop
  endfacet
  facet normal 0 0 0
    outer loop
      vertex 49.037 44.852 1.842
      vertex 48.895 44.968 1.197
      vertex 48.343 44.157 1.344
    endloop
  endfacet
  facet normal 0 0 0
    outer loop
      vertex 35.299 40.077 1.204
      vertex 38.133 40.017 1.659
      vertex 36.716 40.056 2.116
    endloop
  endfacet
  facet normal 0 0 0
    outer loop
      vertex 48.097 43.875 0.5
      vertex 48.641 44.699 0.5
      vertex 48.919 44.226 0
    endloop
  endfacet
  facet normal 0 0 0
    outer loop
      vertex 48.895 44.968 1.197
      vertex 49.219 45.339 1.122
      vertex 49.631 45.798 0.5
    endloop
  endfacet
  facet normal 0 0 0
    outer loop
      vertex 38.133 40.301 0.665
      vertex 38.133 40.187 0.888
      vertex 35.299 40.077 1.204
    endloop
  endfacet
  facet normal 0 0 0
    outer loop
      vertex 35.299 40.077 1.204
      vertex 38.133 40.446 0.459
      vertex 38.133 40.301 0.665
    endloop
  endfacet
  facet normal 0 0 0
    outer loop
      vertex 48.641 44.699 0.5
      vertex 48.895 44.968 1.197
      vertex 49.631 45.798 0.5
    endloop
  endfacet
  facet normal 0 0 0
    outer loop
      vertex 35.299 40.555 0.333
      vertex 38.133 40.446 0.459
      vertex 35.299 40.077 1.204
    endloop
  endfacet
  facet normal 0 0 0
    outer loop
      vertex 49.219 45.339 1.122
      vertex 48.895 44.968 1.197
      vertex 49.037 44.852 1.842
    endloop
  endfacet
  facet normal 0 0 0
    outer loop
      vertex 48.012 42.463 2.438
      vertex 48.506 42.051 3.093
      vertex 48.88 42.357 3.267
    endloop
  endfacet
  facet normal 0 0 0
    outer loop
      vertex 48.012 42.463 2.438
      vertex 47.969 41.757 2.676
      vertex 48.506 42.051 3.093
    endloop
  endfacet
  facet normal 0 0 0
    outer loop
      vertex 35.299 40.077 1.204
      vertex 38.133 40.187 0.888
      vertex 39.966 40.039 1.384
    endloop
  endfacet
  facet normal 0 0 0
    outer loop
      vertex 48.232 41.131 3.069
      vertex 47.781 40.875 2.676
      vertex 48.394 40.366 3.267
    endloop
  endfacet
  facet normal 0 0 0
    outer loop
      vertex 48.506 42.051 3.093
      vertex 47.969 41.757 2.676
      vertex 48.232 41.131 3.069
    endloop
  endfacet
  facet normal 0 0 0
    outer loop
      vertex 47.969 41.757 2.676
      vertex 47.781 40.875 2.676
      vertex 48.232 41.131 3.069
    endloop
  endfacet
  facet normal 0 0 0
    outer loop
      vertex 35.299 40.187 2.513
      vertex 39.967 40.451 2.945
      vertex 36.008 40.489 2.988
    endloop
  endfacet
  facet normal 0 0 0
    outer loop
      vertex 39.967 40.451 2.945
      vertex 39.981 40.958 3.4
      vertex 36.008 40.489 2.988
    endloop
  endfacet
  facet normal 0 0 0
    outer loop
      vertex 31.966 40.958 3.4
      vertex 36.008 40.489 2.988
      vertex 39.981 40.958 3.4
    endloop
  endfacet
  facet normal 0 0 0
    outer loop
      vertex 48.88 42.357 3.267
      vertex 48.829 42.838 3.093
      vertex 48.012 42.463 2.438
    endloop
  endfacet
  facet normal 0 0 0
    outer loop
      vertex 48.829 42.838 3.093
      vertex 48.652 43.424 2.676
      vertex 48.012 42.463 2.438
    endloop
  endfacet
  facet normal 0 0 0
    outer loop
      vertex 48.652 43.424 2.676
      vertex 48.024 43.226 1.914
      vertex 48.012 42.463 2.438
    endloop
  endfacet
  facet normal 0 0 0
    outer loop
      vertex 39.981 40.958 3.4
      vertex 35.966 41.517 3.4
      vertex 31.966 40.958 3.4
    endloop
  endfacet
  facet normal 0 0 0
    outer loop
      vertex 48.567 40.756 3.348
      vertex 49.059 41.163 3.539
      vertex 48.506 42.051 3.093
    endloop
  endfacet
  facet normal 0 0 0
    outer loop
      vertex 41.16 40.47 3.4
      vertex 40.286 40.467 3.4
      vertex 40.298 40.22 3.19
    endloop
  endfacet
  facet normal 0 0 0
    outer loop
      vertex 40.117 40.062 2.909
      vertex 40.298 40.22 3.19
      vertex 40.286 40.467 3.4
    endloop
  endfacet
  facet normal 0 0 0
    outer loop
      vertex 40.286 40.467 3.4
      vertex 40.077 40.631 3.4
      vertex 40.117 40.062 2.909
    endloop
  endfacet
  facet normal 0 0 0
    outer loop
      vertex 40.298 47.102 1.722
      vertex 41.253 47.13 1.743
      vertex 41.253 47.14 1.912
    endloop
  endfacet
  facet normal 0 0 0
    outer loop
      vertex 41.134 47.114 1.936
      vertex 40.298 47.102 1.722
      vertex 41.253 47.14 1.912
    endloop
  endfacet
  facet normal 0 0 0
    outer loop
      vertex 31.966 62.654 2.451
      vertex 35.299 62.678 2.513
      vertex 31.966 63.449 3.4
    endloop
  endfacet
  facet normal 0 0 0
    outer loop
      vertex 41.451 48.457 3.4
      vertex 41.466 49.016 0
      vertex 41.466 49.014 3.4
    endloop
  endfacet
  facet normal 0 0 0
    outer loop
      vertex 41.444 48.398 0
      vertex 41.466 49.016 0
      vertex 41.451 48.457 3.4
    endloop
  endfacet
  facet normal 0 0 0
    outer loop
      vertex 35.299 63.046 0.333
      vertex 31.966 62.913 0.49
      vertex 31.966 63.45 0
    endloop
  endfacet
  facet normal 0 0 0
    outer loop
      vertex 31.966 63.449 3.4
      vertex 36.008 62.98 2.988
      vertex 39.981 63.449 3.4
    endloop
  endfacet
  facet normal 0 0 0
    outer loop
      vertex 39.981 63.449 3.4
      vertex 35.966 64.008 3.4
      vertex 31.966 63.449 3.4
    endloop
  endfacet
  facet normal 0 0 0
    outer loop
      vertex 41.368 47.358 0.945
      vertex 41.134 47.249 0.924
      vertex 41.177 47.413 0.61
    endloop
  endfacet
  facet normal 0 0 0
    outer loop
      vertex 41.177 47.413 0.61
      vertex 41.33 47.434 0.707
      vertex 41.368 47.358 0.945
    endloop
  endfacet
  facet normal 0 0 0
    outer loop
      vertex 38.133 66.011 3.001
      vertex 36.716 66.33 2.514
      vertex 35.299 65.961 3.069
    endloop
  endfacet
  facet normal 0 0 0
    outer loop
      vertex 41.33 47.434 0.707
      vertex 41.177 47.413 0.61
      vertex 41.422 47.618 0.63
    endloop
  endfacet
  facet normal 0 0 0
    outer loop
      vertex 41.466 47.727 0.755
      vertex 41.463 47.6 0.913
      vertex 41.422 47.618 0.63
    endloop
  endfacet
  facet normal 0 0 0
    outer loop
      vertex 31.966 65.556 3.401
      vertex 39.981 65.556 3.401
      vertex 35.299 65.961 3.069
    endloop
  endfacet
  facet normal 0 0 0
    outer loop
      vertex 41.463 47.6 0.913
      vertex 41.33 47.434 0.707
      vertex 41.422 47.618 0.63
    endloop
  endfacet
  facet normal 0 0 0
    outer loop
      vertex 41.463 47.852 0.533
      vertex 41.466 47.727 0.755
      vertex 41.422 47.618 0.63
    endloop
  endfacet
  facet normal 0 0 0
    outer loop
      vertex 31.966 66.263 0.768
      vertex 38.133 65.961 0.331
      vertex 35.299 65.901 0.273
    endloop
  endfacet
  facet normal 0 0 0
    outer loop
      vertex 40.298 47.471 0.507
      vertex 40.316 47.826 0.107
      vertex 41.177 47.413 0.61
    endloop
  endfacet
  facet normal 0 0 0
    outer loop
      vertex 40.298 47.471 0.507
      vertex 41.177 47.413 0.61
      vertex 41.134 47.249 0.924
    endloop
  endfacet
  facet normal 0 0 0
    outer loop
      vertex 41.466 47.727 0.755
      vertex 41.451 48.457 3.4
      vertex 41.463 47.6 0.913
    endloop
  endfacet
  facet normal 0 0 0
    outer loop
      vertex 41.451 48.457 3.4
      vertex 41.447 47.463 2.323
      vertex 41.463 47.6 0.913
    endloop
  endfacet
  facet normal 0 0 0
    outer loop
      vertex 41.447 47.463 2.323
      vertex 41.446 47.344 1.853
      vertex 41.463 47.6 0.913
    endloop
  endfacet
  facet normal 0 0 0
    outer loop
      vertex 41.451 48.457 3.4
      vertex 41.466 47.727 0.755
      vertex 41.463 47.852 0.533
    endloop
  endfacet
  facet normal 0 0 0
    outer loop
      vertex 39.97 65.882 3.137
      vertex 35.299 65.961 3.069
      vertex 39.981 65.556 3.401
    endloop
  endfacet
  facet normal 0 0 0
    outer loop
      vertex 41.134 47.249 0.924
      vertex 41.368 47.358 0.945
      vertex 41.43 47.321 1.468
    endloop
  endfacet
  facet normal 0 0 0
    outer loop
      vertex 41.43 47.321 1.468
      vertex 41.253 47.13 1.743
      vertex 41.134 47.249 0.924
    endloop
  endfacet
  facet normal 0 0 0
    outer loop
      vertex 41.463 47.6 0.913
      vertex 41.446 47.344 1.853
      vertex 41.43 47.321 1.468
    endloop
  endfacet
  facet normal 0 0 0
    outer loop
      vertex 41.368 47.358 0.945
      vertex 41.463 47.6 0.913
      vertex 41.43 47.321 1.468
    endloop
  endfacet
  facet normal 0 0 0
    outer loop
      vertex 40.298 66.652 2.71
      vertex 40.298 66.878 2.064
      vertex 40.179 66.757 2.407
    endloop
  endfacet
  facet normal 0 0 0
    outer loop
      vertex 41.253 47.13 1.743
      vertex 41.134 47.103 1.593
      vertex 41.134 47.249 0.924
    endloop
  endfacet
  facet normal 0 0 0
    outer loop
      vertex 40.298 47.114 1.464
      vertex 40.298 47.18 1.127
      vertex 41.134 47.249 0.924
    endloop
  endfacet
  facet normal 0 0 0
    outer loop
      vertex 40.298 47.18 1.127
      vertex 40.298 47.471 0.507
      vertex 41.134 47.249 0.924
    endloop
  endfacet
  facet normal 0 0 0
    outer loop
      vertex 41.134 47.249 0.924
      vertex 41.134 47.103 1.593
      vertex 40.298 47.114 1.464
    endloop
  endfacet
  facet normal 0 0 0
    outer loop
      vertex 41.33 47.434 0.707
      vertex 41.463 47.6 0.913
      vertex 41.368 47.358 0.945
    endloop
  endfacet
  facet normal 0 0 0
    outer loop
      vertex 41.268 47.645 0.345
      vertex 41.134 47.601 0.336
      vertex 41.131 47.962 0
    endloop
  endfacet
  facet normal 0 0 0
    outer loop
      vertex 41.177 47.413 0.61
      vertex 41.268 47.645 0.345
      vertex 41.412 47.74 0.428
    endloop
  endfacet
  facet normal 0 0 0
    outer loop
      vertex 41.268 47.645 0.345
      vertex 41.341 48.11 0
      vertex 41.412 47.74 0.428
    endloop
  endfacet
  facet normal 0 0 0
    outer loop
      vertex 41.177 47.413 0.61
      vertex 41.412 47.74 0.428
      vertex 41.422 47.618 0.63
    endloop
  endfacet
  facet normal 0 0 0
    outer loop
      vertex 41.422 47.618 0.63
      vertex 41.412 47.74 0.428
      vertex 41.463 47.852 0.533
    endloop
  endfacet
  facet normal 0 0 0
    outer loop
      vertex 41.268 47.645 0.345
      vertex 41.177 47.413 0.61
      vertex 41.134 47.601 0.336
    endloop
  endfacet
  facet normal 0 0 0
    outer loop
      vertex 41.131 47.962 0
      vertex 41.341 48.11 0
      vertex 41.268 47.645 0.345
    endloop
  endfacet
  facet normal 0 0 0
    outer loop
      vertex 41.444 48.398 0
      vertex 41.463 47.852 0.533
      vertex 41.341 48.11 0
    endloop
  endfacet
  facet normal 0 0 0
    outer loop
      vertex 41.463 47.852 0.533
      vertex 41.444 48.398 0
      vertex 41.451 48.457 3.4
    endloop
  endfacet
  facet normal 0 0 0
    outer loop
      vertex 41.341 48.11 0
      vertex 41.463 47.852 0.533
      vertex 41.412 47.74 0.428
    endloop
  endfacet
  facet normal 0 0 0
    outer loop
      vertex 40.179 66.757 2.407
      vertex 40.298 66.878 2.064
      vertex 40.106 66.81 1.99
    endloop
  endfacet
  facet normal 0 0 0
    outer loop
      vertex 41.177 47.413 0.61
      vertex 40.316 47.826 0.107
      vertex 41.134 47.601 0.336
    endloop
  endfacet
  facet normal 0 0 0
    outer loop
      vertex 41.134 47.601 0.336
      vertex 40.316 47.826 0.107
      vertex 41.131 47.962 0
    endloop
  endfacet
  facet normal 0 0 0
    outer loop
      vertex 40.307 66.24 3.243
      vertex 40.118 65.937 3.401
      vertex 40.296 66.049 3.401
    endloop
  endfacet
  facet normal 0 0 0
    outer loop
      vertex 40.298 66.652 2.71
      vertex 40.179 66.757 2.407
      vertex 39.99 66.48 2.551
    endloop
  endfacet
  facet normal 0 0 0
    outer loop
      vertex 40.298 66.652 2.71
      vertex 39.99 66.48 2.551
      vertex 40.054 66.404 2.874
    endloop
  endfacet
  facet normal 0 0 0
    outer loop
      vertex 31 54.509 0.944
      vertex 31.966 54.509 0.944
      vertex 31 54.509 2.456
    endloop
  endfacet
  facet normal 0 0 0
    outer loop
      vertex 12.187 66.801 0
      vertex 11.752 60.098 0
      vertex 11.752 67.501 0
    endloop
  endfacet
  facet normal 0 0 0
    outer loop
      vertex 10.746 60.098 0
      vertex 10.311 66.801 0
      vertex 10.746 67.501 0
    endloop
  endfacet
  facet normal 0 0 0
    outer loop
      vertex 40.054 66.404 2.874
      vertex 39.99 66.48 2.551
      vertex 39.966 66.346 2.473
    endloop
  endfacet
  facet normal 0 0 0
    outer loop
      vertex 12.187 66.801 0
      vertex 12.187 57.501 0
      vertex 11.752 60.098 0
    endloop
  endfacet
  facet normal 0 0 0
    outer loop
      vertex 10.311 57.501 0
      vertex 11.752 60.098 0
      vertex 12.187 57.501 0
    endloop
  endfacet
  facet normal 0 0 0
    outer loop
      vertex 11.752 60.098 0
      vertex 10.311 57.501 0
      vertex 10.746 60.098 0
    endloop
  endfacet
  facet normal 0 0 0
    outer loop
      vertex 10.311 57.501 0
      vertex 8.498 55 0
      vertex 8.498 57.501 0
    endloop
  endfacet
  facet normal 0 0 0
    outer loop
      vertex 40.054 66.404 2.874
      vertex 39.966 66.346 2.473
      vertex 39.966 66.186 2.776
    endloop
  endfacet
  facet normal 0 0 0
    outer loop
      vertex 14 55 0
      vertex 12.187 57.501 0
      vertex 14 57.501 0
    endloop
  endfacet
  facet normal 0 0 0
    outer loop
      vertex 8.498 55 0
      vertex 10.311 57.501 0
      vertex 12.187 57.501 0
    endloop
  endfacet
  facet normal 0 0 0
    outer loop
      vertex 8.498 55 0
      vertex 12.187 57.501 0
      vertex 14 55 0
    endloop
  endfacet
  facet normal 0 0 0
    outer loop
      vertex 19.313 65.814 0
      vertex 19.648 59.811 0
      vertex 19.313 42.514 0
    endloop
  endfacet
  facet normal 0 0 0
    outer loop
      vertex 32.385 29.39 2.875
      vertex 32.385 28.838 3.144
      vertex 32.385 29.154 2.451
    endloop
  endfacet
  facet normal 0 0 0
    outer loop
      vertex 32.385 28.838 3.144
      vertex 32.385 29.39 2.875
      vertex 32.385 29.172 3.344
    endloop
  endfacet
  facet normal 0 0 0
    outer loop
      vertex 20.754 59.811 0
      vertex 21.189 65.814 0
      vertex 21.189 42.514 0
    endloop
  endfacet
  facet normal 0 0 0
    outer loop
      vertex 32.385 29.39 2.875
      vertex 32.385 29.949 3.4
      vertex 32.385 29.172 3.344
    endloop
  endfacet
  facet normal 0 0 0
    outer loop
      vertex 19.648 59.811 0
      vertex 19.313 65.814 0
      vertex 19.648 66.514 0
    endloop
  endfacet
  facet normal 0 0 0
    outer loop
      vertex 32.385 29.172 3.344
      vertex 30 29.447 3.397
      vertex 30 29.226 3.359
    endloop
  endfacet
  facet normal 0 0 0
    outer loop
      vertex 21.189 65.814 0
      vertex 20.754 59.811 0
      vertex 20.754 66.514 0
    endloop
  endfacet
  facet normal 0 0 0
    outer loop
      vertex 32.385 32.056 3.401
      vertex 30 29.447 3.397
      vertex 32.385 29.949 3.4
    endloop
  endfacet
  facet normal 0 0 0
    outer loop
      vertex 30 29.447 3.397
      vertex 32.385 29.172 3.344
      vertex 32.385 29.949 3.4
    endloop
  endfacet
  facet normal 0 0 0
    outer loop
      vertex 19.313 42.514 0
      vertex 20.754 59.811 0
      vertex 21.189 42.514 0
    endloop
  endfacet
  facet normal 0 0 0
    outer loop
      vertex 20.754 59.811 0
      vertex 19.313 42.514 0
      vertex 19.648 59.811 0
    endloop
  endfacet
  facet normal 0 0 0
    outer loop
      vertex 67.5 64.181 0.822
      vertex 67.519 57.181 0.791
      vertex 67.224 60.681 1.443
    endloop
  endfacet
  facet normal 0 0 0
    outer loop
      vertex 68.032 60.681 0.215
      vertex 68.339 64.181 0
      vertex 68.339 53.681 0
    endloop
  endfacet
  facet normal 0 0 0
    outer loop
      vertex 68.074 53.681 0.184
      vertex 68.032 60.681 0.215
      vertex 68.339 53.681 0
    endloop
  endfacet
  facet normal 0 0 0
    outer loop
      vertex 32.385 29.391 0.006
      vertex 32.385 29.413 0.49
      vertex 32.385 29.063 0.118
    endloop
  endfacet
  facet normal 0 0 0
    outer loop
      vertex 32.385 29.222 0.801
      vertex 32.385 28.759 0.335
      vertex 32.385 29.413 0.49
    endloop
  endfacet
  facet normal 0 0 0
    outer loop
      vertex 32.385 28.506 0.944
      vertex 32.385 29.222 0.801
      vertex 32.385 29.057 1.257
    endloop
  endfacet
  facet normal 0 0 0
    outer loop
      vertex 32.385 29.413 0.49
      vertex 32.385 28.759 0.335
      vertex 32.385 29.063 0.118
    endloop
  endfacet
  facet normal 0 0 0
    outer loop
      vertex 67.91 53.681 3.975
      vertex 68.339 64.181 4.3
      vertex 67.791 60.681 3.856
    endloop
  endfacet
  facet normal 0 0 0
    outer loop
      vertex 32.385 29.011 1.821
      vertex 32.385 28.506 0.944
      vertex 32.385 29.057 1.257
    endloop
  endfacet
  facet normal 0 0 0
    outer loop
      vertex 32.385 29.222 0.801
      vertex 32.385 28.506 0.944
      vertex 32.385 28.759 0.335
    endloop
  endfacet
  facet normal 0 0 0
    outer loop
      vertex 32.385 29.413 0.49
      vertex 32.385 29.391 0.006
      vertex 32.385 29.95 0
    endloop
  endfacet
  facet normal 0 0 0
    outer loop
      vertex 32.385 28.511 2.484
      vertex 32.385 29.154 2.451
      vertex 32.385 28.635 2.88
    endloop
  endfacet
  facet normal 0 0 0
    outer loop
      vertex 32.385 29.154 2.451
      vertex 32.385 28.511 2.484
      vertex 32.385 29.011 1.821
    endloop
  endfacet
  facet normal 0 0 0
    outer loop
      vertex 32.385 29.063 0.118
      vertex 30 29.336 0.016
      vertex 32.385 29.391 0.006
    endloop
  endfacet
  facet normal 0 0 0
    outer loop
      vertex 30 29.336 0.016
      vertex 32.385 29.063 0.118
      vertex 30 29.121 0.077
    endloop
  endfacet
  facet normal 0 0 0
    outer loop
      vertex 32.385 29.063 0.118
      vertex 30 28.759 0.335
      vertex 30 29.121 0.077
    endloop
  endfacet
  facet normal 0 0 0
    outer loop
      vertex 32.385 29.063 0.118
      vertex 32.385 28.759 0.335
      vertex 30 28.759 0.335
    endloop
  endfacet
  facet normal 0 0 0
    outer loop
      vertex 32.385 28.759 0.335
      vertex 30 28.544 0.724
      vertex 30 28.759 0.335
    endloop
  endfacet
  facet normal 0 0 0
    outer loop
      vertex 71.958 60.681 1.284
      vertex 71.471 53.681 0.478
      vertex 71.471 64.181 0.478
    endloop
  endfacet
  facet normal 0 0 0
    outer loop
      vertex 32.385 29.391 0.006
      vertex 30 29.336 0.016
      vertex 32.385 29.95 0
    endloop
  endfacet
  facet normal 0 0 0
    outer loop
      vertex 32.385 29.95 0
      vertex 30 29.336 0.016
      vertex 32.385 32.057 0.001
    endloop
  endfacet
  facet normal 0 0 0
    outer loop
      vertex 32.385 28.635 2.88
      vertex 30 28.506 2.456
      vertex 32.385 28.511 2.484
    endloop
  endfacet
  facet normal 0 0 0
    outer loop
      vertex 72.055 53.681 1.615
      vertex 72.11 64.181 2.042
      vertex 72.113 60.681 2.261
    endloop
  endfacet
  facet normal 0 0 0
    outer loop
      vertex 30 28.675 2.953
      vertex 30 28.506 2.456
      vertex 32.385 28.635 2.88
    endloop
  endfacet
  facet normal 0 0 0
    outer loop
      vertex 30 28.838 3.144
      vertex 30 28.675 2.953
      vertex 32.385 28.635 2.88
    endloop
  endfacet
  facet normal 0 0 0
    outer loop
      vertex 30 28.838 3.144
      vertex 32.385 28.635 2.88
      vertex 32.385 28.838 3.144
    endloop
  endfacet
  facet normal 0 0 0
    outer loop
      vertex 72.11 64.181 2.042
      vertex 72.055 53.681 1.615
      vertex 72.074 60.681 1.71
    endloop
  endfacet
  facet normal 0 0 0
    outer loop
      vertex 32.385 28.506 0.944
      vertex 32.385 29.011 1.821
      vertex 32.385 28.511 2.484
    endloop
  endfacet
  facet normal 0 0 0
    outer loop
      vertex 32.385 28.635 2.88
      vertex 32.385 29.154 2.451
      vertex 32.385 28.838 3.144
    endloop
  endfacet
  facet normal 0 0 0
    outer loop
      vertex 32.385 28.511 2.484
      vertex 30 28.506 2.456
      vertex 32.385 28.506 0.944
    endloop
  endfacet
  facet normal 0 0 0
    outer loop
      vertex 32.385 28.506 0.944
      vertex 30 28.544 0.724
      vertex 32.385 28.759 0.335
    endloop
  endfacet
  facet normal 0 0 0
    outer loop
      vertex 32.385 28.506 0.944
      vertex 30 28.506 0.944
      vertex 30 28.544 0.724
    endloop
  endfacet
  facet normal 0 0 0
    outer loop
      vertex 71.361 60.681 3.935
      vertex 71.837 64.181 3.291
      vertex 71.32 64.181 3.975
    endloop
  endfacet
  facet normal 0 0 0
    outer loop
      vertex 70.891 53.681 4.3
      vertex 71.361 60.681 3.935
      vertex 70.891 64.181 4.3
    endloop
  endfacet
  facet normal 0 0 0
    outer loop
      vertex 71.896 58.931 3.169
      vertex 72.11 64.181 2.042
      vertex 71.837 64.181 3.291
    endloop
  endfacet
  facet normal 0 0 0
    outer loop
      vertex 72.059 57.181 2.643
      vertex 72.11 64.181 2.042
      vertex 71.896 58.931 3.169
    endloop
  endfacet
  facet normal 0 0 0
    outer loop
      vertex 71.837 64.181 3.291
      vertex 71.737 60.681 3.46
      vertex 71.896 58.931 3.169
    endloop
  endfacet
  facet normal 0 0 0
    outer loop
      vertex 40.385 32.97 1.387
      vertex 32.385 32.995 1.539
      vertex 32.385 32.978 1.984
    endloop
  endfacet
  facet normal 0 0 0
    outer loop
      vertex 72.113 60.681 2.261
      vertex 72.11 64.181 2.042
      vertex 72.059 57.181 2.643
    endloop
  endfacet
  facet normal 0 0 0
    outer loop
      vertex 71.837 64.181 3.291
      vertex 71.361 60.681 3.935
      vertex 71.737 60.681 3.46
    endloop
  endfacet
  facet normal 0 0 0
    outer loop
      vertex 36.385 30.508 3.4
      vertex 36.385 31.51 0.001
      vertex 36.385 31.508 3.401
    endloop
  endfacet
  facet normal 0 0 0
    outer loop
      vertex 70.365 58.431 4.3
      vertex 70.365 58.431 0
      vertex 68.865 58.431 0
    endloop
  endfacet
  facet normal 0 0 0
    outer loop
      vertex 72.055 53.681 1.615
      vertex 71.958 60.681 1.284
      vertex 72.074 60.681 1.71
    endloop
  endfacet
  facet normal 0 0 0
    outer loop
      vertex 72.11 53.681 2.042
      vertex 72.055 53.681 1.615
      vertex 72.113 60.681 2.261
    endloop
  endfacet
  facet normal 0 0 0
    outer loop
      vertex 70.891 53.681 4.3
      vertex 71.399 53.681 3.902
      vertex 71.361 60.681 3.935
    endloop
  endfacet
  facet normal 0 0 0
    outer loop
      vertex 38.552 29.52 0.366
      vertex 35.718 29.546 0.333
      vertex 32.385 29.95 0
    endloop
  endfacet
  facet normal 0 0 0
    outer loop
      vertex 47.969 41.757 2.676
      vertex 47.59 42.11 1.914
      vertex 47.406 41.416 1.914
    endloop
  endfacet
  facet normal 0 0 0
    outer loop
      vertex 47.667 42.855 1.344
      vertex 48.092 43.737 1.344
      vertex 47.656 42.992 0.5
    endloop
  endfacet
  facet normal 0 0 0
    outer loop
      vertex 47.656 42.992 0.5
      vertex 47.323 42.064 0.5
      vertex 47.667 42.855 1.344
    endloop
  endfacet
  facet normal 0 0 0
    outer loop
      vertex 47.667 42.855 1.344
      vertex 48.024 43.226 1.914
      vertex 48.092 43.737 1.344
    endloop
  endfacet
  facet normal 0 0 0
    outer loop
      vertex 47.323 42.064 0.5
      vertex 47.234 41.452 1.344
      vertex 47.667 42.855 1.344
    endloop
  endfacet
  facet normal 0 0 0
    outer loop
      vertex 47.667 42.855 1.344
      vertex 47.59 42.11 1.914
      vertex 48.024 43.226 1.914
    endloop
  endfacet
  facet normal 0 0 0
    outer loop
      vertex 47.667 42.855 1.344
      vertex 47.234 41.452 1.344
      vertex 47.59 42.11 1.914
    endloop
  endfacet
  facet normal 0 0 0
    outer loop
      vertex 48.012 42.463 2.438
      vertex 47.59 42.11 1.914
      vertex 47.969 41.757 2.676
    endloop
  endfacet
  facet normal 0 0 0
    outer loop
      vertex 48.012 42.463 2.438
      vertex 48.024 43.226 1.914
      vertex 47.59 42.11 1.914
    endloop
  endfacet
  facet normal 0 0 0
    outer loop
      vertex 32.385 32.056 3.401
      vertex 32.385 29.949 3.4
      vertex 36.385 30.508 3.4
    endloop
  endfacet
  facet normal 0 0 0
    outer loop
      vertex 48.092 43.737 1.344
      vertex 48.097 43.875 0.5
      vertex 47.656 42.992 0.5
    endloop
  endfacet
  facet normal 0 0 0
    outer loop
      vertex 47.199 41.586 0.5
      vertex 47.86 42.098 0
      vertex 47.628 41.173 0
    endloop
  endfacet
  facet normal 0 0 0
    outer loop
      vertex 47.199 41.586 0.5
      vertex 47.323 42.064 0.5
      vertex 47.86 42.098 0
    endloop
  endfacet
  facet normal 0 0 0
    outer loop
      vertex 47.86 42.098 0
      vertex 47.323 42.064 0.5
      vertex 48.919 44.226 0
    endloop
  endfacet
  facet normal 0 0 0
    outer loop
      vertex 47.323 42.064 0.5
      vertex 47.656 42.992 0.5
      vertex 48.919 44.226 0
    endloop
  endfacet
  facet normal 0 0 0
    outer loop
      vertex 47.656 42.992 0.5
      vertex 48.097 43.875 0.5
      vertex 48.919 44.226 0
    endloop
  endfacet
  facet normal 0 0 0
    outer loop
      vertex 32.385 29.413 0.49
      vertex 32.385 29.95 0
      vertex 35.718 29.546 0.333
    endloop
  endfacet
  facet normal 0 0 0
    outer loop
      vertex 47.323 42.064 0.5
      vertex 47.199 41.586 0.5
      vertex 47.234 41.452 1.344
    endloop
  endfacet
  facet normal 0 0 0
    outer loop
      vertex 32.385 32.056 3.401
      vertex 36.385 30.508 3.4
      vertex 36.385 31.508 3.401
    endloop
  endfacet
  facet normal 0 0 0
    outer loop
      vertex 39.966 40.235 2.615
      vertex 35.299 40.187 2.513
      vertex 39.966 40.039 2.015
    endloop
  endfacet
  facet normal 0 0 0
    outer loop
      vertex 49.517 34.531 0
      vertex 50.963 33.293 0
      vertex 50.395 33.079 0.5
    endloop
  endfacet
  facet normal 0 0 0
    outer loop
      vertex 49.633 33.705 0.5
      vertex 49.517 34.531 0
      vertex 50.395 33.079 0.5
    endloop
  endfacet
  facet normal 0 0 0
    outer loop
      vertex 49.633 33.705 0.5
      vertex 49.666 33.918 1.776
      vertex 49.587 33.746 0.825
    endloop
  endfacet
  facet normal 0 0 0
    outer loop
      vertex 39.99 40.291 2.932
      vertex 39.966 40.235 2.615
      vertex 39.966 40.039 2.015
    endloop
  endfacet
  facet normal 0 0 0
    outer loop
      vertex 39.967 40.451 2.945
      vertex 39.99 40.291 2.932
      vertex 40.117 40.062 2.909
    endloop
  endfacet
  facet normal 0 0 0
    outer loop
      vertex 39.981 40.958 3.4
      vertex 39.967 40.451 2.945
      vertex 40.117 40.062 2.909
    endloop
  endfacet
  facet normal 0 0 0
    outer loop
      vertex 39.966 40.235 2.615
      vertex 39.967 40.451 2.945
      vertex 35.299 40.187 2.513
    endloop
  endfacet
  facet normal 0 0 0
    outer loop
      vertex 51.747 34.455 3.539
      vertex 52.211 34.501 3.634
      vertex 52.063 34.934 3.701
    endloop
  endfacet
  facet normal 0 0 0
    outer loop
      vertex 39.967 40.451 2.945
      vertex 39.966 40.235 2.615
      vertex 39.99 40.291 2.932
    endloop
  endfacet
  facet normal 0 0 0
    outer loop
      vertex 40.077 40.631 3.4
      vertex 39.981 40.958 3.4
      vertex 40.117 40.062 2.909
    endloop
  endfacet
  facet normal 0 0 0
    outer loop
      vertex 50.958 35.532 3.644
      vertex 51.747 34.455 3.539
      vertex 52.063 34.934 3.701
    endloop
  endfacet
  facet normal 0 0 0
    outer loop
      vertex 39.99 40.291 2.932
      vertex 40.111 39.934 2.695
      vertex 40.117 40.062 2.909
    endloop
  endfacet
  facet normal 0 0 0
    outer loop
      vertex 40.298 39.687 2.272
      vertex 40.111 39.934 2.695
      vertex 40.052 39.797 2.221
    endloop
  endfacet
  facet normal 0 0 0
    outer loop
      vertex 40.298 39.687 2.272
      vertex 40.277 39.868 2.712
      vertex 40.111 39.934 2.695
    endloop
  endfacet
  facet normal 0 0 0
    outer loop
      vertex 40.052 39.797 2.221
      vertex 40.111 39.934 2.695
      vertex 39.99 40.291 2.932
    endloop
  endfacet
  facet normal 0 0 0
    outer loop
      vertex 40.117 40.062 2.909
      vertex 40.111 39.934 2.695
      vertex 40.277 39.868 2.712
    endloop
  endfacet
  facet normal 0 0 0
    outer loop
      vertex 40.277 39.868 2.712
      vertex 40.298 40.22 3.19
      vertex 40.117 40.062 2.909
    endloop
  endfacet
  facet normal 0 0 0
    outer loop
      vertex 51.043 34.148 3.186
      vertex 51.683 33.586 3.093
      vertex 51.747 34.455 3.539
    endloop
  endfacet
  facet normal 0 0 0
    outer loop
      vertex 40.052 39.797 2.221
      vertex 40.148 39.724 2.241
      vertex 40.298 39.687 2.272
    endloop
  endfacet
  facet normal 0 0 0
    outer loop
      vertex 51.747 34.455 3.539
      vertex 52.223 33.713 3.348
      vertex 53.197 34.044 3.634
    endloop
  endfacet
  facet normal 0 0 0
    outer loop
      vertex 40.052 39.797 2.221
      vertex 39.99 40.291 2.932
      vertex 39.966 40.039 2.015
    endloop
  endfacet
  facet normal 0 0 0
    outer loop
      vertex 51.747 34.455 3.539
      vertex 53.197 34.044 3.634
      vertex 52.211 34.501 3.634
    endloop
  endfacet
  facet normal 0 0 0
    outer loop
      vertex 39.966 40.039 1.384
      vertex 38.133 40.017 1.659
      vertex 35.299 40.077 1.204
    endloop
  endfacet
  facet normal 0 0 0
    outer loop
      vertex 52.211 34.501 3.634
      vertex 53.197 34.044 3.634
      vertex 53.505 34.334 3.712
    endloop
  endfacet
  facet normal 0 0 0
    outer loop
      vertex 38.133 40.017 1.659
      vertex 39.966 40.039 2.015
      vertex 36.716 40.056 2.116
    endloop
  endfacet
  facet normal 0 0 0
    outer loop
      vertex 52.063 34.934 3.701
      vertex 52.211 34.501 3.634
      vertex 53.505 34.334 3.712
    endloop
  endfacet
  facet normal 0 0 0
    outer loop
      vertex 52.206 32.646 2.438
      vertex 51.197 33.622 2.895
      vertex 50.986 33.302 2.438
    endloop
  endfacet
  facet normal 0 0 0
    outer loop
      vertex 39.966 40.039 2.015
      vertex 35.299 40.187 2.513
      vertex 36.716 40.056 2.116
    endloop
  endfacet
  facet normal 0 0 0
    outer loop
      vertex 51.197 33.622 2.895
      vertex 51.683 33.586 3.093
      vertex 51.043 34.148 3.186
    endloop
  endfacet
  facet normal 0 0 0
    outer loop
      vertex 40.054 66.404 2.874
      vertex 40.307 66.24 3.243
      vertex 40.298 66.652 2.71
    endloop
  endfacet
  facet normal 0 0 0
    outer loop
      vertex 40.054 66.404 2.874
      vertex 40.118 65.937 3.401
      vertex 40.307 66.24 3.243
    endloop
  endfacet
  facet normal 0 0 0
    outer loop
      vertex 52.206 32.646 2.438
      vertex 51.683 33.586 3.093
      vertex 51.197 33.622 2.895
    endloop
  endfacet
  facet normal 0 0 0
    outer loop
      vertex 39.966 66.186 2.776
      vertex 36.716 66.33 2.514
      vertex 38.133 66.011 3.001
    endloop
  endfacet
  facet normal 0 0 0
    outer loop
      vertex 52.058 33.384 3.093
      vertex 51.747 34.455 3.539
      vertex 51.683 33.586 3.093
    endloop
  endfacet
  facet normal 0 0 0
    outer loop
      vertex 51.747 34.455 3.539
      vertex 52.058 33.384 3.093
      vertex 52.223 33.713 3.348
    endloop
  endfacet
  facet normal 0 0 0
    outer loop
      vertex 36.716 66.33 2.514
      vertex 39.966 66.186 2.776
      vertex 39.966 66.346 2.473
    endloop
  endfacet
  facet normal 0 0 0
    outer loop
      vertex 53.197 34.044 3.634
      vertex 52.223 33.713 3.348
      vertex 52.923 33.277 3.267
    endloop
  endfacet
  facet normal 0 0 0
    outer loop
      vertex 52.923 33.277 3.267
      vertex 52.223 33.713 3.348
      vertex 52.398 33.097 2.999
    endloop
  endfacet
  facet normal 0 0 0
    outer loop
      vertex 39.966 66.346 2.473
      vertex 35.299 66.416 2.278
      vertex 36.716 66.33 2.514
    endloop
  endfacet
  facet normal 0 0 0
    outer loop
      vertex 52.058 33.384 3.093
      vertex 52.398 33.097 2.999
      vertex 52.223 33.713 3.348
    endloop
  endfacet
  facet normal 0 0 0
    outer loop
      vertex 38.133 66.011 3.001
      vertex 35.299 65.961 3.069
      vertex 39.97 65.882 3.137
    endloop
  endfacet
  facet normal 0 0 0
    outer loop
      vertex 40.118 65.937 3.401
      vertex 39.97 65.882 3.137
      vertex 39.981 65.556 3.401
    endloop
  endfacet
  facet normal 0 0 0
    outer loop
      vertex 39.97 65.882 3.137
      vertex 40.054 66.404 2.874
      vertex 39.966 66.186 2.776
    endloop
  endfacet
  facet normal 0 0 0
    outer loop
      vertex 39.97 65.882 3.137
      vertex 40.118 65.937 3.401
      vertex 40.054 66.404 2.874
    endloop
  endfacet
  facet normal 0 0 0
    outer loop
      vertex 39.966 66.186 2.776
      vertex 38.133 66.011 3.001
      vertex 39.97 65.882 3.137
    endloop
  endfacet
  facet normal 0 0 0
    outer loop
      vertex 39.966 66.346 2.473
      vertex 39.966 66.445 2.172
      vertex 35.299 66.416 2.278
    endloop
  endfacet
  facet normal 0 0 0
    outer loop
      vertex 39.99 66.48 2.551
      vertex 39.966 66.445 2.172
      vertex 39.966 66.346 2.473
    endloop
  endfacet
  facet normal 0 0 0
    outer loop
      vertex 52.398 33.097 2.999
      vertex 52.715 32.697 2.728
      vertex 52.923 33.277 3.267
    endloop
  endfacet
  facet normal 0 0 0
    outer loop
      vertex 31.966 66.263 0.768
      vertex 31.966 66.495 1.539
      vertex 39.966 66.445 1.23
    endloop
  endfacet
  facet normal 0 0 0
    outer loop
      vertex 39.966 66.445 1.23
      vertex 31.966 66.495 1.539
      vertex 35.299 66.416 2.278
    endloop
  endfacet
  facet normal 0 0 0
    outer loop
      vertex 51.59 32.448 1.415
      vertex 51.033 32.938 1.914
      vertex 50.732 32.917 1.344
    endloop
  endfacet
  facet normal 0 0 0
    outer loop
      vertex 40.298 66.878 2.064
      vertex 41.125 66.911 1.691
      vertex 40.307 66.885 1.37
    endloop
  endfacet
  facet normal 0 0 0
    outer loop
      vertex 39.966 66.445 2.172
      vertex 39.99 66.48 2.551
      vertex 40.01 66.719 1.583
    endloop
  endfacet
  facet normal 0 0 0
    outer loop
      vertex 39.966 66.445 1.23
      vertex 35.299 66.416 2.278
      vertex 39.966 66.445 2.172
    endloop
  endfacet
  facet normal 0 0 0
    outer loop
      vertex 39.966 66.445 2.172
      vertex 40.01 66.719 1.583
      vertex 39.966 66.445 1.23
    endloop
  endfacet
  facet normal 0 0 0
    outer loop
      vertex 71.737 60.681 3.46
      vertex 71.361 60.681 3.935
      vertex 71.399 53.681 3.902
    endloop
  endfacet
  facet normal 0 0 0
    outer loop
      vertex 40.01 66.719 1.583
      vertex 39.99 66.48 2.551
      vertex 40.179 66.757 2.407
    endloop
  endfacet
  facet normal 0 0 0
    outer loop
      vertex 40.179 66.757 2.407
      vertex 40.106 66.81 1.99
      vertex 40.01 66.719 1.583
    endloop
  endfacet
  facet normal 0 0 0
    outer loop
      vertex 40.106 66.81 1.99
      vertex 40.117 66.826 1.41
      vertex 40.01 66.719 1.583
    endloop
  endfacet
  facet normal 0 0 0
    outer loop
      vertex 40.106 66.81 1.99
      vertex 40.298 66.878 2.064
      vertex 40.117 66.826 1.41
    endloop
  endfacet
  facet normal 0 0 0
    outer loop
      vertex 40.298 66.878 2.064
      vertex 40.307 66.885 1.37
      vertex 40.117 66.826 1.41
    endloop
  endfacet
  facet normal 0 0 0
    outer loop
      vertex 40.125 66.711 0.987
      vertex 40.117 66.826 1.41
      vertex 40.307 66.885 1.37
    endloop
  endfacet
  facet normal 0 0 0
    outer loop
      vertex 67.198 53.681 1.51
      vertex 67.136 53.681 2.418
      vertex 67.12 57.181 2.04
    endloop
  endfacet
  facet normal 0 0 0
    outer loop
      vertex 67.519 57.181 0.791
      vertex 67.5 53.681 0.822
      vertex 67.198 53.681 1.51
    endloop
  endfacet
  facet normal 0 0 0
    outer loop
      vertex 67.519 57.181 0.791
      vertex 67.198 53.681 1.51
      vertex 67.224 60.681 1.443
    endloop
  endfacet
  facet normal 0 0 0
    outer loop
      vertex 67.519 57.181 0.791
      vertex 68.074 53.681 0.184
      vertex 67.5 53.681 0.822
    endloop
  endfacet
  facet normal 0 0 0
    outer loop
      vertex 67.138 64.181 1.828
      vertex 67.224 60.681 1.443
      vertex 67.12 57.181 2.04
    endloop
  endfacet
  facet normal 0 0 0
    outer loop
      vertex 67.12 57.181 2.04
      vertex 67.136 53.681 2.418
      vertex 67.138 64.181 1.828
    endloop
  endfacet
  facet normal 0 0 0
    outer loop
      vertex 67.224 60.681 1.443
      vertex 67.198 53.681 1.51
      vertex 67.12 57.181 2.04
    endloop
  endfacet
  facet normal 0 0 0
    outer loop
      vertex 67.91 53.681 3.975
      vertex 67.791 60.681 3.856
      vertex 67.622 53.681 3.656
    endloop
  endfacet
  facet normal 0 0 0
    outer loop
      vertex 67.519 57.181 0.791
      vertex 67.759 64.181 0.478
      vertex 68.032 60.681 0.215
    endloop
  endfacet
  facet normal 0 0 0
    outer loop
      vertex 67.519 57.181 0.791
      vertex 68.032 60.681 0.215
      vertex 68.074 53.681 0.184
    endloop
  endfacet
  facet normal 0 0 0
    outer loop
      vertex 67.23 53.681 2.893
      vertex 67.622 53.681 3.656
      vertex 67.313 60.681 3.119
    endloop
  endfacet
  facet normal 0 0 0
    outer loop
      vertex 40.125 66.711 0.987
      vertex 40.021 66.586 0.929
      vertex 40.01 66.719 1.583
    endloop
  endfacet
  facet normal 0 0 0
    outer loop
      vertex 68.339 53.681 4.3
      vertex 68.339 64.181 4.3
      vertex 67.91 53.681 3.975
    endloop
  endfacet
  facet normal 0 0 0
    outer loop
      vertex 40.01 66.719 1.583
      vertex 40.117 66.826 1.41
      vertex 40.125 66.711 0.987
    endloop
  endfacet
  facet normal 0 0 0
    outer loop
      vertex 67.519 57.181 0.791
      vertex 67.5 64.181 0.822
      vertex 67.759 64.181 0.478
    endloop
  endfacet
  facet normal 0 0 0
    outer loop
      vertex 67.138 64.181 1.828
      vertex 67.136 53.681 2.418
      vertex 67.23 53.681 2.893
    endloop
  endfacet
  facet normal 0 0 0
    outer loop
      vertex 67.313 60.681 3.119
      vertex 67.138 64.181 1.828
      vertex 67.23 53.681 2.893
    endloop
  endfacet
  facet normal 0 0 0
    outer loop
      vertex 67.136 53.681 2.418
      vertex 67.198 53.681 1.51
      vertex 66.54 53.681 0
    endloop
  endfacet
  facet normal 0 0 0
    outer loop
      vertex 66.54 53.681 4.3
      vertex 67.136 53.681 2.418
      vertex 66.54 53.681 0
    endloop
  endfacet
  facet normal 0 0 0
    outer loop
      vertex 66.54 53.681 0
      vertex 67.5 53.681 0.822
      vertex 68.074 53.681 0.184
    endloop
  endfacet
  facet normal 0 0 0
    outer loop
      vertex 67.198 53.681 1.51
      vertex 67.5 53.681 0.822
      vertex 66.54 53.681 0
    endloop
  endfacet
  facet normal 0 0 0
    outer loop
      vertex 66.54 53.681 0
      vertex 68.074 53.681 0.184
      vertex 68.339 53.681 0
    endloop
  endfacet
  facet normal 0 0 0
    outer loop
      vertex 67.91 53.681 3.975
      vertex 67.622 53.681 3.656
      vertex 66.54 53.681 4.3
    endloop
  endfacet
  facet normal 0 0 0
    outer loop
      vertex 68.339 53.681 4.3
      vertex 67.91 53.681 3.975
      vertex 66.54 53.681 4.3
    endloop
  endfacet
  facet normal 0 0 0
    outer loop
      vertex 61.248 63.997 1.98
      vertex 60.411 64.491 2.438
      vertex 60.617 64.045 2.676
    endloop
  endfacet
  facet normal 0 0 0
    outer loop
      vertex 47.199 41.586 0.5
      vertex 47.088 40.484 1.344
      vertex 47.234 41.452 1.344
    endloop
  endfacet
  facet normal 0 0 0
    outer loop
      vertex 47.088 40.484 1.344
      vertex 47.199 41.586 0.5
      vertex 47.103 41.101 0.5
    endloop
  endfacet
  facet normal 0 0 0
    outer loop
      vertex 59.946 64.649 2.676
      vertex 59.285 64.875 2.895
      vertex 59.68 64.315 3.093
    endloop
  endfacet
  facet normal 0 0 0
    outer loop
      vertex 59.68 64.315 3.093
      vertex 59.2 64.372 3.267
      vertex 59.59 63.727 3.416
    endloop
  endfacet
  facet normal 0 0 0
    outer loop
      vertex 59.2 64.372 3.267
      vertex 59.68 64.315 3.093
      vertex 59.285 64.875 2.895
    endloop
  endfacet
  facet normal 0 0 0
    outer loop
      vertex 59.2 64.372 3.267
      vertex 58.183 64.215 3.594
      vertex 59.59 63.727 3.416
    endloop
  endfacet
  facet normal 0 0 0
    outer loop
      vertex 59.59 63.727 3.416
      vertex 58.183 64.215 3.594
      vertex 58.563 63.468 3.701
    endloop
  endfacet
  facet normal 0 0 0
    outer loop
      vertex 47.59 42.11 1.914
      vertex 47.234 41.452 1.344
      vertex 47.406 41.416 1.914
    endloop
  endfacet
  facet normal 0 0 0
    outer loop
      vertex 47.103 41.101 0.5
      vertex 47.525 39.035 0
      vertex 47 40.12 0.5
    endloop
  endfacet
  facet normal 0 0 0
    outer loop
      vertex 47.525 39.035 0
      vertex 47.103 41.101 0.5
      vertex 47.628 41.173 0
    endloop
  endfacet
  facet normal 0 0 0
    outer loop
      vertex 47.103 41.101 0.5
      vertex 47.199 41.586 0.5
      vertex 47.628 41.173 0
    endloop
  endfacet
  facet normal 0 0 0
    outer loop
      vertex 59.103 65.438 2.438
      vertex 59.285 64.875 2.895
      vertex 59.689 65.067 2.438
    endloop
  endfacet
  facet normal 0 0 0
    outer loop
      vertex 47.781 40.875 2.676
      vertex 47.969 41.757 2.676
      vertex 47.449 40.925 2.183
    endloop
  endfacet
  facet normal 0 0 0
    outer loop
      vertex 59.954 65.445 1.344
      vertex 60.045 65.157 1.914
      vertex 60.72 64.834 1.344
    endloop
  endfacet
  facet normal 0 0 0
    outer loop
      vertex 60.72 64.834 1.344
      vertex 60.482 65.122 0.5
      vertex 59.954 65.445 1.344
    endloop
  endfacet
  facet normal 0 0 0
    outer loop
      vertex 60.482 65.122 0.5
      vertex 60.091 65.424 0.5
      vertex 59.954 65.445 1.344
    endloop
  endfacet
  facet normal 0 0 0
    outer loop
      vertex 60.482 65.122 0.5
      vertex 60.806 64.145 0
      vertex 60.091 65.424 0.5
    endloop
  endfacet
  facet normal 0 0 0
    outer loop
      vertex 48.232 41.131 3.069
      vertex 48.567 40.756 3.348
      vertex 48.506 42.051 3.093
    endloop
  endfacet
  facet normal 0 0 0
    outer loop
      vertex 60.045 65.157 1.914
      vertex 59.689 65.067 2.438
      vertex 59.946 64.649 2.676
    endloop
  endfacet
  facet normal 0 0 0
    outer loop
      vertex 60.411 64.491 2.438
      vertex 60.045 65.157 1.914
      vertex 59.946 64.649 2.676
    endloop
  endfacet
  facet normal 0 0 0
    outer loop
      vertex 47.969 41.757 2.676
      vertex 47.406 41.416 1.914
      vertex 47.449 40.925 2.183
    endloop
  endfacet
  facet normal 0 0 0
    outer loop
      vertex 47.449 40.925 2.183
      vertex 47.392 40.456 2.183
      vertex 47.781 40.875 2.676
    endloop
  endfacet
  facet normal 0 0 0
    outer loop
      vertex 60.411 64.491 2.438
      vertex 61.248 63.997 1.98
      vertex 60.602 64.703 1.914
    endloop
  endfacet
  facet normal 0 0 0
    outer loop
      vertex 47.781 40.875 2.676
      vertex 47.392 40.456 2.183
      vertex 47.534 39.286 2.438
    endloop
  endfacet
  facet normal 0 0 0
    outer loop
      vertex 60.72 64.834 1.344
      vertex 61.248 63.997 1.98
      vertex 61.407 64.136 1.344
    endloop
  endfacet
  facet normal 0 0 0
    outer loop
      vertex 47.534 39.286 2.438
      vertex 47.903 39.97 2.895
      vertex 47.781 40.875 2.676
    endloop
  endfacet
  facet normal 0 0 0
    outer loop
      vertex 61.248 63.997 1.98
      vertex 60.72 64.834 1.344
      vertex 60.602 64.703 1.914
    endloop
  endfacet
  facet normal 0 0 0
    outer loop
      vertex 60.045 65.157 1.914
      vertex 60.411 64.491 2.438
      vertex 60.602 64.703 1.914
    endloop
  endfacet
  facet normal 0 0 0
    outer loop
      vertex 48.232 41.131 3.069
      vertex 48.394 40.366 3.267
      vertex 48.567 40.756 3.348
    endloop
  endfacet
  facet normal 0 0 0
    outer loop
      vertex 60.602 64.703 1.914
      vertex 60.72 64.834 1.344
      vertex 60.045 65.157 1.914
    endloop
  endfacet
  facet normal 0 0 0
    outer loop
      vertex 60.482 65.122 0.5
      vertex 61.205 64.451 0.5
      vertex 60.806 64.145 0
    endloop
  endfacet
  facet normal 0 0 0
    outer loop
      vertex 47.903 39.97 2.895
      vertex 48.394 40.366 3.267
      vertex 47.781 40.875 2.676
    endloop
  endfacet
  facet normal 0 0 0
    outer loop
      vertex 49.059 41.163 3.539
      vertex 48.394 40.366 3.267
      vertex 48.369 39.544 3.267
    endloop
  endfacet
  facet normal 0 0 0
    outer loop
      vertex 61.205 64.451 0.5
      vertex 60.72 64.834 1.344
      vertex 61.407 64.136 1.344
    endloop
  endfacet
  facet normal 0 0 0
    outer loop
      vertex 48.567 40.756 3.348
      vertex 48.394 40.366 3.267
      vertex 49.059 41.163 3.539
    endloop
  endfacet
  facet normal 0 0 0
    outer loop
      vertex 47.219 40.959 1.633
      vertex 47.392 40.456 2.183
      vertex 47.449 40.925 2.183
    endloop
  endfacet
  facet normal 0 0 0
    outer loop
      vertex 47.219 40.959 1.633
      vertex 47.449 40.925 2.183
      vertex 47.406 41.416 1.914
    endloop
  endfacet
  facet normal 0 0 0
    outer loop
      vertex 48.652 39.157 3.416
      vertex 48.369 39.544 3.267
      vertex 48.153 39.112 3.093
    endloop
  endfacet
  facet normal 0 0 0
    outer loop
      vertex 61.205 64.451 0.5
      vertex 60.482 65.122 0.5
      vertex 60.72 64.834 1.344
    endloop
  endfacet
  facet normal 0 0 0
    outer loop
      vertex 48.652 39.157 3.416
      vertex 48.9 39.56 3.539
      vertex 48.369 39.544 3.267
    endloop
  endfacet
  facet normal 0 0 0
    outer loop
      vertex 48.369 39.544 3.267
      vertex 47.903 39.97 2.895
      vertex 48.153 39.112 3.093
    endloop
  endfacet
  facet normal 0 0 0
    outer loop
      vertex 49.059 41.163 3.539
      vertex 48.9 39.56 3.539
      vertex 49.827 39.109 3.738
    endloop
  endfacet
  facet normal 0 0 0
    outer loop
      vertex 49.827 39.109 3.738
      vertex 48.9 39.56 3.539
      vertex 49.18 39.113 3.624
    endloop
  endfacet
  facet normal 0 0 0
    outer loop
      vertex 49.18 39.113 3.624
      vertex 48.9 39.56 3.539
      vertex 48.652 39.157 3.416
    endloop
  endfacet
  facet normal 0 0 0
    outer loop
      vertex 49.18 39.113 3.624
      vertex 48.652 39.157 3.416
      vertex 48.699 38.764 3.416
    endloop
  endfacet
  facet normal 0 0 0
    outer loop
      vertex 57.399 62.922 3.75
      vertex 56.352 63.313 3.75
      vertex 57.399 62.922 2
    endloop
  endfacet
  facet normal 0 0 0
    outer loop
      vertex 47.534 39.286 2.438
      vertex 48.153 39.112 3.093
      vertex 47.903 39.97 2.895
    endloop
  endfacet
  facet normal 0 0 0
    outer loop
      vertex 48.369 39.544 3.267
      vertex 48.394 40.366 3.267
      vertex 47.903 39.97 2.895
    endloop
  endfacet
  facet normal 0 0 0
    outer loop
      vertex 58.656 61.966 3.75
      vertex 58.183 62.416 3.75
      vertex 58.249 62.349 2
    endloop
  endfacet
  facet normal 0 0 0
    outer loop
      vertex 48.9 39.56 3.539
      vertex 49.059 41.163 3.539
      vertex 48.369 39.544 3.267
    endloop
  endfacet
  facet normal 0 0 0
    outer loop
      vertex 47.249 39.271 1.914
      vertex 47.235 39.99 1.914
      vertex 47.036 39.735 1.177
    endloop
  endfacet
  facet normal 0 0 0
    outer loop
      vertex 47.235 39.99 1.914
      vertex 47.249 39.271 1.914
      vertex 47.534 39.286 2.438
    endloop
  endfacet
  facet normal 0 0 0
    outer loop
      vertex 58.851 62.863 3.737
      vertex 58.563 63.468 3.701
      vertex 57.822 63.909 3.701
    endloop
  endfacet
  facet normal 0 0 0
    outer loop
      vertex 47.036 39.735 1.177
      vertex 47.235 39.99 1.914
      vertex 47.088 40.484 1.344
    endloop
  endfacet
  facet normal 0 0 0
    outer loop
      vertex 47.036 39.735 1.177
      vertex 47.088 39.016 1.344
      vertex 47.249 39.271 1.914
    endloop
  endfacet
  facet normal 0 0 0
    outer loop
      vertex 58.851 62.863 3.737
      vertex 59.298 63.255 3.634
      vertex 58.563 63.468 3.701
    endloop
  endfacet
  facet normal 0 0 0
    outer loop
      vertex 59.298 63.255 3.634
      vertex 59.111 63.602 3.594
      vertex 58.563 63.468 3.701
    endloop
  endfacet
  facet normal 0 0 0
    outer loop
      vertex 47.088 39.016 1.344
      vertex 47.036 39.735 1.177
      vertex 47 40.12 0.5
    endloop
  endfacet
  facet normal 0 0 0
    outer loop
      vertex 58.851 62.863 3.737
      vertex 59.56 63.004 3.634
      vertex 59.298 63.255 3.634
    endloop
  endfacet
  facet normal 0 0 0
    outer loop
      vertex 58.656 61.966 3.75
      vertex 59.252 62.201 3.749
      vertex 58.851 62.863 3.737
    endloop
  endfacet
  facet normal 0 0 0
    outer loop
      vertex 67.23 53.681 2.893
      vertex 66.54 53.681 4.3
      vertex 67.622 53.681 3.656
    endloop
  endfacet
  facet normal 0 0 0
    outer loop
      vertex 58.183 62.416 3.75
      vertex 58.656 61.966 3.75
      vertex 58.851 62.863 3.737
    endloop
  endfacet
  facet normal 0 0 0
    outer loop
      vertex 57.822 63.909 3.701
      vertex 57.399 62.922 3.75
      vertex 58.183 62.416 3.75
    endloop
  endfacet
  facet normal 0 0 0
    outer loop
      vertex 66.54 53.681 4.3
      vertex 67.23 53.681 2.893
      vertex 67.136 53.681 2.418
    endloop
  endfacet
  facet normal 0 0 0
    outer loop
      vertex 72 53.681 2.893
      vertex 72.11 53.681 2.042
      vertex 72.059 57.181 2.643
    endloop
  endfacet
  facet normal 0 0 0
    outer loop
      vertex 58.851 62.863 3.737
      vertex 57.822 63.909 3.701
      vertex 58.183 62.416 3.75
    endloop
  endfacet
  facet normal 0 0 0
    outer loop
      vertex 72.059 57.181 2.643
      vertex 71.896 58.931 3.169
      vertex 72 53.681 2.893
    endloop
  endfacet
  facet normal 0 0 0
    outer loop
      vertex 56.383 63.93 3.749
      vertex 57.399 62.922 3.75
      vertex 57.822 63.909 3.701
    endloop
  endfacet
  facet normal 0 0 0
    outer loop
      vertex 71.958 60.681 1.284
      vertex 71.787 53.681 0.913
      vertex 71.471 53.681 0.478
    endloop
  endfacet
  facet normal 0 0 0
    outer loop
      vertex 58.183 62.416 3.75
      vertex 57.399 62.922 3.75
      vertex 58.249 62.349 2
    endloop
  endfacet
  facet normal 0 0 0
    outer loop
      vertex 57.399 62.922 3.75
      vertex 57.399 62.922 2
      vertex 58.249 62.349 2
    endloop
  endfacet
  facet normal 0 0 0
    outer loop
      vertex 58.249 62.349 2
      vertex 58.726 61.904 2
      vertex 58.656 61.966 3.75
    endloop
  endfacet
  facet normal 0 0 0
    outer loop
      vertex 72.059 57.181 2.643
      vertex 72.11 53.681 2.042
      vertex 72.113 60.681 2.261
    endloop
  endfacet
  facet normal 0 0 0
    outer loop
      vertex 58.249 62.349 2
      vertex 57.149 60.657 2
      vertex 58.726 61.904 2
    endloop
  endfacet
  facet normal 0 0 0
    outer loop
      vertex 57.399 62.922 2
      vertex 56.711 61.011 2
      vertex 58.249 62.349 2
    endloop
  endfacet
  facet normal 0 0 0
    outer loop
      vertex 56.352 63.313 2
      vertex 56.208 61.267 2
      vertex 57.399 62.922 2
    endloop
  endfacet
  facet normal 0 0 0
    outer loop
      vertex 72 53.681 2.893
      vertex 71.737 60.681 3.46
      vertex 71.399 53.681 3.902
    endloop
  endfacet
  facet normal 0 0 0
    outer loop
      vertex 72 53.681 2.893
      vertex 71.896 58.931 3.169
      vertex 71.737 60.681 3.46
    endloop
  endfacet
  facet normal 0 0 0
    outer loop
      vertex 60.159 63.893 3.093
      vertex 59.59 63.727 3.416
      vertex 60.225 63.104 3.416
    endloop
  endfacet
  facet normal 0 0 0
    outer loop
      vertex 72.055 53.681 1.615
      vertex 71.787 53.681 0.913
      vertex 71.958 60.681 1.284
    endloop
  endfacet
  facet normal 0 0 0
    outer loop
      vertex 59.56 63.004 3.634
      vertex 60.144 62.429 3.607
      vertex 60.225 63.104 3.416
    endloop
  endfacet
  facet normal 0 0 0
    outer loop
      vertex 72.11 53.681 2.042
      vertex 72 53.681 2.893
      vertex 72.69 53.681 4.3
    endloop
  endfacet
  facet normal 0 0 0
    outer loop
      vertex 60.225 63.104 3.416
      vertex 59.59 63.727 3.416
      vertex 59.56 63.004 3.634
    endloop
  endfacet
  facet normal 0 0 0
    outer loop
      vertex 71.471 53.681 0.478
      vertex 72.69 53.681 0
      vertex 70.891 53.681 0
    endloop
  endfacet
  facet normal 0 0 0
    outer loop
      vertex 72.69 53.681 0
      vertex 71.471 53.681 0.478
      vertex 71.787 53.681 0.913
    endloop
  endfacet
  facet normal 0 0 0
    outer loop
      vertex 72.69 53.681 0
      vertex 71.787 53.681 0.913
      vertex 72.055 53.681 1.615
    endloop
  endfacet
  facet normal 0 0 0
    outer loop
      vertex 72.69 53.681 0
      vertex 72.11 53.681 2.042
      vertex 72.69 53.681 4.3
    endloop
  endfacet
  facet normal 0 0 0
    outer loop
      vertex 59.298 63.255 3.634
      vertex 59.56 63.004 3.634
      vertex 59.59 63.727 3.416
    endloop
  endfacet
  facet normal 0 0 0
    outer loop
      vertex 72.11 53.681 2.042
      vertex 72.69 53.681 0
      vertex 72.055 53.681 1.615
    endloop
  endfacet
  facet normal 0 0 0
    outer loop
      vertex 72.69 53.681 4.3
      vertex 71.399 53.681 3.902
      vertex 70.891 53.681 4.3
    endloop
  endfacet
  facet normal 0 0 0
    outer loop
      vertex 72.69 53.681 4.3
      vertex 72 53.681 2.893
      vertex 71.399 53.681 3.902
    endloop
  endfacet
  facet normal 0 0 0
    outer loop
      vertex 60.873 63.104 3.093
      vertex 61.625 63.102 2.438
      vertex 60.617 64.045 2.676
    endloop
  endfacet
  facet normal 0 0 0
    outer loop
      vertex 60.364 61.408 3.701
      vertex 61.362 61.258 3.416
      vertex 60.689 62.004 3.539
    endloop
  endfacet
  facet normal 0 0 0
    outer loop
      vertex 60.484 62.324 3.539
      vertex 60.873 63.104 3.093
      vertex 60.144 62.429 3.607
    endloop
  endfacet
  facet normal 0 0 0
    outer loop
      vertex 60.144 62.429 3.607
      vertex 60.689 62.004 3.539
      vertex 60.484 62.324 3.539
    endloop
  endfacet
  facet normal 0 0 0
    outer loop
      vertex 60.484 62.324 3.539
      vertex 60.689 62.004 3.539
      vertex 60.873 63.104 3.093
    endloop
  endfacet
  facet normal 0 0 0
    outer loop
      vertex 60.689 62.004 3.539
      vertex 61.362 61.258 3.416
      vertex 60.873 63.104 3.093
    endloop
  endfacet
  facet normal 0 0 0
    outer loop
      vertex 61.362 61.258 3.416
      vertex 61.607 62.054 3.04
      vertex 60.873 63.104 3.093
    endloop
  endfacet
  facet normal 0 0 0
    outer loop
      vertex 61.607 62.054 3.04
      vertex 61.545 62.516 2.895
      vertex 60.873 63.104 3.093
    endloop
  endfacet
  facet normal 0 0 0
    outer loop
      vertex 48.105 55.729 0
      vertex 52.349 57.406 0
      vertex 48.417 55.085 0
    endloop
  endfacet
  facet normal 0 0 0
    outer loop
      vertex 60.225 63.104 3.416
      vertex 60.144 62.429 3.607
      vertex 60.873 63.104 3.093
    endloop
  endfacet
  facet normal 0 0 0
    outer loop
      vertex 60.364 61.408 3.701
      vertex 60.689 62.004 3.539
      vertex 59.909 61.729 3.732
    endloop
  endfacet
  facet normal 0 0 0
    outer loop
      vertex 60.689 62.004 3.539
      vertex 60.144 62.429 3.607
      vertex 59.909 61.729 3.732
    endloop
  endfacet
  facet normal 0 0 0
    outer loop
      vertex 60.144 62.429 3.607
      vertex 59.56 63.004 3.634
      vertex 59.909 61.729 3.732
    endloop
  endfacet
  facet normal 0 0 0
    outer loop
      vertex 58.851 62.863 3.737
      vertex 59.252 62.201 3.749
      vertex 59.56 63.004 3.634
    endloop
  endfacet
  facet normal 0 0 0
    outer loop
      vertex 52.116 65.83 0
      vertex 52.893 66.135 0
      vertex 53.764 61.567 0
    endloop
  endfacet
  facet normal 0 0 0
    outer loop
      vertex 59.56 63.004 3.634
      vertex 59.252 62.201 3.749
      vertex 59.909 61.729 3.732
    endloop
  endfacet
  facet normal 0 0 0
    outer loop
      vertex 47.86 61.098 0
      vertex 52.067 59.058 0
      vertex 47.628 60.173 0
    endloop
  endfacet
  facet normal 0 0 0
    outer loop
      vertex 39.966 40.039 1.384
      vertex 39.966 40.039 2.015
      vertex 38.133 40.017 1.659
    endloop
  endfacet
  facet normal 0 0 0
    outer loop
      vertex 40.027 39.792 1.977
      vertex 39.966 40.039 2.015
      vertex 39.966 40.039 1.384
    endloop
  endfacet
  facet normal 0 0 0
    outer loop
      vertex 40.064 39.807 1.099
      vertex 40.133 39.704 1.284
      vertex 39.966 40.039 1.384
    endloop
  endfacet
  facet normal 0 0 0
    outer loop
      vertex 54.628 61.887 0
      vertex 54.056 66.39 0
      vertex 55.473 61.931 0
    endloop
  endfacet
  facet normal 0 0 0
    outer loop
      vertex 53.764 61.567 0
      vertex 52.893 66.135 0
      vertex 54.628 61.887 0
    endloop
  endfacet
  facet normal 0 0 0
    outer loop
      vertex 49.517 63.969 0
      vertex 52.96 60.978 0
      vertex 48.919 63.226 0
    endloop
  endfacet
  facet normal 0 0 0
    outer loop
      vertex 53.597 35.351 2
      vertex 52.685 35.819 2
      vertex 53.083 35.575 3.75
    endloop
  endfacet
  facet normal 0 0 0
    outer loop
      vertex 53.597 35.351 2
      vertex 53.083 35.575 3.75
      vertex 53.952 35.234 3.75
    endloop
  endfacet
  facet normal 0 0 0
    outer loop
      vertex 53.952 35.234 3.75
      vertex 54.776 35.083 2
      vertex 54.131 35.183 2
    endloop
  endfacet
  facet normal 0 0 0
    outer loop
      vertex 53.952 35.234 3.75
      vertex 54.498 35.109 3.75
      vertex 54.776 35.083 2
    endloop
  endfacet
  facet normal 0 0 0
    outer loop
      vertex 40.148 39.724 2.241
      vertex 40.298 39.605 1.722
      vertex 40.298 39.687 2.272
    endloop
  endfacet
  facet normal 0 0 0
    outer loop
      vertex 54.131 35.183 2
      vertex 53.597 35.351 2
      vertex 53.952 35.234 3.75
    endloop
  endfacet
  facet normal 0 0 0
    outer loop
      vertex 39.981 55.953 0
      vertex 35.966 56.513 0
      vertex 41.466 56.513 0
    endloop
  endfacet
  facet normal 0 0 0
    outer loop
      vertex 39.981 55.953 0
      vertex 41.444 55.895 0
      vertex 40.101 55.591 0
    endloop
  endfacet
  facet normal 0 0 0
    outer loop
      vertex 35.966 56.513 0
      vertex 39.981 55.953 0
      vertex 31.966 55.953 0
    endloop
  endfacet
  facet normal 0 0 0
    outer loop
      vertex 40.298 39.605 1.722
      vertex 40.298 39.617 1.464
      vertex 41.134 39.606 1.593
    endloop
  endfacet
  facet normal 0 0 0
    outer loop
      vertex 41.444 55.895 0
      vertex 39.981 55.953 0
      vertex 41.466 56.513 0
    endloop
  endfacet
  facet normal 0 0 0
    outer loop
      vertex 40.245 55.479 0
      vertex 41.341 55.607 0
      vertex 41.131 55.459 0
    endloop
  endfacet
  facet normal 0 0 0
    outer loop
      vertex 41.444 55.895 0
      vertex 40.245 55.479 0
      vertex 40.101 55.591 0
    endloop
  endfacet
  facet normal 0 0 0
    outer loop
      vertex 41.341 55.607 0
      vertex 40.245 55.479 0
      vertex 41.444 55.895 0
    endloop
  endfacet
  facet normal 0 0 0
    outer loop
      vertex 14 57.501 0
      vertex 14 57.501 3.3
      vertex 14 55 0
    endloop
  endfacet
  facet normal 0 0 0
    outer loop
      vertex 40.298 39.617 1.464
      vertex 40.133 39.704 1.284
      vertex 40.298 39.683 1.127
    endloop
  endfacet
  facet normal 0 0 0
    outer loop
      vertex 14 57.501 3.3
      vertex 14 55 3.3
      vertex 14 55 0
    endloop
  endfacet
  facet normal 0 0 0
    outer loop
      vertex 14 55 0
      vertex 14 55 3.3
      vertex 8.498 55 3.3
    endloop
  endfacet
  facet normal 0 0 0
    outer loop
      vertex 8.498 55 0
      vertex 14 55 0
      vertex 8.498 55 3.3
    endloop
  endfacet
  facet normal 0 0 0
    outer loop
      vertex 8.498 55 3.3
      vertex 8.498 57.501 0
      vertex 8.498 55 0
    endloop
  endfacet
  facet normal 0 0 0
    outer loop
      vertex 8.498 57.501 0
      vertex 8.498 55 3.3
      vertex 8.498 57.501 3.3
    endloop
  endfacet
  facet normal 0 0 0
    outer loop
      vertex 11.752 60.098 3.3
      vertex 12.187 66.801 3.3
      vertex 11.752 67.501 3.3
    endloop
  endfacet
  facet normal 0 0 0
    outer loop
      vertex 10.746 60.098 3.3
      vertex 10.311 66.801 3.3
      vertex 10.311 57.501 3.3
    endloop
  endfacet
  facet normal 0 0 0
    outer loop
      vertex 8.498 55 3.3
      vertex 10.311 57.501 3.3
      vertex 8.498 57.501 3.3
    endloop
  endfacet
  facet normal 0 0 0
    outer loop
      vertex 10.311 57.501 3.3
      vertex 11.752 60.098 3.3
      vertex 10.746 60.098 3.3
    endloop
  endfacet
  facet normal 0 0 0
    outer loop
      vertex 11.752 60.098 3.3
      vertex 10.311 57.501 3.3
      vertex 12.187 57.501 3.3
    endloop
  endfacet
  facet normal 0 0 0
    outer loop
      vertex 12.187 57.501 3.3
      vertex 14 55 3.3
      vertex 14 57.501 3.3
    endloop
  endfacet
  facet normal 0 0 0
    outer loop
      vertex 14 55 3.3
      vertex 12.187 57.501 3.3
      vertex 10.311 57.501 3.3
    endloop
  endfacet
  facet normal 0 0 0
    outer loop
      vertex 10.311 57.501 3.3
      vertex 8.498 55 3.3
      vertex 14 55 3.3
    endloop
  endfacet
  facet normal 0 0 0
    outer loop
      vertex 40.133 39.704 1.284
      vertex 40.064 39.807 1.099
      vertex 40.298 39.683 1.127
    endloop
  endfacet
  facet normal 0 0 0
    outer loop
      vertex 40.133 39.704 1.284
      vertex 40.298 39.617 1.464
      vertex 40.07 39.709 1.619
    endloop
  endfacet
  facet normal 0 0 0
    outer loop
      vertex 41.253 39.643 1.912
      vertex 41.134 39.617 1.936
      vertex 40.298 39.605 1.722
    endloop
  endfacet
  facet normal 0 0 0
    outer loop
      vertex 41.134 39.617 1.936
      vertex 40.298 39.687 2.272
      vertex 40.298 39.605 1.722
    endloop
  endfacet
  facet normal 0 0 0
    outer loop
      vertex 40.07 39.709 1.619
      vertex 40.027 39.792 1.977
      vertex 39.966 40.039 1.384
    endloop
  endfacet
  facet normal 0 0 0
    outer loop
      vertex 9.356 66.801 1.697
      vertex 9.471 66.801 1.014
      vertex 9.408 57.501 1.189
    endloop
  endfacet
  facet normal 0 0 0
    outer loop
      vertex 40.052 39.797 2.221
      vertex 39.966 40.039 2.015
      vertex 40.027 39.792 1.977
    endloop
  endfacet
  facet normal 0 0 0
    outer loop
      vertex 40.052 39.797 2.221
      vertex 40.027 39.792 1.977
      vertex 40.148 39.724 2.241
    endloop
  endfacet
  facet normal 0 0 0
    outer loop
      vertex 40.027 39.792 1.977
      vertex 40.07 39.709 1.619
      vertex 40.298 39.605 1.722
    endloop
  endfacet
  facet normal 0 0 0
    outer loop
      vertex 40.298 39.617 1.464
      vertex 40.298 39.605 1.722
      vertex 40.07 39.709 1.619
    endloop
  endfacet
  facet normal 0 0 0
    outer loop
      vertex 13.09 66.801 1.189
      vertex 13.116 66.801 1.904
      vertex 13.126 57.501 1.372
    endloop
  endfacet
  facet normal 0 0 0
    outer loop
      vertex 40.148 39.724 2.241
      vertex 40.027 39.792 1.977
      vertex 40.298 39.605 1.722
    endloop
  endfacet
  facet normal 0 0 0
    outer loop
      vertex 10.311 57.501 3.3
      vertex 9.905 66.801 2.994
      vertex 9.905 57.501 2.994
    endloop
  endfacet
  facet normal 0 0 0
    outer loop
      vertex 40.133 39.704 1.284
      vertex 40.07 39.709 1.619
      vertex 39.966 40.039 1.384
    endloop
  endfacet
  facet normal 0 0 0
    outer loop
      vertex 11.752 60.098 3.3
      vertex 11.752 60.098 0
      vertex 10.746 60.098 0
    endloop
  endfacet
  facet normal 0 0 0
    outer loop
      vertex 10.746 60.098 3.3
      vertex 11.752 60.098 3.3
      vertex 10.746 60.098 0
    endloop
  endfacet
  facet normal 0 0 0
    outer loop
      vertex 11.752 60.098 0
      vertex 11.752 60.098 3.3
      vertex 11.752 67.501 3.3
    endloop
  endfacet
  facet normal 0 0 0
    outer loop
      vertex 39.99 39.92 1.134
      vertex 40.064 39.807 1.099
      vertex 39.966 40.039 1.384
    endloop
  endfacet
  facet normal 0 0 0
    outer loop
      vertex 10.746 67.501 3.3
      vertex 10.746 60.098 3.3
      vertex 10.746 60.098 0
    endloop
  endfacet
  facet normal 0 0 0
    outer loop
      vertex 9.725 57.501 0.52
      vertex 9.408 57.501 1.189
      vertex 9.471 66.801 1.014
    endloop
  endfacet
  facet normal 0 0 0
    outer loop
      vertex 9.725 66.801 0.52
      vertex 10.311 66.801 0
      vertex 10.311 57.501 0
    endloop
  endfacet
  facet normal 0 0 0
    outer loop
      vertex 40.298 39.974 0.507
      vertex 40.298 39.683 1.127
      vertex 40.042 39.955 0.809
    endloop
  endfacet
  facet normal 0 0 0
    outer loop
      vertex 40.316 40.329 0.107
      vertex 40.245 40.485 0
      vertex 41.131 40.465 0
    endloop
  endfacet
  facet normal 0 0 0
    outer loop
      vertex 9.905 66.801 2.994
      vertex 9.725 57.501 2.78
      vertex 9.905 57.501 2.994
    endloop
  endfacet
  facet normal 0 0 0
    outer loop
      vertex 38.133 40.446 0.459
      vertex 39.981 40.959 0
      vertex 39.967 40.512 0.385
    endloop
  endfacet
  facet normal 0 0 0
    outer loop
      vertex 9.471 66.801 1.014
      vertex 9.725 66.801 0.52
      vertex 9.725 57.501 0.52
    endloop
  endfacet
  facet normal 0 0 0
    outer loop
      vertex 39.981 40.959 0
      vertex 38.133 40.446 0.459
      vertex 35.299 40.555 0.333
    endloop
  endfacet
  facet normal 0 0 0
    outer loop
      vertex 38.133 40.301 0.665
      vertex 38.133 40.446 0.459
      vertex 39.967 40.512 0.385
    endloop
  endfacet
  facet normal 0 0 0
    outer loop
      vertex 8.498 57.501 3.3
      vertex 9.725 57.501 2.78
      vertex 9.408 57.501 2.111
    endloop
  endfacet
  facet normal 0 0 0
    outer loop
      vertex 10.311 57.501 3.3
      vertex 9.905 57.501 2.994
      vertex 8.498 57.501 3.3
    endloop
  endfacet
  facet normal 0 0 0
    outer loop
      vertex 31.966 40.959 0
      vertex 39.981 40.959 0
      vertex 35.299 40.555 0.333
    endloop
  endfacet
  facet normal 0 0 0
    outer loop
      vertex 10.311 57.501 0
      vertex 9.725 57.501 0.52
      vertex 9.725 66.801 0.52
    endloop
  endfacet
  facet normal 0 0 0
    outer loop
      vertex 40.298 39.974 0.507
      vertex 40.09 40.298 0.256
      vertex 40.316 40.329 0.107
    endloop
  endfacet
  facet normal 0 0 0
    outer loop
      vertex 9.356 66.801 1.697
      vertex 9.408 57.501 1.189
      vertex 9.356 57.501 1.603
    endloop
  endfacet
  facet normal 0 0 0
    outer loop
      vertex 9.408 57.501 2.111
      vertex 9.725 57.501 2.78
      vertex 9.408 66.801 2.111
    endloop
  endfacet
  facet normal 0 0 0
    outer loop
      vertex 9.725 57.501 2.78
      vertex 9.905 66.801 2.994
      vertex 9.408 66.801 2.111
    endloop
  endfacet
  facet normal 0 0 0
    outer loop
      vertex 38.133 40.301 0.665
      vertex 39.967 40.512 0.385
      vertex 39.966 40.236 0.785
    endloop
  endfacet
  facet normal 0 0 0
    outer loop
      vertex 39.966 40.236 0.785
      vertex 38.133 40.187 0.888
      vertex 38.133 40.301 0.665
    endloop
  endfacet
  facet normal 0 0 0
    outer loop
      vertex 12.187 57.501 0
      vertex 12.187 66.801 0
      vertex 12.648 66.801 0.382
    endloop
  endfacet
  facet normal 0 0 0
    outer loop
      vertex 9.408 57.501 1.189
      vertex 9.725 57.501 0.52
      vertex 8.498 57.501 0
    endloop
  endfacet
  facet normal 0 0 0
    outer loop
      vertex 8.498 57.501 3.3
      vertex 9.356 57.501 1.603
      vertex 8.498 57.501 0
    endloop
  endfacet
  facet normal 0 0 0
    outer loop
      vertex 39.967 40.512 0.385
      vertex 39.981 40.959 0
      vertex 40.101 40.597 0
    endloop
  endfacet
  facet normal 0 0 0
    outer loop
      vertex 8.498 57.501 0
      vertex 9.725 57.501 0.52
      vertex 10.311 57.501 0
    endloop
  endfacet
  facet normal 0 0 0
    outer loop
      vertex 40.101 40.597 0
      vertex 40.09 40.298 0.256
      vertex 39.967 40.512 0.385
    endloop
  endfacet
  facet normal 0 0 0
    outer loop
      vertex 9.356 57.501 1.603
      vertex 8.498 57.501 3.3
      vertex 9.408 57.501 2.111
    endloop
  endfacet
  facet normal 0 0 0
    outer loop
      vertex 8.498 57.501 0
      vertex 9.356 57.501 1.603
      vertex 9.408 57.501 1.189
    endloop
  endfacet
  facet normal 0 0 0
    outer loop
      vertex 40.245 40.485 0
      vertex 40.316 40.329 0.107
      vertex 40.09 40.298 0.256
    endloop
  endfacet
  facet normal 0 0 0
    outer loop
      vertex 9.725 57.501 2.78
      vertex 8.498 57.501 3.3
      vertex 9.905 57.501 2.994
    endloop
  endfacet
  facet normal 0 0 0
    outer loop
      vertex 40.4 29.949 3.4
      vertex 36.385 30.508 3.4
      vertex 32.385 29.949 3.4
    endloop
  endfacet
  facet normal 0 0 0
    outer loop
      vertex 14 57.501 3.3
      vertex 12.523 57.501 3.056
      vertex 12.187 57.501 3.3
    endloop
  endfacet
  facet normal 0 0 0
    outer loop
      vertex 12.965 57.501 2.461
      vertex 12.523 57.501 3.056
      vertex 14 57.501 3.3
    endloop
  endfacet
  facet normal 0 0 0
    outer loop
      vertex 14 57.501 3.3
      vertex 13.09 57.501 2.111
      vertex 12.965 57.501 2.461
    endloop
  endfacet
  facet normal 0 0 0
    outer loop
      vertex 14 57.501 3.3
      vertex 13.126 57.501 1.372
      vertex 13.09 57.501 2.111
    endloop
  endfacet
  facet normal 0 0 0
    outer loop
      vertex 13.126 57.501 1.372
      vertex 14 57.501 3.3
      vertex 14 57.501 0
    endloop
  endfacet
  facet normal 0 0 0
    outer loop
      vertex 12.965 57.501 2.461
      vertex 13.09 57.501 2.111
      vertex 12.965 66.801 2.461
    endloop
  endfacet
  facet normal 0 0 0
    outer loop
      vertex 12.965 66.801 2.461
      vertex 12.648 66.801 2.918
      vertex 12.965 57.501 2.461
    endloop
  endfacet
  facet normal 0 0 0
    outer loop
      vertex 12.523 57.501 3.056
      vertex 12.965 57.501 2.461
      vertex 12.648 66.801 2.918
    endloop
  endfacet
  facet normal 0 0 0
    outer loop
      vertex 32.385 29.154 2.451
      vertex 37.843 29.068 2.198
      vertex 38.552 29.198 2.55
    endloop
  endfacet
  facet normal 0 0 0
    outer loop
      vertex 12.187 57.501 3.3
      vertex 12.523 57.501 3.056
      vertex 12.187 66.801 3.3
    endloop
  endfacet
  facet normal 0 0 0
    outer loop
      vertex 12.877 57.501 0.674
      vertex 13.09 66.801 1.189
      vertex 13.126 57.501 1.372
    endloop
  endfacet
  facet normal 0 0 0
    outer loop
      vertex 12.877 57.501 0.674
      vertex 12.648 66.801 0.382
      vertex 13.09 66.801 1.189
    endloop
  endfacet
  facet normal 0 0 0
    outer loop
      vertex 12.877 57.501 0.674
      vertex 12.555 57.501 0.278
      vertex 12.648 66.801 0.382
    endloop
  endfacet
  facet normal 0 0 0
    outer loop
      vertex 36.385 31.51 0.001
      vertex 36.385 30.51 0
      vertex 32.385 32.057 0.001
    endloop
  endfacet
  facet normal 0 0 0
    outer loop
      vertex 12.187 57.501 0
      vertex 12.648 66.801 0.382
      vertex 12.555 57.501 0.278
    endloop
  endfacet
  facet normal 0 0 0
    outer loop
      vertex 36.385 31.51 0.001
      vertex 36.385 30.508 3.4
      vertex 36.385 30.51 0
    endloop
  endfacet
  facet normal 0 0 0
    outer loop
      vertex 13.126 57.501 1.372
      vertex 14 57.501 0
      vertex 12.877 57.501 0.674
    endloop
  endfacet
  facet normal 0 0 0
    outer loop
      vertex 14 57.501 0
      vertex 12.555 57.501 0.278
      vertex 12.877 57.501 0.674
    endloop
  endfacet
  facet normal 0 0 0
    outer loop
      vertex 12.555 57.501 0.278
      vertex 14 57.501 0
      vertex 12.187 57.501 0
    endloop
  endfacet
  facet normal 0 0 0
    outer loop
      vertex 19.648 59.811 3.3
      vertex 19.313 65.814 3.3
      vertex 19.313 42.514 3.3
    endloop
  endfacet
  facet normal 0 0 0
    outer loop
      vertex 19.313 65.814 3.3
      vertex 19.648 59.811 3.3
      vertex 19.648 66.514 3.3
    endloop
  endfacet
  facet normal 0 0 0
    outer loop
      vertex 35.718 29.02 1.763
      vertex 32.385 29.011 1.821
      vertex 32.385 29.057 1.257
    endloop
  endfacet
  facet normal 0 0 0
    outer loop
      vertex 21.189 65.814 3.3
      vertex 20.754 66.514 3.3
      vertex 20.754 59.811 3.3
    endloop
  endfacet
  facet normal 0 0 0
    outer loop
      vertex 54.82 37.087 2
      vertex 54.131 35.183 2
      vertex 54.776 35.083 2
    endloop
  endfacet
  facet normal 0 0 0
    outer loop
      vertex 54.276 37.233 2
      vertex 53.597 35.351 2
      vertex 54.131 35.183 2
    endloop
  endfacet
  facet normal 0 0 0
    outer loop
      vertex 53.597 35.351 2
      vertex 54.276 37.233 2
      vertex 52.685 35.819 2
    endloop
  endfacet
  facet normal 0 0 0
    outer loop
      vertex 54.477 36.647 0
      vertex 53.755 36.917 0
      vertex 54.276 37.233 0.5
    endloop
  endfacet
  facet normal 0 0 0
    outer loop
      vertex 54.276 37.233 0.5
      vertex 54.82 37.087 0.5
      vertex 54.477 36.647 0
    endloop
  endfacet
  facet normal 0 0 0
    outer loop
      vertex 54.82 37.087 0.5
      vertex 55.319 36.561 0
      vertex 54.477 36.647 0
    endloop
  endfacet
  facet normal 0 0 0
    outer loop
      vertex 35.718 29.105 1.084
      vertex 32.385 29.057 1.257
      vertex 32.385 29.222 0.801
    endloop
  endfacet
  facet normal 0 0 0
    outer loop
      vertex 56.17 35.146 2
      vertex 56.17 35.146 3.75
      vertex 56.712 35.286 3.75
    endloop
  endfacet
  facet normal 0 0 0
    outer loop
      vertex 35.718 29.02 1.763
      vertex 32.385 29.057 1.257
      vertex 35.718 29.105 1.084
    endloop
  endfacet
  facet normal 0 0 0
    outer loop
      vertex 55.429 35.057 3.75
      vertex 55.615 35.065 2
      vertex 54.776 35.083 2
    endloop
  endfacet
  facet normal 0 0 0
    outer loop
      vertex 36.385 30.51 0
      vertex 32.385 29.95 0
      vertex 32.385 32.057 0.001
    endloop
  endfacet
  facet normal 0 0 0
    outer loop
      vertex 54.498 35.109 3.75
      vertex 55.429 35.057 3.75
      vertex 54.776 35.083 2
    endloop
  endfacet
  facet normal 0 0 0
    outer loop
      vertex 55.615 35.065 2
      vertex 55.429 35.057 3.75
      vertex 56.17 35.146 2
    endloop
  endfacet
  facet normal 0 0 0
    outer loop
      vertex 35.718 29.02 1.763
      vertex 37.843 29.068 2.198
      vertex 32.385 29.154 2.451
    endloop
  endfacet
  facet normal 0 0 0
    outer loop
      vertex 35.718 29.02 1.763
      vertex 32.385 29.154 2.451
      vertex 32.385 29.011 1.821
    endloop
  endfacet
  facet normal 0 0 0
    outer loop
      vertex 55.429 35.057 3.75
      vertex 56.17 35.146 3.75
      vertex 56.17 35.146 2
    endloop
  endfacet
  facet normal 0 0 0
    outer loop
      vertex 37.135 32.83 2.514
      vertex 32.385 32.978 1.984
      vertex 32.385 32.681 2.774
    endloop
  endfacet
  facet normal 0 0 0
    outer loop
      vertex 35.718 32.916 2.278
      vertex 32.385 32.978 1.984
      vertex 37.135 32.83 2.514
    endloop
  endfacet
  facet normal 0 0 0
    outer loop
      vertex 54.82 37.087 2
      vertex 55.615 35.065 2
      vertex 55.664 37.087 2
    endloop
  endfacet
  facet normal 0 0 0
    outer loop
      vertex 55.615 35.065 2
      vertex 54.82 37.087 2
      vertex 54.776 35.083 2
    endloop
  endfacet
  facet normal 0 0 0
    outer loop
      vertex 55.319 36.561 0
      vertex 54.82 37.087 0.5
      vertex 55.664 37.087 0.5
    endloop
  endfacet
  facet normal 0 0 0
    outer loop
      vertex 56.303 36.735 0
      vertex 55.319 36.561 0
      vertex 55.664 37.087 0.5
    endloop
  endfacet
  facet normal 0 0 0
    outer loop
      vertex 40.385 32.97 2.016
      vertex 35.718 32.916 2.278
      vertex 40.385 32.795 2.58
    endloop
  endfacet
  facet normal 0 0 0
    outer loop
      vertex 35.718 32.916 2.278
      vertex 37.135 32.83 2.514
      vertex 40.385 32.795 2.58
    endloop
  endfacet
  facet normal 0 0 0
    outer loop
      vertex 52.063 34.934 3.701
      vertex 53.505 34.334 3.712
      vertex 53.083 35.575 3.75
    endloop
  endfacet
  facet normal 0 0 0
    outer loop
      vertex 55.508 33.769 3.655
      vertex 54.776 34.228 3.732
      vertex 53.77 33.299 3.416
    endloop
  endfacet
  facet normal 0 0 0
    outer loop
      vertex 40.536 32.792 3.101
      vertex 40.409 32.905 2.685
      vertex 40.385 32.795 2.58
    endloop
  endfacet
  facet normal 0 0 0
    outer loop
      vertex 53.505 34.334 3.712
      vertex 53.197 34.044 3.634
      vertex 53.463 33.66 3.539
    endloop
  endfacet
  facet normal 0 0 0
    outer loop
      vertex 40.726 32.971 2.989
      vertex 40.54 33.061 2.733
      vertex 40.536 32.792 3.101
    endloop
  endfacet
  facet normal 0 0 0
    outer loop
      vertex 53.505 34.334 3.712
      vertex 53.463 33.66 3.539
      vertex 53.77 33.299 3.416
    endloop
  endfacet
  facet normal 0 0 0
    outer loop
      vertex 40.536 32.792 3.101
      vertex 40.54 33.061 2.733
      vertex 40.409 32.905 2.685
    endloop
  endfacet
  facet normal 0 0 0
    outer loop
      vertex 40.726 33.158 2.701
      vertex 40.483 33.154 2.456
      vertex 40.54 33.061 2.733
    endloop
  endfacet
  facet normal 0 0 0
    outer loop
      vertex 53.77 33.299 3.416
      vertex 54.776 34.228 3.732
      vertex 53.505 34.334 3.712
    endloop
  endfacet
  facet normal 0 0 0
    outer loop
      vertex 40.726 33.158 2.701
      vertex 40.524 33.241 2.313
      vertex 40.483 33.154 2.456
    endloop
  endfacet
  facet normal 0 0 0
    outer loop
      vertex 40.726 33.158 2.701
      vertex 40.726 33.296 2.387
      vertex 40.524 33.241 2.313
    endloop
  endfacet
  facet normal 0 0 0
    outer loop
      vertex 53.505 34.334 3.712
      vertex 54.498 35.109 3.75
      vertex 53.952 35.234 3.75
    endloop
  endfacet
  facet normal 0 0 0
    outer loop
      vertex 40.726 33.158 2.701
      vertex 40.54 33.061 2.733
      vertex 40.726 32.971 2.989
    endloop
  endfacet
  facet normal 0 0 0
    outer loop
      vertex 40.598 33.37 1.912
      vertex 40.726 33.296 2.387
      vertex 40.726 33.411 1.712
    endloop
  endfacet
  facet normal 0 0 0
    outer loop
      vertex 53.197 34.044 3.634
      vertex 52.923 33.277 3.267
      vertex 53.463 33.66 3.539
    endloop
  endfacet
  facet normal 0 0 0
    outer loop
      vertex 40.483 33.154 2.456
      vertex 40.409 32.905 2.685
      vertex 40.54 33.061 2.733
    endloop
  endfacet
  facet normal 0 0 0
    outer loop
      vertex 20.754 59.811 3.3
      vertex 21.189 42.514 3.3
      vertex 21.189 65.814 3.3
    endloop
  endfacet
  facet normal 0 0 0
    outer loop
      vertex 20.754 59.811 3.3
      vertex 19.313 42.514 3.3
      vertex 21.189 42.514 3.3
    endloop
  endfacet
  facet normal 0 0 0
    outer loop
      vertex 40.483 33.154 2.456
      vertex 40.524 33.241 2.313
      vertex 40.409 33.15 2.044
    endloop
  endfacet
  facet normal 0 0 0
    outer loop
      vertex 40.726 33.296 2.387
      vertex 40.598 33.37 1.912
      vertex 40.524 33.241 2.313
    endloop
  endfacet
  facet normal 0 0 0
    outer loop
      vertex 19.648 59.811 0
      vertex 19.648 66.514 3.3
      vertex 19.648 59.811 3.3
    endloop
  endfacet
  facet normal 0 0 0
    outer loop
      vertex 19.648 66.514 3.3
      vertex 19.648 59.811 0
      vertex 19.648 67.014 2.8
    endloop
  endfacet
  facet normal 0 0 0
    outer loop
      vertex 19.313 42.514 3.3
      vertex 19.313 65.814 3.3
      vertex 18.907 65.814 2.994
    endloop
  endfacet
  facet normal 0 0 0
    outer loop
      vertex 40.524 33.241 2.313
      vertex 40.598 33.37 1.912
      vertex 40.409 33.15 2.044
    endloop
  endfacet
  facet normal 0 0 0
    outer loop
      vertex 40.385 32.97 2.016
      vertex 32.385 32.978 1.984
      vertex 35.718 32.916 2.278
    endloop
  endfacet
  facet normal 0 0 0
    outer loop
      vertex 32.385 32.763 0.768
      vertex 32.385 32.995 1.539
      vertex 40.385 32.97 1.387
    endloop
  endfacet
  facet normal 0 0 0
    outer loop
      vertex 40.125 66.711 0.987
      vertex 40.307 66.885 1.37
      vertex 40.307 66.669 0.72
    endloop
  endfacet
  facet normal 0 0 0
    outer loop
      vertex 57.234 61.23 0
      vertex 58.908 65.578 0
      vertex 60.806 64.145 0
    endloop
  endfacet
  facet normal 0 0 0
    outer loop
      vertex 54.056 66.39 0
      vertex 54.628 61.887 0
      vertex 52.893 66.135 0
    endloop
  endfacet
  facet normal 0 0 0
    outer loop
      vertex 47.628 60.173 0
      vertex 52.067 59.058 0
      vertex 47.525 58.035 0
    endloop
  endfacet
  facet normal 0 0 0
    outer loop
      vertex 39.966 66.347 0.93
      vertex 31.966 66.263 0.768
      vertex 39.966 66.445 1.23
    endloop
  endfacet
  facet normal 0 0 0
    outer loop
      vertex 40.021 66.586 0.929
      vertex 39.966 66.347 0.93
      vertex 39.966 66.445 1.23
    endloop
  endfacet
  facet normal 0 0 0
    outer loop
      vertex 41.134 66.411 0.337
      vertex 40.298 66.439 0.37
      vertex 40.307 66.669 0.72
    endloop
  endfacet
  facet normal 0 0 0
    outer loop
      vertex 52.325 60.021 0
      vertex 47.86 61.098 0
      vertex 48.919 63.226 0
    endloop
  endfacet
  facet normal 0 0 0
    outer loop
      vertex 52.96 60.978 0
      vertex 49.517 63.969 0
      vertex 53.764 61.567 0
    endloop
  endfacet
  facet normal 0 0 0
    outer loop
      vertex 52.325 60.021 0
      vertex 48.919 63.226 0
      vertex 52.96 60.978 0
    endloop
  endfacet
  facet normal 0 0 0
    outer loop
      vertex 40.021 66.586 0.929
      vertex 40.021 66.323 0.489
      vertex 39.966 66.347 0.93
    endloop
  endfacet
  facet normal 0 0 0
    outer loop
      vertex 40.021 66.323 0.489
      vertex 39.966 66.099 0.495
      vertex 39.966 66.347 0.93
    endloop
  endfacet
  facet normal 0 0 0
    outer loop
      vertex 52.349 57.406 0
      vertex 47.671 57.092 0
      vertex 52.091 58.212 0
    endloop
  endfacet
  facet normal 0 0 0
    outer loop
      vertex 39.966 66.445 1.23
      vertex 40.01 66.719 1.583
      vertex 40.021 66.586 0.929
    endloop
  endfacet
  facet normal 0 0 0
    outer loop
      vertex 52.091 58.212 0
      vertex 47.525 58.035 0
      vertex 52.067 59.058 0
    endloop
  endfacet
  facet normal 0 0 0
    outer loop
      vertex 52.067 59.058 0
      vertex 47.86 61.098 0
      vertex 52.325 60.021 0
    endloop
  endfacet
  facet normal 0 0 0
    outer loop
      vertex 52.091 58.212 0
      vertex 47.671 57.092 0
      vertex 47.525 58.035 0
    endloop
  endfacet
  facet normal 0 0 0
    outer loop
      vertex 53.764 61.567 0
      vertex 49.517 63.969 0
      vertex 52.116 65.83 0
    endloop
  endfacet
  facet normal 0 0 0
    outer loop
      vertex 40.125 66.711 0.987
      vertex 40.298 66.439 0.37
      vertex 40.021 66.586 0.929
    endloop
  endfacet
  facet normal 0 0 0
    outer loop
      vertex 58.908 65.578 0
      vertex 55.473 61.931 0
      vertex 57.014 66.284 0
    endloop
  endfacet
  facet normal 0 0 0
    outer loop
      vertex 55.837 66.467 0
      vertex 55.473 61.931 0
      vertex 54.056 66.39 0
    endloop
  endfacet
  facet normal 0 0 0
    outer loop
      vertex 58.908 65.578 0
      vertex 57.234 61.23 0
      vertex 55.473 61.931 0
    endloop
  endfacet
  facet normal 0 0 0
    outer loop
      vertex 57.014 66.284 0
      vertex 55.473 61.931 0
      vertex 55.837 66.467 0
    endloop
  endfacet
  facet normal 0 0 0
    outer loop
      vertex 40.298 66.439 0.37
      vertex 40.125 66.711 0.987
      vertex 40.307 66.669 0.72
    endloop
  endfacet
  facet normal 0 0 0
    outer loop
      vertex 58.363 59.44 0
      vertex 62.067 62.415 0
      vertex 62.813 60.408 0
    endloop
  endfacet
  facet normal 0 0 0
    outer loop
      vertex 61.49 63.319 0
      vertex 58.363 59.44 0
      vertex 57.234 61.23 0
    endloop
  endfacet
  facet normal 0 0 0
    outer loop
      vertex 57.234 61.23 0
      vertex 60.806 64.145 0
      vertex 61.49 63.319 0
    endloop
  endfacet
  facet normal 0 0 0
    outer loop
      vertex 40.298 66.439 0.37
      vertex 40.29 66.27 0.189
      vertex 40.117 66.293 0.299
    endloop
  endfacet
  facet normal 0 0 0
    outer loop
      vertex 62.067 62.415 0
      vertex 58.363 59.44 0
      vertex 61.49 63.319 0
    endloop
  endfacet
  facet normal 0 0 0
    outer loop
      vertex 62.813 60.408 0
      vertex 58.437 58.827 0
      vertex 58.363 59.44 0
    endloop
  endfacet
  facet normal 0 0 0
    outer loop
      vertex 58.437 58.827 0
      vertex 62.813 57.092 0
      vertex 58.312 57.914 0
    endloop
  endfacet
  facet normal 0 0 0
    outer loop
      vertex 41.116 66.187 0.109
      vertex 40.276 66.048 0.001
      vertex 40.734 66.233 0.152
    endloop
  endfacet
  facet normal 0 0 0
    outer loop
      vertex 62.988 58.75 0
      vertex 58.437 58.827 0
      vertex 62.813 60.408 0
    endloop
  endfacet
  facet normal 0 0 0
    outer loop
      vertex 40.734 66.233 0.152
      vertex 40.276 66.048 0.001
      vertex 40.29 66.27 0.189
    endloop
  endfacet
  facet normal 0 0 0
    outer loop
      vertex 52.855 56.635 0
      vertex 48.417 55.085 0
      vertex 52.349 57.406 0
    endloop
  endfacet
  facet normal 0 0 0
    outer loop
      vertex 40.021 66.586 0.929
      vertex 40.298 66.439 0.37
      vertex 40.021 66.323 0.489
    endloop
  endfacet
  facet normal 0 0 0
    outer loop
      vertex 49.517 53.531 0
      vertex 52.855 56.635 0
      vertex 50.963 52.293 0
    endloop
  endfacet
  facet normal 0 0 0
    outer loop
      vertex 49.517 53.531 0
      vertex 48.417 55.085 0
      vertex 52.855 56.635 0
    endloop
  endfacet
  facet normal 0 0 0
    outer loop
      vertex 47.671 57.092 0
      vertex 52.349 57.406 0
      vertex 48.105 55.729 0
    endloop
  endfacet
  facet normal 0 0 0
    outer loop
      vertex 39.966 66.099 0.495
      vertex 40.021 66.323 0.489
      vertex 40.117 66.293 0.299
    endloop
  endfacet
  facet normal 0 0 0
    outer loop
      vertex 39.968 65.98 0.355
      vertex 39.966 66.099 0.495
      vertex 40.117 66.293 0.299
    endloop
  endfacet
  facet normal 0 0 0
    outer loop
      vertex 50.963 52.293 0
      vertex 53.755 55.917 0
      vertex 52.399 51.577 0
    endloop
  endfacet
  facet normal 0 0 0
    outer loop
      vertex 40.117 66.293 0.299
      vertex 40.021 66.323 0.489
      vertex 40.298 66.439 0.37
    endloop
  endfacet
  facet normal 0 0 0
    outer loop
      vertex 40.29 66.27 0.189
      vertex 40.276 66.048 0.001
      vertex 40.117 66.293 0.299
    endloop
  endfacet
  facet normal 0 0 0
    outer loop
      vertex 53.755 55.917 0
      vertex 50.963 52.293 0
      vertex 52.855 56.635 0
    endloop
  endfacet
  facet normal 0 0 0
    outer loop
      vertex 38.133 65.961 0.331
      vertex 31.966 66.263 0.768
      vertex 39.966 66.099 0.495
    endloop
  endfacet
  facet normal 0 0 0
    outer loop
      vertex 39.966 66.347 0.93
      vertex 39.966 66.099 0.495
      vertex 31.966 66.263 0.768
    endloop
  endfacet
  facet normal 0 0 0
    outer loop
      vertex 40.084 65.895 0.001
      vertex 41.131 66.052 0.001
      vertex 39.981 65.557 0.001
    endloop
  endfacet
  facet normal 0 0 0
    outer loop
      vertex 41.131 66.052 0.001
      vertex 40.084 65.895 0.001
      vertex 40.276 66.048 0.001
    endloop
  endfacet
  facet normal 0 0 0
    outer loop
      vertex 55.003 51.007 0
      vertex 54.477 55.647 0
      vertex 55.319 55.561 0
    endloop
  endfacet
  facet normal 0 0 0
    outer loop
      vertex 40.276 66.048 0.001
      vertex 40.084 65.895 0.001
      vertex 40.117 66.293 0.299
    endloop
  endfacet
  facet normal 0 0 0
    outer loop
      vertex 40.117 66.293 0.299
      vertex 40.084 65.895 0.001
      vertex 39.981 65.557 0.001
    endloop
  endfacet
  facet normal 0 0 0
    outer loop
      vertex 39.968 65.98 0.355
      vertex 40.117 66.293 0.299
      vertex 39.981 65.557 0.001
    endloop
  endfacet
  facet normal 0 0 0
    outer loop
      vertex 54.477 55.647 0
      vertex 55.003 51.007 0
      vertex 52.399 51.577 0
    endloop
  endfacet
  facet normal 0 0 0
    outer loop
      vertex 52.399 51.577 0
      vertex 53.755 55.917 0
      vertex 54.477 55.647 0
    endloop
  endfacet
  facet normal 0 0 0
    outer loop
      vertex 56.311 51.084 0
      vertex 56.303 55.735 0
      vertex 57.362 51.299 0
    endloop
  endfacet
  facet normal 0 0 0
    outer loop
      vertex 56.303 55.735 0
      vertex 56.311 51.084 0
      vertex 55.319 55.561 0
    endloop
  endfacet
  facet normal 0 0 0
    outer loop
      vertex 39.968 65.98 0.355
      vertex 39.981 65.557 0.001
      vertex 35.299 65.901 0.273
    endloop
  endfacet
  facet normal 0 0 0
    outer loop
      vertex 39.968 65.98 0.355
      vertex 35.299 65.901 0.273
      vertex 38.133 65.961 0.331
    endloop
  endfacet
  facet normal 0 0 0
    outer loop
      vertex 58.368 51.67 0
      vertex 57.112 56.176 0
      vertex 59.521 52.293 0
    endloop
  endfacet
  facet normal 0 0 0
    outer loop
      vertex 55.003 51.007 0
      vertex 55.319 55.561 0
      vertex 56.311 51.084 0
    endloop
  endfacet
  facet normal 0 0 0
    outer loop
      vertex 38.133 65.961 0.331
      vertex 39.966 66.099 0.495
      vertex 39.968 65.98 0.355
    endloop
  endfacet
  facet normal 0 0 0
    outer loop
      vertex 57.112 56.176 0
      vertex 61.041 53.624 0
      vertex 60.282 52.867 0
    endloop
  endfacet
  facet normal 0 0 0
    outer loop
      vertex 35.966 65.01 0.001
      vertex 41.466 65.008 3.401
      vertex 35.966 65.008 3.401
    endloop
  endfacet
  facet normal 0 0 0
    outer loop
      vertex 35.966 64.008 3.4
      vertex 41.466 64.01 0
      vertex 35.966 64.01 0
    endloop
  endfacet
  facet normal 0 0 0
    outer loop
      vertex 62.501 56.065 0
      vertex 58.312 57.914 0
      vertex 62.813 57.092 0
    endloop
  endfacet
  facet normal 0 0 0
    outer loop
      vertex 58.312 57.914 0
      vertex 62.501 56.065 0
      vertex 57.91 57.002 0
    endloop
  endfacet
  facet normal 0 0 0
    outer loop
      vertex 62.813 57.092 0
      vertex 58.437 58.827 0
      vertex 62.988 58.75 0
    endloop
  endfacet
  facet normal 0 0 0
    outer loop
      vertex 35.299 62.568 1.204
      vertex 38.133 62.508 1.659
      vertex 36.716 62.547 2.116
    endloop
  endfacet
  facet normal 0 0 0
    outer loop
      vertex 57.112 56.176 0
      vertex 58.368 51.67 0
      vertex 56.303 55.735 0
    endloop
  endfacet
  facet normal 0 0 0
    outer loop
      vertex 61.885 54.777 0
      vertex 57.91 57.002 0
      vertex 62.501 56.065 0
    endloop
  endfacet
  facet normal 0 0 0
    outer loop
      vertex 57.91 57.002 0
      vertex 61.885 54.777 0
      vertex 61.041 53.624 0
    endloop
  endfacet
  facet normal 0 0 0
    outer loop
      vertex 57.362 51.299 0
      vertex 56.303 55.735 0
      vertex 58.368 51.67 0
    endloop
  endfacet
  facet normal 0 0 0
    outer loop
      vertex 35.299 62.568 1.204
      vertex 38.133 62.937 0.459
      vertex 38.133 62.792 0.665
    endloop
  endfacet
  facet normal 0 0 0
    outer loop
      vertex 59.521 52.293 0
      vertex 57.112 56.176 0
      vertex 60.282 52.867 0
    endloop
  endfacet
  facet normal 0 0 0
    outer loop
      vertex 61.041 53.624 0
      vertex 57.112 56.176 0
      vertex 57.91 57.002 0
    endloop
  endfacet
  facet normal 0 0 0
    outer loop
      vertex 35.299 63.046 0.333
      vertex 38.133 62.937 0.459
      vertex 35.299 62.568 1.204
    endloop
  endfacet
  facet normal 0 0 0
    outer loop
      vertex 40.245 40.485 0
      vertex 40.09 40.298 0.256
      vertex 40.101 40.597 0
    endloop
  endfacet
  facet normal 0 0 0
    outer loop
      vertex 54.776 34.228 3.732
      vertex 54.498 35.109 3.75
      vertex 53.505 34.334 3.712
    endloop
  endfacet
  facet normal 0 0 0
    outer loop
      vertex 41.134 39.752 0.924
      vertex 40.298 39.683 1.127
      vertex 40.298 39.974 0.507
    endloop
  endfacet
  facet normal 0 0 0
    outer loop
      vertex 40.09 40.298 0.256
      vertex 40.042 39.955 0.809
      vertex 39.967 40.512 0.385
    endloop
  endfacet
  facet normal 0 0 0
    outer loop
      vertex 53.505 34.334 3.712
      vertex 53.952 35.234 3.75
      vertex 53.083 35.575 3.75
    endloop
  endfacet
  facet normal 0 0 0
    outer loop
      vertex 40.064 39.807 1.099
      vertex 39.99 39.92 1.134
      vertex 40.042 39.955 0.809
    endloop
  endfacet
  facet normal 0 0 0
    outer loop
      vertex 40.042 39.955 0.809
      vertex 39.966 40.236 0.785
      vertex 39.967 40.512 0.385
    endloop
  endfacet
  facet normal 0 0 0
    outer loop
      vertex 40.09 40.298 0.256
      vertex 40.298 39.974 0.507
      vertex 40.042 39.955 0.809
    endloop
  endfacet
  facet normal 0 0 0
    outer loop
      vertex 54.498 35.109 3.75
      vertex 54.776 34.228 3.732
      vertex 55.429 35.057 3.75
    endloop
  endfacet
  facet normal 0 0 0
    outer loop
      vertex 40.042 39.955 0.809
      vertex 40.298 39.683 1.127
      vertex 40.064 39.807 1.099
    endloop
  endfacet
  facet normal 0 0 0
    outer loop
      vertex 39.99 39.92 1.134
      vertex 39.966 40.039 1.384
      vertex 40.042 39.955 0.809
    endloop
  endfacet
  facet normal 0 0 0
    outer loop
      vertex 53.77 33.299 3.416
      vertex 53.658 32.81 3.093
      vertex 54.71 32.655 3.093
    endloop
  endfacet
  facet normal 0 0 0
    outer loop
      vertex 39.966 40.039 1.384
      vertex 39.966 40.236 0.785
      vertex 40.042 39.955 0.809
    endloop
  endfacet
  facet normal 0 0 0
    outer loop
      vertex 39.966 40.236 0.785
      vertex 39.966 40.039 1.384
      vertex 38.133 40.187 0.888
    endloop
  endfacet
  facet normal 0 0 0
    outer loop
      vertex 53.658 32.81 3.093
      vertex 53.99 32.212 2.561
      vertex 54.71 32.655 3.093
    endloop
  endfacet
  facet normal 0 0 0
    outer loop
      vertex 53.77 33.299 3.416
      vertex 53.314 33.15 3.267
      vertex 53.658 32.81 3.093
    endloop
  endfacet
  facet normal 0 0 0
    outer loop
      vertex 53.314 33.15 3.267
      vertex 53.77 33.299 3.416
      vertex 53.463 33.66 3.539
    endloop
  endfacet
  facet normal 0 0 0
    outer loop
      vertex 53.463 33.66 3.539
      vertex 52.923 33.277 3.267
      vertex 53.314 33.15 3.267
    endloop
  endfacet
  facet normal 0 0 0
    outer loop
      vertex 41.412 43.925 2.785
      vertex 41.443 43.682 2.989
      vertex 41.378 44.044 2.669
    endloop
  endfacet
  facet normal 0 0 0
    outer loop
      vertex 52.923 33.277 3.267
      vertex 52.715 32.697 2.728
      vertex 53.314 33.15 3.267
    endloop
  endfacet
  facet normal 0 0 0
    outer loop
      vertex 41.253 44.204 2.565
      vertex 41.116 44.336 2.295
      vertex 41.129 44.196 2.638
    endloop
  endfacet
  facet normal 0 0 0
    outer loop
      vertex 53.563 32.394 2.676
      vertex 53.658 32.81 3.093
      vertex 53.314 33.15 3.267
    endloop
  endfacet
  facet normal 0 0 0
    outer loop
      vertex 40.298 44.161 2.71
      vertex 41.129 44.196 2.638
      vertex 41.116 44.336 2.295
    endloop
  endfacet
  facet normal 0 0 0
    outer loop
      vertex 53.076 32.334 2.438
      vertex 53.563 32.394 2.676
      vertex 53.314 33.15 3.267
    endloop
  endfacet
  facet normal 0 0 0
    outer loop
      vertex 41.125 43.993 2.972
      vertex 41.129 44.196 2.638
      vertex 40.298 44.161 2.71
    endloop
  endfacet
  facet normal 0 0 0
    outer loop
      vertex 53.314 33.15 3.267
      vertex 52.715 32.697 2.728
      vertex 53.076 32.334 2.438
    endloop
  endfacet
  facet normal 0 0 0
    outer loop
      vertex 41.116 44.336 2.295
      vertex 40.298 44.387 2.064
      vertex 40.298 44.161 2.71
    endloop
  endfacet
  facet normal 0 0 0
    outer loop
      vertex 40.385 32.97 2.016
      vertex 40.385 32.97 1.387
      vertex 32.385 32.978 1.984
    endloop
  endfacet
  facet normal 0 0 0
    outer loop
      vertex 56.417 34.425 3.738
      vertex 56.017 34.032 3.701
      vertex 56.468 33.525 3.539
    endloop
  endfacet
  facet normal 0 0 0
    outer loop
      vertex 56.468 33.525 3.539
      vertex 56.941 33.934 3.634
      vertex 56.417 34.425 3.738
    endloop
  endfacet
  facet normal 0 0 0
    outer loop
      vertex 40.483 33.154 2.456
      vertex 40.409 33.15 2.044
      vertex 40.409 32.905 2.685
    endloop
  endfacet
  facet normal 0 0 0
    outer loop
      vertex 56.571 33.004 3.267
      vertex 56.907 33.346 3.416
      vertex 56.468 33.525 3.539
    endloop
  endfacet
  facet normal 0 0 0
    outer loop
      vertex 56.571 33.004 3.267
      vertex 56.468 33.525 3.539
      vertex 56.165 32.937 3.267
    endloop
  endfacet
  facet normal 0 0 0
    outer loop
      vertex 56.907 33.346 3.416
      vertex 57.089 32.644 2.895
      vertex 57.442 32.98 3.093
    endloop
  endfacet
  facet normal 0 0 0
    outer loop
      vertex 57.442 32.98 3.093
      vertex 57.089 32.644 2.895
      vertex 57.655 32.322 2.314
    endloop
  endfacet
  facet normal 0 0 0
    outer loop
      vertex 57.089 32.644 2.895
      vertex 56.907 33.346 3.416
      vertex 56.661 32.546 2.895
    endloop
  endfacet
  facet normal 0 0 0
    outer loop
      vertex 40.385 32.97 2.016
      vertex 40.385 32.795 2.58
      vertex 40.409 32.905 2.685
    endloop
  endfacet
  facet normal 0 0 0
    outer loop
      vertex 56.907 33.346 3.416
      vertex 57.659 33.59 3.416
      vertex 56.941 33.934 3.634
    endloop
  endfacet
  facet normal 0 0 0
    outer loop
      vertex 40.385 32.97 2.016
      vertex 40.409 32.905 2.685
      vertex 40.409 33.15 2.044
    endloop
  endfacet
  facet normal 0 0 0
    outer loop
      vertex 56.571 33.004 3.267
      vertex 56.661 32.546 2.895
      vertex 56.907 33.346 3.416
    endloop
  endfacet
  facet normal 0 0 0
    outer loop
      vertex 40.409 33.15 2.044
      vertex 40.413 33.189 1.719
      vertex 40.385 32.97 2.016
    endloop
  endfacet
  facet normal 0 0 0
    outer loop
      vertex 47.534 39.286 2.438
      vertex 47.392 40.456 2.183
      vertex 47.235 39.99 1.914
    endloop
  endfacet
  facet normal 0 0 0
    outer loop
      vertex 40.598 33.37 1.912
      vertex 40.413 33.189 1.719
      vertex 40.409 33.15 2.044
    endloop
  endfacet
  facet normal 0 0 0
    outer loop
      vertex 47.392 40.456 2.183
      vertex 47.219 40.959 1.633
      vertex 47.235 39.99 1.914
    endloop
  endfacet
  facet normal 0 0 0
    outer loop
      vertex 47.088 40.484 1.344
      vertex 47.235 39.99 1.914
      vertex 47.219 40.959 1.633
    endloop
  endfacet
  facet normal 0 0 0
    outer loop
      vertex 47.036 39.735 1.177
      vertex 47.088 40.484 1.344
      vertex 47.103 41.101 0.5
    endloop
  endfacet
  facet normal 0 0 0
    outer loop
      vertex 40.413 33.189 1.719
      vertex 40.385 32.97 1.387
      vertex 40.385 32.97 2.016
    endloop
  endfacet
  facet normal 0 0 0
    outer loop
      vertex 47 40.12 0.5
      vertex 47.036 39.735 1.177
      vertex 47.103 41.101 0.5
    endloop
  endfacet
  facet normal 0 0 0
    outer loop
      vertex 47.234 41.452 1.344
      vertex 47.088 40.484 1.344
      vertex 47.219 40.959 1.633
    endloop
  endfacet
  facet normal 0 0 0
    outer loop
      vertex 47.219 40.959 1.633
      vertex 47.406 41.416 1.914
      vertex 47.234 41.452 1.344
    endloop
  endfacet
  facet normal 0 0 0
    outer loop
      vertex 40.385 32.97 1.387
      vertex 40.413 33.189 1.719
      vertex 40.449 33.24 1.423
    endloop
  endfacet
  facet normal 0 0 0
    outer loop
      vertex 40.449 33.24 1.423
      vertex 40.394 33.075 1.298
      vertex 40.385 32.97 1.387
    endloop
  endfacet
  facet normal 0 0 0
    outer loop
      vertex 47.534 39.286 2.438
      vertex 47.644 38.371 2.438
      vertex 48.153 39.112 3.093
    endloop
  endfacet
  facet normal 0 0 0
    outer loop
      vertex 48.699 38.764 3.416
      vertex 48.652 39.157 3.416
      vertex 48.153 39.112 3.093
    endloop
  endfacet
  facet normal 0 0 0
    outer loop
      vertex 40.41 33.057 1.026
      vertex 40.385 32.847 0.93
      vertex 40.385 32.97 1.387
    endloop
  endfacet
  facet normal 0 0 0
    outer loop
      vertex 40.394 33.075 1.298
      vertex 40.41 33.057 1.026
      vertex 40.385 32.97 1.387
    endloop
  endfacet
  facet normal 0 0 0
    outer loop
      vertex 48.614 37.921 3.267
      vertex 48.699 38.764 3.416
      vertex 48.153 39.112 3.093
    endloop
  endfacet
  facet normal 0 0 0
    outer loop
      vertex 40.394 33.075 1.298
      vertex 40.449 33.24 1.423
      vertex 40.483 33.165 0.984
    endloop
  endfacet
  facet normal 0 0 0
    outer loop
      vertex 48.614 37.921 3.267
      vertex 49.636 37.648 3.655
      vertex 49.68 38.215 3.701
    endloop
  endfacet
  facet normal 0 0 0
    outer loop
      vertex 49.18 39.113 3.624
      vertex 48.699 38.764 3.416
      vertex 48.614 37.921 3.267
    endloop
  endfacet
  facet normal 0 0 0
    outer loop
      vertex 40.394 33.075 1.298
      vertex 40.483 33.165 0.984
      vertex 40.41 33.057 1.026
    endloop
  endfacet
  facet normal 0 0 0
    outer loop
      vertex 49.598 38.55 3.701
      vertex 49.18 39.113 3.624
      vertex 48.614 37.921 3.267
    endloop
  endfacet
  facet normal 0 0 0
    outer loop
      vertex 40.598 33.37 1.912
      vertex 40.598 33.31 1.156
      vertex 40.413 33.189 1.719
    endloop
  endfacet
  facet normal 0 0 0
    outer loop
      vertex 40.598 33.37 1.912
      vertex 40.726 33.411 1.712
      vertex 40.598 33.31 1.156
    endloop
  endfacet
  facet normal 0 0 0
    outer loop
      vertex 49.598 38.55 3.701
      vertex 48.614 37.921 3.267
      vertex 49.68 38.215 3.701
    endloop
  endfacet
  facet normal 0 0 0
    outer loop
      vertex 48.153 39.112 3.093
      vertex 48.164 37.797 2.895
      vertex 48.614 37.921 3.267
    endloop
  endfacet
  facet normal 0 0 0
    outer loop
      vertex 40.449 33.24 1.423
      vertex 40.413 33.189 1.719
      vertex 40.598 33.31 1.156
    endloop
  endfacet
  facet normal 0 0 0
    outer loop
      vertex 40.726 33.303 1.036
      vertex 40.483 33.165 0.984
      vertex 40.598 33.31 1.156
    endloop
  endfacet
  facet normal 0 0 0
    outer loop
      vertex 40.726 33.303 1.036
      vertex 40.598 33.31 1.156
      vertex 40.726 33.411 1.712
    endloop
  endfacet
  facet normal 0 0 0
    outer loop
      vertex 40.483 33.165 0.984
      vertex 40.449 33.24 1.423
      vertex 40.598 33.31 1.156
    endloop
  endfacet
  facet normal 0 0 0
    outer loop
      vertex 47.644 38.371 2.438
      vertex 47.76 37.685 2.372
      vertex 48.153 39.112 3.093
    endloop
  endfacet
  facet normal 0 0 0
    outer loop
      vertex 47.534 39.286 2.438
      vertex 47.249 39.271 1.914
      vertex 47.644 38.371 2.438
    endloop
  endfacet
  facet normal 0 0 0
    outer loop
      vertex 47.76 37.685 2.372
      vertex 48.164 37.797 2.895
      vertex 48.153 39.112 3.093
    endloop
  endfacet
  facet normal 0 0 0
    outer loop
      vertex 40.385 32.847 0.93
      vertex 32.385 32.763 0.768
      vertex 40.385 32.97 1.387
    endloop
  endfacet
  facet normal 0 0 0
    outer loop
      vertex 48.614 37.921 3.267
      vertex 48.164 37.797 2.895
      vertex 48.656 37.051 3.093
    endloop
  endfacet
  facet normal 0 0 0
    outer loop
      vertex 40.44 32.999 0.752
      vertex 40.385 32.847 0.93
      vertex 40.41 33.057 1.026
    endloop
  endfacet
  facet normal 0 0 0
    outer loop
      vertex 47.931 37.253 2.438
      vertex 48.26 36.889 2.676
      vertex 48.656 37.051 3.093
    endloop
  endfacet
  facet normal 0 0 0
    outer loop
      vertex 40.44 32.999 0.752
      vertex 40.41 33.057 1.026
      vertex 40.483 33.165 0.984
    endloop
  endfacet
  facet normal 0 0 0
    outer loop
      vertex 40.385 32.847 0.93
      vertex 40.44 32.999 0.752
      vertex 40.44 32.823 0.489
    endloop
  endfacet
  facet normal 0 0 0
    outer loop
      vertex 48.164 37.797 2.895
      vertex 47.931 37.253 2.438
      vertex 48.656 37.051 3.093
    endloop
  endfacet
  facet normal 0 0 0
    outer loop
      vertex 47.76 37.685 2.372
      vertex 47.931 37.253 2.438
      vertex 48.164 37.797 2.895
    endloop
  endfacet
  facet normal 0 0 0
    outer loop
      vertex 47.661 37.161 1.914
      vertex 48.26 36.889 2.676
      vertex 47.931 37.253 2.438
    endloop
  endfacet
  facet normal 0 0 0
    outer loop
      vertex 48.656 37.051 3.093
      vertex 48.98 37.611 3.416
      vertex 48.614 37.921 3.267
    endloop
  endfacet
  facet normal 0 0 0
    outer loop
      vertex 47.76 37.685 2.372
      vertex 47.644 38.371 2.438
      vertex 47.406 38.084 1.914
    endloop
  endfacet
  facet normal 0 0 0
    outer loop
      vertex 47.661 37.161 1.914
      vertex 47.931 37.253 2.438
      vertex 47.76 37.685 2.372
    endloop
  endfacet
  facet normal 0 0 0
    outer loop
      vertex 40.298 44.387 2.064
      vertex 41.116 44.336 2.295
      vertex 41.134 44.394 2.022
    endloop
  endfacet
  facet normal 0 0 0
    outer loop
      vertex 41.116 44.336 2.295
      vertex 41.253 44.204 2.565
      vertex 41.134 44.394 2.022
    endloop
  endfacet
  facet normal 0 0 0
    outer loop
      vertex 41.378 44.044 2.669
      vertex 41.125 43.993 2.972
      vertex 41.412 43.925 2.785
    endloop
  endfacet
  facet normal 0 0 0
    outer loop
      vertex 48.98 37.611 3.416
      vertex 49.636 37.648 3.655
      vertex 48.614 37.921 3.267
    endloop
  endfacet
  facet normal 0 0 0
    outer loop
      vertex 48.98 37.611 3.416
      vertex 49.511 37.201 3.566
      vertex 49.636 37.648 3.655
    endloop
  endfacet
  facet normal 0 0 0
    outer loop
      vertex 41.46 43.683 0.522
      vertex 41.466 43.749 0.671
      vertex 41.443 43.682 2.989
    endloop
  endfacet
  facet normal 0 0 0
    outer loop
      vertex 41.46 44.051 1.23
      vertex 41.456 44.103 2.032
      vertex 41.443 43.682 2.989
    endloop
  endfacet
  facet normal 0 0 0
    outer loop
      vertex 48.98 37.611 3.416
      vertex 48.656 37.051 3.093
      vertex 49.511 37.201 3.566
    endloop
  endfacet
  facet normal 0 0 0
    outer loop
      vertex 47.406 38.084 1.914
      vertex 47.249 39.271 1.914
      vertex 47.088 39.016 1.344
    endloop
  endfacet
  facet normal 0 0 0
    outer loop
      vertex 47.088 39.016 1.344
      vertex 47.147 38.53 1.344
      vertex 47.406 38.084 1.914
    endloop
  endfacet
  facet normal 0 0 0
    outer loop
      vertex 47.147 38.53 1.344
      vertex 47.234 38.048 1.344
      vertex 47.406 38.084 1.914
    endloop
  endfacet
  facet normal 0 0 0
    outer loop
      vertex 47.088 39.016 1.344
      vertex 47.041 38.888 0.5
      vertex 47.147 38.53 1.344
    endloop
  endfacet
  facet normal 0 0 0
    outer loop
      vertex 47.234 38.048 1.344
      vertex 47.35 37.572 1.344
      vertex 47.406 38.084 1.914
    endloop
  endfacet
  facet normal 0 0 0
    outer loop
      vertex 41.125 43.993 2.972
      vertex 41.237 43.771 3.19
      vertex 41.443 43.682 2.989
    endloop
  endfacet
  facet normal 0 0 0
    outer loop
      vertex 47.249 39.271 1.914
      vertex 47.406 38.084 1.914
      vertex 47.644 38.371 2.438
    endloop
  endfacet
  facet normal 0 0 0
    outer loop
      vertex 41.237 43.771 3.19
      vertex 41.33 43.424 3.401
      vertex 41.443 43.682 2.989
    endloop
  endfacet
  facet normal 0 0 0
    outer loop
      vertex 47.147 38.53 1.344
      vertex 47.341 37.442 0.5
      vertex 47.234 38.048 1.344
    endloop
  endfacet
  facet normal 0 0 0
    outer loop
      vertex 47.341 37.442 0.5
      vertex 47.35 37.572 1.344
      vertex 47.234 38.048 1.344
    endloop
  endfacet
  facet normal 0 0 0
    outer loop
      vertex 41.237 43.771 3.19
      vertex 41.131 43.559 3.401
      vertex 41.33 43.424 3.401
    endloop
  endfacet
  facet normal 0 0 0
    outer loop
      vertex 47.041 38.888 0.5
      vertex 47.341 37.442 0.5
      vertex 47.147 38.53 1.344
    endloop
  endfacet
  facet normal 0 0 0
    outer loop
      vertex 41.237 43.771 3.19
      vertex 41.125 43.993 2.972
      vertex 41.131 43.559 3.401
    endloop
  endfacet
  facet normal 0 0 0
    outer loop
      vertex 47.341 37.442 0.5
      vertex 47.495 37.104 1.344
      vertex 47.35 37.572 1.344
    endloop
  endfacet
  facet normal 0 0 0
    outer loop
      vertex 47.341 37.442 0.5
      vertex 47.637 36.6 1.011
      vertex 47.495 37.104 1.344
    endloop
  endfacet
  facet normal 0 0 0
    outer loop
      vertex 41.412 43.925 2.785
      vertex 41.125 43.993 2.972
      vertex 41.443 43.682 2.989
    endloop
  endfacet
  facet normal 0 0 0
    outer loop
      vertex 41.33 43.424 3.401
      vertex 41.465 43.11 3.285
      vertex 41.443 43.682 2.989
    endloop
  endfacet
  facet normal 0 0 0
    outer loop
      vertex 41.125 43.993 2.972
      vertex 41.378 44.044 2.669
      vertex 41.253 44.204 2.565
    endloop
  endfacet
  facet normal 0 0 0
    outer loop
      vertex 41.33 43.424 3.401
      vertex 41.437 43.153 3.401
      vertex 41.465 43.11 3.285
    endloop
  endfacet
  facet normal 0 0 0
    outer loop
      vertex 47.637 36.6 1.011
      vertex 47.661 37.161 1.914
      vertex 47.495 37.104 1.344
    endloop
  endfacet
  facet normal 0 0 0
    outer loop
      vertex 47.495 37.104 1.344
      vertex 47.661 37.161 1.914
      vertex 47.35 37.572 1.344
    endloop
  endfacet
  facet normal 0 0 0
    outer loop
      vertex 41.253 44.204 2.565
      vertex 41.129 44.196 2.638
      vertex 41.125 43.993 2.972
    endloop
  endfacet
  facet normal 0 0 0
    outer loop
      vertex 47.35 37.572 1.344
      vertex 47.661 37.161 1.914
      vertex 47.76 37.685 2.372
    endloop
  endfacet
  facet normal 0 0 0
    outer loop
      vertex 41.131 43.559 3.401
      vertex 41.125 43.993 2.972
      vertex 40.298 44.161 2.71
    endloop
  endfacet
  facet normal 0 0 0
    outer loop
      vertex 47.406 38.084 1.914
      vertex 47.35 37.572 1.344
      vertex 47.76 37.685 2.372
    endloop
  endfacet
  facet normal 0 0 0
    outer loop
      vertex 40.307 43.749 3.243
      vertex 41.131 43.559 3.401
      vertex 40.298 44.161 2.71
    endloop
  endfacet
  facet normal 0 0 0
    outer loop
      vertex 40.296 43.558 3.401
      vertex 41.131 43.559 3.401
      vertex 40.307 43.749 3.243
    endloop
  endfacet
  facet normal 0 0 0
    outer loop
      vertex 41.378 44.044 2.669
      vertex 41.368 44.289 1.985
      vertex 41.253 44.204 2.565
    endloop
  endfacet
  facet normal 0 0 0
    outer loop
      vertex 41.443 43.682 2.989
      vertex 41.456 44.103 2.032
      vertex 41.378 44.044 2.669
    endloop
  endfacet
  facet normal 0 0 0
    outer loop
      vertex 47.341 37.442 0.5
      vertex 47.525 39.035 0
      vertex 47.671 38.092 0
    endloop
  endfacet
  facet normal 0 0 0
    outer loop
      vertex 47.041 38.888 0.5
      vertex 47.525 39.035 0
      vertex 47.341 37.442 0.5
    endloop
  endfacet
  facet normal 0 0 0
    outer loop
      vertex 41.368 44.289 1.985
      vertex 41.378 44.044 2.669
      vertex 41.456 44.103 2.032
    endloop
  endfacet
  facet normal 0 0 0
    outer loop
      vertex 47.088 39.016 1.344
      vertex 47 40.12 0.5
      vertex 47.041 38.888 0.5
    endloop
  endfacet
  facet normal 0 0 0
    outer loop
      vertex 47 40.12 0.5
      vertex 47.525 39.035 0
      vertex 47.041 38.888 0.5
    endloop
  endfacet
  facet normal 0 0 0
    outer loop
      vertex 40.298 44.387 2.064
      vertex 41.125 44.42 1.691
      vertex 40.307 44.394 1.37
    endloop
  endfacet
  facet normal 0 0 0
    outer loop
      vertex 40.298 44.387 2.064
      vertex 41.134 44.394 2.022
      vertex 41.125 44.42 1.691
    endloop
  endfacet
  facet normal 0 0 0
    outer loop
      vertex 41.374 44.241 1.239
      vertex 41.253 44.339 1.238
      vertex 41.125 44.42 1.691
    endloop
  endfacet
  facet normal 0 0 0
    outer loop
      vertex 49.465 34.389 2.183
      vertex 49.571 35.087 2.895
      vertex 48.862 35.4 2.438
    endloop
  endfacet
  facet normal 0 0 0
    outer loop
      vertex 41.125 44.42 1.691
      vertex 41.368 44.289 1.985
      vertex 41.374 44.241 1.239
    endloop
  endfacet
  facet normal 0 0 0
    outer loop
      vertex 41.368 44.289 1.985
      vertex 41.134 44.394 2.022
      vertex 41.253 44.204 2.565
    endloop
  endfacet
  facet normal 0 0 0
    outer loop
      vertex 48.024 36.274 1.914
      vertex 48.494 35.988 2.438
      vertex 48.26 36.889 2.676
    endloop
  endfacet
  facet normal 0 0 0
    outer loop
      vertex 48.494 35.988 2.438
      vertex 48.656 37.051 3.093
      vertex 48.26 36.889 2.676
    endloop
  endfacet
  facet normal 0 0 0
    outer loop
      vertex 41.374 44.241 1.239
      vertex 41.134 44.329 1.087
      vertex 41.253 44.339 1.238
    endloop
  endfacet
  facet normal 0 0 0
    outer loop
      vertex 41.368 44.289 1.985
      vertex 41.125 44.42 1.691
      vertex 41.134 44.394 2.022
    endloop
  endfacet
  facet normal 0 0 0
    outer loop
      vertex 48.656 37.051 3.093
      vertex 48.494 35.988 2.438
      vertex 48.829 36.174 2.895
    endloop
  endfacet
  facet normal 0 0 0
    outer loop
      vertex 48.862 35.4 2.438
      vertex 49.055 35.797 2.895
      vertex 48.829 36.174 2.895
    endloop
  endfacet
  facet normal 0 0 0
    outer loop
      vertex 41.374 44.241 1.239
      vertex 41.456 44.103 2.032
      vertex 41.46 44.051 1.23
    endloop
  endfacet
  facet normal 0 0 0
    outer loop
      vertex 41.374 44.241 1.239
      vertex 41.368 44.289 1.985
      vertex 41.456 44.103 2.032
    endloop
  endfacet
  facet normal 0 0 0
    outer loop
      vertex 41.253 44.339 1.238
      vertex 41.134 44.329 1.087
      vertex 41.125 44.42 1.691
    endloop
  endfacet
  facet normal 0 0 0
    outer loop
      vertex 48.494 35.988 2.438
      vertex 48.862 35.4 2.438
      vertex 48.829 36.174 2.895
    endloop
  endfacet
  facet normal 0 0 0
    outer loop
      vertex 40.307 44.394 1.37
      vertex 41.134 44.329 1.087
      vertex 40.307 44.178 0.72
    endloop
  endfacet
  facet normal 0 0 0
    outer loop
      vertex 40.307 44.394 1.37
      vertex 41.125 44.42 1.691
      vertex 41.134 44.329 1.087
    endloop
  endfacet
  facet normal 0 0 0
    outer loop
      vertex 41.46 44.051 1.23
      vertex 41.443 43.682 2.989
      vertex 41.466 43.749 0.671
    endloop
  endfacet
  facet normal 0 0 0
    outer loop
      vertex 20.754 59.811 0
      vertex 20.754 67.015 2.8
      vertex 20.754 66.514 0
    endloop
  endfacet
  facet normal 0 0 0
    outer loop
      vertex 20.754 66.514 3.3
      vertex 20.754 59.811 0
      vertex 20.754 59.811 3.3
    endloop
  endfacet
  facet normal 0 0 0
    outer loop
      vertex 21.65 65.814 2.918
      vertex 21.189 65.814 3.3
      vertex 21.525 42.514 3.056
    endloop
  endfacet
  facet normal 0 0 0
    outer loop
      vertex 41.368 44.1 0.838
      vertex 41.16 44.212 0.798
      vertex 41.253 44.237 0.915
    endloop
  endfacet
  facet normal 0 0 0
    outer loop
      vertex 41.253 44.237 0.915
      vertex 41.374 44.241 1.239
      vertex 41.368 44.1 0.838
    endloop
  endfacet
  facet normal 0 0 0
    outer loop
      vertex 41.374 44.241 1.239
      vertex 41.253 44.237 0.915
      vertex 41.134 44.329 1.087
    endloop
  endfacet
  facet normal 0 0 0
    outer loop
      vertex 41.368 44.1 0.838
      vertex 41.374 44.241 1.239
      vertex 41.46 44.051 1.23
    endloop
  endfacet
  facet normal 0 0 0
    outer loop
      vertex 47.525 39.035 0
      vertex 52.091 39.212 0
      vertex 47.671 38.092 0
    endloop
  endfacet
  facet normal 0 0 0
    outer loop
      vertex 41.16 44.212 0.798
      vertex 41.134 44.329 1.087
      vertex 41.253 44.237 0.915
    endloop
  endfacet
  facet normal 0 0 0
    outer loop
      vertex 41.134 44.329 1.087
      vertex 41.16 44.212 0.798
      vertex 40.307 44.178 0.72
    endloop
  endfacet
  facet normal 0 0 0
    outer loop
      vertex 41.466 43.556 0.444
      vertex 41.46 43.683 0.522
      vertex 41.443 43.682 2.989
    endloop
  endfacet
  facet normal 0 0 0
    outer loop
      vertex 47.86 42.098 0
      vertex 52.067 40.058 0
      vertex 47.628 41.173 0
    endloop
  endfacet
  facet normal 0 0 0
    outer loop
      vertex 41.466 43.556 0.444
      vertex 41.443 43.628 0.358
      vertex 41.46 43.683 0.522
    endloop
  endfacet
  facet normal 0 0 0
    outer loop
      vertex 48.919 44.226 0
      vertex 52.325 41.021 0
      vertex 47.86 42.098 0
    endloop
  endfacet
  facet normal 0 0 0
    outer loop
      vertex 41.466 43.749 0.671
      vertex 41.46 43.683 0.522
      vertex 41.344 43.842 0.375
    endloop
  endfacet
  facet normal 0 0 0
    outer loop
      vertex 52.96 41.978 0
      vertex 48.919 44.226 0
      vertex 49.517 44.969 0
    endloop
  endfacet
  facet normal 0 0 0
    outer loop
      vertex 41.443 43.682 2.989
      vertex 41.465 43.11 3.285
      vertex 41.463 43.362 0.266
    endloop
  endfacet
  facet normal 0 0 0
    outer loop
      vertex 41.465 43.11 3.285
      vertex 41.457 43.004 0.001
      vertex 41.463 43.362 0.266
    endloop
  endfacet
  facet normal 0 0 0
    outer loop
      vertex 49.517 44.969 0
      vertex 53.764 42.567 0
      vertex 52.96 41.978 0
    endloop
  endfacet
  facet normal 0 0 0
    outer loop
      vertex 52.325 41.021 0
      vertex 48.919 44.226 0
      vertex 52.96 41.978 0
    endloop
  endfacet
  facet normal 0 0 0
    outer loop
      vertex 52.893 47.135 0
      vertex 53.764 42.567 0
      vertex 52.116 46.83 0
    endloop
  endfacet
  facet normal 0 0 0
    outer loop
      vertex 55.473 42.931 0
      vertex 54.056 47.39 0
      vertex 55.837 47.467 0
    endloop
  endfacet
  facet normal 0 0 0
    outer loop
      vertex 54.056 47.39 0
      vertex 54.628 42.887 0
      vertex 52.893 47.135 0
    endloop
  endfacet
  facet normal 0 0 0
    outer loop
      vertex 53.764 42.567 0
      vertex 49.517 44.969 0
      vertex 52.116 46.83 0
    endloop
  endfacet
  facet normal 0 0 0
    outer loop
      vertex 54.056 47.39 0
      vertex 55.473 42.931 0
      vertex 54.628 42.887 0
    endloop
  endfacet
  facet normal 0 0 0
    outer loop
      vertex 53.764 42.567 0
      vertex 52.893 47.135 0
      vertex 54.628 42.887 0
    endloop
  endfacet
  facet normal 0 0 0
    outer loop
      vertex 41.466 43.749 0.671
      vertex 41.399 43.979 0.677
      vertex 41.368 44.1 0.838
    endloop
  endfacet
  facet normal 0 0 0
    outer loop
      vertex 41.368 44.1 0.838
      vertex 41.46 44.051 1.23
      vertex 41.466 43.749 0.671
    endloop
  endfacet
  facet normal 0 0 0
    outer loop
      vertex 41.463 43.362 0.266
      vertex 41.443 43.628 0.358
      vertex 41.466 43.556 0.444
    endloop
  endfacet
  facet normal 0 0 0
    outer loop
      vertex 58.908 46.578 0
      vertex 55.473 42.931 0
      vertex 57.014 47.284 0
    endloop
  endfacet
  facet normal 0 0 0
    outer loop
      vertex 57.014 47.284 0
      vertex 55.473 42.931 0
      vertex 55.837 47.467 0
    endloop
  endfacet
  facet normal 0 0 0
    outer loop
      vertex 55.473 42.931 0
      vertex 58.908 46.578 0
      vertex 57.234 42.23 0
    endloop
  endfacet
  facet normal 0 0 0
    outer loop
      vertex 41.253 43.641 0.102
      vertex 41.344 43.842 0.375
      vertex 41.443 43.628 0.358
    endloop
  endfacet
  facet normal 0 0 0
    outer loop
      vertex 57.234 42.23 0
      vertex 58.908 46.578 0
      vertex 60.806 45.145 0
    endloop
  endfacet
  facet normal 0 0 0
    outer loop
      vertex 57.234 42.23 0
      vertex 60.806 45.145 0
      vertex 61.49 44.319 0
    endloop
  endfacet
  facet normal 0 0 0
    outer loop
      vertex 61.49 44.319 0
      vertex 58.363 40.44 0
      vertex 57.234 42.23 0
    endloop
  endfacet
  facet normal 0 0 0
    outer loop
      vertex 41.344 43.842 0.375
      vertex 41.46 43.683 0.522
      vertex 41.443 43.628 0.358
    endloop
  endfacet
  facet normal 0 0 0
    outer loop
      vertex 62.067 43.415 0
      vertex 58.363 40.44 0
      vertex 61.49 44.319 0
    endloop
  endfacet
  facet normal 0 0 0
    outer loop
      vertex 41.466 43.749 0.671
      vertex 41.344 43.842 0.375
      vertex 41.315 43.962 0.492
    endloop
  endfacet
  facet normal 0 0 0
    outer loop
      vertex 52.067 40.058 0
      vertex 47.86 42.098 0
      vertex 52.325 41.021 0
    endloop
  endfacet
  facet normal 0 0 0
    outer loop
      vertex 41.315 43.962 0.492
      vertex 41.399 43.979 0.677
      vertex 41.466 43.749 0.671
    endloop
  endfacet
  facet normal 0 0 0
    outer loop
      vertex 52.091 39.212 0
      vertex 47.525 39.035 0
      vertex 52.067 40.058 0
    endloop
  endfacet
  facet normal 0 0 0
    outer loop
      vertex 52.067 40.058 0
      vertex 47.525 39.035 0
      vertex 47.628 41.173 0
    endloop
  endfacet
  facet normal 0 0 0
    outer loop
      vertex 41.344 43.842 0.375
      vertex 41.134 43.92 0.337
      vertex 41.315 43.962 0.492
    endloop
  endfacet
  facet normal 0 0 0
    outer loop
      vertex 40.734 43.742 0.152
      vertex 40.29 43.779 0.189
      vertex 41.134 43.92 0.337
    endloop
  endfacet
  facet normal 0 0 0
    outer loop
      vertex 48.417 36.085 0
      vertex 52.349 38.406 0
      vertex 52.855 37.635 0
    endloop
  endfacet
  facet normal 0 0 0
    outer loop
      vertex 52.091 39.212 0
      vertex 52.349 38.406 0
      vertex 47.671 38.092 0
    endloop
  endfacet
  facet normal 0 0 0
    outer loop
      vertex 41.368 44.1 0.838
      vertex 41.399 43.979 0.677
      vertex 41.134 43.92 0.337
    endloop
  endfacet
  facet normal 0 0 0
    outer loop
      vertex 41.368 44.1 0.838
      vertex 41.134 43.92 0.337
      vertex 41.16 44.212 0.798
    endloop
  endfacet
  facet normal 0 0 0
    outer loop
      vertex 41.134 43.92 0.337
      vertex 40.307 44.178 0.72
      vertex 41.16 44.212 0.798
    endloop
  endfacet
  facet normal 0 0 0
    outer loop
      vertex 41.399 43.979 0.677
      vertex 41.315 43.962 0.492
      vertex 41.134 43.92 0.337
    endloop
  endfacet
  facet normal 0 0 0
    outer loop
      vertex 18.727 65.814 0.52
      vertex 19.313 65.814 0
      vertex 19.313 42.514 0
    endloop
  endfacet
  facet normal 0 0 0
    outer loop
      vertex 41.131 43.561 0.001
      vertex 40.084 43.404 0.001
      vertex 40.276 43.557 0.001
    endloop
  endfacet
  facet normal 0 0 0
    outer loop
      vertex 41.195 43.545 0.001
      vertex 41.131 43.561 0.001
      vertex 41.152 43.659 0.08
    endloop
  endfacet
  facet normal 0 0 0
    outer loop
      vertex 41.152 43.659 0.08
      vertex 41.253 43.641 0.102
      vertex 41.195 43.545 0.001
    endloop
  endfacet
  facet normal 0 0 0
    outer loop
      vertex 41.221 43.777 0.205
      vertex 41.253 43.641 0.102
      vertex 40.734 43.742 0.152
    endloop
  endfacet
  facet normal 0 0 0
    outer loop
      vertex 41.221 43.777 0.205
      vertex 40.734 43.742 0.152
      vertex 41.134 43.92 0.337
    endloop
  endfacet
  facet normal 0 0 0
    outer loop
      vertex 41.134 43.92 0.337
      vertex 41.344 43.842 0.375
      vertex 41.221 43.777 0.205
    endloop
  endfacet
  facet normal 0 0 0
    outer loop
      vertex 41.344 43.842 0.375
      vertex 41.253 43.641 0.102
      vertex 41.221 43.777 0.205
    endloop
  endfacet
  facet normal 0 0 0
    outer loop
      vertex 20.754 59.811 0
      vertex 19.648 59.811 3.3
      vertex 20.754 59.811 3.3
    endloop
  endfacet
  facet normal 0 0 0
    outer loop
      vertex 19.648 59.811 3.3
      vertex 20.754 59.811 0
      vertex 19.648 59.811 0
    endloop
  endfacet
  facet normal 0 0 0
    outer loop
      vertex 21.189 65.814 3.3
      vertex 21.189 42.514 3.3
      vertex 21.525 42.514 3.056
    endloop
  endfacet
  facet normal 0 0 0
    outer loop
      vertex 38.133 62.508 1.659
      vertex 39.966 62.53 2.015
      vertex 36.716 62.547 2.116
    endloop
  endfacet
  facet normal 0 0 0
    outer loop
      vertex 35.966 65.01 0.001
      vertex 39.981 65.557 0.001
      vertex 41.466 65.01 0.001
    endloop
  endfacet
  facet normal 0 0 0
    outer loop
      vertex 35.966 65.01 0.001
      vertex 41.466 65.01 0.001
      vertex 41.466 65.008 3.401
    endloop
  endfacet
  facet normal 0 0 0
    outer loop
      vertex 21.879 42.514 0.674
      vertex 21.557 42.514 0.278
      vertex 21.65 65.814 0.382
    endloop
  endfacet
  facet normal 0 0 0
    outer loop
      vertex 40.077 63.122 3.4
      vertex 41.365 63.14 3.4
      vertex 39.981 63.449 3.4
    endloop
  endfacet
  facet normal 0 0 0
    outer loop
      vertex 41.16 62.961 3.4
      vertex 40.286 62.958 3.4
      vertex 40.298 62.711 3.19
    endloop
  endfacet
  facet normal 0 0 0
    outer loop
      vertex 40.298 62.711 3.19
      vertex 41.125 62.781 3.256
      vertex 41.16 62.961 3.4
    endloop
  endfacet
  facet normal 0 0 0
    outer loop
      vertex 40.117 62.553 2.909
      vertex 40.298 62.711 3.19
      vertex 40.286 62.958 3.4
    endloop
  endfacet
  facet normal 0 0 0
    outer loop
      vertex 18.473 65.814 1.014
      vertex 18.727 65.814 0.52
      vertex 18.671 42.514 0.594
    endloop
  endfacet
  facet normal 0 0 0
    outer loop
      vertex 40.286 62.958 3.4
      vertex 40.077 63.122 3.4
      vertex 40.117 62.553 2.909
    endloop
  endfacet
  facet normal 0 0 0
    outer loop
      vertex 21.879 42.514 0.674
      vertex 21.65 65.814 0.382
      vertex 22.029 65.814 1.014
    endloop
  endfacet
  facet normal 0 0 0
    outer loop
      vertex 62.022 63.447 0.825
      vertex 62.387 62.875 0.5
      vertex 61.205 64.451 0.5
    endloop
  endfacet
  facet normal 0 0 0
    outer loop
      vertex 61.205 64.451 0.5
      vertex 62.387 62.875 0.5
      vertex 61.49 63.319 0
    endloop
  endfacet
  facet normal 0 0 0
    outer loop
      vertex 31 59.498 2.485
      vertex 31 58.989 3.275
      vertex 31 59.32 2.979
    endloop
  endfacet
  facet normal 0 0 0
    outer loop
      vertex 31 58.562 3.398
      vertex 31 58.989 3.275
      vertex 31 59.498 2.485
    endloop
  endfacet
  facet normal 0 0 0
    outer loop
      vertex 31 59.498 0.78
      vertex 31 58.562 3.398
      vertex 31 59.498 2.485
    endloop
  endfacet
  facet normal 0 0 0
    outer loop
      vertex 31 58.562 3.398
      vertex 31 59.498 0.78
      vertex 31 59.423 0.471
    endloop
  endfacet
  facet normal 0 0 0
    outer loop
      vertex 31 58.562 3.398
      vertex 31 59.423 0.471
      vertex 31 59.007 0.001
    endloop
  endfacet
  facet normal 0 0 0
    outer loop
      vertex 31 58.562 3.398
      vertex 31 54.841 3.144
      vertex 31 55.229 3.359
    endloop
  endfacet
  facet normal 0 0 0
    outer loop
      vertex 31 58.562 3.398
      vertex 31 54.678 2.953
      vertex 31 54.841 3.144
    endloop
  endfacet
  facet normal 0 0 0
    outer loop
      vertex 31 58.562 3.398
      vertex 31 54.509 2.456
      vertex 31 54.678 2.953
    endloop
  endfacet
  facet normal 0 0 0
    outer loop
      vertex 31 54.509 2.456
      vertex 31 58.562 3.398
      vertex 31 54.509 0.944
    endloop
  endfacet
  facet normal 0 0 0
    outer loop
      vertex 31 58.562 3.398
      vertex 31 59.007 0.001
      vertex 31 55.339 0.016
    endloop
  endfacet
  facet normal 0 0 0
    outer loop
      vertex 31 58.562 3.398
      vertex 31 54.547 0.724
      vertex 31 54.509 0.944
    endloop
  endfacet
  facet normal 0 0 0
    outer loop
      vertex 31 58.562 3.398
      vertex 31 54.762 0.335
      vertex 31 54.547 0.724
    endloop
  endfacet
  facet normal 0 0 0
    outer loop
      vertex 31 54.762 0.335
      vertex 31 58.562 3.398
      vertex 31 55.124 0.077
    endloop
  endfacet
  facet normal 0 0 0
    outer loop
      vertex 31 55.124 0.077
      vertex 31 58.562 3.398
      vertex 31 55.339 0.016
    endloop
  endfacet
  facet normal 0 0 0
    outer loop
      vertex 62.207 62.911 1.633
      vertex 61.874 62.712 2.438
      vertex 62.237 62.381 2.183
    endloop
  endfacet
  facet normal 0 0 0
    outer loop
      vertex 61.874 62.712 2.438
      vertex 62.207 62.911 1.633
      vertex 61.625 63.102 2.438
    endloop
  endfacet
  facet normal 0 0 0
    outer loop
      vertex 56.165 32.937 3.267
      vertex 55.508 33.769 3.655
      vertex 53.77 33.299 3.416
    endloop
  endfacet
  facet normal 0 0 0
    outer loop
      vertex 56.255 32.273 2.676
      vertex 56.165 32.937 3.267
      vertex 55.349 32.579 3.04
    endloop
  endfacet
  facet normal 0 0 0
    outer loop
      vertex 61.625 63.102 2.438
      vertex 61.248 63.997 1.98
      vertex 60.617 64.045 2.676
    endloop
  endfacet
  facet normal 0 0 0
    outer loop
      vertex 56.255 32.273 2.676
      vertex 56.571 33.004 3.267
      vertex 56.165 32.937 3.267
    endloop
  endfacet
  facet normal 0 0 0
    outer loop
      vertex 56.165 32.937 3.267
      vertex 53.77 33.299 3.416
      vertex 54.71 32.655 3.093
    endloop
  endfacet
  facet normal 0 0 0
    outer loop
      vertex 56.255 32.273 2.676
      vertex 56.661 32.546 2.895
      vertex 56.571 33.004 3.267
    endloop
  endfacet
  facet normal 0 0 0
    outer loop
      vertex 56.417 34.425 3.738
      vertex 55.801 34.407 3.744
      vertex 56.017 34.032 3.701
    endloop
  endfacet
  facet normal 0 0 0
    outer loop
      vertex 56.907 33.346 3.416
      vertex 56.941 33.934 3.634
      vertex 56.468 33.525 3.539
    endloop
  endfacet
  facet normal 0 0 0
    outer loop
      vertex 61.607 62.054 3.04
      vertex 62.173 61.836 2.614
      vertex 62.237 62.381 2.183
    endloop
  endfacet
  facet normal 0 0 0
    outer loop
      vertex 62.237 62.381 2.183
      vertex 61.545 62.516 2.895
      vertex 61.607 62.054 3.04
    endloop
  endfacet
  facet normal 0 0 0
    outer loop
      vertex 62.237 62.381 2.183
      vertex 61.874 62.712 2.438
      vertex 61.545 62.516 2.895
    endloop
  endfacet
  facet normal 0 0 0
    outer loop
      vertex 56.017 34.032 3.701
      vertex 55.508 33.769 3.655
      vertex 56.468 33.525 3.539
    endloop
  endfacet
  facet normal 0 0 0
    outer loop
      vertex 61.874 62.712 2.438
      vertex 61.625 63.102 2.438
      vertex 61.545 62.516 2.895
    endloop
  endfacet
  facet normal 0 0 0
    outer loop
      vertex 56.017 34.032 3.701
      vertex 55.801 34.407 3.744
      vertex 55.508 33.769 3.655
    endloop
  endfacet
  facet normal 0 0 0
    outer loop
      vertex 60.873 63.104 3.093
      vertex 61.545 62.516 2.895
      vertex 61.625 63.102 2.438
    endloop
  endfacet
  facet normal 0 0 0
    outer loop
      vertex 55.801 34.407 3.744
      vertex 54.776 34.228 3.732
      vertex 55.508 33.769 3.655
    endloop
  endfacet
  facet normal 0 0 0
    outer loop
      vertex 55.801 34.407 3.744
      vertex 55.429 35.057 3.75
      vertex 54.776 34.228 3.732
    endloop
  endfacet
  facet normal 0 0 0
    outer loop
      vertex 62.443 62.487 1.633
      vertex 62.907 61.627 1.344
      vertex 62.548 62.542 1.048
    endloop
  endfacet
  facet normal 0 0 0
    outer loop
      vertex 56.941 33.934 3.634
      vertex 56.712 35.286 3.75
      vertex 56.417 34.425 3.738
    endloop
  endfacet
  facet normal 0 0 0
    outer loop
      vertex 56.17 35.146 3.75
      vertex 55.801 34.407 3.744
      vertex 56.417 34.425 3.738
    endloop
  endfacet
  facet normal 0 0 0
    outer loop
      vertex 62.006 63.362 1.344
      vertex 62.022 63.447 0.825
      vertex 61.205 64.451 0.5
    endloop
  endfacet
  facet normal 0 0 0
    outer loop
      vertex 61.205 64.451 0.5
      vertex 61.407 64.136 1.344
      vertex 62.006 63.362 1.344
    endloop
  endfacet
  facet normal 0 0 0
    outer loop
      vertex 56.17 35.146 3.75
      vertex 55.429 35.057 3.75
      vertex 55.801 34.407 3.744
    endloop
  endfacet
  facet normal 0 0 0
    outer loop
      vertex 62.006 63.362 1.344
      vertex 61.407 64.136 1.344
      vertex 61.861 63.263 1.914
    endloop
  endfacet
  facet normal 0 0 0
    outer loop
      vertex 56.417 34.425 3.738
      vertex 56.712 35.286 3.75
      vertex 56.17 35.146 3.75
    endloop
  endfacet
  facet normal 0 0 0
    outer loop
      vertex 61.861 63.263 1.914
      vertex 62.207 62.911 1.633
      vertex 62.006 63.362 1.344
    endloop
  endfacet
  facet normal 0 0 0
    outer loop
      vertex 55.508 33.769 3.655
      vertex 56.165 32.937 3.267
      vertex 56.468 33.525 3.539
    endloop
  endfacet
  facet normal 0 0 0
    outer loop
      vertex 58.437 39.827 0
      vertex 58.312 38.914 0
      vertex 57.905 39.328 0.5
    endloop
  endfacet
  facet normal 0 0 0
    outer loop
      vertex 58.437 39.827 0
      vertex 57.905 39.328 0.5
      vertex 57.905 40.172 0.5
    endloop
  endfacet
  facet normal 0 0 0
    outer loop
      vertex 62.173 61.836 2.614
      vertex 62.742 61.565 1.914
      vertex 62.56 62.008 1.914
    endloop
  endfacet
  facet normal 0 0 0
    outer loop
      vertex 58.363 40.44 0
      vertex 58.437 39.827 0
      vertex 57.905 40.172 0.5
    endloop
  endfacet
  facet normal 0 0 0
    outer loop
      vertex 58.363 40.44 0
      vertex 57.905 40.172 0.5
      vertex 57.759 40.716 0.5
    endloop
  endfacet
  facet normal 0 0 0
    outer loop
      vertex 62.173 61.836 2.614
      vertex 62.56 62.008 1.914
      vertex 62.237 62.381 2.183
    endloop
  endfacet
  facet normal 0 0 0
    outer loop
      vertex 62.443 62.487 1.633
      vertex 62.237 62.381 2.183
      vertex 62.56 62.008 1.914
    endloop
  endfacet
  facet normal 0 0 0
    outer loop
      vertex 57.234 42.23 0
      vertex 58.363 40.44 0
      vertex 57.149 41.657 0.5
    endloop
  endfacet
  facet normal 0 0 0
    outer loop
      vertex 62.443 62.487 1.633
      vertex 62.207 62.911 1.633
      vertex 62.237 62.381 2.183
    endloop
  endfacet
  facet normal 0 0 0
    outer loop
      vertex 58.363 40.44 0
      vertex 57.759 40.716 0.5
      vertex 57.503 41.219 0.5
    endloop
  endfacet
  facet normal 0 0 0
    outer loop
      vertex 62.742 61.565 1.914
      vertex 62.907 61.627 1.344
      vertex 62.56 62.008 1.914
    endloop
  endfacet
  facet normal 0 0 0
    outer loop
      vertex 58.363 40.44 0
      vertex 57.503 41.219 0.5
      vertex 57.149 41.657 0.5
    endloop
  endfacet
  facet normal 0 0 0
    outer loop
      vertex 57.759 40.716 2
      vertex 57.503 41.219 2
      vertex 57.759 40.716 0.5
    endloop
  endfacet
  facet normal 0 0 0
    outer loop
      vertex 57.905 40.172 0.5
      vertex 57.759 40.716 2
      vertex 57.759 40.716 0.5
    endloop
  endfacet
  facet normal 0 0 0
    outer loop
      vertex 62.207 62.911 1.633
      vertex 61.861 63.263 1.914
      vertex 61.625 63.102 2.438
    endloop
  endfacet
  facet normal 0 0 0
    outer loop
      vertex 57.759 38.784 0.5
      vertex 57.905 39.328 0.5
      vertex 58.312 38.914 0
    endloop
  endfacet
  facet normal 0 0 0
    outer loop
      vertex 57.905 39.328 0.5
      vertex 57.905 39.328 2
      vertex 57.909 40.101 2
    endloop
  endfacet
  facet normal 0 0 0
    outer loop
      vertex 61.407 64.136 1.344
      vertex 61.248 63.997 1.98
      vertex 61.861 63.263 1.914
    endloop
  endfacet
  facet normal 0 0 0
    outer loop
      vertex 61.248 63.997 1.98
      vertex 61.625 63.102 2.438
      vertex 61.861 63.263 1.914
    endloop
  endfacet
  facet normal 0 0 0
    outer loop
      vertex 57.905 40.172 0.5
      vertex 57.905 39.328 0.5
      vertex 57.909 40.101 2
    endloop
  endfacet
  facet normal 0 0 0
    outer loop
      vertex 57.905 40.172 0.5
      vertex 57.909 40.101 2
      vertex 57.759 40.716 2
    endloop
  endfacet
  facet normal 0 0 0
    outer loop
      vertex 62.56 62.008 1.914
      vertex 62.907 61.627 1.344
      vertex 62.443 62.487 1.633
    endloop
  endfacet
  facet normal 0 0 0
    outer loop
      vertex 57.503 41.219 2
      vertex 59.538 41.656 2
      vertex 59.278 42.152 2
    endloop
  endfacet
  facet normal 0 0 0
    outer loop
      vertex 59.538 41.656 2
      vertex 57.503 41.219 2
      vertex 57.759 40.716 2
    endloop
  endfacet
  facet normal 0 0 0
    outer loop
      vertex 57.503 41.219 2
      vertex 59.278 42.152 2
      vertex 58.726 42.904 2
    endloop
  endfacet
  facet normal 0 0 0
    outer loop
      vertex 57.759 38.784 2
      vertex 57.905 39.328 2
      vertex 57.905 39.328 0.5
    endloop
  endfacet
  facet normal 0 0 0
    outer loop
      vertex 57.759 38.784 0.5
      vertex 57.759 38.784 2
      vertex 57.905 39.328 0.5
    endloop
  endfacet
  facet normal 0 0 0
    outer loop
      vertex 57.909 40.101 2
      vertex 59.937 39.657 2
      vertex 59.873 40.493 2
    endloop
  endfacet
  facet normal 0 0 0
    outer loop
      vertex 59.873 40.493 2
      vertex 57.759 40.716 2
      vertex 57.909 40.101 2
    endloop
  endfacet
  facet normal 0 0 0
    outer loop
      vertex 61.205 64.451 0.5
      vertex 61.49 63.319 0
      vertex 60.806 64.145 0
    endloop
  endfacet
  facet normal 0 0 0
    outer loop
      vertex 62.387 62.875 0.5
      vertex 62.207 62.911 1.633
      vertex 62.443 62.487 1.633
    endloop
  endfacet
  facet normal 0 0 0
    outer loop
      vertex 60.881 38.989 3.714
      vertex 59.937 39.657 3.75
      vertex 59.863 38.914 3.75
    endloop
  endfacet
  facet normal 0 0 0
    outer loop
      vertex 62.443 62.487 1.633
      vertex 62.548 62.542 1.048
      vertex 62.387 62.875 0.5
    endloop
  endfacet
  facet normal 0 0 0
    outer loop
      vertex 62.548 62.542 1.048
      vertex 62.828 61.992 0.5
      vertex 62.387 62.875 0.5
    endloop
  endfacet
  facet normal 0 0 0
    outer loop
      vertex 62.207 62.911 1.633
      vertex 62.387 62.875 0.5
      vertex 62.006 63.362 1.344
    endloop
  endfacet
  facet normal 0 0 0
    outer loop
      vertex 59.937 39.657 3.75
      vertex 60.881 38.989 3.714
      vertex 59.893 40.402 3.75
    endloop
  endfacet
  facet normal 0 0 0
    outer loop
      vertex 62.006 63.362 1.344
      vertex 62.387 62.875 0.5
      vertex 62.022 63.447 0.825
    endloop
  endfacet
  facet normal 0 0 0
    outer loop
      vertex 62.828 61.992 0.5
      vertex 62.548 62.542 1.048
      vertex 62.907 61.627 1.344
    endloop
  endfacet
  facet normal 0 0 0
    outer loop
      vertex 59.937 39.657 2
      vertex 59.937 39.657 3.75
      vertex 59.893 40.402 3.75
    endloop
  endfacet
  facet normal 0 0 0
    outer loop
      vertex 62.387 62.875 0.5
      vertex 62.067 62.415 0
      vertex 61.49 63.319 0
    endloop
  endfacet
  facet normal 0 0 0
    outer loop
      vertex 59.873 40.493 2
      vertex 59.937 39.657 2
      vertex 59.893 40.402 3.75
    endloop
  endfacet
  facet normal 0 0 0
    outer loop
      vertex 62.387 62.875 0.5
      vertex 62.828 61.992 0.5
      vertex 62.067 62.415 0
    endloop
  endfacet
  facet normal 0 0 0
    outer loop
      vertex 59.873 40.493 2
      vertex 59.893 40.402 3.75
      vertex 59.607 41.482 3.75
    endloop
  endfacet
  facet normal 0 0 0
    outer loop
      vertex 59.607 41.482 3.75
      vertex 59.893 40.402 3.75
      vertex 60.848 41.118 3.701
    endloop
  endfacet
  facet normal 0 0 0
    outer loop
      vertex 59.937 39.657 3.75
      vertex 59.937 39.657 2
      vertex 59.897 39.098 2
    endloop
  endfacet
  facet normal 0 0 0
    outer loop
      vertex 60.848 41.118 3.701
      vertex 59.893 40.402 3.75
      vertex 60.881 38.989 3.714
    endloop
  endfacet
  facet normal 0 0 0
    outer loop
      vertex 40.726 33.077 0.576
      vertex 40.483 33.165 0.984
      vertex 40.726 33.303 1.036
    endloop
  endfacet
  facet normal 0 0 0
    outer loop
      vertex 59.937 39.657 3.75
      vertex 59.897 39.098 2
      vertex 59.863 38.914 3.75
    endloop
  endfacet
  facet normal 0 0 0
    outer loop
      vertex 40.483 33.165 0.984
      vertex 40.726 33.077 0.576
      vertex 40.44 32.823 0.489
    endloop
  endfacet
  facet normal 0 0 0
    outer loop
      vertex 59.937 39.657 2
      vertex 57.909 40.101 2
      vertex 57.905 39.328 2
    endloop
  endfacet
  facet normal 0 0 0
    outer loop
      vertex 57.905 39.328 2
      vertex 59.897 39.098 2
      vertex 59.937 39.657 2
    endloop
  endfacet
  facet normal 0 0 0
    outer loop
      vertex 57.503 38.281 0.5
      vertex 57.91 38.002 0
      vertex 57.149 37.843 0.5
    endloop
  endfacet
  facet normal 0 0 0
    outer loop
      vertex 57.91 38.002 0
      vertex 57.503 38.281 0.5
      vertex 57.759 38.784 0.5
    endloop
  endfacet
  facet normal 0 0 0
    outer loop
      vertex 58.312 38.914 0
      vertex 57.91 38.002 0
      vertex 57.759 38.784 0.5
    endloop
  endfacet
  facet normal 0 0 0
    outer loop
      vertex 57.503 38.281 2
      vertex 57.503 38.281 0.5
      vertex 57.149 37.843 2
    endloop
  endfacet
  facet normal 0 0 0
    outer loop
      vertex 57.503 38.281 0.5
      vertex 57.759 38.784 2
      vertex 57.759 38.784 0.5
    endloop
  endfacet
  facet normal 0 0 0
    outer loop
      vertex 57.759 38.784 2
      vertex 57.503 38.281 0.5
      vertex 57.503 38.281 2
    endloop
  endfacet
  facet normal 0 0 0
    outer loop
      vertex 57.503 38.281 2
      vertex 58.724 36.598 2
      vertex 59.179 37.19 2
    endloop
  endfacet
  facet normal 0 0 0
    outer loop
      vertex 57.503 38.281 2
      vertex 59.459 37.675 2
      vertex 57.759 38.784 2
    endloop
  endfacet
  facet normal 0 0 0
    outer loop
      vertex 39.967 62.942 2.945
      vertex 39.99 62.782 2.932
      vertex 40.117 62.553 2.909
    endloop
  endfacet
  facet normal 0 0 0
    outer loop
      vertex 35.299 62.678 2.513
      vertex 39.967 62.942 2.945
      vertex 36.008 62.98 2.988
    endloop
  endfacet
  facet normal 0 0 0
    outer loop
      vertex 39.967 62.942 2.945
      vertex 39.981 63.449 3.4
      vertex 36.008 62.98 2.988
    endloop
  endfacet
  facet normal 0 0 0
    outer loop
      vertex 39.981 63.449 3.4
      vertex 39.967 62.942 2.945
      vertex 40.117 62.553 2.909
    endloop
  endfacet
  facet normal 0 0 0
    outer loop
      vertex 39.967 62.942 2.945
      vertex 35.299 62.678 2.513
      vertex 39.966 62.726 2.615
    endloop
  endfacet
  facet normal 0 0 0
    outer loop
      vertex 57.759 38.784 2
      vertex 59.696 38.283 2
      vertex 57.905 39.328 2
    endloop
  endfacet
  facet normal 0 0 0
    outer loop
      vertex 59.459 37.675 2
      vertex 57.503 38.281 2
      vertex 59.179 37.19 2
    endloop
  endfacet
  facet normal 0 0 0
    outer loop
      vertex 58.724 36.598 2
      vertex 57.503 38.281 2
      vertex 57.149 37.843 2
    endloop
  endfacet
  facet normal 0 0 0
    outer loop
      vertex 56.711 37.489 2
      vertex 57.479 35.628 2
      vertex 58.181 36.087 2
    endloop
  endfacet
  facet normal 0 0 0
    outer loop
      vertex 39.967 62.942 2.945
      vertex 39.966 62.726 2.615
      vertex 39.99 62.782 2.932
    endloop
  endfacet
  facet normal 0 0 0
    outer loop
      vertex 40.077 63.122 3.4
      vertex 39.981 63.449 3.4
      vertex 40.117 62.553 2.909
    endloop
  endfacet
  facet normal 0 0 0
    outer loop
      vertex 39.99 62.782 2.932
      vertex 40.111 62.425 2.695
      vertex 40.117 62.553 2.909
    endloop
  endfacet
  facet normal 0 0 0
    outer loop
      vertex 60.209 37.474 3.738
      vertex 59.535 37.846 3.75
      vertex 60.364 37.092 3.701
    endloop
  endfacet
  facet normal 0 0 0
    outer loop
      vertex 40.298 62.178 2.272
      vertex 40.111 62.425 2.695
      vertex 40.052 62.288 2.221
    endloop
  endfacet
  facet normal 0 0 0
    outer loop
      vertex 40.298 62.178 2.272
      vertex 40.277 62.359 2.712
      vertex 40.111 62.425 2.695
    endloop
  endfacet
  facet normal 0 0 0
    outer loop
      vertex 40.052 62.288 2.221
      vertex 40.111 62.425 2.695
      vertex 39.99 62.782 2.932
    endloop
  endfacet
  facet normal 0 0 0
    outer loop
      vertex 40.277 62.359 2.712
      vertex 40.117 62.553 2.909
      vertex 40.111 62.425 2.695
    endloop
  endfacet
  facet normal 0 0 0
    outer loop
      vertex 40.277 62.359 2.712
      vertex 40.298 62.711 3.19
      vertex 40.117 62.553 2.909
    endloop
  endfacet
  facet normal 0 0 0
    outer loop
      vertex 40.052 62.288 2.221
      vertex 40.148 62.215 2.241
      vertex 40.298 62.178 2.272
    endloop
  endfacet
  facet normal 0 0 0
    outer loop
      vertex 59.863 38.914 3.75
      vertex 60.209 37.474 3.738
      vertex 60.881 38.989 3.714
    endloop
  endfacet
  facet normal 0 0 0
    outer loop
      vertex 61.098 38.507 3.655
      vertex 61.651 38.784 3.485
      vertex 60.881 38.989 3.714
    endloop
  endfacet
  facet normal 0 0 0
    outer loop
      vertex 40.052 62.288 2.221
      vertex 40.027 62.283 1.977
      vertex 40.148 62.215 2.241
    endloop
  endfacet
  facet normal 0 0 0
    outer loop
      vertex 60.198 36.264 3.634
      vertex 60.689 36.496 3.539
      vertex 60.364 37.092 3.701
    endloop
  endfacet
  facet normal 0 0 0
    outer loop
      vertex 35.299 62.568 1.204
      vertex 38.133 62.678 0.888
      vertex 39.966 62.53 1.384
    endloop
  endfacet
  facet normal 0 0 0
    outer loop
      vertex 38.133 62.508 1.659
      vertex 35.299 62.568 1.204
      vertex 39.966 62.53 1.384
    endloop
  endfacet
  facet normal 0 0 0
    outer loop
      vertex 60.209 37.474 3.738
      vertex 61.098 38.507 3.655
      vertex 60.881 38.989 3.714
    endloop
  endfacet
  facet normal 0 0 0
    outer loop
      vertex 59.179 37.19 3.75
      vertex 60.364 37.092 3.701
      vertex 59.535 37.846 3.75
    endloop
  endfacet
  facet normal 0 0 0
    outer loop
      vertex 35.299 62.678 2.513
      vertex 36.716 62.547 2.116
      vertex 39.966 62.53 2.015
    endloop
  endfacet
  facet normal 0 0 0
    outer loop
      vertex 39.966 62.726 2.615
      vertex 35.299 62.678 2.513
      vertex 39.966 62.53 2.015
    endloop
  endfacet
  facet normal 0 0 0
    outer loop
      vertex 60.209 37.474 3.738
      vertex 60.364 37.092 3.701
      vertex 61.165 37.113 3.485
    endloop
  endfacet
  facet normal 0 0 0
    outer loop
      vertex 61.165 37.113 3.485
      vertex 60.364 37.092 3.701
      vertex 60.689 36.496 3.539
    endloop
  endfacet
  facet normal 0 0 0
    outer loop
      vertex 39.966 62.53 2.015
      vertex 40.052 62.288 2.221
      vertex 39.99 62.782 2.932
    endloop
  endfacet
  facet normal 0 0 0
    outer loop
      vertex 31.966 58.059 3.401
      vertex 35.966 57.511 3.401
      vertex 39.981 58.059 3.401
    endloop
  endfacet
  facet normal 0 0 0
    outer loop
      vertex 39.99 62.782 2.932
      vertex 39.966 62.726 2.615
      vertex 39.966 62.53 2.015
    endloop
  endfacet
  facet normal 0 0 0
    outer loop
      vertex 40.118 58.44 3.401
      vertex 41.466 57.511 3.401
      vertex 40.296 58.552 3.401
    endloop
  endfacet
  facet normal 0 0 0
    outer loop
      vertex 39.966 62.53 1.384
      vertex 39.966 62.53 2.015
      vertex 38.133 62.508 1.659
    endloop
  endfacet
  facet normal 0 0 0
    outer loop
      vertex 39.981 58.059 3.401
      vertex 35.966 57.511 3.401
      vertex 41.466 57.511 3.401
    endloop
  endfacet
  facet normal 0 0 0
    outer loop
      vertex 41.466 57.511 3.401
      vertex 40.118 58.44 3.401
      vertex 39.981 58.059 3.401
    endloop
  endfacet
  facet normal 0 0 0
    outer loop
      vertex 41.33 58.418 3.401
      vertex 41.131 58.553 3.401
      vertex 41.437 58.147 3.401
    endloop
  endfacet
  facet normal 0 0 0
    outer loop
      vertex 41.437 58.147 3.401
      vertex 40.296 58.552 3.401
      vertex 41.461 57.936 3.401
    endloop
  endfacet
  facet normal 0 0 0
    outer loop
      vertex 40.296 58.552 3.401
      vertex 41.437 58.147 3.401
      vertex 41.131 58.553 3.401
    endloop
  endfacet
  facet normal 0 0 0
    outer loop
      vertex 41.466 57.511 3.401
      vertex 41.461 57.936 3.401
      vertex 40.296 58.552 3.401
    endloop
  endfacet
  facet normal 0 0 0
    outer loop
      vertex 31 58.562 3.398
      vertex 31.966 58.672 3.379
      vertex 31 58.989 3.275
    endloop
  endfacet
  facet normal 0 0 0
    outer loop
      vertex 31.966 58.672 3.379
      vertex 31.966 59.08 3.21
      vertex 31 58.989 3.275
    endloop
  endfacet
  facet normal 0 0 0
    outer loop
      vertex 31.966 59.08 3.21
      vertex 31 59.32 2.979
      vertex 31 58.989 3.275
    endloop
  endfacet
  facet normal 0 0 0
    outer loop
      vertex 40.042 62.446 0.809
      vertex 39.99 62.411 1.134
      vertex 39.966 62.53 1.384
    endloop
  endfacet
  facet normal 0 0 0
    outer loop
      vertex 31.966 59.08 3.21
      vertex 31.966 59.32 2.979
      vertex 31 59.32 2.979
    endloop
  endfacet
  facet normal 0 0 0
    outer loop
      vertex 31.966 59.32 2.979
      vertex 31 59.498 2.485
      vertex 31 59.32 2.979
    endloop
  endfacet
  facet normal 0 0 0
    outer loop
      vertex 31.966 59.32 2.979
      vertex 31.966 59.503 2.457
      vertex 31 59.498 2.485
    endloop
  endfacet
  facet normal 0 0 0
    outer loop
      vertex 31 58.562 3.398
      vertex 31.966 58.059 3.401
      vertex 31.966 58.672 3.379
    endloop
  endfacet
  facet normal 0 0 0
    outer loop
      vertex 40.148 62.215 2.241
      vertex 40.298 62.096 1.722
      vertex 40.298 62.178 2.272
    endloop
  endfacet
  facet normal 0 0 0
    outer loop
      vertex 31.966 59.32 2.979
      vertex 31.966 58.684 2.774
      vertex 31.966 59.503 2.457
    endloop
  endfacet
  facet normal 0 0 0
    outer loop
      vertex 31.966 58.684 2.774
      vertex 31.966 59.32 2.979
      vertex 31.966 59.08 3.21
    endloop
  endfacet
  facet normal 0 0 0
    outer loop
      vertex 31.966 58.672 3.379
      vertex 31.966 58.684 2.774
      vertex 31.966 59.08 3.21
    endloop
  endfacet
  facet normal 0 0 0
    outer loop
      vertex 31.966 58.684 2.774
      vertex 31.966 58.672 3.379
      vertex 31.966 58.059 3.401
    endloop
  endfacet
  facet normal 0 0 0
    outer loop
      vertex 52.349 38.406 0
      vertex 48.105 36.729 0
      vertex 47.671 38.092 0
    endloop
  endfacet
  facet normal 0 0 0
    outer loop
      vertex 40.298 62.096 1.722
      vertex 40.298 62.108 1.464
      vertex 41.134 62.097 1.593
    endloop
  endfacet
  facet normal 0 0 0
    outer loop
      vertex 40.133 62.195 1.284
      vertex 40.298 62.174 1.127
      vertex 40.298 62.108 1.464
    endloop
  endfacet
  facet normal 0 0 0
    outer loop
      vertex 48.105 36.729 0
      vertex 52.349 38.406 0
      vertex 48.417 36.085 0
    endloop
  endfacet
  facet normal 0 0 0
    outer loop
      vertex 52.399 32.577 0
      vertex 54.477 36.647 0
      vertex 55.003 32.007 0
    endloop
  endfacet
  facet normal 0 0 0
    outer loop
      vertex 53.755 36.917 0
      vertex 52.399 32.577 0
      vertex 50.963 33.293 0
    endloop
  endfacet
  facet normal 0 0 0
    outer loop
      vertex 52.855 37.635 0
      vertex 50.963 33.293 0
      vertex 49.517 34.531 0
    endloop
  endfacet
  facet normal 0 0 0
    outer loop
      vertex 52.855 37.635 0
      vertex 49.517 34.531 0
      vertex 48.417 36.085 0
    endloop
  endfacet
  facet normal 0 0 0
    outer loop
      vertex 50.963 33.293 0
      vertex 52.855 37.635 0
      vertex 53.755 36.917 0
    endloop
  endfacet
  facet normal 0 0 0
    outer loop
      vertex 40.064 62.298 1.099
      vertex 40.298 62.174 1.127
      vertex 40.133 62.195 1.284
    endloop
  endfacet
  facet normal 0 0 0
    outer loop
      vertex 54.477 36.647 0
      vertex 52.399 32.577 0
      vertex 53.755 36.917 0
    endloop
  endfacet
  facet normal 0 0 0
    outer loop
      vertex 55.003 32.007 0
      vertex 54.477 36.647 0
      vertex 55.319 36.561 0
    endloop
  endfacet
  facet normal 0 0 0
    outer loop
      vertex 40.133 62.195 1.284
      vertex 40.298 62.108 1.464
      vertex 40.07 62.2 1.619
    endloop
  endfacet
  facet normal 0 0 0
    outer loop
      vertex 57.112 37.176 0
      vertex 58.368 32.67 0
      vertex 56.303 36.735 0
    endloop
  endfacet
  facet normal 0 0 0
    outer loop
      vertex 40.44 32.999 0.752
      vertex 40.483 33.165 0.984
      vertex 40.44 32.823 0.489
    endloop
  endfacet
  facet normal 0 0 0
    outer loop
      vertex 62.813 41.408 0
      vertex 58.437 39.827 0
      vertex 58.363 40.44 0
    endloop
  endfacet
  facet normal 0 0 0
    outer loop
      vertex 36.427 32.176 3.315
      vertex 40.391 32.269 3.248
      vertex 37.135 32.521 2.984
    endloop
  endfacet
  facet normal 0 0 0
    outer loop
      vertex 58.437 39.827 0
      vertex 62.813 41.408 0
      vertex 62.988 39.75 0
    endloop
  endfacet
  facet normal 0 0 0
    outer loop
      vertex 58.437 39.827 0
      vertex 62.813 38.092 0
      vertex 58.312 38.914 0
    endloop
  endfacet
  facet normal 0 0 0
    outer loop
      vertex 62.501 37.065 0
      vertex 57.91 38.002 0
      vertex 58.312 38.914 0
    endloop
  endfacet
  facet normal 0 0 0
    outer loop
      vertex 37.135 32.521 2.984
      vertex 32.385 32.681 2.774
      vertex 32.385 32.056 3.401
    endloop
  endfacet
  facet normal 0 0 0
    outer loop
      vertex 37.135 32.521 2.984
      vertex 37.135 32.83 2.514
      vertex 32.385 32.681 2.774
    endloop
  endfacet
  facet normal 0 0 0
    outer loop
      vertex 40.385 32.795 2.58
      vertex 37.135 32.83 2.514
      vertex 37.135 32.521 2.984
    endloop
  endfacet
  facet normal 0 0 0
    outer loop
      vertex 57.91 38.002 0
      vertex 62.501 37.065 0
      vertex 61.885 35.777 0
    endloop
  endfacet
  facet normal 0 0 0
    outer loop
      vertex 57.91 38.002 0
      vertex 61.041 34.624 0
      vertex 57.112 37.176 0
    endloop
  endfacet
  facet normal 0 0 0
    outer loop
      vertex 62.813 41.408 0
      vertex 58.363 40.44 0
      vertex 62.067 43.415 0
    endloop
  endfacet
  facet normal 0 0 0
    outer loop
      vertex 62.813 38.092 0
      vertex 58.437 39.827 0
      vertex 62.988 39.75 0
    endloop
  endfacet
  facet normal 0 0 0
    outer loop
      vertex 60.282 33.867 0
      vertex 57.112 37.176 0
      vertex 61.041 34.624 0
    endloop
  endfacet
  facet normal 0 0 0
    outer loop
      vertex 38.552 32.401 0.273
      vertex 40.4 32.057 0.001
      vertex 32.385 32.763 0.768
    endloop
  endfacet
  facet normal 0 0 0
    outer loop
      vertex 56.303 36.735 0
      vertex 57.362 32.299 0
      vertex 56.311 32.084 0
    endloop
  endfacet
  facet normal 0 0 0
    outer loop
      vertex 36.427 32.176 3.315
      vertex 32.385 32.056 3.401
      vertex 40.4 32.056 3.401
    endloop
  endfacet
  facet normal 0 0 0
    outer loop
      vertex 59.521 33.293 0
      vertex 57.112 37.176 0
      vertex 60.282 33.867 0
    endloop
  endfacet
  facet normal 0 0 0
    outer loop
      vertex 32.385 32.056 3.401
      vertex 36.427 32.176 3.315
      vertex 37.135 32.521 2.984
    endloop
  endfacet
  facet normal 0 0 0
    outer loop
      vertex 58.312 38.914 0
      vertex 62.813 38.092 0
      vertex 62.501 37.065 0
    endloop
  endfacet
  facet normal 0 0 0
    outer loop
      vertex 61.041 34.624 0
      vertex 57.91 38.002 0
      vertex 61.885 35.777 0
    endloop
  endfacet
  facet normal 0 0 0
    outer loop
      vertex 56.311 32.084 0
      vertex 55.319 36.561 0
      vertex 56.303 36.735 0
    endloop
  endfacet
  facet normal 0 0 0
    outer loop
      vertex 55.319 36.561 0
      vertex 56.311 32.084 0
      vertex 55.003 32.007 0
    endloop
  endfacet
  facet normal 0 0 0
    outer loop
      vertex 36.427 32.176 3.315
      vertex 40.4 32.056 3.401
      vertex 40.391 32.269 3.248
    endloop
  endfacet
  facet normal 0 0 0
    outer loop
      vertex 58.368 32.67 0
      vertex 57.112 37.176 0
      vertex 59.521 33.293 0
    endloop
  endfacet
  facet normal 0 0 0
    outer loop
      vertex 57.362 32.299 0
      vertex 56.303 36.735 0
      vertex 58.368 32.67 0
    endloop
  endfacet
  facet normal 0 0 0
    outer loop
      vertex 58.181 55.087 3.75
      vertex 57.563 54.667 3.75
      vertex 58.104 54.308 3.75
    endloop
  endfacet
  facet normal 0 0 0
    outer loop
      vertex 40.503 32.393 3.401
      vertex 40.391 32.269 3.248
      vertex 40.4 32.056 3.401
    endloop
  endfacet
  facet normal 0 0 0
    outer loop
      vertex 50.002 65.122 0.5
      vertex 49.929 65.018 1.197
      vertex 50.732 65.583 1.344
    endloop
  endfacet
  facet normal 0 0 0
    outer loop
      vertex 50.801 65.702 0.5
      vertex 50.002 65.122 0.5
      vertex 50.732 65.583 1.344
    endloop
  endfacet
  facet normal 0 0 0
    outer loop
      vertex 40.387 32.442 3.086
      vertex 40.503 32.393 3.401
      vertex 40.536 32.792 3.101
    endloop
  endfacet
  facet normal 0 0 0
    outer loop
      vertex 50.801 65.702 0.5
      vertex 49.517 63.969 0
      vertex 50.002 65.122 0.5
    endloop
  endfacet
  facet normal 0 0 0
    outer loop
      vertex 40.387 32.442 3.086
      vertex 40.385 32.795 2.58
      vertex 37.135 32.521 2.984
    endloop
  endfacet
  facet normal 0 0 0
    outer loop
      vertex 36.385 31.508 3.401
      vertex 43.314 31.51 0.001
      vertex 43.314 31.508 3.401
    endloop
  endfacet
  facet normal 0 0 0
    outer loop
      vertex 40.387 32.442 3.086
      vertex 40.536 32.792 3.101
      vertex 40.385 32.795 2.58
    endloop
  endfacet
  facet normal 0 0 0
    outer loop
      vertex 40.387 32.442 3.086
      vertex 37.135 32.521 2.984
      vertex 40.391 32.269 3.248
    endloop
  endfacet
  facet normal 0 0 0
    outer loop
      vertex 40.503 32.393 3.401
      vertex 40.387 32.442 3.086
      vertex 40.391 32.269 3.248
    endloop
  endfacet
  facet normal 0 0 0
    outer loop
      vertex 40.536 32.792 3.101
      vertex 40.503 32.393 3.401
      vertex 40.715 32.549 3.401
    endloop
  endfacet
  facet normal 0 0 0
    outer loop
      vertex 40.715 32.549 3.401
      vertex 40.726 32.971 2.989
      vertex 40.536 32.792 3.101
    endloop
  endfacet
  facet normal 0 0 0
    outer loop
      vertex 50.829 65.436 1.914
      vertex 51.018 64.751 2.895
      vertex 51.237 65.688 1.914
    endloop
  endfacet
  facet normal 0 0 0
    outer loop
      vertex 54.748 65.345 3.416
      vertex 53.608 65.908 2.895
      vertex 52.923 65.223 3.267
    endloop
  endfacet
  facet normal 0 0 0
    outer loop
      vertex 52.356 65.501 2.895
      vertex 52.206 65.854 2.438
      vertex 51.867 65.498 2.676
    endloop
  endfacet
  facet normal 0 0 0
    outer loop
      vertex 52.206 65.854 2.438
      vertex 52.356 65.501 2.895
      vertex 52.995 66.44 1.914
    endloop
  endfacet
  facet normal 0 0 0
    outer loop
      vertex 36.385 31.51 0.001
      vertex 40.4 32.057 0.001
      vertex 43.314 31.51 0.001
    endloop
  endfacet
  facet normal 0 0 0
    outer loop
      vertex 40.545 32.451 0.001
      vertex 43.314 31.51 0.001
      vertex 40.47 32.331 0.001
    endloop
  endfacet
  facet normal 0 0 0
    outer loop
      vertex 40.47 32.331 0.001
      vertex 43.314 31.51 0.001
      vertex 40.4 32.057 0.001
    endloop
  endfacet
  facet normal 0 0 0
    outer loop
      vertex 52.995 66.44 1.914
      vertex 52.356 65.501 2.895
      vertex 52.765 65.662 2.895
    endloop
  endfacet
  facet normal 0 0 0
    outer loop
      vertex 52.923 65.223 3.267
      vertex 53.608 65.908 2.895
      vertex 52.765 65.662 2.895
    endloop
  endfacet
  facet normal 0 0 0
    outer loop
      vertex 31 59.498 2.485
      vertex 31.966 59.503 0.808
      vertex 31 59.498 0.78
    endloop
  endfacet
  facet normal 0 0 0
    outer loop
      vertex 31.966 59.503 0.808
      vertex 31 59.498 2.485
      vertex 31.966 59.503 2.457
    endloop
  endfacet
  facet normal 0 0 0
    outer loop
      vertex 40.298 62.178 2.272
      vertex 40.298 62.096 1.722
      vertex 41.134 62.108 1.936
    endloop
  endfacet
  facet normal 0 0 0
    outer loop
      vertex 31 59.007 0.001
      vertex 31.966 59.007 0.001
      vertex 31.966 58.06 0.001
    endloop
  endfacet
  facet normal 0 0 0
    outer loop
      vertex 31.966 59.007 0.001
      vertex 31.966 58.494 0.366
      vertex 31.966 58.06 0.001
    endloop
  endfacet
  facet normal 0 0 0
    outer loop
      vertex 40.064 62.298 1.099
      vertex 39.966 62.53 1.384
      vertex 39.99 62.411 1.134
    endloop
  endfacet
  facet normal 0 0 0
    outer loop
      vertex 31.966 59.379 0.412
      vertex 31.966 59.007 0.001
      vertex 31 59.423 0.471
    endloop
  endfacet
  facet normal 0 0 0
    outer loop
      vertex 39.966 62.53 1.384
      vertex 40.07 62.2 1.619
      vertex 40.027 62.283 1.977
    endloop
  endfacet
  facet normal 0 0 0
    outer loop
      vertex 31 59.423 0.471
      vertex 31.966 59.007 0.001
      vertex 31 59.007 0.001
    endloop
  endfacet
  facet normal 0 0 0
    outer loop
      vertex 40.027 62.283 1.977
      vertex 40.052 62.288 2.221
      vertex 39.966 62.53 2.015
    endloop
  endfacet
  facet normal 0 0 0
    outer loop
      vertex 39.966 62.53 2.015
      vertex 39.966 62.53 1.384
      vertex 40.027 62.283 1.977
    endloop
  endfacet
  facet normal 0 0 0
    outer loop
      vertex 40.027 62.283 1.977
      vertex 40.07 62.2 1.619
      vertex 40.298 62.096 1.722
    endloop
  endfacet
  facet normal 0 0 0
    outer loop
      vertex 40.298 62.108 1.464
      vertex 40.298 62.096 1.722
      vertex 40.07 62.2 1.619
    endloop
  endfacet
  facet normal 0 0 0
    outer loop
      vertex 40.148 62.215 2.241
      vertex 40.027 62.283 1.977
      vertex 40.298 62.096 1.722
    endloop
  endfacet
  facet normal 0 0 0
    outer loop
      vertex 40.07 62.2 1.619
      vertex 39.966 62.53 1.384
      vertex 40.133 62.195 1.284
    endloop
  endfacet
  facet normal 0 0 0
    outer loop
      vertex 40.064 62.298 1.099
      vertex 40.133 62.195 1.284
      vertex 39.966 62.53 1.384
    endloop
  endfacet
  facet normal 0 0 0
    outer loop
      vertex 31.966 58.684 2.774
      vertex 31.966 58.981 1.984
      vertex 31.966 59.503 2.457
    endloop
  endfacet
  facet normal 0 0 0
    outer loop
      vertex 31.966 58.766 0.768
      vertex 31.966 58.494 0.366
      vertex 31.966 59.007 0.001
    endloop
  endfacet
  facet normal 0 0 0
    outer loop
      vertex 31.966 59.379 0.412
      vertex 31.966 59.503 0.808
      vertex 31.966 58.766 0.768
    endloop
  endfacet
  facet normal 0 0 0
    outer loop
      vertex 31.966 59.379 0.412
      vertex 31.966 58.766 0.768
      vertex 31.966 59.007 0.001
    endloop
  endfacet
  facet normal 0 0 0
    outer loop
      vertex 40.298 62.465 0.507
      vertex 40.09 62.789 0.256
      vertex 40.316 62.82 0.107
    endloop
  endfacet
  facet normal 0 0 0
    outer loop
      vertex 49.463 36.528 3.416
      vertex 49.511 37.201 3.566
      vertex 48.656 37.051 3.093
    endloop
  endfacet
  facet normal 0 0 0
    outer loop
      vertex 48.829 36.174 2.895
      vertex 49.463 36.528 3.416
      vertex 48.656 37.051 3.093
    endloop
  endfacet
  facet normal 0 0 0
    outer loop
      vertex 49.463 36.528 3.416
      vertex 48.829 36.174 2.895
      vertex 49.055 35.797 2.895
    endloop
  endfacet
  facet normal 0 0 0
    outer loop
      vertex 49.342 35.981 3.186
      vertex 49.463 36.528 3.416
      vertex 49.055 35.797 2.895
    endloop
  endfacet
  facet normal 0 0 0
    outer loop
      vertex 49.055 35.797 2.895
      vertex 49.571 35.087 2.895
      vertex 49.68 35.709 3.267
    endloop
  endfacet
  facet normal 0 0 0
    outer loop
      vertex 48.862 35.4 2.438
      vertex 49.571 35.087 2.895
      vertex 49.055 35.797 2.895
    endloop
  endfacet
  facet normal 0 0 0
    outer loop
      vertex 49.68 35.709 3.267
      vertex 49.342 35.981 3.186
      vertex 49.055 35.797 2.895
    endloop
  endfacet
  facet normal 0 0 0
    outer loop
      vertex 39.967 63.003 0.385
      vertex 38.133 62.792 0.665
      vertex 38.133 62.937 0.459
    endloop
  endfacet
  facet normal 0 0 0
    outer loop
      vertex 48.494 35.988 2.438
      vertex 48.024 36.274 1.914
      vertex 48.343 35.343 1.344
    endloop
  endfacet
  facet normal 0 0 0
    outer loop
      vertex 35.299 63.046 0.333
      vertex 31.966 63.45 0
      vertex 39.981 63.45 0
    endloop
  endfacet
  facet normal 0 0 0
    outer loop
      vertex 48.494 35.988 2.438
      vertex 48.343 35.343 1.344
      vertex 48.862 35.4 2.438
    endloop
  endfacet
  facet normal 0 0 0
    outer loop
      vertex 47.866 36.198 1.344
      vertex 48.343 35.343 1.344
      vertex 48.024 36.274 1.914
    endloop
  endfacet
  facet normal 0 0 0
    outer loop
      vertex 39.981 63.45 0
      vertex 39.967 63.003 0.385
      vertex 38.133 62.937 0.459
    endloop
  endfacet
  facet normal 0 0 0
    outer loop
      vertex 35.299 63.046 0.333
      vertex 39.981 63.45 0
      vertex 38.133 62.937 0.459
    endloop
  endfacet
  facet normal 0 0 0
    outer loop
      vertex 38.133 62.678 0.888
      vertex 38.133 62.792 0.665
      vertex 39.966 62.727 0.785
    endloop
  endfacet
  facet normal 0 0 0
    outer loop
      vertex 39.967 63.003 0.385
      vertex 39.981 63.45 0
      vertex 40.101 63.088 0
    endloop
  endfacet
  facet normal 0 0 0
    outer loop
      vertex 40.101 63.088 0
      vertex 40.09 62.789 0.256
      vertex 39.967 63.003 0.385
    endloop
  endfacet
  facet normal 0 0 0
    outer loop
      vertex 48.343 35.343 1.344
      vertex 48.434 35.108 0.5
      vertex 48.583 34.912 1.048
    endloop
  endfacet
  facet normal 0 0 0
    outer loop
      vertex 48.343 35.343 1.344
      vertex 47.867 36.061 0.5
      vertex 48.434 35.108 0.5
    endloop
  endfacet
  facet normal 0 0 0
    outer loop
      vertex 40.316 62.82 0.107
      vertex 40.09 62.789 0.256
      vertex 40.245 62.976 0
    endloop
  endfacet
  facet normal 0 0 0
    outer loop
      vertex 40.101 63.088 0
      vertex 40.245 62.976 0
      vertex 40.09 62.789 0.256
    endloop
  endfacet
  facet normal 0 0 0
    outer loop
      vertex 48.343 35.343 1.344
      vertex 47.866 36.198 1.344
      vertex 47.867 36.061 0.5
    endloop
  endfacet
  facet normal 0 0 0
    outer loop
      vertex 40.298 62.174 1.127
      vertex 40.298 62.465 0.507
      vertex 41.134 62.243 0.924
    endloop
  endfacet
  facet normal 0 0 0
    outer loop
      vertex 40.09 62.789 0.256
      vertex 40.042 62.446 0.809
      vertex 39.967 63.003 0.385
    endloop
  endfacet
  facet normal 0 0 0
    outer loop
      vertex 48.417 36.085 0
      vertex 49.517 34.531 0
      vertex 48.434 35.108 0.5
    endloop
  endfacet
  facet normal 0 0 0
    outer loop
      vertex 40.042 62.446 0.809
      vertex 40.064 62.298 1.099
      vertex 39.99 62.411 1.134
    endloop
  endfacet
  facet normal 0 0 0
    outer loop
      vertex 40.042 62.446 0.809
      vertex 39.966 62.727 0.785
      vertex 39.967 63.003 0.385
    endloop
  endfacet
  facet normal 0 0 0
    outer loop
      vertex 48.26 36.889 2.676
      vertex 47.661 37.161 1.914
      vertex 47.637 36.6 1.011
    endloop
  endfacet
  facet normal 0 0 0
    outer loop
      vertex 40.042 62.446 0.809
      vertex 40.09 62.789 0.256
      vertex 40.298 62.465 0.507
    endloop
  endfacet
  facet normal 0 0 0
    outer loop
      vertex 40.042 62.446 0.809
      vertex 40.298 62.174 1.127
      vertex 40.064 62.298 1.099
    endloop
  endfacet
  facet normal 0 0 0
    outer loop
      vertex 40.298 62.465 0.507
      vertex 40.298 62.174 1.127
      vertex 40.042 62.446 0.809
    endloop
  endfacet
  facet normal 0 0 0
    outer loop
      vertex 47.637 36.6 1.011
      vertex 48.024 36.274 1.914
      vertex 48.26 36.889 2.676
    endloop
  endfacet
  facet normal 0 0 0
    outer loop
      vertex 40.042 62.446 0.809
      vertex 39.966 62.53 1.384
      vertex 39.966 62.727 0.785
    endloop
  endfacet
  facet normal 0 0 0
    outer loop
      vertex 47.637 36.6 1.011
      vertex 47.866 36.198 1.344
      vertex 48.024 36.274 1.914
    endloop
  endfacet
  facet normal 0 0 0
    outer loop
      vertex 47.867 36.061 0.5
      vertex 47.637 36.6 1.011
      vertex 47.341 37.442 0.5
    endloop
  endfacet
  facet normal 0 0 0
    outer loop
      vertex 47.341 37.442 0.5
      vertex 48.105 36.729 0
      vertex 47.867 36.061 0.5
    endloop
  endfacet
  facet normal 0 0 0
    outer loop
      vertex 39.966 62.727 0.785
      vertex 38.133 62.792 0.665
      vertex 39.967 63.003 0.385
    endloop
  endfacet
  facet normal 0 0 0
    outer loop
      vertex 47.637 36.6 1.011
      vertex 47.867 36.061 0.5
      vertex 47.866 36.198 1.344
    endloop
  endfacet
  facet normal 0 0 0
    outer loop
      vertex 48.434 35.108 0.5
      vertex 47.867 36.061 0.5
      vertex 48.417 36.085 0
    endloop
  endfacet
  facet normal 0 0 0
    outer loop
      vertex 47.867 36.061 0.5
      vertex 48.105 36.729 0
      vertex 48.417 36.085 0
    endloop
  endfacet
  facet normal 0 0 0
    outer loop
      vertex 47.341 37.442 0.5
      vertex 47.671 38.092 0
      vertex 48.105 36.729 0
    endloop
  endfacet
  facet normal 0 0 0
    outer loop
      vertex 39.966 62.727 0.785
      vertex 39.966 62.53 1.384
      vertex 38.133 62.678 0.888
    endloop
  endfacet
  facet normal 0 0 0
    outer loop
      vertex 48.343 35.343 1.344
      vertex 49.009 34.625 1.776
      vertex 48.862 35.4 2.438
    endloop
  endfacet
  facet normal 0 0 0
    outer loop
      vertex 49.009 34.625 1.776
      vertex 48.343 35.343 1.344
      vertex 48.583 34.912 1.048
    endloop
  endfacet
  facet normal 0 0 0
    outer loop
      vertex 48.583 34.912 1.048
      vertex 48.918 34.55 1.344
      vertex 49.009 34.625 1.776
    endloop
  endfacet
  facet normal 0 0 0
    outer loop
      vertex 49.111 34.23 0.5
      vertex 48.918 34.55 1.344
      vertex 48.583 34.912 1.048
    endloop
  endfacet
  facet normal 0 0 0
    outer loop
      vertex 49.465 34.389 2.183
      vertex 48.862 35.4 2.438
      vertex 49.009 34.625 1.776
    endloop
  endfacet
  facet normal 0 0 0
    outer loop
      vertex 48.583 34.912 1.048
      vertex 48.434 35.108 0.5
      vertex 49.111 34.23 0.5
    endloop
  endfacet
  facet normal 0 0 0
    outer loop
      vertex 41.253 66.695 2.565
      vertex 41.116 66.827 2.295
      vertex 41.129 66.687 2.638
    endloop
  endfacet
  facet normal 0 0 0
    outer loop
      vertex 49.111 34.23 0.5
      vertex 49.257 34.197 1.415
      vertex 48.918 34.55 1.344
    endloop
  endfacet
  facet normal 0 0 0
    outer loop
      vertex 49.009 34.625 1.776
      vertex 48.918 34.55 1.344
      vertex 49.257 34.197 1.415
    endloop
  endfacet
  facet normal 0 0 0
    outer loop
      vertex 57.234 61.23 0
      vertex 58.363 59.44 0
      vertex 57.149 60.657 0.5
    endloop
  endfacet
  facet normal 0 0 0
    outer loop
      vertex 58.656 61.966 3.75
      vertex 59.182 61.312 3.75
      vertex 59.252 62.201 3.749
    endloop
  endfacet
  facet normal 0 0 0
    outer loop
      vertex 49.111 34.23 0.5
      vertex 49.517 34.531 0
      vertex 49.633 33.705 0.5
    endloop
  endfacet
  facet normal 0 0 0
    outer loop
      vertex 49.111 34.23 0.5
      vertex 48.434 35.108 0.5
      vertex 49.517 34.531 0
    endloop
  endfacet
  facet normal 0 0 0
    outer loop
      vertex 59.182 61.312 3.75
      vertex 58.656 61.966 3.75
      vertex 59.278 61.152 2
    endloop
  endfacet
  facet normal 0 0 0
    outer loop
      vertex 58.726 61.904 2
      vertex 59.278 61.152 2
      vertex 58.656 61.966 3.75
    endloop
  endfacet
  facet normal 0 0 0
    outer loop
      vertex 59.607 60.482 3.75
      vertex 60.848 60.118 3.701
      vertex 59.182 61.312 3.75
    endloop
  endfacet
  facet normal 0 0 0
    outer loop
      vertex 57.503 60.219 2
      vertex 59.278 61.152 2
      vertex 58.726 61.904 2
    endloop
  endfacet
  facet normal 0 0 0
    outer loop
      vertex 58.726 61.904 2
      vertex 57.149 60.657 2
      vertex 57.503 60.219 2
    endloop
  endfacet
  facet normal 0 0 0
    outer loop
      vertex 56.711 61.011 2
      vertex 57.399 62.922 2
      vertex 56.208 61.267 2
    endloop
  endfacet
  facet normal 0 0 0
    outer loop
      vertex 57.503 60.219 2
      vertex 59.538 60.656 2
      vertex 59.278 61.152 2
    endloop
  endfacet
  facet normal 0 0 0
    outer loop
      vertex 51.018 45.751 2.895
      vertex 50.829 46.436 1.914
      vertex 50.247 45.643 2.438
    endloop
  endfacet
  facet normal 0 0 0
    outer loop
      vertex 58.363 59.44 0
      vertex 57.759 59.716 0.5
      vertex 57.503 60.219 0.5
    endloop
  endfacet
  facet normal 0 0 0
    outer loop
      vertex 57.149 60.657 0.5
      vertex 58.363 59.44 0
      vertex 57.503 60.219 0.5
    endloop
  endfacet
  facet normal 0 0 0
    outer loop
      vertex 57.759 59.716 0.5
      vertex 57.759 59.716 2
      vertex 57.503 60.219 2
    endloop
  endfacet
  facet normal 0 0 0
    outer loop
      vertex 57.503 60.219 0.5
      vertex 57.759 59.716 0.5
      vertex 57.503 60.219 2
    endloop
  endfacet
  facet normal 0 0 0
    outer loop
      vertex 57.503 60.219 0.5
      vertex 57.149 60.657 2
      vertex 57.149 60.657 0.5
    endloop
  endfacet
  facet normal 0 0 0
    outer loop
      vertex 57.149 60.657 2
      vertex 57.503 60.219 0.5
      vertex 57.503 60.219 2
    endloop
  endfacet
  facet normal 0 0 0
    outer loop
      vertex 50.801 46.702 0.5
      vertex 50.732 46.583 1.344
      vertex 51.224 46.956 0.5
    endloop
  endfacet
  facet normal 0 0 0
    outer loop
      vertex 50.002 46.122 0.5
      vertex 49.929 46.018 1.197
      vertex 50.732 46.583 1.344
    endloop
  endfacet
  facet normal 0 0 0
    outer loop
      vertex 50.801 46.702 0.5
      vertex 50.002 46.122 0.5
      vertex 50.732 46.583 1.344
    endloop
  endfacet
  facet normal 0 0 0
    outer loop
      vertex 40.385 32.599 0.495
      vertex 32.385 32.763 0.768
      vertex 40.385 32.847 0.93
    endloop
  endfacet
  facet normal 0 0 0
    outer loop
      vertex 40.385 32.599 0.495
      vertex 38.552 32.401 0.273
      vertex 32.385 32.763 0.768
    endloop
  endfacet
  facet normal 0 0 0
    outer loop
      vertex 49.498 45.669 0.825
      vertex 50.002 46.122 0.5
      vertex 49.631 45.798 0.5
    endloop
  endfacet
  facet normal 0 0 0
    outer loop
      vertex 40.497 32.65 0.209
      vertex 40.536 32.545 0.076
      vertex 40.387 32.48 0.355
    endloop
  endfacet
  facet normal 0 0 0
    outer loop
      vertex 40.387 32.48 0.355
      vertex 40.536 32.545 0.076
      vertex 40.545 32.451 0.001
    endloop
  endfacet
  facet normal 0 0 0
    outer loop
      vertex 60.209 37.474 3.738
      vertex 61.165 37.113 3.485
      vertex 61.098 38.507 3.655
    endloop
  endfacet
  facet normal 0 0 0
    outer loop
      vertex 40.387 32.48 0.355
      vertex 38.552 32.401 0.273
      vertex 40.385 32.599 0.495
    endloop
  endfacet
  facet normal 0 0 0
    outer loop
      vertex 60.209 37.474 3.738
      vertex 59.863 38.914 3.75
      vertex 59.535 37.846 3.75
    endloop
  endfacet
  facet normal 0 0 0
    outer loop
      vertex 40.497 32.65 0.209
      vertex 40.385 32.599 0.495
      vertex 40.44 32.823 0.489
    endloop
  endfacet
  facet normal 0 0 0
    outer loop
      vertex 59.179 37.19 3.75
      vertex 59.535 37.846 3.75
      vertex 59.179 37.19 2
    endloop
  endfacet
  facet normal 0 0 0
    outer loop
      vertex 59.535 37.846 3.75
      vertex 59.696 38.283 2
      vertex 59.459 37.675 2
    endloop
  endfacet
  facet normal 0 0 0
    outer loop
      vertex 59.535 37.846 3.75
      vertex 59.459 37.675 2
      vertex 59.179 37.19 2
    endloop
  endfacet
  facet normal 0 0 0
    outer loop
      vertex 59.863 38.914 3.75
      vertex 59.897 39.098 2
      vertex 59.696 38.283 2
    endloop
  endfacet
  facet normal 0 0 0
    outer loop
      vertex 40.44 32.823 0.489
      vertex 40.726 33.077 0.576
      vertex 40.497 32.65 0.209
    endloop
  endfacet
  facet normal 0 0 0
    outer loop
      vertex 40.387 32.48 0.355
      vertex 40.385 32.599 0.495
      vertex 40.497 32.65 0.209
    endloop
  endfacet
  facet normal 0 0 0
    outer loop
      vertex 59.535 37.846 3.75
      vertex 59.863 38.914 3.75
      vertex 59.696 38.283 2
    endloop
  endfacet
  facet normal 0 0 0
    outer loop
      vertex 40.385 32.847 0.93
      vertex 40.44 32.823 0.489
      vertex 40.385 32.599 0.495
    endloop
  endfacet
  facet normal 0 0 0
    outer loop
      vertex 40.735 32.687 0.109
      vertex 40.536 32.545 0.076
      vertex 40.497 32.65 0.209
    endloop
  endfacet
  facet normal 0 0 0
    outer loop
      vertex 58.724 36.598 3.75
      vertex 60.364 37.092 3.701
      vertex 59.179 37.19 3.75
    endloop
  endfacet
  facet normal 0 0 0
    outer loop
      vertex 40.387 32.48 0.355
      vertex 40.545 32.451 0.001
      vertex 40.47 32.331 0.001
    endloop
  endfacet
  facet normal 0 0 0
    outer loop
      vertex 40.387 32.48 0.355
      vertex 40.4 32.057 0.001
      vertex 38.552 32.401 0.273
    endloop
  endfacet
  facet normal 0 0 0
    outer loop
      vertex 59.696 38.283 2
      vertex 57.759 38.784 2
      vertex 59.459 37.675 2
    endloop
  endfacet
  facet normal 0 0 0
    outer loop
      vertex 57.905 39.328 2
      vertex 59.696 38.283 2
      vertex 59.897 39.098 2
    endloop
  endfacet
  facet normal 0 0 0
    outer loop
      vertex 40.4 32.057 0.001
      vertex 32.385 32.057 0.001
      vertex 32.385 32.763 0.768
    endloop
  endfacet
  facet normal 0 0 0
    outer loop
      vertex 40.47 32.331 0.001
      vertex 40.4 32.057 0.001
      vertex 40.387 32.48 0.355
    endloop
  endfacet
  facet normal 0 0 0
    outer loop
      vertex 40.545 32.451 0.001
      vertex 40.536 32.545 0.076
      vertex 40.715 32.551 0.001
    endloop
  endfacet
  facet normal 0 0 0
    outer loop
      vertex 40.497 32.65 0.209
      vertex 40.726 33.077 0.576
      vertex 40.717 32.825 0.242
    endloop
  endfacet
  facet normal 0 0 0
    outer loop
      vertex 61.541 40.508 3.539
      vertex 60.848 41.118 3.701
      vertex 60.881 38.989 3.714
    endloop
  endfacet
  facet normal 0 0 0
    outer loop
      vertex 40.715 32.551 0.001
      vertex 40.536 32.545 0.076
      vertex 40.735 32.687 0.109
    endloop
  endfacet
  facet normal 0 0 0
    outer loop
      vertex 62.007 40.978 3.267
      vertex 62.309 40.6 3.093
      vertex 62.666 41.097 2.676
    endloop
  endfacet
  facet normal 0 0 0
    outer loop
      vertex 40.717 32.825 0.242
      vertex 40.735 32.687 0.109
      vertex 40.497 32.65 0.209
    endloop
  endfacet
  facet normal 0 0 0
    outer loop
      vertex 40.4 32.057 0.001
      vertex 36.385 31.51 0.001
      vertex 32.385 32.057 0.001
    endloop
  endfacet
  facet normal 0 0 0
    outer loop
      vertex 31.966 59.503 0.808
      vertex 31.966 58.998 1.539
      vertex 31.966 58.766 0.768
    endloop
  endfacet
  facet normal 0 0 0
    outer loop
      vertex 31.966 58.998 1.539
      vertex 31.966 59.503 0.808
      vertex 31.966 59.503 2.457
    endloop
  endfacet
  facet normal 0 0 0
    outer loop
      vertex 31.966 58.981 1.984
      vertex 31.966 58.998 1.539
      vertex 31.966 59.503 2.457
    endloop
  endfacet
  facet normal 0 0 0
    outer loop
      vertex 31.966 59.379 0.412
      vertex 31 59.423 0.471
      vertex 31 59.498 0.78
    endloop
  endfacet
  facet normal 0 0 0
    outer loop
      vertex 38.552 29.466 2.972
      vertex 32.385 29.39 2.875
      vertex 38.552 29.198 2.55
    endloop
  endfacet
  facet normal 0 0 0
    outer loop
      vertex 31.966 59.379 0.412
      vertex 31 59.498 0.78
      vertex 31.966 59.503 0.808
    endloop
  endfacet
  facet normal 0 0 0
    outer loop
      vertex 31 54.509 2.456
      vertex 31.966 54.514 2.484
      vertex 31.966 54.638 2.88
    endloop
  endfacet
  facet normal 0 0 0
    outer loop
      vertex 31.966 54.638 2.88
      vertex 31 54.678 2.953
      vertex 31 54.509 2.456
    endloop
  endfacet
  facet normal 0 0 0
    outer loop
      vertex 31 54.841 3.144
      vertex 31 54.678 2.953
      vertex 31.966 54.638 2.88
    endloop
  endfacet
  facet normal 0 0 0
    outer loop
      vertex 31 54.841 3.144
      vertex 31.966 54.638 2.88
      vertex 31.966 54.841 3.144
    endloop
  endfacet
  facet normal 0 0 0
    outer loop
      vertex 31 55.229 3.359
      vertex 31 54.841 3.144
      vertex 31.966 54.841 3.144
    endloop
  endfacet
  facet normal 0 0 0
    outer loop
      vertex 31.966 54.841 3.144
      vertex 31.966 55.175 3.344
      vertex 31 55.229 3.359
    endloop
  endfacet
  facet normal 0 0 0
    outer loop
      vertex 38.552 29.466 2.972
      vertex 32.385 29.949 3.4
      vertex 32.385 29.39 2.875
    endloop
  endfacet
  facet normal 0 0 0
    outer loop
      vertex 38.552 29.198 2.55
      vertex 32.385 29.39 2.875
      vertex 32.385 29.154 2.451
    endloop
  endfacet
  facet normal 0 0 0
    outer loop
      vertex 31.966 55.157 2.451
      vertex 31.966 55.952 3.4
      vertex 31.966 55.175 3.344
    endloop
  endfacet
  facet normal 0 0 0
    outer loop
      vertex 31.966 55.157 2.451
      vertex 31.966 54.638 2.88
      vertex 31.966 54.514 2.484
    endloop
  endfacet
  facet normal 0 0 0
    outer loop
      vertex 31.966 55.157 2.451
      vertex 31.966 54.841 3.144
      vertex 31.966 54.638 2.88
    endloop
  endfacet
  facet normal 0 0 0
    outer loop
      vertex 31.966 54.841 3.144
      vertex 31.966 55.157 2.451
      vertex 31.966 55.175 3.344
    endloop
  endfacet
  facet normal 0 0 0
    outer loop
      vertex 31.966 55.175 3.344
      vertex 31.966 55.952 3.4
      vertex 31 55.229 3.359
    endloop
  endfacet
  facet normal 0 0 0
    outer loop
      vertex 31.966 58.059 3.401
      vertex 31 58.562 3.398
      vertex 31 55.229 3.359
    endloop
  endfacet
  facet normal 0 0 0
    outer loop
      vertex 31.966 55.952 3.4
      vertex 31.966 58.059 3.401
      vertex 31 55.229 3.359
    endloop
  endfacet
  facet normal 0 0 0
    outer loop
      vertex 43.314 30.51 0
      vertex 36.385 30.508 3.4
      vertex 43.314 30.508 3.4
    endloop
  endfacet
  facet normal 0 0 0
    outer loop
      vertex 31 54.509 2.456
      vertex 31.966 54.509 0.944
      vertex 31.966 54.514 2.484
    endloop
  endfacet
  facet normal 0 0 0
    outer loop
      vertex 35.718 29.105 1.084
      vertex 32.385 29.222 0.801
      vertex 38.552 29.52 0.366
    endloop
  endfacet
  facet normal 0 0 0
    outer loop
      vertex 32.385 29.222 0.801
      vertex 32.385 29.413 0.49
      vertex 38.552 29.52 0.366
    endloop
  endfacet
  facet normal 0 0 0
    outer loop
      vertex 32.385 29.413 0.49
      vertex 35.718 29.546 0.333
      vertex 38.552 29.52 0.366
    endloop
  endfacet
  facet normal 0 0 0
    outer loop
      vertex 31.966 54.762 0.335
      vertex 31.966 55.416 0.49
      vertex 31.966 55.225 0.801
    endloop
  endfacet
  facet normal 0 0 0
    outer loop
      vertex 35.718 29.105 1.084
      vertex 38.552 29.52 0.366
      vertex 38.552 29.143 0.964
    endloop
  endfacet
  facet normal 0 0 0
    outer loop
      vertex 31.966 55.416 0.49
      vertex 31.966 55.066 0.118
      vertex 31.966 55.394 0.006
    endloop
  endfacet
  facet normal 0 0 0
    outer loop
      vertex 31.966 55.416 0.49
      vertex 31.966 54.762 0.335
      vertex 31.966 55.066 0.118
    endloop
  endfacet
  facet normal 0 0 0
    outer loop
      vertex 31.966 54.762 0.335
      vertex 31.966 55.225 0.801
      vertex 31.966 54.509 0.944
    endloop
  endfacet
  facet normal 0 0 0
    outer loop
      vertex 31.966 55.031 1.962
      vertex 31.966 54.514 2.484
      vertex 31.966 54.509 0.944
    endloop
  endfacet
  facet normal 0 0 0
    outer loop
      vertex 31.966 55.031 1.962
      vertex 31.966 55.157 2.451
      vertex 31.966 54.514 2.484
    endloop
  endfacet
  facet normal 0 0 0
    outer loop
      vertex 38.552 29.068 1.204
      vertex 35.718 29.105 1.084
      vertex 38.552 29.143 0.964
    endloop
  endfacet
  facet normal 0 0 0
    outer loop
      vertex 31.966 55.034 1.376
      vertex 31.966 55.031 1.962
      vertex 31.966 54.509 0.944
    endloop
  endfacet
  facet normal 0 0 0
    outer loop
      vertex 31.966 54.509 0.944
      vertex 31.966 55.225 0.801
      vertex 31.966 55.034 1.376
    endloop
  endfacet
  facet normal 0 0 0
    outer loop
      vertex 38.552 29.068 1.204
      vertex 35.718 29.02 1.763
      vertex 35.718 29.105 1.084
    endloop
  endfacet
  facet normal 0 0 0
    outer loop
      vertex 31.966 55.394 0.006
      vertex 31.966 55.953 0
      vertex 31.966 55.416 0.49
    endloop
  endfacet
  facet normal 0 0 0
    outer loop
      vertex 31.966 55.066 0.118
      vertex 31 55.339 0.016
      vertex 31.966 55.394 0.006
    endloop
  endfacet
  facet normal 0 0 0
    outer loop
      vertex 31 55.339 0.016
      vertex 31.966 55.066 0.118
      vertex 31 55.124 0.077
    endloop
  endfacet
  facet normal 0 0 0
    outer loop
      vertex 31.966 55.066 0.118
      vertex 31 54.762 0.335
      vertex 31 55.124 0.077
    endloop
  endfacet
  facet normal 0 0 0
    outer loop
      vertex 40.4 29.949 3.4
      vertex 43.299 29.951 3.4
      vertex 43.314 30.508 3.4
    endloop
  endfacet
  facet normal 0 0 0
    outer loop
      vertex 40.4 29.949 3.4
      vertex 43.314 30.508 3.4
      vertex 36.385 30.508 3.4
    endloop
  endfacet
  facet normal 0 0 0
    outer loop
      vertex 31.966 55.066 0.118
      vertex 31.966 54.762 0.335
      vertex 31 54.762 0.335
    endloop
  endfacet
  facet normal 0 0 0
    outer loop
      vertex 31.966 54.762 0.335
      vertex 31 54.547 0.724
      vertex 31 54.762 0.335
    endloop
  endfacet
  facet normal 0 0 0
    outer loop
      vertex 31.966 54.762 0.335
      vertex 31.966 54.509 0.944
      vertex 31 54.547 0.724
    endloop
  endfacet
  facet normal 0 0 0
    outer loop
      vertex 31.966 54.509 0.944
      vertex 31 54.509 0.944
      vertex 31 54.547 0.724
    endloop
  endfacet
  facet normal 0 0 0
    outer loop
      vertex 31.966 55.394 0.006
      vertex 31 55.339 0.016
      vertex 31.966 55.953 0
    endloop
  endfacet
  facet normal 0 0 0
    outer loop
      vertex 31 55.339 0.016
      vertex 31 59.007 0.001
      vertex 31.966 58.06 0.001
    endloop
  endfacet
  facet normal 0 0 0
    outer loop
      vertex 59.873 59.493 2
      vertex 59.893 59.402 3.75
      vertex 59.607 60.482 3.75
    endloop
  endfacet
  facet normal 0 0 0
    outer loop
      vertex 31.966 58.06 0.001
      vertex 31.966 55.953 0
      vertex 31 55.339 0.016
    endloop
  endfacet
  facet normal 0 0 0
    outer loop
      vertex 59.182 61.312 3.75
      vertex 60.848 60.118 3.701
      vertex 60.364 61.408 3.701
    endloop
  endfacet
  facet normal 0 0 0
    outer loop
      vertex 31.966 58.981 1.984
      vertex 31.966 58.684 2.774
      vertex 36.716 58.833 2.514
    endloop
  endfacet
  facet normal 0 0 0
    outer loop
      vertex 60.848 60.118 3.701
      vertex 61.362 61.258 3.416
      vertex 60.364 61.408 3.701
    endloop
  endfacet
  facet normal 0 0 0
    outer loop
      vertex 59.893 59.402 3.75
      vertex 60.881 57.989 3.714
      vertex 60.848 60.118 3.701
    endloop
  endfacet
  facet normal 0 0 0
    outer loop
      vertex 60.848 60.118 3.701
      vertex 59.607 60.482 3.75
      vertex 59.893 59.402 3.75
    endloop
  endfacet
  facet normal 0 0 0
    outer loop
      vertex 35.299 58.404 0.273
      vertex 31.966 58.494 0.366
      vertex 31.966 58.766 0.768
    endloop
  endfacet
  facet normal 0 0 0
    outer loop
      vertex 35.299 58.404 0.273
      vertex 31.966 58.06 0.001
      vertex 31.966 58.494 0.366
    endloop
  endfacet
  facet normal 0 0 0
    outer loop
      vertex 60.364 61.408 3.701
      vertex 59.909 61.729 3.732
      vertex 59.182 61.312 3.75
    endloop
  endfacet
  facet normal 0 0 0
    outer loop
      vertex 59.252 62.201 3.749
      vertex 59.182 61.312 3.75
      vertex 59.909 61.729 3.732
    endloop
  endfacet
  facet normal 0 0 0
    outer loop
      vertex 59.538 60.656 2
      vertex 59.182 61.312 3.75
      vertex 59.278 61.152 2
    endloop
  endfacet
  facet normal 0 0 0
    outer loop
      vertex 59.607 60.482 3.75
      vertex 59.538 60.656 2
      vertex 59.873 59.493 2
    endloop
  endfacet
  facet normal 0 0 0
    outer loop
      vertex 59.538 60.656 2
      vertex 59.607 60.482 3.75
      vertex 59.182 61.312 3.75
    endloop
  endfacet
  facet normal 0 0 0
    outer loop
      vertex 61.362 61.258 3.416
      vertex 60.848 60.118 3.701
      vertex 61.485 59.883 3.539
    endloop
  endfacet
  facet normal 0 0 0
    outer loop
      vertex 31.966 58.981 1.984
      vertex 36.716 58.833 2.514
      vertex 35.299 58.919 2.278
    endloop
  endfacet
  facet normal 0 0 0
    outer loop
      vertex 41.152 43.659 0.08
      vertex 40.276 43.557 0.001
      vertex 41.116 43.696 0.109
    endloop
  endfacet
  facet normal 0 0 0
    outer loop
      vertex 40.734 43.742 0.152
      vertex 41.116 43.696 0.109
      vertex 40.276 43.557 0.001
    endloop
  endfacet
  facet normal 0 0 0
    outer loop
      vertex 41.152 43.659 0.08
      vertex 41.131 43.561 0.001
      vertex 40.276 43.557 0.001
    endloop
  endfacet
  facet normal 0 0 0
    outer loop
      vertex 41.253 43.641 0.102
      vertex 41.443 43.628 0.358
      vertex 41.368 43.59 0.163
    endloop
  endfacet
  facet normal 0 0 0
    outer loop
      vertex 35.299 58.464 3.069
      vertex 31.966 58.684 2.774
      vertex 31.966 58.059 3.401
    endloop
  endfacet
  facet normal 0 0 0
    outer loop
      vertex 35.299 58.464 3.069
      vertex 36.716 58.833 2.514
      vertex 31.966 58.684 2.774
    endloop
  endfacet
  facet normal 0 0 0
    outer loop
      vertex 41.466 43.556 0.444
      vertex 41.443 43.682 2.989
      vertex 41.463 43.362 0.266
    endloop
  endfacet
  facet normal 0 0 0
    outer loop
      vertex 41.463 43.362 0.266
      vertex 41.41 43.267 0.001
      vertex 41.378 43.35 0.001
    endloop
  endfacet
  facet normal 0 0 0
    outer loop
      vertex 41.368 43.59 0.163
      vertex 41.443 43.628 0.358
      vertex 41.463 43.362 0.266
    endloop
  endfacet
  facet normal 0 0 0
    outer loop
      vertex 41.368 43.59 0.163
      vertex 41.463 43.362 0.266
      vertex 41.378 43.35 0.001
    endloop
  endfacet
  facet normal 0 0 0
    outer loop
      vertex 41.463 43.362 0.266
      vertex 41.457 43.004 0.001
      vertex 41.41 43.267 0.001
    endloop
  endfacet
  facet normal 0 0 0
    outer loop
      vertex 39.981 43.066 0.001
      vertex 41.195 43.545 0.001
      vertex 41.378 43.35 0.001
    endloop
  endfacet
  facet normal 0 0 0
    outer loop
      vertex 39.981 43.066 0.001
      vertex 41.41 43.267 0.001
      vertex 41.457 43.004 0.001
    endloop
  endfacet
  facet normal 0 0 0
    outer loop
      vertex 41.41 43.267 0.001
      vertex 39.981 43.066 0.001
      vertex 41.378 43.35 0.001
    endloop
  endfacet
  facet normal 0 0 0
    outer loop
      vertex 41.195 43.545 0.001
      vertex 39.981 43.066 0.001
      vertex 41.131 43.561 0.001
    endloop
  endfacet
  facet normal 0 0 0
    outer loop
      vertex 41.195 43.545 0.001
      vertex 41.253 43.641 0.102
      vertex 41.378 43.35 0.001
    endloop
  endfacet
  facet normal 0 0 0
    outer loop
      vertex 41.253 43.641 0.102
      vertex 41.368 43.59 0.163
      vertex 41.378 43.35 0.001
    endloop
  endfacet
  facet normal 0 0 0
    outer loop
      vertex 52.995 66.44 1.914
      vertex 52.765 65.662 2.895
      vertex 53.608 65.908 2.895
    endloop
  endfacet
  facet normal 0 0 0
    outer loop
      vertex 41.461 42.942 3.401
      vertex 41.465 43.11 3.285
      vertex 41.437 43.153 3.401
    endloop
  endfacet
  facet normal 0 0 0
    outer loop
      vertex 41.465 43.11 3.285
      vertex 41.461 42.942 3.401
      vertex 41.466 42.519 0.001
    endloop
  endfacet
  facet normal 0 0 0
    outer loop
      vertex 41.466 42.519 0.001
      vertex 41.457 43.004 0.001
      vertex 41.465 43.11 3.285
    endloop
  endfacet
  facet normal 0 0 0
    outer loop
      vertex 41.466 42.517 3.401
      vertex 41.466 42.519 0.001
      vertex 41.461 42.942 3.401
    endloop
  endfacet
  facet normal 0 0 0
    outer loop
      vertex 41.466 41.519 0
      vertex 41.466 41.517 3.4
      vertex 41.451 40.96 3.4
    endloop
  endfacet
  facet normal 0 0 0
    outer loop
      vertex 41.457 43.004 0.001
      vertex 41.466 42.519 0.001
      vertex 39.981 43.066 0.001
    endloop
  endfacet
  facet normal 0 0 0
    outer loop
      vertex 41.466 42.519 0.001
      vertex 35.966 42.517 3.401
      vertex 35.966 42.519 0.001
    endloop
  endfacet
  facet normal 0 0 0
    outer loop
      vertex 41.466 41.519 0
      vertex 35.966 41.519 0
      vertex 41.466 41.517 3.4
    endloop
  endfacet
  facet normal 0 0 0
    outer loop
      vertex 41.466 41.517 3.4
      vertex 35.966 41.519 0
      vertex 35.966 41.517 3.4
    endloop
  endfacet
  facet normal 0 0 0
    outer loop
      vertex 41.451 40.96 3.4
      vertex 39.981 40.958 3.4
      vertex 40.077 40.631 3.4
    endloop
  endfacet
  facet normal 0 0 0
    outer loop
      vertex 41.466 41.517 3.4
      vertex 39.981 40.958 3.4
      vertex 41.451 40.96 3.4
    endloop
  endfacet
  facet normal 0 0 0
    outer loop
      vertex 40.286 40.467 3.4
      vertex 41.451 40.96 3.4
      vertex 40.077 40.631 3.4
    endloop
  endfacet
  facet normal 0 0 0
    outer loop
      vertex 41.365 40.649 3.4
      vertex 40.286 40.467 3.4
      vertex 41.16 40.47 3.4
    endloop
  endfacet
  facet normal 0 0 0
    outer loop
      vertex 41.451 40.96 3.4
      vertex 40.286 40.467 3.4
      vertex 41.365 40.649 3.4
    endloop
  endfacet
  facet normal 0 0 0
    outer loop
      vertex 41.315 40.222 3.102
      vertex 41.462 40.184 2.647
      vertex 41.451 40.96 3.4
    endloop
  endfacet
  facet normal 0 0 0
    outer loop
      vertex 41.451 40.96 3.4
      vertex 41.462 40.184 2.647
      vertex 41.447 39.966 2.323
    endloop
  endfacet
  facet normal 0 0 0
    outer loop
      vertex 51.665 65.903 1.908
      vertex 51.867 65.498 2.676
      vertex 52.206 65.854 2.438
    endloop
  endfacet
  facet normal 0 0 0
    outer loop
      vertex 51.018 64.751 2.895
      vertex 51.867 65.498 2.676
      vertex 51.665 65.903 1.908
    endloop
  endfacet
  facet normal 0 0 0
    outer loop
      vertex 41.365 40.649 3.4
      vertex 41.315 40.222 3.102
      vertex 41.451 40.96 3.4
    endloop
  endfacet
  facet normal 0 0 0
    outer loop
      vertex 41.315 40.222 3.102
      vertex 41.125 40.29 3.256
      vertex 41.134 40.002 2.926
    endloop
  endfacet
  facet normal 0 0 0
    outer loop
      vertex 41.315 40.222 3.102
      vertex 41.16 40.47 3.4
      vertex 41.125 40.29 3.256
    endloop
  endfacet
  facet normal 0 0 0
    outer loop
      vertex 41.315 40.222 3.102
      vertex 41.365 40.649 3.4
      vertex 41.16 40.47 3.4
    endloop
  endfacet
  facet normal 0 0 0
    outer loop
      vertex 52.713 66.533 1.344
      vertex 52.024 66.278 1.344
      vertex 51.665 65.903 1.908
    endloop
  endfacet
  facet normal 0 0 0
    outer loop
      vertex 50.829 65.436 1.914
      vertex 51.532 66.099 1.011
      vertex 50.732 65.583 1.344
    endloop
  endfacet
  facet normal 0 0 0
    outer loop
      vertex 40.298 40.22 3.19
      vertex 41.134 40.002 2.926
      vertex 41.125 40.29 3.256
    endloop
  endfacet
  facet normal 0 0 0
    outer loop
      vertex 51.237 65.688 1.914
      vertex 51.018 64.751 2.895
      vertex 51.665 65.903 1.908
    endloop
  endfacet
  facet normal 0 0 0
    outer loop
      vertex 52.713 66.533 1.344
      vertex 51.665 65.903 1.908
      vertex 52.995 66.44 1.914
    endloop
  endfacet
  facet normal 0 0 0
    outer loop
      vertex 51.665 65.903 1.908
      vertex 52.206 65.854 2.438
      vertex 52.995 66.44 1.914
    endloop
  endfacet
  facet normal 0 0 0
    outer loop
      vertex 62.157 60.438 3.093
      vertex 61.607 62.054 3.04
      vertex 61.362 61.258 3.416
    endloop
  endfacet
  facet normal 0 0 0
    outer loop
      vertex 52.995 66.44 1.914
      vertex 53.542 66.2 2.561
      vertex 53.488 66.434 2.183
    endloop
  endfacet
  facet normal 0 0 0
    outer loop
      vertex 61.362 61.258 3.416
      vertex 61.67 60.319 3.416
      vertex 62.157 60.438 3.093
    endloop
  endfacet
  facet normal 0 0 0
    outer loop
      vertex 61.541 59.508 3.539
      vertex 61.485 59.883 3.539
      vertex 60.848 60.118 3.701
    endloop
  endfacet
  facet normal 0 0 0
    outer loop
      vertex 52.811 66.63 0.5
      vertex 52.893 66.135 0
      vertex 52.116 65.83 0
    endloop
  endfacet
  facet normal 0 0 0
    outer loop
      vertex 58.437 58.827 0
      vertex 58.312 57.914 0
      vertex 57.905 58.328 0.5
    endloop
  endfacet
  facet normal 0 0 0
    outer loop
      vertex 58.437 58.827 0
      vertex 57.905 58.328 0.5
      vertex 57.905 59.172 0.5
    endloop
  endfacet
  facet normal 0 0 0
    outer loop
      vertex 58.363 59.44 0
      vertex 58.437 58.827 0
      vertex 57.905 59.172 0.5
    endloop
  endfacet
  facet normal 0 0 0
    outer loop
      vertex 58.363 59.44 0
      vertex 57.905 59.172 0.5
      vertex 57.759 59.716 0.5
    endloop
  endfacet
  facet normal 0 0 0
    outer loop
      vertex 57.905 59.172 0.5
      vertex 57.905 58.328 0.5
      vertex 57.909 59.101 2
    endloop
  endfacet
  facet normal 0 0 0
    outer loop
      vertex 57.905 59.172 0.5
      vertex 57.909 59.101 2
      vertex 57.759 59.716 2
    endloop
  endfacet
  facet normal 0 0 0
    outer loop
      vertex 57.905 59.172 0.5
      vertex 57.759 59.716 2
      vertex 57.759 59.716 0.5
    endloop
  endfacet
  facet normal 0 0 0
    outer loop
      vertex 51.532 66.099 1.011
      vertex 51.224 65.956 0.5
      vertex 50.732 65.583 1.344
    endloop
  endfacet
  facet normal 0 0 0
    outer loop
      vertex 57.759 57.784 0.5
      vertex 58.312 57.914 0
      vertex 57.91 57.002 0
    endloop
  endfacet
  facet normal 0 0 0
    outer loop
      vertex 51.665 65.903 1.908
      vertex 52.024 66.278 1.344
      vertex 51.532 66.099 1.011
    endloop
  endfacet
  facet normal 0 0 0
    outer loop
      vertex 51.665 65.903 1.908
      vertex 51.532 66.099 1.011
      vertex 51.237 65.688 1.914
    endloop
  endfacet
  facet normal 0 0 0
    outer loop
      vertex 58.312 57.914 0
      vertex 57.759 57.784 0.5
      vertex 57.905 58.328 0.5
    endloop
  endfacet
  facet normal 0 0 0
    outer loop
      vertex 57.905 58.328 0.5
      vertex 57.905 58.328 2
      vertex 57.909 59.101 2
    endloop
  endfacet
  facet normal 0 0 0
    outer loop
      vertex 50.829 65.436 1.914
      vertex 51.237 65.688 1.914
      vertex 51.532 66.099 1.011
    endloop
  endfacet
  facet normal 0 0 0
    outer loop
      vertex 50.732 65.583 1.344
      vertex 51.224 65.956 0.5
      vertex 50.801 65.702 0.5
    endloop
  endfacet
  facet normal 0 0 0
    outer loop
      vertex 52.116 65.83 0
      vertex 49.517 63.969 0
      vertex 51.224 65.956 0.5
    endloop
  endfacet
  facet normal 0 0 0
    outer loop
      vertex 51.224 65.956 0.5
      vertex 52.811 66.63 0.5
      vertex 52.116 65.83 0
    endloop
  endfacet
  facet normal 0 0 0
    outer loop
      vertex 50.801 65.702 0.5
      vertex 51.224 65.956 0.5
      vertex 49.517 63.969 0
    endloop
  endfacet
  facet normal 0 0 0
    outer loop
      vertex 52.811 66.63 0.5
      vertex 53.41 66.775 1.048
      vertex 53.77 66.864 0.5
    endloop
  endfacet
  facet normal 0 0 0
    outer loop
      vertex 53.41 66.775 1.048
      vertex 52.811 66.63 0.5
      vertex 52.713 66.533 1.344
    endloop
  endfacet
  facet normal 0 0 0
    outer loop
      vertex 59.538 60.656 2
      vertex 57.503 60.219 2
      vertex 57.759 59.716 2
    endloop
  endfacet
  facet normal 0 0 0
    outer loop
      vertex 57.759 59.716 2
      vertex 59.873 59.493 2
      vertex 59.538 60.656 2
    endloop
  endfacet
  facet normal 0 0 0
    outer loop
      vertex 52.713 66.533 1.344
      vertex 52.811 66.63 0.5
      vertex 51.224 65.956 0.5
    endloop
  endfacet
  facet normal 0 0 0
    outer loop
      vertex 57.759 57.784 2
      vertex 57.503 57.281 0.5
      vertex 57.503 57.281 2
    endloop
  endfacet
  facet normal 0 0 0
    outer loop
      vertex 59.459 56.675 2
      vertex 57.503 57.281 2
      vertex 59.179 56.19 2
    endloop
  endfacet
  facet normal 0 0 0
    outer loop
      vertex 52.024 66.278 1.344
      vertex 52.713 66.533 1.344
      vertex 51.224 65.956 0.5
    endloop
  endfacet
  facet normal 0 0 0
    outer loop
      vertex 57.759 57.784 2
      vertex 57.905 58.328 2
      vertex 57.905 58.328 0.5
    endloop
  endfacet
  facet normal 0 0 0
    outer loop
      vertex 57.759 57.784 0.5
      vertex 57.759 57.784 2
      vertex 57.905 58.328 0.5
    endloop
  endfacet
  facet normal 0 0 0
    outer loop
      vertex 59.873 59.493 2
      vertex 57.759 59.716 2
      vertex 57.909 59.101 2
    endloop
  endfacet
  facet normal 0 0 0
    outer loop
      vertex 57.759 57.784 2
      vertex 59.696 57.283 2
      vertex 57.905 58.328 2
    endloop
  endfacet
  facet normal 0 0 0
    outer loop
      vertex 57.909 59.101 2
      vertex 59.937 58.657 2
      vertex 59.873 59.493 2
    endloop
  endfacet
  facet normal 0 0 0
    outer loop
      vertex 52.024 66.278 1.344
      vertex 51.224 65.956 0.5
      vertex 51.532 66.099 1.011
    endloop
  endfacet
  facet normal 0 0 0
    outer loop
      vertex 53.951 66.525 2.183
      vertex 53.488 66.434 2.183
      vertex 53.542 66.2 2.561
    endloop
  endfacet
  facet normal 0 0 0
    outer loop
      vertex 53.951 66.525 2.183
      vertex 54.039 65.993 2.895
      vertex 54.903 66.288 2.676
    endloop
  endfacet
  facet normal 0 0 0
    outer loop
      vertex 53.951 66.525 2.183
      vertex 53.608 65.908 2.895
      vertex 54.039 65.993 2.895
    endloop
  endfacet
  facet normal 0 0 0
    outer loop
      vertex 60.881 57.989 3.714
      vertex 59.937 58.657 3.75
      vertex 59.863 57.914 3.75
    endloop
  endfacet
  facet normal 0 0 0
    outer loop
      vertex 59.937 58.657 3.75
      vertex 60.881 57.989 3.714
      vertex 59.893 59.402 3.75
    endloop
  endfacet
  facet normal 0 0 0
    outer loop
      vertex 61.541 59.508 3.539
      vertex 60.848 60.118 3.701
      vertex 60.881 57.989 3.714
    endloop
  endfacet
  facet normal 0 0 0
    outer loop
      vertex 61.651 57.784 3.485
      vertex 60.881 57.989 3.714
      vertex 61.098 57.507 3.655
    endloop
  endfacet
  facet normal 0 0 0
    outer loop
      vertex 61.098 57.507 3.655
      vertex 60.881 57.989 3.714
      vertex 60.209 56.474 3.738
    endloop
  endfacet
  facet normal 0 0 0
    outer loop
      vertex 60.209 56.474 3.738
      vertex 61.165 56.113 3.485
      vertex 61.098 57.507 3.655
    endloop
  endfacet
  facet normal 0 0 0
    outer loop
      vertex 59.863 57.914 3.75
      vertex 59.535 56.846 3.75
      vertex 60.209 56.474 3.738
    endloop
  endfacet
  facet normal 0 0 0
    outer loop
      vertex 53.542 66.2 2.561
      vertex 53.608 65.908 2.895
      vertex 53.951 66.525 2.183
    endloop
  endfacet
  facet normal 0 0 0
    outer loop
      vertex 59.937 58.657 2
      vertex 59.937 58.657 3.75
      vertex 59.893 59.402 3.75
    endloop
  endfacet
  facet normal 0 0 0
    outer loop
      vertex 59.873 59.493 2
      vertex 59.937 58.657 2
      vertex 59.893 59.402 3.75
    endloop
  endfacet
  facet normal 0 0 0
    outer loop
      vertex 53.608 65.908 2.895
      vertex 54.748 65.345 3.416
      vertex 54.039 65.993 2.895
    endloop
  endfacet
  facet normal 0 0 0
    outer loop
      vertex 59.863 57.914 3.75
      vertex 59.897 58.098 2
      vertex 59.696 57.283 2
    endloop
  endfacet
  facet normal 0 0 0
    outer loop
      vertex 59.937 58.657 3.75
      vertex 59.937 58.657 2
      vertex 59.897 58.098 2
    endloop
  endfacet
  facet normal 0 0 0
    outer loop
      vertex 53.951 66.525 2.183
      vertex 53.913 66.754 1.633
      vertex 53.488 66.434 2.183
    endloop
  endfacet
  facet normal 0 0 0
    outer loop
      vertex 59.535 56.846 3.75
      vertex 59.863 57.914 3.75
      vertex 59.696 57.283 2
    endloop
  endfacet
  facet normal 0 0 0
    outer loop
      vertex 59.937 58.657 3.75
      vertex 59.897 58.098 2
      vertex 59.863 57.914 3.75
    endloop
  endfacet
  facet normal 0 0 0
    outer loop
      vertex 61.098 57.507 3.655
      vertex 61.165 56.113 3.485
      vertex 61.857 57.136 3.301
    endloop
  endfacet
  facet normal 0 0 0
    outer loop
      vertex 53.913 66.754 1.633
      vertex 53.437 66.66 1.633
      vertex 53.488 66.434 2.183
    endloop
  endfacet
  facet normal 0 0 0
    outer loop
      vertex 61.857 57.136 3.301
      vertex 61.651 57.784 3.485
      vertex 61.098 57.507 3.655
    endloop
  endfacet
  facet normal 0 0 0
    outer loop
      vertex 52.995 66.44 1.914
      vertex 53.488 66.434 2.183
      vertex 53.437 66.66 1.633
    endloop
  endfacet
  facet normal 0 0 0
    outer loop
      vertex 59.897 58.098 2
      vertex 57.905 58.328 2
      vertex 59.696 57.283 2
    endloop
  endfacet
  facet normal 0 0 0
    outer loop
      vertex 57.905 58.328 2
      vertex 59.897 58.098 2
      vertex 59.937 58.657 2
    endloop
  endfacet
  facet normal 0 0 0
    outer loop
      vertex 59.937 58.657 2
      vertex 57.909 59.101 2
      vertex 57.905 58.328 2
    endloop
  endfacet
  facet normal 0 0 0
    outer loop
      vertex 61.541 40.508 3.539
      vertex 62.007 40.978 3.267
      vertex 61.485 40.883 3.539
    endloop
  endfacet
  facet normal 0 0 0
    outer loop
      vertex 61.67 41.319 3.416
      vertex 61.485 40.883 3.539
      vertex 62.007 40.978 3.267
    endloop
  endfacet
  facet normal 0 0 0
    outer loop
      vertex 61.485 40.883 3.539
      vertex 61.67 41.319 3.416
      vertex 61.362 42.258 3.416
    endloop
  endfacet
  facet normal 0 0 0
    outer loop
      vertex 61.485 40.883 3.539
      vertex 60.848 41.118 3.701
      vertex 61.541 40.508 3.539
    endloop
  endfacet
  facet normal 0 0 0
    outer loop
      vertex 62.666 60.097 2.676
      vertex 62.954 59.212 2.438
      vertex 63.297 59.719 1.633
    endloop
  endfacet
  facet normal 0 0 0
    outer loop
      vertex 63.297 59.719 1.633
      vertex 62.997 60.157 2.183
      vertex 62.666 60.097 2.676
    endloop
  endfacet
  facet normal 0 0 0
    outer loop
      vertex 61.541 40.508 3.539
      vertex 61.847 40.146 3.416
      vertex 62.347 40.176 3.093
    endloop
  endfacet
  facet normal 0 0 0
    outer loop
      vertex 62.997 60.157 2.183
      vertex 63.025 60.649 1.914
      vertex 62.666 60.097 2.676
    endloop
  endfacet
  facet normal 0 0 0
    outer loop
      vertex 62.624 61.027 2.438
      vertex 62.666 60.097 2.676
      vertex 63.025 60.649 1.914
    endloop
  endfacet
  facet normal 0 0 0
    outer loop
      vertex 61.541 40.508 3.539
      vertex 62.347 40.176 3.093
      vertex 62.309 40.6 3.093
    endloop
  endfacet
  facet normal 0 0 0
    outer loop
      vertex 62.309 40.6 3.093
      vertex 62.007 40.978 3.267
      vertex 61.541 40.508 3.539
    endloop
  endfacet
  facet normal 0 0 0
    outer loop
      vertex 62.157 60.438 3.093
      vertex 62.173 61.836 2.614
      vertex 61.607 62.054 3.04
    endloop
  endfacet
  facet normal 0 0 0
    outer loop
      vertex 62.666 41.097 2.676
      vertex 62.309 40.6 3.093
      vertex 62.347 40.176 3.093
    endloop
  endfacet
  facet normal 0 0 0
    outer loop
      vertex 62.007 59.978 3.267
      vertex 62.309 59.6 3.093
      vertex 62.666 60.097 2.676
    endloop
  endfacet
  facet normal 0 0 0
    outer loop
      vertex 62.954 40.212 2.438
      vertex 62.787 39.75 2.676
      vertex 63.239 39.271 1.914
    endloop
  endfacet
  facet normal 0 0 0
    outer loop
      vertex 62.347 40.176 3.093
      vertex 62.787 39.75 2.676
      vertex 62.954 40.212 2.438
    endloop
  endfacet
  facet normal 0 0 0
    outer loop
      vertex 62.666 41.097 2.676
      vertex 62.347 40.176 3.093
      vertex 62.954 40.212 2.438
    endloop
  endfacet
  facet normal 0 0 0
    outer loop
      vertex 62.007 59.978 3.267
      vertex 62.666 60.097 2.676
      vertex 62.157 60.438 3.093
    endloop
  endfacet
  facet normal 0 0 0
    outer loop
      vertex 61.541 40.508 3.539
      vertex 60.881 38.989 3.714
      vertex 61.651 38.784 3.485
    endloop
  endfacet
  facet normal 0 0 0
    outer loop
      vertex 62.173 61.836 2.614
      vertex 62.157 60.438 3.093
      vertex 62.624 61.027 2.438
    endloop
  endfacet
  facet normal 0 0 0
    outer loop
      vertex 62.157 60.438 3.093
      vertex 62.666 60.097 2.676
      vertex 62.624 61.027 2.438
    endloop
  endfacet
  facet normal 0 0 0
    outer loop
      vertex 62.309 59.6 3.093
      vertex 62.007 59.978 3.267
      vertex 61.541 59.508 3.539
    endloop
  endfacet
  facet normal 0 0 0
    outer loop
      vertex 61.541 59.508 3.539
      vertex 62.007 59.978 3.267
      vertex 61.485 59.883 3.539
    endloop
  endfacet
  facet normal 0 0 0
    outer loop
      vertex 62.007 59.978 3.267
      vertex 61.67 60.319 3.416
      vertex 61.485 59.883 3.539
    endloop
  endfacet
  facet normal 0 0 0
    outer loop
      vertex 62.954 39.288 2.438
      vertex 63.239 39.271 1.914
      vertex 62.787 39.75 2.676
    endloop
  endfacet
  facet normal 0 0 0
    outer loop
      vertex 62.007 59.978 3.267
      vertex 62.157 60.438 3.093
      vertex 61.67 60.319 3.416
    endloop
  endfacet
  facet normal 0 0 0
    outer loop
      vertex 62.954 39.288 2.438
      vertex 62.787 39.75 2.676
      vertex 62.541 38.981 2.895
    endloop
  endfacet
  facet normal 0 0 0
    outer loop
      vertex 62.787 39.75 2.676
      vertex 62.36 39.75 3.093
      vertex 62.541 38.981 2.895
    endloop
  endfacet
  facet normal 0 0 0
    outer loop
      vertex 62.541 38.981 2.895
      vertex 62.36 39.75 3.093
      vertex 62.105 39.339 3.267
    endloop
  endfacet
  facet normal 0 0 0
    outer loop
      vertex 61.485 59.883 3.539
      vertex 61.67 60.319 3.416
      vertex 61.362 61.258 3.416
    endloop
  endfacet
  facet normal 0 0 0
    outer loop
      vertex 62.347 40.176 3.093
      vertex 61.847 40.146 3.416
      vertex 62.36 39.75 3.093
    endloop
  endfacet
  facet normal 0 0 0
    outer loop
      vertex 61.541 59.508 3.539
      vertex 61.847 59.146 3.416
      vertex 62.347 59.176 3.093
    endloop
  endfacet
  facet normal 0 0 0
    outer loop
      vertex 61.847 40.146 3.416
      vertex 61.859 39.75 3.416
      vertex 62.36 39.75 3.093
    endloop
  endfacet
  facet normal 0 0 0
    outer loop
      vertex 62.36 39.75 3.093
      vertex 61.859 39.75 3.416
      vertex 62.105 39.339 3.267
    endloop
  endfacet
  facet normal 0 0 0
    outer loop
      vertex 40.298 66.652 2.71
      vertex 41.129 66.687 2.638
      vertex 41.116 66.827 2.295
    endloop
  endfacet
  facet normal 0 0 0
    outer loop
      vertex 41.129 66.687 2.638
      vertex 40.298 66.652 2.71
      vertex 41.125 66.484 2.972
    endloop
  endfacet
  facet normal 0 0 0
    outer loop
      vertex 41.116 66.827 2.295
      vertex 40.298 66.878 2.064
      vertex 40.298 66.652 2.71
    endloop
  endfacet
  facet normal 0 0 0
    outer loop
      vertex 41.412 66.416 2.785
      vertex 41.378 66.535 2.669
      vertex 41.125 66.484 2.972
    endloop
  endfacet
  facet normal 0 0 0
    outer loop
      vertex 49.929 46.018 1.197
      vertex 49.625 45.625 1.56
      vertex 50.247 45.643 2.438
    endloop
  endfacet
  facet normal 0 0 0
    outer loop
      vertex 49.498 45.669 0.825
      vertex 49.219 45.339 1.122
      vertex 49.625 45.625 1.56
    endloop
  endfacet
  facet normal 0 0 0
    outer loop
      vertex 50.247 45.643 2.438
      vertex 50.732 46.583 1.344
      vertex 49.929 46.018 1.197
    endloop
  endfacet
  facet normal 0 0 0
    outer loop
      vertex 49.327 45.238 1.776
      vertex 49.625 45.625 1.56
      vertex 49.219 45.339 1.122
    endloop
  endfacet
  facet normal 0 0 0
    outer loop
      vertex 49.625 45.625 1.56
      vertex 49.327 45.238 1.776
      vertex 50.247 45.643 2.438
    endloop
  endfacet
  facet normal 0 0 0
    outer loop
      vertex 50.247 45.643 2.438
      vertex 50.829 46.436 1.914
      vertex 50.732 46.583 1.344
    endloop
  endfacet
  facet normal 0 0 0
    outer loop
      vertex 41.412 66.416 2.785
      vertex 41.443 66.173 2.989
      vertex 41.378 66.535 2.669
    endloop
  endfacet
  facet normal 0 0 0
    outer loop
      vertex 49.498 45.669 0.825
      vertex 49.631 45.798 0.5
      vertex 49.219 45.339 1.122
    endloop
  endfacet
  facet normal 0 0 0
    outer loop
      vertex 41.125 66.484 2.972
      vertex 41.237 66.262 3.19
      vertex 41.443 66.173 2.989
    endloop
  endfacet
  facet normal 0 0 0
    outer loop
      vertex 49.625 45.625 1.56
      vertex 49.929 46.018 1.197
      vertex 50.002 46.122 0.5
    endloop
  endfacet
  facet normal 0 0 0
    outer loop
      vertex 41.237 66.262 3.19
      vertex 41.33 65.915 3.401
      vertex 41.443 66.173 2.989
    endloop
  endfacet
  facet normal 0 0 0
    outer loop
      vertex 49.625 45.625 1.56
      vertex 50.002 46.122 0.5
      vertex 49.498 45.669 0.825
    endloop
  endfacet
  facet normal 0 0 0
    outer loop
      vertex 41.237 66.262 3.19
      vertex 41.131 66.05 3.401
      vertex 41.33 65.915 3.401
    endloop
  endfacet
  facet normal 0 0 0
    outer loop
      vertex 41.237 66.262 3.19
      vertex 41.125 66.484 2.972
      vertex 41.131 66.05 3.401
    endloop
  endfacet
  facet normal 0 0 0
    outer loop
      vertex 41.131 66.05 3.401
      vertex 41.125 66.484 2.972
      vertex 40.298 66.652 2.71
    endloop
  endfacet
  facet normal 0 0 0
    outer loop
      vertex 41.131 66.05 3.401
      vertex 40.298 66.652 2.71
      vertex 40.307 66.24 3.243
    endloop
  endfacet
  facet normal 0 0 0
    outer loop
      vertex 41.412 66.416 2.785
      vertex 41.125 66.484 2.972
      vertex 41.443 66.173 2.989
    endloop
  endfacet
  facet normal 0 0 0
    outer loop
      vertex 41.33 65.915 3.401
      vertex 41.465 65.601 3.285
      vertex 41.443 66.173 2.989
    endloop
  endfacet
  facet normal 0 0 0
    outer loop
      vertex 41.378 66.535 2.669
      vertex 41.368 66.78 1.985
      vertex 41.253 66.695 2.565
    endloop
  endfacet
  facet normal 0 0 0
    outer loop
      vertex 41.465 65.601 3.285
      vertex 41.33 65.915 3.401
      vertex 41.437 65.644 3.401
    endloop
  endfacet
  facet normal 0 0 0
    outer loop
      vertex 41.378 66.535 2.669
      vertex 41.253 66.695 2.565
      vertex 41.125 66.484 2.972
    endloop
  endfacet
  facet normal 0 0 0
    outer loop
      vertex 41.253 66.695 2.565
      vertex 41.129 66.687 2.638
      vertex 41.125 66.484 2.972
    endloop
  endfacet
  facet normal 0 0 0
    outer loop
      vertex 40.296 66.049 3.401
      vertex 41.131 66.05 3.401
      vertex 40.307 66.24 3.243
    endloop
  endfacet
  facet normal 0 0 0
    outer loop
      vertex 41.443 66.173 2.989
      vertex 41.456 66.594 2.032
      vertex 41.378 66.535 2.669
    endloop
  endfacet
  facet normal 0 0 0
    outer loop
      vertex 41.456 66.594 2.032
      vertex 41.368 66.78 1.985
      vertex 41.378 66.535 2.669
    endloop
  endfacet
  facet normal 0 0 0
    outer loop
      vertex 52.356 46.501 2.895
      vertex 52.206 46.854 2.438
      vertex 51.867 46.498 2.676
    endloop
  endfacet
  facet normal 0 0 0
    outer loop
      vertex 41.134 66.885 2.022
      vertex 41.125 66.911 1.691
      vertex 40.298 66.878 2.064
    endloop
  endfacet
  facet normal 0 0 0
    outer loop
      vertex 41.116 66.827 2.295
      vertex 41.134 66.885 2.022
      vertex 40.298 66.878 2.064
    endloop
  endfacet
  facet normal 0 0 0
    outer loop
      vertex 41.374 66.732 1.239
      vertex 41.253 66.83 1.238
      vertex 41.125 66.911 1.691
    endloop
  endfacet
  facet normal 0 0 0
    outer loop
      vertex 41.125 66.911 1.691
      vertex 41.368 66.78 1.985
      vertex 41.374 66.732 1.239
    endloop
  endfacet
  facet normal 0 0 0
    outer loop
      vertex 41.368 66.78 1.985
      vertex 41.134 66.885 2.022
      vertex 41.253 66.695 2.565
    endloop
  endfacet
  facet normal 0 0 0
    outer loop
      vertex 35.966 57.511 3.401
      vertex 35.966 56.511 3.4
      vertex 35.966 57.513 0.001
    endloop
  endfacet
  facet normal 0 0 0
    outer loop
      vertex 31.966 58.998 1.539
      vertex 31.966 58.981 1.984
      vertex 35.299 58.919 2.278
    endloop
  endfacet
  facet normal 0 0 0
    outer loop
      vertex 41.374 66.732 1.239
      vertex 41.134 66.82 1.087
      vertex 41.253 66.83 1.238
    endloop
  endfacet
  facet normal 0 0 0
    outer loop
      vertex 41.368 66.78 1.985
      vertex 41.125 66.911 1.691
      vertex 41.134 66.885 2.022
    endloop
  endfacet
  facet normal 0 0 0
    outer loop
      vertex 41.134 66.885 2.022
      vertex 41.116 66.827 2.295
      vertex 41.253 66.695 2.565
    endloop
  endfacet
  facet normal 0 0 0
    outer loop
      vertex 41.456 66.594 2.032
      vertex 41.46 66.542 1.23
      vertex 41.374 66.732 1.239
    endloop
  endfacet
  facet normal 0 0 0
    outer loop
      vertex 41.374 66.732 1.239
      vertex 41.368 66.78 1.985
      vertex 41.456 66.594 2.032
    endloop
  endfacet
  facet normal 0 0 0
    outer loop
      vertex 41.456 66.594 2.032
      vertex 41.443 66.173 2.989
      vertex 41.46 66.542 1.23
    endloop
  endfacet
  facet normal 0 0 0
    outer loop
      vertex 41.253 66.83 1.238
      vertex 41.134 66.82 1.087
      vertex 41.125 66.911 1.691
    endloop
  endfacet
  facet normal 0 0 0
    outer loop
      vertex 41.125 66.911 1.691
      vertex 41.134 66.82 1.087
      vertex 40.307 66.885 1.37
    endloop
  endfacet
  facet normal 0 0 0
    outer loop
      vertex 39.966 58.948 1.23
      vertex 39.966 58.85 0.93
      vertex 31.966 58.766 0.768
    endloop
  endfacet
  facet normal 0 0 0
    outer loop
      vertex 41.46 66.542 1.23
      vertex 41.443 66.173 2.989
      vertex 41.466 66.24 0.671
    endloop
  endfacet
  facet normal 0 0 0
    outer loop
      vertex 31.966 58.998 1.539
      vertex 39.966 58.948 1.23
      vertex 31.966 58.766 0.768
    endloop
  endfacet
  facet normal 0 0 0
    outer loop
      vertex 41.368 66.591 0.838
      vertex 41.16 66.703 0.798
      vertex 41.253 66.728 0.915
    endloop
  endfacet
  facet normal 0 0 0
    outer loop
      vertex 41.253 66.728 0.915
      vertex 41.374 66.732 1.239
      vertex 41.368 66.591 0.838
    endloop
  endfacet
  facet normal 0 0 0
    outer loop
      vertex 41.374 66.732 1.239
      vertex 41.253 66.728 0.915
      vertex 41.134 66.82 1.087
    endloop
  endfacet
  facet normal 0 0 0
    outer loop
      vertex 35.966 56.511 3.4
      vertex 35.966 57.511 3.401
      vertex 31.966 58.059 3.401
    endloop
  endfacet
  facet normal 0 0 0
    outer loop
      vertex 41.368 66.591 0.838
      vertex 41.374 66.732 1.239
      vertex 41.46 66.542 1.23
    endloop
  endfacet
  facet normal 0 0 0
    outer loop
      vertex 41.16 66.703 0.798
      vertex 41.134 66.82 1.087
      vertex 41.253 66.728 0.915
    endloop
  endfacet
  facet normal 0 0 0
    outer loop
      vertex 31.966 58.059 3.401
      vertex 31.966 55.952 3.4
      vertex 35.966 56.511 3.4
    endloop
  endfacet
  facet normal 0 0 0
    outer loop
      vertex 35.299 55.181 2.513
      vertex 36.008 55.483 2.988
      vertex 31.966 55.952 3.4
    endloop
  endfacet
  facet normal 0 0 0
    outer loop
      vertex 41.134 66.82 1.087
      vertex 41.16 66.703 0.798
      vertex 40.307 66.669 0.72
    endloop
  endfacet
  facet normal 0 0 0
    outer loop
      vertex 35.299 55.181 2.513
      vertex 31.966 55.952 3.4
      vertex 31.966 55.157 2.451
    endloop
  endfacet
  facet normal 0 0 0
    outer loop
      vertex 40.307 66.669 0.72
      vertex 40.307 66.885 1.37
      vertex 41.134 66.82 1.087
    endloop
  endfacet
  facet normal 0 0 0
    outer loop
      vertex 41.46 66.174 0.522
      vertex 41.466 66.24 0.671
      vertex 41.443 66.173 2.989
    endloop
  endfacet
  facet normal 0 0 0
    outer loop
      vertex 31.966 55.157 2.451
      vertex 31.966 55.031 1.962
      vertex 36.716 55.05 2.116
    endloop
  endfacet
  facet normal 0 0 0
    outer loop
      vertex 31.966 55.031 1.962
      vertex 31.966 55.034 1.376
      vertex 36.716 55.05 2.116
    endloop
  endfacet
  facet normal 0 0 0
    outer loop
      vertex 41.443 66.173 2.989
      vertex 41.466 66.047 0.444
      vertex 41.46 66.174 0.522
    endloop
  endfacet
  facet normal 0 0 0
    outer loop
      vertex 41.466 66.24 0.671
      vertex 41.46 66.174 0.522
      vertex 41.344 66.333 0.375
    endloop
  endfacet
  facet normal 0 0 0
    outer loop
      vertex 61.847 40.146 3.416
      vertex 61.541 40.508 3.539
      vertex 61.651 38.784 3.485
    endloop
  endfacet
  facet normal 0 0 0
    outer loop
      vertex 40.389 29.656 3.178
      vertex 40.536 29.395 3.273
      vertex 40.4 29.949 3.4
    endloop
  endfacet
  facet normal 0 0 0
    outer loop
      vertex 62.36 39.75 3.093
      vertex 62.787 39.75 2.676
      vertex 62.347 40.176 3.093
    endloop
  endfacet
  facet normal 0 0 0
    outer loop
      vertex 40.4 29.949 3.4
      vertex 40.536 29.395 3.273
      vertex 40.572 29.527 3.4
    endloop
  endfacet
  facet normal 0 0 0
    outer loop
      vertex 36.385 30.508 3.4
      vertex 43.314 30.51 0
      vertex 36.385 30.51 0
    endloop
  endfacet
  facet normal 0 0 0
    outer loop
      vertex 63.285 41.586 0.5
      vertex 63.484 40.12 0.5
      vertex 62.813 41.408 0
    endloop
  endfacet
  facet normal 0 0 0
    outer loop
      vertex 38.552 29.198 2.55
      vertex 37.843 29.068 2.198
      vertex 40.385 29.147 2.434
    endloop
  endfacet
  facet normal 0 0 0
    outer loop
      vertex 63.429 39.75 1.344
      vertex 63.297 40.719 1.633
      vertex 63.239 40.229 1.914
    endloop
  endfacet
  facet normal 0 0 0
    outer loop
      vertex 62.666 41.097 2.676
      vertex 62.954 40.212 2.438
      vertex 63.297 40.719 1.633
    endloop
  endfacet
  facet normal 0 0 0
    outer loop
      vertex 62.666 41.097 2.676
      vertex 63.297 40.719 1.633
      vertex 62.997 41.157 2.183
    endloop
  endfacet
  facet normal 0 0 0
    outer loop
      vertex 62.997 41.157 2.183
      vertex 63.297 40.719 1.633
      vertex 63.297 41.212 1.344
    endloop
  endfacet
  facet normal 0 0 0
    outer loop
      vertex 62.954 40.212 2.438
      vertex 63.239 40.229 1.914
      vertex 63.297 40.719 1.633
    endloop
  endfacet
  facet normal 0 0 0
    outer loop
      vertex 32.385 29.949 3.4
      vertex 38.552 29.466 2.972
      vertex 40.389 29.656 3.178
    endloop
  endfacet
  facet normal 0 0 0
    outer loop
      vertex 63.239 39.271 1.914
      vertex 63.239 40.229 1.914
      vertex 62.954 40.212 2.438
    endloop
  endfacet
  facet normal 0 0 0
    outer loop
      vertex 63.285 41.586 0.5
      vertex 63.415 40.733 1.048
      vertex 63.484 40.12 0.5
    endloop
  endfacet
  facet normal 0 0 0
    outer loop
      vertex 40.4 29.949 3.4
      vertex 40.735 29.453 3.4
      vertex 42.979 29.454 3.4
    endloop
  endfacet
  facet normal 0 0 0
    outer loop
      vertex 63.484 40.12 0.5
      vertex 63.415 40.733 1.048
      vertex 63.429 39.75 1.344
    endloop
  endfacet
  facet normal 0 0 0
    outer loop
      vertex 40.572 29.527 3.4
      vertex 40.536 29.395 3.273
      vertex 40.735 29.453 3.4
    endloop
  endfacet
  facet normal 0 0 0
    outer loop
      vertex 63.415 40.733 1.048
      vertex 63.297 40.719 1.633
      vertex 63.429 39.75 1.344
    endloop
  endfacet
  facet normal 0 0 0
    outer loop
      vertex 63.415 40.733 1.048
      vertex 63.297 41.212 1.344
      vertex 63.297 40.719 1.633
    endloop
  endfacet
  facet normal 0 0 0
    outer loop
      vertex 63.297 41.212 1.344
      vertex 63.415 40.733 1.048
      vertex 63.285 41.586 0.5
    endloop
  endfacet
  facet normal 0 0 0
    outer loop
      vertex 63.484 40.12 0.5
      vertex 63.429 39.75 1.344
      vertex 63.49 39.812 0.825
    endloop
  endfacet
  facet normal 0 0 0
    outer loop
      vertex 40.389 29.656 3.178
      vertex 40.4 29.949 3.4
      vertex 32.385 29.949 3.4
    endloop
  endfacet
  facet normal 0 0 0
    outer loop
      vertex 63.484 40.12 0.5
      vertex 63.49 39.812 0.825
      vertex 63.48 39.38 0.5
    endloop
  endfacet
  facet normal 0 0 0
    outer loop
      vertex 63.484 40.12 0.5
      vertex 62.988 39.75 0
      vertex 62.813 41.408 0
    endloop
  endfacet
  facet normal 0 0 0
    outer loop
      vertex 63.429 39.75 1.344
      vertex 63.239 40.229 1.914
      vertex 63.239 39.271 1.914
    endloop
  endfacet
  facet normal 0 0 0
    outer loop
      vertex 40.536 29.395 3.273
      vertex 40.722 29.122 3.089
      vertex 40.735 29.453 3.4
    endloop
  endfacet
  facet normal 0 0 0
    outer loop
      vertex 63.239 39.271 1.914
      vertex 63.385 39.262 1.49
      vertex 63.429 39.75 1.344
    endloop
  endfacet
  facet normal 0 0 0
    outer loop
      vertex 40.536 29.395 3.273
      vertex 40.389 29.656 3.178
      vertex 40.44 29.234 2.973
    endloop
  endfacet
  facet normal 0 0 0
    outer loop
      vertex 40.44 29.234 2.973
      vertex 40.722 29.122 3.089
      vertex 40.536 29.395 3.273
    endloop
  endfacet
  facet normal 0 0 0
    outer loop
      vertex 40.735 29.453 3.4
      vertex 40.722 29.122 3.089
      vertex 42.979 29.454 3.4
    endloop
  endfacet
  facet normal 0 0 0
    outer loop
      vertex 62.988 39.75 0
      vertex 63.48 39.38 0.5
      vertex 63.302 38.037 0.5
    endloop
  endfacet
  facet normal 0 0 0
    outer loop
      vertex 41.134 40.002 2.926
      vertex 40.277 39.868 2.712
      vertex 41.185 39.755 2.453
    endloop
  endfacet
  facet normal 0 0 0
    outer loop
      vertex 41.125 40.29 3.256
      vertex 41.16 40.47 3.4
      vertex 40.298 40.22 3.19
    endloop
  endfacet
  facet normal 0 0 0
    outer loop
      vertex 41.134 40.002 2.926
      vertex 40.298 40.22 3.19
      vertex 40.277 39.868 2.712
    endloop
  endfacet
  facet normal 0 0 0
    outer loop
      vertex 62.813 38.092 0
      vertex 62.988 39.75 0
      vertex 63.302 38.037 0.5
    endloop
  endfacet
  facet normal 0 0 0
    outer loop
      vertex 41.185 39.755 2.453
      vertex 41.342 39.91 2.615
      vertex 41.134 40.002 2.926
    endloop
  endfacet
  facet normal 0 0 0
    outer loop
      vertex 63.48 39.38 0.5
      vertex 63.49 39.812 0.825
      vertex 63.438 38.827 0.825
    endloop
  endfacet
  facet normal 0 0 0
    outer loop
      vertex 41.134 40.002 2.926
      vertex 41.342 39.91 2.615
      vertex 41.315 40.222 3.102
    endloop
  endfacet
  facet normal 0 0 0
    outer loop
      vertex 41.462 40.184 2.647
      vertex 41.342 39.91 2.615
      vertex 41.447 39.966 2.323
    endloop
  endfacet
  facet normal 0 0 0
    outer loop
      vertex 63.438 38.827 0.825
      vertex 63.429 39.75 1.344
      vertex 63.385 39.262 1.49
    endloop
  endfacet
  facet normal 0 0 0
    outer loop
      vertex 41.342 39.91 2.615
      vertex 41.462 40.184 2.647
      vertex 41.315 40.222 3.102
    endloop
  endfacet
  facet normal 0 0 0
    outer loop
      vertex 63.438 38.827 0.825
      vertex 63.49 39.812 0.825
      vertex 63.429 39.75 1.344
    endloop
  endfacet
  facet normal 0 0 0
    outer loop
      vertex 62.988 39.75 0
      vertex 63.484 40.12 0.5
      vertex 63.48 39.38 0.5
    endloop
  endfacet
  facet normal 0 0 0
    outer loop
      vertex 41.447 39.966 2.323
      vertex 41.342 39.91 2.615
      vertex 41.253 39.643 1.912
    endloop
  endfacet
  facet normal 0 0 0
    outer loop
      vertex 61.651 38.784 3.485
      vertex 61.859 39.75 3.416
      vertex 61.847 40.146 3.416
    endloop
  endfacet
  facet normal 0 0 0
    outer loop
      vertex 41.342 39.91 2.615
      vertex 41.185 39.755 2.453
      vertex 41.253 39.643 1.912
    endloop
  endfacet
  facet normal 0 0 0
    outer loop
      vertex 40.298 39.687 2.272
      vertex 41.134 39.617 1.936
      vertex 41.185 39.755 2.453
    endloop
  endfacet
  facet normal 0 0 0
    outer loop
      vertex 40.277 39.868 2.712
      vertex 40.298 39.687 2.272
      vertex 41.185 39.755 2.453
    endloop
  endfacet
  facet normal 0 0 0
    outer loop
      vertex 62.747 37.918 2.438
      vertex 62.541 38.981 2.895
      vertex 62.42 38.224 2.895
    endloop
  endfacet
  facet normal 0 0 0
    outer loop
      vertex 62.541 38.981 2.895
      vertex 62.105 39.339 3.267
      vertex 62.42 38.224 2.895
    endloop
  endfacet
  facet normal 0 0 0
    outer loop
      vertex 62.541 38.981 2.895
      vertex 62.747 37.918 2.438
      vertex 63.067 38.809 2.183
    endloop
  endfacet
  facet normal 0 0 0
    outer loop
      vertex 62.541 38.981 2.895
      vertex 63.067 38.809 2.183
      vertex 62.954 39.288 2.438
    endloop
  endfacet
  facet normal 0 0 0
    outer loop
      vertex 62.105 39.339 3.267
      vertex 61.859 39.75 3.416
      vertex 61.651 38.784 3.485
    endloop
  endfacet
  facet normal 0 0 0
    outer loop
      vertex 62.42 38.224 2.895
      vertex 62.105 39.339 3.267
      vertex 61.857 38.136 3.301
    endloop
  endfacet
  facet normal 0 0 0
    outer loop
      vertex 62.105 39.339 3.267
      vertex 61.651 38.784 3.485
      vertex 61.857 38.136 3.301
    endloop
  endfacet
  facet normal 0 0 0
    outer loop
      vertex 41.43 39.824 1.468
      vertex 41.446 39.847 1.853
      vertex 41.253 39.643 1.912
    endloop
  endfacet
  facet normal 0 0 0
    outer loop
      vertex 41.43 39.824 1.468
      vertex 41.253 39.643 1.912
      vertex 41.253 39.633 1.743
    endloop
  endfacet
  facet normal 0 0 0
    outer loop
      vertex 61.098 38.507 3.655
      vertex 61.857 38.136 3.301
      vertex 61.651 38.784 3.485
    endloop
  endfacet
  facet normal 0 0 0
    outer loop
      vertex 63.067 38.809 2.183
      vertex 63.239 39.271 1.914
      vertex 62.954 39.288 2.438
    endloop
  endfacet
  facet normal 0 0 0
    outer loop
      vertex 41.447 39.966 2.323
      vertex 41.253 39.643 1.912
      vertex 41.446 39.847 1.853
    endloop
  endfacet
  facet normal 0 0 0
    outer loop
      vertex 41.185 39.755 2.453
      vertex 41.134 39.617 1.936
      vertex 41.253 39.643 1.912
    endloop
  endfacet
  facet normal 0 0 0
    outer loop
      vertex 62.42 38.224 2.895
      vertex 62.452 37.526 2.676
      vertex 62.747 37.918 2.438
    endloop
  endfacet
  facet normal 0 0 0
    outer loop
      vertex 40.298 39.605 1.722
      vertex 41.134 39.606 1.593
      vertex 41.253 39.633 1.743
    endloop
  endfacet
  facet normal 0 0 0
    outer loop
      vertex 61.165 37.113 3.485
      vertex 61.906 37.249 3.093
      vertex 61.857 38.136 3.301
    endloop
  endfacet
  facet normal 0 0 0
    outer loop
      vertex 41.253 39.633 1.743
      vertex 41.253 39.643 1.912
      vertex 40.298 39.605 1.722
    endloop
  endfacet
  facet normal 0 0 0
    outer loop
      vertex 61.857 38.136 3.301
      vertex 61.098 38.507 3.655
      vertex 61.165 37.113 3.485
    endloop
  endfacet
  facet normal 0 0 0
    outer loop
      vertex 41.268 40.148 0.345
      vertex 41.134 40.104 0.336
      vertex 41.131 40.465 0
    endloop
  endfacet
  facet normal 0 0 0
    outer loop
      vertex 62.452 37.526 2.676
      vertex 62.621 36.981 2.183
      vertex 62.773 37.427 2.183
    endloop
  endfacet
  facet normal 0 0 0
    outer loop
      vertex 62.773 37.427 2.183
      vertex 62.747 37.918 2.438
      vertex 62.452 37.526 2.676
    endloop
  endfacet
  facet normal 0 0 0
    outer loop
      vertex 41.412 40.243 0.428
      vertex 41.463 40.355 0.533
      vertex 41.422 40.121 0.63
    endloop
  endfacet
  facet normal 0 0 0
    outer loop
      vertex 41.466 40.23 0.755
      vertex 41.463 40.103 0.913
      vertex 41.422 40.121 0.63
    endloop
  endfacet
  facet normal 0 0 0
    outer loop
      vertex 61.906 37.249 3.093
      vertex 62.306 37.099 2.676
      vertex 61.857 38.136 3.301
    endloop
  endfacet
  facet normal 0 0 0
    outer loop
      vertex 61.857 38.136 3.301
      vertex 62.306 37.099 2.676
      vertex 62.452 37.526 2.676
    endloop
  endfacet
  facet normal 0 0 0
    outer loop
      vertex 62.306 37.099 2.676
      vertex 62.621 36.981 2.183
      vertex 62.452 37.526 2.676
    endloop
  endfacet
  facet normal 0 0 0
    outer loop
      vertex 41.463 40.355 0.533
      vertex 41.466 40.23 0.755
      vertex 41.422 40.121 0.63
    endloop
  endfacet
  facet normal 0 0 0
    outer loop
      vertex 62.352 36.06 1.914
      vertex 62.306 37.099 2.676
      vertex 62.099 36.191 2.438
    endloop
  endfacet
  facet normal 0 0 0
    outer loop
      vertex 62.306 37.099 2.676
      vertex 61.906 37.249 3.093
      vertex 61.759 36.368 2.895
    endloop
  endfacet
  facet normal 0 0 0
    outer loop
      vertex 41.268 40.148 0.345
      vertex 41.341 40.613 0
      vertex 41.412 40.243 0.428
    endloop
  endfacet
  facet normal 0 0 0
    outer loop
      vertex 41.268 40.148 0.345
      vertex 41.131 40.465 0
      vertex 41.341 40.613 0
    endloop
  endfacet
  facet normal 0 0 0
    outer loop
      vertex 41.341 40.613 0
      vertex 41.444 40.901 0
      vertex 41.463 40.355 0.533
    endloop
  endfacet
  facet normal 0 0 0
    outer loop
      vertex 41.412 40.243 0.428
      vertex 41.341 40.613 0
      vertex 41.463 40.355 0.533
    endloop
  endfacet
  facet normal 0 0 0
    outer loop
      vertex 51.867 46.498 2.676
      vertex 52.058 46.116 3.093
      vertex 52.356 46.501 2.895
    endloop
  endfacet
  facet normal 0 0 0
    outer loop
      vertex 41.131 40.465 0
      vertex 41.134 40.104 0.336
      vertex 40.316 40.329 0.107
    endloop
  endfacet
  facet normal 0 0 0
    outer loop
      vertex 41.463 40.103 0.913
      vertex 41.466 40.23 0.755
      vertex 41.451 40.96 3.4
    endloop
  endfacet
  facet normal 0 0 0
    outer loop
      vertex 41.451 40.96 3.4
      vertex 41.447 39.966 2.323
      vertex 41.463 40.103 0.913
    endloop
  endfacet
  facet normal 0 0 0
    outer loop
      vertex 52.765 46.662 2.895
      vertex 52.356 46.501 2.895
      vertex 52.923 46.223 3.267
    endloop
  endfacet
  facet normal 0 0 0
    outer loop
      vertex 41.447 39.966 2.323
      vertex 41.446 39.847 1.853
      vertex 41.463 40.103 0.913
    endloop
  endfacet
  facet normal 0 0 0
    outer loop
      vertex 41.444 40.901 0
      vertex 41.466 41.519 0
      vertex 41.451 40.96 3.4
    endloop
  endfacet
  facet normal 0 0 0
    outer loop
      vertex 41.463 40.355 0.533
      vertex 41.444 40.901 0
      vertex 41.451 40.96 3.4
    endloop
  endfacet
  facet normal 0 0 0
    outer loop
      vertex 41.466 40.23 0.755
      vertex 41.463 40.355 0.533
      vertex 41.451 40.96 3.4
    endloop
  endfacet
  facet normal 0 0 0
    outer loop
      vertex 41.463 40.103 0.913
      vertex 41.446 39.847 1.853
      vertex 41.43 39.824 1.468
    endloop
  endfacet
  facet normal 0 0 0
    outer loop
      vertex 41.422 40.121 0.63
      vertex 41.463 40.103 0.913
      vertex 41.33 39.937 0.707
    endloop
  endfacet
  facet normal 0 0 0
    outer loop
      vertex 41.177 39.916 0.61
      vertex 41.33 39.937 0.707
      vertex 41.368 39.861 0.945
    endloop
  endfacet
  facet normal 0 0 0
    outer loop
      vertex 41.177 39.916 0.61
      vertex 41.422 40.121 0.63
      vertex 41.33 39.937 0.707
    endloop
  endfacet
  facet normal 0 0 0
    outer loop
      vertex 41.33 39.937 0.707
      vertex 41.463 40.103 0.913
      vertex 41.368 39.861 0.945
    endloop
  endfacet
  facet normal 0 0 0
    outer loop
      vertex 41.268 40.148 0.345
      vertex 41.412 40.243 0.428
      vertex 41.177 39.916 0.61
    endloop
  endfacet
  facet normal 0 0 0
    outer loop
      vertex 41.422 40.121 0.63
      vertex 41.177 39.916 0.61
      vertex 41.412 40.243 0.428
    endloop
  endfacet
  facet normal 0 0 0
    outer loop
      vertex 41.268 40.148 0.345
      vertex 41.177 39.916 0.61
      vertex 41.134 40.104 0.336
    endloop
  endfacet
  facet normal 0 0 0
    outer loop
      vertex 40.298 39.974 0.507
      vertex 40.316 40.329 0.107
      vertex 41.177 39.916 0.61
    endloop
  endfacet
  facet normal 0 0 0
    outer loop
      vertex 41.134 40.104 0.336
      vertex 41.177 39.916 0.61
      vertex 40.316 40.329 0.107
    endloop
  endfacet
  facet normal 0 0 0
    outer loop
      vertex 41.177 39.916 0.61
      vertex 41.134 39.752 0.924
      vertex 40.298 39.974 0.507
    endloop
  endfacet
  facet normal 0 0 0
    outer loop
      vertex 41.368 39.861 0.945
      vertex 41.463 40.103 0.913
      vertex 41.43 39.824 1.468
    endloop
  endfacet
  facet normal 0 0 0
    outer loop
      vertex 41.177 39.916 0.61
      vertex 41.368 39.861 0.945
      vertex 41.134 39.752 0.924
    endloop
  endfacet
  facet normal 0 0 0
    outer loop
      vertex 41.43 39.824 1.468
      vertex 41.134 39.752 0.924
      vertex 41.368 39.861 0.945
    endloop
  endfacet
  facet normal 0 0 0
    outer loop
      vertex 41.43 39.824 1.468
      vertex 41.253 39.633 1.743
      vertex 41.134 39.752 0.924
    endloop
  endfacet
  facet normal 0 0 0
    outer loop
      vertex 41.253 39.633 1.743
      vertex 41.134 39.606 1.593
      vertex 41.134 39.752 0.924
    endloop
  endfacet
  facet normal 0 0 0
    outer loop
      vertex 40.298 39.617 1.464
      vertex 40.298 39.683 1.127
      vertex 41.134 39.752 0.924
    endloop
  endfacet
  facet normal 0 0 0
    outer loop
      vertex 41.134 39.606 1.593
      vertex 40.298 39.617 1.464
      vertex 41.134 39.752 0.924
    endloop
  endfacet
  facet normal 0 0 0
    outer loop
      vertex 51.018 45.751 2.895
      vertex 52.058 46.116 3.093
      vertex 51.867 46.498 2.676
    endloop
  endfacet
  facet normal 0 0 0
    outer loop
      vertex 31 47.012 0.944
      vertex 31.966 47.012 0.944
      vertex 31 47.012 2.456
    endloop
  endfacet
  facet normal 0 0 0
    outer loop
      vertex 52.058 46.116 3.093
      vertex 51.018 45.751 2.895
      vertex 51.454 45.488 3.267
    endloop
  endfacet
  facet normal 0 0 0
    outer loop
      vertex 52.641 45.834 3.416
      vertex 52.923 46.223 3.267
      vertex 52.356 46.501 2.895
    endloop
  endfacet
  facet normal 0 0 0
    outer loop
      vertex 10.311 50.801 0
      vertex 10.746 44.098 0
      vertex 10.311 41.501 0
    endloop
  endfacet
  facet normal 0 0 0
    outer loop
      vertex 52.641 45.834 3.416
      vertex 53.055 45.854 3.485
      vertex 52.923 46.223 3.267
    endloop
  endfacet
  facet normal 0 0 0
    outer loop
      vertex 12.989 51.501 0
      vertex 12.187 50.801 0
      vertex 11.752 51.501 0
    endloop
  endfacet
  facet normal 0 0 0
    outer loop
      vertex 39.981 55.952 3.4
      vertex 31.966 55.952 3.4
      vertex 36.008 55.483 2.988
    endloop
  endfacet
  facet normal 0 0 0
    outer loop
      vertex 9.509 51.501 0
      vertex 10.311 50.801 0
      vertex 9.509 50.801 0
    endloop
  endfacet
  facet normal 0 0 0
    outer loop
      vertex 10.311 50.801 0
      vertex 9.509 51.501 0
      vertex 10.746 51.501 0
    endloop
  endfacet
  facet normal 0 0 0
    outer loop
      vertex 12.989 50.801 0
      vertex 12.187 50.801 0
      vertex 12.989 51.501 0
    endloop
  endfacet
  facet normal 0 0 0
    outer loop
      vertex 12.187 50.801 0
      vertex 11.752 44.098 0
      vertex 11.752 51.501 0
    endloop
  endfacet
  facet normal 0 0 0
    outer loop
      vertex 39.981 55.952 3.4
      vertex 35.966 56.511 3.4
      vertex 31.966 55.952 3.4
    endloop
  endfacet
  facet normal 0 0 0
    outer loop
      vertex 35.966 49.016 0
      vertex 39.981 48.456 0
      vertex 31.966 48.456 0
    endloop
  endfacet
  facet normal 0 0 0
    outer loop
      vertex 39.981 48.456 0
      vertex 35.966 49.016 0
      vertex 41.466 49.016 0
    endloop
  endfacet
  facet normal 0 0 0
    outer loop
      vertex 40.101 48.094 0
      vertex 41.466 49.016 0
      vertex 40.245 47.982 0
    endloop
  endfacet
  facet normal 0 0 0
    outer loop
      vertex 36.716 55.05 2.116
      vertex 35.299 55.181 2.513
      vertex 31.966 55.157 2.451
    endloop
  endfacet
  facet normal 0 0 0
    outer loop
      vertex 41.466 49.016 0
      vertex 40.101 48.094 0
      vertex 39.981 48.456 0
    endloop
  endfacet
  facet normal 0 0 0
    outer loop
      vertex 40.245 47.982 0
      vertex 41.466 49.016 0
      vertex 41.444 48.398 0
    endloop
  endfacet
  facet normal 0 0 0
    outer loop
      vertex 41.444 48.398 0
      vertex 41.341 48.11 0
      vertex 40.245 47.982 0
    endloop
  endfacet
  facet normal 0 0 0
    outer loop
      vertex 41.131 47.962 0
      vertex 40.245 47.982 0
      vertex 41.341 48.11 0
    endloop
  endfacet
  facet normal 0 0 0
    outer loop
      vertex 10.746 52.002 0.5
      vertex 9.574 52.002 2.545
      vertex 10.746 52.002 2.8
    endloop
  endfacet
  facet normal 0 0 0
    outer loop
      vertex 9.372 52.002 1.928
      vertex 10.746 52.002 0.5
      vertex 9.37 52.002 1.418
    endloop
  endfacet
  facet normal 0 0 0
    outer loop
      vertex 35.966 56.511 3.4
      vertex 35.966 56.513 0
      vertex 35.966 57.513 0.001
    endloop
  endfacet
  facet normal 0 0 0
    outer loop
      vertex 31.966 55.953 0
      vertex 31.966 58.06 0.001
      vertex 35.966 56.513 0
    endloop
  endfacet
  facet normal 0 0 0
    outer loop
      vertex 35.966 56.513 0
      vertex 31.966 58.06 0.001
      vertex 35.966 57.513 0.001
    endloop
  endfacet
  facet normal 0 0 0
    outer loop
      vertex 9.574 52.002 2.545
      vertex 10.746 52.002 0.5
      vertex 9.372 52.002 1.928
    endloop
  endfacet
  facet normal 0 0 0
    outer loop
      vertex 11.752 52.002 2.8
      vertex 13.135 52.002 1.743
      vertex 13.089 52.002 1.189
    endloop
  endfacet
  facet normal 0 0 0
    outer loop
      vertex 31.966 55.034 1.376
      vertex 35.299 55.071 1.204
      vertex 36.716 55.05 2.116
    endloop
  endfacet
  facet normal 0 0 0
    outer loop
      vertex 13.135 52.002 1.743
      vertex 11.752 52.002 2.8
      vertex 12.758 52.002 2.8
    endloop
  endfacet
  facet normal 0 0 0
    outer loop
      vertex 31.966 55.034 1.376
      vertex 31.966 55.225 0.801
      vertex 35.299 55.071 1.204
    endloop
  endfacet
  facet normal 0 0 0
    outer loop
      vertex 35.299 55.071 1.204
      vertex 38.133 55.011 1.659
      vertex 36.716 55.05 2.116
    endloop
  endfacet
  facet normal 0 0 0
    outer loop
      vertex 35.299 55.071 1.204
      vertex 31.966 55.225 0.801
      vertex 31.966 55.416 0.49
    endloop
  endfacet
  facet normal 0 0 0
    outer loop
      vertex 10.746 51.501 3.3
      vertex 10.311 50.801 3.3
      vertex 10.746 44.098 3.3
    endloop
  endfacet
  facet normal 0 0 0
    outer loop
      vertex 10.311 50.801 3.3
      vertex 10.746 51.501 3.3
      vertex 9.509 51.501 3.3
    endloop
  endfacet
  facet normal 0 0 0
    outer loop
      vertex 9.509 50.801 3.3
      vertex 10.311 50.801 3.3
      vertex 9.509 51.501 3.3
    endloop
  endfacet
  facet normal 0 0 0
    outer loop
      vertex 12.989 51.501 3.3
      vertex 12.187 50.801 3.3
      vertex 12.989 50.801 3.3
    endloop
  endfacet
  facet normal 0 0 0
    outer loop
      vertex 12.187 50.801 3.3
      vertex 12.989 51.501 3.3
      vertex 11.752 51.501 3.3
    endloop
  endfacet
  facet normal 0 0 0
    outer loop
      vertex 12.187 50.801 3.3
      vertex 11.752 51.501 3.3
      vertex 11.752 44.098 3.3
    endloop
  endfacet
  facet normal 0 0 0
    outer loop
      vertex 12.187 41.501 3.3
      vertex 12.187 50.801 3.3
      vertex 11.752 44.098 3.3
    endloop
  endfacet
  facet normal 0 0 0
    outer loop
      vertex 10.746 44.098 3.3
      vertex 10.311 50.801 3.3
      vertex 10.311 41.501 3.3
    endloop
  endfacet
  facet normal 0 0 0
    outer loop
      vertex 35.299 55.071 1.204
      vertex 31.966 55.416 0.49
      vertex 35.299 55.549 0.333
    endloop
  endfacet
  facet normal 0 0 0
    outer loop
      vertex 9.082 51.501 2.675
      vertex 8.992 50.801 2.458
      vertex 9.193 50.801 2.882
    endloop
  endfacet
  facet normal 0 0 0
    outer loop
      vertex 9.193 50.801 2.882
      vertex 9.509 51.501 3.3
      vertex 9.082 51.501 2.675
    endloop
  endfacet
  facet normal 0 0 0
    outer loop
      vertex 9.193 50.801 2.882
      vertex 9.509 50.801 3.3
      vertex 9.509 51.501 3.3
    endloop
  endfacet
  facet normal 0 0 0
    outer loop
      vertex 9.193 50.801 2.882
      vertex 9.905 50.801 2.994
      vertex 9.509 50.801 3.3
    endloop
  endfacet
  facet normal 0 0 0
    outer loop
      vertex 35.299 55.549 0.333
      vertex 31.966 55.416 0.49
      vertex 31.966 55.953 0
    endloop
  endfacet
  facet normal 0 0 0
    outer loop
      vertex 39.966 55.033 1.384
      vertex 38.133 55.011 1.659
      vertex 35.299 55.071 1.204
    endloop
  endfacet
  facet normal 0 0 0
    outer loop
      vertex 35.299 58.464 3.069
      vertex 39.97 58.385 3.137
      vertex 38.133 58.514 3.001
    endloop
  endfacet
  facet normal 0 0 0
    outer loop
      vertex 38.133 58.514 3.001
      vertex 36.716 58.833 2.514
      vertex 35.299 58.464 3.069
    endloop
  endfacet
  facet normal 0 0 0
    outer loop
      vertex 40.726 28.71 2.385
      vertex 40.536 28.844 2.549
      vertex 40.583 28.708 2.243
    endloop
  endfacet
  facet normal 0 0 0
    outer loop
      vertex 31.966 58.059 3.401
      vertex 39.981 58.059 3.401
      vertex 35.299 58.464 3.069
    endloop
  endfacet
  facet normal 0 0 0
    outer loop
      vertex 40.446 29.054 2.716
      vertex 40.726 28.847 2.7
      vertex 40.722 29.122 3.089
    endloop
  endfacet
  facet normal 0 0 0
    outer loop
      vertex 40.722 29.122 3.089
      vertex 40.44 29.234 2.973
      vertex 40.446 29.054 2.716
    endloop
  endfacet
  facet normal 0 0 0
    outer loop
      vertex 40.389 29.656 3.178
      vertex 38.552 29.466 2.972
      vertex 38.552 29.198 2.55
    endloop
  endfacet
  facet normal 0 0 0
    outer loop
      vertex 31.966 58.766 0.768
      vertex 39.966 58.602 0.495
      vertex 38.133 58.464 0.331
    endloop
  endfacet
  facet normal 0 0 0
    outer loop
      vertex 31.966 58.766 0.768
      vertex 38.133 58.464 0.331
      vertex 35.299 58.404 0.273
    endloop
  endfacet
  facet normal 0 0 0
    outer loop
      vertex 39.966 58.85 0.93
      vertex 39.966 58.602 0.495
      vertex 31.966 58.766 0.768
    endloop
  endfacet
  facet normal 0 0 0
    outer loop
      vertex 40.446 29.054 2.716
      vertex 40.536 28.844 2.549
      vertex 40.726 28.847 2.7
    endloop
  endfacet
  facet normal 0 0 0
    outer loop
      vertex 39.966 58.948 1.23
      vertex 31.966 58.998 1.539
      vertex 35.299 58.919 2.278
    endloop
  endfacet
  facet normal 0 0 0
    outer loop
      vertex 40.389 29.656 3.178
      vertex 38.552 29.198 2.55
      vertex 40.385 29.147 2.434
    endloop
  endfacet
  facet normal 0 0 0
    outer loop
      vertex 39.966 58.948 2.172
      vertex 39.966 58.948 1.23
      vertex 35.299 58.919 2.278
    endloop
  endfacet
  facet normal 0 0 0
    outer loop
      vertex 40.44 29.234 2.973
      vertex 40.389 29.656 3.178
      vertex 40.385 29.147 2.434
    endloop
  endfacet
  facet normal 0 0 0
    outer loop
      vertex 40.385 29.147 2.434
      vertex 40.446 29.054 2.716
      vertex 40.44 29.234 2.973
    endloop
  endfacet
  facet normal 0 0 0
    outer loop
      vertex 40.296 58.552 3.401
      vertex 41.131 58.553 3.401
      vertex 40.307 58.743 3.243
    endloop
  endfacet
  facet normal 0 0 0
    outer loop
      vertex 40.446 29.054 2.716
      vertex 40.583 28.708 2.243
      vertex 40.536 28.844 2.549
    endloop
  endfacet
  facet normal 0 0 0
    outer loop
      vertex 40.307 58.743 3.243
      vertex 40.118 58.44 3.401
      vertex 40.296 58.552 3.401
    endloop
  endfacet
  facet normal 0 0 0
    outer loop
      vertex 40.536 28.844 2.549
      vertex 40.726 28.71 2.385
      vertex 40.726 28.847 2.7
    endloop
  endfacet
  facet normal 0 0 0
    outer loop
      vertex 39.981 58.059 3.401
      vertex 40.118 58.44 3.401
      vertex 39.97 58.385 3.137
    endloop
  endfacet
  facet normal 0 0 0
    outer loop
      vertex 39.97 58.385 3.137
      vertex 40.054 58.907 2.874
      vertex 39.966 58.689 2.776
    endloop
  endfacet
  facet normal 0 0 0
    outer loop
      vertex 39.97 58.385 3.137
      vertex 40.118 58.44 3.401
      vertex 40.054 58.907 2.874
    endloop
  endfacet
  facet normal 0 0 0
    outer loop
      vertex 54.039 65.993 2.895
      vertex 54.748 65.345 3.416
      vertex 55.341 65.366 3.416
    endloop
  endfacet
  facet normal 0 0 0
    outer loop
      vertex 53.608 65.908 2.895
      vertex 53.542 66.2 2.561
      vertex 52.995 66.44 1.914
    endloop
  endfacet
  facet normal 0 0 0
    outer loop
      vertex 54.141 66.874 1.27
      vertex 54.319 66.946 0.825
      vertex 53.77 66.864 0.5
    endloop
  endfacet
  facet normal 0 0 0
    outer loop
      vertex 54.141 66.874 1.27
      vertex 53.77 66.864 0.5
      vertex 53.41 66.775 1.048
    endloop
  endfacet
  facet normal 0 0 0
    outer loop
      vertex 53.41 66.775 1.048
      vertex 53.437 66.66 1.633
      vertex 53.913 66.754 1.633
    endloop
  endfacet
  facet normal 0 0 0
    outer loop
      vertex 53.41 66.775 1.048
      vertex 53.913 66.754 1.633
      vertex 54.141 66.874 1.27
    endloop
  endfacet
  facet normal 0 0 0
    outer loop
      vertex 54.405 66.717 1.914
      vertex 54.875 66.929 1.344
      vertex 54.141 66.874 1.27
    endloop
  endfacet
  facet normal 0 0 0
    outer loop
      vertex 53.913 66.754 1.633
      vertex 54.405 66.717 1.914
      vertex 54.141 66.874 1.27
    endloop
  endfacet
  facet normal 0 0 0
    outer loop
      vertex 38.552 29.068 1.204
      vertex 40.385 29.03 2.015
      vertex 35.718 29.02 1.763
    endloop
  endfacet
  facet normal 0 0 0
    outer loop
      vertex 40.385 29.03 2.015
      vertex 37.843 29.068 2.198
      vertex 35.718 29.02 1.763
    endloop
  endfacet
  facet normal 0 0 0
    outer loop
      vertex 53.913 66.754 1.633
      vertex 53.951 66.525 2.183
      vertex 54.405 66.717 1.914
    endloop
  endfacet
  facet normal 0 0 0
    outer loop
      vertex 53.951 66.525 2.183
      vertex 54.903 66.288 2.676
      vertex 54.405 66.717 1.914
    endloop
  endfacet
  facet normal 0 0 0
    outer loop
      vertex 54.056 66.39 0
      vertex 52.893 66.135 0
      vertex 52.811 66.63 0.5
    endloop
  endfacet
  facet normal 0 0 0
    outer loop
      vertex 53.77 66.864 0.5
      vertex 54.056 66.39 0
      vertex 52.811 66.63 0.5
    endloop
  endfacet
  facet normal 0 0 0
    outer loop
      vertex 53.77 66.864 0.5
      vertex 54.749 66.982 0.5
      vertex 54.056 66.39 0
    endloop
  endfacet
  facet normal 0 0 0
    outer loop
      vertex 54.749 66.982 0.5
      vertex 55.837 66.467 0
      vertex 54.056 66.39 0
    endloop
  endfacet
  facet normal 0 0 0
    outer loop
      vertex 40.447 28.762 1.737
      vertex 40.446 29.054 2.716
      vertex 40.385 29.03 2.015
    endloop
  endfacet
  facet normal 0 0 0
    outer loop
      vertex 40.385 29.03 2.015
      vertex 40.385 29.147 2.434
      vertex 37.843 29.068 2.198
    endloop
  endfacet
  facet normal 0 0 0
    outer loop
      vertex 54.749 66.982 0.5
      vertex 54.141 66.874 1.27
      vertex 54.875 66.929 1.344
    endloop
  endfacet
  facet normal 0 0 0
    outer loop
      vertex 40.446 29.054 2.716
      vertex 40.385 29.147 2.434
      vertex 40.385 29.03 2.015
    endloop
  endfacet
  facet normal 0 0 0
    outer loop
      vertex 54.749 66.982 0.5
      vertex 53.77 66.864 0.5
      vertex 54.319 66.946 0.825
    endloop
  endfacet
  facet normal 0 0 0
    outer loop
      vertex 54.319 66.946 0.825
      vertex 54.141 66.874 1.27
      vertex 54.749 66.982 0.5
    endloop
  endfacet
  facet normal 0 0 0
    outer loop
      vertex 53.437 66.66 1.633
      vertex 53.41 66.775 1.048
      vertex 52.713 66.533 1.344
    endloop
  endfacet
  facet normal 0 0 0
    outer loop
      vertex 40.41 28.849 1.395
      vertex 40.575 28.747 1.039
      vertex 40.726 28.622 1.368
    endloop
  endfacet
  facet normal 0 0 0
    outer loop
      vertex 53.437 66.66 1.633
      vertex 52.713 66.533 1.344
      vertex 52.995 66.44 1.914
    endloop
  endfacet
  facet normal 0 0 0
    outer loop
      vertex 40.447 28.762 1.737
      vertex 40.41 28.849 1.395
      vertex 40.726 28.622 1.368
    endloop
  endfacet
  facet normal 0 0 0
    outer loop
      vertex 63.285 60.586 0.5
      vertex 63.484 59.12 0.5
      vertex 62.813 60.408 0
    endloop
  endfacet
  facet normal 0 0 0
    outer loop
      vertex 62.624 61.027 2.438
      vertex 63.025 60.649 1.914
      vertex 62.742 61.565 1.914
    endloop
  endfacet
  facet normal 0 0 0
    outer loop
      vertex 55.36 66.631 2.183
      vertex 55.352 66.091 2.895
      vertex 55.831 66.609 2.183
    endloop
  endfacet
  facet normal 0 0 0
    outer loop
      vertex 63.484 59.12 0.5
      vertex 62.988 58.75 0
      vertex 62.813 60.408 0
    endloop
  endfacet
  facet normal 0 0 0
    outer loop
      vertex 62.742 61.565 1.914
      vertex 62.173 61.836 2.614
      vertex 62.624 61.027 2.438
    endloop
  endfacet
  facet normal 0 0 0
    outer loop
      vertex 62.907 61.627 1.344
      vertex 62.742 61.565 1.914
      vertex 63.025 60.649 1.914
    endloop
  endfacet
  facet normal 0 0 0
    outer loop
      vertex 54.903 66.288 2.676
      vertex 55.352 66.091 2.895
      vertex 55.36 66.631 2.183
    endloop
  endfacet
  facet normal 0 0 0
    outer loop
      vertex 63.195 60.691 1.344
      vertex 63.24 60.765 0.825
      vertex 63.085 61.298 0.5
    endloop
  endfacet
  facet normal 0 0 0
    outer loop
      vertex 55.352 66.091 2.895
      vertex 55.806 66.274 2.676
      vertex 55.831 66.609 2.183
    endloop
  endfacet
  facet normal 0 0 0
    outer loop
      vertex 56.255 66.227 2.676
      vertex 55.774 65.848 3.093
      vertex 56.165 65.563 3.267
    endloop
  endfacet
  facet normal 0 0 0
    outer loop
      vertex 41.466 66.24 0.671
      vertex 41.368 66.591 0.838
      vertex 41.46 66.542 1.23
    endloop
  endfacet
  facet normal 0 0 0
    outer loop
      vertex 41.443 66.173 2.989
      vertex 41.465 65.601 3.285
      vertex 41.463 65.853 0.266
    endloop
  endfacet
  facet normal 0 0 0
    outer loop
      vertex 56.661 65.954 2.895
      vertex 57.089 65.856 2.895
      vertex 56.255 66.227 2.676
    endloop
  endfacet
  facet normal 0 0 0
    outer loop
      vertex 41.465 65.601 3.285
      vertex 41.457 65.495 0.001
      vertex 41.463 65.853 0.266
    endloop
  endfacet
  facet normal 0 0 0
    outer loop
      vertex 55.806 66.274 2.676
      vertex 55.774 65.848 3.093
      vertex 56.255 66.227 2.676
    endloop
  endfacet
  facet normal 0 0 0
    outer loop
      vertex 56.255 66.227 2.676
      vertex 56.317 66.688 1.914
      vertex 55.806 66.274 2.676
    endloop
  endfacet
  facet normal 0 0 0
    outer loop
      vertex 41.134 66.411 0.337
      vertex 41.16 66.703 0.798
      vertex 41.368 66.591 0.838
    endloop
  endfacet
  facet normal 0 0 0
    outer loop
      vertex 55.36 66.631 2.183
      vertex 55.363 66.862 1.633
      vertex 54.875 66.929 1.344
    endloop
  endfacet
  facet normal 0 0 0
    outer loop
      vertex 41.134 66.411 0.337
      vertex 40.307 66.669 0.72
      vertex 41.16 66.703 0.798
    endloop
  endfacet
  facet normal 0 0 0
    outer loop
      vertex 54.405 66.717 1.914
      vertex 55.36 66.631 2.183
      vertex 54.875 66.929 1.344
    endloop
  endfacet
  facet normal 0 0 0
    outer loop
      vertex 41.466 66.24 0.671
      vertex 41.399 66.47 0.677
      vertex 41.368 66.591 0.838
    endloop
  endfacet
  facet normal 0 0 0
    outer loop
      vertex 54.405 66.717 1.914
      vertex 54.903 66.288 2.676
      vertex 55.36 66.631 2.183
    endloop
  endfacet
  facet normal 0 0 0
    outer loop
      vertex 54.039 65.993 2.895
      vertex 55.352 66.091 2.895
      vertex 54.903 66.288 2.676
    endloop
  endfacet
  facet normal 0 0 0
    outer loop
      vertex 55.774 65.848 3.093
      vertex 55.716 65.077 3.539
      vertex 56.112 65.175 3.485
    endloop
  endfacet
  facet normal 0 0 0
    outer loop
      vertex 56.112 65.175 3.485
      vertex 56.165 65.563 3.267
      vertex 55.774 65.848 3.093
    endloop
  endfacet
  facet normal 0 0 0
    outer loop
      vertex 55.716 65.077 3.539
      vertex 55.774 65.848 3.093
      vertex 55.341 65.366 3.416
    endloop
  endfacet
  facet normal 0 0 0
    outer loop
      vertex 63.195 60.691 1.344
      vertex 63.085 61.298 0.5
      vertex 62.907 61.627 1.344
    endloop
  endfacet
  facet normal 0 0 0
    outer loop
      vertex 62.828 61.992 0.5
      vertex 62.907 61.627 1.344
      vertex 63.085 61.298 0.5
    endloop
  endfacet
  facet normal 0 0 0
    outer loop
      vertex 62.828 61.992 0.5
      vertex 63.085 61.298 0.5
      vertex 62.067 62.415 0
    endloop
  endfacet
  facet normal 0 0 0
    outer loop
      vertex 63.085 61.298 0.5
      vertex 63.285 60.586 0.5
      vertex 62.067 62.415 0
    endloop
  endfacet
  facet normal 0 0 0
    outer loop
      vertex 56.165 65.563 3.267
      vertex 56.571 65.496 3.267
      vertex 56.255 66.227 2.676
    endloop
  endfacet
  facet normal 0 0 0
    outer loop
      vertex 55.774 65.848 3.093
      vertex 55.806 66.274 2.676
      vertex 55.352 66.091 2.895
    endloop
  endfacet
  facet normal 0 0 0
    outer loop
      vertex 63.285 60.586 0.5
      vertex 62.813 60.408 0
      vertex 62.067 62.415 0
    endloop
  endfacet
  facet normal 0 0 0
    outer loop
      vertex 55.352 66.091 2.895
      vertex 54.039 65.993 2.895
      vertex 55.341 65.366 3.416
    endloop
  endfacet
  facet normal 0 0 0
    outer loop
      vertex 55.774 65.848 3.093
      vertex 55.352 66.091 2.895
      vertex 55.341 65.366 3.416
    endloop
  endfacet
  facet normal 0 0 0
    outer loop
      vertex 56.317 66.688 1.914
      vertex 55.831 66.609 2.183
      vertex 55.806 66.274 2.676
    endloop
  endfacet
  facet normal 0 0 0
    outer loop
      vertex 63.415 59.733 1.048
      vertex 63.297 60.212 1.344
      vertex 63.297 59.719 1.633
    endloop
  endfacet
  facet normal 0 0 0
    outer loop
      vertex 63.415 59.733 1.048
      vertex 63.285 60.586 0.5
      vertex 63.297 60.212 1.344
    endloop
  endfacet
  facet normal 0 0 0
    outer loop
      vertex 63.195 60.691 1.344
      vertex 63.297 60.212 1.344
      vertex 63.285 60.586 0.5
    endloop
  endfacet
  facet normal 0 0 0
    outer loop
      vertex 62.997 60.157 2.183
      vertex 63.297 59.719 1.633
      vertex 63.297 60.212 1.344
    endloop
  endfacet
  facet normal 0 0 0
    outer loop
      vertex 63.195 60.691 1.344
      vertex 63.285 60.586 0.5
      vertex 63.24 60.765 0.825
    endloop
  endfacet
  facet normal 0 0 0
    outer loop
      vertex 56.571 65.496 3.267
      vertex 57.089 65.856 2.895
      vertex 56.661 65.954 2.895
    endloop
  endfacet
  facet normal 0 0 0
    outer loop
      vertex 56.571 65.496 3.267
      vertex 56.661 65.954 2.895
      vertex 56.255 66.227 2.676
    endloop
  endfacet
  facet normal 0 0 0
    outer loop
      vertex 63.285 60.586 0.5
      vertex 63.085 61.298 0.5
      vertex 63.24 60.765 0.825
    endloop
  endfacet
  facet normal 0 0 0
    outer loop
      vertex 62.907 61.627 1.344
      vertex 63.025 60.649 1.914
      vertex 63.195 60.691 1.344
    endloop
  endfacet
  facet normal 0 0 0
    outer loop
      vertex 63.025 60.649 1.914
      vertex 62.997 60.157 2.183
      vertex 63.297 60.212 1.344
    endloop
  endfacet
  facet normal 0 0 0
    outer loop
      vertex 63.297 60.212 1.344
      vertex 63.195 60.691 1.344
      vertex 63.025 60.649 1.914
    endloop
  endfacet
  facet normal 0 0 0
    outer loop
      vertex 57.089 65.856 2.895
      vertex 56.907 65.154 3.416
      vertex 57.442 65.52 3.093
    endloop
  endfacet
  facet normal 0 0 0
    outer loop
      vertex 62.954 59.212 2.438
      vertex 63.239 59.229 1.914
      vertex 63.297 59.719 1.633
    endloop
  endfacet
  facet normal 0 0 0
    outer loop
      vertex 63.239 58.271 1.914
      vertex 62.954 59.212 2.438
      vertex 62.787 58.75 2.676
    endloop
  endfacet
  facet normal 0 0 0
    outer loop
      vertex 56.79 66.61 1.914
      vertex 56.317 66.688 1.914
      vertex 56.255 66.227 2.676
    endloop
  endfacet
  facet normal 0 0 0
    outer loop
      vertex 56.79 66.61 1.914
      vertex 56.255 66.227 2.676
      vertex 57.257 66.503 1.914
    endloop
  endfacet
  facet normal 0 0 0
    outer loop
      vertex 55.831 66.609 2.183
      vertex 55.363 66.862 1.633
      vertex 55.36 66.631 2.183
    endloop
  endfacet
  facet normal 0 0 0
    outer loop
      vertex 55.831 66.609 2.183
      vertex 56.341 66.863 1.344
      vertex 55.854 66.914 1.344
    endloop
  endfacet
  facet normal 0 0 0
    outer loop
      vertex 55.831 66.609 2.183
      vertex 55.854 66.914 1.344
      vertex 55.363 66.862 1.633
    endloop
  endfacet
  facet normal 0 0 0
    outer loop
      vertex 52.356 46.501 2.895
      vertex 52.058 46.116 3.093
      vertex 52.641 45.834 3.416
    endloop
  endfacet
  facet normal 0 0 0
    outer loop
      vertex 62.347 59.176 3.093
      vertex 61.847 59.146 3.416
      vertex 62.36 58.75 3.093
    endloop
  endfacet
  facet normal 0 0 0
    outer loop
      vertex 52.058 46.116 3.093
      vertex 51.454 45.488 3.267
      vertex 52.641 45.834 3.416
    endloop
  endfacet
  facet normal 0 0 0
    outer loop
      vertex 51.018 45.751 2.895
      vertex 51.867 46.498 2.676
      vertex 51.665 46.903 1.908
    endloop
  endfacet
  facet normal 0 0 0
    outer loop
      vertex 62.347 59.176 3.093
      vertex 62.787 58.75 2.676
      vertex 62.954 59.212 2.438
    endloop
  endfacet
  facet normal 0 0 0
    outer loop
      vertex 61.847 59.146 3.416
      vertex 61.859 58.75 3.416
      vertex 62.36 58.75 3.093
    endloop
  endfacet
  facet normal 0 0 0
    outer loop
      vertex 52.995 47.44 1.914
      vertex 52.206 46.854 2.438
      vertex 52.356 46.501 2.895
    endloop
  endfacet
  facet normal 0 0 0
    outer loop
      vertex 52.356 46.501 2.895
      vertex 52.765 46.662 2.895
      vertex 52.995 47.44 1.914
    endloop
  endfacet
  facet normal 0 0 0
    outer loop
      vertex 53.41 47.775 1.048
      vertex 52.811 47.63 0.5
      vertex 52.713 47.533 1.344
    endloop
  endfacet
  facet normal 0 0 0
    outer loop
      vertex 51.532 47.099 1.011
      vertex 51.665 46.903 1.908
      vertex 52.024 47.278 1.344
    endloop
  endfacet
  facet normal 0 0 0
    outer loop
      vertex 62.309 59.6 3.093
      vertex 61.541 59.508 3.539
      vertex 62.347 59.176 3.093
    endloop
  endfacet
  facet normal 0 0 0
    outer loop
      vertex 62.666 60.097 2.676
      vertex 62.309 59.6 3.093
      vertex 62.347 59.176 3.093
    endloop
  endfacet
  facet normal 0 0 0
    outer loop
      vertex 52.995 47.44 1.914
      vertex 53.542 47.2 2.561
      vertex 53.488 47.434 2.183
    endloop
  endfacet
  facet normal 0 0 0
    outer loop
      vertex 61.651 57.784 3.485
      vertex 61.859 58.75 3.416
      vertex 61.847 59.146 3.416
    endloop
  endfacet
  facet normal 0 0 0
    outer loop
      vertex 53.608 46.908 2.895
      vertex 53.542 47.2 2.561
      vertex 52.995 47.44 1.914
    endloop
  endfacet
  facet normal 0 0 0
    outer loop
      vertex 52.765 46.662 2.895
      vertex 53.608 46.908 2.895
      vertex 52.995 47.44 1.914
    endloop
  endfacet
  facet normal 0 0 0
    outer loop
      vertex 61.541 59.508 3.539
      vertex 61.651 57.784 3.485
      vertex 61.847 59.146 3.416
    endloop
  endfacet
  facet normal 0 0 0
    outer loop
      vertex 52.116 46.83 0
      vertex 52.811 47.63 0.5
      vertex 52.893 47.135 0
    endloop
  endfacet
  facet normal 0 0 0
    outer loop
      vertex 62.666 60.097 2.676
      vertex 62.347 59.176 3.093
      vertex 62.954 59.212 2.438
    endloop
  endfacet
  facet normal 0 0 0
    outer loop
      vertex 62.36 58.75 3.093
      vertex 62.787 58.75 2.676
      vertex 62.347 59.176 3.093
    endloop
  endfacet
  facet normal 0 0 0
    outer loop
      vertex 51.224 46.956 0.5
      vertex 50.732 46.583 1.344
      vertex 51.532 47.099 1.011
    endloop
  endfacet
  facet normal 0 0 0
    outer loop
      vertex 61.541 59.508 3.539
      vertex 60.881 57.989 3.714
      vertex 61.651 57.784 3.485
    endloop
  endfacet
  facet normal 0 0 0
    outer loop
      vertex 51.665 46.903 1.908
      vertex 51.532 47.099 1.011
      vertex 51.237 46.688 1.914
    endloop
  endfacet
  facet normal 0 0 0
    outer loop
      vertex 51.532 47.099 1.011
      vertex 50.732 46.583 1.344
      vertex 50.829 46.436 1.914
    endloop
  endfacet
  facet normal 0 0 0
    outer loop
      vertex 62.42 57.224 2.895
      vertex 62.747 56.918 2.438
      vertex 62.541 57.981 2.895
    endloop
  endfacet
  facet normal 0 0 0
    outer loop
      vertex 62.541 57.981 2.895
      vertex 62.105 58.339 3.267
      vertex 62.42 57.224 2.895
    endloop
  endfacet
  facet normal 0 0 0
    outer loop
      vertex 52.713 47.533 1.344
      vertex 52.811 47.63 0.5
      vertex 51.224 46.956 0.5
    endloop
  endfacet
  facet normal 0 0 0
    outer loop
      vertex 62.541 57.981 2.895
      vertex 62.747 56.918 2.438
      vertex 63.067 57.809 2.183
    endloop
  endfacet
  facet normal 0 0 0
    outer loop
      vertex 52.024 47.278 1.344
      vertex 52.713 47.533 1.344
      vertex 51.224 46.956 0.5
    endloop
  endfacet
  facet normal 0 0 0
    outer loop
      vertex 52.811 47.63 0.5
      vertex 52.116 46.83 0
      vertex 51.224 46.956 0.5
    endloop
  endfacet
  facet normal 0 0 0
    outer loop
      vertex 63.067 57.809 2.183
      vertex 62.954 58.288 2.438
      vertex 62.541 57.981 2.895
    endloop
  endfacet
  facet normal 0 0 0
    outer loop
      vertex 51.532 47.099 1.011
      vertex 52.024 47.278 1.344
      vertex 51.224 46.956 0.5
    endloop
  endfacet
  facet normal 0 0 0
    outer loop
      vertex 62.954 58.288 2.438
      vertex 63.239 58.271 1.914
      vertex 62.787 58.75 2.676
    endloop
  endfacet
  facet normal 0 0 0
    outer loop
      vertex 62.541 57.981 2.895
      vertex 62.954 58.288 2.438
      vertex 62.787 58.75 2.676
    endloop
  endfacet
  facet normal 0 0 0
    outer loop
      vertex 50.829 46.436 1.914
      vertex 51.237 46.688 1.914
      vertex 51.532 47.099 1.011
    endloop
  endfacet
  facet normal 0 0 0
    outer loop
      vertex 62.787 58.75 2.676
      vertex 62.36 58.75 3.093
      vertex 62.541 57.981 2.895
    endloop
  endfacet
  facet normal 0 0 0
    outer loop
      vertex 62.36 58.75 3.093
      vertex 62.105 58.339 3.267
      vertex 62.541 57.981 2.895
    endloop
  endfacet
  facet normal 0 0 0
    outer loop
      vertex 52.206 46.854 2.438
      vertex 51.665 46.903 1.908
      vertex 51.867 46.498 2.676
    endloop
  endfacet
  facet normal 0 0 0
    outer loop
      vertex 62.36 58.75 3.093
      vertex 61.859 58.75 3.416
      vertex 62.105 58.339 3.267
    endloop
  endfacet
  facet normal 0 0 0
    outer loop
      vertex 61.651 57.784 3.485
      vertex 62.105 58.339 3.267
      vertex 61.859 58.75 3.416
    endloop
  endfacet
  facet normal 0 0 0
    outer loop
      vertex 51.018 45.751 2.895
      vertex 51.237 46.688 1.914
      vertex 50.829 46.436 1.914
    endloop
  endfacet
  facet normal 0 0 0
    outer loop
      vertex 61.651 57.784 3.485
      vertex 61.857 57.136 3.301
      vertex 62.105 58.339 3.267
    endloop
  endfacet
  facet normal 0 0 0
    outer loop
      vertex 51.665 46.903 1.908
      vertex 52.995 47.44 1.914
      vertex 52.713 47.533 1.344
    endloop
  endfacet
  facet normal 0 0 0
    outer loop
      vertex 51.665 46.903 1.908
      vertex 52.206 46.854 2.438
      vertex 52.995 47.44 1.914
    endloop
  endfacet
  facet normal 0 0 0
    outer loop
      vertex 52.024 47.278 1.344
      vertex 51.665 46.903 1.908
      vertex 52.713 47.533 1.344
    endloop
  endfacet
  facet normal 0 0 0
    outer loop
      vertex 62.747 56.918 2.438
      vertex 63.025 56.851 1.914
      vertex 63.067 57.809 2.183
    endloop
  endfacet
  facet normal 0 0 0
    outer loop
      vertex 51.018 45.751 2.895
      vertex 51.665 46.903 1.908
      vertex 51.237 46.688 1.914
    endloop
  endfacet
  facet normal 0 0 0
    outer loop
      vertex 63.239 59.229 1.914
      vertex 63.429 58.75 1.344
      vertex 63.297 59.719 1.633
    endloop
  endfacet
  facet normal 0 0 0
    outer loop
      vertex 50.173 44.743 3.093
      vertex 51.454 45.488 3.267
      vertex 51.018 45.751 2.895
    endloop
  endfacet
  facet normal 0 0 0
    outer loop
      vertex 62.954 59.212 2.438
      vertex 63.239 58.271 1.914
      vertex 63.239 59.229 1.914
    endloop
  endfacet
  facet normal 0 0 0
    outer loop
      vertex 63.285 60.586 0.5
      vertex 63.415 59.733 1.048
      vertex 63.484 59.12 0.5
    endloop
  endfacet
  facet normal 0 0 0
    outer loop
      vertex 63.484 59.12 0.5
      vertex 63.415 59.733 1.048
      vertex 63.429 58.75 1.344
    endloop
  endfacet
  facet normal 0 0 0
    outer loop
      vertex 50.173 44.743 3.093
      vertex 50.963 44.798 3.416
      vertex 51.454 45.488 3.267
    endloop
  endfacet
  facet normal 0 0 0
    outer loop
      vertex 63.415 59.733 1.048
      vertex 63.297 59.719 1.633
      vertex 63.429 58.75 1.344
    endloop
  endfacet
  facet normal 0 0 0
    outer loop
      vertex 63.484 59.12 0.5
      vertex 63.429 58.75 1.344
      vertex 63.49 58.812 0.825
    endloop
  endfacet
  facet normal 0 0 0
    outer loop
      vertex 63.484 59.12 0.5
      vertex 63.49 58.812 0.825
      vertex 63.48 58.38 0.5
    endloop
  endfacet
  facet normal 0 0 0
    outer loop
      vertex 63.025 56.851 1.914
      vertex 63.239 57.299 1.56
      vertex 63.067 57.809 2.183
    endloop
  endfacet
  facet normal 0 0 0
    outer loop
      vertex 63.067 57.809 2.183
      vertex 63.239 57.299 1.56
      vertex 63.239 58.271 1.914
    endloop
  endfacet
  facet normal 0 0 0
    outer loop
      vertex 63.239 57.299 1.56
      vertex 63.385 58.262 1.49
      vertex 63.239 58.271 1.914
    endloop
  endfacet
  facet normal 0 0 0
    outer loop
      vertex 63.239 58.271 1.914
      vertex 63.385 58.262 1.49
      vertex 63.429 58.75 1.344
    endloop
  endfacet
  facet normal 0 0 0
    outer loop
      vertex 63.239 58.271 1.914
      vertex 63.429 58.75 1.344
      vertex 63.239 59.229 1.914
    endloop
  endfacet
  facet normal 0 0 0
    outer loop
      vertex 63.239 58.271 1.914
      vertex 62.954 58.288 2.438
      vertex 63.067 57.809 2.183
    endloop
  endfacet
  facet normal 0 0 0
    outer loop
      vertex 63.438 57.827 0.825
      vertex 63.385 58.262 1.49
      vertex 63.239 57.299 1.56
    endloop
  endfacet
  facet normal 0 0 0
    outer loop
      vertex 63.239 57.299 1.56
      vertex 63.224 56.802 1.197
      vertex 63.438 57.827 0.825
    endloop
  endfacet
  facet normal 0 0 0
    outer loop
      vertex 50.173 44.743 3.093
      vertex 49.571 44.413 2.895
      vertex 50.131 43.953 3.416
    endloop
  endfacet
  facet normal 0 0 0
    outer loop
      vertex 62.988 58.75 0
      vertex 63.48 58.38 0.5
      vertex 63.302 57.037 0.5
    endloop
  endfacet
  facet normal 0 0 0
    outer loop
      vertex 50.173 44.743 3.093
      vertex 51.018 45.751 2.895
      vertex 50.247 45.643 2.438
    endloop
  endfacet
  facet normal 0 0 0
    outer loop
      vertex 49.275 44.657 2.438
      vertex 49.571 44.413 2.895
      vertex 50.173 44.743 3.093
    endloop
  endfacet
  facet normal 0 0 0
    outer loop
      vertex 41.443 66.119 0.358
      vertex 41.46 66.174 0.522
      vertex 41.466 66.047 0.444
    endloop
  endfacet
  facet normal 0 0 0
    outer loop
      vertex 41.134 66.411 0.337
      vertex 41.315 66.453 0.492
      vertex 41.344 66.333 0.375
    endloop
  endfacet
  facet normal 0 0 0
    outer loop
      vertex 40.298 59.155 2.71
      vertex 40.298 59.381 2.064
      vertex 40.179 59.26 2.407
    endloop
  endfacet
  facet normal 0 0 0
    outer loop
      vertex 41.344 66.333 0.375
      vertex 41.46 66.174 0.522
      vertex 41.443 66.119 0.358
    endloop
  endfacet
  facet normal 0 0 0
    outer loop
      vertex 41.344 66.333 0.375
      vertex 41.315 66.453 0.492
      vertex 41.466 66.24 0.671
    endloop
  endfacet
  facet normal 0 0 0
    outer loop
      vertex 41.116 59.33 2.295
      vertex 40.298 59.381 2.064
      vertex 40.298 59.155 2.71
    endloop
  endfacet
  facet normal 0 0 0
    outer loop
      vertex 41.466 66.24 0.671
      vertex 41.315 66.453 0.492
      vertex 41.399 66.47 0.677
    endloop
  endfacet
  facet normal 0 0 0
    outer loop
      vertex 40.298 59.155 2.71
      vertex 40.179 59.26 2.407
      vertex 39.99 58.983 2.551
    endloop
  endfacet
  facet normal 0 0 0
    outer loop
      vertex 40.734 66.233 0.152
      vertex 40.29 66.27 0.189
      vertex 41.134 66.411 0.337
    endloop
  endfacet
  facet normal 0 0 0
    outer loop
      vertex 62.42 38.224 2.895
      vertex 61.857 38.136 3.301
      vertex 62.452 37.526 2.676
    endloop
  endfacet
  facet normal 0 0 0
    outer loop
      vertex 40.29 66.27 0.189
      vertex 40.298 66.439 0.37
      vertex 41.134 66.411 0.337
    endloop
  endfacet
  facet normal 0 0 0
    outer loop
      vertex 41.368 66.591 0.838
      vertex 41.399 66.47 0.677
      vertex 41.134 66.411 0.337
    endloop
  endfacet
  facet normal 0 0 0
    outer loop
      vertex 63.224 37.802 1.197
      vertex 62.773 37.427 2.183
      vertex 63.065 37.337 1.344
    endloop
  endfacet
  facet normal 0 0 0
    outer loop
      vertex 41.134 66.411 0.337
      vertex 41.399 66.47 0.677
      vertex 41.315 66.453 0.492
    endloop
  endfacet
  facet normal 0 0 0
    outer loop
      vertex 39.981 65.557 0.001
      vertex 41.195 66.036 0.001
      vertex 41.378 65.841 0.001
    endloop
  endfacet
  facet normal 0 0 0
    outer loop
      vertex 41.221 66.268 0.205
      vertex 41.253 66.132 0.102
      vertex 40.734 66.233 0.152
    endloop
  endfacet
  facet normal 0 0 0
    outer loop
      vertex 41.221 66.268 0.205
      vertex 40.734 66.233 0.152
      vertex 41.134 66.411 0.337
    endloop
  endfacet
  facet normal 0 0 0
    outer loop
      vertex 41.443 66.119 0.358
      vertex 41.368 66.081 0.163
      vertex 41.253 66.132 0.102
    endloop
  endfacet
  facet normal 0 0 0
    outer loop
      vertex 63.067 38.809 2.183
      vertex 62.747 37.918 2.438
      vertex 63.025 37.851 1.914
    endloop
  endfacet
  facet normal 0 0 0
    outer loop
      vertex 41.443 66.119 0.358
      vertex 41.253 66.132 0.102
      vertex 41.344 66.333 0.375
    endloop
  endfacet
  facet normal 0 0 0
    outer loop
      vertex 41.134 66.411 0.337
      vertex 41.344 66.333 0.375
      vertex 41.221 66.268 0.205
    endloop
  endfacet
  facet normal 0 0 0
    outer loop
      vertex 63.239 38.299 1.56
      vertex 63.067 38.809 2.183
      vertex 63.025 37.851 1.914
    endloop
  endfacet
  facet normal 0 0 0
    outer loop
      vertex 41.344 66.333 0.375
      vertex 41.253 66.132 0.102
      vertex 41.221 66.268 0.205
    endloop
  endfacet
  facet normal 0 0 0
    outer loop
      vertex 41.152 66.15 0.08
      vertex 41.116 66.187 0.109
      vertex 40.734 66.233 0.152
    endloop
  endfacet
  facet normal 0 0 0
    outer loop
      vertex 63.239 38.299 1.56
      vertex 63.239 39.271 1.914
      vertex 63.067 38.809 2.183
    endloop
  endfacet
  facet normal 0 0 0
    outer loop
      vertex 41.253 66.132 0.102
      vertex 41.152 66.15 0.08
      vertex 40.734 66.233 0.152
    endloop
  endfacet
  facet normal 0 0 0
    outer loop
      vertex 41.378 65.841 0.001
      vertex 41.253 66.132 0.102
      vertex 41.368 66.081 0.163
    endloop
  endfacet
  facet normal 0 0 0
    outer loop
      vertex 63.239 39.271 1.914
      vertex 63.239 38.299 1.56
      vertex 63.385 39.262 1.49
    endloop
  endfacet
  facet normal 0 0 0
    outer loop
      vertex 41.152 66.15 0.08
      vertex 40.276 66.048 0.001
      vertex 41.116 66.187 0.109
    endloop
  endfacet
  facet normal 0 0 0
    outer loop
      vertex 63.438 38.827 0.825
      vertex 63.385 39.262 1.49
      vertex 63.239 38.299 1.56
    endloop
  endfacet
  facet normal 0 0 0
    outer loop
      vertex 41.152 66.15 0.08
      vertex 41.131 66.052 0.001
      vertex 40.276 66.048 0.001
    endloop
  endfacet
  facet normal 0 0 0
    outer loop
      vertex 63.025 37.851 1.914
      vertex 63.224 37.802 1.197
      vertex 63.239 38.299 1.56
    endloop
  endfacet
  facet normal 0 0 0
    outer loop
      vertex 63.239 38.299 1.56
      vertex 63.224 37.802 1.197
      vertex 63.438 38.827 0.825
    endloop
  endfacet
  facet normal 0 0 0
    outer loop
      vertex 41.443 66.173 2.989
      vertex 41.463 65.853 0.266
      vertex 41.466 66.047 0.444
    endloop
  endfacet
  facet normal 0 0 0
    outer loop
      vertex 41.463 65.853 0.266
      vertex 41.443 66.119 0.358
      vertex 41.466 66.047 0.444
    endloop
  endfacet
  facet normal 0 0 0
    outer loop
      vertex 41.463 65.853 0.266
      vertex 41.41 65.758 0.001
      vertex 41.378 65.841 0.001
    endloop
  endfacet
  facet normal 0 0 0
    outer loop
      vertex 41.41 65.758 0.001
      vertex 39.981 65.557 0.001
      vertex 41.378 65.841 0.001
    endloop
  endfacet
  facet normal 0 0 0
    outer loop
      vertex 41.368 66.081 0.163
      vertex 41.443 66.119 0.358
      vertex 41.463 65.853 0.266
    endloop
  endfacet
  facet normal 0 0 0
    outer loop
      vertex 41.368 66.081 0.163
      vertex 41.463 65.853 0.266
      vertex 41.378 65.841 0.001
    endloop
  endfacet
  facet normal 0 0 0
    outer loop
      vertex 41.463 65.853 0.266
      vertex 41.457 65.495 0.001
      vertex 41.41 65.758 0.001
    endloop
  endfacet
  facet normal 0 0 0
    outer loop
      vertex 63.302 38.037 0.5
      vertex 63.005 36.968 0.5
      vertex 62.501 37.065 0
    endloop
  endfacet
  facet normal 0 0 0
    outer loop
      vertex 39.981 65.557 0.001
      vertex 41.41 65.758 0.001
      vertex 41.457 65.495 0.001
    endloop
  endfacet
  facet normal 0 0 0
    outer loop
      vertex 41.195 66.036 0.001
      vertex 39.981 65.557 0.001
      vertex 41.131 66.052 0.001
    endloop
  endfacet
  facet normal 0 0 0
    outer loop
      vertex 63.302 38.037 0.5
      vertex 62.501 37.065 0
      vertex 62.813 38.092 0
    endloop
  endfacet
  facet normal 0 0 0
    outer loop
      vertex 41.131 66.052 0.001
      vertex 41.152 66.15 0.08
      vertex 41.195 66.036 0.001
    endloop
  endfacet
  facet normal 0 0 0
    outer loop
      vertex 41.152 66.15 0.08
      vertex 41.253 66.132 0.102
      vertex 41.195 66.036 0.001
    endloop
  endfacet
  facet normal 0 0 0
    outer loop
      vertex 62.747 37.918 2.438
      vertex 62.773 37.427 2.183
      vertex 63.025 37.851 1.914
    endloop
  endfacet
  facet normal 0 0 0
    outer loop
      vertex 41.253 66.132 0.102
      vertex 41.378 65.841 0.001
      vertex 41.195 66.036 0.001
    endloop
  endfacet
  facet normal 0 0 0
    outer loop
      vertex 41.437 65.644 3.401
      vertex 41.461 65.433 3.401
      vertex 41.465 65.601 3.285
    endloop
  endfacet
  facet normal 0 0 0
    outer loop
      vertex 41.465 65.601 3.285
      vertex 41.461 65.433 3.401
      vertex 41.466 65.01 0.001
    endloop
  endfacet
  facet normal 0 0 0
    outer loop
      vertex 41.465 65.601 3.285
      vertex 41.466 65.01 0.001
      vertex 41.457 65.495 0.001
    endloop
  endfacet
  facet normal 0 0 0
    outer loop
      vertex 41.466 65.008 3.401
      vertex 41.466 65.01 0.001
      vertex 41.461 65.433 3.401
    endloop
  endfacet
  facet normal 0 0 0
    outer loop
      vertex 62.773 37.427 2.183
      vertex 63.224 37.802 1.197
      vertex 63.025 37.851 1.914
    endloop
  endfacet
  facet normal 0 0 0
    outer loop
      vertex 62.621 36.981 2.183
      vertex 62.721 36.42 1.344
      vertex 62.773 37.427 2.183
    endloop
  endfacet
  facet normal 0 0 0
    outer loop
      vertex 62.773 37.427 2.183
      vertex 62.721 36.42 1.344
      vertex 63.065 37.337 1.344
    endloop
  endfacet
  facet normal 0 0 0
    outer loop
      vertex 41.457 65.495 0.001
      vertex 41.466 65.01 0.001
      vertex 39.981 65.557 0.001
    endloop
  endfacet
  facet normal 0 0 0
    outer loop
      vertex 63.065 37.337 1.344
      vertex 63.005 36.968 0.5
      vertex 63.224 37.802 1.197
    endloop
  endfacet
  facet normal 0 0 0
    outer loop
      vertex 41.466 64.01 0
      vertex 35.966 64.008 3.4
      vertex 41.466 64.008 3.4
    endloop
  endfacet
  facet normal 0 0 0
    outer loop
      vertex 63.005 36.968 0.5
      vertex 63.302 38.037 0.5
      vertex 63.224 37.802 1.197
    endloop
  endfacet
  facet normal 0 0 0
    outer loop
      vertex 63.302 38.037 0.5
      vertex 63.438 38.827 0.825
      vertex 63.224 37.802 1.197
    endloop
  endfacet
  facet normal 0 0 0
    outer loop
      vertex 63.438 38.827 0.825
      vertex 63.302 38.037 0.5
      vertex 63.48 39.38 0.5
    endloop
  endfacet
  facet normal 0 0 0
    outer loop
      vertex 62.802 36.452 0.825
      vertex 62.507 35.841 0.5
      vertex 63.005 36.968 0.5
    endloop
  endfacet
  facet normal 0 0 0
    outer loop
      vertex 41.365 63.14 3.4
      vertex 40.077 63.122 3.4
      vertex 40.286 62.958 3.4
    endloop
  endfacet
  facet normal 0 0 0
    outer loop
      vertex 41.365 63.14 3.4
      vertex 40.286 62.958 3.4
      vertex 41.16 62.961 3.4
    endloop
  endfacet
  facet normal 0 0 0
    outer loop
      vertex 39.981 63.449 3.4
      vertex 41.451 63.451 3.4
      vertex 41.466 64.008 3.4
    endloop
  endfacet
  facet normal 0 0 0
    outer loop
      vertex 41.451 63.451 3.4
      vertex 39.981 63.449 3.4
      vertex 41.365 63.14 3.4
    endloop
  endfacet
  facet normal 0 0 0
    outer loop
      vertex 58.702 35.135 3.701
      vertex 59.357 35.821 3.714
      vertex 58.181 36.087 3.75
    endloop
  endfacet
  facet normal 0 0 0
    outer loop
      vertex 41.315 62.713 3.102
      vertex 41.462 62.675 2.647
      vertex 41.451 63.451 3.4
    endloop
  endfacet
  facet normal 0 0 0
    outer loop
      vertex 58.702 35.135 3.701
      vertex 59.813 34.969 3.416
      vertex 59.357 35.821 3.714
    endloop
  endfacet
  facet normal 0 0 0
    outer loop
      vertex 41.365 63.14 3.4
      vertex 41.315 62.713 3.102
      vertex 41.451 63.451 3.4
    endloop
  endfacet
  facet normal 0 0 0
    outer loop
      vertex 41.315 62.713 3.102
      vertex 41.125 62.781 3.256
      vertex 41.134 62.493 2.926
    endloop
  endfacet
  facet normal 0 0 0
    outer loop
      vertex 58.724 36.598 3.75
      vertex 58.181 36.087 2
      vertex 58.181 36.087 3.75
    endloop
  endfacet
  facet normal 0 0 0
    outer loop
      vertex 41.315 62.713 3.102
      vertex 41.16 62.961 3.4
      vertex 41.125 62.781 3.256
    endloop
  endfacet
  facet normal 0 0 0
    outer loop
      vertex 41.315 62.713 3.102
      vertex 41.365 63.14 3.4
      vertex 41.16 62.961 3.4
    endloop
  endfacet
  facet normal 0 0 0
    outer loop
      vertex 58.724 36.598 3.75
      vertex 59.179 37.19 2
      vertex 58.724 36.598 2
    endloop
  endfacet
  facet normal 0 0 0
    outer loop
      vertex 41.451 63.451 3.4
      vertex 41.466 64.01 0
      vertex 41.466 64.008 3.4
    endloop
  endfacet
  facet normal 0 0 0
    outer loop
      vertex 58.104 35.308 3.75
      vertex 58.702 35.135 3.701
      vertex 58.181 36.087 3.75
    endloop
  endfacet
  facet normal 0 0 0
    outer loop
      vertex 41.134 62.493 2.926
      vertex 41.125 62.781 3.256
      vertex 40.298 62.711 3.19
    endloop
  endfacet
  facet normal 0 0 0
    outer loop
      vertex 41.451 63.451 3.4
      vertex 41.444 63.392 0
      vertex 41.466 64.01 0
    endloop
  endfacet
  facet normal 0 0 0
    outer loop
      vertex 57.479 35.628 2
      vertex 56.17 35.146 2
      vertex 56.712 35.286 3.75
    endloop
  endfacet
  facet normal 0 0 0
    outer loop
      vertex 56.712 35.286 3.75
      vertex 57.563 35.667 3.75
      vertex 57.479 35.628 2
    endloop
  endfacet
  facet normal 0 0 0
    outer loop
      vertex 41.451 63.451 3.4
      vertex 41.466 62.721 0.755
      vertex 41.463 62.846 0.533
    endloop
  endfacet
  facet normal 0 0 0
    outer loop
      vertex 58.181 36.087 3.75
      vertex 57.479 35.628 2
      vertex 57.563 35.667 3.75
    endloop
  endfacet
  facet normal 0 0 0
    outer loop
      vertex 58.181 36.087 3.75
      vertex 58.181 36.087 2
      vertex 57.479 35.628 2
    endloop
  endfacet
  facet normal 0 0 0
    outer loop
      vertex 41.134 62.493 2.926
      vertex 40.298 62.711 3.19
      vertex 40.277 62.359 2.712
    endloop
  endfacet
  facet normal 0 0 0
    outer loop
      vertex 41.185 62.246 2.453
      vertex 41.342 62.401 2.615
      vertex 41.134 62.493 2.926
    endloop
  endfacet
  facet normal 0 0 0
    outer loop
      vertex 41.315 62.713 3.102
      vertex 41.134 62.493 2.926
      vertex 41.342 62.401 2.615
    endloop
  endfacet
  facet normal 0 0 0
    outer loop
      vertex 41.342 62.401 2.615
      vertex 41.447 62.457 2.323
      vertex 41.462 62.675 2.647
    endloop
  endfacet
  facet normal 0 0 0
    outer loop
      vertex 41.342 62.401 2.615
      vertex 41.462 62.675 2.647
      vertex 41.315 62.713 3.102
    endloop
  endfacet
  facet normal 0 0 0
    outer loop
      vertex 57.563 35.667 3.75
      vertex 56.712 35.286 3.75
      vertex 57.633 35.015 3.749
    endloop
  endfacet
  facet normal 0 0 0
    outer loop
      vertex 41.451 63.451 3.4
      vertex 41.462 62.675 2.647
      vertex 41.447 62.457 2.323
    endloop
  endfacet
  facet normal 0 0 0
    outer loop
      vertex 58.104 35.308 3.75
      vertex 57.563 35.667 3.75
      vertex 57.633 35.015 3.749
    endloop
  endfacet
  facet normal 0 0 0
    outer loop
      vertex 41.342 62.401 2.615
      vertex 41.253 62.134 1.912
      vertex 41.447 62.457 2.323
    endloop
  endfacet
  facet normal 0 0 0
    outer loop
      vertex 40.447 28.762 1.737
      vertex 40.583 28.708 2.243
      vertex 40.446 29.054 2.716
    endloop
  endfacet
  facet normal 0 0 0
    outer loop
      vertex 40.447 28.762 1.737
      vertex 40.614 28.619 1.743
      vertex 40.583 28.708 2.243
    endloop
  endfacet
  facet normal 0 0 0
    outer loop
      vertex 39.99 58.983 2.551
      vertex 40.054 58.907 2.874
      vertex 40.298 59.155 2.71
    endloop
  endfacet
  facet normal 0 0 0
    outer loop
      vertex 40.054 58.907 2.874
      vertex 39.99 58.983 2.551
      vertex 39.966 58.849 2.473
    endloop
  endfacet
  facet normal 0 0 0
    outer loop
      vertex 40.385 29.055 1.268
      vertex 40.41 28.849 1.395
      vertex 40.385 29.03 2.015
    endloop
  endfacet
  facet normal 0 0 0
    outer loop
      vertex 40.41 28.849 1.395
      vertex 40.447 28.762 1.737
      vertex 40.385 29.03 2.015
    endloop
  endfacet
  facet normal 0 0 0
    outer loop
      vertex 40.054 58.907 2.874
      vertex 40.307 58.743 3.243
      vertex 40.298 59.155 2.71
    endloop
  endfacet
  facet normal 0 0 0
    outer loop
      vertex 40.385 29.055 1.268
      vertex 40.385 29.03 2.015
      vertex 38.552 29.068 1.204
    endloop
  endfacet
  facet normal 0 0 0
    outer loop
      vertex 40.054 58.907 2.874
      vertex 40.118 58.44 3.401
      vertex 40.307 58.743 3.243
    endloop
  endfacet
  facet normal 0 0 0
    outer loop
      vertex 41.116 59.33 2.295
      vertex 41.134 59.388 2.022
      vertex 40.298 59.381 2.064
    endloop
  endfacet
  facet normal 0 0 0
    outer loop
      vertex 39.99 58.983 2.551
      vertex 40.179 59.26 2.407
      vertex 40.01 59.222 1.583
    endloop
  endfacet
  facet normal 0 0 0
    outer loop
      vertex 40.726 29.282 0.144
      vertex 40.726 28.838 0.719
      vertex 40.598 29.077 0.404
    endloop
  endfacet
  facet normal 0 0 0
    outer loop
      vertex 39.966 58.689 2.776
      vertex 36.716 58.833 2.514
      vertex 38.133 58.514 3.001
    endloop
  endfacet
  facet normal 0 0 0
    outer loop
      vertex 39.966 58.689 2.776
      vertex 40.054 58.907 2.874
      vertex 39.966 58.849 2.473
    endloop
  endfacet
  facet normal 0 0 0
    outer loop
      vertex 36.716 58.833 2.514
      vertex 39.966 58.689 2.776
      vertex 39.966 58.849 2.473
    endloop
  endfacet
  facet normal 0 0 0
    outer loop
      vertex 39.99 58.983 2.551
      vertex 40.01 59.222 1.583
      vertex 39.966 58.948 2.172
    endloop
  endfacet
  facet normal 0 0 0
    outer loop
      vertex 36.716 58.833 2.514
      vertex 39.966 58.849 2.473
      vertex 35.299 58.919 2.278
    endloop
  endfacet
  facet normal 0 0 0
    outer loop
      vertex 38.552 29.068 1.204
      vertex 38.552 29.143 0.964
      vertex 40.385 29.055 1.268
    endloop
  endfacet
  facet normal 0 0 0
    outer loop
      vertex 38.133 58.514 3.001
      vertex 39.97 58.385 3.137
      vertex 39.966 58.689 2.776
    endloop
  endfacet
  facet normal 0 0 0
    outer loop
      vertex 39.966 58.849 2.473
      vertex 39.966 58.948 2.172
      vertex 35.299 58.919 2.278
    endloop
  endfacet
  facet normal 0 0 0
    outer loop
      vertex 40.726 29.282 0.144
      vertex 40.524 29.223 0.308
      vertex 40.715 29.457 0
    endloop
  endfacet
  facet normal 0 0 0
    outer loop
      vertex 39.99 58.983 2.551
      vertex 39.966 58.948 2.172
      vertex 39.966 58.849 2.473
    endloop
  endfacet
  facet normal 0 0 0
    outer loop
      vertex 39.981 58.059 3.401
      vertex 39.97 58.385 3.137
      vertex 35.299 58.464 3.069
    endloop
  endfacet
  facet normal 0 0 0
    outer loop
      vertex 40.433 29.021 0.76
      vertex 40.524 29.223 0.308
      vertex 40.598 29.077 0.404
    endloop
  endfacet
  facet normal 0 0 0
    outer loop
      vertex 40.433 29.021 0.76
      vertex 40.598 29.077 0.404
      vertex 40.575 28.747 1.039
    endloop
  endfacet
  facet normal 0 0 0
    outer loop
      vertex 40.307 59.388 1.37
      vertex 40.298 59.381 2.064
      vertex 41.125 59.414 1.691
    endloop
  endfacet
  facet normal 0 0 0
    outer loop
      vertex 40.575 28.747 1.039
      vertex 40.41 28.849 1.395
      vertex 40.433 29.021 0.76
    endloop
  endfacet
  facet normal 0 0 0
    outer loop
      vertex 40.298 59.381 2.064
      vertex 41.134 59.388 2.022
      vertex 41.125 59.414 1.691
    endloop
  endfacet
  facet normal 0 0 0
    outer loop
      vertex 40.598 29.077 0.404
      vertex 40.726 28.838 0.719
      vertex 40.575 28.747 1.039
    endloop
  endfacet
  facet normal 0 0 0
    outer loop
      vertex 35.966 57.511 3.401
      vertex 41.466 57.513 0.001
      vertex 41.466 57.511 3.401
    endloop
  endfacet
  facet normal 0 0 0
    outer loop
      vertex 40.307 59.388 1.37
      vertex 41.125 59.414 1.691
      vertex 41.134 59.323 1.087
    endloop
  endfacet
  facet normal 0 0 0
    outer loop
      vertex 40.41 28.849 1.395
      vertex 40.385 29.055 1.268
      vertex 40.433 29.021 0.76
    endloop
  endfacet
  facet normal 0 0 0
    outer loop
      vertex 40.524 29.223 0.308
      vertex 40.726 29.282 0.144
      vertex 40.598 29.077 0.404
    endloop
  endfacet
  facet normal 0 0 0
    outer loop
      vertex 39.966 58.948 1.23
      vertex 39.966 58.948 2.172
      vertex 40.01 59.222 1.583
    endloop
  endfacet
  facet normal 0 0 0
    outer loop
      vertex 40.446 29.525 0.159
      vertex 40.715 29.457 0
      vertex 40.524 29.223 0.308
    endloop
  endfacet
  facet normal 0 0 0
    outer loop
      vertex 40.106 59.313 1.99
      vertex 40.01 59.222 1.583
      vertex 40.179 59.26 2.407
    endloop
  endfacet
  facet normal 0 0 0
    outer loop
      vertex 40.106 59.313 1.99
      vertex 40.117 59.329 1.41
      vertex 40.01 59.222 1.583
    endloop
  endfacet
  facet normal 0 0 0
    outer loop
      vertex 40.52 29.588 0
      vertex 40.715 29.457 0
      vertex 40.446 29.525 0.159
    endloop
  endfacet
  facet normal 0 0 0
    outer loop
      vertex 40.4 29.95 0
      vertex 40.387 29.581 0.295
      vertex 38.552 29.52 0.366
    endloop
  endfacet
  facet normal 0 0 0
    outer loop
      vertex 49.275 44.657 2.438
      vertex 49.302 44.066 2.895
      vertex 49.571 44.413 2.895
    endloop
  endfacet
  facet normal 0 0 0
    outer loop
      vertex 32.385 29.95 0
      vertex 40.4 29.95 0
      vertex 38.552 29.52 0.366
    endloop
  endfacet
  facet normal 0 0 0
    outer loop
      vertex 50.247 45.643 2.438
      vertex 49.275 44.657 2.438
      vertex 50.173 44.743 3.093
    endloop
  endfacet
  facet normal 0 0 0
    outer loop
      vertex 40.52 29.588 0
      vertex 40.446 29.525 0.159
      vertex 40.387 29.581 0.295
    endloop
  endfacet
  facet normal 0 0 0
    outer loop
      vertex 38.552 29.52 0.366
      vertex 40.387 29.581 0.295
      vertex 40.385 29.377 0.537
    endloop
  endfacet
  facet normal 0 0 0
    outer loop
      vertex 40.52 29.588 0
      vertex 40.387 29.581 0.295
      vertex 40.4 29.95 0
    endloop
  endfacet
  facet normal 0 0 0
    outer loop
      vertex 9.74 52 2.801
      vertex 10.746 52.002 2.8
      vertex 9.574 52.002 2.545
    endloop
  endfacet
  facet normal 0 0 0
    outer loop
      vertex 9.082 51.501 2.675
      vertex 9.509 51.501 3.3
      vertex 9.74 52 2.801
    endloop
  endfacet
  facet normal 0 0 0
    outer loop
      vertex 48.652 43.424 2.676
      vertex 48.829 42.838 3.093
      vertex 49.302 44.066 2.895
    endloop
  endfacet
  facet normal 0 0 0
    outer loop
      vertex 9.408 50.801 2.111
      vertex 8.855 50.801 1.532
      vertex 9.356 50.801 1.697
    endloop
  endfacet
  facet normal 0 0 0
    outer loop
      vertex 8.855 50.801 1.532
      vertex 9.408 50.801 2.111
      vertex 8.992 50.801 2.458
    endloop
  endfacet
  facet normal 0 0 0
    outer loop
      vertex 50.131 43.953 3.416
      vertex 50.963 44.798 3.416
      vertex 50.173 44.743 3.093
    endloop
  endfacet
  facet normal 0 0 0
    outer loop
      vertex 48.829 42.838 3.093
      vertex 49.447 42.817 3.432
      vertex 49.781 43.718 3.348
    endloop
  endfacet
  facet normal 0 0 0
    outer loop
      vertex 9.74 52 2.801
      vertex 9.574 52.002 2.545
      vertex 9.082 51.501 2.675
    endloop
  endfacet
  facet normal 0 0 0
    outer loop
      vertex 9.193 50.801 2.882
      vertex 9.408 50.801 2.111
      vertex 9.905 50.801 2.994
    endloop
  endfacet
  facet normal 0 0 0
    outer loop
      vertex 48.829 42.838 3.093
      vertex 49.781 43.718 3.348
      vertex 49.578 43.865 3.186
    endloop
  endfacet
  facet normal 0 0 0
    outer loop
      vertex 49.571 44.413 2.895
      vertex 49.578 43.865 3.186
      vertex 49.781 43.718 3.348
    endloop
  endfacet
  facet normal 0 0 0
    outer loop
      vertex 49.781 43.718 3.348
      vertex 50.131 43.953 3.416
      vertex 49.571 44.413 2.895
    endloop
  endfacet
  facet normal 0 0 0
    outer loop
      vertex 9.408 50.801 2.111
      vertex 9.193 50.801 2.882
      vertex 8.992 50.801 2.458
    endloop
  endfacet
  facet normal 0 0 0
    outer loop
      vertex 49.302 44.066 2.895
      vertex 48.829 42.838 3.093
      vertex 49.578 43.865 3.186
    endloop
  endfacet
  facet normal 0 0 0
    outer loop
      vertex 49.578 43.865 3.186
      vertex 49.571 44.413 2.895
      vertex 49.302 44.066 2.895
    endloop
  endfacet
  facet normal 0 0 0
    outer loop
      vertex 49.631 45.798 0.5
      vertex 49.517 44.969 0
      vertex 48.919 44.226 0
    endloop
  endfacet
  facet normal 0 0 0
    outer loop
      vertex 49.631 45.798 0.5
      vertex 50.002 46.122 0.5
      vertex 49.517 44.969 0
    endloop
  endfacet
  facet normal 0 0 0
    outer loop
      vertex 50.002 46.122 0.5
      vertex 50.801 46.702 0.5
      vertex 49.517 44.969 0
    endloop
  endfacet
  facet normal 0 0 0
    outer loop
      vertex 51.224 46.956 0.5
      vertex 52.116 46.83 0
      vertex 49.517 44.969 0
    endloop
  endfacet
  facet normal 0 0 0
    outer loop
      vertex 50.801 46.702 0.5
      vertex 51.224 46.956 0.5
      vertex 49.517 44.969 0
    endloop
  endfacet
  facet normal 0 0 0
    outer loop
      vertex 49.631 45.798 0.5
      vertex 48.919 44.226 0
      vertex 48.641 44.699 0.5
    endloop
  endfacet
  facet normal 0 0 0
    outer loop
      vertex 49.037 44.852 1.842
      vertex 49.275 44.657 2.438
      vertex 50.247 45.643 2.438
    endloop
  endfacet
  facet normal 0 0 0
    outer loop
      vertex 49.327 45.238 1.776
      vertex 49.037 44.852 1.842
      vertex 50.247 45.643 2.438
    endloop
  endfacet
  facet normal 0 0 0
    outer loop
      vertex 49.327 45.238 1.776
      vertex 49.219 45.339 1.122
      vertex 49.037 44.852 1.842
    endloop
  endfacet
  facet normal 0 0 0
    outer loop
      vertex 10.746 51.501 0
      vertex 9.509 51.501 0
      vertex 9.74 52 0.499
    endloop
  endfacet
  facet normal 0 0 0
    outer loop
      vertex 9.509 51.501 0
      vertex 9.168 51.501 0.471
      vertex 9.74 52 0.499
    endloop
  endfacet
  facet normal 0 0 0
    outer loop
      vertex 9.37 52.002 1.418
      vertex 9.74 52 0.499
      vertex 9.168 51.501 0.471
    endloop
  endfacet
  facet normal 0 0 0
    outer loop
      vertex 9.37 52.002 1.418
      vertex 9.168 51.501 0.471
      vertex 8.924 51.501 1.068
    endloop
  endfacet
  facet normal 0 0 0
    outer loop
      vertex 8.924 51.501 1.068
      vertex 8.891 51.501 1.971
      vertex 9.37 52.002 1.418
    endloop
  endfacet
  facet normal 0 0 0
    outer loop
      vertex 8.891 51.501 1.971
      vertex 9.372 52.002 1.928
      vertex 9.37 52.002 1.418
    endloop
  endfacet
  facet normal 0 0 0
    outer loop
      vertex 8.855 50.801 1.532
      vertex 8.992 50.801 2.458
      vertex 8.891 51.501 1.971
    endloop
  endfacet
  facet normal 0 0 0
    outer loop
      vertex 8.992 50.801 2.458
      vertex 9.082 51.501 2.675
      vertex 8.891 51.501 1.971
    endloop
  endfacet
  facet normal 0 0 0
    outer loop
      vertex 8.891 51.501 1.971
      vertex 9.082 51.501 2.675
      vertex 9.574 52.002 2.545
    endloop
  endfacet
  facet normal 0 0 0
    outer loop
      vertex 8.891 51.501 1.971
      vertex 9.574 52.002 2.545
      vertex 9.372 52.002 1.928
    endloop
  endfacet
  facet normal 0 0 0
    outer loop
      vertex 52.468 44.723 3.714
      vertex 53.341 44.863 3.738
      vertex 53.055 45.854 3.485
    endloop
  endfacet
  facet normal 0 0 0
    outer loop
      vertex 9.168 50.801 0.471
      vertex 9.725 50.801 0.52
      vertex 9.471 50.801 1.014
    endloop
  endfacet
  facet normal 0 0 0
    outer loop
      vertex 9.168 50.801 0.471
      vertex 9.471 50.801 1.014
      vertex 8.924 50.801 1.068
    endloop
  endfacet
  facet normal 0 0 0
    outer loop
      vertex 8.924 50.801 1.068
      vertex 9.356 50.801 1.697
      vertex 8.855 50.801 1.532
    endloop
  endfacet
  facet normal 0 0 0
    outer loop
      vertex 52.468 44.723 3.714
      vertex 53.055 45.854 3.485
      vertex 52.641 45.834 3.416
    endloop
  endfacet
  facet normal 0 0 0
    outer loop
      vertex 9.509 50.801 0
      vertex 10.311 50.801 0
      vertex 9.725 50.801 0.52
    endloop
  endfacet
  facet normal 0 0 0
    outer loop
      vertex 51.922 44.466 3.701
      vertex 52.468 44.723 3.714
      vertex 52.641 45.834 3.416
    endloop
  endfacet
  facet normal 0 0 0
    outer loop
      vertex 51.922 44.466 3.701
      vertex 52.641 45.834 3.416
      vertex 51.52 44.715 3.594
    endloop
  endfacet
  facet normal 0 0 0
    outer loop
      vertex 9.725 50.801 0.52
      vertex 9.168 50.801 0.471
      vertex 9.509 50.801 0
    endloop
  endfacet
  facet normal 0 0 0
    outer loop
      vertex 51.922 44.466 3.701
      vertex 51.52 44.715 3.594
      vertex 51.323 44.374 3.634
    endloop
  endfacet
  facet normal 0 0 0
    outer loop
      vertex 9.356 50.801 1.697
      vertex 8.924 50.801 1.068
      vertex 9.471 50.801 1.014
    endloop
  endfacet
  facet normal 0 0 0
    outer loop
      vertex 8.924 50.801 1.068
      vertex 9.168 51.501 0.471
      vertex 9.168 50.801 0.471
    endloop
  endfacet
  facet normal 0 0 0
    outer loop
      vertex 9.168 51.501 0.471
      vertex 8.924 50.801 1.068
      vertex 8.924 51.501 1.068
    endloop
  endfacet
  facet normal 0 0 0
    outer loop
      vertex 8.924 50.801 1.068
      vertex 8.891 51.501 1.971
      vertex 8.924 51.501 1.068
    endloop
  endfacet
  facet normal 0 0 0
    outer loop
      vertex 51.323 44.374 3.634
      vertex 51.52 44.715 3.594
      vertex 50.963 44.798 3.416
    endloop
  endfacet
  facet normal 0 0 0
    outer loop
      vertex 8.855 50.801 1.532
      vertex 8.891 51.501 1.971
      vertex 8.924 50.801 1.068
    endloop
  endfacet
  facet normal 0 0 0
    outer loop
      vertex 52.641 45.834 3.416
      vertex 51.454 45.488 3.267
      vertex 51.52 44.715 3.594
    endloop
  endfacet
  facet normal 0 0 0
    outer loop
      vertex 9.509 50.801 0
      vertex 9.168 51.501 0.471
      vertex 9.509 51.501 0
    endloop
  endfacet
  facet normal 0 0 0
    outer loop
      vertex 9.168 51.501 0.471
      vertex 9.509 50.801 0
      vertex 9.168 50.801 0.471
    endloop
  endfacet
  facet normal 0 0 0
    outer loop
      vertex 50.476 42.999 3.701
      vertex 51.922 44.466 3.701
      vertex 51.323 44.374 3.634
    endloop
  endfacet
  facet normal 0 0 0
    outer loop
      vertex 9.37 52.002 1.418
      vertex 10.746 52.002 0.5
      vertex 9.74 52 0.499
    endloop
  endfacet
  facet normal 0 0 0
    outer loop
      vertex 10.746 52.002 0.5
      vertex 10.746 51.501 0
      vertex 9.74 52 0.499
    endloop
  endfacet
  facet normal 0 0 0
    outer loop
      vertex 51.52 44.715 3.594
      vertex 51.454 45.488 3.267
      vertex 50.963 44.798 3.416
    endloop
  endfacet
  facet normal 0 0 0
    outer loop
      vertex 50.963 44.798 3.416
      vertex 50.131 43.953 3.416
      vertex 51.323 44.374 3.634
    endloop
  endfacet
  facet normal 0 0 0
    outer loop
      vertex 50.476 42.999 3.701
      vertex 53.341 44.863 3.738
      vertex 52.468 44.723 3.714
    endloop
  endfacet
  facet normal 0 0 0
    outer loop
      vertex 9.905 50.801 2.994
      vertex 9.905 41.501 2.994
      vertex 10.311 50.801 3.3
    endloop
  endfacet
  facet normal 0 0 0
    outer loop
      vertex 12.989 50.801 3.3
      vertex 12.187 50.801 3.3
      vertex 12.648 50.801 2.918
    endloop
  endfacet
  facet normal 0 0 0
    outer loop
      vertex 50.476 42.999 3.701
      vertex 52.468 44.723 3.714
      vertex 51.922 44.466 3.701
    endloop
  endfacet
  facet normal 0 0 0
    outer loop
      vertex 9.905 50.801 2.994
      vertex 10.311 50.801 3.3
      vertex 9.509 50.801 3.3
    endloop
  endfacet
  facet normal 0 0 0
    outer loop
      vertex 52.451 43.527 3.75
      vertex 50.476 42.999 3.701
      vertex 51.758 42.904 3.75
    endloop
  endfacet
  facet normal 0 0 0
    outer loop
      vertex 50.476 42.999 3.701
      vertex 51.362 42.385 3.75
      vertex 51.758 42.904 3.75
    endloop
  endfacet
  facet normal 0 0 0
    outer loop
      vertex 9.74 52 2.801
      vertex 9.509 51.501 3.3
      vertex 10.746 51.501 3.3
    endloop
  endfacet
  facet normal 0 0 0
    outer loop
      vertex 9.74 52 2.801
      vertex 10.746 51.501 3.3
      vertex 10.746 52.002 2.8
    endloop
  endfacet
  facet normal 0 0 0
    outer loop
      vertex 49.905 42.124 3.688
      vertex 50.476 42.999 3.701
      vertex 49.447 42.817 3.432
    endloop
  endfacet
  facet normal 0 0 0
    outer loop
      vertex 11.752 52.002 0.5
      vertex 11.752 44.098 3.3
      vertex 11.752 51.501 3.3
    endloop
  endfacet
  facet normal 0 0 0
    outer loop
      vertex 11.752 52.002 2.8
      vertex 11.752 52.002 0.5
      vertex 11.752 51.501 3.3
    endloop
  endfacet
  facet normal 0 0 0
    outer loop
      vertex 49.447 42.817 3.432
      vertex 49.506 41.709 3.634
      vertex 49.905 42.124 3.688
    endloop
  endfacet
  facet normal 0 0 0
    outer loop
      vertex 10.746 52.002 2.8
      vertex 10.746 51.501 0
      vertex 10.746 52.002 0.5
    endloop
  endfacet
  facet normal 0 0 0
    outer loop
      vertex 10.746 51.501 0
      vertex 10.746 51.501 3.3
      vertex 10.746 44.098 3.3
    endloop
  endfacet
  facet normal 0 0 0
    outer loop
      vertex 10.746 51.501 3.3
      vertex 10.746 51.501 0
      vertex 10.746 52.002 2.8
    endloop
  endfacet
  facet normal 0 0 0
    outer loop
      vertex 49.905 42.124 3.688
      vertex 50.946 41.656 3.75
      vertex 51.362 42.385 3.75
    endloop
  endfacet
  facet normal 0 0 0
    outer loop
      vertex 49.905 42.124 3.688
      vertex 49.598 40.95 3.701
      vertex 50.946 41.656 3.75
    endloop
  endfacet
  facet normal 0 0 0
    outer loop
      vertex 12.648 50.801 2.918
      vertex 13.33 50.801 2.829
      vertex 12.989 50.801 3.3
    endloop
  endfacet
  facet normal 0 0 0
    outer loop
      vertex 12.965 50.801 2.461
      vertex 13.583 50.801 2.174
      vertex 13.33 50.801 2.829
    endloop
  endfacet
  facet normal 0 0 0
    outer loop
      vertex 49.598 40.95 3.701
      vertex 50.658 40.769 3.75
      vertex 50.946 41.656 3.75
    endloop
  endfacet
  facet normal 0 0 0
    outer loop
      vertex 13.33 50.801 2.829
      vertex 12.648 50.801 2.918
      vertex 12.965 50.801 2.461
    endloop
  endfacet
  facet normal 0 0 0
    outer loop
      vertex 12.989 50.801 3.3
      vertex 13.416 51.501 2.675
      vertex 12.989 51.501 3.3
    endloop
  endfacet
  facet normal 0 0 0
    outer loop
      vertex 50.476 42.999 3.701
      vertex 49.905 42.124 3.688
      vertex 51.362 42.385 3.75
    endloop
  endfacet
  facet normal 0 0 0
    outer loop
      vertex 49.447 42.817 3.432
      vertex 50.131 43.953 3.416
      vertex 49.781 43.718 3.348
    endloop
  endfacet
  facet normal 0 0 0
    outer loop
      vertex 13.33 50.801 2.829
      vertex 13.416 51.501 2.675
      vertex 12.989 50.801 3.3
    endloop
  endfacet
  facet normal 0 0 0
    outer loop
      vertex 49.447 42.817 3.432
      vertex 51.323 44.374 3.634
      vertex 50.131 43.953 3.416
    endloop
  endfacet
  facet normal 0 0 0
    outer loop
      vertex 13.33 50.801 2.829
      vertex 13.583 51.501 2.174
      vertex 13.416 51.501 2.675
    endloop
  endfacet
  facet normal 0 0 0
    outer loop
      vertex 41.134 62.108 1.936
      vertex 41.185 62.246 2.453
      vertex 40.298 62.178 2.272
    endloop
  endfacet
  facet normal 0 0 0
    outer loop
      vertex 56.341 66.863 1.344
      vertex 55.831 66.609 2.183
      vertex 56.317 66.688 1.914
    endloop
  endfacet
  facet normal 0 0 0
    outer loop
      vertex 56.317 66.688 1.914
      vertex 56.79 66.61 1.914
      vertex 56.341 66.863 1.344
    endloop
  endfacet
  facet normal 0 0 0
    outer loop
      vertex 41.134 62.493 2.926
      vertex 40.277 62.359 2.712
      vertex 41.185 62.246 2.453
    endloop
  endfacet
  facet normal 0 0 0
    outer loop
      vertex 40.277 62.359 2.712
      vertex 40.298 62.178 2.272
      vertex 41.185 62.246 2.453
    endloop
  endfacet
  facet normal 0 0 0
    outer loop
      vertex 57.302 66.674 1.344
      vertex 56.341 66.863 1.344
      vertex 56.79 66.61 1.914
    endloop
  endfacet
  facet normal 0 0 0
    outer loop
      vertex 56.349 66.922 0.9
      vertex 55.489 66.996 0.5
      vertex 55.854 66.914 1.344
    endloop
  endfacet
  facet normal 0 0 0
    outer loop
      vertex 56.349 66.922 0.9
      vertex 55.854 66.914 1.344
      vertex 56.341 66.863 1.344
    endloop
  endfacet
  facet normal 0 0 0
    outer loop
      vertex 38.552 29.52 0.366
      vertex 40.385 29.377 0.537
      vertex 38.552 29.143 0.964
    endloop
  endfacet
  facet normal 0 0 0
    outer loop
      vertex 40.385 29.055 1.268
      vertex 38.552 29.143 0.964
      vertex 40.385 29.377 0.537
    endloop
  endfacet
  facet normal 0 0 0
    outer loop
      vertex 40.524 29.223 0.308
      vertex 40.387 29.581 0.295
      vertex 40.446 29.525 0.159
    endloop
  endfacet
  facet normal 0 0 0
    outer loop
      vertex 40.524 29.223 0.308
      vertex 40.433 29.021 0.76
      vertex 40.385 29.377 0.537
    endloop
  endfacet
  facet normal 0 0 0
    outer loop
      vertex 54.875 66.929 1.344
      vertex 55.363 66.862 1.633
      vertex 55.854 66.914 1.344
    endloop
  endfacet
  facet normal 0 0 0
    outer loop
      vertex 40.385 29.377 0.537
      vertex 40.387 29.581 0.295
      vertex 40.524 29.223 0.308
    endloop
  endfacet
  facet normal 0 0 0
    outer loop
      vertex 57.302 66.674 1.344
      vertex 56.79 66.61 1.914
      vertex 57.257 66.503 1.914
    endloop
  endfacet
  facet normal 0 0 0
    outer loop
      vertex 40.433 29.021 0.76
      vertex 40.385 29.055 1.268
      vertex 40.385 29.377 0.537
    endloop
  endfacet
  facet normal 0 0 0
    outer loop
      vertex 56.349 66.922 0.9
      vertex 56.957 66.82 0.5
      vertex 55.489 66.996 0.5
    endloop
  endfacet
  facet normal 0 0 0
    outer loop
      vertex 56.957 66.82 0.5
      vertex 57.014 66.284 0
      vertex 55.489 66.996 0.5
    endloop
  endfacet
  facet normal 0 0 0
    outer loop
      vertex 40.583 28.708 2.243
      vertex 40.726 28.625 2.053
      vertex 40.726 28.71 2.385
    endloop
  endfacet
  facet normal 0 0 0
    outer loop
      vertex 57.014 66.284 0
      vertex 55.837 66.467 0
      vertex 55.489 66.996 0.5
    endloop
  endfacet
  facet normal 0 0 0
    outer loop
      vertex 40.726 28.625 2.053
      vertex 40.583 28.708 2.243
      vertex 40.614 28.619 1.743
    endloop
  endfacet
  facet normal 0 0 0
    outer loop
      vertex 56.341 66.863 1.344
      vertex 57.302 66.674 1.344
      vertex 56.957 66.82 0.5
    endloop
  endfacet
  facet normal 0 0 0
    outer loop
      vertex 56.349 66.922 0.9
      vertex 56.341 66.863 1.344
      vertex 56.957 66.82 0.5
    endloop
  endfacet
  facet normal 0 0 0
    outer loop
      vertex 40.726 28.622 1.368
      vertex 40.575 28.747 1.039
      vertex 40.726 28.838 0.719
    endloop
  endfacet
  facet normal 0 0 0
    outer loop
      vertex 40.614 28.619 1.743
      vertex 40.726 28.595 1.711
      vertex 40.726 28.625 2.053
    endloop
  endfacet
  facet normal 0 0 0
    outer loop
      vertex 55.489 66.996 0.5
      vertex 55.837 66.467 0
      vertex 54.749 66.982 0.5
    endloop
  endfacet
  facet normal 0 0 0
    outer loop
      vertex 40.447 28.762 1.737
      vertex 40.726 28.622 1.368
      vertex 40.614 28.619 1.743
    endloop
  endfacet
  facet normal 0 0 0
    outer loop
      vertex 54.749 66.982 0.5
      vertex 54.875 66.929 1.344
      vertex 55.854 66.914 1.344
    endloop
  endfacet
  facet normal 0 0 0
    outer loop
      vertex 40.614 28.619 1.743
      vertex 40.726 28.622 1.368
      vertex 40.726 28.595 1.711
    endloop
  endfacet
  facet normal 0 0 0
    outer loop
      vertex 55.489 66.996 0.5
      vertex 54.749 66.982 0.5
      vertex 55.854 66.914 1.344
    endloop
  endfacet
  facet normal 0 0 0
    outer loop
      vertex 40.726 33.296 2.387
      vertex 42.973 33.076 2.827
      vertex 42.973 33.303 2.366
    endloop
  endfacet
  facet normal 0 0 0
    outer loop
      vertex 42.973 33.303 2.366
      vertex 40.726 33.411 1.712
      vertex 40.726 33.296 2.387
    endloop
  endfacet
  facet normal 0 0 0
    outer loop
      vertex 56.255 66.227 2.676
      vertex 57.089 65.856 2.895
      vertex 57.574 65.926 2.676
    endloop
  endfacet
  facet normal 0 0 0
    outer loop
      vertex 40.726 33.158 2.701
      vertex 42.973 33.076 2.827
      vertex 40.726 33.296 2.387
    endloop
  endfacet
  facet normal 0 0 0
    outer loop
      vertex 40.726 32.971 2.989
      vertex 42.978 32.55 3.401
      vertex 42.973 32.756 3.228
    endloop
  endfacet
  facet normal 0 0 0
    outer loop
      vertex 40.726 33.158 2.701
      vertex 40.726 32.971 2.989
      vertex 42.973 33.076 2.827
    endloop
  endfacet
  facet normal 0 0 0
    outer loop
      vertex 42.973 32.756 3.228
      vertex 42.973 33.076 2.827
      vertex 40.726 32.971 2.989
    endloop
  endfacet
  facet normal 0 0 0
    outer loop
      vertex 42.973 32.972 0.414
      vertex 40.735 32.687 0.109
      vertex 40.717 32.825 0.242
    endloop
  endfacet
  facet normal 0 0 0
    outer loop
      vertex 40.717 32.825 0.242
      vertex 40.726 33.077 0.576
      vertex 42.973 32.972 0.414
    endloop
  endfacet
  facet normal 0 0 0
    outer loop
      vertex 40.726 33.303 1.036
      vertex 42.973 33.411 1.691
      vertex 42.973 33.296 1.016
    endloop
  endfacet
  facet normal 0 0 0
    outer loop
      vertex 58.181 36.087 2
      vertex 58.724 36.598 3.75
      vertex 58.724 36.598 2
    endloop
  endfacet
  facet normal 0 0 0
    outer loop
      vertex 42.973 33.303 2.366
      vertex 42.973 33.411 1.691
      vertex 40.726 33.411 1.712
    endloop
  endfacet
  facet normal 0 0 0
    outer loop
      vertex 59.179 37.19 2
      vertex 58.724 36.598 3.75
      vertex 59.179 37.19 3.75
    endloop
  endfacet
  facet normal 0 0 0
    outer loop
      vertex 55.664 37.087 2
      vertex 56.17 35.146 2
      vertex 56.208 37.233 2
    endloop
  endfacet
  facet normal 0 0 0
    outer loop
      vertex 57.479 35.628 2
      vertex 56.711 37.489 2
      vertex 56.208 37.233 2
    endloop
  endfacet
  facet normal 0 0 0
    outer loop
      vertex 40.726 33.303 1.036
      vertex 40.726 33.411 1.712
      vertex 42.973 33.411 1.691
    endloop
  endfacet
  facet normal 0 0 0
    outer loop
      vertex 56.17 35.146 2
      vertex 55.664 37.087 2
      vertex 55.615 35.065 2
    endloop
  endfacet
  facet normal 0 0 0
    outer loop
      vertex 59.357 35.821 3.714
      vertex 60.198 36.264 3.634
      vertex 60.364 37.092 3.701
    endloop
  endfacet
  facet normal 0 0 0
    outer loop
      vertex 40.726 33.077 0.576
      vertex 40.726 33.303 1.036
      vertex 42.973 33.296 1.016
    endloop
  endfacet
  facet normal 0 0 0
    outer loop
      vertex 60.364 37.092 3.701
      vertex 58.181 36.087 3.75
      vertex 59.357 35.821 3.714
    endloop
  endfacet
  facet normal 0 0 0
    outer loop
      vertex 40.715 32.549 3.401
      vertex 42.978 32.55 3.401
      vertex 40.726 32.971 2.989
    endloop
  endfacet
  facet normal 0 0 0
    outer loop
      vertex 58.724 36.598 3.75
      vertex 58.181 36.087 3.75
      vertex 60.364 37.092 3.701
    endloop
  endfacet
  facet normal 0 0 0
    outer loop
      vertex 40.715 32.551 0.001
      vertex 43.314 31.51 0.001
      vertex 40.545 32.451 0.001
    endloop
  endfacet
  facet normal 0 0 0
    outer loop
      vertex 40.715 32.551 0.001
      vertex 43.305 31.995 0.001
      vertex 43.314 31.51 0.001
    endloop
  endfacet
  facet normal 0 0 0
    outer loop
      vertex 42.978 32.552 0.001
      vertex 40.715 32.551 0.001
      vertex 40.735 32.687 0.109
    endloop
  endfacet
  facet normal 0 0 0
    outer loop
      vertex 60.198 36.264 3.634
      vertex 60.516 35.797 3.423
      vertex 60.689 36.496 3.539
    endloop
  endfacet
  facet normal 0 0 0
    outer loop
      vertex 43.314 31.51 0.001
      vertex 36.385 31.508 3.401
      vertex 36.385 31.51 0.001
    endloop
  endfacet
  facet normal 0 0 0
    outer loop
      vertex 60.516 35.797 3.423
      vertex 61.345 36.583 3.267
      vertex 60.689 36.496 3.539
    endloop
  endfacet
  facet normal 0 0 0
    outer loop
      vertex 40.735 29.453 3.4
      vertex 40.4 29.949 3.4
      vertex 40.572 29.527 3.4
    endloop
  endfacet
  facet normal 0 0 0
    outer loop
      vertex 40.4 29.949 3.4
      vertex 43.213 29.64 3.4
      vertex 43.299 29.951 3.4
    endloop
  endfacet
  facet normal 0 0 0
    outer loop
      vertex 61.165 37.113 3.485
      vertex 60.689 36.496 3.539
      vertex 61.345 36.583 3.267
    endloop
  endfacet
  facet normal 0 0 0
    outer loop
      vertex 40.726 28.71 2.385
      vertex 42.973 29.021 2.971
      vertex 40.726 28.847 2.7
    endloop
  endfacet
  facet normal 0 0 0
    outer loop
      vertex 42.979 29.454 3.4
      vertex 40.722 29.122 3.089
      vertex 42.973 29.021 2.971
    endloop
  endfacet
  facet normal 0 0 0
    outer loop
      vertex 42.973 29.021 2.971
      vertex 40.722 29.122 3.089
      vertex 40.726 28.847 2.7
    endloop
  endfacet
  facet normal 0 0 0
    outer loop
      vertex 42.973 28.668 1.181
      vertex 40.726 28.838 0.719
      vertex 42.973 28.848 0.7
    endloop
  endfacet
  facet normal 0 0 0
    outer loop
      vertex 40.726 28.838 0.719
      vertex 40.726 29.282 0.144
      vertex 42.979 29.456 0
    endloop
  endfacet
  facet normal 0 0 0
    outer loop
      vertex 42.979 29.456 0
      vertex 40.726 29.282 0.144
      vertex 40.715 29.457 0
    endloop
  endfacet
  facet normal 0 0 0
    outer loop
      vertex 40.726 28.838 0.719
      vertex 42.979 29.456 0
      vertex 42.973 28.848 0.7
    endloop
  endfacet
  facet normal 0 0 0
    outer loop
      vertex 42.973 28.621 2.031
      vertex 40.726 28.595 1.711
      vertex 42.973 28.668 1.181
    endloop
  endfacet
  facet normal 0 0 0
    outer loop
      vertex 40.726 28.595 1.711
      vertex 40.726 28.622 1.368
      vertex 42.973 28.668 1.181
    endloop
  endfacet
  facet normal 0 0 0
    outer loop
      vertex 42.973 28.668 1.181
      vertex 40.726 28.622 1.368
      vertex 40.726 28.838 0.719
    endloop
  endfacet
  facet normal 0 0 0
    outer loop
      vertex 40.726 28.625 2.053
      vertex 42.973 28.621 2.031
      vertex 42.973 29.021 2.971
    endloop
  endfacet
  facet normal 0 0 0
    outer loop
      vertex 40.726 28.625 2.053
      vertex 40.726 28.595 1.711
      vertex 42.973 28.621 2.031
    endloop
  endfacet
  facet normal 0 0 0
    outer loop
      vertex 40.726 28.71 2.385
      vertex 40.726 28.625 2.053
      vertex 42.973 29.021 2.971
    endloop
  endfacet
  facet normal 0 0 0
    outer loop
      vertex 23.5 33.5 0
      vertex 23.5 33.5 3.3
      vertex 23.5 28 0
    endloop
  endfacet
  facet normal 0 0 0
    outer loop
      vertex 61.427 35.799 2.895
      vertex 61.75 35.593 2.438
      vertex 62.099 36.191 2.438
    endloop
  endfacet
  facet normal 0 0 0
    outer loop
      vertex 41.43 62.315 1.468
      vertex 41.446 62.338 1.853
      vertex 41.253 62.134 1.912
    endloop
  endfacet
  facet normal 0 0 0
    outer loop
      vertex 58.894 34.562 3.539
      vertex 59.2 34.128 3.267
      vertex 59.813 34.969 3.416
    endloop
  endfacet
  facet normal 0 0 0
    outer loop
      vertex 60.198 36.264 3.634
      vertex 59.357 35.821 3.714
      vertex 59.813 34.969 3.416
    endloop
  endfacet
  facet normal 0 0 0
    outer loop
      vertex 41.43 62.315 1.468
      vertex 41.253 62.134 1.912
      vertex 41.253 62.124 1.743
    endloop
  endfacet
  facet normal 0 0 0
    outer loop
      vertex 60.516 35.797 3.423
      vertex 60.198 36.264 3.634
      vertex 59.813 34.969 3.416
    endloop
  endfacet
  facet normal 0 0 0
    outer loop
      vertex 60.873 35.396 3.093
      vertex 60.516 35.797 3.423
      vertex 60.602 35.067 3.093
    endloop
  endfacet
  facet normal 0 0 0
    outer loop
      vertex 41.446 62.338 1.853
      vertex 41.447 62.457 2.323
      vertex 41.253 62.134 1.912
    endloop
  endfacet
  facet normal 0 0 0
    outer loop
      vertex 41.185 62.246 2.453
      vertex 41.134 62.108 1.936
      vertex 41.253 62.134 1.912
    endloop
  endfacet
  facet normal 0 0 0
    outer loop
      vertex 41.253 62.134 1.912
      vertex 41.342 62.401 2.615
      vertex 41.185 62.246 2.453
    endloop
  endfacet
  facet normal 0 0 0
    outer loop
      vertex 59.813 34.969 3.416
      vertex 59.2 34.128 3.267
      vertex 60.159 34.607 3.093
    endloop
  endfacet
  facet normal 0 0 0
    outer loop
      vertex 61.345 36.583 3.267
      vertex 61.427 35.799 2.895
      vertex 61.759 36.368 2.895
    endloop
  endfacet
  facet normal 0 0 0
    outer loop
      vertex 61.427 35.799 2.895
      vertex 61.345 36.583 3.267
      vertex 60.516 35.797 3.423
    endloop
  endfacet
  facet normal 0 0 0
    outer loop
      vertex 60.873 35.396 3.093
      vertex 61.427 35.799 2.895
      vertex 60.516 35.797 3.423
    endloop
  endfacet
  facet normal 0 0 0
    outer loop
      vertex 40.298 62.096 1.722
      vertex 41.134 62.097 1.593
      vertex 41.253 62.124 1.743
    endloop
  endfacet
  facet normal 0 0 0
    outer loop
      vertex 41.253 62.124 1.743
      vertex 41.253 62.134 1.912
      vertex 40.298 62.096 1.722
    endloop
  endfacet
  facet normal 0 0 0
    outer loop
      vertex 41.253 62.134 1.912
      vertex 41.134 62.108 1.936
      vertex 40.298 62.096 1.722
    endloop
  endfacet
  facet normal 0 0 0
    outer loop
      vertex 41.268 62.639 0.345
      vertex 41.134 62.595 0.336
      vertex 41.131 62.956 0
    endloop
  endfacet
  facet normal 0 0 0
    outer loop
      vertex 58.237 34.566 3.655
      vertex 58.856 33.901 3.267
      vertex 59.2 34.128 3.267
    endloop
  endfacet
  facet normal 0 0 0
    outer loop
      vertex 41.268 62.639 0.345
      vertex 41.412 62.734 0.428
      vertex 41.177 62.407 0.61
    endloop
  endfacet
  facet normal 0 0 0
    outer loop
      vertex 41.268 62.639 0.345
      vertex 41.341 63.104 0
      vertex 41.412 62.734 0.428
    endloop
  endfacet
  facet normal 0 0 0
    outer loop
      vertex 58.237 34.566 3.655
      vertex 59.2 34.128 3.267
      vertex 58.894 34.562 3.539
    endloop
  endfacet
  facet normal 0 0 0
    outer loop
      vertex 41.412 62.734 0.428
      vertex 41.463 62.846 0.533
      vertex 41.422 62.612 0.63
    endloop
  endfacet
  facet normal 0 0 0
    outer loop
      vertex 41.466 62.721 0.755
      vertex 41.463 62.594 0.913
      vertex 41.422 62.612 0.63
    endloop
  endfacet
  facet normal 0 0 0
    outer loop
      vertex 58.237 34.566 3.655
      vertex 58.702 35.135 3.701
      vertex 58.104 35.308 3.75
    endloop
  endfacet
  facet normal 0 0 0
    outer loop
      vertex 58.104 35.308 3.75
      vertex 57.633 35.015 3.749
      vertex 58.237 34.566 3.655
    endloop
  endfacet
  facet normal 0 0 0
    outer loop
      vertex 58.237 34.566 3.655
      vertex 57.633 35.015 3.749
      vertex 56.941 33.934 3.634
    endloop
  endfacet
  facet normal 0 0 0
    outer loop
      vertex 58.237 34.566 3.655
      vertex 58.894 34.562 3.539
      vertex 58.702 35.135 3.701
    endloop
  endfacet
  facet normal 0 0 0
    outer loop
      vertex 41.463 62.846 0.533
      vertex 41.466 62.721 0.755
      vertex 41.422 62.612 0.63
    endloop
  endfacet
  facet normal 0 0 0
    outer loop
      vertex 41.131 62.956 0
      vertex 41.341 63.104 0
      vertex 41.268 62.639 0.345
    endloop
  endfacet
  facet normal 0 0 0
    outer loop
      vertex 41.341 63.104 0
      vertex 41.444 63.392 0
      vertex 41.463 62.846 0.533
    endloop
  endfacet
  facet normal 0 0 0
    outer loop
      vertex 57.633 35.015 3.749
      vertex 56.712 35.286 3.75
      vertex 56.941 33.934 3.634
    endloop
  endfacet
  facet normal 0 0 0
    outer loop
      vertex 41.412 62.734 0.428
      vertex 41.341 63.104 0
      vertex 41.463 62.846 0.533
    endloop
  endfacet
  facet normal 0 0 0
    outer loop
      vertex 58.237 34.566 3.655
      vertex 57.659 33.59 3.416
      vertex 58.238 33.532 3.244
    endloop
  endfacet
  facet normal 0 0 0
    outer loop
      vertex 41.134 62.595 0.336
      vertex 40.316 62.82 0.107
      vertex 41.131 62.956 0
    endloop
  endfacet
  facet normal 0 0 0
    outer loop
      vertex 41.463 62.594 0.913
      vertex 41.466 62.721 0.755
      vertex 41.451 63.451 3.4
    endloop
  endfacet
  facet normal 0 0 0
    outer loop
      vertex 57.659 33.59 3.416
      vertex 58.237 34.566 3.655
      vertex 56.941 33.934 3.634
    endloop
  endfacet
  facet normal 0 0 0
    outer loop
      vertex 41.463 62.594 0.913
      vertex 41.451 63.451 3.4
      vertex 41.447 62.457 2.323
    endloop
  endfacet
  facet normal 0 0 0
    outer loop
      vertex 41.447 62.457 2.323
      vertex 41.446 62.338 1.853
      vertex 41.463 62.594 0.913
    endloop
  endfacet
  facet normal 0 0 0
    outer loop
      vertex 58.237 34.566 3.655
      vertex 58.238 33.532 3.244
      vertex 58.856 33.901 3.267
    endloop
  endfacet
  facet normal 0 0 0
    outer loop
      vertex 58.856 33.901 3.267
      vertex 58.911 33.394 2.895
      vertex 59.2 34.128 3.267
    endloop
  endfacet
  facet normal 0 0 0
    outer loop
      vertex 41.463 62.846 0.533
      vertex 41.444 63.392 0
      vertex 41.451 63.451 3.4
    endloop
  endfacet
  facet normal 0 0 0
    outer loop
      vertex 58.856 33.901 3.267
      vertex 58.238 33.532 3.244
      vertex 58.911 33.394 2.895
    endloop
  endfacet
  facet normal 0 0 0
    outer loop
      vertex 41.446 62.338 1.853
      vertex 41.43 62.315 1.468
      vertex 41.463 62.594 0.913
    endloop
  endfacet
  facet normal 0 0 0
    outer loop
      vertex 57.655 32.322 2.314
      vertex 59.103 33.062 2.438
      vertex 58.911 33.394 2.895
    endloop
  endfacet
  facet normal 0 0 0
    outer loop
      vertex 57.655 32.322 2.314
      vertex 58.609 32.481 1.914
      vertex 59.103 33.062 2.438
    endloop
  endfacet
  facet normal 0 0 0
    outer loop
      vertex 40.316 62.82 0.107
      vertex 40.245 62.976 0
      vertex 41.131 62.956 0
    endloop
  endfacet
  facet normal 0 0 0
    outer loop
      vertex 41.177 62.407 0.61
      vertex 41.33 62.428 0.707
      vertex 41.368 62.352 0.945
    endloop
  endfacet
  facet normal 0 0 0
    outer loop
      vertex 41.463 62.594 0.913
      vertex 41.368 62.352 0.945
      vertex 41.33 62.428 0.707
    endloop
  endfacet
  facet normal 0 0 0
    outer loop
      vertex 41.463 62.594 0.913
      vertex 41.33 62.428 0.707
      vertex 41.422 62.612 0.63
    endloop
  endfacet
  facet normal 0 0 0
    outer loop
      vertex 41.422 62.612 0.63
      vertex 41.33 62.428 0.707
      vertex 41.177 62.407 0.61
    endloop
  endfacet
  facet normal 0 0 0
    outer loop
      vertex 57.655 32.322 2.314
      vertex 58.911 33.394 2.895
      vertex 58.373 32.991 2.791
    endloop
  endfacet
  facet normal 0 0 0
    outer loop
      vertex 41.422 62.612 0.63
      vertex 41.177 62.407 0.61
      vertex 41.412 62.734 0.428
    endloop
  endfacet
  facet normal 0 0 0
    outer loop
      vertex 58.373 32.991 2.791
      vertex 57.924 32.915 2.895
      vertex 57.655 32.322 2.314
    endloop
  endfacet
  facet normal 0 0 0
    outer loop
      vertex 41.268 62.639 0.345
      vertex 41.177 62.407 0.61
      vertex 41.134 62.595 0.336
    endloop
  endfacet
  facet normal 0 0 0
    outer loop
      vertex 58.911 33.394 2.895
      vertex 58.238 33.532 3.244
      vertex 58.373 32.991 2.791
    endloop
  endfacet
  facet normal 0 0 0
    outer loop
      vertex 40.298 62.465 0.507
      vertex 40.316 62.82 0.107
      vertex 41.177 62.407 0.61
    endloop
  endfacet
  facet normal 0 0 0
    outer loop
      vertex 41.134 62.595 0.336
      vertex 41.177 62.407 0.61
      vertex 40.316 62.82 0.107
    endloop
  endfacet
  facet normal 0 0 0
    outer loop
      vertex 58.373 32.991 2.791
      vertex 58.238 33.532 3.244
      vertex 57.924 32.915 2.895
    endloop
  endfacet
  facet normal 0 0 0
    outer loop
      vertex 40.298 62.465 0.507
      vertex 41.177 62.407 0.61
      vertex 41.134 62.243 0.924
    endloop
  endfacet
  facet normal 0 0 0
    outer loop
      vertex 57.924 32.915 2.895
      vertex 58.238 33.532 3.244
      vertex 57.659 33.59 3.416
    endloop
  endfacet
  facet normal 0 0 0
    outer loop
      vertex 57.659 33.59 3.416
      vertex 57.442 32.98 3.093
      vertex 57.924 32.915 2.895
    endloop
  endfacet
  facet normal 0 0 0
    outer loop
      vertex 41.134 62.243 0.924
      vertex 41.177 62.407 0.61
      vertex 41.368 62.352 0.945
    endloop
  endfacet
  facet normal 0 0 0
    outer loop
      vertex 57.442 32.98 3.093
      vertex 57.659 33.59 3.416
      vertex 56.907 33.346 3.416
    endloop
  endfacet
  facet normal 0 0 0
    outer loop
      vertex 41.134 62.243 0.924
      vertex 41.368 62.352 0.945
      vertex 41.43 62.315 1.468
    endloop
  endfacet
  facet normal 0 0 0
    outer loop
      vertex 41.43 62.315 1.468
      vertex 41.253 62.124 1.743
      vertex 41.134 62.243 0.924
    endloop
  endfacet
  facet normal 0 0 0
    outer loop
      vertex 57.442 32.98 3.093
      vertex 57.655 32.322 2.314
      vertex 57.924 32.915 2.895
    endloop
  endfacet
  facet normal 0 0 0
    outer loop
      vertex 41.368 62.352 0.945
      vertex 41.463 62.594 0.913
      vertex 41.43 62.315 1.468
    endloop
  endfacet
  facet normal 0 0 0
    outer loop
      vertex 41.253 62.124 1.743
      vertex 41.134 62.097 1.593
      vertex 41.134 62.243 0.924
    endloop
  endfacet
  facet normal 0 0 0
    outer loop
      vertex 40.298 62.108 1.464
      vertex 40.298 62.174 1.127
      vertex 41.134 62.243 0.924
    endloop
  endfacet
  facet normal 0 0 0
    outer loop
      vertex 41.134 62.097 1.593
      vertex 40.298 62.108 1.464
      vertex 41.134 62.243 0.924
    endloop
  endfacet
  facet normal 0 0 0
    outer loop
      vertex 58.911 33.394 2.895
      vertex 60.119 33.997 2.676
      vertex 59.2 34.128 3.267
    endloop
  endfacet
  facet normal 0 0 0
    outer loop
      vertex 62.813 57.092 0
      vertex 62.988 58.75 0
      vertex 63.302 57.037 0.5
    endloop
  endfacet
  facet normal 0 0 0
    outer loop
      vertex 58.911 33.394 2.895
      vertex 59.103 33.062 2.438
      vertex 59.932 33.499 2.276
    endloop
  endfacet
  facet normal 0 0 0
    outer loop
      vertex 58.911 33.394 2.895
      vertex 59.932 33.499 2.276
      vertex 60.119 33.997 2.676
    endloop
  endfacet
  facet normal 0 0 0
    outer loop
      vertex 63.49 58.812 0.825
      vertex 63.438 57.827 0.825
      vertex 63.48 58.38 0.5
    endloop
  endfacet
  facet normal 0 0 0
    outer loop
      vertex 63.438 57.827 0.825
      vertex 63.429 58.75 1.344
      vertex 63.385 58.262 1.49
    endloop
  endfacet
  facet normal 0 0 0
    outer loop
      vertex 59.932 33.499 2.276
      vertex 60.516 33.893 2.183
      vertex 60.119 33.997 2.676
    endloop
  endfacet
  facet normal 0 0 0
    outer loop
      vertex 63.438 57.827 0.825
      vertex 63.49 58.812 0.825
      vertex 63.429 58.75 1.344
    endloop
  endfacet
  facet normal 0 0 0
    outer loop
      vertex 60.516 33.893 2.183
      vertex 60.602 35.067 3.093
      vertex 60.119 33.997 2.676
    endloop
  endfacet
  facet normal 0 0 0
    outer loop
      vertex 62.988 58.75 0
      vertex 63.484 59.12 0.5
      vertex 63.48 58.38 0.5
    endloop
  endfacet
  facet normal 0 0 0
    outer loop
      vertex 60.159 34.607 3.093
      vertex 59.2 34.128 3.267
      vertex 60.119 33.997 2.676
    endloop
  endfacet
  facet normal 0 0 0
    outer loop
      vertex 60.119 33.997 2.676
      vertex 60.602 35.067 3.093
      vertex 60.159 34.607 3.093
    endloop
  endfacet
  facet normal 0 0 0
    outer loop
      vertex 60.159 34.607 3.093
      vertex 60.602 35.067 3.093
      vertex 60.516 35.797 3.423
    endloop
  endfacet
  facet normal 0 0 0
    outer loop
      vertex 40.106 59.313 1.99
      vertex 40.179 59.26 2.407
      vertex 40.298 59.381 2.064
    endloop
  endfacet
  facet normal 0 0 0
    outer loop
      vertex 40.106 59.313 1.99
      vertex 40.298 59.381 2.064
      vertex 40.117 59.329 1.41
    endloop
  endfacet
  facet normal 0 0 0
    outer loop
      vertex 40.298 59.381 2.064
      vertex 40.307 59.388 1.37
      vertex 40.117 59.329 1.41
    endloop
  endfacet
  facet normal 0 0 0
    outer loop
      vertex 51.025 56.675 3.75
      vertex 51.305 56.19 3.75
      vertex 50.918 56.934 2
    endloop
  endfacet
  facet normal 0 0 0
    outer loop
      vertex 40.125 59.214 0.987
      vertex 40.117 59.329 1.41
      vertex 40.307 59.388 1.37
    endloop
  endfacet
  facet normal 0 0 0
    outer loop
      vertex 51.025 56.675 3.75
      vertex 50.918 56.934 2
      vertex 50.702 57.55 3.75
    endloop
  endfacet
  facet normal 0 0 0
    outer loop
      vertex 35.299 58.404 0.273
      vertex 38.133 58.464 0.331
      vertex 39.968 58.483 0.355
    endloop
  endfacet
  facet normal 0 0 0
    outer loop
      vertex 48.829 55.174 2.895
      vertex 49.055 54.797 2.895
      vertex 49.463 55.528 3.416
    endloop
  endfacet
  facet normal 0 0 0
    outer loop
      vertex 40.021 59.089 0.929
      vertex 39.966 58.85 0.93
      vertex 39.966 58.948 1.23
    endloop
  endfacet
  facet normal 0 0 0
    outer loop
      vertex 49.666 55.188 3.416
      vertex 49.511 56.201 3.566
      vertex 49.463 55.528 3.416
    endloop
  endfacet
  facet normal 0 0 0
    outer loop
      vertex 49.68 57.215 3.701
      vertex 51.016 55.301 3.738
      vertex 49.827 58.109 3.738
    endloop
  endfacet
  facet normal 0 0 0
    outer loop
      vertex 50.702 57.55 3.75
      vertex 51.016 55.301 3.738
      vertex 51.025 56.675 3.75
    endloop
  endfacet
  facet normal 0 0 0
    outer loop
      vertex 49.511 56.201 3.566
      vertex 51.016 55.301 3.738
      vertex 49.636 56.648 3.655
    endloop
  endfacet
  facet normal 0 0 0
    outer loop
      vertex 51.016 55.301 3.738
      vertex 49.68 57.215 3.701
      vertex 49.636 56.648 3.655
    endloop
  endfacet
  facet normal 0 0 0
    outer loop
      vertex 13.583 50.801 2.174
      vertex 13.583 51.501 2.174
      vertex 13.33 50.801 2.829
    endloop
  endfacet
  facet normal 0 0 0
    outer loop
      vertex 40.307 59.388 1.37
      vertex 41.134 59.323 1.087
      vertex 40.307 59.172 0.72
    endloop
  endfacet
  facet normal 0 0 0
    outer loop
      vertex 39.966 58.948 1.23
      vertex 40.01 59.222 1.583
      vertex 40.021 59.089 0.929
    endloop
  endfacet
  facet normal 0 0 0
    outer loop
      vertex 12.758 52.002 2.8
      vertex 11.752 51.501 3.3
      vertex 12.989 51.501 3.3
    endloop
  endfacet
  facet normal 0 0 0
    outer loop
      vertex 11.752 51.501 3.3
      vertex 12.758 52.002 2.8
      vertex 11.752 52.002 2.8
    endloop
  endfacet
  facet normal 0 0 0
    outer loop
      vertex 12.989 51.501 3.3
      vertex 13.416 51.501 2.675
      vertex 12.758 52.002 2.8
    endloop
  endfacet
  facet normal 0 0 0
    outer loop
      vertex 40.01 59.222 1.583
      vertex 40.125 59.214 0.987
      vertex 40.021 59.089 0.929
    endloop
  endfacet
  facet normal 0 0 0
    outer loop
      vertex 13.583 51.501 2.174
      vertex 13.583 50.801 2.174
      vertex 13.643 51.501 1.532
    endloop
  endfacet
  facet normal 0 0 0
    outer loop
      vertex 40.01 59.222 1.583
      vertex 40.117 59.329 1.41
      vertex 40.125 59.214 0.987
    endloop
  endfacet
  facet normal 0 0 0
    outer loop
      vertex 40.125 59.214 0.987
      vertex 40.298 58.942 0.37
      vertex 40.021 59.089 0.929
    endloop
  endfacet
  facet normal 0 0 0
    outer loop
      vertex 12.758 52 0.499
      vertex 11.752 51.501 0
      vertex 11.752 52.002 0.5
    endloop
  endfacet
  facet normal 0 0 0
    outer loop
      vertex 40.125 59.214 0.987
      vertex 40.307 59.388 1.37
      vertex 40.307 59.172 0.72
    endloop
  endfacet
  facet normal 0 0 0
    outer loop
      vertex 11.752 51.501 0
      vertex 12.758 52 0.499
      vertex 12.989 51.501 0
    endloop
  endfacet
  facet normal 0 0 0
    outer loop
      vertex 13.135 52.002 1.743
      vertex 12.758 52.002 2.8
      vertex 13.416 51.501 2.675
    endloop
  endfacet
  facet normal 0 0 0
    outer loop
      vertex 40.298 58.942 0.37
      vertex 41.134 58.914 0.337
      vertex 40.29 58.773 0.189
    endloop
  endfacet
  facet normal 0 0 0
    outer loop
      vertex 40.298 58.942 0.37
      vertex 40.307 59.172 0.72
      vertex 41.134 58.914 0.337
    endloop
  endfacet
  facet normal 0 0 0
    outer loop
      vertex 40.298 58.942 0.37
      vertex 40.125 59.214 0.987
      vertex 40.307 59.172 0.72
    endloop
  endfacet
  facet normal 0 0 0
    outer loop
      vertex 13.52 51.501 0.9
      vertex 13.089 52.002 1.189
      vertex 13.135 52.002 1.743
    endloop
  endfacet
  facet normal 0 0 0
    outer loop
      vertex 13.089 52.002 1.189
      vertex 13.52 51.501 0.9
      vertex 13.366 51.501 0.519
    endloop
  endfacet
  facet normal 0 0 0
    outer loop
      vertex 13.52 51.501 0.9
      vertex 13.135 52.002 1.743
      vertex 13.643 51.501 1.532
    endloop
  endfacet
  facet normal 0 0 0
    outer loop
      vertex 11.752 52.002 2.8
      vertex 13.089 52.002 1.189
      vertex 12.758 52 0.499
    endloop
  endfacet
  facet normal 0 0 0
    outer loop
      vertex 13.089 52.002 1.189
      vertex 13.366 51.501 0.519
      vertex 12.758 52 0.499
    endloop
  endfacet
  facet normal 0 0 0
    outer loop
      vertex 12.758 52 0.499
      vertex 11.752 52.002 0.5
      vertex 11.752 52.002 2.8
    endloop
  endfacet
  facet normal 0 0 0
    outer loop
      vertex 13.643 51.501 1.532
      vertex 13.135 52.002 1.743
      vertex 13.583 51.501 2.174
    endloop
  endfacet
  facet normal 0 0 0
    outer loop
      vertex 40.734 58.736 0.152
      vertex 40.276 58.551 0.001
      vertex 40.29 58.773 0.189
    endloop
  endfacet
  facet normal 0 0 0
    outer loop
      vertex 13.135 52.002 1.743
      vertex 13.416 51.501 2.675
      vertex 13.583 51.501 2.174
    endloop
  endfacet
  facet normal 0 0 0
    outer loop
      vertex 40.084 58.398 0.001
      vertex 40.117 58.796 0.299
      vertex 40.276 58.551 0.001
    endloop
  endfacet
  facet normal 0 0 0
    outer loop
      vertex 13.366 51.501 0.519
      vertex 12.989 51.501 0
      vertex 12.758 52 0.499
    endloop
  endfacet
  facet normal 0 0 0
    outer loop
      vertex 39.966 58.85 0.93
      vertex 40.021 59.089 0.929
      vertex 40.021 58.826 0.489
    endloop
  endfacet
  facet normal 0 0 0
    outer loop
      vertex 12.989 51.501 0
      vertex 13.366 51.501 0.519
      vertex 13.416 50.801 0.625
    endloop
  endfacet
  facet normal 0 0 0
    outer loop
      vertex 13.416 50.801 0.625
      vertex 13.366 51.501 0.519
      vertex 13.52 51.501 0.9
    endloop
  endfacet
  facet normal 0 0 0
    outer loop
      vertex 12.989 50.801 0
      vertex 12.989 51.501 0
      vertex 13.416 50.801 0.625
    endloop
  endfacet
  facet normal 0 0 0
    outer loop
      vertex 40.021 58.826 0.489
      vertex 39.966 58.602 0.495
      vertex 39.966 58.85 0.93
    endloop
  endfacet
  facet normal 0 0 0
    outer loop
      vertex 40.117 58.796 0.299
      vertex 40.084 58.398 0.001
      vertex 39.981 58.06 0.001
    endloop
  endfacet
  facet normal 0 0 0
    outer loop
      vertex 40.021 58.826 0.489
      vertex 40.117 58.796 0.299
      vertex 39.966 58.602 0.495
    endloop
  endfacet
  facet normal 0 0 0
    outer loop
      vertex 13.116 50.801 1.904
      vertex 13.583 50.801 2.174
      vertex 12.965 50.801 2.461
    endloop
  endfacet
  facet normal 0 0 0
    outer loop
      vertex 13.09 50.801 1.189
      vertex 13.416 50.801 0.625
      vertex 13.643 50.801 1.532
    endloop
  endfacet
  facet normal 0 0 0
    outer loop
      vertex 13.416 50.801 0.625
      vertex 12.648 50.801 0.382
      vertex 12.989 50.801 0
    endloop
  endfacet
  facet normal 0 0 0
    outer loop
      vertex 13.116 50.801 1.904
      vertex 13.643 50.801 1.532
      vertex 13.583 50.801 2.174
    endloop
  endfacet
  facet normal 0 0 0
    outer loop
      vertex 12.648 50.801 0.382
      vertex 13.416 50.801 0.625
      vertex 13.09 50.801 1.189
    endloop
  endfacet
  facet normal 0 0 0
    outer loop
      vertex 12.989 50.801 0
      vertex 12.648 50.801 0.382
      vertex 12.187 50.801 0
    endloop
  endfacet
  facet normal 0 0 0
    outer loop
      vertex 13.643 50.801 1.532
      vertex 13.116 50.801 1.904
      vertex 13.09 50.801 1.189
    endloop
  endfacet
  facet normal 0 0 0
    outer loop
      vertex 13.643 50.801 1.532
      vertex 13.643 51.501 1.532
      vertex 13.583 50.801 2.174
    endloop
  endfacet
  facet normal 0 0 0
    outer loop
      vertex 13.643 50.801 1.532
      vertex 13.52 51.501 0.9
      vertex 13.643 51.501 1.532
    endloop
  endfacet
  facet normal 0 0 0
    outer loop
      vertex 13.52 51.501 0.9
      vertex 13.643 50.801 1.532
      vertex 13.416 50.801 0.625
    endloop
  endfacet
  facet normal 0 0 0
    outer loop
      vertex 10.311 50.801 3.3
      vertex 9.905 41.501 2.994
      vertex 10.311 41.501 3.3
    endloop
  endfacet
  facet normal 0 0 0
    outer loop
      vertex 11.752 44.098 3.3
      vertex 11.752 52.002 0.5
      vertex 11.752 51.501 0
    endloop
  endfacet
  facet normal 0 0 0
    outer loop
      vertex 39.968 58.483 0.355
      vertex 39.966 58.602 0.495
      vertex 40.117 58.796 0.299
    endloop
  endfacet
  facet normal 0 0 0
    outer loop
      vertex 12.187 50.801 3.3
      vertex 12.187 41.501 3.3
      vertex 12.523 41.501 3.056
    endloop
  endfacet
  facet normal 0 0 0
    outer loop
      vertex 40.021 58.826 0.489
      vertex 40.021 59.089 0.929
      vertex 40.298 58.942 0.37
    endloop
  endfacet
  facet normal 0 0 0
    outer loop
      vertex 40.021 58.826 0.489
      vertex 40.298 58.942 0.37
      vertex 40.117 58.796 0.299
    endloop
  endfacet
  facet normal 0 0 0
    outer loop
      vertex 10.746 44.098 3.3
      vertex 10.746 44.098 0
      vertex 10.746 51.501 0
    endloop
  endfacet
  facet normal 0 0 0
    outer loop
      vertex 40.298 58.942 0.37
      vertex 40.29 58.773 0.189
      vertex 40.117 58.796 0.299
    endloop
  endfacet
  facet normal 0 0 0
    outer loop
      vertex 40.29 58.773 0.189
      vertex 40.276 58.551 0.001
      vertex 40.117 58.796 0.299
    endloop
  endfacet
  facet normal 0 0 0
    outer loop
      vertex 9.725 41.501 0.52
      vertex 9.408 41.501 1.189
      vertex 9.471 50.801 1.014
    endloop
  endfacet
  facet normal 0 0 0
    outer loop
      vertex 38.133 58.464 0.331
      vertex 39.966 58.602 0.495
      vertex 39.968 58.483 0.355
    endloop
  endfacet
  facet normal 0 0 0
    outer loop
      vertex 9.725 50.801 0.52
      vertex 10.311 41.501 0
      vertex 9.725 41.501 0.52
    endloop
  endfacet
  facet normal 0 0 0
    outer loop
      vertex 10.311 41.501 0
      vertex 9.725 50.801 0.52
      vertex 10.311 50.801 0
    endloop
  endfacet
  facet normal 0 0 0
    outer loop
      vertex 9.356 41.501 1.603
      vertex 9.408 50.801 2.111
      vertex 9.356 50.801 1.697
    endloop
  endfacet
  facet normal 0 0 0
    outer loop
      vertex 9.408 50.801 2.111
      vertex 9.356 41.501 1.603
      vertex 9.408 41.501 2.111
    endloop
  endfacet
  facet normal 0 0 0
    outer loop
      vertex 9.408 41.501 1.189
      vertex 9.356 41.501 1.603
      vertex 9.356 50.801 1.697
    endloop
  endfacet
  facet normal 0 0 0
    outer loop
      vertex 9.905 41.501 2.994
      vertex 9.905 50.801 2.994
      vertex 9.725 41.501 2.78
    endloop
  endfacet
  facet normal 0 0 0
    outer loop
      vertex 41.253 58.635 0.102
      vertex 40.734 58.736 0.152
      vertex 41.221 58.771 0.205
    endloop
  endfacet
  facet normal 0 0 0
    outer loop
      vertex 9.725 41.501 0.52
      vertex 9.471 50.801 1.014
      vertex 9.725 50.801 0.52
    endloop
  endfacet
  facet normal 0 0 0
    outer loop
      vertex 40.734 58.736 0.152
      vertex 41.134 58.914 0.337
      vertex 41.221 58.771 0.205
    endloop
  endfacet
  facet normal 0 0 0
    outer loop
      vertex 9.725 41.501 2.78
      vertex 9.408 50.801 2.111
      vertex 9.408 41.501 2.111
    endloop
  endfacet
  facet normal 0 0 0
    outer loop
      vertex 40.734 58.736 0.152
      vertex 40.29 58.773 0.189
      vertex 41.134 58.914 0.337
    endloop
  endfacet
  facet normal 0 0 0
    outer loop
      vertex 9.408 50.801 2.111
      vertex 9.725 41.501 2.78
      vertex 9.905 50.801 2.994
    endloop
  endfacet
  facet normal 0 0 0
    outer loop
      vertex 9.471 50.801 1.014
      vertex 9.408 41.501 1.189
      vertex 9.356 50.801 1.697
    endloop
  endfacet
  facet normal 0 0 0
    outer loop
      vertex 41.152 58.653 0.08
      vertex 41.116 58.69 0.109
      vertex 40.734 58.736 0.152
    endloop
  endfacet
  facet normal 0 0 0
    outer loop
      vertex 12.648 50.801 2.918
      vertex 12.187 50.801 3.3
      vertex 12.523 41.501 3.056
    endloop
  endfacet
  facet normal 0 0 0
    outer loop
      vertex 41.152 58.653 0.08
      vertex 40.734 58.736 0.152
      vertex 41.253 58.635 0.102
    endloop
  endfacet
  facet normal 0 0 0
    outer loop
      vertex 13.116 50.801 1.904
      vertex 12.965 50.801 2.461
      vertex 13.09 41.501 2.111
    endloop
  endfacet
  facet normal 0 0 0
    outer loop
      vertex 12.965 50.801 2.461
      vertex 12.648 50.801 2.918
      vertex 12.965 41.501 2.461
    endloop
  endfacet
  facet normal 0 0 0
    outer loop
      vertex 40.276 58.551 0.001
      vertex 41.152 58.653 0.08
      vertex 41.131 58.555 0.001
    endloop
  endfacet
  facet normal 0 0 0
    outer loop
      vertex 12.965 41.501 2.461
      vertex 12.648 50.801 2.918
      vertex 12.523 41.501 3.056
    endloop
  endfacet
  facet normal 0 0 0
    outer loop
      vertex 40.734 58.736 0.152
      vertex 41.116 58.69 0.109
      vertex 40.276 58.551 0.001
    endloop
  endfacet
  facet normal 0 0 0
    outer loop
      vertex 12.877 41.501 0.674
      vertex 13.09 50.801 1.189
      vertex 13.126 41.501 1.372
    endloop
  endfacet
  facet normal 0 0 0
    outer loop
      vertex 57.862 65.426 3.04
      vertex 58.49 65.76 2.438
      vertex 58.034 65.863 2.561
    endloop
  endfacet
  facet normal 0 0 0
    outer loop
      vertex 13.126 41.501 1.372
      vertex 13.116 50.801 1.904
      vertex 13.09 41.501 2.111
    endloop
  endfacet
  facet normal 0 0 0
    outer loop
      vertex 58.49 65.76 2.438
      vertex 57.862 65.426 3.04
      vertex 59.103 65.438 2.438
    endloop
  endfacet
  facet normal 0 0 0
    outer loop
      vertex 13.09 50.801 1.189
      vertex 12.877 41.501 0.674
      vertex 12.648 50.801 0.382
    endloop
  endfacet
  facet normal 0 0 0
    outer loop
      vertex 12.877 41.501 0.674
      vertex 12.555 41.501 0.278
      vertex 12.648 50.801 0.382
    endloop
  endfacet
  facet normal 0 0 0
    outer loop
      vertex 13.116 50.801 1.904
      vertex 13.126 41.501 1.372
      vertex 13.09 50.801 1.189
    endloop
  endfacet
  facet normal 0 0 0
    outer loop
      vertex 57.442 65.52 3.093
      vertex 57.574 65.926 2.676
      vertex 57.089 65.856 2.895
    endloop
  endfacet
  facet normal 0 0 0
    outer loop
      vertex 12.187 41.501 0
      vertex 12.187 50.801 0
      vertex 12.648 50.801 0.382
    endloop
  endfacet
  facet normal 0 0 0
    outer loop
      vertex 12.648 50.801 0.382
      vertex 12.555 41.501 0.278
      vertex 12.187 41.501 0
    endloop
  endfacet
  facet normal 0 0 0
    outer loop
      vertex 19.313 42.514 3.3
      vertex 20.754 59.811 3.3
      vertex 19.648 59.811 3.3
    endloop
  endfacet
  facet normal 0 0 0
    outer loop
      vertex 56.255 66.227 2.676
      vertex 58.206 66.302 1.633
      vertex 57.257 66.503 1.914
    endloop
  endfacet
  facet normal 0 0 0
    outer loop
      vertex 23.5 28 0
      vertex 23.5 33.5 3.3
      vertex 23.5 28 3.3
    endloop
  endfacet
  facet normal 0 0 0
    outer loop
      vertex 23.5 28 3.3
      vertex 21 28 3.3
      vertex 21 28 0
    endloop
  endfacet
  facet normal 0 0 0
    outer loop
      vertex 23.5 28 0
      vertex 23.5 28 3.3
      vertex 21 28 0
    endloop
  endfacet
  facet normal 0 0 0
    outer loop
      vertex 58.206 66.302 1.633
      vertex 57.302 66.674 1.344
      vertex 57.257 66.503 1.914
    endloop
  endfacet
  facet normal 0 0 0
    outer loop
      vertex 57.574 65.926 2.676
      vertex 58.206 66.302 1.633
      vertex 56.255 66.227 2.676
    endloop
  endfacet
  facet normal 0 0 0
    outer loop
      vertex 21 32.049 0
      vertex 14.5 29.95 0
      vertex 14.5 31.55 0
    endloop
  endfacet
  facet normal 0 0 0
    outer loop
      vertex 58.609 66.019 1.914
      vertex 59.103 65.438 2.438
      vertex 59.246 65.685 1.914
    endloop
  endfacet
  facet normal 0 0 0
    outer loop
      vertex 14.5 29.95 0
      vertex 21 32.049 0
      vertex 21 29.451 0
    endloop
  endfacet
  facet normal 0 0 0
    outer loop
      vertex 59.103 65.438 2.438
      vertex 58.609 66.019 1.914
      vertex 58.49 65.76 2.438
    endloop
  endfacet
  facet normal 0 0 0
    outer loop
      vertex 21 32.049 0
      vertex 21 33.5 0
      vertex 23.5 33.5 0
    endloop
  endfacet
  facet normal 0 0 0
    outer loop
      vertex 23.5 28 0
      vertex 21 32.049 0
      vertex 23.5 33.5 0
    endloop
  endfacet
  facet normal 0 0 0
    outer loop
      vertex 58.596 66.283 0.5
      vertex 57.673 66.63 0.5
      vertex 57.302 66.674 1.344
    endloop
  endfacet
  facet normal 0 0 0
    outer loop
      vertex 21 29.451 0
      vertex 21 32.049 0
      vertex 23.5 28 0
    endloop
  endfacet
  facet normal 0 0 0
    outer loop
      vertex 21 28 0
      vertex 21 29.451 0
      vertex 23.5 28 0
    endloop
  endfacet
  facet normal 0 0 0
    outer loop
      vertex 21 33.5 0
      vertex 21 33.5 3.3
      vertex 23.5 33.5 3.3
    endloop
  endfacet
  facet normal 0 0 0
    outer loop
      vertex 23.5 33.5 0
      vertex 21 33.5 0
      vertex 23.5 33.5 3.3
    endloop
  endfacet
  facet normal 0 0 0
    outer loop
      vertex 14.5 31.55 3.3
      vertex 21 29.451 3.3
      vertex 21 32.049 3.3
    endloop
  endfacet
  facet normal 0 0 0
    outer loop
      vertex 51.323 44.374 3.634
      vertex 49.447 42.817 3.432
      vertex 50.476 42.999 3.701
    endloop
  endfacet
  facet normal 0 0 0
    outer loop
      vertex 50.658 40.769 2
      vertex 51.028 41.824 2
      vertex 50.946 41.656 3.75
    endloop
  endfacet
  facet normal 0 0 0
    outer loop
      vertex 50.658 40.769 3.75
      vertex 50.658 40.769 2
      vertex 50.946 41.656 3.75
    endloop
  endfacet
  facet normal 0 0 0
    outer loop
      vertex 21 29.451 3.3
      vertex 14.5 31.55 3.3
      vertex 14.5 29.95 3.3
    endloop
  endfacet
  facet normal 0 0 0
    outer loop
      vertex 51.362 42.385 3.75
      vertex 50.946 41.656 3.75
      vertex 51.028 41.824 2
    endloop
  endfacet
  facet normal 0 0 0
    outer loop
      vertex 48.506 42.051 3.093
      vertex 49.059 41.163 3.539
      vertex 49.447 42.817 3.432
    endloop
  endfacet
  facet normal 0 0 0
    outer loop
      vertex 21 32.049 3.3
      vertex 23.5 33.5 3.3
      vertex 21 33.5 3.3
    endloop
  endfacet
  facet normal 0 0 0
    outer loop
      vertex 49.059 41.163 3.539
      vertex 49.506 41.709 3.634
      vertex 49.447 42.817 3.432
    endloop
  endfacet
  facet normal 0 0 0
    outer loop
      vertex 21 29.451 3.3
      vertex 23.5 28 3.3
      vertex 23.5 33.5 3.3
    endloop
  endfacet
  facet normal 0 0 0
    outer loop
      vertex 21 29.451 3.3
      vertex 23.5 33.5 3.3
      vertex 21 32.049 3.3
    endloop
  endfacet
  facet normal 0 0 0
    outer loop
      vertex 23.5 28 3.3
      vertex 21 29.451 3.3
      vertex 21 28 3.3
    endloop
  endfacet
  facet normal 0 0 0
    outer loop
      vertex 49.827 39.109 3.738
      vertex 49.598 40.95 3.701
      vertex 49.059 41.163 3.539
    endloop
  endfacet
  facet normal 0 0 0
    outer loop
      vertex 49.598 40.95 3.701
      vertex 49.506 41.709 3.634
      vertex 49.059 41.163 3.539
    endloop
  endfacet
  facet normal 0 0 0
    outer loop
      vertex 49.598 40.95 3.701
      vertex 49.905 42.124 3.688
      vertex 49.506 41.709 3.634
    endloop
  endfacet
  facet normal 0 0 0
    outer loop
      vertex 48.506 42.051 3.093
      vertex 49.447 42.817 3.432
      vertex 48.88 42.357 3.267
    endloop
  endfacet
  facet normal 0 0 0
    outer loop
      vertex 48.829 42.838 3.093
      vertex 48.88 42.357 3.267
      vertex 49.447 42.817 3.432
    endloop
  endfacet
  facet normal 0 0 0
    outer loop
      vertex 52.96 41.978 0
      vertex 53.773 42.011 0.5
      vertex 53.335 41.657 0.5
    endloop
  endfacet
  facet normal 0 0 0
    outer loop
      vertex 52.96 41.978 0
      vertex 53.335 41.657 0.5
      vertex 52.981 41.219 0.5
    endloop
  endfacet
  facet normal 0 0 0
    outer loop
      vertex 52.325 41.021 0
      vertex 52.96 41.978 0
      vertex 52.981 41.219 0.5
    endloop
  endfacet
  facet normal 0 0 0
    outer loop
      vertex 52.325 41.021 0
      vertex 52.981 41.219 0.5
      vertex 52.725 40.716 0.5
    endloop
  endfacet
  facet normal 0 0 0
    outer loop
      vertex 52.725 40.716 0.5
      vertex 52.981 41.219 0.5
      vertex 52.725 40.716 2
    endloop
  endfacet
  facet normal 0 0 0
    outer loop
      vertex 52.325 41.021 0
      vertex 52.725 40.716 0.5
      vertex 52.579 40.172 0.5
    endloop
  endfacet
  facet normal 0 0 0
    outer loop
      vertex 52.067 40.058 0
      vertex 52.325 41.021 0
      vertex 52.579 40.172 0.5
    endloop
  endfacet
  facet normal 0 0 0
    outer loop
      vertex 52.725 40.716 2
      vertex 52.981 41.219 0.5
      vertex 52.981 41.219 2
    endloop
  endfacet
  facet normal 0 0 0
    outer loop
      vertex 53.773 42.011 0.5
      vertex 52.96 41.978 0
      vertex 53.764 42.567 0
    endloop
  endfacet
  facet normal 0 0 0
    outer loop
      vertex 52.981 41.219 2
      vertex 51.302 42.312 2
      vertex 51.028 41.824 2
    endloop
  endfacet
  facet normal 0 0 0
    outer loop
      vertex 51.028 41.824 2
      vertex 52.725 40.716 2
      vertex 52.981 41.219 2
    endloop
  endfacet
  facet normal 0 0 0
    outer loop
      vertex 52.981 41.219 2
      vertex 51.758 42.904 2
      vertex 51.302 42.312 2
    endloop
  endfacet
  facet normal 0 0 0
    outer loop
      vertex 51.758 42.904 2
      vertex 52.981 41.219 2
      vertex 53.335 41.657 2
    endloop
  endfacet
  facet normal 0 0 0
    outer loop
      vertex 52.981 41.219 0.5
      vertex 53.335 41.657 2
      vertex 52.981 41.219 2
    endloop
  endfacet
  facet normal 0 0 0
    outer loop
      vertex 52.981 41.219 0.5
      vertex 53.335 41.657 0.5
      vertex 53.335 41.657 2
    endloop
  endfacet
  facet normal 0 0 0
    outer loop
      vertex 14.5 29.95 3.3
      vertex 14.5 31.55 3.3
      vertex 14.5 31.55 0
    endloop
  endfacet
  facet normal 0 0 0
    outer loop
      vertex 51.758 42.904 2
      vertex 52.602 43.638 2
      vertex 52.451 43.527 3.75
    endloop
  endfacet
  facet normal 0 0 0
    outer loop
      vertex 51.758 42.904 2
      vertex 52.451 43.527 3.75
      vertex 51.758 42.904 3.75
    endloop
  endfacet
  facet normal 0 0 0
    outer loop
      vertex 51.362 42.385 3.75
      vertex 51.758 42.904 2
      vertex 51.758 42.904 3.75
    endloop
  endfacet
  facet normal 0 0 0
    outer loop
      vertex 51.302 42.312 2
      vertex 51.362 42.385 3.75
      vertex 51.028 41.824 2
    endloop
  endfacet
  facet normal 0 0 0
    outer loop
      vertex 51.758 42.904 2
      vertex 53.335 41.657 2
      vertex 52.602 43.638 2
    endloop
  endfacet
  facet normal 0 0 0
    outer loop
      vertex 51.362 42.385 3.75
      vertex 51.302 42.312 2
      vertex 51.758 42.904 2
    endloop
  endfacet
  facet normal 0 0 0
    outer loop
      vertex 53.951 47.525 2.183
      vertex 53.488 47.434 2.183
      vertex 53.542 47.2 2.561
    endloop
  endfacet
  facet normal 0 0 0
    outer loop
      vertex 58.683 66.178 1.344
      vertex 58.596 66.283 0.5
      vertex 57.302 66.674 1.344
    endloop
  endfacet
  facet normal 0 0 0
    outer loop
      vertex 58.609 66.019 1.914
      vertex 59.246 65.685 1.914
      vertex 58.683 66.178 1.344
    endloop
  endfacet
  facet normal 0 0 0
    outer loop
      vertex 58.206 66.302 1.633
      vertex 58.609 66.019 1.914
      vertex 58.683 66.178 1.344
    endloop
  endfacet
  facet normal 0 0 0
    outer loop
      vertex 58.683 66.178 1.344
      vertex 57.302 66.674 1.344
      vertex 58.206 66.302 1.633
    endloop
  endfacet
  facet normal 0 0 0
    outer loop
      vertex 57.574 65.926 2.676
      vertex 58.034 65.863 2.561
      vertex 58.206 66.302 1.633
    endloop
  endfacet
  facet normal 0 0 0
    outer loop
      vertex 58.49 65.76 2.438
      vertex 58.609 66.019 1.914
      vertex 58.206 66.302 1.633
    endloop
  endfacet
  facet normal 0 0 0
    outer loop
      vertex 58.034 65.863 2.561
      vertex 58.49 65.76 2.438
      vertex 58.206 66.302 1.633
    endloop
  endfacet
  facet normal 0 0 0
    outer loop
      vertex 59.143 65.999 1.048
      vertex 58.683 66.178 1.344
      vertex 59.246 65.685 1.914
    endloop
  endfacet
  facet normal 0 0 0
    outer loop
      vertex 59.954 65.445 1.344
      vertex 59.143 65.999 1.048
      vertex 59.246 65.685 1.914
    endloop
  endfacet
  facet normal 0 0 0
    outer loop
      vertex 59.246 65.685 1.914
      vertex 60.045 65.157 1.914
      vertex 59.954 65.445 1.344
    endloop
  endfacet
  facet normal 0 0 0
    outer loop
      vertex 59.143 65.999 1.048
      vertex 59.26 65.956 0.5
      vertex 58.596 66.283 0.5
    endloop
  endfacet
  facet normal 0 0 0
    outer loop
      vertex 59.143 65.999 1.048
      vertex 58.596 66.283 0.5
      vertex 58.683 66.178 1.344
    endloop
  endfacet
  facet normal 0 0 0
    outer loop
      vertex 14.5 29.95 0
      vertex 14.5 29.95 3.3
      vertex 14.5 31.55 0
    endloop
  endfacet
  facet normal 0 0 0
    outer loop
      vertex 9.5 29.208 0.229
      vertex 9.5 29.451 0
      vertex 21 29.451 0
    endloop
  endfacet
  facet normal 0 0 0
    outer loop
      vertex 57.673 66.63 0.5
      vertex 56.957 66.82 0.5
      vertex 57.302 66.674 1.344
    endloop
  endfacet
  facet normal 0 0 0
    outer loop
      vertex 56.957 66.82 0.5
      vertex 57.673 66.63 0.5
      vertex 57.014 66.284 0
    endloop
  endfacet
  facet normal 0 0 0
    outer loop
      vertex 58.908 65.578 0
      vertex 57.014 66.284 0
      vertex 57.673 66.63 0.5
    endloop
  endfacet
  facet normal 0 0 0
    outer loop
      vertex 51.016 55.301 3.738
      vertex 51.76 55.598 3.75
      vertex 51.305 56.19 3.75
    endloop
  endfacet
  facet normal 0 0 0
    outer loop
      vertex 57.673 66.63 0.5
      vertex 58.596 66.283 0.5
      vertex 58.908 65.578 0
    endloop
  endfacet
  facet normal 0 0 0
    outer loop
      vertex 58.596 66.283 0.5
      vertex 59.26 65.956 0.5
      vertex 58.908 65.578 0
    endloop
  endfacet
  facet normal 0 0 0
    outer loop
      vertex 50.918 56.934 2
      vertex 52.981 57.281 2
      vertex 52.725 57.784 2
    endloop
  endfacet
  facet normal 0 0 0
    outer loop
      vertex 59.246 65.685 1.914
      vertex 59.689 65.067 2.438
      vertex 60.045 65.157 1.914
    endloop
  endfacet
  facet normal 0 0 0
    outer loop
      vertex 59.246 65.685 1.914
      vertex 59.103 65.438 2.438
      vertex 59.689 65.067 2.438
    endloop
  endfacet
  facet normal 0 0 0
    outer loop
      vertex 50.621 57.914 2
      vertex 50.702 57.55 3.75
      vertex 50.918 56.934 2
    endloop
  endfacet
  facet normal 0 0 0
    outer loop
      vertex 51.016 55.301 3.738
      vertex 51.305 56.19 3.75
      vertex 51.025 56.675 3.75
    endloop
  endfacet
  facet normal 0 0 0
    outer loop
      vertex 59.954 65.445 1.344
      vertex 59.26 65.956 0.5
      vertex 59.143 65.999 1.048
    endloop
  endfacet
  facet normal 0 0 0
    outer loop
      vertex 60.091 65.424 0.5
      vertex 59.26 65.956 0.5
      vertex 59.954 65.445 1.344
    endloop
  endfacet
  facet normal 0 0 0
    outer loop
      vertex 60.806 64.145 0
      vertex 58.908 65.578 0
      vertex 59.26 65.956 0.5
    endloop
  endfacet
  facet normal 0 0 0
    outer loop
      vertex 60.091 65.424 0.5
      vertex 60.806 64.145 0
      vertex 59.26 65.956 0.5
    endloop
  endfacet
  facet normal 0 0 0
    outer loop
      vertex 51.76 55.598 3.75
      vertex 52.303 55.087 3.75
      vertex 51.76 55.598 2
    endloop
  endfacet
  facet normal 0 0 0
    outer loop
      vertex 50.918 56.934 2
      vertex 51.305 56.19 3.75
      vertex 51.305 56.19 2
    endloop
  endfacet
  facet normal 0 0 0
    outer loop
      vertex 51.305 56.19 2
      vertex 51.76 55.598 3.75
      vertex 51.76 55.598 2
    endloop
  endfacet
  facet normal 0 0 0
    outer loop
      vertex 51.76 55.598 3.75
      vertex 51.305 56.19 2
      vertex 51.305 56.19 3.75
    endloop
  endfacet
  facet normal 0 0 0
    outer loop
      vertex 52.158 55.204 2
      vertex 53.773 56.489 2
      vertex 53.335 56.843 2
    endloop
  endfacet
  facet normal 0 0 0
    outer loop
      vertex 52.981 57.281 2
      vertex 50.918 56.934 2
      vertex 51.305 56.19 2
    endloop
  endfacet
  facet normal 0 0 0
    outer loop
      vertex 50.918 56.934 2
      vertex 52.725 57.784 2
      vertex 50.621 57.914 2
    endloop
  endfacet
  facet normal 0 0 0
    outer loop
      vertex 52.981 57.281 0.5
      vertex 52.855 56.635 0
      vertex 52.349 57.406 0
    endloop
  endfacet
  facet normal 0 0 0
    outer loop
      vertex 48.919 63.226 0
      vertex 49.631 64.798 0.5
      vertex 49.517 63.969 0
    endloop
  endfacet
  facet normal 0 0 0
    outer loop
      vertex 52.725 57.784 0.5
      vertex 52.981 57.281 0.5
      vertex 52.349 57.406 0
    endloop
  endfacet
  facet normal 0 0 0
    outer loop
      vertex 49.631 64.798 0.5
      vertex 48.919 63.226 0
      vertex 48.641 63.699 0.5
    endloop
  endfacet
  facet normal 0 0 0
    outer loop
      vertex 52.981 57.281 0.5
      vertex 52.725 57.784 0.5
      vertex 52.981 57.281 2
    endloop
  endfacet
  facet normal 0 0 0
    outer loop
      vertex 49.219 64.339 1.122
      vertex 49.631 64.798 0.5
      vertex 48.895 63.968 1.197
    endloop
  endfacet
  facet normal 0 0 0
    outer loop
      vertex 51.062 53.666 3.433
      vertex 50.958 54.532 3.644
      vertex 50.234 54.632 3.485
    endloop
  endfacet
  facet normal 0 0 0
    outer loop
      vertex 49.631 64.798 0.5
      vertex 48.641 63.699 0.5
      vertex 48.895 63.968 1.197
    endloop
  endfacet
  facet normal 0 0 0
    outer loop
      vertex 50.247 64.643 2.438
      vertex 49.037 63.852 1.842
      vertex 49.275 63.657 2.438
    endloop
  endfacet
  facet normal 0 0 0
    outer loop
      vertex 49.037 63.852 1.842
      vertex 50.247 64.643 2.438
      vertex 49.327 64.238 1.776
    endloop
  endfacet
  facet normal 0 0 0
    outer loop
      vertex 49.219 64.339 1.122
      vertex 48.895 63.968 1.197
      vertex 49.037 63.852 1.842
    endloop
  endfacet
  facet normal 0 0 0
    outer loop
      vertex 49.327 64.238 1.776
      vertex 49.219 64.339 1.122
      vertex 49.037 63.852 1.842
    endloop
  endfacet
  facet normal 0 0 0
    outer loop
      vertex 49.055 54.797 2.895
      vertex 49.342 54.981 3.186
      vertex 49.463 55.528 3.416
    endloop
  endfacet
  facet normal 0 0 0
    outer loop
      vertex 49.68 54.709 3.267
      vertex 50.958 54.532 3.644
      vertex 49.666 55.188 3.416
    endloop
  endfacet
  facet normal 0 0 0
    outer loop
      vertex 49.055 54.797 2.895
      vertex 49.571 54.087 2.895
      vertex 49.68 54.709 3.267
    endloop
  endfacet
  facet normal 0 0 0
    outer loop
      vertex 49.342 54.981 3.186
      vertex 49.055 54.797 2.895
      vertex 49.68 54.709 3.267
    endloop
  endfacet
  facet normal 0 0 0
    outer loop
      vertex 48.829 61.838 3.093
      vertex 48.652 62.424 2.676
      vertex 48.012 61.463 2.438
    endloop
  endfacet
  facet normal 0 0 0
    outer loop
      vertex 49.68 54.709 3.267
      vertex 49.666 55.188 3.416
      vertex 49.342 54.981 3.186
    endloop
  endfacet
  facet normal 0 0 0
    outer loop
      vertex 48.829 61.838 3.093
      vertex 49.302 63.066 2.895
      vertex 48.652 62.424 2.676
    endloop
  endfacet
  facet normal 0 0 0
    outer loop
      vertex 49.666 55.188 3.416
      vertex 49.463 55.528 3.416
      vertex 49.342 54.981 3.186
    endloop
  endfacet
  facet normal 0 0 0
    outer loop
      vertex 51.016 55.301 3.738
      vertex 49.511 56.201 3.566
      vertex 50.958 54.532 3.644
    endloop
  endfacet
  facet normal 0 0 0
    outer loop
      vertex 49.511 56.201 3.566
      vertex 49.666 55.188 3.416
      vertex 50.958 54.532 3.644
    endloop
  endfacet
  facet normal 0 0 0
    outer loop
      vertex 50.958 54.532 3.644
      vertex 49.68 54.709 3.267
      vertex 50.234 54.632 3.485
    endloop
  endfacet
  facet normal 0 0 0
    outer loop
      vertex 48.194 62.68 1.776
      vertex 48.024 62.226 1.914
      vertex 48.652 62.424 2.676
    endloop
  endfacet
  facet normal 0 0 0
    outer loop
      vertex 48.652 62.424 2.676
      vertex 48.024 62.226 1.914
      vertex 48.012 61.463 2.438
    endloop
  endfacet
  facet normal 0 0 0
    outer loop
      vertex 49.037 63.852 1.842
      vertex 48.491 63.063 1.914
      vertex 48.992 63.291 2.438
    endloop
  endfacet
  facet normal 0 0 0
    outer loop
      vertex 50.958 54.532 3.644
      vertex 51.747 53.455 3.539
      vertex 52.063 53.934 3.701
    endloop
  endfacet
  facet normal 0 0 0
    outer loop
      vertex 48.652 62.424 2.676
      vertex 49.302 63.066 2.895
      vertex 48.992 63.291 2.438
    endloop
  endfacet
  facet normal 0 0 0
    outer loop
      vertex 48.506 61.051 3.093
      vertex 49.447 61.817 3.432
      vertex 48.88 61.357 3.267
    endloop
  endfacet
  facet normal 0 0 0
    outer loop
      vertex 49.465 53.389 2.183
      vertex 49.571 54.087 2.895
      vertex 48.862 54.4 2.438
    endloop
  endfacet
  facet normal 0 0 0
    outer loop
      vertex 49.302 63.066 2.895
      vertex 49.275 63.657 2.438
      vertex 48.992 63.291 2.438
    endloop
  endfacet
  facet normal 0 0 0
    outer loop
      vertex 48.829 61.838 3.093
      vertex 49.578 62.865 3.186
      vertex 49.302 63.066 2.895
    endloop
  endfacet
  facet normal 0 0 0
    outer loop
      vertex 48.992 63.291 2.438
      vertex 49.275 63.657 2.438
      vertex 49.037 63.852 1.842
    endloop
  endfacet
  facet normal 0 0 0
    outer loop
      vertex 47.667 61.855 1.344
      vertex 48.092 62.737 1.344
      vertex 47.656 61.992 0.5
    endloop
  endfacet
  facet normal 0 0 0
    outer loop
      vertex 49.571 54.087 2.895
      vertex 50.495 53.149 2.895
      vertex 49.68 54.709 3.267
    endloop
  endfacet
  facet normal 0 0 0
    outer loop
      vertex 50.495 53.149 2.895
      vertex 50.234 54.632 3.485
      vertex 49.68 54.709 3.267
    endloop
  endfacet
  facet normal 0 0 0
    outer loop
      vertex 48.092 62.737 1.344
      vertex 48.194 62.68 1.776
      vertex 48.491 63.063 1.914
    endloop
  endfacet
  facet normal 0 0 0
    outer loop
      vertex 48.491 63.063 1.914
      vertex 48.194 62.68 1.776
      vertex 48.652 62.424 2.676
    endloop
  endfacet
  facet normal 0 0 0
    outer loop
      vertex 48.652 62.424 2.676
      vertex 48.992 63.291 2.438
      vertex 48.491 63.063 1.914
    endloop
  endfacet
  facet normal 0 0 0
    outer loop
      vertex 50.028 53.296 2.676
      vertex 50.495 53.149 2.895
      vertex 49.571 54.087 2.895
    endloop
  endfacet
  facet normal 0 0 0
    outer loop
      vertex 49.571 54.087 2.895
      vertex 49.465 53.389 2.183
      vertex 50.028 53.296 2.676
    endloop
  endfacet
  facet normal 0 0 0
    outer loop
      vertex 48.024 62.226 1.914
      vertex 48.194 62.68 1.776
      vertex 48.092 62.737 1.344
    endloop
  endfacet
  facet normal 0 0 0
    outer loop
      vertex 48.092 62.737 1.344
      vertex 47.667 61.855 1.344
      vertex 48.024 62.226 1.914
    endloop
  endfacet
  facet normal 0 0 0
    outer loop
      vertex 40.276 58.551 0.001
      vertex 41.457 57.998 0.001
      vertex 40.084 58.398 0.001
    endloop
  endfacet
  facet normal 0 0 0
    outer loop
      vertex 35.966 57.513 0.001
      vertex 39.981 58.06 0.001
      vertex 41.466 57.513 0.001
    endloop
  endfacet
  facet normal 0 0 0
    outer loop
      vertex 39.981 58.06 0.001
      vertex 35.966 57.513 0.001
      vertex 31.966 58.06 0.001
    endloop
  endfacet
  facet normal 0 0 0
    outer loop
      vertex 39.981 58.06 0.001
      vertex 41.457 57.998 0.001
      vertex 41.466 57.513 0.001
    endloop
  endfacet
  facet normal 0 0 0
    outer loop
      vertex 39.981 58.06 0.001
      vertex 39.968 58.483 0.355
      vertex 40.117 58.796 0.299
    endloop
  endfacet
  facet normal 0 0 0
    outer loop
      vertex 31.966 58.06 0.001
      vertex 35.299 58.404 0.273
      vertex 39.981 58.06 0.001
    endloop
  endfacet
  facet normal 0 0 0
    outer loop
      vertex 22.029 65.814 2.286
      vertex 22.137 42.514 1.557
      vertex 22.144 65.814 1.697
    endloop
  endfacet
  facet normal 0 0 0
    outer loop
      vertex 60.602 35.067 3.093
      vertex 60.516 33.893 2.183
      vertex 60.806 34.269 2.314
    endloop
  endfacet
  facet normal 0 0 0
    outer loop
      vertex 60.806 34.269 2.314
      vertex 61.177 34.565 2.183
      vertex 60.602 35.067 3.093
    endloop
  endfacet
  facet normal 0 0 0
    outer loop
      vertex 18.41 42.514 1.189
      vertex 18.385 65.814 1.974
      vertex 18.473 65.814 1.014
    endloop
  endfacet
  facet normal 0 0 0
    outer loop
      vertex 61.427 35.799 2.895
      vertex 60.873 35.396 3.093
      vertex 61.177 34.565 2.183
    endloop
  endfacet
  facet normal 0 0 0
    outer loop
      vertex 61.177 34.565 2.183
      vertex 61.75 35.593 2.438
      vertex 61.427 35.799 2.895
    endloop
  endfacet
  facet normal 0 0 0
    outer loop
      vertex 60.873 35.396 3.093
      vertex 60.602 35.067 3.093
      vertex 61.177 34.565 2.183
    endloop
  endfacet
  facet normal 0 0 0
    outer loop
      vertex 21.189 42.514 0
      vertex 21.65 65.814 0.382
      vertex 21.557 42.514 0.278
    endloop
  endfacet
  facet normal 0 0 0
    outer loop
      vertex 58.894 34.562 3.539
      vertex 59.813 34.969 3.416
      vertex 58.702 35.135 3.701
    endloop
  endfacet
  facet normal 0 0 0
    outer loop
      vertex 60.516 35.797 3.423
      vertex 59.813 34.969 3.416
      vertex 60.159 34.607 3.093
    endloop
  endfacet
  facet normal 0 0 0
    outer loop
      vertex 18.41 42.514 1.189
      vertex 18.473 65.814 1.014
      vertex 18.671 42.514 0.594
    endloop
  endfacet
  facet normal 0 0 0
    outer loop
      vertex 22.137 42.514 1.557
      vertex 22.029 65.814 1.014
      vertex 22.144 65.814 1.697
    endloop
  endfacet
  facet normal 0 0 0
    outer loop
      vertex 22.029 65.814 2.286
      vertex 21.967 42.514 2.461
      vertex 22.092 42.514 2.111
    endloop
  endfacet
  facet normal 0 0 0
    outer loop
      vertex 22.092 42.514 2.111
      vertex 22.137 42.514 1.557
      vertex 22.029 65.814 2.286
    endloop
  endfacet
  facet normal 0 0 0
    outer loop
      vertex 59.932 33.499 2.276
      vertex 59.103 33.062 2.438
      vertex 59.453 32.935 1.914
    endloop
  endfacet
  facet normal 0 0 0
    outer loop
      vertex 18.727 65.814 0.52
      vertex 19.313 42.514 0
      vertex 18.977 42.514 0.244
    endloop
  endfacet
  facet normal 0 0 0
    outer loop
      vertex 60.516 33.893 2.183
      vertex 59.932 33.499 2.276
      vertex 60.671 33.721 1.633
    endloop
  endfacet
  facet normal 0 0 0
    outer loop
      vertex 59.932 33.499 2.276
      vertex 60.346 33.349 1.344
      vertex 60.671 33.721 1.633
    endloop
  endfacet
  facet normal 0 0 0
    outer loop
      vertex 18.907 42.514 2.994
      vertex 19.313 42.514 3.3
      vertex 18.907 65.814 2.994
    endloop
  endfacet
  facet normal 0 0 0
    outer loop
      vertex 18.385 65.814 1.974
      vertex 18.41 42.514 1.189
      vertex 18.358 42.514 1.603
    endloop
  endfacet
  facet normal 0 0 0
    outer loop
      vertex 58.683 32.322 1.344
      vertex 59.546 32.786 1.344
      vertex 58.609 32.481 1.914
    endloop
  endfacet
  facet normal 0 0 0
    outer loop
      vertex 60.516 33.893 2.183
      vertex 61.001 34.077 1.702
      vertex 60.806 34.269 2.314
    endloop
  endfacet
  facet normal 0 0 0
    outer loop
      vertex 18.907 65.814 2.994
      vertex 18.385 65.814 1.974
      vertex 18.727 42.514 2.78
    endloop
  endfacet
  facet normal 0 0 0
    outer loop
      vertex 18.907 65.814 2.994
      vertex 18.727 42.514 2.78
      vertex 18.907 42.514 2.994
    endloop
  endfacet
  facet normal 0 0 0
    outer loop
      vertex 60.806 34.269 2.314
      vertex 61.001 34.077 1.702
      vertex 61.177 34.565 2.183
    endloop
  endfacet
  facet normal 0 0 0
    outer loop
      vertex 18.385 65.814 1.974
      vertex 18.358 42.514 1.603
      vertex 18.41 42.514 2.111
    endloop
  endfacet
  facet normal 0 0 0
    outer loop
      vertex 61.001 34.077 1.702
      vertex 61.407 34.364 1.344
      vertex 61.177 34.565 2.183
    endloop
  endfacet
  facet normal 0 0 0
    outer loop
      vertex 22.137 42.514 1.557
      vertex 22.038 42.514 1.011
      vertex 22.029 65.814 1.014
    endloop
  endfacet
  facet normal 0 0 0
    outer loop
      vertex 60.671 33.721 1.633
      vertex 61.001 34.077 1.702
      vertex 60.516 33.893 2.183
    endloop
  endfacet
  facet normal 0 0 0
    outer loop
      vertex 21.967 42.514 2.461
      vertex 22.029 65.814 2.286
      vertex 21.65 65.814 2.918
    endloop
  endfacet
  facet normal 0 0 0
    outer loop
      vertex 60.94 33.813 1.03
      vertex 61.407 34.364 1.344
      vertex 61.001 34.077 1.702
    endloop
  endfacet
  facet normal 0 0 0
    outer loop
      vertex 60.671 33.721 1.633
      vertex 60.94 33.813 1.03
      vertex 61.001 34.077 1.702
    endloop
  endfacet
  facet normal 0 0 0
    outer loop
      vertex 21.879 42.514 0.674
      vertex 22.029 65.814 1.014
      vertex 22.038 42.514 1.011
    endloop
  endfacet
  facet normal 0 0 0
    outer loop
      vertex 18.727 42.514 2.78
      vertex 18.385 65.814 1.974
      vertex 18.41 42.514 2.111
    endloop
  endfacet
  facet normal 0 0 0
    outer loop
      vertex 21.65 65.814 2.918
      vertex 21.525 42.514 3.056
      vertex 21.967 42.514 2.461
    endloop
  endfacet
  facet normal 0 0 0
    outer loop
      vertex 59.546 32.786 1.344
      vertex 58.683 32.322 1.344
      vertex 59.473 32.668 0.5
    endloop
  endfacet
  facet normal 0 0 0
    outer loop
      vertex 59.473 32.668 0.5
      vertex 60.346 33.349 1.344
      vertex 59.546 32.786 1.344
    endloop
  endfacet
  facet normal 0 0 0
    outer loop
      vertex 18.671 42.514 0.594
      vertex 18.727 65.814 0.52
      vertex 18.977 42.514 0.244
    endloop
  endfacet
  facet normal 0 0 0
    outer loop
      vertex 60.671 33.721 1.633
      vertex 60.346 33.349 1.344
      vertex 60.94 33.813 1.03
    endloop
  endfacet
  facet normal 0 0 0
    outer loop
      vertex 31 52.001 2.485
      vertex 31 51.492 3.275
      vertex 31 51.823 2.979
    endloop
  endfacet
  facet normal 0 0 0
    outer loop
      vertex 31 52.001 2.485
      vertex 31 51.065 3.398
      vertex 31 51.492 3.275
    endloop
  endfacet
  facet normal 0 0 0
    outer loop
      vertex 31 52.001 0.78
      vertex 31 47.732 3.359
      vertex 31 51.065 3.398
    endloop
  endfacet
  facet normal 0 0 0
    outer loop
      vertex 31 52.001 0.78
      vertex 31 51.065 3.398
      vertex 31 52.001 2.485
    endloop
  endfacet
  facet normal 0 0 0
    outer loop
      vertex 31 51.51 0.001
      vertex 31 47.732 3.359
      vertex 31 51.926 0.471
    endloop
  endfacet
  facet normal 0 0 0
    outer loop
      vertex 31 47.732 3.359
      vertex 31 52.001 0.78
      vertex 31 51.926 0.471
    endloop
  endfacet
  facet normal 0 0 0
    outer loop
      vertex 31 51.51 0.001
      vertex 31 47.344 3.144
      vertex 31 47.732 3.359
    endloop
  endfacet
  facet normal 0 0 0
    outer loop
      vertex 31 47.344 3.144
      vertex 31 51.51 0.001
      vertex 31 47.181 2.953
    endloop
  endfacet
  facet normal 0 0 0
    outer loop
      vertex 31 47.05 0.724
      vertex 31 47.842 0.016
      vertex 31 47.627 0.077
    endloop
  endfacet
  facet normal 0 0 0
    outer loop
      vertex 31 51.51 0.001
      vertex 31 47.012 2.456
      vertex 31 47.181 2.953
    endloop
  endfacet
  facet normal 0 0 0
    outer loop
      vertex 31 47.05 0.724
      vertex 31 47.627 0.077
      vertex 31 47.265 0.335
    endloop
  endfacet
  facet normal 0 0 0
    outer loop
      vertex 31 47.05 0.724
      vertex 31 51.51 0.001
      vertex 31 47.842 0.016
    endloop
  endfacet
  facet normal 0 0 0
    outer loop
      vertex 31 51.51 0.001
      vertex 31 47.05 0.724
      vertex 31 47.012 0.944
    endloop
  endfacet
  facet normal 0 0 0
    outer loop
      vertex 31 51.51 0.001
      vertex 31 47.012 0.944
      vertex 31 47.012 2.456
    endloop
  endfacet
  facet normal 0 0 0
    outer loop
      vertex 35.966 50.014 3.401
      vertex 39.981 50.562 3.401
      vertex 31.966 50.562 3.401
    endloop
  endfacet
  facet normal 0 0 0
    outer loop
      vertex 61.407 34.364 1.344
      vertex 60.94 33.813 1.03
      vertex 60.851 33.705 0.5
    endloop
  endfacet
  facet normal 0 0 0
    outer loop
      vertex 35.966 50.014 3.401
      vertex 41.466 50.014 3.401
      vertex 39.981 50.562 3.401
    endloop
  endfacet
  facet normal 0 0 0
    outer loop
      vertex 40.296 51.055 3.401
      vertex 41.437 50.65 3.401
      vertex 41.131 51.056 3.401
    endloop
  endfacet
  facet normal 0 0 0
    outer loop
      vertex 41.466 50.014 3.401
      vertex 40.296 51.055 3.401
      vertex 40.118 50.943 3.401
    endloop
  endfacet
  facet normal 0 0 0
    outer loop
      vertex 59.546 32.786 1.344
      vertex 59.453 32.935 1.914
      vertex 58.609 32.481 1.914
    endloop
  endfacet
  facet normal 0 0 0
    outer loop
      vertex 59.932 33.499 2.276
      vertex 59.453 32.935 1.914
      vertex 59.912 33.116 1.633
    endloop
  endfacet
  facet normal 0 0 0
    outer loop
      vertex 60.346 33.349 1.344
      vertex 59.932 33.499 2.276
      vertex 59.912 33.116 1.633
    endloop
  endfacet
  facet normal 0 0 0
    outer loop
      vertex 59.912 33.116 1.633
      vertex 59.546 32.786 1.344
      vertex 60.346 33.349 1.344
    endloop
  endfacet
  facet normal 0 0 0
    outer loop
      vertex 58.609 32.481 1.914
      vertex 59.453 32.935 1.914
      vertex 59.103 33.062 2.438
    endloop
  endfacet
  facet normal 0 0 0
    outer loop
      vertex 59.546 32.786 1.344
      vertex 59.912 33.116 1.633
      vertex 59.453 32.935 1.914
    endloop
  endfacet
  facet normal 0 0 0
    outer loop
      vertex 49.465 53.389 2.183
      vertex 49.257 53.197 1.415
      vertex 49.795 53.053 2.183
    endloop
  endfacet
  facet normal 0 0 0
    outer loop
      vertex 59.473 32.668 0.5
      vertex 60.94 33.813 1.03
      vertex 60.346 33.349 1.344
    endloop
  endfacet
  facet normal 0 0 0
    outer loop
      vertex 51.747 53.455 3.539
      vertex 50.958 54.532 3.644
      vertex 51.062 53.666 3.433
    endloop
  endfacet
  facet normal 0 0 0
    outer loop
      vertex 60.851 33.705 0.5
      vertex 60.94 33.813 1.03
      vertex 59.473 32.668 0.5
    endloop
  endfacet
  facet normal 0 0 0
    outer loop
      vertex 59.473 32.668 0.5
      vertex 59.521 33.293 0
      vertex 60.282 33.867 0
    endloop
  endfacet
  facet normal 0 0 0
    outer loop
      vertex 59.521 33.293 0
      vertex 59.473 32.668 0.5
      vertex 58.368 32.67 0
    endloop
  endfacet
  facet normal 0 0 0
    outer loop
      vertex 60.282 33.867 0
      vertex 60.851 33.705 0.5
      vertex 59.473 32.668 0.5
    endloop
  endfacet
  facet normal 0 0 0
    outer loop
      vertex 49.571 54.087 2.895
      vertex 49.055 54.797 2.895
      vertex 48.862 54.4 2.438
    endloop
  endfacet
  facet normal 0 0 0
    outer loop
      vertex 60.282 33.867 0
      vertex 61.041 34.624 0
      vertex 60.851 33.705 0.5
    endloop
  endfacet
  facet normal 0 0 0
    outer loop
      vertex 48.862 54.4 2.438
      vertex 49.009 53.625 1.776
      vertex 49.465 53.389 2.183
    endloop
  endfacet
  facet normal 0 0 0
    outer loop
      vertex 61.84 34.804 0.5
      vertex 60.851 33.705 0.5
      vertex 61.041 34.624 0
    endloop
  endfacet
  facet normal 0 0 0
    outer loop
      vertex 61.345 36.583 3.267
      vertex 61.906 37.249 3.093
      vertex 61.165 37.113 3.485
    endloop
  endfacet
  facet normal 0 0 0
    outer loop
      vertex 49.257 53.197 1.415
      vertex 49.465 53.389 2.183
      vertex 49.009 53.625 1.776
    endloop
  endfacet
  facet normal 0 0 0
    outer loop
      vertex 61.759 36.368 2.895
      vertex 61.906 37.249 3.093
      vertex 61.345 36.583 3.267
    endloop
  endfacet
  facet normal 0 0 0
    outer loop
      vertex 50.958 54.532 3.644
      vertex 51.904 54.628 3.749
      vertex 51.016 55.301 3.738
    endloop
  endfacet
  facet normal 0 0 0
    outer loop
      vertex 41.466 57.513 0.001
      vertex 35.966 57.511 3.401
      vertex 35.966 57.513 0.001
    endloop
  endfacet
  facet normal 0 0 0
    outer loop
      vertex 39.981 58.06 0.001
      vertex 35.299 58.404 0.273
      vertex 39.968 58.483 0.355
    endloop
  endfacet
  facet normal 0 0 0
    outer loop
      vertex 52.063 53.934 3.701
      vertex 51.904 54.628 3.749
      vertex 50.958 54.532 3.644
    endloop
  endfacet
  facet normal 0 0 0
    outer loop
      vertex 51.76 55.598 3.75
      vertex 51.016 55.301 3.738
      vertex 51.904 54.628 3.749
    endloop
  endfacet
  facet normal 0 0 0
    outer loop
      vertex 53.083 54.575 3.75
      vertex 52.063 53.934 3.701
      vertex 53.505 53.334 3.712
    endloop
  endfacet
  facet normal 0 0 0
    outer loop
      vertex 51.747 53.455 3.539
      vertex 52.211 53.501 3.634
      vertex 52.063 53.934 3.701
    endloop
  endfacet
  facet normal 0 0 0
    outer loop
      vertex 38.133 55.295 0.665
      vertex 38.133 55.181 0.888
      vertex 35.299 55.071 1.204
    endloop
  endfacet
  facet normal 0 0 0
    outer loop
      vertex 35.299 55.071 1.204
      vertex 38.133 55.44 0.459
      vertex 38.133 55.295 0.665
    endloop
  endfacet
  facet normal 0 0 0
    outer loop
      vertex 38.133 55.181 0.888
      vertex 39.966 55.033 1.384
      vertex 35.299 55.071 1.204
    endloop
  endfacet
  facet normal 0 0 0
    outer loop
      vertex 35.299 55.549 0.333
      vertex 38.133 55.44 0.459
      vertex 35.299 55.071 1.204
    endloop
  endfacet
  facet normal 0 0 0
    outer loop
      vertex 31.966 55.953 0
      vertex 39.981 55.953 0
      vertex 35.299 55.549 0.333
    endloop
  endfacet
  facet normal 0 0 0
    outer loop
      vertex 51.904 54.628 3.749
      vertex 52.303 55.087 3.75
      vertex 51.76 55.598 3.75
    endloop
  endfacet
  facet normal 0 0 0
    outer loop
      vertex 52.158 55.204 2
      vertex 51.76 55.598 2
      vertex 52.303 55.087 3.75
    endloop
  endfacet
  facet normal 0 0 0
    outer loop
      vertex 40.286 55.461 3.4
      vertex 41.466 56.511 3.4
      vertex 40.077 55.625 3.4
    endloop
  endfacet
  facet normal 0 0 0
    outer loop
      vertex 52.685 54.819 2
      vertex 52.158 55.204 2
      vertex 52.303 55.087 3.75
    endloop
  endfacet
  facet normal 0 0 0
    outer loop
      vertex 53.083 54.575 3.75
      vertex 52.685 54.819 2
      vertex 52.303 55.087 3.75
    endloop
  endfacet
  facet normal 0 0 0
    outer loop
      vertex 52.685 54.819 2
      vertex 53.083 54.575 3.75
      vertex 53.597 54.351 2
    endloop
  endfacet
  facet normal 0 0 0
    outer loop
      vertex 35.966 56.511 3.4
      vertex 39.981 55.952 3.4
      vertex 41.466 56.511 3.4
    endloop
  endfacet
  facet normal 0 0 0
    outer loop
      vertex 41.466 56.511 3.4
      vertex 39.981 55.952 3.4
      vertex 40.077 55.625 3.4
    endloop
  endfacet
  facet normal 0 0 0
    outer loop
      vertex 40.286 55.461 3.4
      vertex 41.451 55.954 3.4
      vertex 41.466 56.511 3.4
    endloop
  endfacet
  facet normal 0 0 0
    outer loop
      vertex 52.303 55.087 3.75
      vertex 51.904 54.628 3.749
      vertex 52.063 53.934 3.701
    endloop
  endfacet
  facet normal 0 0 0
    outer loop
      vertex 52.303 55.087 3.75
      vertex 52.063 53.934 3.701
      vertex 53.083 54.575 3.75
    endloop
  endfacet
  facet normal 0 0 0
    outer loop
      vertex 52.981 57.281 2
      vertex 51.305 56.19 2
      vertex 51.76 55.598 2
    endloop
  endfacet
  facet normal 0 0 0
    outer loop
      vertex 41.466 56.513 0
      vertex 35.966 56.511 3.4
      vertex 41.466 56.511 3.4
    endloop
  endfacet
  facet normal 0 0 0
    outer loop
      vertex 51.062 53.666 3.433
      vertex 50.234 54.632 3.485
      vertex 50.495 53.149 2.895
    endloop
  endfacet
  facet normal 0 0 0
    outer loop
      vertex 36.008 55.483 2.988
      vertex 35.299 55.181 2.513
      vertex 39.967 55.445 2.945
    endloop
  endfacet
  facet normal 0 0 0
    outer loop
      vertex 36.008 55.483 2.988
      vertex 39.967 55.445 2.945
      vertex 39.981 55.952 3.4
    endloop
  endfacet
  facet normal 0 0 0
    outer loop
      vertex 17.167 32.798 1.199
      vertex 13.333 32.835 1.424
      vertex 17.167 32.847 1.538
    endloop
  endfacet
  facet normal 0 0 0
    outer loop
      vertex 41.125 55.284 3.256
      vertex 40.298 55.214 3.19
      vertex 41.134 54.996 2.926
    endloop
  endfacet
  facet normal 0 0 0
    outer loop
      vertex 40.298 54.681 2.272
      vertex 41.185 54.749 2.453
      vertex 40.277 54.862 2.712
    endloop
  endfacet
  facet normal 0 0 0
    outer loop
      vertex 40.298 54.681 2.272
      vertex 40.111 54.928 2.695
      vertex 40.052 54.791 2.221
    endloop
  endfacet
  facet normal 0 0 0
    outer loop
      vertex 40.298 54.681 2.272
      vertex 40.277 54.862 2.712
      vertex 40.111 54.928 2.695
    endloop
  endfacet
  facet normal 0 0 0
    outer loop
      vertex 41.16 55.464 3.4
      vertex 40.286 55.461 3.4
      vertex 40.298 55.214 3.19
    endloop
  endfacet
  facet normal 0 0 0
    outer loop
      vertex 17.167 32.571 2.679
      vertex 21 32.741 2.308
      vertex 17.167 32.773 2.212
    endloop
  endfacet
  facet normal 0 0 0
    outer loop
      vertex 41.16 55.464 3.4
      vertex 40.298 55.214 3.19
      vertex 41.125 55.284 3.256
    endloop
  endfacet
  facet normal 0 0 0
    outer loop
      vertex 41.134 54.996 2.926
      vertex 40.298 55.214 3.19
      vertex 40.277 54.862 2.712
    endloop
  endfacet
  facet normal 0 0 0
    outer loop
      vertex 35.299 55.181 2.513
      vertex 39.966 55.229 2.615
      vertex 39.967 55.445 2.945
    endloop
  endfacet
  facet normal 0 0 0
    outer loop
      vertex 40.117 55.056 2.909
      vertex 40.298 55.214 3.19
      vertex 40.286 55.461 3.4
    endloop
  endfacet
  facet normal 0 0 0
    outer loop
      vertex 21 32.73 0.996
      vertex 17.167 32.798 1.199
      vertex 17.167 32.847 1.538
    endloop
  endfacet
  facet normal 0 0 0
    outer loop
      vertex 40.286 55.461 3.4
      vertex 40.077 55.625 3.4
      vertex 40.117 55.056 2.909
    endloop
  endfacet
  facet normal 0 0 0
    outer loop
      vertex 17.167 32.773 2.212
      vertex 17.167 32.847 1.538
      vertex 13.333 32.653 2.53
    endloop
  endfacet
  facet normal 0 0 0
    outer loop
      vertex 51.062 53.666 3.433
      vertex 50.495 53.149 2.895
      vertex 51.043 53.148 3.186
    endloop
  endfacet
  facet normal 0 0 0
    outer loop
      vertex 40.052 54.791 2.221
      vertex 40.111 54.928 2.695
      vertex 39.99 55.285 2.932
    endloop
  endfacet
  facet normal 0 0 0
    outer loop
      vertex 50.247 52.857 2.438
      vertex 50.608 52.568 2.438
      vertex 51.197 52.622 2.895
    endloop
  endfacet
  facet normal 0 0 0
    outer loop
      vertex 52.206 51.646 2.438
      vertex 51.197 52.622 2.895
      vertex 50.986 52.302 2.438
    endloop
  endfacet
  facet normal 0 0 0
    outer loop
      vertex 51.197 52.622 2.895
      vertex 50.608 52.568 2.438
      vertex 50.986 52.302 2.438
    endloop
  endfacet
  facet normal 0 0 0
    outer loop
      vertex 39.967 55.445 2.945
      vertex 39.99 55.285 2.932
      vertex 40.117 55.056 2.909
    endloop
  endfacet
  facet normal 0 0 0
    outer loop
      vertex 50.247 52.857 2.438
      vertex 51.197 52.622 2.895
      vertex 50.495 53.149 2.895
    endloop
  endfacet
  facet normal 0 0 0
    outer loop
      vertex 39.967 55.445 2.945
      vertex 39.966 55.229 2.615
      vertex 39.99 55.285 2.932
    endloop
  endfacet
  facet normal 0 0 0
    outer loop
      vertex 50.495 53.149 2.895
      vertex 50.028 53.296 2.676
      vertex 50.247 52.857 2.438
    endloop
  endfacet
  facet normal 0 0 0
    outer loop
      vertex 39.981 55.952 3.4
      vertex 39.967 55.445 2.945
      vertex 40.117 55.056 2.909
    endloop
  endfacet
  facet normal 0 0 0
    outer loop
      vertex 50.028 53.296 2.676
      vertex 49.795 53.053 2.183
      vertex 50.247 52.857 2.438
    endloop
  endfacet
  facet normal 0 0 0
    outer loop
      vertex 50.028 53.296 2.676
      vertex 49.465 53.389 2.183
      vertex 49.795 53.053 2.183
    endloop
  endfacet
  facet normal 0 0 0
    outer loop
      vertex 40.077 55.625 3.4
      vertex 39.981 55.952 3.4
      vertex 40.117 55.056 2.909
    endloop
  endfacet
  facet normal 0 0 0
    outer loop
      vertex 39.99 55.285 2.932
      vertex 40.111 54.928 2.695
      vertex 40.117 55.056 2.909
    endloop
  endfacet
  facet normal 0 0 0
    outer loop
      vertex 40.117 55.056 2.909
      vertex 40.111 54.928 2.695
      vertex 40.277 54.862 2.712
    endloop
  endfacet
  facet normal 0 0 0
    outer loop
      vertex 40.117 55.056 2.909
      vertex 40.277 54.862 2.712
      vertex 40.298 55.214 3.19
    endloop
  endfacet
  facet normal 0 0 0
    outer loop
      vertex 40.052 54.791 2.221
      vertex 40.148 54.718 2.241
      vertex 40.298 54.681 2.272
    endloop
  endfacet
  facet normal 0 0 0
    outer loop
      vertex 40.148 54.718 2.241
      vertex 40.298 54.599 1.722
      vertex 40.298 54.681 2.272
    endloop
  endfacet
  facet normal 0 0 0
    outer loop
      vertex 50.495 53.149 2.895
      vertex 51.197 52.622 2.895
      vertex 51.043 53.148 3.186
    endloop
  endfacet
  facet normal 0 0 0
    outer loop
      vertex 51.747 53.455 3.539
      vertex 51.062 53.666 3.433
      vertex 51.043 53.148 3.186
    endloop
  endfacet
  facet normal 0 0 0
    outer loop
      vertex 53.951 47.525 2.183
      vertex 53.913 47.754 1.633
      vertex 53.488 47.434 2.183
    endloop
  endfacet
  facet normal 0 0 0
    outer loop
      vertex 51.043 53.148 3.186
      vertex 51.197 52.622 2.895
      vertex 51.683 52.586 3.093
    endloop
  endfacet
  facet normal 0 0 0
    outer loop
      vertex 52.995 47.44 1.914
      vertex 53.488 47.434 2.183
      vertex 53.437 47.66 1.633
    endloop
  endfacet
  facet normal 0 0 0
    outer loop
      vertex 49.111 53.23 0.5
      vertex 49.587 52.746 0.825
      vertex 49.257 53.197 1.415
    endloop
  endfacet
  facet normal 0 0 0
    outer loop
      vertex 49.587 52.746 0.825
      vertex 49.111 53.23 0.5
      vertex 49.633 52.705 0.5
    endloop
  endfacet
  facet normal 0 0 0
    outer loop
      vertex 49.111 53.23 0.5
      vertex 49.257 53.197 1.415
      vertex 48.918 53.55 1.344
    endloop
  endfacet
  facet normal 0 0 0
    outer loop
      vertex 49.257 53.197 1.415
      vertex 49.009 53.625 1.776
      vertex 48.918 53.55 1.344
    endloop
  endfacet
  facet normal 0 0 0
    outer loop
      vertex 53.951 47.525 2.183
      vertex 54.039 46.993 2.895
      vertex 54.903 47.288 2.676
    endloop
  endfacet
  facet normal 0 0 0
    outer loop
      vertex 53.951 47.525 2.183
      vertex 53.608 46.908 2.895
      vertex 54.039 46.993 2.895
    endloop
  endfacet
  facet normal 0 0 0
    outer loop
      vertex 49.587 52.746 0.825
      vertex 49.666 52.918 1.776
      vertex 49.257 53.197 1.415
    endloop
  endfacet
  facet normal 0 0 0
    outer loop
      vertex 50.732 51.917 1.344
      vertex 51.033 51.938 1.914
      vertex 50.986 52.302 2.438
    endloop
  endfacet
  facet normal 0 0 0
    outer loop
      vertex 50.732 51.917 1.344
      vertex 51.59 51.448 1.415
      vertex 51.033 51.938 1.914
    endloop
  endfacet
  facet normal 0 0 0
    outer loop
      vertex 53.608 46.908 2.895
      vertex 53.951 47.525 2.183
      vertex 53.542 47.2 2.561
    endloop
  endfacet
  facet normal 0 0 0
    outer loop
      vertex 54.748 46.345 3.416
      vertex 53.608 46.908 2.895
      vertex 52.923 46.223 3.267
    endloop
  endfacet
  facet normal 0 0 0
    outer loop
      vertex 50.986 52.302 2.438
      vertex 50.608 52.568 2.438
      vertex 50.732 51.917 1.344
    endloop
  endfacet
  facet normal 0 0 0
    outer loop
      vertex 53.608 46.908 2.895
      vertex 52.765 46.662 2.895
      vertex 52.923 46.223 3.267
    endloop
  endfacet
  facet normal 0 0 0
    outer loop
      vertex 50.732 51.917 1.344
      vertex 50.608 52.568 2.438
      vertex 50.247 52.857 2.438
    endloop
  endfacet
  facet normal 0 0 0
    outer loop
      vertex 53.608 46.908 2.895
      vertex 54.748 46.345 3.416
      vertex 54.039 46.993 2.895
    endloop
  endfacet
  facet normal 0 0 0
    outer loop
      vertex 49.795 53.053 2.183
      vertex 49.666 52.918 1.776
      vertex 50.732 51.917 1.344
    endloop
  endfacet
  facet normal 0 0 0
    outer loop
      vertex 49.666 52.918 1.776
      vertex 49.948 52.505 1.344
      vertex 50.732 51.917 1.344
    endloop
  endfacet
  facet normal 0 0 0
    outer loop
      vertex 49.795 53.053 2.183
      vertex 50.732 51.917 1.344
      vertex 50.247 52.857 2.438
    endloop
  endfacet
  facet normal 0 0 0
    outer loop
      vertex 49.666 52.918 1.776
      vertex 49.633 52.705 0.5
      vertex 49.948 52.505 1.344
    endloop
  endfacet
  facet normal 0 0 0
    outer loop
      vertex 50.395 52.079 0.5
      vertex 49.948 52.505 1.344
      vertex 49.633 52.705 0.5
    endloop
  endfacet
  facet normal 0 0 0
    outer loop
      vertex 50.395 52.079 0.5
      vertex 50.732 51.917 1.344
      vertex 49.948 52.505 1.344
    endloop
  endfacet
  facet normal 0 0 0
    outer loop
      vertex 53.055 45.854 3.485
      vertex 53.624 45.289 3.701
      vertex 53.694 45.68 3.607
    endloop
  endfacet
  facet normal 0 0 0
    outer loop
      vertex 50.395 52.079 0.5
      vertex 51.011 51.668 0.5
      vertex 50.732 51.917 1.344
    endloop
  endfacet
  facet normal 0 0 0
    outer loop
      vertex 54.028 45.068 3.738
      vertex 55.414 45.474 3.707
      vertex 53.694 45.68 3.607
    endloop
  endfacet
  facet normal 0 0 0
    outer loop
      vertex 50.732 51.917 1.344
      vertex 51.011 51.668 0.5
      vertex 51.59 51.448 1.415
    endloop
  endfacet
  facet normal 0 0 0
    outer loop
      vertex 53.624 45.289 3.701
      vertex 54.028 45.068 3.738
      vertex 53.694 45.68 3.607
    endloop
  endfacet
  facet normal 0 0 0
    outer loop
      vertex 50.395 52.079 0.5
      vertex 50.963 52.293 0
      vertex 51.011 51.668 0.5
    endloop
  endfacet
  facet normal 0 0 0
    outer loop
      vertex 52.923 46.223 3.267
      vertex 53.055 45.854 3.485
      vertex 53.694 45.68 3.607
    endloop
  endfacet
  facet normal 0 0 0
    outer loop
      vertex 49.633 52.705 0.5
      vertex 49.666 52.918 1.776
      vertex 49.587 52.746 0.825
    endloop
  endfacet
  facet normal 0 0 0
    outer loop
      vertex 54.748 46.345 3.416
      vertex 52.923 46.223 3.267
      vertex 53.694 45.68 3.607
    endloop
  endfacet
  facet normal 0 0 0
    outer loop
      vertex 53.694 45.68 3.607
      vertex 54.964 45.949 3.594
      vertex 54.748 46.345 3.416
    endloop
  endfacet
  facet normal 0 0 0
    outer loop
      vertex 49.257 53.197 1.415
      vertex 49.666 52.918 1.776
      vertex 49.795 53.053 2.183
    endloop
  endfacet
  facet normal 0 0 0
    outer loop
      vertex 55.341 46.366 3.416
      vertex 54.039 46.993 2.895
      vertex 54.748 46.345 3.416
    endloop
  endfacet
  facet normal 0 0 0
    outer loop
      vertex 49.633 52.705 0.5
      vertex 49.111 53.23 0.5
      vertex 49.517 53.531 0
    endloop
  endfacet
  facet normal 0 0 0
    outer loop
      vertex 54.748 46.345 3.416
      vertex 54.964 45.949 3.594
      vertex 55.341 46.366 3.416
    endloop
  endfacet
  facet normal 0 0 0
    outer loop
      vertex 49.517 53.531 0
      vertex 50.963 52.293 0
      vertex 50.395 52.079 0.5
    endloop
  endfacet
  facet normal 0 0 0
    outer loop
      vertex 49.517 53.531 0
      vertex 50.395 52.079 0.5
      vertex 49.633 52.705 0.5
    endloop
  endfacet
  facet normal 0 0 0
    outer loop
      vertex 52.223 52.713 3.348
      vertex 52.923 52.277 3.267
      vertex 53.197 53.044 3.634
    endloop
  endfacet
  facet normal 0 0 0
    outer loop
      vertex 54.141 47.874 1.27
      vertex 54.319 47.946 0.825
      vertex 53.77 47.864 0.5
    endloop
  endfacet
  facet normal 0 0 0
    outer loop
      vertex 54.141 47.874 1.27
      vertex 53.77 47.864 0.5
      vertex 53.41 47.775 1.048
    endloop
  endfacet
  facet normal 0 0 0
    outer loop
      vertex 53.41 47.775 1.048
      vertex 53.437 47.66 1.633
      vertex 53.913 47.754 1.633
    endloop
  endfacet
  facet normal 0 0 0
    outer loop
      vertex 51.747 53.455 3.539
      vertex 51.043 53.148 3.186
      vertex 51.683 52.586 3.093
    endloop
  endfacet
  facet normal 0 0 0
    outer loop
      vertex 53.41 47.775 1.048
      vertex 53.913 47.754 1.633
      vertex 54.141 47.874 1.27
    endloop
  endfacet
  facet normal 0 0 0
    outer loop
      vertex 51.747 53.455 3.539
      vertex 52.223 52.713 3.348
      vertex 53.197 53.044 3.634
    endloop
  endfacet
  facet normal 0 0 0
    outer loop
      vertex 54.405 47.717 1.914
      vertex 54.875 47.929 1.344
      vertex 54.141 47.874 1.27
    endloop
  endfacet
  facet normal 0 0 0
    outer loop
      vertex 53.197 53.044 3.634
      vertex 52.211 53.501 3.634
      vertex 51.747 53.455 3.539
    endloop
  endfacet
  facet normal 0 0 0
    outer loop
      vertex 53.913 47.754 1.633
      vertex 54.405 47.717 1.914
      vertex 54.141 47.874 1.27
    endloop
  endfacet
  facet normal 0 0 0
    outer loop
      vertex 51.683 52.586 3.093
      vertex 51.197 52.622 2.895
      vertex 52.206 51.646 2.438
    endloop
  endfacet
  facet normal 0 0 0
    outer loop
      vertex 52.058 52.384 3.093
      vertex 51.747 53.455 3.539
      vertex 51.683 52.586 3.093
    endloop
  endfacet
  facet normal 0 0 0
    outer loop
      vertex 54.405 47.717 1.914
      vertex 53.913 47.754 1.633
      vertex 53.951 47.525 2.183
    endloop
  endfacet
  facet normal 0 0 0
    outer loop
      vertex 51.747 53.455 3.539
      vertex 52.058 52.384 3.093
      vertex 52.223 52.713 3.348
    endloop
  endfacet
  facet normal 0 0 0
    outer loop
      vertex 53.437 47.66 1.633
      vertex 53.488 47.434 2.183
      vertex 53.913 47.754 1.633
    endloop
  endfacet
  facet normal 0 0 0
    outer loop
      vertex 53.951 47.525 2.183
      vertex 54.903 47.288 2.676
      vertex 54.405 47.717 1.914
    endloop
  endfacet
  facet normal 0 0 0
    outer loop
      vertex 54.056 47.39 0
      vertex 52.893 47.135 0
      vertex 52.811 47.63 0.5
    endloop
  endfacet
  facet normal 0 0 0
    outer loop
      vertex 52.398 52.097 2.999
      vertex 52.923 52.277 3.267
      vertex 52.223 52.713 3.348
    endloop
  endfacet
  facet normal 0 0 0
    outer loop
      vertex 52.811 47.63 0.5
      vertex 53.77 47.864 0.5
      vertex 54.056 47.39 0
    endloop
  endfacet
  facet normal 0 0 0
    outer loop
      vertex 53.77 47.864 0.5
      vertex 54.749 47.982 0.5
      vertex 54.056 47.39 0
    endloop
  endfacet
  facet normal 0 0 0
    outer loop
      vertex 41.466 50.014 3.401
      vertex 40.118 50.943 3.401
      vertex 39.981 50.562 3.401
    endloop
  endfacet
  facet normal 0 0 0
    outer loop
      vertex 41.131 51.056 3.401
      vertex 41.437 50.65 3.401
      vertex 41.33 50.921 3.401
    endloop
  endfacet
  facet normal 0 0 0
    outer loop
      vertex 54.749 47.982 0.5
      vertex 54.875 47.929 1.344
      vertex 55.854 47.914 1.344
    endloop
  endfacet
  facet normal 0 0 0
    outer loop
      vertex 40.296 51.055 3.401
      vertex 41.461 50.439 3.401
      vertex 41.437 50.65 3.401
    endloop
  endfacet
  facet normal 0 0 0
    outer loop
      vertex 40.296 51.055 3.401
      vertex 41.466 50.014 3.401
      vertex 41.461 50.439 3.401
    endloop
  endfacet
  facet normal 0 0 0
    outer loop
      vertex 54.749 47.982 0.5
      vertex 54.141 47.874 1.27
      vertex 54.875 47.929 1.344
    endloop
  endfacet
  facet normal 0 0 0
    outer loop
      vertex 54.749 47.982 0.5
      vertex 53.77 47.864 0.5
      vertex 54.319 47.946 0.825
    endloop
  endfacet
  facet normal 0 0 0
    outer loop
      vertex 31 51.065 3.398
      vertex 31.966 51.175 3.379
      vertex 31 51.492 3.275
    endloop
  endfacet
  facet normal 0 0 0
    outer loop
      vertex 54.319 47.946 0.825
      vertex 54.141 47.874 1.27
      vertex 54.749 47.982 0.5
    endloop
  endfacet
  facet normal 0 0 0
    outer loop
      vertex 31.966 51.175 3.379
      vertex 31.966 51.583 3.21
      vertex 31 51.492 3.275
    endloop
  endfacet
  facet normal 0 0 0
    outer loop
      vertex 31.966 51.583 3.21
      vertex 31 51.823 2.979
      vertex 31 51.492 3.275
    endloop
  endfacet
  facet normal 0 0 0
    outer loop
      vertex 31.966 51.583 3.21
      vertex 31.966 51.823 2.979
      vertex 31 51.823 2.979
    endloop
  endfacet
  facet normal 0 0 0
    outer loop
      vertex 31.966 51.823 2.979
      vertex 31 52.001 2.485
      vertex 31 51.823 2.979
    endloop
  endfacet
  facet normal 0 0 0
    outer loop
      vertex 31.966 51.823 2.979
      vertex 31.966 52.006 2.457
      vertex 31 52.001 2.485
    endloop
  endfacet
  facet normal 0 0 0
    outer loop
      vertex 53.41 47.775 1.048
      vertex 52.713 47.533 1.344
      vertex 53.437 47.66 1.633
    endloop
  endfacet
  facet normal 0 0 0
    outer loop
      vertex 53.437 47.66 1.633
      vertex 52.713 47.533 1.344
      vertex 52.995 47.44 1.914
    endloop
  endfacet
  facet normal 0 0 0
    outer loop
      vertex 31.966 51.175 3.379
      vertex 31 51.065 3.398
      vertex 31.966 50.562 3.401
    endloop
  endfacet
  facet normal 0 0 0
    outer loop
      vertex 53.41 47.775 1.048
      vertex 53.77 47.864 0.5
      vertex 52.811 47.63 0.5
    endloop
  endfacet
  facet normal 0 0 0
    outer loop
      vertex 31.966 51.187 2.774
      vertex 31.966 51.823 2.979
      vertex 31.966 51.583 3.21
    endloop
  endfacet
  facet normal 0 0 0
    outer loop
      vertex 31.966 51.823 2.979
      vertex 31.966 51.187 2.774
      vertex 31.966 52.006 2.457
    endloop
  endfacet
  facet normal 0 0 0
    outer loop
      vertex 31.966 51.175 3.379
      vertex 31.966 51.187 2.774
      vertex 31.966 51.583 3.21
    endloop
  endfacet
  facet normal 0 0 0
    outer loop
      vertex 31.966 51.187 2.774
      vertex 31.966 51.175 3.379
      vertex 31.966 50.562 3.401
    endloop
  endfacet
  facet normal 0 0 0
    outer loop
      vertex 31 52.001 2.485
      vertex 31.966 52.006 0.808
      vertex 31 52.001 0.78
    endloop
  endfacet
  facet normal 0 0 0
    outer loop
      vertex 31.966 52.006 0.808
      vertex 31 52.001 2.485
      vertex 31.966 52.006 2.457
    endloop
  endfacet
  facet normal 0 0 0
    outer loop
      vertex 31 51.926 0.471
      vertex 31.966 51.882 0.412
      vertex 31.966 51.51 0.001
    endloop
  endfacet
  facet normal 0 0 0
    outer loop
      vertex 31.966 51.882 0.412
      vertex 31.966 51.269 0.768
      vertex 31.966 51.51 0.001
    endloop
  endfacet
  facet normal 0 0 0
    outer loop
      vertex 31 51.926 0.471
      vertex 31.966 51.51 0.001
      vertex 31 51.51 0.001
    endloop
  endfacet
  facet normal 0 0 0
    outer loop
      vertex 31.966 51.51 0.001
      vertex 31.966 50.563 0.001
      vertex 31 51.51 0.001
    endloop
  endfacet
  facet normal 0 0 0
    outer loop
      vertex 31.966 51.187 2.774
      vertex 31.966 51.484 1.984
      vertex 31.966 52.006 2.457
    endloop
  endfacet
  facet normal 0 0 0
    outer loop
      vertex 31.966 51.269 0.768
      vertex 31.966 51.882 0.412
      vertex 31.966 52.006 0.808
    endloop
  endfacet
  facet normal 0 0 0
    outer loop
      vertex 31.966 52.006 0.808
      vertex 31.966 51.501 1.539
      vertex 31.966 51.269 0.768
    endloop
  endfacet
  facet normal 0 0 0
    outer loop
      vertex 31.966 51.501 1.539
      vertex 31.966 52.006 0.808
      vertex 31.966 52.006 2.457
    endloop
  endfacet
  facet normal 0 0 0
    outer loop
      vertex 31.966 51.484 1.984
      vertex 31.966 51.501 1.539
      vertex 31.966 52.006 2.457
    endloop
  endfacet
  facet normal 0 0 0
    outer loop
      vertex 31.966 51.882 0.412
      vertex 31 51.926 0.471
      vertex 31 52.001 0.78
    endloop
  endfacet
  facet normal 0 0 0
    outer loop
      vertex 31 52.001 0.78
      vertex 31.966 52.006 0.808
      vertex 31.966 51.882 0.412
    endloop
  endfacet
  facet normal 0 0 0
    outer loop
      vertex 54.903 47.288 2.676
      vertex 55.352 47.091 2.895
      vertex 55.36 47.631 2.183
    endloop
  endfacet
  facet normal 0 0 0
    outer loop
      vertex 31.966 50.563 0.001
      vertex 31 47.842 0.016
      vertex 31 51.51 0.001
    endloop
  endfacet
  facet normal 0 0 0
    outer loop
      vertex 55.352 47.091 2.895
      vertex 55.806 47.274 2.676
      vertex 55.831 47.609 2.183
    endloop
  endfacet
  facet normal 0 0 0
    outer loop
      vertex 57.089 46.856 2.895
      vertex 57.574 46.926 2.676
      vertex 56.255 47.227 2.676
    endloop
  endfacet
  facet normal 0 0 0
    outer loop
      vertex 56.661 46.954 2.895
      vertex 57.089 46.856 2.895
      vertex 56.255 47.227 2.676
    endloop
  endfacet
  facet normal 0 0 0
    outer loop
      vertex 31.966 50.997 0.366
      vertex 31.966 51.51 0.001
      vertex 31.966 51.269 0.768
    endloop
  endfacet
  facet normal 0 0 0
    outer loop
      vertex 31.966 51.51 0.001
      vertex 31.966 50.997 0.366
      vertex 31.966 50.563 0.001
    endloop
  endfacet
  facet normal 0 0 0
    outer loop
      vertex 31 47.012 2.456
      vertex 31.966 47.017 2.484
      vertex 31.966 47.141 2.88
    endloop
  endfacet
  facet normal 0 0 0
    outer loop
      vertex 31.966 47.141 2.88
      vertex 31 47.181 2.953
      vertex 31 47.012 2.456
    endloop
  endfacet
  facet normal 0 0 0
    outer loop
      vertex 31 47.344 3.144
      vertex 31 47.181 2.953
      vertex 31.966 47.141 2.88
    endloop
  endfacet
  facet normal 0 0 0
    outer loop
      vertex 31 47.344 3.144
      vertex 31.966 47.141 2.88
      vertex 31.966 47.344 3.144
    endloop
  endfacet
  facet normal 0 0 0
    outer loop
      vertex 31 47.732 3.359
      vertex 31 47.344 3.144
      vertex 31.966 47.344 3.144
    endloop
  endfacet
  facet normal 0 0 0
    outer loop
      vertex 31.966 47.344 3.144
      vertex 31.966 47.678 3.344
      vertex 31 47.732 3.359
    endloop
  endfacet
  facet normal 0 0 0
    outer loop
      vertex 55.831 47.609 2.183
      vertex 55.36 47.631 2.183
      vertex 55.352 47.091 2.895
    endloop
  endfacet
  facet normal 0 0 0
    outer loop
      vertex 54.875 47.929 1.344
      vertex 54.405 47.717 1.914
      vertex 55.36 47.631 2.183
    endloop
  endfacet
  facet normal 0 0 0
    outer loop
      vertex 55.36 47.631 2.183
      vertex 54.405 47.717 1.914
      vertex 54.903 47.288 2.676
    endloop
  endfacet
  facet normal 0 0 0
    outer loop
      vertex 31.966 47.66 2.451
      vertex 31.966 48.455 3.4
      vertex 31.966 47.678 3.344
    endloop
  endfacet
  facet normal 0 0 0
    outer loop
      vertex 31.966 47.66 2.451
      vertex 31.966 47.141 2.88
      vertex 31.966 47.017 2.484
    endloop
  endfacet
  facet normal 0 0 0
    outer loop
      vertex 31.966 47.66 2.451
      vertex 31.966 47.344 3.144
      vertex 31.966 47.141 2.88
    endloop
  endfacet
  facet normal 0 0 0
    outer loop
      vertex 31.966 47.344 3.144
      vertex 31.966 47.66 2.451
      vertex 31.966 47.678 3.344
    endloop
  endfacet
  facet normal 0 0 0
    outer loop
      vertex 31.966 47.678 3.344
      vertex 31.966 48.455 3.4
      vertex 31 47.732 3.359
    endloop
  endfacet
  facet normal 0 0 0
    outer loop
      vertex 31.966 50.562 3.401
      vertex 31 51.065 3.398
      vertex 31 47.732 3.359
    endloop
  endfacet
  facet normal 0 0 0
    outer loop
      vertex 31.966 48.455 3.4
      vertex 31.966 50.562 3.401
      vertex 31 47.732 3.359
    endloop
  endfacet
  facet normal 0 0 0
    outer loop
      vertex 31 47.012 2.456
      vertex 31.966 47.012 0.944
      vertex 31.966 47.017 2.484
    endloop
  endfacet
  facet normal 0 0 0
    outer loop
      vertex 54.903 47.288 2.676
      vertex 54.039 46.993 2.895
      vertex 55.352 47.091 2.895
    endloop
  endfacet
  facet normal 0 0 0
    outer loop
      vertex 31.966 47.265 0.335
      vertex 31.966 47.919 0.49
      vertex 31.966 47.728 0.801
    endloop
  endfacet
  facet normal 0 0 0
    outer loop
      vertex 31.966 47.919 0.49
      vertex 31.966 47.265 0.335
      vertex 31.966 47.569 0.118
    endloop
  endfacet
  facet normal 0 0 0
    outer loop
      vertex 31.966 47.265 0.335
      vertex 31.966 47.728 0.801
      vertex 31.966 47.012 0.944
    endloop
  endfacet
  facet normal 0 0 0
    outer loop
      vertex 31.966 47.012 0.944
      vertex 31.966 47.534 1.962
      vertex 31.966 47.017 2.484
    endloop
  endfacet
  facet normal 0 0 0
    outer loop
      vertex 31.966 47.017 2.484
      vertex 31.966 47.534 1.962
      vertex 31.966 47.66 2.451
    endloop
  endfacet
  facet normal 0 0 0
    outer loop
      vertex 31.966 47.897 0.006
      vertex 31.966 47.919 0.49
      vertex 31.966 47.569 0.118
    endloop
  endfacet
  facet normal 0 0 0
    outer loop
      vertex 55.774 46.848 3.093
      vertex 56.165 46.563 3.267
      vertex 56.255 47.227 2.676
    endloop
  endfacet
  facet normal 0 0 0
    outer loop
      vertex 31.966 47.534 1.962
      vertex 31.966 47.012 0.944
      vertex 31.966 47.537 1.376
    endloop
  endfacet
  facet normal 0 0 0
    outer loop
      vertex 31.966 47.012 0.944
      vertex 31.966 47.728 0.801
      vertex 31.966 47.537 1.376
    endloop
  endfacet
  facet normal 0 0 0
    outer loop
      vertex 55.806 47.274 2.676
      vertex 55.774 46.848 3.093
      vertex 56.255 47.227 2.676
    endloop
  endfacet
  facet normal 0 0 0
    outer loop
      vertex 31.966 47.919 0.49
      vertex 31.966 47.897 0.006
      vertex 31.966 48.456 0
    endloop
  endfacet
  facet normal 0 0 0
    outer loop
      vertex 31.966 47.569 0.118
      vertex 31 47.842 0.016
      vertex 31.966 47.897 0.006
    endloop
  endfacet
  facet normal 0 0 0
    outer loop
      vertex 55.806 47.274 2.676
      vertex 55.352 47.091 2.895
      vertex 55.774 46.848 3.093
    endloop
  endfacet
  facet normal 0 0 0
    outer loop
      vertex 31 47.842 0.016
      vertex 31.966 47.569 0.118
      vertex 31 47.627 0.077
    endloop
  endfacet
  facet normal 0 0 0
    outer loop
      vertex 31.966 47.569 0.118
      vertex 31 47.265 0.335
      vertex 31 47.627 0.077
    endloop
  endfacet
  facet normal 0 0 0
    outer loop
      vertex 54.039 46.993 2.895
      vertex 55.341 46.366 3.416
      vertex 55.352 47.091 2.895
    endloop
  endfacet
  facet normal 0 0 0
    outer loop
      vertex 31.966 47.569 0.118
      vertex 31.966 47.265 0.335
      vertex 31 47.265 0.335
    endloop
  endfacet
  facet normal 0 0 0
    outer loop
      vertex 31.966 47.265 0.335
      vertex 31 47.05 0.724
      vertex 31 47.265 0.335
    endloop
  endfacet
  facet normal 0 0 0
    outer loop
      vertex 55.352 47.091 2.895
      vertex 55.341 46.366 3.416
      vertex 55.774 46.848 3.093
    endloop
  endfacet
  facet normal 0 0 0
    outer loop
      vertex 31.966 47.265 0.335
      vertex 31.966 47.012 0.944
      vertex 31 47.05 0.724
    endloop
  endfacet
  facet normal 0 0 0
    outer loop
      vertex 31.966 47.012 0.944
      vertex 31 47.012 0.944
      vertex 31 47.05 0.724
    endloop
  endfacet
  facet normal 0 0 0
    outer loop
      vertex 31.966 47.897 0.006
      vertex 31 47.842 0.016
      vertex 31.966 48.456 0
    endloop
  endfacet
  facet normal 0 0 0
    outer loop
      vertex 31.966 48.456 0
      vertex 31 47.842 0.016
      vertex 31.966 50.563 0.001
    endloop
  endfacet
  facet normal 0 0 0
    outer loop
      vertex 56.112 46.175 3.485
      vertex 55.774 46.848 3.093
      vertex 55.716 46.077 3.539
    endloop
  endfacet
  facet normal 0 0 0
    outer loop
      vertex 55.774 46.848 3.093
      vertex 56.112 46.175 3.485
      vertex 56.165 46.563 3.267
    endloop
  endfacet
  facet normal 0 0 0
    outer loop
      vertex 35.299 55.181 2.513
      vertex 39.966 55.033 2.015
      vertex 39.966 55.229 2.615
    endloop
  endfacet
  facet normal 0 0 0
    outer loop
      vertex 40.298 54.599 1.722
      vertex 40.148 54.718 2.241
      vertex 40.027 54.786 1.977
    endloop
  endfacet
  facet normal 0 0 0
    outer loop
      vertex 39.966 55.033 2.015
      vertex 39.99 55.285 2.932
      vertex 39.966 55.229 2.615
    endloop
  endfacet
  facet normal 0 0 0
    outer loop
      vertex 40.316 55.323 0.107
      vertex 40.245 55.479 0
      vertex 41.131 55.459 0
    endloop
  endfacet
  facet normal 0 0 0
    outer loop
      vertex 38.133 55.44 0.459
      vertex 39.981 55.953 0
      vertex 39.967 55.506 0.385
    endloop
  endfacet
  facet normal 0 0 0
    outer loop
      vertex 38.133 55.44 0.459
      vertex 39.967 55.506 0.385
      vertex 38.133 55.295 0.665
    endloop
  endfacet
  facet normal 0 0 0
    outer loop
      vertex 35.299 55.549 0.333
      vertex 39.981 55.953 0
      vertex 38.133 55.44 0.459
    endloop
  endfacet
  facet normal 0 0 0
    outer loop
      vertex 35.966 56.513 0
      vertex 35.966 56.511 3.4
      vertex 41.466 56.513 0
    endloop
  endfacet
  facet normal 0 0 0
    outer loop
      vertex 31.966 50.562 3.401
      vertex 35.966 49.014 3.4
      vertex 35.966 50.014 3.401
    endloop
  endfacet
  facet normal 0 0 0
    outer loop
      vertex 39.967 55.506 0.385
      vertex 39.981 55.953 0
      vertex 40.101 55.591 0
    endloop
  endfacet
  facet normal 0 0 0
    outer loop
      vertex 40.09 55.292 0.256
      vertex 39.967 55.506 0.385
      vertex 40.101 55.591 0
    endloop
  endfacet
  facet normal 0 0 0
    outer loop
      vertex 35.299 51.422 2.278
      vertex 31.966 51.484 1.984
      vertex 36.716 51.336 2.514
    endloop
  endfacet
  facet normal 0 0 0
    outer loop
      vertex 40.245 55.479 0
      vertex 40.316 55.323 0.107
      vertex 40.09 55.292 0.256
    endloop
  endfacet
  facet normal 0 0 0
    outer loop
      vertex 31.966 51.187 2.774
      vertex 36.716 51.336 2.514
      vertex 31.966 51.484 1.984
    endloop
  endfacet
  facet normal 0 0 0
    outer loop
      vertex 40.09 55.292 0.256
      vertex 40.042 54.949 0.809
      vertex 39.967 55.506 0.385
    endloop
  endfacet
  facet normal 0 0 0
    outer loop
      vertex 35.299 50.967 3.069
      vertex 31.966 51.187 2.774
      vertex 31.966 50.562 3.401
    endloop
  endfacet
  facet normal 0 0 0
    outer loop
      vertex 31.966 51.187 2.774
      vertex 35.299 50.967 3.069
      vertex 36.716 51.336 2.514
    endloop
  endfacet
  facet normal 0 0 0
    outer loop
      vertex 35.299 51.422 2.278
      vertex 36.716 51.336 2.514
      vertex 39.966 51.352 2.473
    endloop
  endfacet
  facet normal 0 0 0
    outer loop
      vertex 39.966 55.033 2.015
      vertex 38.133 55.011 1.659
      vertex 39.966 55.033 1.384
    endloop
  endfacet
  facet normal 0 0 0
    outer loop
      vertex 41.134 54.611 1.936
      vertex 41.185 54.749 2.453
      vertex 40.298 54.681 2.272
    endloop
  endfacet
  facet normal 0 0 0
    outer loop
      vertex 35.299 51.422 2.278
      vertex 39.966 51.451 2.172
      vertex 39.966 51.451 1.23
    endloop
  endfacet
  facet normal 0 0 0
    outer loop
      vertex 35.299 51.422 2.278
      vertex 39.966 51.352 2.473
      vertex 39.966 51.451 2.172
    endloop
  endfacet
  facet normal 0 0 0
    outer loop
      vertex 31.966 51.501 1.539
      vertex 31.966 51.484 1.984
      vertex 35.299 51.422 2.278
    endloop
  endfacet
  facet normal 0 0 0
    outer loop
      vertex 38.133 55.011 1.659
      vertex 39.966 55.033 2.015
      vertex 36.716 55.05 2.116
    endloop
  endfacet
  facet normal 0 0 0
    outer loop
      vertex 39.966 51.105 0.495
      vertex 38.133 50.967 0.331
      vertex 31.966 51.269 0.768
    endloop
  endfacet
  facet normal 0 0 0
    outer loop
      vertex 39.966 51.105 0.495
      vertex 31.966 51.269 0.768
      vertex 39.966 51.353 0.93
    endloop
  endfacet
  facet normal 0 0 0
    outer loop
      vertex 36.716 55.05 2.116
      vertex 39.966 55.033 2.015
      vertex 35.299 55.181 2.513
    endloop
  endfacet
  facet normal 0 0 0
    outer loop
      vertex 31.966 51.269 0.768
      vertex 38.133 50.967 0.331
      vertex 35.299 50.907 0.273
    endloop
  endfacet
  facet normal 0 0 0
    outer loop
      vertex 39.966 55.033 2.015
      vertex 40.027 54.786 1.977
      vertex 40.052 54.791 2.221
    endloop
  endfacet
  facet normal 0 0 0
    outer loop
      vertex 40.027 54.786 1.977
      vertex 40.148 54.718 2.241
      vertex 40.052 54.791 2.221
    endloop
  endfacet
  facet normal 0 0 0
    outer loop
      vertex 31.966 51.269 0.768
      vertex 35.299 50.907 0.273
      vertex 31.966 50.997 0.366
    endloop
  endfacet
  facet normal 0 0 0
    outer loop
      vertex 31.966 50.997 0.366
      vertex 35.299 50.907 0.273
      vertex 31.966 50.563 0.001
    endloop
  endfacet
  facet normal 0 0 0
    outer loop
      vertex 35.966 50.016 0.001
      vertex 39.981 50.563 0.001
      vertex 41.466 50.016 0.001
    endloop
  endfacet
  facet normal 0 0 0
    outer loop
      vertex 39.966 55.033 2.015
      vertex 40.052 54.791 2.221
      vertex 39.99 55.285 2.932
    endloop
  endfacet
  facet normal 0 0 0
    outer loop
      vertex 39.981 50.563 0.001
      vertex 31.966 50.563 0.001
      vertex 35.299 50.907 0.273
    endloop
  endfacet
  facet normal 0 0 0
    outer loop
      vertex 39.966 51.451 1.23
      vertex 39.966 51.353 0.93
      vertex 31.966 51.269 0.768
    endloop
  endfacet
  facet normal 0 0 0
    outer loop
      vertex 35.299 50.907 0.273
      vertex 39.968 50.986 0.355
      vertex 39.981 50.563 0.001
    endloop
  endfacet
  facet normal 0 0 0
    outer loop
      vertex 35.966 50.016 0.001
      vertex 41.466 50.014 3.401
      vertex 35.966 50.014 3.401
    endloop
  endfacet
  facet normal 0 0 0
    outer loop
      vertex 40.298 54.599 1.722
      vertex 41.134 54.6 1.593
      vertex 41.253 54.627 1.743
    endloop
  endfacet
  facet normal 0 0 0
    outer loop
      vertex 40.298 54.599 1.722
      vertex 41.253 54.627 1.743
      vertex 41.253 54.637 1.912
    endloop
  endfacet
  facet normal 0 0 0
    outer loop
      vertex 41.253 54.637 1.912
      vertex 41.134 54.611 1.936
      vertex 40.298 54.599 1.722
    endloop
  endfacet
  facet normal 0 0 0
    outer loop
      vertex 31.966 51.269 0.768
      vertex 31.966 51.501 1.539
      vertex 39.966 51.451 1.23
    endloop
  endfacet
  facet normal 0 0 0
    outer loop
      vertex 40.298 54.599 1.722
      vertex 41.134 54.611 1.936
      vertex 40.298 54.681 2.272
    endloop
  endfacet
  facet normal 0 0 0
    outer loop
      vertex 31.966 51.501 1.539
      vertex 35.299 51.422 2.278
      vertex 39.966 51.451 1.23
    endloop
  endfacet
  facet normal 0 0 0
    outer loop
      vertex 31.966 47.728 0.801
      vertex 31.966 47.919 0.49
      vertex 35.299 47.574 1.204
    endloop
  endfacet
  facet normal 0 0 0
    outer loop
      vertex 35.299 47.574 1.204
      vertex 31.966 47.919 0.49
      vertex 35.299 48.052 0.333
    endloop
  endfacet
  facet normal 0 0 0
    outer loop
      vertex 40.027 54.786 1.977
      vertex 40.07 54.703 1.619
      vertex 40.298 54.599 1.722
    endloop
  endfacet
  facet normal 0 0 0
    outer loop
      vertex 31.966 47.534 1.962
      vertex 36.716 47.553 2.116
      vertex 31.966 47.66 2.451
    endloop
  endfacet
  facet normal 0 0 0
    outer loop
      vertex 40.298 54.611 1.464
      vertex 40.298 54.677 1.127
      vertex 41.134 54.746 0.924
    endloop
  endfacet
  facet normal 0 0 0
    outer loop
      vertex 35.299 48.052 0.333
      vertex 31.966 47.919 0.49
      vertex 31.966 48.456 0
    endloop
  endfacet
  facet normal 0 0 0
    outer loop
      vertex 41.134 54.746 0.924
      vertex 41.134 54.6 1.593
      vertex 40.298 54.611 1.464
    endloop
  endfacet
  facet normal 0 0 0
    outer loop
      vertex 40.298 54.611 1.464
      vertex 41.134 54.6 1.593
      vertex 40.298 54.599 1.722
    endloop
  endfacet
  facet normal 0 0 0
    outer loop
      vertex 31.966 47.534 1.962
      vertex 31.966 47.537 1.376
      vertex 36.716 47.553 2.116
    endloop
  endfacet
  facet normal 0 0 0
    outer loop
      vertex 31.966 47.537 1.376
      vertex 35.299 47.574 1.204
      vertex 36.716 47.553 2.116
    endloop
  endfacet
  facet normal 0 0 0
    outer loop
      vertex 40.133 54.698 1.284
      vertex 40.298 54.677 1.127
      vertex 40.298 54.611 1.464
    endloop
  endfacet
  facet normal 0 0 0
    outer loop
      vertex 35.966 49.014 3.4
      vertex 31.966 48.455 3.4
      vertex 39.981 48.455 3.4
    endloop
  endfacet
  facet normal 0 0 0
    outer loop
      vertex 35.966 49.014 3.4
      vertex 39.981 48.455 3.4
      vertex 41.466 49.014 3.4
    endloop
  endfacet
  facet normal 0 0 0
    outer loop
      vertex 31.966 48.455 3.4
      vertex 35.966 49.014 3.4
      vertex 31.966 50.562 3.401
    endloop
  endfacet
  facet normal 0 0 0
    outer loop
      vertex 31.966 48.455 3.4
      vertex 35.299 47.684 2.513
      vertex 36.008 47.986 2.988
    endloop
  endfacet
  facet normal 0 0 0
    outer loop
      vertex 35.299 47.684 2.513
      vertex 39.966 47.732 2.615
      vertex 39.967 47.948 2.945
    endloop
  endfacet
  facet normal 0 0 0
    outer loop
      vertex 39.967 47.948 2.945
      vertex 36.008 47.986 2.988
      vertex 35.299 47.684 2.513
    endloop
  endfacet
  facet normal 0 0 0
    outer loop
      vertex 40.027 54.786 1.977
      vertex 39.966 55.033 1.384
      vertex 40.07 54.703 1.619
    endloop
  endfacet
  facet normal 0 0 0
    outer loop
      vertex 39.967 47.948 2.945
      vertex 39.981 48.455 3.4
      vertex 36.008 47.986 2.988
    endloop
  endfacet
  facet normal 0 0 0
    outer loop
      vertex 39.981 48.455 3.4
      vertex 31.966 48.455 3.4
      vertex 36.008 47.986 2.988
    endloop
  endfacet
  facet normal 0 0 0
    outer loop
      vertex 40.027 54.786 1.977
      vertex 39.966 55.033 2.015
      vertex 39.966 55.033 1.384
    endloop
  endfacet
  facet normal 0 0 0
    outer loop
      vertex 48.092 62.737 1.344
      vertex 48.097 62.875 0.5
      vertex 47.656 61.992 0.5
    endloop
  endfacet
  facet normal 0 0 0
    outer loop
      vertex 17.167 28.953 0.569
      vertex 21 28.942 0.587
      vertex 17.167 28.714 1.202
    endloop
  endfacet
  facet normal 0 0 0
    outer loop
      vertex 49.037 63.852 1.842
      vertex 48.343 63.157 1.344
      vertex 48.491 63.063 1.914
    endloop
  endfacet
  facet normal 0 0 0
    outer loop
      vertex 48.343 63.157 1.344
      vertex 48.092 62.737 1.344
      vertex 48.491 63.063 1.914
    endloop
  endfacet
  facet normal 0 0 0
    outer loop
      vertex 17.167 28.953 0.569
      vertex 9.5 29.208 0.229
      vertex 21 29.451 0
    endloop
  endfacet
  facet normal 0 0 0
    outer loop
      vertex 48.343 63.157 1.344
      vertex 48.895 63.968 1.197
      vertex 48.641 63.699 0.5
    endloop
  endfacet
  facet normal 0 0 0
    outer loop
      vertex 48.343 63.157 1.344
      vertex 48.641 63.699 0.5
      vertex 48.092 62.737 1.344
    endloop
  endfacet
  facet normal 0 0 0
    outer loop
      vertex 48.097 62.875 0.5
      vertex 48.092 62.737 1.344
      vertex 48.641 63.699 0.5
    endloop
  endfacet
  facet normal 0 0 0
    outer loop
      vertex 49.037 63.852 1.842
      vertex 48.895 63.968 1.197
      vertex 48.343 63.157 1.344
    endloop
  endfacet
  facet normal 0 0 0
    outer loop
      vertex 47.323 61.064 0.5
      vertex 47.656 61.992 0.5
      vertex 48.919 63.226 0
    endloop
  endfacet
  facet normal 0 0 0
    outer loop
      vertex 47.656 61.992 0.5
      vertex 48.097 62.875 0.5
      vertex 48.919 63.226 0
    endloop
  endfacet
  facet normal 0 0 0
    outer loop
      vertex 48.097 62.875 0.5
      vertex 48.641 63.699 0.5
      vertex 48.919 63.226 0
    endloop
  endfacet
  facet normal 0 0 0
    outer loop
      vertex 48.88 61.357 3.267
      vertex 48.012 61.463 2.438
      vertex 48.506 61.051 3.093
    endloop
  endfacet
  facet normal 0 0 0
    outer loop
      vertex 48.012 61.463 2.438
      vertex 47.969 60.757 2.676
      vertex 48.506 61.051 3.093
    endloop
  endfacet
  facet normal 0 0 0
    outer loop
      vertex 21 28.653 1.65
      vertex 21 28.794 2.414
      vertex 17.167 28.665 1.876
    endloop
  endfacet
  facet normal 0 0 0
    outer loop
      vertex 17.167 28.714 1.202
      vertex 21 28.653 1.65
      vertex 17.167 28.665 1.876
    endloop
  endfacet
  facet normal 0 0 0
    outer loop
      vertex 47.781 59.875 2.676
      vertex 47.969 60.757 2.676
      vertex 47.449 59.925 2.183
    endloop
  endfacet
  facet normal 0 0 0
    outer loop
      vertex 21 33.5 0
      vertex 21 32.741 2.308
      vertex 21 33.5 3.3
    endloop
  endfacet
  facet normal 0 0 0
    outer loop
      vertex 21 32.435 0.401
      vertex 17.167 32.798 1.199
      vertex 21 32.73 0.996
    endloop
  endfacet
  facet normal 0 0 0
    outer loop
      vertex 48.012 61.463 2.438
      vertex 48.88 61.357 3.267
      vertex 48.829 61.838 3.093
    endloop
  endfacet
  facet normal 0 0 0
    outer loop
      vertex 21 32.435 2.899
      vertex 21 32.741 2.308
      vertex 17.167 32.571 2.679
    endloop
  endfacet
  facet normal 0 0 0
    outer loop
      vertex 21 32.435 2.899
      vertex 17.167 32.571 2.679
      vertex 13.333 32.653 2.53
    endloop
  endfacet
  facet normal 0 0 0
    outer loop
      vertex 21 32.741 2.308
      vertex 17.167 32.847 1.538
      vertex 17.167 32.773 2.212
    endloop
  endfacet
  facet normal 0 0 0
    outer loop
      vertex 21 32.741 2.308
      vertex 21 32.73 0.996
      vertex 17.167 32.847 1.538
    endloop
  endfacet
  facet normal 0 0 0
    outer loop
      vertex 21 32.73 0.996
      vertex 21 33.5 0
      vertex 21 32.435 0.401
    endloop
  endfacet
  facet normal 0 0 0
    outer loop
      vertex 48.88 61.357 3.267
      vertex 49.447 61.817 3.432
      vertex 48.829 61.838 3.093
    endloop
  endfacet
  facet normal 0 0 0
    outer loop
      vertex 21 33.5 0
      vertex 21 32.049 0
      vertex 21 32.435 0.401
    endloop
  endfacet
  facet normal 0 0 0
    outer loop
      vertex 21 33.5 3.3
      vertex 21 32.741 2.308
      vertex 21 32.435 2.899
    endloop
  endfacet
  facet normal 0 0 0
    outer loop
      vertex 21 32.049 3.3
      vertex 21 33.5 3.3
      vertex 21 32.435 2.899
    endloop
  endfacet
  facet normal 0 0 0
    outer loop
      vertex 21 32.741 2.308
      vertex 21 33.5 0
      vertex 21 32.73 0.996
    endloop
  endfacet
  facet normal 0 0 0
    outer loop
      vertex 47.969 60.757 2.676
      vertex 48.232 60.131 3.069
      vertex 48.506 61.051 3.093
    endloop
  endfacet
  facet normal 0 0 0
    outer loop
      vertex 47.781 59.875 2.676
      vertex 48.232 60.131 3.069
      vertex 47.969 60.757 2.676
    endloop
  endfacet
  facet normal 0 0 0
    outer loop
      vertex 48.567 59.756 3.348
      vertex 49.059 60.163 3.539
      vertex 48.506 61.051 3.093
    endloop
  endfacet
  facet normal 0 0 0
    outer loop
      vertex 48.506 61.051 3.093
      vertex 48.232 60.131 3.069
      vertex 48.567 59.756 3.348
    endloop
  endfacet
  facet normal 0 0 0
    outer loop
      vertex 50.986 52.302 2.438
      vertex 52.116 51.437 2.052
      vertex 52.206 51.646 2.438
    endloop
  endfacet
  facet normal 0 0 0
    outer loop
      vertex 47.406 60.416 1.914
      vertex 47.449 59.925 2.183
      vertex 47.969 60.757 2.676
    endloop
  endfacet
  facet normal 0 0 0
    outer loop
      vertex 52.058 52.384 3.093
      vertex 51.683 52.586 3.093
      vertex 52.206 51.646 2.438
    endloop
  endfacet
  facet normal 0 0 0
    outer loop
      vertex 47.449 59.925 2.183
      vertex 47.392 59.456 2.183
      vertex 47.781 59.875 2.676
    endloop
  endfacet
  facet normal 0 0 0
    outer loop
      vertex 52.206 51.646 2.438
      vertex 52.398 52.097 2.999
      vertex 52.058 52.384 3.093
    endloop
  endfacet
  facet normal 0 0 0
    outer loop
      vertex 52.206 51.646 2.438
      vertex 52.715 51.697 2.728
      vertex 52.398 52.097 2.999
    endloop
  endfacet
  facet normal 0 0 0
    outer loop
      vertex 52.206 51.646 2.438
      vertex 53.076 51.334 2.438
      vertex 52.715 51.697 2.728
    endloop
  endfacet
  facet normal 0 0 0
    outer loop
      vertex 52.058 52.384 3.093
      vertex 52.398 52.097 2.999
      vertex 52.223 52.713 3.348
    endloop
  endfacet
  facet normal 0 0 0
    outer loop
      vertex 48.394 59.366 3.267
      vertex 48.567 59.756 3.348
      vertex 48.232 60.131 3.069
    endloop
  endfacet
  facet normal 0 0 0
    outer loop
      vertex 52.715 51.697 2.728
      vertex 53.314 52.15 3.267
      vertex 52.923 52.277 3.267
    endloop
  endfacet
  facet normal 0 0 0
    outer loop
      vertex 52.398 52.097 2.999
      vertex 52.715 51.697 2.728
      vertex 52.923 52.277 3.267
    endloop
  endfacet
  facet normal 0 0 0
    outer loop
      vertex 50.986 52.302 2.438
      vertex 51.033 51.938 1.914
      vertex 52.116 51.437 2.052
    endloop
  endfacet
  facet normal 0 0 0
    outer loop
      vertex 49.827 58.109 3.738
      vertex 49.598 59.95 3.701
      vertex 49.059 60.163 3.539
    endloop
  endfacet
  facet normal 0 0 0
    outer loop
      vertex 49.059 60.163 3.539
      vertex 48.567 59.756 3.348
      vertex 48.394 59.366 3.267
    endloop
  endfacet
  facet normal 0 0 0
    outer loop
      vertex 49.059 60.163 3.539
      vertex 49.447 61.817 3.432
      vertex 48.506 61.051 3.093
    endloop
  endfacet
  facet normal 0 0 0
    outer loop
      vertex 49.059 60.163 3.539
      vertex 49.506 60.709 3.634
      vertex 49.447 61.817 3.432
    endloop
  endfacet
  facet normal 0 0 0
    outer loop
      vertex 49.059 60.163 3.539
      vertex 49.598 59.95 3.701
      vertex 49.506 60.709 3.634
    endloop
  endfacet
  facet normal 0 0 0
    outer loop
      vertex 47.656 61.992 0.5
      vertex 47.323 61.064 0.5
      vertex 47.667 61.855 1.344
    endloop
  endfacet
  facet normal 0 0 0
    outer loop
      vertex 53.076 51.334 2.438
      vertex 52.206 51.646 2.438
      vertex 53.227 51 1.914
    endloop
  endfacet
  facet normal 0 0 0
    outer loop
      vertex 47.667 61.855 1.344
      vertex 47.323 61.064 0.5
      vertex 47.234 60.452 1.344
    endloop
  endfacet
  facet normal 0 0 0
    outer loop
      vertex 47.667 61.855 1.344
      vertex 47.59 61.11 1.914
      vertex 48.024 62.226 1.914
    endloop
  endfacet
  facet normal 0 0 0
    outer loop
      vertex 55.003 51.007 0
      vertex 53.769 50.633 0.5
      vertex 53.048 50.801 0.5
    endloop
  endfacet
  facet normal 0 0 0
    outer loop
      vertex 47.667 61.855 1.344
      vertex 47.234 60.452 1.344
      vertex 47.59 61.11 1.914
    endloop
  endfacet
  facet normal 0 0 0
    outer loop
      vertex 53.048 50.801 0.5
      vertex 52.399 51.577 0
      vertex 55.003 51.007 0
    endloop
  endfacet
  facet normal 0 0 0
    outer loop
      vertex 48.012 61.463 2.438
      vertex 47.59 61.11 1.914
      vertex 47.969 60.757 2.676
    endloop
  endfacet
  facet normal 0 0 0
    outer loop
      vertex 51.011 51.668 0.5
      vertex 51.442 51.427 0.5
      vertex 51.59 51.448 1.415
    endloop
  endfacet
  facet normal 0 0 0
    outer loop
      vertex 48.024 62.226 1.914
      vertex 47.59 61.11 1.914
      vertex 48.012 61.463 2.438
    endloop
  endfacet
  facet normal 0 0 0
    outer loop
      vertex 47.199 60.586 0.5
      vertex 47.86 61.098 0
      vertex 47.628 60.173 0
    endloop
  endfacet
  facet normal 0 0 0
    outer loop
      vertex 47.199 60.586 0.5
      vertex 47.323 61.064 0.5
      vertex 47.86 61.098 0
    endloop
  endfacet
  facet normal 0 0 0
    outer loop
      vertex 47.86 61.098 0
      vertex 47.323 61.064 0.5
      vertex 48.919 63.226 0
    endloop
  endfacet
  facet normal 0 0 0
    outer loop
      vertex 61.759 36.368 2.895
      vertex 62.099 36.191 2.438
      vertex 62.306 37.099 2.676
    endloop
  endfacet
  facet normal 0 0 0
    outer loop
      vertex 53.048 50.801 0.5
      vertex 53.42 50.768 1.344
      vertex 52.48 51.043 1.344
    endloop
  endfacet
  facet normal 0 0 0
    outer loop
      vertex 53.048 50.801 0.5
      vertex 53.769 50.633 0.5
      vertex 53.42 50.768 1.344
    endloop
  endfacet
  facet normal 0 0 0
    outer loop
      vertex 61.759 36.368 2.895
      vertex 61.427 35.799 2.895
      vertex 62.099 36.191 2.438
    endloop
  endfacet
  facet normal 0 0 0
    outer loop
      vertex 52.48 51.043 1.344
      vertex 52.518 50.965 0.825
      vertex 53.048 50.801 0.5
    endloop
  endfacet
  facet normal 0 0 0
    outer loop
      vertex 51.59 51.448 1.415
      vertex 52.48 51.043 1.344
      vertex 52.116 51.437 2.052
    endloop
  endfacet
  facet normal 0 0 0
    outer loop
      vertex 61.75 35.593 2.438
      vertex 62.352 36.06 1.914
      vertex 62.099 36.191 2.438
    endloop
  endfacet
  facet normal 0 0 0
    outer loop
      vertex 51.59 51.448 1.415
      vertex 52.116 51.437 2.052
      vertex 51.033 51.938 1.914
    endloop
  endfacet
  facet normal 0 0 0
    outer loop
      vertex 52.48 51.043 1.344
      vertex 52.057 51.142 0.825
      vertex 52.518 50.965 0.825
    endloop
  endfacet
  facet normal 0 0 0
    outer loop
      vertex 52.48 51.043 1.344
      vertex 51.59 51.448 1.415
      vertex 52.057 51.142 0.825
    endloop
  endfacet
  facet normal 0 0 0
    outer loop
      vertex 62.306 37.099 2.676
      vertex 62.352 36.06 1.914
      vertex 62.56 36.492 1.914
    endloop
  endfacet
  facet normal 0 0 0
    outer loop
      vertex 52.115 51.12 0.5
      vertex 52.057 51.142 0.825
      vertex 51.59 51.448 1.415
    endloop
  endfacet
  facet normal 0 0 0
    outer loop
      vertex 62.621 36.981 2.183
      vertex 62.306 37.099 2.676
      vertex 62.56 36.492 1.914
    endloop
  endfacet
  facet normal 0 0 0
    outer loop
      vertex 52.115 51.12 0.5
      vertex 52.518 50.965 0.825
      vertex 52.057 51.142 0.825
    endloop
  endfacet
  facet normal 0 0 0
    outer loop
      vertex 62.509 35.979 1.344
      vertex 62.006 35.138 1.344
      vertex 62.507 35.841 0.5
    endloop
  endfacet
  facet normal 0 0 0
    outer loop
      vertex 51.442 51.427 0.5
      vertex 52.115 51.12 0.5
      vertex 51.59 51.448 1.415
    endloop
  endfacet
  facet normal 0 0 0
    outer loop
      vertex 62.721 36.42 1.344
      vertex 62.509 35.979 1.344
      vertex 62.507 35.841 0.5
    endloop
  endfacet
  facet normal 0 0 0
    outer loop
      vertex 52.518 50.965 0.825
      vertex 52.115 51.12 0.5
      vertex 53.048 50.801 0.5
    endloop
  endfacet
  facet normal 0 0 0
    outer loop
      vertex 52.399 51.577 0
      vertex 51.442 51.427 0.5
      vertex 51.011 51.668 0.5
    endloop
  endfacet
  facet normal 0 0 0
    outer loop
      vertex 62.507 35.841 0.5
      vertex 62.802 36.452 0.825
      vertex 62.721 36.42 1.344
    endloop
  endfacet
  facet normal 0 0 0
    outer loop
      vertex 50.963 52.293 0
      vertex 52.399 51.577 0
      vertex 51.011 51.668 0.5
    endloop
  endfacet
  facet normal 0 0 0
    outer loop
      vertex 62.721 36.42 1.344
      vertex 62.802 36.452 0.825
      vertex 63.005 36.968 0.5
    endloop
  endfacet
  facet normal 0 0 0
    outer loop
      vertex 53.048 50.801 0.5
      vertex 52.115 51.12 0.5
      vertex 52.399 51.577 0
    endloop
  endfacet
  facet normal 0 0 0
    outer loop
      vertex 52.399 51.577 0
      vertex 52.115 51.12 0.5
      vertex 51.442 51.427 0.5
    endloop
  endfacet
  facet normal 0 0 0
    outer loop
      vertex 63.065 37.337 1.344
      vertex 62.721 36.42 1.344
      vertex 63.005 36.968 0.5
    endloop
  endfacet
  facet normal 0 0 0
    outer loop
      vertex 53.563 51.394 2.676
      vertex 53.076 51.334 2.438
      vertex 53.227 51 1.914
    endloop
  endfacet
  facet normal 0 0 0
    outer loop
      vertex 62.721 36.42 1.344
      vertex 62.621 36.981 2.183
      vertex 62.56 36.492 1.914
    endloop
  endfacet
  facet normal 0 0 0
    outer loop
      vertex 52.48 51.043 1.344
      vertex 53.227 51 1.914
      vertex 52.116 51.437 2.052
    endloop
  endfacet
  facet normal 0 0 0
    outer loop
      vertex 52.206 51.646 2.438
      vertex 52.116 51.437 2.052
      vertex 53.227 51 1.914
    endloop
  endfacet
  facet normal 0 0 0
    outer loop
      vertex 62.352 36.06 1.914
      vertex 62.509 35.979 1.344
      vertex 62.56 36.492 1.914
    endloop
  endfacet
  facet normal 0 0 0
    outer loop
      vertex 62.56 36.492 1.914
      vertex 62.509 35.979 1.344
      vertex 62.721 36.42 1.344
    endloop
  endfacet
  facet normal 0 0 0
    outer loop
      vertex 52.48 51.043 1.344
      vertex 53.42 50.768 1.344
      vertex 53.227 51 1.914
    endloop
  endfacet
  facet normal 0 0 0
    outer loop
      vertex 54.276 56.233 2
      vertex 54.131 54.183 2
      vertex 54.82 56.087 2
    endloop
  endfacet
  facet normal 0 0 0
    outer loop
      vertex 61.177 34.565 2.183
      vertex 62.006 35.138 1.344
      vertex 61.861 35.237 1.914
    endloop
  endfacet
  facet normal 0 0 0
    outer loop
      vertex 53.773 56.489 2
      vertex 52.158 55.204 2
      vertex 52.685 54.819 2
    endloop
  endfacet
  facet normal 0 0 0
    outer loop
      vertex 52.685 54.819 2
      vertex 54.276 56.233 2
      vertex 53.773 56.489 2
    endloop
  endfacet
  facet normal 0 0 0
    outer loop
      vertex 54.276 56.233 2
      vertex 52.685 54.819 2
      vertex 53.597 54.351 2
    endloop
  endfacet
  facet normal 0 0 0
    outer loop
      vertex 61.861 35.237 1.914
      vertex 61.75 35.593 2.438
      vertex 61.177 34.565 2.183
    endloop
  endfacet
  facet normal 0 0 0
    outer loop
      vertex 47.103 60.101 0.5
      vertex 47.199 60.586 0.5
      vertex 47.628 60.173 0
    endloop
  endfacet
  facet normal 0 0 0
    outer loop
      vertex 47.969 60.757 2.676
      vertex 47.59 61.11 1.914
      vertex 47.406 60.416 1.914
    endloop
  endfacet
  facet normal 0 0 0
    outer loop
      vertex 54.276 56.233 0.5
      vertex 53.773 56.489 0.5
      vertex 54.276 56.233 2
    endloop
  endfacet
  facet normal 0 0 0
    outer loop
      vertex 54.82 56.087 0.5
      vertex 54.276 56.233 0.5
      vertex 54.276 56.233 2
    endloop
  endfacet
  facet normal 0 0 0
    outer loop
      vertex 47.323 61.064 0.5
      vertex 47.199 60.586 0.5
      vertex 47.234 60.452 1.344
    endloop
  endfacet
  facet normal 0 0 0
    outer loop
      vertex 47.199 60.586 0.5
      vertex 47.088 59.484 1.344
      vertex 47.234 60.452 1.344
    endloop
  endfacet
  facet normal 0 0 0
    outer loop
      vertex 53.773 56.489 2
      vertex 54.276 56.233 2
      vertex 53.773 56.489 0.5
    endloop
  endfacet
  facet normal 0 0 0
    outer loop
      vertex 54.82 56.087 0.5
      vertex 54.276 56.233 2
      vertex 54.82 56.087 2
    endloop
  endfacet
  facet normal 0 0 0
    outer loop
      vertex 47.088 59.484 1.344
      vertex 47.199 60.586 0.5
      vertex 47.103 60.101 0.5
    endloop
  endfacet
  facet normal 0 0 0
    outer loop
      vertex 53.335 56.843 0.5
      vertex 52.981 57.281 0.5
      vertex 53.335 56.843 2
    endloop
  endfacet
  facet normal 0 0 0
    outer loop
      vertex 62.352 36.06 1.914
      vertex 61.861 35.237 1.914
      vertex 62.006 35.138 1.344
    endloop
  endfacet
  facet normal 0 0 0
    outer loop
      vertex 52.981 57.281 2
      vertex 53.335 56.843 2
      vertex 52.981 57.281 0.5
    endloop
  endfacet
  facet normal 0 0 0
    outer loop
      vertex 62.006 35.138 1.344
      vertex 62.509 35.979 1.344
      vertex 62.352 36.06 1.914
    endloop
  endfacet
  facet normal 0 0 0
    outer loop
      vertex 53.335 56.843 0.5
      vertex 52.855 56.635 0
      vertex 52.981 57.281 0.5
    endloop
  endfacet
  facet normal 0 0 0
    outer loop
      vertex 61.861 35.237 1.914
      vertex 62.352 36.06 1.914
      vertex 61.75 35.593 2.438
    endloop
  endfacet
  facet normal 0 0 0
    outer loop
      vertex 53.335 56.843 2
      vertex 53.773 56.489 0.5
      vertex 53.335 56.843 0.5
    endloop
  endfacet
  facet normal 0 0 0
    outer loop
      vertex 53.335 56.843 2
      vertex 53.773 56.489 2
      vertex 53.773 56.489 0.5
    endloop
  endfacet
  facet normal 0 0 0
    outer loop
      vertex 62.507 35.841 0.5
      vertex 62.501 37.065 0
      vertex 63.005 36.968 0.5
    endloop
  endfacet
  facet normal 0 0 0
    outer loop
      vertex 62.507 35.841 0.5
      vertex 61.885 35.777 0
      vertex 62.501 37.065 0
    endloop
  endfacet
  facet normal 0 0 0
    outer loop
      vertex 53.773 56.489 0.5
      vertex 54.276 56.233 0.5
      vertex 53.755 55.917 0
    endloop
  endfacet
  facet normal 0 0 0
    outer loop
      vertex 53.335 56.843 0.5
      vertex 53.755 55.917 0
      vertex 52.855 56.635 0
    endloop
  endfacet
  facet normal 0 0 0
    outer loop
      vertex 53.755 55.917 0
      vertex 53.335 56.843 0.5
      vertex 53.773 56.489 0.5
    endloop
  endfacet
  facet normal 0 0 0
    outer loop
      vertex 62.006 35.138 1.344
      vertex 61.177 34.565 2.183
      vertex 61.407 34.364 1.344
    endloop
  endfacet
  facet normal 0 0 0
    outer loop
      vertex 53.755 55.917 0
      vertex 54.276 56.233 0.5
      vertex 54.477 55.647 0
    endloop
  endfacet
  facet normal 0 0 0
    outer loop
      vertex 54.477 55.647 0
      vertex 54.276 56.233 0.5
      vertex 54.82 56.087 0.5
    endloop
  endfacet
  facet normal 0 0 0
    outer loop
      vertex 55.319 55.561 0
      vertex 54.477 55.647 0
      vertex 54.82 56.087 0.5
    endloop
  endfacet
  facet normal 0 0 0
    outer loop
      vertex 61.84 34.804 0.5
      vertex 62.006 35.138 1.344
      vertex 61.407 34.364 1.344
    endloop
  endfacet
  facet normal 0 0 0
    outer loop
      vertex 55.319 55.561 0
      vertex 54.82 56.087 0.5
      vertex 55.664 56.087 0.5
    endloop
  endfacet
  facet normal 0 0 0
    outer loop
      vertex 61.84 34.804 0.5
      vertex 61.407 34.364 1.344
      vertex 60.851 33.705 0.5
    endloop
  endfacet
  facet normal 0 0 0
    outer loop
      vertex 56.303 55.735 0
      vertex 55.319 55.561 0
      vertex 55.664 56.087 0.5
    endloop
  endfacet
  facet normal 0 0 0
    outer loop
      vertex 61.84 34.804 0.5
      vertex 61.041 34.624 0
      vertex 61.885 35.777 0
    endloop
  endfacet
  facet normal 0 0 0
    outer loop
      vertex 56.303 55.735 0
      vertex 55.664 56.087 0.5
      vertex 56.208 56.233 0.5
    endloop
  endfacet
  facet normal 0 0 0
    outer loop
      vertex 61.84 34.804 0.5
      vertex 62.507 35.841 0.5
      vertex 62.006 35.138 1.344
    endloop
  endfacet
  facet normal 0 0 0
    outer loop
      vertex 61.84 34.804 0.5
      vertex 61.885 35.777 0
      vertex 62.507 35.841 0.5
    endloop
  endfacet
  facet normal 0 0 0
    outer loop
      vertex 54.82 56.087 2
      vertex 55.664 56.087 0.5
      vertex 54.82 56.087 0.5
    endloop
  endfacet
  facet normal 0 0 0
    outer loop
      vertex 50.395 33.079 0.5
      vertex 51.011 32.668 0.5
      vertex 50.732 32.917 1.344
    endloop
  endfacet
  facet normal 0 0 0
    outer loop
      vertex 54.82 56.087 2
      vertex 55.664 56.087 2
      vertex 55.664 56.087 0.5
    endloop
  endfacet
  facet normal 0 0 0
    outer loop
      vertex 56.208 56.233 0.5
      vertex 55.664 56.087 0.5
      vertex 55.664 56.087 2
    endloop
  endfacet
  facet normal 0 0 0
    outer loop
      vertex 50.395 33.079 0.5
      vertex 50.963 33.293 0
      vertex 51.011 32.668 0.5
    endloop
  endfacet
  facet normal 0 0 0
    outer loop
      vertex 57.91 57.002 0
      vertex 57.112 56.176 0
      vertex 57.149 56.843 0.5
    endloop
  endfacet
  facet normal 0 0 0
    outer loop
      vertex 52.116 32.437 2.052
      vertex 52.206 32.646 2.438
      vertex 50.986 33.302 2.438
    endloop
  endfacet
  facet normal 0 0 0
    outer loop
      vertex 57.112 56.176 0
      vertex 56.303 55.735 0
      vertex 56.208 56.233 0.5
    endloop
  endfacet
  facet normal 0 0 0
    outer loop
      vertex 57.112 56.176 0
      vertex 56.208 56.233 0.5
      vertex 56.711 56.489 0.5
    endloop
  endfacet
  facet normal 0 0 0
    outer loop
      vertex 52.058 33.384 3.093
      vertex 51.683 33.586 3.093
      vertex 52.206 32.646 2.438
    endloop
  endfacet
  facet normal 0 0 0
    outer loop
      vertex 57.149 56.843 0.5
      vertex 57.112 56.176 0
      vertex 56.711 56.489 0.5
    endloop
  endfacet
  facet normal 0 0 0
    outer loop
      vertex 52.058 33.384 3.093
      vertex 52.206 32.646 2.438
      vertex 52.398 33.097 2.999
    endloop
  endfacet
  facet normal 0 0 0
    outer loop
      vertex 57.503 57.281 0.5
      vertex 57.91 57.002 0
      vertex 57.149 56.843 0.5
    endloop
  endfacet
  facet normal 0 0 0
    outer loop
      vertex 52.206 32.646 2.438
      vertex 52.715 32.697 2.728
      vertex 52.398 33.097 2.999
    endloop
  endfacet
  facet normal 0 0 0
    outer loop
      vertex 52.206 32.646 2.438
      vertex 53.076 32.334 2.438
      vertex 52.715 32.697 2.728
    endloop
  endfacet
  facet normal 0 0 0
    outer loop
      vertex 56.208 56.233 0.5
      vertex 55.664 56.087 2
      vertex 56.208 56.233 2
    endloop
  endfacet
  facet normal 0 0 0
    outer loop
      vertex 54.82 56.087 2
      vertex 55.615 54.065 2
      vertex 55.664 56.087 2
    endloop
  endfacet
  facet normal 0 0 0
    outer loop
      vertex 56.17 54.146 2
      vertex 55.664 56.087 2
      vertex 55.615 54.065 2
    endloop
  endfacet
  facet normal 0 0 0
    outer loop
      vertex 56.208 56.233 0.5
      vertex 56.208 56.233 2
      vertex 56.711 56.489 2
    endloop
  endfacet
  facet normal 0 0 0
    outer loop
      vertex 56.711 56.489 0.5
      vertex 56.208 56.233 0.5
      vertex 56.711 56.489 2
    endloop
  endfacet
  facet normal 0 0 0
    outer loop
      vertex 56.711 56.489 2
      vertex 57.479 54.628 2
      vertex 58.181 55.087 2
    endloop
  endfacet
  facet normal 0 0 0
    outer loop
      vertex 51.033 32.938 1.914
      vertex 52.116 32.437 2.052
      vertex 50.986 33.302 2.438
    endloop
  endfacet
  facet normal 0 0 0
    outer loop
      vertex 56.711 56.489 2
      vertex 57.149 56.843 0.5
      vertex 56.711 56.489 0.5
    endloop
  endfacet
  facet normal 0 0 0
    outer loop
      vertex 57.149 56.843 0.5
      vertex 56.711 56.489 2
      vertex 57.149 56.843 2
    endloop
  endfacet
  facet normal 0 0 0
    outer loop
      vertex 55.664 56.087 2
      vertex 56.17 54.146 2
      vertex 56.208 56.233 2
    endloop
  endfacet
  facet normal 0 0 0
    outer loop
      vertex 57.149 56.843 2
      vertex 58.181 55.087 2
      vertex 58.724 55.598 2
    endloop
  endfacet
  facet normal 0 0 0
    outer loop
      vertex 57.503 57.281 0.5
      vertex 57.149 56.843 2
      vertex 57.503 57.281 2
    endloop
  endfacet
  facet normal 0 0 0
    outer loop
      vertex 57.149 56.843 2
      vertex 57.503 57.281 0.5
      vertex 57.149 56.843 0.5
    endloop
  endfacet
  facet normal 0 0 0
    outer loop
      vertex 57.149 56.843 2
      vertex 58.724 55.598 2
      vertex 57.503 57.281 2
    endloop
  endfacet
  facet normal 0 0 0
    outer loop
      vertex 53.076 32.334 2.438
      vertex 53.227 32 1.914
      vertex 53.563 32.394 2.676
    endloop
  endfacet
  facet normal 0 0 0
    outer loop
      vertex 53.076 32.334 2.438
      vertex 52.206 32.646 2.438
      vertex 53.227 32 1.914
    endloop
  endfacet
  facet normal 0 0 0
    outer loop
      vertex 53.463 52.66 3.539
      vertex 53.505 53.334 3.712
      vertex 53.197 53.044 3.634
    endloop
  endfacet
  facet normal 0 0 0
    outer loop
      vertex 53.048 31.801 0.5
      vertex 52.399 32.577 0
      vertex 55.003 32.007 0
    endloop
  endfacet
  facet normal 0 0 0
    outer loop
      vertex 51.011 32.668 0.5
      vertex 51.442 32.427 0.5
      vertex 51.59 32.448 1.415
    endloop
  endfacet
  facet normal 0 0 0
    outer loop
      vertex 51.442 32.427 0.5
      vertex 51.011 32.668 0.5
      vertex 52.399 32.577 0
    endloop
  endfacet
  facet normal 0 0 0
    outer loop
      vertex 21 29.451 0
      vertex 21 28.942 0.587
      vertex 17.167 28.953 0.569
    endloop
  endfacet
  facet normal 0 0 0
    outer loop
      vertex 51.59 32.448 1.415
      vertex 50.732 32.917 1.344
      vertex 51.011 32.668 0.5
    endloop
  endfacet
  facet normal 0 0 0
    outer loop
      vertex 53.048 31.801 0.5
      vertex 53.42 31.768 1.344
      vertex 52.48 32.043 1.344
    endloop
  endfacet
  facet normal 0 0 0
    outer loop
      vertex 17.167 28.714 1.202
      vertex 21 28.942 0.587
      vertex 21 28.759 0.992
    endloop
  endfacet
  facet normal 0 0 0
    outer loop
      vertex 21 28.759 0.992
      vertex 21 28.653 1.65
      vertex 17.167 28.714 1.202
    endloop
  endfacet
  facet normal 0 0 0
    outer loop
      vertex 52.48 32.043 1.344
      vertex 52.518 31.965 0.825
      vertex 53.048 31.801 0.5
    endloop
  endfacet
  facet normal 0 0 0
    outer loop
      vertex 21 28.794 2.414
      vertex 21 29.208 3.071
      vertex 17.167 29.051 2.87
    endloop
  endfacet
  facet normal 0 0 0
    outer loop
      vertex 51.59 32.448 1.415
      vertex 52.48 32.043 1.344
      vertex 52.116 32.437 2.052
    endloop
  endfacet
  facet normal 0 0 0
    outer loop
      vertex 52.116 32.437 2.052
      vertex 51.033 32.938 1.914
      vertex 51.59 32.448 1.415
    endloop
  endfacet
  facet normal 0 0 0
    outer loop
      vertex 52.48 32.043 1.344
      vertex 52.057 32.142 0.825
      vertex 52.518 31.965 0.825
    endloop
  endfacet
  facet normal 0 0 0
    outer loop
      vertex 21 29.208 3.071
      vertex 21 28 3.3
      vertex 21 29.451 3.3
    endloop
  endfacet
  facet normal 0 0 0
    outer loop
      vertex 52.48 32.043 1.344
      vertex 51.59 32.448 1.415
      vertex 52.057 32.142 0.825
    endloop
  endfacet
  facet normal 0 0 0
    outer loop
      vertex 52.115 32.12 0.5
      vertex 52.057 32.142 0.825
      vertex 51.59 32.448 1.415
    endloop
  endfacet
  facet normal 0 0 0
    outer loop
      vertex 52.115 32.12 0.5
      vertex 52.518 31.965 0.825
      vertex 52.057 32.142 0.825
    endloop
  endfacet
  facet normal 0 0 0
    outer loop
      vertex 21 28.794 2.414
      vertex 21 28 3.3
      vertex 21 29.208 3.071
    endloop
  endfacet
  facet normal 0 0 0
    outer loop
      vertex 51.442 32.427 0.5
      vertex 52.115 32.12 0.5
      vertex 51.59 32.448 1.415
    endloop
  endfacet
  facet normal 0 0 0
    outer loop
      vertex 52.518 31.965 0.825
      vertex 52.115 32.12 0.5
      vertex 53.048 31.801 0.5
    endloop
  endfacet
  facet normal 0 0 0
    outer loop
      vertex 21 28.653 1.65
      vertex 21 28 0
      vertex 21 28 3.3
    endloop
  endfacet
  facet normal 0 0 0
    outer loop
      vertex 21 28 3.3
      vertex 21 28.794 2.414
      vertex 21 28.653 1.65
    endloop
  endfacet
  facet normal 0 0 0
    outer loop
      vertex 21 28 0
      vertex 21 28.942 0.587
      vertex 21 29.451 0
    endloop
  endfacet
  facet normal 0 0 0
    outer loop
      vertex 21 28.759 0.992
      vertex 21 28.942 0.587
      vertex 21 28 0
    endloop
  endfacet
  facet normal 0 0 0
    outer loop
      vertex 21 28 0
      vertex 21 28.653 1.65
      vertex 21 28.759 0.992
    endloop
  endfacet
  facet normal 0 0 0
    outer loop
      vertex 14 41.501 3.3
      vertex 14 39 3.3
      vertex 14 39 0
    endloop
  endfacet
  facet normal 0 0 0
    outer loop
      vertex 50.963 33.293 0
      vertex 52.399 32.577 0
      vertex 51.011 32.668 0.5
    endloop
  endfacet
  facet normal 0 0 0
    outer loop
      vertex 53.048 31.801 0.5
      vertex 52.115 32.12 0.5
      vertex 52.399 32.577 0
    endloop
  endfacet
  facet normal 0 0 0
    outer loop
      vertex 52.399 32.577 0
      vertex 52.115 32.12 0.5
      vertex 51.442 32.427 0.5
    endloop
  endfacet
  facet normal 0 0 0
    outer loop
      vertex 8.1 28.872 0
      vertex 9.5 29.451 0
      vertex 9.5 28.872 0
    endloop
  endfacet
  facet normal 0 0 0
    outer loop
      vertex 9.5 29.451 0
      vertex 8.1 28.872 0
      vertex 7.5 29.808 0
    endloop
  endfacet
  facet normal 0 0 0
    outer loop
      vertex 9.5 32.049 0
      vertex 8.1 32.628 0
      vertex 9.5 32.628 0
    endloop
  endfacet
  facet normal 0 0 0
    outer loop
      vertex 8.1 32.628 0
      vertex 9.5 32.049 0
      vertex 7.5 31.692 0
    endloop
  endfacet
  facet normal 0 0 0
    outer loop
      vertex 7.5 31.692 0
      vertex 9.5 32.049 0
      vertex 7.5 31.55 0
    endloop
  endfacet
  facet normal 0 0 0
    outer loop
      vertex 9.5 32.049 0
      vertex 14.5 31.55 0
      vertex 7.5 31.55 0
    endloop
  endfacet
  facet normal 0 0 0
    outer loop
      vertex 52.48 32.043 1.344
      vertex 53.227 32 1.914
      vertex 52.116 32.437 2.052
    endloop
  endfacet
  facet normal 0 0 0
    outer loop
      vertex 7.5 29.808 0
      vertex 7.5 29.95 0
      vertex 9.5 29.451 0
    endloop
  endfacet
  facet normal 0 0 0
    outer loop
      vertex 52.206 32.646 2.438
      vertex 52.116 32.437 2.052
      vertex 53.227 32 1.914
    endloop
  endfacet
  facet normal 0 0 0
    outer loop
      vertex 53.227 32 1.914
      vertex 52.48 32.043 1.344
      vertex 53.42 31.768 1.344
    endloop
  endfacet
  facet normal 0 0 0
    outer loop
      vertex 14.5 31.55 0
      vertex 9.5 32.049 0
      vertex 21 32.049 0
    endloop
  endfacet
  facet normal 0 0 0
    outer loop
      vertex 9.5 29.451 0
      vertex 7.5 29.95 0
      vertex 14.5 29.95 0
    endloop
  endfacet
  facet normal 0 0 0
    outer loop
      vertex 21 29.451 0
      vertex 9.5 29.451 0
      vertex 14.5 29.95 0
    endloop
  endfacet
  facet normal 0 0 0
    outer loop
      vertex 55.349 32.579 3.04
      vertex 54.903 32.212 2.676
      vertex 55.36 31.869 2.183
    endloop
  endfacet
  facet normal 0 0 0
    outer loop
      vertex 7.5 32.601 1.233
      vertex 7.5 32.244 0.48
      vertex 7.5 31.692 0
    endloop
  endfacet
  facet normal 0 0 0
    outer loop
      vertex 7.5 32.624 1.858
      vertex 7.5 32.601 1.233
      vertex 7.5 31.692 0
    endloop
  endfacet
  facet normal 0 0 0
    outer loop
      vertex 7.5 31.692 0
      vertex 7.5 32.464 2.463
      vertex 7.5 32.624 1.858
    endloop
  endfacet
  facet normal 0 0 0
    outer loop
      vertex 7.5 32.244 2.82
      vertex 7.5 32.464 2.463
      vertex 7.5 31.692 0
    endloop
  endfacet
  facet normal 0 0 0
    outer loop
      vertex 7.5 31.692 3.3
      vertex 7.5 32.244 2.82
      vertex 7.5 31.692 0
    endloop
  endfacet
  facet normal 0 0 0
    outer loop
      vertex 7.5 31.55 3.3
      vertex 7.5 31.692 3.3
      vertex 7.5 31.692 0
    endloop
  endfacet
  facet normal 0 0 0
    outer loop
      vertex 7.5 31.55 0
      vertex 7.5 31.55 3.3
      vertex 7.5 31.692 0
    endloop
  endfacet
  facet normal 0 0 0
    outer loop
      vertex 7.5 29.808 3.3
      vertex 7.5 29.95 3.3
      vertex 7.5 29.95 0
    endloop
  endfacet
  facet normal 0 0 0
    outer loop
      vertex 7.5 29.395 2.978
      vertex 7.5 29.808 3.3
      vertex 7.5 29.95 0
    endloop
  endfacet
  facet normal 0 0 0
    outer loop
      vertex 7.5 28.945 2.217
      vertex 7.5 29.395 2.978
      vertex 7.5 29.95 0
    endloop
  endfacet
  facet normal 0 0 0
    outer loop
      vertex 7.5 28.876 1.442
      vertex 7.5 28.945 2.217
      vertex 7.5 29.95 0
    endloop
  endfacet
  facet normal 0 0 0
    outer loop
      vertex 7.5 29.036 0.837
      vertex 7.5 28.876 1.442
      vertex 7.5 29.95 0
    endloop
  endfacet
  facet normal 0 0 0
    outer loop
      vertex 7.5 29.362 0.364
      vertex 7.5 29.036 0.837
      vertex 7.5 29.95 0
    endloop
  endfacet
  facet normal 0 0 0
    outer loop
      vertex 7.5 29.808 0
      vertex 7.5 29.362 0.364
      vertex 7.5 29.95 0
    endloop
  endfacet
  facet normal 0 0 0
    outer loop
      vertex 47.392 59.456 2.183
      vertex 47.449 59.925 2.183
      vertex 47.219 59.959 1.633
    endloop
  endfacet
  facet normal 0 0 0
    outer loop
      vertex 7.5 31.692 3.3
      vertex 9.5 32.049 3.3
      vertex 8.1 32.628 3.3
    endloop
  endfacet
  facet normal 0 0 0
    outer loop
      vertex 47.449 59.925 2.183
      vertex 47.406 60.416 1.914
      vertex 47.219 59.959 1.633
    endloop
  endfacet
  facet normal 0 0 0
    outer loop
      vertex 9.5 29.451 3.3
      vertex 7.5 29.808 3.3
      vertex 8.1 28.872 3.3
    endloop
  endfacet
  facet normal 0 0 0
    outer loop
      vertex 47.234 60.452 1.344
      vertex 47.088 59.484 1.344
      vertex 47.219 59.959 1.633
    endloop
  endfacet
  facet normal 0 0 0
    outer loop
      vertex 9.5 32.049 3.3
      vertex 9.5 32.628 3.3
      vertex 8.1 32.628 3.3
    endloop
  endfacet
  facet normal 0 0 0
    outer loop
      vertex 7.5 31.692 3.3
      vertex 7.5 31.55 3.3
      vertex 9.5 32.049 3.3
    endloop
  endfacet
  facet normal 0 0 0
    outer loop
      vertex 9.5 32.049 3.3
      vertex 7.5 31.55 3.3
      vertex 14.5 31.55 3.3
    endloop
  endfacet
  facet normal 0 0 0
    outer loop
      vertex 7.5 29.95 3.3
      vertex 7.5 29.808 3.3
      vertex 9.5 29.451 3.3
    endloop
  endfacet
  facet normal 0 0 0
    outer loop
      vertex 9.5 29.451 3.3
      vertex 8.1 28.872 3.3
      vertex 9.5 28.872 3.3
    endloop
  endfacet
  facet normal 0 0 0
    outer loop
      vertex 47.406 60.416 1.914
      vertex 47.234 60.452 1.344
      vertex 47.219 59.959 1.633
    endloop
  endfacet
  facet normal 0 0 0
    outer loop
      vertex 9.5 32.049 3.3
      vertex 14.5 31.55 3.3
      vertex 21 32.049 3.3
    endloop
  endfacet
  facet normal 0 0 0
    outer loop
      vertex 47.59 61.11 1.914
      vertex 47.234 60.452 1.344
      vertex 47.406 60.416 1.914
    endloop
  endfacet
  facet normal 0 0 0
    outer loop
      vertex 14.5 29.95 3.3
      vertex 9.5 29.451 3.3
      vertex 21 29.451 3.3
    endloop
  endfacet
  facet normal 0 0 0
    outer loop
      vertex 9.5 29.451 3.3
      vertex 14.5 29.95 3.3
      vertex 7.5 29.95 3.3
    endloop
  endfacet
  facet normal 0 0 0
    outer loop
      vertex 47.103 60.101 0.5
      vertex 47.628 60.173 0
      vertex 47.525 58.035 0
    endloop
  endfacet
  facet normal 0 0 0
    outer loop
      vertex 49.059 60.163 3.539
      vertex 48.9 58.56 3.539
      vertex 49.827 58.109 3.738
    endloop
  endfacet
  facet normal 0 0 0
    outer loop
      vertex 8.1 33.201 1.173
      vertex 8.1 33.201 2.127
      vertex 9.5 33.201 1.173
    endloop
  endfacet
  facet normal 0 0 0
    outer loop
      vertex 8.1 32.954 2.799
      vertex 7.5 32.244 2.82
      vertex 8.1 32.628 3.3
    endloop
  endfacet
  facet normal 0 0 0
    outer loop
      vertex 7.5 32.244 2.82
      vertex 7.5 31.692 3.3
      vertex 8.1 32.628 3.3
    endloop
  endfacet
  facet normal 0 0 0
    outer loop
      vertex 48.394 59.366 3.267
      vertex 48.232 60.131 3.069
      vertex 47.781 59.875 2.676
    endloop
  endfacet
  facet normal 0 0 0
    outer loop
      vertex 47.781 59.875 2.676
      vertex 47.903 58.97 2.895
      vertex 48.394 59.366 3.267
    endloop
  endfacet
  facet normal 0 0 0
    outer loop
      vertex 7.5 32.244 2.82
      vertex 8.1 32.954 2.799
      vertex 7.5 32.464 2.463
    endloop
  endfacet
  facet normal 0 0 0
    outer loop
      vertex 8.1 32.954 2.799
      vertex 7.5 32.624 1.858
      vertex 7.5 32.464 2.463
    endloop
  endfacet
  facet normal 0 0 0
    outer loop
      vertex 8.1 33.201 2.127
      vertex 7.5 32.624 1.858
      vertex 8.1 32.954 2.799
    endloop
  endfacet
  facet normal 0 0 0
    outer loop
      vertex 47.903 58.97 2.895
      vertex 48.369 58.544 3.267
      vertex 48.394 59.366 3.267
    endloop
  endfacet
  facet normal 0 0 0
    outer loop
      vertex 8.1 33.201 2.127
      vertex 8.1 33.201 1.173
      vertex 7.5 32.624 1.858
    endloop
  endfacet
  facet normal 0 0 0
    outer loop
      vertex 49.059 60.163 3.539
      vertex 48.394 59.366 3.267
      vertex 48.369 58.544 3.267
    endloop
  endfacet
  facet normal 0 0 0
    outer loop
      vertex 8.1 33.201 1.173
      vertex 7.5 32.601 1.233
      vertex 7.5 32.624 1.858
    endloop
  endfacet
  facet normal 0 0 0
    outer loop
      vertex 8.1 33.201 1.173
      vertex 8.1 32.987 0.551
      vertex 7.5 32.601 1.233
    endloop
  endfacet
  facet normal 0 0 0
    outer loop
      vertex 48.9 58.56 3.539
      vertex 49.059 60.163 3.539
      vertex 48.369 58.544 3.267
    endloop
  endfacet
  facet normal 0 0 0
    outer loop
      vertex 8.1 32.987 0.551
      vertex 7.5 32.244 0.48
      vertex 7.5 32.601 1.233
    endloop
  endfacet
  facet normal 0 0 0
    outer loop
      vertex 8.1 32.987 0.551
      vertex 8.1 32.628 0
      vertex 7.5 32.244 0.48
    endloop
  endfacet
  facet normal 0 0 0
    outer loop
      vertex 8.1 32.628 0
      vertex 7.5 31.692 0
      vertex 7.5 32.244 0.48
    endloop
  endfacet
  facet normal 0 0 0
    outer loop
      vertex 47.644 57.371 2.438
      vertex 48.153 58.112 3.093
      vertex 47.534 58.286 2.438
    endloop
  endfacet
  facet normal 0 0 0
    outer loop
      vertex 48.153 58.112 3.093
      vertex 48.699 57.764 3.416
      vertex 48.652 58.157 3.416
    endloop
  endfacet
  facet normal 0 0 0
    outer loop
      vertex 7.5 29.808 0
      vertex 8.1 28.872 0
      vertex 7.5 29.362 0.364
    endloop
  endfacet
  facet normal 0 0 0
    outer loop
      vertex 48.153 58.112 3.093
      vertex 48.652 58.157 3.416
      vertex 48.369 58.544 3.267
    endloop
  endfacet
  facet normal 0 0 0
    outer loop
      vertex 48.369 58.544 3.267
      vertex 48.652 58.157 3.416
      vertex 48.9 58.56 3.539
    endloop
  endfacet
  facet normal 0 0 0
    outer loop
      vertex 48.369 58.544 3.267
      vertex 47.903 58.97 2.895
      vertex 48.153 58.112 3.093
    endloop
  endfacet
  facet normal 0 0 0
    outer loop
      vertex 7.5 28.945 2.217
      vertex 8.1 28.872 3.3
      vertex 7.5 29.395 2.978
    endloop
  endfacet
  facet normal 0 0 0
    outer loop
      vertex 8.1 28.872 3.3
      vertex 7.5 29.808 3.3
      vertex 7.5 29.395 2.978
    endloop
  endfacet
  facet normal 0 0 0
    outer loop
      vertex 7.5 29.362 0.364
      vertex 8.1 28.872 0
      vertex 8.1 28.435 0.713
    endloop
  endfacet
  facet normal 0 0 0
    outer loop
      vertex 49.18 58.113 3.624
      vertex 49.827 58.109 3.738
      vertex 48.9 58.56 3.539
    endloop
  endfacet
  facet normal 0 0 0
    outer loop
      vertex 7.5 29.362 0.364
      vertex 8.1 28.435 0.713
      vertex 7.5 29.036 0.837
    endloop
  endfacet
  facet normal 0 0 0
    outer loop
      vertex 7.5 29.036 0.837
      vertex 8.1 28.435 0.713
      vertex 7.5 28.876 1.442
    endloop
  endfacet
  facet normal 0 0 0
    outer loop
      vertex 49.18 58.113 3.624
      vertex 48.9 58.56 3.539
      vertex 48.652 58.157 3.416
    endloop
  endfacet
  facet normal 0 0 0
    outer loop
      vertex 7.5 28.876 1.442
      vertex 8.1 28.435 0.713
      vertex 8.1 28.253 1.65
    endloop
  endfacet
  facet normal 0 0 0
    outer loop
      vertex 48.699 57.764 3.416
      vertex 49.18 58.113 3.624
      vertex 48.652 58.157 3.416
    endloop
  endfacet
  facet normal 0 0 0
    outer loop
      vertex 7.5 28.876 1.442
      vertex 8.1 28.253 1.65
      vertex 8.1 28.299 2.127
    endloop
  endfacet
  facet normal 0 0 0
    outer loop
      vertex 49.18 58.113 3.624
      vertex 48.699 57.764 3.416
      vertex 48.614 56.921 3.267
    endloop
  endfacet
  facet normal 0 0 0
    outer loop
      vertex 7.5 28.876 1.442
      vertex 8.1 28.299 2.127
      vertex 7.5 28.945 2.217
    endloop
  endfacet
  facet normal 0 0 0
    outer loop
      vertex 47.781 59.875 2.676
      vertex 47.392 59.456 2.183
      vertex 47.534 58.286 2.438
    endloop
  endfacet
  facet normal 0 0 0
    outer loop
      vertex 8.1 28.299 2.127
      vertex 8.1 28.435 2.587
      vertex 7.5 28.945 2.217
    endloop
  endfacet
  facet normal 0 0 0
    outer loop
      vertex 7.5 28.945 2.217
      vertex 8.1 28.435 2.587
      vertex 8.1 28.872 3.3
    endloop
  endfacet
  facet normal 0 0 0
    outer loop
      vertex 47.781 59.875 2.676
      vertex 47.534 58.286 2.438
      vertex 47.903 58.97 2.895
    endloop
  endfacet
  facet normal 0 0 0
    outer loop
      vertex 47.534 58.286 2.438
      vertex 48.153 58.112 3.093
      vertex 47.903 58.97 2.895
    endloop
  endfacet
  facet normal 0 0 0
    outer loop
      vertex 47.249 58.271 1.914
      vertex 47.235 58.99 1.914
      vertex 47.036 58.735 1.177
    endloop
  endfacet
  facet normal 0 0 0
    outer loop
      vertex 9.5 28.435 2.587
      vertex 8.1 28.299 2.127
      vertex 8.1 28.253 1.65
    endloop
  endfacet
  facet normal 0 0 0
    outer loop
      vertex 47.036 58.735 1.177
      vertex 47.235 58.99 1.914
      vertex 47.088 59.484 1.344
    endloop
  endfacet
  facet normal 0 0 0
    outer loop
      vertex 8.1 28.435 2.587
      vertex 8.1 28.299 2.127
      vertex 9.5 28.435 2.587
    endloop
  endfacet
  facet normal 0 0 0
    outer loop
      vertex 47.036 58.735 1.177
      vertex 47.088 58.016 1.344
      vertex 47.249 58.271 1.914
    endloop
  endfacet
  facet normal 0 0 0
    outer loop
      vertex 47.088 58.016 1.344
      vertex 47.406 57.084 1.914
      vertex 47.249 58.271 1.914
    endloop
  endfacet
  facet normal 0 0 0
    outer loop
      vertex 47.406 57.084 1.914
      vertex 47.088 58.016 1.344
      vertex 47.147 57.53 1.344
    endloop
  endfacet
  facet normal 0 0 0
    outer loop
      vertex 9.5 32.847 1.65
      vertex 9.5 33.201 1.173
      vertex 9.5 33.201 2.127
    endloop
  endfacet
  facet normal 0 0 0
    outer loop
      vertex 9.5 33.201 2.127
      vertex 9.5 32.741 2.308
      vertex 9.5 32.847 1.65
    endloop
  endfacet
  facet normal 0 0 0
    outer loop
      vertex 9.5 32.741 2.308
      vertex 9.5 33.201 2.127
      vertex 9.5 33.065 2.587
    endloop
  endfacet
  facet normal 0 0 0
    outer loop
      vertex 9.5 33.201 1.173
      vertex 9.5 32.66 0.785
      vertex 9.5 33.065 0.713
    endloop
  endfacet
  facet normal 0 0 0
    outer loop
      vertex 8.1 32.954 2.799
      vertex 9.5 33.201 2.127
      vertex 8.1 33.201 2.127
    endloop
  endfacet
  facet normal 0 0 0
    outer loop
      vertex 9.5 33.201 2.127
      vertex 9.5 33.201 1.173
      vertex 8.1 33.201 2.127
    endloop
  endfacet
  facet normal 0 0 0
    outer loop
      vertex 9.5 33.065 2.587
      vertex 9.5 33.201 2.127
      vertex 8.1 32.954 2.799
    endloop
  endfacet
  facet normal 0 0 0
    outer loop
      vertex 56.165 46.563 3.267
      vertex 56.571 46.496 3.267
      vertex 56.255 47.227 2.676
    endloop
  endfacet
  facet normal 0 0 0
    outer loop
      vertex 8.1 33.201 1.173
      vertex 9.5 33.065 0.713
      vertex 8.1 32.987 0.551
    endloop
  endfacet
  facet normal 0 0 0
    outer loop
      vertex 9.5 33.065 0.713
      vertex 8.1 33.201 1.173
      vertex 9.5 33.201 1.173
    endloop
  endfacet
  facet normal 0 0 0
    outer loop
      vertex 56.571 46.496 3.267
      vertex 57.089 46.856 2.895
      vertex 56.661 46.954 2.895
    endloop
  endfacet
  facet normal 0 0 0
    outer loop
      vertex 56.571 46.496 3.267
      vertex 56.661 46.954 2.895
      vertex 56.255 47.227 2.676
    endloop
  endfacet
  facet normal 0 0 0
    outer loop
      vertex 57.862 46.426 3.04
      vertex 57.442 46.52 3.093
      vertex 56.907 46.154 3.416
    endloop
  endfacet
  facet normal 0 0 0
    outer loop
      vertex 9.5 32.326 3.026
      vertex 9.5 32.628 3.3
      vertex 9.5 32.049 3.3
    endloop
  endfacet
  facet normal 0 0 0
    outer loop
      vertex 9.5 33.065 2.587
      vertex 9.5 32.628 3.3
      vertex 9.5 32.614 2.617
    endloop
  endfacet
  facet normal 0 0 0
    outer loop
      vertex 9.5 32.741 2.308
      vertex 9.5 33.065 2.587
      vertex 9.5 32.614 2.617
    endloop
  endfacet
  facet normal 0 0 0
    outer loop
      vertex 9.5 32.614 2.617
      vertex 9.5 32.628 3.3
      vertex 9.5 32.326 3.026
    endloop
  endfacet
  facet normal 0 0 0
    outer loop
      vertex 8.1 32.628 3.3
      vertex 9.5 32.628 3.3
      vertex 8.1 32.954 2.799
    endloop
  endfacet
  facet normal 0 0 0
    outer loop
      vertex 56.907 46.154 3.416
      vertex 57.442 46.52 3.093
      vertex 57.089 46.856 2.895
    endloop
  endfacet
  facet normal 0 0 0
    outer loop
      vertex 9.5 32.628 3.3
      vertex 9.5 33.065 2.587
      vertex 8.1 32.954 2.799
    endloop
  endfacet
  facet normal 0 0 0
    outer loop
      vertex 8.1 32.628 0
      vertex 8.1 32.987 0.551
      vertex 9.5 32.628 0
    endloop
  endfacet
  facet normal 0 0 0
    outer loop
      vertex 9.5 32.628 0
      vertex 8.1 32.987 0.551
      vertex 9.5 33.065 0.713
    endloop
  endfacet
  facet normal 0 0 0
    outer loop
      vertex 9.5 32.326 0.274
      vertex 9.5 32.049 0
      vertex 9.5 32.628 0
    endloop
  endfacet
  facet normal 0 0 0
    outer loop
      vertex 9.5 32.628 0
      vertex 9.5 32.66 0.785
      vertex 9.5 32.326 0.274
    endloop
  endfacet
  facet normal 0 0 0
    outer loop
      vertex 56.571 46.496 3.267
      vertex 56.907 46.154 3.416
      vertex 57.089 46.856 2.895
    endloop
  endfacet
  facet normal 0 0 0
    outer loop
      vertex 9.5 32.66 0.785
      vertex 9.5 32.628 0
      vertex 9.5 33.065 0.713
    endloop
  endfacet
  facet normal 0 0 0
    outer loop
      vertex 56.165 46.563 3.267
      vertex 56.112 46.175 3.485
      vertex 56.571 46.496 3.267
    endloop
  endfacet
  facet normal 0 0 0
    outer loop
      vertex 57.089 46.856 2.895
      vertex 57.442 46.52 3.093
      vertex 57.574 46.926 2.676
    endloop
  endfacet
  facet normal 0 0 0
    outer loop
      vertex 9.5 32.66 0.785
      vertex 9.5 33.201 1.173
      vertex 9.5 32.847 1.65
    endloop
  endfacet
  facet normal 0 0 0
    outer loop
      vertex 7.5 31.55 0
      vertex 14.5 31.55 3.3
      vertex 7.5 31.55 3.3
    endloop
  endfacet
  facet normal 0 0 0
    outer loop
      vertex 57.862 46.426 3.04
      vertex 56.907 46.154 3.416
      vertex 57.659 45.91 3.416
    endloop
  endfacet
  facet normal 0 0 0
    outer loop
      vertex 56.907 46.154 3.416
      vertex 56.959 45.635 3.614
      vertex 57.659 45.91 3.416
    endloop
  endfacet
  facet normal 0 0 0
    outer loop
      vertex 55.341 46.366 3.416
      vertex 55.716 46.077 3.539
      vertex 55.774 46.848 3.093
    endloop
  endfacet
  facet normal 0 0 0
    outer loop
      vertex 9.5 32.614 2.617
      vertex 9.5 32.326 3.026
      vertex 13.333 32.653 2.53
    endloop
  endfacet
  facet normal 0 0 0
    outer loop
      vertex 55.341 46.366 3.416
      vertex 54.964 45.949 3.594
      vertex 55.716 46.077 3.539
    endloop
  endfacet
  facet normal 0 0 0
    outer loop
      vertex 53.952 54.234 3.75
      vertex 53.083 54.575 3.75
      vertex 53.505 53.334 3.712
    endloop
  endfacet
  facet normal 0 0 0
    outer loop
      vertex 55.414 45.474 3.707
      vertex 56.221 45.656 3.655
      vertex 55.716 46.077 3.539
    endloop
  endfacet
  facet normal 0 0 0
    outer loop
      vertex 55.716 46.077 3.539
      vertex 56.221 45.656 3.655
      vertex 56.112 46.175 3.485
    endloop
  endfacet
  facet normal 0 0 0
    outer loop
      vertex 53.505 53.334 3.712
      vertex 54.498 54.109 3.75
      vertex 53.952 54.234 3.75
    endloop
  endfacet
  facet normal 0 0 0
    outer loop
      vertex 54.964 45.949 3.594
      vertex 55.414 45.474 3.707
      vertex 55.716 46.077 3.539
    endloop
  endfacet
  facet normal 0 0 0
    outer loop
      vertex 31.966 47.66 2.451
      vertex 35.299 47.684 2.513
      vertex 31.966 48.455 3.4
    endloop
  endfacet
  facet normal 0 0 0
    outer loop
      vertex 31.966 47.66 2.451
      vertex 36.716 47.553 2.116
      vertex 35.299 47.684 2.513
    endloop
  endfacet
  facet normal 0 0 0
    outer loop
      vertex 56.959 45.635 3.614
      vertex 57.822 44.909 3.701
      vertex 57.709 45.517 3.566
    endloop
  endfacet
  facet normal 0 0 0
    outer loop
      vertex 35.966 49.014 3.4
      vertex 41.466 49.016 0
      vertex 35.966 49.016 0
    endloop
  endfacet
  facet normal 0 0 0
    outer loop
      vertex 35.299 47.684 2.513
      vertex 39.966 47.536 2.015
      vertex 39.966 47.732 2.615
    endloop
  endfacet
  facet normal 0 0 0
    outer loop
      vertex 55.414 45.474 3.707
      vertex 54.964 45.949 3.594
      vertex 53.694 45.68 3.607
    endloop
  endfacet
  facet normal 0 0 0
    outer loop
      vertex 56.959 45.635 3.614
      vertex 56.907 46.154 3.416
      vertex 56.571 46.496 3.267
    endloop
  endfacet
  facet normal 0 0 0
    outer loop
      vertex 36.716 47.553 2.116
      vertex 39.966 47.536 2.015
      vertex 35.299 47.684 2.513
    endloop
  endfacet
  facet normal 0 0 0
    outer loop
      vertex 56.571 46.496 3.267
      vertex 56.112 46.175 3.485
      vertex 56.221 45.656 3.655
    endloop
  endfacet
  facet normal 0 0 0
    outer loop
      vertex 56.571 46.496 3.267
      vertex 56.221 45.656 3.655
      vertex 56.959 45.635 3.614
    endloop
  endfacet
  facet normal 0 0 0
    outer loop
      vertex 31.966 50.563 0.001
      vertex 35.966 49.016 0
      vertex 31.966 48.456 0
    endloop
  endfacet
  facet normal 0 0 0
    outer loop
      vertex 31.966 50.563 0.001
      vertex 35.966 50.016 0.001
      vertex 35.966 49.016 0
    endloop
  endfacet
  facet normal 0 0 0
    outer loop
      vertex 35.966 50.016 0.001
      vertex 35.966 49.014 3.4
      vertex 35.966 49.016 0
    endloop
  endfacet
  facet normal 0 0 0
    outer loop
      vertex 35.966 49.014 3.4
      vertex 35.966 50.016 0.001
      vertex 35.966 50.014 3.401
    endloop
  endfacet
  facet normal 0 0 0
    outer loop
      vertex 56.317 47.688 1.914
      vertex 56.255 47.227 2.676
      vertex 56.79 47.61 1.914
    endloop
  endfacet
  facet normal 0 0 0
    outer loop
      vertex 31.966 47.537 1.376
      vertex 31.966 47.728 0.801
      vertex 35.299 47.574 1.204
    endloop
  endfacet
  facet normal 0 0 0
    outer loop
      vertex 56.255 47.227 2.676
      vertex 57.257 47.503 1.914
      vertex 56.79 47.61 1.914
    endloop
  endfacet
  facet normal 0 0 0
    outer loop
      vertex 36.716 47.553 2.116
      vertex 35.299 47.574 1.204
      vertex 38.133 47.514 1.659
    endloop
  endfacet
  facet normal 0 0 0
    outer loop
      vertex 38.133 47.943 0.459
      vertex 35.299 48.052 0.333
      vertex 39.981 48.456 0
    endloop
  endfacet
  facet normal 0 0 0
    outer loop
      vertex 55.363 47.862 1.633
      vertex 55.36 47.631 2.183
      vertex 55.831 47.609 2.183
    endloop
  endfacet
  facet normal 0 0 0
    outer loop
      vertex 56.317 47.688 1.914
      vertex 55.831 47.609 2.183
      vertex 55.806 47.274 2.676
    endloop
  endfacet
  facet normal 0 0 0
    outer loop
      vertex 38.133 47.684 0.888
      vertex 35.299 47.574 1.204
      vertex 38.133 47.798 0.665
    endloop
  endfacet
  facet normal 0 0 0
    outer loop
      vertex 55.831 47.609 2.183
      vertex 56.341 47.863 1.344
      vertex 55.854 47.914 1.344
    endloop
  endfacet
  facet normal 0 0 0
    outer loop
      vertex 35.299 47.574 1.204
      vertex 38.133 47.943 0.459
      vertex 38.133 47.798 0.665
    endloop
  endfacet
  facet normal 0 0 0
    outer loop
      vertex 35.299 47.574 1.204
      vertex 38.133 47.684 0.888
      vertex 39.966 47.536 1.384
    endloop
  endfacet
  facet normal 0 0 0
    outer loop
      vertex 55.831 47.609 2.183
      vertex 55.854 47.914 1.344
      vertex 55.363 47.862 1.633
    endloop
  endfacet
  facet normal 0 0 0
    outer loop
      vertex 56.317 47.688 1.914
      vertex 55.806 47.274 2.676
      vertex 56.255 47.227 2.676
    endloop
  endfacet
  facet normal 0 0 0
    outer loop
      vertex 38.133 47.943 0.459
      vertex 35.299 47.574 1.204
      vertex 35.299 48.052 0.333
    endloop
  endfacet
  facet normal 0 0 0
    outer loop
      vertex 35.299 48.052 0.333
      vertex 31.966 48.456 0
      vertex 39.981 48.456 0
    endloop
  endfacet
  facet normal 0 0 0
    outer loop
      vertex 40.298 54.599 1.722
      vertex 40.07 54.703 1.619
      vertex 40.298 54.611 1.464
    endloop
  endfacet
  facet normal 0 0 0
    outer loop
      vertex 35.299 47.574 1.204
      vertex 39.966 47.536 1.384
      vertex 38.133 47.514 1.659
    endloop
  endfacet
  facet normal 0 0 0
    outer loop
      vertex 40.133 54.698 1.284
      vertex 40.07 54.703 1.619
      vertex 39.966 55.033 1.384
    endloop
  endfacet
  facet normal 0 0 0
    outer loop
      vertex 40.064 54.801 1.099
      vertex 40.133 54.698 1.284
      vertex 39.966 55.033 1.384
    endloop
  endfacet
  facet normal 0 0 0
    outer loop
      vertex 38.133 51.017 3.001
      vertex 36.716 51.336 2.514
      vertex 35.299 50.967 3.069
    endloop
  endfacet
  facet normal 0 0 0
    outer loop
      vertex 39.99 54.914 1.134
      vertex 40.064 54.801 1.099
      vertex 39.966 55.033 1.384
    endloop
  endfacet
  facet normal 0 0 0
    outer loop
      vertex 38.133 51.017 3.001
      vertex 39.966 51.192 2.776
      vertex 36.716 51.336 2.514
    endloop
  endfacet
  facet normal 0 0 0
    outer loop
      vertex 39.966 51.192 2.776
      vertex 39.966 51.352 2.473
      vertex 36.716 51.336 2.514
    endloop
  endfacet
  facet normal 0 0 0
    outer loop
      vertex 40.298 54.677 1.127
      vertex 40.133 54.698 1.284
      vertex 40.064 54.801 1.099
    endloop
  endfacet
  facet normal 0 0 0
    outer loop
      vertex 39.97 50.888 3.137
      vertex 38.133 51.017 3.001
      vertex 35.299 50.967 3.069
    endloop
  endfacet
  facet normal 0 0 0
    outer loop
      vertex 39.981 50.562 3.401
      vertex 39.97 50.888 3.137
      vertex 35.299 50.967 3.069
    endloop
  endfacet
  facet normal 0 0 0
    outer loop
      vertex 40.133 54.698 1.284
      vertex 40.298 54.611 1.464
      vertex 40.07 54.703 1.619
    endloop
  endfacet
  facet normal 0 0 0
    outer loop
      vertex 39.981 50.562 3.401
      vertex 35.299 50.967 3.069
      vertex 31.966 50.562 3.401
    endloop
  endfacet
  facet normal 0 0 0
    outer loop
      vertex 39.981 50.563 0.001
      vertex 35.966 50.016 0.001
      vertex 31.966 50.563 0.001
    endloop
  endfacet
  facet normal 0 0 0
    outer loop
      vertex 41.177 54.91 0.61
      vertex 40.298 54.968 0.507
      vertex 40.316 55.323 0.107
    endloop
  endfacet
  facet normal 0 0 0
    outer loop
      vertex 9.5 32.741 2.308
      vertex 13.333 32.653 2.53
      vertex 17.167 32.847 1.538
    endloop
  endfacet
  facet normal 0 0 0
    outer loop
      vertex 40.298 54.968 0.507
      vertex 40.09 55.292 0.256
      vertex 40.316 55.323 0.107
    endloop
  endfacet
  facet normal 0 0 0
    outer loop
      vertex 41.134 55.098 0.336
      vertex 41.177 54.91 0.61
      vertex 40.316 55.323 0.107
    endloop
  endfacet
  facet normal 0 0 0
    outer loop
      vertex 13.333 32.547 0.569
      vertex 9.5 32.66 0.785
      vertex 17.167 32.798 1.199
    endloop
  endfacet
  facet normal 0 0 0
    outer loop
      vertex 39.966 55.23 0.785
      vertex 38.133 55.295 0.665
      vertex 39.967 55.506 0.385
    endloop
  endfacet
  facet normal 0 0 0
    outer loop
      vertex 47.088 58.016 1.344
      vertex 47.041 57.888 0.5
      vertex 47.147 57.53 1.344
    endloop
  endfacet
  facet normal 0 0 0
    outer loop
      vertex 47.534 58.286 2.438
      vertex 47.249 58.271 1.914
      vertex 47.644 57.371 2.438
    endloop
  endfacet
  facet normal 0 0 0
    outer loop
      vertex 9.5 29.451 3.3
      vertex 13.333 29.012 2.828
      vertex 13.333 29.228 3.092
    endloop
  endfacet
  facet normal 0 0 0
    outer loop
      vertex 9.5 28.942 2.713
      vertex 13.333 29.012 2.828
      vertex 9.5 29.451 3.3
    endloop
  endfacet
  facet normal 0 0 0
    outer loop
      vertex 47.525 58.035 0
      vertex 47.671 57.092 0
      vertex 47.341 56.442 0.5
    endloop
  endfacet
  facet normal 0 0 0
    outer loop
      vertex 47.525 58.035 0
      vertex 47.341 56.442 0.5
      vertex 47.041 57.888 0.5
    endloop
  endfacet
  facet normal 0 0 0
    outer loop
      vertex 47 59.12 0.5
      vertex 47.041 57.888 0.5
      vertex 47.088 58.016 1.344
    endloop
  endfacet
  facet normal 0 0 0
    outer loop
      vertex 9.5 28.872 0
      vertex 9.5 28.851 0.79
      vertex 9.5 28.435 0.713
    endloop
  endfacet
  facet normal 0 0 0
    outer loop
      vertex 9.5 28.872 0
      vertex 9.5 29.451 0
      vertex 9.5 29.208 0.229
    endloop
  endfacet
  facet normal 0 0 0
    outer loop
      vertex 47.088 58.016 1.344
      vertex 47.036 58.735 1.177
      vertex 47 59.12 0.5
    endloop
  endfacet
  facet normal 0 0 0
    outer loop
      vertex 9.5 28.872 3.3
      vertex 9.5 28.942 2.713
      vertex 9.5 29.451 3.3
    endloop
  endfacet
  facet normal 0 0 0
    outer loop
      vertex 9.5 28.7 2.093
      vertex 9.5 28.435 2.587
      vertex 9.5 28.653 1.65
    endloop
  endfacet
  facet normal 0 0 0
    outer loop
      vertex 47 59.12 0.5
      vertex 47.525 58.035 0
      vertex 47.041 57.888 0.5
    endloop
  endfacet
  facet normal 0 0 0
    outer loop
      vertex 47.392 59.456 2.183
      vertex 47.235 58.99 1.914
      vertex 47.534 58.286 2.438
    endloop
  endfacet
  facet normal 0 0 0
    outer loop
      vertex 9.5 28.942 2.713
      vertex 9.5 28.872 3.3
      vertex 9.5 28.435 2.587
    endloop
  endfacet
  facet normal 0 0 0
    outer loop
      vertex 47.235 58.99 1.914
      vertex 47.249 58.271 1.914
      vertex 47.534 58.286 2.438
    endloop
  endfacet
  facet normal 0 0 0
    outer loop
      vertex 9.5 28.435 2.587
      vertex 9.5 28.7 2.093
      vertex 9.5 28.942 2.713
    endloop
  endfacet
  facet normal 0 0 0
    outer loop
      vertex 47.235 58.99 1.914
      vertex 47.392 59.456 2.183
      vertex 47.219 59.959 1.633
    endloop
  endfacet
  facet normal 0 0 0
    outer loop
      vertex 9.5 28.435 0.713
      vertex 8.1 28.435 0.713
      vertex 8.1 28.872 0
    endloop
  endfacet
  facet normal 0 0 0
    outer loop
      vertex 9.5 28.435 0.713
      vertex 8.1 28.872 0
      vertex 9.5 28.872 0
    endloop
  endfacet
  facet normal 0 0 0
    outer loop
      vertex 9.5 28.872 3.3
      vertex 8.1 28.435 2.587
      vertex 9.5 28.435 2.587
    endloop
  endfacet
  facet normal 0 0 0
    outer loop
      vertex 9.5 28.653 1.65
      vertex 13.333 28.696 1.256
      vertex 13.333 28.665 1.876
    endloop
  endfacet
  facet normal 0 0 0
    outer loop
      vertex 47.219 59.959 1.633
      vertex 47.088 59.484 1.344
      vertex 47.235 58.99 1.914
    endloop
  endfacet
  facet normal 0 0 0
    outer loop
      vertex 47.036 58.735 1.177
      vertex 47.088 59.484 1.344
      vertex 47.103 60.101 0.5
    endloop
  endfacet
  facet normal 0 0 0
    outer loop
      vertex 9.5 28.299 1.173
      vertex 9.5 28.851 0.79
      vertex 9.5 28.653 1.65
    endloop
  endfacet
  facet normal 0 0 0
    outer loop
      vertex 9.5 28.299 1.173
      vertex 9.5 28.653 1.65
      vertex 9.5 28.435 2.587
    endloop
  endfacet
  facet normal 0 0 0
    outer loop
      vertex 9.5 28.851 0.79
      vertex 9.5 28.299 1.173
      vertex 9.5 28.435 0.713
    endloop
  endfacet
  facet normal 0 0 0
    outer loop
      vertex 9.5 28.851 0.79
      vertex 9.5 28.872 0
      vertex 9.5 29.208 0.229
    endloop
  endfacet
  facet normal 0 0 0
    outer loop
      vertex 47.103 60.101 0.5
      vertex 47 59.12 0.5
      vertex 47.036 58.735 1.177
    endloop
  endfacet
  facet normal 0 0 0
    outer loop
      vertex 47.103 60.101 0.5
      vertex 47.525 58.035 0
      vertex 47 59.12 0.5
    endloop
  endfacet
  facet normal 0 0 0
    outer loop
      vertex 9.5 28.435 2.587
      vertex 8.1 28.253 1.65
      vertex 9.5 28.299 1.173
    endloop
  endfacet
  facet normal 0 0 0
    outer loop
      vertex 8.1 28.253 1.65
      vertex 9.5 28.435 0.713
      vertex 9.5 28.299 1.173
    endloop
  endfacet
  facet normal 0 0 0
    outer loop
      vertex 9.5 28.435 0.713
      vertex 8.1 28.253 1.65
      vertex 8.1 28.435 0.713
    endloop
  endfacet
  facet normal 0 0 0
    outer loop
      vertex 8.1 28.435 2.587
      vertex 9.5 28.872 3.3
      vertex 8.1 28.872 3.3
    endloop
  endfacet
  facet normal 0 0 0
    outer loop
      vertex 49.636 56.648 3.655
      vertex 49.68 57.215 3.701
      vertex 48.614 56.921 3.267
    endloop
  endfacet
  facet normal 0 0 0
    outer loop
      vertex 49.636 56.648 3.655
      vertex 48.614 56.921 3.267
      vertex 48.98 56.611 3.416
    endloop
  endfacet
  facet normal 0 0 0
    outer loop
      vertex 48.98 56.611 3.416
      vertex 49.511 56.201 3.566
      vertex 49.636 56.648 3.655
    endloop
  endfacet
  facet normal 0 0 0
    outer loop
      vertex 9.5 32.66 0.785
      vertex 9.5 32.847 1.65
      vertex 13.333 32.835 1.424
    endloop
  endfacet
  facet normal 0 0 0
    outer loop
      vertex 13.333 32.835 1.424
      vertex 9.5 32.847 1.65
      vertex 9.5 32.741 2.308
    endloop
  endfacet
  facet normal 0 0 0
    outer loop
      vertex 17.167 32.847 1.538
      vertex 13.333 32.835 1.424
      vertex 9.5 32.741 2.308
    endloop
  endfacet
  facet normal 0 0 0
    outer loop
      vertex 48.614 56.921 3.267
      vertex 49.598 57.55 3.701
      vertex 49.18 58.113 3.624
    endloop
  endfacet
  facet normal 0 0 0
    outer loop
      vertex 48.614 56.921 3.267
      vertex 49.68 57.215 3.701
      vertex 49.598 57.55 3.701
    endloop
  endfacet
  facet normal 0 0 0
    outer loop
      vertex 13.333 32.835 1.424
      vertex 17.167 32.798 1.199
      vertex 9.5 32.66 0.785
    endloop
  endfacet
  facet normal 0 0 0
    outer loop
      vertex 48.153 58.112 3.093
      vertex 48.164 56.797 2.895
      vertex 48.614 56.921 3.267
    endloop
  endfacet
  facet normal 0 0 0
    outer loop
      vertex 21 32.049 0
      vertex 9.5 32.049 0
      vertex 9.5 32.326 0.274
    endloop
  endfacet
  facet normal 0 0 0
    outer loop
      vertex 48.614 56.921 3.267
      vertex 48.699 57.764 3.416
      vertex 48.153 58.112 3.093
    endloop
  endfacet
  facet normal 0 0 0
    outer loop
      vertex 21 32.049 0
      vertex 9.5 32.326 0.274
      vertex 13.333 32.547 0.569
    endloop
  endfacet
  facet normal 0 0 0
    outer loop
      vertex 21 32.049 0
      vertex 13.333 32.547 0.569
      vertex 21 32.435 0.401
    endloop
  endfacet
  facet normal 0 0 0
    outer loop
      vertex 13.333 32.272 3.092
      vertex 9.5 32.326 3.026
      vertex 9.5 32.049 3.3
    endloop
  endfacet
  facet normal 0 0 0
    outer loop
      vertex 48.164 56.797 2.895
      vertex 48.153 58.112 3.093
      vertex 47.76 56.685 2.372
    endloop
  endfacet
  facet normal 0 0 0
    outer loop
      vertex 48.614 56.921 3.267
      vertex 48.164 56.797 2.895
      vertex 48.656 56.051 3.093
    endloop
  endfacet
  facet normal 0 0 0
    outer loop
      vertex 13.333 32.272 3.092
      vertex 13.333 32.653 2.53
      vertex 9.5 32.326 3.026
    endloop
  endfacet
  facet normal 0 0 0
    outer loop
      vertex 47.931 56.253 2.438
      vertex 48.26 55.889 2.676
      vertex 48.656 56.051 3.093
    endloop
  endfacet
  facet normal 0 0 0
    outer loop
      vertex 13.333 32.653 2.53
      vertex 13.333 32.272 3.092
      vertex 21 32.435 2.899
    endloop
  endfacet
  facet normal 0 0 0
    outer loop
      vertex 13.333 32.272 3.092
      vertex 21 32.049 3.3
      vertex 21 32.435 2.899
    endloop
  endfacet
  facet normal 0 0 0
    outer loop
      vertex 17.167 32.571 2.679
      vertex 17.167 32.773 2.212
      vertex 13.333 32.653 2.53
    endloop
  endfacet
  facet normal 0 0 0
    outer loop
      vertex 48.164 56.797 2.895
      vertex 47.931 56.253 2.438
      vertex 48.656 56.051 3.093
    endloop
  endfacet
  facet normal 0 0 0
    outer loop
      vertex 48.164 56.797 2.895
      vertex 47.76 56.685 2.372
      vertex 47.931 56.253 2.438
    endloop
  endfacet
  facet normal 0 0 0
    outer loop
      vertex 53.597 54.351 2
      vertex 53.083 54.575 3.75
      vertex 53.952 54.234 3.75
    endloop
  endfacet
  facet normal 0 0 0
    outer loop
      vertex 53.952 54.234 3.75
      vertex 54.776 54.083 2
      vertex 54.131 54.183 2
    endloop
  endfacet
  facet normal 0 0 0
    outer loop
      vertex 53.952 54.234 3.75
      vertex 54.498 54.109 3.75
      vertex 54.776 54.083 2
    endloop
  endfacet
  facet normal 0 0 0
    outer loop
      vertex 48.656 56.051 3.093
      vertex 49.463 55.528 3.416
      vertex 49.511 56.201 3.566
    endloop
  endfacet
  facet normal 0 0 0
    outer loop
      vertex 54.131 54.183 2
      vertex 53.597 54.351 2
      vertex 53.952 54.234 3.75
    endloop
  endfacet
  facet normal 0 0 0
    outer loop
      vertex 52.211 53.501 3.634
      vertex 53.197 53.044 3.634
      vertex 53.505 53.334 3.712
    endloop
  endfacet
  facet normal 0 0 0
    outer loop
      vertex 52.063 53.934 3.701
      vertex 52.211 53.501 3.634
      vertex 53.505 53.334 3.712
    endloop
  endfacet
  facet normal 0 0 0
    outer loop
      vertex 48.829 55.174 2.895
      vertex 49.463 55.528 3.416
      vertex 48.656 56.051 3.093
    endloop
  endfacet
  facet normal 0 0 0
    outer loop
      vertex 47.644 57.371 2.438
      vertex 47.76 56.685 2.372
      vertex 48.153 58.112 3.093
    endloop
  endfacet
  facet normal 0 0 0
    outer loop
      vertex 48.656 56.051 3.093
      vertex 48.98 56.611 3.416
      vertex 48.614 56.921 3.267
    endloop
  endfacet
  facet normal 0 0 0
    outer loop
      vertex 54.131 54.183 2
      vertex 54.276 56.233 2
      vertex 53.597 54.351 2
    endloop
  endfacet
  facet normal 0 0 0
    outer loop
      vertex 47.76 56.685 2.372
      vertex 47.644 57.371 2.438
      vertex 47.406 57.084 1.914
    endloop
  endfacet
  facet normal 0 0 0
    outer loop
      vertex 56.17 54.146 2
      vertex 56.17 54.146 3.75
      vertex 56.712 54.286 3.75
    endloop
  endfacet
  facet normal 0 0 0
    outer loop
      vertex 39.966 55.23 0.785
      vertex 38.133 55.181 0.888
      vertex 38.133 55.295 0.665
    endloop
  endfacet
  facet normal 0 0 0
    outer loop
      vertex 56.17 54.146 2
      vertex 56.712 54.286 3.75
      vertex 57.479 54.628 2
    endloop
  endfacet
  facet normal 0 0 0
    outer loop
      vertex 57.563 54.667 3.75
      vertex 57.479 54.628 2
      vertex 56.712 54.286 3.75
    endloop
  endfacet
  facet normal 0 0 0
    outer loop
      vertex 39.966 55.033 1.384
      vertex 38.133 55.181 0.888
      vertex 39.966 55.23 0.785
    endloop
  endfacet
  facet normal 0 0 0
    outer loop
      vertex 40.09 55.292 0.256
      vertex 40.101 55.591 0
      vertex 40.245 55.479 0
    endloop
  endfacet
  facet normal 0 0 0
    outer loop
      vertex 55.429 54.057 3.75
      vertex 55.615 54.065 2
      vertex 54.776 54.083 2
    endloop
  endfacet
  facet normal 0 0 0
    outer loop
      vertex 54.498 54.109 3.75
      vertex 55.429 54.057 3.75
      vertex 54.776 54.083 2
    endloop
  endfacet
  facet normal 0 0 0
    outer loop
      vertex 55.615 54.065 2
      vertex 55.429 54.057 3.75
      vertex 56.17 54.146 2
    endloop
  endfacet
  facet normal 0 0 0
    outer loop
      vertex 41.134 54.746 0.924
      vertex 40.298 54.677 1.127
      vertex 40.298 54.968 0.507
    endloop
  endfacet
  facet normal 0 0 0
    outer loop
      vertex 57.633 54.015 3.749
      vertex 57.563 54.667 3.75
      vertex 56.712 54.286 3.75
    endloop
  endfacet
  facet normal 0 0 0
    outer loop
      vertex 39.99 54.914 1.134
      vertex 40.042 54.949 0.809
      vertex 40.064 54.801 1.099
    endloop
  endfacet
  facet normal 0 0 0
    outer loop
      vertex 39.967 55.506 0.385
      vertex 40.042 54.949 0.809
      vertex 39.966 55.23 0.785
    endloop
  endfacet
  facet normal 0 0 0
    outer loop
      vertex 55.429 54.057 3.75
      vertex 56.17 54.146 3.75
      vertex 56.17 54.146 2
    endloop
  endfacet
  facet normal 0 0 0
    outer loop
      vertex 40.09 55.292 0.256
      vertex 40.298 54.968 0.507
      vertex 40.042 54.949 0.809
    endloop
  endfacet
  facet normal 0 0 0
    outer loop
      vertex 40.042 54.949 0.809
      vertex 40.298 54.677 1.127
      vertex 40.064 54.801 1.099
    endloop
  endfacet
  facet normal 0 0 0
    outer loop
      vertex 56.468 52.525 3.539
      vertex 56.417 53.425 3.738
      vertex 56.017 53.032 3.701
    endloop
  endfacet
  facet normal 0 0 0
    outer loop
      vertex 40.298 54.968 0.507
      vertex 40.298 54.677 1.127
      vertex 40.042 54.949 0.809
    endloop
  endfacet
  facet normal 0 0 0
    outer loop
      vertex 40.042 54.949 0.809
      vertex 39.966 55.033 1.384
      vertex 39.966 55.23 0.785
    endloop
  endfacet
  facet normal 0 0 0
    outer loop
      vertex 56.468 52.525 3.539
      vertex 56.941 52.934 3.634
      vertex 56.417 53.425 3.738
    endloop
  endfacet
  facet normal 0 0 0
    outer loop
      vertex 56.712 54.286 3.75
      vertex 56.417 53.425 3.738
      vertex 56.941 52.934 3.634
    endloop
  endfacet
  facet normal 0 0 0
    outer loop
      vertex 39.99 54.914 1.134
      vertex 39.966 55.033 1.384
      vertex 40.042 54.949 0.809
    endloop
  endfacet
  facet normal 0 0 0
    outer loop
      vertex 56.417 53.425 3.738
      vertex 56.17 54.146 3.75
      vertex 55.801 53.407 3.744
    endloop
  endfacet
  facet normal 0 0 0
    outer loop
      vertex 56.165 32.937 3.267
      vertex 54.71 32.655 3.093
      vertex 55.349 32.579 3.04
    endloop
  endfacet
  facet normal 0 0 0
    outer loop
      vertex 53.951 31.975 2.183
      vertex 53.894 31.63 1.048
      vertex 54.386 31.608 1.344
    endloop
  endfacet
  facet normal 0 0 0
    outer loop
      vertex 55.508 52.769 3.655
      vertex 56.017 53.032 3.701
      vertex 55.801 53.407 3.744
    endloop
  endfacet
  facet normal 0 0 0
    outer loop
      vertex 55.36 31.869 2.183
      vertex 53.99 32.212 2.561
      vertex 54.405 31.783 1.914
    endloop
  endfacet
  facet normal 0 0 0
    outer loop
      vertex 56.017 53.032 3.701
      vertex 56.417 53.425 3.738
      vertex 55.801 53.407 3.744
    endloop
  endfacet
  facet normal 0 0 0
    outer loop
      vertex 54.71 32.655 3.093
      vertex 54.903 32.212 2.676
      vertex 55.349 32.579 3.04
    endloop
  endfacet
  facet normal 0 0 0
    outer loop
      vertex 56.341 47.863 1.344
      vertex 55.831 47.609 2.183
      vertex 56.317 47.688 1.914
    endloop
  endfacet
  facet normal 0 0 0
    outer loop
      vertex 56.317 47.688 1.914
      vertex 56.79 47.61 1.914
      vertex 56.341 47.863 1.344
    endloop
  endfacet
  facet normal 0 0 0
    outer loop
      vertex 56.941 52.934 3.634
      vertex 57.633 54.015 3.749
      vertex 56.712 54.286 3.75
    endloop
  endfacet
  facet normal 0 0 0
    outer loop
      vertex 56.17 54.146 3.75
      vertex 55.429 54.057 3.75
      vertex 55.801 53.407 3.744
    endloop
  endfacet
  facet normal 0 0 0
    outer loop
      vertex 56.17 54.146 3.75
      vertex 56.417 53.425 3.738
      vertex 56.712 54.286 3.75
    endloop
  endfacet
  facet normal 0 0 0
    outer loop
      vertex 56.79 47.61 1.914
      vertex 57.302 47.674 1.344
      vertex 56.341 47.863 1.344
    endloop
  endfacet
  facet normal 0 0 0
    outer loop
      vertex 54.82 56.087 2
      vertex 54.776 54.083 2
      vertex 55.615 54.065 2
    endloop
  endfacet
  facet normal 0 0 0
    outer loop
      vertex 54.82 56.087 2
      vertex 54.131 54.183 2
      vertex 54.776 54.083 2
    endloop
  endfacet
  facet normal 0 0 0
    outer loop
      vertex 56.341 47.863 1.344
      vertex 56.349 47.922 0.9
      vertex 55.854 47.914 1.344
    endloop
  endfacet
  facet normal 0 0 0
    outer loop
      vertex 56.165 51.937 3.267
      vertex 55.508 52.769 3.655
      vertex 53.77 52.299 3.416
    endloop
  endfacet
  facet normal 0 0 0
    outer loop
      vertex 56.341 47.863 1.344
      vertex 57.302 47.674 1.344
      vertex 56.957 47.82 0.5
    endloop
  endfacet
  facet normal 0 0 0
    outer loop
      vertex 58.596 47.283 0.5
      vertex 57.673 47.63 0.5
      vertex 57.302 47.674 1.344
    endloop
  endfacet
  facet normal 0 0 0
    outer loop
      vertex 54.776 53.228 3.732
      vertex 54.498 54.109 3.75
      vertex 53.505 53.334 3.712
    endloop
  endfacet
  facet normal 0 0 0
    outer loop
      vertex 58.596 47.283 0.5
      vertex 57.302 47.674 1.344
      vertex 58.683 47.178 1.344
    endloop
  endfacet
  facet normal 0 0 0
    outer loop
      vertex 54.776 53.228 3.732
      vertex 53.77 52.299 3.416
      vertex 55.508 52.769 3.655
    endloop
  endfacet
  facet normal 0 0 0
    outer loop
      vertex 54.776 53.228 3.732
      vertex 55.801 53.407 3.744
      vertex 55.429 54.057 3.75
    endloop
  endfacet
  facet normal 0 0 0
    outer loop
      vertex 54.776 53.228 3.732
      vertex 55.429 54.057 3.75
      vertex 54.498 54.109 3.75
    endloop
  endfacet
  facet normal 0 0 0
    outer loop
      vertex 54.776 53.228 3.732
      vertex 55.508 52.769 3.655
      vertex 55.801 53.407 3.744
    endloop
  endfacet
  facet normal 0 0 0
    outer loop
      vertex 56.341 47.863 1.344
      vertex 56.957 47.82 0.5
      vertex 56.349 47.922 0.9
    endloop
  endfacet
  facet normal 0 0 0
    outer loop
      vertex 54.875 47.929 1.344
      vertex 55.363 47.862 1.633
      vertex 55.854 47.914 1.344
    endloop
  endfacet
  facet normal 0 0 0
    outer loop
      vertex 52.923 52.277 3.267
      vertex 53.463 52.66 3.539
      vertex 53.197 53.044 3.634
    endloop
  endfacet
  facet normal 0 0 0
    outer loop
      vertex 55.36 47.631 2.183
      vertex 55.363 47.862 1.633
      vertex 54.875 47.929 1.344
    endloop
  endfacet
  facet normal 0 0 0
    outer loop
      vertex 58.206 47.302 1.633
      vertex 57.302 47.674 1.344
      vertex 57.257 47.503 1.914
    endloop
  endfacet
  facet normal 0 0 0
    outer loop
      vertex 53.505 53.334 3.712
      vertex 53.463 52.66 3.539
      vertex 53.77 52.299 3.416
    endloop
  endfacet
  facet normal 0 0 0
    outer loop
      vertex 57.257 47.503 1.914
      vertex 57.302 47.674 1.344
      vertex 56.79 47.61 1.914
    endloop
  endfacet
  facet normal 0 0 0
    outer loop
      vertex 54.776 53.228 3.732
      vertex 53.505 53.334 3.712
      vertex 53.77 52.299 3.416
    endloop
  endfacet
  facet normal 0 0 0
    outer loop
      vertex 56.957 47.82 0.5
      vertex 57.014 47.284 0
      vertex 55.489 47.996 0.5
    endloop
  endfacet
  facet normal 0 0 0
    outer loop
      vertex 57.673 47.63 0.5
      vertex 57.014 47.284 0
      vertex 56.957 47.82 0.5
    endloop
  endfacet
  facet normal 0 0 0
    outer loop
      vertex 55.837 47.467 0
      vertex 55.489 47.996 0.5
      vertex 57.014 47.284 0
    endloop
  endfacet
  facet normal 0 0 0
    outer loop
      vertex 55.489 47.996 0.5
      vertex 55.854 47.914 1.344
      vertex 56.349 47.922 0.9
    endloop
  endfacet
  facet normal 0 0 0
    outer loop
      vertex 53.658 51.81 3.093
      vertex 54.71 51.655 3.093
      vertex 53.77 52.299 3.416
    endloop
  endfacet
  facet normal 0 0 0
    outer loop
      vertex 57.673 47.63 0.5
      vertex 56.957 47.82 0.5
      vertex 57.302 47.674 1.344
    endloop
  endfacet
  facet normal 0 0 0
    outer loop
      vertex 56.349 47.922 0.9
      vertex 56.957 47.82 0.5
      vertex 55.489 47.996 0.5
    endloop
  endfacet
  facet normal 0 0 0
    outer loop
      vertex 54.056 47.39 0
      vertex 54.749 47.982 0.5
      vertex 55.837 47.467 0
    endloop
  endfacet
  facet normal 0 0 0
    outer loop
      vertex 52.923 52.277 3.267
      vertex 53.314 52.15 3.267
      vertex 53.463 52.66 3.539
    endloop
  endfacet
  facet normal 0 0 0
    outer loop
      vertex 54.749 47.982 0.5
      vertex 55.489 47.996 0.5
      vertex 55.837 47.467 0
    endloop
  endfacet
  facet normal 0 0 0
    outer loop
      vertex 55.854 47.914 1.344
      vertex 55.489 47.996 0.5
      vertex 54.749 47.982 0.5
    endloop
  endfacet
  facet normal 0 0 0
    outer loop
      vertex 58.908 46.578 0
      vertex 57.014 47.284 0
      vertex 57.673 47.63 0.5
    endloop
  endfacet
  facet normal 0 0 0
    outer loop
      vertex 53.624 45.289 3.701
      vertex 53.341 44.863 3.738
      vertex 54.028 45.068 3.738
    endloop
  endfacet
  facet normal 0 0 0
    outer loop
      vertex 56.165 51.937 3.267
      vertex 54.71 51.655 3.093
      vertex 55.349 51.579 3.04
    endloop
  endfacet
  facet normal 0 0 0
    outer loop
      vertex 53.341 44.863 3.738
      vertex 53.624 45.289 3.701
      vertex 53.055 45.854 3.485
    endloop
  endfacet
  facet normal 0 0 0
    outer loop
      vertex 55.349 51.579 3.04
      vertex 54.71 51.655 3.093
      vertex 54.903 51.212 2.676
    endloop
  endfacet
  facet normal 0 0 0
    outer loop
      vertex 54.132 44.313 3.75
      vertex 53.341 44.863 3.738
      vertex 53.423 44.08 3.75
    endloop
  endfacet
  facet normal 0 0 0
    outer loop
      vertex 56.165 51.937 3.267
      vertex 53.77 52.299 3.416
      vertex 54.71 51.655 3.093
    endloop
  endfacet
  facet normal 0 0 0
    outer loop
      vertex 54.132 44.313 3.75
      vertex 54.683 44.417 3.75
      vertex 54.028 45.068 3.738
    endloop
  endfacet
  facet normal 0 0 0
    outer loop
      vertex 54.71 51.655 3.093
      vertex 53.99 51.212 2.561
      vertex 54.903 51.212 2.676
    endloop
  endfacet
  facet normal 0 0 0
    outer loop
      vertex 54.028 45.068 3.738
      vertex 53.341 44.863 3.738
      vertex 54.132 44.313 3.75
    endloop
  endfacet
  facet normal 0 0 0
    outer loop
      vertex 53.99 51.212 2.561
      vertex 54.71 51.655 3.093
      vertex 53.658 51.81 3.093
    endloop
  endfacet
  facet normal 0 0 0
    outer loop
      vertex 54.132 44.313 2
      vertex 55.242 44.446 2
      vertex 54.683 44.417 3.75
    endloop
  endfacet
  facet normal 0 0 0
    outer loop
      vertex 53.658 51.81 3.093
      vertex 53.77 52.299 3.416
      vertex 53.314 52.15 3.267
    endloop
  endfacet
  facet normal 0 0 0
    outer loop
      vertex 53.314 52.15 3.267
      vertex 53.77 52.299 3.416
      vertex 53.463 52.66 3.539
    endloop
  endfacet
  facet normal 0 0 0
    outer loop
      vertex 54.132 44.313 2
      vertex 54.683 44.417 3.75
      vertex 54.132 44.313 3.75
    endloop
  endfacet
  facet normal 0 0 0
    outer loop
      vertex 53.423 44.08 3.75
      vertex 53.34 44.037 2
      vertex 54.132 44.313 2
    endloop
  endfacet
  facet normal 0 0 0
    outer loop
      vertex 53.423 44.08 3.75
      vertex 54.132 44.313 2
      vertex 54.132 44.313 3.75
    endloop
  endfacet
  facet normal 0 0 0
    outer loop
      vertex 54.028 45.068 3.738
      vertex 54.683 44.417 3.75
      vertex 55.522 44.431 3.75
    endloop
  endfacet
  facet normal 0 0 0
    outer loop
      vertex 52.451 43.527 3.75
      vertex 53.34 44.037 2
      vertex 53.423 44.08 3.75
    endloop
  endfacet
  facet normal 0 0 0
    outer loop
      vertex 53.34 44.037 2
      vertex 52.451 43.527 3.75
      vertex 52.602 43.638 2
    endloop
  endfacet
  facet normal 0 0 0
    outer loop
      vertex 53.341 44.863 3.738
      vertex 50.476 42.999 3.701
      vertex 53.423 44.08 3.75
    endloop
  endfacet
  facet normal 0 0 0
    outer loop
      vertex 41.412 58.919 2.785
      vertex 41.378 59.038 2.669
      vertex 41.125 58.987 2.972
    endloop
  endfacet
  facet normal 0 0 0
    outer loop
      vertex 52.451 43.527 3.75
      vertex 53.423 44.08 3.75
      vertex 50.476 42.999 3.701
    endloop
  endfacet
  facet normal 0 0 0
    outer loop
      vertex 55.414 45.474 3.707
      vertex 54.028 45.068 3.738
      vertex 55.522 44.431 3.75
    endloop
  endfacet
  facet normal 0 0 0
    outer loop
      vertex 53.34 44.037 2
      vertex 53.773 42.011 2
      vertex 54.276 42.267 2
    endloop
  endfacet
  facet normal 0 0 0
    outer loop
      vertex 53.34 44.037 2
      vertex 54.276 42.267 2
      vertex 54.132 44.313 2
    endloop
  endfacet
  facet normal 0 0 0
    outer loop
      vertex 55.522 44.431 3.75
      vertex 56.383 44.93 3.749
      vertex 55.414 45.474 3.707
    endloop
  endfacet
  facet normal 0 0 0
    outer loop
      vertex 55.414 45.474 3.707
      vertex 56.383 44.93 3.749
      vertex 56.221 45.656 3.655
    endloop
  endfacet
  facet normal 0 0 0
    outer loop
      vertex 41.46 58.677 0.522
      vertex 41.466 58.743 0.671
      vertex 41.443 58.676 2.989
    endloop
  endfacet
  facet normal 0 0 0
    outer loop
      vertex 56.383 44.93 3.749
      vertex 57.822 44.909 3.701
      vertex 56.959 45.635 3.614
    endloop
  endfacet
  facet normal 0 0 0
    outer loop
      vertex 41.46 58.677 0.522
      vertex 41.443 58.676 2.989
      vertex 41.466 58.55 0.444
    endloop
  endfacet
  facet normal 0 0 0
    outer loop
      vertex 56.221 45.656 3.655
      vertex 56.383 44.93 3.749
      vertex 56.959 45.635 3.614
    endloop
  endfacet
  facet normal 0 0 0
    outer loop
      vertex 41.443 58.676 2.989
      vertex 41.463 58.356 0.266
      vertex 41.466 58.55 0.444
    endloop
  endfacet
  facet normal 0 0 0
    outer loop
      vertex 55.522 44.431 3.75
      vertex 56.352 44.313 3.75
      vertex 56.383 44.93 3.749
    endloop
  endfacet
  facet normal 0 0 0
    outer loop
      vertex 57.399 43.922 3.75
      vertex 57.822 44.909 3.701
      vertex 56.383 44.93 3.749
    endloop
  endfacet
  facet normal 0 0 0
    outer loop
      vertex 41.443 58.676 2.989
      vertex 41.465 58.104 3.285
      vertex 41.463 58.356 0.266
    endloop
  endfacet
  facet normal 0 0 0
    outer loop
      vertex 56.383 44.93 3.749
      vertex 56.352 44.313 3.75
      vertex 57.399 43.922 3.75
    endloop
  endfacet
  facet normal 0 0 0
    outer loop
      vertex 41.443 58.676 2.989
      vertex 41.456 59.097 2.032
      vertex 41.378 59.038 2.669
    endloop
  endfacet
  facet normal 0 0 0
    outer loop
      vertex 41.378 59.038 2.669
      vertex 41.456 59.097 2.032
      vertex 41.368 59.283 1.985
    endloop
  endfacet
  facet normal 0 0 0
    outer loop
      vertex 41.368 59.283 1.985
      vertex 41.134 59.388 2.022
      vertex 41.253 59.198 2.565
    endloop
  endfacet
  facet normal 0 0 0
    outer loop
      vertex 41.412 58.919 2.785
      vertex 41.443 58.676 2.989
      vertex 41.378 59.038 2.669
    endloop
  endfacet
  facet normal 0 0 0
    outer loop
      vertex 41.125 58.987 2.972
      vertex 41.237 58.765 3.19
      vertex 41.443 58.676 2.989
    endloop
  endfacet
  facet normal 0 0 0
    outer loop
      vertex 41.237 58.765 3.19
      vertex 41.33 58.418 3.401
      vertex 41.443 58.676 2.989
    endloop
  endfacet
  facet normal 0 0 0
    outer loop
      vertex 41.33 58.418 3.401
      vertex 41.465 58.104 3.285
      vertex 41.443 58.676 2.989
    endloop
  endfacet
  facet normal 0 0 0
    outer loop
      vertex 56.352 44.313 3.75
      vertex 57.399 43.922 2
      vertex 57.399 43.922 3.75
    endloop
  endfacet
  facet normal 0 0 0
    outer loop
      vertex 56.352 44.313 2
      vertex 57.399 43.922 2
      vertex 56.352 44.313 3.75
    endloop
  endfacet
  facet normal 0 0 0
    outer loop
      vertex 55.522 44.431 3.75
      vertex 56.352 44.313 2
      vertex 56.352 44.313 3.75
    endloop
  endfacet
  facet normal 0 0 0
    outer loop
      vertex 41.437 58.147 3.401
      vertex 41.465 58.104 3.285
      vertex 41.33 58.418 3.401
    endloop
  endfacet
  facet normal 0 0 0
    outer loop
      vertex 55.242 44.446 2
      vertex 56.352 44.313 2
      vertex 55.522 44.431 3.75
    endloop
  endfacet
  facet normal 0 0 0
    outer loop
      vertex 41.131 58.553 3.401
      vertex 41.33 58.418 3.401
      vertex 41.237 58.765 3.19
    endloop
  endfacet
  facet normal 0 0 0
    outer loop
      vertex 54.683 44.417 3.75
      vertex 55.242 44.446 2
      vertex 55.522 44.431 3.75
    endloop
  endfacet
  facet normal 0 0 0
    outer loop
      vertex 40.298 59.155 2.71
      vertex 40.307 58.743 3.243
      vertex 41.131 58.553 3.401
    endloop
  endfacet
  facet normal 0 0 0
    outer loop
      vertex 58.249 43.349 2
      vertex 57.149 41.657 2
      vertex 58.726 42.904 2
    endloop
  endfacet
  facet normal 0 0 0
    outer loop
      vertex 56.711 42.011 2
      vertex 58.249 43.349 2
      vertex 57.399 43.922 2
    endloop
  endfacet
  facet normal 0 0 0
    outer loop
      vertex 41.237 58.765 3.19
      vertex 41.125 58.987 2.972
      vertex 41.131 58.553 3.401
    endloop
  endfacet
  facet normal 0 0 0
    outer loop
      vertex 41.412 58.919 2.785
      vertex 41.125 58.987 2.972
      vertex 41.443 58.676 2.989
    endloop
  endfacet
  facet normal 0 0 0
    outer loop
      vertex 41.378 59.038 2.669
      vertex 41.253 59.198 2.565
      vertex 41.125 58.987 2.972
    endloop
  endfacet
  facet normal 0 0 0
    outer loop
      vertex 54.628 42.887 0
      vertex 54.82 42.413 0.5
      vertex 54.276 42.267 0.5
    endloop
  endfacet
  facet normal 0 0 0
    outer loop
      vertex 41.378 59.038 2.669
      vertex 41.368 59.283 1.985
      vertex 41.253 59.198 2.565
    endloop
  endfacet
  facet normal 0 0 0
    outer loop
      vertex 41.253 59.198 2.565
      vertex 41.129 59.19 2.638
      vertex 41.125 58.987 2.972
    endloop
  endfacet
  facet normal 0 0 0
    outer loop
      vertex 53.764 42.567 0
      vertex 54.628 42.887 0
      vertex 54.276 42.267 0.5
    endloop
  endfacet
  facet normal 0 0 0
    outer loop
      vertex 41.253 59.198 2.565
      vertex 41.116 59.33 2.295
      vertex 41.129 59.19 2.638
    endloop
  endfacet
  facet normal 0 0 0
    outer loop
      vertex 53.764 42.567 0
      vertex 54.276 42.267 0.5
      vertex 53.773 42.011 0.5
    endloop
  endfacet
  facet normal 0 0 0
    outer loop
      vertex 41.129 59.19 2.638
      vertex 41.116 59.33 2.295
      vertex 40.298 59.155 2.71
    endloop
  endfacet
  facet normal 0 0 0
    outer loop
      vertex 41.129 59.19 2.638
      vertex 40.298 59.155 2.71
      vertex 41.125 58.987 2.972
    endloop
  endfacet
  facet normal 0 0 0
    outer loop
      vertex 54.276 42.267 0.5
      vertex 54.82 42.413 0.5
      vertex 54.82 42.413 2
    endloop
  endfacet
  facet normal 0 0 0
    outer loop
      vertex 40.298 59.155 2.71
      vertex 41.131 58.553 3.401
      vertex 41.125 58.987 2.972
    endloop
  endfacet
  facet normal 0 0 0
    outer loop
      vertex 41.134 59.388 2.022
      vertex 41.116 59.33 2.295
      vertex 41.253 59.198 2.565
    endloop
  endfacet
  facet normal 0 0 0
    outer loop
      vertex 53.773 42.011 2
      vertex 52.602 43.638 2
      vertex 53.335 41.657 2
    endloop
  endfacet
  facet normal 0 0 0
    outer loop
      vertex 13.333 32.547 0.569
      vertex 17.167 32.798 1.199
      vertex 21 32.435 0.401
    endloop
  endfacet
  facet normal 0 0 0
    outer loop
      vertex 53.773 42.011 2
      vertex 53.335 41.657 0.5
      vertex 53.773 42.011 0.5
    endloop
  endfacet
  facet normal 0 0 0
    outer loop
      vertex 53.335 41.657 0.5
      vertex 53.773 42.011 2
      vertex 53.335 41.657 2
    endloop
  endfacet
  facet normal 0 0 0
    outer loop
      vertex 9.5 32.614 2.617
      vertex 13.333 32.653 2.53
      vertex 9.5 32.741 2.308
    endloop
  endfacet
  facet normal 0 0 0
    outer loop
      vertex 53.773 42.011 2
      vertex 54.276 42.267 0.5
      vertex 54.276 42.267 2
    endloop
  endfacet
  facet normal 0 0 0
    outer loop
      vertex 54.276 42.267 0.5
      vertex 53.773 42.011 2
      vertex 53.773 42.011 0.5
    endloop
  endfacet
  facet normal 0 0 0
    outer loop
      vertex 53.773 42.011 2
      vertex 53.34 44.037 2
      vertex 52.602 43.638 2
    endloop
  endfacet
  facet normal 0 0 0
    outer loop
      vertex 54.132 44.313 2
      vertex 54.82 42.413 2
      vertex 55.242 44.446 2
    endloop
  endfacet
  facet normal 0 0 0
    outer loop
      vertex 7.5 31.55 0
      vertex 14.5 31.55 0
      vertex 14.5 31.55 3.3
    endloop
  endfacet
  facet normal 0 0 0
    outer loop
      vertex 54.82 42.413 2
      vertex 54.276 42.267 2
      vertex 54.276 42.267 0.5
    endloop
  endfacet
  facet normal 0 0 0
    outer loop
      vertex 54.82 42.413 2
      vertex 54.132 44.313 2
      vertex 54.276 42.267 2
    endloop
  endfacet
  facet normal 0 0 0
    outer loop
      vertex 9.5 32.049 3.3
      vertex 21 32.049 3.3
      vertex 13.333 32.272 3.092
    endloop
  endfacet
  facet normal 0 0 0
    outer loop
      vertex 13.333 32.547 0.569
      vertex 9.5 32.326 0.274
      vertex 9.5 32.66 0.785
    endloop
  endfacet
  facet normal 0 0 0
    outer loop
      vertex 57.234 42.23 0
      vertex 57.149 41.657 0.5
      vertex 56.711 42.011 0.5
    endloop
  endfacet
  facet normal 0 0 0
    outer loop
      vertex 17.167 28.665 1.876
      vertex 13.333 28.696 1.256
      vertex 17.167 28.714 1.202
    endloop
  endfacet
  facet normal 0 0 0
    outer loop
      vertex 13.333 28.696 1.256
      vertex 17.167 28.665 1.876
      vertex 13.333 28.665 1.876
    endloop
  endfacet
  facet normal 0 0 0
    outer loop
      vertex 57.234 42.23 0
      vertex 56.711 42.011 0.5
      vertex 56.208 42.267 0.5
    endloop
  endfacet
  facet normal 0 0 0
    outer loop
      vertex 56.711 42.011 0.5
      vertex 57.149 41.657 0.5
      vertex 56.711 42.011 2
    endloop
  endfacet
  facet normal 0 0 0
    outer loop
      vertex 56.208 42.267 0.5
      vertex 56.711 42.011 0.5
      vertex 56.711 42.011 2
    endloop
  endfacet
  facet normal 0 0 0
    outer loop
      vertex 57.234 42.23 0
      vertex 56.208 42.267 0.5
      vertex 55.664 42.413 0.5
    endloop
  endfacet
  facet normal 0 0 0
    outer loop
      vertex 55.664 42.413 0.5
      vertex 55.473 42.931 0
      vertex 57.234 42.23 0
    endloop
  endfacet
  facet normal 0 0 0
    outer loop
      vertex 21 29.451 3.3
      vertex 13.333 29.228 3.092
      vertex 21 29.208 3.071
    endloop
  endfacet
  facet normal 0 0 0
    outer loop
      vertex 57.149 41.657 2
      vertex 57.149 41.657 0.5
      vertex 57.503 41.219 2
    endloop
  endfacet
  facet normal 0 0 0
    outer loop
      vertex 57.149 41.657 0.5
      vertex 57.149 41.657 2
      vertex 56.711 42.011 2
    endloop
  endfacet
  facet normal 0 0 0
    outer loop
      vertex 57.149 41.657 2
      vertex 57.503 41.219 2
      vertex 58.726 42.904 2
    endloop
  endfacet
  facet normal 0 0 0
    outer loop
      vertex 57.149 41.657 2
      vertex 58.249 43.349 2
      vertex 56.711 42.011 2
    endloop
  endfacet
  facet normal 0 0 0
    outer loop
      vertex 7.5 29.95 3.3
      vertex 14.5 29.95 3.3
      vertex 14.5 29.95 0
    endloop
  endfacet
  facet normal 0 0 0
    outer loop
      vertex 7.5 29.95 0
      vertex 7.5 29.95 3.3
      vertex 14.5 29.95 0
    endloop
  endfacet
  facet normal 0 0 0
    outer loop
      vertex 56.208 42.267 0.5
      vertex 56.711 42.011 2
      vertex 56.208 42.267 2
    endloop
  endfacet
  facet normal 0 0 0
    outer loop
      vertex 56.208 42.267 0.5
      vertex 56.208 42.267 2
      vertex 55.664 42.413 2
    endloop
  endfacet
  facet normal 0 0 0
    outer loop
      vertex 55.664 42.413 0.5
      vertex 56.208 42.267 0.5
      vertex 55.664 42.413 2
    endloop
  endfacet
  facet normal 0 0 0
    outer loop
      vertex 9.5 28.7 2.093
      vertex 9.5 28.653 1.65
      vertex 13.333 28.665 1.876
    endloop
  endfacet
  facet normal 0 0 0
    outer loop
      vertex 56.208 42.267 2
      vertex 57.399 43.922 2
      vertex 56.352 44.313 2
    endloop
  endfacet
  facet normal 0 0 0
    outer loop
      vertex 55.664 42.413 2
      vertex 56.352 44.313 2
      vertex 55.242 44.446 2
    endloop
  endfacet
  facet normal 0 0 0
    outer loop
      vertex 13.333 28.665 1.876
      vertex 9.5 28.942 2.713
      vertex 9.5 28.7 2.093
    endloop
  endfacet
  facet normal 0 0 0
    outer loop
      vertex 17.167 29.051 2.87
      vertex 21 29.208 3.071
      vertex 13.333 29.228 3.092
    endloop
  endfacet
  facet normal 0 0 0
    outer loop
      vertex 13.333 29.228 3.092
      vertex 13.333 29.012 2.828
      vertex 17.167 29.051 2.87
    endloop
  endfacet
  facet normal 0 0 0
    outer loop
      vertex 54.82 42.413 0.5
      vertex 55.664 42.413 2
      vertex 54.82 42.413 2
    endloop
  endfacet
  facet normal 0 0 0
    outer loop
      vertex 55.664 42.413 2
      vertex 54.82 42.413 0.5
      vertex 55.664 42.413 0.5
    endloop
  endfacet
  facet normal 0 0 0
    outer loop
      vertex 54.82 42.413 0.5
      vertex 55.473 42.931 0
      vertex 55.664 42.413 0.5
    endloop
  endfacet
  facet normal 0 0 0
    outer loop
      vertex 9.5 28.653 1.65
      vertex 9.5 28.851 0.79
      vertex 13.333 28.696 1.256
    endloop
  endfacet
  facet normal 0 0 0
    outer loop
      vertex 54.628 42.887 0
      vertex 55.473 42.931 0
      vertex 54.82 42.413 0.5
    endloop
  endfacet
  facet normal 0 0 0
    outer loop
      vertex 9.5 29.208 0.229
      vertex 17.167 28.953 0.569
      vertex 9.5 28.851 0.79
    endloop
  endfacet
  facet normal 0 0 0
    outer loop
      vertex 56.352 44.313 2
      vertex 55.664 42.413 2
      vertex 56.208 42.267 2
    endloop
  endfacet
  facet normal 0 0 0
    outer loop
      vertex 54.82 42.413 2
      vertex 55.664 42.413 2
      vertex 55.242 44.446 2
    endloop
  endfacet
  facet normal 0 0 0
    outer loop
      vertex 58.206 47.302 1.633
      vertex 57.257 47.503 1.914
      vertex 56.255 47.227 2.676
    endloop
  endfacet
  facet normal 0 0 0
    outer loop
      vertex 17.167 28.953 0.569
      vertex 17.167 28.714 1.202
      vertex 9.5 28.851 0.79
    endloop
  endfacet
  facet normal 0 0 0
    outer loop
      vertex 9.5 28.851 0.79
      vertex 17.167 28.714 1.202
      vertex 13.333 28.696 1.256
    endloop
  endfacet
  facet normal 0 0 0
    outer loop
      vertex 57.574 46.926 2.676
      vertex 58.034 46.863 2.561
      vertex 58.206 47.302 1.633
    endloop
  endfacet
  facet normal 0 0 0
    outer loop
      vertex 57.574 46.926 2.676
      vertex 58.206 47.302 1.633
      vertex 56.255 47.227 2.676
    endloop
  endfacet
  facet normal 0 0 0
    outer loop
      vertex 21 29.451 3.3
      vertex 9.5 29.451 3.3
      vertex 13.333 29.228 3.092
    endloop
  endfacet
  facet normal 0 0 0
    outer loop
      vertex 9.5 28.942 2.713
      vertex 21 28.794 2.414
      vertex 17.167 29.051 2.87
    endloop
  endfacet
  facet normal 0 0 0
    outer loop
      vertex 48.494 54.988 2.438
      vertex 48.26 55.889 2.676
      vertex 48.024 55.274 1.914
    endloop
  endfacet
  facet normal 0 0 0
    outer loop
      vertex 48.494 54.988 2.438
      vertex 48.656 56.051 3.093
      vertex 48.26 55.889 2.676
    endloop
  endfacet
  facet normal 0 0 0
    outer loop
      vertex 13.333 29.012 2.828
      vertex 9.5 28.942 2.713
      vertex 17.167 29.051 2.87
    endloop
  endfacet
  facet normal 0 0 0
    outer loop
      vertex 48.024 55.274 1.914
      vertex 48.26 55.889 2.676
      vertex 47.637 55.6 1.011
    endloop
  endfacet
  facet normal 0 0 0
    outer loop
      vertex 48.829 55.174 2.895
      vertex 48.656 56.051 3.093
      vertex 48.494 54.988 2.438
    endloop
  endfacet
  facet normal 0 0 0
    outer loop
      vertex 17.167 28.665 1.876
      vertex 21 28.794 2.414
      vertex 13.333 28.665 1.876
    endloop
  endfacet
  facet normal 0 0 0
    outer loop
      vertex 48.26 55.889 2.676
      vertex 47.931 56.253 2.438
      vertex 47.661 56.161 1.914
    endloop
  endfacet
  facet normal 0 0 0
    outer loop
      vertex 13.333 28.665 1.876
      vertex 21 28.794 2.414
      vertex 9.5 28.942 2.713
    endloop
  endfacet
  facet normal 0 0 0
    outer loop
      vertex 14 39 0
      vertex 14 39 3.3
      vertex 8.498 39 3.3
    endloop
  endfacet
  facet normal 0 0 0
    outer loop
      vertex 8.498 39 0
      vertex 14 39 0
      vertex 8.498 39 3.3
    endloop
  endfacet
  facet normal 0 0 0
    outer loop
      vertex 8.498 39 0
      vertex 10.311 41.501 0
      vertex 14 39 0
    endloop
  endfacet
  facet normal 0 0 0
    outer loop
      vertex 8.498 41.501 0
      vertex 8.498 39 0
      vertex 8.498 39 3.3
    endloop
  endfacet
  facet normal 0 0 0
    outer loop
      vertex 14 39 3.3
      vertex 12.187 41.501 3.3
      vertex 8.498 39 3.3
    endloop
  endfacet
  facet normal 0 0 0
    outer loop
      vertex 31 39.515 2.456
      vertex 31 39.515 0.944
      vertex 31.966 39.515 0.944
    endloop
  endfacet
  facet normal 0 0 0
    outer loop
      vertex 10.311 41.501 0
      vertex 8.498 39 0
      vertex 8.498 41.501 0
    endloop
  endfacet
  facet normal 0 0 0
    outer loop
      vertex 49.511 56.201 3.566
      vertex 48.98 56.611 3.416
      vertex 48.656 56.051 3.093
    endloop
  endfacet
  facet normal 0 0 0
    outer loop
      vertex 10.746 44.098 0
      vertex 10.311 50.801 0
      vertex 10.746 51.501 0
    endloop
  endfacet
  facet normal 0 0 0
    outer loop
      vertex 11.752 44.098 0
      vertex 12.187 50.801 0
      vertex 12.187 41.501 0
    endloop
  endfacet
  facet normal 0 0 0
    outer loop
      vertex 47.147 57.53 1.344
      vertex 47.234 57.048 1.344
      vertex 47.406 57.084 1.914
    endloop
  endfacet
  facet normal 0 0 0
    outer loop
      vertex 12.187 41.501 0
      vertex 10.746 44.098 0
      vertex 11.752 44.098 0
    endloop
  endfacet
  facet normal 0 0 0
    outer loop
      vertex 47.234 57.048 1.344
      vertex 47.35 56.572 1.344
      vertex 47.406 57.084 1.914
    endloop
  endfacet
  facet normal 0 0 0
    outer loop
      vertex 10.311 41.501 0
      vertex 10.746 44.098 0
      vertex 12.187 41.501 0
    endloop
  endfacet
  facet normal 0 0 0
    outer loop
      vertex 12.187 41.501 0
      vertex 14 39 0
      vertex 10.311 41.501 0
    endloop
  endfacet
  facet normal 0 0 0
    outer loop
      vertex 47.249 58.271 1.914
      vertex 47.406 57.084 1.914
      vertex 47.644 57.371 2.438
    endloop
  endfacet
  facet normal 0 0 0
    outer loop
      vertex 14 39 0
      vertex 12.187 41.501 0
      vertex 14 41.501 0
    endloop
  endfacet
  facet normal 0 0 0
    outer loop
      vertex 47.76 56.685 2.372
      vertex 47.661 56.161 1.914
      vertex 47.931 56.253 2.438
    endloop
  endfacet
  facet normal 0 0 0
    outer loop
      vertex 47.341 56.442 0.5
      vertex 47.234 57.048 1.344
      vertex 47.147 57.53 1.344
    endloop
  endfacet
  facet normal 0 0 0
    outer loop
      vertex 47.341 56.442 0.5
      vertex 47.35 56.572 1.344
      vertex 47.234 57.048 1.344
    endloop
  endfacet
  facet normal 0 0 0
    outer loop
      vertex 47.341 56.442 0.5
      vertex 47.147 57.53 1.344
      vertex 47.041 57.888 0.5
    endloop
  endfacet
  facet normal 0 0 0
    outer loop
      vertex 47.341 56.442 0.5
      vertex 47.495 56.104 1.344
      vertex 47.35 56.572 1.344
    endloop
  endfacet
  facet normal 0 0 0
    outer loop
      vertex 47.341 56.442 0.5
      vertex 47.637 55.6 1.011
      vertex 47.495 56.104 1.344
    endloop
  endfacet
  facet normal 0 0 0
    outer loop
      vertex 53.99 51.212 2.561
      vertex 53.658 51.81 3.093
      vertex 53.563 51.394 2.676
    endloop
  endfacet
  facet normal 0 0 0
    outer loop
      vertex 47.661 56.161 1.914
      vertex 47.637 55.6 1.011
      vertex 48.26 55.889 2.676
    endloop
  endfacet
  facet normal 0 0 0
    outer loop
      vertex 53.563 51.394 2.676
      vertex 53.658 51.81 3.093
      vertex 53.314 52.15 3.267
    endloop
  endfacet
  facet normal 0 0 0
    outer loop
      vertex 47.637 55.6 1.011
      vertex 47.661 56.161 1.914
      vertex 47.495 56.104 1.344
    endloop
  endfacet
  facet normal 0 0 0
    outer loop
      vertex 53.076 51.334 2.438
      vertex 53.563 51.394 2.676
      vertex 53.314 52.15 3.267
    endloop
  endfacet
  facet normal 0 0 0
    outer loop
      vertex 47.495 56.104 1.344
      vertex 47.661 56.161 1.914
      vertex 47.35 56.572 1.344
    endloop
  endfacet
  facet normal 0 0 0
    outer loop
      vertex 47.76 56.685 2.372
      vertex 47.35 56.572 1.344
      vertex 47.661 56.161 1.914
    endloop
  endfacet
  facet normal 0 0 0
    outer loop
      vertex 47.406 57.084 1.914
      vertex 47.35 56.572 1.344
      vertex 47.76 56.685 2.372
    endloop
  endfacet
  facet normal 0 0 0
    outer loop
      vertex 52.715 51.697 2.728
      vertex 53.076 51.334 2.438
      vertex 53.314 52.15 3.267
    endloop
  endfacet
  facet normal 0 0 0
    outer loop
      vertex 55.349 51.579 3.04
      vertex 54.903 51.212 2.676
      vertex 55.36 50.869 2.183
    endloop
  endfacet
  facet normal 0 0 0
    outer loop
      vertex 53.951 50.975 2.183
      vertex 53.42 50.768 1.344
      vertex 53.894 50.63 1.048
    endloop
  endfacet
  facet normal 0 0 0
    outer loop
      vertex 53.99 51.212 2.561
      vertex 53.563 51.394 2.676
      vertex 53.951 50.975 2.183
    endloop
  endfacet
  facet normal 0 0 0
    outer loop
      vertex 53.227 51 1.914
      vertex 53.951 50.975 2.183
      vertex 53.563 51.394 2.676
    endloop
  endfacet
  facet normal 0 0 0
    outer loop
      vertex 53.951 50.975 2.183
      vertex 54.405 50.783 1.914
      vertex 53.99 51.212 2.561
    endloop
  endfacet
  facet normal 0 0 0
    outer loop
      vertex 53.227 51 1.914
      vertex 53.42 50.768 1.344
      vertex 53.951 50.975 2.183
    endloop
  endfacet
  facet normal 0 0 0
    outer loop
      vertex 53.99 51.212 2.561
      vertex 55.36 50.869 2.183
      vertex 54.903 51.212 2.676
    endloop
  endfacet
  facet normal 0 0 0
    outer loop
      vertex 53.99 51.212 2.561
      vertex 54.405 50.783 1.914
      vertex 55.36 50.869 2.183
    endloop
  endfacet
  facet normal 0 0 0
    outer loop
      vertex 54.875 50.571 1.344
      vertex 55.36 50.869 2.183
      vertex 54.405 50.783 1.914
    endloop
  endfacet
  facet normal 0 0 0
    outer loop
      vertex 54.386 50.608 1.344
      vertex 54.875 50.571 1.344
      vertex 54.405 50.783 1.914
    endloop
  endfacet
  facet normal 0 0 0
    outer loop
      vertex 55.242 50.5 0.5
      vertex 54.875 50.571 1.344
      vertex 53.769 50.633 0.5
    endloop
  endfacet
  facet normal 0 0 0
    outer loop
      vertex 55.242 50.5 0.5
      vertex 55.396 50.519 1.011
      vertex 54.875 50.571 1.344
    endloop
  endfacet
  facet normal 0 0 0
    outer loop
      vertex 53.769 50.633 0.5
      vertex 55.003 51.007 0
      vertex 55.242 50.5 0.5
    endloop
  endfacet
  facet normal 0 0 0
    outer loop
      vertex 55.003 51.007 0
      vertex 56.715 50.633 0.5
      vertex 55.242 50.5 0.5
    endloop
  endfacet
  facet normal 0 0 0
    outer loop
      vertex 55.396 50.519 1.011
      vertex 55.36 50.869 2.183
      vertex 54.875 50.571 1.344
    endloop
  endfacet
  facet normal 0 0 0
    outer loop
      vertex 55.242 50.5 0.5
      vertex 56.715 50.633 0.5
      vertex 55.396 50.519 1.011
    endloop
  endfacet
  facet normal 0 0 0
    outer loop
      vertex 53.894 50.63 1.048
      vertex 53.769 50.633 0.5
      vertex 54.386 50.608 1.344
    endloop
  endfacet
endsolid OpenSCAD_Model
