solid OpenSCAD_Model
  facet normal 0 0 0
    outer loop
      vertex 0.662 -10.324 2.252
      vertex 0.688 -12.485 2.252
      vertex 0.806 -11.599 2.252
    endloop
  endfacet
  facet normal 0 0 0
    outer loop
      vertex 0.975 -10.323 2.252
      vertex 0.662 -10.324 2.252
      vertex 0.806 -11.599 2.252
    endloop
  endfacet
  facet normal 0 0 0
    outer loop
      vertex 0.806 -11.599 2.252
      vertex 0.948 -10.367 2.151
      vertex 0.975 -10.323 2.252
    endloop
  endfacet
  facet normal 0 0 0
    outer loop
      vertex 2.05 5.804 0.939
      vertex 2.05 8.001 0.736
      vertex 2.05 5.844 0.683
    endloop
  endfacet
  facet normal 0 0 0
    outer loop
      vertex 2.201 5.804 0.898
      vertex 2.251 5.804 2.051
      vertex 2.05 5.804 0.939
    endloop
  endfacet
  facet normal 0 0 0
    outer loop
      vertex 2.251 5.804 0.911
      vertex 2.251 3.749 0.669
      vertex 2.251 8.001 0.768
    endloop
  endfacet
  facet normal 0 0 0
    outer loop
      vertex 2.251 3.084 3.64
      vertex 2.251 5.804 3.391
      vertex 2.251 3.76 3.641
    endloop
  endfacet
  facet normal 0 0 0
    outer loop
      vertex 2.251 3.76 3.641
      vertex 3.187 3.401 3.229
      vertex 2.251 3.084 3.64
    endloop
  endfacet
  facet normal 0 0 0
    outer loop
      vertex -6.521 -15.001 3.65
      vertex -7.033 -15.001 3.747
      vertex -7.051 -13.712 3.589
    endloop
  endfacet
  facet normal 0 0 0
    outer loop
      vertex -5.493 -15.001 2.427
      vertex -5.753 -13.411 2.666
      vertex -5.664 -13.427 2.252
    endloop
  endfacet
  facet normal 0 0 0
    outer loop
      vertex -5.493 -15.001 2.427
      vertex -5.559 -15.001 2.743
      vertex -5.753 -13.411 2.666
    endloop
  endfacet
  facet normal 0 0 0
    outer loop
      vertex -5.753 -13.411 2.666
      vertex -5.559 -15.001 2.743
      vertex -6.007 -13.811 3.113
    endloop
  endfacet
  facet normal 0 0 0
    outer loop
      vertex -6.007 -13.811 3.113
      vertex -5.559 -15.001 2.743
      vertex -5.849 -15.001 3.153
    endloop
  endfacet
  facet normal 0 0 0
    outer loop
      vertex -5.251 -15.001 0.251
      vertex -4.999 -14.749 4.051
      vertex -5.251 -15.001 4.051
    endloop
  endfacet
  facet normal 0 0 0
    outer loop
      vertex -7.295 -13.13 0.678
      vertex -7.857 -12.943 0.84
      vertex -7.31 -13.29 0.659
    endloop
  endfacet
  facet normal 0 0 0
    outer loop
      vertex -7.304 -13.108 0.68
      vertex -7.332 -10.399 0.662
      vertex -7.857 -12.943 0.84
    endloop
  endfacet
  facet normal 0 0 0
    outer loop
      vertex -7.295 -13.13 0.678
      vertex -7.304 -13.108 0.68
      vertex -7.857 -12.943 0.84
    endloop
  endfacet
  facet normal 0 0 0
    outer loop
      vertex -8.554 12.873 -0.001
      vertex -8.55 12.872 0.001
      vertex -8.554 12.723 0.123
    endloop
  endfacet
  facet normal 0 0 0
    outer loop
      vertex -8.554 12.384 0.536
      vertex -8.554 9.602 -0.001
      vertex -8.554 12.723 0.123
    endloop
  endfacet
  facet normal 0 0 0
    outer loop
      vertex -5.823 12.723 3.979
      vertex -5.823 12.384 3.566
      vertex -5.823 9.701 4.303
    endloop
  endfacet
  facet normal 0 0 0
    outer loop
      vertex -5.823 12.384 3.566
      vertex -5.823 12.723 3.979
      vertex -8.554 12.723 3.979
    endloop
  endfacet
  facet normal 0 0 0
    outer loop
      vertex -5.823 12.723 3.979
      vertex -5.823 9.701 4.303
      vertex -5.823 13.117 4.303
    endloop
  endfacet
  facet normal 0 0 0
    outer loop
      vertex -4.999 14.751 0.251
      vertex -5.251 15.003 4.051
      vertex -4.999 14.751 4.051
    endloop
  endfacet
  facet normal 0 0 0
    outer loop
      vertex -5.251 15.003 4.051
      vertex -9.051 15.003 4.051
      vertex -5.251 14.751 4.303
    endloop
  endfacet
  facet normal 0 0 0
    outer loop
      vertex -5.251 14.751 4.303
      vertex -4.999 14.751 4.051
      vertex -5.251 15.003 4.051
    endloop
  endfacet
  facet normal 0 0 0
    outer loop
      vertex -5.823 12.723 0.123
      vertex -5.823 9.602 0.001
      vertex -5.823 12.384 0.536
    endloop
  endfacet
  facet normal 0 0 0
    outer loop
      vertex -5.251 15.003 4.051
      vertex -4.999 14.751 0.251
      vertex -5.251 15.003 0.251
    endloop
  endfacet
  facet normal 0 0 0
    outer loop
      vertex -5.752 13.75 0.001
      vertex -5.751 9.251 -0.001
      vertex -5.752 9.252 0.001
    endloop
  endfacet
  facet normal 0 0 0
    outer loop
      vertex -5.752 9.252 0.001
      vertex -5.823 12.872 0.001
      vertex -5.752 13.75 0.001
    endloop
  endfacet
  facet normal 0 0 0
    outer loop
      vertex -5.823 12.872 0.001
      vertex -5.752 9.252 0.001
      vertex -5.823 9.602 0.001
    endloop
  endfacet
  facet normal 0 0 0
    outer loop
      vertex -5.823 12.872 0.001
      vertex -5.823 9.602 0.001
      vertex -5.823 12.723 0.123
    endloop
  endfacet
  facet normal 0 0 0
    outer loop
      vertex -8.554 11.977 2.583
      vertex -5.823 11.977 2.583
      vertex -8.554 12.132 3.094
    endloop
  endfacet
  facet normal 0 0 0
    outer loop
      vertex -8.554 11.977 2.583
      vertex -8.554 11.924 2.051
      vertex -5.823 11.977 2.583
    endloop
  endfacet
  facet normal 0 0 0
    outer loop
      vertex -8.554 9.303 3.115
      vertex -8.554 11.977 2.583
      vertex -8.554 12.132 3.094
    endloop
  endfacet
  facet normal 0 0 0
    outer loop
      vertex -8.554 12.132 3.094
      vertex -8.554 9.613 4.138
      vertex -8.554 9.303 3.115
    endloop
  endfacet
  facet normal 0 0 0
    outer loop
      vertex -8.554 9.613 4.138
      vertex -8.554 12.132 3.094
      vertex -8.554 9.701 4.303
    endloop
  endfacet
  facet normal 0 0 0
    outer loop
      vertex -8.554 11.977 2.583
      vertex -8.554 9.303 3.115
      vertex -8.554 11.924 2.051
    endloop
  endfacet
  facet normal 0 0 0
    outer loop
      vertex -8.551 9.602 -0.001
      vertex -8.554 9.602 -0.001
      vertex -8.55 9.602 0.001
    endloop
  endfacet
  facet normal 0 0 0
    outer loop
      vertex -8.554 9.602 -0.001
      vertex -8.554 9.303 0.987
      vertex -8.55 9.602 0.001
    endloop
  endfacet
  facet normal 0 0 0
    outer loop
      vertex -8.554 11.977 1.519
      vertex -8.554 9.602 -0.001
      vertex -8.554 12.132 1.008
    endloop
  endfacet
  facet normal 0 0 0
    outer loop
      vertex -8.554 11.924 2.051
      vertex -8.554 9.198 2.051
      vertex -8.554 9.303 0.987
    endloop
  endfacet
  facet normal 0 0 0
    outer loop
      vertex -8.554 11.924 2.051
      vertex -8.554 9.303 0.987
      vertex -8.554 11.977 1.519
    endloop
  endfacet
  facet normal 0 0 0
    outer loop
      vertex -8.554 9.198 2.051
      vertex -8.554 11.924 2.051
      vertex -8.554 9.303 3.115
    endloop
  endfacet
  facet normal 0 0 0
    outer loop
      vertex -8.554 9.613 4.138
      vertex -8.554 9.701 4.303
      vertex -5.823 9.701 4.303
    endloop
  endfacet
  facet normal 0 0 0
    outer loop
      vertex -5.823 9.613 4.138
      vertex -8.554 9.613 4.138
      vertex -5.823 9.701 4.303
    endloop
  endfacet
  facet normal 0 0 0
    outer loop
      vertex -5.823 9.701 4.303
      vertex -5.823 12.132 3.094
      vertex -5.823 9.613 4.138
    endloop
  endfacet
  facet normal 0 0 0
    outer loop
      vertex -5.823 9.613 4.138
      vertex -5.823 12.132 3.094
      vertex -5.823 9.303 3.115
    endloop
  endfacet
  facet normal 0 0 0
    outer loop
      vertex -5.251 -14.749 4.303
      vertex -4.999 14.751 4.051
      vertex -5.251 14.751 4.303
    endloop
  endfacet
  facet normal 0 0 0
    outer loop
      vertex -5.823 9.198 2.051
      vertex -8.554 9.198 2.051
      vertex -8.554 9.303 3.115
    endloop
  endfacet
  facet normal 0 0 0
    outer loop
      vertex -5.823 9.303 3.115
      vertex -5.823 9.198 2.051
      vertex -8.554 9.303 3.115
    endloop
  endfacet
  facet normal 0 0 0
    outer loop
      vertex -8.554 12.384 3.566
      vertex -5.823 12.132 3.094
      vertex -5.823 12.384 3.566
    endloop
  endfacet
  facet normal 0 0 0
    outer loop
      vertex -5.823 12.132 3.094
      vertex -8.554 12.384 3.566
      vertex -8.554 12.132 3.094
    endloop
  endfacet
  facet normal 0 0 0
    outer loop
      vertex -8.554 12.132 3.094
      vertex -5.823 11.977 2.583
      vertex -5.823 12.132 3.094
    endloop
  endfacet
  facet normal 0 0 0
    outer loop
      vertex -5.823 11.924 2.051
      vertex -5.823 11.977 2.583
      vertex -8.554 11.924 2.051
    endloop
  endfacet
  facet normal 0 0 0
    outer loop
      vertex -5.823 9.303 3.115
      vertex -8.554 9.303 3.115
      vertex -8.554 9.613 4.138
    endloop
  endfacet
  facet normal 0 0 0
    outer loop
      vertex -8.554 9.613 4.138
      vertex -5.823 9.613 4.138
      vertex -5.823 9.303 3.115
    endloop
  endfacet
  facet normal 0 0 0
    outer loop
      vertex -5.823 9.303 3.115
      vertex -5.823 11.924 2.051
      vertex -5.823 9.198 2.051
    endloop
  endfacet
  facet normal 0 0 0
    outer loop
      vertex -5.823 12.132 3.094
      vertex -5.823 11.977 2.583
      vertex -5.823 9.303 3.115
    endloop
  endfacet
  facet normal 0 0 0
    outer loop
      vertex -5.823 12.132 3.094
      vertex -5.823 9.701 4.303
      vertex -5.823 12.384 3.566
    endloop
  endfacet
  facet normal 0 0 0
    outer loop
      vertex -5.823 11.924 2.051
      vertex -5.823 9.303 3.115
      vertex -5.823 11.977 2.583
    endloop
  endfacet
  facet normal 0 0 0
    outer loop
      vertex -5.823 9.303 0.987
      vertex -8.554 9.303 0.987
      vertex -8.554 9.198 2.051
    endloop
  endfacet
  facet normal 0 0 0
    outer loop
      vertex -5.823 9.303 0.987
      vertex -8.55 9.602 0.001
      vertex -8.554 9.303 0.987
    endloop
  endfacet
  facet normal 0 0 0
    outer loop
      vertex -8.55 9.602 0.001
      vertex -5.823 9.303 0.987
      vertex -5.823 9.602 0.001
    endloop
  endfacet
  facet normal 0 0 0
    outer loop
      vertex -8.55 9.602 0.001
      vertex -5.823 9.602 0.001
      vertex -8.55 9.252 0.001
    endloop
  endfacet
  facet normal 0 0 0
    outer loop
      vertex -8.554 11.924 2.051
      vertex -8.554 11.977 1.519
      vertex -5.823 11.924 2.051
    endloop
  endfacet
  facet normal 0 0 0
    outer loop
      vertex -8.554 12.132 1.008
      vertex -8.554 12.384 0.536
      vertex -5.823 12.384 0.536
    endloop
  endfacet
  facet normal 0 0 0
    outer loop
      vertex -5.823 9.602 0.001
      vertex -5.752 9.252 0.001
      vertex -8.55 9.252 0.001
    endloop
  endfacet
  facet normal 0 0 0
    outer loop
      vertex -5.823 9.303 0.987
      vertex -8.554 9.198 2.051
      vertex -5.823 9.198 2.051
    endloop
  endfacet
  facet normal 0 0 0
    outer loop
      vertex -5.823 11.924 2.051
      vertex -8.554 11.977 1.519
      vertex -5.823 11.977 1.519
    endloop
  endfacet
  facet normal 0 0 0
    outer loop
      vertex -8.554 12.132 1.008
      vertex -5.823 12.132 1.008
      vertex -5.823 11.977 1.519
    endloop
  endfacet
  facet normal 0 0 0
    outer loop
      vertex -8.554 11.977 1.519
      vertex -8.554 12.132 1.008
      vertex -5.823 11.977 1.519
    endloop
  endfacet
  facet normal 0 0 0
    outer loop
      vertex -8.554 12.132 1.008
      vertex -5.823 12.384 0.536
      vertex -5.823 12.132 1.008
    endloop
  endfacet
  facet normal 0 0 0
    outer loop
      vertex -14.664 -13.427 2.252
      vertex -14.848 -11.882 2.151
      vertex -14.875 -11.679 2.051
    endloop
  endfacet
  facet normal 0 0 0
    outer loop
      vertex 2.251 -13.712 3.589
      vertex 2.092 -11.786 3.375
      vertex 2.201 -12.158 3.404
    endloop
  endfacet
  facet normal 0 0 0
    outer loop
      vertex 3.638 -13.427 2.252
      vertex 3.454 -11.882 2.151
      vertex 3.427 -11.679 2.051
    endloop
  endfacet
  facet normal 0 0 0
    outer loop
      vertex 3.427 -11.837 2.252
      vertex 3.638 -13.427 2.252
      vertex 3.638 -8.463 2.252
    endloop
  endfacet
  facet normal 0 0 0
    outer loop
      vertex 0.887 -10.399 1.352
      vertex 0.678 -10.399 2.051
      vertex 0.78 -12.351 1.599
    endloop
  endfacet
  facet normal 0 0 0
    outer loop
      vertex -16.051 5.804 3.391
      vertex -16.051 6.629 3.644
      vertex -16.051 3.76 3.641
    endloop
  endfacet
  facet normal 0 0 0
    outer loop
      vertex -16.101 5.804 3.404
      vertex -16.051 5.804 2.252
      vertex -16.051 5.804 3.391
    endloop
  endfacet
  facet normal 0 0 0
    outer loop
      vertex -16.051 5.804 2.252
      vertex -16.252 5.804 3.363
      vertex -16.252 5.804 2.252
    endloop
  endfacet
  facet normal 0 0 0
    outer loop
      vertex -16.051 5.804 2.252
      vertex -16.101 5.804 3.404
      vertex -16.252 5.804 3.363
    endloop
  endfacet
  facet normal 0 0 0
    outer loop
      vertex -16.051 5.804 2.252
      vertex -16.252 5.804 2.252
      vertex -16.252 5.804 2.051
    endloop
  endfacet
  facet normal 0 0 0
    outer loop
      vertex -16.252 5.804 2.051
      vertex -16.051 5.804 2.051
      vertex -16.051 5.804 2.252
    endloop
  endfacet
  facet normal 0 0 0
    outer loop
      vertex -16.051 5.804 2.051
      vertex -16.252 5.804 2.051
      vertex -16.252 5.804 0.939
    endloop
  endfacet
  facet normal 0 0 0
    outer loop
      vertex -14.848 5.804 2.151
      vertex -16.051 5.804 2.051
      vertex -14.875 5.804 2.051
    endloop
  endfacet
  facet normal 0 0 0
    outer loop
      vertex -16.051 5.804 2.051
      vertex -14.848 5.804 2.151
      vertex -14.875 5.804 2.252
    endloop
  endfacet
  facet normal 0 0 0
    outer loop
      vertex -16.051 5.804 2.252
      vertex -16.051 5.804 2.051
      vertex -14.875 5.804 2.252
    endloop
  endfacet
  facet normal 0 0 0
    outer loop
      vertex -14.875 5.804 2.051
      vertex -16.051 8.001 2.051
      vertex -14.661 8.001 2.051
    endloop
  endfacet
  facet normal 0 0 0
    outer loop
      vertex -14.66 8.001 2.034
      vertex -14.685 1.101 1.852
      vertex -14.661 8.001 2.051
    endloop
  endfacet
  facet normal 0 0 0
    outer loop
      vertex -16.051 8.001 2.051
      vertex -16.051 8.001 0.768
      vertex -15.37 8.001 0.876
    endloop
  endfacet
  facet normal 0 0 0
    outer loop
      vertex -16.051 8.001 2.051
      vertex -15.37 8.001 0.876
      vertex -14.892 8.001 1.379
    endloop
  endfacet
  facet normal 0 0 0
    outer loop
      vertex -14.66 8.001 2.034
      vertex -16.051 8.001 2.051
      vertex -14.892 8.001 1.379
    endloop
  endfacet
  facet normal 0 0 0
    outer loop
      vertex -14.661 8.001 2.051
      vertex -16.051 8.001 2.051
      vertex -14.66 8.001 2.034
    endloop
  endfacet
  facet normal 0 0 0
    outer loop
      vertex -16.252 5.804 0.939
      vertex -16.252 8.001 2.051
      vertex -16.252 8.001 0.736
    endloop
  endfacet
  facet normal 0 0 0
    outer loop
      vertex 4.303 14.751 0.251
      vertex 4.303 14.751 4.051
      vertex 4.303 -14.749 4.051
    endloop
  endfacet
  facet normal 0 0 0
    outer loop
      vertex 4.303 14.751 0.251
      vertex 4.303 -14.749 4.051
      vertex 4.303 -14.749 0.251
    endloop
  endfacet
  facet normal 0 0 0
    outer loop
      vertex -18.051 -15.001 4.051
      vertex -17.979 -15.001 2.101
      vertex -17.843 -15.001 2.743
    endloop
  endfacet
  facet normal 0 0 0
    outer loop
      vertex -17.979 -15.001 2.101
      vertex -18.051 -15.001 4.051
      vertex -18.051 -15.001 0.251
    endloop
  endfacet
  facet normal 0 0 0
    outer loop
      vertex -16.546 -15.001 3.713
      vertex -18.051 -15.001 4.051
      vertex -16.881 -15.001 3.65
    endloop
  endfacet
  facet normal 0 0 0
    outer loop
      vertex -17.458 -15.001 3.287
      vertex -18.051 -15.001 4.051
      vertex -17.843 -15.001 2.743
    endloop
  endfacet
  facet normal 0 0 0
    outer loop
      vertex -16.881 -15.001 3.65
      vertex -18.051 -15.001 4.051
      vertex -17.458 -15.001 3.287
    endloop
  endfacet
  facet normal 0 0 0
    outer loop
      vertex -17.165 -15.001 0.731
      vertex -18.051 -15.001 0.251
      vertex -16.881 -15.001 0.552
    endloop
  endfacet
  facet normal 0 0 0
    outer loop
      vertex -17.553 -15.001 1.049
      vertex -18.051 -15.001 0.251
      vertex -17.165 -15.001 0.731
    endloop
  endfacet
  facet normal 0 0 0
    outer loop
      vertex -18.051 -15.001 0.251
      vertex -17.553 -15.001 1.049
      vertex -17.843 -15.001 1.459
    endloop
  endfacet
  facet normal 0 0 0
    outer loop
      vertex -18.051 -15.001 0.251
      vertex -17.843 -15.001 1.459
      vertex -17.979 -15.001 2.101
    endloop
  endfacet
  facet normal 0 0 0
    outer loop
      vertex -14.493 -15.001 2.427
      vertex -14.251 -15.001 4.051
      vertex -14.559 -15.001 2.743
    endloop
  endfacet
  facet normal 0 0 0
    outer loop
      vertex -14.559 -15.001 2.743
      vertex -14.251 -15.001 4.051
      vertex -14.849 -15.001 3.153
    endloop
  endfacet
  facet normal 0 0 0
    outer loop
      vertex -16.033 -15.001 3.747
      vertex -18.051 -15.001 4.051
      vertex -16.546 -15.001 3.713
    endloop
  endfacet
  facet normal 0 0 0
    outer loop
      vertex -18.051 -15.001 4.051
      vertex -16.033 -15.001 3.747
      vertex -14.251 -15.001 4.051
    endloop
  endfacet
  facet normal 0 0 0
    outer loop
      vertex -14.251 -15.001 4.051
      vertex -16.033 -15.001 3.747
      vertex -15.521 -15.001 3.65
    endloop
  endfacet
  facet normal 0 0 0
    outer loop
      vertex -14.849 -15.001 3.153
      vertex -14.251 -15.001 4.051
      vertex -15.237 -15.001 3.471
    endloop
  endfacet
  facet normal 0 0 0
    outer loop
      vertex -14.251 -15.001 4.051
      vertex -14.457 -15.001 1.943
      vertex -14.251 -15.001 0.251
    endloop
  endfacet
  facet normal 0 0 0
    outer loop
      vertex -14.251 -15.001 4.051
      vertex -15.521 -15.001 3.65
      vertex -15.237 -15.001 3.471
    endloop
  endfacet
  facet normal 0 0 0
    outer loop
      vertex -14.944 -15.001 0.915
      vertex -14.251 -15.001 0.251
      vertex -14.654 -15.001 1.325
    endloop
  endfacet
  facet normal 0 0 0
    outer loop
      vertex -16.369 -15.001 0.456
      vertex -14.251 -15.001 0.251
      vertex -15.856 -15.001 0.489
    endloop
  endfacet
  facet normal 0 0 0
    outer loop
      vertex -16.369 -15.001 0.456
      vertex -16.881 -15.001 0.552
      vertex -18.051 -15.001 0.251
    endloop
  endfacet
  facet normal 0 0 0
    outer loop
      vertex -14.944 -15.001 0.915
      vertex -15.521 -15.001 0.552
      vertex -14.251 -15.001 0.251
    endloop
  endfacet
  facet normal 0 0 0
    outer loop
      vertex -15.856 -15.001 0.489
      vertex -14.251 -15.001 0.251
      vertex -15.521 -15.001 0.552
    endloop
  endfacet
  facet normal 0 0 0
    outer loop
      vertex -14.251 -15.001 0.251
      vertex -16.369 -15.001 0.456
      vertex -18.051 -15.001 0.251
    endloop
  endfacet
  facet normal 0 0 0
    outer loop
      vertex -14.457 -15.001 1.943
      vertex -14.654 -15.001 1.325
      vertex -14.251 -15.001 0.251
    endloop
  endfacet
  facet normal 0 0 0
    outer loop
      vertex -14.457 -15.001 1.943
      vertex -14.251 -15.001 4.051
      vertex -14.493 -15.001 2.427
    endloop
  endfacet
  facet normal 0 0 0
    outer loop
      vertex -8.979 -15.001 2.101
      vertex -9.051 -15.001 0.251
      vertex -8.843 -15.001 1.459
    endloop
  endfacet
  facet normal 0 0 0
    outer loop
      vertex -8.843 -15.001 2.743
      vertex -9.051 -15.001 4.051
      vertex -8.979 -15.001 2.101
    endloop
  endfacet
  facet normal 0 0 0
    outer loop
      vertex -8.458 -15.001 3.287
      vertex -9.051 -15.001 4.051
      vertex -8.843 -15.001 2.743
    endloop
  endfacet
  facet normal 0 0 0
    outer loop
      vertex -9.051 -15.001 4.051
      vertex -8.458 -15.001 3.287
      vertex -7.881 -15.001 3.65
    endloop
  endfacet
  facet normal 0 0 0
    outer loop
      vertex -9.051 -15.001 0.251
      vertex -8.553 -15.001 1.049
      vertex -8.843 -15.001 1.459
    endloop
  endfacet
  facet normal 0 0 0
    outer loop
      vertex -9.051 -15.001 0.251
      vertex -8.979 -15.001 2.101
      vertex -9.051 -15.001 4.051
    endloop
  endfacet
  facet normal 0 0 0
    outer loop
      vertex -7.546 -15.001 3.713
      vertex -9.051 -15.001 4.051
      vertex -7.881 -15.001 3.65
    endloop
  endfacet
  facet normal 0 0 0
    outer loop
      vertex -7.033 -15.001 3.747
      vertex -9.051 -15.001 4.051
      vertex -7.546 -15.001 3.713
    endloop
  endfacet
  facet normal 0 0 0
    outer loop
      vertex -9.051 -15.001 4.051
      vertex -7.033 -15.001 3.747
      vertex -5.251 -15.001 4.051
    endloop
  endfacet
  facet normal 0 0 0
    outer loop
      vertex -5.251 -15.001 4.051
      vertex -6.521 -15.001 3.65
      vertex -6.237 -15.001 3.471
    endloop
  endfacet
  facet normal 0 0 0
    outer loop
      vertex -5.251 -15.001 4.051
      vertex -7.033 -15.001 3.747
      vertex -6.521 -15.001 3.65
    endloop
  endfacet
  facet normal 0 0 0
    outer loop
      vertex -5.493 -15.001 2.427
      vertex -5.251 -15.001 4.051
      vertex -5.559 -15.001 2.743
    endloop
  endfacet
  facet normal 0 0 0
    outer loop
      vertex -5.457 -15.001 1.943
      vertex -5.251 -15.001 4.051
      vertex -5.493 -15.001 2.427
    endloop
  endfacet
  facet normal 0 0 0
    outer loop
      vertex -5.251 -15.001 4.051
      vertex -5.457 -15.001 1.943
      vertex -5.251 -15.001 0.251
    endloop
  endfacet
  facet normal 0 0 0
    outer loop
      vertex -5.559 -15.001 2.743
      vertex -5.251 -15.001 4.051
      vertex -5.849 -15.001 3.153
    endloop
  endfacet
  facet normal 0 0 0
    outer loop
      vertex -5.251 -15.001 4.051
      vertex -6.237 -15.001 3.471
      vertex -5.849 -15.001 3.153
    endloop
  endfacet
  facet normal 0 0 0
    outer loop
      vertex -8.165 -15.001 0.731
      vertex -9.051 -15.001 0.251
      vertex -7.881 -15.001 0.552
    endloop
  endfacet
  facet normal 0 0 0
    outer loop
      vertex -9.051 -15.001 0.251
      vertex -8.165 -15.001 0.731
      vertex -8.553 -15.001 1.049
    endloop
  endfacet
  facet normal 0 0 0
    outer loop
      vertex -7.881 -15.001 0.552
      vertex -9.051 -15.001 0.251
      vertex -7.369 -15.001 0.456
    endloop
  endfacet
  facet normal 0 0 0
    outer loop
      vertex -7.369 -15.001 0.456
      vertex -5.251 -15.001 0.251
      vertex -6.856 -15.001 0.489
    endloop
  endfacet
  facet normal 0 0 0
    outer loop
      vertex -5.251 -15.001 0.251
      vertex -7.369 -15.001 0.456
      vertex -9.051 -15.001 0.251
    endloop
  endfacet
  facet normal 0 0 0
    outer loop
      vertex -5.251 -15.001 0.251
      vertex -6.521 -15.001 0.552
      vertex -6.856 -15.001 0.489
    endloop
  endfacet
  facet normal 0 0 0
    outer loop
      vertex -5.251 -15.001 0.251
      vertex -5.944 -15.001 0.915
      vertex -6.521 -15.001 0.552
    endloop
  endfacet
  facet normal 0 0 0
    outer loop
      vertex -5.251 -15.001 0.251
      vertex -5.654 -15.001 1.325
      vertex -5.944 -15.001 0.915
    endloop
  endfacet
  facet normal 0 0 0
    outer loop
      vertex -5.654 -15.001 1.325
      vertex -5.251 -15.001 0.251
      vertex -5.457 -15.001 1.943
    endloop
  endfacet
  facet normal 0 0 0
    outer loop
      vertex 1.756 -15.001 3.713
      vertex 0.251 -15.001 4.051
      vertex 1.421 -15.001 3.65
    endloop
  endfacet
  facet normal 0 0 0
    outer loop
      vertex 0.459 -15.001 2.743
      vertex 0.251 -15.001 4.051
      vertex 0.323 -15.001 2.101
    endloop
  endfacet
  facet normal 0 0 0
    outer loop
      vertex 0.844 -15.001 3.287
      vertex 0.251 -15.001 4.051
      vertex 0.459 -15.001 2.743
    endloop
  endfacet
  facet normal 0 0 0
    outer loop
      vertex 0.251 -15.001 4.051
      vertex 0.844 -15.001 3.287
      vertex 1.421 -15.001 3.65
    endloop
  endfacet
  facet normal 0 0 0
    outer loop
      vertex 3.809 -15.001 2.427
      vertex 4.051 -15.001 4.051
      vertex 3.743 -15.001 2.743
    endloop
  endfacet
  facet normal 0 0 0
    outer loop
      vertex 3.743 -15.001 2.743
      vertex 4.051 -15.001 4.051
      vertex 3.453 -15.001 3.153
    endloop
  endfacet
  facet normal 0 0 0
    outer loop
      vertex 0.251 -15.001 4.051
      vertex 2.269 -15.001 3.747
      vertex 4.051 -15.001 4.051
    endloop
  endfacet
  facet normal 0 0 0
    outer loop
      vertex 2.269 -15.001 3.747
      vertex 0.251 -15.001 4.051
      vertex 1.756 -15.001 3.713
    endloop
  endfacet
  facet normal 0 0 0
    outer loop
      vertex 4.051 -15.001 4.051
      vertex 2.269 -15.001 3.747
      vertex 2.781 -15.001 3.65
    endloop
  endfacet
  facet normal 0 0 0
    outer loop
      vertex 3.453 -15.001 3.153
      vertex 4.051 -15.001 4.051
      vertex 3.065 -15.001 3.471
    endloop
  endfacet
  facet normal 0 0 0
    outer loop
      vertex 4.051 -15.001 4.051
      vertex 3.845 -15.001 1.943
      vertex 4.051 -15.001 0.251
    endloop
  endfacet
  facet normal 0 0 0
    outer loop
      vertex 4.051 -15.001 4.051
      vertex 2.781 -15.001 3.65
      vertex 3.065 -15.001 3.471
    endloop
  endfacet
  facet normal 0 0 0
    outer loop
      vertex -7.252 -13.144 0.666
      vertex -7.31 -13.29 0.659
      vertex -7.881 -15.001 0.552
    endloop
  endfacet
  facet normal 0 0 0
    outer loop
      vertex -7.304 -13.108 0.68
      vertex -7.252 -13.144 0.666
      vertex -7.332 -10.399 0.662
    endloop
  endfacet
  facet normal 0 0 0
    outer loop
      vertex -7.051 -13.274 0.669
      vertex -7.252 -11.599 0.86
      vertex -7.304 -13.108 0.68
    endloop
  endfacet
  facet normal 0 0 0
    outer loop
      vertex -7.051 -13.274 0.669
      vertex -7.304 -13.108 0.68
      vertex -7.295 -13.13 0.678
    endloop
  endfacet
  facet normal 0 0 0
    outer loop
      vertex -7.295 -13.13 0.678
      vertex -7.31 -13.29 0.659
      vertex -7.051 -13.274 0.669
    endloop
  endfacet
  facet normal 0 0 0
    outer loop
      vertex -6.521 -15.001 0.552
      vertex -6.172 -13.307 1.021
      vertex -6.621 -13.199 0.758
    endloop
  endfacet
  facet normal 0 0 0
    outer loop
      vertex -6.922 -13.465 0.669
      vertex -6.521 -15.001 0.552
      vertex -6.621 -13.199 0.758
    endloop
  endfacet
  facet normal 0 0 0
    outer loop
      vertex -7.857 -12.943 0.84
      vertex -8.058 -12.808 0.987
      vertex -8.553 -15.001 1.049
    endloop
  endfacet
  facet normal 0 0 0
    outer loop
      vertex -7.881 -15.001 0.552
      vertex -7.369 -15.001 0.456
      vertex -7.252 -13.144 0.666
    endloop
  endfacet
  facet normal 0 0 0
    outer loop
      vertex -7.369 -15.001 0.456
      vertex -7.31 -13.29 0.659
      vertex -7.252 -13.144 0.666
    endloop
  endfacet
  facet normal 0 0 0
    outer loop
      vertex -6.856 -15.001 0.489
      vertex -6.521 -15.001 0.552
      vertex -6.922 -13.465 0.669
    endloop
  endfacet
  facet normal 0 0 0
    outer loop
      vertex -7.857 -12.943 0.84
      vertex -8.165 -15.001 0.731
      vertex -7.881 -15.001 0.552
    endloop
  endfacet
  facet normal 0 0 0
    outer loop
      vertex -7.881 -15.001 0.552
      vertex -7.31 -13.29 0.659
      vertex -7.857 -12.943 0.84
    endloop
  endfacet
  facet normal 0 0 0
    outer loop
      vertex -5.944 -15.001 0.915
      vertex -6.172 -13.307 1.021
      vertex -6.521 -15.001 0.552
    endloop
  endfacet
  facet normal 0 0 0
    outer loop
      vertex -6.922 -13.465 0.669
      vertex -7.369 -15.001 0.456
      vertex -6.856 -15.001 0.489
    endloop
  endfacet
  facet normal 0 0 0
    outer loop
      vertex -7.369 -15.001 0.456
      vertex -6.922 -13.465 0.669
      vertex -7.051 -13.274 0.669
    endloop
  endfacet
  facet normal 0 0 0
    outer loop
      vertex -7.31 -13.29 0.659
      vertex -7.369 -15.001 0.456
      vertex -7.051 -13.274 0.669
    endloop
  endfacet
  facet normal 0 0 0
    outer loop
      vertex -5.823 9.303 0.987
      vertex -5.823 11.977 1.519
      vertex -5.823 9.602 0.001
    endloop
  endfacet
  facet normal 0 0 0
    outer loop
      vertex -5.823 9.198 2.051
      vertex -5.823 11.924 2.051
      vertex -5.823 9.303 0.987
    endloop
  endfacet
  facet normal 0 0 0
    outer loop
      vertex -5.823 12.132 1.008
      vertex -5.823 9.602 0.001
      vertex -5.823 11.977 1.519
    endloop
  endfacet
  facet normal 0 0 0
    outer loop
      vertex -5.823 9.303 0.987
      vertex -5.823 11.924 2.051
      vertex -5.823 11.977 1.519
    endloop
  endfacet
  facet normal 0 0 0
    outer loop
      vertex -5.823 12.384 0.536
      vertex -5.823 9.602 0.001
      vertex -5.823 12.132 1.008
    endloop
  endfacet
  facet normal 0 0 0
    outer loop
      vertex -8.533 8.001 2.723
      vertex -7.252 8.001 2.252
      vertex -8.365 8.001 3.033
    endloop
  endfacet
  facet normal 0 0 0
    outer loop
      vertex -8.642 8.001 2.268
      vertex -7.252 8.001 2.252
      vertex -8.533 8.001 2.723
    endloop
  endfacet
  facet normal 0 0 0
    outer loop
      vertex -8.354 5.804 2.151
      vertex -7.252 5.804 2.051
      vertex -8.327 5.804 2.252
    endloop
  endfacet
  facet normal 0 0 0
    outer loop
      vertex -7.252 5.804 2.051
      vertex -8.354 5.804 2.151
      vertex -8.327 5.804 2.051
    endloop
  endfacet
  facet normal 0 0 0
    outer loop
      vertex -8.365 8.001 3.033
      vertex -8.415 3.401 2.95
      vertex -8.533 8.001 2.723
    endloop
  endfacet
  facet normal 0 0 0
    outer loop
      vertex -8.327 5.804 2.252
      vertex -8.641 8.001 2.252
      vertex -8.64 3.266 2.252
    endloop
  endfacet
  facet normal 0 0 0
    outer loop
      vertex -8.64 3.266 2.252
      vertex -8.641 8.001 2.252
      vertex -8.641 3.401 2.271
    endloop
  endfacet
  facet normal 0 0 0
    outer loop
      vertex -8.641 3.401 2.271
      vertex -8.641 8.001 2.252
      vertex -8.642 8.001 2.268
    endloop
  endfacet
  facet normal 0 0 0
    outer loop
      vertex -8.641 3.401 2.271
      vertex -8.642 8.001 2.268
      vertex -8.533 8.001 2.723
    endloop
  endfacet
  facet normal 0 0 0
    outer loop
      vertex -8.625 8.001 2.051
      vertex -8.641 -1.199 2.031
      vertex -8.605 8.001 1.802
    endloop
  endfacet
  facet normal 0 0 0
    outer loop
      vertex -7.252 8.001 2.051
      vertex -8.605 8.001 1.802
      vertex -8.288 8.001 1.18
    endloop
  endfacet
  facet normal 0 0 0
    outer loop
      vertex -8.605 8.001 1.802
      vertex -7.252 8.001 2.051
      vertex -8.625 8.001 2.051
    endloop
  endfacet
  facet normal 0 0 0
    outer loop
      vertex -7.252 5.804 3.363
      vertex -7.252 8.001 2.252
      vertex -7.252 5.804 2.252
    endloop
  endfacet
  facet normal 0 0 0
    outer loop
      vertex -7.034 8.001 3.642
      vertex -7.051 6.629 3.644
      vertex -7.051 8.001 3.641
    endloop
  endfacet
  facet normal 0 0 0
    outer loop
      vertex -6.579 8.001 3.533
      vertex -7.051 6.629 3.644
      vertex -7.034 8.001 3.642
    endloop
  endfacet
  facet normal 0 0 0
    outer loop
      vertex -6.579 8.001 3.533
      vertex -7.051 8.001 2.252
      vertex -6.18 8.001 3.288
    endloop
  endfacet
  facet normal 0 0 0
    outer loop
      vertex -7.051 8.001 2.252
      vertex -6.579 8.001 3.533
      vertex -7.034 8.001 3.642
    endloop
  endfacet
  facet normal 0 0 0
    outer loop
      vertex -7.5 8.001 3.605
      vertex -7.252 8.001 2.252
      vertex -7.252 8.001 3.625
    endloop
  endfacet
  facet normal 0 0 0
    outer loop
      vertex -7.252 8.001 2.252
      vertex -7.5 8.001 3.605
      vertex -8.365 8.001 3.033
    endloop
  endfacet
  facet normal 0 0 0
    outer loop
      vertex -7.252 8.001 2.051
      vertex -8.327 5.804 2.051
      vertex -8.625 8.001 2.051
    endloop
  endfacet
  facet normal 0 0 0
    outer loop
      vertex -7.252 8.001 2.252
      vertex -8.327 5.804 2.252
      vertex -7.252 5.804 2.252
    endloop
  endfacet
  facet normal 0 0 0
    outer loop
      vertex -7.252 8.001 2.252
      vertex -8.642 8.001 2.268
      vertex -8.641 8.001 2.252
    endloop
  endfacet
  facet normal 0 0 0
    outer loop
      vertex -7.252 8.001 2.252
      vertex -7.252 5.804 3.363
      vertex -7.252 8.001 3.625
    endloop
  endfacet
  facet normal 0 0 0
    outer loop
      vertex -7.051 8.001 2.252
      vertex -7.034 8.001 3.642
      vertex -7.051 8.001 3.641
    endloop
  endfacet
  facet normal 0 0 0
    outer loop
      vertex -7.051 8.001 2.252
      vertex -7.051 6.629 3.644
      vertex -7.051 5.804 2.252
    endloop
  endfacet
  facet normal 0 0 0
    outer loop
      vertex -7.252 8.001 2.051
      vertex -7.252 5.804 2.051
      vertex -8.327 5.804 2.051
    endloop
  endfacet
  facet normal 0 0 0
    outer loop
      vertex -7.051 8.001 2.051
      vertex -5.875 5.804 2.051
      vertex -7.051 5.804 2.051
    endloop
  endfacet
  facet normal 0 0 0
    outer loop
      vertex -5.697 8.001 2.5
      vertex -7.051 8.001 2.252
      vertex -5.677 8.001 2.252
    endloop
  endfacet
  facet normal 0 0 0
    outer loop
      vertex -7.051 8.001 2.252
      vertex -5.697 8.001 2.5
      vertex -5.876 8.001 2.932
    endloop
  endfacet
  facet normal 0 0 0
    outer loop
      vertex -7.051 8.001 2.252
      vertex -5.876 8.001 2.932
      vertex -6.18 8.001 3.288
    endloop
  endfacet
  facet normal 0 0 0
    outer loop
      vertex -7.051 5.804 2.252
      vertex -7.051 6.629 3.644
      vertex -7.051 5.804 3.391
    endloop
  endfacet
  facet normal 0 0 0
    outer loop
      vertex -16.252 -11.599 0.86
      vertex -16.051 -11.332 0.911
      vertex -16.101 -11.365 0.898
    endloop
  endfacet
  facet normal 0 0 0
    outer loop
      vertex -16.252 -11.599 0.86
      vertex -16.101 -11.365 0.898
      vertex -16.252 -10.967 0.939
    endloop
  endfacet
  facet normal 0 0 0
    outer loop
      vertex 3.444 -13.347 1.401
      vertex 3.475 -10.399 1.456
      vertex 3.226 -13.137 1.14
    endloop
  endfacet
  facet normal 0 0 0
    outer loop
      vertex 3.63 -9.426 2.051
      vertex 3.475 -10.399 1.456
      vertex 3.63 -13.208 2.051
    endloop
  endfacet
  facet normal 0 0 0
    outer loop
      vertex 2.05 -11.599 0.86
      vertex 2.251 -11.332 0.911
      vertex 2.201 -11.365 0.898
    endloop
  endfacet
  facet normal 0 0 0
    outer loop
      vertex 2.05 -11.599 0.86
      vertex 2.201 -11.365 0.898
      vertex 2.05 -10.967 0.939
    endloop
  endfacet
  facet normal 0 0 0
    outer loop
      vertex 2.05 -7.072 0.675
      vertex 2.05 -11.599 0.86
      vertex 2.05 -10.967 0.939
    endloop
  endfacet
  facet normal 0 0 0
    outer loop
      vertex -16.252 5.844 0.683
      vertex -16.252 -0.289 0.701
      vertex -16.252 5.804 0.939
    endloop
  endfacet
  facet normal 0 0 0
    outer loop
      vertex -16.252 5.844 0.683
      vertex -16.252 5.804 0.939
      vertex -16.252 8.001 0.736
    endloop
  endfacet
  facet normal 0 0 0
    outer loop
      vertex -16.101 5.804 0.898
      vertex -16.051 5.804 0.911
      vertex -16.051 5.804 2.051
    endloop
  endfacet
  facet normal 0 0 0
    outer loop
      vertex -16.252 5.804 0.939
      vertex -16.101 5.804 0.898
      vertex -16.051 5.804 2.051
    endloop
  endfacet
  facet normal 0 0 0
    outer loop
      vertex -16.051 8.001 0.768
      vertex -16.051 3.749 0.669
      vertex -15.37 8.001 0.876
    endloop
  endfacet
  facet normal 0 0 0
    outer loop
      vertex -16.051 3.749 0.669
      vertex -15.971 3.401 0.667
      vertex -15.37 8.001 0.876
    endloop
  endfacet
  facet normal 0 0 0
    outer loop
      vertex -16.051 3.749 0.669
      vertex -16.051 8.001 0.768
      vertex -16.051 5.804 0.911
    endloop
  endfacet
  facet normal 0 0 0
    outer loop
      vertex -17.641 3.401 2.271
      vertex -17.64 3.266 2.252
      vertex -17.641 8.001 2.252
    endloop
  endfacet
  facet normal 0 0 0
    outer loop
      vertex -16.051 3.084 3.64
      vertex -16.051 5.804 3.391
      vertex -16.051 3.76 3.641
    endloop
  endfacet
  facet normal 0 0 0
    outer loop
      vertex 0.749 -15.001 1.049
      vertex 0.251 -15.001 0.251
      vertex 1.137 -15.001 0.731
    endloop
  endfacet
  facet normal 0 0 0
    outer loop
      vertex 0.251 -15.001 0.251
      vertex 1.421 -15.001 0.552
      vertex 1.137 -15.001 0.731
    endloop
  endfacet
  facet normal 0 0 0
    outer loop
      vertex 0.251 -15.001 0.251
      vertex 0.749 -15.001 1.049
      vertex 0.459 -15.001 1.459
    endloop
  endfacet
  facet normal 0 0 0
    outer loop
      vertex 0.251 -15.001 0.251
      vertex 0.323 -15.001 2.101
      vertex 0.251 -15.001 4.051
    endloop
  endfacet
  facet normal 0 0 0
    outer loop
      vertex 0.323 -15.001 2.101
      vertex 0.251 -15.001 0.251
      vertex 0.459 -15.001 1.459
    endloop
  endfacet
  facet normal 0 0 0
    outer loop
      vertex 1.421 -15.001 0.552
      vertex 0.251 -15.001 0.251
      vertex 1.933 -15.001 0.456
    endloop
  endfacet
  facet normal 0 0 0
    outer loop
      vertex 3.358 -15.001 0.915
      vertex 4.051 -15.001 0.251
      vertex 3.648 -15.001 1.325
    endloop
  endfacet
  facet normal 0 0 0
    outer loop
      vertex 3.358 -15.001 0.915
      vertex 2.781 -15.001 0.552
      vertex 4.051 -15.001 0.251
    endloop
  endfacet
  facet normal 0 0 0
    outer loop
      vertex 4.051 -15.001 0.251
      vertex 1.933 -15.001 0.456
      vertex 0.251 -15.001 0.251
    endloop
  endfacet
  facet normal 0 0 0
    outer loop
      vertex 4.051 -15.001 0.251
      vertex 2.781 -15.001 0.552
      vertex 2.446 -15.001 0.489
    endloop
  endfacet
  facet normal 0 0 0
    outer loop
      vertex 1.933 -15.001 0.456
      vertex 4.051 -15.001 0.251
      vertex 2.446 -15.001 0.489
    endloop
  endfacet
  facet normal 0 0 0
    outer loop
      vertex 3.845 -15.001 1.943
      vertex 3.648 -15.001 1.325
      vertex 4.051 -15.001 0.251
    endloop
  endfacet
  facet normal 0 0 0
    outer loop
      vertex 3.845 -15.001 1.943
      vertex 4.051 -15.001 4.051
      vertex 3.809 -15.001 2.427
    endloop
  endfacet
  facet normal 0 0 0
    outer loop
      vertex -14.251 14.751 -0.001
      vertex -14.751 13.751 -0.001
      vertex -17.551 13.751 -0.001
    endloop
  endfacet
  facet normal 0 0 0
    outer loop
      vertex -14.751 9.251 -0.001
      vertex -14.751 13.751 -0.001
      vertex -14.251 14.751 -0.001
    endloop
  endfacet
  facet normal 0 0 0
    outer loop
      vertex -17.551 13.751 -0.001
      vertex -17.551 12.873 -0.001
      vertex -17.554 12.873 -0.001
    endloop
  endfacet
  facet normal 0 0 0
    outer loop
      vertex -17.551 13.751 -0.001
      vertex -18.051 14.751 -0.001
      vertex -14.251 14.751 -0.001
    endloop
  endfacet
  facet normal 0 0 0
    outer loop
      vertex -18.051 14.751 -0.001
      vertex -17.551 13.751 -0.001
      vertex -17.554 12.873 -0.001
    endloop
  endfacet
  facet normal 0 0 0
    outer loop
      vertex -17.551 9.251 -0.001
      vertex -17.554 9.602 -0.001
      vertex -17.551 9.602 -0.001
    endloop
  endfacet
  facet normal 0 0 0
    outer loop
      vertex -18.051 14.751 -0.001
      vertex -17.551 9.251 -0.001
      vertex -18.051 -14.749 -0.001
    endloop
  endfacet
  facet normal 0 0 0
    outer loop
      vertex -14.251 -14.749 -0.001
      vertex -14.751 9.251 -0.001
      vertex -14.251 14.751 -0.001
    endloop
  endfacet
  facet normal 0 0 0
    outer loop
      vertex -17.554 9.602 -0.001
      vertex -18.051 14.751 -0.001
      vertex -17.554 12.873 -0.001
    endloop
  endfacet
  facet normal 0 0 0
    outer loop
      vertex -17.551 9.251 -0.001
      vertex -18.051 14.751 -0.001
      vertex -17.554 9.602 -0.001
    endloop
  endfacet
  facet normal 0 0 0
    outer loop
      vertex -14.251 -14.749 -0.001
      vertex -17.551 9.251 -0.001
      vertex -14.751 9.251 -0.001
    endloop
  endfacet
  facet normal 0 0 0
    outer loop
      vertex -14.251 -14.749 -0.001
      vertex -18.051 -14.749 -0.001
      vertex -17.551 9.251 -0.001
    endloop
  endfacet
  facet normal 0 0 0
    outer loop
      vertex -5.751 13.751 -0.001
      vertex -9.051 14.751 -0.001
      vertex -5.251 14.751 -0.001
    endloop
  endfacet
  facet normal 0 0 0
    outer loop
      vertex -9.051 14.751 -0.001
      vertex -5.751 13.751 -0.001
      vertex -8.551 13.751 -0.001
    endloop
  endfacet
  facet normal 0 0 0
    outer loop
      vertex -8.551 13.751 -0.001
      vertex -8.551 12.873 -0.001
      vertex -8.554 12.873 -0.001
    endloop
  endfacet
  facet normal 0 0 0
    outer loop
      vertex -9.051 14.751 -0.001
      vertex -8.551 13.751 -0.001
      vertex -8.554 12.873 -0.001
    endloop
  endfacet
  facet normal 0 0 0
    outer loop
      vertex -9.051 14.751 -0.001
      vertex -8.551 9.251 -0.001
      vertex -9.051 -14.749 -0.001
    endloop
  endfacet
  facet normal 0 0 0
    outer loop
      vertex -8.551 9.251 -0.001
      vertex -8.554 9.602 -0.001
      vertex -8.551 9.602 -0.001
    endloop
  endfacet
  facet normal 0 0 0
    outer loop
      vertex -8.551 9.251 -0.001
      vertex -9.051 14.751 -0.001
      vertex -8.554 9.602 -0.001
    endloop
  endfacet
  facet normal 0 0 0
    outer loop
      vertex -5.251 14.751 -0.001
      vertex -5.751 9.251 -0.001
      vertex -5.751 13.751 -0.001
    endloop
  endfacet
  facet normal 0 0 0
    outer loop
      vertex -5.751 9.251 -0.001
      vertex -5.251 14.751 -0.001
      vertex -5.251 -14.749 -0.001
    endloop
  endfacet
  facet normal 0 0 0
    outer loop
      vertex -8.554 9.602 -0.001
      vertex -9.051 14.751 -0.001
      vertex -8.554 12.873 -0.001
    endloop
  endfacet
  facet normal 0 0 0
    outer loop
      vertex -5.251 -14.749 -0.001
      vertex -8.551 9.251 -0.001
      vertex -5.751 9.251 -0.001
    endloop
  endfacet
  facet normal 0 0 0
    outer loop
      vertex -8.551 9.251 -0.001
      vertex -5.251 -14.749 -0.001
      vertex -9.051 -14.749 -0.001
    endloop
  endfacet
  facet normal 0 0 0
    outer loop
      vertex -17.55 13.75 0
      vertex -17.551 13.751 -0.001
      vertex -14.751 13.751 -0.001
    endloop
  endfacet
  facet normal 0 0 0
    outer loop
      vertex -14.752 13.75 0
      vertex -17.55 13.75 0
      vertex -14.751 13.751 -0.001
    endloop
  endfacet
  facet normal 0 0 0
    outer loop
      vertex -14.752 13.75 0
      vertex -14.751 13.751 -0.001
      vertex -14.751 9.251 -0.001
    endloop
  endfacet
  facet normal 0 0 0
    outer loop
      vertex -17.551 12.873 -0.001
      vertex -17.551 13.751 -0.001
      vertex -17.55 13.75 0
    endloop
  endfacet
  facet normal 0 0 0
    outer loop
      vertex -17.55 12.872 0
      vertex -17.551 12.873 -0.001
      vertex -17.55 13.75 0
    endloop
  endfacet
  facet normal 0 0 0
    outer loop
      vertex -17.554 12.873 -0.001
      vertex -17.551 12.873 -0.001
      vertex -17.55 12.872 0
    endloop
  endfacet
  facet normal 0 0 0
    outer loop
      vertex -17.554 12.723 0.123
      vertex -17.554 9.602 -0.001
      vertex -17.554 12.873 -0.001
    endloop
  endfacet
  facet normal 0 0 0
    outer loop
      vertex -17.55 9.252 0
      vertex -14.751 9.251 -0.001
      vertex -17.551 9.251 -0.001
    endloop
  endfacet
  facet normal 0 0 0
    outer loop
      vertex -14.751 9.251 -0.001
      vertex -17.55 9.252 0
      vertex -14.752 9.252 0
    endloop
  endfacet
  facet normal 0 0 0
    outer loop
      vertex -17.551 9.602 -0.001
      vertex -17.55 9.252 0
      vertex -17.551 9.251 -0.001
    endloop
  endfacet
  facet normal 0 0 0
    outer loop
      vertex -17.55 9.252 0
      vertex -17.551 9.602 -0.001
      vertex -17.55 9.602 0
    endloop
  endfacet
  facet normal 0 0 0
    outer loop
      vertex -17.551 9.602 -0.001
      vertex -17.554 9.602 -0.001
      vertex -17.55 9.602 0
    endloop
  endfacet
  facet normal 0 0 0
    outer loop
      vertex -17.554 9.602 -0.001
      vertex -17.554 9.303 0.987
      vertex -17.55 9.602 0
    endloop
  endfacet
  facet normal 0 0 0
    outer loop
      vertex -14.752 13.75 0
      vertex -14.751 9.251 -0.001
      vertex -14.752 9.252 0
    endloop
  endfacet
  facet normal 0 0 0
    outer loop
      vertex -17.554 11.977 1.519
      vertex -17.554 9.602 -0.001
      vertex -17.554 12.132 1.008
    endloop
  endfacet
  facet normal 0 0 0
    outer loop
      vertex -17.554 9.602 -0.001
      vertex -17.554 11.977 1.519
      vertex -17.554 9.303 0.987
    endloop
  endfacet
  facet normal 0 0 0
    outer loop
      vertex -5.251 15.003 0.251
      vertex -4.999 14.751 0.251
      vertex -5.251 14.751 -0.001
    endloop
  endfacet
  facet normal 0 0 0
    outer loop
      vertex -8.551 13.751 -0.001
      vertex -5.752 13.75 0.001
      vertex -8.55 13.75 0.001
    endloop
  endfacet
  facet normal 0 0 0
    outer loop
      vertex -5.752 13.75 0.001
      vertex -8.551 13.751 -0.001
      vertex -5.751 13.751 -0.001
    endloop
  endfacet
  facet normal 0 0 0
    outer loop
      vertex -8.55 12.872 0.001
      vertex -8.551 12.873 -0.001
      vertex -8.55 13.75 0.001
    endloop
  endfacet
  facet normal 0 0 0
    outer loop
      vertex -8.551 12.873 -0.001
      vertex -8.551 13.751 -0.001
      vertex -8.55 13.75 0.001
    endloop
  endfacet
  facet normal 0 0 0
    outer loop
      vertex -8.551 12.873 -0.001
      vertex -8.55 12.872 0.001
      vertex -8.554 12.873 -0.001
    endloop
  endfacet
  facet normal 0 0 0
    outer loop
      vertex -8.554 12.873 -0.001
      vertex -8.554 12.723 0.123
      vertex -8.554 9.602 -0.001
    endloop
  endfacet
  facet normal 0 0 0
    outer loop
      vertex -5.752 9.252 0.001
      vertex -8.551 9.251 -0.001
      vertex -8.55 9.252 0.001
    endloop
  endfacet
  facet normal 0 0 0
    outer loop
      vertex -8.551 9.251 -0.001
      vertex -5.752 9.252 0.001
      vertex -5.751 9.251 -0.001
    endloop
  endfacet
  facet normal 0 0 0
    outer loop
      vertex -8.55 9.252 0.001
      vertex -8.551 9.602 -0.001
      vertex -8.55 9.602 0.001
    endloop
  endfacet
  facet normal 0 0 0
    outer loop
      vertex -8.551 9.602 -0.001
      vertex -8.55 9.252 0.001
      vertex -8.551 9.251 -0.001
    endloop
  endfacet
  facet normal 0 0 0
    outer loop
      vertex -5.751 9.251 -0.001
      vertex -5.752 13.75 0.001
      vertex -5.751 13.751 -0.001
    endloop
  endfacet
  facet normal 0 0 0
    outer loop
      vertex -5.251 14.751 -0.001
      vertex -4.999 14.751 0.251
      vertex -5.251 -14.749 -0.001
    endloop
  endfacet
  facet normal 0 0 0
    outer loop
      vertex -8.554 9.602 -0.001
      vertex -8.554 12.384 0.536
      vertex -8.554 12.132 1.008
    endloop
  endfacet
  facet normal 0 0 0
    outer loop
      vertex -8.554 9.602 -0.001
      vertex -8.554 11.977 1.519
      vertex -8.554 9.303 0.987
    endloop
  endfacet
  facet normal 0 0 0
    outer loop
      vertex -5.251 -14.749 -0.001
      vertex -9.051 -15.001 0.251
      vertex -9.051 -14.749 -0.001
    endloop
  endfacet
  facet normal 0 0 0
    outer loop
      vertex -17.55 13.75 0
      vertex -14.823 12.872 0
      vertex -17.55 12.872 0
    endloop
  endfacet
  facet normal 0 0 0
    outer loop
      vertex -14.823 12.872 0
      vertex -14.752 9.252 0
      vertex -14.823 9.602 0
    endloop
  endfacet
  facet normal 0 0 0
    outer loop
      vertex -14.752 13.75 0
      vertex -14.823 12.872 0
      vertex -17.55 13.75 0
    endloop
  endfacet
  facet normal 0 0 0
    outer loop
      vertex 1.205 3.401 0.993
      vertex 1.014 8.001 1.18
      vertex 1.119 -3.499 1.077
    endloop
  endfacet
  facet normal 0 0 0
    outer loop
      vertex 0.737 -3.499 2.623
      vertex 0.887 3.401 2.95
      vertex 1.072 1.101 3.188
    endloop
  endfacet
  facet normal 0 0 0
    outer loop
      vertex 0.688 -4.736 2.252
      vertex 0.975 5.804 2.252
      vertex 0.662 3.266 2.252
    endloop
  endfacet
  facet normal 0 0 0
    outer loop
      vertex 0.661 3.401 2.271
      vertex 0.887 3.401 2.95
      vertex 0.737 -3.499 2.623
    endloop
  endfacet
  facet normal 0 0 0
    outer loop
      vertex 2.251 3.084 3.64
      vertex 2.251 -12.126 3.391
      vertex 2.251 5.804 3.391
    endloop
  endfacet
  facet normal 0 0 0
    outer loop
      vertex 2.792 -1.199 3.502
      vertex 2.251 3.084 3.64
      vertex 3.187 3.401 3.229
    endloop
  endfacet
  facet normal 0 0 0
    outer loop
      vertex 3.187 3.401 3.229
      vertex 3.346 -5.799 3.049
      vertex 2.792 -1.199 3.502
    endloop
  endfacet
  facet normal 0 0 0
    outer loop
      vertex -5.944 -15.001 0.915
      vertex -5.858 -13.347 1.401
      vertex -6.076 -13.137 1.14
    endloop
  endfacet
  facet normal 0 0 0
    outer loop
      vertex -6.076 -13.137 1.14
      vertex -6.172 -13.307 1.021
      vertex -5.944 -15.001 0.915
    endloop
  endfacet
  facet normal 0 0 0
    outer loop
      vertex -5.858 -13.347 1.401
      vertex -5.944 -15.001 0.915
      vertex -5.654 -15.001 1.325
    endloop
  endfacet
  facet normal 0 0 0
    outer loop
      vertex -5.743 -13.25 1.686
      vertex -5.654 -15.001 1.325
      vertex -5.671 -13.304 2.012
    endloop
  endfacet
  facet normal 0 0 0
    outer loop
      vertex -5.68172 -13.2113 2.00119
      vertex -5.743 -13.25 1.686
      vertex -5.68147 -13.2136 2.0023
    endloop
  endfacet
  facet normal 0 0 0
    outer loop
      vertex -5.743 -13.25 1.686
      vertex -5.681 -13.217 2.001
      vertex -5.68147 -13.2136 2.0023
    endloop
  endfacet
  facet normal 0 0 0
    outer loop
      vertex -5.671 -13.304 2.012
      vertex -5.681 -13.217 2.001
      vertex -5.743 -13.25 1.686
    endloop
  endfacet
  facet normal 0 0 0
    outer loop
      vertex -5.654 -15.001 1.325
      vertex -5.457 -15.001 1.943
      vertex -5.671 -13.304 2.012
    endloop
  endfacet
  facet normal 0 0 0
    outer loop
      vertex -5.743 -13.25 1.686
      vertex -5.858 -13.347 1.401
      vertex -5.654 -15.001 1.325
    endloop
  endfacet
  facet normal 0 0 0
    outer loop
      vertex -5.664 -13.427 2.252
      vertex -5.681 -13.217 2.001
      vertex -5.671 -13.304 2.012
    endloop
  endfacet
  facet normal 0 0 0
    outer loop
      vertex -5.664 -13.427 2.252
      vertex -5.671 -13.304 2.012
      vertex -5.457 -15.001 1.943
    endloop
  endfacet
  facet normal 0 0 0
    outer loop
      vertex -5.68172 -13.2113 2.00119
      vertex -5.827 -10.399 1.456
      vertex -5.743 -13.25 1.686
    endloop
  endfacet
  facet normal 0 0 0
    outer loop
      vertex -5.493 -15.001 2.427
      vertex -5.664 -13.427 2.252
      vertex -5.457 -15.001 1.943
    endloop
  endfacet
  facet normal 0 0 0
    outer loop
      vertex -5.251 -15.001 0.251
      vertex -4.999 -14.749 0.251
      vertex -4.999 -14.749 4.051
    endloop
  endfacet
  facet normal 0 0 0
    outer loop
      vertex -5.68172 -13.2113 2.00119
      vertex -5.672 -13.208 2.051
      vertex -5.827 -10.399 1.456
    endloop
  endfacet
  facet normal 0 0 0
    outer loop
      vertex -5.672 -13.208 2.051
      vertex -5.672 -9.426 2.051
      vertex -5.827 -10.399 1.456
    endloop
  endfacet
  facet normal 0 0 0
    outer loop
      vertex -5.251 -15.001 0.251
      vertex -5.251 -14.749 -0.001
      vertex -4.999 -14.749 0.251
    endloop
  endfacet
  facet normal 0 0 0
    outer loop
      vertex -0.001 14.751 0.251
      vertex -0.001 -14.749 4.051
      vertex -0.001 14.751 4.051
    endloop
  endfacet
  facet normal 0 0 0
    outer loop
      vertex -0.001 -14.749 0.251
      vertex -0.001 -14.749 4.051
      vertex -0.001 14.751 0.251
    endloop
  endfacet
  facet normal 0 0 0
    outer loop
      vertex 0.251 15.003 4.051
      vertex 4.051 15.003 0.251
      vertex 0.251 15.003 0.251
    endloop
  endfacet
  facet normal 0 0 0
    outer loop
      vertex 4.051 15.003 0.251
      vertex 0.251 15.003 4.051
      vertex 4.051 15.003 4.051
    endloop
  endfacet
  facet normal 0 0 0
    outer loop
      vertex 3.479 13.117 4.303
      vertex 4.051 14.751 4.303
      vertex 0.251 14.751 4.303
    endloop
  endfacet
  facet normal 0 0 0
    outer loop
      vertex 0.748 13.117 4.303
      vertex 3.479 13.117 4.303
      vertex 0.251 14.751 4.303
    endloop
  endfacet
  facet normal 0 0 0
    outer loop
      vertex 0.748 9.701 4.303
      vertex 0.251 14.751 4.303
      vertex 0.251 -14.749 4.303
    endloop
  endfacet
  facet normal 0 0 0
    outer loop
      vertex 0.251 14.751 4.303
      vertex 0.748 9.701 4.303
      vertex 0.748 13.117 4.303
    endloop
  endfacet
  facet normal 0 0 0
    outer loop
      vertex 4.051 14.751 4.303
      vertex 3.479 9.701 4.303
      vertex 4.051 -14.749 4.303
    endloop
  endfacet
  facet normal 0 0 0
    outer loop
      vertex 3.479 9.701 4.303
      vertex 4.051 14.751 4.303
      vertex 3.479 13.117 4.303
    endloop
  endfacet
  facet normal 0 0 0
    outer loop
      vertex 0.251 -14.749 4.303
      vertex 3.479 9.701 4.303
      vertex 0.748 9.701 4.303
    endloop
  endfacet
  facet normal 0 0 0
    outer loop
      vertex 0.251 -14.749 4.303
      vertex 4.051 -14.749 4.303
      vertex 3.479 9.701 4.303
    endloop
  endfacet
  facet normal 0 0 0
    outer loop
      vertex -0.001 14.751 0.251
      vertex -0.001 14.751 4.051
      vertex 0.251 15.003 4.051
    endloop
  endfacet
  facet normal 0 0 0
    outer loop
      vertex 3.479 12.723 3.979
      vertex 3.479 9.701 4.303
      vertex 3.479 13.117 4.303
    endloop
  endfacet
  facet normal 0 0 0
    outer loop
      vertex 0.748 13.117 4.303
      vertex 3.479 12.723 3.979
      vertex 3.479 13.117 4.303
    endloop
  endfacet
  facet normal 0 0 0
    outer loop
      vertex 3.479 12.723 3.979
      vertex 3.479 12.384 3.566
      vertex 3.479 9.701 4.303
    endloop
  endfacet
  facet normal 0 0 0
    outer loop
      vertex 0.748 12.723 3.979
      vertex 0.748 12.384 3.566
      vertex 3.479 12.384 3.566
    endloop
  endfacet
  facet normal 0 0 0
    outer loop
      vertex 3.479 12.723 3.979
      vertex 0.748 12.723 3.979
      vertex 3.479 12.384 3.566
    endloop
  endfacet
  facet normal 0 0 0
    outer loop
      vertex 3.479 12.723 3.979
      vertex 0.748 13.117 4.303
      vertex 0.748 12.723 3.979
    endloop
  endfacet
  facet normal 0 0 0
    outer loop
      vertex 0.251 14.751 4.303
      vertex 4.051 14.751 4.303
      vertex 4.051 15.003 4.051
    endloop
  endfacet
  facet normal 0 0 0
    outer loop
      vertex 4.051 15.003 4.051
      vertex 4.051 14.751 4.303
      vertex 4.303 14.751 4.051
    endloop
  endfacet
  facet normal 0 0 0
    outer loop
      vertex 0.251 14.751 4.303
      vertex 0.251 15.003 4.051
      vertex -0.001 14.751 4.051
    endloop
  endfacet
  facet normal 0 0 0
    outer loop
      vertex 4.051 15.003 4.051
      vertex 0.251 15.003 4.051
      vertex 0.251 14.751 4.303
    endloop
  endfacet
  facet normal 0 0 0
    outer loop
      vertex 0.251 15.003 4.051
      vertex 0.251 15.003 0.251
      vertex -0.001 14.751 0.251
    endloop
  endfacet
  facet normal 0 0 0
    outer loop
      vertex 0.251 15.003 0.251
      vertex 0.251 14.751 0
      vertex -0.001 14.751 0.251
    endloop
  endfacet
  facet normal 0 0 0
    outer loop
      vertex 0.751 12.873 0
      vertex 0.751 13.751 0
      vertex 0.752 13.75 0.001
    endloop
  endfacet
  facet normal 0 0 0
    outer loop
      vertex 0.752 12.872 0.001
      vertex 0.751 12.873 0
      vertex 0.752 13.75 0.001
    endloop
  endfacet
  facet normal 0 0 0
    outer loop
      vertex 0.748 12.873 0
      vertex 0.751 12.873 0
      vertex 0.752 12.872 0.001
    endloop
  endfacet
  facet normal 0 0 0
    outer loop
      vertex 0.748 12.873 0
      vertex 0.752 12.872 0.001
      vertex 0.748 12.723 0.123
    endloop
  endfacet
  facet normal 0 0 0
    outer loop
      vertex 0.748 12.723 0.123
      vertex 0.748 9.602 0
      vertex 0.748 12.873 0
    endloop
  endfacet
  facet normal 0 0 0
    outer loop
      vertex -8.614 -4.736 2.252
      vertex -8.327 -10.323 2.252
      vertex -8.327 5.804 2.252
    endloop
  endfacet
  facet normal 0 0 0
    outer loop
      vertex -8.496 -11.599 2.252
      vertex -8.517 -11.599 2.051
      vertex -8.327 -10.165 2.051
    endloop
  endfacet
  facet normal 0 0 0
    outer loop
      vertex -8.614 -12.485 2.252
      vertex -8.64 -10.324 2.252
      vertex -8.574 -12.658 2.548
    endloop
  endfacet
  facet normal 0 0 0
    outer loop
      vertex -8.327 -10.323 2.252
      vertex -8.614 -4.736 2.252
      vertex -8.64 -10.324 2.252
    endloop
  endfacet
  facet normal 0 0 0
    outer loop
      vertex -8.327 -10.323 2.252
      vertex -8.64 -10.324 2.252
      vertex -8.496 -11.599 2.252
    endloop
  endfacet
  facet normal 0 0 0
    outer loop
      vertex -8.496 -11.599 2.252
      vertex -8.64 -10.324 2.252
      vertex -8.614 -12.485 2.252
    endloop
  endfacet
  facet normal 0 0 0
    outer loop
      vertex -8.354 -10.367 2.151
      vertex -8.496 -11.599 2.252
      vertex -8.327 -10.165 2.051
    endloop
  endfacet
  facet normal 0 0 0
    outer loop
      vertex -8.624 -10.399 2.051
      vertex -8.327 -10.165 2.051
      vertex -8.517 -11.599 2.051
    endloop
  endfacet
  facet normal 0 0 0
    outer loop
      vertex -8.496 -11.599 2.252
      vertex -8.354 -10.367 2.151
      vertex -8.327 -10.323 2.252
    endloop
  endfacet
  facet normal 0 0 0
    outer loop
      vertex -8.624 -10.399 2.051
      vertex -8.517 -11.599 2.051
      vertex -8.624 -12.404 2.051
    endloop
  endfacet
  facet normal 0 0 0
    outer loop
      vertex -8.327 -10.323 2.252
      vertex -8.354 5.804 2.151
      vertex -8.327 5.804 2.252
    endloop
  endfacet
  facet normal 0 0 0
    outer loop
      vertex -8.415 -10.399 1.352
      vertex -8.624 -10.399 2.051
      vertex -8.522 -12.351 1.599
    endloop
  endfacet
  facet normal 0 0 0
    outer loop
      vertex -8.415 -10.399 1.352
      vertex -8.526 -5.799 1.565
      vertex -8.624 -10.399 2.051
    endloop
  endfacet
  facet normal 0 0 0
    outer loop
      vertex -8.641 -1.199 2.031
      vertex -8.625 8.001 2.051
      vertex -8.624 -10.399 2.051
    endloop
  endfacet
  facet normal 0 0 0
    outer loop
      vertex -8.526 -5.799 1.565
      vertex -8.641 -1.199 2.031
      vertex -8.624 -10.399 2.051
    endloop
  endfacet
  facet normal 0 0 0
    outer loop
      vertex -5.672 -9.426 2.051
      vertex -5.703 -5.799 2.051
      vertex -5.733 -5.799 1.678
    endloop
  endfacet
  facet normal 0 0 0
    outer loop
      vertex -7.101 5.804 3.404
      vertex -7.051 5.804 2.252
      vertex -7.051 5.804 3.391
    endloop
  endfacet
  facet normal 0 0 0
    outer loop
      vertex -7.051 5.804 2.252
      vertex -7.101 5.804 3.404
      vertex -7.252 5.804 3.363
    endloop
  endfacet
  facet normal 0 0 0
    outer loop
      vertex -7.252 5.804 3.363
      vertex -7.252 5.804 2.252
      vertex -7.051 5.804 2.252
    endloop
  endfacet
  facet normal 0 0 0
    outer loop
      vertex -7.252 5.804 2.252
      vertex -7.051 5.804 2.051
      vertex -7.051 5.804 2.252
    endloop
  endfacet
  facet normal 0 0 0
    outer loop
      vertex -7.252 5.804 2.252
      vertex -7.252 5.804 2.051
      vertex -7.051 5.804 2.051
    endloop
  endfacet
  facet normal 0 0 0
    outer loop
      vertex -7.252 5.804 2.051
      vertex -7.252 5.804 2.252
      vertex -8.327 5.804 2.252
    endloop
  endfacet
  facet normal 0 0 0
    outer loop
      vertex -5.875 5.804 2.252
      vertex -7.051 8.001 2.252
      vertex -7.051 5.804 2.252
    endloop
  endfacet
  facet normal 0 0 0
    outer loop
      vertex -7.051 6.629 3.644
      vertex -7.051 8.001 2.252
      vertex -7.051 8.001 3.641
    endloop
  endfacet
  facet normal 0 0 0
    outer loop
      vertex -8.327 5.804 2.252
      vertex -7.252 8.001 2.252
      vertex -8.641 8.001 2.252
    endloop
  endfacet
  facet normal 0 0 0
    outer loop
      vertex -7.051 8.001 2.252
      vertex -5.875 5.804 2.252
      vertex -5.677 8.001 2.252
    endloop
  endfacet
  facet normal 0 0 0
    outer loop
      vertex -5.848 5.804 2.151
      vertex -7.051 5.804 2.051
      vertex -5.875 5.804 2.051
    endloop
  endfacet
  facet normal 0 0 0
    outer loop
      vertex -7.051 5.804 2.051
      vertex -5.848 5.804 2.151
      vertex -5.875 5.804 2.252
    endloop
  endfacet
  facet normal 0 0 0
    outer loop
      vertex -7.051 5.804 2.252
      vertex -7.051 5.804 2.051
      vertex -5.875 5.804 2.252
    endloop
  endfacet
  facet normal 0 0 0
    outer loop
      vertex -5.875 5.804 2.051
      vertex -7.051 8.001 2.051
      vertex -5.661 8.001 2.051
    endloop
  endfacet
  facet normal 0 0 0
    outer loop
      vertex -6.18 8.001 3.288
      vertex -5.876 8.001 2.932
      vertex -6.115 3.401 3.229
    endloop
  endfacet
  facet normal 0 0 0
    outer loop
      vertex -7.252 8.001 2.051
      vertex -7.5 8.001 0.697
      vertex -7.252 8.001 0.736
    endloop
  endfacet
  facet normal 0 0 0
    outer loop
      vertex -7.5 8.001 0.697
      vertex -7.252 8.001 2.051
      vertex -8.288 8.001 1.18
    endloop
  endfacet
  facet normal 0 0 0
    outer loop
      vertex -7.252 8.001 2.051
      vertex -7.252 5.804 0.939
      vertex -7.252 5.804 2.051
    endloop
  endfacet
  facet normal 0 0 0
    outer loop
      vertex -7.051 5.804 0.911
      vertex -7.051 8.001 2.051
      vertex -7.051 5.804 2.051
    endloop
  endfacet
  facet normal 0 0 0
    outer loop
      vertex -6.37 8.001 0.876
      vertex -7.051 8.001 2.051
      vertex -7.051 8.001 0.768
    endloop
  endfacet
  facet normal 0 0 0
    outer loop
      vertex -7.051 8.001 2.051
      vertex -5.66 8.001 2.034
      vertex -5.661 8.001 2.051
    endloop
  endfacet
  facet normal 0 0 0
    outer loop
      vertex -7.051 8.001 2.051
      vertex -6.37 8.001 0.876
      vertex -5.892 8.001 1.379
    endloop
  endfacet
  facet normal 0 0 0
    outer loop
      vertex -5.66 8.001 2.034
      vertex -7.051 8.001 2.051
      vertex -5.892 8.001 1.379
    endloop
  endfacet
  facet normal 0 0 0
    outer loop
      vertex -7.252 5.844 0.683
      vertex -7.252 8.001 0.736
      vertex -7.5 8.001 0.697
    endloop
  endfacet
  facet normal 0 0 0
    outer loop
      vertex -7.252 5.804 0.939
      vertex -7.252 8.001 0.736
      vertex -7.252 5.844 0.683
    endloop
  endfacet
  facet normal 0 0 0
    outer loop
      vertex -7.252 5.804 0.939
      vertex -7.252 8.001 2.051
      vertex -7.252 8.001 0.736
    endloop
  endfacet
  facet normal 0 0 0
    outer loop
      vertex -7.051 5.804 0.911
      vertex -7.051 5.804 2.051
      vertex -7.252 5.804 2.051
    endloop
  endfacet
  facet normal 0 0 0
    outer loop
      vertex -7.101 5.804 0.898
      vertex -7.051 5.804 0.911
      vertex -7.252 5.804 2.051
    endloop
  endfacet
  facet normal 0 0 0
    outer loop
      vertex -7.252 5.804 0.939
      vertex -7.101 5.804 0.898
      vertex -7.252 5.804 2.051
    endloop
  endfacet
  facet normal 0 0 0
    outer loop
      vertex -7.051 3.749 0.669
      vertex -6.37 8.001 0.876
      vertex -7.051 8.001 0.768
    endloop
  endfacet
  facet normal 0 0 0
    outer loop
      vertex -7.051 8.001 2.051
      vertex -7.051 5.804 0.911
      vertex -7.051 8.001 0.768
    endloop
  endfacet
  facet normal 0 0 0
    outer loop
      vertex -7.051 8.001 0.768
      vertex -7.051 5.804 0.911
      vertex -7.051 3.749 0.669
    endloop
  endfacet
  facet normal 0 0 0
    outer loop
      vertex -7.5 8.001 0.697
      vertex -8.288 8.001 1.18
      vertex -8.097 3.401 0.993
    endloop
  endfacet
  facet normal 0 0 0
    outer loop
      vertex -17.979 -15.001 2.101
      vertex -17.614 -12.485 2.252
      vertex -17.574 -12.658 2.548
    endloop
  endfacet
  facet normal 0 0 0
    outer loop
      vertex -17.541 -12.796 2.683
      vertex -17.574 -12.658 2.548
      vertex -17.64 -10.324 2.252
    endloop
  endfacet
  facet normal 0 0 0
    outer loop
      vertex -17.64 -10.324 2.252
      vertex -17.565 -3.499 2.623
      vertex -17.541 -12.796 2.683
    endloop
  endfacet
  facet normal 0 0 0
    outer loop
      vertex -18.051 -15.001 0.251
      vertex -18.303 -14.749 4.051
      vertex -18.303 -14.749 0.251
    endloop
  endfacet
  facet normal 0 0 0
    outer loop
      vertex -18.303 -14.749 4.051
      vertex -18.051 -15.001 0.251
      vertex -18.051 -15.001 4.051
    endloop
  endfacet
  facet normal 0 0 0
    outer loop
      vertex -17.979 -15.001 2.101
      vertex -17.624 -12.404 2.051
      vertex -17.496 -11.599 2.252
    endloop
  endfacet
  facet normal 0 0 0
    outer loop
      vertex -17.979 -15.001 2.101
      vertex -17.496 -11.599 2.252
      vertex -17.614 -12.485 2.252
    endloop
  endfacet
  facet normal 0 0 0
    outer loop
      vertex -17.979 -15.001 2.101
      vertex -17.574 -12.658 2.548
      vertex -17.843 -15.001 2.743
    endloop
  endfacet
  facet normal 0 0 0
    outer loop
      vertex -17.541 -12.796 2.683
      vertex -17.292 -13.163 3.115
      vertex -17.843 -15.001 2.743
    endloop
  endfacet
  facet normal 0 0 0
    outer loop
      vertex -17.292 -13.163 3.115
      vertex -17.458 -15.001 3.287
      vertex -17.843 -15.001 2.743
    endloop
  endfacet
  facet normal 0 0 0
    outer loop
      vertex -16.881 -15.001 3.65
      vertex -17.458 -15.001 3.287
      vertex -16.956 -13.653 3.405
    endloop
  endfacet
  facet normal 0 0 0
    outer loop
      vertex -16.39 -14.114 3.632
      vertex -16.546 -15.001 3.713
      vertex -16.881 -15.001 3.65
    endloop
  endfacet
  facet normal 0 0 0
    outer loop
      vertex -16.805 -13.489 3.475
      vertex -16.39 -14.114 3.632
      vertex -16.881 -15.001 3.65
    endloop
  endfacet
  facet normal 0 0 0
    outer loop
      vertex -17.541 -12.796 2.683
      vertex -17.843 -15.001 2.743
      vertex -17.574 -12.658 2.548
    endloop
  endfacet
  facet normal 0 0 0
    outer loop
      vertex -17.458 -15.001 3.287
      vertex -17.292 -13.163 3.115
      vertex -16.956 -13.653 3.405
    endloop
  endfacet
  facet normal 0 0 0
    outer loop
      vertex -16.805 -13.489 3.475
      vertex -16.881 -15.001 3.65
      vertex -16.956 -13.653 3.405
    endloop
  endfacet
  facet normal 0 0 0
    outer loop
      vertex -18.051 -15.001 4.051
      vertex -18.051 -14.749 4.302
      vertex -18.303 -14.749 4.051
    endloop
  endfacet
  facet normal 0 0 0
    outer loop
      vertex -18.303 -14.749 0.251
      vertex -18.051 -14.749 -0.001
      vertex -18.051 -15.001 0.251
    endloop
  endfacet
  facet normal 0 0 0
    outer loop
      vertex -17.553 -15.001 1.049
      vertex -16.857 -12.943 0.84
      vertex -17.058 -12.808 0.987
    endloop
  endfacet
  facet normal 0 0 0
    outer loop
      vertex -17.553 -15.001 1.049
      vertex -17.058 -12.808 0.987
      vertex -17.147 -12.618 1.071
    endloop
  endfacet
  facet normal 0 0 0
    outer loop
      vertex -16.857 -12.943 0.84
      vertex -17.553 -15.001 1.049
      vertex -17.165 -15.001 0.731
    endloop
  endfacet
  facet normal 0 0 0
    outer loop
      vertex -16.881 -15.001 0.552
      vertex -16.857 -12.943 0.84
      vertex -17.165 -15.001 0.731
    endloop
  endfacet
  facet normal 0 0 0
    outer loop
      vertex -17.553 -15.001 1.049
      vertex -17.147 -12.618 1.071
      vertex -17.367 -12.716 1.291
    endloop
  endfacet
  facet normal 0 0 0
    outer loop
      vertex -17.367 -12.716 1.291
      vertex -17.843 -15.001 1.459
      vertex -17.553 -15.001 1.049
    endloop
  endfacet
  facet normal 0 0 0
    outer loop
      vertex -16.295 -13.13 0.678
      vertex -16.857 -12.943 0.84
      vertex -16.31 -13.29 0.659
    endloop
  endfacet
  facet normal 0 0 0
    outer loop
      vertex -16.857 -12.943 0.84
      vertex -16.881 -15.001 0.552
      vertex -16.31 -13.29 0.659
    endloop
  endfacet
  facet normal 0 0 0
    outer loop
      vertex -16.857 -12.943 0.84
      vertex -16.889 -10.399 0.873
      vertex -17.058 -12.808 0.987
    endloop
  endfacet
  facet normal 0 0 0
    outer loop
      vertex -16.304 -13.108 0.68
      vertex -16.332 -10.399 0.662
      vertex -16.857 -12.943 0.84
    endloop
  endfacet
  facet normal 0 0 0
    outer loop
      vertex -16.295 -13.13 0.678
      vertex -16.304 -13.108 0.68
      vertex -16.857 -12.943 0.84
    endloop
  endfacet
  facet normal 0 0 0
    outer loop
      vertex -17.624 -12.404 2.051
      vertex -17.979 -15.001 2.101
      vertex -17.843 -15.001 1.459
    endloop
  endfacet
  facet normal 0 0 0
    outer loop
      vertex -17.843 -15.001 1.459
      vertex -17.367 -12.716 1.291
      vertex -17.522 -12.351 1.599
    endloop
  endfacet
  facet normal 0 0 0
    outer loop
      vertex -17.522 -12.351 1.599
      vertex -17.624 -12.404 2.051
      vertex -17.843 -15.001 1.459
    endloop
  endfacet
  facet normal 0 0 0
    outer loop
      vertex 0.785 -11.599 2.051
      vertex 0.806 -11.599 2.252
      vertex 0.678 -12.404 2.051
    endloop
  endfacet
  facet normal 0 0 0
    outer loop
      vertex 0.785 -11.599 2.051
      vertex 0.678 -12.404 2.051
      vertex 0.678 -10.399 2.051
    endloop
  endfacet
  facet normal 0 0 0
    outer loop
      vertex 0.688 -12.485 2.252
      vertex 0.323 -15.001 2.101
      vertex 0.806 -11.599 2.252
    endloop
  endfacet
  facet normal 0 0 0
    outer loop
      vertex 0.323 -15.001 2.101
      vertex 0.688 -12.485 2.252
      vertex 0.728 -12.658 2.548
    endloop
  endfacet
  facet normal 0 0 0
    outer loop
      vertex 0.662 -10.324 2.252
      vertex 0.761 -12.796 2.683
      vertex 0.728 -12.658 2.548
    endloop
  endfacet
  facet normal 0 0 0
    outer loop
      vertex 0.662 -10.324 2.252
      vertex 0.728 -12.658 2.548
      vertex 0.688 -12.485 2.252
    endloop
  endfacet
  facet normal 0 0 0
    outer loop
      vertex -0.001 -14.749 4.051
      vertex 0.251 -15.001 0.251
      vertex 0.251 -15.001 4.051
    endloop
  endfacet
  facet normal 0 0 0
    outer loop
      vertex 0.323 -15.001 2.101
      vertex 0.678 -12.404 2.051
      vertex 0.806 -11.599 2.252
    endloop
  endfacet
  facet normal 0 0 0
    outer loop
      vertex 0.323 -15.001 2.101
      vertex 0.728 -12.658 2.548
      vertex 0.459 -15.001 2.743
    endloop
  endfacet
  facet normal 0 0 0
    outer loop
      vertex 0.761 -12.796 2.683
      vertex 1.01 -13.163 3.115
      vertex 0.459 -15.001 2.743
    endloop
  endfacet
  facet normal 0 0 0
    outer loop
      vertex 1.01 -13.163 3.115
      vertex 0.844 -15.001 3.287
      vertex 0.459 -15.001 2.743
    endloop
  endfacet
  facet normal 0 0 0
    outer loop
      vertex 1.421 -15.001 3.65
      vertex 0.844 -15.001 3.287
      vertex 1.346 -13.653 3.405
    endloop
  endfacet
  facet normal 0 0 0
    outer loop
      vertex 1.497 -13.489 3.475
      vertex 1.912 -14.114 3.632
      vertex 1.421 -15.001 3.65
    endloop
  endfacet
  facet normal 0 0 0
    outer loop
      vertex 1.756 -15.001 3.713
      vertex 1.421 -15.001 3.65
      vertex 1.912 -14.114 3.632
    endloop
  endfacet
  facet normal 0 0 0
    outer loop
      vertex 0.761 -12.796 2.683
      vertex 0.459 -15.001 2.743
      vertex 0.728 -12.658 2.548
    endloop
  endfacet
  facet normal 0 0 0
    outer loop
      vertex 1.346 -13.653 3.405
      vertex 0.844 -15.001 3.287
      vertex 1.01 -13.163 3.115
    endloop
  endfacet
  facet normal 0 0 0
    outer loop
      vertex 1.497 -13.489 3.475
      vertex 1.421 -15.001 3.65
      vertex 1.346 -13.653 3.405
    endloop
  endfacet
  facet normal 0 0 0
    outer loop
      vertex 4.051 -14.749 4.303
      vertex 0.251 -14.749 4.303
      vertex 0.251 -15.001 4.051
    endloop
  endfacet
  facet normal 0 0 0
    outer loop
      vertex 0.251 -14.749 4.303
      vertex -0.001 -14.749 4.051
      vertex 0.251 -15.001 4.051
    endloop
  endfacet
  facet normal 0 0 0
    outer loop
      vertex 2.05 -13.867 3.627
      vertex 2.05 -11.76 3.363
      vertex 2.092 -11.786 3.375
    endloop
  endfacet
  facet normal 0 0 0
    outer loop
      vertex 2.781 -15.001 3.65
      vertex 2.747 -13.748 3.487
      vertex 2.919 -14.117 3.433
    endloop
  endfacet
  facet normal 0 0 0
    outer loop
      vertex -16.051 3.76 3.641
      vertex -15.115 3.401 3.229
      vertex -16.051 3.084 3.64
    endloop
  endfacet
  facet normal 0 0 0
    outer loop
      vertex -16.051 3.76 3.641
      vertex -15.579 8.001 3.533
      vertex -15.115 3.401 3.229
    endloop
  endfacet
  facet normal 0 0 0
    outer loop
      vertex -15.51 -1.199 3.502
      vertex -16.051 3.084 3.64
      vertex -15.115 3.401 3.229
    endloop
  endfacet
  facet normal 0 0 0
    outer loop
      vertex -14.892 8.001 1.379
      vertex -14.771 3.401 1.563
      vertex -14.685 1.101 1.852
    endloop
  endfacet
  facet normal 0 0 0
    outer loop
      vertex -14.685 1.101 1.852
      vertex -14.66 8.001 2.034
      vertex -14.892 8.001 1.379
    endloop
  endfacet
  facet normal 0 0 0
    outer loop
      vertex -14.685 1.101 1.852
      vertex -14.733 -5.799 1.678
      vertex -14.661 8.001 2.051
    endloop
  endfacet
  facet normal 0 0 0
    outer loop
      vertex -17.327 -10.323 2.252
      vertex -17.354 -10.367 2.151
      vertex -17.354 5.804 2.151
    endloop
  endfacet
  facet normal 0 0 0
    outer loop
      vertex -17.415 3.401 2.95
      vertex -17.23 1.101 3.188
      vertex -17.565 -3.499 2.623
    endloop
  endfacet
  facet normal 0 0 0
    outer loop
      vertex -17.55 9.252 0
      vertex -17.55 9.602 0
      vertex -14.823 9.602 0
    endloop
  endfacet
  facet normal 0 0 0
    outer loop
      vertex -14.752 9.252 0
      vertex -17.55 9.252 0
      vertex -14.823 9.602 0
    endloop
  endfacet
  facet normal 0 0 0
    outer loop
      vertex -14.752 9.252 0
      vertex -14.823 12.872 0
      vertex -14.752 13.75 0
    endloop
  endfacet
  facet normal 0 0 0
    outer loop
      vertex 0.751 13.751 0
      vertex 0.751 12.873 0
      vertex 0.748 12.873 0
    endloop
  endfacet
  facet normal 0 0 0
    outer loop
      vertex 0.251 14.751 0
      vertex 0.751 9.251 0
      vertex 0.251 -14.749 0
    endloop
  endfacet
  facet normal 0 0 0
    outer loop
      vertex 0.748 12.873 0
      vertex 0.251 14.751 0
      vertex 0.751 13.751 0
    endloop
  endfacet
  facet normal 0 0 0
    outer loop
      vertex 0.748 9.602 0
      vertex 0.251 14.751 0
      vertex 0.748 12.873 0
    endloop
  endfacet
  facet normal 0 0 0
    outer loop
      vertex 0.751 13.751 0
      vertex 0.251 14.751 0
      vertex 3.551 13.751 0
    endloop
  endfacet
  facet normal 0 0 0
    outer loop
      vertex 4.051 14.751 0
      vertex 3.551 13.751 0
      vertex 0.251 14.751 0
    endloop
  endfacet
  facet normal 0 0 0
    outer loop
      vertex 0.751 9.251 0
      vertex 0.748 9.602 0
      vertex 0.751 9.602 0
    endloop
  endfacet
  facet normal 0 0 0
    outer loop
      vertex 0.751 9.251 0
      vertex 0.251 14.751 0
      vertex 0.748 9.602 0
    endloop
  endfacet
  facet normal 0 0 0
    outer loop
      vertex 3.551 9.251 0
      vertex 4.051 14.751 0
      vertex 4.051 -14.749 0
    endloop
  endfacet
  facet normal 0 0 0
    outer loop
      vertex 4.051 14.751 0
      vertex 3.551 9.251 0
      vertex 3.551 13.751 0
    endloop
  endfacet
  facet normal 0 0 0
    outer loop
      vertex 0.751 9.251 0
      vertex 4.051 -14.749 0
      vertex 0.251 -14.749 0
    endloop
  endfacet
  facet normal 0 0 0
    outer loop
      vertex 4.051 -14.749 0
      vertex 0.751 9.251 0
      vertex 3.551 9.251 0
    endloop
  endfacet
  facet normal 0 0 0
    outer loop
      vertex -4.999 14.751 4.051
      vertex -4.999 -14.749 0.251
      vertex -4.999 14.751 0.251
    endloop
  endfacet
  facet normal 0 0 0
    outer loop
      vertex -4.999 -14.749 0.251
      vertex -4.999 14.751 4.051
      vertex -4.999 -14.749 4.051
    endloop
  endfacet
  facet normal 0 0 0
    outer loop
      vertex -14 14.751 4.051
      vertex -14 -14.749 0.251
      vertex -14 14.751 0.251
    endloop
  endfacet
  facet normal 0 0 0
    outer loop
      vertex -14 -14.749 0.251
      vertex -14 14.751 4.051
      vertex -14 -14.749 4.051
    endloop
  endfacet
  facet normal 0 0 0
    outer loop
      vertex 0.662 3.266 2.252
      vertex 0.737 -3.499 2.623
      vertex 0.688 -4.736 2.252
    endloop
  endfacet
  facet normal 0 0 0
    outer loop
      vertex 0.737 -3.499 2.623
      vertex 0.662 3.266 2.252
      vertex 0.661 3.401 2.271
    endloop
  endfacet
  facet normal 0 0 0
    outer loop
      vertex 1.119 -3.499 1.077
      vertex 1.621 3.401 0.753
      vertex 1.205 3.401 0.993
    endloop
  endfacet
  facet normal 0 0 0
    outer loop
      vertex 2.05 5.844 0.683
      vertex 1.621 3.401 0.753
      vertex 2.05 -0.289 0.701
    endloop
  endfacet
  facet normal 0 0 0
    outer loop
      vertex 2.05 -0.289 0.701
      vertex 2.05 5.804 0.939
      vertex 2.05 5.844 0.683
    endloop
  endfacet
  facet normal 0 0 0
    outer loop
      vertex 0.251 14.751 0
      vertex 0.251 15.003 0.251
      vertex 4.051 15.003 0.251
    endloop
  endfacet
  facet normal 0 0 0
    outer loop
      vertex 0.251 14.751 0
      vertex 4.051 15.003 0.251
      vertex 4.051 14.751 0
    endloop
  endfacet
  facet normal 0 0 0
    outer loop
      vertex 3.479 12.723 0.123
      vertex 3.479 9.602 0.001
      vertex 3.479 12.384 0.536
    endloop
  endfacet
  facet normal 0 0 0
    outer loop
      vertex 3.479 12.723 0.123
      vertex 0.748 12.384 0.536
      vertex 0.748 12.723 0.123
    endloop
  endfacet
  facet normal 0 0 0
    outer loop
      vertex 0.748 12.384 0.536
      vertex 3.479 12.723 0.123
      vertex 3.479 12.384 0.536
    endloop
  endfacet
  facet normal 0 0 0
    outer loop
      vertex 0.751 13.751 0
      vertex 3.55 13.75 0.001
      vertex 0.752 13.75 0.001
    endloop
  endfacet
  facet normal 0 0 0
    outer loop
      vertex 3.55 13.75 0.001
      vertex 0.751 13.751 0
      vertex 3.551 13.751 0
    endloop
  endfacet
  facet normal 0 0 0
    outer loop
      vertex 3.479 12.872 0.001
      vertex 3.55 9.252 0.001
      vertex 3.479 9.602 0.001
    endloop
  endfacet
  facet normal 0 0 0
    outer loop
      vertex 3.479 12.872 0.001
      vertex 0.752 13.75 0.001
      vertex 3.55 13.75 0.001
    endloop
  endfacet
  facet normal 0 0 0
    outer loop
      vertex 0.752 13.75 0.001
      vertex 3.479 12.872 0.001
      vertex 0.752 12.872 0.001
    endloop
  endfacet
  facet normal 0 0 0
    outer loop
      vertex 3.479 12.723 0.123
      vertex 3.479 12.872 0.001
      vertex 3.479 9.602 0.001
    endloop
  endfacet
  facet normal 0 0 0
    outer loop
      vertex 3.479 12.723 0.123
      vertex 0.752 12.872 0.001
      vertex 3.479 12.872 0.001
    endloop
  endfacet
  facet normal 0 0 0
    outer loop
      vertex 0.752 12.872 0.001
      vertex 3.479 12.723 0.123
      vertex 0.748 12.723 0.123
    endloop
  endfacet
  facet normal 0 0 0
    outer loop
      vertex 0.748 12.132 1.008
      vertex 0.748 12.384 0.536
      vertex 3.479 12.384 0.536
    endloop
  endfacet
  facet normal 0 0 0
    outer loop
      vertex 4.051 15.003 0.251
      vertex 4.051 15.003 4.051
      vertex 4.303 14.751 4.051
    endloop
  endfacet
  facet normal 0 0 0
    outer loop
      vertex 4.051 15.003 0.251
      vertex 4.303 14.751 4.051
      vertex 4.303 14.751 0.251
    endloop
  endfacet
  facet normal 0 0 0
    outer loop
      vertex 4.303 14.751 0.251
      vertex 4.051 14.751 0
      vertex 4.051 15.003 0.251
    endloop
  endfacet
  facet normal 0 0 0
    outer loop
      vertex 3.479 9.701 4.303
      vertex 3.479 9.613 4.138
      vertex 0.748 9.613 4.138
    endloop
  endfacet
  facet normal 0 0 0
    outer loop
      vertex 0.748 9.701 4.303
      vertex 3.479 9.701 4.303
      vertex 0.748 9.613 4.138
    endloop
  endfacet
  facet normal 0 0 0
    outer loop
      vertex 0.748 9.701 4.303
      vertex 0.748 12.723 3.979
      vertex 0.748 13.117 4.303
    endloop
  endfacet
  facet normal 0 0 0
    outer loop
      vertex 0.748 9.701 4.303
      vertex 0.748 12.384 3.566
      vertex 0.748 12.723 3.979
    endloop
  endfacet
  facet normal 0 0 0
    outer loop
      vertex 3.479 12.132 3.094
      vertex 3.479 9.303 3.115
      vertex 3.479 9.613 4.138
    endloop
  endfacet
  facet normal 0 0 0
    outer loop
      vertex 4.051 14.751 4.303
      vertex 4.051 -14.749 4.303
      vertex 4.303 14.751 4.051
    endloop
  endfacet
  facet normal 0 0 0
    outer loop
      vertex 3.479 12.384 3.566
      vertex 0.748 12.132 3.094
      vertex 3.479 12.132 3.094
    endloop
  endfacet
  facet normal 0 0 0
    outer loop
      vertex 0.748 12.132 3.094
      vertex 3.479 12.384 3.566
      vertex 0.748 12.384 3.566
    endloop
  endfacet
  facet normal 0 0 0
    outer loop
      vertex 0.748 11.977 2.583
      vertex 3.479 11.977 2.583
      vertex 3.479 12.132 3.094
    endloop
  endfacet
  facet normal 0 0 0
    outer loop
      vertex 0.748 12.132 3.094
      vertex 0.748 11.977 2.583
      vertex 3.479 12.132 3.094
    endloop
  endfacet
  facet normal 0 0 0
    outer loop
      vertex 0.748 11.924 2.051
      vertex 0.748 11.977 1.519
      vertex 3.479 11.924 2.051
    endloop
  endfacet
  facet normal 0 0 0
    outer loop
      vertex 0.748 11.924 2.051
      vertex 3.479 11.924 2.051
      vertex 3.479 11.977 2.583
    endloop
  endfacet
  facet normal 0 0 0
    outer loop
      vertex 0.748 11.977 2.583
      vertex 0.748 11.924 2.051
      vertex 3.479 11.977 2.583
    endloop
  endfacet
  facet normal 0 0 0
    outer loop
      vertex 0.748 12.132 3.094
      vertex 0.748 9.701 4.303
      vertex 0.748 9.613 4.138
    endloop
  endfacet
  facet normal 0 0 0
    outer loop
      vertex 0.748 9.701 4.303
      vertex 0.748 12.132 3.094
      vertex 0.748 12.384 3.566
    endloop
  endfacet
  facet normal 0 0 0
    outer loop
      vertex 0.748 9.303 3.115
      vertex 0.748 11.924 2.051
      vertex 0.748 11.977 2.583
    endloop
  endfacet
  facet normal 0 0 0
    outer loop
      vertex 0.748 11.924 2.051
      vertex 0.748 9.303 3.115
      vertex 0.748 9.198 2.051
    endloop
  endfacet
  facet normal 0 0 0
    outer loop
      vertex 3.479 12.132 3.094
      vertex 3.479 9.701 4.303
      vertex 3.479 12.384 3.566
    endloop
  endfacet
  facet normal 0 0 0
    outer loop
      vertex 3.479 9.303 3.115
      vertex 3.479 12.132 3.094
      vertex 3.479 11.977 2.583
    endloop
  endfacet
  facet normal 0 0 0
    outer loop
      vertex 3.479 9.303 3.115
      vertex 3.479 11.977 2.583
      vertex 3.479 11.924 2.051
    endloop
  endfacet
  facet normal 0 0 0
    outer loop
      vertex 3.479 12.132 3.094
      vertex 3.479 9.613 4.138
      vertex 3.479 9.701 4.303
    endloop
  endfacet
  facet normal 0 0 0
    outer loop
      vertex 3.479 9.303 3.115
      vertex 3.479 9.198 2.051
      vertex 0.748 9.198 2.051
    endloop
  endfacet
  facet normal 0 0 0
    outer loop
      vertex 0.748 9.303 3.115
      vertex 3.479 9.303 3.115
      vertex 0.748 9.198 2.051
    endloop
  endfacet
  facet normal 0 0 0
    outer loop
      vertex 3.479 9.303 3.115
      vertex 0.748 9.613 4.138
      vertex 3.479 9.613 4.138
    endloop
  endfacet
  facet normal 0 0 0
    outer loop
      vertex 0.748 9.613 4.138
      vertex 3.479 9.303 3.115
      vertex 0.748 9.303 3.115
    endloop
  endfacet
  facet normal 0 0 0
    outer loop
      vertex 0.748 9.303 3.115
      vertex 0.748 11.977 2.583
      vertex 0.748 12.132 3.094
    endloop
  endfacet
  facet normal 0 0 0
    outer loop
      vertex 0.748 9.303 3.115
      vertex 0.748 12.132 3.094
      vertex 0.748 9.613 4.138
    endloop
  endfacet
  facet normal 0 0 0
    outer loop
      vertex 3.479 9.303 3.115
      vertex 3.479 11.924 2.051
      vertex 3.479 9.198 2.051
    endloop
  endfacet
  facet normal 0 0 0
    outer loop
      vertex 0.748 11.977 1.519
      vertex 0.748 12.132 1.008
      vertex 3.479 12.132 1.008
    endloop
  endfacet
  facet normal 0 0 0
    outer loop
      vertex 0.748 12.132 1.008
      vertex 3.479 12.384 0.536
      vertex 3.479 12.132 1.008
    endloop
  endfacet
  facet normal 0 0 0
    outer loop
      vertex 3.479 11.924 2.051
      vertex 0.748 11.977 1.519
      vertex 3.479 11.977 1.519
    endloop
  endfacet
  facet normal 0 0 0
    outer loop
      vertex 0.748 11.977 1.519
      vertex 3.479 12.132 1.008
      vertex 3.479 11.977 1.519
    endloop
  endfacet
  facet normal 0 0 0
    outer loop
      vertex 3.479 11.924 2.051
      vertex 3.479 9.303 0.987
      vertex 3.479 9.198 2.051
    endloop
  endfacet
  facet normal 0 0 0
    outer loop
      vertex 3.479 9.303 0.987
      vertex 3.479 11.924 2.051
      vertex 3.479 11.977 1.519
    endloop
  endfacet
  facet normal 0 0 0
    outer loop
      vertex 3.479 12.384 0.536
      vertex 3.479 9.602 0.001
      vertex 3.479 12.132 1.008
    endloop
  endfacet
  facet normal 0 0 0
    outer loop
      vertex 3.479 12.132 1.008
      vertex 3.479 9.602 0.001
      vertex 3.479 11.977 1.519
    endloop
  endfacet
  facet normal 0 0 0
    outer loop
      vertex 0.748 9.602 0
      vertex 0.748 12.384 0.536
      vertex 0.748 12.132 1.008
    endloop
  endfacet
  facet normal 0 0 0
    outer loop
      vertex 0.748 11.977 1.519
      vertex 0.748 9.602 0
      vertex 0.748 12.132 1.008
    endloop
  endfacet
  facet normal 0 0 0
    outer loop
      vertex 0.748 11.924 2.051
      vertex 0.748 9.303 0.987
      vertex 0.748 11.977 1.519
    endloop
  endfacet
  facet normal 0 0 0
    outer loop
      vertex 0.748 9.602 0
      vertex 0.748 12.723 0.123
      vertex 0.748 12.384 0.536
    endloop
  endfacet
  facet normal 0 0 0
    outer loop
      vertex 0.751 9.251 0
      vertex 0.752 9.252 0.001
      vertex 3.55 9.252 0.001
    endloop
  endfacet
  facet normal 0 0 0
    outer loop
      vertex 3.479 9.602 0.001
      vertex 0.752 9.252 0.001
      vertex 0.752 9.602 0.001
    endloop
  endfacet
  facet normal 0 0 0
    outer loop
      vertex 0.752 9.252 0.001
      vertex 3.479 9.602 0.001
      vertex 3.55 9.252 0.001
    endloop
  endfacet
  facet normal 0 0 0
    outer loop
      vertex 0.751 9.602 0
      vertex 0.752 9.252 0.001
      vertex 0.751 9.251 0
    endloop
  endfacet
  facet normal 0 0 0
    outer loop
      vertex 0.752 9.252 0.001
      vertex 0.751 9.602 0
      vertex 0.752 9.602 0.001
    endloop
  endfacet
  facet normal 0 0 0
    outer loop
      vertex 0.751 9.602 0
      vertex 0.748 9.602 0
      vertex 0.752 9.602 0.001
    endloop
  endfacet
  facet normal 0 0 0
    outer loop
      vertex 0.748 9.602 0
      vertex 0.748 9.303 0.987
      vertex 0.752 9.602 0.001
    endloop
  endfacet
  facet normal 0 0 0
    outer loop
      vertex 0.748 9.602 0
      vertex 0.748 11.977 1.519
      vertex 0.748 9.303 0.987
    endloop
  endfacet
  facet normal 0 0 0
    outer loop
      vertex 0.748 9.303 0.987
      vertex 0.748 11.924 2.051
      vertex 0.748 9.198 2.051
    endloop
  endfacet
  facet normal 0 0 0
    outer loop
      vertex 0.752 9.602 0.001
      vertex 3.479 9.303 0.987
      vertex 3.479 9.602 0.001
    endloop
  endfacet
  facet normal 0 0 0
    outer loop
      vertex 3.55 9.252 0.001
      vertex 3.551 9.251 0
      vertex 0.751 9.251 0
    endloop
  endfacet
  facet normal 0 0 0
    outer loop
      vertex 3.55 9.252 0.001
      vertex 3.479 12.872 0.001
      vertex 3.55 13.75 0.001
    endloop
  endfacet
  facet normal 0 0 0
    outer loop
      vertex 3.551 9.251 0
      vertex 3.55 13.75 0.001
      vertex 3.551 13.751 0
    endloop
  endfacet
  facet normal 0 0 0
    outer loop
      vertex 3.55 13.75 0.001
      vertex 3.551 9.251 0
      vertex 3.55 9.252 0.001
    endloop
  endfacet
  facet normal 0 0 0
    outer loop
      vertex 0.748 9.303 0.987
      vertex 0.748 9.198 2.051
      vertex 3.479 9.198 2.051
    endloop
  endfacet
  facet normal 0 0 0
    outer loop
      vertex 3.479 9.303 0.987
      vertex 0.748 9.303 0.987
      vertex 3.479 9.198 2.051
    endloop
  endfacet
  facet normal 0 0 0
    outer loop
      vertex 3.479 9.303 0.987
      vertex 0.752 9.602 0.001
      vertex 0.748 9.303 0.987
    endloop
  endfacet
  facet normal 0 0 0
    outer loop
      vertex 3.479 9.303 0.987
      vertex 3.479 11.977 1.519
      vertex 3.479 9.602 0.001
    endloop
  endfacet
  facet normal 0 0 0
    outer loop
      vertex 4.051 14.751 0
      vertex 4.303 14.751 0.251
      vertex 4.051 -14.749 0
    endloop
  endfacet
  facet normal 0 0 0
    outer loop
      vertex 0.251 -14.749 4.303
      vertex 0.251 14.751 4.303
      vertex -0.001 14.751 4.051
    endloop
  endfacet
  facet normal 0 0 0
    outer loop
      vertex 4.051 -14.749 4.303
      vertex 4.303 -14.749 4.051
      vertex 4.303 14.751 4.051
    endloop
  endfacet
  facet normal 0 0 0
    outer loop
      vertex 0.661 3.401 2.271
      vertex 0.661 8.001 2.252
      vertex 0.66 8.001 2.268
    endloop
  endfacet
  facet normal 0 0 0
    outer loop
      vertex 2.05 8.001 2.051
      vertex 1.802 8.001 0.697
      vertex 2.05 8.001 0.736
    endloop
  endfacet
  facet normal 0 0 0
    outer loop
      vertex 0.937 8.001 3.033
      vertex 2.05 8.001 2.252
      vertex 1.802 8.001 3.605
    endloop
  endfacet
  facet normal 0 0 0
    outer loop
      vertex 1.802 8.001 3.605
      vertex 2.05 8.001 2.252
      vertex 2.05 8.001 3.625
    endloop
  endfacet
  facet normal 0 0 0
    outer loop
      vertex 2.05 8.001 2.252
      vertex 0.937 8.001 3.033
      vertex 0.769 8.001 2.723
    endloop
  endfacet
  facet normal 0 0 0
    outer loop
      vertex 0.251 -14.749 4.303
      vertex -0.001 14.751 4.051
      vertex -0.001 -14.749 4.051
    endloop
  endfacet
  facet normal 0 0 0
    outer loop
      vertex -5.664 -8.463 2.252
      vertex -5.753 -13.411 2.666
      vertex -5.675 -5.799 2.391
    endloop
  endfacet
  facet normal 0 0 0
    outer loop
      vertex -5.664 -13.427 2.252
      vertex -5.68147 -13.2136 2.0023
      vertex -5.681 -13.217 2.001
    endloop
  endfacet
  facet normal 0 0 0
    outer loop
      vertex -5.875 -11.679 2.051
      vertex -5.68147 -13.2136 2.0023
      vertex -5.664 -13.427 2.252
    endloop
  endfacet
  facet normal 0 0 0
    outer loop
      vertex -5.672 -13.208 2.051
      vertex -5.68172 -13.2113 2.00119
      vertex -5.875 -11.679 2.051
    endloop
  endfacet
  facet normal 0 0 0
    outer loop
      vertex -5.664 -13.427 2.252
      vertex -5.848 -11.882 2.151
      vertex -5.875 -11.679 2.051
    endloop
  endfacet
  facet normal 0 0 0
    outer loop
      vertex -5.848 -11.882 2.151
      vertex -5.664 -13.427 2.252
      vertex -5.875 -11.837 2.252
    endloop
  endfacet
  facet normal 0 0 0
    outer loop
      vertex -5.875 -11.679 2.051
      vertex -5.672 -9.426 2.051
      vertex -5.672 -13.208 2.051
    endloop
  endfacet
  facet normal 0 0 0
    outer loop
      vertex -5.753 -13.411 2.666
      vertex -6.007 -13.811 3.113
      vertex -5.956 -5.799 3.049
    endloop
  endfacet
  facet normal 0 0 0
    outer loop
      vertex -5.875 -11.837 2.252
      vertex -5.664 -13.427 2.252
      vertex -5.664 -8.463 2.252
    endloop
  endfacet
  facet normal 0 0 0
    outer loop
      vertex -5.875 -11.679 2.051
      vertex -5.703 -5.799 2.051
      vertex -5.672 -9.426 2.051
    endloop
  endfacet
  facet normal 0 0 0
    outer loop
      vertex -5.664 -8.463 2.252
      vertex -5.664 -13.427 2.252
      vertex -5.753 -13.411 2.666
    endloop
  endfacet
  facet normal 0 0 0
    outer loop
      vertex -5.753 -13.411 2.666
      vertex -5.956 -5.799 3.049
      vertex -5.675 -5.799 2.391
    endloop
  endfacet
  facet normal 0 0 0
    outer loop
      vertex -5.892 8.001 1.379
      vertex -5.771 3.401 1.563
      vertex -5.685 1.101 1.852
    endloop
  endfacet
  facet normal 0 0 0
    outer loop
      vertex -8.23 1.101 3.188
      vertex -8.415 3.401 2.95
      vertex -8.365 8.001 3.033
    endloop
  endfacet
  facet normal 0 0 0
    outer loop
      vertex -8.641 3.401 2.271
      vertex -8.533 8.001 2.723
      vertex -8.415 3.401 2.95
    endloop
  endfacet
  facet normal 0 0 0
    outer loop
      vertex -7.051 3.76 3.641
      vertex -7.051 5.804 3.391
      vertex -7.051 6.629 3.644
    endloop
  endfacet
  facet normal 0 0 0
    outer loop
      vertex -7.051 3.084 3.64
      vertex -7.051 5.804 3.391
      vertex -7.051 3.76 3.641
    endloop
  endfacet
  facet normal 0 0 0
    outer loop
      vertex -7.051 3.76 3.641
      vertex -7.051 6.629 3.644
      vertex -6.579 8.001 3.533
    endloop
  endfacet
  facet normal 0 0 0
    outer loop
      vertex -5.848 5.804 2.151
      vertex -5.875 -11.679 2.051
      vertex -5.848 -11.882 2.151
    endloop
  endfacet
  facet normal 0 0 0
    outer loop
      vertex -7.051 3.76 3.641
      vertex -6.115 3.401 3.229
      vertex -7.051 3.084 3.64
    endloop
  endfacet
  facet normal 0 0 0
    outer loop
      vertex -6.579 8.001 3.533
      vertex -6.18 8.001 3.288
      vertex -6.115 3.401 3.229
    endloop
  endfacet
  facet normal 0 0 0
    outer loop
      vertex -7.051 3.76 3.641
      vertex -6.579 8.001 3.533
      vertex -6.115 3.401 3.229
    endloop
  endfacet
  facet normal 0 0 0
    outer loop
      vertex -6.51 -1.199 3.502
      vertex -7.051 3.084 3.64
      vertex -6.115 3.401 3.229
    endloop
  endfacet
  facet normal 0 0 0
    outer loop
      vertex 2.268 8.001 3.642
      vertex 2.251 6.629 3.644
      vertex 2.251 8.001 3.641
    endloop
  endfacet
  facet normal 0 0 0
    outer loop
      vertex 2.723 8.001 3.533
      vertex 2.251 6.629 3.644
      vertex 2.268 8.001 3.642
    endloop
  endfacet
  facet normal 0 0 0
    outer loop
      vertex -7.101 5.804 3.404
      vertex -7.101 -12.158 3.404
      vertex -7.21 -11.786 3.375
    endloop
  endfacet
  facet normal 0 0 0
    outer loop
      vertex -7.101 5.804 3.404
      vertex -7.051 -12.126 3.391
      vertex -7.101 -12.158 3.404
    endloop
  endfacet
  facet normal 0 0 0
    outer loop
      vertex 2.251 8.001 2.252
      vertex 2.723 8.001 3.533
      vertex 2.268 8.001 3.642
    endloop
  endfacet
  facet normal 0 0 0
    outer loop
      vertex 2.723 8.001 3.533
      vertex 2.251 8.001 2.252
      vertex 3.122 8.001 3.288
    endloop
  endfacet
  facet normal 0 0 0
    outer loop
      vertex 3.122 8.001 3.288
      vertex 2.251 8.001 2.252
      vertex 3.426 8.001 2.932
    endloop
  endfacet
  facet normal 0 0 0
    outer loop
      vertex 2.05 8.001 2.252
      vertex 0.769 8.001 2.723
      vertex 0.66 8.001 2.268
    endloop
  endfacet
  facet normal 0 0 0
    outer loop
      vertex 2.05 8.001 2.252
      vertex 0.66 8.001 2.268
      vertex 0.661 8.001 2.252
    endloop
  endfacet
  facet normal 0 0 0
    outer loop
      vertex 1.014 8.001 1.18
      vertex 2.05 8.001 2.051
      vertex 0.697 8.001 1.802
    endloop
  endfacet
  facet normal 0 0 0
    outer loop
      vertex -7.252 5.844 0.683
      vertex -7.5 8.001 0.697
      vertex -7.681 3.401 0.753
    endloop
  endfacet
  facet normal 0 0 0
    outer loop
      vertex -6.37 8.001 0.876
      vertex -7.051 3.749 0.669
      vertex -6.971 3.401 0.667
    endloop
  endfacet
  facet normal 0 0 0
    outer loop
      vertex -7.5 8.001 0.697
      vertex -8.097 3.401 0.993
      vertex -7.681 3.401 0.753
    endloop
  endfacet
  facet normal 0 0 0
    outer loop
      vertex 2.201 -12.158 3.404
      vertex 2.251 -12.126 3.391
      vertex 2.251 -13.712 3.589
    endloop
  endfacet
  facet normal 0 0 0
    outer loop
      vertex -5.66 8.001 2.034
      vertex -5.892 8.001 1.379
      vertex -5.685 1.101 1.852
    endloop
  endfacet
  facet normal 0 0 0
    outer loop
      vertex 2.919 -14.117 3.433
      vertex 2.251 3.084 3.64
      vertex 2.792 -1.199 3.502
    endloop
  endfacet
  facet normal 0 0 0
    outer loop
      vertex -5.892 8.001 1.379
      vertex -6.37 8.001 0.876
      vertex -6.115 -1.199 1.073
    endloop
  endfacet
  facet normal 0 0 0
    outer loop
      vertex 3.295 -13.811 3.113
      vertex 3.057 -13.9 3.314
      vertex 2.792 -1.199 3.502
    endloop
  endfacet
  facet normal 0 0 0
    outer loop
      vertex 3.62053 -13.2136 2.0023
      vertex 3.427 -11.679 2.051
      vertex 3.62028 -13.2113 2.00119
    endloop
  endfacet
  facet normal 0 0 0
    outer loop
      vertex 3.549 -13.411 2.666
      vertex 3.638 -13.427 2.252
      vertex 3.809 -15.001 2.427
    endloop
  endfacet
  facet normal 0 0 0
    outer loop
      vertex 3.638 -13.427 2.252
      vertex 3.427 -11.837 2.252
      vertex 3.454 -11.882 2.151
    endloop
  endfacet
  facet normal 0 0 0
    outer loop
      vertex 3.631 -13.304 2.012
      vertex 3.845 -15.001 1.943
      vertex 3.638 -13.427 2.252
    endloop
  endfacet
  facet normal 0 0 0
    outer loop
      vertex -5.661 8.001 2.051
      vertex -5.66 8.001 2.034
      vertex -5.685 1.101 1.852
    endloop
  endfacet
  facet normal 0 0 0
    outer loop
      vertex 3.427 -11.679 2.051
      vertex 3.63 -9.426 2.051
      vertex 3.63 -13.208 2.051
    endloop
  endfacet
  facet normal 0 0 0
    outer loop
      vertex 3.638 -13.427 2.252
      vertex 3.549 -13.411 2.666
      vertex 3.638 -8.463 2.252
    endloop
  endfacet
  facet normal 0 0 0
    outer loop
      vertex 3.638 -13.427 2.252
      vertex 3.845 -15.001 1.943
      vertex 3.809 -15.001 2.427
    endloop
  endfacet
  facet normal 0 0 0
    outer loop
      vertex -8.327 5.804 2.051
      vertex -8.624 -10.399 2.051
      vertex -8.625 8.001 2.051
    endloop
  endfacet
  facet normal 0 0 0
    outer loop
      vertex -8.624 -10.399 2.051
      vertex -8.327 5.804 2.051
      vertex -8.327 -10.165 2.051
    endloop
  endfacet
  facet normal 0 0 0
    outer loop
      vertex 3.743 -15.001 2.743
      vertex 3.295 -13.811 3.113
      vertex 3.549 -13.411 2.666
    endloop
  endfacet
  facet normal 0 0 0
    outer loop
      vertex -8.354 5.804 2.151
      vertex -8.327 -10.323 2.252
      vertex -8.354 -10.367 2.151
    endloop
  endfacet
  facet normal 0 0 0
    outer loop
      vertex -8.23 1.101 3.188
      vertex -8.565 -3.499 2.623
      vertex -8.415 3.401 2.95
    endloop
  endfacet
  facet normal 0 0 0
    outer loop
      vertex -8.565 -3.499 2.623
      vertex -8.23 1.101 3.188
      vertex -8.541 -12.796 2.683
    endloop
  endfacet
  facet normal 0 0 0
    outer loop
      vertex 3.627 -5.799 2.391
      vertex 3.638 -8.463 2.252
      vertex 3.549 -13.411 2.666
    endloop
  endfacet
  facet normal 0 0 0
    outer loop
      vertex -8.541 -12.796 2.683
      vertex -8.23 1.101 3.188
      vertex -8.292 -13.163 3.115
    endloop
  endfacet
  facet normal 0 0 0
    outer loop
      vertex 2.05 -13.867 3.627
      vertex 2.269 -15.001 3.747
      vertex 1.912 -14.114 3.632
    endloop
  endfacet
  facet normal 0 0 0
    outer loop
      vertex 1.912 -14.114 3.632
      vertex 2.269 -15.001 3.747
      vertex 1.756 -15.001 3.713
    endloop
  endfacet
  facet normal 0 0 0
    outer loop
      vertex -8.354 5.804 2.151
      vertex -8.327 -10.165 2.051
      vertex -8.327 5.804 2.051
    endloop
  endfacet
  facet normal 0 0 0
    outer loop
      vertex -8.327 -10.165 2.051
      vertex -8.354 5.804 2.151
      vertex -8.354 -10.367 2.151
    endloop
  endfacet
  facet normal 0 0 0
    outer loop
      vertex 3.809 -15.001 2.427
      vertex 3.743 -15.001 2.743
      vertex 3.549 -13.411 2.666
    endloop
  endfacet
  facet normal 0 0 0
    outer loop
      vertex -8.565 -3.499 2.623
      vertex -8.641 3.401 2.271
      vertex -8.415 3.401 2.95
    endloop
  endfacet
  facet normal 0 0 0
    outer loop
      vertex -8.614 -4.736 2.252
      vertex -8.327 5.804 2.252
      vertex -8.64 3.266 2.252
    endloop
  endfacet
  facet normal 0 0 0
    outer loop
      vertex -8.614 -4.736 2.252
      vertex -8.64 3.266 2.252
      vertex -8.565 -3.499 2.623
    endloop
  endfacet
  facet normal 0 0 0
    outer loop
      vertex -8.565 -3.499 2.623
      vertex -8.64 -10.324 2.252
      vertex -8.614 -4.736 2.252
    endloop
  endfacet
  facet normal 0 0 0
    outer loop
      vertex -8.565 -3.499 2.623
      vertex -8.64 3.266 2.252
      vertex -8.641 3.401 2.271
    endloop
  endfacet
  facet normal 0 0 0
    outer loop
      vertex -5.733 -5.799 1.678
      vertex -5.827 -10.399 1.456
      vertex -5.672 -9.426 2.051
    endloop
  endfacet
  facet normal 0 0 0
    outer loop
      vertex -5.251 -14.749 -0.001
      vertex -4.999 14.751 0.251
      vertex -4.999 -14.749 0.251
    endloop
  endfacet
  facet normal 0 0 0
    outer loop
      vertex -7.857 -12.943 0.84
      vertex -7.332 -10.399 0.662
      vertex -7.889 -10.399 0.873
    endloop
  endfacet
  facet normal 0 0 0
    outer loop
      vertex -7.889 -10.399 0.873
      vertex -7.332 -10.399 0.662
      vertex -7.681 3.401 0.753
    endloop
  endfacet
  facet normal 0 0 0
    outer loop
      vertex -7.889 -10.399 0.873
      vertex -8.183 -3.499 1.077
      vertex -8.415 -10.399 1.352
    endloop
  endfacet
  facet normal 0 0 0
    outer loop
      vertex -8.058 -12.808 0.987
      vertex -7.857 -12.943 0.84
      vertex -7.889 -10.399 0.873
    endloop
  endfacet
  facet normal 0 0 0
    outer loop
      vertex -8.147 -12.618 1.071
      vertex -8.058 -12.808 0.987
      vertex -7.889 -10.399 0.873
    endloop
  endfacet
  facet normal 0 0 0
    outer loop
      vertex -7.051 -11.332 0.911
      vertex -7.101 5.804 0.898
      vertex -7.101 -11.365 0.898
    endloop
  endfacet
  facet normal 0 0 0
    outer loop
      vertex -7.101 5.804 0.898
      vertex -7.051 -11.332 0.911
      vertex -7.051 5.804 0.911
    endloop
  endfacet
  facet normal 0 0 0
    outer loop
      vertex -7.252 -10.967 0.939
      vertex -7.101 -11.365 0.898
      vertex -7.101 5.804 0.898
    endloop
  endfacet
  facet normal 0 0 0
    outer loop
      vertex -6.971 3.401 0.667
      vertex -7.051 3.749 0.669
      vertex -7.051 -13.274 0.669
    endloop
  endfacet
  facet normal 0 0 0
    outer loop
      vertex -7.252 -11.599 0.86
      vertex -7.051 -11.332 0.911
      vertex -7.101 -11.365 0.898
    endloop
  endfacet
  facet normal 0 0 0
    outer loop
      vertex -7.051 -11.332 0.911
      vertex -7.252 -11.599 0.86
      vertex -7.051 -13.274 0.669
    endloop
  endfacet
  facet normal 0 0 0
    outer loop
      vertex -7.101 -11.365 0.898
      vertex -7.252 -10.967 0.939
      vertex -7.252 -11.599 0.86
    endloop
  endfacet
  facet normal 0 0 0
    outer loop
      vertex -7.252 -7.072 0.675
      vertex -7.252 -11.599 0.86
      vertex -7.252 -10.967 0.939
    endloop
  endfacet
  facet normal 0 0 0
    outer loop
      vertex -7.252 -11.599 0.86
      vertex -7.252 -7.072 0.675
      vertex -7.252 -13.144 0.666
    endloop
  endfacet
  facet normal 0 0 0
    outer loop
      vertex -7.304 -13.108 0.68
      vertex -7.252 -11.599 0.86
      vertex -7.252 -13.144 0.666
    endloop
  endfacet
  facet normal 0 0 0
    outer loop
      vertex -7.051 3.749 0.669
      vertex -7.051 -11.332 0.911
      vertex -7.051 -13.274 0.669
    endloop
  endfacet
  facet normal 0 0 0
    outer loop
      vertex -7.051 -11.332 0.911
      vertex -7.051 3.749 0.669
      vertex -7.051 5.804 0.911
    endloop
  endfacet
  facet normal 0 0 0
    outer loop
      vertex -7.252 -7.072 0.675
      vertex -7.332 -10.399 0.662
      vertex -7.252 -13.144 0.666
    endloop
  endfacet
  facet normal 0 0 0
    outer loop
      vertex -5.68147 -13.2136 2.0023
      vertex -5.875 -11.679 2.051
      vertex -5.68172 -13.2113 2.00119
    endloop
  endfacet
  facet normal 0 0 0
    outer loop
      vertex -5.858 -13.347 1.401
      vertex -5.743 -13.25 1.686
      vertex -5.827 -10.399 1.456
    endloop
  endfacet
  facet normal 0 0 0
    outer loop
      vertex -16.252 -13.867 3.627
      vertex -16.252 -11.76 3.363
      vertex -16.21 -11.786 3.375
    endloop
  endfacet
  facet normal 0 0 0
    outer loop
      vertex -5.858 -13.347 1.401
      vertex -5.827 -10.399 1.456
      vertex -6.076 -13.137 1.14
    endloop
  endfacet
  facet normal 0 0 0
    outer loop
      vertex -16.033 -15.001 3.747
      vertex -16.39 -14.114 3.632
      vertex -16.252 -13.867 3.627
    endloop
  endfacet
  facet normal 0 0 0
    outer loop
      vertex -16.39 -14.114 3.632
      vertex -16.033 -15.001 3.747
      vertex -16.546 -15.001 3.713
    endloop
  endfacet
  facet normal 0 0 0
    outer loop
      vertex -16.21 -11.786 3.375
      vertex -16.033 -15.001 3.747
      vertex -16.252 -13.867 3.627
    endloop
  endfacet
  facet normal 0 0 0
    outer loop
      vertex -5.251 -15.001 4.051
      vertex -9.051 -14.749 4.303
      vertex -9.051 -15.001 4.051
    endloop
  endfacet
  facet normal 0 0 0
    outer loop
      vertex -9.303 -14.749 0.251
      vertex -9.051 -15.001 4.051
      vertex -9.303 -14.749 4.051
    endloop
  endfacet
  facet normal 0 0 0
    outer loop
      vertex -8.541 -12.796 2.683
      vertex -8.292 -13.163 3.115
      vertex -8.843 -15.001 2.743
    endloop
  endfacet
  facet normal 0 0 0
    outer loop
      vertex -8.574 -12.658 2.548
      vertex -8.843 -15.001 2.743
      vertex -8.979 -15.001 2.101
    endloop
  endfacet
  facet normal 0 0 0
    outer loop
      vertex -8.292 -13.163 3.115
      vertex -8.458 -15.001 3.287
      vertex -8.843 -15.001 2.743
    endloop
  endfacet
  facet normal 0 0 0
    outer loop
      vertex -8.517 -11.599 2.051
      vertex -8.496 -11.599 2.252
      vertex -8.624 -12.404 2.051
    endloop
  endfacet
  facet normal 0 0 0
    outer loop
      vertex -16.051 -13.712 3.589
      vertex -16.21 -11.786 3.375
      vertex -16.101 -12.158 3.404
    endloop
  endfacet
  facet normal 0 0 0
    outer loop
      vertex -8.979 -15.001 2.101
      vertex -8.624 -12.404 2.051
      vertex -8.496 -11.599 2.252
    endloop
  endfacet
  facet normal 0 0 0
    outer loop
      vertex -16.101 -12.158 3.404
      vertex -16.051 -12.126 3.391
      vertex -16.051 -13.712 3.589
    endloop
  endfacet
  facet normal 0 0 0
    outer loop
      vertex -8.979 -15.001 2.101
      vertex -8.496 -11.599 2.252
      vertex -8.614 -12.485 2.252
    endloop
  endfacet
  facet normal 0 0 0
    outer loop
      vertex -8.979 -15.001 2.101
      vertex -8.614 -12.485 2.252
      vertex -8.574 -12.658 2.548
    endloop
  endfacet
  facet normal 0 0 0
    outer loop
      vertex -8.624 -12.404 2.051
      vertex -8.979 -15.001 2.101
      vertex -8.843 -15.001 1.459
    endloop
  endfacet
  facet normal 0 0 0
    outer loop
      vertex -16.39 -14.114 3.632
      vertex -16.252 8.001 3.625
      vertex -16.252 -13.867 3.627
    endloop
  endfacet
  facet normal 0 0 0
    outer loop
      vertex -8.843 -15.001 2.743
      vertex -8.574 -12.658 2.548
      vertex -8.541 -12.796 2.683
    endloop
  endfacet
  facet normal 0 0 0
    outer loop
      vertex -8.541 -12.796 2.683
      vertex -8.574 -12.658 2.548
      vertex -8.64 -10.324 2.252
    endloop
  endfacet
  facet normal 0 0 0
    outer loop
      vertex -9.051 -14.749 4.303
      vertex -5.251 -15.001 4.051
      vertex -5.251 -14.749 4.303
    endloop
  endfacet
  facet normal 0 0 0
    outer loop
      vertex -9.051 -14.749 4.303
      vertex -9.303 -14.749 4.051
      vertex -9.051 -15.001 4.051
    endloop
  endfacet
  facet normal 0 0 0
    outer loop
      vertex -14.849 -15.001 3.153
      vertex -15.245 -13.9 3.314
      vertex -15.007 -13.811 3.113
    endloop
  endfacet
  facet normal 0 0 0
    outer loop
      vertex -9.303 -14.749 0.251
      vertex -9.051 -15.001 0.251
      vertex -9.051 -15.001 4.051
    endloop
  endfacet
  facet normal 0 0 0
    outer loop
      vertex -9.303 -14.749 0.251
      vertex -9.051 -14.749 -0.001
      vertex -9.051 -15.001 0.251
    endloop
  endfacet
  facet normal 0 0 0
    outer loop
      vertex -9.051 -15.001 0.251
      vertex -5.251 -14.749 -0.001
      vertex -5.251 -15.001 0.251
    endloop
  endfacet
  facet normal 0 0 0
    outer loop
      vertex -8.553 -15.001 1.049
      vertex -8.058 -12.808 0.987
      vertex -8.147 -12.618 1.071
    endloop
  endfacet
  facet normal 0 0 0
    outer loop
      vertex -8.553 -15.001 1.049
      vertex -8.165 -15.001 0.731
      vertex -7.857 -12.943 0.84
    endloop
  endfacet
  facet normal 0 0 0
    outer loop
      vertex -8.553 -15.001 1.049
      vertex -8.147 -12.618 1.071
      vertex -8.367 -12.716 1.291
    endloop
  endfacet
  facet normal 0 0 0
    outer loop
      vertex -8.843 -15.001 1.459
      vertex -8.553 -15.001 1.049
      vertex -8.367 -12.716 1.291
    endloop
  endfacet
  facet normal 0 0 0
    outer loop
      vertex -8.843 -15.001 1.459
      vertex -8.367 -12.716 1.291
      vertex -8.522 -12.351 1.599
    endloop
  endfacet
  facet normal 0 0 0
    outer loop
      vertex -8.367 -12.716 1.291
      vertex -7.889 -10.399 0.873
      vertex -8.415 -10.399 1.352
    endloop
  endfacet
  facet normal 0 0 0
    outer loop
      vertex -8.367 -12.716 1.291
      vertex -8.147 -12.618 1.071
      vertex -7.889 -10.399 0.873
    endloop
  endfacet
  facet normal 0 0 0
    outer loop
      vertex -8.522 -12.351 1.599
      vertex -8.367 -12.716 1.291
      vertex -8.415 -10.399 1.352
    endloop
  endfacet
  facet normal 0 0 0
    outer loop
      vertex -14.664 -13.427 2.252
      vertex -14.875 -11.837 2.252
      vertex -14.848 -11.882 2.151
    endloop
  endfacet
  facet normal 0 0 0
    outer loop
      vertex -8.843 -15.001 1.459
      vertex -8.522 -12.351 1.599
      vertex -8.624 -12.404 2.051
    endloop
  endfacet
  facet normal 0 0 0
    outer loop
      vertex -14.671 -13.304 2.012
      vertex -14.457 -15.001 1.943
      vertex -14.664 -13.427 2.252
    endloop
  endfacet
  facet normal 0 0 0
    outer loop
      vertex -8.522 -12.351 1.599
      vertex -8.624 -10.399 2.051
      vertex -8.624 -12.404 2.051
    endloop
  endfacet
  facet normal 0 0 0
    outer loop
      vertex -4.999 -14.749 4.051
      vertex -5.251 -14.749 4.303
      vertex -5.251 -15.001 4.051
    endloop
  endfacet
  facet normal 0 0 0
    outer loop
      vertex -14.664 -8.463 2.252
      vertex -14.875 -11.837 2.252
      vertex -14.664 -13.427 2.252
    endloop
  endfacet
  facet normal 0 0 0
    outer loop
      vertex -14.875 -11.679 2.051
      vertex -14.672 -9.426 2.051
      vertex -14.672 -13.208 2.051
    endloop
  endfacet
  facet normal 0 0 0
    outer loop
      vertex -14.672 -13.208 2.051
      vertex -14.6817 -13.2113 2.00119
      vertex -14.875 -11.679 2.051
    endloop
  endfacet
  facet normal 0 0 0
    outer loop
      vertex -14.672 -13.208 2.051
      vertex -14.672 -9.426 2.051
      vertex -14.827 -10.399 1.456
    endloop
  endfacet
  facet normal 0 0 0
    outer loop
      vertex -7.033 -15.001 3.747
      vertex -7.252 -13.867 3.627
      vertex -7.21 -11.786 3.375
    endloop
  endfacet
  facet normal 0 0 0
    outer loop
      vertex -14.956 -5.799 3.049
      vertex -14.675 -5.799 2.391
      vertex -14.753 -13.411 2.666
    endloop
  endfacet
  facet normal 0 0 0
    outer loop
      vertex -14.753 -13.411 2.666
      vertex -15.007 -13.811 3.113
      vertex -14.956 -5.799 3.049
    endloop
  endfacet
  facet normal 0 0 0
    outer loop
      vertex -14.753 -13.411 2.666
      vertex -14.664 -8.463 2.252
      vertex -14.664 -13.427 2.252
    endloop
  endfacet
  facet normal 0 0 0
    outer loop
      vertex -14.675 -5.799 2.391
      vertex -14.664 -8.463 2.252
      vertex -14.753 -13.411 2.666
    endloop
  endfacet
  facet normal 0 0 0
    outer loop
      vertex -14.493 -15.001 2.427
      vertex -14.753 -13.411 2.666
      vertex -14.664 -13.427 2.252
    endloop
  endfacet
  facet normal 0 0 0
    outer loop
      vertex -14.493 -15.001 2.427
      vertex -14.559 -15.001 2.743
      vertex -14.753 -13.411 2.666
    endloop
  endfacet
  facet normal 0 0 0
    outer loop
      vertex -14.457 -15.001 1.943
      vertex -14.493 -15.001 2.427
      vertex -14.664 -13.427 2.252
    endloop
  endfacet
  facet normal 0 0 0
    outer loop
      vertex -14.753 -13.411 2.666
      vertex -14.559 -15.001 2.743
      vertex -15.007 -13.811 3.113
    endloop
  endfacet
  facet normal 0 0 0
    outer loop
      vertex -15.007 -13.811 3.113
      vertex -14.559 -15.001 2.743
      vertex -14.849 -15.001 3.153
    endloop
  endfacet
  facet normal 0 0 0
    outer loop
      vertex 2.05 8.001 2.252
      vertex 0.661 8.001 2.252
      vertex 0.975 5.804 2.252
    endloop
  endfacet
  facet normal 0 0 0
    outer loop
      vertex 3.605 8.001 2.5
      vertex 2.251 8.001 2.252
      vertex 3.625 8.001 2.252
    endloop
  endfacet
  facet normal 0 0 0
    outer loop
      vertex 2.251 8.001 2.252
      vertex 2.268 8.001 3.642
      vertex 2.251 8.001 3.641
    endloop
  endfacet
  facet normal 0 0 0
    outer loop
      vertex 2.251 8.001 2.252
      vertex 3.605 8.001 2.5
      vertex 3.426 8.001 2.932
    endloop
  endfacet
  facet normal 0 0 0
    outer loop
      vertex 3.625 8.001 2.252
      vertex 2.251 8.001 2.252
      vertex 3.427 5.804 2.252
    endloop
  endfacet
  facet normal 0 0 0
    outer loop
      vertex 3.427 5.804 2.252
      vertex 2.251 8.001 2.252
      vertex 2.251 5.804 2.252
    endloop
  endfacet
  facet normal 0 0 0
    outer loop
      vertex 2.251 6.629 3.644
      vertex 2.251 5.804 2.252
      vertex 2.251 8.001 2.252
    endloop
  endfacet
  facet normal 0 0 0
    outer loop
      vertex 2.251 8.001 3.641
      vertex 2.251 6.629 3.644
      vertex 2.251 8.001 2.252
    endloop
  endfacet
  facet normal 0 0 0
    outer loop
      vertex 2.05 8.001 2.051
      vertex 0.975 5.804 2.051
      vertex 0.677 8.001 2.051
    endloop
  endfacet
  facet normal 0 0 0
    outer loop
      vertex 1.802 8.001 3.605
      vertex 1.429 -2.349 3.461
      vertex 0.937 8.001 3.033
    endloop
  endfacet
  facet normal 0 0 0
    outer loop
      vertex 0.948 5.804 2.151
      vertex 2.05 5.804 2.252
      vertex 0.975 5.804 2.252
    endloop
  endfacet
  facet normal 0 0 0
    outer loop
      vertex 0.948 5.804 2.151
      vertex 0.975 5.804 2.252
      vertex 0.975 -10.323 2.252
    endloop
  endfacet
  facet normal 0 0 0
    outer loop
      vertex 0.937 8.001 3.033
      vertex 1.072 1.101 3.188
      vertex 0.887 3.401 2.95
    endloop
  endfacet
  facet normal 0 0 0
    outer loop
      vertex 0.937 8.001 3.033
      vertex 0.887 3.401 2.95
      vertex 0.769 8.001 2.723
    endloop
  endfacet
  facet normal 0 0 0
    outer loop
      vertex 1.429 -2.349 3.461
      vertex 1.072 1.101 3.188
      vertex 0.937 8.001 3.033
    endloop
  endfacet
  facet normal 0 0 0
    outer loop
      vertex 0.975 5.804 2.252
      vertex 0.661 8.001 2.252
      vertex 0.662 3.266 2.252
    endloop
  endfacet
  facet normal 0 0 0
    outer loop
      vertex 0.975 5.804 2.252
      vertex 0.688 -4.736 2.252
      vertex 0.975 -10.323 2.252
    endloop
  endfacet
  facet normal 0 0 0
    outer loop
      vertex 0.769 8.001 2.723
      vertex 0.887 3.401 2.95
      vertex 0.661 3.401 2.271
    endloop
  endfacet
  facet normal 0 0 0
    outer loop
      vertex 0.66 8.001 2.268
      vertex 0.769 8.001 2.723
      vertex 0.661 3.401 2.271
    endloop
  endfacet
  facet normal 0 0 0
    outer loop
      vertex 0.661 3.401 2.271
      vertex 0.662 3.266 2.252
      vertex 0.661 8.001 2.252
    endloop
  endfacet
  facet normal 0 0 0
    outer loop
      vertex 2.251 3.76 3.641
      vertex 2.251 6.629 3.644
      vertex 2.723 8.001 3.533
    endloop
  endfacet
  facet normal 0 0 0
    outer loop
      vertex 3.122 8.001 3.288
      vertex 3.426 8.001 2.932
      vertex 3.187 3.401 3.229
    endloop
  endfacet
  facet normal 0 0 0
    outer loop
      vertex 3.122 8.001 3.288
      vertex 3.187 3.401 3.229
      vertex 2.723 8.001 3.533
    endloop
  endfacet
  facet normal 0 0 0
    outer loop
      vertex 2.723 8.001 3.533
      vertex 3.187 3.401 3.229
      vertex 2.251 3.76 3.641
    endloop
  endfacet
  facet normal 0 0 0
    outer loop
      vertex 2.251 3.76 3.641
      vertex 2.251 5.804 3.391
      vertex 2.251 6.629 3.644
    endloop
  endfacet
  facet normal 0 0 0
    outer loop
      vertex 2.05 5.804 3.363
      vertex 2.05 -13.867 3.627
      vertex 2.05 8.001 3.625
    endloop
  endfacet
  facet normal 0 0 0
    outer loop
      vertex 2.201 5.804 3.404
      vertex 2.05 -11.76 3.363
      vertex 2.05 5.804 3.363
    endloop
  endfacet
  facet normal 0 0 0
    outer loop
      vertex 2.201 5.804 3.404
      vertex 2.251 -12.126 3.391
      vertex 2.201 -12.158 3.404
    endloop
  endfacet
  facet normal 0 0 0
    outer loop
      vertex 2.201 5.804 3.404
      vertex 2.05 5.804 3.363
      vertex 2.05 5.804 2.252
    endloop
  endfacet
  facet normal 0 0 0
    outer loop
      vertex 2.251 5.804 3.391
      vertex 2.201 5.804 3.404
      vertex 2.05 5.804 2.252
    endloop
  endfacet
  facet normal 0 0 0
    outer loop
      vertex 2.05 8.001 3.625
      vertex 2.05 8.001 2.252
      vertex 2.05 5.804 3.363
    endloop
  endfacet
  facet normal 0 0 0
    outer loop
      vertex 2.05 5.804 3.363
      vertex 2.05 8.001 2.252
      vertex 2.05 5.804 2.252
    endloop
  endfacet
  facet normal 0 0 0
    outer loop
      vertex 2.251 5.804 2.252
      vertex 2.251 5.804 2.051
      vertex 3.427 5.804 2.051
    endloop
  endfacet
  facet normal 0 0 0
    outer loop
      vertex 2.05 5.804 2.252
      vertex 0.975 5.804 2.051
      vertex 2.05 5.804 2.051
    endloop
  endfacet
  facet normal 0 0 0
    outer loop
      vertex 2.05 5.804 2.252
      vertex 0.948 5.804 2.151
      vertex 0.975 5.804 2.051
    endloop
  endfacet
  facet normal 0 0 0
    outer loop
      vertex 2.251 5.804 2.051
      vertex 2.201 5.804 0.898
      vertex 2.251 5.804 0.911
    endloop
  endfacet
  facet normal 0 0 0
    outer loop
      vertex 2.05 5.804 2.051
      vertex 2.251 5.804 2.051
      vertex 2.251 5.804 2.252
    endloop
  endfacet
  facet normal 0 0 0
    outer loop
      vertex 2.251 5.804 2.252
      vertex 2.05 5.804 2.252
      vertex 2.05 5.804 2.051
    endloop
  endfacet
  facet normal 0 0 0
    outer loop
      vertex 2.05 5.804 2.252
      vertex 2.251 5.804 2.252
      vertex 2.251 5.804 3.391
    endloop
  endfacet
  facet normal 0 0 0
    outer loop
      vertex 2.251 8.001 2.051
      vertex 3.641 8.001 2.051
      vertex 3.427 5.804 2.051
    endloop
  endfacet
  facet normal 0 0 0
    outer loop
      vertex 2.251 8.001 2.051
      vertex 3.427 5.804 2.051
      vertex 2.251 5.804 2.051
    endloop
  endfacet
  facet normal 0 0 0
    outer loop
      vertex 2.251 5.804 2.252
      vertex 2.251 6.629 3.644
      vertex 2.251 5.804 3.391
    endloop
  endfacet
  facet normal 0 0 0
    outer loop
      vertex 2.251 8.001 2.051
      vertex 2.251 5.804 2.051
      vertex 2.251 5.804 0.911
    endloop
  endfacet
  facet normal 0 0 0
    outer loop
      vertex 0.975 5.804 2.252
      vertex 2.05 5.804 2.252
      vertex 2.05 8.001 2.252
    endloop
  endfacet
  facet normal 0 0 0
    outer loop
      vertex 0.975 5.804 2.051
      vertex 2.05 8.001 2.051
      vertex 2.05 5.804 2.051
    endloop
  endfacet
  facet normal 0 0 0
    outer loop
      vertex 3.454 5.804 2.151
      vertex 2.251 5.804 2.252
      vertex 3.427 5.804 2.051
    endloop
  endfacet
  facet normal 0 0 0
    outer loop
      vertex 2.251 5.804 2.252
      vertex 3.454 5.804 2.151
      vertex 3.427 5.804 2.252
    endloop
  endfacet
  facet normal 0 0 0
    outer loop
      vertex 3.605 8.001 2.5
      vertex 3.627 -5.799 2.391
      vertex 3.346 -5.799 3.049
    endloop
  endfacet
  facet normal 0 0 0
    outer loop
      vertex 3.605 8.001 2.5
      vertex 3.638 -8.463 2.252
      vertex 3.627 -5.799 2.391
    endloop
  endfacet
  facet normal 0 0 0
    outer loop
      vertex 3.427 5.804 2.051
      vertex 3.641 8.001 2.051
      vertex 3.599 -5.799 2.051
    endloop
  endfacet
  facet normal 0 0 0
    outer loop
      vertex 3.454 5.804 2.151
      vertex 3.427 -11.679 2.051
      vertex 3.454 -11.882 2.151
    endloop
  endfacet
  facet normal 0 0 0
    outer loop
      vertex 3.454 5.804 2.151
      vertex 3.427 -11.837 2.252
      vertex 3.427 5.804 2.252
    endloop
  endfacet
  facet normal 0 0 0
    outer loop
      vertex 3.426 8.001 2.932
      vertex 3.605 8.001 2.5
      vertex 3.346 -5.799 3.049
    endloop
  endfacet
  facet normal 0 0 0
    outer loop
      vertex -17.64 3.266 2.252
      vertex -17.565 -3.499 2.623
      vertex -17.614 -4.736 2.252
    endloop
  endfacet
  facet normal 0 0 0
    outer loop
      vertex -17.565 -3.499 2.623
      vertex -17.64 3.266 2.252
      vertex -17.641 3.401 2.271
    endloop
  endfacet
  facet normal 0 0 0
    outer loop
      vertex -17.641 3.401 2.271
      vertex -17.415 3.401 2.95
      vertex -17.565 -3.499 2.623
    endloop
  endfacet
  facet normal 0 0 0
    outer loop
      vertex 0.697 8.001 1.802
      vertex 2.05 8.001 2.051
      vertex 0.677 8.001 2.051
    endloop
  endfacet
  facet normal 0 0 0
    outer loop
      vertex 1.205 3.401 0.993
      vertex 1.621 3.401 0.753
      vertex 1.802 8.001 0.697
    endloop
  endfacet
  facet normal 0 0 0
    outer loop
      vertex 1.014 8.001 1.18
      vertex 1.205 3.401 0.993
      vertex 1.802 8.001 0.697
    endloop
  endfacet
  facet normal 0 0 0
    outer loop
      vertex 1.802 8.001 0.697
      vertex 2.05 8.001 2.051
      vertex 1.014 8.001 1.18
    endloop
  endfacet
  facet normal 0 0 0
    outer loop
      vertex 2.05 8.001 2.051
      vertex 2.05 5.804 0.939
      vertex 2.05 5.804 2.051
    endloop
  endfacet
  facet normal 0 0 0
    outer loop
      vertex 2.05 8.001 2.051
      vertex 2.05 8.001 0.736
      vertex 2.05 5.804 0.939
    endloop
  endfacet
  facet normal 0 0 0
    outer loop
      vertex 2.932 8.001 0.876
      vertex 2.251 8.001 0.768
      vertex 2.251 3.749 0.669
    endloop
  endfacet
  facet normal 0 0 0
    outer loop
      vertex 2.251 3.749 0.669
      vertex 2.331 3.401 0.667
      vertex 2.932 8.001 0.876
    endloop
  endfacet
  facet normal 0 0 0
    outer loop
      vertex 2.932 8.001 0.876
      vertex 3.187 -1.199 1.073
      vertex 3.41 8.001 1.379
    endloop
  endfacet
  facet normal 0 0 0
    outer loop
      vertex -17.183 -3.499 1.077
      vertex -16.681 3.401 0.753
      vertex -17.097 3.401 0.993
    endloop
  endfacet
  facet normal 0 0 0
    outer loop
      vertex -17.183 -3.499 1.077
      vertex -17.097 3.401 0.993
      vertex -17.288 8.001 1.18
    endloop
  endfacet
  facet normal 0 0 0
    outer loop
      vertex 2.251 8.001 2.051
      vertex 2.251 5.804 0.911
      vertex 2.251 8.001 0.768
    endloop
  endfacet
  facet normal 0 0 0
    outer loop
      vertex 2.251 8.001 2.051
      vertex 3.642 8.001 2.034
      vertex 3.641 8.001 2.051
    endloop
  endfacet
  facet normal 0 0 0
    outer loop
      vertex 2.932 8.001 0.876
      vertex 2.251 8.001 2.051
      vertex 2.251 8.001 0.768
    endloop
  endfacet
  facet normal 0 0 0
    outer loop
      vertex 2.251 8.001 2.051
      vertex 3.41 8.001 1.379
      vertex 3.642 8.001 2.034
    endloop
  endfacet
  facet normal 0 0 0
    outer loop
      vertex 3.41 8.001 1.379
      vertex 2.251 8.001 2.051
      vertex 2.932 8.001 0.876
    endloop
  endfacet
  facet normal 0 0 0
    outer loop
      vertex 3.531 3.401 1.563
      vertex 3.41 8.001 1.379
      vertex 3.187 -1.199 1.073
    endloop
  endfacet
  facet normal 0 0 0
    outer loop
      vertex -8.64 -10.324 2.252
      vertex -8.565 -3.499 2.623
      vertex -8.541 -12.796 2.683
    endloop
  endfacet
  facet normal 0 0 0
    outer loop
      vertex -9.051 14.751 -0.001
      vertex -9.051 -14.749 -0.001
      vertex -9.303 14.751 0.251
    endloop
  endfacet
  facet normal 0 0 0
    outer loop
      vertex -9.303 14.751 0.251
      vertex -9.051 -14.749 -0.001
      vertex -9.303 -14.749 0.251
    endloop
  endfacet
  facet normal 0 0 0
    outer loop
      vertex -8.415 -10.399 1.352
      vertex -8.183 -3.499 1.077
      vertex -8.526 -5.799 1.565
    endloop
  endfacet
  facet normal 0 0 0
    outer loop
      vertex -8.288 8.001 1.18
      vertex -8.605 8.001 1.802
      vertex -8.526 -5.799 1.565
    endloop
  endfacet
  facet normal 0 0 0
    outer loop
      vertex -8.183 -3.499 1.077
      vertex -8.288 8.001 1.18
      vertex -8.526 -5.799 1.565
    endloop
  endfacet
  facet normal 0 0 0
    outer loop
      vertex -8.605 8.001 1.802
      vertex -8.641 -1.199 2.031
      vertex -8.526 -5.799 1.565
    endloop
  endfacet
  facet normal 0 0 0
    outer loop
      vertex -14.703 -5.799 2.051
      vertex -14.875 5.804 2.051
      vertex -14.661 8.001 2.051
    endloop
  endfacet
  facet normal 0 0 0
    outer loop
      vertex -7.252 -13.867 3.627
      vertex -7.252 8.001 3.625
      vertex -7.252 5.804 3.363
    endloop
  endfacet
  facet normal 0 0 0
    outer loop
      vertex -6.51 -1.199 3.502
      vertex -6.115 3.401 3.229
      vertex -5.956 -5.799 3.049
    endloop
  endfacet
  facet normal 0 0 0
    outer loop
      vertex -5.251 -14.749 4.303
      vertex -4.999 -14.749 4.051
      vertex -4.999 14.751 4.051
    endloop
  endfacet
  facet normal 0 0 0
    outer loop
      vertex -14.848 5.804 2.151
      vertex -14.875 -11.679 2.051
      vertex -14.848 -11.882 2.151
    endloop
  endfacet
  facet normal 0 0 0
    outer loop
      vertex -5.875 5.804 2.252
      vertex -5.664 -8.463 2.252
      vertex -5.677 8.001 2.252
    endloop
  endfacet
  facet normal 0 0 0
    outer loop
      vertex -5.875 5.804 2.051
      vertex -5.703 -5.799 2.051
      vertex -5.875 -11.679 2.051
    endloop
  endfacet
  facet normal 0 0 0
    outer loop
      vertex -5.703 -5.799 2.051
      vertex -5.875 5.804 2.051
      vertex -5.661 8.001 2.051
    endloop
  endfacet
  facet normal 0 0 0
    outer loop
      vertex -14.697 8.001 2.5
      vertex -14.677 8.001 2.252
      vertex -14.664 -8.463 2.252
    endloop
  endfacet
  facet normal 0 0 0
    outer loop
      vertex -7.051 3.084 3.64
      vertex -6.51 -1.199 3.502
      vertex -6.383 -14.117 3.433
    endloop
  endfacet
  facet normal 0 0 0
    outer loop
      vertex -6.555 -13.748 3.487
      vertex -7.051 3.084 3.64
      vertex -6.383 -14.117 3.433
    endloop
  endfacet
  facet normal 0 0 0
    outer loop
      vertex -7.051 -12.126 3.391
      vertex -7.051 3.084 3.64
      vertex -7.051 -13.712 3.589
    endloop
  endfacet
  facet normal 0 0 0
    outer loop
      vertex -7.873 -2.349 3.461
      vertex -7.5 8.001 3.605
      vertex -7.39 -14.114 3.632
    endloop
  endfacet
  facet normal 0 0 0
    outer loop
      vertex -7.252 -13.867 3.627
      vertex -7.39 -14.114 3.632
      vertex -7.252 8.001 3.625
    endloop
  endfacet
  facet normal 0 0 0
    outer loop
      vertex -8.23 1.101 3.188
      vertex -7.956 -13.653 3.405
      vertex -8.292 -13.163 3.115
    endloop
  endfacet
  facet normal 0 0 0
    outer loop
      vertex -8.365 8.001 3.033
      vertex -7.5 8.001 3.605
      vertex -7.873 -2.349 3.461
    endloop
  endfacet
  facet normal 0 0 0
    outer loop
      vertex -8.23 1.101 3.188
      vertex -8.365 8.001 3.033
      vertex -7.873 -2.349 3.461
    endloop
  endfacet
  facet normal 0 0 0
    outer loop
      vertex -7.252 -11.76 3.363
      vertex -7.252 -13.867 3.627
      vertex -7.252 5.804 3.363
    endloop
  endfacet
  facet normal 0 0 0
    outer loop
      vertex -7.21 -11.786 3.375
      vertex -7.252 -11.76 3.363
      vertex -7.101 5.804 3.404
    endloop
  endfacet
  facet normal 0 0 0
    outer loop
      vertex -7.101 5.804 3.404
      vertex -7.252 -11.76 3.363
      vertex -7.252 5.804 3.363
    endloop
  endfacet
  facet normal 0 0 0
    outer loop
      vertex -7.051 -12.126 3.391
      vertex -7.101 5.804 3.404
      vertex -7.051 5.804 3.391
    endloop
  endfacet
  facet normal 0 0 0
    outer loop
      vertex -8.23 1.101 3.188
      vertex -7.873 -2.349 3.461
      vertex -7.956 -13.653 3.405
    endloop
  endfacet
  facet normal 0 0 0
    outer loop
      vertex -6.51 -1.199 3.502
      vertex -6.007 -13.811 3.113
      vertex -6.245 -13.9 3.314
    endloop
  endfacet
  facet normal 0 0 0
    outer loop
      vertex -6.51 -1.199 3.502
      vertex -5.956 -5.799 3.049
      vertex -6.007 -13.811 3.113
    endloop
  endfacet
  facet normal 0 0 0
    outer loop
      vertex -5.875 -11.679 2.051
      vertex -5.848 5.804 2.151
      vertex -5.875 5.804 2.051
    endloop
  endfacet
  facet normal 0 0 0
    outer loop
      vertex -5.875 -11.837 2.252
      vertex -5.848 5.804 2.151
      vertex -5.848 -11.882 2.151
    endloop
  endfacet
  facet normal 0 0 0
    outer loop
      vertex -5.848 5.804 2.151
      vertex -5.875 -11.837 2.252
      vertex -5.875 5.804 2.252
    endloop
  endfacet
  facet normal 0 0 0
    outer loop
      vertex -6.115 3.401 3.229
      vertex -5.876 8.001 2.932
      vertex -5.956 -5.799 3.049
    endloop
  endfacet
  facet normal 0 0 0
    outer loop
      vertex -5.697 8.001 2.5
      vertex -5.675 -5.799 2.391
      vertex -5.956 -5.799 3.049
    endloop
  endfacet
  facet normal 0 0 0
    outer loop
      vertex -5.956 -5.799 3.049
      vertex -5.876 8.001 2.932
      vertex -5.697 8.001 2.5
    endloop
  endfacet
  facet normal 0 0 0
    outer loop
      vertex -5.675 -5.799 2.391
      vertex -5.697 8.001 2.5
      vertex -5.664 -8.463 2.252
    endloop
  endfacet
  facet normal 0 0 0
    outer loop
      vertex -5.677 8.001 2.252
      vertex -5.664 -8.463 2.252
      vertex -5.697 8.001 2.5
    endloop
  endfacet
  facet normal 0 0 0
    outer loop
      vertex -5.664 -8.463 2.252
      vertex -5.875 5.804 2.252
      vertex -5.875 -11.837 2.252
    endloop
  endfacet
  facet normal 0 0 0
    outer loop
      vertex -8.183 -3.499 1.077
      vertex -7.681 3.401 0.753
      vertex -8.097 3.401 0.993
    endloop
  endfacet
  facet normal 0 0 0
    outer loop
      vertex -8.183 -3.499 1.077
      vertex -7.889 -10.399 0.873
      vertex -7.681 3.401 0.753
    endloop
  endfacet
  facet normal 0 0 0
    outer loop
      vertex -8.097 3.401 0.993
      vertex -8.288 8.001 1.18
      vertex -8.183 -3.499 1.077
    endloop
  endfacet
  facet normal 0 0 0
    outer loop
      vertex -7.252 5.844 0.683
      vertex -7.681 3.401 0.753
      vertex -7.252 -0.289 0.701
    endloop
  endfacet
  facet normal 0 0 0
    outer loop
      vertex -7.252 -7.072 0.675
      vertex -7.681 3.401 0.753
      vertex -7.332 -10.399 0.662
    endloop
  endfacet
  facet normal 0 0 0
    outer loop
      vertex -7.681 3.401 0.753
      vertex -7.252 -7.072 0.675
      vertex -7.252 -0.289 0.701
    endloop
  endfacet
  facet normal 0 0 0
    outer loop
      vertex -7.252 -0.289 0.701
      vertex -7.252 5.804 0.939
      vertex -7.252 5.844 0.683
    endloop
  endfacet
  facet normal 0 0 0
    outer loop
      vertex -7.252 -10.967 0.939
      vertex -7.252 -0.289 0.701
      vertex -7.252 -7.072 0.675
    endloop
  endfacet
  facet normal 0 0 0
    outer loop
      vertex -7.252 -0.289 0.701
      vertex -7.252 -10.967 0.939
      vertex -7.252 5.804 0.939
    endloop
  endfacet
  facet normal 0 0 0
    outer loop
      vertex -6.37 8.001 0.876
      vertex -6.621 -13.199 0.758
      vertex -6.115 -1.199 1.073
    endloop
  endfacet
  facet normal 0 0 0
    outer loop
      vertex -6.621 -13.199 0.758
      vertex -6.172 -13.307 1.021
      vertex -6.115 -1.199 1.073
    endloop
  endfacet
  facet normal 0 0 0
    outer loop
      vertex -7.101 5.804 0.898
      vertex -7.252 5.804 0.939
      vertex -7.252 -10.967 0.939
    endloop
  endfacet
  facet normal 0 0 0
    outer loop
      vertex -6.971 3.401 0.667
      vertex -7.051 -13.274 0.669
      vertex -6.922 -13.465 0.669
    endloop
  endfacet
  facet normal 0 0 0
    outer loop
      vertex -6.621 -13.199 0.758
      vertex -6.37 8.001 0.876
      vertex -6.971 3.401 0.667
    endloop
  endfacet
  facet normal 0 0 0
    outer loop
      vertex -6.621 -13.199 0.758
      vertex -6.971 3.401 0.667
      vertex -6.922 -13.465 0.669
    endloop
  endfacet
  facet normal 0 0 0
    outer loop
      vertex -5.703 -5.799 2.051
      vertex -5.661 8.001 2.051
      vertex -5.733 -5.799 1.678
    endloop
  endfacet
  facet normal 0 0 0
    outer loop
      vertex -5.771 3.401 1.563
      vertex -6.115 -1.199 1.073
      vertex -5.685 1.101 1.852
    endloop
  endfacet
  facet normal 0 0 0
    outer loop
      vertex -5.733 -5.799 1.678
      vertex -5.685 1.101 1.852
      vertex -6.115 -1.199 1.073
    endloop
  endfacet
  facet normal 0 0 0
    outer loop
      vertex -5.661 8.001 2.051
      vertex -5.685 1.101 1.852
      vertex -5.733 -5.799 1.678
    endloop
  endfacet
  facet normal 0 0 0
    outer loop
      vertex -5.771 3.401 1.563
      vertex -5.892 8.001 1.379
      vertex -6.115 -1.199 1.073
    endloop
  endfacet
  facet normal 0 0 0
    outer loop
      vertex -6.115 -1.199 1.073
      vertex -6.172 -13.307 1.021
      vertex -6.076 -13.137 1.14
    endloop
  endfacet
  facet normal 0 0 0
    outer loop
      vertex -6.115 -1.199 1.073
      vertex -5.827 -10.399 1.456
      vertex -5.733 -5.799 1.678
    endloop
  endfacet
  facet normal 0 0 0
    outer loop
      vertex -5.827 -10.399 1.456
      vertex -6.115 -1.199 1.073
      vertex -6.076 -13.137 1.14
    endloop
  endfacet
  facet normal 0 0 0
    outer loop
      vertex 0.677 8.001 2.051
      vertex 0.678 -10.399 2.051
      vertex 0.661 -1.199 2.031
    endloop
  endfacet
  facet normal 0 0 0
    outer loop
      vertex 0.677 8.001 2.051
      vertex 0.661 -1.199 2.031
      vertex 0.697 8.001 1.802
    endloop
  endfacet
  facet normal 0 0 0
    outer loop
      vertex 2.05 5.844 0.683
      vertex 2.05 8.001 0.736
      vertex 1.802 8.001 0.697
    endloop
  endfacet
  facet normal 0 0 0
    outer loop
      vertex 2.05 5.844 0.683
      vertex 1.802 8.001 0.697
      vertex 1.621 3.401 0.753
    endloop
  endfacet
  facet normal 0 0 0
    outer loop
      vertex 3.531 3.401 1.563
      vertex 3.617 1.101 1.852
      vertex 3.41 8.001 1.379
    endloop
  endfacet
  facet normal 0 0 0
    outer loop
      vertex 3.41 8.001 1.379
      vertex 3.617 1.101 1.852
      vertex 3.642 8.001 2.034
    endloop
  endfacet
  facet normal 0 0 0
    outer loop
      vertex 3.642 8.001 2.034
      vertex 3.617 1.101 1.852
      vertex 3.641 8.001 2.051
    endloop
  endfacet
  facet normal 0 0 0
    outer loop
      vertex 2.05 5.804 0.939
      vertex 2.251 5.804 2.051
      vertex 2.05 5.804 2.051
    endloop
  endfacet
  facet normal 0 0 0
    outer loop
      vertex -7.956 -13.653 3.405
      vertex -7.881 -15.001 3.65
      vertex -8.458 -15.001 3.287
    endloop
  endfacet
  facet normal 0 0 0
    outer loop
      vertex -7.252 -13.867 3.627
      vertex -7.033 -15.001 3.747
      vertex -7.39 -14.114 3.632
    endloop
  endfacet
  facet normal 0 0 0
    outer loop
      vertex -7.39 -14.114 3.632
      vertex -7.033 -15.001 3.747
      vertex -7.546 -15.001 3.713
    endloop
  endfacet
  facet normal 0 0 0
    outer loop
      vertex -7.21 -11.786 3.375
      vertex -7.252 -13.867 3.627
      vertex -7.252 -11.76 3.363
    endloop
  endfacet
  facet normal 0 0 0
    outer loop
      vertex -8.292 -13.163 3.115
      vertex -7.956 -13.653 3.405
      vertex -8.458 -15.001 3.287
    endloop
  endfacet
  facet normal 0 0 0
    outer loop
      vertex -7.881 -15.001 3.65
      vertex -7.956 -13.653 3.405
      vertex -7.805 -13.489 3.475
    endloop
  endfacet
  facet normal 0 0 0
    outer loop
      vertex -7.956 -13.653 3.405
      vertex -7.873 -2.349 3.461
      vertex -7.805 -13.489 3.475
    endloop
  endfacet
  facet normal 0 0 0
    outer loop
      vertex -7.5 8.001 3.605
      vertex -7.252 8.001 3.625
      vertex -7.39 -14.114 3.632
    endloop
  endfacet
  facet normal 0 0 0
    outer loop
      vertex -7.39 -14.114 3.632
      vertex -7.805 -13.489 3.475
      vertex -7.873 -2.349 3.461
    endloop
  endfacet
  facet normal 0 0 0
    outer loop
      vertex -6.383 -14.117 3.433
      vertex -5.849 -15.001 3.153
      vertex -6.237 -15.001 3.471
    endloop
  endfacet
  facet normal 0 0 0
    outer loop
      vertex -5.849 -15.001 3.153
      vertex -6.383 -14.117 3.433
      vertex -6.245 -13.9 3.314
    endloop
  endfacet
  facet normal 0 0 0
    outer loop
      vertex -6.383 -14.117 3.433
      vertex -6.521 -15.001 3.65
      vertex -6.555 -13.748 3.487
    endloop
  endfacet
  facet normal 0 0 0
    outer loop
      vertex -6.521 -15.001 3.65
      vertex -7.051 -13.712 3.589
      vertex -6.555 -13.748 3.487
    endloop
  endfacet
  facet normal 0 0 0
    outer loop
      vertex -7.051 -13.712 3.589
      vertex -7.21 -11.786 3.375
      vertex -7.101 -12.158 3.404
    endloop
  endfacet
  facet normal 0 0 0
    outer loop
      vertex -7.051 -13.712 3.589
      vertex -7.033 -15.001 3.747
      vertex -7.21 -11.786 3.375
    endloop
  endfacet
  facet normal 0 0 0
    outer loop
      vertex -7.101 -12.158 3.404
      vertex -7.051 -12.126 3.391
      vertex -7.051 -13.712 3.589
    endloop
  endfacet
  facet normal 0 0 0
    outer loop
      vertex -7.051 3.084 3.64
      vertex -7.051 -12.126 3.391
      vertex -7.051 5.804 3.391
    endloop
  endfacet
  facet normal 0 0 0
    outer loop
      vertex -6.521 -15.001 3.65
      vertex -6.383 -14.117 3.433
      vertex -6.237 -15.001 3.471
    endloop
  endfacet
  facet normal 0 0 0
    outer loop
      vertex -5.849 -15.001 3.153
      vertex -6.245 -13.9 3.314
      vertex -6.007 -13.811 3.113
    endloop
  endfacet
  facet normal 0 0 0
    outer loop
      vertex -6.555 -13.748 3.487
      vertex -7.051 -13.712 3.589
      vertex -7.051 3.084 3.64
    endloop
  endfacet
  facet normal 0 0 0
    outer loop
      vertex -6.51 -1.199 3.502
      vertex -6.245 -13.9 3.314
      vertex -6.383 -14.117 3.433
    endloop
  endfacet
  facet normal 0 0 0
    outer loop
      vertex -7.39 -14.114 3.632
      vertex -7.546 -15.001 3.713
      vertex -7.881 -15.001 3.65
    endloop
  endfacet
  facet normal 0 0 0
    outer loop
      vertex -7.805 -13.489 3.475
      vertex -7.39 -14.114 3.632
      vertex -7.881 -15.001 3.65
    endloop
  endfacet
  facet normal 0 0 0
    outer loop
      vertex -18.303 14.751 4.051
      vertex -18.303 -14.749 0.251
      vertex -18.303 -14.749 4.051
    endloop
  endfacet
  facet normal 0 0 0
    outer loop
      vertex -18.303 -14.749 0.251
      vertex -18.303 14.751 4.051
      vertex -18.303 14.751 0.251
    endloop
  endfacet
  facet normal 0 0 0
    outer loop
      vertex -18.051 15.003 0.251
      vertex -18.051 15.003 4.051
      vertex -14.251 15.003 4.051
    endloop
  endfacet
  facet normal 0 0 0
    outer loop
      vertex -14.251 15.003 0.251
      vertex -18.051 15.003 0.251
      vertex -14.251 15.003 4.051
    endloop
  endfacet
  facet normal 0 0 0
    outer loop
      vertex -14.823 13.117 4.302
      vertex -18.051 14.751 4.302
      vertex -17.554 13.117 4.302
    endloop
  endfacet
  facet normal 0 0 0
    outer loop
      vertex -18.051 14.751 4.302
      vertex -14.823 13.117 4.302
      vertex -14.251 14.751 4.302
    endloop
  endfacet
  facet normal 0 0 0
    outer loop
      vertex -17.554 9.701 4.302
      vertex -18.051 14.751 4.302
      vertex -18.051 -14.749 4.302
    endloop
  endfacet
  facet normal 0 0 0
    outer loop
      vertex -18.051 14.751 4.302
      vertex -17.554 9.701 4.302
      vertex -17.554 13.117 4.302
    endloop
  endfacet
  facet normal 0 0 0
    outer loop
      vertex -14.251 14.751 4.302
      vertex -14.823 9.701 4.302
      vertex -14.251 -14.749 4.302
    endloop
  endfacet
  facet normal 0 0 0
    outer loop
      vertex -14.823 9.701 4.302
      vertex -14.251 14.751 4.302
      vertex -14.823 13.117 4.302
    endloop
  endfacet
  facet normal 0 0 0
    outer loop
      vertex -14.823 9.701 4.302
      vertex -18.051 -14.749 4.302
      vertex -14.251 -14.749 4.302
    endloop
  endfacet
  facet normal 0 0 0
    outer loop
      vertex -18.051 -14.749 4.302
      vertex -14.823 9.701 4.302
      vertex -17.554 9.701 4.302
    endloop
  endfacet
  facet normal 0 0 0
    outer loop
      vertex -18.303 14.751 0.251
      vertex -18.303 14.751 4.051
      vertex -18.051 15.003 4.051
    endloop
  endfacet
  facet normal 0 0 0
    outer loop
      vertex -18.051 15.003 0.251
      vertex -18.303 14.751 0.251
      vertex -18.051 15.003 4.051
    endloop
  endfacet
  facet normal 0 0 0
    outer loop
      vertex -17.554 13.117 4.302
      vertex -17.554 12.723 3.979
      vertex -14.823 13.117 4.302
    endloop
  endfacet
  facet normal 0 0 0
    outer loop
      vertex -18.051 14.751 -0.001
      vertex -18.303 14.751 0.251
      vertex -18.051 15.003 0.251
    endloop
  endfacet
  facet normal 0 0 0
    outer loop
      vertex -17.55 12.872 0
      vertex -14.823 12.723 0.123
      vertex -17.554 12.723 0.123
    endloop
  endfacet
  facet normal 0 0 0
    outer loop
      vertex -17.554 12.873 -0.001
      vertex -17.55 12.872 0
      vertex -17.554 12.723 0.123
    endloop
  endfacet
  facet normal 0 0 0
    outer loop
      vertex -17.554 12.384 0.536
      vertex -17.554 9.602 -0.001
      vertex -17.554 12.723 0.123
    endloop
  endfacet
  facet normal 0 0 0
    outer loop
      vertex -18.051 14.751 4.302
      vertex -18.051 15.003 4.051
      vertex -18.303 14.751 4.051
    endloop
  endfacet
  facet normal 0 0 0
    outer loop
      vertex -14.823 12.384 3.566
      vertex -14.823 9.701 4.302
      vertex -14.823 12.723 3.979
    endloop
  endfacet
  facet normal 0 0 0
    outer loop
      vertex -14.823 12.723 3.979
      vertex -14.823 9.701 4.302
      vertex -14.823 13.117 4.302
    endloop
  endfacet
  facet normal 0 0 0
    outer loop
      vertex -14.823 12.723 3.979
      vertex -17.554 12.384 3.566
      vertex -14.823 12.384 3.566
    endloop
  endfacet
  facet normal 0 0 0
    outer loop
      vertex -17.554 12.384 3.566
      vertex -14.823 12.723 3.979
      vertex -17.554 12.723 3.979
    endloop
  endfacet
  facet normal 0 0 0
    outer loop
      vertex -14.823 12.723 3.979
      vertex -14.823 13.117 4.302
      vertex -17.554 12.723 3.979
    endloop
  endfacet
  facet normal 0 0 0
    outer loop
      vertex -18.051 14.751 -0.001
      vertex -14.251 15.003 0.251
      vertex -14.251 14.751 -0.001
    endloop
  endfacet
  facet normal 0 0 0
    outer loop
      vertex -14.251 15.003 0.251
      vertex -18.051 14.751 -0.001
      vertex -18.051 15.003 0.251
    endloop
  endfacet
  facet normal 0 0 0
    outer loop
      vertex -14.823 9.602 0
      vertex -14.823 12.384 0.536
      vertex -14.823 12.723 0.123
    endloop
  endfacet
  facet normal 0 0 0
    outer loop
      vertex -14.823 12.384 0.536
      vertex -17.554 12.723 0.123
      vertex -14.823 12.723 0.123
    endloop
  endfacet
  facet normal 0 0 0
    outer loop
      vertex -17.554 12.723 0.123
      vertex -14.823 12.384 0.536
      vertex -17.554 12.384 0.536
    endloop
  endfacet
  facet normal 0 0 0
    outer loop
      vertex -14 14.751 4.051
      vertex -14 14.751 0.251
      vertex -14.251 15.003 0.251
    endloop
  endfacet
  facet normal 0 0 0
    outer loop
      vertex -14.251 15.003 4.051
      vertex -14 14.751 4.051
      vertex -14.251 15.003 0.251
    endloop
  endfacet
  facet normal 0 0 0
    outer loop
      vertex -14.251 15.003 0.251
      vertex -14 14.751 0.251
      vertex -14.251 14.751 -0.001
    endloop
  endfacet
  facet normal 0 0 0
    outer loop
      vertex -14.823 12.872 0
      vertex -14.823 9.602 0
      vertex -14.823 12.723 0.123
    endloop
  endfacet
  facet normal 0 0 0
    outer loop
      vertex -14.823 12.723 0.123
      vertex -17.55 12.872 0
      vertex -14.823 12.872 0
    endloop
  endfacet
  facet normal 0 0 0
    outer loop
      vertex -18.051 14.751 4.302
      vertex -14.251 15.003 4.051
      vertex -18.051 15.003 4.051
    endloop
  endfacet
  facet normal 0 0 0
    outer loop
      vertex -14.251 15.003 4.051
      vertex -18.051 14.751 4.302
      vertex -14.251 14.751 4.302
    endloop
  endfacet
  facet normal 0 0 0
    outer loop
      vertex -14.251 14.751 4.302
      vertex -14 14.751 4.051
      vertex -14.251 15.003 4.051
    endloop
  endfacet
  facet normal 0 0 0
    outer loop
      vertex -17.554 9.701 4.302
      vertex -17.554 12.723 3.979
      vertex -17.554 13.117 4.302
    endloop
  endfacet
  facet normal 0 0 0
    outer loop
      vertex -17.554 9.701 4.302
      vertex -17.554 12.384 3.566
      vertex -17.554 12.723 3.979
    endloop
  endfacet
  facet normal 0 0 0
    outer loop
      vertex 2.092 -11.786 3.375
      vertex 2.269 -15.001 3.747
      vertex 2.05 -13.867 3.627
    endloop
  endfacet
  facet normal 0 0 0
    outer loop
      vertex 3.295 -13.811 3.113
      vertex 3.743 -15.001 2.743
      vertex 3.453 -15.001 3.153
    endloop
  endfacet
  facet normal 0 0 0
    outer loop
      vertex 2.919 -14.117 3.433
      vertex 3.057 -13.9 3.314
      vertex 3.453 -15.001 3.153
    endloop
  endfacet
  facet normal 0 0 0
    outer loop
      vertex 2.251 -13.712 3.589
      vertex 2.269 -15.001 3.747
      vertex 2.092 -11.786 3.375
    endloop
  endfacet
  facet normal 0 0 0
    outer loop
      vertex 2.269 -15.001 3.747
      vertex 2.251 -13.712 3.589
      vertex 2.781 -15.001 3.65
    endloop
  endfacet
  facet normal 0 0 0
    outer loop
      vertex 2.747 -13.748 3.487
      vertex 2.781 -15.001 3.65
      vertex 2.251 -13.712 3.589
    endloop
  endfacet
  facet normal 0 0 0
    outer loop
      vertex 2.919 -14.117 3.433
      vertex 3.065 -15.001 3.471
      vertex 2.781 -15.001 3.65
    endloop
  endfacet
  facet normal 0 0 0
    outer loop
      vertex 4.051 -15.001 4.051
      vertex 4.051 -14.749 4.303
      vertex 0.251 -15.001 4.051
    endloop
  endfacet
  facet normal 0 0 0
    outer loop
      vertex 3.057 -13.9 3.314
      vertex 3.295 -13.811 3.113
      vertex 3.453 -15.001 3.153
    endloop
  endfacet
  facet normal 0 0 0
    outer loop
      vertex 3.065 -15.001 3.471
      vertex 2.919 -14.117 3.433
      vertex 3.453 -15.001 3.153
    endloop
  endfacet
  facet normal 0 0 0
    outer loop
      vertex 4.051 -14.749 4.303
      vertex 4.051 -15.001 4.051
      vertex 4.303 -14.749 4.051
    endloop
  endfacet
  facet normal 0 0 0
    outer loop
      vertex 4.051 -15.001 4.051
      vertex 4.051 -15.001 0.251
      vertex 4.303 -14.749 4.051
    endloop
  endfacet
  facet normal 0 0 0
    outer loop
      vertex 1.155 -12.618 1.071
      vertex 1.413 -10.399 0.873
      vertex 0.935 -12.716 1.291
    endloop
  endfacet
  facet normal 0 0 0
    outer loop
      vertex 0.935 -12.716 1.291
      vertex 1.413 -10.399 0.873
      vertex 0.887 -10.399 1.352
    endloop
  endfacet
  facet normal 0 0 0
    outer loop
      vertex 0.887 -10.399 1.352
      vertex 0.78 -12.351 1.599
      vertex 0.935 -12.716 1.291
    endloop
  endfacet
  facet normal 0 0 0
    outer loop
      vertex 0.678 -12.404 2.051
      vertex 0.78 -12.351 1.599
      vertex 0.678 -10.399 2.051
    endloop
  endfacet
  facet normal 0 0 0
    outer loop
      vertex 1.137 -15.001 0.731
      vertex 1.421 -15.001 0.552
      vertex 1.445 -12.943 0.84
    endloop
  endfacet
  facet normal 0 0 0
    outer loop
      vertex 1.413 -10.399 0.873
      vertex 1.155 -12.618 1.071
      vertex 1.244 -12.808 0.987
    endloop
  endfacet
  facet normal 0 0 0
    outer loop
      vertex 2.007 -13.13 0.678
      vertex 1.445 -12.943 0.84
      vertex 1.992 -13.29 0.659
    endloop
  endfacet
  facet normal 0 0 0
    outer loop
      vertex 1.445 -12.943 0.84
      vertex 1.97 -10.399 0.662
      vertex 1.413 -10.399 0.873
    endloop
  endfacet
  facet normal 0 0 0
    outer loop
      vertex 1.445 -12.943 0.84
      vertex 1.413 -10.399 0.873
      vertex 1.244 -12.808 0.987
    endloop
  endfacet
  facet normal 0 0 0
    outer loop
      vertex 1.445 -12.943 0.84
      vertex 1.998 -13.108 0.68
      vertex 1.97 -10.399 0.662
    endloop
  endfacet
  facet normal 0 0 0
    outer loop
      vertex 2.007 -13.13 0.678
      vertex 1.998 -13.108 0.68
      vertex 1.445 -12.943 0.84
    endloop
  endfacet
  facet normal 0 0 0
    outer loop
      vertex 1.97 -10.399 0.662
      vertex 1.998 -13.108 0.68
      vertex 2.05 -13.144 0.666
    endloop
  endfacet
  facet normal 0 0 0
    outer loop
      vertex 0.251 -15.001 0.251
      vertex -0.001 -14.749 4.051
      vertex -0.001 -14.749 0.251
    endloop
  endfacet
  facet normal 0 0 0
    outer loop
      vertex -0.001 -14.749 0.251
      vertex 0.251 -14.749 0
      vertex 0.251 -15.001 0.251
    endloop
  endfacet
  facet normal 0 0 0
    outer loop
      vertex 1.244 -12.808 0.987
      vertex 0.749 -15.001 1.049
      vertex 1.445 -12.943 0.84
    endloop
  endfacet
  facet normal 0 0 0
    outer loop
      vertex 0.749 -15.001 1.049
      vertex 1.137 -15.001 0.731
      vertex 1.445 -12.943 0.84
    endloop
  endfacet
  facet normal 0 0 0
    outer loop
      vertex 0.749 -15.001 1.049
      vertex 1.244 -12.808 0.987
      vertex 1.155 -12.618 1.071
    endloop
  endfacet
  facet normal 0 0 0
    outer loop
      vertex 0.749 -15.001 1.049
      vertex 1.155 -12.618 1.071
      vertex 0.935 -12.716 1.291
    endloop
  endfacet
  facet normal 0 0 0
    outer loop
      vertex 0.459 -15.001 1.459
      vertex 0.749 -15.001 1.049
      vertex 0.935 -12.716 1.291
    endloop
  endfacet
  facet normal 0 0 0
    outer loop
      vertex 1.421 -15.001 0.552
      vertex 1.992 -13.29 0.659
      vertex 1.445 -12.943 0.84
    endloop
  endfacet
  facet normal 0 0 0
    outer loop
      vertex 0.323 -15.001 2.101
      vertex 0.459 -15.001 1.459
      vertex 0.678 -12.404 2.051
    endloop
  endfacet
  facet normal 0 0 0
    outer loop
      vertex 0.78 -12.351 1.599
      vertex 0.459 -15.001 1.459
      vertex 0.935 -12.716 1.291
    endloop
  endfacet
  facet normal 0 0 0
    outer loop
      vertex 0.459 -15.001 1.459
      vertex 0.78 -12.351 1.599
      vertex 0.678 -12.404 2.051
    endloop
  endfacet
  facet normal 0 0 0
    outer loop
      vertex 2.446 -15.001 0.489
      vertex 2.38 -13.465 0.669
      vertex 1.933 -15.001 0.456
    endloop
  endfacet
  facet normal 0 0 0
    outer loop
      vertex 1.933 -15.001 0.456
      vertex 2.38 -13.465 0.669
      vertex 2.251 -13.274 0.669
    endloop
  endfacet
  facet normal 0 0 0
    outer loop
      vertex 3.531 3.401 1.563
      vertex 3.187 -1.199 1.073
      vertex 3.617 1.101 1.852
    endloop
  endfacet
  facet normal 0 0 0
    outer loop
      vertex 3.187 -1.199 1.073
      vertex 3.475 -10.399 1.456
      vertex 3.569 -5.799 1.678
    endloop
  endfacet
  facet normal 0 0 0
    outer loop
      vertex 0.661 -1.199 2.031
      vertex 0.776 -5.799 1.565
      vertex 0.697 8.001 1.802
    endloop
  endfacet
  facet normal 0 0 0
    outer loop
      vertex 2.05 -0.289 0.701
      vertex 2.05 -10.967 0.939
      vertex 2.05 5.804 0.939
    endloop
  endfacet
  facet normal 0 0 0
    outer loop
      vertex 3.187 -1.199 1.073
      vertex 3.13 -13.307 1.021
      vertex 3.226 -13.137 1.14
    endloop
  endfacet
  facet normal 0 0 0
    outer loop
      vertex 3.617 1.101 1.852
      vertex 3.187 -1.199 1.073
      vertex 3.569 -5.799 1.678
    endloop
  endfacet
  facet normal 0 0 0
    outer loop
      vertex -0.001 -14.749 0.251
      vertex -0.001 14.751 0.251
      vertex 0.251 -14.749 0
    endloop
  endfacet
  facet normal 0 0 0
    outer loop
      vertex -0.001 14.751 0.251
      vertex 0.251 14.751 0
      vertex 0.251 -14.749 0
    endloop
  endfacet
  facet normal 0 0 0
    outer loop
      vertex 0.948 5.804 2.151
      vertex 0.975 -10.323 2.252
      vertex 0.948 -10.367 2.151
    endloop
  endfacet
  facet normal 0 0 0
    outer loop
      vertex 0.975 -10.165 2.051
      vertex 0.948 5.804 2.151
      vertex 0.948 -10.367 2.151
    endloop
  endfacet
  facet normal 0 0 0
    outer loop
      vertex 2.251 3.084 3.64
      vertex 2.919 -14.117 3.433
      vertex 2.747 -13.748 3.487
    endloop
  endfacet
  facet normal 0 0 0
    outer loop
      vertex 2.251 -13.712 3.589
      vertex 2.251 3.084 3.64
      vertex 2.747 -13.748 3.487
    endloop
  endfacet
  facet normal 0 0 0
    outer loop
      vertex 3.427 -11.837 2.252
      vertex 3.454 5.804 2.151
      vertex 3.454 -11.882 2.151
    endloop
  endfacet
  facet normal 0 0 0
    outer loop
      vertex -15.383 -14.117 3.433
      vertex -15.245 -13.9 3.314
      vertex -14.849 -15.001 3.153
    endloop
  endfacet
  facet normal 0 0 0
    outer loop
      vertex -16.051 -13.712 3.589
      vertex -16.033 -15.001 3.747
      vertex -16.21 -11.786 3.375
    endloop
  endfacet
  facet normal 0 0 0
    outer loop
      vertex -15.555 -13.748 3.487
      vertex -15.383 -14.117 3.433
      vertex -15.521 -15.001 3.65
    endloop
  endfacet
  facet normal 0 0 0
    outer loop
      vertex -16.033 -15.001 3.747
      vertex -16.051 -13.712 3.589
      vertex -15.521 -15.001 3.65
    endloop
  endfacet
  facet normal 0 0 0
    outer loop
      vertex -15.555 -13.748 3.487
      vertex -15.521 -15.001 3.65
      vertex -16.051 -13.712 3.589
    endloop
  endfacet
  facet normal 0 0 0
    outer loop
      vertex -14.251 -14.749 4.302
      vertex -18.051 -14.749 4.302
      vertex -18.051 -15.001 4.051
    endloop
  endfacet
  facet normal 0 0 0
    outer loop
      vertex -15.237 -15.001 3.471
      vertex -15.521 -15.001 3.65
      vertex -15.383 -14.117 3.433
    endloop
  endfacet
  facet normal 0 0 0
    outer loop
      vertex -14.251 -14.749 4.302
      vertex -18.051 -15.001 4.051
      vertex -14.251 -15.001 4.051
    endloop
  endfacet
  facet normal 0 0 0
    outer loop
      vertex -15.237 -15.001 3.471
      vertex -15.383 -14.117 3.433
      vertex -14.849 -15.001 3.153
    endloop
  endfacet
  facet normal 0 0 0
    outer loop
      vertex -14 -14.749 4.051
      vertex -14.251 -14.749 4.302
      vertex -14.251 -15.001 4.051
    endloop
  endfacet
  facet normal 0 0 0
    outer loop
      vertex -14 -14.749 0.251
      vertex -14.251 -15.001 4.051
      vertex -14.251 -15.001 0.251
    endloop
  endfacet
  facet normal 0 0 0
    outer loop
      vertex -14.251 -15.001 4.051
      vertex -14 -14.749 0.251
      vertex -14 -14.749 4.051
    endloop
  endfacet
  facet normal 0 0 0
    outer loop
      vertex -14.875 -11.679 2.051
      vertex -14.6815 -13.2136 2.0023
      vertex -14.664 -13.427 2.252
    endloop
  endfacet
  facet normal 0 0 0
    outer loop
      vertex -14.6815 -13.2136 2.0023
      vertex -14.875 -11.679 2.051
      vertex -14.6817 -13.2113 2.00119
    endloop
  endfacet
  facet normal 0 0 0
    outer loop
      vertex -14.743 -13.25 1.686
      vertex -14.6815 -13.2136 2.0023
      vertex -14.6817 -13.2113 2.00119
    endloop
  endfacet
  facet normal 0 0 0
    outer loop
      vertex -14.681 -13.217 2.001
      vertex -14.664 -13.427 2.252
      vertex -14.6815 -13.2136 2.0023
    endloop
  endfacet
  facet normal 0 0 0
    outer loop
      vertex -14.743 -13.25 1.686
      vertex -14.681 -13.217 2.001
      vertex -14.6815 -13.2136 2.0023
    endloop
  endfacet
  facet normal 0 0 0
    outer loop
      vertex -14.671 -13.304 2.012
      vertex -14.681 -13.217 2.001
      vertex -14.743 -13.25 1.686
    endloop
  endfacet
  facet normal 0 0 0
    outer loop
      vertex -14.743 -13.25 1.686
      vertex -14.827 -10.399 1.456
      vertex -14.858 -13.347 1.401
    endloop
  endfacet
  facet normal 0 0 0
    outer loop
      vertex -15.076 -13.137 1.14
      vertex -14.858 -13.347 1.401
      vertex -14.827 -10.399 1.456
    endloop
  endfacet
  facet normal 0 0 0
    outer loop
      vertex -14.827 -10.399 1.456
      vertex -14.743 -13.25 1.686
      vertex -14.6817 -13.2113 2.00119
    endloop
  endfacet
  facet normal 0 0 0
    outer loop
      vertex -14.664 -13.427 2.252
      vertex -14.681 -13.217 2.001
      vertex -14.671 -13.304 2.012
    endloop
  endfacet
  facet normal 0 0 0
    outer loop
      vertex -14.6817 -13.2113 2.00119
      vertex -14.672 -13.208 2.051
      vertex -14.827 -10.399 1.456
    endloop
  endfacet
  facet normal 0 0 0
    outer loop
      vertex -16.051 -13.274 0.669
      vertex -16.051 -11.332 0.911
      vertex -16.252 -11.599 0.86
    endloop
  endfacet
  facet normal 0 0 0
    outer loop
      vertex -16.252 -11.599 0.86
      vertex -16.304 -13.108 0.68
      vertex -16.051 -13.274 0.669
    endloop
  endfacet
  facet normal 0 0 0
    outer loop
      vertex -16.304 -13.108 0.68
      vertex -16.295 -13.13 0.678
      vertex -16.051 -13.274 0.669
    endloop
  endfacet
  facet normal 0 0 0
    outer loop
      vertex -16.295 -13.13 0.678
      vertex -16.31 -13.29 0.659
      vertex -16.051 -13.274 0.669
    endloop
  endfacet
  facet normal 0 0 0
    outer loop
      vertex -16.252 -13.144 0.666
      vertex -16.252 -7.072 0.675
      vertex -16.332 -10.399 0.662
    endloop
  endfacet
  facet normal 0 0 0
    outer loop
      vertex -16.332 -10.399 0.662
      vertex -16.304 -13.108 0.68
      vertex -16.252 -13.144 0.666
    endloop
  endfacet
  facet normal 0 0 0
    outer loop
      vertex -16.252 -11.599 0.86
      vertex -16.252 -7.072 0.675
      vertex -16.252 -13.144 0.666
    endloop
  endfacet
  facet normal 0 0 0
    outer loop
      vertex -16.304 -13.108 0.68
      vertex -16.252 -11.599 0.86
      vertex -16.252 -13.144 0.666
    endloop
  endfacet
  facet normal 0 0 0
    outer loop
      vertex 3.346 -5.799 3.049
      vertex 3.187 3.401 3.229
      vertex 3.426 8.001 2.932
    endloop
  endfacet
  facet normal 0 0 0
    outer loop
      vertex 1.01 -13.163 3.115
      vertex 0.761 -12.796 2.683
      vertex 1.072 1.101 3.188
    endloop
  endfacet
  facet normal 0 0 0
    outer loop
      vertex 0.678 -10.399 2.051
      vertex 0.975 5.804 2.051
      vertex 0.975 -10.165 2.051
    endloop
  endfacet
  facet normal 0 0 0
    outer loop
      vertex 0.948 5.804 2.151
      vertex 0.975 -10.165 2.051
      vertex 0.975 5.804 2.051
    endloop
  endfacet
  facet normal 0 0 0
    outer loop
      vertex 2.251 -12.126 3.391
      vertex 2.251 3.084 3.64
      vertex 2.251 -13.712 3.589
    endloop
  endfacet
  facet normal 0 0 0
    outer loop
      vertex 2.05 -13.867 3.627
      vertex 2.05 5.804 3.363
      vertex 2.05 -11.76 3.363
    endloop
  endfacet
  facet normal 0 0 0
    outer loop
      vertex 2.201 5.804 3.404
      vertex 2.201 -12.158 3.404
      vertex 2.092 -11.786 3.375
    endloop
  endfacet
  facet normal 0 0 0
    outer loop
      vertex 2.251 -12.126 3.391
      vertex 2.201 5.804 3.404
      vertex 2.251 5.804 3.391
    endloop
  endfacet
  facet normal 0 0 0
    outer loop
      vertex 3.346 -5.799 3.049
      vertex 3.295 -13.811 3.113
      vertex 2.792 -1.199 3.502
    endloop
  endfacet
  facet normal 0 0 0
    outer loop
      vertex 3.599 -5.799 2.051
      vertex 3.427 -11.679 2.051
      vertex 3.427 5.804 2.051
    endloop
  endfacet
  facet normal 0 0 0
    outer loop
      vertex 3.427 -11.679 2.051
      vertex 3.599 -5.799 2.051
      vertex 3.63 -9.426 2.051
    endloop
  endfacet
  facet normal 0 0 0
    outer loop
      vertex 3.605 8.001 2.5
      vertex 3.625 8.001 2.252
      vertex 3.638 -8.463 2.252
    endloop
  endfacet
  facet normal 0 0 0
    outer loop
      vertex 3.427 5.804 2.252
      vertex 3.638 -8.463 2.252
      vertex 3.625 8.001 2.252
    endloop
  endfacet
  facet normal 0 0 0
    outer loop
      vertex 3.638 -8.463 2.252
      vertex 3.427 5.804 2.252
      vertex 3.427 -11.837 2.252
    endloop
  endfacet
  facet normal 0 0 0
    outer loop
      vertex 3.346 -5.799 3.049
      vertex 3.627 -5.799 2.391
      vertex 3.549 -13.411 2.666
    endloop
  endfacet
  facet normal 0 0 0
    outer loop
      vertex 3.295 -13.811 3.113
      vertex 3.346 -5.799 3.049
      vertex 3.549 -13.411 2.666
    endloop
  endfacet
  facet normal 0 0 0
    outer loop
      vertex 2.05 -7.072 0.675
      vertex 2.05 -0.289 0.701
      vertex 1.621 3.401 0.753
    endloop
  endfacet
  facet normal 0 0 0
    outer loop
      vertex 0.776 -5.799 1.565
      vertex 1.014 8.001 1.18
      vertex 0.697 8.001 1.802
    endloop
  endfacet
  facet normal 0 0 0
    outer loop
      vertex 1.119 -3.499 1.077
      vertex 1.014 8.001 1.18
      vertex 0.776 -5.799 1.565
    endloop
  endfacet
  facet normal 0 0 0
    outer loop
      vertex 0.661 -1.199 2.031
      vertex 0.678 -10.399 2.051
      vertex 0.776 -5.799 1.565
    endloop
  endfacet
  facet normal 0 0 0
    outer loop
      vertex 3.641 8.001 2.051
      vertex 3.569 -5.799 1.678
      vertex 3.599 -5.799 2.051
    endloop
  endfacet
  facet normal 0 0 0
    outer loop
      vertex 3.641 8.001 2.051
      vertex 3.617 1.101 1.852
      vertex 3.569 -5.799 1.678
    endloop
  endfacet
  facet normal 0 0 0
    outer loop
      vertex 3.569 -5.799 1.678
      vertex 3.63 -9.426 2.051
      vertex 3.599 -5.799 2.051
    endloop
  endfacet
  facet normal 0 0 0
    outer loop
      vertex 1.621 3.401 0.753
      vertex 1.413 -10.399 0.873
      vertex 1.97 -10.399 0.662
    endloop
  endfacet
  facet normal 0 0 0
    outer loop
      vertex 1.119 -3.499 1.077
      vertex 1.413 -10.399 0.873
      vertex 1.621 3.401 0.753
    endloop
  endfacet
  facet normal 0 0 0
    outer loop
      vertex 1.621 3.401 0.753
      vertex 1.97 -10.399 0.662
      vertex 2.05 -7.072 0.675
    endloop
  endfacet
  facet normal 0 0 0
    outer loop
      vertex 0.776 -5.799 1.565
      vertex 0.678 -10.399 2.051
      vertex 0.887 -10.399 1.352
    endloop
  endfacet
  facet normal 0 0 0
    outer loop
      vertex 0.887 -10.399 1.352
      vertex 1.119 -3.499 1.077
      vertex 0.776 -5.799 1.565
    endloop
  endfacet
  facet normal 0 0 0
    outer loop
      vertex 1.413 -10.399 0.873
      vertex 1.119 -3.499 1.077
      vertex 0.887 -10.399 1.352
    endloop
  endfacet
  facet normal 0 0 0
    outer loop
      vertex 2.05 -10.967 0.939
      vertex 2.05 -0.289 0.701
      vertex 2.05 -7.072 0.675
    endloop
  endfacet
  facet normal 0 0 0
    outer loop
      vertex 3.187 -1.199 1.073
      vertex 2.932 8.001 0.876
      vertex 2.681 -13.199 0.758
    endloop
  endfacet
  facet normal 0 0 0
    outer loop
      vertex -14.892 8.001 1.379
      vertex -15.37 8.001 0.876
      vertex -15.115 -1.199 1.073
    endloop
  endfacet
  facet normal 0 0 0
    outer loop
      vertex 2.681 -13.199 0.758
      vertex 3.13 -13.307 1.021
      vertex 3.187 -1.199 1.073
    endloop
  endfacet
  facet normal 0 0 0
    outer loop
      vertex -14.661 8.001 2.051
      vertex -14.733 -5.799 1.678
      vertex -14.703 -5.799 2.051
    endloop
  endfacet
  facet normal 0 0 0
    outer loop
      vertex 3.569 -5.799 1.678
      vertex 3.475 -10.399 1.456
      vertex 3.63 -9.426 2.051
    endloop
  endfacet
  facet normal 0 0 0
    outer loop
      vertex 2.251 -11.332 0.911
      vertex 2.201 5.804 0.898
      vertex 2.201 -11.365 0.898
    endloop
  endfacet
  facet normal 0 0 0
    outer loop
      vertex 2.201 5.804 0.898
      vertex 2.251 -11.332 0.911
      vertex 2.251 5.804 0.911
    endloop
  endfacet
  facet normal 0 0 0
    outer loop
      vertex 2.201 5.804 0.898
      vertex 2.05 -10.967 0.939
      vertex 2.201 -11.365 0.898
    endloop
  endfacet
  facet normal 0 0 0
    outer loop
      vertex 2.05 -10.967 0.939
      vertex 2.201 5.804 0.898
      vertex 2.05 5.804 0.939
    endloop
  endfacet
  facet normal 0 0 0
    outer loop
      vertex -14.771 3.401 1.563
      vertex -15.115 -1.199 1.073
      vertex -14.685 1.101 1.852
    endloop
  endfacet
  facet normal 0 0 0
    outer loop
      vertex 3.475 -10.399 1.456
      vertex 3.187 -1.199 1.073
      vertex 3.226 -13.137 1.14
    endloop
  endfacet
  facet normal 0 0 0
    outer loop
      vertex -14.733 -5.799 1.678
      vertex -14.685 1.101 1.852
      vertex -15.115 -1.199 1.073
    endloop
  endfacet
  facet normal 0 0 0
    outer loop
      vertex 2.251 3.749 0.669
      vertex 2.251 5.804 0.911
      vertex 2.251 -11.332 0.911
    endloop
  endfacet
  facet normal 0 0 0
    outer loop
      vertex 2.932 8.001 0.876
      vertex 2.331 3.401 0.667
      vertex 2.681 -13.199 0.758
    endloop
  endfacet
  facet normal 0 0 0
    outer loop
      vertex -14.892 8.001 1.379
      vertex -15.115 -1.199 1.073
      vertex -14.771 3.401 1.563
    endloop
  endfacet
  facet normal 0 0 0
    outer loop
      vertex 1.912 -14.114 3.632
      vertex 1.429 -2.349 3.461
      vertex 1.802 8.001 3.605
    endloop
  endfacet
  facet normal 0 0 0
    outer loop
      vertex 1.912 -14.114 3.632
      vertex 2.05 8.001 3.625
      vertex 2.05 -13.867 3.627
    endloop
  endfacet
  facet normal 0 0 0
    outer loop
      vertex 2.05 8.001 3.625
      vertex 1.912 -14.114 3.632
      vertex 1.802 8.001 3.605
    endloop
  endfacet
  facet normal 0 0 0
    outer loop
      vertex 1.429 -2.349 3.461
      vertex 1.912 -14.114 3.632
      vertex 1.497 -13.489 3.475
    endloop
  endfacet
  facet normal 0 0 0
    outer loop
      vertex 1.346 -13.653 3.405
      vertex 1.429 -2.349 3.461
      vertex 1.497 -13.489 3.475
    endloop
  endfacet
  facet normal 0 0 0
    outer loop
      vertex 0.785 -11.599 2.051
      vertex 0.975 -10.165 2.051
      vertex 0.806 -11.599 2.252
    endloop
  endfacet
  facet normal 0 0 0
    outer loop
      vertex 1.346 -13.653 3.405
      vertex 1.01 -13.163 3.115
      vertex 1.072 1.101 3.188
    endloop
  endfacet
  facet normal 0 0 0
    outer loop
      vertex 1.072 1.101 3.188
      vertex 1.429 -2.349 3.461
      vertex 1.346 -13.653 3.405
    endloop
  endfacet
  facet normal 0 0 0
    outer loop
      vertex -16.39 -14.114 3.632
      vertex -16.805 -13.489 3.475
      vertex -16.873 -2.349 3.461
    endloop
  endfacet
  facet normal 0 0 0
    outer loop
      vertex 0.806 -11.599 2.252
      vertex 0.975 -10.165 2.051
      vertex 0.948 -10.367 2.151
    endloop
  endfacet
  facet normal 0 0 0
    outer loop
      vertex -16.805 -13.489 3.475
      vertex -16.956 -13.653 3.405
      vertex -16.873 -2.349 3.461
    endloop
  endfacet
  facet normal 0 0 0
    outer loop
      vertex 0.975 5.804 2.051
      vertex 0.678 -10.399 2.051
      vertex 0.677 8.001 2.051
    endloop
  endfacet
  facet normal 0 0 0
    outer loop
      vertex 0.785 -11.599 2.051
      vertex 0.678 -10.399 2.051
      vertex 0.975 -10.165 2.051
    endloop
  endfacet
  facet normal 0 0 0
    outer loop
      vertex -17.614 -4.736 2.252
      vertex -17.327 5.804 2.252
      vertex -17.64 3.266 2.252
    endloop
  endfacet
  facet normal 0 0 0
    outer loop
      vertex 0.761 -12.796 2.683
      vertex 0.737 -3.499 2.623
      vertex 1.072 1.101 3.188
    endloop
  endfacet
  facet normal 0 0 0
    outer loop
      vertex 0.662 -10.324 2.252
      vertex 0.688 -4.736 2.252
      vertex 0.737 -3.499 2.623
    endloop
  endfacet
  facet normal 0 0 0
    outer loop
      vertex 0.662 -10.324 2.252
      vertex 0.737 -3.499 2.623
      vertex 0.761 -12.796 2.683
    endloop
  endfacet
  facet normal 0 0 0
    outer loop
      vertex 0.662 -10.324 2.252
      vertex 0.975 -10.323 2.252
      vertex 0.688 -4.736 2.252
    endloop
  endfacet
  facet normal 0 0 0
    outer loop
      vertex -17.183 -3.499 1.077
      vertex -17.288 8.001 1.18
      vertex -17.526 -5.799 1.565
    endloop
  endfacet
  facet normal 0 0 0
    outer loop
      vertex -14.251 -14.749 4.302
      vertex -14 -14.749 4.051
      vertex -14 14.751 4.051
    endloop
  endfacet
  facet normal 0 0 0
    outer loop
      vertex -15.51 -1.199 3.502
      vertex -15.383 -14.117 3.433
      vertex -16.051 3.084 3.64
    endloop
  endfacet
  facet normal 0 0 0
    outer loop
      vertex 2.05 -11.76 3.363
      vertex 2.201 5.804 3.404
      vertex 2.092 -11.786 3.375
    endloop
  endfacet
  facet normal 0 0 0
    outer loop
      vertex 3.057 -13.9 3.314
      vertex 2.919 -14.117 3.433
      vertex 2.792 -1.199 3.502
    endloop
  endfacet
  facet normal 0 0 0
    outer loop
      vertex 3.427 -11.679 2.051
      vertex 3.454 5.804 2.151
      vertex 3.427 5.804 2.051
    endloop
  endfacet
  facet normal 0 0 0
    outer loop
      vertex -16.051 5.804 3.391
      vertex -16.051 3.084 3.64
      vertex -16.051 -12.126 3.391
    endloop
  endfacet
  facet normal 0 0 0
    outer loop
      vertex -16.252 5.804 3.363
      vertex -16.101 5.804 3.404
      vertex -16.252 -11.76 3.363
    endloop
  endfacet
  facet normal 0 0 0
    outer loop
      vertex -16.051 -12.126 3.391
      vertex -16.101 5.804 3.404
      vertex -16.051 5.804 3.391
    endloop
  endfacet
  facet normal 0 0 0
    outer loop
      vertex -15.51 -1.199 3.502
      vertex -15.245 -13.9 3.314
      vertex -15.383 -14.117 3.433
    endloop
  endfacet
  facet normal 0 0 0
    outer loop
      vertex -15.51 -1.199 3.502
      vertex -15.115 3.401 3.229
      vertex -14.956 -5.799 3.049
    endloop
  endfacet
  facet normal 0 0 0
    outer loop
      vertex -14.697 8.001 2.5
      vertex -14.675 -5.799 2.391
      vertex -14.956 -5.799 3.049
    endloop
  endfacet
  facet normal 0 0 0
    outer loop
      vertex -14.675 -5.799 2.391
      vertex -14.697 8.001 2.5
      vertex -14.664 -8.463 2.252
    endloop
  endfacet
  facet normal 0 0 0
    outer loop
      vertex -16.051 3.084 3.64
      vertex -15.383 -14.117 3.433
      vertex -15.555 -13.748 3.487
    endloop
  endfacet
  facet normal 0 0 0
    outer loop
      vertex -16.051 -12.126 3.391
      vertex -16.051 3.084 3.64
      vertex -16.051 -13.712 3.589
    endloop
  endfacet
  facet normal 0 0 0
    outer loop
      vertex -16.252 -13.867 3.627
      vertex -16.252 5.804 3.363
      vertex -16.252 -11.76 3.363
    endloop
  endfacet
  facet normal 0 0 0
    outer loop
      vertex -16.21 -11.786 3.375
      vertex -16.101 5.804 3.404
      vertex -16.101 -12.158 3.404
    endloop
  endfacet
  facet normal 0 0 0
    outer loop
      vertex -16.101 5.804 3.404
      vertex -16.051 -12.126 3.391
      vertex -16.101 -12.158 3.404
    endloop
  endfacet
  facet normal 0 0 0
    outer loop
      vertex -16.051 -13.712 3.589
      vertex -16.051 3.084 3.64
      vertex -15.555 -13.748 3.487
    endloop
  endfacet
  facet normal 0 0 0
    outer loop
      vertex -15.007 -13.811 3.113
      vertex -15.245 -13.9 3.314
      vertex -15.51 -1.199 3.502
    endloop
  endfacet
  facet normal 0 0 0
    outer loop
      vertex -14.956 -5.799 3.049
      vertex -15.007 -13.811 3.113
      vertex -15.51 -1.199 3.502
    endloop
  endfacet
  facet normal 0 0 0
    outer loop
      vertex -14.875 -11.679 2.051
      vertex -14.703 -5.799 2.051
      vertex -14.672 -9.426 2.051
    endloop
  endfacet
  facet normal 0 0 0
    outer loop
      vertex -14.875 -11.679 2.051
      vertex -14.848 5.804 2.151
      vertex -14.875 5.804 2.051
    endloop
  endfacet
  facet normal 0 0 0
    outer loop
      vertex -14.848 5.804 2.151
      vertex -14.875 -11.837 2.252
      vertex -14.875 5.804 2.252
    endloop
  endfacet
  facet normal 0 0 0
    outer loop
      vertex -14.875 -11.837 2.252
      vertex -14.848 5.804 2.151
      vertex -14.848 -11.882 2.151
    endloop
  endfacet
  facet normal 0 0 0
    outer loop
      vertex -14.703 -5.799 2.051
      vertex -14.875 -11.679 2.051
      vertex -14.875 5.804 2.051
    endloop
  endfacet
  facet normal 0 0 0
    outer loop
      vertex -14.875 5.804 2.252
      vertex -14.664 -8.463 2.252
      vertex -14.677 8.001 2.252
    endloop
  endfacet
  facet normal 0 0 0
    outer loop
      vertex -14.664 -8.463 2.252
      vertex -14.875 5.804 2.252
      vertex -14.875 -11.837 2.252
    endloop
  endfacet
  facet normal 0 0 0
    outer loop
      vertex -16.681 3.401 0.753
      vertex -16.332 -10.399 0.662
      vertex -16.252 -7.072 0.675
    endloop
  endfacet
  facet normal 0 0 0
    outer loop
      vertex -16.252 -7.072 0.675
      vertex -16.252 -0.289 0.701
      vertex -16.681 3.401 0.753
    endloop
  endfacet
  facet normal 0 0 0
    outer loop
      vertex -16.252 -7.072 0.675
      vertex -16.252 -11.599 0.86
      vertex -16.252 -10.967 0.939
    endloop
  endfacet
  facet normal 0 0 0
    outer loop
      vertex -16.252 -10.967 0.939
      vertex -16.252 -0.289 0.701
      vertex -16.252 -7.072 0.675
    endloop
  endfacet
  facet normal 0 0 0
    outer loop
      vertex -16.252 -0.289 0.701
      vertex -16.252 -10.967 0.939
      vertex -16.252 5.804 0.939
    endloop
  endfacet
  facet normal 0 0 0
    outer loop
      vertex -15.115 -1.199 1.073
      vertex -15.172 -13.307 1.021
      vertex -15.076 -13.137 1.14
    endloop
  endfacet
  facet normal 0 0 0
    outer loop
      vertex -14.703 -5.799 2.051
      vertex -14.733 -5.799 1.678
      vertex -14.672 -9.426 2.051
    endloop
  endfacet
  facet normal 0 0 0
    outer loop
      vertex -14.827 -10.399 1.456
      vertex -14.672 -9.426 2.051
      vertex -14.733 -5.799 1.678
    endloop
  endfacet
  facet normal 0 0 0
    outer loop
      vertex -15.115 -1.199 1.073
      vertex -14.827 -10.399 1.456
      vertex -14.733 -5.799 1.678
    endloop
  endfacet
  facet normal 0 0 0
    outer loop
      vertex -16.051 -11.332 0.911
      vertex -16.101 5.804 0.898
      vertex -16.101 -11.365 0.898
    endloop
  endfacet
  facet normal 0 0 0
    outer loop
      vertex -16.101 5.804 0.898
      vertex -16.051 -11.332 0.911
      vertex -16.051 5.804 0.911
    endloop
  endfacet
  facet normal 0 0 0
    outer loop
      vertex -16.101 5.804 0.898
      vertex -16.252 -10.967 0.939
      vertex -16.101 -11.365 0.898
    endloop
  endfacet
  facet normal 0 0 0
    outer loop
      vertex -16.252 -10.967 0.939
      vertex -16.101 5.804 0.898
      vertex -16.252 5.804 0.939
    endloop
  endfacet
  facet normal 0 0 0
    outer loop
      vertex -16.051 -11.332 0.911
      vertex -16.051 3.749 0.669
      vertex -16.051 5.804 0.911
    endloop
  endfacet
  facet normal 0 0 0
    outer loop
      vertex -15.115 -1.199 1.073
      vertex -15.076 -13.137 1.14
      vertex -14.827 -10.399 1.456
    endloop
  endfacet
  facet normal 0 0 0
    outer loop
      vertex -15.971 3.401 0.667
      vertex -16.051 3.749 0.669
      vertex -16.051 -13.274 0.669
    endloop
  endfacet
  facet normal 0 0 0
    outer loop
      vertex -15.37 8.001 0.876
      vertex -15.971 3.401 0.667
      vertex -15.621 -13.199 0.758
    endloop
  endfacet
  facet normal 0 0 0
    outer loop
      vertex -16.956 -13.653 3.405
      vertex -17.23 1.101 3.188
      vertex -16.873 -2.349 3.461
    endloop
  endfacet
  facet normal 0 0 0
    outer loop
      vertex 3.427 -11.679 2.051
      vertex 3.62053 -13.2136 2.0023
      vertex 3.638 -13.427 2.252
    endloop
  endfacet
  facet normal 0 0 0
    outer loop
      vertex 3.62028 -13.2113 2.00119
      vertex 3.559 -13.25 1.686
      vertex 3.62053 -13.2136 2.0023
    endloop
  endfacet
  facet normal 0 0 0
    outer loop
      vertex 3.621 -13.217 2.001
      vertex 3.638 -13.427 2.252
      vertex 3.62053 -13.2136 2.0023
    endloop
  endfacet
  facet normal 0 0 0
    outer loop
      vertex 3.559 -13.25 1.686
      vertex 3.621 -13.217 2.001
      vertex 3.62053 -13.2136 2.0023
    endloop
  endfacet
  facet normal 0 0 0
    outer loop
      vertex 3.631 -13.304 2.012
      vertex 3.621 -13.217 2.001
      vertex 3.559 -13.25 1.686
    endloop
  endfacet
  facet normal 0 0 0
    outer loop
      vertex 3.444 -13.347 1.401
      vertex 3.559 -13.25 1.686
      vertex 3.475 -10.399 1.456
    endloop
  endfacet
  facet normal 0 0 0
    outer loop
      vertex 3.475 -10.399 1.456
      vertex 3.559 -13.25 1.686
      vertex 3.62028 -13.2113 2.00119
    endloop
  endfacet
  facet normal 0 0 0
    outer loop
      vertex 3.638 -13.427 2.252
      vertex 3.621 -13.217 2.001
      vertex 3.631 -13.304 2.012
    endloop
  endfacet
  facet normal 0 0 0
    outer loop
      vertex 3.62028 -13.2113 2.00119
      vertex 3.427 -11.679 2.051
      vertex 3.63 -13.208 2.051
    endloop
  endfacet
  facet normal 0 0 0
    outer loop
      vertex 3.475 -10.399 1.456
      vertex 3.62028 -13.2113 2.00119
      vertex 3.63 -13.208 2.051
    endloop
  endfacet
  facet normal 0 0 0
    outer loop
      vertex 2.251 -13.274 0.669
      vertex 2.251 -11.332 0.911
      vertex 2.05 -11.599 0.86
    endloop
  endfacet
  facet normal 0 0 0
    outer loop
      vertex 1.998 -13.108 0.68
      vertex 2.251 -13.274 0.669
      vertex 2.05 -11.599 0.86
    endloop
  endfacet
  facet normal 0 0 0
    outer loop
      vertex 2.251 -13.274 0.669
      vertex 1.998 -13.108 0.68
      vertex 2.007 -13.13 0.678
    endloop
  endfacet
  facet normal 0 0 0
    outer loop
      vertex 2.007 -13.13 0.678
      vertex 1.992 -13.29 0.659
      vertex 2.251 -13.274 0.669
    endloop
  endfacet
  facet normal 0 0 0
    outer loop
      vertex 1.421 -15.001 0.552
      vertex 1.933 -15.001 0.456
      vertex 2.05 -13.144 0.666
    endloop
  endfacet
  facet normal 0 0 0
    outer loop
      vertex 1.992 -13.29 0.659
      vertex 1.421 -15.001 0.552
      vertex 2.05 -13.144 0.666
    endloop
  endfacet
  facet normal 0 0 0
    outer loop
      vertex 1.97 -10.399 0.662
      vertex 2.05 -13.144 0.666
      vertex 2.05 -7.072 0.675
    endloop
  endfacet
  facet normal 0 0 0
    outer loop
      vertex 2.251 3.749 0.669
      vertex 2.251 -11.332 0.911
      vertex 2.251 -13.274 0.669
    endloop
  endfacet
  facet normal 0 0 0
    outer loop
      vertex 1.992 -13.29 0.659
      vertex 2.05 -13.144 0.666
      vertex 1.933 -15.001 0.456
    endloop
  endfacet
  facet normal 0 0 0
    outer loop
      vertex 2.05 -11.599 0.86
      vertex 2.05 -7.072 0.675
      vertex 2.05 -13.144 0.666
    endloop
  endfacet
  facet normal 0 0 0
    outer loop
      vertex 2.331 3.401 0.667
      vertex 2.251 3.749 0.669
      vertex 2.251 -13.274 0.669
    endloop
  endfacet
  facet normal 0 0 0
    outer loop
      vertex 2.251 -13.274 0.669
      vertex 2.38 -13.465 0.669
      vertex 2.331 3.401 0.667
    endloop
  endfacet
  facet normal 0 0 0
    outer loop
      vertex 2.05 -13.144 0.666
      vertex 1.998 -13.108 0.68
      vertex 2.05 -11.599 0.86
    endloop
  endfacet
  facet normal 0 0 0
    outer loop
      vertex 2.681 -13.199 0.758
      vertex 2.781 -15.001 0.552
      vertex 3.13 -13.307 1.021
    endloop
  endfacet
  facet normal 0 0 0
    outer loop
      vertex 2.681 -13.199 0.758
      vertex 2.331 3.401 0.667
      vertex 2.38 -13.465 0.669
    endloop
  endfacet
  facet normal 0 0 0
    outer loop
      vertex 2.781 -15.001 0.552
      vertex 2.681 -13.199 0.758
      vertex 2.38 -13.465 0.669
    endloop
  endfacet
  facet normal 0 0 0
    outer loop
      vertex 2.446 -15.001 0.489
      vertex 2.781 -15.001 0.552
      vertex 2.38 -13.465 0.669
    endloop
  endfacet
  facet normal 0 0 0
    outer loop
      vertex 0.251 -15.001 0.251
      vertex 0.251 -14.749 0
      vertex 4.051 -15.001 0.251
    endloop
  endfacet
  facet normal 0 0 0
    outer loop
      vertex 4.051 -14.749 0
      vertex 4.051 -15.001 0.251
      vertex 0.251 -14.749 0
    endloop
  endfacet
  facet normal 0 0 0
    outer loop
      vertex 3.13 -13.307 1.021
      vertex 2.781 -15.001 0.552
      vertex 3.358 -15.001 0.915
    endloop
  endfacet
  facet normal 0 0 0
    outer loop
      vertex 3.358 -15.001 0.915
      vertex 3.648 -15.001 1.325
      vertex 3.444 -13.347 1.401
    endloop
  endfacet
  facet normal 0 0 0
    outer loop
      vertex 3.358 -15.001 0.915
      vertex 3.444 -13.347 1.401
      vertex 3.226 -13.137 1.14
    endloop
  endfacet
  facet normal 0 0 0
    outer loop
      vertex 3.226 -13.137 1.14
      vertex 3.13 -13.307 1.021
      vertex 3.358 -15.001 0.915
    endloop
  endfacet
  facet normal 0 0 0
    outer loop
      vertex 1.992 -13.29 0.659
      vertex 1.933 -15.001 0.456
      vertex 2.251 -13.274 0.669
    endloop
  endfacet
  facet normal 0 0 0
    outer loop
      vertex -17.554 9.198 2.051
      vertex -14.823 9.198 2.051
      vertex -17.554 9.303 0.987
    endloop
  endfacet
  facet normal 0 0 0
    outer loop
      vertex -17.554 9.198 2.051
      vertex -17.554 9.303 3.115
      vertex -14.823 9.198 2.051
    endloop
  endfacet
  facet normal 0 0 0
    outer loop
      vertex -17.554 9.303 3.115
      vertex -17.554 11.924 2.051
      vertex -17.554 11.977 2.583
    endloop
  endfacet
  facet normal 0 0 0
    outer loop
      vertex -17.554 9.303 3.115
      vertex -17.554 11.977 2.583
      vertex -17.554 12.132 3.094
    endloop
  endfacet
  facet normal 0 0 0
    outer loop
      vertex -17.554 11.924 2.051
      vertex -17.554 9.303 3.115
      vertex -17.554 9.198 2.051
    endloop
  endfacet
  facet normal 0 0 0
    outer loop
      vertex -17.554 12.132 3.094
      vertex -17.554 9.613 4.138
      vertex -17.554 9.303 3.115
    endloop
  endfacet
  facet normal 0 0 0
    outer loop
      vertex -17.554 12.132 3.094
      vertex -17.554 9.701 4.302
      vertex -17.554 9.613 4.138
    endloop
  endfacet
  facet normal 0 0 0
    outer loop
      vertex -17.554 9.701 4.302
      vertex -17.554 12.132 3.094
      vertex -17.554 12.384 3.566
    endloop
  endfacet
  facet normal 0 0 0
    outer loop
      vertex -17.327 -10.165 2.051
      vertex -17.624 -10.399 2.051
      vertex -17.327 5.804 2.051
    endloop
  endfacet
  facet normal 0 0 0
    outer loop
      vertex -17.554 11.924 2.051
      vertex -17.554 9.198 2.051
      vertex -17.554 9.303 0.987
    endloop
  endfacet
  facet normal 0 0 0
    outer loop
      vertex -14.823 9.303 0.987
      vertex -17.554 9.303 0.987
      vertex -14.823 9.198 2.051
    endloop
  endfacet
  facet normal 0 0 0
    outer loop
      vertex -17.554 9.303 0.987
      vertex -14.823 9.303 0.987
      vertex -17.55 9.602 0
    endloop
  endfacet
  facet normal 0 0 0
    outer loop
      vertex -17.554 12.132 1.008
      vertex -14.823 12.132 1.008
      vertex -17.554 11.977 1.519
    endloop
  endfacet
  facet normal 0 0 0
    outer loop
      vertex -17.554 12.132 1.008
      vertex -14.823 12.384 0.536
      vertex -14.823 12.132 1.008
    endloop
  endfacet
  facet normal 0 0 0
    outer loop
      vertex -17.554 11.924 2.051
      vertex -17.554 9.303 0.987
      vertex -17.554 11.977 1.519
    endloop
  endfacet
  facet normal 0 0 0
    outer loop
      vertex -17.554 12.132 1.008
      vertex -17.554 9.602 -0.001
      vertex -17.554 12.384 0.536
    endloop
  endfacet
  facet normal 0 0 0
    outer loop
      vertex -17.354 -10.367 2.151
      vertex -17.327 -10.165 2.051
      vertex -17.354 5.804 2.151
    endloop
  endfacet
  facet normal 0 0 0
    outer loop
      vertex -17.554 9.613 4.138
      vertex -17.554 9.701 4.302
      vertex -14.823 9.701 4.302
    endloop
  endfacet
  facet normal 0 0 0
    outer loop
      vertex -14.823 9.613 4.138
      vertex -17.554 9.613 4.138
      vertex -14.823 9.701 4.302
    endloop
  endfacet
  facet normal 0 0 0
    outer loop
      vertex -14.823 9.701 4.302
      vertex -14.823 12.132 3.094
      vertex -14.823 9.613 4.138
    endloop
  endfacet
  facet normal 0 0 0
    outer loop
      vertex -17.23 1.101 3.188
      vertex -16.956 -13.653 3.405
      vertex -17.292 -13.163 3.115
    endloop
  endfacet
  facet normal 0 0 0
    outer loop
      vertex -14.823 9.303 3.115
      vertex -14.823 9.198 2.051
      vertex -17.554 9.303 3.115
    endloop
  endfacet
  facet normal 0 0 0
    outer loop
      vertex -17.292 -13.163 3.115
      vertex -17.541 -12.796 2.683
      vertex -17.23 1.101 3.188
    endloop
  endfacet
  facet normal 0 0 0
    outer loop
      vertex -17.554 12.132 3.094
      vertex -14.823 12.384 3.566
      vertex -17.554 12.384 3.566
    endloop
  endfacet
  facet normal 0 0 0
    outer loop
      vertex -14.823 12.384 3.566
      vertex -17.554 12.132 3.094
      vertex -14.823 12.132 3.094
    endloop
  endfacet
  facet normal 0 0 0
    outer loop
      vertex -17.554 11.977 2.583
      vertex -14.823 11.977 2.583
      vertex -14.823 12.132 3.094
    endloop
  endfacet
  facet normal 0 0 0
    outer loop
      vertex -17.554 12.132 3.094
      vertex -17.554 11.977 2.583
      vertex -14.823 12.132 3.094
    endloop
  endfacet
  facet normal 0 0 0
    outer loop
      vertex -14.823 11.924 2.051
      vertex -17.554 11.977 2.583
      vertex -17.554 11.924 2.051
    endloop
  endfacet
  facet normal 0 0 0
    outer loop
      vertex -17.554 11.977 2.583
      vertex -14.823 11.924 2.051
      vertex -14.823 11.977 2.583
    endloop
  endfacet
  facet normal 0 0 0
    outer loop
      vertex -18.303 -14.749 4.051
      vertex -18.051 14.751 4.302
      vertex -18.303 14.751 4.051
    endloop
  endfacet
  facet normal 0 0 0
    outer loop
      vertex -18.051 -14.749 4.302
      vertex -18.051 14.751 4.302
      vertex -18.303 -14.749 4.051
    endloop
  endfacet
  facet normal 0 0 0
    outer loop
      vertex -17.554 9.303 3.115
      vertex -14.823 9.613 4.138
      vertex -14.823 9.303 3.115
    endloop
  endfacet
  facet normal 0 0 0
    outer loop
      vertex -14.823 9.613 4.138
      vertex -17.554 9.303 3.115
      vertex -17.554 9.613 4.138
    endloop
  endfacet
  facet normal 0 0 0
    outer loop
      vertex -14.823 9.303 3.115
      vertex -14.823 11.924 2.051
      vertex -14.823 9.198 2.051
    endloop
  endfacet
  facet normal 0 0 0
    outer loop
      vertex -14.823 9.303 3.115
      vertex -14.823 12.132 3.094
      vertex -14.823 11.977 2.583
    endloop
  endfacet
  facet normal 0 0 0
    outer loop
      vertex -14.823 12.132 3.094
      vertex -14.823 9.701 4.302
      vertex -14.823 12.384 3.566
    endloop
  endfacet
  facet normal 0 0 0
    outer loop
      vertex -14.823 12.132 3.094
      vertex -14.823 9.303 3.115
      vertex -14.823 9.613 4.138
    endloop
  endfacet
  facet normal 0 0 0
    outer loop
      vertex -17.624 -12.404 2.051
      vertex -17.517 -11.599 2.051
      vertex -17.496 -11.599 2.252
    endloop
  endfacet
  facet normal 0 0 0
    outer loop
      vertex -14.251 -14.749 4.302
      vertex -14 14.751 4.051
      vertex -14.251 14.751 4.302
    endloop
  endfacet
  facet normal 0 0 0
    outer loop
      vertex -17.496 -11.599 2.252
      vertex -17.517 -11.599 2.051
      vertex -17.327 -10.165 2.051
    endloop
  endfacet
  facet normal 0 0 0
    outer loop
      vertex -14.823 9.303 0.987
      vertex -14.823 9.602 0
      vertex -17.55 9.602 0
    endloop
  endfacet
  facet normal 0 0 0
    outer loop
      vertex -17.565 -3.499 2.623
      vertex -17.23 1.101 3.188
      vertex -17.541 -12.796 2.683
    endloop
  endfacet
  facet normal 0 0 0
    outer loop
      vertex -17.554 11.924 2.051
      vertex -14.823 11.977 1.519
      vertex -14.823 11.924 2.051
    endloop
  endfacet
  facet normal 0 0 0
    outer loop
      vertex -14.823 11.977 1.519
      vertex -17.554 11.924 2.051
      vertex -17.554 11.977 1.519
    endloop
  endfacet
  facet normal 0 0 0
    outer loop
      vertex -17.554 11.977 1.519
      vertex -14.823 12.132 1.008
      vertex -14.823 11.977 1.519
    endloop
  endfacet
  facet normal 0 0 0
    outer loop
      vertex -14.823 12.384 0.536
      vertex -17.554 12.132 1.008
      vertex -17.554 12.384 0.536
    endloop
  endfacet
  facet normal 0 0 0
    outer loop
      vertex -14.823 9.602 0
      vertex -14.823 11.977 1.519
      vertex -14.823 12.132 1.008
    endloop
  endfacet
  facet normal 0 0 0
    outer loop
      vertex -14.823 11.924 2.051
      vertex -14.823 9.303 0.987
      vertex -14.823 9.198 2.051
    endloop
  endfacet
  facet normal 0 0 0
    outer loop
      vertex -14.823 11.924 2.051
      vertex -14.823 9.303 3.115
      vertex -14.823 11.977 2.583
    endloop
  endfacet
  facet normal 0 0 0
    outer loop
      vertex -17.64 -10.324 2.252
      vertex -17.614 -4.736 2.252
      vertex -17.565 -3.499 2.623
    endloop
  endfacet
  facet normal 0 0 0
    outer loop
      vertex -14.823 9.303 0.987
      vertex -14.823 11.924 2.051
      vertex -14.823 11.977 1.519
    endloop
  endfacet
  facet normal 0 0 0
    outer loop
      vertex -14.823 11.977 1.519
      vertex -14.823 9.602 0
      vertex -14.823 9.303 0.987
    endloop
  endfacet
  facet normal 0 0 0
    outer loop
      vertex -14.823 12.384 0.536
      vertex -14.823 9.602 0
      vertex -14.823 12.132 1.008
    endloop
  endfacet
  facet normal 0 0 0
    outer loop
      vertex -14.251 14.751 -0.001
      vertex -14 14.751 0.251
      vertex -14.251 -14.749 -0.001
    endloop
  endfacet
  facet normal 0 0 0
    outer loop
      vertex -17.327 5.804 2.252
      vertex -16.252 8.001 2.252
      vertex -17.641 8.001 2.252
    endloop
  endfacet
  facet normal 0 0 0
    outer loop
      vertex -16.5 8.001 3.605
      vertex -16.252 8.001 2.252
      vertex -16.252 8.001 3.625
    endloop
  endfacet
  facet normal 0 0 0
    outer loop
      vertex -16.252 8.001 2.252
      vertex -17.365 8.001 3.033
      vertex -17.533 8.001 2.723
    endloop
  endfacet
  facet normal 0 0 0
    outer loop
      vertex -17.641 8.001 2.252
      vertex -17.642 8.001 2.268
      vertex -17.641 3.401 2.271
    endloop
  endfacet
  facet normal 0 0 0
    outer loop
      vertex -16.252 8.001 2.252
      vertex -16.5 8.001 3.605
      vertex -17.365 8.001 3.033
    endloop
  endfacet
  facet normal 0 0 0
    outer loop
      vertex -17.327 5.804 2.051
      vertex -16.252 8.001 2.051
      vertex -16.252 5.804 2.051
    endloop
  endfacet
  facet normal 0 0 0
    outer loop
      vertex -17.625 8.001 2.051
      vertex -17.327 5.804 2.051
      vertex -17.624 -10.399 2.051
    endloop
  endfacet
  facet normal 0 0 0
    outer loop
      vertex -16.5 8.001 3.605
      vertex -16.39 -14.114 3.632
      vertex -16.873 -2.349 3.461
    endloop
  endfacet
  facet normal 0 0 0
    outer loop
      vertex -16.252 8.001 3.625
      vertex -16.39 -14.114 3.632
      vertex -16.5 8.001 3.605
    endloop
  endfacet
  facet normal 0 0 0
    outer loop
      vertex -16.5 8.001 3.605
      vertex -16.873 -2.349 3.461
      vertex -17.365 8.001 3.033
    endloop
  endfacet
  facet normal 0 0 0
    outer loop
      vertex -17.327 5.804 2.051
      vertex -16.252 5.804 2.051
      vertex -16.252 5.804 2.252
    endloop
  endfacet
  facet normal 0 0 0
    outer loop
      vertex -17.354 5.804 2.151
      vertex -17.327 5.804 2.051
      vertex -16.252 5.804 2.252
    endloop
  endfacet
  facet normal 0 0 0
    outer loop
      vertex -17.327 5.804 2.252
      vertex -17.354 5.804 2.151
      vertex -16.252 5.804 2.252
    endloop
  endfacet
  facet normal 0 0 0
    outer loop
      vertex -17.327 -10.323 2.252
      vertex -17.354 5.804 2.151
      vertex -17.327 5.804 2.252
    endloop
  endfacet
  facet normal 0 0 0
    outer loop
      vertex -17.365 8.001 3.033
      vertex -17.23 1.101 3.188
      vertex -17.415 3.401 2.95
    endloop
  endfacet
  facet normal 0 0 0
    outer loop
      vertex -17.415 3.401 2.95
      vertex -17.533 8.001 2.723
      vertex -17.365 8.001 3.033
    endloop
  endfacet
  facet normal 0 0 0
    outer loop
      vertex -17.23 1.101 3.188
      vertex -17.365 8.001 3.033
      vertex -16.873 -2.349 3.461
    endloop
  endfacet
  facet normal 0 0 0
    outer loop
      vertex -17.327 5.804 2.252
      vertex -17.614 -4.736 2.252
      vertex -17.327 -10.323 2.252
    endloop
  endfacet
  facet normal 0 0 0
    outer loop
      vertex -17.354 5.804 2.151
      vertex -17.327 -10.165 2.051
      vertex -17.327 5.804 2.051
    endloop
  endfacet
  facet normal 0 0 0
    outer loop
      vertex -17.641 3.401 2.271
      vertex -17.533 8.001 2.723
      vertex -17.415 3.401 2.95
    endloop
  endfacet
  facet normal 0 0 0
    outer loop
      vertex -17.641 3.401 2.271
      vertex -17.642 8.001 2.268
      vertex -17.533 8.001 2.723
    endloop
  endfacet
  facet normal 0 0 0
    outer loop
      vertex -17.64 3.266 2.252
      vertex -17.327 5.804 2.252
      vertex -17.641 8.001 2.252
    endloop
  endfacet
  facet normal 0 0 0
    outer loop
      vertex -17.526 -5.799 1.565
      vertex -17.288 8.001 1.18
      vertex -17.605 8.001 1.802
    endloop
  endfacet
  facet normal 0 0 0
    outer loop
      vertex -17.625 8.001 2.051
      vertex -17.624 -10.399 2.051
      vertex -17.641 -1.199 2.031
    endloop
  endfacet
  facet normal 0 0 0
    outer loop
      vertex -17.641 -1.199 2.031
      vertex -17.526 -5.799 1.565
      vertex -17.605 8.001 1.802
    endloop
  endfacet
  facet normal 0 0 0
    outer loop
      vertex -17.625 8.001 2.051
      vertex -17.641 -1.199 2.031
      vertex -17.605 8.001 1.802
    endloop
  endfacet
  facet normal 0 0 0
    outer loop
      vertex -16.5 8.001 0.697
      vertex -16.252 8.001 2.051
      vertex -17.288 8.001 1.18
    endloop
  endfacet
  facet normal 0 0 0
    outer loop
      vertex -17.605 8.001 1.802
      vertex -16.252 8.001 2.051
      vertex -17.625 8.001 2.051
    endloop
  endfacet
  facet normal 0 0 0
    outer loop
      vertex -16.252 5.844 0.683
      vertex -16.681 3.401 0.753
      vertex -16.252 -0.289 0.701
    endloop
  endfacet
  facet normal 0 0 0
    outer loop
      vertex -16.252 8.001 0.736
      vertex -16.5 8.001 0.697
      vertex -16.252 5.844 0.683
    endloop
  endfacet
  facet normal 0 0 0
    outer loop
      vertex -17.288 8.001 1.18
      vertex -16.252 8.001 2.051
      vertex -17.605 8.001 1.802
    endloop
  endfacet
  facet normal 0 0 0
    outer loop
      vertex -16.681 3.401 0.753
      vertex -16.252 5.844 0.683
      vertex -16.5 8.001 0.697
    endloop
  endfacet
  facet normal 0 0 0
    outer loop
      vertex -17.097 3.401 0.993
      vertex -16.681 3.401 0.753
      vertex -16.5 8.001 0.697
    endloop
  endfacet
  facet normal 0 0 0
    outer loop
      vertex -16.5 8.001 0.697
      vertex -17.288 8.001 1.18
      vertex -17.097 3.401 0.993
    endloop
  endfacet
  facet normal 0 0 0
    outer loop
      vertex -18.051 14.751 -0.001
      vertex -18.303 -14.749 0.251
      vertex -18.303 14.751 0.251
    endloop
  endfacet
  facet normal 0 0 0
    outer loop
      vertex -15.579 8.001 3.533
      vertex -15.18 8.001 3.288
      vertex -15.115 3.401 3.229
    endloop
  endfacet
  facet normal 0 0 0
    outer loop
      vertex -16.252 5.804 3.363
      vertex -16.252 8.001 2.252
      vertex -16.252 5.804 2.252
    endloop
  endfacet
  facet normal 0 0 0
    outer loop
      vertex -16.034 8.001 3.642
      vertex -16.051 6.629 3.644
      vertex -16.051 8.001 3.641
    endloop
  endfacet
  facet normal 0 0 0
    outer loop
      vertex -15.579 8.001 3.533
      vertex -16.051 6.629 3.644
      vertex -16.034 8.001 3.642
    endloop
  endfacet
  facet normal 0 0 0
    outer loop
      vertex -17.64 -10.324 2.252
      vertex -17.574 -12.658 2.548
      vertex -17.614 -12.485 2.252
    endloop
  endfacet
  facet normal 0 0 0
    outer loop
      vertex -17.64 -10.324 2.252
      vertex -17.327 -10.323 2.252
      vertex -17.614 -4.736 2.252
    endloop
  endfacet
  facet normal 0 0 0
    outer loop
      vertex -17.327 -10.323 2.252
      vertex -17.64 -10.324 2.252
      vertex -17.496 -11.599 2.252
    endloop
  endfacet
  facet normal 0 0 0
    outer loop
      vertex -17.64 -10.324 2.252
      vertex -17.614 -12.485 2.252
      vertex -17.496 -11.599 2.252
    endloop
  endfacet
  facet normal 0 0 0
    outer loop
      vertex -17.354 -10.367 2.151
      vertex -17.496 -11.599 2.252
      vertex -17.327 -10.165 2.051
    endloop
  endfacet
  facet normal 0 0 0
    outer loop
      vertex -17.522 -12.351 1.599
      vertex -17.624 -10.399 2.051
      vertex -17.624 -12.404 2.051
    endloop
  endfacet
  facet normal 0 0 0
    outer loop
      vertex -17.517 -11.599 2.051
      vertex -17.624 -12.404 2.051
      vertex -17.624 -10.399 2.051
    endloop
  endfacet
  facet normal 0 0 0
    outer loop
      vertex -17.624 -10.399 2.051
      vertex -17.327 -10.165 2.051
      vertex -17.517 -11.599 2.051
    endloop
  endfacet
  facet normal 0 0 0
    outer loop
      vertex -17.496 -11.599 2.252
      vertex -17.354 -10.367 2.151
      vertex -17.327 -10.323 2.252
    endloop
  endfacet
  facet normal 0 0 0
    outer loop
      vertex -18.303 -14.749 0.251
      vertex -18.051 14.751 -0.001
      vertex -18.051 -14.749 -0.001
    endloop
  endfacet
  facet normal 0 0 0
    outer loop
      vertex -16.889 -10.399 0.873
      vertex -16.857 -12.943 0.84
      vertex -16.332 -10.399 0.662
    endloop
  endfacet
  facet normal 0 0 0
    outer loop
      vertex -16.681 3.401 0.753
      vertex -16.889 -10.399 0.873
      vertex -16.332 -10.399 0.662
    endloop
  endfacet
  facet normal 0 0 0
    outer loop
      vertex -17.367 -12.716 1.291
      vertex -16.889 -10.399 0.873
      vertex -17.415 -10.399 1.352
    endloop
  endfacet
  facet normal 0 0 0
    outer loop
      vertex -16.889 -10.399 0.873
      vertex -16.681 3.401 0.753
      vertex -17.183 -3.499 1.077
    endloop
  endfacet
  facet normal 0 0 0
    outer loop
      vertex -17.183 -3.499 1.077
      vertex -17.415 -10.399 1.352
      vertex -16.889 -10.399 0.873
    endloop
  endfacet
  facet normal 0 0 0
    outer loop
      vertex -16.889 -10.399 0.873
      vertex -17.367 -12.716 1.291
      vertex -17.147 -12.618 1.071
    endloop
  endfacet
  facet normal 0 0 0
    outer loop
      vertex -17.147 -12.618 1.071
      vertex -17.058 -12.808 0.987
      vertex -16.889 -10.399 0.873
    endloop
  endfacet
  facet normal 0 0 0
    outer loop
      vertex -17.522 -12.351 1.599
      vertex -17.367 -12.716 1.291
      vertex -17.415 -10.399 1.352
    endloop
  endfacet
  facet normal 0 0 0
    outer loop
      vertex -17.522 -12.351 1.599
      vertex -17.415 -10.399 1.352
      vertex -17.624 -10.399 2.051
    endloop
  endfacet
  facet normal 0 0 0
    outer loop
      vertex -17.526 -5.799 1.565
      vertex -17.415 -10.399 1.352
      vertex -17.183 -3.499 1.077
    endloop
  endfacet
  facet normal 0 0 0
    outer loop
      vertex -17.624 -10.399 2.051
      vertex -17.415 -10.399 1.352
      vertex -17.526 -5.799 1.565
    endloop
  endfacet
  facet normal 0 0 0
    outer loop
      vertex -17.526 -5.799 1.565
      vertex -17.641 -1.199 2.031
      vertex -17.624 -10.399 2.051
    endloop
  endfacet
  facet normal 0 0 0
    outer loop
      vertex -16.252 5.804 3.363
      vertex -16.252 -13.867 3.627
      vertex -16.252 8.001 3.625
    endloop
  endfacet
  facet normal 0 0 0
    outer loop
      vertex -16.101 5.804 3.404
      vertex -16.21 -11.786 3.375
      vertex -16.252 -11.76 3.363
    endloop
  endfacet
  facet normal 0 0 0
    outer loop
      vertex -16.051 -13.274 0.669
      vertex -16.051 3.749 0.669
      vertex -16.051 -11.332 0.911
    endloop
  endfacet
  facet normal 0 0 0
    outer loop
      vertex -15.115 -1.199 1.073
      vertex -15.37 8.001 0.876
      vertex -15.621 -13.199 0.758
    endloop
  endfacet
  facet normal 0 0 0
    outer loop
      vertex -15.621 -13.199 0.758
      vertex -15.172 -13.307 1.021
      vertex -15.115 -1.199 1.073
    endloop
  endfacet
  facet normal 0 0 0
    outer loop
      vertex -15.922 -13.465 0.669
      vertex -15.971 3.401 0.667
      vertex -16.051 -13.274 0.669
    endloop
  endfacet
  facet normal 0 0 0
    outer loop
      vertex -16.881 -15.001 0.552
      vertex -16.369 -15.001 0.456
      vertex -16.252 -13.144 0.666
    endloop
  endfacet
  facet normal 0 0 0
    outer loop
      vertex -16.881 -15.001 0.552
      vertex -16.252 -13.144 0.666
      vertex -16.31 -13.29 0.659
    endloop
  endfacet
  facet normal 0 0 0
    outer loop
      vertex -15.172 -13.307 1.021
      vertex -14.944 -15.001 0.915
      vertex -15.076 -13.137 1.14
    endloop
  endfacet
  facet normal 0 0 0
    outer loop
      vertex -15.971 3.401 0.667
      vertex -15.922 -13.465 0.669
      vertex -15.621 -13.199 0.758
    endloop
  endfacet
  facet normal 0 0 0
    outer loop
      vertex -15.621 -13.199 0.758
      vertex -15.521 -15.001 0.552
      vertex -15.172 -13.307 1.021
    endloop
  endfacet
  facet normal 0 0 0
    outer loop
      vertex -15.621 -13.199 0.758
      vertex -15.922 -13.465 0.669
      vertex -15.521 -15.001 0.552
    endloop
  endfacet
  facet normal 0 0 0
    outer loop
      vertex -14 -14.749 0.251
      vertex -14.251 -14.749 -0.001
      vertex -14 14.751 0.251
    endloop
  endfacet
  facet normal 0 0 0
    outer loop
      vertex -14.251 -15.001 0.251
      vertex -18.051 -15.001 0.251
      vertex -18.051 -14.749 -0.001
    endloop
  endfacet
  facet normal 0 0 0
    outer loop
      vertex -14.251 -15.001 0.251
      vertex -18.051 -14.749 -0.001
      vertex -14.251 -14.749 -0.001
    endloop
  endfacet
  facet normal 0 0 0
    outer loop
      vertex -15.521 -15.001 0.552
      vertex -14.944 -15.001 0.915
      vertex -15.172 -13.307 1.021
    endloop
  endfacet
  facet normal 0 0 0
    outer loop
      vertex -14.858 -13.347 1.401
      vertex -14.944 -15.001 0.915
      vertex -14.654 -15.001 1.325
    endloop
  endfacet
  facet normal 0 0 0
    outer loop
      vertex -14.944 -15.001 0.915
      vertex -14.858 -13.347 1.401
      vertex -15.076 -13.137 1.14
    endloop
  endfacet
  facet normal 0 0 0
    outer loop
      vertex -16.369 -15.001 0.456
      vertex -15.922 -13.465 0.669
      vertex -16.051 -13.274 0.669
    endloop
  endfacet
  facet normal 0 0 0
    outer loop
      vertex -16.31 -13.29 0.659
      vertex -16.369 -15.001 0.456
      vertex -16.051 -13.274 0.669
    endloop
  endfacet
  facet normal 0 0 0
    outer loop
      vertex -16.31 -13.29 0.659
      vertex -16.252 -13.144 0.666
      vertex -16.369 -15.001 0.456
    endloop
  endfacet
  facet normal 0 0 0
    outer loop
      vertex -15.856 -15.001 0.489
      vertex -15.521 -15.001 0.552
      vertex -15.922 -13.465 0.669
    endloop
  endfacet
  facet normal 0 0 0
    outer loop
      vertex -15.922 -13.465 0.669
      vertex -16.369 -15.001 0.456
      vertex -15.856 -15.001 0.489
    endloop
  endfacet
  facet normal 0 0 0
    outer loop
      vertex -14.743 -13.25 1.686
      vertex -14.654 -15.001 1.325
      vertex -14.671 -13.304 2.012
    endloop
  endfacet
  facet normal 0 0 0
    outer loop
      vertex -14.671 -13.304 2.012
      vertex -14.654 -15.001 1.325
      vertex -14.457 -15.001 1.943
    endloop
  endfacet
  facet normal 0 0 0
    outer loop
      vertex -14.858 -13.347 1.401
      vertex -14.654 -15.001 1.325
      vertex -14.743 -13.25 1.686
    endloop
  endfacet
  facet normal 0 0 0
    outer loop
      vertex -14.251 -15.001 0.251
      vertex -14.251 -14.749 -0.001
      vertex -14 -14.749 0.251
    endloop
  endfacet
  facet normal 0 0 0
    outer loop
      vertex -9.303 14.751 4.051
      vertex -9.303 14.751 0.251
      vertex -9.303 -14.749 0.251
    endloop
  endfacet
  facet normal 0 0 0
    outer loop
      vertex -9.303 -14.749 0.251
      vertex -9.303 -14.749 4.051
      vertex -9.303 14.751 4.051
    endloop
  endfacet
  facet normal 0 0 0
    outer loop
      vertex -5.251 15.003 4.051
      vertex -5.251 15.003 0.251
      vertex -9.051 15.003 4.051
    endloop
  endfacet
  facet normal 0 0 0
    outer loop
      vertex -5.251 15.003 0.251
      vertex -9.051 15.003 0.251
      vertex -9.051 15.003 4.051
    endloop
  endfacet
  facet normal 0 0 0
    outer loop
      vertex -16.051 6.629 3.644
      vertex -16.051 5.804 3.391
      vertex -16.051 5.804 2.252
    endloop
  endfacet
  facet normal 0 0 0
    outer loop
      vertex -15.579 8.001 3.533
      vertex -16.051 3.76 3.641
      vertex -16.051 6.629 3.644
    endloop
  endfacet
  facet normal 0 0 0
    outer loop
      vertex -16.051 8.001 2.252
      vertex -15.579 8.001 3.533
      vertex -16.034 8.001 3.642
    endloop
  endfacet
  facet normal 0 0 0
    outer loop
      vertex -15.579 8.001 3.533
      vertex -16.051 8.001 2.252
      vertex -15.18 8.001 3.288
    endloop
  endfacet
  facet normal 0 0 0
    outer loop
      vertex -16.051 6.629 3.644
      vertex -16.051 8.001 2.252
      vertex -16.051 8.001 3.641
    endloop
  endfacet
  facet normal 0 0 0
    outer loop
      vertex -15.18 8.001 3.288
      vertex -16.051 8.001 2.252
      vertex -14.876 8.001 2.932
    endloop
  endfacet
  facet normal 0 0 0
    outer loop
      vertex -16.252 8.001 2.252
      vertex -17.533 8.001 2.723
      vertex -17.642 8.001 2.268
    endloop
  endfacet
  facet normal 0 0 0
    outer loop
      vertex -16.252 8.001 2.051
      vertex -16.5 8.001 0.697
      vertex -16.252 8.001 0.736
    endloop
  endfacet
  facet normal 0 0 0
    outer loop
      vertex -16.252 8.001 2.252
      vertex -17.642 8.001 2.268
      vertex -17.641 8.001 2.252
    endloop
  endfacet
  facet normal 0 0 0
    outer loop
      vertex -16.051 8.001 2.252
      vertex -16.034 8.001 3.642
      vertex -16.051 8.001 3.641
    endloop
  endfacet
  facet normal 0 0 0
    outer loop
      vertex -16.051 8.001 2.051
      vertex -16.051 5.804 0.911
      vertex -16.051 8.001 0.768
    endloop
  endfacet
  facet normal 0 0 0
    outer loop
      vertex 3.559 -13.25 1.686
      vertex 3.648 -15.001 1.325
      vertex 3.631 -13.304 2.012
    endloop
  endfacet
  facet normal 0 0 0
    outer loop
      vertex 3.631 -13.304 2.012
      vertex 3.648 -15.001 1.325
      vertex 3.845 -15.001 1.943
    endloop
  endfacet
  facet normal 0 0 0
    outer loop
      vertex 3.444 -13.347 1.401
      vertex 3.648 -15.001 1.325
      vertex 3.559 -13.25 1.686
    endloop
  endfacet
  facet normal 0 0 0
    outer loop
      vertex 4.051 -15.001 0.251
      vertex 4.051 -14.749 0
      vertex 4.303 -14.749 0.251
    endloop
  endfacet
  facet normal 0 0 0
    outer loop
      vertex 4.051 -15.001 0.251
      vertex 4.303 -14.749 0.251
      vertex 4.303 -14.749 4.051
    endloop
  endfacet
  facet normal 0 0 0
    outer loop
      vertex 4.303 -14.749 0.251
      vertex 4.051 -14.749 0
      vertex 4.303 14.751 0.251
    endloop
  endfacet
  facet normal 0 0 0
    outer loop
      vertex -16.252 8.001 2.252
      vertex -17.327 5.804 2.252
      vertex -16.252 5.804 2.252
    endloop
  endfacet
  facet normal 0 0 0
    outer loop
      vertex -14.677 8.001 2.252
      vertex -14.697 8.001 2.5
      vertex -16.051 8.001 2.252
    endloop
  endfacet
  facet normal 0 0 0
    outer loop
      vertex -14.876 8.001 2.932
      vertex -16.051 8.001 2.252
      vertex -14.697 8.001 2.5
    endloop
  endfacet
  facet normal 0 0 0
    outer loop
      vertex -16.051 8.001 2.252
      vertex -14.875 5.804 2.252
      vertex -14.677 8.001 2.252
    endloop
  endfacet
  facet normal 0 0 0
    outer loop
      vertex -16.051 8.001 2.252
      vertex -16.051 6.629 3.644
      vertex -16.051 5.804 2.252
    endloop
  endfacet
  facet normal 0 0 0
    outer loop
      vertex -16.051 5.804 0.911
      vertex -16.051 8.001 2.051
      vertex -16.051 5.804 2.051
    endloop
  endfacet
  facet normal 0 0 0
    outer loop
      vertex -16.252 8.001 2.051
      vertex -17.327 5.804 2.051
      vertex -17.625 8.001 2.051
    endloop
  endfacet
  facet normal 0 0 0
    outer loop
      vertex -16.252 8.001 2.252
      vertex -16.252 5.804 3.363
      vertex -16.252 8.001 3.625
    endloop
  endfacet
  facet normal 0 0 0
    outer loop
      vertex -16.252 8.001 2.051
      vertex -16.252 5.804 0.939
      vertex -16.252 5.804 2.051
    endloop
  endfacet
  facet normal 0 0 0
    outer loop
      vertex -14.956 -5.799 3.049
      vertex -15.115 3.401 3.229
      vertex -14.876 8.001 2.932
    endloop
  endfacet
  facet normal 0 0 0
    outer loop
      vertex -14.697 8.001 2.5
      vertex -14.956 -5.799 3.049
      vertex -14.876 8.001 2.932
    endloop
  endfacet
  facet normal 0 0 0
    outer loop
      vertex -14.875 5.804 2.252
      vertex -16.051 8.001 2.252
      vertex -16.051 5.804 2.252
    endloop
  endfacet
  facet normal 0 0 0
    outer loop
      vertex -16.051 8.001 2.051
      vertex -14.875 5.804 2.051
      vertex -16.051 5.804 2.051
    endloop
  endfacet
  facet normal 0 0 0
    outer loop
      vertex -14.876 8.001 2.932
      vertex -15.115 3.401 3.229
      vertex -15.18 8.001 3.288
    endloop
  endfacet
  facet normal 0 0 0
    outer loop
      vertex -9.051 14.751 4.303
      vertex -5.823 13.117 4.303
      vertex -5.251 14.751 4.303
    endloop
  endfacet
  facet normal 0 0 0
    outer loop
      vertex -5.251 14.751 4.303
      vertex -5.823 9.701 4.303
      vertex -5.251 -14.749 4.303
    endloop
  endfacet
  facet normal 0 0 0
    outer loop
      vertex -5.823 13.117 4.303
      vertex -9.051 14.751 4.303
      vertex -8.554 13.117 4.303
    endloop
  endfacet
  facet normal 0 0 0
    outer loop
      vertex -9.051 14.751 4.303
      vertex -8.554 9.701 4.303
      vertex -8.554 13.117 4.303
    endloop
  endfacet
  facet normal 0 0 0
    outer loop
      vertex -8.554 9.701 4.303
      vertex -9.051 14.751 4.303
      vertex -9.051 -14.749 4.303
    endloop
  endfacet
  facet normal 0 0 0
    outer loop
      vertex -5.823 9.701 4.303
      vertex -5.251 14.751 4.303
      vertex -5.823 13.117 4.303
    endloop
  endfacet
  facet normal 0 0 0
    outer loop
      vertex -5.823 9.701 4.303
      vertex -9.051 -14.749 4.303
      vertex -5.251 -14.749 4.303
    endloop
  endfacet
  facet normal 0 0 0
    outer loop
      vertex -9.051 -14.749 4.303
      vertex -5.823 9.701 4.303
      vertex -8.554 9.701 4.303
    endloop
  endfacet
  facet normal 0 0 0
    outer loop
      vertex -8.554 12.723 3.979
      vertex -8.554 13.117 4.303
      vertex -8.554 9.701 4.303
    endloop
  endfacet
  facet normal 0 0 0
    outer loop
      vertex -9.051 -14.749 4.303
      vertex -9.303 14.751 4.051
      vertex -9.303 -14.749 4.051
    endloop
  endfacet
  facet normal 0 0 0
    outer loop
      vertex -8.554 12.723 3.979
      vertex -5.823 12.723 3.979
      vertex -5.823 13.117 4.303
    endloop
  endfacet
  facet normal 0 0 0
    outer loop
      vertex -9.303 14.751 4.051
      vertex -9.051 14.751 4.303
      vertex -9.051 15.003 4.051
    endloop
  endfacet
  facet normal 0 0 0
    outer loop
      vertex -5.251 14.751 4.303
      vertex -9.051 15.003 4.051
      vertex -9.051 14.751 4.303
    endloop
  endfacet
  facet normal 0 0 0
    outer loop
      vertex -8.554 12.384 3.566
      vertex -8.554 12.723 3.979
      vertex -8.554 9.701 4.303
    endloop
  endfacet
  facet normal 0 0 0
    outer loop
      vertex -8.554 12.723 3.979
      vertex -8.554 12.384 3.566
      vertex -5.823 12.384 3.566
    endloop
  endfacet
  facet normal 0 0 0
    outer loop
      vertex -9.303 14.751 4.051
      vertex -9.051 -14.749 4.303
      vertex -9.051 14.751 4.303
    endloop
  endfacet
  facet normal 0 0 0
    outer loop
      vertex -8.554 12.723 3.979
      vertex -5.823 13.117 4.303
      vertex -8.554 13.117 4.303
    endloop
  endfacet
  facet normal 0 0 0
    outer loop
      vertex -8.554 9.701 4.303
      vertex -8.554 12.132 3.094
      vertex -8.554 12.384 3.566
    endloop
  endfacet
  facet normal 0 0 0
    outer loop
      vertex -9.303 14.751 0.251
      vertex -9.051 15.003 4.051
      vertex -9.051 15.003 0.251
    endloop
  endfacet
  facet normal 0 0 0
    outer loop
      vertex -9.051 15.003 4.051
      vertex -9.303 14.751 0.251
      vertex -9.303 14.751 4.051
    endloop
  endfacet
  facet normal 0 0 0
    outer loop
      vertex -5.251 15.003 0.251
      vertex -5.251 14.751 -0.001
      vertex -9.051 14.751 -0.001
    endloop
  endfacet
  facet normal 0 0 0
    outer loop
      vertex -5.251 15.003 0.251
      vertex -9.051 14.751 -0.001
      vertex -9.051 15.003 0.251
    endloop
  endfacet
  facet normal 0 0 0
    outer loop
      vertex -9.303 14.751 0.251
      vertex -9.051 15.003 0.251
      vertex -9.051 14.751 -0.001
    endloop
  endfacet
  facet normal 0 0 0
    outer loop
      vertex -5.823 12.384 0.536
      vertex -8.554 12.723 0.123
      vertex -5.823 12.723 0.123
    endloop
  endfacet
  facet normal 0 0 0
    outer loop
      vertex -8.554 12.723 0.123
      vertex -5.823 12.384 0.536
      vertex -8.554 12.384 0.536
    endloop
  endfacet
  facet normal 0 0 0
    outer loop
      vertex -5.823 12.872 0.001
      vertex -8.55 13.75 0.001
      vertex -5.752 13.75 0.001
    endloop
  endfacet
  facet normal 0 0 0
    outer loop
      vertex -8.55 13.75 0.001
      vertex -5.823 12.872 0.001
      vertex -8.55 12.872 0.001
    endloop
  endfacet
  facet normal 0 0 0
    outer loop
      vertex -5.823 12.723 0.123
      vertex -8.55 12.872 0.001
      vertex -5.823 12.872 0.001
    endloop
  endfacet
  facet normal 0 0 0
    outer loop
      vertex -8.55 12.872 0.001
      vertex -5.823 12.723 0.123
      vertex -8.554 12.723 0.123
    endloop
  endfacet
endsolid OpenSCAD_Model
