source_document,source_page,source_citation,measurement_name,body_region,population,country,sex,sample_size,stat_type,percentile,value_cm,value_mm,value_in,data_quality_note
Anthropometric Detailed Data Tables (ANSUR 1988),6,"Gordon CC, Churchill T, Clauser CE et al. (1989). 1988 Anthropometric Survey of U.S. Personnel: Summary Statistics Interim Report. US Army Natick Research, Development and Engineering Center. March 1989.",Elbow-Center of Grip Length,forearm,US Military Personnel,USA,female,2208,mean,,32.88,328.8,12.945,
Anthropometric Detailed Data Tables (ANSUR 1988),6,"Gordon CC, Churchill T, Clauser CE et al. (1989). 1988 Anthropometric Survey of U.S. Personnel: Summary Statistics Interim Report. US Army Natick Research, Development and Engineering Center. March 1989.",Elbow-Center of Grip Length,forearm,US Military Personnel,USA,female,2208,std_dev,,1.77,17.7,0.697,
Anthropometric Detailed Data Tables (ANSUR 1988),6,"Gordon CC, Churchill T, Clauser CE et al. (1989). 1988 Anthropometric Survey of U.S. Personnel: Summary Statistics Interim Report. US Army Natick Research, Development and Engineering Center. March 1989.",Elbow-Center of Grip Length,forearm,US Military Personnel,USA,female,2208,max,,41.3,413.0,16.26,
Anthropometric Detailed Data Tables (ANSUR 1988),6,"Gordon CC, Churchill T, Clauser CE et al. (1989). 1988 Anthropometric Survey of U.S. Personnel: Summary Statistics Interim Report. US Army Natick Research, Development and Engineering Center. March 1989.",Elbow-Center of Grip Length,forearm,US Military Personnel,USA,female,2208,min,,23.7,237.0,9.331,
Anthropometric Detailed Data Tables (ANSUR 1988),6,"Gordon CC, Churchill T, Clauser CE et al. (1989). 1988 Anthropometric Survey of U.S. Personnel: Summary Statistics Interim Report. US Army Natick Research, Development and Engineering Center. March 1989.",Elbow-Center of Grip Length,forearm,US Military Personnel,USA,female,2208,percentile,1,29.93,299.3,11.783,
Anthropometric Detailed Data Tables (ANSUR 1988),6,"Gordon CC, Churchill T, Clauser CE et al. (1989). 1988 Anthropometric Survey of U.S. Personnel: Summary Statistics Interim Report. US Army Natick Research, Development and Engineering Center. March 1989.",Elbow-Center of Grip Length,forearm,US Military Personnel,USA,female,2208,percentile,2,29.35,293.5,11.555,
Anthropometric Detailed Data Tables (ANSUR 1988),6,"Gordon CC, Churchill T, Clauser CE et al. (1989). 1988 Anthropometric Survey of U.S. Personnel: Summary Statistics Interim Report. US Army Natick Research, Development and Engineering Center. March 1989.",Elbow-Center of Grip Length,forearm,US Military Personnel,USA,female,2208,percentile,3,29.63,296.3,11.665,
Anthropometric Detailed Data Tables (ANSUR 1988),6,"Gordon CC, Churchill T, Clauser CE et al. (1989). 1988 Anthropometric Survey of U.S. Personnel: Summary Statistics Interim Report. US Army Natick Research, Development and Engineering Center. March 1989.",Elbow-Center of Grip Length,forearm,US Military Personnel,USA,female,2208,percentile,5,30.02,300.2,11.819,
Anthropometric Detailed Data Tables (ANSUR 1988),6,"Gordon CC, Churchill T, Clauser CE et al. (1989). 1988 Anthropometric Survey of U.S. Personnel: Summary Statistics Interim Report. US Army Natick Research, Development and Engineering Center. March 1989.",Elbow-Center of Grip Length,forearm,US Military Personnel,USA,female,2208,percentile,10,30.63,306.3,12.059,
Anthropometric Detailed Data Tables (ANSUR 1988),6,"Gordon CC, Churchill T, Clauser CE et al. (1989). 1988 Anthropometric Survey of U.S. Personnel: Summary Statistics Interim Report. US Army Natick Research, Development and Engineering Center. March 1989.",Elbow-Center of Grip Length,forearm,US Military Personnel,USA,female,2208,percentile,15,31.04,310.4,12.22,
Anthropometric Detailed Data Tables (ANSUR 1988),6,"Gordon CC, Churchill T, Clauser CE et al. (1989). 1988 Anthropometric Survey of U.S. Personnel: Summary Statistics Interim Report. US Army Natick Research, Development and Engineering Center. March 1989.",Elbow-Center of Grip Length,forearm,US Military Personnel,USA,female,2208,percentile,20,31.37,313.7,12.35,
Anthropometric Detailed Data Tables (ANSUR 1988),6,"Gordon CC, Churchill T, Clauser CE et al. (1989). 1988 Anthropometric Survey of U.S. Personnel: Summary Statistics Interim Report. US Army Natick Research, Development and Engineering Center. March 1989.",Elbow-Center of Grip Length,forearm,US Military Personnel,USA,female,2208,percentile,25,31.66,316.6,12.465,
Anthropometric Detailed Data Tables (ANSUR 1988),6,"Gordon CC, Churchill T, Clauser CE et al. (1989). 1988 Anthropometric Survey of U.S. Personnel: Summary Statistics Interim Report. US Army Natick Research, Development and Engineering Center. March 1989.",Elbow-Center of Grip Length,forearm,US Military Personnel,USA,female,2208,percentile,30,31.92,319.2,12.567,
Anthropometric Detailed Data Tables (ANSUR 1988),6,"Gordon CC, Churchill T, Clauser CE et al. (1989). 1988 Anthropometric Survey of U.S. Personnel: Summary Statistics Interim Report. US Army Natick Research, Development and Engineering Center. March 1989.",Elbow-Center of Grip Length,forearm,US Military Personnel,USA,female,2208,percentile,35,32.17,321.7,12.665,
Anthropometric Detailed Data Tables (ANSUR 1988),6,"Gordon CC, Churchill T, Clauser CE et al. (1989). 1988 Anthropometric Survey of U.S. Personnel: Summary Statistics Interim Report. US Army Natick Research, Development and Engineering Center. March 1989.",Elbow-Center of Grip Length,forearm,US Military Personnel,USA,female,2208,percentile,40,32.4,324.0,12.756,
Anthropometric Detailed Data Tables (ANSUR 1988),6,"Gordon CC, Churchill T, Clauser CE et al. (1989). 1988 Anthropometric Survey of U.S. Personnel: Summary Statistics Interim Report. US Army Natick Research, Development and Engineering Center. March 1989.",Elbow-Center of Grip Length,forearm,US Military Personnel,USA,female,2208,percentile,45,32.62,326.2,12.843,
Anthropometric Detailed Data Tables (ANSUR 1988),6,"Gordon CC, Churchill T, Clauser CE et al. (1989). 1988 Anthropometric Survey of U.S. Personnel: Summary Statistics Interim Report. US Army Natick Research, Development and Engineering Center. March 1989.",Elbow-Center of Grip Length,forearm,US Military Personnel,USA,female,2208,percentile,50,32.84,328.4,12.929,
Anthropometric Detailed Data Tables (ANSUR 1988),6,"Gordon CC, Churchill T, Clauser CE et al. (1989). 1988 Anthropometric Survey of U.S. Personnel: Summary Statistics Interim Report. US Army Natick Research, Development and Engineering Center. March 1989.",Elbow-Center of Grip Length,forearm,US Military Personnel,USA,female,2208,percentile,55,33.06,330.6,13.016,
Anthropometric Detailed Data Tables (ANSUR 1988),6,"Gordon CC, Churchill T, Clauser CE et al. (1989). 1988 Anthropometric Survey of U.S. Personnel: Summary Statistics Interim Report. US Army Natick Research, Development and Engineering Center. March 1989.",Elbow-Center of Grip Length,forearm,US Military Personnel,USA,female,2208,percentile,60,33.29,332.9,13.106,
Anthropometric Detailed Data Tables (ANSUR 1988),6,"Gordon CC, Churchill T, Clauser CE et al. (1989). 1988 Anthropometric Survey of U.S. Personnel: Summary Statistics Interim Report. US Army Natick Research, Development and Engineering Center. March 1989.",Elbow-Center of Grip Length,forearm,US Military Personnel,USA,female,2208,percentile,65,33.52,335.2,13.197,
Anthropometric Detailed Data Tables (ANSUR 1988),6,"Gordon CC, Churchill T, Clauser CE et al. (1989). 1988 Anthropometric Survey of U.S. Personnel: Summary Statistics Interim Report. US Army Natick Research, Development and Engineering Center. March 1989.",Elbow-Center of Grip Length,forearm,US Military Personnel,USA,female,2208,percentile,70,33.77,337.7,13.295,
Anthropometric Detailed Data Tables (ANSUR 1988),6,"Gordon CC, Churchill T, Clauser CE et al. (1989). 1988 Anthropometric Survey of U.S. Personnel: Summary Statistics Interim Report. US Army Natick Research, Development and Engineering Center. March 1989.",Elbow-Center of Grip Length,forearm,US Military Personnel,USA,female,2208,percentile,75,34.04,340.4,13.402,
Anthropometric Detailed Data Tables (ANSUR 1988),6,"Gordon CC, Churchill T, Clauser CE et al. (1989). 1988 Anthropometric Survey of U.S. Personnel: Summary Statistics Interim Report. US Army Natick Research, Development and Engineering Center. March 1989.",Elbow-Center of Grip Length,forearm,US Military Personnel,USA,female,2208,percentile,80,34.34,343.4,13.52,
Anthropometric Detailed Data Tables (ANSUR 1988),6,"Gordon CC, Churchill T, Clauser CE et al. (1989). 1988 Anthropometric Survey of U.S. Personnel: Summary Statistics Interim Report. US Army Natick Research, Development and Engineering Center. March 1989.",Elbow-Center of Grip Length,forearm,US Military Personnel,USA,female,2208,percentile,85,34.69,346.9,13.657,
Anthropometric Detailed Data Tables (ANSUR 1988),6,"Gordon CC, Churchill T, Clauser CE et al. (1989). 1988 Anthropometric Survey of U.S. Personnel: Summary Statistics Interim Report. US Army Natick Research, Development and Engineering Center. March 1989.",Elbow-Center of Grip Length,forearm,US Military Personnel,USA,female,2208,percentile,90,35.15,351.5,13.839,
Anthropometric Detailed Data Tables (ANSUR 1988),6,"Gordon CC, Churchill T, Clauser CE et al. (1989). 1988 Anthropometric Survey of U.S. Personnel: Summary Statistics Interim Report. US Army Natick Research, Development and Engineering Center. March 1989.",Elbow-Center of Grip Length,forearm,US Military Personnel,USA,female,2208,percentile,95,35.84,358.4,14.11,
Anthropometric Detailed Data Tables (ANSUR 1988),6,"Gordon CC, Churchill T, Clauser CE et al. (1989). 1988 Anthropometric Survey of U.S. Personnel: Summary Statistics Interim Report. US Army Natick Research, Development and Engineering Center. March 1989.",Elbow-Center of Grip Length,forearm,US Military Personnel,USA,female,2208,percentile,97,36.29,362.9,14.287,
Anthropometric Detailed Data Tables (ANSUR 1988),6,"Gordon CC, Churchill T, Clauser CE et al. (1989). 1988 Anthropometric Survey of U.S. Personnel: Summary Statistics Interim Report. US Army Natick Research, Development and Engineering Center. March 1989.",Elbow-Center of Grip Length,forearm,US Military Personnel,USA,female,2208,percentile,98,36.64,366.4,14.425,
Anthropometric Detailed Data Tables (ANSUR 1988),6,"Gordon CC, Churchill T, Clauser CE et al. (1989). 1988 Anthropometric Survey of U.S. Personnel: Summary Statistics Interim Report. US Army Natick Research, Development and Engineering Center. March 1989.",Elbow-Center of Grip Length,forearm,US Military Personnel,USA,female,2208,percentile,99,37.2,372.0,14.646,
Anthropometric Detailed Data Tables (ANSUR 1988),6,"Gordon CC, Churchill T, Clauser CE et al. (1989). 1988 Anthropometric Survey of U.S. Personnel: Summary Statistics Interim Report. US Army Natick Research, Development and Engineering Center. March 1989.",Elbow-Center of Grip Length,forearm,US Military Personnel,USA,male,1774,mean,,36.0,360.0,14.173,
Anthropometric Detailed Data Tables (ANSUR 1988),6,"Gordon CC, Churchill T, Clauser CE et al. (1989). 1988 Anthropometric Survey of U.S. Personnel: Summary Statistics Interim Report. US Army Natick Research, Development and Engineering Center. March 1989.",Elbow-Center of Grip Length,forearm,US Military Personnel,USA,male,1774,std_dev,,1.79,17.9,0.705,
Anthropometric Detailed Data Tables (ANSUR 1988),6,"Gordon CC, Churchill T, Clauser CE et al. (1989). 1988 Anthropometric Survey of U.S. Personnel: Summary Statistics Interim Report. US Army Natick Research, Development and Engineering Center. March 1989.",Elbow-Center of Grip Length,forearm,US Military Personnel,USA,male,1774,max,,43.6,436.0,17.165,
Anthropometric Detailed Data Tables (ANSUR 1988),6,"Gordon CC, Churchill T, Clauser CE et al. (1989). 1988 Anthropometric Survey of U.S. Personnel: Summary Statistics Interim Report. US Army Natick Research, Development and Engineering Center. March 1989.",Elbow-Center of Grip Length,forearm,US Military Personnel,USA,male,1774,min,,29.3,293.0,11.535,
Anthropometric Detailed Data Tables (ANSUR 1988),6,"Gordon CC, Churchill T, Clauser CE et al. (1989). 1988 Anthropometric Survey of U.S. Personnel: Summary Statistics Interim Report. US Army Natick Research, Development and Engineering Center. March 1989.",Elbow-Center of Grip Length,forearm,US Military Personnel,USA,male,1774,percentile,1,32.26,322.6,12.701,
Anthropometric Detailed Data Tables (ANSUR 1988),6,"Gordon CC, Churchill T, Clauser CE et al. (1989). 1988 Anthropometric Survey of U.S. Personnel: Summary Statistics Interim Report. US Army Natick Research, Development and Engineering Center. March 1989.",Elbow-Center of Grip Length,forearm,US Military Personnel,USA,male,1774,percentile,2,32.64,326.4,12.85,
Anthropometric Detailed Data Tables (ANSUR 1988),6,"Gordon CC, Churchill T, Clauser CE et al. (1989). 1988 Anthropometric Survey of U.S. Personnel: Summary Statistics Interim Report. US Army Natick Research, Development and Engineering Center. March 1989.",Elbow-Center of Grip Length,forearm,US Military Personnel,USA,male,1774,percentile,3,32.89,328.9,12.949,
Anthropometric Detailed Data Tables (ANSUR 1988),6,"Gordon CC, Churchill T, Clauser CE et al. (1989). 1988 Anthropometric Survey of U.S. Personnel: Summary Statistics Interim Report. US Army Natick Research, Development and Engineering Center. March 1989.",Elbow-Center of Grip Length,forearm,US Military Personnel,USA,male,1774,percentile,5,33.23,332.3,13.083,
Anthropometric Detailed Data Tables (ANSUR 1988),6,"Gordon CC, Churchill T, Clauser CE et al. (1989). 1988 Anthropometric Survey of U.S. Personnel: Summary Statistics Interim Report. US Army Natick Research, Development and Engineering Center. March 1989.",Elbow-Center of Grip Length,forearm,US Military Personnel,USA,male,1774,percentile,10,33.78,337.8,13.299,
Anthropometric Detailed Data Tables (ANSUR 1988),6,"Gordon CC, Churchill T, Clauser CE et al. (1989). 1988 Anthropometric Survey of U.S. Personnel: Summary Statistics Interim Report. US Army Natick Research, Development and Engineering Center. March 1989.",Elbow-Center of Grip Length,forearm,US Military Personnel,USA,male,1774,percentile,15,34.16,341.6,13.449,
Anthropometric Detailed Data Tables (ANSUR 1988),6,"Gordon CC, Churchill T, Clauser CE et al. (1989). 1988 Anthropometric Survey of U.S. Personnel: Summary Statistics Interim Report. US Army Natick Research, Development and Engineering Center. March 1989.",Elbow-Center of Grip Length,forearm,US Military Personnel,USA,male,1774,percentile,20,34.47,344.7,13.571,
Anthropometric Detailed Data Tables (ANSUR 1988),6,"Gordon CC, Churchill T, Clauser CE et al. (1989). 1988 Anthropometric Survey of U.S. Personnel: Summary Statistics Interim Report. US Army Natick Research, Development and Engineering Center. March 1989.",Elbow-Center of Grip Length,forearm,US Military Personnel,USA,male,1774,percentile,25,34.75,347.5,13.681,
Anthropometric Detailed Data Tables (ANSUR 1988),6,"Gordon CC, Churchill T, Clauser CE et al. (1989). 1988 Anthropometric Survey of U.S. Personnel: Summary Statistics Interim Report. US Army Natick Research, Development and Engineering Center. March 1989.",Elbow-Center of Grip Length,forearm,US Military Personnel,USA,male,1774,percentile,30,35.0,350.0,13.78,
Anthropometric Detailed Data Tables (ANSUR 1988),6,"Gordon CC, Churchill T, Clauser CE et al. (1989). 1988 Anthropometric Survey of U.S. Personnel: Summary Statistics Interim Report. US Army Natick Research, Development and Engineering Center. March 1989.",Elbow-Center of Grip Length,forearm,US Military Personnel,USA,male,1774,percentile,35,35.24,352.4,13.874,
Anthropometric Detailed Data Tables (ANSUR 1988),6,"Gordon CC, Churchill T, Clauser CE et al. (1989). 1988 Anthropometric Survey of U.S. Personnel: Summary Statistics Interim Report. US Army Natick Research, Development and Engineering Center. March 1989.",Elbow-Center of Grip Length,forearm,US Military Personnel,USA,male,1774,percentile,40,35.47,354.7,13.965,
Anthropometric Detailed Data Tables (ANSUR 1988),6,"Gordon CC, Churchill T, Clauser CE et al. (1989). 1988 Anthropometric Survey of U.S. Personnel: Summary Statistics Interim Report. US Army Natick Research, Development and Engineering Center. March 1989.",Elbow-Center of Grip Length,forearm,US Military Personnel,USA,male,1774,percentile,45,35.7,357.0,14.055,
Anthropometric Detailed Data Tables (ANSUR 1988),6,"Gordon CC, Churchill T, Clauser CE et al. (1989). 1988 Anthropometric Survey of U.S. Personnel: Summary Statistics Interim Report. US Army Natick Research, Development and Engineering Center. March 1989.",Elbow-Center of Grip Length,forearm,US Military Personnel,USA,male,1774,percentile,50,35.92,359.2,14.142,
Anthropometric Detailed Data Tables (ANSUR 1988),6,"Gordon CC, Churchill T, Clauser CE et al. (1989). 1988 Anthropometric Survey of U.S. Personnel: Summary Statistics Interim Report. US Army Natick Research, Development and Engineering Center. March 1989.",Elbow-Center of Grip Length,forearm,US Military Personnel,USA,male,1774,percentile,55,36.15,361.5,14.232,
Anthropometric Detailed Data Tables (ANSUR 1988),6,"Gordon CC, Churchill T, Clauser CE et al. (1989). 1988 Anthropometric Survey of U.S. Personnel: Summary Statistics Interim Report. US Army Natick Research, Development and Engineering Center. March 1989.",Elbow-Center of Grip Length,forearm,US Military Personnel,USA,male,1774,percentile,60,36.39,363.9,14.327,
Anthropometric Detailed Data Tables (ANSUR 1988),6,"Gordon CC, Churchill T, Clauser CE et al. (1989). 1988 Anthropometric Survey of U.S. Personnel: Summary Statistics Interim Report. US Army Natick Research, Development and Engineering Center. March 1989.",Elbow-Center of Grip Length,forearm,US Military Personnel,USA,male,1774,percentile,65,36.63,366.3,14.421,
Anthropometric Detailed Data Tables (ANSUR 1988),6,"Gordon CC, Churchill T, Clauser CE et al. (1989). 1988 Anthropometric Survey of U.S. Personnel: Summary Statistics Interim Report. US Army Natick Research, Development and Engineering Center. March 1989.",Elbow-Center of Grip Length,forearm,US Military Personnel,USA,male,1774,percentile,70,36.89,368.9,14.524,
Anthropometric Detailed Data Tables (ANSUR 1988),6,"Gordon CC, Churchill T, Clauser CE et al. (1989). 1988 Anthropometric Survey of U.S. Personnel: Summary Statistics Interim Report. US Army Natick Research, Development and Engineering Center. March 1989.",Elbow-Center of Grip Length,forearm,US Military Personnel,USA,male,1774,percentile,75,37.18,371.8,14.638,
Anthropometric Detailed Data Tables (ANSUR 1988),6,"Gordon CC, Churchill T, Clauser CE et al. (1989). 1988 Anthropometric Survey of U.S. Personnel: Summary Statistics Interim Report. US Army Natick Research, Development and Engineering Center. March 1989.",Elbow-Center of Grip Length,forearm,US Military Personnel,USA,male,1774,percentile,80,37.5,375.0,14.764,
Anthropometric Detailed Data Tables (ANSUR 1988),6,"Gordon CC, Churchill T, Clauser CE et al. (1989). 1988 Anthropometric Survey of U.S. Personnel: Summary Statistics Interim Report. US Army Natick Research, Development and Engineering Center. March 1989.",Elbow-Center of Grip Length,forearm,US Military Personnel,USA,male,1774,percentile,85,37.87,378.7,14.909,
Anthropometric Detailed Data Tables (ANSUR 1988),6,"Gordon CC, Churchill T, Clauser CE et al. (1989). 1988 Anthropometric Survey of U.S. Personnel: Summary Statistics Interim Report. US Army Natick Research, Development and Engineering Center. March 1989.",Elbow-Center of Grip Length,forearm,US Military Personnel,USA,male,1774,percentile,90,38.35,383.5,15.098,
Anthropometric Detailed Data Tables (ANSUR 1988),6,"Gordon CC, Churchill T, Clauser CE et al. (1989). 1988 Anthropometric Survey of U.S. Personnel: Summary Statistics Interim Report. US Army Natick Research, Development and Engineering Center. March 1989.",Elbow-Center of Grip Length,forearm,US Military Personnel,USA,male,1774,percentile,95,39.06,390.6,15.378,
Anthropometric Detailed Data Tables (ANSUR 1988),6,"Gordon CC, Churchill T, Clauser CE et al. (1989). 1988 Anthropometric Survey of U.S. Personnel: Summary Statistics Interim Report. US Army Natick Research, Development and Engineering Center. March 1989.",Elbow-Center of Grip Length,forearm,US Military Personnel,USA,male,1774,percentile,97,39.51,395.1,15.555,
Anthropometric Detailed Data Tables (ANSUR 1988),6,"Gordon CC, Churchill T, Clauser CE et al. (1989). 1988 Anthropometric Survey of U.S. Personnel: Summary Statistics Interim Report. US Army Natick Research, Development and Engineering Center. March 1989.",Elbow-Center of Grip Length,forearm,US Military Personnel,USA,male,1774,percentile,98,39.83,398.3,15.681,
Anthropometric Detailed Data Tables (ANSUR 1988),6,"Gordon CC, Churchill T, Clauser CE et al. (1989). 1988 Anthropometric Survey of U.S. Personnel: Summary Statistics Interim Report. US Army Natick Research, Development and Engineering Center. March 1989.",Elbow-Center of Grip Length,forearm,US Military Personnel,USA,male,1774,percentile,99,40.33,403.3,15.878,
Anthropometric Detailed Data Tables (ANSUR 1988),7,"Gordon CC, Churchill T, Clauser CE et al. (1989). 1988 Anthropometric Survey of U.S. Personnel: Summary Statistics Interim Report. US Army Natick Research, Development and Engineering Center. March 1989.",Elbow-Wrist Length,forearm,US Military Personnel,USA,female,2208,mean,,26.25,262.5,10.335,
Anthropometric Detailed Data Tables (ANSUR 1988),7,"Gordon CC, Churchill T, Clauser CE et al. (1989). 1988 Anthropometric Survey of U.S. Personnel: Summary Statistics Interim Report. US Army Natick Research, Development and Engineering Center. March 1989.",Elbow-Wrist Length,forearm,US Military Personnel,USA,female,2208,std_dev,,1.54,15.4,0.606,
Anthropometric Detailed Data Tables (ANSUR 1988),7,"Gordon CC, Churchill T, Clauser CE et al. (1989). 1988 Anthropometric Survey of U.S. Personnel: Summary Statistics Interim Report. US Army Natick Research, Development and Engineering Center. March 1989.",Elbow-Wrist Length,forearm,US Military Personnel,USA,female,2208,max,,33.4,334.0,13.15,
Anthropometric Detailed Data Tables (ANSUR 1988),7,"Gordon CC, Churchill T, Clauser CE et al. (1989). 1988 Anthropometric Survey of U.S. Personnel: Summary Statistics Interim Report. US Army Natick Research, Development and Engineering Center. March 1989.",Elbow-Wrist Length,forearm,US Military Personnel,USA,female,2208,min,,17.0,170.0,6.693,
Anthropometric Detailed Data Tables (ANSUR 1988),7,"Gordon CC, Churchill T, Clauser CE et al. (1989). 1988 Anthropometric Survey of U.S. Personnel: Summary Statistics Interim Report. US Army Natick Research, Development and Engineering Center. March 1989.",Elbow-Wrist Length,forearm,US Military Personnel,USA,female,2208,percentile,1,22.94,229.4,9.031,
Anthropometric Detailed Data Tables (ANSUR 1988),7,"Gordon CC, Churchill T, Clauser CE et al. (1989). 1988 Anthropometric Survey of U.S. Personnel: Summary Statistics Interim Report. US Army Natick Research, Development and Engineering Center. March 1989.",Elbow-Wrist Length,forearm,US Military Personnel,USA,female,2208,percentile,2,23.26,232.6,9.157,
Anthropometric Detailed Data Tables (ANSUR 1988),7,"Gordon CC, Churchill T, Clauser CE et al. (1989). 1988 Anthropometric Survey of U.S. Personnel: Summary Statistics Interim Report. US Army Natick Research, Development and Engineering Center. March 1989.",Elbow-Wrist Length,forearm,US Military Personnel,USA,female,2208,percentile,3,23.47,234.7,9.24,
Anthropometric Detailed Data Tables (ANSUR 1988),7,"Gordon CC, Churchill T, Clauser CE et al. (1989). 1988 Anthropometric Survey of U.S. Personnel: Summary Statistics Interim Report. US Army Natick Research, Development and Engineering Center. March 1989.",Elbow-Wrist Length,forearm,US Military Personnel,USA,female,2208,percentile,5,23.78,237.8,9.362,
Anthropometric Detailed Data Tables (ANSUR 1988),7,"Gordon CC, Churchill T, Clauser CE et al. (1989). 1988 Anthropometric Survey of U.S. Personnel: Summary Statistics Interim Report. US Army Natick Research, Development and Engineering Center. March 1989.",Elbow-Wrist Length,forearm,US Military Personnel,USA,female,2208,percentile,10,24.28,242.8,9.559,
Anthropometric Detailed Data Tables (ANSUR 1988),7,"Gordon CC, Churchill T, Clauser CE et al. (1989). 1988 Anthropometric Survey of U.S. Personnel: Summary Statistics Interim Report. US Army Natick Research, Development and Engineering Center. March 1989.",Elbow-Wrist Length,forearm,US Military Personnel,USA,female,2208,percentile,15,24.64,246.4,9.701,
Anthropometric Detailed Data Tables (ANSUR 1988),7,"Gordon CC, Churchill T, Clauser CE et al. (1989). 1988 Anthropometric Survey of U.S. Personnel: Summary Statistics Interim Report. US Army Natick Research, Development and Engineering Center. March 1989.",Elbow-Wrist Length,forearm,US Military Personnel,USA,female,2208,percentile,20,24.93,249.3,9.815,
Anthropometric Detailed Data Tables (ANSUR 1988),7,"Gordon CC, Churchill T, Clauser CE et al. (1989). 1988 Anthropometric Survey of U.S. Personnel: Summary Statistics Interim Report. US Army Natick Research, Development and Engineering Center. March 1989.",Elbow-Wrist Length,forearm,US Military Personnel,USA,female,2208,percentile,25,25.18,251.8,9.913,
Anthropometric Detailed Data Tables (ANSUR 1988),7,"Gordon CC, Churchill T, Clauser CE et al. (1989). 1988 Anthropometric Survey of U.S. Personnel: Summary Statistics Interim Report. US Army Natick Research, Development and Engineering Center. March 1989.",Elbow-Wrist Length,forearm,US Military Personnel,USA,female,2208,percentile,30,25.41,254.1,10.004,
Anthropometric Detailed Data Tables (ANSUR 1988),7,"Gordon CC, Churchill T, Clauser CE et al. (1989). 1988 Anthropometric Survey of U.S. Personnel: Summary Statistics Interim Report. US Army Natick Research, Development and Engineering Center. March 1989.",Elbow-Wrist Length,forearm,US Military Personnel,USA,female,2208,percentile,35,25.62,256.2,10.087,
Anthropometric Detailed Data Tables (ANSUR 1988),7,"Gordon CC, Churchill T, Clauser CE et al. (1989). 1988 Anthropometric Survey of U.S. Personnel: Summary Statistics Interim Report. US Army Natick Research, Development and Engineering Center. March 1989.",Elbow-Wrist Length,forearm,US Military Personnel,USA,female,2208,percentile,40,25.83,258.3,10.169,
Anthropometric Detailed Data Tables (ANSUR 1988),7,"Gordon CC, Churchill T, Clauser CE et al. (1989). 1988 Anthropometric Survey of U.S. Personnel: Summary Statistics Interim Report. US Army Natick Research, Development and Engineering Center. March 1989.",Elbow-Wrist Length,forearm,US Military Personnel,USA,female,2208,percentile,45,26.03,260.3,10.248,
Anthropometric Detailed Data Tables (ANSUR 1988),7,"Gordon CC, Churchill T, Clauser CE et al. (1989). 1988 Anthropometric Survey of U.S. Personnel: Summary Statistics Interim Report. US Army Natick Research, Development and Engineering Center. March 1989.",Elbow-Wrist Length,forearm,US Military Personnel,USA,female,2208,percentile,50,26.22,262.2,10.323,
Anthropometric Detailed Data Tables (ANSUR 1988),7,"Gordon CC, Churchill T, Clauser CE et al. (1989). 1988 Anthropometric Survey of U.S. Personnel: Summary Statistics Interim Report. US Army Natick Research, Development and Engineering Center. March 1989.",Elbow-Wrist Length,forearm,US Military Personnel,USA,female,2208,percentile,55,26.42,264.2,10.402,
Anthropometric Detailed Data Tables (ANSUR 1988),7,"Gordon CC, Churchill T, Clauser CE et al. (1989). 1988 Anthropometric Survey of U.S. Personnel: Summary Statistics Interim Report. US Army Natick Research, Development and Engineering Center. March 1989.",Elbow-Wrist Length,forearm,US Military Personnel,USA,female,2208,percentile,60,26.62,266.2,10.48,
Anthropometric Detailed Data Tables (ANSUR 1988),7,"Gordon CC, Churchill T, Clauser CE et al. (1989). 1988 Anthropometric Survey of U.S. Personnel: Summary Statistics Interim Report. US Army Natick Research, Development and Engineering Center. March 1989.",Elbow-Wrist Length,forearm,US Military Personnel,USA,female,2208,percentile,65,26.83,268.3,10.563,
Anthropometric Detailed Data Tables (ANSUR 1988),7,"Gordon CC, Churchill T, Clauser CE et al. (1989). 1988 Anthropometric Survey of U.S. Personnel: Summary Statistics Interim Report. US Army Natick Research, Development and Engineering Center. March 1989.",Elbow-Wrist Length,forearm,US Military Personnel,USA,female,2208,percentile,70,27.05,270.5,10.65,
Anthropometric Detailed Data Tables (ANSUR 1988),7,"Gordon CC, Churchill T, Clauser CE et al. (1989). 1988 Anthropometric Survey of U.S. Personnel: Summary Statistics Interim Report. US Army Natick Research, Development and Engineering Center. March 1989.",Elbow-Wrist Length,forearm,US Military Personnel,USA,female,2208,percentile,75,27.29,272.9,10.744,
Anthropometric Detailed Data Tables (ANSUR 1988),7,"Gordon CC, Churchill T, Clauser CE et al. (1989). 1988 Anthropometric Survey of U.S. Personnel: Summary Statistics Interim Report. US Army Natick Research, Development and Engineering Center. March 1989.",Elbow-Wrist Length,forearm,US Military Personnel,USA,female,2208,percentile,80,27.56,275.6,10.85,
Anthropometric Detailed Data Tables (ANSUR 1988),7,"Gordon CC, Churchill T, Clauser CE et al. (1989). 1988 Anthropometric Survey of U.S. Personnel: Summary Statistics Interim Report. US Army Natick Research, Development and Engineering Center. March 1989.",Elbow-Wrist Length,forearm,US Military Personnel,USA,female,2208,percentile,85,27.86,278.6,10.969,
Anthropometric Detailed Data Tables (ANSUR 1988),7,"Gordon CC, Churchill T, Clauser CE et al. (1989). 1988 Anthropometric Survey of U.S. Personnel: Summary Statistics Interim Report. US Army Natick Research, Development and Engineering Center. March 1989.",Elbow-Wrist Length,forearm,US Military Personnel,USA,female,2208,percentile,90,28.26,282.6,11.126,
Anthropometric Detailed Data Tables (ANSUR 1988),7,"Gordon CC, Churchill T, Clauser CE et al. (1989). 1988 Anthropometric Survey of U.S. Personnel: Summary Statistics Interim Report. US Army Natick Research, Development and Engineering Center. March 1989.",Elbow-Wrist Length,forearm,US Military Personnel,USA,female,2208,percentile,95,28.83,288.3,11.35,
Anthropometric Detailed Data Tables (ANSUR 1988),7,"Gordon CC, Churchill T, Clauser CE et al. (1989). 1988 Anthropometric Survey of U.S. Personnel: Summary Statistics Interim Report. US Army Natick Research, Development and Engineering Center. March 1989.",Elbow-Wrist Length,forearm,US Military Personnel,USA,female,2208,percentile,97,29.21,292.1,11.5,
Anthropometric Detailed Data Tables (ANSUR 1988),7,"Gordon CC, Churchill T, Clauser CE et al. (1989). 1988 Anthropometric Survey of U.S. Personnel: Summary Statistics Interim Report. US Army Natick Research, Development and Engineering Center. March 1989.",Elbow-Wrist Length,forearm,US Military Personnel,USA,female,2208,percentile,98,29.49,294.9,11.61,
Anthropometric Detailed Data Tables (ANSUR 1988),7,"Gordon CC, Churchill T, Clauser CE et al. (1989). 1988 Anthropometric Survey of U.S. Personnel: Summary Statistics Interim Report. US Army Natick Research, Development and Engineering Center. March 1989.",Elbow-Wrist Length,forearm,US Military Personnel,USA,female,2208,percentile,99,29.93,299.3,11.783,
Anthropometric Detailed Data Tables (ANSUR 1988),7,"Gordon CC, Churchill T, Clauser CE et al. (1989). 1988 Anthropometric Survey of U.S. Personnel: Summary Statistics Interim Report. US Army Natick Research, Development and Engineering Center. March 1989.",Elbow-Wrist Length,forearm,US Military Personnel,USA,male,1774,mean,,29.03,290.3,11.429,
Anthropometric Detailed Data Tables (ANSUR 1988),7,"Gordon CC, Churchill T, Clauser CE et al. (1989). 1988 Anthropometric Survey of U.S. Personnel: Summary Statistics Interim Report. US Army Natick Research, Development and Engineering Center. March 1989.",Elbow-Wrist Length,forearm,US Military Personnel,USA,male,1774,std_dev,,1.54,15.4,0.606,
Anthropometric Detailed Data Tables (ANSUR 1988),7,"Gordon CC, Churchill T, Clauser CE et al. (1989). 1988 Anthropometric Survey of U.S. Personnel: Summary Statistics Interim Report. US Army Natick Research, Development and Engineering Center. March 1989.",Elbow-Wrist Length,forearm,US Military Personnel,USA,male,1774,max,,35.0,350.0,13.78,
Anthropometric Detailed Data Tables (ANSUR 1988),7,"Gordon CC, Churchill T, Clauser CE et al. (1989). 1988 Anthropometric Survey of U.S. Personnel: Summary Statistics Interim Report. US Army Natick Research, Development and Engineering Center. March 1989.",Elbow-Wrist Length,forearm,US Military Personnel,USA,male,1774,min,,22.6,226.0,8.898,
Anthropometric Detailed Data Tables (ANSUR 1988),7,"Gordon CC, Churchill T, Clauser CE et al. (1989). 1988 Anthropometric Survey of U.S. Personnel: Summary Statistics Interim Report. US Army Natick Research, Development and Engineering Center. March 1989.",Elbow-Wrist Length,forearm,US Military Personnel,USA,male,1774,percentile,1,25.79,257.9,10.154,
Anthropometric Detailed Data Tables (ANSUR 1988),7,"Gordon CC, Churchill T, Clauser CE et al. (1989). 1988 Anthropometric Survey of U.S. Personnel: Summary Statistics Interim Report. US Army Natick Research, Development and Engineering Center. March 1989.",Elbow-Wrist Length,forearm,US Military Personnel,USA,male,1774,percentile,2,26.09,260.9,10.272,
Anthropometric Detailed Data Tables (ANSUR 1988),7,"Gordon CC, Churchill T, Clauser CE et al. (1989). 1988 Anthropometric Survey of U.S. Personnel: Summary Statistics Interim Report. US Army Natick Research, Development and Engineering Center. March 1989.",Elbow-Wrist Length,forearm,US Military Personnel,USA,male,1774,percentile,3,26.3,263.0,10.354,
Anthropometric Detailed Data Tables (ANSUR 1988),7,"Gordon CC, Churchill T, Clauser CE et al. (1989). 1988 Anthropometric Survey of U.S. Personnel: Summary Statistics Interim Report. US Army Natick Research, Development and Engineering Center. March 1989.",Elbow-Wrist Length,forearm,US Military Personnel,USA,male,1774,percentile,5,26.6,266.0,10.472,
Anthropometric Detailed Data Tables (ANSUR 1988),7,"Gordon CC, Churchill T, Clauser CE et al. (1989). 1988 Anthropometric Survey of U.S. Personnel: Summary Statistics Interim Report. US Army Natick Research, Development and Engineering Center. March 1989.",Elbow-Wrist Length,forearm,US Military Personnel,USA,male,1774,percentile,10,27.09,270.9,10.665,
Anthropometric Detailed Data Tables (ANSUR 1988),7,"Gordon CC, Churchill T, Clauser CE et al. (1989). 1988 Anthropometric Survey of U.S. Personnel: Summary Statistics Interim Report. US Army Natick Research, Development and Engineering Center. March 1989.",Elbow-Wrist Length,forearm,US Military Personnel,USA,male,1774,percentile,15,27.44,274.4,10.803,
Anthropometric Detailed Data Tables (ANSUR 1988),7,"Gordon CC, Churchill T, Clauser CE et al. (1989). 1988 Anthropometric Survey of U.S. Personnel: Summary Statistics Interim Report. US Army Natick Research, Development and Engineering Center. March 1989.",Elbow-Wrist Length,forearm,US Military Personnel,USA,male,1774,percentile,20,27.72,277.2,10.913,
Anthropometric Detailed Data Tables (ANSUR 1988),7,"Gordon CC, Churchill T, Clauser CE et al. (1989). 1988 Anthropometric Survey of U.S. Personnel: Summary Statistics Interim Report. US Army Natick Research, Development and Engineering Center. March 1989.",Elbow-Wrist Length,forearm,US Military Personnel,USA,male,1774,percentile,25,27.97,279.7,11.012,
Anthropometric Detailed Data Tables (ANSUR 1988),7,"Gordon CC, Churchill T, Clauser CE et al. (1989). 1988 Anthropometric Survey of U.S. Personnel: Summary Statistics Interim Report. US Army Natick Research, Development and Engineering Center. March 1989.",Elbow-Wrist Length,forearm,US Military Personnel,USA,male,1774,percentile,30,28.19,281.9,11.098,
Anthropometric Detailed Data Tables (ANSUR 1988),7,"Gordon CC, Churchill T, Clauser CE et al. (1989). 1988 Anthropometric Survey of U.S. Personnel: Summary Statistics Interim Report. US Army Natick Research, Development and Engineering Center. March 1989.",Elbow-Wrist Length,forearm,US Military Personnel,USA,male,1774,percentile,35,28.4,284.0,11.181,
Anthropometric Detailed Data Tables (ANSUR 1988),7,"Gordon CC, Churchill T, Clauser CE et al. (1989). 1988 Anthropometric Survey of U.S. Personnel: Summary Statistics Interim Report. US Army Natick Research, Development and Engineering Center. March 1989.",Elbow-Wrist Length,forearm,US Military Personnel,USA,male,1774,percentile,40,28.6,286.0,11.26,
Anthropometric Detailed Data Tables (ANSUR 1988),7,"Gordon CC, Churchill T, Clauser CE et al. (1989). 1988 Anthropometric Survey of U.S. Personnel: Summary Statistics Interim Report. US Army Natick Research, Development and Engineering Center. March 1989.",Elbow-Wrist Length,forearm,US Military Personnel,USA,male,1774,percentile,45,28.8,288.0,11.339,
Anthropometric Detailed Data Tables (ANSUR 1988),7,"Gordon CC, Churchill T, Clauser CE et al. (1989). 1988 Anthropometric Survey of U.S. Personnel: Summary Statistics Interim Report. US Army Natick Research, Development and Engineering Center. March 1989.",Elbow-Wrist Length,forearm,US Military Personnel,USA,male,1774,percentile,50,28.99,289.9,11.413,
Anthropometric Detailed Data Tables (ANSUR 1988),7,"Gordon CC, Churchill T, Clauser CE et al. (1989). 1988 Anthropometric Survey of U.S. Personnel: Summary Statistics Interim Report. US Army Natick Research, Development and Engineering Center. March 1989.",Elbow-Wrist Length,forearm,US Military Personnel,USA,male,1774,percentile,55,29.18,291.8,11.488,
Anthropometric Detailed Data Tables (ANSUR 1988),7,"Gordon CC, Churchill T, Clauser CE et al. (1989). 1988 Anthropometric Survey of U.S. Personnel: Summary Statistics Interim Report. US Army Natick Research, Development and Engineering Center. March 1989.",Elbow-Wrist Length,forearm,US Military Personnel,USA,male,1774,percentile,60,29.38,293.8,11.567,
Anthropometric Detailed Data Tables (ANSUR 1988),7,"Gordon CC, Churchill T, Clauser CE et al. (1989). 1988 Anthropometric Survey of U.S. Personnel: Summary Statistics Interim Report. US Army Natick Research, Development and Engineering Center. March 1989.",Elbow-Wrist Length,forearm,US Military Personnel,USA,male,1774,percentile,65,29.58,295.8,11.646,
Anthropometric Detailed Data Tables (ANSUR 1988),7,"Gordon CC, Churchill T, Clauser CE et al. (1989). 1988 Anthropometric Survey of U.S. Personnel: Summary Statistics Interim Report. US Army Natick Research, Development and Engineering Center. March 1989.",Elbow-Wrist Length,forearm,US Military Personnel,USA,male,1774,percentile,70,29.8,298.0,11.732,
Anthropometric Detailed Data Tables (ANSUR 1988),7,"Gordon CC, Churchill T, Clauser CE et al. (1989). 1988 Anthropometric Survey of U.S. Personnel: Summary Statistics Interim Report. US Army Natick Research, Development and Engineering Center. March 1989.",Elbow-Wrist Length,forearm,US Military Personnel,USA,male,1774,percentile,75,30.03,300.3,11.823,
Anthropometric Detailed Data Tables (ANSUR 1988),7,"Gordon CC, Churchill T, Clauser CE et al. (1989). 1988 Anthropometric Survey of U.S. Personnel: Summary Statistics Interim Report. US Army Natick Research, Development and Engineering Center. March 1989.",Elbow-Wrist Length,forearm,US Military Personnel,USA,male,1774,percentile,80,30.3,303.0,11.929,
Anthropometric Detailed Data Tables (ANSUR 1988),7,"Gordon CC, Churchill T, Clauser CE et al. (1989). 1988 Anthropometric Survey of U.S. Personnel: Summary Statistics Interim Report. US Army Natick Research, Development and Engineering Center. March 1989.",Elbow-Wrist Length,forearm,US Military Personnel,USA,male,1774,percentile,85,30.61,306.1,12.051,
Anthropometric Detailed Data Tables (ANSUR 1988),7,"Gordon CC, Churchill T, Clauser CE et al. (1989). 1988 Anthropometric Survey of U.S. Personnel: Summary Statistics Interim Report. US Army Natick Research, Development and Engineering Center. March 1989.",Elbow-Wrist Length,forearm,US Military Personnel,USA,male,1774,percentile,90,31.01,310.1,12.209,
Anthropometric Detailed Data Tables (ANSUR 1988),7,"Gordon CC, Churchill T, Clauser CE et al. (1989). 1988 Anthropometric Survey of U.S. Personnel: Summary Statistics Interim Report. US Army Natick Research, Development and Engineering Center. March 1989.",Elbow-Wrist Length,forearm,US Military Personnel,USA,male,1774,percentile,95,31.61,316.1,12.445,
Anthropometric Detailed Data Tables (ANSUR 1988),7,"Gordon CC, Churchill T, Clauser CE et al. (1989). 1988 Anthropometric Survey of U.S. Personnel: Summary Statistics Interim Report. US Army Natick Research, Development and Engineering Center. March 1989.",Elbow-Wrist Length,forearm,US Military Personnel,USA,male,1774,percentile,97,32.02,320.2,12.606,
Anthropometric Detailed Data Tables (ANSUR 1988),7,"Gordon CC, Churchill T, Clauser CE et al. (1989). 1988 Anthropometric Survey of U.S. Personnel: Summary Statistics Interim Report. US Army Natick Research, Development and Engineering Center. March 1989.",Elbow-Wrist Length,forearm,US Military Personnel,USA,male,1774,percentile,98,32.33,323.3,12.728,
Anthropometric Detailed Data Tables (ANSUR 1988),7,"Gordon CC, Churchill T, Clauser CE et al. (1989). 1988 Anthropometric Survey of U.S. Personnel: Summary Statistics Interim Report. US Army Natick Research, Development and Engineering Center. March 1989.",Elbow-Wrist Length,forearm,US Military Personnel,USA,male,1774,percentile,99,32.84,328.4,12.929,
Anthropometric Detailed Data Tables (ANSUR 1988),12,"Gordon CC, Churchill T, Clauser CE et al. (1989). 1988 Anthropometric Survey of U.S. Personnel: Summary Statistics Interim Report. US Army Natick Research, Development and Engineering Center. March 1989.",Forearm-Hand Length,forearm,US Military Personnel,USA,female,2208,mean,,44.29,442.9,17.437,
Anthropometric Detailed Data Tables (ANSUR 1988),12,"Gordon CC, Churchill T, Clauser CE et al. (1989). 1988 Anthropometric Survey of U.S. Personnel: Summary Statistics Interim Report. US Army Natick Research, Development and Engineering Center. March 1989.",Forearm-Hand Length,forearm,US Military Personnel,USA,female,2208,std_dev,,2.34,23.4,0.921,
Anthropometric Detailed Data Tables (ANSUR 1988),12,"Gordon CC, Churchill T, Clauser CE et al. (1989). 1988 Anthropometric Survey of U.S. Personnel: Summary Statistics Interim Report. US Army Natick Research, Development and Engineering Center. March 1989.",Forearm-Hand Length,forearm,US Military Personnel,USA,female,2208,max,,54.6,546.0,21.496,
Anthropometric Detailed Data Tables (ANSUR 1988),12,"Gordon CC, Churchill T, Clauser CE et al. (1989). 1988 Anthropometric Survey of U.S. Personnel: Summary Statistics Interim Report. US Army Natick Research, Development and Engineering Center. March 1989.",Forearm-Hand Length,forearm,US Military Personnel,USA,female,2208,min,,32.4,324.0,12.756,
Anthropometric Detailed Data Tables (ANSUR 1988),12,"Gordon CC, Churchill T, Clauser CE et al. (1989). 1988 Anthropometric Survey of U.S. Personnel: Summary Statistics Interim Report. US Army Natick Research, Development and Engineering Center. March 1989.",Forearm-Hand Length,forearm,US Military Personnel,USA,female,2208,percentile,1,39.14,391.4,15.409,
Anthropometric Detailed Data Tables (ANSUR 1988),12,"Gordon CC, Churchill T, Clauser CE et al. (1989). 1988 Anthropometric Survey of U.S. Personnel: Summary Statistics Interim Report. US Army Natick Research, Development and Engineering Center. March 1989.",Forearm-Hand Length,forearm,US Military Personnel,USA,female,2208,percentile,2,39.74,397.4,15.646,
Anthropometric Detailed Data Tables (ANSUR 1988),12,"Gordon CC, Churchill T, Clauser CE et al. (1989). 1988 Anthropometric Survey of U.S. Personnel: Summary Statistics Interim Report. US Army Natick Research, Development and Engineering Center. March 1989.",Forearm-Hand Length,forearm,US Military Personnel,USA,female,2208,percentile,3,40.12,401.2,15.795,
Anthropometric Detailed Data Tables (ANSUR 1988),12,"Gordon CC, Churchill T, Clauser CE et al. (1989). 1988 Anthropometric Survey of U.S. Personnel: Summary Statistics Interim Report. US Army Natick Research, Development and Engineering Center. March 1989.",Forearm-Hand Length,forearm,US Military Personnel,USA,female,2208,percentile,5,40.62,406.2,15.992,
Anthropometric Detailed Data Tables (ANSUR 1988),12,"Gordon CC, Churchill T, Clauser CE et al. (1989). 1988 Anthropometric Survey of U.S. Personnel: Summary Statistics Interim Report. US Army Natick Research, Development and Engineering Center. March 1989.",Forearm-Hand Length,forearm,US Military Personnel,USA,female,2208,percentile,10,41.38,413.8,16.291,
Anthropometric Detailed Data Tables (ANSUR 1988),12,"Gordon CC, Churchill T, Clauser CE et al. (1989). 1988 Anthropometric Survey of U.S. Personnel: Summary Statistics Interim Report. US Army Natick Research, Development and Engineering Center. March 1989.",Forearm-Hand Length,forearm,US Military Personnel,USA,female,2208,percentile,15,41.91,419.1,16.5,
Anthropometric Detailed Data Tables (ANSUR 1988),12,"Gordon CC, Churchill T, Clauser CE et al. (1989). 1988 Anthropometric Survey of U.S. Personnel: Summary Statistics Interim Report. US Army Natick Research, Development and Engineering Center. March 1989.",Forearm-Hand Length,forearm,US Military Personnel,USA,female,2208,percentile,20,42.32,423.2,16.661,
Anthropometric Detailed Data Tables (ANSUR 1988),12,"Gordon CC, Churchill T, Clauser CE et al. (1989). 1988 Anthropometric Survey of U.S. Personnel: Summary Statistics Interim Report. US Army Natick Research, Development and Engineering Center. March 1989.",Forearm-Hand Length,forearm,US Military Personnel,USA,female,2208,percentile,25,42.69,426.9,16.807,
Anthropometric Detailed Data Tables (ANSUR 1988),12,"Gordon CC, Churchill T, Clauser CE et al. (1989). 1988 Anthropometric Survey of U.S. Personnel: Summary Statistics Interim Report. US Army Natick Research, Development and Engineering Center. March 1989.",Forearm-Hand Length,forearm,US Military Personnel,USA,female,2208,percentile,30,43.02,430.2,16.937,
Anthropometric Detailed Data Tables (ANSUR 1988),12,"Gordon CC, Churchill T, Clauser CE et al. (1989). 1988 Anthropometric Survey of U.S. Personnel: Summary Statistics Interim Report. US Army Natick Research, Development and Engineering Center. March 1989.",Forearm-Hand Length,forearm,US Military Personnel,USA,female,2208,percentile,35,43.33,433.3,17.059,
Anthropometric Detailed Data Tables (ANSUR 1988),12,"Gordon CC, Churchill T, Clauser CE et al. (1989). 1988 Anthropometric Survey of U.S. Personnel: Summary Statistics Interim Report. US Army Natick Research, Development and Engineering Center. March 1989.",Forearm-Hand Length,forearm,US Military Personnel,USA,female,2208,percentile,40,43.63,436.3,17.177,
Anthropometric Detailed Data Tables (ANSUR 1988),12,"Gordon CC, Churchill T, Clauser CE et al. (1989). 1988 Anthropometric Survey of U.S. Personnel: Summary Statistics Interim Report. US Army Natick Research, Development and Engineering Center. March 1989.",Forearm-Hand Length,forearm,US Military Personnel,USA,female,2208,percentile,45,43.92,439.2,17.291,
Anthropometric Detailed Data Tables (ANSUR 1988),12,"Gordon CC, Churchill T, Clauser CE et al. (1989). 1988 Anthropometric Survey of U.S. Personnel: Summary Statistics Interim Report. US Army Natick Research, Development and Engineering Center. March 1989.",Forearm-Hand Length,forearm,US Military Personnel,USA,female,2208,percentile,50,44.21,442.1,17.406,
Anthropometric Detailed Data Tables (ANSUR 1988),12,"Gordon CC, Churchill T, Clauser CE et al. (1989). 1988 Anthropometric Survey of U.S. Personnel: Summary Statistics Interim Report. US Army Natick Research, Development and Engineering Center. March 1989.",Forearm-Hand Length,forearm,US Military Personnel,USA,female,2208,percentile,55,44.51,445.1,17.524,
Anthropometric Detailed Data Tables (ANSUR 1988),12,"Gordon CC, Churchill T, Clauser CE et al. (1989). 1988 Anthropometric Survey of U.S. Personnel: Summary Statistics Interim Report. US Army Natick Research, Development and Engineering Center. March 1989.",Forearm-Hand Length,forearm,US Military Personnel,USA,female,2208,percentile,60,44.81,448.1,17.642,
Anthropometric Detailed Data Tables (ANSUR 1988),12,"Gordon CC, Churchill T, Clauser CE et al. (1989). 1988 Anthropometric Survey of U.S. Personnel: Summary Statistics Interim Report. US Army Natick Research, Development and Engineering Center. March 1989.",Forearm-Hand Length,forearm,US Military Personnel,USA,female,2208,percentile,65,45.13,451.3,17.768,
Anthropometric Detailed Data Tables (ANSUR 1988),12,"Gordon CC, Churchill T, Clauser CE et al. (1989). 1988 Anthropometric Survey of U.S. Personnel: Summary Statistics Interim Report. US Army Natick Research, Development and Engineering Center. March 1989.",Forearm-Hand Length,forearm,US Military Personnel,USA,female,2208,percentile,70,45.47,454.7,17.902,
Anthropometric Detailed Data Tables (ANSUR 1988),12,"Gordon CC, Churchill T, Clauser CE et al. (1989). 1988 Anthropometric Survey of U.S. Personnel: Summary Statistics Interim Report. US Army Natick Research, Development and Engineering Center. March 1989.",Forearm-Hand Length,forearm,US Military Personnel,USA,female,2208,percentile,75,45.84,458.4,18.047,
Anthropometric Detailed Data Tables (ANSUR 1988),12,"Gordon CC, Churchill T, Clauser CE et al. (1989). 1988 Anthropometric Survey of U.S. Personnel: Summary Statistics Interim Report. US Army Natick Research, Development and Engineering Center. March 1989.",Forearm-Hand Length,forearm,US Military Personnel,USA,female,2208,percentile,80,46.26,462.6,18.213,
Anthropometric Detailed Data Tables (ANSUR 1988),12,"Gordon CC, Churchill T, Clauser CE et al. (1989). 1988 Anthropometric Survey of U.S. Personnel: Summary Statistics Interim Report. US Army Natick Research, Development and Engineering Center. March 1989.",Forearm-Hand Length,forearm,US Military Personnel,USA,female,2208,percentile,85,46.74,467.4,18.402,
Anthropometric Detailed Data Tables (ANSUR 1988),12,"Gordon CC, Churchill T, Clauser CE et al. (1989). 1988 Anthropometric Survey of U.S. Personnel: Summary Statistics Interim Report. US Army Natick Research, Development and Engineering Center. March 1989.",Forearm-Hand Length,forearm,US Military Personnel,USA,female,2208,percentile,90,47.35,473.5,18.642,
Anthropometric Detailed Data Tables (ANSUR 1988),12,"Gordon CC, Churchill T, Clauser CE et al. (1989). 1988 Anthropometric Survey of U.S. Personnel: Summary Statistics Interim Report. US Army Natick Research, Development and Engineering Center. March 1989.",Forearm-Hand Length,forearm,US Military Personnel,USA,female,2208,percentile,95,48.25,482.5,18.996,
Anthropometric Detailed Data Tables (ANSUR 1988),12,"Gordon CC, Churchill T, Clauser CE et al. (1989). 1988 Anthropometric Survey of U.S. Personnel: Summary Statistics Interim Report. US Army Natick Research, Development and Engineering Center. March 1989.",Forearm-Hand Length,forearm,US Military Personnel,USA,female,2208,percentile,97,48.81,488.1,19.217,
Anthropometric Detailed Data Tables (ANSUR 1988),12,"Gordon CC, Churchill T, Clauser CE et al. (1989). 1988 Anthropometric Survey of U.S. Personnel: Summary Statistics Interim Report. US Army Natick Research, Development and Engineering Center. March 1989.",Forearm-Hand Length,forearm,US Military Personnel,USA,female,2208,percentile,98,49.21,492.1,19.374,
Anthropometric Detailed Data Tables (ANSUR 1988),12,"Gordon CC, Churchill T, Clauser CE et al. (1989). 1988 Anthropometric Survey of U.S. Personnel: Summary Statistics Interim Report. US Army Natick Research, Development and Engineering Center. March 1989.",Forearm-Hand Length,forearm,US Military Personnel,USA,female,2208,percentile,99,49.81,498.1,19.61,
Anthropometric Detailed Data Tables (ANSUR 1988),12,"Gordon CC, Churchill T, Clauser CE et al. (1989). 1988 Anthropometric Survey of U.S. Personnel: Summary Statistics Interim Report. US Army Natick Research, Development and Engineering Center. March 1989.",Forearm-Hand Length,forearm,US Military Personnel,USA,male,1774,mean,,48.4,484.0,19.055,
Anthropometric Detailed Data Tables (ANSUR 1988),12,"Gordon CC, Churchill T, Clauser CE et al. (1989). 1988 Anthropometric Survey of U.S. Personnel: Summary Statistics Interim Report. US Army Natick Research, Development and Engineering Center. March 1989.",Forearm-Hand Length,forearm,US Military Personnel,USA,male,1774,std_dev,,2.33,23.3,0.917,
Anthropometric Detailed Data Tables (ANSUR 1988),12,"Gordon CC, Churchill T, Clauser CE et al. (1989). 1988 Anthropometric Survey of U.S. Personnel: Summary Statistics Interim Report. US Army Natick Research, Development and Engineering Center. March 1989.",Forearm-Hand Length,forearm,US Military Personnel,USA,male,1774,max,,57.8,578.0,22.756,
Anthropometric Detailed Data Tables (ANSUR 1988),12,"Gordon CC, Churchill T, Clauser CE et al. (1989). 1988 Anthropometric Survey of U.S. Personnel: Summary Statistics Interim Report. US Army Natick Research, Development and Engineering Center. March 1989.",Forearm-Hand Length,forearm,US Military Personnel,USA,male,1774,min,,38.6,386.0,15.197,
Anthropometric Detailed Data Tables (ANSUR 1988),12,"Gordon CC, Churchill T, Clauser CE et al. (1989). 1988 Anthropometric Survey of U.S. Personnel: Summary Statistics Interim Report. US Army Natick Research, Development and Engineering Center. March 1989.",Forearm-Hand Length,forearm,US Military Personnel,USA,male,1774,percentile,1,43.43,434.3,17.098,
Anthropometric Detailed Data Tables (ANSUR 1988),12,"Gordon CC, Churchill T, Clauser CE et al. (1989). 1988 Anthropometric Survey of U.S. Personnel: Summary Statistics Interim Report. US Army Natick Research, Development and Engineering Center. March 1989.",Forearm-Hand Length,forearm,US Military Personnel,USA,male,1774,percentile,2,43.98,439.8,17.315,
Anthropometric Detailed Data Tables (ANSUR 1988),12,"Gordon CC, Churchill T, Clauser CE et al. (1989). 1988 Anthropometric Survey of U.S. Personnel: Summary Statistics Interim Report. US Army Natick Research, Development and Engineering Center. March 1989.",Forearm-Hand Length,forearm,US Military Personnel,USA,male,1774,percentile,3,44.32,443.2,17.449,
Anthropometric Detailed Data Tables (ANSUR 1988),12,"Gordon CC, Churchill T, Clauser CE et al. (1989). 1988 Anthropometric Survey of U.S. Personnel: Summary Statistics Interim Report. US Army Natick Research, Development and Engineering Center. March 1989.",Forearm-Hand Length,forearm,US Military Personnel,USA,male,1774,percentile,5,44.79,447.9,17.634,
Anthropometric Detailed Data Tables (ANSUR 1988),12,"Gordon CC, Churchill T, Clauser CE et al. (1989). 1988 Anthropometric Survey of U.S. Personnel: Summary Statistics Interim Report. US Army Natick Research, Development and Engineering Center. March 1989.",Forearm-Hand Length,forearm,US Military Personnel,USA,male,1774,percentile,10,45.52,455.2,17.921,
Anthropometric Detailed Data Tables (ANSUR 1988),12,"Gordon CC, Churchill T, Clauser CE et al. (1989). 1988 Anthropometric Survey of U.S. Personnel: Summary Statistics Interim Report. US Army Natick Research, Development and Engineering Center. March 1989.",Forearm-Hand Length,forearm,US Military Personnel,USA,male,1774,percentile,15,46.02,460.2,18.118,
Anthropometric Detailed Data Tables (ANSUR 1988),12,"Gordon CC, Churchill T, Clauser CE et al. (1989). 1988 Anthropometric Survey of U.S. Personnel: Summary Statistics Interim Report. US Army Natick Research, Development and Engineering Center. March 1989.",Forearm-Hand Length,forearm,US Military Personnel,USA,male,1774,percentile,20,46.42,464.2,18.276,
Anthropometric Detailed Data Tables (ANSUR 1988),12,"Gordon CC, Churchill T, Clauser CE et al. (1989). 1988 Anthropometric Survey of U.S. Personnel: Summary Statistics Interim Report. US Army Natick Research, Development and Engineering Center. March 1989.",Forearm-Hand Length,forearm,US Military Personnel,USA,male,1774,percentile,25,46.78,467.8,18.417,
Anthropometric Detailed Data Tables (ANSUR 1988),12,"Gordon CC, Churchill T, Clauser CE et al. (1989). 1988 Anthropometric Survey of U.S. Personnel: Summary Statistics Interim Report. US Army Natick Research, Development and Engineering Center. March 1989.",Forearm-Hand Length,forearm,US Military Personnel,USA,male,1774,percentile,30,47.1,471.0,18.543,
Anthropometric Detailed Data Tables (ANSUR 1988),12,"Gordon CC, Churchill T, Clauser CE et al. (1989). 1988 Anthropometric Survey of U.S. Personnel: Summary Statistics Interim Report. US Army Natick Research, Development and Engineering Center. March 1989.",Forearm-Hand Length,forearm,US Military Personnel,USA,male,1774,percentile,35,47.41,474.1,18.665,
Anthropometric Detailed Data Tables (ANSUR 1988),12,"Gordon CC, Churchill T, Clauser CE et al. (1989). 1988 Anthropometric Survey of U.S. Personnel: Summary Statistics Interim Report. US Army Natick Research, Development and Engineering Center. March 1989.",Forearm-Hand Length,forearm,US Military Personnel,USA,male,1774,percentile,40,47.7,477.0,18.78,
Anthropometric Detailed Data Tables (ANSUR 1988),12,"Gordon CC, Churchill T, Clauser CE et al. (1989). 1988 Anthropometric Survey of U.S. Personnel: Summary Statistics Interim Report. US Army Natick Research, Development and Engineering Center. March 1989.",Forearm-Hand Length,forearm,US Military Personnel,USA,male,1774,percentile,45,47.99,479.9,18.894,
Anthropometric Detailed Data Tables (ANSUR 1988),12,"Gordon CC, Churchill T, Clauser CE et al. (1989). 1988 Anthropometric Survey of U.S. Personnel: Summary Statistics Interim Report. US Army Natick Research, Development and Engineering Center. March 1989.",Forearm-Hand Length,forearm,US Military Personnel,USA,male,1774,percentile,50,48.28,482.8,19.008,
Anthropometric Detailed Data Tables (ANSUR 1988),12,"Gordon CC, Churchill T, Clauser CE et al. (1989). 1988 Anthropometric Survey of U.S. Personnel: Summary Statistics Interim Report. US Army Natick Research, Development and Engineering Center. March 1989.",Forearm-Hand Length,forearm,US Military Personnel,USA,male,1774,percentile,55,48.58,485.8,19.126,
Anthropometric Detailed Data Tables (ANSUR 1988),12,"Gordon CC, Churchill T, Clauser CE et al. (1989). 1988 Anthropometric Survey of U.S. Personnel: Summary Statistics Interim Report. US Army Natick Research, Development and Engineering Center. March 1989.",Forearm-Hand Length,forearm,US Military Personnel,USA,male,1774,percentile,60,48.88,488.8,19.244,
Anthropometric Detailed Data Tables (ANSUR 1988),12,"Gordon CC, Churchill T, Clauser CE et al. (1989). 1988 Anthropometric Survey of U.S. Personnel: Summary Statistics Interim Report. US Army Natick Research, Development and Engineering Center. March 1989.",Forearm-Hand Length,forearm,US Military Personnel,USA,male,1774,percentile,65,49.2,492.0,19.37,
Anthropometric Detailed Data Tables (ANSUR 1988),12,"Gordon CC, Churchill T, Clauser CE et al. (1989). 1988 Anthropometric Survey of U.S. Personnel: Summary Statistics Interim Report. US Army Natick Research, Development and Engineering Center. March 1989.",Forearm-Hand Length,forearm,US Military Personnel,USA,male,1774,percentile,70,49.53,495.3,19.5,
Anthropometric Detailed Data Tables (ANSUR 1988),12,"Gordon CC, Churchill T, Clauser CE et al. (1989). 1988 Anthropometric Survey of U.S. Personnel: Summary Statistics Interim Report. US Army Natick Research, Development and Engineering Center. March 1989.",Forearm-Hand Length,forearm,US Military Personnel,USA,male,1774,percentile,75,49.91,499.1,19.65,
Anthropometric Detailed Data Tables (ANSUR 1988),12,"Gordon CC, Churchill T, Clauser CE et al. (1989). 1988 Anthropometric Survey of U.S. Personnel: Summary Statistics Interim Report. US Army Natick Research, Development and Engineering Center. March 1989.",Forearm-Hand Length,forearm,US Military Personnel,USA,male,1774,percentile,80,50.33,503.3,19.815,
Anthropometric Detailed Data Tables (ANSUR 1988),12,"Gordon CC, Churchill T, Clauser CE et al. (1989). 1988 Anthropometric Survey of U.S. Personnel: Summary Statistics Interim Report. US Army Natick Research, Development and Engineering Center. March 1989.",Forearm-Hand Length,forearm,US Military Personnel,USA,male,1774,percentile,85,50.83,508.3,20.012,
Anthropometric Detailed Data Tables (ANSUR 1988),12,"Gordon CC, Churchill T, Clauser CE et al. (1989). 1988 Anthropometric Survey of U.S. Personnel: Summary Statistics Interim Report. US Army Natick Research, Development and Engineering Center. March 1989.",Forearm-Hand Length,forearm,US Military Personnel,USA,male,1774,percentile,90,51.46,514.6,20.26,
Anthropometric Detailed Data Tables (ANSUR 1988),12,"Gordon CC, Churchill T, Clauser CE et al. (1989). 1988 Anthropometric Survey of U.S. Personnel: Summary Statistics Interim Report. US Army Natick Research, Development and Engineering Center. March 1989.",Forearm-Hand Length,forearm,US Military Personnel,USA,male,1774,percentile,95,52.42,524.2,20.638,
Anthropometric Detailed Data Tables (ANSUR 1988),12,"Gordon CC, Churchill T, Clauser CE et al. (1989). 1988 Anthropometric Survey of U.S. Personnel: Summary Statistics Interim Report. US Army Natick Research, Development and Engineering Center. March 1989.",Forearm-Hand Length,forearm,US Military Personnel,USA,male,1774,percentile,97,53.04,530.4,20.882,
Anthropometric Detailed Data Tables (ANSUR 1988),12,"Gordon CC, Churchill T, Clauser CE et al. (1989). 1988 Anthropometric Survey of U.S. Personnel: Summary Statistics Interim Report. US Army Natick Research, Development and Engineering Center. March 1989.",Forearm-Hand Length,forearm,US Military Personnel,USA,male,1774,percentile,98,53.49,534.9,21.059,
Anthropometric Detailed Data Tables (ANSUR 1988),12,"Gordon CC, Churchill T, Clauser CE et al. (1989). 1988 Anthropometric Survey of U.S. Personnel: Summary Statistics Interim Report. US Army Natick Research, Development and Engineering Center. March 1989.",Forearm-Hand Length,forearm,US Military Personnel,USA,male,1774,percentile,99,54.2,542.0,21.339,
Anthropometric Detailed Data Tables (ANSUR 1988),16,"Gordon CC, Churchill T, Clauser CE et al. (1989). 1988 Anthropometric Survey of U.S. Personnel: Summary Statistics Interim Report. US Army Natick Research, Development and Engineering Center. March 1989.",Hand Breadth,hand,US Military Personnel,USA,female,2208,mean,,7.94,79.4,3.126,
Anthropometric Detailed Data Tables (ANSUR 1988),16,"Gordon CC, Churchill T, Clauser CE et al. (1989). 1988 Anthropometric Survey of U.S. Personnel: Summary Statistics Interim Report. US Army Natick Research, Development and Engineering Center. March 1989.",Hand Breadth,hand,US Military Personnel,USA,female,2208,std_dev,,0.38,3.8,0.15,
Anthropometric Detailed Data Tables (ANSUR 1988),16,"Gordon CC, Churchill T, Clauser CE et al. (1989). 1988 Anthropometric Survey of U.S. Personnel: Summary Statistics Interim Report. US Army Natick Research, Development and Engineering Center. March 1989.",Hand Breadth,hand,US Military Personnel,USA,female,2208,max,,9.8,98.0,3.858,
Anthropometric Detailed Data Tables (ANSUR 1988),16,"Gordon CC, Churchill T, Clauser CE et al. (1989). 1988 Anthropometric Survey of U.S. Personnel: Summary Statistics Interim Report. US Army Natick Research, Development and Engineering Center. March 1989.",Hand Breadth,hand,US Military Personnel,USA,female,2208,min,,6.6,66.0,2.598,
Anthropometric Detailed Data Tables (ANSUR 1988),16,"Gordon CC, Churchill T, Clauser CE et al. (1989). 1988 Anthropometric Survey of U.S. Personnel: Summary Statistics Interim Report. US Army Natick Research, Development and Engineering Center. March 1989.",Hand Breadth,hand,US Military Personnel,USA,female,2208,percentile,1,7.09,70.9,2.791,
Anthropometric Detailed Data Tables (ANSUR 1988),16,"Gordon CC, Churchill T, Clauser CE et al. (1989). 1988 Anthropometric Survey of U.S. Personnel: Summary Statistics Interim Report. US Army Natick Research, Development and Engineering Center. March 1989.",Hand Breadth,hand,US Military Personnel,USA,female,2208,percentile,2,7.19,71.9,2.831,
Anthropometric Detailed Data Tables (ANSUR 1988),16,"Gordon CC, Churchill T, Clauser CE et al. (1989). 1988 Anthropometric Survey of U.S. Personnel: Summary Statistics Interim Report. US Army Natick Research, Development and Engineering Center. March 1989.",Hand Breadth,hand,US Military Personnel,USA,female,2208,percentile,3,7.25,72.5,2.854,
Anthropometric Detailed Data Tables (ANSUR 1988),16,"Gordon CC, Churchill T, Clauser CE et al. (1989). 1988 Anthropometric Survey of U.S. Personnel: Summary Statistics Interim Report. US Army Natick Research, Development and Engineering Center. March 1989.",Hand Breadth,hand,US Military Personnel,USA,female,2208,percentile,5,7.34,73.4,2.89,
Anthropometric Detailed Data Tables (ANSUR 1988),16,"Gordon CC, Churchill T, Clauser CE et al. (1989). 1988 Anthropometric Survey of U.S. Personnel: Summary Statistics Interim Report. US Army Natick Research, Development and Engineering Center. March 1989.",Hand Breadth,hand,US Military Personnel,USA,female,2208,percentile,10,7.47,74.7,2.941,
Anthropometric Detailed Data Tables (ANSUR 1988),16,"Gordon CC, Churchill T, Clauser CE et al. (1989). 1988 Anthropometric Survey of U.S. Personnel: Summary Statistics Interim Report. US Army Natick Research, Development and Engineering Center. March 1989.",Hand Breadth,hand,US Military Personnel,USA,female,2208,percentile,15,7.56,75.6,2.976,
Anthropometric Detailed Data Tables (ANSUR 1988),16,"Gordon CC, Churchill T, Clauser CE et al. (1989). 1988 Anthropometric Survey of U.S. Personnel: Summary Statistics Interim Report. US Army Natick Research, Development and Engineering Center. March 1989.",Hand Breadth,hand,US Military Personnel,USA,female,2208,percentile,20,7.63,76.3,3.004,
Anthropometric Detailed Data Tables (ANSUR 1988),16,"Gordon CC, Churchill T, Clauser CE et al. (1989). 1988 Anthropometric Survey of U.S. Personnel: Summary Statistics Interim Report. US Army Natick Research, Development and Engineering Center. March 1989.",Hand Breadth,hand,US Military Personnel,USA,female,2208,percentile,25,7.69,76.9,3.028,
Anthropometric Detailed Data Tables (ANSUR 1988),16,"Gordon CC, Churchill T, Clauser CE et al. (1989). 1988 Anthropometric Survey of U.S. Personnel: Summary Statistics Interim Report. US Army Natick Research, Development and Engineering Center. March 1989.",Hand Breadth,hand,US Military Personnel,USA,female,2208,percentile,30,7.74,77.4,3.047,
Anthropometric Detailed Data Tables (ANSUR 1988),16,"Gordon CC, Churchill T, Clauser CE et al. (1989). 1988 Anthropometric Survey of U.S. Personnel: Summary Statistics Interim Report. US Army Natick Research, Development and Engineering Center. March 1989.",Hand Breadth,hand,US Military Personnel,USA,female,2208,percentile,35,7.79,77.9,3.067,
Anthropometric Detailed Data Tables (ANSUR 1988),16,"Gordon CC, Churchill T, Clauser CE et al. (1989). 1988 Anthropometric Survey of U.S. Personnel: Summary Statistics Interim Report. US Army Natick Research, Development and Engineering Center. March 1989.",Hand Breadth,hand,US Military Personnel,USA,female,2208,percentile,40,7.84,78.4,3.087,
Anthropometric Detailed Data Tables (ANSUR 1988),16,"Gordon CC, Churchill T, Clauser CE et al. (1989). 1988 Anthropometric Survey of U.S. Personnel: Summary Statistics Interim Report. US Army Natick Research, Development and Engineering Center. March 1989.",Hand Breadth,hand,US Military Personnel,USA,female,2208,percentile,45,7.89,78.9,3.106,
Anthropometric Detailed Data Tables (ANSUR 1988),16,"Gordon CC, Churchill T, Clauser CE et al. (1989). 1988 Anthropometric Survey of U.S. Personnel: Summary Statistics Interim Report. US Army Natick Research, Development and Engineering Center. March 1989.",Hand Breadth,hand,US Military Personnel,USA,female,2208,percentile,50,7.93,79.3,3.122,
Anthropometric Detailed Data Tables (ANSUR 1988),16,"Gordon CC, Churchill T, Clauser CE et al. (1989). 1988 Anthropometric Survey of U.S. Personnel: Summary Statistics Interim Report. US Army Natick Research, Development and Engineering Center. March 1989.",Hand Breadth,hand,US Military Personnel,USA,female,2208,percentile,55,7.98,79.8,3.142,
Anthropometric Detailed Data Tables (ANSUR 1988),16,"Gordon CC, Churchill T, Clauser CE et al. (1989). 1988 Anthropometric Survey of U.S. Personnel: Summary Statistics Interim Report. US Army Natick Research, Development and Engineering Center. March 1989.",Hand Breadth,hand,US Military Personnel,USA,female,2208,percentile,60,8.03,80.3,3.161,
Anthropometric Detailed Data Tables (ANSUR 1988),16,"Gordon CC, Churchill T, Clauser CE et al. (1989). 1988 Anthropometric Survey of U.S. Personnel: Summary Statistics Interim Report. US Army Natick Research, Development and Engineering Center. March 1989.",Hand Breadth,hand,US Military Personnel,USA,female,2208,percentile,65,8.08,80.8,3.181,
Anthropometric Detailed Data Tables (ANSUR 1988),16,"Gordon CC, Churchill T, Clauser CE et al. (1989). 1988 Anthropometric Survey of U.S. Personnel: Summary Statistics Interim Report. US Army Natick Research, Development and Engineering Center. March 1989.",Hand Breadth,hand,US Military Personnel,USA,female,2208,percentile,70,8.13,81.3,3.201,
Anthropometric Detailed Data Tables (ANSUR 1988),16,"Gordon CC, Churchill T, Clauser CE et al. (1989). 1988 Anthropometric Survey of U.S. Personnel: Summary Statistics Interim Report. US Army Natick Research, Development and Engineering Center. March 1989.",Hand Breadth,hand,US Military Personnel,USA,female,2208,percentile,75,8.18,81.8,3.22,
Anthropometric Detailed Data Tables (ANSUR 1988),16,"Gordon CC, Churchill T, Clauser CE et al. (1989). 1988 Anthropometric Survey of U.S. Personnel: Summary Statistics Interim Report. US Army Natick Research, Development and Engineering Center. March 1989.",Hand Breadth,hand,US Military Personnel,USA,female,2208,percentile,80,8.25,82.5,3.248,
Anthropometric Detailed Data Tables (ANSUR 1988),16,"Gordon CC, Churchill T, Clauser CE et al. (1989). 1988 Anthropometric Survey of U.S. Personnel: Summary Statistics Interim Report. US Army Natick Research, Development and Engineering Center. March 1989.",Hand Breadth,hand,US Military Personnel,USA,female,2208,percentile,85,8.32,83.2,3.276,
Anthropometric Detailed Data Tables (ANSUR 1988),16,"Gordon CC, Churchill T, Clauser CE et al. (1989). 1988 Anthropometric Survey of U.S. Personnel: Summary Statistics Interim Report. US Army Natick Research, Development and Engineering Center. March 1989.",Hand Breadth,hand,US Military Personnel,USA,female,2208,percentile,90,8.42,84.2,3.315,
Anthropometric Detailed Data Tables (ANSUR 1988),16,"Gordon CC, Churchill T, Clauser CE et al. (1989). 1988 Anthropometric Survey of U.S. Personnel: Summary Statistics Interim Report. US Army Natick Research, Development and Engineering Center. March 1989.",Hand Breadth,hand,US Military Personnel,USA,female,2208,percentile,95,8.56,85.6,3.37,
Anthropometric Detailed Data Tables (ANSUR 1988),16,"Gordon CC, Churchill T, Clauser CE et al. (1989). 1988 Anthropometric Survey of U.S. Personnel: Summary Statistics Interim Report. US Army Natick Research, Development and Engineering Center. March 1989.",Hand Breadth,hand,US Military Personnel,USA,female,2208,percentile,97,8.66,86.6,3.409,
Anthropometric Detailed Data Tables (ANSUR 1988),16,"Gordon CC, Churchill T, Clauser CE et al. (1989). 1988 Anthropometric Survey of U.S. Personnel: Summary Statistics Interim Report. US Army Natick Research, Development and Engineering Center. March 1989.",Hand Breadth,hand,US Military Personnel,USA,female,2208,percentile,98,8.74,87.4,3.441,
Anthropometric Detailed Data Tables (ANSUR 1988),16,"Gordon CC, Churchill T, Clauser CE et al. (1989). 1988 Anthropometric Survey of U.S. Personnel: Summary Statistics Interim Report. US Army Natick Research, Development and Engineering Center. March 1989.",Hand Breadth,hand,US Military Personnel,USA,female,2208,percentile,99,8.86,88.6,3.488,
Anthropometric Detailed Data Tables (ANSUR 1988),16,"Gordon CC, Churchill T, Clauser CE et al. (1989). 1988 Anthropometric Survey of U.S. Personnel: Summary Statistics Interim Report. US Army Natick Research, Development and Engineering Center. March 1989.",Hand Breadth,hand,US Military Personnel,USA,male,1774,mean,,9.04,90.4,3.559,
Anthropometric Detailed Data Tables (ANSUR 1988),16,"Gordon CC, Churchill T, Clauser CE et al. (1989). 1988 Anthropometric Survey of U.S. Personnel: Summary Statistics Interim Report. US Army Natick Research, Development and Engineering Center. March 1989.",Hand Breadth,hand,US Military Personnel,USA,male,1774,std_dev,,0.42,4.2,0.165,
Anthropometric Detailed Data Tables (ANSUR 1988),16,"Gordon CC, Churchill T, Clauser CE et al. (1989). 1988 Anthropometric Survey of U.S. Personnel: Summary Statistics Interim Report. US Army Natick Research, Development and Engineering Center. March 1989.",Hand Breadth,hand,US Military Personnel,USA,male,1774,max,,10.6,106.0,4.173,
Anthropometric Detailed Data Tables (ANSUR 1988),16,"Gordon CC, Churchill T, Clauser CE et al. (1989). 1988 Anthropometric Survey of U.S. Personnel: Summary Statistics Interim Report. US Army Natick Research, Development and Engineering Center. March 1989.",Hand Breadth,hand,US Military Personnel,USA,male,1774,min,,7.7,77.0,3.031,
Anthropometric Detailed Data Tables (ANSUR 1988),16,"Gordon CC, Churchill T, Clauser CE et al. (1989). 1988 Anthropometric Survey of U.S. Personnel: Summary Statistics Interim Report. US Army Natick Research, Development and Engineering Center. March 1989.",Hand Breadth,hand,US Military Personnel,USA,male,1774,percentile,1,8.07,80.7,3.177,
Anthropometric Detailed Data Tables (ANSUR 1988),16,"Gordon CC, Churchill T, Clauser CE et al. (1989). 1988 Anthropometric Survey of U.S. Personnel: Summary Statistics Interim Report. US Army Natick Research, Development and Engineering Center. March 1989.",Hand Breadth,hand,US Military Personnel,USA,male,1774,percentile,2,8.19,81.9,3.224,
Anthropometric Detailed Data Tables (ANSUR 1988),16,"Gordon CC, Churchill T, Clauser CE et al. (1989). 1988 Anthropometric Survey of U.S. Personnel: Summary Statistics Interim Report. US Army Natick Research, Development and Engineering Center. March 1989.",Hand Breadth,hand,US Military Personnel,USA,male,1774,percentile,3,8.27,82.7,3.256,
Anthropometric Detailed Data Tables (ANSUR 1988),16,"Gordon CC, Churchill T, Clauser CE et al. (1989). 1988 Anthropometric Survey of U.S. Personnel: Summary Statistics Interim Report. US Army Natick Research, Development and Engineering Center. March 1989.",Hand Breadth,hand,US Military Personnel,USA,male,1774,percentile,5,8.36,83.6,3.291,
Anthropometric Detailed Data Tables (ANSUR 1988),16,"Gordon CC, Churchill T, Clauser CE et al. (1989). 1988 Anthropometric Survey of U.S. Personnel: Summary Statistics Interim Report. US Army Natick Research, Development and Engineering Center. March 1989.",Hand Breadth,hand,US Military Personnel,USA,male,1774,percentile,10,8.51,85.1,3.35,
Anthropometric Detailed Data Tables (ANSUR 1988),16,"Gordon CC, Churchill T, Clauser CE et al. (1989). 1988 Anthropometric Survey of U.S. Personnel: Summary Statistics Interim Report. US Army Natick Research, Development and Engineering Center. March 1989.",Hand Breadth,hand,US Military Personnel,USA,male,1774,percentile,15,8.61,86.1,3.39,
Anthropometric Detailed Data Tables (ANSUR 1988),16,"Gordon CC, Churchill T, Clauser CE et al. (1989). 1988 Anthropometric Survey of U.S. Personnel: Summary Statistics Interim Report. US Army Natick Research, Development and Engineering Center. March 1989.",Hand Breadth,hand,US Military Personnel,USA,male,1774,percentile,20,8.69,86.9,3.421,
Anthropometric Detailed Data Tables (ANSUR 1988),16,"Gordon CC, Churchill T, Clauser CE et al. (1989). 1988 Anthropometric Survey of U.S. Personnel: Summary Statistics Interim Report. US Army Natick Research, Development and Engineering Center. March 1989.",Hand Breadth,hand,US Military Personnel,USA,male,1774,percentile,25,8.75,87.5,3.445,
Anthropometric Detailed Data Tables (ANSUR 1988),16,"Gordon CC, Churchill T, Clauser CE et al. (1989). 1988 Anthropometric Survey of U.S. Personnel: Summary Statistics Interim Report. US Army Natick Research, Development and Engineering Center. March 1989.",Hand Breadth,hand,US Military Personnel,USA,male,1774,percentile,30,8.82,88.2,3.472,
Anthropometric Detailed Data Tables (ANSUR 1988),16,"Gordon CC, Churchill T, Clauser CE et al. (1989). 1988 Anthropometric Survey of U.S. Personnel: Summary Statistics Interim Report. US Army Natick Research, Development and Engineering Center. March 1989.",Hand Breadth,hand,US Military Personnel,USA,male,1774,percentile,35,8.87,88.7,3.492,
Anthropometric Detailed Data Tables (ANSUR 1988),16,"Gordon CC, Churchill T, Clauser CE et al. (1989). 1988 Anthropometric Survey of U.S. Personnel: Summary Statistics Interim Report. US Army Natick Research, Development and Engineering Center. March 1989.",Hand Breadth,hand,US Military Personnel,USA,male,1774,percentile,40,8.93,89.3,3.516,
Anthropometric Detailed Data Tables (ANSUR 1988),16,"Gordon CC, Churchill T, Clauser CE et al. (1989). 1988 Anthropometric Survey of U.S. Personnel: Summary Statistics Interim Report. US Army Natick Research, Development and Engineering Center. March 1989.",Hand Breadth,hand,US Military Personnel,USA,male,1774,percentile,45,8.98,89.8,3.535,
Anthropometric Detailed Data Tables (ANSUR 1988),16,"Gordon CC, Churchill T, Clauser CE et al. (1989). 1988 Anthropometric Survey of U.S. Personnel: Summary Statistics Interim Report. US Army Natick Research, Development and Engineering Center. March 1989.",Hand Breadth,hand,US Military Personnel,USA,male,1774,percentile,50,9.03,90.3,3.555,
Anthropometric Detailed Data Tables (ANSUR 1988),16,"Gordon CC, Churchill T, Clauser CE et al. (1989). 1988 Anthropometric Survey of U.S. Personnel: Summary Statistics Interim Report. US Army Natick Research, Development and Engineering Center. March 1989.",Hand Breadth,hand,US Military Personnel,USA,male,1774,percentile,55,9.09,90.9,3.579,
Anthropometric Detailed Data Tables (ANSUR 1988),16,"Gordon CC, Churchill T, Clauser CE et al. (1989). 1988 Anthropometric Survey of U.S. Personnel: Summary Statistics Interim Report. US Army Natick Research, Development and Engineering Center. March 1989.",Hand Breadth,hand,US Military Personnel,USA,male,1774,percentile,60,9.14,91.4,3.598,
Anthropometric Detailed Data Tables (ANSUR 1988),16,"Gordon CC, Churchill T, Clauser CE et al. (1989). 1988 Anthropometric Survey of U.S. Personnel: Summary Statistics Interim Report. US Army Natick Research, Development and Engineering Center. March 1989.",Hand Breadth,hand,US Military Personnel,USA,male,1774,percentile,65,9.2,92.0,3.622,
Anthropometric Detailed Data Tables (ANSUR 1988),16,"Gordon CC, Churchill T, Clauser CE et al. (1989). 1988 Anthropometric Survey of U.S. Personnel: Summary Statistics Interim Report. US Army Natick Research, Development and Engineering Center. March 1989.",Hand Breadth,hand,US Military Personnel,USA,male,1774,percentile,70,9.26,92.6,3.646,
Anthropometric Detailed Data Tables (ANSUR 1988),16,"Gordon CC, Churchill T, Clauser CE et al. (1989). 1988 Anthropometric Survey of U.S. Personnel: Summary Statistics Interim Report. US Army Natick Research, Development and Engineering Center. March 1989.",Hand Breadth,hand,US Military Personnel,USA,male,1774,percentile,75,9.32,93.2,3.669,
Anthropometric Detailed Data Tables (ANSUR 1988),16,"Gordon CC, Churchill T, Clauser CE et al. (1989). 1988 Anthropometric Survey of U.S. Personnel: Summary Statistics Interim Report. US Army Natick Research, Development and Engineering Center. March 1989.",Hand Breadth,hand,US Military Personnel,USA,male,1774,percentile,80,9.4,94.0,3.701,
Anthropometric Detailed Data Tables (ANSUR 1988),16,"Gordon CC, Churchill T, Clauser CE et al. (1989). 1988 Anthropometric Survey of U.S. Personnel: Summary Statistics Interim Report. US Army Natick Research, Development and Engineering Center. March 1989.",Hand Breadth,hand,US Military Personnel,USA,male,1774,percentile,85,9.48,94.8,3.732,
Anthropometric Detailed Data Tables (ANSUR 1988),16,"Gordon CC, Churchill T, Clauser CE et al. (1989). 1988 Anthropometric Survey of U.S. Personnel: Summary Statistics Interim Report. US Army Natick Research, Development and Engineering Center. March 1989.",Hand Breadth,hand,US Military Personnel,USA,male,1774,percentile,90,9.59,95.9,3.776,
Anthropometric Detailed Data Tables (ANSUR 1988),16,"Gordon CC, Churchill T, Clauser CE et al. (1989). 1988 Anthropometric Survey of U.S. Personnel: Summary Statistics Interim Report. US Army Natick Research, Development and Engineering Center. March 1989.",Hand Breadth,hand,US Military Personnel,USA,male,1774,percentile,95,9.76,97.6,3.843,
Anthropometric Detailed Data Tables (ANSUR 1988),16,"Gordon CC, Churchill T, Clauser CE et al. (1989). 1988 Anthropometric Survey of U.S. Personnel: Summary Statistics Interim Report. US Army Natick Research, Development and Engineering Center. March 1989.",Hand Breadth,hand,US Military Personnel,USA,male,1774,percentile,97,9.86,98.6,3.882,
Anthropometric Detailed Data Tables (ANSUR 1988),16,"Gordon CC, Churchill T, Clauser CE et al. (1989). 1988 Anthropometric Survey of U.S. Personnel: Summary Statistics Interim Report. US Army Natick Research, Development and Engineering Center. March 1989.",Hand Breadth,hand,US Military Personnel,USA,male,1774,percentile,98,9.93,99.3,3.909,
Anthropometric Detailed Data Tables (ANSUR 1988),16,"Gordon CC, Churchill T, Clauser CE et al. (1989). 1988 Anthropometric Survey of U.S. Personnel: Summary Statistics Interim Report. US Army Natick Research, Development and Engineering Center. March 1989.",Hand Breadth,hand,US Military Personnel,USA,male,1774,percentile,99,10.04,100.4,3.953,
Anthropometric Detailed Data Tables (ANSUR 1988),17,"Gordon CC, Churchill T, Clauser CE et al. (1989). 1988 Anthropometric Survey of U.S. Personnel: Summary Statistics Interim Report. US Army Natick Research, Development and Engineering Center. March 1989.",Hand Circumference,hand,US Military Personnel,USA,female,2208,mean,,18.62,186.2,7.331,
Anthropometric Detailed Data Tables (ANSUR 1988),17,"Gordon CC, Churchill T, Clauser CE et al. (1989). 1988 Anthropometric Survey of U.S. Personnel: Summary Statistics Interim Report. US Army Natick Research, Development and Engineering Center. March 1989.",Hand Circumference,hand,US Military Personnel,USA,female,2208,std_dev,,0.85,8.5,0.335,
Anthropometric Detailed Data Tables (ANSUR 1988),17,"Gordon CC, Churchill T, Clauser CE et al. (1989). 1988 Anthropometric Survey of U.S. Personnel: Summary Statistics Interim Report. US Army Natick Research, Development and Engineering Center. March 1989.",Hand Circumference,hand,US Military Personnel,USA,female,2208,max,,23.0,230.0,9.055,
Anthropometric Detailed Data Tables (ANSUR 1988),17,"Gordon CC, Churchill T, Clauser CE et al. (1989). 1988 Anthropometric Survey of U.S. Personnel: Summary Statistics Interim Report. US Army Natick Research, Development and Engineering Center. March 1989.",Hand Circumference,hand,US Military Personnel,USA,female,2208,min,,15.8,158.0,6.22,
Anthropometric Detailed Data Tables (ANSUR 1988),17,"Gordon CC, Churchill T, Clauser CE et al. (1989). 1988 Anthropometric Survey of U.S. Personnel: Summary Statistics Interim Report. US Army Natick Research, Development and Engineering Center. March 1989.",Hand Circumference,hand,US Military Personnel,USA,female,2208,percentile,1,16.73,167.3,6.587,
Anthropometric Detailed Data Tables (ANSUR 1988),17,"Gordon CC, Churchill T, Clauser CE et al. (1989). 1988 Anthropometric Survey of U.S. Personnel: Summary Statistics Interim Report. US Army Natick Research, Development and Engineering Center. March 1989.",Hand Circumference,hand,US Military Personnel,USA,female,2208,percentile,2,16.93,169.3,6.665,
Anthropometric Detailed Data Tables (ANSUR 1988),17,"Gordon CC, Churchill T, Clauser CE et al. (1989). 1988 Anthropometric Survey of U.S. Personnel: Summary Statistics Interim Report. US Army Natick Research, Development and Engineering Center. March 1989.",Hand Circumference,hand,US Military Personnel,USA,female,2208,percentile,3,17.07,170.7,6.72,
Anthropometric Detailed Data Tables (ANSUR 1988),17,"Gordon CC, Churchill T, Clauser CE et al. (1989). 1988 Anthropometric Survey of U.S. Personnel: Summary Statistics Interim Report. US Army Natick Research, Development and Engineering Center. March 1989.",Hand Circumference,hand,US Military Personnel,USA,female,2208,percentile,5,17.25,172.5,6.791,
Anthropometric Detailed Data Tables (ANSUR 1988),17,"Gordon CC, Churchill T, Clauser CE et al. (1989). 1988 Anthropometric Survey of U.S. Personnel: Summary Statistics Interim Report. US Army Natick Research, Development and Engineering Center. March 1989.",Hand Circumference,hand,US Military Personnel,USA,female,2208,percentile,10,17.55,175.5,6.909,
Anthropometric Detailed Data Tables (ANSUR 1988),17,"Gordon CC, Churchill T, Clauser CE et al. (1989). 1988 Anthropometric Survey of U.S. Personnel: Summary Statistics Interim Report. US Army Natick Research, Development and Engineering Center. March 1989.",Hand Circumference,hand,US Military Personnel,USA,female,2208,percentile,15,17.75,177.5,6.988,
Anthropometric Detailed Data Tables (ANSUR 1988),17,"Gordon CC, Churchill T, Clauser CE et al. (1989). 1988 Anthropometric Survey of U.S. Personnel: Summary Statistics Interim Report. US Army Natick Research, Development and Engineering Center. March 1989.",Hand Circumference,hand,US Military Personnel,USA,female,2208,percentile,20,17.91,179.1,7.051,
Anthropometric Detailed Data Tables (ANSUR 1988),17,"Gordon CC, Churchill T, Clauser CE et al. (1989). 1988 Anthropometric Survey of U.S. Personnel: Summary Statistics Interim Report. US Army Natick Research, Development and Engineering Center. March 1989.",Hand Circumference,hand,US Military Personnel,USA,female,2208,percentile,25,18.04,180.4,7.102,
Anthropometric Detailed Data Tables (ANSUR 1988),17,"Gordon CC, Churchill T, Clauser CE et al. (1989). 1988 Anthropometric Survey of U.S. Personnel: Summary Statistics Interim Report. US Army Natick Research, Development and Engineering Center. March 1989.",Hand Circumference,hand,US Military Personnel,USA,female,2208,percentile,30,18.17,181.7,7.154,
Anthropometric Detailed Data Tables (ANSUR 1988),17,"Gordon CC, Churchill T, Clauser CE et al. (1989). 1988 Anthropometric Survey of U.S. Personnel: Summary Statistics Interim Report. US Army Natick Research, Development and Engineering Center. March 1989.",Hand Circumference,hand,US Military Personnel,USA,female,2208,percentile,35,18.28,182.8,7.197,
Anthropometric Detailed Data Tables (ANSUR 1988),17,"Gordon CC, Churchill T, Clauser CE et al. (1989). 1988 Anthropometric Survey of U.S. Personnel: Summary Statistics Interim Report. US Army Natick Research, Development and Engineering Center. March 1989.",Hand Circumference,hand,US Military Personnel,USA,female,2208,percentile,40,18.39,183.9,7.24,
Anthropometric Detailed Data Tables (ANSUR 1988),17,"Gordon CC, Churchill T, Clauser CE et al. (1989). 1988 Anthropometric Survey of U.S. Personnel: Summary Statistics Interim Report. US Army Natick Research, Development and Engineering Center. March 1989.",Hand Circumference,hand,US Military Personnel,USA,female,2208,percentile,45,18.5,185.0,7.283,
Anthropometric Detailed Data Tables (ANSUR 1988),17,"Gordon CC, Churchill T, Clauser CE et al. (1989). 1988 Anthropometric Survey of U.S. Personnel: Summary Statistics Interim Report. US Army Natick Research, Development and Engineering Center. March 1989.",Hand Circumference,hand,US Military Personnel,USA,female,2208,percentile,50,18.6,186.0,7.323,
Anthropometric Detailed Data Tables (ANSUR 1988),17,"Gordon CC, Churchill T, Clauser CE et al. (1989). 1988 Anthropometric Survey of U.S. Personnel: Summary Statistics Interim Report. US Army Natick Research, Development and Engineering Center. March 1989.",Hand Circumference,hand,US Military Personnel,USA,female,2208,percentile,55,18.7,187.0,7.362,
Anthropometric Detailed Data Tables (ANSUR 1988),17,"Gordon CC, Churchill T, Clauser CE et al. (1989). 1988 Anthropometric Survey of U.S. Personnel: Summary Statistics Interim Report. US Army Natick Research, Development and Engineering Center. March 1989.",Hand Circumference,hand,US Military Personnel,USA,female,2208,percentile,60,18.81,188.1,7.406,
Anthropometric Detailed Data Tables (ANSUR 1988),17,"Gordon CC, Churchill T, Clauser CE et al. (1989). 1988 Anthropometric Survey of U.S. Personnel: Summary Statistics Interim Report. US Army Natick Research, Development and Engineering Center. March 1989.",Hand Circumference,hand,US Military Personnel,USA,female,2208,percentile,65,18.92,189.2,7.449,
Anthropometric Detailed Data Tables (ANSUR 1988),17,"Gordon CC, Churchill T, Clauser CE et al. (1989). 1988 Anthropometric Survey of U.S. Personnel: Summary Statistics Interim Report. US Army Natick Research, Development and Engineering Center. March 1989.",Hand Circumference,hand,US Military Personnel,USA,female,2208,percentile,70,19.04,190.4,7.496,
Anthropometric Detailed Data Tables (ANSUR 1988),17,"Gordon CC, Churchill T, Clauser CE et al. (1989). 1988 Anthropometric Survey of U.S. Personnel: Summary Statistics Interim Report. US Army Natick Research, Development and Engineering Center. March 1989.",Hand Circumference,hand,US Military Personnel,USA,female,2208,percentile,75,19.16,191.6,7.543,
Anthropometric Detailed Data Tables (ANSUR 1988),17,"Gordon CC, Churchill T, Clauser CE et al. (1989). 1988 Anthropometric Survey of U.S. Personnel: Summary Statistics Interim Report. US Army Natick Research, Development and Engineering Center. March 1989.",Hand Circumference,hand,US Military Personnel,USA,female,2208,percentile,80,19.3,193.0,7.598,
Anthropometric Detailed Data Tables (ANSUR 1988),17,"Gordon CC, Churchill T, Clauser CE et al. (1989). 1988 Anthropometric Survey of U.S. Personnel: Summary Statistics Interim Report. US Army Natick Research, Development and Engineering Center. March 1989.",Hand Circumference,hand,US Military Personnel,USA,female,2208,percentile,85,19.47,194.7,7.665,
Anthropometric Detailed Data Tables (ANSUR 1988),17,"Gordon CC, Churchill T, Clauser CE et al. (1989). 1988 Anthropometric Survey of U.S. Personnel: Summary Statistics Interim Report. US Army Natick Research, Development and Engineering Center. March 1989.",Hand Circumference,hand,US Military Personnel,USA,female,2208,percentile,90,19.69,196.9,7.752,
Anthropometric Detailed Data Tables (ANSUR 1988),17,"Gordon CC, Churchill T, Clauser CE et al. (1989). 1988 Anthropometric Survey of U.S. Personnel: Summary Statistics Interim Report. US Army Natick Research, Development and Engineering Center. March 1989.",Hand Circumference,hand,US Military Personnel,USA,female,2208,percentile,95,20.03,200.3,7.886,
Anthropometric Detailed Data Tables (ANSUR 1988),17,"Gordon CC, Churchill T, Clauser CE et al. (1989). 1988 Anthropometric Survey of U.S. Personnel: Summary Statistics Interim Report. US Army Natick Research, Development and Engineering Center. March 1989.",Hand Circumference,hand,US Military Personnel,USA,female,2208,percentile,97,20.25,202.5,7.972,
Anthropometric Detailed Data Tables (ANSUR 1988),17,"Gordon CC, Churchill T, Clauser CE et al. (1989). 1988 Anthropometric Survey of U.S. Personnel: Summary Statistics Interim Report. US Army Natick Research, Development and Engineering Center. March 1989.",Hand Circumference,hand,US Military Personnel,USA,female,2208,percentile,98,20.43,204.3,8.043,
Anthropometric Detailed Data Tables (ANSUR 1988),17,"Gordon CC, Churchill T, Clauser CE et al. (1989). 1988 Anthropometric Survey of U.S. Personnel: Summary Statistics Interim Report. US Army Natick Research, Development and Engineering Center. March 1989.",Hand Circumference,hand,US Military Personnel,USA,female,2208,percentile,99,20.72,207.2,8.157,
Anthropometric Detailed Data Tables (ANSUR 1988),17,"Gordon CC, Churchill T, Clauser CE et al. (1989). 1988 Anthropometric Survey of U.S. Personnel: Summary Statistics Interim Report. US Army Natick Research, Development and Engineering Center. March 1989.",Hand Circumference,hand,US Military Personnel,USA,male,1774,mean,,21.38,213.8,8.417,
Anthropometric Detailed Data Tables (ANSUR 1988),17,"Gordon CC, Churchill T, Clauser CE et al. (1989). 1988 Anthropometric Survey of U.S. Personnel: Summary Statistics Interim Report. US Army Natick Research, Development and Engineering Center. March 1989.",Hand Circumference,hand,US Military Personnel,USA,male,1774,std_dev,,0.97,9.7,0.382,
Anthropometric Detailed Data Tables (ANSUR 1988),17,"Gordon CC, Churchill T, Clauser CE et al. (1989). 1988 Anthropometric Survey of U.S. Personnel: Summary Statistics Interim Report. US Army Natick Research, Development and Engineering Center. March 1989.",Hand Circumference,hand,US Military Personnel,USA,male,1774,max,,24.7,247.0,9.724,
Anthropometric Detailed Data Tables (ANSUR 1988),17,"Gordon CC, Churchill T, Clauser CE et al. (1989). 1988 Anthropometric Survey of U.S. Personnel: Summary Statistics Interim Report. US Army Natick Research, Development and Engineering Center. March 1989.",Hand Circumference,hand,US Military Personnel,USA,male,1774,min,,18.2,182.0,7.165,
Anthropometric Detailed Data Tables (ANSUR 1988),17,"Gordon CC, Churchill T, Clauser CE et al. (1989). 1988 Anthropometric Survey of U.S. Personnel: Summary Statistics Interim Report. US Army Natick Research, Development and Engineering Center. March 1989.",Hand Circumference,hand,US Military Personnel,USA,male,1774,percentile,1,19.16,191.6,7.543,
Anthropometric Detailed Data Tables (ANSUR 1988),17,"Gordon CC, Churchill T, Clauser CE et al. (1989). 1988 Anthropometric Survey of U.S. Personnel: Summary Statistics Interim Report. US Army Natick Research, Development and Engineering Center. March 1989.",Hand Circumference,hand,US Military Personnel,USA,male,1774,percentile,2,19.45,194.5,7.657,
Anthropometric Detailed Data Tables (ANSUR 1988),17,"Gordon CC, Churchill T, Clauser CE et al. (1989). 1988 Anthropometric Survey of U.S. Personnel: Summary Statistics Interim Report. US Army Natick Research, Development and Engineering Center. March 1989.",Hand Circumference,hand,US Military Personnel,USA,male,1774,percentile,3,19.62,196.2,7.724,
Anthropometric Detailed Data Tables (ANSUR 1988),17,"Gordon CC, Churchill T, Clauser CE et al. (1989). 1988 Anthropometric Survey of U.S. Personnel: Summary Statistics Interim Report. US Army Natick Research, Development and Engineering Center. March 1989.",Hand Circumference,hand,US Military Personnel,USA,male,1774,percentile,5,19.85,198.5,7.815,
Anthropometric Detailed Data Tables (ANSUR 1988),17,"Gordon CC, Churchill T, Clauser CE et al. (1989). 1988 Anthropometric Survey of U.S. Personnel: Summary Statistics Interim Report. US Army Natick Research, Development and Engineering Center. March 1989.",Hand Circumference,hand,US Military Personnel,USA,male,1774,percentile,10,20.18,201.8,7.945,
Anthropometric Detailed Data Tables (ANSUR 1988),17,"Gordon CC, Churchill T, Clauser CE et al. (1989). 1988 Anthropometric Survey of U.S. Personnel: Summary Statistics Interim Report. US Army Natick Research, Development and Engineering Center. March 1989.",Hand Circumference,hand,US Military Personnel,USA,male,1774,percentile,15,20.4,204.0,8.031,
Anthropometric Detailed Data Tables (ANSUR 1988),17,"Gordon CC, Churchill T, Clauser CE et al. (1989). 1988 Anthropometric Survey of U.S. Personnel: Summary Statistics Interim Report. US Army Natick Research, Development and Engineering Center. March 1989.",Hand Circumference,hand,US Military Personnel,USA,male,1774,percentile,20,20.57,205.7,8.098,
Anthropometric Detailed Data Tables (ANSUR 1988),17,"Gordon CC, Churchill T, Clauser CE et al. (1989). 1988 Anthropometric Survey of U.S. Personnel: Summary Statistics Interim Report. US Army Natick Research, Development and Engineering Center. March 1989.",Hand Circumference,hand,US Military Personnel,USA,male,1774,percentile,25,20.72,207.2,8.157,
Anthropometric Detailed Data Tables (ANSUR 1988),17,"Gordon CC, Churchill T, Clauser CE et al. (1989). 1988 Anthropometric Survey of U.S. Personnel: Summary Statistics Interim Report. US Army Natick Research, Development and Engineering Center. March 1989.",Hand Circumference,hand,US Military Personnel,USA,male,1774,percentile,30,20.86,208.6,8.213,
Anthropometric Detailed Data Tables (ANSUR 1988),17,"Gordon CC, Churchill T, Clauser CE et al. (1989). 1988 Anthropometric Survey of U.S. Personnel: Summary Statistics Interim Report. US Army Natick Research, Development and Engineering Center. March 1989.",Hand Circumference,hand,US Military Personnel,USA,male,1774,percentile,35,20.98,209.8,8.26,
Anthropometric Detailed Data Tables (ANSUR 1988),17,"Gordon CC, Churchill T, Clauser CE et al. (1989). 1988 Anthropometric Survey of U.S. Personnel: Summary Statistics Interim Report. US Army Natick Research, Development and Engineering Center. March 1989.",Hand Circumference,hand,US Military Personnel,USA,male,1774,percentile,40,21.11,211.1,8.311,
Anthropometric Detailed Data Tables (ANSUR 1988),17,"Gordon CC, Churchill T, Clauser CE et al. (1989). 1988 Anthropometric Survey of U.S. Personnel: Summary Statistics Interim Report. US Army Natick Research, Development and Engineering Center. March 1989.",Hand Circumference,hand,US Military Personnel,USA,male,1774,percentile,45,21.22,212.2,8.354,
Anthropometric Detailed Data Tables (ANSUR 1988),17,"Gordon CC, Churchill T, Clauser CE et al. (1989). 1988 Anthropometric Survey of U.S. Personnel: Summary Statistics Interim Report. US Army Natick Research, Development and Engineering Center. March 1989.",Hand Circumference,hand,US Military Personnel,USA,male,1774,percentile,50,21.34,213.4,8.402,
Anthropometric Detailed Data Tables (ANSUR 1988),17,"Gordon CC, Churchill T, Clauser CE et al. (1989). 1988 Anthropometric Survey of U.S. Personnel: Summary Statistics Interim Report. US Army Natick Research, Development and Engineering Center. March 1989.",Hand Circumference,hand,US Military Personnel,USA,male,1774,percentile,55,21.46,214.6,8.449,
Anthropometric Detailed Data Tables (ANSUR 1988),17,"Gordon CC, Churchill T, Clauser CE et al. (1989). 1988 Anthropometric Survey of U.S. Personnel: Summary Statistics Interim Report. US Army Natick Research, Development and Engineering Center. March 1989.",Hand Circumference,hand,US Military Personnel,USA,male,1774,percentile,60,21.59,215.9,8.5,
Anthropometric Detailed Data Tables (ANSUR 1988),17,"Gordon CC, Churchill T, Clauser CE et al. (1989). 1988 Anthropometric Survey of U.S. Personnel: Summary Statistics Interim Report. US Army Natick Research, Development and Engineering Center. March 1989.",Hand Circumference,hand,US Military Personnel,USA,male,1774,percentile,65,21.72,217.2,8.551,
Anthropometric Detailed Data Tables (ANSUR 1988),17,"Gordon CC, Churchill T, Clauser CE et al. (1989). 1988 Anthropometric Survey of U.S. Personnel: Summary Statistics Interim Report. US Army Natick Research, Development and Engineering Center. March 1989.",Hand Circumference,hand,US Military Personnel,USA,male,1774,percentile,70,21.86,218.6,8.606,
Anthropometric Detailed Data Tables (ANSUR 1988),17,"Gordon CC, Churchill T, Clauser CE et al. (1989). 1988 Anthropometric Survey of U.S. Personnel: Summary Statistics Interim Report. US Army Natick Research, Development and Engineering Center. March 1989.",Hand Circumference,hand,US Military Personnel,USA,male,1774,percentile,75,22.01,220.1,8.665,
Anthropometric Detailed Data Tables (ANSUR 1988),17,"Gordon CC, Churchill T, Clauser CE et al. (1989). 1988 Anthropometric Survey of U.S. Personnel: Summary Statistics Interim Report. US Army Natick Research, Development and Engineering Center. March 1989.",Hand Circumference,hand,US Military Personnel,USA,male,1774,percentile,80,22.18,221.8,8.732,
Anthropometric Detailed Data Tables (ANSUR 1988),17,"Gordon CC, Churchill T, Clauser CE et al. (1989). 1988 Anthropometric Survey of U.S. Personnel: Summary Statistics Interim Report. US Army Natick Research, Development and Engineering Center. March 1989.",Hand Circumference,hand,US Military Personnel,USA,male,1774,percentile,85,22.38,223.8,8.811,
Anthropometric Detailed Data Tables (ANSUR 1988),17,"Gordon CC, Churchill T, Clauser CE et al. (1989). 1988 Anthropometric Survey of U.S. Personnel: Summary Statistics Interim Report. US Army Natick Research, Development and Engineering Center. March 1989.",Hand Circumference,hand,US Military Personnel,USA,male,1774,percentile,90,22.64,226.4,8.913,
Anthropometric Detailed Data Tables (ANSUR 1988),17,"Gordon CC, Churchill T, Clauser CE et al. (1989). 1988 Anthropometric Survey of U.S. Personnel: Summary Statistics Interim Report. US Army Natick Research, Development and Engineering Center. March 1989.",Hand Circumference,hand,US Military Personnel,USA,male,1774,percentile,95,23.03,230.3,9.067,
Anthropometric Detailed Data Tables (ANSUR 1988),17,"Gordon CC, Churchill T, Clauser CE et al. (1989). 1988 Anthropometric Survey of U.S. Personnel: Summary Statistics Interim Report. US Army Natick Research, Development and Engineering Center. March 1989.",Hand Circumference,hand,US Military Personnel,USA,male,1774,percentile,97,23.28,232.8,9.165,
Anthropometric Detailed Data Tables (ANSUR 1988),17,"Gordon CC, Churchill T, Clauser CE et al. (1989). 1988 Anthropometric Survey of U.S. Personnel: Summary Statistics Interim Report. US Army Natick Research, Development and Engineering Center. March 1989.",Hand Circumference,hand,US Military Personnel,USA,male,1774,percentile,98,23.46,234.6,9.236,
Anthropometric Detailed Data Tables (ANSUR 1988),17,"Gordon CC, Churchill T, Clauser CE et al. (1989). 1988 Anthropometric Survey of U.S. Personnel: Summary Statistics Interim Report. US Army Natick Research, Development and Engineering Center. March 1989.",Hand Circumference,hand,US Military Personnel,USA,male,1774,percentile,99,23.74,237.4,9.346,
Anthropometric Detailed Data Tables (ANSUR 1988),18,"Gordon CC, Churchill T, Clauser CE et al. (1989). 1988 Anthropometric Survey of U.S. Personnel: Summary Statistics Interim Report. US Army Natick Research, Development and Engineering Center. March 1989.",Hand Length,hand,US Military Personnel,USA,female,2208,mean,,18.05,180.5,7.106,
Anthropometric Detailed Data Tables (ANSUR 1988),18,"Gordon CC, Churchill T, Clauser CE et al. (1989). 1988 Anthropometric Survey of U.S. Personnel: Summary Statistics Interim Report. US Army Natick Research, Development and Engineering Center. March 1989.",Hand Length,hand,US Military Personnel,USA,female,2208,std_dev,,0.97,9.7,0.382,
Anthropometric Detailed Data Tables (ANSUR 1988),18,"Gordon CC, Churchill T, Clauser CE et al. (1989). 1988 Anthropometric Survey of U.S. Personnel: Summary Statistics Interim Report. US Army Natick Research, Development and Engineering Center. March 1989.",Hand Length,hand,US Military Personnel,USA,female,2208,max,,21.5,215.0,8.465,
Anthropometric Detailed Data Tables (ANSUR 1988),18,"Gordon CC, Churchill T, Clauser CE et al. (1989). 1988 Anthropometric Survey of U.S. Personnel: Summary Statistics Interim Report. US Army Natick Research, Development and Engineering Center. March 1989.",Hand Length,hand,US Military Personnel,USA,female,2208,min,,14.9,149.0,5.866,
Anthropometric Detailed Data Tables (ANSUR 1988),18,"Gordon CC, Churchill T, Clauser CE et al. (1989). 1988 Anthropometric Survey of U.S. Personnel: Summary Statistics Interim Report. US Army Natick Research, Development and Engineering Center. March 1989.",Hand Length,hand,US Military Personnel,USA,female,2208,percentile,1,15.89,158.9,6.256,
Anthropometric Detailed Data Tables (ANSUR 1988),18,"Gordon CC, Churchill T, Clauser CE et al. (1989). 1988 Anthropometric Survey of U.S. Personnel: Summary Statistics Interim Report. US Army Natick Research, Development and Engineering Center. March 1989.",Hand Length,hand,US Military Personnel,USA,female,2208,percentile,2,16.13,161.3,6.35,
Anthropometric Detailed Data Tables (ANSUR 1988),18,"Gordon CC, Churchill T, Clauser CE et al. (1989). 1988 Anthropometric Survey of U.S. Personnel: Summary Statistics Interim Report. US Army Natick Research, Development and Engineering Center. March 1989.",Hand Length,hand,US Military Personnel,USA,female,2208,percentile,3,16.29,162.9,6.413,
Anthropometric Detailed Data Tables (ANSUR 1988),18,"Gordon CC, Churchill T, Clauser CE et al. (1989). 1988 Anthropometric Survey of U.S. Personnel: Summary Statistics Interim Report. US Army Natick Research, Development and Engineering Center. March 1989.",Hand Length,hand,US Military Personnel,USA,female,2208,percentile,5,16.5,165.0,6.496,
Anthropometric Detailed Data Tables (ANSUR 1988),18,"Gordon CC, Churchill T, Clauser CE et al. (1989). 1988 Anthropometric Survey of U.S. Personnel: Summary Statistics Interim Report. US Army Natick Research, Development and Engineering Center. March 1989.",Hand Length,hand,US Military Personnel,USA,female,2208,percentile,10,16.83,168.3,6.626,
Anthropometric Detailed Data Tables (ANSUR 1988),18,"Gordon CC, Churchill T, Clauser CE et al. (1989). 1988 Anthropometric Survey of U.S. Personnel: Summary Statistics Interim Report. US Army Natick Research, Development and Engineering Center. March 1989.",Hand Length,hand,US Military Personnel,USA,female,2208,percentile,15,17.06,170.6,6.717,
Anthropometric Detailed Data Tables (ANSUR 1988),18,"Gordon CC, Churchill T, Clauser CE et al. (1989). 1988 Anthropometric Survey of U.S. Personnel: Summary Statistics Interim Report. US Army Natick Research, Development and Engineering Center. March 1989.",Hand Length,hand,US Military Personnel,USA,female,2208,percentile,20,17.24,172.4,6.787,
Anthropometric Detailed Data Tables (ANSUR 1988),18,"Gordon CC, Churchill T, Clauser CE et al. (1989). 1988 Anthropometric Survey of U.S. Personnel: Summary Statistics Interim Report. US Army Natick Research, Development and Engineering Center. March 1989.",Hand Length,hand,US Military Personnel,USA,female,2208,percentile,25,17.39,173.9,6.846,
Anthropometric Detailed Data Tables (ANSUR 1988),18,"Gordon CC, Churchill T, Clauser CE et al. (1989). 1988 Anthropometric Survey of U.S. Personnel: Summary Statistics Interim Report. US Army Natick Research, Development and Engineering Center. March 1989.",Hand Length,hand,US Military Personnel,USA,female,2208,percentile,30,17.53,175.3,6.902,
Anthropometric Detailed Data Tables (ANSUR 1988),18,"Gordon CC, Churchill T, Clauser CE et al. (1989). 1988 Anthropometric Survey of U.S. Personnel: Summary Statistics Interim Report. US Army Natick Research, Development and Engineering Center. March 1989.",Hand Length,hand,US Military Personnel,USA,female,2208,percentile,35,17.66,176.6,6.953,
Anthropometric Detailed Data Tables (ANSUR 1988),18,"Gordon CC, Churchill T, Clauser CE et al. (1989). 1988 Anthropometric Survey of U.S. Personnel: Summary Statistics Interim Report. US Army Natick Research, Development and Engineering Center. March 1989.",Hand Length,hand,US Military Personnel,USA,female,2208,percentile,40,17.78,177.8,7.0,
Anthropometric Detailed Data Tables (ANSUR 1988),18,"Gordon CC, Churchill T, Clauser CE et al. (1989). 1988 Anthropometric Survey of U.S. Personnel: Summary Statistics Interim Report. US Army Natick Research, Development and Engineering Center. March 1989.",Hand Length,hand,US Military Personnel,USA,female,2208,percentile,45,17.9,179.0,7.047,
Anthropometric Detailed Data Tables (ANSUR 1988),18,"Gordon CC, Churchill T, Clauser CE et al. (1989). 1988 Anthropometric Survey of U.S. Personnel: Summary Statistics Interim Report. US Army Natick Research, Development and Engineering Center. March 1989.",Hand Length,hand,US Military Personnel,USA,female,2208,percentile,50,18.02,180.2,7.094,
Anthropometric Detailed Data Tables (ANSUR 1988),18,"Gordon CC, Churchill T, Clauser CE et al. (1989). 1988 Anthropometric Survey of U.S. Personnel: Summary Statistics Interim Report. US Army Natick Research, Development and Engineering Center. March 1989.",Hand Length,hand,US Military Personnel,USA,female,2208,percentile,55,18.14,181.4,7.142,
Anthropometric Detailed Data Tables (ANSUR 1988),18,"Gordon CC, Churchill T, Clauser CE et al. (1989). 1988 Anthropometric Survey of U.S. Personnel: Summary Statistics Interim Report. US Army Natick Research, Development and Engineering Center. March 1989.",Hand Length,hand,US Military Personnel,USA,female,2208,percentile,60,18.26,182.6,7.189,
Anthropometric Detailed Data Tables (ANSUR 1988),18,"Gordon CC, Churchill T, Clauser CE et al. (1989). 1988 Anthropometric Survey of U.S. Personnel: Summary Statistics Interim Report. US Army Natick Research, Development and Engineering Center. March 1989.",Hand Length,hand,US Military Personnel,USA,female,2208,percentile,65,18.39,183.9,7.24,
Anthropometric Detailed Data Tables (ANSUR 1988),18,"Gordon CC, Churchill T, Clauser CE et al. (1989). 1988 Anthropometric Survey of U.S. Personnel: Summary Statistics Interim Report. US Army Natick Research, Development and Engineering Center. March 1989.",Hand Length,hand,US Military Personnel,USA,female,2208,percentile,70,18.52,185.2,7.291,
Anthropometric Detailed Data Tables (ANSUR 1988),18,"Gordon CC, Churchill T, Clauser CE et al. (1989). 1988 Anthropometric Survey of U.S. Personnel: Summary Statistics Interim Report. US Army Natick Research, Development and Engineering Center. March 1989.",Hand Length,hand,US Military Personnel,USA,female,2208,percentile,75,18.67,186.7,7.35,
Anthropometric Detailed Data Tables (ANSUR 1988),18,"Gordon CC, Churchill T, Clauser CE et al. (1989). 1988 Anthropometric Survey of U.S. Personnel: Summary Statistics Interim Report. US Army Natick Research, Development and Engineering Center. March 1989.",Hand Length,hand,US Military Personnel,USA,female,2208,percentile,80,18.84,188.4,7.417,
Anthropometric Detailed Data Tables (ANSUR 1988),18,"Gordon CC, Churchill T, Clauser CE et al. (1989). 1988 Anthropometric Survey of U.S. Personnel: Summary Statistics Interim Report. US Army Natick Research, Development and Engineering Center. March 1989.",Hand Length,hand,US Military Personnel,USA,female,2208,percentile,85,19.04,190.4,7.496,
Anthropometric Detailed Data Tables (ANSUR 1988),18,"Gordon CC, Churchill T, Clauser CE et al. (1989). 1988 Anthropometric Survey of U.S. Personnel: Summary Statistics Interim Report. US Army Natick Research, Development and Engineering Center. March 1989.",Hand Length,hand,US Military Personnel,USA,female,2208,percentile,90,19.29,192.9,7.594,
Anthropometric Detailed Data Tables (ANSUR 1988),18,"Gordon CC, Churchill T, Clauser CE et al. (1989). 1988 Anthropometric Survey of U.S. Personnel: Summary Statistics Interim Report. US Army Natick Research, Development and Engineering Center. March 1989.",Hand Length,hand,US Military Personnel,USA,female,2208,percentile,95,19.69,196.9,7.752,
Anthropometric Detailed Data Tables (ANSUR 1988),18,"Gordon CC, Churchill T, Clauser CE et al. (1989). 1988 Anthropometric Survey of U.S. Personnel: Summary Statistics Interim Report. US Army Natick Research, Development and Engineering Center. March 1989.",Hand Length,hand,US Military Personnel,USA,female,2208,percentile,97,19.96,199.6,7.858,
Anthropometric Detailed Data Tables (ANSUR 1988),18,"Gordon CC, Churchill T, Clauser CE et al. (1989). 1988 Anthropometric Survey of U.S. Personnel: Summary Statistics Interim Report. US Army Natick Research, Development and Engineering Center. March 1989.",Hand Length,hand,US Military Personnel,USA,female,2208,percentile,98,20.16,201.6,7.937,
Anthropometric Detailed Data Tables (ANSUR 1988),18,"Gordon CC, Churchill T, Clauser CE et al. (1989). 1988 Anthropometric Survey of U.S. Personnel: Summary Statistics Interim Report. US Army Natick Research, Development and Engineering Center. March 1989.",Hand Length,hand,US Military Personnel,USA,female,2208,percentile,99,20.5,205.0,8.071,
Anthropometric Detailed Data Tables (ANSUR 1988),18,"Gordon CC, Churchill T, Clauser CE et al. (1989). 1988 Anthropometric Survey of U.S. Personnel: Summary Statistics Interim Report. US Army Natick Research, Development and Engineering Center. March 1989.",Hand Length,hand,US Military Personnel,USA,male,1774,mean,,19.38,193.8,7.63,
Anthropometric Detailed Data Tables (ANSUR 1988),18,"Gordon CC, Churchill T, Clauser CE et al. (1989). 1988 Anthropometric Survey of U.S. Personnel: Summary Statistics Interim Report. US Army Natick Research, Development and Engineering Center. March 1989.",Hand Length,hand,US Military Personnel,USA,male,1774,std_dev,,0.98,9.8,0.386,
Anthropometric Detailed Data Tables (ANSUR 1988),18,"Gordon CC, Churchill T, Clauser CE et al. (1989). 1988 Anthropometric Survey of U.S. Personnel: Summary Statistics Interim Report. US Army Natick Research, Development and Engineering Center. March 1989.",Hand Length,hand,US Military Personnel,USA,male,1774,max,,23.3,233.0,9.173,
Anthropometric Detailed Data Tables (ANSUR 1988),18,"Gordon CC, Churchill T, Clauser CE et al. (1989). 1988 Anthropometric Survey of U.S. Personnel: Summary Statistics Interim Report. US Army Natick Research, Development and Engineering Center. March 1989.",Hand Length,hand,US Military Personnel,USA,male,1774,min,,16.0,160.0,6.299,
Anthropometric Detailed Data Tables (ANSUR 1988),18,"Gordon CC, Churchill T, Clauser CE et al. (1989). 1988 Anthropometric Survey of U.S. Personnel: Summary Statistics Interim Report. US Army Natick Research, Development and Engineering Center. March 1989.",Hand Length,hand,US Military Personnel,USA,male,1774,percentile,1,17.28,172.8,6.803,
Anthropometric Detailed Data Tables (ANSUR 1988),18,"Gordon CC, Churchill T, Clauser CE et al. (1989). 1988 Anthropometric Survey of U.S. Personnel: Summary Statistics Interim Report. US Army Natick Research, Development and Engineering Center. March 1989.",Hand Length,hand,US Military Personnel,USA,male,1774,percentile,2,17.52,175.2,6.898,
Anthropometric Detailed Data Tables (ANSUR 1988),18,"Gordon CC, Churchill T, Clauser CE et al. (1989). 1988 Anthropometric Survey of U.S. Personnel: Summary Statistics Interim Report. US Army Natick Research, Development and Engineering Center. March 1989.",Hand Length,hand,US Military Personnel,USA,male,1774,percentile,3,17.67,176.7,6.957,
Anthropometric Detailed Data Tables (ANSUR 1988),18,"Gordon CC, Churchill T, Clauser CE et al. (1989). 1988 Anthropometric Survey of U.S. Personnel: Summary Statistics Interim Report. US Army Natick Research, Development and Engineering Center. March 1989.",Hand Length,hand,US Military Personnel,USA,male,1774,percentile,5,17.87,178.7,7.035,
Anthropometric Detailed Data Tables (ANSUR 1988),18,"Gordon CC, Churchill T, Clauser CE et al. (1989). 1988 Anthropometric Survey of U.S. Personnel: Summary Statistics Interim Report. US Army Natick Research, Development and Engineering Center. March 1989.",Hand Length,hand,US Military Personnel,USA,male,1774,percentile,10,18.18,181.8,7.157,
Anthropometric Detailed Data Tables (ANSUR 1988),18,"Gordon CC, Churchill T, Clauser CE et al. (1989). 1988 Anthropometric Survey of U.S. Personnel: Summary Statistics Interim Report. US Army Natick Research, Development and Engineering Center. March 1989.",Hand Length,hand,US Military Personnel,USA,male,1774,percentile,15,18.39,183.9,7.24,
Anthropometric Detailed Data Tables (ANSUR 1988),18,"Gordon CC, Churchill T, Clauser CE et al. (1989). 1988 Anthropometric Survey of U.S. Personnel: Summary Statistics Interim Report. US Army Natick Research, Development and Engineering Center. March 1989.",Hand Length,hand,US Military Personnel,USA,male,1774,percentile,20,18.56,185.6,7.307,
Anthropometric Detailed Data Tables (ANSUR 1988),18,"Gordon CC, Churchill T, Clauser CE et al. (1989). 1988 Anthropometric Survey of U.S. Personnel: Summary Statistics Interim Report. US Army Natick Research, Development and Engineering Center. March 1989.",Hand Length,hand,US Military Personnel,USA,male,1774,percentile,25,18.71,187.1,7.366,
Anthropometric Detailed Data Tables (ANSUR 1988),18,"Gordon CC, Churchill T, Clauser CE et al. (1989). 1988 Anthropometric Survey of U.S. Personnel: Summary Statistics Interim Report. US Army Natick Research, Development and Engineering Center. March 1989.",Hand Length,hand,US Military Personnel,USA,male,1774,percentile,30,18.85,188.5,7.421,
Anthropometric Detailed Data Tables (ANSUR 1988),18,"Gordon CC, Churchill T, Clauser CE et al. (1989). 1988 Anthropometric Survey of U.S. Personnel: Summary Statistics Interim Report. US Army Natick Research, Development and Engineering Center. March 1989.",Hand Length,hand,US Military Personnel,USA,male,1774,percentile,35,18.97,189.7,7.469,
Anthropometric Detailed Data Tables (ANSUR 1988),18,"Gordon CC, Churchill T, Clauser CE et al. (1989). 1988 Anthropometric Survey of U.S. Personnel: Summary Statistics Interim Report. US Army Natick Research, Development and Engineering Center. March 1989.",Hand Length,hand,US Military Personnel,USA,male,1774,percentile,40,19.09,190.9,7.516,
Anthropometric Detailed Data Tables (ANSUR 1988),18,"Gordon CC, Churchill T, Clauser CE et al. (1989). 1988 Anthropometric Survey of U.S. Personnel: Summary Statistics Interim Report. US Army Natick Research, Development and Engineering Center. March 1989.",Hand Length,hand,US Military Personnel,USA,male,1774,percentile,45,19.21,192.1,7.563,
Anthropometric Detailed Data Tables (ANSUR 1988),18,"Gordon CC, Churchill T, Clauser CE et al. (1989). 1988 Anthropometric Survey of U.S. Personnel: Summary Statistics Interim Report. US Army Natick Research, Development and Engineering Center. March 1989.",Hand Length,hand,US Military Personnel,USA,male,1774,percentile,50,19.33,193.3,7.61,
Anthropometric Detailed Data Tables (ANSUR 1988),18,"Gordon CC, Churchill T, Clauser CE et al. (1989). 1988 Anthropometric Survey of U.S. Personnel: Summary Statistics Interim Report. US Army Natick Research, Development and Engineering Center. March 1989.",Hand Length,hand,US Military Personnel,USA,male,1774,percentile,55,19.45,194.5,7.657,
Anthropometric Detailed Data Tables (ANSUR 1988),18,"Gordon CC, Churchill T, Clauser CE et al. (1989). 1988 Anthropometric Survey of U.S. Personnel: Summary Statistics Interim Report. US Army Natick Research, Development and Engineering Center. March 1989.",Hand Length,hand,US Military Personnel,USA,male,1774,percentile,60,19.57,195.7,7.705,
Anthropometric Detailed Data Tables (ANSUR 1988),18,"Gordon CC, Churchill T, Clauser CE et al. (1989). 1988 Anthropometric Survey of U.S. Personnel: Summary Statistics Interim Report. US Army Natick Research, Development and Engineering Center. March 1989.",Hand Length,hand,US Military Personnel,USA,male,1774,percentile,65,19.7,197.0,7.756,
Anthropometric Detailed Data Tables (ANSUR 1988),18,"Gordon CC, Churchill T, Clauser CE et al. (1989). 1988 Anthropometric Survey of U.S. Personnel: Summary Statistics Interim Report. US Army Natick Research, Development and Engineering Center. March 1989.",Hand Length,hand,US Military Personnel,USA,male,1774,percentile,70,19.84,198.4,7.811,
Anthropometric Detailed Data Tables (ANSUR 1988),18,"Gordon CC, Churchill T, Clauser CE et al. (1989). 1988 Anthropometric Survey of U.S. Personnel: Summary Statistics Interim Report. US Army Natick Research, Development and Engineering Center. March 1989.",Hand Length,hand,US Military Personnel,USA,male,1774,percentile,75,19.99,199.9,7.87,
Anthropometric Detailed Data Tables (ANSUR 1988),18,"Gordon CC, Churchill T, Clauser CE et al. (1989). 1988 Anthropometric Survey of U.S. Personnel: Summary Statistics Interim Report. US Army Natick Research, Development and Engineering Center. March 1989.",Hand Length,hand,US Military Personnel,USA,male,1774,percentile,80,20.16,201.6,7.937,
Anthropometric Detailed Data Tables (ANSUR 1988),18,"Gordon CC, Churchill T, Clauser CE et al. (1989). 1988 Anthropometric Survey of U.S. Personnel: Summary Statistics Interim Report. US Army Natick Research, Development and Engineering Center. March 1989.",Hand Length,hand,US Military Personnel,USA,male,1774,percentile,85,20.37,203.7,8.02,
Anthropometric Detailed Data Tables (ANSUR 1988),18,"Gordon CC, Churchill T, Clauser CE et al. (1989). 1988 Anthropometric Survey of U.S. Personnel: Summary Statistics Interim Report. US Army Natick Research, Development and Engineering Center. March 1989.",Hand Length,hand,US Military Personnel,USA,male,1774,percentile,90,20.64,206.4,8.126,
Anthropometric Detailed Data Tables (ANSUR 1988),18,"Gordon CC, Churchill T, Clauser CE et al. (1989). 1988 Anthropometric Survey of U.S. Personnel: Summary Statistics Interim Report. US Army Natick Research, Development and Engineering Center. March 1989.",Hand Length,hand,US Military Personnel,USA,male,1774,percentile,95,21.06,210.6,8.291,
Anthropometric Detailed Data Tables (ANSUR 1988),18,"Gordon CC, Churchill T, Clauser CE et al. (1989). 1988 Anthropometric Survey of U.S. Personnel: Summary Statistics Interim Report. US Army Natick Research, Development and Engineering Center. March 1989.",Hand Length,hand,US Military Personnel,USA,male,1774,percentile,97,21.34,213.4,8.402,
Anthropometric Detailed Data Tables (ANSUR 1988),18,"Gordon CC, Churchill T, Clauser CE et al. (1989). 1988 Anthropometric Survey of U.S. Personnel: Summary Statistics Interim Report. US Army Natick Research, Development and Engineering Center. March 1989.",Hand Length,hand,US Military Personnel,USA,male,1774,percentile,98,21.55,215.5,8.484,
Anthropometric Detailed Data Tables (ANSUR 1988),18,"Gordon CC, Churchill T, Clauser CE et al. (1989). 1988 Anthropometric Survey of U.S. Personnel: Summary Statistics Interim Report. US Army Natick Research, Development and Engineering Center. March 1989.",Hand Length,hand,US Military Personnel,USA,male,1774,percentile,99,21.9,219.0,8.622,
Anthropometric Detailed Data Tables (ANSUR 1988),21,"Gordon CC, Churchill T, Clauser CE et al. (1989). 1988 Anthropometric Survey of U.S. Personnel: Summary Statistics Interim Report. US Army Natick Research, Development and Engineering Center. March 1989.",Lower Arm,forearm,US Military Personnel,USA,female,2208,mean,,24.34,243.4,9.583,
Anthropometric Detailed Data Tables (ANSUR 1988),21,"Gordon CC, Churchill T, Clauser CE et al. (1989). 1988 Anthropometric Survey of U.S. Personnel: Summary Statistics Interim Report. US Army Natick Research, Development and Engineering Center. March 1989.",Lower Arm,forearm,US Military Personnel,USA,female,2208,std_dev,,1.55,15.5,0.61,
Anthropometric Detailed Data Tables (ANSUR 1988),21,"Gordon CC, Churchill T, Clauser CE et al. (1989). 1988 Anthropometric Survey of U.S. Personnel: Summary Statistics Interim Report. US Army Natick Research, Development and Engineering Center. March 1989.",Lower Arm,forearm,US Military Personnel,USA,female,2208,max,,31.2,312.0,12.283,
Anthropometric Detailed Data Tables (ANSUR 1988),21,"Gordon CC, Churchill T, Clauser CE et al. (1989). 1988 Anthropometric Survey of U.S. Personnel: Summary Statistics Interim Report. US Army Natick Research, Development and Engineering Center. March 1989.",Lower Arm,forearm,US Military Personnel,USA,female,2208,min,,15.7,157.0,6.181,
Anthropometric Detailed Data Tables (ANSUR 1988),21,"Gordon CC, Churchill T, Clauser CE et al. (1989). 1988 Anthropometric Survey of U.S. Personnel: Summary Statistics Interim Report. US Army Natick Research, Development and Engineering Center. March 1989.",Lower Arm,forearm,US Military Personnel,USA,female,2208,percentile,1,20.97,209.7,8.256,
Anthropometric Detailed Data Tables (ANSUR 1988),21,"Gordon CC, Churchill T, Clauser CE et al. (1989). 1988 Anthropometric Survey of U.S. Personnel: Summary Statistics Interim Report. US Army Natick Research, Development and Engineering Center. March 1989.",Lower Arm,forearm,US Military Personnel,USA,female,2208,percentile,2,21.32,213.2,8.394,
Anthropometric Detailed Data Tables (ANSUR 1988),21,"Gordon CC, Churchill T, Clauser CE et al. (1989). 1988 Anthropometric Survey of U.S. Personnel: Summary Statistics Interim Report. US Army Natick Research, Development and Engineering Center. March 1989.",Lower Arm,forearm,US Military Personnel,USA,female,2208,percentile,3,21.55,215.5,8.484,
Anthropometric Detailed Data Tables (ANSUR 1988),21,"Gordon CC, Churchill T, Clauser CE et al. (1989). 1988 Anthropometric Survey of U.S. Personnel: Summary Statistics Interim Report. US Army Natick Research, Development and Engineering Center. March 1989.",Lower Arm,forearm,US Military Personnel,USA,female,2208,percentile,5,21.87,218.7,8.61,
Anthropometric Detailed Data Tables (ANSUR 1988),21,"Gordon CC, Churchill T, Clauser CE et al. (1989). 1988 Anthropometric Survey of U.S. Personnel: Summary Statistics Interim Report. US Army Natick Research, Development and Engineering Center. March 1989.",Lower Arm,forearm,US Military Personnel,USA,female,2208,percentile,10,22.39,223.9,8.815,
Anthropometric Detailed Data Tables (ANSUR 1988),21,"Gordon CC, Churchill T, Clauser CE et al. (1989). 1988 Anthropometric Survey of U.S. Personnel: Summary Statistics Interim Report. US Army Natick Research, Development and Engineering Center. March 1989.",Lower Arm,forearm,US Military Personnel,USA,female,2208,percentile,15,22.74,227.4,8.953,
Anthropometric Detailed Data Tables (ANSUR 1988),21,"Gordon CC, Churchill T, Clauser CE et al. (1989). 1988 Anthropometric Survey of U.S. Personnel: Summary Statistics Interim Report. US Army Natick Research, Development and Engineering Center. March 1989.",Lower Arm,forearm,US Military Personnel,USA,female,2208,percentile,20,23.03,230.3,9.067,
Anthropometric Detailed Data Tables (ANSUR 1988),21,"Gordon CC, Churchill T, Clauser CE et al. (1989). 1988 Anthropometric Survey of U.S. Personnel: Summary Statistics Interim Report. US Army Natick Research, Development and Engineering Center. March 1989.",Lower Arm,forearm,US Military Personnel,USA,female,2208,percentile,25,23.28,232.8,9.165,
Anthropometric Detailed Data Tables (ANSUR 1988),21,"Gordon CC, Churchill T, Clauser CE et al. (1989). 1988 Anthropometric Survey of U.S. Personnel: Summary Statistics Interim Report. US Army Natick Research, Development and Engineering Center. March 1989.",Lower Arm,forearm,US Military Personnel,USA,female,2208,percentile,30,23.5,235.0,9.252,
Anthropometric Detailed Data Tables (ANSUR 1988),21,"Gordon CC, Churchill T, Clauser CE et al. (1989). 1988 Anthropometric Survey of U.S. Personnel: Summary Statistics Interim Report. US Army Natick Research, Development and Engineering Center. March 1989.",Lower Arm,forearm,US Military Personnel,USA,female,2208,percentile,35,23.71,237.1,9.335,
Anthropometric Detailed Data Tables (ANSUR 1988),21,"Gordon CC, Churchill T, Clauser CE et al. (1989). 1988 Anthropometric Survey of U.S. Personnel: Summary Statistics Interim Report. US Army Natick Research, Development and Engineering Center. March 1989.",Lower Arm,forearm,US Military Personnel,USA,female,2208,percentile,40,23.91,239.1,9.413,
Anthropometric Detailed Data Tables (ANSUR 1988),21,"Gordon CC, Churchill T, Clauser CE et al. (1989). 1988 Anthropometric Survey of U.S. Personnel: Summary Statistics Interim Report. US Army Natick Research, Development and Engineering Center. March 1989.",Lower Arm,forearm,US Military Personnel,USA,female,2208,percentile,45,24.1,241.0,9.488,
Anthropometric Detailed Data Tables (ANSUR 1988),21,"Gordon CC, Churchill T, Clauser CE et al. (1989). 1988 Anthropometric Survey of U.S. Personnel: Summary Statistics Interim Report. US Army Natick Research, Development and Engineering Center. March 1989.",Lower Arm,forearm,US Military Personnel,USA,female,2208,percentile,50,24.3,243.0,9.567,
Anthropometric Detailed Data Tables (ANSUR 1988),21,"Gordon CC, Churchill T, Clauser CE et al. (1989). 1988 Anthropometric Survey of U.S. Personnel: Summary Statistics Interim Report. US Army Natick Research, Development and Engineering Center. March 1989.",Lower Arm,forearm,US Military Personnel,USA,female,2208,percentile,55,24.49,244.9,9.642,
Anthropometric Detailed Data Tables (ANSUR 1988),21,"Gordon CC, Churchill T, Clauser CE et al. (1989). 1988 Anthropometric Survey of U.S. Personnel: Summary Statistics Interim Report. US Army Natick Research, Development and Engineering Center. March 1989.",Lower Arm,forearm,US Military Personnel,USA,female,2208,percentile,60,24.69,246.9,9.72,
Anthropometric Detailed Data Tables (ANSUR 1988),21,"Gordon CC, Churchill T, Clauser CE et al. (1989). 1988 Anthropometric Survey of U.S. Personnel: Summary Statistics Interim Report. US Army Natick Research, Development and Engineering Center. March 1989.",Lower Arm,forearm,US Military Personnel,USA,female,2208,percentile,65,24.89,248.9,9.799,
Anthropometric Detailed Data Tables (ANSUR 1988),21,"Gordon CC, Churchill T, Clauser CE et al. (1989). 1988 Anthropometric Survey of U.S. Personnel: Summary Statistics Interim Report. US Army Natick Research, Development and Engineering Center. March 1989.",Lower Arm,forearm,US Military Personnel,USA,female,2208,percentile,70,25.11,251.1,9.886,
Anthropometric Detailed Data Tables (ANSUR 1988),21,"Gordon CC, Churchill T, Clauser CE et al. (1989). 1988 Anthropometric Survey of U.S. Personnel: Summary Statistics Interim Report. US Army Natick Research, Development and Engineering Center. March 1989.",Lower Arm,forearm,US Military Personnel,USA,female,2208,percentile,75,25.35,253.5,9.98,
Anthropometric Detailed Data Tables (ANSUR 1988),21,"Gordon CC, Churchill T, Clauser CE et al. (1989). 1988 Anthropometric Survey of U.S. Personnel: Summary Statistics Interim Report. US Army Natick Research, Development and Engineering Center. March 1989.",Lower Arm,forearm,US Military Personnel,USA,female,2208,percentile,80,25.62,256.2,10.087,
Anthropometric Detailed Data Tables (ANSUR 1988),21,"Gordon CC, Churchill T, Clauser CE et al. (1989). 1988 Anthropometric Survey of U.S. Personnel: Summary Statistics Interim Report. US Army Natick Research, Development and Engineering Center. March 1989.",Lower Arm,forearm,US Military Personnel,USA,female,2208,percentile,85,25.93,259.3,10.209,
Anthropometric Detailed Data Tables (ANSUR 1988),21,"Gordon CC, Churchill T, Clauser CE et al. (1989). 1988 Anthropometric Survey of U.S. Personnel: Summary Statistics Interim Report. US Army Natick Research, Development and Engineering Center. March 1989.",Lower Arm,forearm,US Military Personnel,USA,female,2208,percentile,90,26.33,263.3,10.366,
Anthropometric Detailed Data Tables (ANSUR 1988),21,"Gordon CC, Churchill T, Clauser CE et al. (1989). 1988 Anthropometric Survey of U.S. Personnel: Summary Statistics Interim Report. US Army Natick Research, Development and Engineering Center. March 1989.",Lower Arm,forearm,US Military Personnel,USA,female,2208,percentile,95,26.94,269.4,10.606,
Anthropometric Detailed Data Tables (ANSUR 1988),21,"Gordon CC, Churchill T, Clauser CE et al. (1989). 1988 Anthropometric Survey of U.S. Personnel: Summary Statistics Interim Report. US Army Natick Research, Development and Engineering Center. March 1989.",Lower Arm,forearm,US Military Personnel,USA,female,2208,percentile,97,27.35,273.5,10.768,
Anthropometric Detailed Data Tables (ANSUR 1988),21,"Gordon CC, Churchill T, Clauser CE et al. (1989). 1988 Anthropometric Survey of U.S. Personnel: Summary Statistics Interim Report. US Army Natick Research, Development and Engineering Center. March 1989.",Lower Arm,forearm,US Military Personnel,USA,female,2208,percentile,98,27.65,276.5,10.886,
Anthropometric Detailed Data Tables (ANSUR 1988),21,"Gordon CC, Churchill T, Clauser CE et al. (1989). 1988 Anthropometric Survey of U.S. Personnel: Summary Statistics Interim Report. US Army Natick Research, Development and Engineering Center. March 1989.",Lower Arm,forearm,US Military Personnel,USA,female,2208,percentile,99,28.14,281.4,11.079,
Anthropometric Detailed Data Tables (ANSUR 1988),21,"Gordon CC, Churchill T, Clauser CE et al. (1989). 1988 Anthropometric Survey of U.S. Personnel: Summary Statistics Interim Report. US Army Natick Research, Development and Engineering Center. March 1989.",Lower Arm,forearm,US Military Personnel,USA,male,1774,mean,,26.99,269.9,10.626,
Anthropometric Detailed Data Tables (ANSUR 1988),21,"Gordon CC, Churchill T, Clauser CE et al. (1989). 1988 Anthropometric Survey of U.S. Personnel: Summary Statistics Interim Report. US Army Natick Research, Development and Engineering Center. March 1989.",Lower Arm,forearm,US Military Personnel,USA,male,1774,std_dev,,1.57,15.7,0.618,
Anthropometric Detailed Data Tables (ANSUR 1988),21,"Gordon CC, Churchill T, Clauser CE et al. (1989). 1988 Anthropometric Survey of U.S. Personnel: Summary Statistics Interim Report. US Army Natick Research, Development and Engineering Center. March 1989.",Lower Arm,forearm,US Military Personnel,USA,male,1774,max,,32.5,325.0,12.795,
Anthropometric Detailed Data Tables (ANSUR 1988),21,"Gordon CC, Churchill T, Clauser CE et al. (1989). 1988 Anthropometric Survey of U.S. Personnel: Summary Statistics Interim Report. US Army Natick Research, Development and Engineering Center. March 1989.",Lower Arm,forearm,US Military Personnel,USA,male,1774,min,,21.2,212.0,8.346,
Anthropometric Detailed Data Tables (ANSUR 1988),21,"Gordon CC, Churchill T, Clauser CE et al. (1989). 1988 Anthropometric Survey of U.S. Personnel: Summary Statistics Interim Report. US Army Natick Research, Development and Engineering Center. March 1989.",Lower Arm,forearm,US Military Personnel,USA,male,1774,percentile,1,23.67,236.7,9.319,
Anthropometric Detailed Data Tables (ANSUR 1988),21,"Gordon CC, Churchill T, Clauser CE et al. (1989). 1988 Anthropometric Survey of U.S. Personnel: Summary Statistics Interim Report. US Army Natick Research, Development and Engineering Center. March 1989.",Lower Arm,forearm,US Military Personnel,USA,male,1774,percentile,2,24.01,240.1,9.453,
Anthropometric Detailed Data Tables (ANSUR 1988),21,"Gordon CC, Churchill T, Clauser CE et al. (1989). 1988 Anthropometric Survey of U.S. Personnel: Summary Statistics Interim Report. US Army Natick Research, Development and Engineering Center. March 1989.",Lower Arm,forearm,US Military Personnel,USA,male,1774,percentile,3,24.23,242.3,9.539,
Anthropometric Detailed Data Tables (ANSUR 1988),21,"Gordon CC, Churchill T, Clauser CE et al. (1989). 1988 Anthropometric Survey of U.S. Personnel: Summary Statistics Interim Report. US Army Natick Research, Development and Engineering Center. March 1989.",Lower Arm,forearm,US Military Personnel,USA,male,1774,percentile,5,24.54,245.4,9.661,
Anthropometric Detailed Data Tables (ANSUR 1988),21,"Gordon CC, Churchill T, Clauser CE et al. (1989). 1988 Anthropometric Survey of U.S. Personnel: Summary Statistics Interim Report. US Army Natick Research, Development and Engineering Center. March 1989.",Lower Arm,forearm,US Military Personnel,USA,male,1774,percentile,10,25.03,250.3,9.854,
Anthropometric Detailed Data Tables (ANSUR 1988),21,"Gordon CC, Churchill T, Clauser CE et al. (1989). 1988 Anthropometric Survey of U.S. Personnel: Summary Statistics Interim Report. US Army Natick Research, Development and Engineering Center. March 1989.",Lower Arm,forearm,US Military Personnel,USA,male,1774,percentile,15,25.37,253.7,9.988,
Anthropometric Detailed Data Tables (ANSUR 1988),21,"Gordon CC, Churchill T, Clauser CE et al. (1989). 1988 Anthropometric Survey of U.S. Personnel: Summary Statistics Interim Report. US Army Natick Research, Development and Engineering Center. March 1989.",Lower Arm,forearm,US Military Personnel,USA,male,1774,percentile,20,25.65,256.5,10.098,
Anthropometric Detailed Data Tables (ANSUR 1988),21,"Gordon CC, Churchill T, Clauser CE et al. (1989). 1988 Anthropometric Survey of U.S. Personnel: Summary Statistics Interim Report. US Army Natick Research, Development and Engineering Center. March 1989.",Lower Arm,forearm,US Military Personnel,USA,male,1774,percentile,25,25.89,258.9,10.193,
Anthropometric Detailed Data Tables (ANSUR 1988),21,"Gordon CC, Churchill T, Clauser CE et al. (1989). 1988 Anthropometric Survey of U.S. Personnel: Summary Statistics Interim Report. US Army Natick Research, Development and Engineering Center. March 1989.",Lower Arm,forearm,US Military Personnel,USA,male,1774,percentile,30,26.11,261.1,10.28,
Anthropometric Detailed Data Tables (ANSUR 1988),21,"Gordon CC, Churchill T, Clauser CE et al. (1989). 1988 Anthropometric Survey of U.S. Personnel: Summary Statistics Interim Report. US Army Natick Research, Development and Engineering Center. March 1989.",Lower Arm,forearm,US Military Personnel,USA,male,1774,percentile,35,26.32,263.2,10.362,
Anthropometric Detailed Data Tables (ANSUR 1988),21,"Gordon CC, Churchill T, Clauser CE et al. (1989). 1988 Anthropometric Survey of U.S. Personnel: Summary Statistics Interim Report. US Army Natick Research, Development and Engineering Center. March 1989.",Lower Arm,forearm,US Military Personnel,USA,male,1774,percentile,40,26.52,265.2,10.441,
Anthropometric Detailed Data Tables (ANSUR 1988),21,"Gordon CC, Churchill T, Clauser CE et al. (1989). 1988 Anthropometric Survey of U.S. Personnel: Summary Statistics Interim Report. US Army Natick Research, Development and Engineering Center. March 1989.",Lower Arm,forearm,US Military Personnel,USA,male,1774,percentile,45,26.72,267.2,10.52,
Anthropometric Detailed Data Tables (ANSUR 1988),21,"Gordon CC, Churchill T, Clauser CE et al. (1989). 1988 Anthropometric Survey of U.S. Personnel: Summary Statistics Interim Report. US Army Natick Research, Development and Engineering Center. March 1989.",Lower Arm,forearm,US Military Personnel,USA,male,1774,percentile,50,26.92,269.2,10.598,
Anthropometric Detailed Data Tables (ANSUR 1988),21,"Gordon CC, Churchill T, Clauser CE et al. (1989). 1988 Anthropometric Survey of U.S. Personnel: Summary Statistics Interim Report. US Army Natick Research, Development and Engineering Center. March 1989.",Lower Arm,forearm,US Military Personnel,USA,male,1774,percentile,55,27.12,271.2,10.677,
Anthropometric Detailed Data Tables (ANSUR 1988),21,"Gordon CC, Churchill T, Clauser CE et al. (1989). 1988 Anthropometric Survey of U.S. Personnel: Summary Statistics Interim Report. US Army Natick Research, Development and Engineering Center. March 1989.",Lower Arm,forearm,US Military Personnel,USA,male,1774,percentile,60,27.32,273.2,10.756,
Anthropometric Detailed Data Tables (ANSUR 1988),21,"Gordon CC, Churchill T, Clauser CE et al. (1989). 1988 Anthropometric Survey of U.S. Personnel: Summary Statistics Interim Report. US Army Natick Research, Development and Engineering Center. March 1989.",Lower Arm,forearm,US Military Personnel,USA,male,1774,percentile,65,27.53,275.3,10.839,
Anthropometric Detailed Data Tables (ANSUR 1988),21,"Gordon CC, Churchill T, Clauser CE et al. (1989). 1988 Anthropometric Survey of U.S. Personnel: Summary Statistics Interim Report. US Army Natick Research, Development and Engineering Center. March 1989.",Lower Arm,forearm,US Military Personnel,USA,male,1774,percentile,70,27.76,277.6,10.929,
Anthropometric Detailed Data Tables (ANSUR 1988),21,"Gordon CC, Churchill T, Clauser CE et al. (1989). 1988 Anthropometric Survey of U.S. Personnel: Summary Statistics Interim Report. US Army Natick Research, Development and Engineering Center. March 1989.",Lower Arm,forearm,US Military Personnel,USA,male,1774,percentile,75,28.01,280.1,11.028,
Anthropometric Detailed Data Tables (ANSUR 1988),21,"Gordon CC, Churchill T, Clauser CE et al. (1989). 1988 Anthropometric Survey of U.S. Personnel: Summary Statistics Interim Report. US Army Natick Research, Development and Engineering Center. March 1989.",Lower Arm,forearm,US Military Personnel,USA,male,1774,percentile,80,28.29,282.9,11.138,
Anthropometric Detailed Data Tables (ANSUR 1988),21,"Gordon CC, Churchill T, Clauser CE et al. (1989). 1988 Anthropometric Survey of U.S. Personnel: Summary Statistics Interim Report. US Army Natick Research, Development and Engineering Center. March 1989.",Lower Arm,forearm,US Military Personnel,USA,male,1774,percentile,85,28.62,286.2,11.268,
Anthropometric Detailed Data Tables (ANSUR 1988),21,"Gordon CC, Churchill T, Clauser CE et al. (1989). 1988 Anthropometric Survey of U.S. Personnel: Summary Statistics Interim Report. US Army Natick Research, Development and Engineering Center. March 1989.",Lower Arm,forearm,US Military Personnel,USA,male,1774,percentile,90,29.05,290.5,11.437,
Anthropometric Detailed Data Tables (ANSUR 1988),21,"Gordon CC, Churchill T, Clauser CE et al. (1989). 1988 Anthropometric Survey of U.S. Personnel: Summary Statistics Interim Report. US Army Natick Research, Development and Engineering Center. March 1989.",Lower Arm,forearm,US Military Personnel,USA,male,1774,percentile,95,29.69,296.9,11.689,
Anthropometric Detailed Data Tables (ANSUR 1988),21,"Gordon CC, Churchill T, Clauser CE et al. (1989). 1988 Anthropometric Survey of U.S. Personnel: Summary Statistics Interim Report. US Army Natick Research, Development and Engineering Center. March 1989.",Lower Arm,forearm,US Military Personnel,USA,male,1774,percentile,97,30.11,301.1,11.854,
Anthropometric Detailed Data Tables (ANSUR 1988),21,"Gordon CC, Churchill T, Clauser CE et al. (1989). 1988 Anthropometric Survey of U.S. Personnel: Summary Statistics Interim Report. US Army Natick Research, Development and Engineering Center. March 1989.",Lower Arm,forearm,US Military Personnel,USA,male,1774,percentile,98,30.42,304.2,11.976,
Anthropometric Detailed Data Tables (ANSUR 1988),21,"Gordon CC, Churchill T, Clauser CE et al. (1989). 1988 Anthropometric Survey of U.S. Personnel: Summary Statistics Interim Report. US Army Natick Research, Development and Engineering Center. March 1989.",Lower Arm,forearm,US Military Personnel,USA,male,1774,percentile,99,30.92,309.2,12.173,
Anthropometric Detailed Data Tables (ANSUR 1988),27,"Gordon CC, Churchill T, Clauser CE et al. (1989). 1988 Anthropometric Survey of U.S. Personnel: Summary Statistics Interim Report. US Army Natick Research, Development and Engineering Center. March 1989.",Shoulder-Elbow Length,upper_arm,US Military Personnel,USA,female,2208,mean,,33.58,335.8,13.22,
Anthropometric Detailed Data Tables (ANSUR 1988),27,"Gordon CC, Churchill T, Clauser CE et al. (1989). 1988 Anthropometric Survey of U.S. Personnel: Summary Statistics Interim Report. US Army Natick Research, Development and Engineering Center. March 1989.",Shoulder-Elbow Length,upper_arm,US Military Personnel,USA,female,2208,std_dev,,1.74,17.4,0.685,
Anthropometric Detailed Data Tables (ANSUR 1988),27,"Gordon CC, Churchill T, Clauser CE et al. (1989). 1988 Anthropometric Survey of U.S. Personnel: Summary Statistics Interim Report. US Army Natick Research, Development and Engineering Center. March 1989.",Shoulder-Elbow Length,upper_arm,US Military Personnel,USA,female,2208,max,,40.1,401.0,15.787,
Anthropometric Detailed Data Tables (ANSUR 1988),27,"Gordon CC, Churchill T, Clauser CE et al. (1989). 1988 Anthropometric Survey of U.S. Personnel: Summary Statistics Interim Report. US Army Natick Research, Development and Engineering Center. March 1989.",Shoulder-Elbow Length,upper_arm,US Military Personnel,USA,female,2208,min,,28.2,282.0,11.102,
Anthropometric Detailed Data Tables (ANSUR 1988),27,"Gordon CC, Churchill T, Clauser CE et al. (1989). 1988 Anthropometric Survey of U.S. Personnel: Summary Statistics Interim Report. US Army Natick Research, Development and Engineering Center. March 1989.",Shoulder-Elbow Length,upper_arm,US Military Personnel,USA,female,2208,percentile,1,29.62,296.2,11.661,
Anthropometric Detailed Data Tables (ANSUR 1988),27,"Gordon CC, Churchill T, Clauser CE et al. (1989). 1988 Anthropometric Survey of U.S. Personnel: Summary Statistics Interim Report. US Army Natick Research, Development and Engineering Center. March 1989.",Shoulder-Elbow Length,upper_arm,US Military Personnel,USA,female,2208,percentile,2,30.08,300.8,11.843,
Anthropometric Detailed Data Tables (ANSUR 1988),27,"Gordon CC, Churchill T, Clauser CE et al. (1989). 1988 Anthropometric Survey of U.S. Personnel: Summary Statistics Interim Report. US Army Natick Research, Development and Engineering Center. March 1989.",Shoulder-Elbow Length,upper_arm,US Military Personnel,USA,female,2208,percentile,3,30.37,303.7,11.957,
Anthropometric Detailed Data Tables (ANSUR 1988),27,"Gordon CC, Churchill T, Clauser CE et al. (1989). 1988 Anthropometric Survey of U.S. Personnel: Summary Statistics Interim Report. US Army Natick Research, Development and Engineering Center. March 1989.",Shoulder-Elbow Length,upper_arm,US Military Personnel,USA,female,2208,percentile,5,30.76,307.6,12.11,
Anthropometric Detailed Data Tables (ANSUR 1988),27,"Gordon CC, Churchill T, Clauser CE et al. (1989). 1988 Anthropometric Survey of U.S. Personnel: Summary Statistics Interim Report. US Army Natick Research, Development and Engineering Center. March 1989.",Shoulder-Elbow Length,upper_arm,US Military Personnel,USA,female,2208,percentile,10,31.36,313.6,12.346,
Anthropometric Detailed Data Tables (ANSUR 1988),27,"Gordon CC, Churchill T, Clauser CE et al. (1989). 1988 Anthropometric Survey of U.S. Personnel: Summary Statistics Interim Report. US Army Natick Research, Development and Engineering Center. March 1989.",Shoulder-Elbow Length,upper_arm,US Military Personnel,USA,female,2208,percentile,15,31.77,317.7,12.508,
Anthropometric Detailed Data Tables (ANSUR 1988),27,"Gordon CC, Churchill T, Clauser CE et al. (1989). 1988 Anthropometric Survey of U.S. Personnel: Summary Statistics Interim Report. US Army Natick Research, Development and Engineering Center. March 1989.",Shoulder-Elbow Length,upper_arm,US Military Personnel,USA,female,2208,percentile,20,32.09,320.9,12.634,
Anthropometric Detailed Data Tables (ANSUR 1988),27,"Gordon CC, Churchill T, Clauser CE et al. (1989). 1988 Anthropometric Survey of U.S. Personnel: Summary Statistics Interim Report. US Army Natick Research, Development and Engineering Center. March 1989.",Shoulder-Elbow Length,upper_arm,US Military Personnel,USA,female,2208,percentile,25,32.38,323.8,12.748,
Anthropometric Detailed Data Tables (ANSUR 1988),27,"Gordon CC, Churchill T, Clauser CE et al. (1989). 1988 Anthropometric Survey of U.S. Personnel: Summary Statistics Interim Report. US Army Natick Research, Development and Engineering Center. March 1989.",Shoulder-Elbow Length,upper_arm,US Military Personnel,USA,female,2208,percentile,30,32.63,326.3,12.846,
Anthropometric Detailed Data Tables (ANSUR 1988),27,"Gordon CC, Churchill T, Clauser CE et al. (1989). 1988 Anthropometric Survey of U.S. Personnel: Summary Statistics Interim Report. US Army Natick Research, Development and Engineering Center. March 1989.",Shoulder-Elbow Length,upper_arm,US Military Personnel,USA,female,2208,percentile,35,32.87,328.7,12.941,
Anthropometric Detailed Data Tables (ANSUR 1988),27,"Gordon CC, Churchill T, Clauser CE et al. (1989). 1988 Anthropometric Survey of U.S. Personnel: Summary Statistics Interim Report. US Army Natick Research, Development and Engineering Center. March 1989.",Shoulder-Elbow Length,upper_arm,US Military Personnel,USA,female,2208,percentile,40,33.1,331.0,13.031,
Anthropometric Detailed Data Tables (ANSUR 1988),27,"Gordon CC, Churchill T, Clauser CE et al. (1989). 1988 Anthropometric Survey of U.S. Personnel: Summary Statistics Interim Report. US Army Natick Research, Development and Engineering Center. March 1989.",Shoulder-Elbow Length,upper_arm,US Military Personnel,USA,female,2208,percentile,45,33.32,333.2,13.118,
Anthropometric Detailed Data Tables (ANSUR 1988),27,"Gordon CC, Churchill T, Clauser CE et al. (1989). 1988 Anthropometric Survey of U.S. Personnel: Summary Statistics Interim Report. US Army Natick Research, Development and Engineering Center. March 1989.",Shoulder-Elbow Length,upper_arm,US Military Personnel,USA,female,2208,percentile,50,33.54,335.4,13.205,
Anthropometric Detailed Data Tables (ANSUR 1988),27,"Gordon CC, Churchill T, Clauser CE et al. (1989). 1988 Anthropometric Survey of U.S. Personnel: Summary Statistics Interim Report. US Army Natick Research, Development and Engineering Center. March 1989.",Shoulder-Elbow Length,upper_arm,US Military Personnel,USA,female,2208,percentile,55,33.76,337.6,13.291,
Anthropometric Detailed Data Tables (ANSUR 1988),27,"Gordon CC, Churchill T, Clauser CE et al. (1989). 1988 Anthropometric Survey of U.S. Personnel: Summary Statistics Interim Report. US Army Natick Research, Development and Engineering Center. March 1989.",Shoulder-Elbow Length,upper_arm,US Military Personnel,USA,female,2208,percentile,60,33.98,339.8,13.378,
Anthropometric Detailed Data Tables (ANSUR 1988),27,"Gordon CC, Churchill T, Clauser CE et al. (1989). 1988 Anthropometric Survey of U.S. Personnel: Summary Statistics Interim Report. US Army Natick Research, Development and Engineering Center. March 1989.",Shoulder-Elbow Length,upper_arm,US Military Personnel,USA,female,2208,percentile,65,34.22,342.2,13.472,
Anthropometric Detailed Data Tables (ANSUR 1988),27,"Gordon CC, Churchill T, Clauser CE et al. (1989). 1988 Anthropometric Survey of U.S. Personnel: Summary Statistics Interim Report. US Army Natick Research, Development and Engineering Center. March 1989.",Shoulder-Elbow Length,upper_arm,US Military Personnel,USA,female,2208,percentile,70,34.47,344.7,13.571,
Anthropometric Detailed Data Tables (ANSUR 1988),27,"Gordon CC, Churchill T, Clauser CE et al. (1989). 1988 Anthropometric Survey of U.S. Personnel: Summary Statistics Interim Report. US Army Natick Research, Development and Engineering Center. March 1989.",Shoulder-Elbow Length,upper_arm,US Military Personnel,USA,female,2208,percentile,75,34.74,347.4,13.677,
Anthropometric Detailed Data Tables (ANSUR 1988),27,"Gordon CC, Churchill T, Clauser CE et al. (1989). 1988 Anthropometric Survey of U.S. Personnel: Summary Statistics Interim Report. US Army Natick Research, Development and Engineering Center. March 1989.",Shoulder-Elbow Length,upper_arm,US Military Personnel,USA,female,2208,percentile,80,35.05,350.5,13.799,
Anthropometric Detailed Data Tables (ANSUR 1988),27,"Gordon CC, Churchill T, Clauser CE et al. (1989). 1988 Anthropometric Survey of U.S. Personnel: Summary Statistics Interim Report. US Army Natick Research, Development and Engineering Center. March 1989.",Shoulder-Elbow Length,upper_arm,US Military Personnel,USA,female,2208,percentile,85,35.4,354.0,13.937,
Anthropometric Detailed Data Tables (ANSUR 1988),27,"Gordon CC, Churchill T, Clauser CE et al. (1989). 1988 Anthropometric Survey of U.S. Personnel: Summary Statistics Interim Report. US Army Natick Research, Development and Engineering Center. March 1989.",Shoulder-Elbow Length,upper_arm,US Military Personnel,USA,female,2208,percentile,90,35.85,358.5,14.114,
Anthropometric Detailed Data Tables (ANSUR 1988),27,"Gordon CC, Churchill T, Clauser CE et al. (1989). 1988 Anthropometric Survey of U.S. Personnel: Summary Statistics Interim Report. US Army Natick Research, Development and Engineering Center. March 1989.",Shoulder-Elbow Length,upper_arm,US Military Personnel,USA,female,2208,percentile,95,36.51,365.1,14.374,
Anthropometric Detailed Data Tables (ANSUR 1988),27,"Gordon CC, Churchill T, Clauser CE et al. (1989). 1988 Anthropometric Survey of U.S. Personnel: Summary Statistics Interim Report. US Army Natick Research, Development and Engineering Center. March 1989.",Shoulder-Elbow Length,upper_arm,US Military Personnel,USA,female,2208,percentile,97,36.92,369.2,14.535,
Anthropometric Detailed Data Tables (ANSUR 1988),27,"Gordon CC, Churchill T, Clauser CE et al. (1989). 1988 Anthropometric Survey of U.S. Personnel: Summary Statistics Interim Report. US Army Natick Research, Development and Engineering Center. March 1989.",Shoulder-Elbow Length,upper_arm,US Military Personnel,USA,female,2208,percentile,98,37.23,372.3,14.657,
Anthropometric Detailed Data Tables (ANSUR 1988),27,"Gordon CC, Churchill T, Clauser CE et al. (1989). 1988 Anthropometric Survey of U.S. Personnel: Summary Statistics Interim Report. US Army Natick Research, Development and Engineering Center. March 1989.",Shoulder-Elbow Length,upper_arm,US Military Personnel,USA,female,2208,percentile,99,37.69,376.9,14.839,
Anthropometric Detailed Data Tables (ANSUR 1988),27,"Gordon CC, Churchill T, Clauser CE et al. (1989). 1988 Anthropometric Survey of U.S. Personnel: Summary Statistics Interim Report. US Army Natick Research, Development and Engineering Center. March 1989.",Shoulder-Elbow Length,upper_arm,US Military Personnel,USA,male,1774,mean,,36.9,369.0,14.528,
Anthropometric Detailed Data Tables (ANSUR 1988),27,"Gordon CC, Churchill T, Clauser CE et al. (1989). 1988 Anthropometric Survey of U.S. Personnel: Summary Statistics Interim Report. US Army Natick Research, Development and Engineering Center. March 1989.",Shoulder-Elbow Length,upper_arm,US Military Personnel,USA,male,1774,std_dev,,1.79,17.9,0.705,
Anthropometric Detailed Data Tables (ANSUR 1988),27,"Gordon CC, Churchill T, Clauser CE et al. (1989). 1988 Anthropometric Survey of U.S. Personnel: Summary Statistics Interim Report. US Army Natick Research, Development and Engineering Center. March 1989.",Shoulder-Elbow Length,upper_arm,US Military Personnel,USA,male,1774,max,,44.6,446.0,17.559,
Anthropometric Detailed Data Tables (ANSUR 1988),27,"Gordon CC, Churchill T, Clauser CE et al. (1989). 1988 Anthropometric Survey of U.S. Personnel: Summary Statistics Interim Report. US Army Natick Research, Development and Engineering Center. March 1989.",Shoulder-Elbow Length,upper_arm,US Military Personnel,USA,male,1774,min,,29.7,297.0,11.693,
Anthropometric Detailed Data Tables (ANSUR 1988),27,"Gordon CC, Churchill T, Clauser CE et al. (1989). 1988 Anthropometric Survey of U.S. Personnel: Summary Statistics Interim Report. US Army Natick Research, Development and Engineering Center. March 1989.",Shoulder-Elbow Length,upper_arm,US Military Personnel,USA,male,1774,percentile,1,32.88,328.8,12.945,
Anthropometric Detailed Data Tables (ANSUR 1988),27,"Gordon CC, Churchill T, Clauser CE et al. (1989). 1988 Anthropometric Survey of U.S. Personnel: Summary Statistics Interim Report. US Army Natick Research, Development and Engineering Center. March 1989.",Shoulder-Elbow Length,upper_arm,US Military Personnel,USA,male,1774,percentile,2,33.33,333.3,13.122,
Anthropometric Detailed Data Tables (ANSUR 1988),27,"Gordon CC, Churchill T, Clauser CE et al. (1989). 1988 Anthropometric Survey of U.S. Personnel: Summary Statistics Interim Report. US Army Natick Research, Development and Engineering Center. March 1989.",Shoulder-Elbow Length,upper_arm,US Military Personnel,USA,male,1774,percentile,3,33.62,336.2,13.236,
Anthropometric Detailed Data Tables (ANSUR 1988),27,"Gordon CC, Churchill T, Clauser CE et al. (1989). 1988 Anthropometric Survey of U.S. Personnel: Summary Statistics Interim Report. US Army Natick Research, Development and Engineering Center. March 1989.",Shoulder-Elbow Length,upper_arm,US Military Personnel,USA,male,1774,percentile,5,34.02,340.2,13.394,
Anthropometric Detailed Data Tables (ANSUR 1988),27,"Gordon CC, Churchill T, Clauser CE et al. (1989). 1988 Anthropometric Survey of U.S. Personnel: Summary Statistics Interim Report. US Army Natick Research, Development and Engineering Center. March 1989.",Shoulder-Elbow Length,upper_arm,US Military Personnel,USA,male,1774,percentile,10,34.64,346.4,13.638,
Anthropometric Detailed Data Tables (ANSUR 1988),27,"Gordon CC, Churchill T, Clauser CE et al. (1989). 1988 Anthropometric Survey of U.S. Personnel: Summary Statistics Interim Report. US Army Natick Research, Development and Engineering Center. March 1989.",Shoulder-Elbow Length,upper_arm,US Military Personnel,USA,male,1774,percentile,15,35.06,350.6,13.803,
Anthropometric Detailed Data Tables (ANSUR 1988),27,"Gordon CC, Churchill T, Clauser CE et al. (1989). 1988 Anthropometric Survey of U.S. Personnel: Summary Statistics Interim Report. US Army Natick Research, Development and Engineering Center. March 1989.",Shoulder-Elbow Length,upper_arm,US Military Personnel,USA,male,1774,percentile,20,35.4,354.0,13.937,
Anthropometric Detailed Data Tables (ANSUR 1988),27,"Gordon CC, Churchill T, Clauser CE et al. (1989). 1988 Anthropometric Survey of U.S. Personnel: Summary Statistics Interim Report. US Army Natick Research, Development and Engineering Center. March 1989.",Shoulder-Elbow Length,upper_arm,US Military Personnel,USA,male,1774,percentile,25,35.69,356.9,14.051,
Anthropometric Detailed Data Tables (ANSUR 1988),27,"Gordon CC, Churchill T, Clauser CE et al. (1989). 1988 Anthropometric Survey of U.S. Personnel: Summary Statistics Interim Report. US Army Natick Research, Development and Engineering Center. March 1989.",Shoulder-Elbow Length,upper_arm,US Military Personnel,USA,male,1774,percentile,30,35.95,359.5,14.154,
Anthropometric Detailed Data Tables (ANSUR 1988),27,"Gordon CC, Churchill T, Clauser CE et al. (1989). 1988 Anthropometric Survey of U.S. Personnel: Summary Statistics Interim Report. US Army Natick Research, Development and Engineering Center. March 1989.",Shoulder-Elbow Length,upper_arm,US Military Personnel,USA,male,1774,percentile,35,36.2,362.0,14.252,
Anthropometric Detailed Data Tables (ANSUR 1988),27,"Gordon CC, Churchill T, Clauser CE et al. (1989). 1988 Anthropometric Survey of U.S. Personnel: Summary Statistics Interim Report. US Army Natick Research, Development and Engineering Center. March 1989.",Shoulder-Elbow Length,upper_arm,US Military Personnel,USA,male,1774,percentile,40,36.43,364.3,14.343,
Anthropometric Detailed Data Tables (ANSUR 1988),27,"Gordon CC, Churchill T, Clauser CE et al. (1989). 1988 Anthropometric Survey of U.S. Personnel: Summary Statistics Interim Report. US Army Natick Research, Development and Engineering Center. March 1989.",Shoulder-Elbow Length,upper_arm,US Military Personnel,USA,male,1774,percentile,45,36.66,366.6,14.433,
Anthropometric Detailed Data Tables (ANSUR 1988),27,"Gordon CC, Churchill T, Clauser CE et al. (1989). 1988 Anthropometric Survey of U.S. Personnel: Summary Statistics Interim Report. US Army Natick Research, Development and Engineering Center. March 1989.",Shoulder-Elbow Length,upper_arm,US Military Personnel,USA,male,1774,percentile,50,36.88,368.8,14.52,
Anthropometric Detailed Data Tables (ANSUR 1988),27,"Gordon CC, Churchill T, Clauser CE et al. (1989). 1988 Anthropometric Survey of U.S. Personnel: Summary Statistics Interim Report. US Army Natick Research, Development and Engineering Center. March 1989.",Shoulder-Elbow Length,upper_arm,US Military Personnel,USA,male,1774,percentile,55,37.11,371.1,14.61,
Anthropometric Detailed Data Tables (ANSUR 1988),27,"Gordon CC, Churchill T, Clauser CE et al. (1989). 1988 Anthropometric Survey of U.S. Personnel: Summary Statistics Interim Report. US Army Natick Research, Development and Engineering Center. March 1989.",Shoulder-Elbow Length,upper_arm,US Military Personnel,USA,male,1774,percentile,60,37.34,373.4,14.701,
Anthropometric Detailed Data Tables (ANSUR 1988),27,"Gordon CC, Churchill T, Clauser CE et al. (1989). 1988 Anthropometric Survey of U.S. Personnel: Summary Statistics Interim Report. US Army Natick Research, Development and Engineering Center. March 1989.",Shoulder-Elbow Length,upper_arm,US Military Personnel,USA,male,1774,percentile,65,37.58,375.8,14.795,
Anthropometric Detailed Data Tables (ANSUR 1988),27,"Gordon CC, Churchill T, Clauser CE et al. (1989). 1988 Anthropometric Survey of U.S. Personnel: Summary Statistics Interim Report. US Army Natick Research, Development and Engineering Center. March 1989.",Shoulder-Elbow Length,upper_arm,US Military Personnel,USA,male,1774,percentile,70,37.83,378.3,14.894,
Anthropometric Detailed Data Tables (ANSUR 1988),27,"Gordon CC, Churchill T, Clauser CE et al. (1989). 1988 Anthropometric Survey of U.S. Personnel: Summary Statistics Interim Report. US Army Natick Research, Development and Engineering Center. March 1989.",Shoulder-Elbow Length,upper_arm,US Military Personnel,USA,male,1774,percentile,75,38.1,381.0,15.0,
Anthropometric Detailed Data Tables (ANSUR 1988),27,"Gordon CC, Churchill T, Clauser CE et al. (1989). 1988 Anthropometric Survey of U.S. Personnel: Summary Statistics Interim Report. US Army Natick Research, Development and Engineering Center. March 1989.",Shoulder-Elbow Length,upper_arm,US Military Personnel,USA,male,1774,percentile,80,38.41,384.1,15.122,
Anthropometric Detailed Data Tables (ANSUR 1988),27,"Gordon CC, Churchill T, Clauser CE et al. (1989). 1988 Anthropometric Survey of U.S. Personnel: Summary Statistics Interim Report. US Army Natick Research, Development and Engineering Center. March 1989.",Shoulder-Elbow Length,upper_arm,US Military Personnel,USA,male,1774,percentile,85,38.76,387.6,15.26,
Anthropometric Detailed Data Tables (ANSUR 1988),27,"Gordon CC, Churchill T, Clauser CE et al. (1989). 1988 Anthropometric Survey of U.S. Personnel: Summary Statistics Interim Report. US Army Natick Research, Development and Engineering Center. March 1989.",Shoulder-Elbow Length,upper_arm,US Military Personnel,USA,male,1774,percentile,90,39.21,392.1,15.437,
Anthropometric Detailed Data Tables (ANSUR 1988),27,"Gordon CC, Churchill T, Clauser CE et al. (1989). 1988 Anthropometric Survey of U.S. Personnel: Summary Statistics Interim Report. US Army Natick Research, Development and Engineering Center. March 1989.",Shoulder-Elbow Length,upper_arm,US Military Personnel,USA,male,1774,percentile,95,39.88,398.8,15.701,
Anthropometric Detailed Data Tables (ANSUR 1988),27,"Gordon CC, Churchill T, Clauser CE et al. (1989). 1988 Anthropometric Survey of U.S. Personnel: Summary Statistics Interim Report. US Army Natick Research, Development and Engineering Center. March 1989.",Shoulder-Elbow Length,upper_arm,US Military Personnel,USA,male,1774,percentile,97,40.31,403.1,15.87,
Anthropometric Detailed Data Tables (ANSUR 1988),27,"Gordon CC, Churchill T, Clauser CE et al. (1989). 1988 Anthropometric Survey of U.S. Personnel: Summary Statistics Interim Report. US Army Natick Research, Development and Engineering Center. March 1989.",Shoulder-Elbow Length,upper_arm,US Military Personnel,USA,male,1774,percentile,98,40.63,406.3,15.996,
Anthropometric Detailed Data Tables (ANSUR 1988),27,"Gordon CC, Churchill T, Clauser CE et al. (1989). 1988 Anthropometric Survey of U.S. Personnel: Summary Statistics Interim Report. US Army Natick Research, Development and Engineering Center. March 1989.",Shoulder-Elbow Length,upper_arm,US Military Personnel,USA,male,1774,percentile,99,41.13,411.3,16.193,
Anthropometric Detailed Data Tables (ANSUR 1988),30,"Gordon CC, Churchill T, Clauser CE et al. (1989). 1988 Anthropometric Survey of U.S. Personnel: Summary Statistics Interim Report. US Army Natick Research, Development and Engineering Center. March 1989.",Sleeve Inseam,upper_arm,US Military Personnel,USA,female,2208,mean,,44.33,443.3,17.453,
Anthropometric Detailed Data Tables (ANSUR 1988),30,"Gordon CC, Churchill T, Clauser CE et al. (1989). 1988 Anthropometric Survey of U.S. Personnel: Summary Statistics Interim Report. US Army Natick Research, Development and Engineering Center. March 1989.",Sleeve Inseam,upper_arm,US Military Personnel,USA,female,2208,std_dev,,2.95,29.5,1.161,
Anthropometric Detailed Data Tables (ANSUR 1988),30,"Gordon CC, Churchill T, Clauser CE et al. (1989). 1988 Anthropometric Survey of U.S. Personnel: Summary Statistics Interim Report. US Army Natick Research, Development and Engineering Center. March 1989.",Sleeve Inseam,upper_arm,US Military Personnel,USA,female,2208,max,,55.3,553.0,21.772,
Anthropometric Detailed Data Tables (ANSUR 1988),30,"Gordon CC, Churchill T, Clauser CE et al. (1989). 1988 Anthropometric Survey of U.S. Personnel: Summary Statistics Interim Report. US Army Natick Research, Development and Engineering Center. March 1989.",Sleeve Inseam,upper_arm,US Military Personnel,USA,female,2208,min,,32.6,326.0,12.835,
Anthropometric Detailed Data Tables (ANSUR 1988),30,"Gordon CC, Churchill T, Clauser CE et al. (1989). 1988 Anthropometric Survey of U.S. Personnel: Summary Statistics Interim Report. US Army Natick Research, Development and Engineering Center. March 1989.",Sleeve Inseam,upper_arm,US Military Personnel,USA,female,2208,percentile,1,37.79,377.9,14.878,
Anthropometric Detailed Data Tables (ANSUR 1988),30,"Gordon CC, Churchill T, Clauser CE et al. (1989). 1988 Anthropometric Survey of U.S. Personnel: Summary Statistics Interim Report. US Army Natick Research, Development and Engineering Center. March 1989.",Sleeve Inseam,upper_arm,US Military Personnel,USA,female,2208,percentile,2,38.47,384.7,15.146,
Anthropometric Detailed Data Tables (ANSUR 1988),30,"Gordon CC, Churchill T, Clauser CE et al. (1989). 1988 Anthropometric Survey of U.S. Personnel: Summary Statistics Interim Report. US Army Natick Research, Development and Engineering Center. March 1989.",Sleeve Inseam,upper_arm,US Military Personnel,USA,female,2208,percentile,3,38.92,389.2,15.323,
Anthropometric Detailed Data Tables (ANSUR 1988),30,"Gordon CC, Churchill T, Clauser CE et al. (1989). 1988 Anthropometric Survey of U.S. Personnel: Summary Statistics Interim Report. US Army Natick Research, Development and Engineering Center. March 1989.",Sleeve Inseam,upper_arm,US Military Personnel,USA,female,2208,percentile,5,39.54,395.4,15.567,
Anthropometric Detailed Data Tables (ANSUR 1988),30,"Gordon CC, Churchill T, Clauser CE et al. (1989). 1988 Anthropometric Survey of U.S. Personnel: Summary Statistics Interim Report. US Army Natick Research, Development and Engineering Center. March 1989.",Sleeve Inseam,upper_arm,US Military Personnel,USA,female,2208,percentile,10,40.54,405.4,15.961,
Anthropometric Detailed Data Tables (ANSUR 1988),30,"Gordon CC, Churchill T, Clauser CE et al. (1989). 1988 Anthropometric Survey of U.S. Personnel: Summary Statistics Interim Report. US Army Natick Research, Development and Engineering Center. March 1989.",Sleeve Inseam,upper_arm,US Military Personnel,USA,female,2208,percentile,15,41.24,412.4,16.236,
Anthropometric Detailed Data Tables (ANSUR 1988),30,"Gordon CC, Churchill T, Clauser CE et al. (1989). 1988 Anthropometric Survey of U.S. Personnel: Summary Statistics Interim Report. US Army Natick Research, Development and Engineering Center. March 1989.",Sleeve Inseam,upper_arm,US Military Personnel,USA,female,2208,percentile,20,41.8,418.0,16.457,
Anthropometric Detailed Data Tables (ANSUR 1988),30,"Gordon CC, Churchill T, Clauser CE et al. (1989). 1988 Anthropometric Survey of U.S. Personnel: Summary Statistics Interim Report. US Army Natick Research, Development and Engineering Center. March 1989.",Sleeve Inseam,upper_arm,US Military Personnel,USA,female,2208,percentile,25,42.29,422.9,16.65,
Anthropometric Detailed Data Tables (ANSUR 1988),30,"Gordon CC, Churchill T, Clauser CE et al. (1989). 1988 Anthropometric Survey of U.S. Personnel: Summary Statistics Interim Report. US Army Natick Research, Development and Engineering Center. March 1989.",Sleeve Inseam,upper_arm,US Military Personnel,USA,female,2208,percentile,30,42.73,427.3,16.823,
Anthropometric Detailed Data Tables (ANSUR 1988),30,"Gordon CC, Churchill T, Clauser CE et al. (1989). 1988 Anthropometric Survey of U.S. Personnel: Summary Statistics Interim Report. US Army Natick Research, Development and Engineering Center. March 1989.",Sleeve Inseam,upper_arm,US Military Personnel,USA,female,2208,percentile,35,43.14,431.4,16.984,
Anthropometric Detailed Data Tables (ANSUR 1988),30,"Gordon CC, Churchill T, Clauser CE et al. (1989). 1988 Anthropometric Survey of U.S. Personnel: Summary Statistics Interim Report. US Army Natick Research, Development and Engineering Center. March 1989.",Sleeve Inseam,upper_arm,US Military Personnel,USA,female,2208,percentile,40,43.53,435.3,17.138,
Anthropometric Detailed Data Tables (ANSUR 1988),30,"Gordon CC, Churchill T, Clauser CE et al. (1989). 1988 Anthropometric Survey of U.S. Personnel: Summary Statistics Interim Report. US Army Natick Research, Development and Engineering Center. March 1989.",Sleeve Inseam,upper_arm,US Military Personnel,USA,female,2208,percentile,45,43.91,439.1,17.287,
Anthropometric Detailed Data Tables (ANSUR 1988),30,"Gordon CC, Churchill T, Clauser CE et al. (1989). 1988 Anthropometric Survey of U.S. Personnel: Summary Statistics Interim Report. US Army Natick Research, Development and Engineering Center. March 1989.",Sleeve Inseam,upper_arm,US Military Personnel,USA,female,2208,percentile,50,44.28,442.8,17.433,
Anthropometric Detailed Data Tables (ANSUR 1988),30,"Gordon CC, Churchill T, Clauser CE et al. (1989). 1988 Anthropometric Survey of U.S. Personnel: Summary Statistics Interim Report. US Army Natick Research, Development and Engineering Center. March 1989.",Sleeve Inseam,upper_arm,US Military Personnel,USA,female,2208,percentile,55,44.66,446.6,17.583,
Anthropometric Detailed Data Tables (ANSUR 1988),30,"Gordon CC, Churchill T, Clauser CE et al. (1989). 1988 Anthropometric Survey of U.S. Personnel: Summary Statistics Interim Report. US Army Natick Research, Development and Engineering Center. March 1989.",Sleeve Inseam,upper_arm,US Military Personnel,USA,female,2208,percentile,60,45.04,450.4,17.732,
Anthropometric Detailed Data Tables (ANSUR 1988),30,"Gordon CC, Churchill T, Clauser CE et al. (1989). 1988 Anthropometric Survey of U.S. Personnel: Summary Statistics Interim Report. US Army Natick Research, Development and Engineering Center. March 1989.",Sleeve Inseam,upper_arm,US Military Personnel,USA,female,2208,percentile,65,45.44,454.4,17.89,
Anthropometric Detailed Data Tables (ANSUR 1988),30,"Gordon CC, Churchill T, Clauser CE et al. (1989). 1988 Anthropometric Survey of U.S. Personnel: Summary Statistics Interim Report. US Army Natick Research, Development and Engineering Center. March 1989.",Sleeve Inseam,upper_arm,US Military Personnel,USA,female,2208,percentile,70,45.86,458.6,18.055,
Anthropometric Detailed Data Tables (ANSUR 1988),30,"Gordon CC, Churchill T, Clauser CE et al. (1989). 1988 Anthropometric Survey of U.S. Personnel: Summary Statistics Interim Report. US Army Natick Research, Development and Engineering Center. March 1989.",Sleeve Inseam,upper_arm,US Military Personnel,USA,female,2208,percentile,75,46.31,463.1,18.232,
Anthropometric Detailed Data Tables (ANSUR 1988),30,"Gordon CC, Churchill T, Clauser CE et al. (1989). 1988 Anthropometric Survey of U.S. Personnel: Summary Statistics Interim Report. US Army Natick Research, Development and Engineering Center. March 1989.",Sleeve Inseam,upper_arm,US Military Personnel,USA,female,2208,percentile,80,46.82,468.2,18.433,
Anthropometric Detailed Data Tables (ANSUR 1988),30,"Gordon CC, Churchill T, Clauser CE et al. (1989). 1988 Anthropometric Survey of U.S. Personnel: Summary Statistics Interim Report. US Army Natick Research, Development and Engineering Center. March 1989.",Sleeve Inseam,upper_arm,US Military Personnel,USA,female,2208,percentile,85,47.41,474.1,18.665,
Anthropometric Detailed Data Tables (ANSUR 1988),30,"Gordon CC, Churchill T, Clauser CE et al. (1989). 1988 Anthropometric Survey of U.S. Personnel: Summary Statistics Interim Report. US Army Natick Research, Development and Engineering Center. March 1989.",Sleeve Inseam,upper_arm,US Military Personnel,USA,female,2208,percentile,90,48.15,481.5,18.957,
Anthropometric Detailed Data Tables (ANSUR 1988),30,"Gordon CC, Churchill T, Clauser CE et al. (1989). 1988 Anthropometric Survey of U.S. Personnel: Summary Statistics Interim Report. US Army Natick Research, Development and Engineering Center. March 1989.",Sleeve Inseam,upper_arm,US Military Personnel,USA,female,2208,percentile,95,49.25,492.5,19.39,
Anthropometric Detailed Data Tables (ANSUR 1988),30,"Gordon CC, Churchill T, Clauser CE et al. (1989). 1988 Anthropometric Survey of U.S. Personnel: Summary Statistics Interim Report. US Army Natick Research, Development and Engineering Center. March 1989.",Sleeve Inseam,upper_arm,US Military Personnel,USA,female,2208,percentile,97,49.97,499.7,19.673,
Anthropometric Detailed Data Tables (ANSUR 1988),30,"Gordon CC, Churchill T, Clauser CE et al. (1989). 1988 Anthropometric Survey of U.S. Personnel: Summary Statistics Interim Report. US Army Natick Research, Development and Engineering Center. March 1989.",Sleeve Inseam,upper_arm,US Military Personnel,USA,female,2208,percentile,98,50.5,505.0,19.882,
Anthropometric Detailed Data Tables (ANSUR 1988),30,"Gordon CC, Churchill T, Clauser CE et al. (1989). 1988 Anthropometric Survey of U.S. Personnel: Summary Statistics Interim Report. US Army Natick Research, Development and Engineering Center. March 1989.",Sleeve Inseam,upper_arm,US Military Personnel,USA,female,2208,percentile,99,51.34,513.4,20.213,
Anthropometric Detailed Data Tables (ANSUR 1988),30,"Gordon CC, Churchill T, Clauser CE et al. (1989). 1988 Anthropometric Survey of U.S. Personnel: Summary Statistics Interim Report. US Army Natick Research, Development and Engineering Center. March 1989.",Sleeve Inseam,upper_arm,US Military Personnel,USA,male,1774,mean,,47.43,474.3,18.673,
Anthropometric Detailed Data Tables (ANSUR 1988),30,"Gordon CC, Churchill T, Clauser CE et al. (1989). 1988 Anthropometric Survey of U.S. Personnel: Summary Statistics Interim Report. US Army Natick Research, Development and Engineering Center. March 1989.",Sleeve Inseam,upper_arm,US Military Personnel,USA,male,1774,std_dev,,2.97,29.7,1.169,
Anthropometric Detailed Data Tables (ANSUR 1988),30,"Gordon CC, Churchill T, Clauser CE et al. (1989). 1988 Anthropometric Survey of U.S. Personnel: Summary Statistics Interim Report. US Army Natick Research, Development and Engineering Center. March 1989.",Sleeve Inseam,upper_arm,US Military Personnel,USA,male,1774,max,,59.0,590.0,23.228,
Anthropometric Detailed Data Tables (ANSUR 1988),30,"Gordon CC, Churchill T, Clauser CE et al. (1989). 1988 Anthropometric Survey of U.S. Personnel: Summary Statistics Interim Report. US Army Natick Research, Development and Engineering Center. March 1989.",Sleeve Inseam,upper_arm,US Military Personnel,USA,male,1774,min,,36.9,369.0,14.528,
Anthropometric Detailed Data Tables (ANSUR 1988),30,"Gordon CC, Churchill T, Clauser CE et al. (1989). 1988 Anthropometric Survey of U.S. Personnel: Summary Statistics Interim Report. US Army Natick Research, Development and Engineering Center. March 1989.",Sleeve Inseam,upper_arm,US Military Personnel,USA,male,1774,percentile,1,40.94,409.4,16.118,
Anthropometric Detailed Data Tables (ANSUR 1988),30,"Gordon CC, Churchill T, Clauser CE et al. (1989). 1988 Anthropometric Survey of U.S. Personnel: Summary Statistics Interim Report. US Army Natick Research, Development and Engineering Center. March 1989.",Sleeve Inseam,upper_arm,US Military Personnel,USA,male,1774,percentile,2,41.58,415.8,16.37,
Anthropometric Detailed Data Tables (ANSUR 1988),30,"Gordon CC, Churchill T, Clauser CE et al. (1989). 1988 Anthropometric Survey of U.S. Personnel: Summary Statistics Interim Report. US Army Natick Research, Development and Engineering Center. March 1989.",Sleeve Inseam,upper_arm,US Military Personnel,USA,male,1774,percentile,3,42.02,420.2,16.543,
Anthropometric Detailed Data Tables (ANSUR 1988),30,"Gordon CC, Churchill T, Clauser CE et al. (1989). 1988 Anthropometric Survey of U.S. Personnel: Summary Statistics Interim Report. US Army Natick Research, Development and Engineering Center. March 1989.",Sleeve Inseam,upper_arm,US Military Personnel,USA,male,1774,percentile,5,42.64,426.4,16.787,
Anthropometric Detailed Data Tables (ANSUR 1988),30,"Gordon CC, Churchill T, Clauser CE et al. (1989). 1988 Anthropometric Survey of U.S. Personnel: Summary Statistics Interim Report. US Army Natick Research, Development and Engineering Center. March 1989.",Sleeve Inseam,upper_arm,US Military Personnel,USA,male,1774,percentile,10,43.63,436.3,17.177,
Anthropometric Detailed Data Tables (ANSUR 1988),30,"Gordon CC, Churchill T, Clauser CE et al. (1989). 1988 Anthropometric Survey of U.S. Personnel: Summary Statistics Interim Report. US Army Natick Research, Development and Engineering Center. March 1989.",Sleeve Inseam,upper_arm,US Military Personnel,USA,male,1774,percentile,15,44.32,443.2,17.449,
Anthropometric Detailed Data Tables (ANSUR 1988),30,"Gordon CC, Churchill T, Clauser CE et al. (1989). 1988 Anthropometric Survey of U.S. Personnel: Summary Statistics Interim Report. US Army Natick Research, Development and Engineering Center. March 1989.",Sleeve Inseam,upper_arm,US Military Personnel,USA,male,1774,percentile,20,44.88,448.8,17.669,
Anthropometric Detailed Data Tables (ANSUR 1988),30,"Gordon CC, Churchill T, Clauser CE et al. (1989). 1988 Anthropometric Survey of U.S. Personnel: Summary Statistics Interim Report. US Army Natick Research, Development and Engineering Center. March 1989.",Sleeve Inseam,upper_arm,US Military Personnel,USA,male,1774,percentile,25,45.38,453.8,17.866,
Anthropometric Detailed Data Tables (ANSUR 1988),30,"Gordon CC, Churchill T, Clauser CE et al. (1989). 1988 Anthropometric Survey of U.S. Personnel: Summary Statistics Interim Report. US Army Natick Research, Development and Engineering Center. March 1989.",Sleeve Inseam,upper_arm,US Military Personnel,USA,male,1774,percentile,30,45.82,458.2,18.039,
Anthropometric Detailed Data Tables (ANSUR 1988),30,"Gordon CC, Churchill T, Clauser CE et al. (1989). 1988 Anthropometric Survey of U.S. Personnel: Summary Statistics Interim Report. US Army Natick Research, Development and Engineering Center. March 1989.",Sleeve Inseam,upper_arm,US Military Personnel,USA,male,1774,percentile,35,46.23,462.3,18.201,
Anthropometric Detailed Data Tables (ANSUR 1988),30,"Gordon CC, Churchill T, Clauser CE et al. (1989). 1988 Anthropometric Survey of U.S. Personnel: Summary Statistics Interim Report. US Army Natick Research, Development and Engineering Center. March 1989.",Sleeve Inseam,upper_arm,US Military Personnel,USA,male,1774,percentile,40,46.62,466.2,18.354,
Anthropometric Detailed Data Tables (ANSUR 1988),30,"Gordon CC, Churchill T, Clauser CE et al. (1989). 1988 Anthropometric Survey of U.S. Personnel: Summary Statistics Interim Report. US Army Natick Research, Development and Engineering Center. March 1989.",Sleeve Inseam,upper_arm,US Military Personnel,USA,male,1774,percentile,45,47.0,470.0,18.504,
Anthropometric Detailed Data Tables (ANSUR 1988),30,"Gordon CC, Churchill T, Clauser CE et al. (1989). 1988 Anthropometric Survey of U.S. Personnel: Summary Statistics Interim Report. US Army Natick Research, Development and Engineering Center. March 1989.",Sleeve Inseam,upper_arm,US Military Personnel,USA,male,1774,percentile,50,47.38,473.8,18.654,
Anthropometric Detailed Data Tables (ANSUR 1988),30,"Gordon CC, Churchill T, Clauser CE et al. (1989). 1988 Anthropometric Survey of U.S. Personnel: Summary Statistics Interim Report. US Army Natick Research, Development and Engineering Center. March 1989.",Sleeve Inseam,upper_arm,US Military Personnel,USA,male,1774,percentile,55,47.76,477.6,18.803,
Anthropometric Detailed Data Tables (ANSUR 1988),30,"Gordon CC, Churchill T, Clauser CE et al. (1989). 1988 Anthropometric Survey of U.S. Personnel: Summary Statistics Interim Report. US Army Natick Research, Development and Engineering Center. March 1989.",Sleeve Inseam,upper_arm,US Military Personnel,USA,male,1774,percentile,60,48.15,481.5,18.957,
Anthropometric Detailed Data Tables (ANSUR 1988),30,"Gordon CC, Churchill T, Clauser CE et al. (1989). 1988 Anthropometric Survey of U.S. Personnel: Summary Statistics Interim Report. US Army Natick Research, Development and Engineering Center. March 1989.",Sleeve Inseam,upper_arm,US Military Personnel,USA,male,1774,percentile,65,48.55,485.5,19.114,
Anthropometric Detailed Data Tables (ANSUR 1988),30,"Gordon CC, Churchill T, Clauser CE et al. (1989). 1988 Anthropometric Survey of U.S. Personnel: Summary Statistics Interim Report. US Army Natick Research, Development and Engineering Center. March 1989.",Sleeve Inseam,upper_arm,US Military Personnel,USA,male,1774,percentile,70,48.97,489.7,19.28,
Anthropometric Detailed Data Tables (ANSUR 1988),30,"Gordon CC, Churchill T, Clauser CE et al. (1989). 1988 Anthropometric Survey of U.S. Personnel: Summary Statistics Interim Report. US Army Natick Research, Development and Engineering Center. March 1989.",Sleeve Inseam,upper_arm,US Military Personnel,USA,male,1774,percentile,75,49.42,494.2,19.457,
Anthropometric Detailed Data Tables (ANSUR 1988),30,"Gordon CC, Churchill T, Clauser CE et al. (1989). 1988 Anthropometric Survey of U.S. Personnel: Summary Statistics Interim Report. US Army Natick Research, Development and Engineering Center. March 1989.",Sleeve Inseam,upper_arm,US Military Personnel,USA,male,1774,percentile,80,49.94,499.4,19.661,
Anthropometric Detailed Data Tables (ANSUR 1988),30,"Gordon CC, Churchill T, Clauser CE et al. (1989). 1988 Anthropometric Survey of U.S. Personnel: Summary Statistics Interim Report. US Army Natick Research, Development and Engineering Center. March 1989.",Sleeve Inseam,upper_arm,US Military Personnel,USA,male,1774,percentile,85,50.53,505.3,19.894,
Anthropometric Detailed Data Tables (ANSUR 1988),30,"Gordon CC, Churchill T, Clauser CE et al. (1989). 1988 Anthropometric Survey of U.S. Personnel: Summary Statistics Interim Report. US Army Natick Research, Development and Engineering Center. March 1989.",Sleeve Inseam,upper_arm,US Military Personnel,USA,male,1774,percentile,90,51.28,512.8,20.189,
Anthropometric Detailed Data Tables (ANSUR 1988),30,"Gordon CC, Churchill T, Clauser CE et al. (1989). 1988 Anthropometric Survey of U.S. Personnel: Summary Statistics Interim Report. US Army Natick Research, Development and Engineering Center. March 1989.",Sleeve Inseam,upper_arm,US Military Personnel,USA,male,1774,percentile,95,52.4,524.0,20.63,
Anthropometric Detailed Data Tables (ANSUR 1988),30,"Gordon CC, Churchill T, Clauser CE et al. (1989). 1988 Anthropometric Survey of U.S. Personnel: Summary Statistics Interim Report. US Army Natick Research, Development and Engineering Center. March 1989.",Sleeve Inseam,upper_arm,US Military Personnel,USA,male,1774,percentile,97,53.13,531.3,20.917,
Anthropometric Detailed Data Tables (ANSUR 1988),30,"Gordon CC, Churchill T, Clauser CE et al. (1989). 1988 Anthropometric Survey of U.S. Personnel: Summary Statistics Interim Report. US Army Natick Research, Development and Engineering Center. March 1989.",Sleeve Inseam,upper_arm,US Military Personnel,USA,male,1774,percentile,98,53.67,536.7,21.13,
Anthropometric Detailed Data Tables (ANSUR 1988),30,"Gordon CC, Churchill T, Clauser CE et al. (1989). 1988 Anthropometric Survey of U.S. Personnel: Summary Statistics Interim Report. US Army Natick Research, Development and Engineering Center. March 1989.",Sleeve Inseam,upper_arm,US Military Personnel,USA,male,1774,percentile,99,54.33,543.3,21.39,
Anthropometric Detailed Data Tables (ANSUR 1988),33,"Gordon CC, Churchill T, Clauser CE et al. (1989). 1988 Anthropometric Survey of U.S. Personnel: Summary Statistics Interim Report. US Army Natick Research, Development and Engineering Center. March 1989.",Thumb Breadth,hand,US Military Personnel,USA,female,2208,mean,,2.07,20.7,0.815,
Anthropometric Detailed Data Tables (ANSUR 1988),33,"Gordon CC, Churchill T, Clauser CE et al. (1989). 1988 Anthropometric Survey of U.S. Personnel: Summary Statistics Interim Report. US Army Natick Research, Development and Engineering Center. March 1989.",Thumb Breadth,hand,US Military Personnel,USA,female,2208,std_dev,,0.13,1.3,0.051,
Anthropometric Detailed Data Tables (ANSUR 1988),33,"Gordon CC, Churchill T, Clauser CE et al. (1989). 1988 Anthropometric Survey of U.S. Personnel: Summary Statistics Interim Report. US Army Natick Research, Development and Engineering Center. March 1989.",Thumb Breadth,hand,US Military Personnel,USA,female,2208,max,,2.5,25.0,0.984,
Anthropometric Detailed Data Tables (ANSUR 1988),33,"Gordon CC, Churchill T, Clauser CE et al. (1989). 1988 Anthropometric Survey of U.S. Personnel: Summary Statistics Interim Report. US Army Natick Research, Development and Engineering Center. March 1989.",Thumb Breadth,hand,US Military Personnel,USA,female,2208,min,,1.7,17.0,0.669,
Anthropometric Detailed Data Tables (ANSUR 1988),33,"Gordon CC, Churchill T, Clauser CE et al. (1989). 1988 Anthropometric Survey of U.S. Personnel: Summary Statistics Interim Report. US Army Natick Research, Development and Engineering Center. March 1989.",Thumb Breadth,hand,US Military Personnel,USA,female,2208,percentile,1,1.78,17.8,0.701,
Anthropometric Detailed Data Tables (ANSUR 1988),33,"Gordon CC, Churchill T, Clauser CE et al. (1989). 1988 Anthropometric Survey of U.S. Personnel: Summary Statistics Interim Report. US Army Natick Research, Development and Engineering Center. March 1989.",Thumb Breadth,hand,US Military Personnel,USA,female,2208,percentile,2,1.81,18.1,0.713,
Anthropometric Detailed Data Tables (ANSUR 1988),33,"Gordon CC, Churchill T, Clauser CE et al. (1989). 1988 Anthropometric Survey of U.S. Personnel: Summary Statistics Interim Report. US Army Natick Research, Development and Engineering Center. March 1989.",Thumb Breadth,hand,US Military Personnel,USA,female,2208,percentile,3,1.84,18.4,0.724,
Anthropometric Detailed Data Tables (ANSUR 1988),33,"Gordon CC, Churchill T, Clauser CE et al. (1989). 1988 Anthropometric Survey of U.S. Personnel: Summary Statistics Interim Report. US Army Natick Research, Development and Engineering Center. March 1989.",Thumb Breadth,hand,US Military Personnel,USA,female,2208,percentile,5,1.86,18.6,0.732,
Anthropometric Detailed Data Tables (ANSUR 1988),33,"Gordon CC, Churchill T, Clauser CE et al. (1989). 1988 Anthropometric Survey of U.S. Personnel: Summary Statistics Interim Report. US Army Natick Research, Development and Engineering Center. March 1989.",Thumb Breadth,hand,US Military Personnel,USA,female,2208,percentile,10,1.91,19.1,0.752,
Anthropometric Detailed Data Tables (ANSUR 1988),33,"Gordon CC, Churchill T, Clauser CE et al. (1989). 1988 Anthropometric Survey of U.S. Personnel: Summary Statistics Interim Report. US Army Natick Research, Development and Engineering Center. March 1989.",Thumb Breadth,hand,US Military Personnel,USA,female,2208,percentile,15,1.93,19.3,0.76,
Anthropometric Detailed Data Tables (ANSUR 1988),33,"Gordon CC, Churchill T, Clauser CE et al. (1989). 1988 Anthropometric Survey of U.S. Personnel: Summary Statistics Interim Report. US Army Natick Research, Development and Engineering Center. March 1989.",Thumb Breadth,hand,US Military Personnel,USA,female,2208,percentile,20,1.96,19.6,0.772,
Anthropometric Detailed Data Tables (ANSUR 1988),33,"Gordon CC, Churchill T, Clauser CE et al. (1989). 1988 Anthropometric Survey of U.S. Personnel: Summary Statistics Interim Report. US Army Natick Research, Development and Engineering Center. March 1989.",Thumb Breadth,hand,US Military Personnel,USA,female,2208,percentile,25,1.97,19.7,0.776,
Anthropometric Detailed Data Tables (ANSUR 1988),33,"Gordon CC, Churchill T, Clauser CE et al. (1989). 1988 Anthropometric Survey of U.S. Personnel: Summary Statistics Interim Report. US Army Natick Research, Development and Engineering Center. March 1989.",Thumb Breadth,hand,US Military Personnel,USA,female,2208,percentile,30,1.99,19.9,0.783,
Anthropometric Detailed Data Tables (ANSUR 1988),33,"Gordon CC, Churchill T, Clauser CE et al. (1989). 1988 Anthropometric Survey of U.S. Personnel: Summary Statistics Interim Report. US Army Natick Research, Development and Engineering Center. March 1989.",Thumb Breadth,hand,US Military Personnel,USA,female,2208,percentile,35,2.01,20.1,0.791,
Anthropometric Detailed Data Tables (ANSUR 1988),33,"Gordon CC, Churchill T, Clauser CE et al. (1989). 1988 Anthropometric Survey of U.S. Personnel: Summary Statistics Interim Report. US Army Natick Research, Development and Engineering Center. March 1989.",Thumb Breadth,hand,US Military Personnel,USA,female,2208,percentile,40,2.03,20.3,0.799,
Anthropometric Detailed Data Tables (ANSUR 1988),33,"Gordon CC, Churchill T, Clauser CE et al. (1989). 1988 Anthropometric Survey of U.S. Personnel: Summary Statistics Interim Report. US Army Natick Research, Development and Engineering Center. March 1989.",Thumb Breadth,hand,US Military Personnel,USA,female,2208,percentile,45,2.04,20.4,0.803,
Anthropometric Detailed Data Tables (ANSUR 1988),33,"Gordon CC, Churchill T, Clauser CE et al. (1989). 1988 Anthropometric Survey of U.S. Personnel: Summary Statistics Interim Report. US Army Natick Research, Development and Engineering Center. March 1989.",Thumb Breadth,hand,US Military Personnel,USA,female,2208,percentile,50,2.06,20.6,0.811,
Anthropometric Detailed Data Tables (ANSUR 1988),33,"Gordon CC, Churchill T, Clauser CE et al. (1989). 1988 Anthropometric Survey of U.S. Personnel: Summary Statistics Interim Report. US Army Natick Research, Development and Engineering Center. March 1989.",Thumb Breadth,hand,US Military Personnel,USA,female,2208,percentile,55,2.08,20.8,0.819,
Anthropometric Detailed Data Tables (ANSUR 1988),33,"Gordon CC, Churchill T, Clauser CE et al. (1989). 1988 Anthropometric Survey of U.S. Personnel: Summary Statistics Interim Report. US Army Natick Research, Development and Engineering Center. March 1989.",Thumb Breadth,hand,US Military Personnel,USA,female,2208,percentile,60,2.09,20.9,0.823,
Anthropometric Detailed Data Tables (ANSUR 1988),33,"Gordon CC, Churchill T, Clauser CE et al. (1989). 1988 Anthropometric Survey of U.S. Personnel: Summary Statistics Interim Report. US Army Natick Research, Development and Engineering Center. March 1989.",Thumb Breadth,hand,US Military Personnel,USA,female,2208,percentile,65,2.11,21.1,0.831,
Anthropometric Detailed Data Tables (ANSUR 1988),33,"Gordon CC, Churchill T, Clauser CE et al. (1989). 1988 Anthropometric Survey of U.S. Personnel: Summary Statistics Interim Report. US Army Natick Research, Development and Engineering Center. March 1989.",Thumb Breadth,hand,US Military Personnel,USA,female,2208,percentile,70,2.13,21.3,0.839,
Anthropometric Detailed Data Tables (ANSUR 1988),33,"Gordon CC, Churchill T, Clauser CE et al. (1989). 1988 Anthropometric Survey of U.S. Personnel: Summary Statistics Interim Report. US Army Natick Research, Development and Engineering Center. March 1989.",Thumb Breadth,hand,US Military Personnel,USA,female,2208,percentile,75,2.15,21.5,0.846,
Anthropometric Detailed Data Tables (ANSUR 1988),33,"Gordon CC, Churchill T, Clauser CE et al. (1989). 1988 Anthropometric Survey of U.S. Personnel: Summary Statistics Interim Report. US Army Natick Research, Development and Engineering Center. March 1989.",Thumb Breadth,hand,US Military Personnel,USA,female,2208,percentile,80,2.18,21.8,0.858,
Anthropometric Detailed Data Tables (ANSUR 1988),33,"Gordon CC, Churchill T, Clauser CE et al. (1989). 1988 Anthropometric Survey of U.S. Personnel: Summary Statistics Interim Report. US Army Natick Research, Development and Engineering Center. March 1989.",Thumb Breadth,hand,US Military Personnel,USA,female,2208,percentile,85,2.2,22.0,0.866,
Anthropometric Detailed Data Tables (ANSUR 1988),33,"Gordon CC, Churchill T, Clauser CE et al. (1989). 1988 Anthropometric Survey of U.S. Personnel: Summary Statistics Interim Report. US Army Natick Research, Development and Engineering Center. March 1989.",Thumb Breadth,hand,US Military Personnel,USA,female,2208,percentile,90,2.24,22.4,0.882,
Anthropometric Detailed Data Tables (ANSUR 1988),33,"Gordon CC, Churchill T, Clauser CE et al. (1989). 1988 Anthropometric Survey of U.S. Personnel: Summary Statistics Interim Report. US Army Natick Research, Development and Engineering Center. March 1989.",Thumb Breadth,hand,US Military Personnel,USA,female,2208,percentile,95,2.29,22.9,0.902,
Anthropometric Detailed Data Tables (ANSUR 1988),33,"Gordon CC, Churchill T, Clauser CE et al. (1989). 1988 Anthropometric Survey of U.S. Personnel: Summary Statistics Interim Report. US Army Natick Research, Development and Engineering Center. March 1989.",Thumb Breadth,hand,US Military Personnel,USA,female,2208,percentile,97,2.31,23.1,0.909,
Anthropometric Detailed Data Tables (ANSUR 1988),33,"Gordon CC, Churchill T, Clauser CE et al. (1989). 1988 Anthropometric Survey of U.S. Personnel: Summary Statistics Interim Report. US Army Natick Research, Development and Engineering Center. March 1989.",Thumb Breadth,hand,US Military Personnel,USA,female,2208,percentile,98,2.33,23.3,0.917,
Anthropometric Detailed Data Tables (ANSUR 1988),33,"Gordon CC, Churchill T, Clauser CE et al. (1989). 1988 Anthropometric Survey of U.S. Personnel: Summary Statistics Interim Report. US Army Natick Research, Development and Engineering Center. March 1989.",Thumb Breadth,hand,US Military Personnel,USA,female,2208,percentile,99,2.35,23.5,0.925,
Anthropometric Detailed Data Tables (ANSUR 1988),33,"Gordon CC, Churchill T, Clauser CE et al. (1989). 1988 Anthropometric Survey of U.S. Personnel: Summary Statistics Interim Report. US Army Natick Research, Development and Engineering Center. March 1989.",Thumb Breadth,hand,US Military Personnel,USA,male,1774,mean,,2.41,24.1,0.949,
Anthropometric Detailed Data Tables (ANSUR 1988),33,"Gordon CC, Churchill T, Clauser CE et al. (1989). 1988 Anthropometric Survey of U.S. Personnel: Summary Statistics Interim Report. US Army Natick Research, Development and Engineering Center. March 1989.",Thumb Breadth,hand,US Military Personnel,USA,male,1774,std_dev,,0.14,1.4,0.055,
Anthropometric Detailed Data Tables (ANSUR 1988),33,"Gordon CC, Churchill T, Clauser CE et al. (1989). 1988 Anthropometric Survey of U.S. Personnel: Summary Statistics Interim Report. US Army Natick Research, Development and Engineering Center. March 1989.",Thumb Breadth,hand,US Military Personnel,USA,male,1774,max,,2.9,29.0,1.142,
Anthropometric Detailed Data Tables (ANSUR 1988),33,"Gordon CC, Churchill T, Clauser CE et al. (1989). 1988 Anthropometric Survey of U.S. Personnel: Summary Statistics Interim Report. US Army Natick Research, Development and Engineering Center. March 1989.",Thumb Breadth,hand,US Military Personnel,USA,male,1774,min,,1.9,19.0,0.748,
Anthropometric Detailed Data Tables (ANSUR 1988),33,"Gordon CC, Churchill T, Clauser CE et al. (1989). 1988 Anthropometric Survey of U.S. Personnel: Summary Statistics Interim Report. US Army Natick Research, Development and Engineering Center. March 1989.",Thumb Breadth,hand,US Military Personnel,USA,male,1774,percentile,1,2.09,20.9,0.823,
Anthropometric Detailed Data Tables (ANSUR 1988),33,"Gordon CC, Churchill T, Clauser CE et al. (1989). 1988 Anthropometric Survey of U.S. Personnel: Summary Statistics Interim Report. US Army Natick Research, Development and Engineering Center. March 1989.",Thumb Breadth,hand,US Military Personnel,USA,male,1774,percentile,2,2.13,21.3,0.839,
Anthropometric Detailed Data Tables (ANSUR 1988),33,"Gordon CC, Churchill T, Clauser CE et al. (1989). 1988 Anthropometric Survey of U.S. Personnel: Summary Statistics Interim Report. US Army Natick Research, Development and Engineering Center. March 1989.",Thumb Breadth,hand,US Military Personnel,USA,male,1774,percentile,3,2.16,21.6,0.85,
Anthropometric Detailed Data Tables (ANSUR 1988),33,"Gordon CC, Churchill T, Clauser CE et al. (1989). 1988 Anthropometric Survey of U.S. Personnel: Summary Statistics Interim Report. US Army Natick Research, Development and Engineering Center. March 1989.",Thumb Breadth,hand,US Military Personnel,USA,male,1774,percentile,5,2.19,21.9,0.862,
Anthropometric Detailed Data Tables (ANSUR 1988),33,"Gordon CC, Churchill T, Clauser CE et al. (1989). 1988 Anthropometric Survey of U.S. Personnel: Summary Statistics Interim Report. US Army Natick Research, Development and Engineering Center. March 1989.",Thumb Breadth,hand,US Military Personnel,USA,male,1774,percentile,10,2.24,22.4,0.882,
Anthropometric Detailed Data Tables (ANSUR 1988),33,"Gordon CC, Churchill T, Clauser CE et al. (1989). 1988 Anthropometric Survey of U.S. Personnel: Summary Statistics Interim Report. US Army Natick Research, Development and Engineering Center. March 1989.",Thumb Breadth,hand,US Military Personnel,USA,male,1774,percentile,15,2.27,22.7,0.894,
Anthropometric Detailed Data Tables (ANSUR 1988),33,"Gordon CC, Churchill T, Clauser CE et al. (1989). 1988 Anthropometric Survey of U.S. Personnel: Summary Statistics Interim Report. US Army Natick Research, Development and Engineering Center. March 1989.",Thumb Breadth,hand,US Military Personnel,USA,male,1774,percentile,20,2.3,23.0,0.906,
Anthropometric Detailed Data Tables (ANSUR 1988),33,"Gordon CC, Churchill T, Clauser CE et al. (1989). 1988 Anthropometric Survey of U.S. Personnel: Summary Statistics Interim Report. US Army Natick Research, Development and Engineering Center. March 1989.",Thumb Breadth,hand,US Military Personnel,USA,male,1774,percentile,25,2.32,23.2,0.913,
Anthropometric Detailed Data Tables (ANSUR 1988),33,"Gordon CC, Churchill T, Clauser CE et al. (1989). 1988 Anthropometric Survey of U.S. Personnel: Summary Statistics Interim Report. US Army Natick Research, Development and Engineering Center. March 1989.",Thumb Breadth,hand,US Military Personnel,USA,male,1774,percentile,30,2.34,23.4,0.921,
Anthropometric Detailed Data Tables (ANSUR 1988),33,"Gordon CC, Churchill T, Clauser CE et al. (1989). 1988 Anthropometric Survey of U.S. Personnel: Summary Statistics Interim Report. US Army Natick Research, Development and Engineering Center. March 1989.",Thumb Breadth,hand,US Military Personnel,USA,male,1774,percentile,35,2.36,23.6,0.929,
Anthropometric Detailed Data Tables (ANSUR 1988),33,"Gordon CC, Churchill T, Clauser CE et al. (1989). 1988 Anthropometric Survey of U.S. Personnel: Summary Statistics Interim Report. US Army Natick Research, Development and Engineering Center. March 1989.",Thumb Breadth,hand,US Military Personnel,USA,male,1774,percentile,40,2.38,23.8,0.937,
Anthropometric Detailed Data Tables (ANSUR 1988),33,"Gordon CC, Churchill T, Clauser CE et al. (1989). 1988 Anthropometric Survey of U.S. Personnel: Summary Statistics Interim Report. US Army Natick Research, Development and Engineering Center. March 1989.",Thumb Breadth,hand,US Military Personnel,USA,male,1774,percentile,45,2.39,23.9,0.941,
Anthropometric Detailed Data Tables (ANSUR 1988),33,"Gordon CC, Churchill T, Clauser CE et al. (1989). 1988 Anthropometric Survey of U.S. Personnel: Summary Statistics Interim Report. US Army Natick Research, Development and Engineering Center. March 1989.",Thumb Breadth,hand,US Military Personnel,USA,male,1774,percentile,50,2.41,24.1,0.949,
Anthropometric Detailed Data Tables (ANSUR 1988),33,"Gordon CC, Churchill T, Clauser CE et al. (1989). 1988 Anthropometric Survey of U.S. Personnel: Summary Statistics Interim Report. US Army Natick Research, Development and Engineering Center. March 1989.",Thumb Breadth,hand,US Military Personnel,USA,male,1774,percentile,55,2.43,24.3,0.957,
Anthropometric Detailed Data Tables (ANSUR 1988),33,"Gordon CC, Churchill T, Clauser CE et al. (1989). 1988 Anthropometric Survey of U.S. Personnel: Summary Statistics Interim Report. US Army Natick Research, Development and Engineering Center. March 1989.",Thumb Breadth,hand,US Military Personnel,USA,male,1774,percentile,60,2.45,24.5,0.965,
Anthropometric Detailed Data Tables (ANSUR 1988),33,"Gordon CC, Churchill T, Clauser CE et al. (1989). 1988 Anthropometric Survey of U.S. Personnel: Summary Statistics Interim Report. US Army Natick Research, Development and Engineering Center. March 1989.",Thumb Breadth,hand,US Military Personnel,USA,male,1774,percentile,65,2.46,24.6,0.969,
Anthropometric Detailed Data Tables (ANSUR 1988),33,"Gordon CC, Churchill T, Clauser CE et al. (1989). 1988 Anthropometric Survey of U.S. Personnel: Summary Statistics Interim Report. US Army Natick Research, Development and Engineering Center. March 1989.",Thumb Breadth,hand,US Military Personnel,USA,male,1774,percentile,70,2.48,24.8,0.976,
Anthropometric Detailed Data Tables (ANSUR 1988),33,"Gordon CC, Churchill T, Clauser CE et al. (1989). 1988 Anthropometric Survey of U.S. Personnel: Summary Statistics Interim Report. US Army Natick Research, Development and Engineering Center. March 1989.",Thumb Breadth,hand,US Military Personnel,USA,male,1774,percentile,75,2.51,25.1,0.988,
Anthropometric Detailed Data Tables (ANSUR 1988),33,"Gordon CC, Churchill T, Clauser CE et al. (1989). 1988 Anthropometric Survey of U.S. Personnel: Summary Statistics Interim Report. US Army Natick Research, Development and Engineering Center. March 1989.",Thumb Breadth,hand,US Military Personnel,USA,male,1774,percentile,80,2.53,25.3,0.996,
Anthropometric Detailed Data Tables (ANSUR 1988),33,"Gordon CC, Churchill T, Clauser CE et al. (1989). 1988 Anthropometric Survey of U.S. Personnel: Summary Statistics Interim Report. US Army Natick Research, Development and Engineering Center. March 1989.",Thumb Breadth,hand,US Military Personnel,USA,male,1774,percentile,85,2.56,25.6,1.008,
Anthropometric Detailed Data Tables (ANSUR 1988),33,"Gordon CC, Churchill T, Clauser CE et al. (1989). 1988 Anthropometric Survey of U.S. Personnel: Summary Statistics Interim Report. US Army Natick Research, Development and Engineering Center. March 1989.",Thumb Breadth,hand,US Military Personnel,USA,male,1774,percentile,90,2.6,26.0,1.024,
Anthropometric Detailed Data Tables (ANSUR 1988),33,"Gordon CC, Churchill T, Clauser CE et al. (1989). 1988 Anthropometric Survey of U.S. Personnel: Summary Statistics Interim Report. US Army Natick Research, Development and Engineering Center. March 1989.",Thumb Breadth,hand,US Military Personnel,USA,male,1774,percentile,95,2.65,26.5,1.043,
Anthropometric Detailed Data Tables (ANSUR 1988),33,"Gordon CC, Churchill T, Clauser CE et al. (1989). 1988 Anthropometric Survey of U.S. Personnel: Summary Statistics Interim Report. US Army Natick Research, Development and Engineering Center. March 1989.",Thumb Breadth,hand,US Military Personnel,USA,male,1774,percentile,97,2.68,26.8,1.055,
Anthropometric Detailed Data Tables (ANSUR 1988),33,"Gordon CC, Churchill T, Clauser CE et al. (1989). 1988 Anthropometric Survey of U.S. Personnel: Summary Statistics Interim Report. US Army Natick Research, Development and Engineering Center. March 1989.",Thumb Breadth,hand,US Military Personnel,USA,male,1774,percentile,98,2.71,27.1,1.067,
Anthropometric Detailed Data Tables (ANSUR 1988),33,"Gordon CC, Churchill T, Clauser CE et al. (1989). 1988 Anthropometric Survey of U.S. Personnel: Summary Statistics Interim Report. US Army Natick Research, Development and Engineering Center. March 1989.",Thumb Breadth,hand,US Military Personnel,USA,male,1774,percentile,99,2.74,27.4,1.079,
Anthropometric Detailed Data Tables (ANSUR 1988),35,"Gordon CC, Churchill T, Clauser CE et al. (1989). 1988 Anthropometric Survey of U.S. Personnel: Summary Statistics Interim Report. US Army Natick Research, Development and Engineering Center. March 1989.",Upper Arm Length,upper_arm,US Military Personnel,USA,female,2208,mean,,31.19,311.9,12.28,
Anthropometric Detailed Data Tables (ANSUR 1988),35,"Gordon CC, Churchill T, Clauser CE et al. (1989). 1988 Anthropometric Survey of U.S. Personnel: Summary Statistics Interim Report. US Army Natick Research, Development and Engineering Center. March 1989.",Upper Arm Length,upper_arm,US Military Personnel,USA,female,2208,std_dev,,1.67,16.7,0.657,
Anthropometric Detailed Data Tables (ANSUR 1988),35,"Gordon CC, Churchill T, Clauser CE et al. (1989). 1988 Anthropometric Survey of U.S. Personnel: Summary Statistics Interim Report. US Army Natick Research, Development and Engineering Center. March 1989.",Upper Arm Length,upper_arm,US Military Personnel,USA,female,2208,max,,37.0,370.0,14.567,
Anthropometric Detailed Data Tables (ANSUR 1988),35,"Gordon CC, Churchill T, Clauser CE et al. (1989). 1988 Anthropometric Survey of U.S. Personnel: Summary Statistics Interim Report. US Army Natick Research, Development and Engineering Center. March 1989.",Upper Arm Length,upper_arm,US Military Personnel,USA,female,2208,min,,26.2,262.0,10.315,
Anthropometric Detailed Data Tables (ANSUR 1988),35,"Gordon CC, Churchill T, Clauser CE et al. (1989). 1988 Anthropometric Survey of U.S. Personnel: Summary Statistics Interim Report. US Army Natick Research, Development and Engineering Center. March 1989.",Upper Arm Length,upper_arm,US Military Personnel,USA,female,2208,percentile,1,27.37,273.7,10.776,
Anthropometric Detailed Data Tables (ANSUR 1988),35,"Gordon CC, Churchill T, Clauser CE et al. (1989). 1988 Anthropometric Survey of U.S. Personnel: Summary Statistics Interim Report. US Army Natick Research, Development and Engineering Center. March 1989.",Upper Arm Length,upper_arm,US Military Personnel,USA,female,2208,percentile,2,27.83,278.3,10.957,
Anthropometric Detailed Data Tables (ANSUR 1988),35,"Gordon CC, Churchill T, Clauser CE et al. (1989). 1988 Anthropometric Survey of U.S. Personnel: Summary Statistics Interim Report. US Army Natick Research, Development and Engineering Center. March 1989.",Upper Arm Length,upper_arm,US Military Personnel,USA,female,2208,percentile,3,28.11,281.1,11.067,
Anthropometric Detailed Data Tables (ANSUR 1988),35,"Gordon CC, Churchill T, Clauser CE et al. (1989). 1988 Anthropometric Survey of U.S. Personnel: Summary Statistics Interim Report. US Army Natick Research, Development and Engineering Center. March 1989.",Upper Arm Length,upper_arm,US Military Personnel,USA,female,2208,percentile,5,28.49,284.9,11.217,
Anthropometric Detailed Data Tables (ANSUR 1988),35,"Gordon CC, Churchill T, Clauser CE et al. (1989). 1988 Anthropometric Survey of U.S. Personnel: Summary Statistics Interim Report. US Army Natick Research, Development and Engineering Center. March 1989.",Upper Arm Length,upper_arm,US Military Personnel,USA,female,2208,percentile,10,29.07,290.7,11.445,
Anthropometric Detailed Data Tables (ANSUR 1988),35,"Gordon CC, Churchill T, Clauser CE et al. (1989). 1988 Anthropometric Survey of U.S. Personnel: Summary Statistics Interim Report. US Army Natick Research, Development and Engineering Center. March 1989.",Upper Arm Length,upper_arm,US Military Personnel,USA,female,2208,percentile,15,29.46,294.6,11.598,
Anthropometric Detailed Data Tables (ANSUR 1988),35,"Gordon CC, Churchill T, Clauser CE et al. (1989). 1988 Anthropometric Survey of U.S. Personnel: Summary Statistics Interim Report. US Army Natick Research, Development and Engineering Center. March 1989.",Upper Arm Length,upper_arm,US Military Personnel,USA,female,2208,percentile,20,29.77,297.7,11.72,
Anthropometric Detailed Data Tables (ANSUR 1988),35,"Gordon CC, Churchill T, Clauser CE et al. (1989). 1988 Anthropometric Survey of U.S. Personnel: Summary Statistics Interim Report. US Army Natick Research, Development and Engineering Center. March 1989.",Upper Arm Length,upper_arm,US Military Personnel,USA,female,2208,percentile,25,30.04,300.4,11.827,
Anthropometric Detailed Data Tables (ANSUR 1988),35,"Gordon CC, Churchill T, Clauser CE et al. (1989). 1988 Anthropometric Survey of U.S. Personnel: Summary Statistics Interim Report. US Army Natick Research, Development and Engineering Center. March 1989.",Upper Arm Length,upper_arm,US Military Personnel,USA,female,2208,percentile,30,30.28,302.8,11.921,
Anthropometric Detailed Data Tables (ANSUR 1988),35,"Gordon CC, Churchill T, Clauser CE et al. (1989). 1988 Anthropometric Survey of U.S. Personnel: Summary Statistics Interim Report. US Army Natick Research, Development and Engineering Center. March 1989.",Upper Arm Length,upper_arm,US Military Personnel,USA,female,2208,percentile,35,30.5,305.0,12.008,
Anthropometric Detailed Data Tables (ANSUR 1988),35,"Gordon CC, Churchill T, Clauser CE et al. (1989). 1988 Anthropometric Survey of U.S. Personnel: Summary Statistics Interim Report. US Army Natick Research, Development and Engineering Center. March 1989.",Upper Arm Length,upper_arm,US Military Personnel,USA,female,2208,percentile,40,30.72,307.2,12.094,
Anthropometric Detailed Data Tables (ANSUR 1988),35,"Gordon CC, Churchill T, Clauser CE et al. (1989). 1988 Anthropometric Survey of U.S. Personnel: Summary Statistics Interim Report. US Army Natick Research, Development and Engineering Center. March 1989.",Upper Arm Length,upper_arm,US Military Personnel,USA,female,2208,percentile,45,30.93,309.3,12.177,
Anthropometric Detailed Data Tables (ANSUR 1988),35,"Gordon CC, Churchill T, Clauser CE et al. (1989). 1988 Anthropometric Survey of U.S. Personnel: Summary Statistics Interim Report. US Army Natick Research, Development and Engineering Center. March 1989.",Upper Arm Length,upper_arm,US Military Personnel,USA,female,2208,percentile,50,31.14,311.4,12.26,
Anthropometric Detailed Data Tables (ANSUR 1988),35,"Gordon CC, Churchill T, Clauser CE et al. (1989). 1988 Anthropometric Survey of U.S. Personnel: Summary Statistics Interim Report. US Army Natick Research, Development and Engineering Center. March 1989.",Upper Arm Length,upper_arm,US Military Personnel,USA,female,2208,percentile,55,31.35,313.5,12.343,
Anthropometric Detailed Data Tables (ANSUR 1988),35,"Gordon CC, Churchill T, Clauser CE et al. (1989). 1988 Anthropometric Survey of U.S. Personnel: Summary Statistics Interim Report. US Army Natick Research, Development and Engineering Center. March 1989.",Upper Arm Length,upper_arm,US Military Personnel,USA,female,2208,percentile,60,31.57,315.7,12.429,
Anthropometric Detailed Data Tables (ANSUR 1988),35,"Gordon CC, Churchill T, Clauser CE et al. (1989). 1988 Anthropometric Survey of U.S. Personnel: Summary Statistics Interim Report. US Army Natick Research, Development and Engineering Center. March 1989.",Upper Arm Length,upper_arm,US Military Personnel,USA,female,2208,percentile,65,31.79,317.9,12.516,
Anthropometric Detailed Data Tables (ANSUR 1988),35,"Gordon CC, Churchill T, Clauser CE et al. (1989). 1988 Anthropometric Survey of U.S. Personnel: Summary Statistics Interim Report. US Army Natick Research, Development and Engineering Center. March 1989.",Upper Arm Length,upper_arm,US Military Personnel,USA,female,2208,percentile,70,32.03,320.3,12.61,
Anthropometric Detailed Data Tables (ANSUR 1988),35,"Gordon CC, Churchill T, Clauser CE et al. (1989). 1988 Anthropometric Survey of U.S. Personnel: Summary Statistics Interim Report. US Army Natick Research, Development and Engineering Center. March 1989.",Upper Arm Length,upper_arm,US Military Personnel,USA,female,2208,percentile,75,32.29,322.9,12.713,
Anthropometric Detailed Data Tables (ANSUR 1988),35,"Gordon CC, Churchill T, Clauser CE et al. (1989). 1988 Anthropometric Survey of U.S. Personnel: Summary Statistics Interim Report. US Army Natick Research, Development and Engineering Center. March 1989.",Upper Arm Length,upper_arm,US Military Personnel,USA,female,2208,percentile,80,32.59,325.9,12.831,
Anthropometric Detailed Data Tables (ANSUR 1988),35,"Gordon CC, Churchill T, Clauser CE et al. (1989). 1988 Anthropometric Survey of U.S. Personnel: Summary Statistics Interim Report. US Army Natick Research, Development and Engineering Center. March 1989.",Upper Arm Length,upper_arm,US Military Personnel,USA,female,2208,percentile,85,32.93,329.3,12.965,
Anthropometric Detailed Data Tables (ANSUR 1988),35,"Gordon CC, Churchill T, Clauser CE et al. (1989). 1988 Anthropometric Survey of U.S. Personnel: Summary Statistics Interim Report. US Army Natick Research, Development and Engineering Center. March 1989.",Upper Arm Length,upper_arm,US Military Personnel,USA,female,2208,percentile,90,33.37,333.7,13.138,
Anthropometric Detailed Data Tables (ANSUR 1988),35,"Gordon CC, Churchill T, Clauser CE et al. (1989). 1988 Anthropometric Survey of U.S. Personnel: Summary Statistics Interim Report. US Army Natick Research, Development and Engineering Center. March 1989.",Upper Arm Length,upper_arm,US Military Personnel,USA,female,2208,percentile,95,34.02,340.2,13.394,
Anthropometric Detailed Data Tables (ANSUR 1988),35,"Gordon CC, Churchill T, Clauser CE et al. (1989). 1988 Anthropometric Survey of U.S. Personnel: Summary Statistics Interim Report. US Army Natick Research, Development and Engineering Center. March 1989.",Upper Arm Length,upper_arm,US Military Personnel,USA,female,2208,percentile,97,34.44,344.4,13.559,
Anthropometric Detailed Data Tables (ANSUR 1988),35,"Gordon CC, Churchill T, Clauser CE et al. (1989). 1988 Anthropometric Survey of U.S. Personnel: Summary Statistics Interim Report. US Army Natick Research, Development and Engineering Center. March 1989.",Upper Arm Length,upper_arm,US Military Personnel,USA,female,2208,percentile,98,34.74,347.4,13.677,
Anthropometric Detailed Data Tables (ANSUR 1988),35,"Gordon CC, Churchill T, Clauser CE et al. (1989). 1988 Anthropometric Survey of U.S. Personnel: Summary Statistics Interim Report. US Army Natick Research, Development and Engineering Center. March 1989.",Upper Arm Length,upper_arm,US Military Personnel,USA,female,2208,percentile,99,35.21,352.1,13.862,
Anthropometric Detailed Data Tables (ANSUR 1988),35,"Gordon CC, Churchill T, Clauser CE et al. (1989). 1988 Anthropometric Survey of U.S. Personnel: Summary Statistics Interim Report. US Army Natick Research, Development and Engineering Center. March 1989.",Upper Arm Length,upper_arm,US Military Personnel,USA,male,1774,mean,,34.08,340.8,13.417,
Anthropometric Detailed Data Tables (ANSUR 1988),35,"Gordon CC, Churchill T, Clauser CE et al. (1989). 1988 Anthropometric Survey of U.S. Personnel: Summary Statistics Interim Report. US Army Natick Research, Development and Engineering Center. March 1989.",Upper Arm Length,upper_arm,US Military Personnel,USA,male,1774,std_dev,,1.72,17.2,0.677,
Anthropometric Detailed Data Tables (ANSUR 1988),35,"Gordon CC, Churchill T, Clauser CE et al. (1989). 1988 Anthropometric Survey of U.S. Personnel: Summary Statistics Interim Report. US Army Natick Research, Development and Engineering Center. March 1989.",Upper Arm Length,upper_arm,US Military Personnel,USA,male,1774,max,,41.5,415.0,16.339,
Anthropometric Detailed Data Tables (ANSUR 1988),35,"Gordon CC, Churchill T, Clauser CE et al. (1989). 1988 Anthropometric Survey of U.S. Personnel: Summary Statistics Interim Report. US Army Natick Research, Development and Engineering Center. March 1989.",Upper Arm Length,upper_arm,US Military Personnel,USA,male,1774,min,,27.1,271.0,10.669,
Anthropometric Detailed Data Tables (ANSUR 1988),35,"Gordon CC, Churchill T, Clauser CE et al. (1989). 1988 Anthropometric Survey of U.S. Personnel: Summary Statistics Interim Report. US Army Natick Research, Development and Engineering Center. March 1989.",Upper Arm Length,upper_arm,US Military Personnel,USA,male,1774,percentile,1,30.23,302.3,11.902,
Anthropometric Detailed Data Tables (ANSUR 1988),35,"Gordon CC, Churchill T, Clauser CE et al. (1989). 1988 Anthropometric Survey of U.S. Personnel: Summary Statistics Interim Report. US Army Natick Research, Development and Engineering Center. March 1989.",Upper Arm Length,upper_arm,US Military Personnel,USA,male,1774,percentile,2,30.66,306.6,12.071,
Anthropometric Detailed Data Tables (ANSUR 1988),35,"Gordon CC, Churchill T, Clauser CE et al. (1989). 1988 Anthropometric Survey of U.S. Personnel: Summary Statistics Interim Report. US Army Natick Research, Development and Engineering Center. March 1989.",Upper Arm Length,upper_arm,US Military Personnel,USA,male,1774,percentile,3,30.94,309.4,12.181,
Anthropometric Detailed Data Tables (ANSUR 1988),35,"Gordon CC, Churchill T, Clauser CE et al. (1989). 1988 Anthropometric Survey of U.S. Personnel: Summary Statistics Interim Report. US Army Natick Research, Development and Engineering Center. March 1989.",Upper Arm Length,upper_arm,US Military Personnel,USA,male,1774,percentile,5,31.32,313.2,12.331,
Anthropometric Detailed Data Tables (ANSUR 1988),35,"Gordon CC, Churchill T, Clauser CE et al. (1989). 1988 Anthropometric Survey of U.S. Personnel: Summary Statistics Interim Report. US Army Natick Research, Development and Engineering Center. March 1989.",Upper Arm Length,upper_arm,US Military Personnel,USA,male,1774,percentile,10,31.91,319.1,12.563,
Anthropometric Detailed Data Tables (ANSUR 1988),35,"Gordon CC, Churchill T, Clauser CE et al. (1989). 1988 Anthropometric Survey of U.S. Personnel: Summary Statistics Interim Report. US Army Natick Research, Development and Engineering Center. March 1989.",Upper Arm Length,upper_arm,US Military Personnel,USA,male,1774,percentile,15,32.31,323.1,12.72,
Anthropometric Detailed Data Tables (ANSUR 1988),35,"Gordon CC, Churchill T, Clauser CE et al. (1989). 1988 Anthropometric Survey of U.S. Personnel: Summary Statistics Interim Report. US Army Natick Research, Development and Engineering Center. March 1989.",Upper Arm Length,upper_arm,US Military Personnel,USA,male,1774,percentile,20,32.63,326.3,12.846,
Anthropometric Detailed Data Tables (ANSUR 1988),35,"Gordon CC, Churchill T, Clauser CE et al. (1989). 1988 Anthropometric Survey of U.S. Personnel: Summary Statistics Interim Report. US Army Natick Research, Development and Engineering Center. March 1989.",Upper Arm Length,upper_arm,US Military Personnel,USA,male,1774,percentile,25,32.91,329.1,12.957,
Anthropometric Detailed Data Tables (ANSUR 1988),35,"Gordon CC, Churchill T, Clauser CE et al. (1989). 1988 Anthropometric Survey of U.S. Personnel: Summary Statistics Interim Report. US Army Natick Research, Development and Engineering Center. March 1989.",Upper Arm Length,upper_arm,US Military Personnel,USA,male,1774,percentile,30,33.16,331.6,13.055,
Anthropometric Detailed Data Tables (ANSUR 1988),35,"Gordon CC, Churchill T, Clauser CE et al. (1989). 1988 Anthropometric Survey of U.S. Personnel: Summary Statistics Interim Report. US Army Natick Research, Development and Engineering Center. March 1989.",Upper Arm Length,upper_arm,US Military Personnel,USA,male,1774,percentile,35,33.4,334.0,13.15,
Anthropometric Detailed Data Tables (ANSUR 1988),35,"Gordon CC, Churchill T, Clauser CE et al. (1989). 1988 Anthropometric Survey of U.S. Personnel: Summary Statistics Interim Report. US Army Natick Research, Development and Engineering Center. March 1989.",Upper Arm Length,upper_arm,US Military Personnel,USA,male,1774,percentile,40,33.62,336.2,13.236,
Anthropometric Detailed Data Tables (ANSUR 1988),35,"Gordon CC, Churchill T, Clauser CE et al. (1989). 1988 Anthropometric Survey of U.S. Personnel: Summary Statistics Interim Report. US Army Natick Research, Development and Engineering Center. March 1989.",Upper Arm Length,upper_arm,US Military Personnel,USA,male,1774,percentile,45,33.83,338.3,13.319,
Anthropometric Detailed Data Tables (ANSUR 1988),35,"Gordon CC, Churchill T, Clauser CE et al. (1989). 1988 Anthropometric Survey of U.S. Personnel: Summary Statistics Interim Report. US Army Natick Research, Development and Engineering Center. March 1989.",Upper Arm Length,upper_arm,US Military Personnel,USA,male,1774,percentile,50,34.05,340.5,13.406,
Anthropometric Detailed Data Tables (ANSUR 1988),35,"Gordon CC, Churchill T, Clauser CE et al. (1989). 1988 Anthropometric Survey of U.S. Personnel: Summary Statistics Interim Report. US Army Natick Research, Development and Engineering Center. March 1989.",Upper Arm Length,upper_arm,US Military Personnel,USA,male,1774,percentile,55,34.27,342.7,13.492,
Anthropometric Detailed Data Tables (ANSUR 1988),35,"Gordon CC, Churchill T, Clauser CE et al. (1989). 1988 Anthropometric Survey of U.S. Personnel: Summary Statistics Interim Report. US Army Natick Research, Development and Engineering Center. March 1989.",Upper Arm Length,upper_arm,US Military Personnel,USA,male,1774,percentile,60,34.49,344.9,13.579,
Anthropometric Detailed Data Tables (ANSUR 1988),35,"Gordon CC, Churchill T, Clauser CE et al. (1989). 1988 Anthropometric Survey of U.S. Personnel: Summary Statistics Interim Report. US Army Natick Research, Development and Engineering Center. March 1989.",Upper Arm Length,upper_arm,US Military Personnel,USA,male,1774,percentile,65,34.72,347.2,13.669,
Anthropometric Detailed Data Tables (ANSUR 1988),35,"Gordon CC, Churchill T, Clauser CE et al. (1989). 1988 Anthropometric Survey of U.S. Personnel: Summary Statistics Interim Report. US Army Natick Research, Development and Engineering Center. March 1989.",Upper Arm Length,upper_arm,US Military Personnel,USA,male,1774,percentile,70,34.96,349.6,13.764,
Anthropometric Detailed Data Tables (ANSUR 1988),35,"Gordon CC, Churchill T, Clauser CE et al. (1989). 1988 Anthropometric Survey of U.S. Personnel: Summary Statistics Interim Report. US Army Natick Research, Development and Engineering Center. March 1989.",Upper Arm Length,upper_arm,US Military Personnel,USA,male,1774,percentile,75,35.22,352.2,13.866,
Anthropometric Detailed Data Tables (ANSUR 1988),35,"Gordon CC, Churchill T, Clauser CE et al. (1989). 1988 Anthropometric Survey of U.S. Personnel: Summary Statistics Interim Report. US Army Natick Research, Development and Engineering Center. March 1989.",Upper Arm Length,upper_arm,US Military Personnel,USA,male,1774,percentile,80,35.52,355.2,13.984,
Anthropometric Detailed Data Tables (ANSUR 1988),35,"Gordon CC, Churchill T, Clauser CE et al. (1989). 1988 Anthropometric Survey of U.S. Personnel: Summary Statistics Interim Report. US Army Natick Research, Development and Engineering Center. March 1989.",Upper Arm Length,upper_arm,US Military Personnel,USA,male,1774,percentile,85,35.86,358.6,14.118,
Anthropometric Detailed Data Tables (ANSUR 1988),35,"Gordon CC, Churchill T, Clauser CE et al. (1989). 1988 Anthropometric Survey of U.S. Personnel: Summary Statistics Interim Report. US Army Natick Research, Development and Engineering Center. March 1989.",Upper Arm Length,upper_arm,US Military Personnel,USA,male,1774,percentile,90,36.3,363.0,14.291,
Anthropometric Detailed Data Tables (ANSUR 1988),35,"Gordon CC, Churchill T, Clauser CE et al. (1989). 1988 Anthropometric Survey of U.S. Personnel: Summary Statistics Interim Report. US Army Natick Research, Development and Engineering Center. March 1989.",Upper Arm Length,upper_arm,US Military Personnel,USA,male,1774,percentile,95,36.95,369.5,14.547,
Anthropometric Detailed Data Tables (ANSUR 1988),35,"Gordon CC, Churchill T, Clauser CE et al. (1989). 1988 Anthropometric Survey of U.S. Personnel: Summary Statistics Interim Report. US Army Natick Research, Development and Engineering Center. March 1989.",Upper Arm Length,upper_arm,US Military Personnel,USA,male,1774,percentile,97,37.38,373.8,14.717,
Anthropometric Detailed Data Tables (ANSUR 1988),35,"Gordon CC, Churchill T, Clauser CE et al. (1989). 1988 Anthropometric Survey of U.S. Personnel: Summary Statistics Interim Report. US Army Natick Research, Development and Engineering Center. March 1989.",Upper Arm Length,upper_arm,US Military Personnel,USA,male,1774,percentile,98,37.69,376.9,14.839,
Anthropometric Detailed Data Tables (ANSUR 1988),35,"Gordon CC, Churchill T, Clauser CE et al. (1989). 1988 Anthropometric Survey of U.S. Personnel: Summary Statistics Interim Report. US Army Natick Research, Development and Engineering Center. March 1989.",Upper Arm Length,upper_arm,US Military Personnel,USA,male,1774,percentile,99,38.18,381.8,15.031,
Anthropometric Detailed Data Tables (ANSUR 1988),47,"Gordon CC, Churchill T, Clauser CE et al. (1989). 1988 Anthropometric Survey of U.S. Personnel: Summary Statistics Interim Report. US Army Natick Research, Development and Engineering Center. March 1989.",Wrist-Center of Grip Length,hand,US Military Personnel,USA,female,2208,mean,,6.63,66.3,2.61,
Anthropometric Detailed Data Tables (ANSUR 1988),47,"Gordon CC, Churchill T, Clauser CE et al. (1989). 1988 Anthropometric Survey of U.S. Personnel: Summary Statistics Interim Report. US Army Natick Research, Development and Engineering Center. March 1989.",Wrist-Center of Grip Length,hand,US Military Personnel,USA,female,2208,std_dev,,0.49,4.9,0.193,
Anthropometric Detailed Data Tables (ANSUR 1988),47,"Gordon CC, Churchill T, Clauser CE et al. (1989). 1988 Anthropometric Survey of U.S. Personnel: Summary Statistics Interim Report. US Army Natick Research, Development and Engineering Center. March 1989.",Wrist-Center of Grip Length,hand,US Military Personnel,USA,female,2208,max,,8.3,83.0,3.268,
Anthropometric Detailed Data Tables (ANSUR 1988),47,"Gordon CC, Churchill T, Clauser CE et al. (1989). 1988 Anthropometric Survey of U.S. Personnel: Summary Statistics Interim Report. US Army Natick Research, Development and Engineering Center. March 1989.",Wrist-Center of Grip Length,hand,US Military Personnel,USA,female,2208,min,,5.2,52.0,2.047,
Anthropometric Detailed Data Tables (ANSUR 1988),47,"Gordon CC, Churchill T, Clauser CE et al. (1989). 1988 Anthropometric Survey of U.S. Personnel: Summary Statistics Interim Report. US Army Natick Research, Development and Engineering Center. March 1989.",Wrist-Center of Grip Length,hand,US Military Personnel,USA,female,2208,percentile,1,5.57,55.7,2.193,
Anthropometric Detailed Data Tables (ANSUR 1988),47,"Gordon CC, Churchill T, Clauser CE et al. (1989). 1988 Anthropometric Survey of U.S. Personnel: Summary Statistics Interim Report. US Army Natick Research, Development and Engineering Center. March 1989.",Wrist-Center of Grip Length,hand,US Military Personnel,USA,female,2208,percentile,2,5.69,56.9,2.24,
Anthropometric Detailed Data Tables (ANSUR 1988),47,"Gordon CC, Churchill T, Clauser CE et al. (1989). 1988 Anthropometric Survey of U.S. Personnel: Summary Statistics Interim Report. US Army Natick Research, Development and Engineering Center. March 1989.",Wrist-Center of Grip Length,hand,US Military Personnel,USA,female,2208,percentile,3,5.77,57.7,2.272,
Anthropometric Detailed Data Tables (ANSUR 1988),47,"Gordon CC, Churchill T, Clauser CE et al. (1989). 1988 Anthropometric Survey of U.S. Personnel: Summary Statistics Interim Report. US Army Natick Research, Development and Engineering Center. March 1989.",Wrist-Center of Grip Length,hand,US Military Personnel,USA,female,2208,percentile,5,5.87,58.7,2.311,
Anthropometric Detailed Data Tables (ANSUR 1988),47,"Gordon CC, Churchill T, Clauser CE et al. (1989). 1988 Anthropometric Survey of U.S. Personnel: Summary Statistics Interim Report. US Army Natick Research, Development and Engineering Center. March 1989.",Wrist-Center of Grip Length,hand,US Military Personnel,USA,female,2208,percentile,10,6.02,60.2,2.37,
Anthropometric Detailed Data Tables (ANSUR 1988),47,"Gordon CC, Churchill T, Clauser CE et al. (1989). 1988 Anthropometric Survey of U.S. Personnel: Summary Statistics Interim Report. US Army Natick Research, Development and Engineering Center. March 1989.",Wrist-Center of Grip Length,hand,US Military Personnel,USA,female,2208,percentile,15,6.12,61.2,2.409,
Anthropometric Detailed Data Tables (ANSUR 1988),47,"Gordon CC, Churchill T, Clauser CE et al. (1989). 1988 Anthropometric Survey of U.S. Personnel: Summary Statistics Interim Report. US Army Natick Research, Development and Engineering Center. March 1989.",Wrist-Center of Grip Length,hand,US Military Personnel,USA,female,2208,percentile,20,6.21,62.1,2.445,
Anthropometric Detailed Data Tables (ANSUR 1988),47,"Gordon CC, Churchill T, Clauser CE et al. (1989). 1988 Anthropometric Survey of U.S. Personnel: Summary Statistics Interim Report. US Army Natick Research, Development and Engineering Center. March 1989.",Wrist-Center of Grip Length,hand,US Military Personnel,USA,female,2208,percentile,25,6.28,62.8,2.472,
Anthropometric Detailed Data Tables (ANSUR 1988),47,"Gordon CC, Churchill T, Clauser CE et al. (1989). 1988 Anthropometric Survey of U.S. Personnel: Summary Statistics Interim Report. US Army Natick Research, Development and Engineering Center. March 1989.",Wrist-Center of Grip Length,hand,US Military Personnel,USA,female,2208,percentile,30,6.35,63.5,2.5,
Anthropometric Detailed Data Tables (ANSUR 1988),47,"Gordon CC, Churchill T, Clauser CE et al. (1989). 1988 Anthropometric Survey of U.S. Personnel: Summary Statistics Interim Report. US Army Natick Research, Development and Engineering Center. March 1989.",Wrist-Center of Grip Length,hand,US Military Personnel,USA,female,2208,percentile,35,6.41,64.1,2.524,
Anthropometric Detailed Data Tables (ANSUR 1988),47,"Gordon CC, Churchill T, Clauser CE et al. (1989). 1988 Anthropometric Survey of U.S. Personnel: Summary Statistics Interim Report. US Army Natick Research, Development and Engineering Center. March 1989.",Wrist-Center of Grip Length,hand,US Military Personnel,USA,female,2208,percentile,40,6.47,64.7,2.547,
Anthropometric Detailed Data Tables (ANSUR 1988),47,"Gordon CC, Churchill T, Clauser CE et al. (1989). 1988 Anthropometric Survey of U.S. Personnel: Summary Statistics Interim Report. US Army Natick Research, Development and Engineering Center. March 1989.",Wrist-Center of Grip Length,hand,US Military Personnel,USA,female,2208,percentile,45,6.54,65.4,2.575,
Anthropometric Detailed Data Tables (ANSUR 1988),47,"Gordon CC, Churchill T, Clauser CE et al. (1989). 1988 Anthropometric Survey of U.S. Personnel: Summary Statistics Interim Report. US Army Natick Research, Development and Engineering Center. March 1989.",Wrist-Center of Grip Length,hand,US Military Personnel,USA,female,2208,percentile,50,6.6,66.0,2.598,
Anthropometric Detailed Data Tables (ANSUR 1988),47,"Gordon CC, Churchill T, Clauser CE et al. (1989). 1988 Anthropometric Survey of U.S. Personnel: Summary Statistics Interim Report. US Army Natick Research, Development and Engineering Center. March 1989.",Wrist-Center of Grip Length,hand,US Military Personnel,USA,female,2208,percentile,55,6.66,66.6,2.622,
Anthropometric Detailed Data Tables (ANSUR 1988),47,"Gordon CC, Churchill T, Clauser CE et al. (1989). 1988 Anthropometric Survey of U.S. Personnel: Summary Statistics Interim Report. US Army Natick Research, Development and Engineering Center. March 1989.",Wrist-Center of Grip Length,hand,US Military Personnel,USA,female,2208,percentile,60,6.73,67.3,2.65,
Anthropometric Detailed Data Tables (ANSUR 1988),47,"Gordon CC, Churchill T, Clauser CE et al. (1989). 1988 Anthropometric Survey of U.S. Personnel: Summary Statistics Interim Report. US Army Natick Research, Development and Engineering Center. March 1989.",Wrist-Center of Grip Length,hand,US Military Personnel,USA,female,2208,percentile,65,6.8,68.0,2.677,
Anthropometric Detailed Data Tables (ANSUR 1988),47,"Gordon CC, Churchill T, Clauser CE et al. (1989). 1988 Anthropometric Survey of U.S. Personnel: Summary Statistics Interim Report. US Army Natick Research, Development and Engineering Center. March 1989.",Wrist-Center of Grip Length,hand,US Military Personnel,USA,female,2208,percentile,70,6.87,68.7,2.705,
Anthropometric Detailed Data Tables (ANSUR 1988),47,"Gordon CC, Churchill T, Clauser CE et al. (1989). 1988 Anthropometric Survey of U.S. Personnel: Summary Statistics Interim Report. US Army Natick Research, Development and Engineering Center. March 1989.",Wrist-Center of Grip Length,hand,US Military Personnel,USA,female,2208,percentile,75,6.95,69.5,2.736,
Anthropometric Detailed Data Tables (ANSUR 1988),47,"Gordon CC, Churchill T, Clauser CE et al. (1989). 1988 Anthropometric Survey of U.S. Personnel: Summary Statistics Interim Report. US Army Natick Research, Development and Engineering Center. March 1989.",Wrist-Center of Grip Length,hand,US Military Personnel,USA,female,2208,percentile,80,7.04,70.4,2.772,
Anthropometric Detailed Data Tables (ANSUR 1988),47,"Gordon CC, Churchill T, Clauser CE et al. (1989). 1988 Anthropometric Survey of U.S. Personnel: Summary Statistics Interim Report. US Army Natick Research, Development and Engineering Center. March 1989.",Wrist-Center of Grip Length,hand,US Military Personnel,USA,female,2208,percentile,85,7.15,71.5,2.815,
Anthropometric Detailed Data Tables (ANSUR 1988),47,"Gordon CC, Churchill T, Clauser CE et al. (1989). 1988 Anthropometric Survey of U.S. Personnel: Summary Statistics Interim Report. US Army Natick Research, Development and Engineering Center. March 1989.",Wrist-Center of Grip Length,hand,US Military Personnel,USA,female,2208,percentile,90,7.29,72.9,2.87,
Anthropometric Detailed Data Tables (ANSUR 1988),47,"Gordon CC, Churchill T, Clauser CE et al. (1989). 1988 Anthropometric Survey of U.S. Personnel: Summary Statistics Interim Report. US Army Natick Research, Development and Engineering Center. March 1989.",Wrist-Center of Grip Length,hand,US Military Personnel,USA,female,2208,percentile,95,7.49,74.9,2.949,
Anthropometric Detailed Data Tables (ANSUR 1988),47,"Gordon CC, Churchill T, Clauser CE et al. (1989). 1988 Anthropometric Survey of U.S. Personnel: Summary Statistics Interim Report. US Army Natick Research, Development and Engineering Center. March 1989.",Wrist-Center of Grip Length,hand,US Military Personnel,USA,female,2208,percentile,97,7.62,76.2,3.0,
Anthropometric Detailed Data Tables (ANSUR 1988),47,"Gordon CC, Churchill T, Clauser CE et al. (1989). 1988 Anthropometric Survey of U.S. Personnel: Summary Statistics Interim Report. US Army Natick Research, Development and Engineering Center. March 1989.",Wrist-Center of Grip Length,hand,US Military Personnel,USA,female,2208,percentile,98,7.71,77.1,3.035,
Anthropometric Detailed Data Tables (ANSUR 1988),47,"Gordon CC, Churchill T, Clauser CE et al. (1989). 1988 Anthropometric Survey of U.S. Personnel: Summary Statistics Interim Report. US Army Natick Research, Development and Engineering Center. March 1989.",Wrist-Center of Grip Length,hand,US Military Personnel,USA,female,2208,percentile,99,7.85,78.5,3.091,
Anthropometric Detailed Data Tables (ANSUR 1988),47,"Gordon CC, Churchill T, Clauser CE et al. (1989). 1988 Anthropometric Survey of U.S. Personnel: Summary Statistics Interim Report. US Army Natick Research, Development and Engineering Center. March 1989.",Wrist-Center of Grip Length,hand,US Military Personnel,USA,male,1774,mean,,6.97,69.7,2.744,
Anthropometric Detailed Data Tables (ANSUR 1988),47,"Gordon CC, Churchill T, Clauser CE et al. (1989). 1988 Anthropometric Survey of U.S. Personnel: Summary Statistics Interim Report. US Army Natick Research, Development and Engineering Center. March 1989.",Wrist-Center of Grip Length,hand,US Military Personnel,USA,male,1774,std_dev,,0.49,4.9,0.193,
Anthropometric Detailed Data Tables (ANSUR 1988),47,"Gordon CC, Churchill T, Clauser CE et al. (1989). 1988 Anthropometric Survey of U.S. Personnel: Summary Statistics Interim Report. US Army Natick Research, Development and Engineering Center. March 1989.",Wrist-Center of Grip Length,hand,US Military Personnel,USA,male,1774,max,,8.7,87.0,3.425,
Anthropometric Detailed Data Tables (ANSUR 1988),47,"Gordon CC, Churchill T, Clauser CE et al. (1989). 1988 Anthropometric Survey of U.S. Personnel: Summary Statistics Interim Report. US Army Natick Research, Development and Engineering Center. March 1989.",Wrist-Center of Grip Length,hand,US Military Personnel,USA,male,1774,min,,5.7,57.0,2.244,
Anthropometric Detailed Data Tables (ANSUR 1988),47,"Gordon CC, Churchill T, Clauser CE et al. (1989). 1988 Anthropometric Survey of U.S. Personnel: Summary Statistics Interim Report. US Army Natick Research, Development and Engineering Center. March 1989.",Wrist-Center of Grip Length,hand,US Military Personnel,USA,male,1774,percentile,1,5.99,59.9,2.358,
Anthropometric Detailed Data Tables (ANSUR 1988),47,"Gordon CC, Churchill T, Clauser CE et al. (1989). 1988 Anthropometric Survey of U.S. Personnel: Summary Statistics Interim Report. US Army Natick Research, Development and Engineering Center. March 1989.",Wrist-Center of Grip Length,hand,US Military Personnel,USA,male,1774,percentile,2,6.08,60.8,2.394,
Anthropometric Detailed Data Tables (ANSUR 1988),47,"Gordon CC, Churchill T, Clauser CE et al. (1989). 1988 Anthropometric Survey of U.S. Personnel: Summary Statistics Interim Report. US Army Natick Research, Development and Engineering Center. March 1989.",Wrist-Center of Grip Length,hand,US Military Personnel,USA,male,1774,percentile,3,6.15,61.5,2.421,
Anthropometric Detailed Data Tables (ANSUR 1988),47,"Gordon CC, Churchill T, Clauser CE et al. (1989). 1988 Anthropometric Survey of U.S. Personnel: Summary Statistics Interim Report. US Army Natick Research, Development and Engineering Center. March 1989.",Wrist-Center of Grip Length,hand,US Military Personnel,USA,male,1774,percentile,5,6.23,62.3,2.453,
Anthropometric Detailed Data Tables (ANSUR 1988),47,"Gordon CC, Churchill T, Clauser CE et al. (1989). 1988 Anthropometric Survey of U.S. Personnel: Summary Statistics Interim Report. US Army Natick Research, Development and Engineering Center. March 1989.",Wrist-Center of Grip Length,hand,US Military Personnel,USA,male,1774,percentile,10,6.37,63.7,2.508,
Anthropometric Detailed Data Tables (ANSUR 1988),47,"Gordon CC, Churchill T, Clauser CE et al. (1989). 1988 Anthropometric Survey of U.S. Personnel: Summary Statistics Interim Report. US Army Natick Research, Development and Engineering Center. March 1989.",Wrist-Center of Grip Length,hand,US Military Personnel,USA,male,1774,percentile,15,6.47,64.7,2.547,
Anthropometric Detailed Data Tables (ANSUR 1988),47,"Gordon CC, Churchill T, Clauser CE et al. (1989). 1988 Anthropometric Survey of U.S. Personnel: Summary Statistics Interim Report. US Army Natick Research, Development and Engineering Center. March 1989.",Wrist-Center of Grip Length,hand,US Military Personnel,USA,male,1774,percentile,20,6.55,65.5,2.579,
Anthropometric Detailed Data Tables (ANSUR 1988),47,"Gordon CC, Churchill T, Clauser CE et al. (1989). 1988 Anthropometric Survey of U.S. Personnel: Summary Statistics Interim Report. US Army Natick Research, Development and Engineering Center. March 1989.",Wrist-Center of Grip Length,hand,US Military Personnel,USA,male,1774,percentile,25,6.62,66.2,2.606,
Anthropometric Detailed Data Tables (ANSUR 1988),47,"Gordon CC, Churchill T, Clauser CE et al. (1989). 1988 Anthropometric Survey of U.S. Personnel: Summary Statistics Interim Report. US Army Natick Research, Development and Engineering Center. March 1989.",Wrist-Center of Grip Length,hand,US Military Personnel,USA,male,1774,percentile,30,6.69,66.9,2.634,
Anthropometric Detailed Data Tables (ANSUR 1988),47,"Gordon CC, Churchill T, Clauser CE et al. (1989). 1988 Anthropometric Survey of U.S. Personnel: Summary Statistics Interim Report. US Army Natick Research, Development and Engineering Center. March 1989.",Wrist-Center of Grip Length,hand,US Military Personnel,USA,male,1774,percentile,35,6.75,67.5,2.657,
Anthropometric Detailed Data Tables (ANSUR 1988),47,"Gordon CC, Churchill T, Clauser CE et al. (1989). 1988 Anthropometric Survey of U.S. Personnel: Summary Statistics Interim Report. US Army Natick Research, Development and Engineering Center. March 1989.",Wrist-Center of Grip Length,hand,US Military Personnel,USA,male,1774,percentile,40,6.82,68.2,2.685,
Anthropometric Detailed Data Tables (ANSUR 1988),47,"Gordon CC, Churchill T, Clauser CE et al. (1989). 1988 Anthropometric Survey of U.S. Personnel: Summary Statistics Interim Report. US Army Natick Research, Development and Engineering Center. March 1989.",Wrist-Center of Grip Length,hand,US Military Personnel,USA,male,1774,percentile,45,6.88,68.8,2.709,
Anthropometric Detailed Data Tables (ANSUR 1988),47,"Gordon CC, Churchill T, Clauser CE et al. (1989). 1988 Anthropometric Survey of U.S. Personnel: Summary Statistics Interim Report. US Army Natick Research, Development and Engineering Center. March 1989.",Wrist-Center of Grip Length,hand,US Military Personnel,USA,male,1774,percentile,50,6.94,69.4,2.732,
Anthropometric Detailed Data Tables (ANSUR 1988),47,"Gordon CC, Churchill T, Clauser CE et al. (1989). 1988 Anthropometric Survey of U.S. Personnel: Summary Statistics Interim Report. US Army Natick Research, Development and Engineering Center. March 1989.",Wrist-Center of Grip Length,hand,US Military Personnel,USA,male,1774,percentile,55,7.01,70.1,2.76,
Anthropometric Detailed Data Tables (ANSUR 1988),47,"Gordon CC, Churchill T, Clauser CE et al. (1989). 1988 Anthropometric Survey of U.S. Personnel: Summary Statistics Interim Report. US Army Natick Research, Development and Engineering Center. March 1989.",Wrist-Center of Grip Length,hand,US Military Personnel,USA,male,1774,percentile,60,7.07,70.7,2.783,
Anthropometric Detailed Data Tables (ANSUR 1988),47,"Gordon CC, Churchill T, Clauser CE et al. (1989). 1988 Anthropometric Survey of U.S. Personnel: Summary Statistics Interim Report. US Army Natick Research, Development and Engineering Center. March 1989.",Wrist-Center of Grip Length,hand,US Military Personnel,USA,male,1774,percentile,65,7.14,71.4,2.811,
Anthropometric Detailed Data Tables (ANSUR 1988),47,"Gordon CC, Churchill T, Clauser CE et al. (1989). 1988 Anthropometric Survey of U.S. Personnel: Summary Statistics Interim Report. US Army Natick Research, Development and Engineering Center. March 1989.",Wrist-Center of Grip Length,hand,US Military Personnel,USA,male,1774,percentile,70,7.22,72.2,2.843,
Anthropometric Detailed Data Tables (ANSUR 1988),47,"Gordon CC, Churchill T, Clauser CE et al. (1989). 1988 Anthropometric Survey of U.S. Personnel: Summary Statistics Interim Report. US Army Natick Research, Development and Engineering Center. March 1989.",Wrist-Center of Grip Length,hand,US Military Personnel,USA,male,1774,percentile,75,7.3,73.0,2.874,
Anthropometric Detailed Data Tables (ANSUR 1988),47,"Gordon CC, Churchill T, Clauser CE et al. (1989). 1988 Anthropometric Survey of U.S. Personnel: Summary Statistics Interim Report. US Army Natick Research, Development and Engineering Center. March 1989.",Wrist-Center of Grip Length,hand,US Military Personnel,USA,male,1774,percentile,80,7.39,73.9,2.909,
Anthropometric Detailed Data Tables (ANSUR 1988),47,"Gordon CC, Churchill T, Clauser CE et al. (1989). 1988 Anthropometric Survey of U.S. Personnel: Summary Statistics Interim Report. US Army Natick Research, Development and Engineering Center. March 1989.",Wrist-Center of Grip Length,hand,US Military Personnel,USA,male,1774,percentile,85,7.5,75.0,2.953,
Anthropometric Detailed Data Tables (ANSUR 1988),47,"Gordon CC, Churchill T, Clauser CE et al. (1989). 1988 Anthropometric Survey of U.S. Personnel: Summary Statistics Interim Report. US Army Natick Research, Development and Engineering Center. March 1989.",Wrist-Center of Grip Length,hand,US Military Personnel,USA,male,1774,percentile,90,7.63,76.3,3.004,
Anthropometric Detailed Data Tables (ANSUR 1988),47,"Gordon CC, Churchill T, Clauser CE et al. (1989). 1988 Anthropometric Survey of U.S. Personnel: Summary Statistics Interim Report. US Army Natick Research, Development and Engineering Center. March 1989.",Wrist-Center of Grip Length,hand,US Military Personnel,USA,male,1774,percentile,95,7.83,78.3,3.083,
Anthropometric Detailed Data Tables (ANSUR 1988),47,"Gordon CC, Churchill T, Clauser CE et al. (1989). 1988 Anthropometric Survey of U.S. Personnel: Summary Statistics Interim Report. US Army Natick Research, Development and Engineering Center. March 1989.",Wrist-Center of Grip Length,hand,US Military Personnel,USA,male,1774,percentile,97,7.95,79.5,3.13,
Anthropometric Detailed Data Tables (ANSUR 1988),47,"Gordon CC, Churchill T, Clauser CE et al. (1989). 1988 Anthropometric Survey of U.S. Personnel: Summary Statistics Interim Report. US Army Natick Research, Development and Engineering Center. March 1989.",Wrist-Center of Grip Length,hand,US Military Personnel,USA,male,1774,percentile,98,8.04,80.4,3.165,
Anthropometric Detailed Data Tables (ANSUR 1988),47,"Gordon CC, Churchill T, Clauser CE et al. (1989). 1988 Anthropometric Survey of U.S. Personnel: Summary Statistics Interim Report. US Army Natick Research, Development and Engineering Center. March 1989.",Wrist-Center of Grip Length,hand,US Military Personnel,USA,male,1774,percentile,99,8.16,81.6,3.213,
