ISO-10303-21;
HEADER;
FILE_DESCRIPTION (( 'STEP AP214' ),
    '1' );
FILE_NAME ('Grip 7 RH60.STEP',
    '2025-04-24T01:00:21',
    ( '' ),
    ( '' ),
    'SwSTEP 2.0',
    'SolidWorks 2023',
    '' );
FILE_SCHEMA (( 'AUTOMOTIVE_DESIGN' ));
ENDSEC;

DATA;
#1 = CARTESIAN_POINT ( 'NONE',  ( 7.450725697290109473, 3.453336947395524437, 2.012454716098382779 ) ) ;
#2 = CARTESIAN_POINT ( 'NONE',  ( 8.955945148633327690, 3.831585256888398128, 3.194149281240108440 ) ) ;
#3 = CARTESIAN_POINT ( 'NONE',  ( -0.5818872928000130562, -4.747699029652801883, 4.894350842272141122 ) ) ;
#4 = CARTESIAN_POINT ( 'NONE',  ( 7.755316999158802460, 0.04137357062591884294, 1.803306690046831973 ) ) ;
#5 = B_SPLINE_CURVE_WITH_KNOTS ( 'NONE', 1,
 ( #3358, #2162 ),
 .UNSPECIFIED., .F., .F.,
 ( 2, 2 ),
 ( 0.000000000000000000, 1.000000000000000000 ),
 .UNSPECIFIED. ) ;
#6 = ORIENTED_EDGE ( 'NONE', *, *, #3642, .F. ) ;
#7 = CARTESIAN_POINT ( 'NONE',  ( 2.743789133539379144, 4.157165186512216337, 2.005787951965158467 ) ) ;
#8 = CARTESIAN_POINT ( 'NONE',  ( 6.618488114988739568, -11.19587099768098959, 2.221617297726899309 ) ) ;
#9 = CARTESIAN_POINT ( 'NONE',  ( 1.999991338171477340, 1.520757969701451051, 1.955522308641797880 ) ) ;
#10 = DIRECTION ( 'NONE',  ( -1.000000000000000000, 1.856154119295185810E-16, 0.000000000000000000 ) ) ;
#11 = CARTESIAN_POINT ( 'NONE',  ( 2.854016276960618548, 2.114946644424020583, 1.495773778288165934 ) ) ;
#12 = CARTESIAN_POINT ( 'NONE',  ( 2.206185842669053265, 3.007145315880773495, 1.958972499235996478 ) ) ;
#13 = ORIENTED_EDGE ( 'NONE', *, *, #1664, .F. ) ;
#14 = CARTESIAN_POINT ( 'NONE',  ( 4.298088853267406861, 6.294276823177319180, 2.701255794311975489 ) ) ;
#15 = B_SPLINE_CURVE_WITH_KNOTS ( 'NONE', 3,
 ( #3593, #2400, #4041, #5189 ),
 .UNSPECIFIED., .F., .F.,
 ( 4, 4 ),
 ( 0.000000000000000000, 0.0008072951347739335242 ),
 .UNSPECIFIED. ) ;
#16 = CARTESIAN_POINT ( 'NONE',  ( 2.625339325234902432, -3.865903248256752356, 1.896094160125887829 ) ) ;
#17 = CARTESIAN_POINT ( 'NONE',  ( 4.170444805332044425, 5.190965779632149335, 1.998439776564818748 ) ) ;
#18 = ORIENTED_EDGE ( 'NONE', *, *, #2793, .F. ) ;
#19 = CARTESIAN_POINT ( 'NONE',  ( 7.352513764556984910, 3.475511143031933869, 1.964419272910613135 ) ) ;
#20 = CARTESIAN_POINT ( 'NONE',  ( 2.145629481111496428, 0.7934060575918081559, 1.812769317895297494 ) ) ;
#21 = CARTESIAN_POINT ( 'NONE',  ( 2.099949998749937041, -8.000050001250148313, 2.854812367349647495 ) ) ;
#22 = CARTESIAN_POINT ( 'NONE',  ( 8.156330573280898832, 3.763858647948148395, 2.526025388312529429 ) ) ;
#23 = CARTESIAN_POINT ( 'NONE',  ( 1.907837805275994114, 4.096733233975608179, 2.468462313022191434 ) ) ;
#24 = CARTESIAN_POINT ( 'NONE',  ( 7.457093285555708384, -8.634272735376258723, 2.580436379489839283 ) ) ;
#25 = ADVANCED_FACE ( 'NONE', ( #454 ), #2233, .T. ) ;
#26 = CARTESIAN_POINT ( 'NONE',  ( 8.999949998749936952, 0.05947479853931836313, 2.594264078506899107 ) ) ;
#27 = ORIENTED_EDGE ( 'NONE', *, *, #461, .T. ) ;
#28 = CARTESIAN_POINT ( 'NONE',  ( 4.515598351102688035, -12.58283456045516857, 1.525947248628364505 ) ) ;
#29 = CARTESIAN_POINT ( 'NONE',  ( 8.959137415447921526, 0.06135829637532452807, 2.564354337544910489 ) ) ;
#30 = CARTESIAN_POINT ( 'NONE',  ( 7.912797570341346010, 4.478264289993858505, 2.617039952890817922 ) ) ;
#31 = CARTESIAN_POINT ( 'NONE',  ( 9.487399382142772453, 3.748338922399868878, 3.735956812291885587 ) ) ;
#32 = CARTESIAN_POINT ( 'NONE',  ( -0.04731984594537677613, -12.26283185202978210, 4.809173978272990091 ) ) ;
#33 = CARTESIAN_POINT ( 'NONE',  ( 2.140400988053965836, -2.463771357063965439, 1.988075878211298164 ) ) ;
#34 = CARTESIAN_POINT ( 'NONE',  ( 7.912797570267217750, 4.478264289975165013, 2.617039953100451122 ) ) ;
#35 = CARTESIAN_POINT ( 'NONE',  ( 2.004042248611008326, 0.07759925288292332524, 1.893492873544407429 ) ) ;
#36 = CARTESIAN_POINT ( 'NONE',  ( 1.999949998749939617, -0.8793720564002904805, 2.000000000000000444 ) ) ;
#37 = CARTESIAN_POINT ( 'NONE',  ( 7.034668893870557937, 0.4287369653966366378, 1.467400731205696029 ) ) ;
#38 = CARTESIAN_POINT ( 'NONE',  ( 8.637171036965479942, 3.502624330809226194, 2.807822986527475084 ) ) ;
#39 = CARTESIAN_POINT ( 'NONE',  ( 2.068138725813226220, 0.9308798850353461329, 1.856140461182316015 ) ) ;
#40 = ORIENTED_EDGE ( 'NONE', *, *, #1374, .T. ) ;
#41 = CARTESIAN_POINT ( 'NONE',  ( 7.195052170018284343, 5.802045010511486467, 2.906760278095314121 ) ) ;
#42 = CARTESIAN_POINT ( 'NONE',  ( 3.244359630756801227, -4.086340671091869936, 1.686788357767925017 ) ) ;
#43 = CARTESIAN_POINT ( 'NONE',  ( 8.957702800370386242, -8.014368785700915154, 3.296969167053142691 ) ) ;
#44 = CARTESIAN_POINT ( 'NONE',  ( 2.063540940679549518, 2.362473067809484295, 1.938278128038614767 ) ) ;
#45 = CARTESIAN_POINT ( 'NONE',  ( 9.502189812228399646, 0.7709676561753753266, 3.083449236834037599 ) ) ;
#46 = CARTESIAN_POINT ( 'NONE',  ( 7.718859453990829067, 3.944989935026566030, 2.307390870580312559 ) ) ;
#47 = B_SPLINE_CURVE_WITH_KNOTS ( 'NONE', 3,
 ( #1659, #113, #3331, #3698 ),
 .UNSPECIFIED., .F., .F.,
 ( 4, 4 ),
 ( 0.000000000000000000, 0.2792079101855065582 ),
 .UNSPECIFIED. ) ;
#48 = CARTESIAN_POINT ( 'NONE',  ( 7.546090359591658192, 3.430697096805847224, 2.061252406864192199 ) ) ;
#49 = CARTESIAN_POINT ( 'NONE',  ( 8.427821799448144802, 0.1097152283450197885, 2.195599162577853924 ) ) ;
#50 = FACE_OUTER_BOUND ( 'NONE', #4865, .T. ) ;
#51 = CARTESIAN_POINT ( 'NONE',  ( 10.28051359853875546, 3.557258546216468531, 6.918196348872998058 ) ) ;
#52 = CARTESIAN_POINT ( 'NONE',  ( 1.633917548104563799, 4.195822215839195124, 2.680446816223561068 ) ) ;
#53 = CARTESIAN_POINT ( 'NONE',  ( 2.567677472081575818, -8.525700914906217065, 2.639059513569217419 ) ) ;
#54 = DIRECTION ( 'NONE',  ( -1.000000000000000000, -4.963787317687928228E-13, 2.478176394252585085E-16 ) ) ;
#55 = CARTESIAN_POINT ( 'NONE',  ( 8.478328119340298841, 3.767169678281528711, 2.767062290310195571 ) ) ;
#56 = ORIENTED_EDGE ( 'NONE', *, *, #3950, .T. ) ;
#57 = CARTESIAN_POINT ( 'NONE',  ( 10.46654251708711136, -13.64129215478745927, 4.730446528704355558 ) ) ;
#58 = CARTESIAN_POINT ( 'NONE',  ( 4.622464488849272968, -11.26005912411370780, 2.030876432152877165 ) ) ;
#59 = CARTESIAN_POINT ( 'NONE',  ( 9.321444398305667178, 0.6858119701903808707, 2.903426341050071358 ) ) ;
#60 = CARTESIAN_POINT ( 'NONE',  ( 1.115395434811171427, -12.38487863517093146, 3.787427318025909262 ) ) ;
#61 = CARTESIAN_POINT ( 'NONE',  ( 4.748079098901348161, 0.04963216109113433028, 1.050353010585342473 ) ) ;
#62 = CARTESIAN_POINT ( 'NONE',  ( 4.289545496657089174, -11.29980801634281029, 2.022110239764877360 ) ) ;
#63 = CARTESIAN_POINT ( 'NONE',  ( 2.500207442570380412, 3.815165774553821443, 2.005795448853310514 ) ) ;
#64 = EDGE_CURVE ( 'NONE', #2707, #3177, #3544, .T. ) ;
#65 = CARTESIAN_POINT ( 'NONE',  ( 2.004692167282606796, 1.040178130464808115, 1.888328015830695650 ) ) ;
#66 = CARTESIAN_POINT ( 'NONE',  ( 7.670177170481671247, 2.072847459828639494, 1.889614652173247977 ) ) ;
#67 = CARTESIAN_POINT ( 'NONE',  ( 9.566662602357983047, 0.4540973099034784077, 3.108951815132110053 ) ) ;
#68 = CARTESIAN_POINT ( 'NONE',  ( 2.016168844304649266, -1.066501550372606077, 1.937157577600599812 ) ) ;
#69 = CARTESIAN_POINT ( 'NONE',  ( 7.258525836132876385, 0.7124839848705044609, 1.584310297610060481 ) ) ;
#70 = CIRCLE ( 'NONE', #838, 2.999999999999995559 ) ;
#71 = ORIENTED_EDGE ( 'NONE', *, *, #4054, .F. ) ;
#72 = CARTESIAN_POINT ( 'NONE',  ( 8.405491799399378294, -11.24429137010518609, 3.411194657604590397 ) ) ;
#73 = CARTESIAN_POINT ( 'NONE',  ( 7.200486027426893365, 5.903019013695081973, 2.984103153206260739 ) ) ;
#74 = CARTESIAN_POINT ( 'NONE',  ( 5.594583096641494002, -3.985555054654560614, 1.371608069223497095 ) ) ;
#75 = CARTESIAN_POINT ( 'NONE',  ( 7.152279455185464485, 5.067019205495480350, 2.416223181686233179 ) ) ;
#76 = B_SPLINE_CURVE_WITH_KNOTS ( 'NONE', 3,
 ( #1901, #1461, #3969, #3068, #4358, #2356 ),
 .UNSPECIFIED., .F., .F.,
 ( 4, 2, 4 ),
 ( 0.4960412572895219196, 0.5908652983419364624, 0.6856893393943509496 ),
 .UNSPECIFIED. ) ;
#77 = CARTESIAN_POINT ( 'NONE',  ( 3.960395728179858743, 0.7341287348354708087, 1.112041866286641145 ) ) ;
#78 = CARTESIAN_POINT ( 'NONE',  ( 7.578482780201831304, 3.681743723569774751, 2.147468530446010160 ) ) ;
#79 = CARTESIAN_POINT ( 'NONE',  ( 1.999949998749938285, -2.848130652666226226, 2.153379519173054035 ) ) ;
#80 = CARTESIAN_POINT ( 'NONE',  ( 3.212217722962419142, -0.05002859504690815307, 1.356995005379339592 ) ) ;
#81 = CARTESIAN_POINT ( 'NONE',  ( 4.290679524312645654, -11.28450808739673583, 3.140872896634617106 ) ) ;
#82 = CARTESIAN_POINT ( 'NONE',  ( 10.48406733511520983, 3.582672863363944860, 5.276543916895056086 ) ) ;
#83 = CARTESIAN_POINT ( 'NONE',  ( 2.217433353036878607, 4.149150153206770497, 2.294034506064805523 ) ) ;
#84 = CARTESIAN_POINT ( 'NONE',  ( 2.364000841565010003, -8.506894535902292276, 2.716243209707909223 ) ) ;
#85 = CARTESIAN_POINT ( 'NONE',  ( 9.664263101055729166, -11.23379263760579327, 3.998456734043181360 ) ) ;
#86 = CARTESIAN_POINT ( 'NONE',  ( 7.763971755649620832, 5.446573439474383882, 3.026158853577147756 ) ) ;
#87 = ORIENTED_EDGE ( 'NONE', *, *, #2241, .T. ) ;
#88 = CARTESIAN_POINT ( 'NONE',  ( 7.847873077242103257, -13.11996810264465196, 2.076565854527625099 ) ) ;
#89 = CARTESIAN_POINT ( 'NONE',  ( 8.029729802737206157, 3.797167409194806886, 2.459180196979849686 ) ) ;
#90 = CARTESIAN_POINT ( 'NONE',  ( 9.301514338140821181, 3.342102051339779223, 3.382362371276863566 ) ) ;
#91 = CARTESIAN_POINT ( 'NONE',  ( 1.106222403705836577, -3.920612634055436807, 2.699973380384713462 ) ) ;
#92 = ORIENTED_EDGE ( 'NONE', *, *, #98, .T. ) ;
#93 = CARTESIAN_POINT ( 'NONE',  ( 7.507118467953457497, 4.815308873510476317, 2.508610680815374749 ) ) ;
#94 = CARTESIAN_POINT ( 'NONE',  ( 8.919589101327783709, -8.515619612777259206, 3.356417907223992358 ) ) ;
#95 = CARTESIAN_POINT ( 'NONE',  ( 8.959137552961751183, 0.06141817115365433288, 2.564358209254032239 ) ) ;
#96 = CARTESIAN_POINT ( 'NONE',  ( 2.147176525095160660, -3.712623348078175844, 2.104883935908334003 ) ) ;
#97 = CARTESIAN_POINT ( 'NONE',  ( 2.491744228286574270, 0.9129073140183019408, 1.632247624654760587 ) ) ;
#98 = EDGE_CURVE ( 'NONE', #4260, #4035, #2541, .T. ) ;
#99 = VERTEX_POINT ( 'NONE', #4585 ) ;
#100 = CARTESIAN_POINT ( 'NONE',  ( 8.582878618354412126, -4.328149353978794522, 2.390557726670933469 ) ) ;
#101 = CARTESIAN_POINT ( 'NONE',  ( 6.699431980765516492, 3.911464771704564747, 1.762849186831663806 ) ) ;
#102 = CARTESIAN_POINT ( 'NONE',  ( 6.619656658939403471, -11.31611046437906687, 3.413194444444445974 ) ) ;
#103 = CARTESIAN_POINT ( 'NONE',  ( 7.571262527720789670, 3.839670000108236003, 2.189851063819805432 ) ) ;
#104 = CARTESIAN_POINT ( 'NONE',  ( 6.298483369952936783, 0.3009343955772403323, 1.212674059022187167 ) ) ;
#105 = CARTESIAN_POINT ( 'NONE',  ( 2.091829912788091494, 6.341156987338392170, 3.751619396916733518 ) ) ;
#106 = CARTESIAN_POINT ( 'NONE',  ( 2.005926186691675994, -0.6676523520393884414, 1.922881057000936922 ) ) ;
#107 = CARTESIAN_POINT ( 'NONE',  ( 7.716534701895694681, 0.8087651555216957000, 1.819454776797106099 ) ) ;
#108 = CARTESIAN_POINT ( 'NONE',  ( 10.31701983600123285, 3.541941462514686112, 6.860708429523642238 ) ) ;
#109 = CARTESIAN_POINT ( 'NONE',  ( 6.199861548142004963, 4.003533175966744295, 1.606565495027195700 ) ) ;
#110 = CARTESIAN_POINT ( 'NONE',  ( 3.464300723562454110, -8.596055485042949584, 2.363959843071656408 ) ) ;
#111 = CARTESIAN_POINT ( 'NONE',  ( 2.497893538238595390, -11.93724393096362490, 3.055453778019608713 ) ) ;
#112 = CARTESIAN_POINT ( 'NONE',  ( 10.61448441864438408, -13.29840812944660300, 5.266583222476239001 ) ) ;
#113 = CARTESIAN_POINT ( 'NONE',  ( 8.363834530970942538, 3.842686858315107479, 2.703897272450792144 ) ) ;
#114 = CARTESIAN_POINT ( 'NONE',  ( 9.325453612883606525, 0.6403222339198821889, 2.901971200664032580 ) ) ;
#115 = CARTESIAN_POINT ( 'NONE',  ( -0.02245254437992921792, -10.31964143147062707, 4.573864791022260512 ) ) ;
#116 = CARTESIAN_POINT ( 'NONE',  ( 9.289773757133627186, -8.464672107123899281, 3.607771704870245344 ) ) ;
#117 = ORIENTED_EDGE ( 'NONE', *, *, #127, .T. ) ;
#118 = B_SPLINE_CURVE_WITH_KNOTS ( 'NONE', 3,
 ( #3223, #946, #2931, #523 ),
 .UNSPECIFIED., .F., .F.,
 ( 4, 4 ),
 ( 0.000000000000000000, 0.001238067867140402916 ),
 .UNSPECIFIED. ) ;
#119 = CARTESIAN_POINT ( 'NONE',  ( 7.649803650205729610, 4.708439225963672925, 2.546202723639843679 ) ) ;
#120 = CARTESIAN_POINT ( 'NONE',  ( 8.999949998749935176, 0.05825636562102912142, 2.613612660681113642 ) ) ;
#121 = CARTESIAN_POINT ( 'NONE',  ( 8.772281193862818682, -9.151568560299859101, 3.334366862879166948 ) ) ;
#122 = FACE_OUTER_BOUND ( 'NONE', #1126, .T. ) ;
#123 = CARTESIAN_POINT ( 'NONE',  ( 5.524822362524075103, 0.6793352892663917508, 1.045437273789080246 ) ) ;
#124 = B_SPLINE_CURVE_WITH_KNOTS ( 'NONE', 3,
 ( #1760, #1048, #5005, #1400 ),
 .UNSPECIFIED., .F., .F.,
 ( 4, 4 ),
 ( 0.000000000000000000, 0.0006777153591786064116 ),
 .UNSPECIFIED. ) ;
#125 = CARTESIAN_POINT ( 'NONE',  ( 9.170530762507510758, -6.489678062257864255, 3.149414353212320439 ) ) ;
#126 = CARTESIAN_POINT ( 'NONE',  ( 5.561630881659292314, 3.965960116000477598, 1.434731235282151740 ) ) ;
#127 = EDGE_CURVE ( 'NONE', #1540, #4414, #2784, .T. ) ;
#128 = CARTESIAN_POINT ( 'NONE',  ( 10.42066401397918618, -3.749102848692953405, 3.913637849626876886 ) ) ;
#129 = CARTESIAN_POINT ( 'NONE',  ( 7.331962374382245073, 3.461219829618306321, 1.949554197582925363 ) ) ;
#130 = CARTESIAN_POINT ( 'NONE',  ( 7.743726062445318803, 0.2973104885337918279, 1.804024716367064629 ) ) ;
#131 = VERTEX_POINT ( 'NONE', #1335 ) ;
#132 = CARTESIAN_POINT ( 'NONE',  ( 4.805164223018183911, 5.387018199277267883, 2.050517040702603211 ) ) ;
#133 = ADVANCED_FACE ( 'NONE', ( #505 ), #383, .T. ) ;
#134 = CARTESIAN_POINT ( 'NONE',  ( 6.312316583188002816, -0.3581180140422579594, 1.236531673251499264 ) ) ;
#135 = CARTESIAN_POINT ( 'NONE',  ( 7.733427052369033383, 0.6744935497529636059, 1.822993762990041455 ) ) ;
#136 = CARTESIAN_POINT ( 'NONE',  ( 2.083607953028168147, 3.354154570255535539, 2.107572808147920806 ) ) ;
#137 = CARTESIAN_POINT ( 'NONE',  ( 5.123731833394181479, -11.47977123894373541, 3.413194444444445974 ) ) ;
#138 = CARTESIAN_POINT ( 'NONE',  ( 8.120409213031930307, 5.201744395556929135, 3.118339493158316156 ) ) ;
#139 = ORIENTED_EDGE ( 'NONE', *, *, #1874, .F. ) ;
#140 = CARTESIAN_POINT ( 'NONE',  ( 3.247282197918224256, -6.635123051820124296, 2.036287474953619725 ) ) ;
#141 = CARTESIAN_POINT ( 'NONE',  ( 7.801118550064447099, 4.643204725659287213, 2.662287143015200641 ) ) ;
#142 = CARTESIAN_POINT ( 'NONE',  ( 7.600399963407500792, 3.383469548784462155, 2.081482649589345257 ) ) ;
#143 = CARTESIAN_POINT ( 'NONE',  ( 9.792396451185400252, 1.420295743739280470, 3.485744463295446405 ) ) ;
#144 = CARTESIAN_POINT ( 'NONE',  ( 4.302933030256540725, -11.28907788854150063, 2.053153042108659676 ) ) ;
#145 = FACE_OUTER_BOUND ( 'NONE', #1313, .T. ) ;
#146 = CARTESIAN_POINT ( 'NONE',  ( 8.959414858305727591, 0.1821608819167835902, 2.572165737306078892 ) ) ;
#147 = CARTESIAN_POINT ( 'NONE',  ( 8.478328119340545754, 3.767169678281323986, 2.767062290310390527 ) ) ;
#148 = CARTESIAN_POINT ( 'NONE',  ( 7.620117046996905508, 0.7079328582149935212, 1.758837988939527142 ) ) ;
#149 = CARTESIAN_POINT ( 'NONE',  ( 7.879431589689508186, -3.416762129746425458, 1.924665405065645318 ) ) ;
#150 = CARTESIAN_POINT ( 'NONE',  ( 7.361507508338902106, 3.779794994780289130, 2.051774659226893061 ) ) ;
#151 = CARTESIAN_POINT ( 'NONE',  ( 2.625502144557915862, -3.931659058373532467, 1.902697883114625288 ) ) ;
#152 = CARTESIAN_POINT ( 'NONE',  ( 7.571870837862551440, 3.826009024791826363, 2.186255818601511525 ) ) ;
#153 = CARTESIAN_POINT ( 'NONE',  ( 3.248098107245470878, -11.39450725668175757, 2.192069131555561601 ) ) ;
#154 = CARTESIAN_POINT ( 'NONE',  ( 2.145629481106237968, 0.7934060572152568103, 1.812769317898401233 ) ) ;
#155 = CARTESIAN_POINT ( 'NONE',  ( 7.042078044627381850, 0.1681521623410620059, 1.469850417021723032 ) ) ;
#156 = CARTESIAN_POINT ( 'NONE',  ( 1.946018795117035349, 6.323874642921084366, 3.834887464407901625 ) ) ;
#157 = CARTESIAN_POINT ( 'NONE',  ( 9.762632319020722704, -1.092409347495382210, 3.146617093355007277 ) ) ;
#158 = CARTESIAN_POINT ( 'NONE',  ( 7.595252931559059562, 3.390756197008071293, 2.080230610841629968 ) ) ;
#159 = CARTESIAN_POINT ( 'NONE',  ( 10.49432470789178318, 3.471905595299196179, 6.550285740416340374 ) ) ;
#160 = CARTESIAN_POINT ( 'NONE',  ( 2.177459607039196499, 3.754389159930288322, 2.169337523351968500 ) ) ;
#161 = EDGE_CURVE ( 'NONE', #5142, #1205, #3233, .T. ) ;
#162 = CARTESIAN_POINT ( 'NONE',  ( 7.749269116609117880, 5.447632301485317186, 3.016983711201482787 ) ) ;
#163 = CARTESIAN_POINT ( 'NONE',  ( 5.358878294658024899, -9.945323104437047590, 2.242305284201593363 ) ) ;
#164 = CARTESIAN_POINT ( 'NONE',  ( 2.501971328807847783, -3.992784826875456439, 1.955098151048842769 ) ) ;
#165 = CARTESIAN_POINT ( 'NONE',  ( 8.999949998749933400, -4.125193170769144935, 2.702140529828204407 ) ) ;
#166 = CARTESIAN_POINT ( 'NONE',  ( 10.25140696868717960, 3.959362384201303708, 6.687915005566619442 ) ) ;
#167 = CARTESIAN_POINT ( 'NONE',  ( 9.866709089567496704, 0.6903081600594385137, 3.454456940745898041 ) ) ;
#168 = CARTESIAN_POINT ( 'NONE',  ( -0.5655254322463678651, -10.82448725777041076, 5.415792559636026127 ) ) ;
#169 = ORIENTED_EDGE ( 'NONE', *, *, #2151, .F. ) ;
#170 = CARTESIAN_POINT ( 'NONE',  ( 4.438489027327586101, -11.20828617802956018, 2.060247013993727005 ) ) ;
#171 = CARTESIAN_POINT ( 'NONE',  ( 6.299677365041643107, 0.2348805963214295467, 1.214171004063331782 ) ) ;
#172 = CARTESIAN_POINT ( 'NONE',  ( 2.053416061753861932, -0.4026011476160754610, 1.884575666764549906 ) ) ;
#173 = CARTESIAN_POINT ( 'NONE',  ( 7.950479403411439883, 1.564000075856858407, 2.000376286534025994 ) ) ;
#174 = CARTESIAN_POINT ( 'NONE',  ( -0.7664659045951496275, -4.682366273719789973, 5.486079656147359707 ) ) ;
#175 = CARTESIAN_POINT ( 'NONE',  ( 7.520691016434589038, 5.636445092636249932, 2.994090350258017175 ) ) ;
#176 = CARTESIAN_POINT ( 'NONE',  ( 9.761141577829549831, -11.76487723097566196, 4.604730431383024403 ) ) ;
#177 = CARTESIAN_POINT ( 'NONE',  ( 7.575221427538407326, 3.752681958967746034, 2.166622741616310410 ) ) ;
#178 = LINE ( 'NONE', #1845, #3935 ) ;
#179 = CARTESIAN_POINT ( 'NONE',  ( 1.999949998749936064, -8.000050001250148313, 2.000000000000000444 ) ) ;
#180 = CARTESIAN_POINT ( 'NONE',  ( 2.055726094378498736, -5.238766175052690599, 2.312956384621337236 ) ) ;
#181 = CARTESIAN_POINT ( 'NONE',  ( 2.596012338546869191, 6.433042038939435159, 3.493489539676977618 ) ) ;
#182 = CARTESIAN_POINT ( 'NONE',  ( 9.681031661684516010, -0.1669167183288577938, 3.146194060450632435 ) ) ;
#183 = CARTESIAN_POINT ( 'NONE',  ( 7.548947699025569946, 2.596095163903300307, 1.886598876322797436 ) ) ;
#184 = CARTESIAN_POINT ( 'NONE',  ( 2.145729978526878412, -3.470077964766721035, 2.081533033884502615 ) ) ;
#185 = CARTESIAN_POINT ( 'NONE',  ( 7.221867518124411411, 3.495986033377085356, 1.894422656955859763 ) ) ;
#186 = CARTESIAN_POINT ( 'NONE',  ( 2.535730986008573495, -9.717624470489461430, 2.832684371439017301 ) ) ;
#187 = EDGE_CURVE ( 'NONE', #5128, #969, #3295, .T. ) ;
#188 = CARTESIAN_POINT ( 'NONE',  ( 10.26880047873786417, 4.290575004416097293, 5.452443017612679910 ) ) ;
#189 = CARTESIAN_POINT ( 'NONE',  ( 9.607171806278913095, 2.944344764935963532, 3.614356238814762534 ) ) ;
#190 = CARTESIAN_POINT ( 'NONE',  ( 7.983258565266850404, 5.556412985880693434, 3.251825223265654596 ) ) ;
#191 = CARTESIAN_POINT ( 'NONE',  ( 8.945134226462187144, -8.518522078695486499, 3.374824444856767691 ) ) ;
#192 = ORIENTED_EDGE ( 'NONE', *, *, #4178, .T. ) ;
#193 = CIRCLE ( 'NONE', #2462, 3.499999999999996003 ) ;
#194 = CARTESIAN_POINT ( 'NONE',  ( 2.049774602411042146, 2.006995984863896076, 1.912941212944091252 ) ) ;
#195 = CARTESIAN_POINT ( 'NONE',  ( 5.531186106353926490, 0.1745254019850372984, 1.063449777767341509 ) ) ;
#196 = CARTESIAN_POINT ( 'NONE',  ( 8.959827898300954274, 0.3587416204534912834, 2.585004879376356257 ) ) ;
#197 = CARTESIAN_POINT ( 'NONE',  ( 7.936675991930704832, 2.572539819126223648, 2.111703749037255662 ) ) ;
#198 = B_SPLINE_CURVE_WITH_KNOTS ( 'NONE', 3,
 ( #4416, #20, #5122, #1134 ),
 .UNSPECIFIED., .F., .F.,
 ( 4, 4 ),
 ( 0.000000000000000000, 1.000000000000000000 ),
 .UNSPECIFIED. ) ;
#199 = CARTESIAN_POINT ( 'NONE',  ( -0.6923767198245278642, -4.054371555685415629, 5.233713267094146637 ) ) ;
#200 = CARTESIAN_POINT ( 'NONE',  ( 9.833119550468863324, -12.14397150405013903, 4.753071248152130224 ) ) ;
#201 = CARTESIAN_POINT ( 'NONE',  ( 7.860972377444412906, 3.664732067426346163, 2.305163515578997124 ) ) ;
#202 = CARTESIAN_POINT ( 'NONE',  ( 8.957702800370386242, -8.014368785700915154, 3.296969167053142691 ) ) ;
#203 = CARTESIAN_POINT ( 'NONE',  ( 7.578435619631722631, 3.805818021802326534, 2.184228941048057315 ) ) ;
#204 = CARTESIAN_POINT ( 'NONE',  ( 7.429410254525144808, -11.38359150368462025, 2.412556631423070197 ) ) ;
#205 = CARTESIAN_POINT ( 'NONE',  ( 2.055219574867525711, -3.839589304322071683, 2.163285352845169207 ) ) ;
#206 = CARTESIAN_POINT ( 'NONE',  ( 2.027798946751445452, 4.067367011500511609, 2.381220998153426471 ) ) ;
#207 = CARTESIAN_POINT ( 'NONE',  ( 2.136468855660100807, -1.866988416957926500, 1.936813930790451055 ) ) ;
#208 = CARTESIAN_POINT ( 'NONE',  ( 7.594004319650057511, 3.420321986212421450, 2.086861987131601648 ) ) ;
#209 = ORIENTED_EDGE ( 'NONE', *, *, #2866, .F. ) ;
#210 = CARTESIAN_POINT ( 'NONE',  ( 7.981337966534975514, 3.922542426184088882, 2.465585580919194442 ) ) ;
#211 = CARTESIAN_POINT ( 'NONE',  ( 3.256813841752203231, -8.187243491961565311, 2.334873990156526080 ) ) ;
#212 = CARTESIAN_POINT ( 'NONE',  ( 3.206081373244594523, 0.8897056366188871301, 1.323116382380855827 ) ) ;
#213 = CARTESIAN_POINT ( 'NONE',  ( 8.165939294261612247, 4.520411736127217139, 2.807214567447041897 ) ) ;
#214 = CARTESIAN_POINT ( 'NONE',  ( 9.589529090112712595, 3.567818409579453842, 3.789511498126978406 ) ) ;
#215 = ORIENTED_EDGE ( 'NONE', *, *, #1818, .F. ) ;
#216 = CARTESIAN_POINT ( 'NONE',  ( 10.63355815824069950, -11.33609860321468865, 5.626078215078011979 ) ) ;
#217 = CARTESIAN_POINT ( 'NONE',  ( 9.792885594331988131, 0.7953043153935412946, 3.385807806051164714 ) ) ;
#218 = CARTESIAN_POINT ( 'NONE',  ( 2.224951501947176169, 3.252651763320694833, 2.055213666506394254 ) ) ;
#219 = CARTESIAN_POINT ( 'NONE',  ( 7.906031170493061921, 2.574450714746351565, 2.092678834408321364 ) ) ;
#220 = CARTESIAN_POINT ( 'NONE',  ( -0.6819069500197255662, -3.534961251664942239, 5.193746936740565978 ) ) ;
#221 = EDGE_CURVE ( 'NONE', #3855, #391, #2018, .T. ) ;
#222 = CARTESIAN_POINT ( 'NONE',  ( 7.563658971471543424, 3.798944104353024542, 2.173561756105660159 ) ) ;
#223 = B_SPLINE_SURFACE_WITH_KNOTS ( 'NONE', 3, 3, ( 
 ( #4265, #659, #3084, #2240, #3776, #4618, #174, #2614, #2262, #1025, #4587, #5035, #604, #1428, #4987, #1379, #2985, #3802 ),
 ( #2662, #3483, #631, #220, #3848, #199, #999, #3411, #3013, #1072, #1404, #5082, #268, #1451, #2639, #4219, #2216, #3871 ),
 ( #3037, #1863, #4243, #244, #1840, #5056, #4690, #4666, #1093, #3058, #681, #731, #2796, #3982, #2344, #4715, #3170, #2315 ),
 ( #812, #380, #1941, #3897, #4826, #3926, #3, #3511, #3538, #4401, #3141, #353, #5134, #1500, #3565, #4801, #5163, #4292 ),
 ( #4745, #295, #4373, #4772, #1527, #3196, #1117, #3225, #1224, #4346, #2399, #324, #2288, #786, #3953, #3112, #1173, #1147 ),
 ( #2743, #705, #1578, #2772, #1888, #2715, #1553, #5109, #2372, #1971, #1917, #758, #4317, #3591, #5188, #1197, #4009, #409 ),
 ( #2005, #3622, #1607, #1279, #839, #1253, #4935, #2090, #4123, #2032, #2114, #1306, #1688, #115, #2853, #2908, #4533, #32 ),
 ( #3700, #3251, #4097, #3307, #4911, #4503, #924, #895, #2515, #1331, #4452, #525, #869, #1712, #3723, #2485, #3333, #2456 ),
 ( #2823, #2934, #2427, #4068, #91, #499, #3281, #4426, #467, #2062, #4040, #4880, #437, #3648, #3673, #1633, #4855, #60 ),
 ( #1663, #2879, #4479, #1779, #4187, #4930, #1040, #569, #4208, #4528, #4142, #2157, #3791, #1350, #2181, #1326, #2534, #1707 ),
 ( #3813, #618, #2929, #5024, #164, #944, #2578, #1370, #547, #4607, #3401, #2204, #186, #4630, #4998, #111, #966, #3718 ),
 ( #2556, #2133, #3376, #3742, #4976, #3328, #4230, #2110, #140, #1730, #211, #1418, #3766, #1753, #1393, #3352, #4953, #2956 ),
 ( #2603, #4551, #3026, #1805, #3001, #594, #4166, #2976, #3424, #4577, #988, #1014, #2626, #2304, #2651, #3837, #671, #4680 ),
 ( #2675, #311, #2227, #2277, #3887, #5096, #4762, #235, #2732, #1876, #2762, #1829, #3448, #3496, #1854, #1543, #3525, #5046 ),
 ( #4333, #3049, #1163, #748, #2252, #5152, #4704, #3861, #5072, #2332, #1084, #646, #3473, #4281, #3915, #256, #1441, #1106 ),
 ( #694, #1488, #5123, #3070, #4654, #2703, #339, #1931, #1516, #4307, #1061, #4255, #3942, #3099, #720, #283, #1463, #1904 ),
 ( #3130, #4735, #1135, #3554, #3158, #4131, #774, #905, #2492, #3707, #3364, #2360, #1338, #511, #1360, #3973, #369, #2099 ),
 ( #149, #2122, #1961, #3582, #2942, #1568, #4965, #4541, #4462, #3755, #3315, #878, #3683, #955, #3293, #4362, #479, #4889 ),
 ( #2466, #5178, #4918, #4078, #1288, #100, #3731, #1671, #3186, #1314, #4154, #2074, #4789, #2916, #72, #4512, #933, #1695 ),
 ( #1262, #534, #2523, #2862, #2887, #4487, #2547, #4107, #125, #1719, #3341, #4942, #557, #2144, #1742, #2566, #4620, #4668 ),
 ( #2170, #684, #1028, #3779, #3437, #2218, #4989, #246, #4245, #1454, #3040, #271, #4644, #977, #1795, #4563, #5012, #1075 ),
 ( #2617, #4198, #606, #2664, #1843, #3485, #2243, #1054, #4590, #3060, #2641, #4221, #3389, #1820, #1000, #176, #4269, #663 ),
 ( #4176, #2194, #2266, #3414, #634, #3804, #1767, #3827, #3462, #224, #2967, #3851, #1406, #583, #5060, #5037, #200, #3874 ),
 ( #1866, #5084, #3015, #1382, #1430, #2989, #2592, #1150, #3899, #356, #734, #2290, #2317, #414, #3986, #1946, #2688, #297 ),
 ( #3626, #3569, #2775, #2717, #3928, #2009, #5111, #3540, #2376, #3513, #4319, #761, #4405, #816, #4749, #2747, #4692, #3115 ),
 ( #1201, #4718, #1890, #5165, #327, #1555, #3173, #3957, #2800, #1475, #1176, #4775, #4294, #3087, #5138, #3596, #1503, #1119 ) ),
 .UNSPECIFIED., .F., .F., .F.,
 ( 4, 3, 1, 1, 1, 1, 1, 1, 1, 1, 1, 1, 1, 1, 1, 1, 1, 1, 3, 4 ),
 ( 4, 3, 1, 1, 1, 1, 1, 1, 1, 1, 1, 1, 1, 4 ),
 ( -1.600000000000000089, 0.000000000000000000, 1.000000000000000000, 3.000000000000000000, 5.000000000000000000, 7.000000000000000000, 9.000000000000000000, 11.00000000000000000, 13.00000000000000000, 15.00000000000000000, 17.00000000000000000, 19.00000000000000000, 21.00000000000000000, 23.00000000000000000, 25.00000000000000000, 27.00000000000000000, 29.00000000000000000, 31.00000000000000000, 32.00000000000000000, 33.60000000000000142 ),
 ( -1.100000000000000089, 0.000000000000000000, 1.000000000000000000, 3.000000000000000000, 5.000000000000000000, 7.000000000000000000, 9.000000000000000000, 11.00000000000000000, 13.00000000000000000, 15.00000000000000000, 17.00000000000000000, 19.00000000000000000, 21.00000000000000000, 22.00000000000000000 ),
 .UNSPECIFIED. ) ;
#224 = CARTESIAN_POINT ( 'NONE',  ( 9.969647425680479458, -7.173340737617689200, 4.070086461212762963 ) ) ;
#225 = CARTESIAN_POINT ( 'NONE',  ( 8.171613131742558878, 5.786269519188508070, 3.533731810092663572 ) ) ;
#226 = CARTESIAN_POINT ( 'NONE',  ( 7.336995937220737396, 1.972674451029501785, 1.692606034372458268 ) ) ;
#227 = CARTESIAN_POINT ( 'NONE',  ( 0.5257309384841812872, -11.60208164427015198, 3.512659410535005300 ) ) ;
#228 = CARTESIAN_POINT ( 'NONE',  ( 2.492035598260781359, 4.265158650172823585, 2.174003471286203748 ) ) ;
#229 = CARTESIAN_POINT ( 'NONE',  ( 10.41996531873570753, -3.094284866933416644, 3.852588593236276893 ) ) ;
#230 = AXIS2_PLACEMENT_3D ( 'NONE', #1307, #2708, #724 ) ;
#231 = CARTESIAN_POINT ( 'NONE',  ( 7.347499034395087669, 3.476369134049611453, 1.961895687611901806 ) ) ;
#232 = CARTESIAN_POINT ( 'NONE',  ( 4.327084683964459444, -11.29768353961868499, 2.174234928306333803 ) ) ;
#233 = CARTESIAN_POINT ( 'NONE',  ( 10.58471815167070318, 3.480007865928447242, 5.825817715378279971 ) ) ;
#234 = CARTESIAN_POINT ( 'NONE',  ( 8.029729802737257671, 3.797167409194779353, 2.459180196979880773 ) ) ;
#235 = CARTESIAN_POINT ( 'NONE',  ( 4.793618334500093781, -5.889240852248955882, 1.605654606881673496 ) ) ;
#236 = CARTESIAN_POINT ( 'NONE',  ( 1.999955450487669539, 2.007083348870996709, 1.999688552565336286 ) ) ;
#237 = CARTESIAN_POINT ( 'NONE',  ( 9.928473921014889569, 0.07431614604311298500, 3.436791018725064983 ) ) ;
#238 = ORIENTED_EDGE ( 'NONE', *, *, #3472, .F. ) ;
#239 = ORIENTED_EDGE ( 'NONE', *, *, #682, .T. ) ;
#240 = CARTESIAN_POINT ( 'NONE',  ( 3.380940291462414038, -10.94365469744190733, 2.284940803082180061 ) ) ;
#241 = CARTESIAN_POINT ( 'NONE',  ( 9.972720335803979097, 1.175794165957061432, 3.632626760838108204 ) ) ;
#242 = FACE_OUTER_BOUND ( 'NONE', #2491, .T. ) ;
#243 = CARTESIAN_POINT ( 'NONE',  ( 7.986237784924656857, 0.8042461069219797309, 1.971287613053227084 ) ) ;
#244 = CARTESIAN_POINT ( 'NONE',  ( -0.6236747052985429640, -3.555942654534460790, 4.993676683640684288 ) ) ;
#245 = CARTESIAN_POINT ( 'NONE',  ( 7.765124046001832703, 5.482370189447860476, 3.050797646260482221 ) ) ;
#246 = CARTESIAN_POINT ( 'NONE',  ( 9.701973668506093773, -5.659056207239526515, 3.450977976436570227 ) ) ;
#247 = CARTESIAN_POINT ( 'NONE',  ( 7.595381826830633898, 5.567834131101179196, 2.990219851111588500 ) ) ;
#248 = CARTESIAN_POINT ( 'NONE',  ( 5.819737816639992012, -11.14850541640465131, 6.500000000000000000 ) ) ;
#249 = EDGE_CURVE ( 'NONE', #391, #903, #917, .T. ) ;
#250 = CARTESIAN_POINT ( 'NONE',  ( 2.237641030459147640, 6.358439331755699975, 3.668351329425564078 ) ) ;
#251 = CARTESIAN_POINT ( 'NONE',  ( 10.40544696582931472, -2.433625582469373327, 3.809112201005250942 ) ) ;
#252 = CARTESIAN_POINT ( 'NONE',  ( 7.450491817484618196, 1.967663759393389888, 1.749805158825487927 ) ) ;
#253 = FACE_OUTER_BOUND ( 'NONE', #650, .T. ) ;
#254 = B_SPLINE_CURVE_WITH_KNOTS ( 'NONE', 3,
 ( #1683, #4004, #2903, #4474 ),
 .UNSPECIFIED., .F., .F.,
 ( 4, 4 ),
 ( 0.000000000000000000, 0.0007972276092104449647 ),
 .UNSPECIFIED. ) ;
#255 = CARTESIAN_POINT ( 'NONE',  ( 8.254013350263198490, 4.503468371480495946, 2.860824112290229149 ) ) ;
#256 = CARTESIAN_POINT ( 'NONE',  ( 5.495029354412029221, -11.99484877128256777, 2.581881857101264721 ) ) ;
#257 = CARTESIAN_POINT ( 'NONE',  ( 7.875998236198514135, 3.322560664328611413, 2.230102895529749940 ) ) ;
#258 = CARTESIAN_POINT ( 'NONE',  ( 8.168221045354458809, 4.508494870987561853, 2.803832809454291475 ) ) ;
#259 = CARTESIAN_POINT ( 'NONE',  ( 7.702369445283546945, 3.940227857562844882, 2.295473623366951710 ) ) ;
#260 = EDGE_LOOP ( 'NONE', ( #3314, #626, #2072, #1619 ) ) ;
#261 = PRODUCT ( 'Grip 7 RH60', 'Grip 7 RH60', '', ( #1750 ) ) ;
#262 = ORIENTED_EDGE ( 'NONE', *, *, #4124, .F. ) ;
#263 = B_SPLINE_CURVE_WITH_KNOTS ( 'NONE', 3,
 ( #1445, #3503, #2654, #180, #3830, #205 ),
 .UNSPECIFIED., .F., .F.,
 ( 4, 2, 4 ),
 ( 0.000000000000000000, 0.002111374859542131111, 0.004222749719084262221 ),
 .UNSPECIFIED. ) ;
#264 = CARTESIAN_POINT ( 'NONE',  ( 7.862260400688867001, -11.17883766635652165, 2.666078540234320116 ) ) ;
#265 = CARTESIAN_POINT ( 'NONE',  ( 9.839617585183674464, 0.5801722196938086107, 3.408794918945805108 ) ) ;
#266 = CARTESIAN_POINT ( 'NONE',  ( 3.208528555908283231, 0.4858530276792560887, 1.333680955047231276 ) ) ;
#267 = CARTESIAN_POINT ( 'NONE',  ( 7.918041532769557911, 1.565382297075035289, 1.980529820223084325 ) ) ;
#268 = CARTESIAN_POINT ( 'NONE',  ( -0.6978839303213475453, -9.375670279581360234, 5.860276423326199691 ) ) ;
#269 = ORIENTED_EDGE ( 'NONE', *, *, #4396, .T. ) ;
#270 = CARTESIAN_POINT ( 'NONE',  ( 8.049455599495567881, 3.765222346950674925, 2.462393896780310509 ) ) ;
#271 = CARTESIAN_POINT ( 'NONE',  ( 9.574489979467983858, -8.788314520207784142, 3.917841398975711709 ) ) ;
#272 = CARTESIAN_POINT ( 'NONE',  ( 4.290679524312645654, -11.28450808739673583, 2.795833333333335169 ) ) ;
#273 = CARTESIAN_POINT ( 'NONE',  ( 6.127146336492288903, -11.45388286812993961, 2.168079892806964004 ) ) ;
#274 = CARTESIAN_POINT ( 'NONE',  ( 2.523533882853343790, 2.799187960405097542, 1.734744151996231887 ) ) ;
#275 = ORIENTED_EDGE ( 'NONE', *, *, #1161, .F. ) ;
#276 = EDGE_CURVE ( 'NONE', #994, #3164, #4164, .T. ) ;
#277 = CARTESIAN_POINT ( 'NONE',  ( 1.916577882509360009, 4.557316034226599477, 2.652623266739030594 ) ) ;
#278 = CARTESIAN_POINT ( 'NONE',  ( 10.12864005212047935, -3.136077580070256943, 3.525630081594523180 ) ) ;
#279 = CARTESIAN_POINT ( 'NONE',  ( 7.343698106992032848, 1.330524123630383304, 1.648235117660246107 ) ) ;
#280 = CARTESIAN_POINT ( 'NONE',  ( 6.380338650774988629, -3.907046026563378849, 1.462253082007821003 ) ) ;
#281 = CARTESIAN_POINT ( 'NONE',  ( 7.994539803948493173, 3.921524527821629302, 2.473818806042720198 ) ) ;
#282 = EDGE_CURVE ( 'NONE', #969, #1540, #5089, .T. ) ;
#283 = CARTESIAN_POINT ( 'NONE',  ( 6.257164525343251071, -11.98759690777906428, 2.673906641110733062 ) ) ;
#284 = CARTESIAN_POINT ( 'NONE',  ( 8.027190262597992287, 1.308273059767328661, 2.024988813825394640 ) ) ;
#285 = CARTESIAN_POINT ( 'NONE',  ( 8.236166564780239341, 4.148025820577217360, 2.709908127386765120 ) ) ;
#286 = CARTESIAN_POINT ( 'NONE',  ( 2.010721644461069157, -8.317957333359640160, 2.905831767437023316 ) ) ;
#287 = DIRECTION ( 'NONE',  ( 0.000000000000000000, -0.000000000000000000, 1.000000000000000000 ) ) ;
#288 = VERTEX_POINT ( 'NONE', #2284 ) ;
#289 = ORIENTED_EDGE ( 'NONE', *, *, #3184, .F. ) ;
#290 = CARTESIAN_POINT ( 'NONE',  ( 3.369347646024950294, -11.40650056088393605, 2.161353836246532101 ) ) ;
#291 = CARTESIAN_POINT ( 'NONE',  ( 2.604149045534222218, 0.1716431381129923661, 1.588248345908451986 ) ) ;
#292 = CARTESIAN_POINT ( 'NONE',  ( 5.499949998749922742, -8.000050001250071929, 3.413194444444445974 ) ) ;
#293 = CARTESIAN_POINT ( 'NONE',  ( 7.389872613446278216, 3.586361898450129981, 2.013060650800308604 ) ) ;
#294 = CARTESIAN_POINT ( 'NONE',  ( 8.060380261301565596, 0.6514744064873012608, 2.007420765787209405 ) ) ;
#295 = CARTESIAN_POINT ( 'NONE',  ( -0.5257901177589014985, -3.303811815726920287, 4.645235418313023779 ) ) ;
#296 = CARTESIAN_POINT ( 'NONE',  ( 8.048784586046679124, 3.795682415826839851, 2.471133170764832077 ) ) ;
#297 = CARTESIAN_POINT ( 'NONE',  ( 9.957420427062873003, -12.25367974228982959, 4.927329515340209021 ) ) ;
#298 = CARTESIAN_POINT ( 'NONE',  ( 6.619656658939403471, -11.31611046437906687, 3.104513888888890794 ) ) ;
#299 = CARTESIAN_POINT ( 'NONE',  ( 7.371762127786951169, 0.8142455085365096767, 1.642260482894980944 ) ) ;
#300 = CARTESIAN_POINT ( 'NONE',  ( 7.495890169590076368, 1.965659482738940644, 1.772684808606678653 ) ) ;
#301 = CARTESIAN_POINT ( 'NONE',  ( 7.429265502271982236, -11.30703909189873002, 2.432425033799250347 ) ) ;
#302 = ORIENTED_EDGE ( 'NONE', *, *, #4182, .T. ) ;
#303 = CARTESIAN_POINT ( 'NONE',  ( 2.956385323362890727, 5.290476125961617981, 2.430959928793011482 ) ) ;
#304 = CARTESIAN_POINT ( 'NONE',  ( 8.586778519492174411, -3.676460777338241837, 2.318433340452834557 ) ) ;
#305 = CARTESIAN_POINT ( 'NONE',  ( 7.365941921945308835, 0.8143350976234364769, 1.639439500257142912 ) ) ;
#306 = CARTESIAN_POINT ( 'NONE',  ( 7.957671598770844845, 5.581845891766745282, 3.250913499877613244 ) ) ;
#307 = PRODUCT_DEFINITION ( 'UNKNOWN', '', #2191, #3266 ) ;
#308 = DIRECTION ( 'NONE',  ( 0.000000000000000000, 0.000000000000000000, -1.000000000000000000 ) ) ;
#309 = CARTESIAN_POINT ( 'NONE',  ( 7.846302321105034672, 4.883065033534833788, 2.748095593362660516 ) ) ;
#310 = CARTESIAN_POINT ( 'NONE',  ( 9.894656311516886404, -11.75410275696198070, 4.211744547738039302 ) ) ;
#311 = CARTESIAN_POINT ( 'NONE',  ( 4.799073113608509189, -3.629876946135091043, 1.346926782012429324 ) ) ;
#312 = CARTESIAN_POINT ( 'NONE',  ( 7.519021058769263632, 4.838855241208471547, 2.526573058639518088 ) ) ;
#313 = CARTESIAN_POINT ( 'NONE',  ( 10.32789357463870594, 3.931364525280173439, 6.524862951913153353 ) ) ;
#314 = CARTESIAN_POINT ( 'NONE',  ( 2.492052990356548481, 4.291633579248138375, 2.184151633750682997 ) ) ;
#315 = EDGE_CURVE ( 'NONE', #1958, #1528, #70, .T. ) ;
#316 = AXIS2_PLACEMENT_3D ( 'NONE', #1177, #1891, #2776 ) ;
#317 = ORIENTED_EDGE ( 'NONE', *, *, #1944, .F. ) ;
#318 = CARTESIAN_POINT ( 'NONE',  ( 5.385039316769521633, -7.871960226922714021, 1.962539238641930472 ) ) ;
#319 = CARTESIAN_POINT ( 'NONE',  ( 7.864652264998262865, -11.51169684027206230, 2.587039820969002424 ) ) ;
#320 = CARTESIAN_POINT ( 'NONE',  ( 1.885189790493022377, 0.2034144534731330278, 1.956913745214408973 ) ) ;
#321 = DIRECTION ( 'NONE',  ( 1.000000000000000000, -1.856154119295186056E-16, -0.000000000000000000 ) ) ;
#322 = CARTESIAN_POINT ( 'NONE',  ( 7.352513764559243548, 3.475511143027409933, 1.964419272910682635 ) ) ;
#323 = CARTESIAN_POINT ( 'NONE',  ( 8.570042897445791397, 2.532549654878535339, 2.536262450797402312 ) ) ;
#324 = CARTESIAN_POINT ( 'NONE',  ( -0.5263826543827655469, -8.659651771386556618, 5.250915110184522838 ) ) ;
#325 = B_SPLINE_CURVE_WITH_KNOTS ( 'NONE', 3,
 ( #3202, #5085, #1867, #1202 ),
 .UNSPECIFIED., .F., .F.,
 ( 4, 4 ),
 ( 0.000000000000000000, 1.000000000000000000 ),
 .UNSPECIFIED. ) ;
#326 = CARTESIAN_POINT ( 'NONE',  ( 7.784834603253881546, 4.541619532931806091, 2.553820970560141568 ) ) ;
#327 = CARTESIAN_POINT ( 'NONE',  ( 10.55363197086688132, -3.730834497004731354, 4.061149049798759236 ) ) ;
#328 = CARTESIAN_POINT ( 'NONE',  ( 8.999949998749926294, 0.7764746815924761236, 2.699401728449985161 ) ) ;
#329 = CARTESIAN_POINT ( 'NONE',  ( 7.488166250392080947, 0.8124537267060972789, 1.698680138444518262 ) ) ;
#330 = CARTESIAN_POINT ( 'NONE',  ( 7.336995937220789799, 1.972674451029499121, 1.692606034372483803 ) ) ;
#331 = CARTESIAN_POINT ( 'NONE',  ( 1.468524784434661834, -9.925731383819497822, 3.209543946576599360 ) ) ;
#332 = ORIENTED_EDGE ( 'NONE', *, *, #682, .F. ) ;
#333 = CARTESIAN_POINT ( 'NONE',  ( 4.315386958987637023, 6.359586592686511608, 2.750137567082620471 ) ) ;
#334 = CARTESIAN_POINT ( 'NONE',  ( 6.380338650774988629, -3.907046026562832619, 1.462253082007771043 ) ) ;
#335 = CARTESIAN_POINT ( 'NONE',  ( 7.491354958585269230, 0.7224110181973664169, 1.697130224443377244 ) ) ;
#336 = EDGE_LOOP ( 'NONE', ( #807, #3884, #1565, #344, #361, #3105, #4077, #1786 ) ) ;
#337 = CARTESIAN_POINT ( 'NONE',  ( 8.401973522322254695, 3.681052519475175089, 2.682505249296448291 ) ) ;
#338 = CARTESIAN_POINT ( 'NONE',  ( 8.999949998749933400, 0.2881246769212574277, 2.660235173097630579 ) ) ;
#339 = CARTESIAN_POINT ( 'NONE',  ( 6.376057275452929218, -5.090249289851772829, 1.588732982428691543 ) ) ;
#340 = CARTESIAN_POINT ( 'NONE',  ( 8.963037778076962780, 1.604035203902913098, 2.708290466382879291 ) ) ;
#341 = CARTESIAN_POINT ( 'NONE',  ( 9.118999448302925970, 4.451746612965296279, 3.605616670646503152 ) ) ;
#342 = CARTESIAN_POINT ( 'NONE',  ( 8.945001475303230976, -8.351016828023160699, 3.346915016610334526 ) ) ;
#343 = CARTESIAN_POINT ( 'NONE',  ( 7.494822473521043804, 5.590320252260694289, 2.946701749283532568 ) ) ;
#344 = ORIENTED_EDGE ( 'NONE', *, *, #4464, .T. ) ;
#345 = CARTESIAN_POINT ( 'NONE',  ( 5.371536199816447699, -8.676458187730801797, 2.134248642013342412 ) ) ;
#346 = EDGE_CURVE ( 'NONE', #753, #2707, #5157, .T. ) ;
#347 = CARTESIAN_POINT ( 'NONE',  ( 6.895294263822224323, -11.04893530605793828, 2.305214368929642266 ) ) ;
#348 = CARTESIAN_POINT ( 'NONE',  ( 7.761153006080857786, -0.08664125281251933153, 1.803219584479024640 ) ) ;
#349 = CARTESIAN_POINT ( 'NONE',  ( 7.573047192435299557, 3.799974115890614179, 2.179392215730934002 ) ) ;
#350 =( BOUNDED_SURFACE ( )  B_SPLINE_SURFACE ( 3, 2, ( 
 ( #3469, #1036, #5067 ),
 ( #4572, #985, #395 ),
 ( #4812, #5146, #2327 ),
 ( #3209, #4385, #3549 ) ),
 .UNSPECIFIED., .F., .F., .T. ) 
 B_SPLINE_SURFACE_WITH_KNOTS ( ( 4, 4 ),
 ( 3, 3 ),
 ( 0.000000000000000000, 0.0002527248901981579330 ),
 ( 0.000000000000000000, 1.000000000000000000 ),
 .UNSPECIFIED. ) 
 GEOMETRIC_REPRESENTATION_ITEM ( )  RATIONAL_B_SPLINE_SURFACE ( (
 ( 1.000000000000000000, 0.8995311684103973748, 1.000000000000000000),
 ( 1.000000000000000000, 0.9007958379654726899, 1.000000000000000000),
 ( 1.000000000000000000, 0.9020778667937048301, 1.000000000000000000),
 ( 1.000000000000000000, 0.9033061239051923819, 1.000000000000000000) ) ) 
 REPRESENTATION_ITEM ( '' )  SURFACE ( )  );
#351 = CARTESIAN_POINT ( 'NONE',  ( 7.842977052219472611, 3.421930373083942101, 2.235612321586531781 ) ) ;
#352 = CARTESIAN_POINT ( 'NONE',  ( 8.057804372326147657, 0.7020019621627182627, 2.008570176195842549 ) ) ;
#353 = CARTESIAN_POINT ( 'NONE',  ( -0.5675853519273472703, -8.645227408425965265, 5.370573956803308846 ) ) ;
#354 = CARTESIAN_POINT ( 'NONE',  ( 7.722886482074220460, -10.72105541484257074, 2.806473457247775638 ) ) ;
#355 = CARTESIAN_POINT ( 'NONE',  ( 7.371762127786951169, 0.8142455085365096767, 1.642260482894980944 ) ) ;
#356 = CARTESIAN_POINT ( 'NONE',  ( 10.10425098655545817, -7.154407494296605385, 4.223282094953184185 ) ) ;
#357 = CARTESIAN_POINT ( 'NONE',  ( 8.999949998749929847, 0.5373802482504810296, 2.678732910088664543 ) ) ;
#358 = CARTESIAN_POINT ( 'NONE',  ( 8.943506666855300935, 0.4188875428289273728, 2.566107324233499742 ) ) ;
#359 = FACE_OUTER_BOUND ( 'NONE', #4732, .T. ) ;
#360 = CARTESIAN_POINT ( 'NONE',  ( 2.263381400632695328, 1.056404920901282685, 1.750935254374555106 ) ) ;
#361 = ORIENTED_EDGE ( 'NONE', *, *, #452, .T. ) ;
#362 = CARTESIAN_POINT ( 'NONE',  ( 3.514422770639447968, 5.630115506201017084, 2.413586818426320946 ) ) ;
#363 = CARTESIAN_POINT ( 'NONE',  ( 2.016754960887141568, -3.706466852938128387, 2.168068916567199800 ) ) ;
#364 = CARTESIAN_POINT ( 'NONE',  ( 5.446609202909736602, 5.506585116719657336, 2.205233453407846600 ) ) ;
#365 = CARTESIAN_POINT ( 'NONE',  ( 5.448558066261544042, -11.50665365099797732, 1.948731870451843706 ) ) ;
#366 = CARTESIAN_POINT ( 'NONE',  ( 7.722418517778335989, 0.8088407324805535481, 1.810113559430946761 ) ) ;
#367 = CARTESIAN_POINT ( 'NONE',  ( 8.025343545874287443, 3.736707390751964120, 2.438048044332798092 ) ) ;
#368 = CARTESIAN_POINT ( 'NONE',  ( 4.327084683964459444, -11.29768353961868499, 2.174234928306333803 ) ) ;
#369 = CARTESIAN_POINT ( 'NONE',  ( 6.999116326877819816, -12.36256691230613924, 2.895338935225962196 ) ) ;
#370 = CARTESIAN_POINT ( 'NONE',  ( 8.999949998755978342, 1.189952956735603085, 2.688107481273672050 ) ) ;
#371 = CARTESIAN_POINT ( 'NONE',  ( 10.38814798643720572, 3.786113948226504711, 6.512674578731874497 ) ) ;
#372 = CARTESIAN_POINT ( 'NONE',  ( 7.097988497435890665, 3.968785721613881989, 1.962483990528027356 ) ) ;
#373 = B_SPLINE_CURVE_WITH_KNOTS ( 'NONE', 3,
 ( #2786, #4389, #1299, #4874 ),
 .UNSPECIFIED., .F., .F.,
 ( 4, 4 ),
 ( 0.000000000000000000, 0.9725075295874476833 ),
 .UNSPECIFIED. ) ;
#374 = CARTESIAN_POINT ( 'NONE',  ( 5.499949998749922742, -8.000050001250071929, 7.009999999999999787 ) ) ;
#375 = ORIENTED_EDGE ( 'NONE', *, *, #1467, .T. ) ;
#376 = CARTESIAN_POINT ( 'NONE',  ( 0.5923672435705941153, -11.60250847685623299, 3.475877057822960747 ) ) ;
#377 = DIRECTION ( 'NONE',  ( -1.856154119295186056E-16, -1.000000000000000000, 0.000000000000000000 ) ) ;
#378 = CARTESIAN_POINT ( 'NONE',  ( 7.732767145629433791, 3.431881089458244105, 2.170780467858827389 ) ) ;
#379 = CARTESIAN_POINT ( 'NONE',  ( 8.097470664613314995, 2.060895475830881729, 2.141637474710226474 ) ) ;
#380 = CARTESIAN_POINT ( 'NONE',  ( -0.5615274849949323244, -3.290860020719210688, 4.770748585674335018 ) ) ;
#381 = CARTESIAN_POINT ( 'NONE',  ( 2.054136531398704335, -0.8843547828099873609, 1.911251486509407016 ) ) ;
#382 = CARTESIAN_POINT ( 'NONE',  ( 2.224949093100462072, 3.252644108721698846, 2.055213468632779872 ) ) ;
#383 =( BOUNDED_SURFACE ( )  B_SPLINE_SURFACE ( 3, 2, ( 
 ( #4194, #973, #4483 ),
 ( #1762, #1310, #3800 ),
 ( #2911, #602, #146 ),
 ( #2519, #3385, #2938 ) ),
 .UNSPECIFIED., .F., .F., .T. ) 
 B_SPLINE_SURFACE_WITH_KNOTS ( ( 4, 4 ),
 ( 3, 3 ),
 ( -2.190088388420718957E-17, 0.0003622954153673031610 ),
 ( 0.000000000000000000, 1.000000000000000000 ),
 .UNSPECIFIED. ) 
 GEOMETRIC_REPRESENTATION_ITEM ( )  RATIONAL_B_SPLINE_SURFACE ( (
 ( 1.000000000000000000, 0.8945120621661116767, 1.000000000000000000),
 ( 1.000000000000000000, 0.8937195277746088351, 1.000000000000000000),
 ( 1.000000000000000000, 0.8929297402621620972, 1.000000000000000000),
 ( 1.000000000000000000, 0.8921530605760537025, 1.000000000000000000) ) ) 
 REPRESENTATION_ITEM ( '' )  SURFACE ( )  );
#384 = FACE_OUTER_BOUND ( 'NONE', #2163, .T. ) ;
#385 = CARTESIAN_POINT ( 'NONE',  ( 4.801908820327549066, -11.47273228667810585, 4.292527967195884031 ) ) ;
#386 = B_SPLINE_CURVE_WITH_KNOTS ( 'NONE', 3,
 ( #628, #4193, #2963, #1401 ),
 .UNSPECIFIED., .F., .F.,
 ( 4, 4 ),
 ( 0.3199987759738646131, 1.000000000000000000 ),
 .UNSPECIFIED. ) ;
#387 = CARTESIAN_POINT ( 'NONE',  ( 2.492882561829539156, 3.699695367789095801, 1.975424464103648248 ) ) ;
#388 = CARTESIAN_POINT ( 'NONE',  ( 7.516506328743448151, 1.325435372560551661, 1.733555053640744470 ) ) ;
#389 = CARTESIAN_POINT ( 'NONE',  ( 6.093407792175171700, -11.45495631004865267, 6.496040677389220086 ) ) ;
#390 = EDGE_CURVE ( 'NONE', #1593, #4739, #3355, .T. ) ;
#391 = VERTEX_POINT ( 'NONE', #1426 ) ;
#392 = CARTESIAN_POINT ( 'NONE',  ( 3.593631926748289018, 5.983260385718391916, 2.631264172442799421 ) ) ;
#393 = CARTESIAN_POINT ( 'NONE',  ( 5.594269027056900434, -3.788193985381410833, 1.353250421473703780 ) ) ;
#394 = FACE_OUTER_BOUND ( 'NONE', #821, .T. ) ;
#395 = CARTESIAN_POINT ( 'NONE',  ( 8.388677934787674317, 3.910427010617909538, 2.743881894922910902 ) ) ;
#396 = VERTEX_POINT ( 'NONE', #2312 ) ;
#397 = FACE_OUTER_BOUND ( 'NONE', #1833, .T. ) ;
#398 = DIRECTION ( 'NONE',  ( 0.000000000000000000, -4.336808689942018722E-16, -1.000000000000000000 ) ) ;
#399 = CARTESIAN_POINT ( 'NONE',  ( 4.345723078688476626, -11.18749666790913189, 2.076004511793839491 ) ) ;
#400 = CARTESIAN_POINT ( 'NONE',  ( 8.303075370395498922, 3.766582324880418664, 2.635553006214737870 ) ) ;
#401 = CARTESIAN_POINT ( 'NONE',  ( 1.854181414109780990, 4.154911994076471160, 2.525226991693646283 ) ) ;
#402 = CARTESIAN_POINT ( 'NONE',  ( 7.546413837764235133, 3.674915883751878276, 2.126469913297121206 ) ) ;
#403 = CARTESIAN_POINT ( 'NONE',  ( 8.999949998749936952, -3.134779368415230749, 2.593077582946034187 ) ) ;
#404 = VERTEX_POINT ( 'NONE', #1885 ) ;
#405 = CARTESIAN_POINT ( 'NONE',  ( -0.6205310006782670529, -12.48019549837447961, 5.231772268618944288 ) ) ;
#406 = CARTESIAN_POINT ( 'NONE',  ( 1.999955450439095284, 2.007083332983947255, 1.999688551121559410 ) ) ;
#407 = CARTESIAN_POINT ( 'NONE',  ( 7.708878782805787644, 3.669744723603290737, 2.220911244115671757 ) ) ;
#408 = CARTESIAN_POINT ( 'NONE',  ( 9.026799475454829746, 0.6383855661299953077, 2.653442003090048296 ) ) ;
#409 = CARTESIAN_POINT ( 'NONE',  ( -0.3791032901847186665, -12.19367992964101610, 5.371079679806359586 ) ) ;
#410 = FACE_OUTER_BOUND ( 'NONE', #4726, .T. ) ;
#411 = CARTESIAN_POINT ( 'NONE',  ( 3.210300723677467882, 0.2175178064512117704, 1.344004681147148883 ) ) ;
#412 = VERTEX_POINT ( 'NONE', #3508 ) ;
#413 = CARTESIAN_POINT ( 'NONE',  ( 2.499901590983710786, 3.814658282994661587, 2.061462282021478742 ) ) ;
#414 = CARTESIAN_POINT ( 'NONE',  ( 10.00874361454954098, -10.29358548162251452, 4.656749461333538953 ) ) ;
#415 = CARTESIAN_POINT ( 'NONE',  ( 7.675967955407005938, 1.883347486640013502, 1.872164985515876845 ) ) ;
#416 = CARTESIAN_POINT ( 'NONE',  ( 2.143757350244964499, 0.6595775407839676863, 1.813870201491222023 ) ) ;
#417 = CARTESIAN_POINT ( 'NONE',  ( 1.953760139655289718, 2.145066417455099295, 1.970741584422333714 ) ) ;
#418 = CARTESIAN_POINT ( 'NONE',  ( 6.656927979751324997, 0.8243776020277482353, 1.337330918878842700 ) ) ;
#419 = CARTESIAN_POINT ( 'NONE',  ( 6.335910601205958947, -10.88122508637442287, 6.298170405982908449 ) ) ;
#420 = ORIENTED_EDGE ( 'NONE', *, *, #3880, .F. ) ;
#421 = CARTESIAN_POINT ( 'NONE',  ( 3.403551254572232398, 4.888175827894719383, 2.026876374263773428 ) ) ;
#422 = ADVANCED_FACE ( 'NONE', ( #242 ), #4314, .T. ) ;
#423 = CARTESIAN_POINT ( 'NONE',  ( 9.139506563273933182, -3.765495319505651750, 2.697592674971520665 ) ) ;
#424 = CARTESIAN_POINT ( 'NONE',  ( 6.750338178915764153, 5.298229379450706489, 2.406941917015208432 ) ) ;
#425 = VERTEX_POINT ( 'NONE', #3645 ) ;
#426 = CARTESIAN_POINT ( 'NONE',  ( 8.956925024357307308, -5.199231683103741730, 2.779470054495165598 ) ) ;
#427 = CARTESIAN_POINT ( 'NONE',  ( 9.898816832130748367, -11.57046338941969310, 4.246175440004440915 ) ) ;
#428 = CARTESIAN_POINT ( 'NONE',  ( 4.787727756154851910, -11.46751110809998053, 4.260582038846806974 ) ) ;
#429 = CARTESIAN_POINT ( 'NONE',  ( 8.784657168465621169, 3.744732183541072068, 3.000634782984835880 ) ) ;
#430 = CARTESIAN_POINT ( 'NONE',  ( 2.211288264580446583, 4.202089393102653503, 2.318460411101106455 ) ) ;
#431 = CARTESIAN_POINT ( 'NONE',  ( 8.955815827596490308, -3.778613739820801953, 2.580534559132595440 ) ) ;
#432 = ORIENTED_EDGE ( 'NONE', *, *, #2269, .F. ) ;
#433 = CARTESIAN_POINT ( 'NONE',  ( -0.4775518924646782182, -13.06764276369884392, 4.544816573736349952 ) ) ;
#434 = CARTESIAN_POINT ( 'NONE',  ( 2.999949998749938729, -8.000050001250148313, 1.999999999999998668 ) ) ;
#435 = FACE_OUTER_BOUND ( 'NONE', #1694, .T. ) ;
#436 = CARTESIAN_POINT ( 'NONE',  ( 9.748347480326856385, 0.4920128354881370125, 3.297225397310767026 ) ) ;
#437 = CARTESIAN_POINT ( 'NONE',  ( 1.164491098288939597, -9.647212039926106542, 3.501873208725577946 ) ) ;
#438 = CARTESIAN_POINT ( 'NONE',  ( 8.478328119340298841, 3.767169678281528711, 2.767062290310195571 ) ) ;
#439 = CARTESIAN_POINT ( 'NONE',  ( 8.627517127973103328, 3.498676348472935516, 2.804770728652689282 ) ) ;
#440 = CARTESIAN_POINT ( 'NONE',  ( 9.753535795097494798, -7.629586857612724593, 3.905947744877548811 ) ) ;
#441 = CARTESIAN_POINT ( 'NONE',  ( 7.507150381290903063, 4.815286235104428769, 2.508618989934901844 ) ) ;
#442 = CARTESIAN_POINT ( 'NONE',  ( 7.673361776886940433, 1.967693346930877718, 1.879550849602370066 ) ) ;
#443 = CARTESIAN_POINT ( 'NONE',  ( 8.504798517860844953, 3.794632526997347544, 2.843916905026620423 ) ) ;
#444 = CARTESIAN_POINT ( 'NONE',  ( 2.492977710652224843, 1.047059834799440869, 1.631788277964579148 ) ) ;
#445 = CARTESIAN_POINT ( 'NONE',  ( 2.207391924383017567, 3.038382101406056357, 1.964812387393568782 ) ) ;
#446 = EDGE_LOOP ( 'NONE', ( #692, #2064, #1132, #4702, #1507, #2886, #1758, #3502, #117, #3077, #533 ) ) ;
#447 = CARTESIAN_POINT ( 'NONE',  ( 6.767702348188402439, 4.985966455005486075, 2.205912384013303473 ) ) ;
#448 = CARTESIAN_POINT ( 'NONE',  ( 10.03912818394969086, -3.866717440025424501, 3.497495088080036396 ) ) ;
#449 = CARTESIAN_POINT ( 'NONE',  ( 3.944346867686108205, 5.143226613260862834, 2.074308602934439971 ) ) ;
#450 = CARTESIAN_POINT ( 'NONE',  ( 2.050097316595292263, 2.190676798277653603, 1.927934487805745389 ) ) ;
#451 = CARTESIAN_POINT ( 'NONE',  ( 3.285158746016234588, -9.160046271922073657, 2.496405697803850021 ) ) ;
#452 = EDGE_CURVE ( 'NONE', #725, #1287, #1573, .T. ) ;
#453 = VECTOR ( 'NONE', #3249, 1000.000000000000114 ) ;
#454 = FACE_OUTER_BOUND ( 'NONE', #1501, .T. ) ;
#455 = CARTESIAN_POINT ( 'NONE',  ( 1.824622994361238870, 4.561949114094354663, 2.713112186008849402 ) ) ;
#456 = CARTESIAN_POINT ( 'NONE',  ( 7.044021832385071846, 0.1030533808627220882, 1.471071129733884764 ) ) ;
#457 = CARTESIAN_POINT ( 'NONE',  ( 2.054136531398695009, -0.8843547828105439157, 1.911251486509446762 ) ) ;
#458 = B_SPLINE_CURVE_WITH_KNOTS ( 'NONE', 3,
 ( #5207, #2811, #1595, #827, #2416, #3241 ),
 .UNSPECIFIED., .F., .F.,
 ( 4, 1, 1, 4 ),
 ( 0.4557796726862251013, 0.5999999999998475442, 0.7999999999998600453, 0.9999999998999912210 ),
 .UNSPECIFIED. ) ;
#459 = CARTESIAN_POINT ( 'NONE',  ( 8.486085566827613391, 3.742598228997223941, 2.763675580521461228 ) ) ;
#460 = CARTESIAN_POINT ( 'NONE',  ( 6.197119504948802593, 3.953487311576159513, 1.590300886380872969 ) ) ;
#461 = EDGE_CURVE ( 'NONE', #3559, #3177, #1395, .T. ) ;
#462 = DIRECTION ( 'NONE',  ( 0.000000000000000000, 0.000000000000000000, -1.000000000000000000 ) ) ;
#463 = VERTEX_POINT ( 'NONE', #5217 ) ;
#464 = CARTESIAN_POINT ( 'NONE',  ( -0.1351733088233754432, -12.24142729410534969, 4.114895789418787864 ) ) ;
#465 = CARTESIAN_POINT ( 'NONE',  ( 7.922076536789158574, 4.421130653757088247, 2.600394596410505965 ) ) ;
#466 = CARTESIAN_POINT ( 'NONE',  ( 9.248468665768665886, 1.485428528037041618, 2.937326468696991988 ) ) ;
#467 = CARTESIAN_POINT ( 'NONE',  ( 1.116803808907780526, -6.533260872989554713, 3.014800254882067154 ) ) ;
#468 = CARTESIAN_POINT ( 'NONE',  ( 7.352513764556984910, 3.475511143031933869, 1.964419272910613135 ) ) ;
#469 = CARTESIAN_POINT ( 'NONE',  ( 9.718534229687900705, -9.077399178879785424, 4.080191902317031882 ) ) ;
#470 = CARTESIAN_POINT ( 'NONE',  ( 4.290851849873885016, -11.22743397924222464, 2.044916291761038618 ) ) ;
#471 = DIRECTION ( 'NONE',  ( 0.9610862292075091906, -0.02244091818098039107, 0.2753355502271463973 ) ) ;
#472 = CARTESIAN_POINT ( 'NONE',  ( 7.645401646916141658, 2.684524590295861657, 1.962431584575850652 ) ) ;
#473 = CARTESIAN_POINT ( 'NONE',  ( 2.161790696834190673, 3.051945495428189492, 1.994092265362051197 ) ) ;
#474 = CARTESIAN_POINT ( 'NONE',  ( 9.342686761242616100, 0.4387605356660218003, 2.897059105997657813 ) ) ;
#475 = CARTESIAN_POINT ( 'NONE',  ( 8.507942028484531960, 3.789369326908350377, 2.796822420787504093 ) ) ;
#476 = CARTESIAN_POINT ( 'NONE',  ( 7.458604178810348984, 0.6584866779793530078, 1.679151426406877423 ) ) ;
#477 = CARTESIAN_POINT ( 'NONE',  ( 5.898292046045872539, -11.47730806089362332, 6.594978632478634140 ) ) ;
#478 = ORIENTED_EDGE ( 'NONE', *, *, #1724, .T. ) ;
#479 = CARTESIAN_POINT ( 'NONE',  ( 7.717296785239774692, -12.33411922393609572, 3.171914864259398392 ) ) ;
#480 = CARTESIAN_POINT ( 'NONE',  ( 5.559582122874030752, 3.927799137459081713, 1.422548569963142162 ) ) ;
#481 = CARTESIAN_POINT ( 'NONE',  ( 7.880545211475578959, -3.914100244488433411, 1.972661150253817386 ) ) ;
#482 = CARTESIAN_POINT ( 'NONE',  ( 7.157730042040250318, 5.113744881360918093, 2.496926660724901659 ) ) ;
#483 = CARTESIAN_POINT ( 'NONE',  ( 2.116095703296062780, 2.703155492484009770, 1.954363108626264500 ) ) ;
#484 = CARTESIAN_POINT ( 'NONE',  ( 2.255546875045420396, 0.3870094559254855238, 1.757019248788516563 ) ) ;
#485 = CARTESIAN_POINT ( 'NONE',  ( 7.574859055020252363, 3.760563985123060782, 2.168750987301900857 ) ) ;
#486 = CARTESIAN_POINT ( 'NONE',  ( 4.290679524312645654, -11.28450808739673583, 2.795833333333335169 ) ) ;
#487 = CARTESIAN_POINT ( 'NONE',  ( 4.760545773805632486, -0.7494624298459706679, 1.107556989110225487 ) ) ;
#488 = CARTESIAN_POINT ( 'NONE',  ( 7.733552014198150637, 0.8084870956150680410, 1.828688022492713117 ) ) ;
#489 = CARTESIAN_POINT ( 'NONE',  ( 10.16964364155463052, 3.632736661086710672, 4.620142146743253520 ) ) ;
#490 = CARTESIAN_POINT ( 'NONE',  ( 4.001824590877986587, 4.089783740350711128, 1.518625767527678194 ) ) ;
#491 = CARTESIAN_POINT ( 'NONE',  ( 7.754816647412759778, 5.486291490457567477, 3.046427144609030968 ) ) ;
#492 = CARTESIAN_POINT ( 'NONE',  ( 8.955483790212525719, -3.139624747925541470, 2.509945012992592428 ) ) ;
#493 = VERTEX_POINT ( 'NONE', #5184 ) ;
#494 = CARTESIAN_POINT ( 'NONE',  ( 5.353991476618719325, -10.99061396772119181, 2.050049906778780962 ) ) ;
#495 = CARTESIAN_POINT ( 'NONE',  ( 10.47048329032563352, -13.92180645671581374, 4.645328496989264977 ) ) ;
#496 = EDGE_CURVE ( 'NONE', #4011, #1111, #660, .T. ) ;
#497 = CARTESIAN_POINT ( 'NONE',  ( 7.976972712198628912, 4.071680528576375302, 2.511660081428188640 ) ) ;
#498 = CARTESIAN_POINT ( 'NONE',  ( 8.963984905808946024, 3.782263999939750043, 3.185347327245198201 ) ) ;
#499 = CARTESIAN_POINT ( 'NONE',  ( 1.106421014814236381, -4.313875236606090624, 2.739057686954000648 ) ) ;
#500 = CARTESIAN_POINT ( 'NONE',  ( 9.999923622380398669, -7.768158828647841574, 4.218080711801936111 ) ) ;
#501 = CARTESIAN_POINT ( 'NONE',  ( 9.318186536697654176, -7.681992651597468580, 3.483801529721600065 ) ) ;
#502 = ORIENTED_EDGE ( 'NONE', *, *, #2366, .T. ) ;
#503 = CARTESIAN_POINT ( 'NONE',  ( 7.870992866597859461, 4.519095927710609750, 2.605868699219717310 ) ) ;
#504 = CARTESIAN_POINT ( 'NONE',  ( 2.055057101913671858, 2.713262741494718355, 1.984821785041937181 ) ) ;
#505 = FACE_OUTER_BOUND ( 'NONE', #653, .T. ) ;
#506 = CARTESIAN_POINT ( 'NONE',  ( 8.964837768510895089, 2.318155940452538477, 2.822097048601461822 ) ) ;
#507 = CARTESIAN_POINT ( 'NONE',  ( 3.332231547679812778, 0.7783639273936382441, 1.289361925393907038 ) ) ;
#508 = AXIS2_PLACEMENT_3D ( 'NONE', #1564, #3996, #5202 ) ;
#509 = CARTESIAN_POINT ( 'NONE',  ( 4.294737537024197138, -10.98897629336345538, 2.112805961438631197 ) ) ;
#510 = EDGE_LOOP ( 'NONE', ( #3600, #1046, #1492 ) ) ;
#511 = CARTESIAN_POINT ( 'NONE',  ( 7.011669252697308785, -10.52578053901570598, 2.726376649727939583 ) ) ;
#512 = CARTESIAN_POINT ( 'NONE',  ( 5.788053142105394677, 6.152717858899508840, 2.655238168237905594 ) ) ;
#513 = CARTESIAN_POINT ( 'NONE',  ( 2.147740192953859761, -4.041105926795713010, 2.137735893493154737 ) ) ;
#514 = CARTESIAN_POINT ( 'NONE',  ( 2.138414982864303759, -2.104292526653158912, 1.957274333461599625 ) ) ;
#515 = CARTESIAN_POINT ( 'NONE',  ( 2.397762527852818071, 6.042728119904250406, 3.267778797408496416 ) ) ;
#516 = CARTESIAN_POINT ( 'NONE',  ( 5.546448979782469202, -0.7531463080131806098, 1.120159761702774981 ) ) ;
#517 = CARTESIAN_POINT ( 'NONE',  ( 1.999949998752933222, -2.854900502065076839, 2.092078485232591767 ) ) ;
#518 = CARTESIAN_POINT ( 'NONE',  ( 10.57333193247328040, 3.513263720768184051, 5.830619724848419949 ) ) ;
#519 = CARTESIAN_POINT ( 'NONE',  ( 3.358150776013663741, 3.978096598191122268, 1.669778692191667524 ) ) ;
#520 = CARTESIAN_POINT ( 'NONE',  ( 2.836069833490657111, -8.548870320449967863, 2.545829717299091133 ) ) ;
#521 = CARTESIAN_POINT ( 'NONE',  ( 8.110363290647109480, 5.202409162947729371, 3.111380529136471562 ) ) ;
#522 = CARTESIAN_POINT ( 'NONE',  ( 10.45928903600908555, -13.19975068707424093, 4.870966767676872422 ) ) ;
#523 = CARTESIAN_POINT ( 'NONE',  ( 8.960832578742881083, 0.7836283896251738934, 2.620394539442995718 ) ) ;
#524 = CARTESIAN_POINT ( 'NONE',  ( 9.263978902270840976, 3.591334019759723439, 3.423002288635951906 ) ) ;
#525 = CARTESIAN_POINT ( 'NONE',  ( 0.5321946153927434864, -8.822014137717159699, 3.834582661412223814 ) ) ;
#526 = ADVANCED_FACE ( 'NONE', ( #3949 ), #4852, .T. ) ;
#527 = ORIENTED_EDGE ( 'NONE', *, *, #3573, .T. ) ;
#528 = CARTESIAN_POINT ( 'NONE',  ( 2.000004308507444595, 2.004639296101242696, 1.941714696816764452 ) ) ;
#529 = CARTESIAN_POINT ( 'NONE',  ( 8.607627300492676881, -9.618677324906306225, 3.254971098186313139 ) ) ;
#530 = CARTESIAN_POINT ( 'NONE',  ( 8.959524379126580840, 0.2287796993131752110, 2.575621958915883081 ) ) ;
#531 = CARTESIAN_POINT ( 'NONE',  ( 2.028813964861896135, -3.838388694485828090, 2.175439792369014302 ) ) ;
#532 = CARTESIAN_POINT ( 'NONE',  ( 7.622070177846711481, 0.6566579039767317383, 1.757886103619806129 ) ) ;
#533 = ORIENTED_EDGE ( 'NONE', *, *, #3147, .F. ) ;
#534 = CARTESIAN_POINT ( 'NONE',  ( 9.252168076234250194, -3.470819517829182299, 2.739735143165565212 ) ) ;
#535 = CARTESIAN_POINT ( 'NONE',  ( 6.203974612931703270, 4.078601972553247634, 1.630962407996615848 ) ) ;
#536 = CARTESIAN_POINT ( 'NONE',  ( 4.014687126137155282, -3.974324115359195719, 1.488682999332915369 ) ) ;
#537 = LINE ( 'NONE', #179, #4064 ) ;
#538 =( BOUNDED_SURFACE ( )  B_SPLINE_SURFACE ( 3, 2, ( 
 ( #2585, #144, #600 ),
 ( #170, #2981, #2236 ),
 ( #3750, #4583, #4192 ),
 ( #995, #3009, #1447 ) ),
 .UNSPECIFIED., .F., .F., .T. ) 
 B_SPLINE_SURFACE_WITH_KNOTS ( ( 4, 4 ),
 ( 3, 3 ),
 ( 0.004903933544482892010, 0.005188919974809356669 ),
 ( 0.000000000000000000, 1.000000000000000000 ),
 .UNSPECIFIED. ) 
 GEOMETRIC_REPRESENTATION_ITEM ( )  RATIONAL_B_SPLINE_SURFACE ( (
 ( 1.000000000000000000, 0.6285616913226665936, 1.000000000000000000),
 ( 1.000000000000000000, 0.6240310772727952759, 1.000000000000000000),
 ( 1.000000000000000000, 0.6199719313921008279, 1.000000000000000000),
 ( 1.000000000000000000, 0.6164899817197220244, 1.000000000000000000) ) ) 
 REPRESENTATION_ITEM ( '' )  SURFACE ( )  );
#539 = CARTESIAN_POINT ( 'NONE',  ( -0.1779480196609159459, -10.73707082446398431, 4.489569278615575421 ) ) ;
#540 = B_SPLINE_CURVE_WITH_KNOTS ( 'NONE', 3,
 ( #870, #3983, #1198, #381 ),
 .UNSPECIFIED., .F., .F.,
 ( 4, 4 ),
 ( 0.000000000000000000, 0.002966344893377557360 ),
 .UNSPECIFIED. ) ;
#541 = CARTESIAN_POINT ( 'NONE',  ( 4.171430792689443834, 5.191355910205698976, 1.998505135405251876 ) ) ;
#542 = CARTESIAN_POINT ( 'NONE',  ( 10.12723290281502386, -0.01177691136025615926, 3.649350321591369628 ) ) ;
#543 = CARTESIAN_POINT ( 'NONE',  ( 7.608209306960069362, 0.6760083553776219389, 1.755436713566469242 ) ) ;
#544 = CARTESIAN_POINT ( 'NONE',  ( 9.258949587812457693, 3.678055090365700330, 3.433560630542867198 ) ) ;
#545 = CARTESIAN_POINT ( 'NONE',  ( 7.033694582441116339, 3.507282820763624187, 1.799777866553406547 ) ) ;
#546 = CARTESIAN_POINT ( 'NONE',  ( 7.754169996289288491, 5.447279347481681633, 3.020042091993370370 ) ) ;
#547 = CARTESIAN_POINT ( 'NONE',  ( 2.509781043009093882, -6.606327864199013078, 2.299997701675207562 ) ) ;
#548 = DIRECTION ( 'NONE',  ( 0.9611348081323237702, -0.02075889859812106095, 0.2752979272087494600 ) ) ;
#549 = CARTESIAN_POINT ( 'NONE',  ( 7.971248042291918523, 4.106520154286486424, 2.519594946140373271 ) ) ;
#550 = CARTESIAN_POINT ( 'NONE',  ( 9.893493445437401945, 0.1428399660142465333, 3.408038667847429259 ) ) ;
#551 = CARTESIAN_POINT ( 'NONE',  ( -0.5971474644879195548, -11.71688040919366358, 5.373231221165434057 ) ) ;
#552 = CARTESIAN_POINT ( 'NONE',  ( 8.364636282962413460, 4.010813617458178548, 2.808891029297234887 ) ) ;
#553 = CARTESIAN_POINT ( 'NONE',  ( 1.886778345058171658, 0.3367546392546161282, 1.953438060418831945 ) ) ;
#554 = CARTESIAN_POINT ( 'NONE',  ( 8.959675851571347494, 0.2937739730086603718, 2.580229390235202924 ) ) ;
#555 = CARTESIAN_POINT ( 'NONE',  ( 8.999949998749931623, 2.007213078123400329, 2.802902269225595155 ) ) ;
#556 = CARTESIAN_POINT ( 'NONE',  ( 5.523770811823522031, 0.7857470214469308711, 1.044358735224689250 ) ) ;
#557 = CARTESIAN_POINT ( 'NONE',  ( 9.069202125076294863, -9.622736993681325401, 3.624587857801995217 ) ) ;
#558 = CARTESIAN_POINT ( 'NONE',  ( 6.195062972553927239, 3.915952913283033077, 1.578102429896148351 ) ) ;
#559 = CARTESIAN_POINT ( 'NONE',  ( 5.594687786503023119, -4.051342077745628600, 1.377727285140096569 ) ) ;
#560 = CARTESIAN_POINT ( 'NONE',  ( 7.345641828356129999, 3.470800188149353538, 1.959463828412092656 ) ) ;
#561 = EDGE_CURVE ( 'NONE', #4414, #425, #3724, .T. ) ;
#562 = FACE_OUTER_BOUND ( 'NONE', #510, .T. ) ;
#563 = CARTESIAN_POINT ( 'NONE',  ( 3.214268669827834657, -0.3171193568581309741, 1.371640945842655057 ) ) ;
#564 = CARTESIAN_POINT ( 'NONE',  ( 7.718371008253201992, 0.7640538567995347474, 1.818587255545552228 ) ) ;
#565 =( NAMED_UNIT ( * ) SI_UNIT ( $, .STERADIAN. ) SOLID_ANGLE_UNIT ( ) );
#566 = CARTESIAN_POINT ( 'NONE',  ( 6.152767463278287607, 2.672459141191962928, 1.296262438641692327 ) ) ;
#567 = CARTESIAN_POINT ( 'NONE',  ( 2.057439689988755926, -7.670927052371933286, 2.702835562024696880 ) ) ;
#568 = CARTESIAN_POINT ( 'NONE',  ( 7.752231284911474951, 5.494255501827360888, 3.050020507310303941 ) ) ;
#569 = CARTESIAN_POINT ( 'NONE',  ( 1.792529963285164563, -5.791335534747727110, 2.513871710311975427 ) ) ;
#570 = CARTESIAN_POINT ( 'NONE',  ( 7.255358005409098254, 0.8160372903636436970, 1.585840827455571311 ) ) ;
#571 = CARTESIAN_POINT ( 'NONE',  ( 4.371636577773641008, -11.18344538569186142, 2.074150769103206393 ) ) ;
#572 = CARTESIAN_POINT ( 'NONE',  ( 8.238339322707119550, 4.526762693020685902, 2.863620012032279227 ) ) ;
#573 = CARTESIAN_POINT ( 'NONE',  ( 9.632064744670508105, 2.942155694809351019, 3.642860295488395739 ) ) ;
#574 = CARTESIAN_POINT ( 'NONE',  ( 10.00695120174816388, -7.593713694483639642, 4.195793679582241253 ) ) ;
#575 = CARTESIAN_POINT ( 'NONE',  ( -0.5789617404549051161, -9.957990830047197761, 5.470194808428356481 ) ) ;
#576 = ORIENTED_EDGE ( 'NONE', *, *, #1005, .T. ) ;
#577 = LINE ( 'NONE', #4614, #1580 ) ;
#578 = CARTESIAN_POINT ( 'NONE',  ( 1.760222833693876554, 0.3424685546449812712, 2.020529253360015876 ) ) ;
#579 = CARTESIAN_POINT ( 'NONE',  ( 7.328521616703165265, 3.839161222683407093, 2.047332662701439876 ) ) ;
#580 = CARTESIAN_POINT ( 'NONE',  ( 8.999949998749938729, -0.5809828277150962395, 2.604667065381859992 ) ) ;
#581 = CARTESIAN_POINT ( 'NONE',  ( 7.557103485243430896, 3.677191830357862123, 2.133469452346749673 ) ) ;
#582 = B_SPLINE_CURVE_WITH_KNOTS ( 'NONE', 3,
 ( #4806, #3515, #1613, #3203 ),
 .UNSPECIFIED., .F., .F.,
 ( 4, 4 ),
 ( 1.401265771941050669E-17, 0.001268316960954675226 ),
 .UNSPECIFIED. ) ;
#583 = CARTESIAN_POINT ( 'NONE',  ( 9.877856088362307219, -10.31307455335439549, 4.504403890911766517 ) ) ;
#584 = CARTESIAN_POINT ( 'NONE',  ( 7.707676434319559178, 3.764107859279469892, 2.246477963899420782 ) ) ;
#585 = LINE ( 'NONE', #4179, #3696 ) ;
#586 = DIRECTION ( 'NONE',  ( -3.053113317719180979E-16, -1.000000000000000000, 3.191891195797325547E-16 ) ) ;
#587 = CARTESIAN_POINT ( 'NONE',  ( 2.883230384393056234, 6.455345288084196831, 3.330816660090646142 ) ) ;
#588 = CARTESIAN_POINT ( 'NONE',  ( 1.877277248023230483, -0.6616896402240335373, 1.987798704026605412 ) ) ;
#589 = CARTESIAN_POINT ( 'NONE',  ( 7.592150949396262227, 3.436103403309354043, 2.089703220177036691 ) ) ;
#590 = CARTESIAN_POINT ( 'NONE',  ( 7.902697914007528190, 3.807067364981314928, 2.379493705080024668 ) ) ;
#591 = CARTESIAN_POINT ( 'NONE',  ( 10.17447470581027780, 3.607632644913566722, 4.615449589468089364 ) ) ;
#592 = CARTESIAN_POINT ( 'NONE',  ( 7.484542027173014311, 2.599900293411089081, 1.850945146688153020 ) ) ;
#593 = B_SPLINE_CURVE_WITH_KNOTS ( 'NONE', 3,
 ( #438, #840, #1254, #4827 ),
 .UNSPECIFIED., .F., .F.,
 ( 4, 4 ),
 ( 0.000000000000000000, 1.000000000000000000 ),
 .UNSPECIFIED. ) ;
#594 = CARTESIAN_POINT ( 'NONE',  ( 4.015046461579352410, -4.434755881765283902, 1.531582660619033920 ) ) ;
#595 = CARTESIAN_POINT ( 'NONE',  ( 8.052652594366675132, 0.8030570735137743110, 2.010868997007958292 ) ) ;
#596 = CARTESIAN_POINT ( 'NONE',  ( 1.999980547612236981, 2.015292495517934768, 1.942614077590104404 ) ) ;
#597 = CARTESIAN_POINT ( 'NONE',  ( 9.544705484851354171, 3.843565204973586891, 3.839628946106892204 ) ) ;
#598 = FACE_OUTER_BOUND ( 'NONE', #1835, .T. ) ;
#599 = ORIENTED_EDGE ( 'NONE', *, *, #3531, .F. ) ;
#600 = CARTESIAN_POINT ( 'NONE',  ( 4.325105925580871258, -11.29697908810344131, 2.174629934099681527 ) ) ;
#601 = CARTESIAN_POINT ( 'NONE',  ( 2.604130203823082912, 0.2384327010615527875, 1.585709519287447966 ) ) ;
#602 = CARTESIAN_POINT ( 'NONE',  ( 8.999949998750558677, 0.1800640612381257111, 2.602074380925141650 ) ) ;
#603 = CARTESIAN_POINT ( 'NONE',  ( 7.659174966487193537, 3.655760822701414892, 2.187187343199073819 ) ) ;
#604 = CARTESIAN_POINT ( 'NONE',  ( -0.7637390920628567281, -9.351993153063952846, 6.052196762635999150 ) ) ;
#605 = CARTESIAN_POINT ( 'NONE',  ( 7.565037025221897693, 3.759118661889965018, 2.162530834535894897 ) ) ;
#606 = CARTESIAN_POINT ( 'NONE',  ( 10.04100548944067484, -3.527441794292540678, 3.462537157566670132 ) ) ;
#607 = CARTESIAN_POINT ( 'NONE',  ( 7.577395662647350427, 3.705389802035802482, 2.153853267502771285 ) ) ;
#608 = CARTESIAN_POINT ( 'NONE',  ( 6.619109674840538915, -11.19600635939787203, 2.221799191899892278 ) ) ;
#609 = CARTESIAN_POINT ( 'NONE',  ( 2.136171603483044468, -1.674637421658643488, 1.923367858753085580 ) ) ;
#610 = CARTESIAN_POINT ( 'NONE',  ( 2.173419410753520964, 4.946177158330733903, 2.675848447537210628 ) ) ;
#611 = CARTESIAN_POINT ( 'NONE',  ( 7.110343885428388688, -1.915156219419539285, 1.533232905816740432 ) ) ;
#612 = CARTESIAN_POINT ( 'NONE',  ( 7.589132200557232366, 3.514336347439167341, 2.106557403625387348 ) ) ;
#613 = CARTESIAN_POINT ( 'NONE',  ( 2.141064342006024024, -2.583007024558826803, 1.998538218403666411 ) ) ;
#614 = B_SPLINE_SURFACE_WITH_KNOTS ( 'NONE', 3, 3, ( 
 ( #4558, #3010, #2213, #217, #1813, #3432, #3408, #5032, #3055, #2562, #4639, #171, #2237, #2636, #2611, #656, #1761, #4173, #2543, #3034, #553, #578 ),
 ( #3845, #241, #4216, #2140, #996, #3751, #1376, #1737, #2982, #3360, #4584, #4961, #195, #972, #1789, #2586, #601, #4663, #3080, #3868, #1549, #2447 ),
 ( #5078, #3534, #2681, #265, #1169, #755, #2311, #4262, #49, #1090, #456, #1860, #3893, #3166, #3507, #727, #291, #3480, #3922, #5159, #320, #1068 ),
 ( #4288, #1495, #4341, #2659, #1113, #2711, #1912, #3663, #678, #4768, #5130, #1651, #2259, #1470, #1523, #701, #2050, #2340, #4687, #2283, #2768, #1884 ),
 ( #5104, #3137, #3108, #4741, #3948, #4711, #4313, #1143, #2739, #348, #1937, #3561, #4369, #858, #4057, #80, #3322, #4948, #2500, #3347, #2475, #3690 ),
 ( #3371, #542, #4971, #912, #4900, #182, #4548, #1270, #1298, #1726, #3737, #134, #2104, #4086, #4570, #563, #3714, #2972, #983, #2080, #1365, #4113 ),
 ( #4495, #2573, #2152, #3785, #2552, #1347, #2898, #1748, #2950, #1321, #1679, #2129, #516, #487, #4183, #961, #939, #2871, #3271, #106, #588, #3300 ),
 ( #2175, #4160, #3762, #1703, #4925, #157, #2923, #4469, #4522, #2529, #4138, #4873, #885, #3395, #3443, #5042, #1058, #713, #4994, #3881, #3044, #3907 ),
 ( #1436, #4202, #667, #1034, #2598, #2622, #2297, #4275, #2248, #2995, #611, #4650, #1773, #3857, #3064, #3022, #4226, #1388, #207, #3833, #2668, #3810 ),
 ( #251, #1800, #2223, #2646, #4673, #641, #4598, #1848, #1481, #3419, #2199, #3467, #4627, #5065, #1458, #4250, #3094, #1079, #5017, #689, #2271, #1006 ),
 ( #229, #1824, #5091, #278, #1412, #1871, #3491, #4697, #1102, #2697, #4301, #740, #4383, #3547, #4729, #2016, #1589, #3179, #5117, #852, #1925, #1237 ),
 ( #4022, #4355, #1562, #4756, #2726, #4782, #823, #1182, #304, #3207, #768, #1509, #393, #796, #2753, #4411, #2325, #4436, #2440, #363, #3634, #1537 ),
 ( #3122, #2781, #3152, #2836, #4810, #1128, #3519, #423, #4326, #1897, #2411, #334, #4838, #2382, #5144, #1155, #16, #2353, #3937, #3966, #1955, #3604 ),
 ( #3994, #3576, #5172, #1982, #1207, #5200, #2806, #1617, #3236, #481, #2864, #2918, #74, #4133, #536, #1316, #151, #2124, #880, #4514, #3733, #2969 ),
 ( #128, #1721, #3343, #935, #4944, #1362, #2076, #2549, #1673, #1744, #4156, #2525, #559, #3296, #3685, #979, #1341, #2044, #4891, #2944, #4543, #957 ),
 ( #4049, #4109, #3658, #2889, #448, #907, #2147, #4489, #4465, #3366, #3757, #2494, #4967, #4565, #2468, #42, #1291, #2101, #513, #3709, #1645, #3264 ) ),
 .UNSPECIFIED., .F., .F., .F.,
 ( 4, 3, 1, 1, 1, 1, 1, 1, 3, 4 ),
 ( 4, 3, 1, 1, 1, 1, 1, 1, 1, 1, 1, 1, 1, 1, 3, 4 ),
 ( -0.5000000000000000000, 0.000000000000000000, 1.000000000000000000, 2.000000000000000000, 3.000000000000000000, 5.000000000000000000, 7.000000000000000000, 9.000000000000000000, 10.00000000000000000, 10.50000000000000000 ),
 ( -1.100000000000000089, 0.000000000000000000, 1.000000000000000000, 2.000000000000000000, 3.000000000000000000, 5.000000000000000000, 7.000000000000000000, 9.000000000000000000, 11.00000000000000000, 13.00000000000000000, 15.00000000000000000, 17.00000000000000000, 19.00000000000000000, 21.00000000000000000, 22.00000000000000000, 23.10000000000000142 ),
 .UNSPECIFIED. ) ;
#615 = CARTESIAN_POINT ( 'NONE',  ( 7.314466578508167061, 3.489627799053124591, 1.943463592235024739 ) ) ;
#616 = ORIENTED_EDGE ( 'NONE', *, *, #1005, .F. ) ;
#617 = CARTESIAN_POINT ( 'NONE',  ( 8.359624124396697553, 3.896871659418987832, 2.717402231840105653 ) ) ;
#618 = CARTESIAN_POINT ( 'NONE',  ( 2.501010785541071257, -3.571972966177561215, 1.912662488277398820 ) ) ;
#619 = CARTESIAN_POINT ( 'NONE',  ( -0.6965921506932836182, -13.97882395420269042, 4.809369390645882980 ) ) ;
#620 = CARTESIAN_POINT ( 'NONE',  ( 10.25168408475111903, 3.960757671748998732, 6.685745411395712878 ) ) ;
#621 = CARTESIAN_POINT ( 'NONE',  ( 9.925519257610845969, 0.2902911114401329762, 3.463990354456901954 ) ) ;
#622 = ADVANCED_FACE ( 'NONE', ( #3588 ), #3497, .T. ) ;
#623 = ORIENTED_EDGE ( 'NONE', *, *, #2091, .T. ) ;
#624 = CARTESIAN_POINT ( 'NONE',  ( -0.4675775151393724016, -9.009741959433187120, 5.092787880295698955 ) ) ;
#625 = EDGE_LOOP ( 'NONE', ( #1713, #1880, #3866, #5004 ) ) ;
#626 = ORIENTED_EDGE ( 'NONE', *, *, #3378, .F. ) ;
#627 = CARTESIAN_POINT ( 'NONE',  ( 2.049770063764480454, 2.010487585300845037, 1.913229213524654693 ) ) ;
#628 = CARTESIAN_POINT ( 'NONE',  ( 6.001362110242044245, -10.95784851986692310, 6.499999975387397377 ) ) ;
#629 = CARTESIAN_POINT ( 'NONE',  ( 8.504798517860869822, 3.794632526997326671, 2.843916905026509401 ) ) ;
#630 = CARTESIAN_POINT ( 'NONE',  ( 1.999949998749939617, -0.8793720564002904805, 2.000000000000000444 ) ) ;
#631 = CARTESIAN_POINT ( 'NONE',  ( -0.6788970050849787441, -3.392187764179737997, 5.183068828985541110 ) ) ;
#632 = CARTESIAN_POINT ( 'NONE',  ( 8.383751858123858369, -9.958128499253065868, 3.109979763944179965 ) ) ;
#633 = CARTESIAN_POINT ( 'NONE',  ( 7.515272264280000947, 5.637579846697243546, 2.991429404751604348 ) ) ;
#634 = CARTESIAN_POINT ( 'NONE',  ( 10.12813450882780586, -3.789293222411421524, 3.589113209249499725 ) ) ;
#635 = CARTESIAN_POINT ( 'NONE',  ( 7.740688159966553350, 5.905143699131559565, 3.334519469431750149 ) ) ;
#636 = CARTESIAN_POINT ( 'NONE',  ( 5.845101755229798357, -11.39822449058873310, 6.500000000000001776 ) ) ;
#637 = B_SPLINE_CURVE_WITH_KNOTS ( 'NONE', 3,
 ( #3715, #3610, #1623, #3272, #2417, #1652, #802, #5209, #1188, #3242, #3301, #1680, #2389, #4496, #2023, #4442, #3639, #399, #859 ),
 .UNSPECIFIED., .F., .F.,
 ( 4, 3, 3, 3, 3, 3, 4 ),
 ( -2.424400070410834515E-05, 0.000000000000000000, 1.896274742190485365E-05, 5.286989324810366939E-05, 8.677687570725987746E-05, 0.0001206838144676847252, 0.0001545907556085008400 ),
 .UNSPECIFIED. ) ;
#638 = CARTESIAN_POINT ( 'NONE',  ( 0.5506496362542647738, -8.420328372355733393, 3.727111157298233834 ) ) ;
#639 = ORIENTED_EDGE ( 'NONE', *, *, #3246, .F. ) ;
#640 = CARTESIAN_POINT ( 'NONE',  ( 2.776512084535661451, 6.022730471602816493, 3.017112986611871328 ) ) ;
#641 = CARTESIAN_POINT ( 'NONE',  ( 9.840203256218822858, -2.519605083768333920, 3.191005729376275468 ) ) ;
#642 = CARTESIAN_POINT ( 'NONE',  ( 7.595857689903850130, 3.404540569115516391, 2.084020754086164384 ) ) ;
#643 = CARTESIAN_POINT ( 'NONE',  ( 2.385553156724298685, -11.43564216123701982, 2.475985747909996704 ) ) ;
#644 = CARTESIAN_POINT ( 'NONE',  ( 8.156761691466726916, 3.787267453408516005, 2.538866688879557021 ) ) ;
#645 = B_SPLINE_CURVE_WITH_KNOTS ( 'NONE', 3,
 ( #1346, #1702, #857, #2948 ),
 .UNSPECIFIED., .F., .F.,
 ( 4, 4 ),
 ( 2.637977740025101358E-18, 0.0002935160363611408912 ),
 .UNSPECIFIED. ) ;
#646 = CARTESIAN_POINT ( 'NONE',  ( 5.532391388298855794, -8.993769077210666651, 2.221106859616954754 ) ) ;
#647 = CARTESIAN_POINT ( 'NONE',  ( 8.999949998749933400, -8.000050001250148313, 3.377340718716893342 ) ) ;
#648 = CARTESIAN_POINT ( 'NONE',  ( 10.26275306347782390, 3.982970735224355963, 6.644280469059158811 ) ) ;
#649 = CARTESIAN_POINT ( 'NONE',  ( 9.870100776104555607, 1.410036082214821684, 3.572100038089236929 ) ) ;
#650 = EDGE_LOOP ( 'NONE', ( #2357, #3292, #2057, #3617 ) ) ;
#651 = CARTESIAN_POINT ( 'NONE',  ( 7.573047192435299557, 3.799974115890614179, 2.179392215730934002 ) ) ;
#652 = CARTESIAN_POINT ( 'NONE',  ( -0.5998451339866219811, -11.81672023337443278, 5.355409875940233988 ) ) ;
#653 = EDGE_LOOP ( 'NONE', ( #2086, #432, #209, #4684 ) ) ;
#654 = EDGE_CURVE ( 'NONE', #131, #5128, #4656, .T. ) ;
#655 = CARTESIAN_POINT ( 'NONE',  ( 4.538882174250382207, -10.93065523592284904, 2.089597624851097013 ) ) ;
#656 = CARTESIAN_POINT ( 'NONE',  ( 3.209821473856087959, 0.2844044068263662517, 1.340757100088965093 ) ) ;
#657 = CARTESIAN_POINT ( 'NONE',  ( 5.527708547357804036, 0.4401426533601482394, 1.052839290392318050 ) ) ;
#658 = CARTESIAN_POINT ( 'NONE',  ( 6.639150015852593789, -11.29589124232809638, 2.261960912764721332 ) ) ;
#659 = CARTESIAN_POINT ( 'NONE',  ( -0.7330668477278784456, -3.228691404682154875, 5.373211789008609074 ) ) ;
#660 = B_SPLINE_CURVE_WITH_KNOTS ( 'NONE', 3,
 ( #2396, #781, #2740, #1629, #2819 ),
 .UNSPECIFIED., .F., .F.,
 ( 4, 1, 4 ),
 ( 0.000000000000000000, 0.3559932764846774900, 1.000000000000000000 ),
 .UNSPECIFIED. ) ;
#661 = CARTESIAN_POINT ( 'NONE',  ( 7.968623596737687720, 4.166734216056400264, 2.535465529535463336 ) ) ;
#662 = B_SPLINE_SURFACE_WITH_KNOTS ( 'NONE', 3, 3, ( 
 ( #4758, #4413, #825, #4731, #2413, #715, #3493, #3124, #1485, #5174 ),
 ( #3909, #3968, #1130, #306, #2728, #3096, #4699, #1900, #1157, #2755 ),
 ( #4910, #190, #1783, #1851, #3470, #2179, #4905, #3327, #568, #2902 ),
 ( #4141, #4473, #890, #943, #2533, #4091, #918, #491, #2954, #2084 ),
 ( #4165, #2109, #2156, #3694, #2505, #3765, #86, #4117, #546, #162 ),
 ( #138, #4975, #521, #1729, #1083, #670, #3069, #719, #5021, #1875 ),
 ( #4703, #3495, #2251, #5095, #1039, #1417, #309, #4678, #1392, #3025 ),
 ( #3860, #255, #2226, #4207, #1105, #2702, #3400, #1487, #2674, #4997 ),
 ( #5045, #2602, #1462, #2276, #4306, #4653, #3000, #4605, #1012, #1060 ),
 ( #2301, #4280, #617, #2203, #3098, #3812, #3913, #281, #3423, #210 ),
 ( #4629, #2625, #1803, #3836, #4229, #644, #234, #693, #1828, #3447 ),
 ( #1440, #3048, #2650, #4254, #1853, #3471, #5070, #3885, #3523, #3211 ),
 ( #1988, #3608, #4387, #3239, #5205, #3940, #2387, #1594, #855, #367 ),
 ( #4330, #337, #1959, #4814, #1160, #1211, #1133, #2330, #1514, #3579 ) ),
 .UNSPECIFIED., .F., .F., .F.,
 ( 4, 3, 1, 1, 1, 1, 3, 4 ),
 ( 4, 3, 3, 4 ),
 ( -0.2500000000000000000, 0.000000000000000000, 1.000000000000000000, 2.000000000000000000, 3.000000000000000000, 4.000000000000000000, 5.000000000000000000, 5.250000000000000000 ),
 ( -0.05000000000000000278, 0.000000000000000000, 1.000000000000000000, 1.050000000000000044 ),
 .UNSPECIFIED. ) ;
#663 = CARTESIAN_POINT ( 'NONE',  ( 9.751034593283952390, -12.28754124469424980, 4.671860809552043747 ) ) ;
#664 = CARTESIAN_POINT ( 'NONE',  ( 7.662305273416776252, 5.563111412690058266, 3.029148472998492103 ) ) ;
#665 = CARTESIAN_POINT ( 'NONE',  ( 6.660488008823132411, -11.30223672509997535, 2.206614026150439667 ) ) ;
#666 = CARTESIAN_POINT ( 'NONE',  ( 1.731359584535336893, 3.941763833360090175, 2.517573047079431525 ) ) ;
#667 = CARTESIAN_POINT ( 'NONE',  ( 10.17563776225710548, -1.671668892506111836, 3.556683771130635385 ) ) ;
#668 = CARTESIAN_POINT ( 'NONE',  ( 7.342484304230928238, 3.477227125071813418, 1.959372102313124531 ) ) ;
#669 = CARTESIAN_POINT ( 'NONE',  ( 2.207391924383017567, 3.038382101406056357, 1.964812387393568782 ) ) ;
#670 = CARTESIAN_POINT ( 'NONE',  ( 7.902010919517164389, 5.216983754601168144, 2.971679071230653335 ) ) ;
#671 = CARTESIAN_POINT ( 'NONE',  ( 3.964698043189683663, -12.37264350573399874, 2.704922620103686004 ) ) ;
#672 = CARTESIAN_POINT ( 'NONE',  ( 1.999949998749939173, -3.836820989272709426, 2.190788170656283729 ) ) ;
#673 = CARTESIAN_POINT ( 'NONE',  ( 10.31692793812490727, 4.073708572304934883, 6.324094861205607820 ) ) ;
#674 = CARTESIAN_POINT ( 'NONE',  ( 1.999949998749942504, -8.158968523648766791, 2.882942593253383645 ) ) ;
#675 = VERTEX_POINT ( 'NONE', #2135 ) ;
#676 = AXIS2_PLACEMENT_3D ( 'NONE', #4337, #4682, #2255 ) ;
#677 = CARTESIAN_POINT ( 'NONE',  ( 2.049771020228472906, 2.013979323985908731, 1.913515681067665675 ) ) ;
#678 = CARTESIAN_POINT ( 'NONE',  ( 8.431555612900057284, 0.04696543779258988138, 2.195098371324863074 ) ) ;
#679 = CARTESIAN_POINT ( 'NONE',  ( 6.008336645057366532, -10.99899145466092243, 6.499999999999997335 ) ) ;
#680 = CARTESIAN_POINT ( 'NONE',  ( 7.626039088941494626, 3.646438222100145676, 2.164704742588017705 ) ) ;
#681 = CARTESIAN_POINT ( 'NONE',  ( -0.6363121387942816121, -7.844888144825478804, 5.454757083990148914 ) ) ;
#682 = EDGE_CURVE ( 'NONE', #4224, #2211, #2149, .T. ) ;
#683 = CARTESIAN_POINT ( 'NONE',  ( 7.835604942993481536, 4.176132591915681758, 2.452226738749988755 ) ) ;
#684 = CARTESIAN_POINT ( 'NONE',  ( 9.765737445012506512, -3.419655798836212846, 3.161302794584632370 ) ) ;
#685 = CARTESIAN_POINT ( 'NONE',  ( 7.768102766635202272, 5.683448266640023228, 3.187288960860086284 ) ) ;
#686 = CARTESIAN_POINT ( 'NONE',  ( 5.861519500193303145, -11.35595736068269623, 2.031944865235162379 ) ) ;
#687 = EDGE_CURVE ( 'NONE', #4224, #994, #3090, .T. ) ;
#688 = CARTESIAN_POINT ( 'NONE',  ( 2.177749920969026309, 6.429513128560521373, 3.776246182404484841 ) ) ;
#689 = CARTESIAN_POINT ( 'NONE',  ( 2.011369918255394129, -2.653544417429265501, 2.067150612160194800 ) ) ;
#690 = CARTESIAN_POINT ( 'NONE',  ( 7.323299479835412740, 2.609123540069563596, 1.769914527286297501 ) ) ;
#691 = CARTESIAN_POINT ( 'NONE',  ( 2.147401992222516043, -3.844016379564330066, 2.118024718950045404 ) ) ;
#692 = ORIENTED_EDGE ( 'NONE', *, *, #5069, .T. ) ;
#693 = CARTESIAN_POINT ( 'NONE',  ( 8.023378208300790959, 3.797662406984064987, 2.455195872384897893 ) ) ;
#694 = CARTESIAN_POINT ( 'NONE',  ( 6.379248106114694394, -3.472902449487391685, 1.422402869964404459 ) ) ;
#695 = CARTESIAN_POINT ( 'NONE',  ( 7.639336334489949643, 3.423676831340011439, 2.113592332047481204 ) ) ;
#696 = CARTESIAN_POINT ( 'NONE',  ( 9.627211705587015445, 4.307496245329445195, 4.144441822985196033 ) ) ;
#697 = CARTESIAN_POINT ( 'NONE',  ( 2.000467029087031889, -8.168564189998384961, 2.820488462407593211 ) ) ;
#698 = B_SPLINE_CURVE_WITH_KNOTS ( 'NONE', 3,
 ( #2666, #5167, #2378, #791, #3990, #387, #3571, #1977, #3629, #2719 ),
 .UNSPECIFIED., .F., .F.,
 ( 4, 2, 2, 2, 4 ),
 ( -5.999958767782456877E-08, 0.0003077479204317732590, 0.0006155558404512244007, 0.0009233637604706754340, 0.001231171680490127660 ),
 .UNSPECIFIED. ) ;
#699 = ORIENTED_EDGE ( 'NONE', *, *, #4182, .F. ) ;
#700 = CARTESIAN_POINT ( 'NONE',  ( 6.894659259831768416, -11.44689462926826096, 2.210934286961907080 ) ) ;
#701 = CARTESIAN_POINT ( 'NONE',  ( 3.211259223319888001, 0.08374460570240160884, 1.350499843263186950 ) ) ;
#702 = CARTESIAN_POINT ( 'NONE',  ( 3.372199319550342800, 4.787798163439428656, 2.058658972802728027 ) ) ;
#703 = CARTESIAN_POINT ( 'NONE',  ( 7.735470919880985008, 3.426518019328389286, 2.171030202386270425 ) ) ;
#704 = CARTESIAN_POINT ( 'NONE',  ( 8.052652594375299344, 0.8030570735135522664, 2.010868997013110171 ) ) ;
#705 = CARTESIAN_POINT ( 'NONE',  ( -0.3964080358566414164, -3.341766364265807976, 4.275320715766268265 ) ) ;
#706 = CARTESIAN_POINT ( 'NONE',  ( 8.057336214032529753, 3.703796747865167660, 2.448998889381326816 ) ) ;
#707 = CARTESIAN_POINT ( 'NONE',  ( 8.999949998749929847, 0.4177280412593630810, 2.669710510814337745 ) ) ;
#708 = B_SPLINE_CURVE_WITH_KNOTS ( 'NONE', 3,
 ( #1965, #2816, #4034, #55 ),
 .UNSPECIFIED., .F., .F.,
 ( 4, 4 ),
 ( 0.000000000000000000, 0.08178890465241742125 ),
 .UNSPECIFIED. ) ;
#709 = CARTESIAN_POINT ( 'NONE',  ( 7.927865200070743690, 4.498989238609456542, 2.635166954430236963 ) ) ;
#710 = CARTESIAN_POINT ( 'NONE',  ( 1.974467320141969129, 2.817370856020046332, 2.045831828059445634 ) ) ;
#711 = CARTESIAN_POINT ( 'NONE',  ( 4.803297095199838829, 4.440134410388235864, 1.551970562548795840 ) ) ;
#712 = EDGE_CURVE ( 'NONE', #1593, #2263, #5023, .T. ) ;
#713 = CARTESIAN_POINT ( 'NONE',  ( 2.252031105218864848, -1.209942857020973594, 1.830638168571125268 ) ) ;
#714 = CARTESIAN_POINT ( 'NONE',  ( 7.361601434353389095, 0.7692475631674855485, 1.635901503049750128 ) ) ;
#715 = CARTESIAN_POINT ( 'NONE',  ( 7.755199664327968812, 5.573971655351478205, 3.104037924312280428 ) ) ;
#716 = CARTESIAN_POINT ( 'NONE',  ( 8.960832578742881083, 0.7836283896251738934, 2.620394539442995718 ) ) ;
#717 = CARTESIAN_POINT ( 'NONE',  ( 2.422946796632904132, -9.136052966412789189, 2.769243819361243641 ) ) ;
#718 = ORIENTED_EDGE ( 'NONE', *, *, #1094, .F. ) ;
#719 = CARTESIAN_POINT ( 'NONE',  ( 7.792371668460424949, 5.225479566077662064, 2.903285478973840483 ) ) ;
#720 = CARTESIAN_POINT ( 'NONE',  ( 6.260741625023237944, -11.33120768031922765, 2.626886207737853418 ) ) ;
#721 = CARTESIAN_POINT ( 'NONE',  ( 7.825940976105328239, 3.439383271004681220, 2.229704104293628752 ) ) ;
#722 = CARTESIAN_POINT ( 'NONE',  ( 8.311641637366969704, 4.142617154657385115, 2.763420740430802880 ) ) ;
#723 = CARTESIAN_POINT ( 'NONE',  ( 2.781304711150740960, 4.127608167992486088, 1.976528552270920391 ) ) ;
#724 = DIRECTION ( 'NONE',  ( 0.000000000000000000, 0.000000000000000000, 1.000000000000000000 ) ) ;
#725 = VERTEX_POINT ( 'NONE', #2648 ) ;
#726 = CARTESIAN_POINT ( 'NONE',  ( 2.391851827949001308, -11.12786883270816496, 2.550584597012859778 ) ) ;
#727 = CARTESIAN_POINT ( 'NONE',  ( 3.210779973498619100, 0.1506312060770564898, 1.347252262205115958 ) ) ;
#728 = CARTESIAN_POINT ( 'NONE',  ( 6.036236710491453827, -11.16357221053848825, 6.500000000000000000 ) ) ;
#729 = CARTESIAN_POINT ( 'NONE',  ( 7.494461778886248204, 3.558638826347437778, 2.063616234643717018 ) ) ;
#730 = CARTESIAN_POINT ( 'NONE',  ( 8.199950047121390639, 3.052284503900742685, 2.373320647290122931 ) ) ;
#731 = CARTESIAN_POINT ( 'NONE',  ( -0.6335096679986711443, -8.622148427689047878, 5.562028111393361840 ) ) ;
#732 = ORIENTED_EDGE ( 'NONE', *, *, #1380, .T. ) ;
#733 = CARTESIAN_POINT ( 'NONE',  ( 8.029729802737257671, 3.797167409194779353, 2.459180196979880773 ) ) ;
#734 = CARTESIAN_POINT ( 'NONE',  ( 10.06741452139546844, -7.937228709964188944, 4.337108466246759164 ) ) ;
#735 = PLANE ( 'NONE',  #316 ) ;
#736 = CARTESIAN_POINT ( 'NONE',  ( 2.022880581262691990, 3.715722816219457769, 2.256793231542391531 ) ) ;
#737 = CARTESIAN_POINT ( 'NONE',  ( 7.416443053405434860, 1.969166966884206005, 1.732645421489583004 ) ) ;
#738 = ORIENTED_EDGE ( 'NONE', *, *, #461, .F. ) ;
#739 = CARTESIAN_POINT ( 'NONE',  ( 3.361471505497874102, 4.109669552783495661, 1.715509982954255275 ) ) ;
#740 = CARTESIAN_POINT ( 'NONE',  ( 6.377995217783285042, -3.380700682879850483, 1.416105124655748781 ) ) ;
#741 = CARTESIAN_POINT ( 'NONE',  ( 7.357250525354141146, 0.7241458678665380067, 1.632368773352467883 ) ) ;
#742 = CARTESIAN_POINT ( 'NONE',  ( 8.482789795553598466, -3.812937874136359984, 2.278485820841675835 ) ) ;
#743 = EDGE_CURVE ( 'NONE', #1287, #463, #1340, .T. ) ;
#744 = VERTEX_POINT ( 'NONE', #1367 ) ;
#745 = CARTESIAN_POINT ( 'NONE',  ( 8.999949998749929847, -5.538664211311857599, 2.919547057468111717 ) ) ;
#746 = CARTESIAN_POINT ( 'NONE',  ( 5.961234449779395206, -10.98993576587793441, 5.336418894206371277 ) ) ;
#747 = CARTESIAN_POINT ( 'NONE',  ( 9.998134705026469504, -11.58901681467397538, 4.382138316809542467 ) ) ;
#748 = CARTESIAN_POINT ( 'NONE',  ( 5.594478406779960444, -3.919768031563519717, 1.365488853306899397 ) ) ;
#749 = CARTESIAN_POINT ( 'NONE',  ( 7.784138856408810980, 3.329982756991034520, 2.175525423880149578 ) ) ;
#750 = CARTESIAN_POINT ( 'NONE',  ( 10.21447865254546450, 3.859740022458063358, 6.845974788190311244 ) ) ;
#751 = CARTESIAN_POINT ( 'NONE',  ( 8.960976057199879108, -8.520913344873388695, 3.438186654922861241 ) ) ;
#752 = CARTESIAN_POINT ( 'NONE',  ( 7.544882529555690276, 3.796884081259638499, 2.161900836857279629 ) ) ;
#753 = VERTEX_POINT ( 'NONE', #3066 ) ;
#754 = CARTESIAN_POINT ( 'NONE',  ( 5.734246991386877212, -11.08552683236202441, 2.039394902058435211 ) ) ;
#755 = CARTESIAN_POINT ( 'NONE',  ( 9.650478750878946244, 0.1994775033621332128, 3.156880030302629869 ) ) ;
#756 = CARTESIAN_POINT ( 'NONE',  ( 7.587082589082417172, 3.510353525980058897, 2.104400022826976357 ) ) ;
#757 = CARTESIAN_POINT ( 'NONE',  ( 8.163343943459695495, 0.8010753511661916626, 2.076837970279573842 ) ) ;
#758 = CARTESIAN_POINT ( 'NONE',  ( -0.3794130269806905709, -8.701673467994858413, 4.899956887718220244 ) ) ;
#759 = CARTESIAN_POINT ( 'NONE',  ( 7.339892204900458239, -10.98139901561414078, 2.611936849648157644 ) ) ;
#760 = CARTESIAN_POINT ( 'NONE',  ( 7.778674394690130889, 5.445514577463367090, 3.035333995952818498 ) ) ;
#761 = CARTESIAN_POINT ( 'NONE',  ( 10.17634856037555302, -8.703105150423052550, 4.597368431161823921 ) ) ;
#762 = CARTESIAN_POINT ( 'NONE',  ( 7.887225137107489736, 3.931102760650007077, 2.401367985832656871 ) ) ;
#763 = FACE_OUTER_BOUND ( 'NONE', #1066, .T. ) ;
#764 = CARTESIAN_POINT ( 'NONE',  ( 6.160196555549727115, 0.9628183154615221895, 1.178602721877720416 ) ) ;
#765 = B_SPLINE_CURVE_WITH_KNOTS ( 'NONE', 3,
 ( #1056, #2594, #1432, #3853 ),
 .UNSPECIFIED., .F., .F.,
 ( 4, 4 ),
 ( 0.000000000000000000, 0.0002888388441624625087 ),
 .UNSPECIFIED. ) ;
#766 = ORIENTED_EDGE ( 'NONE', *, *, #496, .F. ) ;
#767 = CARTESIAN_POINT ( 'NONE',  ( 2.491922549637832329, 4.093071611183468406, 2.108040415267092182 ) ) ;
#768 = CARTESIAN_POINT ( 'NONE',  ( 7.146534954841070153, -3.752055078433929935, 1.651738218121548751 ) ) ;
#769 = CARTESIAN_POINT ( 'NONE',  ( 7.391740555890490505, 3.591904436221815544, 2.015492719694709667 ) ) ;
#770 = FACE_OUTER_BOUND ( 'NONE', #446, .T. ) ;
#771 = CARTESIAN_POINT ( 'NONE',  ( 2.056575251711777241, -6.283806349049902984, 2.465902622514088094 ) ) ;
#772 = CARTESIAN_POINT ( 'NONE',  ( 2.090128421101279166, -8.479138905781224977, 2.833590901195573775 ) ) ;
#773 = CARTESIAN_POINT ( 'NONE',  ( 2.133702382103216166, -0.7257212977020964795, 1.861847388597139163 ) ) ;
#774 = CARTESIAN_POINT ( 'NONE',  ( 7.139232342664784348, -5.063342292996431127, 1.798142462411030928 ) ) ;
#775 = CARTESIAN_POINT ( 'NONE',  ( 7.782382727361023100, 1.951774252600041448, 1.933081652376174020 ) ) ;
#776 = B_SPLINE_CURVE_WITH_KNOTS ( 'NONE', 3,
 ( #4051, #450, #44, #483, #3298, #4896 ),
 .UNSPECIFIED., .F., .F.,
 ( 4, 2, 4 ),
 ( 0.000000000000000000, 0.0005173760326769560316, 0.001034752065353911846 ),
 .UNSPECIFIED. ) ;
#777 = CARTESIAN_POINT ( 'NONE',  ( 9.233496961264908265, 3.839270221501184466, 3.463246685667196623 ) ) ;
#778 = CARTESIAN_POINT ( 'NONE',  ( 7.836310271589822740, 3.856406577958964910, 2.348374837378200297 ) ) ;
#779 = ORIENTED_EDGE ( 'NONE', *, *, #5069, .F. ) ;
#780 = CARTESIAN_POINT ( 'NONE',  ( 10.48854470544859474, -11.39788065973135289, 5.214344676789111510 ) ) ;
#781 = CARTESIAN_POINT ( 'NONE',  ( 7.711288112302816522, 0.9365117232992270502, 1.821933408944406141 ) ) ;
#782 = EDGE_CURVE ( 'NONE', #1540, #2409, #2401, .T. ) ;
#783 = CARTESIAN_POINT ( 'NONE',  ( 7.581857918880614555, 3.634008087965185041, 2.134727941773279181 ) ) ;
#784 = CARTESIAN_POINT ( 'NONE',  ( 7.760811611588009029, 3.820574346833555346, 2.296001408213623751 ) ) ;
#785 = CARTESIAN_POINT ( 'NONE',  ( 6.433185015435078036, -8.661628435893575784, 2.263669817295644204 ) ) ;
#786 = CARTESIAN_POINT ( 'NONE',  ( -0.5160936806284723843, -10.21385639479538376, 5.465577561705805998 ) ) ;
#787 = CARTESIAN_POINT ( 'NONE',  ( 5.531186106353978005, 0.1745254019850372984, 1.063449777767377924 ) ) ;
#788 = CARTESIAN_POINT ( 'NONE',  ( 8.999949998749931623, 2.313993786536812536, 2.897062626943990082 ) ) ;
#789 = CARTESIAN_POINT ( 'NONE',  ( 7.716534701895701787, 0.8087651555217512112, 1.819454776797102546 ) ) ;
#790 = FACE_OUTER_BOUND ( 'NONE', #3155, .T. ) ;
#791 = CARTESIAN_POINT ( 'NONE',  ( 2.353409944858670055, 3.425277854805711453, 1.972486040110216665 ) ) ;
#792 = AXIS2_PLACEMENT_3D ( 'NONE', #21, #2476, #1596 ) ;
#793 = CARTESIAN_POINT ( 'NONE',  ( 7.534727899554786390, 0.8117370139716917343, 1.721248000730001504 ) ) ;
#794 = ORIENTED_EDGE ( 'NONE', *, *, #3854, .F. ) ;
#795 = CARTESIAN_POINT ( 'NONE',  ( 2.864252995501317844, 4.087175213508015048, 1.916643201680095832 ) ) ;
#796 = CARTESIAN_POINT ( 'NONE',  ( 4.799407600729825418, -3.787899853093690261, 1.360843966561269491 ) ) ;
#797 = CARTESIAN_POINT ( 'NONE',  ( 5.890324079106926014, 5.485196499137651394, 2.262960588707890519 ) ) ;
#798 = CARTESIAN_POINT ( 'NONE',  ( 1.999949998750169655, -6.279925781503803428, 2.492884224357792444 ) ) ;
#799 = ORIENTED_EDGE ( 'NONE', *, *, #3819, .T. ) ;
#800 = CARTESIAN_POINT ( 'NONE',  ( 8.957702800369348850, -8.014368785701178055, 3.296969167052442362 ) ) ;
#801 = CARTESIAN_POINT ( 'NONE',  ( 8.999949998749933400, 0.2233047667909437983, 2.655752591738878010 ) ) ;
#802 = CARTESIAN_POINT ( 'NONE',  ( 4.322531641157826066, -11.28627123707007307, 2.133071923969970474 ) ) ;
#803 = CARTESIAN_POINT ( 'NONE',  ( 10.51541434942377506, 3.595699440293670612, 6.255740402908735120 ) ) ;
#804 = CARTESIAN_POINT ( 'NONE',  ( 1.560093419604526632, 4.116060018407862842, 2.695505352181616576 ) ) ;
#805 = CARTESIAN_POINT ( 'NONE',  ( 7.504434759970819435, 5.639849354819287619, 2.986107513738784469 ) ) ;
#806 = CARTESIAN_POINT ( 'NONE',  ( 8.999949998749857016, -1.219224158761329280, 2.578749101717660253 ) ) ;
#807 = ORIENTED_EDGE ( 'NONE', *, *, #1493, .T. ) ;
#808 = CARTESIAN_POINT ( 'NONE',  ( 5.732073724572548379, -11.76794383174561887, 1.853510886386855905 ) ) ;
#809 = CARTESIAN_POINT ( 'NONE',  ( 3.275804780983893494, -10.59329275880766019, 2.403593986926076287 ) ) ;
#810 = CARTESIAN_POINT ( 'NONE',  ( 7.593048761412517500, 3.389110165291447707, 2.078562524781337739 ) ) ;
#811 = CARTESIAN_POINT ( 'NONE',  ( 8.382153750372909329, 0.7968937156768718388, 2.212933312054481849 ) ) ;
#812 = CARTESIAN_POINT ( 'NONE',  ( -0.5595699972037216918, -3.147828002376812151, 4.759319663241100784 ) ) ;
#813 = CARTESIAN_POINT ( 'NONE',  ( 2.604167887245357971, 0.1048535751644041891, 1.590787172529450899 ) ) ;
#814 = EDGE_CURVE ( 'NONE', #891, #1167, #2264, .T. ) ;
#815 = CARTESIAN_POINT ( 'NONE',  ( 2.613346688598809031, 3.990533664823022963, 2.062844954080041315 ) ) ;
#816 = CARTESIAN_POINT ( 'NONE',  ( 10.13963114073677296, -10.27409640989057671, 4.809095031755314942 ) ) ;
#817 = CARTESIAN_POINT ( 'NONE',  ( 2.122386579546518881, 3.352769764298324517, 2.084354975191388348 ) ) ;
#818 = CARTESIAN_POINT ( 'NONE',  ( 6.646794227709126979, 1.348620169195235974, 1.344806647165625924 ) ) ;
#819 = CARTESIAN_POINT ( 'NONE',  ( 6.286624275353334568, -11.41614621442731448, 6.397108361072322502 ) ) ;
#820 = B_SPLINE_CURVE_WITH_KNOTS ( 'NONE', 3,
 ( #2569, #2919, #4110, #936 ),
 .UNSPECIFIED., .F., .F.,
 ( 4, 4 ),
 ( 0.000000000000000000, 1.000000000000000000 ),
 .UNSPECIFIED. ) ;
#821 = EDGE_LOOP ( 'NONE', ( #2098, #1088, #1670, #289, #699, #779, #2894, #18 ) ) ;
#822 = CARTESIAN_POINT ( 'NONE',  ( 4.001824590877986587, 4.089783740350711128, 1.518625767527678194 ) ) ;
#823 = CARTESIAN_POINT ( 'NONE',  ( 9.559182796833816553, -3.596408000391626558, 3.009426939544311619 ) ) ;
#824 = CARTESIAN_POINT ( 'NONE',  ( 5.898146239085984455, 5.484348874845114352, 2.207861404936626748 ) ) ;
#825 = CARTESIAN_POINT ( 'NONE',  ( 7.946638421781688777, 5.608190123564615881, 3.261023820051882627 ) ) ;
#826 = ORIENTED_EDGE ( 'NONE', *, *, #4404, .F. ) ;
#827 = CARTESIAN_POINT ( 'NONE',  ( 7.555535925718227297, 4.198149748006292370, 2.291052192992900860 ) ) ;
#828 = CARTESIAN_POINT ( 'NONE',  ( 5.853624085640317887, -11.48213020346388014, 6.499999999999952038 ) ) ;
#829 = CARTESIAN_POINT ( 'NONE',  ( 8.484043670051368835, 3.754896235179050468, 2.765902661663298012 ) ) ;
#830 = CARTESIAN_POINT ( 'NONE',  ( 5.563679640444550323, 4.004121094541873482, 1.446913900601161096 ) ) ;
#831 = CARTESIAN_POINT ( 'NONE',  ( 7.482069272131030679, 5.566935036642350454, 2.922919871453024232 ) ) ;
#832 = EDGE_LOOP ( 'NONE', ( #4063, #1615, #1909, #1811 ) ) ;
#833 = B_SPLINE_CURVE_WITH_KNOTS ( 'NONE', 3,
 ( #1697, #3318, #4867, #4920 ),
 .UNSPECIFIED., .F., .F.,
 ( 4, 4 ),
 ( 0.000000000000000000, 1.000000000000000000 ),
 .UNSPECIFIED. ) ;
#834 = CARTESIAN_POINT ( 'NONE',  ( -0.6410798995874211759, -12.49809374509361426, 5.316916695737054610 ) ) ;
#835 = CARTESIAN_POINT ( 'NONE',  ( 7.755316999145258627, 0.04137357092298644956, 1.803306690047034255 ) ) ;
#836 = CARTESIAN_POINT ( 'NONE',  ( 7.944165433128866027, 4.280303910381340060, 2.562512287060068950 ) ) ;
#837 = CARTESIAN_POINT ( 'NONE',  ( 9.082985236238078741, 2.988800831948135173, 3.066935773891980244 ) ) ;
#838 = AXIS2_PLACEMENT_3D ( 'NONE', #292, #4640, #3894 ) ;
#839 = CARTESIAN_POINT ( 'NONE',  ( -0.07465162270968439540, -3.817487611939590408, 3.740788226418585882 ) ) ;
#840 = CARTESIAN_POINT ( 'NONE',  ( 8.496759731430305607, 3.780986675896641280, 2.785584910138379833 ) ) ;
#841 = CARTESIAN_POINT ( 'NONE',  ( 8.340056964878630907, 3.979389438709901583, 2.731155809123170464 ) ) ;
#842 = CARTESIAN_POINT ( 'NONE',  ( 9.241115363575955755, -11.63979420589275549, 3.476987159814744377 ) ) ;
#843 = CARTESIAN_POINT ( 'NONE',  ( 7.695433700191132154, 4.672388040927788921, 2.558351808032909513 ) ) ;
#844 = CARTESIAN_POINT ( 'NONE',  ( 5.499949998749922742, -8.000050001250071929, 6.500000000000000888 ) ) ;
#845 = CARTESIAN_POINT ( 'NONE',  ( 7.031015102473666900, 0.5590594857018960084, 1.466717177389758930 ) ) ;
#846 = CARTESIAN_POINT ( 'NONE',  ( 8.478328119340298841, 3.767169678281528711, 2.767062290310195571 ) ) ;
#847 = EDGE_CURVE ( 'NONE', #4917, #1910, #3859, .T. ) ;
#848 = CARTESIAN_POINT ( 'NONE',  ( 4.738435377672833404, 0.9851576351281865485, 1.012961847506584245 ) ) ;
#849 = CARTESIAN_POINT ( 'NONE',  ( 2.149920443223269473, 1.061352595827226741, 1.812932798416593050 ) ) ;
#850 = ORIENTED_EDGE ( 'NONE', *, *, #814, .T. ) ;
#851 = CARTESIAN_POINT ( 'NONE',  ( 5.777325184848466577, 6.094745953301227814, 2.606641399541018700 ) ) ;
#852 = CARTESIAN_POINT ( 'NONE',  ( 2.015874066708915446, -3.312079072264023871, 2.129542997770772494 ) ) ;
#853 = CARTESIAN_POINT ( 'NONE',  ( 4.586970731063025219, 5.334487352432450535, 2.029922769231235158 ) ) ;
#854 = ADVANCED_FACE ( 'NONE', ( #253 ), #350, .T. ) ;
#855 = CARTESIAN_POINT ( 'NONE',  ( 8.031570478175611427, 3.736219368658671769, 2.441966224944388308 ) ) ;
#856 = CARTESIAN_POINT ( 'NONE',  ( 7.712197807675344130, 5.540849595135178163, 3.053387511034612256 ) ) ;
#857 = CARTESIAN_POINT ( 'NONE',  ( 4.509997051354131870, -11.35853351516620258, 2.140289061680949789 ) ) ;
#858 = CARTESIAN_POINT ( 'NONE',  ( 4.749918652404021557, -0.08381713081020980560, 1.058653296312465963 ) ) ;
#859 = CARTESIAN_POINT ( 'NONE',  ( 4.349818380662123118, -11.17733908693382894, 2.078311019325631115 ) ) ;
#860 = CARTESIAN_POINT ( 'NONE',  ( 10.49113146902749172, 3.481806872650011542, 6.549034553969117489 ) ) ;
#861 = CARTESIAN_POINT ( 'NONE',  ( 5.556850444493728780, 3.876917832736776148, 1.406305016204505209 ) ) ;
#862 = DIRECTION ( 'NONE',  ( -0.9572136521733685122, 0.2535362370541085486, 0.1395041239295979063 ) ) ;
#863 = CARTESIAN_POINT ( 'NONE',  ( 8.999949998749936952, 0.05629253792216456359, 2.644798030870820327 ) ) ;
#864 = ORIENTED_EDGE ( 'NONE', *, *, #2479, .F. ) ;
#865 = CARTESIAN_POINT ( 'NONE',  ( 0.5810108771554454155, -12.07749044990347187, 3.355666532101545751 ) ) ;
#866 = CARTESIAN_POINT ( 'NONE',  ( 4.748079098897077799, 0.04963216140081300187, 1.050353010566081213 ) ) ;
#867 = CARTESIAN_POINT ( 'NONE',  ( 8.012594406606435626, 3.878594725811922217, 2.472640698286014516 ) ) ;
#868 = CARTESIAN_POINT ( 'NONE',  ( 8.947905391457709356, 3.880906513837045768, 3.202951235235015126 ) ) ;
#869 = CARTESIAN_POINT ( 'NONE',  ( 0.5342164499225893204, -9.603123488926751605, 3.938736891465874912 ) ) ;
#870 = CARTESIAN_POINT ( 'NONE',  ( 2.055219574867525711, -3.839589304322071683, 2.163285352845169207 ) ) ;
#871 = CARTESIAN_POINT ( 'NONE',  ( 8.964065753086888577, 2.011869856251818689, 2.773285453012069635 ) ) ;
#872 = CARTESIAN_POINT ( 'NONE',  ( 1.999949998749955604, -0.3997439730968608274, 1.970079554282218259 ) ) ;
#873 = CARTESIAN_POINT ( 'NONE',  ( 2.049777468410487025, 2.017471172465874485, 1.913800621690567416 ) ) ;
#874 = CARTESIAN_POINT ( 'NONE',  ( 3.208528555908283231, 0.4858530276792560887, 1.333680955047231276 ) ) ;
#875 = CARTESIAN_POINT ( 'NONE',  ( 2.023213756025146193, -2.654088938380066764, 2.061423674419662788 ) ) ;
#876 = CARTESIAN_POINT ( 'NONE',  ( 2.490757442394051502, 0.8055852973933852468, 1.632615102006914176 ) ) ;
#877 = ORIENTED_EDGE ( 'NONE', *, *, #1978, .F. ) ;
#878 = CARTESIAN_POINT ( 'NONE',  ( 7.763715905772371251, -8.929742282647895379, 2.752491124814616885 ) ) ;
#879 = CARTESIAN_POINT ( 'NONE',  ( 5.563679640444550323, 4.004121094541873482, 1.446913900601161096 ) ) ;
#880 = CARTESIAN_POINT ( 'NONE',  ( 2.147514725810376834, -3.909712895308698144, 2.124595110459223779 ) ) ;
#881 = CARTESIAN_POINT ( 'NONE',  ( 6.116464472186315504, 5.404262475739184168, 2.212489379499225528 ) ) ;
#882 = ADVANCED_FACE ( 'NONE', ( #1209 ), #5185, .T. ) ;
#883 = CARTESIAN_POINT ( 'NONE',  ( 7.492544636306702088, 5.565311119381383342, 2.928416917152378396 ) ) ;
#884 = CARTESIAN_POINT ( 'NONE',  ( 1.586899592522677649, 3.904437074192607326, 2.593458121662060911 ) ) ;
#885 = CARTESIAN_POINT ( 'NONE',  ( 5.556597533796423960, -1.282023474121013473, 1.158324761941880388 ) ) ;
#886 = CARTESIAN_POINT ( 'NONE',  ( 7.739118768069441323, 0.6744246949518806211, 1.826064537963841161 ) ) ;
#887 = CARTESIAN_POINT ( 'NONE',  ( 10.40332794730929322, 3.514308166710805814, 6.718765617208756424 ) ) ;
#888 = CARTESIAN_POINT ( 'NONE',  ( 2.491983421973244184, 4.185733862946960926, 2.143558983892769998 ) ) ;
#889 = CARTESIAN_POINT ( 'NONE',  ( 9.672329443516781922, -10.73421986356928848, 4.061854203103625771 ) ) ;
#890 = CARTESIAN_POINT ( 'NONE',  ( 7.994318774336157674, 5.530177347407738253, 3.241800835786047941 ) ) ;
#891 = VERTEX_POINT ( 'NONE', #4303 ) ;
#892 = CARTESIAN_POINT ( 'NONE',  ( 10.62914121285711566, -14.03509288851234516, 5.043174492639069584 ) ) ;
#893 = CARTESIAN_POINT ( 'NONE',  ( 1.999990750952371998, 2.008190359636094158, 1.942016100981489579 ) ) ;
#894 = CARTESIAN_POINT ( 'NONE',  ( 9.475402298082714836, 1.956949710359895400, 3.234799863490012584 ) ) ;
#895 = CARTESIAN_POINT ( 'NONE',  ( 0.4748205515501778828, -5.704878906539367911, 3.371102675492236411 ) ) ;
#896 = CARTESIAN_POINT ( 'NONE',  ( 7.660852788736942642, 2.346732718844335430, 1.919097435735444446 ) ) ;
#897 = CARTESIAN_POINT ( 'NONE',  ( 2.053595506035022833, 0.07831812267016820261, 1.866744869318844646 ) ) ;
#898 = CARTESIAN_POINT ( 'NONE',  ( 1.999949998749942059, -0.3996785626661140123, 1.970075474496726597 ) ) ;
#899 = CARTESIAN_POINT ( 'NONE',  ( 2.049774602411042146, 2.006995984863896076, 1.912941212944091252 ) ) ;
#900 = CARTESIAN_POINT ( 'NONE',  ( 1.899853272492067147, -1.060858337663672657, 1.998196800913985660 ) ) ;
#901 = CARTESIAN_POINT ( 'NONE',  ( 1.907751781306953998, 0.8843363186157582323, 1.942555917772311957 ) ) ;
#902 = ORIENTED_EDGE ( 'NONE', *, *, #3854, .T. ) ;
#903 = VERTEX_POINT ( 'NONE', #1873 ) ;
#904 = B_SPLINE_CURVE_WITH_KNOTS ( 'NONE', 3,
 ( #34, #1665, #5190, #4454, #2486, #4375, #2008, #4042, #3985, #841 ),
 .UNSPECIFIED., .F., .F.,
 ( 4, 3, 3, 4 ),
 ( 0.000000000000000000, 0.0002389975756782058590, 0.0004527797908934198703, 0.0006675199962938519870 ),
 .UNSPECIFIED. ) ;
#905 = CARTESIAN_POINT ( 'NONE',  ( 7.125998769146987044, -5.847728074797747588, 1.910315889923265065 ) ) ;
#906 = CARTESIAN_POINT ( 'NONE',  ( 6.383971085404879453, 6.082472226220825284, 2.742629300439199724 ) ) ;
#907 = CARTESIAN_POINT ( 'NONE',  ( 9.854539570985362928, -3.890013760232652551, 3.307631283266827094 ) ) ;
#908 = DIRECTION ( 'NONE',  ( 0.3455058498392223898, 0.9384165960419054153, -0.000000000000000000 ) ) ;
#909 = CARTESIAN_POINT ( 'NONE',  ( 8.416511398539615385, 0.2977070735751818908, 2.197610865547133585 ) ) ;
#910 = CARTESIAN_POINT ( 'NONE',  ( 7.730695265926980753, 5.575736425370180882, 3.088746020352712840 ) ) ;
#911 = CARTESIAN_POINT ( 'NONE',  ( 2.250477657653085384, 5.695262859312960835, 3.090591768371098169 ) ) ;
#912 = CARTESIAN_POINT ( 'NONE',  ( 9.939718910860806389, -0.07429201436423560345, 3.433181301148271913 ) ) ;
#913 = CARTESIAN_POINT ( 'NONE',  ( 7.737263183445666215, 0.7191121618396190129, 1.826939032806793817 ) ) ;
#914 = CARTESIAN_POINT ( 'NONE',  ( 8.786701804388913573, 3.732449102434864940, 2.998489663954858386 ) ) ;
#915 = CARTESIAN_POINT ( 'NONE',  ( 2.205143176124011006, 4.255028632998508975, 2.342886316137407388 ) ) ;
#916 = ADVANCED_FACE ( 'NONE', ( #770 ), #2384, .T. ) ;
#917 = B_SPLINE_CURVE_WITH_KNOTS ( 'NONE', 3,
 ( #1838, #3481, #1050, #1861 ),
 .UNSPECIFIED., .F., .F.,
 ( 4, 4 ),
 ( 0.000000000000000000, 1.000000000000000000 ),
 .UNSPECIFIED. ) ;
#918 = CARTESIAN_POINT ( 'NONE',  ( 7.757014267638480121, 5.487722709956955214, 3.048829464971144709 ) ) ;
#919 = CARTESIAN_POINT ( 'NONE',  ( 8.999949998749936952, -0.5808637981423324659, 2.604674566238510014 ) ) ;
#920 = CARTESIAN_POINT ( 'NONE',  ( -0.6535999276473247743, -13.67748221528761121, 4.798564837113838522 ) ) ;
#921 = CARTESIAN_POINT ( 'NONE',  ( 3.742599873345205719, -11.04504601771337136, 2.203802771744658440 ) ) ;
#922 = CARTESIAN_POINT ( 'NONE',  ( 7.957503217705816034, 4.193365769631737905, 2.540371947438930356 ) ) ;
#923 = CARTESIAN_POINT ( 'NONE',  ( 9.019148330128231805, 0.7342844633119183229, 2.656388483315477611 ) ) ;
#924 = CARTESIAN_POINT ( 'NONE',  ( 0.4707675214124344976, -4.921326987229191374, 3.277971516946846187 ) ) ;
#925 = CARTESIAN_POINT ( 'NONE',  ( 9.312409621081449984, -7.849745970672255879, 3.506254295697614598 ) ) ;
#926 = CIRCLE ( 'NONE', #2584, 0.09999999999999972800 ) ;
#927 = CARTESIAN_POINT ( 'NONE',  ( 7.599738017100553300, 3.341496645450379610, 2.070858479006950414 ) ) ;
#928 = CARTESIAN_POINT ( 'NONE',  ( 8.984323561774415268, 0.06019595750782873178, 2.582812152550094886 ) ) ;
#929 = CARTESIAN_POINT ( 'NONE',  ( 2.054136531398704335, -0.8843547828099873609, 1.911251486509407016 ) ) ;
#930 = CARTESIAN_POINT ( 'NONE',  ( 2.028611466724139945, -3.707026534314011634, 2.162324827416330475 ) ) ;
#931 = CARTESIAN_POINT ( 'NONE',  ( 2.260804859468921180, 0.8687679711004148153, 1.751038573614836613 ) ) ;
#932 = EDGE_LOOP ( 'NONE', ( #478, #1966, #2132, #1020 ) ) ;
#933 = CARTESIAN_POINT ( 'NONE',  ( 8.398019703649964640, -12.29566682087171436, 3.521628685194787334 ) ) ;
#934 = CARTESIAN_POINT ( 'NONE',  ( 7.203746341872048653, 5.963603415605284397, 3.030508878272824003 ) ) ;
#935 = CARTESIAN_POINT ( 'NONE',  ( 10.12813450882774724, -3.789293222411449502, 3.589113209249503278 ) ) ;
#936 = CARTESIAN_POINT ( 'NONE',  ( 2.055219574867525711, -3.839589304322071683, 2.163285352845169207 ) ) ;
#937 = CARTESIAN_POINT ( 'NONE',  ( -0.1726594544663694053, -9.939086202543856885, 4.559614951972820407 ) ) ;
#938 = CARTESIAN_POINT ( 'NONE',  ( 8.960832578742881083, 0.7836283896251738934, 2.620394539442995718 ) ) ;
#939 = CARTESIAN_POINT ( 'NONE',  ( 2.606382888161996370, -0.6947397562661883352, 1.630382526455726344 ) ) ;
#940 = CARTESIAN_POINT ( 'NONE',  ( 7.598344104994794179, 3.344020402157394045, 2.070444716080090952 ) ) ;
#941 = CARTESIAN_POINT ( 'NONE',  ( 9.253075904763024440, 3.715258582166175216, 3.440411258648480519 ) ) ;
#942 = CARTESIAN_POINT ( 'NONE',  ( 7.001734005007969053, 3.136225145815768833, 1.703594936922639747 ) ) ;
#943 = CARTESIAN_POINT ( 'NONE',  ( 7.989512564634111413, 5.530054560978686418, 3.238270042423030404 ) ) ;
#944 = CARTESIAN_POINT ( 'NONE',  ( 2.502612047914694493, -4.386994386160830928, 1.995837941221230150 ) ) ;
#945 =( NAMED_UNIT ( * ) PLANE_ANGLE_UNIT ( ) SI_UNIT ( $, .RADIAN. ) );
#946 = CARTESIAN_POINT ( 'NONE',  ( 8.963038487429487944, 1.604317572181065188, 2.708335464282967564 ) ) ;
#947 = CARTESIAN_POINT ( 'NONE',  ( 9.199361419219238556, 1.984981842602068225, 2.969840697868880941 ) ) ;
#948 = CARTESIAN_POINT ( 'NONE',  ( -0.4537424323991963160, -11.74021991604509729, 4.902651106761232391 ) ) ;
#949 = ADVANCED_FACE ( 'NONE', ( #1591 ), #662, .T. ) ;
#950 = CARTESIAN_POINT ( 'NONE',  ( 8.069555015073314408, 4.326558182403501540, 2.659489348553846888 ) ) ;
#951 = CARTESIAN_POINT ( 'NONE',  ( 7.940177681956974709, -10.52886136989287102, 2.932304482549074276 ) ) ;
#952 = CARTESIAN_POINT ( 'NONE',  ( 6.915049735725142810, -11.09832325960347887, 2.324310780813749311 ) ) ;
#953 = CARTESIAN_POINT ( 'NONE',  ( 8.964065753086892130, 2.011869856251817801, 2.773285453012060753 ) ) ;
#954 = CARTESIAN_POINT ( 'NONE',  ( 2.846204884458414242, 0.7394215644812851540, 1.474522374589872342 ) ) ;
#955 = CARTESIAN_POINT ( 'NONE',  ( 7.728476681424584882, -10.49562552909191737, 2.991161327339514564 ) ) ;
#956 = CARTESIAN_POINT ( 'NONE',  ( 7.081276890069561070, 3.834796416885749792, 1.914474343139002999 ) ) ;
#957 = CARTESIAN_POINT ( 'NONE',  ( 1.756211171320215536, -3.956736174951902552, 2.320550044616686680 ) ) ;
#958 = CARTESIAN_POINT ( 'NONE',  ( 7.572465726098778660, 3.812777063388978149, 2.182769535904863556 ) ) ;
#959 = CARTESIAN_POINT ( 'NONE',  ( 9.361641535946283454, 0.2145114776845591376, 2.892073727209189205 ) ) ;
#960 = CARTESIAN_POINT ( 'NONE',  ( 7.138152543624251223, 5.045248525741374834, 2.416145415133258201 ) ) ;
#961 = CARTESIAN_POINT ( 'NONE',  ( 3.218083471996518341, -0.7170207417093177327, 1.397477662516773966 ) ) ;
#962 = CARTESIAN_POINT ( 'NONE',  ( 7.584032986217351890, 1.323249866445497247, 1.770404579510330478 ) ) ;
#963 = CARTESIAN_POINT ( 'NONE',  ( 4.463432449232256793, -10.81529978937578385, 2.795833333333335169 ) ) ;
#964 = CARTESIAN_POINT ( 'NONE',  ( 2.518019349646866800, 3.339029825677963803, 1.853581704871751556 ) ) ;
#965 = B_SPLINE_CURVE_WITH_KNOTS ( 'NONE', 3,
 ( #938, #4085, #4159, #4947 ),
 .UNSPECIFIED., .F., .F.,
 ( 4, 4 ),
 ( 0.000000000000000000, 1.000000000000000000 ),
 .UNSPECIFIED. ) ;
#966 = CARTESIAN_POINT ( 'NONE',  ( 2.488553325659693005, -12.32867687563768477, 3.087633540725146730 ) ) ;
#967 = CARTESIAN_POINT ( 'NONE',  ( 3.742937472182891412, -10.91511188790914488, 2.234539666449498974 ) ) ;
#968 = CARTESIAN_POINT ( 'NONE',  ( 10.31304788494251312, 4.082204788267235429, 6.326388190979704618 ) ) ;
#969 = VERTEX_POINT ( 'NONE', #5150 ) ;
#970 = CARTESIAN_POINT ( 'NONE',  ( -0.6006779508359940678, -7.703947294866731355, 5.321591785697393107 ) ) ;
#971 = CARTESIAN_POINT ( 'NONE',  ( 9.540616999461335013, -11.15251664248534347, 3.836266428764936620 ) ) ;
#972 = CARTESIAN_POINT ( 'NONE',  ( 4.746239545398670323, 0.1830814529924507106, 1.042052724858218982 ) ) ;
#973 = CARTESIAN_POINT ( 'NONE',  ( 8.999949998749926294, 0.4214858447265664720, 2.619875713438474030 ) ) ;
#974 = CARTESIAN_POINT ( 'NONE',  ( 8.021971206028741364, 0.7530642994158509573, 1.989944259639328195 ) ) ;
#975 = CARTESIAN_POINT ( 'NONE',  ( 2.147774962161314249, 0.9273793263328278247, 1.812851058155672490 ) ) ;
#976 = EDGE_CURVE ( 'NONE', #891, #1601, #4850, .T. ) ;
#977 = CARTESIAN_POINT ( 'NONE',  ( 9.538248063308111924, -10.35998913047148129, 4.133980900401538428 ) ) ;
#978 = CARTESIAN_POINT ( 'NONE',  ( 7.713394048329883290, 5.874849487782801916, 3.293878575166246936 ) ) ;
#979 = CARTESIAN_POINT ( 'NONE',  ( 3.244133139245999775, -4.020565076562315987, 1.680318881375775009 ) ) ;
#980 = CARTESIAN_POINT ( 'NONE',  ( 7.583229158597746711, 3.824893889107810807, 2.192551949062923278 ) ) ;
#981 = CARTESIAN_POINT ( 'NONE',  ( 9.323449005594772743, 0.6630671020546319294, 2.902698770857165211 ) ) ;
#982 = CARTESIAN_POINT ( 'NONE',  ( 1.755858435072536139, 4.008456815002614526, 2.528929287365566658 ) ) ;
#983 = CARTESIAN_POINT ( 'NONE',  ( 2.135837106825381859, -0.2747674315892456587, 1.839048309447854246 ) ) ;
#984 = CARTESIAN_POINT ( 'NONE',  ( 7.606501522377621782, 0.7208785329958777854, 1.756257744208669758 ) ) ;
#985 = CARTESIAN_POINT ( 'NONE',  ( 8.417658221024717946, 3.934973091324223571, 2.773589408962940706 ) ) ;
#986 = CARTESIAN_POINT ( 'NONE',  ( 6.164356882303587248, 3.191078755337279027, 1.388074062547472343 ) ) ;
#987 = CARTESIAN_POINT ( 'NONE',  ( 1.999949998749940061, -7.308900431356771143, 2.728416591652230050 ) ) ;
#988 = CARTESIAN_POINT ( 'NONE',  ( 4.009382640620850147, -8.208214931487045618, 2.163077826946670612 ) ) ;
#989 = CARTESIAN_POINT ( 'NONE',  ( 2.145069017675676815, -8.786631146436132411, 2.856707343527710830 ) ) ;
#990 = CARTESIAN_POINT ( 'NONE',  ( 10.32178232664807105, 4.176268872332550508, 5.977834821022341316 ) ) ;
#991 = CARTESIAN_POINT ( 'NONE',  ( 9.528342226483001554, 3.795076138068203875, 3.802030087233496669 ) ) ;
#992 = B_SPLINE_SURFACE_WITH_KNOTS ( 'NONE', 1, 3, ( 
 ( #2610, #1736, #1424, #2186 ),
 ( #3820, #4215, #3798, #2635 ) ),
 .UNSPECIFIED., .F., .F., .F.,
 ( 2, 2 ),
 ( 4, 4 ),
 ( 0.000000000000000000, 1.000000000000000000 ),
 ( 0.000000000000000000, 1.000000000000000000 ),
 .UNSPECIFIED. ) ;
#993 = CARTESIAN_POINT ( 'NONE',  ( -0.5667109372353775765, -11.37317514433902588, 5.345243653393588978 ) ) ;
#994 = VERTEX_POINT ( 'NONE', #772 ) ;
#995 = CARTESIAN_POINT ( 'NONE',  ( 4.622464488849097997, -11.26005912411421228, 2.030876432152818101 ) ) ;
#996 = CARTESIAN_POINT ( 'NONE',  ( 9.745129432464128882, 0.4658946773557770538, 3.290335272344107942 ) ) ;
#997 = CARTESIAN_POINT ( 'NONE',  ( 8.959980364622063931, 0.4237416678966599015, 2.589959702242109696 ) ) ;
#998 = CARTESIAN_POINT ( 'NONE',  ( 7.880011331352281267, 3.075100389664631173, 2.174865520631062754 ) ) ;
#999 = CARTESIAN_POINT ( 'NONE',  ( -0.7049397006634351426, -4.704143859030784469, 5.288836718188954400 ) ) ;
#1000 = CARTESIAN_POINT ( 'NONE',  ( 9.776183454202488576, -11.11134076820388650, 4.515341639446737609 ) ) ;
#1001 = CARTESIAN_POINT ( 'NONE',  ( 7.630633957264102207, 5.237994055764944257, 2.802041558577894165 ) ) ;
#1002 = CARTESIAN_POINT ( 'NONE',  ( 6.382047831866932697, -11.39689991665704483, 2.233584502764446977 ) ) ;
#1003 = CARTESIAN_POINT ( 'NONE',  ( 7.589212474036225231, 3.817505833607598653, 2.193902391684483089 ) ) ;
#1004 = CARTESIAN_POINT ( 'NONE',  ( 2.005069765870996612, 4.954908749957908753, 2.786735779351521725 ) ) ;
#1005 = EDGE_CURVE ( 'NONE', #1287, #1239, #2649, .T. ) ;
#1006 = CARTESIAN_POINT ( 'NONE',  ( 1.750805487320880927, -2.641564956512104878, 2.193143242451791597 ) ) ;
#1007 = CARTESIAN_POINT ( 'NONE',  ( 7.518939806640645429, 3.100719023295478216, 1.967786366933876874 ) ) ;
#1008 = CARTESIAN_POINT ( 'NONE',  ( 2.143223973524377435, -2.985175046090248863, 2.035416076281283626 ) ) ;
#1009 = CARTESIAN_POINT ( 'NONE',  ( 8.381834247451001474, 3.737142451725961045, 2.684802062639621401 ) ) ;
#1010 = CARTESIAN_POINT ( 'NONE',  ( 4.740113375337927870, 2.732317594329514154, 1.097240413401791681 ) ) ;
#1011 = CARTESIAN_POINT ( 'NONE',  ( 1.999949998749940727, -6.269849327048165222, 2.554923461205127921 ) ) ;
#1012 = CARTESIAN_POINT ( 'NONE',  ( 7.949620931917086075, 4.168076841179146896, 2.523574273708967919 ) ) ;
#1013 = CARTESIAN_POINT ( 'NONE',  ( 7.085834601169485047, 3.871338954538791288, 1.927567883336030352 ) ) ;
#1014 = CARTESIAN_POINT ( 'NONE',  ( 4.010326346255650876, -8.982062851589505570, 2.320559622633550756 ) ) ;
#1015 = SURFACE_SIDE_STYLE ('',( #4977 ) ) ;
#1016 = CARTESIAN_POINT ( 'NONE',  ( 10.24856410247890537, 3.951479797347778877, 6.699284352324282210 ) ) ;
#1017 = CARTESIAN_POINT ( 'NONE',  ( 9.656957683062110220, 2.939966624682682550, 3.671364352162037825 ) ) ;
#1018 = ORIENTED_EDGE ( 'NONE', *, *, #3106, .T. ) ;
#1019 = CARTESIAN_POINT ( 'NONE',  ( -0.6014515622006361140, -7.504920912510343101, 5.295377670343864196 ) ) ;
#1020 = ORIENTED_EDGE ( 'NONE', *, *, #3531, .T. ) ;
#1021 = CARTESIAN_POINT ( 'NONE',  ( 2.032600051307354772, -8.477003187600695711, 2.923212712171415539 ) ) ;
#1022 = CARTESIAN_POINT ( 'NONE',  ( 7.709794801167070055, -10.73188864885141136, 2.799209405076337198 ) ) ;
#1023 = CARTESIAN_POINT ( 'NONE',  ( 3.943740674913929656, 5.142920306455486923, 2.074281834966098526 ) ) ;
#1024 = CARTESIAN_POINT ( 'NONE',  ( 7.525341731788096844, 3.853930392938548444, 2.167281124497732137 ) ) ;
#1025 = CARTESIAN_POINT ( 'NONE',  ( -0.7675631795869621854, -7.020306268180565468, 5.738419142715469157 ) ) ;
#1026 = CARTESIAN_POINT ( 'NONE',  ( 8.402664648456111607, -9.144520370644142915, 3.081354317492497774 ) ) ;
#1027 = CARTESIAN_POINT ( 'NONE',  ( 7.467237387674466653, 5.468571251570408798, 2.847265559660772993 ) ) ;
#1028 = CARTESIAN_POINT ( 'NONE',  ( 9.764699229185408669, -3.562954916038890474, 3.176582860774669559 ) ) ;
#1029 = CARTESIAN_POINT ( 'NONE',  ( 7.898305779913947333, 3.537712996960623357, 2.288363122599000654 ) ) ;
#1030 = CARTESIAN_POINT ( 'NONE',  ( 8.919721217834180038, -8.515437923962254629, 3.356685883204183707 ) ) ;
#1031 = CARTESIAN_POINT ( 'NONE',  ( 7.785873298968973621, 3.557375909228194466, 2.235682240078658012 ) ) ;
#1032 = CARTESIAN_POINT ( 'NONE',  ( 1.430995777220462450, -11.42561218047630156, 2.949057066441199915 ) ) ;
#1033 = CARTESIAN_POINT ( 'NONE',  ( 2.457453363993736151, 6.039853427870362168, 3.227345287238911453 ) ) ;
#1034 = CARTESIAN_POINT ( 'NONE',  ( 10.07829454245717749, -1.689810713827177846, 3.448016283528022807 ) ) ;
#1035 = CARTESIAN_POINT ( 'NONE',  ( 7.722207139329844594, 0.8086724688861346433, 1.822532525362307920 ) ) ;
#1036 = CARTESIAN_POINT ( 'NONE',  ( 8.368750513771628263, 4.004952480228771705, 2.760856991177283337 ) ) ;
#1037 = CARTESIAN_POINT ( 'NONE',  ( 1.999949998749937397, -7.654429565531153834, 2.791834601863362408 ) ) ;
#1038 = ADVANCED_FACE ( 'NONE', ( #4360 ), #3989, .T. ) ;
#1039 = CARTESIAN_POINT ( 'NONE',  ( 8.067716918723867536, 4.865284282559667162, 2.890424904025768793 ) ) ;
#1040 = CARTESIAN_POINT ( 'NONE',  ( 1.791485835836593266, -5.006222727200332123, 2.414546188803497806 ) ) ;
#1041 = CARTESIAN_POINT ( 'NONE',  ( -0.6668315357153814515, -13.95225650626627534, 4.721706602750886717 ) ) ;
#1042 = CARTESIAN_POINT ( 'NONE',  ( 8.240652257990859653, 4.514843049422373689, 2.860259459143137395 ) ) ;
#1043 = CARTESIAN_POINT ( 'NONE',  ( 9.553755530578515121, 3.322125077306586682, 3.663304372543629395 ) ) ;
#1044 = ORIENTED_EDGE ( 'NONE', *, *, #2021, .F. ) ;
#1045 = CARTESIAN_POINT ( 'NONE',  ( 1.999949998749935176, -8.159013708071810811, 2.882950589684726506 ) ) ;
#1046 = ORIENTED_EDGE ( 'NONE', *, *, #2336, .T. ) ;
#1047 = ORIENTED_EDGE ( 'NONE', *, *, #282, .F. ) ;
#1048 = CARTESIAN_POINT ( 'NONE',  ( 8.235575585117102193, 4.194673613985693272, 2.776344626189047204 ) ) ;
#1049 = DIRECTION ( 'NONE',  ( -0.3455058498392223898, -0.9384165960419054153, 0.000000000000000000 ) ) ;
#1050 = CARTESIAN_POINT ( 'NONE',  ( 8.357864702481045072, 3.995253791271654809, 2.749587140049153611 ) ) ;
#1051 = CARTESIAN_POINT ( 'NONE',  ( 7.261607883325749135, 3.957024883626480971, 2.043093049421461416 ) ) ;
#1052 = CARTESIAN_POINT ( 'NONE',  ( 8.504798517860869822, 3.794632526997326671, 2.843916905026509401 ) ) ;
#1053 = CARTESIAN_POINT ( 'NONE',  ( 7.751796151630133913, 5.518584662818875941, 3.065832423516641647 ) ) ;
#1054 = CARTESIAN_POINT ( 'NONE',  ( 9.976295450618465566, -5.625697586415956408, 3.731175332822089352 ) ) ;
#1055 = CARTESIAN_POINT ( 'NONE',  ( 7.412740030141948822, 3.970239342985432351, 2.136523388303054549 ) ) ;
#1056 = CARTESIAN_POINT ( 'NONE',  ( 4.622464488849272968, -11.26005912411370780, 2.030876432152877165 ) ) ;
#1057 = CARTESIAN_POINT ( 'NONE',  ( 2.020279568560653161, 4.016417351694945737, 2.365802897914172309 ) ) ;
#1058 = CARTESIAN_POINT ( 'NONE',  ( 2.609361049808607724, -1.225813298249889272, 1.665337219151875381 ) ) ;
#1059 = CARTESIAN_POINT ( 'NONE',  ( 7.349458381050412825, 1.330354498594671364, 1.651079115526258967 ) ) ;
#1060 = CARTESIAN_POINT ( 'NONE',  ( 7.943286710310220933, 4.168524382886729107, 2.519610521766807665 ) ) ;
#1061 = CARTESIAN_POINT ( 'NONE',  ( 6.315633489304226522, -8.207003026117847710, 2.156755309048776326 ) ) ;
#1062 = CARTESIAN_POINT ( 'NONE',  ( 7.935937127824542969, 0.9318554777700827074, 1.947645507978275736 ) ) ;
#1063 = ADVANCED_FACE ( 'NONE', ( #397 ), #3461, .T. ) ;
#1064 = CARTESIAN_POINT ( 'NONE',  ( 10.25112985262324372, 3.957967096653663752, 6.690084599737527782 ) ) ;
#1065 = CARTESIAN_POINT ( 'NONE',  ( 9.674127741445829542, 2.438059355549693219, 3.560674012795835619 ) ) ;
#1066 = EDGE_LOOP ( 'NONE', ( #2633, #4324, #3517, #502, #3656, #4047 ) ) ;
#1067 = CARTESIAN_POINT ( 'NONE',  ( 10.65685127551722822, -11.44745914172584733, 5.697530785127849384 ) ) ;
#1068 = CARTESIAN_POINT ( 'NONE',  ( 1.758344011226046444, 0.2091679806344448611, 2.023736345189773189 ) ) ;
#1069 = CARTESIAN_POINT ( 'NONE',  ( 8.364633640923804236, 4.010817381314230268, 2.808890363031160575 ) ) ;
#1070 = EDGE_CURVE ( 'NONE', #493, #3855, #593, .T. ) ;
#1071 = CARTESIAN_POINT ( 'NONE',  ( 7.404059215186785892, 3.781433908059239624, 2.074443942494447857 ) ) ;
#1072 = CARTESIAN_POINT ( 'NONE',  ( -0.7045345962668515538, -7.043373218617726472, 5.544858147838493068 ) ) ;
#1073 = CARTESIAN_POINT ( 'NONE',  ( 7.733681108193290576, 4.892387799326797015, 2.677830843986007459 ) ) ;
#1074 = B_SPLINE_SURFACE_WITH_KNOTS ( 'NONE', 3, 3, ( 
 ( #805, #4819, #4420, #831, #2393, #3163, #3667, #2736, #4003, #4338, #752, #4766, #2337, #402 ),
 ( #1996, #3615, #343, #4033, #2048, #4898, #1765, #1649, #2169, #4589, #2988, #2591, #4197, #581 ),
 ( #633, #4871, #1794, #883, #4619, #3413, #3778, #5011, #2473, #4467, #222, #605, #1241, #4084 ),
 ( #175, #3388, #2078, #4055, #1027, #2192, #3688, #3014, #2615, #3661, #1405, #485, #1296, #78 ),
 ( #4220, #3803, #3825, #2217, #4988, #1677, #3240, #4843, #2896, #46, #1381, #4493, #2445, #2840 ),
 ( #910, #4440, #856, #2498, #3268, #4111, #1073, #326, #683, #3086, #2663, #4244, #4691, #2316 ),
 ( #1053, #4748, #1819, #5137, #1502, #3436, #3484, #5083, #2640, #5110, #733, #1149, #1095, #3956 ),
 ( #3039, #2687, #3059, #2746, #4717, #4643, #5036, #1918, #661, #2346, #3927, #1842, #4348, #706 ),
 ( #4268, #3539, #2265, #1429, #4667, #3873, #3114, #3460, #2242, #2289, #5059, #270, #4293, #1118 ),
 ( #3850, #3898, #1529, #245, #760, #2716, #4318, #1889, #3512, #1453, #296, #1864, #1474, #3143 ) ),
 .UNSPECIFIED., .F., .F., .F.,
 ( 4, 3, 3, 4 ),
 ( 4, 3, 1, 1, 1, 1, 3, 4 ),
 ( -0.05000000000000000278, 0.000000000000000000, 1.000000000000000000, 1.050000000000000044 ),
 ( -0.2500000000000000000, 0.000000000000000000, 1.000000000000000000, 2.000000000000000000, 3.000000000000000000, 4.000000000000000000, 5.000000000000000000, 5.250000000000000000 ),
 .UNSPECIFIED. ) ;
#1075 = CARTESIAN_POINT ( 'NONE',  ( 9.501734547373214212, -12.32480549972200734, 4.386053100627626655 ) ) ;
#1076 = CARTESIAN_POINT ( 'NONE',  ( 7.738937838835120431, 3.597905321032240700, 2.214723457994117073 ) ) ;
#1077 = CARTESIAN_POINT ( 'NONE',  ( 5.828057155503076459, -11.23041305863308104, 6.500000000000000000 ) ) ;
#1078 = CARTESIAN_POINT ( 'NONE',  ( 2.387220649012044227, 5.688894748007433222, 2.999589332532568431 ) ) ;
#1079 = CARTESIAN_POINT ( 'NONE',  ( 2.260090511420155490, -2.664979357395680371, 1.946884919609117803 ) ) ;
#1080 = CARTESIAN_POINT ( 'NONE',  ( 7.315154915672330560, 3.364660387604245795, 1.915777895021131050 ) ) ;
#1081 = CARTESIAN_POINT ( 'NONE',  ( 5.499949998749922742, -8.000050001250071929, 6.500000000000000888 ) ) ;
#1082 = CARTESIAN_POINT ( 'NONE',  ( 2.265990019599085414, -3.849644064644051511, 2.060609645522961664 ) ) ;
#1083 = CARTESIAN_POINT ( 'NONE',  ( 8.004881105606500569, 5.209389220551003064, 3.038311406907133527 ) ) ;
#1084 = CARTESIAN_POINT ( 'NONE',  ( 5.546048505554925789, -8.219833208977151529, 2.062041322777843799 ) ) ;
#1085 = CARTESIAN_POINT ( 'NONE',  ( 8.046212871936745614, 0.9293759627020670155, 2.013742523034694809 ) ) ;
#1086 = CARTESIAN_POINT ( 'NONE',  ( 8.191038556282924432, 4.389326219590650169, 2.770015229526818779 ) ) ;
#1087 = CARTESIAN_POINT ( 'NONE',  ( 8.957665458235297251, -8.182532944227785876, 3.326902018610166323 ) ) ;
#1088 = ORIENTED_EDGE ( 'NONE', *, *, #712, .F. ) ;
#1089 = CARTESIAN_POINT ( 'NONE',  ( 10.67814574880230438, -11.55995855400102101, 5.768285230354622151 ) ) ;
#1090 = CARTESIAN_POINT ( 'NONE',  ( 7.752398995697775241, 0.1053809823451379302, 1.803350242830735528 ) ) ;
#1091 = CARTESIAN_POINT ( 'NONE',  ( 6.015311661586285830, -11.04013664360142855, 6.500000000000002665 ) ) ;
#1092 = CARTESIAN_POINT ( 'NONE',  ( 8.650565282924869592, 1.531426962249338164, 2.458677941208508688 ) ) ;
#1093 = CARTESIAN_POINT ( 'NONE',  ( -0.6511708540909502130, -6.286655173793453955, 5.255003849395331272 ) ) ;
#1094 = EDGE_CURVE ( 'NONE', #1601, #5142, #540, .T. ) ;
#1095 = CARTESIAN_POINT ( 'NONE',  ( 8.044024342778268277, 3.735243324471948512, 2.449802586167582952 ) ) ;
#1096 = CARTESIAN_POINT ( 'NONE',  ( 1.999949998749936064, -3.830632103031084146, 2.252273878646700034 ) ) ;
#1097 = CARTESIAN_POINT ( 'NONE',  ( 6.335910601205958947, -10.88122508637442287, 6.298170405982907560 ) ) ;
#1098 = CARTESIAN_POINT ( 'NONE',  ( 7.934535060355081271, 4.514474191086764066, 2.665582852868169539 ) ) ;
#1099 = CARTESIAN_POINT ( 'NONE',  ( 6.637940650482253346, 2.647236475762648755, 1.463475890411783498 ) ) ;
#1100 = CARTESIAN_POINT ( 'NONE',  ( 7.586590591090927482, -8.627003513565654202, 2.631993538116708997 ) ) ;
#1101 = CARTESIAN_POINT ( 'NONE',  ( 4.260609624206907142, 6.152772322574135089, 2.595345286642254390 ) ) ;
#1102 = CARTESIAN_POINT ( 'NONE',  ( 8.585502230078537522, -3.285511110905137144, 2.280428182152707706 ) ) ;
#1103 = CARTESIAN_POINT ( 'NONE',  ( 7.386500361213087729, 3.593316997956119696, 2.012964730807863312 ) ) ;
#1104 = CARTESIAN_POINT ( 'NONE',  ( 4.586587114020807654, -11.37881984961240711, 2.000539224778715042 ) ) ;
#1105 = CARTESIAN_POINT ( 'NONE',  ( 8.136397502698452300, 4.512416936953811408, 2.777285531211787450 ) ) ;
#1106 = CARTESIAN_POINT ( 'NONE',  ( 5.489800858606914247, -12.51936750175044999, 2.621379215392509732 ) ) ;
#1107 = CARTESIAN_POINT ( 'NONE',  ( 7.711288112302816522, 0.9365117232992270502, 1.821933408944406141 ) ) ;
#1108 = CARTESIAN_POINT ( 'NONE',  ( 10.32873354427363566, 3.649529510933086307, 6.766170390690104064 ) ) ;
#1109 = CARTESIAN_POINT ( 'NONE',  ( 8.098884935166358545, 3.864884017034525776, 2.503172924868225735 ) ) ;
#1110 = EDGE_LOOP ( 'NONE', ( #3529, #1199, #2185, #4785 ) ) ;
#1111 = VERTEX_POINT ( 'NONE', #2428 ) ;
#1112 = CARTESIAN_POINT ( 'NONE',  ( 10.17736712905631791, -11.33231939319490067, 4.613432881890271453 ) ) ;
#1113 = CARTESIAN_POINT ( 'NONE',  ( 9.786377293328676785, 0.3379526191555626280, 3.317939706797000454 ) ) ;
#1114 = CARTESIAN_POINT ( 'NONE',  ( 3.036574058387032871, 4.496187030491541670, 2.058269579708792207 ) ) ;
#1115 = CARTESIAN_POINT ( 'NONE',  ( 7.775883716003330726, 3.556205877678880967, 2.229305313051735293 ) ) ;
#1116 = CARTESIAN_POINT ( 'NONE',  ( 8.168828205388303232, 0.7004184739918817293, 2.074436716030371386 ) ) ;
#1117 = CARTESIAN_POINT ( 'NONE',  ( -0.5434334153426901848, -4.761310020472143023, 4.771074006048134031 ) ) ;
#1118 = CARTESIAN_POINT ( 'NONE',  ( 8.063500815266289479, 3.703312213619802673, 2.452883998001226473 ) ) ;
#1119 = CARTESIAN_POINT ( 'NONE',  ( 10.21143376094462596, -12.21200404702282860, 5.241752537848721083 ) ) ;
#1120 = CARTESIAN_POINT ( 'NONE',  ( 7.800523628110046737, 4.539865533273318654, 2.557513076862595547 ) ) ;
#1121 = CARTESIAN_POINT ( 'NONE',  ( 2.062450747891695357, 2.140721345787688357, 1.905821840415668378 ) ) ;
#1122 = EDGE_CURVE ( 'NONE', #2309, #3227, #15, .T. ) ;
#1123 = CARTESIAN_POINT ( 'NONE',  ( 5.523245036473244163, 0.8389528875372143091, 1.043819465942496416 ) ) ;
#1124 = CARTESIAN_POINT ( 'NONE',  ( 8.259738483680640897, -8.579326370639492438, 2.952305367043791762 ) ) ;
#1125 = CARTESIAN_POINT ( 'NONE',  ( 0.5456344617209216707, -10.66855382136677832, 3.692567800377921206 ) ) ;
#1126 = EDGE_LOOP ( 'NONE', ( #2323, #4409, #1656, #2451 ) ) ;
#1127 = CARTESIAN_POINT ( 'NONE',  ( 4.306737906127521498, 6.326931707931915838, 2.725696680697299090 ) ) ;
#1128 = CARTESIAN_POINT ( 'NONE',  ( 9.855844423842151869, -3.694496519015710856, 3.287017635058259390 ) ) ;
#1129 = CARTESIAN_POINT ( 'NONE',  ( 7.360499476667756724, 3.515351755351808549, 1.978918702010557418 ) ) ;
#1130 = CARTESIAN_POINT ( 'NONE',  ( 7.962531872633175745, 5.582185864845657264, 3.254616158629938028 ) ) ;
#1131 = B_SPLINE_CURVE_WITH_KNOTS ( 'NONE', 3,
 ( #2627, #2158, #967, #1442, #2205, #2535, #4167, #3002, #4999, #989, #4231, #1351 ),
 .UNSPECIFIED., .F., .F.,
 ( 4, 2, 2, 2, 2, 4 ),
 ( 0.000000000000000000, 0.0009375349437300967408, 0.001875069887460193482, 0.002812604831190290006, 0.003281372303055338484, 0.003750139774920386963 ),
 .UNSPECIFIED. ) ;
#1132 = ORIENTED_EDGE ( 'NONE', *, *, #1434, .T. ) ;
#1133 = CARTESIAN_POINT ( 'NONE',  ( 8.051171612798766475, 3.704281282110560625, 2.445113780761432043 ) ) ;
#1134 = CARTESIAN_POINT ( 'NONE',  ( 2.142196319570183416, 0.5258803024328906339, 1.815993399491686811 ) ) ;
#1135 = CARTESIAN_POINT ( 'NONE',  ( 7.146498371101511538, -3.738925015242561045, 1.650506342877139820 ) ) ;
#1136 = CARTESIAN_POINT ( 'NONE',  ( 8.999949998713468347, 1.598829016062578656, 2.737861427740218456 ) ) ;
#1137 = CARTESIAN_POINT ( 'NONE',  ( 10.14307278814858471, 3.770808750038962209, 4.645951211756666588 ) ) ;
#1138 = CARTESIAN_POINT ( 'NONE',  ( 2.057724569919474167, -8.170590900522089584, 2.793747351322319883 ) ) ;
#1139 = DIRECTION ( 'NONE',  ( 0.1701397915246289916, 0.1031204221219921002, 0.9800095049954046234 ) ) ;
#1140 = ORIENTED_EDGE ( 'NONE', *, *, #187, .F. ) ;
#1141 = B_SPLINE_CURVE_WITH_KNOTS ( 'NONE', 3,
 ( #1725, #2971, #4872, #2499, #4521, #4468, #4924, #2128, #541, #3736, #132, #3321, #3346, #3370, #2474, #4547, #3689, #2150, #960, #1319, #2551, #3761 ),
 .UNSPECIFIED., .F., .F.,
 ( 4, 2, 2, 2, 2, 2, 2, 2, 2, 2, 4 ),
 ( -5.999906412804038618E-08, 0.0003299897657508025985, 0.0006600395305657332347, 0.001320139060195596242, 0.001980238589825458924, 0.002640338119455322256, 0.003300437649085185589, 0.003960537178715047187, 0.004620636708344910519, 0.004950686473159841318, 0.005280736237974772117 ),
 .UNSPECIFIED. ) ;
#1142 = CARTESIAN_POINT ( 'NONE',  ( 3.378865788080894106, -11.01804452956764457, 2.266208230702020821 ) ) ;
#1143 = CARTESIAN_POINT ( 'NONE',  ( 8.978288460511050673, -0.06825601482274290532, 2.559706866975261175 ) ) ;
#1144 = CARTESIAN_POINT ( 'NONE',  ( 7.045965620133719298, 0.03795459968640396003, 1.472291842440370369 ) ) ;
#1145 = CARTESIAN_POINT ( 'NONE',  ( 7.644561709030706531, 3.415009161875981469, 2.114511562969532132 ) ) ;
#1146 = CARTESIAN_POINT ( 'NONE',  ( 8.675597145238393537, 3.801371760672994426, 2.931822861860728047 ) ) ;
#1147 = CARTESIAN_POINT ( 'NONE',  ( -0.5180718632111571686, -12.14746341921757455, 5.733044897963680775 ) ) ;
#1148 = CARTESIAN_POINT ( 'NONE',  ( 9.560384413202212883, 0.1316606216991422773, 3.066986117260463107 ) ) ;
#1149 = CARTESIAN_POINT ( 'NONE',  ( 8.036877072757766527, 3.766205366833336399, 2.454491391573730308 ) ) ;
#1150 = CARTESIAN_POINT ( 'NONE',  ( 10.20527269238646895, -5.595683408344181764, 3.981609703597866368 ) ) ;
#1151 = CARTESIAN_POINT ( 'NONE',  ( 2.140951918824830713, 0.5253551901088227005, 1.811904141861626627 ) ) ;
#1152 = CARTESIAN_POINT ( 'NONE',  ( 2.848246986166848238, 1.439233026716779662, 1.471765766531923258 ) ) ;
#1153 = ORIENTED_EDGE ( 'NONE', *, *, #2021, .T. ) ;
#1154 = CARTESIAN_POINT ( 'NONE',  ( 5.028247429970086557, 6.172716114317133851, 2.564362036985079030 ) ) ;
#1155 = CARTESIAN_POINT ( 'NONE',  ( 3.243680156224400424, -3.889013887503234290, 1.667379928591473437 ) ) ;
#1156 = CARTESIAN_POINT ( 'NONE',  ( 7.373499918940418674, 3.554334376653950578, 1.995941716409211253 ) ) ;
#1157 = CARTESIAN_POINT ( 'NONE',  ( 7.751843542635906026, 5.503650732696513614, 3.056016190373685770 ) ) ;
#1158 = CARTESIAN_POINT ( 'NONE',  ( 1.999949998749484870, -5.237011177088729319, 2.340480131915317230 ) ) ;
#1159 = EDGE_LOOP ( 'NONE', ( #40, #864, #4212, #3452 ) ) ;
#1160 = CARTESIAN_POINT ( 'NONE',  ( 8.285443828486519280, 3.688499916059212680, 2.598268001030579644 ) ) ;
#1161 = EDGE_CURVE ( 'NONE', #3227, #1261, #3220, .T. ) ;
#1162 = CARTESIAN_POINT ( 'NONE',  ( 2.133819958496976810, -0.9289151997628299906, 1.873191621458560441 ) ) ;
#1163 = CARTESIAN_POINT ( 'NONE',  ( 5.594248089084576492, -3.775036580763141636, 1.352026578290375314 ) ) ;
#1164 = CARTESIAN_POINT ( 'NONE',  ( 7.997602467841122831, 1.940679493900476782, 2.062689827151735766 ) ) ;
#1165 = CARTESIAN_POINT ( 'NONE',  ( 10.39301332127999089, 3.938564784668752150, 5.348218761012315525 ) ) ;
#1166 = CARTESIAN_POINT ( 'NONE',  ( 4.789381385434145599, 4.210116165787147757, 1.466055567408050653 ) ) ;
#1167 = VERTEX_POINT ( 'NONE', #33 ) ;
#1168 = CARTESIAN_POINT ( 'NONE',  ( 1.463368754335449662, -11.51343382012420768, 2.918267751940649468 ) ) ;
#1169 = CARTESIAN_POINT ( 'NONE',  ( 9.765753362896402834, 0.4019236482556698409, 3.304137489570553310 ) ) ;
#1170 = CARTESIAN_POINT ( 'NONE',  ( 2.592026782564869070, -9.971897288824536076, 2.705582796215696639 ) ) ;
#1171 = CARTESIAN_POINT ( 'NONE',  ( 7.730063371377888792, 3.437244159588126458, 2.170530733331384354 ) ) ;
#1172 = CARTESIAN_POINT ( 'NONE',  ( 7.909081532674839821, 3.073025328880152340, 2.192427322020086500 ) ) ;
#1173 = CARTESIAN_POINT ( 'NONE',  ( -0.5155112042152520946, -12.01884610962689059, 5.715755785499345265 ) ) ;
#1174 = CARTESIAN_POINT ( 'NONE',  ( 9.371113566627002456, 0.1002204726978650484, 2.890107927275469724 ) ) ;
#1175 = AXIS2_PLACEMENT_3D ( 'NONE', #2245, #3806, #3042 ) ;
#1176 = CARTESIAN_POINT ( 'NONE',  ( 10.33202822273768895, -7.899259682174697872, 4.643283768595725114 ) ) ;
#1177 = CARTESIAN_POINT ( 'NONE',  ( 5.499949998749922742, -8.000050001250071929, 2.795833333333335169 ) ) ;
#1178 = CARTESIAN_POINT ( 'NONE',  ( 2.091866361584602263, 2.813330821948484051, 1.977877865785456990 ) ) ;
#1179 = CARTESIAN_POINT ( 'NONE',  ( 7.251398217390011780, 0.9454789222237136581, 1.587753989937908949 ) ) ;
#1180 = ORIENTED_EDGE ( 'NONE', *, *, #3113, .F. ) ;
#1181 = CARTESIAN_POINT ( 'NONE',  ( 4.781360772459455788, 4.054857973084247114, 1.413921121526929836 ) ) ;
#1182 = CARTESIAN_POINT ( 'NONE',  ( 9.140337855908724052, -3.635282494732605674, 2.683580066999884828 ) ) ;
#1183 = CARTESIAN_POINT ( 'NONE',  ( 4.791620074019674824, 5.434745299169215116, 2.079291811066081852 ) ) ;
#1184 = CARTESIAN_POINT ( 'NONE',  ( 2.055219574867636734, -3.839589304322016616, 2.163285352845095044 ) ) ;
#1185 = ORIENTED_EDGE ( 'NONE', *, *, #1094, .T. ) ;
#1186 = CARTESIAN_POINT ( 'NONE',  ( 8.957858913418782265, -7.311347123916277724, 3.171832853703565380 ) ) ;
#1187 = CARTESIAN_POINT ( 'NONE',  ( 10.02737024158445145, -8.350401739120021816, 4.378394139145175501 ) ) ;
#1188 = CARTESIAN_POINT ( 'NONE',  ( 4.322707888640980656, -11.27443570176530763, 2.113794090843740481 ) ) ;
#1189 = CARTESIAN_POINT ( 'NONE',  ( 8.419463169633726096, 4.134890489057685414, 2.839867330493708764 ) ) ;
#1190 = CARTESIAN_POINT ( 'NONE',  ( 6.190264396965790894, 3.828372650599598526, 1.549639364765064364 ) ) ;
#1191 = EDGE_CURVE ( 'NONE', #4414, #412, #3430, .T. ) ;
#1192 = CARTESIAN_POINT ( 'NONE',  ( 8.964065753086888577, 2.011869856251818689, 2.773285453012069635 ) ) ;
#1193 = CARTESIAN_POINT ( 'NONE',  ( 3.376883171046989762, -11.09301431514453284, 2.246577648339985966 ) ) ;
#1194 = CARTESIAN_POINT ( 'NONE',  ( 2.597037373181886544, -9.981331385733772876, 2.784548252582236483 ) ) ;
#1195 = CARTESIAN_POINT ( 'NONE',  ( 7.593287263997380521, 3.385700767559645996, 2.077892278393953962 ) ) ;
#1196 = CARTESIAN_POINT ( 'NONE',  ( 8.306339016932104968, 2.049100949616577960, 2.276395843505528482 ) ) ;
#1197 = CARTESIAN_POINT ( 'NONE',  ( -0.3698659111780362441, -11.67791544885929333, 5.304389556321025267 ) ) ;
#1198 = CARTESIAN_POINT ( 'NONE',  ( 2.055613264720141942, -1.871796309227128807, 1.965928421446691443 ) ) ;
#1199 = ORIENTED_EDGE ( 'NONE', *, *, #1664, .T. ) ;
#1200 = CARTESIAN_POINT ( 'NONE',  ( 2.349221782327393981, 3.426982003821278155, 1.972300564827828895 ) ) ;
#1201 = CARTESIAN_POINT ( 'NONE',  ( 10.55466173915081995, -3.167641782972352438, 4.007406452365541050 ) ) ;
#1202 = CARTESIAN_POINT ( 'NONE',  ( 7.716534701895701787, 0.8087651555217512112, 1.819454776797102546 ) ) ;
#1203 = CARTESIAN_POINT ( 'NONE',  ( 7.603085953130296559, 0.8106188882338744017, 1.757899805448341457 ) ) ;
#1204 = CARTESIAN_POINT ( 'NONE',  ( 7.616210785297290897, 0.8104827666914893314, 1.760741759578969390 ) ) ;
#1205 = VERTEX_POINT ( 'NONE', #2854 ) ;
#1206 = CARTESIAN_POINT ( 'NONE',  ( 4.000094048968970029, 4.050552437236926373, 1.505429541821939221 ) ) ;
#1207 = CARTESIAN_POINT ( 'NONE',  ( 10.03985022452311782, -3.736226807051101773, 3.484049730190251992 ) ) ;
#1208 = CARTESIAN_POINT ( 'NONE',  ( 3.556663110912238412, 4.919491923138927802, 2.061231685364813604 ) ) ;
#1209 = FACE_OUTER_BOUND ( 'NONE', #260, .T. ) ;
#1210 = ORIENTED_EDGE ( 'NONE', *, *, #64, .T. ) ;
#1211 = CARTESIAN_POINT ( 'NONE',  ( 8.174463637473948552, 3.694590597203284421, 2.522815953159403879 ) ) ;
#1212 = CARTESIAN_POINT ( 'NONE',  ( 8.999949998749933400, 0.1676441676548908188, 2.651949576416512411 ) ) ;
#1213 = CARTESIAN_POINT ( 'NONE',  ( 8.959980364622063931, 0.4237416678966599015, 2.589959702242109696 ) ) ;
#1214 = CARTESIAN_POINT ( 'NONE',  ( 10.27793913699696304, 3.575855961770513236, 6.911038327661819025 ) ) ;
#1215 = CARTESIAN_POINT ( 'NONE',  ( 6.202603591335207334, 4.053579040357357499, 1.622830103673516877 ) ) ;
#1216 = CARTESIAN_POINT ( 'NONE',  ( 6.781151535324143609, -8.667157930513017305, 2.337792755046244508 ) ) ;
#1217 = CARTESIAN_POINT ( 'NONE',  ( 8.919721217834180038, -8.515437923962254629, 3.356685883204183707 ) ) ;
#1218 = ORIENTED_EDGE ( 'NONE', *, *, #3073, .T. ) ;
#1219 = EDGE_CURVE ( 'NONE', #1895, #2275, #3603, .T. ) ;
#1220 = CARTESIAN_POINT ( 'NONE',  ( 6.889617584325140598, -12.68733889341858223, 1.786625620669854531 ) ) ;
#1221 = CARTESIAN_POINT ( 'NONE',  ( 2.051970669527324542, -8.623355137445663843, 2.875524612133149915 ) ) ;
#1222 = CARTESIAN_POINT ( 'NONE',  ( 2.054136531398704335, -0.8843547828099873609, 1.911251486509407016 ) ) ;
#1223 = CARTESIAN_POINT ( 'NONE',  ( 9.563980359156852629, 1.076913271458201926, 3.179908850433949663 ) ) ;
#1224 = CARTESIAN_POINT ( 'NONE',  ( -0.5488867908172780918, -6.323128743405959540, 4.938922947655905560 ) ) ;
#1225 = CARTESIAN_POINT ( 'NONE',  ( 8.999949998749933400, -3.769535406361685048, 2.662976011260103526 ) ) ;
#1226 = ORIENTED_EDGE ( 'NONE', *, *, #1944, .T. ) ;
#1227 = CARTESIAN_POINT ( 'NONE',  ( 6.335910601205958947, -10.88122508637442287, 6.298170405982907560 ) ) ;
#1228 = CARTESIAN_POINT ( 'NONE',  ( 9.244871537986774968, -10.70366041024242776, 3.638664893210200368 ) ) ;
#1229 = EDGE_CURVE ( 'NONE', #1587, #2861, #2846, .T. ) ;
#1230 = CARTESIAN_POINT ( 'NONE',  ( 8.235938635679897146, 4.194156924060669311, 2.776432094569281972 ) ) ;
#1231 = CARTESIAN_POINT ( 'NONE',  ( 7.730063371377888792, 3.437244159588126458, 2.170530733331384354 ) ) ;
#1232 = CARTESIAN_POINT ( 'NONE',  ( 8.408802983063825565, 0.4227520007204776942, 2.199631350503358007 ) ) ;
#1233 = CARTESIAN_POINT ( 'NONE',  ( 1.790389435690214581, -0.2586332480971342829, 2.024298248406794620 ) ) ;
#1234 = CARTESIAN_POINT ( 'NONE',  ( 2.172805096231307687, 2.136670179225308441, 1.843191710666787220 ) ) ;
#1235 = ORIENTED_EDGE ( 'NONE', *, *, #3351, .F. ) ;
#1236 = CARTESIAN_POINT ( 'NONE',  ( 5.682508859886762131, 5.444438748260421512, 2.120293042460921207 ) ) ;
#1237 = CARTESIAN_POINT ( 'NONE',  ( 1.755171363374548932, -3.299972500575731882, 2.255985510080829037 ) ) ;
#1238 = CARTESIAN_POINT ( 'NONE',  ( 2.781304711150726305, 4.127608167992493193, 1.976528552270923944 ) ) ;
#1239 = VERTEX_POINT ( 'NONE', #468 ) ;
#1240 = CARTESIAN_POINT ( 'NONE',  ( 8.999949998749924518, -5.185991655075518736, 2.860582781773652883 ) ) ;
#1241 = CARTESIAN_POINT ( 'NONE',  ( 7.566415078972266173, 3.719293219426905495, 2.151499912966136741 ) ) ;
#1242 = CARTESIAN_POINT ( 'NONE',  ( 9.939881297640074109, -9.959212823092645550, 4.398748783753760883 ) ) ;
#1243 = CARTESIAN_POINT ( 'NONE',  ( 1.999949998749937397, -0.8793720564009011031, 2.000000000000002220 ) ) ;
#1244 = CARTESIAN_POINT ( 'NONE',  ( 9.255033799112833748, 3.702857418232674558, 3.438127715946612373 ) ) ;
#1245 = CARTESIAN_POINT ( 'NONE',  ( 2.866958603602566491, 4.179492596615319577, 1.949495574147772192 ) ) ;
#1246 = CARTESIAN_POINT ( 'NONE',  ( 8.999949998748748570, -2.497967886621965228, 2.519376475170823859 ) ) ;
#1247 = ORIENTED_EDGE ( 'NONE', *, *, #496, .T. ) ;
#1248 = CARTESIAN_POINT ( 'NONE',  ( -0.1472932963190939915, -13.34871390658662271, 3.760926399549922472 ) ) ;
#1249 = CARTESIAN_POINT ( 'NONE',  ( 6.303775694578161115, 0.03712435784340972073, 1.221085883853651577 ) ) ;
#1250 = CARTESIAN_POINT ( 'NONE',  ( 7.930197167071148634, 4.518659728128642250, 2.696385597991247884 ) ) ;
#1251 = CARTESIAN_POINT ( 'NONE',  ( 8.986146814713178443, 1.143079029539806335, 2.670389460156800787 ) ) ;
#1252 = AXIS2_PLACEMENT_3D ( 'NONE', #3190, #287, #5127 ) ;
#1253 = CARTESIAN_POINT ( 'NONE',  ( -0.07349799176000620937, -4.209206426874279039, 3.778920577421803539 ) ) ;
#1254 = CARTESIAN_POINT ( 'NONE',  ( 8.506755029854389250, 3.791356726361934104, 2.814605433148916092 ) ) ;
#1255 = CARTESIAN_POINT ( 'NONE',  ( 7.629022493705924113, 2.951802358424217232, 2.002673310613329871 ) ) ;
#1256 = CARTESIAN_POINT ( 'NONE',  ( 8.911026361412075047, -8.854849575221447111, 3.453917502566935749 ) ) ;
#1257 = CARTESIAN_POINT ( 'NONE',  ( 2.605198077690134895, 0.6399340505380268773, 1.575463126829600213 ) ) ;
#1258 = CARTESIAN_POINT ( 'NONE',  ( 2.133831313708615784, -1.071977224686548880, 1.879015717196323099 ) ) ;
#1259 = CARTESIAN_POINT ( 'NONE',  ( 6.162756831338926489, 0.7778169547932589634, 1.178946983029935724 ) ) ;
#1260 = ADVANCED_FACE ( 'NONE', ( #3282 ), #4098, .T. ) ;
#1261 = VERTEX_POINT ( 'NONE', #1398 ) ;
#1262 = CARTESIAN_POINT ( 'NONE',  ( 9.253193233189668021, -3.327611140812591906, 2.724267063117198351 ) ) ;
#1263 = CARTESIAN_POINT ( 'NONE',  ( 7.132275858591230033, 4.600342395450207178, 2.200216134429349601 ) ) ;
#1264 = CARTESIAN_POINT ( 'NONE',  ( 8.052652594366675132, 0.8030570735137743110, 2.010868997007958292 ) ) ;
#1265 = CARTESIAN_POINT ( 'NONE',  ( 5.457554787227925530, 5.458722785663556287, 2.120423264105491867 ) ) ;
#1266 = B_SPLINE_CURVE_WITH_KNOTS ( 'NONE', 3,
 ( #5086, #4670, #636, #5062, #2643, #3439, #1077, #248, #5039, #4646 ),
 .UNSPECIFIED., .F., .F.,
 ( 4, 3, 3, 4 ),
 ( 0.000000000000000000, 0.0001265061153842098073, 0.0002530122307684225420, 0.0004999993949912997539 ),
 .UNSPECIFIED. ) ;
#1267 = CARTESIAN_POINT ( 'NONE',  ( 3.277793926298917082, -9.929580681659611940, 2.496315159326133237 ) ) ;
#1268 = CARTESIAN_POINT ( 'NONE',  ( 4.744564435782517187, 0.3166448450888925681, 1.034705620543566962 ) ) ;
#1269 = CARTESIAN_POINT ( 'NONE',  ( 2.338071691711896882, 6.045602811938167065, 3.308212307578079159 ) ) ;
#1270 = CARTESIAN_POINT ( 'NONE',  ( 8.995234319684794144, -0.3129371825548454833, 2.558188530625935542 ) ) ;
#1271 = CARTESIAN_POINT ( 'NONE',  ( 8.960217365375372722, 0.5248076872157616535, 2.597907156483965974 ) ) ;
#1272 = CARTESIAN_POINT ( 'NONE',  ( 9.256991693462650161, 3.690456254299201433, 3.435844173244740674 ) ) ;
#1273 = CARTESIAN_POINT ( 'NONE',  ( 6.702989751688030573, 3.960793471664336707, 1.779147962501467894 ) ) ;
#1274 = CARTESIAN_POINT ( 'NONE',  ( 8.999949998749936952, -3.775359860333558082, 2.610083435165908128 ) ) ;
#1275 = ORIENTED_EDGE ( 'NONE', *, *, #1534, .F. ) ;
#1276 = CARTESIAN_POINT ( 'NONE',  ( 9.527102532831733583, -12.83853711292978694, 3.454157091603195173 ) ) ;
#1277 = CARTESIAN_POINT ( 'NONE',  ( 7.808926218070205039, 4.636367854919343223, 2.612147331455353605 ) ) ;
#1278 = CARTESIAN_POINT ( 'NONE',  ( 9.022973902791529000, 0.6863350147209845709, 2.654915243202762731 ) ) ;
#1279 = CARTESIAN_POINT ( 'NONE',  ( -0.07492766749481877264, -3.686862090657549995, 3.728431460376082196 ) ) ;
#1280 = VERTEX_POINT ( 'NONE', #3006 ) ;
#1281 = CARTESIAN_POINT ( 'NONE',  ( 8.556875701064099005, 3.636350511709083300, 2.787217805965979345 ) ) ;
#1282 = CARTESIAN_POINT ( 'NONE',  ( 1.999991342605114797, 1.520705946827249022, 1.955517588795347983 ) ) ;
#1283 = CARTESIAN_POINT ( 'NONE',  ( 8.961064408857129848, -8.520332083979374360, 3.386302936357799442 ) ) ;
#1284 = CARTESIAN_POINT ( 'NONE',  ( 8.959137507124069089, 0.06139821289013387695, 2.564356918666327534 ) ) ;
#1285 = CARTESIAN_POINT ( 'NONE',  ( 1.910412158712218922, -3.306925467272764152, 2.183911541326395866 ) ) ;
#1286 = CARTESIAN_POINT ( 'NONE',  ( 2.067195106928491288, 0.8773054519958800590, 1.856064213959259801 ) ) ;
#1287 = VERTEX_POINT ( 'NONE', #651 ) ;
#1288 = CARTESIAN_POINT ( 'NONE',  ( 8.586122616561199905, -3.937120338106891992, 2.345965726582459610 ) ) ;
#1289 = CARTESIAN_POINT ( 'NONE',  ( 6.837247806068296185, 5.943294003831506522, 2.823949157859159342 ) ) ;
#1290 = EDGE_CURVE ( 'NONE', #3164, #1601, #263, .T. ) ;
#1291 = CARTESIAN_POINT ( 'NONE',  ( 2.625827783203950272, -4.063170678607008313, 1.915905329092101983 ) ) ;
#1292 = CARTESIAN_POINT ( 'NONE',  ( 2.918482224613917264, 4.302131308970793988, 1.975130103078650112 ) ) ;
#1293 = CARTESIAN_POINT ( 'NONE',  ( 8.955815827596490308, -3.778613739820801953, 2.580534559132595440 ) ) ;
#1294 = CARTESIAN_POINT ( 'NONE',  ( 3.251874642939744930, -11.24628752974640733, 2.239091151352964104 ) ) ;
#1295 = CARTESIAN_POINT ( 'NONE',  ( 6.296150755205593086, 0.4329562191556779460, 1.210025043122669119 ) ) ;
#1296 = CARTESIAN_POINT ( 'NONE',  ( 7.576670917611043166, 3.721153854346431977, 2.158109758873952178 ) ) ;
#1297 = CARTESIAN_POINT ( 'NONE',  ( 2.135859528675600139, 6.304423665781544450, 3.686724478291013796 ) ) ;
#1298 = CARTESIAN_POINT ( 'NONE',  ( 8.453740572505614281, -0.3300483583753011096, 2.193112282227207999 ) ) ;
#1299 = CARTESIAN_POINT ( 'NONE',  ( 5.351354095954127033, -11.03048195649298435, 5.380102191722912153 ) ) ;
#1300 = CARTESIAN_POINT ( 'NONE',  ( 10.17205917368245416, 3.620184653000124708, 4.617795868105671886 ) ) ;
#1301 = CARTESIAN_POINT ( 'NONE',  ( 3.361471505497874102, 4.109669552783495661, 1.715509982954255275 ) ) ;
#1302 = CARTESIAN_POINT ( 'NONE',  ( 8.955815827596488532, -3.778613739820762873, 2.580534559132593220 ) ) ;
#1303 = CARTESIAN_POINT ( 'NONE',  ( 10.67145265764492201, -13.33916241482027765, 5.430854884729122034 ) ) ;
#1304 = CARTESIAN_POINT ( 'NONE',  ( 7.982845169665178098, 4.038113701774007858, 2.504450072162788477 ) ) ;
#1305 = CARTESIAN_POINT ( 'NONE',  ( 9.754783576052084015, 0.5442491517538006196, 3.311005647243863592 ) ) ;
#1306 = CARTESIAN_POINT ( 'NONE',  ( -0.02532574409681159766, -8.764140294814925625, 4.367260535049134695 ) ) ;
#1307 = CARTESIAN_POINT ( 'NONE',  ( 4.290679524312645654, -11.28450808739673583, 2.968353114983976138 ) ) ;
#1308 = CARTESIAN_POINT ( 'NONE',  ( 5.861519500193295151, -11.35595736068270512, 2.031944865235141506 ) ) ;
#1309 = CARTESIAN_POINT ( 'NONE',  ( 8.346518438279607821, -10.04283057825070991, 3.171795160073356712 ) ) ;
#1310 = CARTESIAN_POINT ( 'NONE',  ( 8.999949998751604952, 0.3007412164661916743, 2.610548791219777343 ) ) ;
#1311 = CARTESIAN_POINT ( 'NONE',  ( 1.790126869721996972, -2.642615481565107949, 2.184073646010729508 ) ) ;
#1312 = CARTESIAN_POINT ( 'NONE',  ( 2.261541014087143697, 0.9223785281863572383, 1.751009053831898976 ) ) ;
#1313 = EDGE_LOOP ( 'NONE', ( #27, #2759, #2766, #850, #3120, #87 ) ) ;
#1314 = CARTESIAN_POINT ( 'NONE',  ( 8.492380215140583388, -7.323640226694156041, 2.846750342476719542 ) ) ;
#1315 = CARTESIAN_POINT ( 'NONE',  ( 7.101026971502558460, 3.993147413382192035, 1.971213017326103989 ) ) ;
#1316 = CARTESIAN_POINT ( 'NONE',  ( 3.243906647735200099, -3.954789482032788683, 1.673849404983623224 ) ) ;
#1317 = CARTESIAN_POINT ( 'NONE',  ( 7.340637834597370848, 3.471631771042371639, 1.956940452807983233 ) ) ;
#1318 = CARTESIAN_POINT ( 'NONE',  ( 5.527708547357804036, 0.4401426533601482394, 1.052839290392318050 ) ) ;
#1319 = CARTESIAN_POINT ( 'NONE',  ( 7.326565718785252201, 4.937037897482767335, 2.462154962091849697 ) ) ;
#1320 = B_SPLINE_CURVE_WITH_KNOTS ( 'NONE', 3,
 ( #4180, #2526, #514, #4515, #3344, #1385, #2495, #3807, #609, #1770, #1363 ),
 .UNSPECIFIED., .F., .F.,
 ( 4, 2, 2, 2, 1, 4 ),
 ( 0.3347427649553583184, 0.4689277845198506212, 0.4857009119654122076, 0.5024740394109737940, 0.5360202943020968558, 0.6031128040843428684 ),
 .UNSPECIFIED. ) ;
#1321 = CARTESIAN_POINT ( 'NONE',  ( 7.790164306847362496, -0.7281858128629359328, 1.809445593035407418 ) ) ;
#1322 = CARTESIAN_POINT ( 'NONE',  ( 7.727735336668626331, 0.6745624045541021019, 1.819922988016241971 ) ) ;
#1323 = CARTESIAN_POINT ( 'NONE',  ( 9.747790988069711560, 3.656142410591367575, 4.005220195184413967 ) ) ;
#1324 = CARTESIAN_POINT ( 'NONE',  ( 7.532415795482381604, 3.099871765528089185, 1.971877889498727221 ) ) ;
#1325 = ADVANCED_FACE ( 'NONE', ( #1771 ), #4596, .T. ) ;
#1326 = CARTESIAN_POINT ( 'NONE',  ( 1.802134377754522454, -11.90613403961082639, 3.365004434413022771 ) ) ;
#1327 = CARTESIAN_POINT ( 'NONE',  ( -0.7073343076625313586, -13.73252483466724883, 4.968311241235869424 ) ) ;
#1328 = CARTESIAN_POINT ( 'NONE',  ( 4.349109973393519013, -11.30543458341867513, 2.169721690156498628 ) ) ;
#1329 = CARTESIAN_POINT ( 'NONE',  ( 7.526474370867362929, 4.853599798082171901, 2.537820963403969010 ) ) ;
#1330 = CARTESIAN_POINT ( 'NONE',  ( 8.704209265478223045, 3.629338974833112630, 2.901408705585680092 ) ) ;
#1331 = CARTESIAN_POINT ( 'NONE',  ( 0.5057390794381209087, -7.267538904743964245, 3.600605408905970251 ) ) ;
#1332 = B_SPLINE_CURVE_WITH_KNOTS ( 'NONE', 3,
 ( #3729, #2830, #2884, #4484, #4102, #3753, #846 ),
 .UNSPECIFIED., .F., .F.,
 ( 4, 3, 4 ),
 ( 0.000000000000000000, 0.0002557697606893986615, 0.0002558297600741351479 ),
 .UNSPECIFIED. ) ;
#1333 = CARTESIAN_POINT ( 'NONE',  ( 7.595252931560079190, 3.390756196996080885, 2.080230610839258532 ) ) ;
#1334 = CARTESIAN_POINT ( 'NONE',  ( 1.999980547612263626, 2.015292495518242077, 1.942614077590132604 ) ) ;
#1335 = CARTESIAN_POINT ( 'NONE',  ( 7.930196178317714839, 4.518660682154395758, 2.696385336794137277 ) ) ;
#1336 = CARTESIAN_POINT ( 'NONE',  ( 8.759460190388878686, 3.218589688580552721, 2.836395284156971730 ) ) ;
#1337 = CARTESIAN_POINT ( 'NONE',  ( 6.164219846075614129, 0.6721018915542276151, 1.179143703688342981 ) ) ;
#1338 = CARTESIAN_POINT ( 'NONE',  ( 7.023895166542951429, -9.741520531602793298, 2.620912827478953488 ) ) ;
#1339 = CARTESIAN_POINT ( 'NONE',  ( 7.495194484800040691, 5.917030425208691824, 3.179662749010806699 ) ) ;
#1340 = B_SPLINE_CURVE_WITH_KNOTS ( 'NONE', 3,
 ( #4204, #3445, #590, #3787 ),
 .UNSPECIFIED., .F., .F.,
 ( 4, 4 ),
 ( 0.000000000000000000, 1.000000000000000000 ),
 .UNSPECIFIED. ) ;
#1341 = CARTESIAN_POINT ( 'NONE',  ( 2.625664963880933289, -3.997414868490284157, 1.909301606103364524 ) ) ;
#1342 = CARTESIAN_POINT ( 'NONE',  ( 7.577245843159268190, 3.832281944608023849, 2.191201506441365243 ) ) ;
#1343 = CARTESIAN_POINT ( 'NONE',  ( 2.606845835386288002, 0.9081717069342465365, 1.572866910066186952 ) ) ;
#1344 = CARTESIAN_POINT ( 'NONE',  ( 7.738228973498545216, 0.4252149247317149605, 1.805086190743724117 ) ) ;
#1345 = VECTOR ( 'NONE', #3144, 1000.000000000000000 ) ;
#1346 = CARTESIAN_POINT ( 'NONE',  ( 4.327084683964459444, -11.29768353961868499, 2.174234928306333803 ) ) ;
#1347 = CARTESIAN_POINT ( 'NONE',  ( 9.719338951349271838, -0.5625065802969120288, 3.146099284043692990 ) ) ;
#1348 = CARTESIAN_POINT ( 'NONE',  ( 7.724049871776106357, 0.7639691141087812110, 1.821662679580288158 ) ) ;
#1349 = CARTESIAN_POINT ( 'NONE',  ( 2.120550608891821120, 3.978263394794401275, 2.288017315750226377 ) ) ;
#1350 = CARTESIAN_POINT ( 'NONE',  ( 1.832310249313304551, -10.46924745304100846, 3.229993343509085069 ) ) ;
#1351 = CARTESIAN_POINT ( 'NONE',  ( 2.090128421101279166, -8.479138905781224977, 2.833590901195573775 ) ) ;
#1352 = EDGE_CURVE ( 'NONE', #4414, #1423, #4019, .T. ) ;
#1353 = CARTESIAN_POINT ( 'NONE',  ( 10.25196120081505669, 3.962152959296638688, 6.683575817224803650 ) ) ;
#1354 = CARTESIAN_POINT ( 'NONE',  ( 9.495723862753880695, 3.846788541683326734, 3.782647635207499803 ) ) ;
#1355 = CARTESIAN_POINT ( 'NONE',  ( 5.733813988853267318, -10.93904275384941016, 2.075685130839817649 ) ) ;
#1356 = CARTESIAN_POINT ( 'NONE',  ( 7.194512425980838621, -11.07816868439334712, 2.538745345867177594 ) ) ;
#1357 = CARTESIAN_POINT ( 'NONE',  ( 7.517590363610493043, 4.859867367850795539, 2.588574076366052523 ) ) ;
#1358 = CARTESIAN_POINT ( 'NONE',  ( 7.959768778646573395, 2.068401551018700602, 2.056695630377962658 ) ) ;
#1359 = CARTESIAN_POINT ( 'NONE',  ( 2.491250835340311109, 0.8592463057058297160, 1.632431363330838270 ) ) ;
#1360 = CARTESIAN_POINT ( 'NONE',  ( 7.004720956331981441, -11.31184266519724702, 2.808578504698213241 ) ) ;
#1361 = CARTESIAN_POINT ( 'NONE',  ( 7.908715876000230516, 5.875740849806771138, 3.424899151099009220 ) ) ;
#1362 = CARTESIAN_POINT ( 'NONE',  ( 9.854974521937627685, -3.824841346493662364, 3.300760067197305414 ) ) ;
#1363 = CARTESIAN_POINT ( 'NONE',  ( 2.135238637311933640, -1.452722201349343489, 1.907247174876526064 ) ) ;
#1364 = CARTESIAN_POINT ( 'NONE',  ( 1.920894943429733104, 4.959274545771497067, 2.842179445258679493 ) ) ;
#1365 = CARTESIAN_POINT ( 'NONE',  ( 1.880144203565288219, -0.2629956570055491660, 1.970739735238357548 ) ) ;
#1366 = CARTESIAN_POINT ( 'NONE',  ( 7.594919529146065607, 3.417172719021338345, 2.086643237088499525 ) ) ;
#1367 = CARTESIAN_POINT ( 'NONE',  ( 4.603810257708760290, -11.38338172671346449, 2.127007381623184923 ) ) ;
#1368 = DIRECTION ( 'NONE',  ( 1.000000000000000000, 0.000000000000000000, 0.000000000000000000 ) ) ;
#1369 = CARTESIAN_POINT ( 'NONE',  ( 7.460454393655120420, 3.104823031921028154, 1.934720759863579609 ) ) ;
#1370 = CARTESIAN_POINT ( 'NONE',  ( 2.505027103477615480, -5.824619473426690064, 2.176586349462169334 ) ) ;
#1371 = CARTESIAN_POINT ( 'NONE',  ( 9.116432905046538693, 4.463879969084732835, 3.608846801798196502 ) ) ;
#1372 = CARTESIAN_POINT ( 'NONE',  ( 9.564916213544687906, 3.569622829397239627, 3.761043171826827791 ) ) ;
#1373 = CARTESIAN_POINT ( 'NONE',  ( 2.406293985705934002, -10.59494473064759390, 2.670898801264967481 ) ) ;
#1374 = EDGE_CURVE ( 'NONE', #5057, #744, #926, .T. ) ;
#1375 = CARTESIAN_POINT ( 'NONE',  ( 8.899949998749933755, 1.999949998749861457, 2.849094997549258768 ) ) ;
#1376 = CARTESIAN_POINT ( 'NONE',  ( 9.361641535946354509, 0.2145114776840872928, 2.892073727209265588 ) ) ;
#1377 = CARTESIAN_POINT ( 'NONE',  ( 8.313908085709478257, -9.980574676242870424, 3.084510487661923595 ) ) ;
#1378 = CARTESIAN_POINT ( 'NONE',  ( 7.875386349055418123, 2.576361610366478594, 2.073653919779384847 ) ) ;
#1379 = CARTESIAN_POINT ( 'NONE',  ( -0.7400253532328302519, -11.54328747635866037, 6.370460361689024076 ) ) ;
#1380 = EDGE_CURVE ( 'NONE', #99, #396, #3532, .T. ) ;
#1381 = CARTESIAN_POINT ( 'NONE',  ( 7.760811611588009029, 3.820574346833555346, 2.296001408213623751 ) ) ;
#1382 = CARTESIAN_POINT ( 'NONE',  ( 10.27047271693718322, -3.639099195276190635, 3.733437684384919741 ) ) ;
#1383 = CARTESIAN_POINT ( 'NONE',  ( 7.728517370663268160, 3.653306167114622749, 2.225308293295886752 ) ) ;
#1384 = CARTESIAN_POINT ( 'NONE',  ( 5.861519500193295151, -11.35595736068270512, 2.031944865235141506 ) ) ;
#1385 = CARTESIAN_POINT ( 'NONE',  ( 2.137267967559467241, -1.888179532787726655, 1.939977016964797851 ) ) ;
#1386 = CARTESIAN_POINT ( 'NONE',  ( 4.312449116679919037, -8.025037322720669053, 2.059730545501919252 ) ) ;
#1387 = CARTESIAN_POINT ( 'NONE',  ( 2.688558619121924398, 5.674610748488878365, 2.807197266903366906 ) ) ;
#1388 = CARTESIAN_POINT ( 'NONE',  ( 2.254717715750151896, -1.872392647122383957, 1.879459727466346264 ) ) ;
#1389 = CARTESIAN_POINT ( 'NONE',  ( 7.672322141868220591, 1.957114077230592830, 1.871315673993439788 ) ) ;
#1390 = CARTESIAN_POINT ( 'NONE',  ( 2.054950146444661119, -8.639483706480616476, 2.939740199463148684 ) ) ;
#1391 = CARTESIAN_POINT ( 'NONE',  ( 2.857288177931547324, 3.729714716335625013, 1.796381612804817340 ) ) ;
#1392 = CARTESIAN_POINT ( 'NONE',  ( 7.835040199813871453, 4.883997310113963763, 2.741069118425003559 ) ) ;
#1393 = CARTESIAN_POINT ( 'NONE',  ( 3.238176954092290227, -11.30847992967046167, 2.773379481954020065 ) ) ;
#1394 = CARTESIAN_POINT ( 'NONE',  ( 2.261541014087143697, 0.9223785281863572383, 1.751009053831898976 ) ) ;
#1395 = B_SPLINE_CURVE_WITH_KNOTS ( 'NONE', 3,
 ( #4742, #2029, #1603, #3193, #5131, #866, #1938, #1249, #1144, #835, #1913, #3248, #29 ),
 .UNSPECIFIED., .F., .F.,
 ( 4, 1, 1, 1, 1, 1, 1, 1, 1, 1, 4 ),
 ( 0.000000000000000000, 0.04761904761904078853, 0.1428571428571223656, 0.2380952380952039427, 0.3333333333332855197, 0.4285714285713670413, 0.5238095238094486739, 0.6190476190475302509, 0.7142857142856118280, 0.8095238095236934051, 0.8881387959155162548 ),
 .UNSPECIFIED. ) ;
#1396 = CARTESIAN_POINT ( 'NONE',  ( 8.345027579190471556, 4.518811395526095787, 2.939368135735834109 ) ) ;
#1397 = CARTESIAN_POINT ( 'NONE',  ( 9.926996589312869546, 0.1823036287416091028, 3.450390686590986800 ) ) ;
#1398 = CARTESIAN_POINT ( 'NONE',  ( 8.961438822440548790, -8.517829030822515080, 3.437577862249268090 ) ) ;
#1399 = ORIENTED_EDGE ( 'NONE', *, *, #3795, .T. ) ;
#1400 = CARTESIAN_POINT ( 'NONE',  ( 7.930196178317714839, 4.518660682154395758, 2.696385336794137277 ) ) ;
#1401 = CARTESIAN_POINT ( 'NONE',  ( 6.335910601205958947, -10.88122508637442287, 6.298170405982907560 ) ) ;
#1402 = CARTESIAN_POINT ( 'NONE',  ( 2.499902649117579312, 3.814660039863342789, 2.061462304497549525 ) ) ;
#1403 = CARTESIAN_POINT ( 'NONE',  ( 8.024497222407497077, 0.7024770086139775493, 1.988810214245481767 ) ) ;
#1404 = CARTESIAN_POINT ( 'NONE',  ( -0.7013780859651680410, -7.821713433752069733, 5.647005967520803082 ) ) ;
#1405 = CARTESIAN_POINT ( 'NONE',  ( 7.573047192429464225, 3.799974115899718008, 2.179392215729848203 ) ) ;
#1406 = CARTESIAN_POINT ( 'NONE',  ( 9.901376544562991100, -9.527925578594608425, 4.393023884435524273 ) ) ;
#1407 = CARTESIAN_POINT ( 'NONE',  ( 7.618560851022460945, 4.556142351233499532, 2.457538011197297312 ) ) ;
#1408 = CARTESIAN_POINT ( 'NONE',  ( 8.945213312688968799, -8.348106237010076924, 3.346565419380717721 ) ) ;
#1409 = CARTESIAN_POINT ( 'NONE',  ( 7.374184238630288490, 3.590520359265520156, 2.005477313223791302 ) ) ;
#1410 = ADVANCED_FACE ( 'NONE', ( #4392 ), #1074, .T. ) ;
#1411 = CARTESIAN_POINT ( 'NONE',  ( 2.231851784731491595, 4.541431188965688648, 2.445232686385371057 ) ) ;
#1412 = CARTESIAN_POINT ( 'NONE',  ( 10.04035966829768256, -3.148742038596580528, 3.426551744733384641 ) ) ;
#1413 = CARTESIAN_POINT ( 'NONE',  ( 7.505098130092161313, 3.351040667614740620, 2.018104790892228717 ) ) ;
#1414 = CARTESIAN_POINT ( 'NONE',  ( 2.141788375313801396, -2.711146978668234286, 2.010074662321264860 ) ) ;
#1415 = CARTESIAN_POINT ( 'NONE',  ( 2.057291032952616838, -7.324647156799959369, 2.639351050691794764 ) ) ;
#1416 = VECTOR ( 'NONE', #4693, 1000.000000000000000 ) ;
#1417 = CARTESIAN_POINT ( 'NONE',  ( 7.958923534016653534, 4.873742267743369716, 2.818360342739223423 ) ) ;
#1418 = CARTESIAN_POINT ( 'NONE',  ( 3.262419368991617663, -8.963174315632176814, 2.480884999817454251 ) ) ;
#1419 = SURFACE_STYLE_USAGE ( .BOTH. , #1015 ) ;
#1420 = CARTESIAN_POINT ( 'NONE',  ( 10.25712549989066602, 3.966982333349827528, 6.669475941094815674 ) ) ;
#1421 = CARTESIAN_POINT ( 'NONE',  ( 9.681850621453707006, 2.937777554556042503, 3.699868408835675915 ) ) ;
#1422 = ORIENTED_EDGE ( 'NONE', *, *, #1630, .F. ) ;
#1423 = VERTEX_POINT ( 'NONE', #1974 ) ;
#1424 = CARTESIAN_POINT ( 'NONE',  ( 5.576256995089394763, -11.52869705066281547, 4.374972261468585977 ) ) ;
#1425 = CARTESIAN_POINT ( 'NONE',  ( 8.218158679539442346, -10.10354317619992415, 3.026421806756264932 ) ) ;
#1426 = CARTESIAN_POINT ( 'NONE',  ( 8.364633640923804236, 4.010817381314230268, 2.808890363031160575 ) ) ;
#1427 = CARTESIAN_POINT ( 'NONE',  ( 7.988713928706758338, 0.7535990809935944057, 1.970168932674177587 ) ) ;
#1428 = CARTESIAN_POINT ( 'NONE',  ( -0.7552760900925645782, -10.12789250083309689, 6.161826090934786393 ) ) ;
#1429 = CARTESIAN_POINT ( 'NONE',  ( 7.762420786547381546, 5.484154362950855344, 3.050141585830703050 ) ) ;
#1430 = CARTESIAN_POINT ( 'NONE',  ( 10.26996699617416198, -3.769806980609191616, 3.746458489432586081 ) ) ;
#1431 = CARTESIAN_POINT ( 'NONE',  ( 7.365930009963859604, 5.584026308510681602, 2.856750290356485866 ) ) ;
#1432 = CARTESIAN_POINT ( 'NONE',  ( 4.439192476920469588, -11.20848200799343353, 2.060135157501706615 ) ) ;
#1433 = CARTESIAN_POINT ( 'NONE',  ( 7.425844113524794565, -9.955569053930080514, 2.660753517826065728 ) ) ;
#1434 = EDGE_CURVE ( 'NONE', #1923, #3855, #4103, .T. ) ;
#1435 = CARTESIAN_POINT ( 'NONE',  ( 2.012760190369857760, 3.965467691889351443, 2.350384797674916815 ) ) ;
#1436 = CARTESIAN_POINT ( 'NONE',  ( 10.37032420185696147, -1.635385249864063084, 3.774018746335863650 ) ) ;
#1437 = CARTESIAN_POINT ( 'NONE',  ( 7.363081152885929903, 0.7240704396200281501, 1.635184488617289045 ) ) ;
#1438 = APPLICATION_PROTOCOL_DEFINITION ( 'draft international standard', 'automotive_design', 1998, #1622 ) ;
#1439 = PRESENTATION_LAYER_ASSIGNMENT (  '', '', ( #3965 ) ) ;
#1440 = CARTESIAN_POINT ( 'NONE',  ( 8.396723552461297757, 3.742271908049460194, 2.697406229597714145 ) ) ;
#1441 = CARTESIAN_POINT ( 'NONE',  ( 5.491152641705333792, -12.38825763655129819, 2.611323840012917952 ) ) ;
#1442 = CARTESIAN_POINT ( 'NONE',  ( 3.250334218835821964, -10.57078839226822176, 2.414555961219266855 ) ) ;
#1443 = CARTESIAN_POINT ( 'NONE',  ( 10.00404136797691379, 4.403233288890668007, 4.795381366117863031 ) ) ;
#1444 = CARTESIAN_POINT ( 'NONE',  ( 9.909090367495192453, 1.001690736987942421, 3.547830303176900735 ) ) ;
#1445 = CARTESIAN_POINT ( 'NONE',  ( 2.057636597750132079, -8.016292594455908471, 2.765673406946348223 ) ) ;
#1446 = ORIENTED_EDGE ( 'NONE', *, *, #2120, .T. ) ;
#1447 = CARTESIAN_POINT ( 'NONE',  ( 4.603810257708481402, -11.38338172671435800, 2.127007381623047255 ) ) ;
#1448 = CARTESIAN_POINT ( 'NONE',  ( 7.179259627207472683, -10.97061685209283688, 2.446359535294667875 ) ) ;
#1449 = CARTESIAN_POINT ( 'NONE',  ( 8.999949998749922742, -8.000050001250071929, 7.009999999999999787 ) ) ;
#1450 = CARTESIAN_POINT ( 'NONE',  ( 7.252984018219568618, 3.896888537307491518, 2.020221382908445662 ) ) ;
#1451 = CARTESIAN_POINT ( 'NONE',  ( -0.6892947357576457712, -10.15160667847786513, 5.969757531147481089 ) ) ;
#1452 = ORIENTED_EDGE ( 'NONE', *, *, #5136, .T. ) ;
#1453 = CARTESIAN_POINT ( 'NONE',  ( 8.020943478775510727, 3.919488731096682166, 2.490285256289771265 ) ) ;
#1454 = CARTESIAN_POINT ( 'NONE',  ( 9.623025128825821284, -7.219710052323469185, 3.695525366792201005 ) ) ;
#1455 = CARTESIAN_POINT ( 'NONE',  ( 7.397606050273248357, 4.575907058756545354, 2.336139717175143460 ) ) ;
#1456 = CARTESIAN_POINT ( 'NONE',  ( 6.626540558770876999, -11.31377806946451337, 2.315893550236274745 ) ) ;
#1457 = CARTESIAN_POINT ( 'NONE',  ( 2.587495151059413523, 6.367779440313220185, 3.438768219931325199 ) ) ;
#1458 = CARTESIAN_POINT ( 'NONE',  ( 4.008122451553391308, -2.722913350730493676, 1.376088252636411546 ) ) ;
#1459 = CARTESIAN_POINT ( 'NONE',  ( 7.355893948585004338, 0.9435021825647538218, 1.638667130146399309 ) ) ;
#1460 = DIRECTION ( 'NONE',  ( 1.000000000000000000, 0.000000000000000000, 0.000000000000000000 ) ) ;
#1461 = CARTESIAN_POINT ( 'NONE',  ( 4.688673209277278708, -11.15699438171316515, 2.044611397118333507 ) ) ;
#1462 = CARTESIAN_POINT ( 'NONE',  ( 8.317032713980303527, 4.142230821377379968, 2.767243069933943644 ) ) ;
#1463 = CARTESIAN_POINT ( 'NONE',  ( 6.254360831767949769, -12.38122805916289160, 2.704072329816591402 ) ) ;
#1464 = CARTESIAN_POINT ( 'NONE',  ( 7.655225220054815871, 2.589733648467235305, 1.946278978622635769 ) ) ;
#1465 = CARTESIAN_POINT ( 'NONE',  ( 10.23130262563887527, 3.692447865510067651, 6.924418621155470355 ) ) ;
#1466 = CARTESIAN_POINT ( 'NONE',  ( 4.008746758513967556, 4.246708952806349302, 1.571410670350569472 ) ) ;
#1467 = EDGE_CURVE ( 'NONE', #675, #903, #904, .T. ) ;
#1468 = ORIENTED_EDGE ( 'NONE', *, *, #3760, .T. ) ;
#1469 = CARTESIAN_POINT ( 'NONE',  ( 4.537065948693262740, -11.07719528196926539, 2.053306505901657530 ) ) ;
#1470 = CARTESIAN_POINT ( 'NONE',  ( 4.748079098901348161, 0.04963216109113433028, 1.050353010585342473 ) ) ;
#1471 = CARTESIAN_POINT ( 'NONE',  ( 5.224787250845506215, 5.496157159694712746, 2.180634584469055781 ) ) ;
#1472 = CARTESIAN_POINT ( 'NONE',  ( 8.401526478817238797, 3.651651781897164106, 2.668084044287276857 ) ) ;
#1473 = CARTESIAN_POINT ( 'NONE',  ( 8.955267028350814229, -2.500328844376771720, 2.489748216828501448 ) ) ;
#1474 = CARTESIAN_POINT ( 'NONE',  ( 8.062705139682250888, 3.733779258191904926, 2.461557128002357153 ) ) ;
#1475 = CARTESIAN_POINT ( 'NONE',  ( 10.37345810830542270, -7.116541007654464401, 4.529673362434026629 ) ) ;
#1476 = CARTESIAN_POINT ( 'NONE',  ( 7.852783472466796866, 4.172944306606113152, 2.456577977196835683 ) ) ;
#1477 = FACE_OUTER_BOUND ( 'NONE', #4888, .T. ) ;
#1478 = CARTESIAN_POINT ( 'NONE',  ( 6.177802750887292582, 3.575689133941267528, 1.475619835357895315 ) ) ;
#1479 = CARTESIAN_POINT ( 'NONE',  ( 1.451474587450535703, -10.62475164898279978, 3.122003778031304577 ) ) ;
#1480 = CARTESIAN_POINT ( 'NONE',  ( 2.267586585204216743, 6.322902433353289275, 3.614403902936107027 ) ) ;
#1481 = CARTESIAN_POINT ( 'NONE',  ( 8.568378627662207592, -2.633963744603034840, 2.240412396595873545 ) ) ;
#1482 = AXIS2_PLACEMENT_3D ( 'NONE', #434, #2792, #2850 ) ;
#1483 = CARTESIAN_POINT ( 'NONE',  ( 7.488166250559112669, 0.8124537267032716503, 1.698680138530596517 ) ) ;
#1484 = B_SPLINE_CURVE_WITH_KNOTS ( 'NONE', 3,
 ( #89, #4144, #867, #1631, #2088, #2454, #4908, #1304, #497, #549, #4824, #922, #1686, #836, #2136, #465, #3745 ),
 .UNSPECIFIED., .F., .F.,
 ( 4, 2, 2, 2, 1, 2, 2, 2, 4 ),
 ( 0.000000000000000000, 0.09741533793653101014, 0.1217691724206638043, 0.1339460896627295283, 0.1461230069047952662, 0.1948306758730550814, 0.2435383448413148411, 0.2922460138095746562, 0.3896613517460923992 ),
 .UNSPECIFIED. ) ;
#1485 = CARTESIAN_POINT ( 'NONE',  ( 7.751455800360345094, 5.513045963565637919, 3.062011873437072929 ) ) ;
#1486 = CARTESIAN_POINT ( 'NONE',  ( 8.163343943449199003, 0.8010753511664749915, 2.076837970273022194 ) ) ;
#1487 = CARTESIAN_POINT ( 'NONE',  ( 7.898560202407353792, 4.532063120811308465, 2.624672989828892522 ) ) ;
#1488 = CARTESIAN_POINT ( 'NONE',  ( 6.379611621001458843, -3.617616975179177352, 1.435686273978857619 ) ) ;
#1489 = CARTESIAN_POINT ( 'NONE',  ( 7.865171408576121514, 2.576998575573641315, 2.067312281569688270 ) ) ;
#1490 = CARTESIAN_POINT ( 'NONE',  ( 9.598942279928749599, 4.430944373328693509, 4.177673755992825200 ) ) ;
#1491 = CARTESIAN_POINT ( 'NONE',  ( 1.999949998749942726, -8.011463257550412109, 2.792176691596648830 ) ) ;
#1492 = ORIENTED_EDGE ( 'NONE', *, *, #2302, .T. ) ;
#1493 = EDGE_CURVE ( 'NONE', #493, #2014, #1943, .T. ) ;
#1494 = CARTESIAN_POINT ( 'NONE',  ( 10.63070408053112459, -11.43906978638345429, 5.614767760783418993 ) ) ;
#1495 = CARTESIAN_POINT ( 'NONE',  ( 10.03151741262734298, 0.7688439877584218873, 3.645455766304598999 ) ) ;
#1496 = CARTESIAN_POINT ( 'NONE',  ( 8.780343585382054172, 0.4200599273675038048, 2.454465123713732932 ) ) ;
#1497 = CARTESIAN_POINT ( 'NONE',  ( 7.830946702115551439, 3.427701010337180776, 2.229743983417819209 ) ) ;
#1498 = CARTESIAN_POINT ( 'NONE',  ( 8.171570336352608876, 0.6500900354047267626, 2.073236088905773045 ) ) ;
#1499 = B_SPLINE_CURVE_WITH_KNOTS ( 'NONE', 3,
 ( #202, #3416, #1408, #1030 ),
 .UNSPECIFIED., .F., .F.,
 ( 4, 4 ),
 ( 0.000000000000000000, 0.0005058843109638792770 ),
 .UNSPECIFIED. ) ;
#1500 = CARTESIAN_POINT ( 'NONE',  ( -0.5573320270878013849, -10.19903503376740161, 5.585620411572868704 ) ) ;
#1501 = EDGE_LOOP ( 'NONE', ( #4612, #3706, #4367, #2386, #269, #2034, #3253 ) ) ;
#1502 = CARTESIAN_POINT ( 'NONE',  ( 7.763971755649620832, 5.446573439474383882, 3.026158853577147756 ) ) ;
#1503 = CARTESIAN_POINT ( 'NONE',  ( 10.21534686097160716, -12.08187727598006234, 5.223043778013488847 ) ) ;
#1504 = CARTESIAN_POINT ( 'NONE',  ( 8.375470469890320402, 3.774084382524328873, 2.691438559308644063 ) ) ;
#1505 = CARTESIAN_POINT ( 'NONE',  ( 1.999949998749930735, -8.000050001250071929, 7.009999999999999787 ) ) ;
#1506 = CARTESIAN_POINT ( 'NONE',  ( 7.019580920930419410, 0.8195347407347619573, 1.478601539464318604 ) ) ;
#1507 = ORIENTED_EDGE ( 'NONE', *, *, #4297, .T. ) ;
#1508 = CARTESIAN_POINT ( 'NONE',  ( 3.715708439196527824, 6.419522818390283270, 2.939399803483112805 ) ) ;
#1509 = CARTESIAN_POINT ( 'NONE',  ( 6.380008182696101038, -3.775487366842939174, 1.450177260176419347 ) ) ;
#1510 = CARTESIAN_POINT ( 'NONE',  ( 7.367504585384453186, 0.9432825448248416400, 1.644324145725120756 ) ) ;
#1511 = CARTESIAN_POINT ( 'NONE',  ( 5.663400014814822470, -11.50298143732298684, 1.965461338954398229 ) ) ;
#1512 = CARTESIAN_POINT ( 'NONE',  ( 1.999949998749943836, -3.836820989272569093, 2.190788170656255307 ) ) ;
#1513 = ORIENTED_EDGE ( 'NONE', *, *, #5010, .T. ) ;
#1514 = CARTESIAN_POINT ( 'NONE',  ( 8.038842410331255905, 3.705250350601291487, 2.437343563521628731 ) ) ;
#1515 = CARTESIAN_POINT ( 'NONE',  ( 2.135625131859765879, -0.1293433894338062440, 1.833367212023623294 ) ) ;
#1516 = CARTESIAN_POINT ( 'NONE',  ( 6.352066412880754243, -6.656899529486199008, 1.836816265151492988 ) ) ;
#1517 = CARTESIAN_POINT ( 'NONE',  ( 7.829983450578541948, 0.8069114228114737664, 1.881009748101047929 ) ) ;
#1518 = CARTESIAN_POINT ( 'NONE',  ( 8.160691492193512531, 4.153434486496992761, 2.656395514342729136 ) ) ;
#1519 = FACE_OUTER_BOUND ( 'NONE', #1643, .T. ) ;
#1520 = CARTESIAN_POINT ( 'NONE',  ( 2.090128421101279166, -8.479138905781224977, 2.833590901195573775 ) ) ;
#1521 = ORIENTED_EDGE ( 'NONE', *, *, #4625, .F. ) ;
#1522 = CARTESIAN_POINT ( 'NONE',  ( 4.533144038401885290, -11.38971180989542553, 1.969841081195871535 ) ) ;
#1523 = CARTESIAN_POINT ( 'NONE',  ( 3.967851551845490654, 0.06318341416539086097, 1.141863042434540620 ) ) ;
#1524 = CARTESIAN_POINT ( 'NONE',  ( 2.479423448349469705, -9.657136499701449495, 2.768036631241420853 ) ) ;
#1525 = CARTESIAN_POINT ( 'NONE',  ( 7.446560356185718099, 3.443308197019185002, 2.007582190522636978 ) ) ;
#1526 = CARTESIAN_POINT ( 'NONE',  ( 8.714274168373604468, 0.6417141468816334182, 2.423769308145782730 ) ) ;
#1527 = CARTESIAN_POINT ( 'NONE',  ( -0.5305278484755843182, -3.720139988047654889, 4.679165751462636358 ) ) ;
#1528 = VERTEX_POINT ( 'NONE', #2458 ) ;
#1529 = CARTESIAN_POINT ( 'NONE',  ( 7.761736458829760821, 5.491584092443907217, 3.054663558837399595 ) ) ;
#1530 = CARTESIAN_POINT ( 'NONE',  ( 8.999949998749922742, -8.000050001250071929, 7.009999999999999787 ) ) ;
#1531 = CARTESIAN_POINT ( 'NONE',  ( 4.463432449232256793, -10.81529978937578385, 3.140872896634617106 ) ) ;
#1532 = CARTESIAN_POINT ( 'NONE',  ( 7.716534701895701787, 0.8087651555217512112, 1.819454776797102546 ) ) ;
#1533 = CARTESIAN_POINT ( 'NONE',  ( 7.530053500576665115, 0.9402076164664041613, 1.723522363827217019 ) ) ;
#1534 = EDGE_CURVE ( 'NONE', #425, #1205, #4683, .T. ) ;
#1535 = ORIENTED_EDGE ( 'NONE', *, *, #5106, .T. ) ;
#1536 = CARTESIAN_POINT ( 'NONE',  ( 3.998363507059950805, 4.011321134123141618, 1.492233316116202246 ) ) ;
#1537 = CARTESIAN_POINT ( 'NONE',  ( 1.755911832471104717, -3.694153862658061449, 2.294438877884931394 ) ) ;
#1538 = CARTESIAN_POINT ( 'NONE',  ( 7.381260166535677847, 3.594729559690451381, 2.010436741921019177 ) ) ;
#1539 = CARTESIAN_POINT ( 'NONE',  ( 7.477814675900626540, -7.971642477210632904, 2.423278540302253869 ) ) ;
#1540 = VERTEX_POINT ( 'NONE', #4803 ) ;
#1541 = CARTESIAN_POINT ( 'NONE',  ( 8.999949998751789693, -6.603680050374448385, 3.058643212969911485 ) ) ;
#1542 = CARTESIAN_POINT ( 'NONE',  ( 10.01805554689438615, -9.052753710351469252, 4.440413638967407373 ) ) ;
#1543 = CARTESIAN_POINT ( 'NONE',  ( 4.729903070977779400, -11.99226510842443716, 2.587227138081356959 ) ) ;
#1544 = CARTESIAN_POINT ( 'NONE',  ( 8.015355144684349398, 1.561235633421022673, 2.040069219149263979 ) ) ;
#1545 = CARTESIAN_POINT ( 'NONE',  ( 10.31361093814816066, 4.166057564943898228, 5.413340867038876958 ) ) ;
#1546 = CARTESIAN_POINT ( 'NONE',  ( 6.710105293533063175, 4.059450871583825560, 1.811745513841067412 ) ) ;
#1547 = EDGE_LOOP ( 'NONE', ( #5197, #3997, #1521, #332, #5051 ) ) ;
#1548 = CARTESIAN_POINT ( 'NONE',  ( -0.6150428325979937494, -11.53184499028633780, 5.492173475249235715 ) ) ;
#1549 = CARTESIAN_POINT ( 'NONE',  ( 1.885984067775596129, 0.2700845463638468225, 1.955175902816620459 ) ) ;
#1550 = CARTESIAN_POINT ( 'NONE',  ( 7.825940976105328239, 3.439383271004681220, 2.229704104293628752 ) ) ;
#1551 = CARTESIAN_POINT ( 'NONE',  ( 7.780878507486152174, 3.556790893453537272, 2.232493776565196431 ) ) ;
#1552 = CARTESIAN_POINT ( 'NONE',  ( 7.967320813368348631, 2.570628923506068642, 2.130728663666193956 ) ) ;
#1553 = CARTESIAN_POINT ( 'NONE',  ( -0.4057627923041394746, -4.801406238908706214, 4.407912859171847941 ) ) ;
#1554 = CARTESIAN_POINT ( 'NONE',  ( 8.961438822440548790, -8.517829030822515080, 3.437577862249268090 ) ) ;
#1555 = CARTESIAN_POINT ( 'NONE',  ( 10.55047004649870068, -4.123088577343198224, 4.101192326310279412 ) ) ;
#1556 = CARTESIAN_POINT ( 'NONE',  ( 8.960542852079575127, 0.6637167463557259728, 2.609313874465085448 ) ) ;
#1557 = CARTESIAN_POINT ( 'NONE',  ( 8.999949998749933400, 0.6034414074716503151, 2.684376921615554856 ) ) ;
#1558 = CARTESIAN_POINT ( 'NONE',  ( 2.095557052393547615, 2.139505995818996809, 1.887032801491011380 ) ) ;
#1559 = VERTEX_POINT ( 'NONE', #355 ) ;
#1560 = CARTESIAN_POINT ( 'NONE',  ( 4.143919509970180215, 5.585068296503209240, 2.215445906234336348 ) ) ;
#1561 = ADVANCED_FACE ( 'NONE', ( #3568 ), #1952, .T. ) ;
#1562 = CARTESIAN_POINT ( 'NONE',  ( 10.22673898533177450, -3.514564380644957797, 3.671083189725482754 ) ) ;
#1563 = LINE ( 'NONE', #2782, #3725 ) ;
#1564 = CARTESIAN_POINT ( 'NONE',  ( 5.499949998749925406, 1.999949998749929181, 7.009999999999999787 ) ) ;
#1565 = ORIENTED_EDGE ( 'NONE', *, *, #1757, .F. ) ;
#1566 = CARTESIAN_POINT ( 'NONE',  ( 8.999949998749929847, -4.125178959469079309, 2.702138971501604647 ) ) ;
#1567 = CARTESIAN_POINT ( 'NONE',  ( 2.999949998749942282, 1.999949998749833702, 1.999999999999997113 ) ) ;
#1568 = CARTESIAN_POINT ( 'NONE',  ( 7.880126126020743804, -4.372232429649014485, 2.019207038099118279 ) ) ;
#1569 = CARTESIAN_POINT ( 'NONE',  ( 8.960665526864067587, 0.7141787668723681426, 2.614060151730738024 ) ) ;
#1570 = CARTESIAN_POINT ( 'NONE',  ( 8.242965193274596203, 4.502923405824088121, 2.856898906253997783 ) ) ;
#1571 = CARTESIAN_POINT ( 'NONE',  ( 6.706547522610545542, 4.010122171624081133, 1.795446738171268430 ) ) ;
#1572 = VERTEX_POINT ( 'NONE', #3228 ) ;
#1573 = B_SPLINE_CURVE_WITH_KNOTS ( 'NONE', 3,
 ( #1550, #4370, #3619, #349 ),
 .UNSPECIFIED., .F., .F.,
 ( 4, 4 ),
 ( 0.000000000000000000, 0.9999999994999868580 ),
 .UNSPECIFIED. ) ;
#1574 = CARTESIAN_POINT ( 'NONE',  ( -0.5767808172236904563, -11.90945420028272039, 5.259352024551168903 ) ) ;
#1575 = CARTESIAN_POINT ( 'NONE',  ( 1.999950144244250216, 2.003516589285808891, 1.999375433036329364 ) ) ;
#1576 = CARTESIAN_POINT ( 'NONE',  ( 7.835720491227285756, 3.427760159887660585, 2.232679672469392695 ) ) ;
#1577 = CARTESIAN_POINT ( 'NONE',  ( 8.336955032638728724, 1.547077609396180220, 2.242650672161703884 ) ) ;
#1578 = CARTESIAN_POINT ( 'NONE',  ( -0.3970427681571319090, -3.485135405171341461, 4.287695240979197742 ) ) ;
#1579 = CARTESIAN_POINT ( 'NONE',  ( 6.626540558770876999, -11.31377806946451337, 2.315893550236274745 ) ) ;
#1580 = VECTOR ( 'NONE', #3771, 1000.000000000000000 ) ;
#1581 = CARTESIAN_POINT ( 'NONE',  ( 8.478328119340298841, 3.767169678281528711, 2.767062290310195571 ) ) ;
#1582 = CARTESIAN_POINT ( 'NONE',  ( 8.375470469890320402, 3.774084382524328873, 2.691438559308644063 ) ) ;
#1583 = CARTESIAN_POINT ( 'NONE',  ( 5.841386039289307774, -10.98055690951597363, 6.594978632478634140 ) ) ;
#1584 = PLANE ( 'NONE',  #2097 ) ;
#1585 = CARTESIAN_POINT ( 'NONE',  ( 7.611327958172771524, 0.9386701522871576664, 1.763121472878266038 ) ) ;
#1586 = CARTESIAN_POINT ( 'NONE',  ( 8.388571404164647305, -11.37801830262777436, 2.894555620593957102 ) ) ;
#1587 = VERTEX_POINT ( 'NONE', #896 ) ;
#1588 = CARTESIAN_POINT ( 'NONE',  ( 3.216949501959484703, 6.348359781994883377, 3.070045025161342700 ) ) ;
#1589 = CARTESIAN_POINT ( 'NONE',  ( 2.623797927268582075, -3.339541556916125753, 1.844352448429785518 ) ) ;
#1590 = CARTESIAN_POINT ( 'NONE',  ( 3.403204762944988193, 4.748986689019640828, 1.972284714325317490 ) ) ;
#1591 = FACE_OUTER_BOUND ( 'NONE', #2880, .T. ) ;
#1592 = EDGE_CURVE ( 'NONE', #2790, #1528, #5147, .T. ) ;
#1593 = VERTEX_POINT ( 'NONE', #4828 ) ;
#1594 = CARTESIAN_POINT ( 'NONE',  ( 8.037797410476944293, 3.735731346565268396, 2.445884405555985630 ) ) ;
#1595 = CARTESIAN_POINT ( 'NONE',  ( 7.530178466427093653, 4.530242980178147860, 2.396720084653791716 ) ) ;
#1596 = DIRECTION ( 'NONE',  ( -0.2948587996772333297, 0.1712948289826417281, 0.9400618968007951048 ) ) ;
#1597 = CARTESIAN_POINT ( 'NONE',  ( 10.48977720742044717, 3.558733925051515978, 5.272144229085515832 ) ) ;
#1598 = CARTESIAN_POINT ( 'NONE',  ( 1.707137416857153811, 4.135486006242167001, 2.610366171937632540 ) ) ;
#1599 = ADVANCED_FACE ( 'NONE', ( #4787 ), #4253, .T. ) ;
#1600 = CARTESIAN_POINT ( 'NONE',  ( 5.563679640444550323, 4.004121094541884140, 1.446913900601163760 ) ) ;
#1601 = VERTEX_POINT ( 'NONE', #3261 ) ;
#1602 = CARTESIAN_POINT ( 'NONE',  ( 8.737530134554065242, -12.67050839975666854, 2.807469555204807676 ) ) ;
#1603 = CARTESIAN_POINT ( 'NONE',  ( 2.604167887245268709, 0.1048535754743842446, 1.590787172517668990 ) ) ;
#1604 = CARTESIAN_POINT ( 'NONE',  ( 7.697833490290555858, 3.666637190069516272, 2.213417043911984461 ) ) ;
#1605 = CARTESIAN_POINT ( 'NONE',  ( 9.604912837127194791, 0.6855666557198103472, 3.169837947888174856 ) ) ;
#1606 = CARTESIAN_POINT ( 'NONE',  ( 6.417136104397758167, -9.191510772872168999, 2.358565323705954953 ) ) ;
#1607 = CARTESIAN_POINT ( 'NONE',  ( -0.07523131675846866928, -3.543174017247296970, 3.714839017729326454 ) ) ;
#1608 = CARTESIAN_POINT ( 'NONE',  ( 8.969710149837817781, 0.05371226122705130557, 2.560921638032256809 ) ) ;
#1609 = ORIENTED_EDGE ( 'NONE', *, *, #2206, .T. ) ;
#1610 = CARTESIAN_POINT ( 'NONE',  ( 2.781304711150659248, 4.127608167992495858, 1.976528552270951922 ) ) ;
#1611 = CARTESIAN_POINT ( 'NONE',  ( 7.607915362969675854, 3.241784283228441588, 2.052540696709824530 ) ) ;
#1612 = DIRECTION ( 'NONE',  ( 0.000000000000000000, -0.000000000000000000, -1.000000000000000000 ) ) ;
#1613 = CARTESIAN_POINT ( 'NONE',  ( 5.440995207663045008, -11.52476806490633976, 2.064538777551756965 ) ) ;
#1614 = CARTESIAN_POINT ( 'NONE',  ( 7.355218655108797243, 1.330184873559014935, 1.653923113392278488 ) ) ;
#1615 = ORIENTED_EDGE ( 'NONE', *, *, #276, .F. ) ;
#1616 = CARTESIAN_POINT ( 'NONE',  ( 6.373163555329224295, 5.994643870238403061, 2.673858755120968933 ) ) ;
#1617 = CARTESIAN_POINT ( 'NONE',  ( 9.139090916956540411, -3.830601731892230077, 2.704598978957338140 ) ) ;
#1618 = CARTESIAN_POINT ( 'NONE',  ( 6.749237567804868831, 5.249422673193748778, 2.324411630915843574 ) ) ;
#1619 = ORIENTED_EDGE ( 'NONE', *, *, #4090, .F. ) ;
#1620 = CARTESIAN_POINT ( 'NONE',  ( 8.999949998750853553, -5.194088507830547208, 2.808858763489365362 ) ) ;
#1621 = CARTESIAN_POINT ( 'NONE',  ( 8.999949998749933400, 0.05629253792213684271, 2.644798030870818994 ) ) ;
#1622 = APPLICATION_CONTEXT ( 'automotive_design' ) ;
#1623 = CARTESIAN_POINT ( 'NONE',  ( 4.324461981919155207, -11.29569566953101223, 2.158319804703670908 ) ) ;
#1624 = CARTESIAN_POINT ( 'NONE',  ( 10.24400736107628340, 3.572575629918250950, 6.975684268222350326 ) ) ;
#1625 = CARTESIAN_POINT ( 'NONE',  ( 5.569142997205210222, 4.105883703985957922, 1.479401008118487182 ) ) ;
#1626 = CARTESIAN_POINT ( 'NONE',  ( 8.957702800370386242, -8.014368785700915154, 3.296969167053142691 ) ) ;
#1627 = CARTESIAN_POINT ( 'NONE',  ( 4.288170349553026561, -11.37233280913571498, 1.997607341433515815 ) ) ;
#1628 = CARTESIAN_POINT ( 'NONE',  ( 2.359124632250566567, -12.75559233121167857, 2.025312334603438735 ) ) ;
#1629 = CARTESIAN_POINT ( 'NONE',  ( 7.683598413632916291, 1.653411763569355264, 1.852808703182973638 ) ) ;
#1630 = EDGE_CURVE ( 'NONE', #2409, #2809, #2834, .T. ) ;
#1631 = CARTESIAN_POINT ( 'NONE',  ( 7.995478210945884179, 3.968668517603324730, 2.490146339497862904 ) ) ;
#1632 = CARTESIAN_POINT ( 'NONE',  ( 9.303402932704919692, 0.8905157834077637169, 2.909974472787241417 ) ) ;
#1633 = CARTESIAN_POINT ( 'NONE',  ( 1.128221242640295330, -11.86416193327979940, 3.737691623769868965 ) ) ;
#1634 = CARTESIAN_POINT ( 'NONE',  ( 6.301043474889252316, 0.1689618500601564044, 1.216475963997003973 ) ) ;
#1635 = B_SPLINE_CURVE_WITH_KNOTS ( 'NONE', 3,
 ( #2560, #1045, #3031, #3796 ),
 .UNSPECIFIED., .F., .F.,
 ( 4, 4 ),
 ( 0.000000000000000000, 0.0004829351692020610910 ),
 .UNSPECIFIED. ) ;
#1636 = CARTESIAN_POINT ( 'NONE',  ( 9.245277822161886760, -11.18465028157367058, 3.563313077215625402 ) ) ;
#1637 = CARTESIAN_POINT ( 'NONE',  ( 6.475237368281965722, -11.36142093389514862, 6.298170405982907560 ) ) ;
#1638 = CARTESIAN_POINT ( 'NONE',  ( 2.054807628049376333, 2.711985097123002841, 2.041096885766198188 ) ) ;
#1639 = CARTESIAN_POINT ( 'NONE',  ( 6.296150755205593086, 0.4329562191556779460, 1.210025043122669119 ) ) ;
#1640 = CARTESIAN_POINT ( 'NONE',  ( 8.790083446805057932, 3.235067249118926291, 2.911452843399904289 ) ) ;
#1641 = CARTESIAN_POINT ( 'NONE',  ( 7.618163916147099535, 0.7592078124532275485, 1.759789874259246378 ) ) ;
#1642 = DIRECTION ( 'NONE',  ( 0.000000000000000000, 0.000000000000000000, -1.000000000000000000 ) ) ;
#1643 = EDGE_LOOP ( 'NONE', ( #1785, #3334, #4613, #3032 ) ) ;
#1644 = CARTESIAN_POINT ( 'NONE',  ( 7.173918835781865511, 5.597678922176108074, 2.751919324841652692 ) ) ;
#1645 = CARTESIAN_POINT ( 'NONE',  ( 1.886770735006281008, -4.028623144282150292, 2.263963855364136801 ) ) ;
#1646 = CARTESIAN_POINT ( 'NONE',  ( 7.300754909503430312, 3.365649872921872010, 1.908219720804984698 ) ) ;
#1647 = CARTESIAN_POINT ( 'NONE',  ( 8.393254324093271990, 0.6726447274776892193, 2.204181893655920099 ) ) ;
#1648 = CARTESIAN_POINT ( 'NONE',  ( 2.256830091121004411, 0.5207463323120553600, 1.754691911103589685 ) ) ;
#1649 = CARTESIAN_POINT ( 'NONE',  ( 7.514582121258120750, 4.565443390067869700, 2.400409402245696544 ) ) ;
#1650 = CARTESIAN_POINT ( 'NONE',  ( 1.999949998749936064, -3.830632103031084146, 2.252273878646700034 ) ) ;
#1651 = CARTESIAN_POINT ( 'NONE',  ( 6.303775694584501821, 0.03712435753747134193, 1.221085883864348798 ) ) ;
#1652 = CARTESIAN_POINT ( 'NONE',  ( 4.322688485043492790, -11.28914167982414796, 2.138701305377736617 ) ) ;
#1653 = CARTESIAN_POINT ( 'NONE',  ( 10.16722810942680510, 3.645288669173268659, 4.622488425380836041 ) ) ;
#1654 = CARTESIAN_POINT ( 'NONE',  ( 7.091911549302685636, 3.920062338076346631, 1.945025936932025079 ) ) ;
#1655 = CARTESIAN_POINT ( 'NONE',  ( 4.334039541441877752, -11.17133766864992950, 2.081656297374040232 ) ) ;
#1656 = ORIENTED_EDGE ( 'NONE', *, *, #4178, .F. ) ;
#1657 = CARTESIAN_POINT ( 'NONE',  ( 5.365867171014746972, -9.192516513886527463, 2.231728674746988439 ) ) ;
#1658 = CARTESIAN_POINT ( 'NONE',  ( 3.344772037332853110, -12.64724000970296558, 1.711850650747327229 ) ) ;
#1659 = CARTESIAN_POINT ( 'NONE',  ( 8.375470469890320402, 3.774084382524328873, 2.691438559308644063 ) ) ;
#1660 = CARTESIAN_POINT ( 'NONE',  ( 8.955196196674027220, 1.511770850822269363, 2.689200562877294587 ) ) ;
#1661 = CLOSED_SHELL ( 'NONE', ( #4755, #4724, #4530, #4958, #4152, #5206, #949, #1410, #2510, #3849, #3501, #5168, #3021, #1063, #25, #3701, #4331, #2180, #3912, #526, #4562, #1752, #3635, #854, #4016, #4981, #4784, #1561, #2825, #2596, #1038, #2054, #133, #2539, #4556, #4232, #1914, #2546, #2570, #1260, #3735, #622, #4206, #882, #3082, #2933, #3790, #3255, #422, #916, #3441, #2657, #1599, #1325 ) ) ;
#1662 = CARTESIAN_POINT ( 'NONE',  ( 6.405642280402061850, -9.950257231860632601, 2.382369515294936235 ) ) ;
#1663 = CARTESIAN_POINT ( 'NONE',  ( 1.790263403598828296, -3.393925004336412421, 2.246011343427733564 ) ) ;
#1664 = EDGE_CURVE ( 'NONE', #1958, #5102, #3681, .T. ) ;
#1665 = CARTESIAN_POINT ( 'NONE',  ( 7.968990364745111243, 4.423882742504048338, 2.632256972594014588 ) ) ;
#1666 = CARTESIAN_POINT ( 'NONE',  ( 7.555602484451569900, 4.780914770526782043, 2.521234309571164012 ) ) ;
#1667 = CARTESIAN_POINT ( 'NONE',  ( 2.001209827231714478, 0.08083364875467156929, 1.949708215548997314 ) ) ;
#1668 = CARTESIAN_POINT ( 'NONE',  ( 8.957848110380119522, 2.625868033173925475, 2.873405999707673075 ) ) ;
#1669 = CARTESIAN_POINT ( 'NONE',  ( 5.524296587173797235, 0.7325411553566474332, 1.044898004506883860 ) ) ;
#1670 = ORIENTED_EDGE ( 'NONE', *, *, #390, .T. ) ;
#1671 = CARTESIAN_POINT ( 'NONE',  ( 8.547931773359183083, -5.762734337139447049, 2.588076265049354507 ) ) ;
#1672 = CARTESIAN_POINT ( 'NONE',  ( 6.190949907764184523, 3.840884116696780204, 1.553705516926702224 ) ) ;
#1673 = CARTESIAN_POINT ( 'NONE',  ( 8.586122616561203458, -3.937120338106864459, 2.345965726582437405 ) ) ;
#1674 = CARTESIAN_POINT ( 'NONE',  ( 7.517590363610394455, 4.859867367850863040, 2.588574076366017884 ) ) ;
#1675 = CARTESIAN_POINT ( 'NONE',  ( 8.955815827596490308, -3.778613739820801953, 2.580534559132595440 ) ) ;
#1676 = CARTESIAN_POINT ( 'NONE',  ( 9.589188043294178954, 0.5090970898547764190, 3.136479471269854269 ) ) ;
#1677 = CARTESIAN_POINT ( 'NONE',  ( 7.587207768247707484, 5.241754216650490683, 2.777764388786140959 ) ) ;
#1678 = CARTESIAN_POINT ( 'NONE',  ( 1.829791441057146528, 6.399734132343542825, 3.986572285931865522 ) ) ;
#1679 = CARTESIAN_POINT ( 'NONE',  ( 7.070929340097213966, -0.7424919671987217917, 1.491924914099316046 ) ) ;
#1680 = CARTESIAN_POINT ( 'NONE',  ( 4.326877859807324533, -11.24951624126766347, 2.091362579761914198 ) ) ;
#1681 = CARTESIAN_POINT ( 'NONE',  ( 10.55686515739585829, 3.480980918318859807, 6.253996827074776554 ) ) ;
#1682 = CARTESIAN_POINT ( 'NONE',  ( 4.774676928313879465, 3.925476145831829911, 1.370475749959332301 ) ) ;
#1683 = CARTESIAN_POINT ( 'NONE',  ( 6.618488114988739568, -11.19587099768098959, 2.221617297726899309 ) ) ;
#1684 = ORIENTED_EDGE ( 'NONE', *, *, #1191, .F. ) ;
#1685 = CARTESIAN_POINT ( 'NONE',  ( 10.14540923771560443, -13.04666403388216089, 4.266144423876292890 ) ) ;
#1686 = CARTESIAN_POINT ( 'NONE',  ( 7.948206028296454839, 4.253917453151341732, 2.555664893847090280 ) ) ;
#1687 = CARTESIAN_POINT ( 'NONE',  ( 9.596571733767669699, 0.7680557628975959172, 3.172005544339941974 ) ) ;
#1688 = CARTESIAN_POINT ( 'NONE',  ( -0.02177670530916289704, -9.542950189955545781, 4.471402560930671122 ) ) ;
#1689 = CARTESIAN_POINT ( 'NONE',  ( 7.596774601460557719, 3.373559639572423663, 2.076849725851379169 ) ) ;
#1690 = CARTESIAN_POINT ( 'NONE',  ( 8.869862346249878016, -8.839996086600658387, 3.371759602267207168 ) ) ;
#1691 = CARTESIAN_POINT ( 'NONE',  ( 8.919721217834180038, -8.515437923962254629, 3.356685883204183707 ) ) ;
#1692 = CARTESIAN_POINT ( 'NONE',  ( 2.018219995570075920, -1.861584186793885376, 1.994168134114614910 ) ) ;
#1693 = CARTESIAN_POINT ( 'NONE',  ( 2.260068704850702659, 0.8151574140144723923, 1.751068093397772252 ) ) ;
#1694 = EDGE_LOOP ( 'NONE', ( #3632, #1998, #4460, #1881 ) ) ;
#1695 = CARTESIAN_POINT ( 'NONE',  ( 8.397403685907814719, -12.42706606634716415, 3.534271707254401651 ) ) ;
#1696 = CARTESIAN_POINT ( 'NONE',  ( 6.271139046673604334, 5.038998574018211052, 2.045642338585478281 ) ) ;
#1697 = CARTESIAN_POINT ( 'NONE',  ( 2.138377339648356745, 0.1251976946620159126, 1.825274980622089149 ) ) ;
#1698 = CARTESIAN_POINT ( 'NONE',  ( 7.447791757809969937, 3.690459184329392350, 2.074847174504445668 ) ) ;
#1699 = EDGE_CURVE ( 'NONE', #5215, #3841, #4863, .T. ) ;
#1700 = CARTESIAN_POINT ( 'NONE',  ( 7.727492636449357910, 0.6810061388570209928, 1.807639693121084967 ) ) ;
#1701 = CARTESIAN_POINT ( 'NONE',  ( 2.604751677368330576, 0.5060531952732483241, 1.578510749058288143 ) ) ;
#1702 = CARTESIAN_POINT ( 'NONE',  ( 4.417782932109759031, -11.32994207536067144, 2.156148060083360019 ) ) ;
#1703 = CARTESIAN_POINT ( 'NONE',  ( 10.03111563491687974, -1.030410701265915829, 3.435752517197084632 ) ) ;
#1704 = CARTESIAN_POINT ( 'NONE',  ( 7.707178336234656868, 1.319237538265488618, 1.838551807048207198 ) ) ;
#1705 = CARTESIAN_POINT ( 'NONE',  ( 10.35352607346368892, 3.526624378812987182, 6.803220510174285529 ) ) ;
#1706 = CARTESIAN_POINT ( 'NONE',  ( 2.491861677302455114, 4.000409359419975885, 2.072521846641416143 ) ) ;
#1707 = CARTESIAN_POINT ( 'NONE',  ( 1.788792707726508446, -12.42662079340439618, 3.411470367221310696 ) ) ;
#1708 = CARTESIAN_POINT ( 'NONE',  ( 1.440399041405927560, -12.91033326220097877, 2.459934504938406263 ) ) ;
#1709 = CARTESIAN_POINT ( 'NONE',  ( 3.791870897420968056, -10.94388086972889695, 2.218568891373011720 ) ) ;
#1710 = CARTESIAN_POINT ( 'NONE',  ( 7.517590363610493043, 4.859867367850795539, 2.588574076366052523 ) ) ;
#1711 = CARTESIAN_POINT ( 'NONE',  ( 9.413624573224664616, 3.704030963635585039, 3.631928475513659826 ) ) ;
#1712 = CARTESIAN_POINT ( 'NONE',  ( 0.5283081578286095148, -10.38181831927109755, 4.033972983781042743 ) ) ;
#1713 = ORIENTED_EDGE ( 'NONE', *, *, #2151, .T. ) ;
#1714 = CARTESIAN_POINT ( 'NONE',  ( 7.603173975031084275, 4.745280190381246932, 2.533787487209043121 ) ) ;
#1715 = CARTESIAN_POINT ( 'NONE',  ( 7.671314855842995328, 2.036014416820894457, 1.886034423694394446 ) ) ;
#1716 = CARTESIAN_POINT ( 'NONE',  ( 8.486328528792039805, -9.722786562583021208, 3.184684007571844777 ) ) ;
#1717 = CARTESIAN_POINT ( 'NONE',  ( 8.999949998749936952, 1.593832642596973326, 2.785239436300788185 ) ) ;
#1718 = CARTESIAN_POINT ( 'NONE',  ( 3.959393531255114951, 0.8687825195212994789, 1.109524529770752554 ) ) ;
#1719 = CARTESIAN_POINT ( 'NONE',  ( 9.137858473827302319, -7.270952049151957475, 3.275398395674199215 ) ) ;
#1720 = CARTESIAN_POINT ( 'NONE',  ( 7.072161467869715779, 3.761711341579654366, 1.888287262744958728 ) ) ;
#1721 = CARTESIAN_POINT ( 'NONE',  ( 10.32315417892870890, -3.762499639932470608, 3.805462969501086423 ) ) ;
#1722 = CARTESIAN_POINT ( 'NONE',  ( 7.566495832565841795, 3.819736104975601787, 2.181310130761669797 ) ) ;
#1723 = CARTESIAN_POINT ( 'NONE',  ( 8.952448147404874490, 0.2972765055113402166, 2.563806783028363068 ) ) ;
#1724 = EDGE_CURVE ( 'NONE', #404, #1528, #3775, .T. ) ;
#1725 = CARTESIAN_POINT ( 'NONE',  ( 2.781304711150740960, 4.127608167992486088, 1.976528552270920391 ) ) ;
#1726 = CARTESIAN_POINT ( 'NONE',  ( 7.772987174186587467, -0.3428563576291510095, 1.804133003712906635 ) ) ;
#1727 = CARTESIAN_POINT ( 'NONE',  ( 7.599231027998444965, 3.399394256934945346, 2.084750914242161191 ) ) ;
#1728 = CARTESIAN_POINT ( 'NONE',  ( 2.501648713129054347, 3.737425340018252218, 1.974306350912962582 ) ) ;
#1729 = CARTESIAN_POINT ( 'NONE',  ( 8.105340329454694626, 5.202741546643130377, 3.107901047125550154 ) ) ;
#1730 = CARTESIAN_POINT ( 'NONE',  ( 3.251131430611359896, -7.412343738084276268, 2.182445739347961489 ) ) ;
#1731 = CARTESIAN_POINT ( 'NONE',  ( 7.663642799915513670, 4.756828974483557460, 2.625769971629939636 ) ) ;
#1732 = CARTESIAN_POINT ( 'NONE',  ( 8.086725196728462350, 4.549808596194249155, 2.760975601943657320 ) ) ;
#1733 = CARTESIAN_POINT ( 'NONE',  ( 9.860003173443116609, 0.2984445812715674773, 3.392953703110905828 ) ) ;
#1734 = CARTESIAN_POINT ( 'NONE',  ( -0.6448705407131327672, -7.485199489403626671, 5.459005067802841005 ) ) ;
#1735 = AXIS2_PLACEMENT_3D ( 'NONE', #1449, #321, #377 ) ;
#1736 = CARTESIAN_POINT ( 'NONE',  ( 6.038103235715362338, -11.48825352893638474, 5.336392588958766225 ) ) ;
#1737 = CARTESIAN_POINT ( 'NONE',  ( 8.961131839164583113, 0.1756805372768732720, 2.562136409089248446 ) ) ;
#1738 = CARTESIAN_POINT ( 'NONE',  ( 2.001045351322751742, 2.363584579184420331, 2.027735516876021382 ) ) ;
#1739 = CARTESIAN_POINT ( 'NONE',  ( 2.146225418376095817, -3.318132358108155877, 2.066321741615742447 ) ) ;
#1740 = CARTESIAN_POINT ( 'NONE',  ( 3.960596167564709003, 0.7071979778988657372, 1.112545333589721741 ) ) ;
#1741 = CARTESIAN_POINT ( 'NONE',  ( 7.429536567175609285, -11.46041910023762256, 2.391362870972203680 ) ) ;
#1742 = CARTESIAN_POINT ( 'NONE',  ( 9.039957164854753202, -11.19603211017719602, 3.829761001054158065 ) ) ;
#1743 = CARTESIAN_POINT ( 'NONE',  ( 7.471560134525112140, 5.786521932865773543, 3.068110227984052862 ) ) ;
#1744 = CARTESIAN_POINT ( 'NONE',  ( 7.880691740657936428, -3.979539470112369859, 1.978976379883826464 ) ) ;
#1745 = CARTESIAN_POINT ( 'NONE',  ( 7.453620721334781152, 3.688004788835297365, 2.077450686124827417 ) ) ;
#1746 = CARTESIAN_POINT ( 'NONE',  ( 7.038322685267411671, 0.2984144450913495117, 1.468084285021643565 ) ) ;
#1747 = CARTESIAN_POINT ( 'NONE',  ( 7.352513764556984910, 3.475511143031933869, 1.964419272910613135 ) ) ;
#1748 = CARTESIAN_POINT ( 'NONE',  ( 9.020935268148518205, -0.6845170424466251458, 2.557597257093631615 ) ) ;
#1749 = CARTESIAN_POINT ( 'NONE',  ( 7.683328200417494536, 1.956580094767595979, 1.877492271831703086 ) ) ;
#1750 = PRODUCT_CONTEXT ( 'NONE', #1622, 'mechanical' ) ;
#1751 = CARTESIAN_POINT ( 'NONE',  ( 2.056756132712747043, 3.760192217087399147, 2.243861510125436887 ) ) ;
#1752 = ADVANCED_FACE ( 'NONE', ( #410 ), #3071, .T. ) ;
#1753 = CARTESIAN_POINT ( 'NONE',  ( 3.252539326700248701, -10.52470876790140331, 2.701406652134260344 ) ) ;
#1754 = CARTESIAN_POINT ( 'NONE',  ( 8.999949998749933400, -3.769535406361685048, 2.662976011260103526 ) ) ;
#1755 = CARTESIAN_POINT ( 'NONE',  ( 10.26529483018137334, 3.977867974990501043, 6.643134420420805597 ) ) ;
#1756 = CARTESIAN_POINT ( 'NONE',  ( 9.893528843110635407, 0.6792777304722164011, 3.483023066366754517 ) ) ;
#1757 = EDGE_CURVE ( 'NONE', #3053, #3963, #5029, .T. ) ;
#1758 = ORIENTED_EDGE ( 'NONE', *, *, #187, .T. ) ;
#1759 = CARTESIAN_POINT ( 'NONE',  ( -0.4782974954101182341, -7.749457622574701610, 4.956414447201940021 ) ) ;
#1760 = CARTESIAN_POINT ( 'NONE',  ( 8.364633640923804236, 4.010817381314230268, 2.808890363031160575 ) ) ;
#1761 = CARTESIAN_POINT ( 'NONE',  ( 2.604111362111947159, 0.3052222640101409645, 1.583170692666445500 ) ) ;
#1762 = CARTESIAN_POINT ( 'NONE',  ( 8.999949998749926294, 0.2973045306538410482, 2.660629951320764519 ) ) ;
#1763 = CARTESIAN_POINT ( 'NONE',  ( 7.955456651384769096, 0.7541338625713100985, 1.950393605709031863 ) ) ;
#1764 = CARTESIAN_POINT ( 'NONE',  ( 8.959137415447921526, 0.06135829637532452807, 2.564354337544910489 ) ) ;
#1765 = CARTESIAN_POINT ( 'NONE',  ( 7.486509424335350715, 4.914573049472376276, 2.538023637903510377 ) ) ;
#1766 = B_SPLINE_SURFACE_WITH_KNOTS ( 'NONE', 3, 3, ( 
 ( #3961, #4379, #736, #3901 ),
 ( #3542, #2802, #2690, #4015 ),
 ( #4407, #817, #1949, #5113 ),
 ( #3117, #1178, #2320, #2012 ),
 ( #4720, #1121, #417, #3930 ),
 ( #1921, #3146, #4751, #2777 ),
 ( #1151, #2749, #4351, #4832 ),
 ( #3679, #2912, #4861, #1233 ),
 ( #1258, #68, #900, #2520 ),
 ( #2434, #1692, #4539, #2859 ),
 ( #3704, #875, #4915, #1311 ),
 ( #1739, #3654, #1285, #3312 ),
 ( #96, #930, #4508, #4128 ),
 ( #2095, #531, #2142, #4458 ) ),
 .UNSPECIFIED., .F., .F., .F.,
 ( 4, 1, 1, 1, 1, 1, 1, 1, 1, 1, 1, 4 ),
 ( 4, 4 ),
 ( 0.000000000000000000, 1.000000000000000000, 2.000000000000000000, 4.000000000000000000, 6.000000000000000000, 8.000000000000000000, 10.00000000000000000, 12.00000000000000000, 14.00000000000000000, 16.00000000000000000, 18.00000000000000000, 19.00000000000000000 ),
 ( 0.000000000000000000, 1.000000000000000000 ),
 .UNSPECIFIED. ) ;
#1767 = CARTESIAN_POINT ( 'NONE',  ( 10.10323086800188008, -4.832863226556432856, 3.714747099784999396 ) ) ;
#1768 = CARTESIAN_POINT ( 'NONE',  ( 7.413989474885310571, 4.210152339149287215, 2.212230390990886697 ) ) ;
#1769 = DIRECTION ( 'NONE',  ( -0.3199161886255666998, 0.9474458466082854580, -0.000000000000000000 ) ) ;
#1770 = CARTESIAN_POINT ( 'NONE',  ( 2.135583224037717720, -1.541511989994594600, 1.913547674568403467 ) ) ;
#1771 = FACE_OUTER_BOUND ( 'NONE', #3992, .T. ) ;
#1772 = CARTESIAN_POINT ( 'NONE',  ( 2.826954259394665048, 6.246009497940629984, 3.176326677711205360 ) ) ;
#1773 = CARTESIAN_POINT ( 'NONE',  ( 5.569907607775235192, -1.941994298711585687, 1.208440168844336471 ) ) ;
#1774 = CARTESIAN_POINT ( 'NONE',  ( 7.595834738642073702, 3.414023451830228151, 2.086424487045395626 ) ) ;
#1775 = CARTESIAN_POINT ( 'NONE',  ( 1.999949998749930735, -8.000050001250071929, 7.009999999999999787 ) ) ;
#1776 = CARTESIAN_POINT ( 'NONE',  ( 10.56440166793623803, 3.460123005232518256, 6.253679813286780131 ) ) ;
#1777 = CARTESIAN_POINT ( 'NONE',  ( 2.015745356621183149, 3.356577980679842366, 2.148204015822030577 ) ) ;
#1778 = CARTESIAN_POINT ( 'NONE',  ( 1.999949998749940061, -7.320197808445255916, 2.666028309824588494 ) ) ;
#1779 = CARTESIAN_POINT ( 'NONE',  ( 1.790742676447354409, -3.827167553139443346, 2.289059274857872417 ) ) ;
#1780 = CARTESIAN_POINT ( 'NONE',  ( 5.523245036473244163, 0.8389528875372143091, 1.043819465942496416 ) ) ;
#1781 = CARTESIAN_POINT ( 'NONE',  ( 10.26472680060965637, 4.301894771640835557, 5.455997758573931655 ) ) ;
#1782 = CARTESIAN_POINT ( 'NONE',  ( 9.830169241330136032, 1.017525203182156890, 3.461244758310980885 ) ) ;
#1783 = CARTESIAN_POINT ( 'NONE',  ( 7.978425323484667153, 5.556181606126697758, 3.248208497207992984 ) ) ;
#1784 = CARTESIAN_POINT ( 'NONE',  ( -0.6440561803429840637, -7.683318720013321723, 5.485099288683384700 ) ) ;
#1785 = ORIENTED_EDGE ( 'NONE', *, *, #2692, .T. ) ;
#1786 = ORIENTED_EDGE ( 'NONE', *, *, #1978, .T. ) ;
#1787 = EDGE_CURVE ( 'NONE', #4394, #1923, #2300, .T. ) ;
#1788 = DIRECTION ( 'NONE',  ( -7.382983113757292256E-14, -0.9878632746975907208, -0.1553259492285579413 ) ) ;
#1789 = CARTESIAN_POINT ( 'NONE',  ( 3.966094349175080858, 0.1969817604646761922, 1.133926850463658598 ) ) ;
#1790 = CARTESIAN_POINT ( 'NONE',  ( 5.889332458789143132, 5.485307766037002430, 2.262818184656360199 ) ) ;
#1791 = CARTESIAN_POINT ( 'NONE',  ( 7.982917274053317414, 1.562617854638737036, 2.020222752844964109 ) ) ;
#1792 = CARTESIAN_POINT ( 'NONE',  ( 8.956233990405490175, -1.218822000754010704, 2.496037027009266662 ) ) ;
#1793 = CARTESIAN_POINT ( 'NONE',  ( 8.435276848039761077, -7.914511494931996793, 2.906053331386715843 ) ) ;
#1794 = CARTESIAN_POINT ( 'NONE',  ( 7.500120512297796971, 5.589400695153345922, 2.949421079685452085 ) ) ;
#1795 = CARTESIAN_POINT ( 'NONE',  ( 9.520012147331238239, -11.14650876142073166, 4.238947141533928153 ) ) ;
#1796 = CARTESIAN_POINT ( 'NONE',  ( 7.866133742800773376, 5.845322831584731205, 3.373829653475052481 ) ) ;
#1797 = DIRECTION ( 'NONE',  ( 1.000000000000000000, 0.000000000000000000, 0.000000000000000000 ) ) ;
#1798 = CARTESIAN_POINT ( 'NONE',  ( 1.999949998749934732, -7.308836098445518736, 2.728861759549945365 ) ) ;
#1799 = CARTESIAN_POINT ( 'NONE',  ( 1.706860733998121882, 3.875070851717510312, 2.506216806793295948 ) ) ;
#1800 = CARTESIAN_POINT ( 'NONE',  ( 10.30799454784524194, -2.448845988782366589, 3.700007844122695566 ) ) ;
#1801 = CARTESIAN_POINT ( 'NONE',  ( 7.671166848209201028, 2.588779421151821136, 1.955230993967608910 ) ) ;
#1802 = CARTESIAN_POINT ( 'NONE',  ( 2.231796887966776222, -9.263308238622995461, 2.927189723248015962 ) ) ;
#1803 = CARTESIAN_POINT ( 'NONE',  ( 8.380797035059728728, 3.773739875466253224, 2.695273118483575647 ) ) ;
#1804 = B_SPLINE_CURVE_WITH_KNOTS ( 'NONE', 3,
 ( #1308, #4912, #2909, #4505 ),
 .UNSPECIFIED., .F., .F.,
 ( 4, 4 ),
 ( 0.000000000000000000, 0.001250819530741067651 ),
 .UNSPECIFIED. ) ;
#1805 = CARTESIAN_POINT ( 'NONE',  ( 4.014574076711345363, -3.908516912305592950, 1.482699557353971187 ) ) ;
#1806 = CARTESIAN_POINT ( 'NONE',  ( 3.959393531255114951, 0.8687825195212994789, 1.109524529770752554 ) ) ;
#1807 = CARTESIAN_POINT ( 'NONE',  ( 1.999982832281637979, 2.011741424575857362, 1.942315891510610459 ) ) ;
#1808 = CARTESIAN_POINT ( 'NONE',  ( 9.861493377026311791, 0.3855253765577548730, 3.406621089252011014 ) ) ;
#1809 = PRODUCT_DEFINITION_SHAPE ( 'NONE', 'NONE',  #307 ) ;
#1810 = EDGE_LOOP ( 'NONE', ( #799, #1235, #2121, #1047 ) ) ;
#1811 = ORIENTED_EDGE ( 'NONE', *, *, #2120, .F. ) ;
#1812 = CARTESIAN_POINT ( 'NONE',  ( 10.49197372442609399, -11.29799127486560906, 5.224870959665959269 ) ) ;
#1813 = CARTESIAN_POINT ( 'NONE',  ( 9.724505502031854931, 0.5298657064558842666, 3.276533055117664350 ) ) ;
#1814 = CARTESIAN_POINT ( 'NONE',  ( 6.043211726509164272, -11.20471739956565216, 6.500000000000000000 ) ) ;
#1815 = CARTESIAN_POINT ( 'NONE',  ( 5.576200927736381985, -11.52869098881037324, 4.374853098290600428 ) ) ;
#1816 = CARTESIAN_POINT ( 'NONE',  ( 8.957668965775065217, -0.5781450202475525435, 2.523002642372922377 ) ) ;
#1817 = ORIENTED_EDGE ( 'NONE', *, *, #4659, .F. ) ;
#1818 = EDGE_CURVE ( 'NONE', #396, #4035, #76, .T. ) ;
#1819 = CARTESIAN_POINT ( 'NONE',  ( 7.755274895635704269, 5.498010027577576508, 3.054497117819644725 ) ) ;
#1820 = CARTESIAN_POINT ( 'NONE',  ( 9.796051384495285674, -10.32525522318686306, 4.409187909398157856 ) ) ;
#1821 = CARTESIAN_POINT ( 'NONE',  ( 7.555535925718053214, 4.198149748006308357, 2.291052192992804493 ) ) ;
#1822 = CARTESIAN_POINT ( 'NONE',  ( 7.367504585384400784, 0.9432825448248426392, 1.644324145725095443 ) ) ;
#1823 = CARTESIAN_POINT ( 'NONE',  ( 1.875819576547995915, 3.979090592527517956, 2.441687972496802139 ) ) ;
#1824 = CARTESIAN_POINT ( 'NONE',  ( 10.32285689653063265, -3.108215771312345055, 3.743602422689025211 ) ) ;
#1825 = CARTESIAN_POINT ( 'NONE',  ( 7.367426851181513747, 0.7691650544985328963, 1.638719852069627336 ) ) ;
#1826 = CARTESIAN_POINT ( 'NONE',  ( 2.056464586031594433, -8.481761533269567721, 2.849661395430417965 ) ) ;
#1827 = CARTESIAN_POINT ( 'NONE',  ( 10.49263214357306850, 3.546764455895301538, 5.269944385180746593 ) ) ;
#1828 = CARTESIAN_POINT ( 'NONE',  ( 8.017026613864317142, 3.798157404773378154, 2.451211547789912792 ) ) ;
#1829 = CARTESIAN_POINT ( 'NONE',  ( 4.768380897165043208, -8.991745652533744249, 2.233619061263135031 ) ) ;
#1830 = CARTESIAN_POINT ( 'NONE',  ( 6.901692378516531612, 0.8212834659225289879, 1.424981895397909870 ) ) ;
#1831 = CARTESIAN_POINT ( 'NONE',  ( 10.26065312248144679, 4.313214538865600467, 5.459552499535186953 ) ) ;
#1832 = CARTESIAN_POINT ( 'NONE',  ( 9.960493297247744238, 0.1242331524766437933, 3.479109178331024843 ) ) ;
#1833 = EDGE_LOOP ( 'NONE', ( #5170, #1210, #738, #2980 ) ) ;
#1834 = CARTESIAN_POINT ( 'NONE',  ( -0.4692589259190499407, -8.247872200401435094, 5.031351984611458050 ) ) ;
#1835 = EDGE_LOOP ( 'NONE', ( #1226, #92, #215, #3726 ) ) ;
#1836 = CARTESIAN_POINT ( 'NONE',  ( 1.478924802323713816, -11.02335175296245673, 3.026548281656256556 ) ) ;
#1837 = CARTESIAN_POINT ( 'NONE',  ( 6.596177828854068892, -11.20276712432860222, 2.213984168239056416 ) ) ;
#1838 = CARTESIAN_POINT ( 'NONE',  ( 8.364633640923804236, 4.010817381314230268, 2.808890363031160575 ) ) ;
#1839 = CARTESIAN_POINT ( 'NONE',  ( 7.402752186837671999, 3.904220625754073470, 2.110187149813227858 ) ) ;
#1840 = CARTESIAN_POINT ( 'NONE',  ( -0.6259326292648963452, -3.685854248092479413, 5.003725333726255720 ) ) ;
#1841 = ORIENTED_EDGE ( 'NONE', *, *, #3378, .T. ) ;
#1842 = CARTESIAN_POINT ( 'NONE',  ( 8.043166336126665428, 3.765713856892005662, 2.458442644177019520 ) ) ;
#1843 = CARTESIAN_POINT ( 'NONE',  ( 10.03948920423633062, -3.801472123537819048, 3.490772409135069587 ) ) ;
#1844 = CARTESIAN_POINT ( 'NONE',  ( 7.595119564570981474, 5.743574571938358631, 3.117768033349066936 ) ) ;
#1845 = CARTESIAN_POINT ( 'NONE',  ( 6.619656658939404359, -11.31611046437906509, 3.413194444444445974 ) ) ;
#1846 = CARTESIAN_POINT ( 'NONE',  ( 1.891828690911992350, 4.037911913251562623, 2.455075142759496565 ) ) ;
#1847 = EDGE_CURVE ( 'NONE', #891, #1895, #4335, .T. ) ;
#1848 = CARTESIAN_POINT ( 'NONE',  ( 9.125875724228325936, -2.593953884667377086, 2.601315330353737743 ) ) ;
#1849 = CARTESIAN_POINT ( 'NONE',  ( 7.354301509696383299, 0.8145142758063106392, 1.633797534707297272 ) ) ;
#1850 = CARTESIAN_POINT ( 'NONE',  ( 2.176830586397550782, -9.110521365476959232, 2.941060036188515525 ) ) ;
#1851 = CARTESIAN_POINT ( 'NONE',  ( 7.973592081702475909, 5.555950226372702083, 3.244591771150320714 ) ) ;
#1852 = MECHANICAL_DESIGN_GEOMETRIC_PRESENTATION_REPRESENTATION (  '', ( #3965 ), #3643 ) ;
#1853 = CARTESIAN_POINT ( 'NONE',  ( 8.274440720499404378, 3.750149654478423855, 2.609254250885127302 ) ) ;
#1854 = CARTESIAN_POINT ( 'NONE',  ( 4.738306447920254350, -11.33771311350970024, 2.534422534555327289 ) ) ;
#1855 = CARTESIAN_POINT ( 'NONE',  ( 8.999949998749933400, 0.7764746815924483681, 2.699401728449983828 ) ) ;
#1856 = CARTESIAN_POINT ( 'NONE',  ( 9.192111195992906048, 4.086266067110516431, 3.513358995543926611 ) ) ;
#1857 = CARTESIAN_POINT ( 'NONE',  ( 6.205345634528413257, 4.103624904747970703, 1.639094712319843161 ) ) ;
#1858 = ORIENTED_EDGE ( 'NONE', *, *, #2336, .F. ) ;
#1859 = CARTESIAN_POINT ( 'NONE',  ( 10.64597521635059607, -11.97544734126704213, 5.628364808860485624 ) ) ;
#1860 = CARTESIAN_POINT ( 'NONE',  ( 6.302409584736881953, 0.1030431037987722398, 1.218780923930674609 ) ) ;
#1861 = CARTESIAN_POINT ( 'NONE',  ( 8.340056964878630907, 3.979389438709901583, 2.731155809123170464 ) ) ;
#1862 = CARTESIAN_POINT ( 'NONE',  ( 8.372952706636159093, 3.823893518795112634, 2.699645670128495212 ) ) ;
#1863 = CARTESIAN_POINT ( 'NONE',  ( -0.6187072725725821787, -3.270137148706858454, 4.971569653452429627 ) ) ;
#1864 = CARTESIAN_POINT ( 'NONE',  ( 8.055744862864466782, 3.764730837009344633, 2.466345149383599722 ) ) ;
#1865 = B_SPLINE_CURVE_WITH_KNOTS ( 'NONE', 3,
 ( #2829, #928, #120, #2067 ),
 .UNSPECIFIED., .F., .F.,
 ( 4, 4 ),
 ( 0.000000000000000000, 1.000000000000000000 ),
 .UNSPECIFIED. ) ;
#1866 = CARTESIAN_POINT ( 'NONE',  ( 10.27214159545512118, -3.207763503677213635, 3.690469027727610651 ) ) ;
#1867 = CARTESIAN_POINT ( 'NONE',  ( 7.829983450578541948, 0.8069114228114737664, 1.881009748101047929 ) ) ;
#1868 = CYLINDRICAL_SURFACE ( 'NONE', #1175, 3.499999999999995559 ) ;
#1869 = CARTESIAN_POINT ( 'NONE',  ( 6.653757549160775220, 3.159509239916840961, 1.557789388708939127 ) ) ;
#1870 = CARTESIAN_POINT ( 'NONE',  ( 2.484894214268441370, 5.684346097074937987, 2.934587592647907694 ) ) ;
#1871 = CARTESIAN_POINT ( 'NONE',  ( 9.856516721513726154, -3.172974644565424107, 3.235185988251534805 ) ) ;
#1872 = CARTESIAN_POINT ( 'NONE',  ( 7.306251389739559343, 3.115432888477403850, 1.855098339216824765 ) ) ;
#1873 = CARTESIAN_POINT ( 'NONE',  ( 8.340056964878630907, 3.979389438709901583, 2.731155809123170464 ) ) ;
#1874 = EDGE_CURVE ( 'NONE', #412, #2409, #776, .T. ) ;
#1875 = CARTESIAN_POINT ( 'NONE',  ( 7.781929835026446973, 5.226288690980185336, 2.896771803520810540 ) ) ;
#1876 = CARTESIAN_POINT ( 'NONE',  ( 4.779727721728900036, -7.444363867357167486, 1.903023567530989890 ) ) ;
#1877 = CARTESIAN_POINT ( 'NONE',  ( 7.991546136935954614, 2.066669379822079655, 2.076297594448080375 ) ) ;
#1878 = CARTESIAN_POINT ( 'NONE',  ( 10.33415819605677832, 4.146096946666094851, 5.968641424573466914 ) ) ;
#1879 = CARTESIAN_POINT ( 'NONE',  ( 4.463432449232256793, -10.81529978937578385, 3.140872896634617106 ) ) ;
#1880 = ORIENTED_EDGE ( 'NONE', *, *, #1592, .T. ) ;
#1881 = ORIENTED_EDGE ( 'NONE', *, *, #654, .F. ) ;
#1882 = CARTESIAN_POINT ( 'NONE',  ( 8.401094567587994888, 0.5477969278657179864, 2.201651835459569106 ) ) ;
#1883 = CARTESIAN_POINT ( 'NONE',  ( 10.45980191474624554, -12.44641763927015177, 5.054572877822885779 ) ) ;
#1884 = CARTESIAN_POINT ( 'NONE',  ( 1.757404599992139937, 0.1425176936291072671, 2.025339891104649848 ) ) ;
#1885 = CARTESIAN_POINT ( 'NONE',  ( 5.123731833394181479, -11.47977123894373541, 3.413194444444445974 ) ) ;
#1886 = CARTESIAN_POINT ( 'NONE',  ( 7.597711060157653407, 3.388759152018583354, 2.081179521040732450 ) ) ;
#1887 = CARTESIAN_POINT ( 'NONE',  ( 8.710768391260097943, 0.6909512589585997677, 2.425182495470328270 ) ) ;
#1888 = CARTESIAN_POINT ( 'NONE',  ( -0.3982545298217183838, -3.758839937809260512, 4.311319334567522255 ) ) ;
#1889 = CARTESIAN_POINT ( 'NONE',  ( 7.922502433808074507, 4.530051244575449942, 2.639589204411777246 ) ) ;
#1890 = CARTESIAN_POINT ( 'NONE',  ( 10.55413488095904917, -3.455786892477330507, 4.034902665005793310 ) ) ;
#1891 = DIRECTION ( 'NONE',  ( 0.000000000000000000, -0.000000000000000000, 1.000000000000000000 ) ) ;
#1892 = CARTESIAN_POINT ( 'NONE',  ( 8.999949998749933400, 0.7072764709706257369, 2.693218247541553367 ) ) ;
#1893 = CARTESIAN_POINT ( 'NONE',  ( 6.672957551979871837, 3.539210271942538899, 1.647106674917544700 ) ) ;
#1894 = CARTESIAN_POINT ( 'NONE',  ( 1.452248887435076519, -8.502100932126444022, 3.145022556334661878 ) ) ;
#1895 = VERTEX_POINT ( 'NONE', #1293 ) ;
#1896 = CARTESIAN_POINT ( 'NONE',  ( 5.049497983614624097, 6.266041321047549850, 2.635419542675264459 ) ) ;
#1897 = CARTESIAN_POINT ( 'NONE',  ( 7.880398682293229484, -3.848661018864496519, 1.966345920623806309 ) ) ;
#1898 = AXIS2_PLACEMENT_3D ( 'NONE', #1567, #3185, #398 ) ;
#1899 = CARTESIAN_POINT ( 'NONE',  ( 7.368334879100771673, 3.555562081484220371, 1.993415195385055849 ) ) ;
#1900 = CARTESIAN_POINT ( 'NONE',  ( 7.752689533134411448, 5.505974038947369920, 3.058090480520914589 ) ) ;
#1901 = CARTESIAN_POINT ( 'NONE',  ( 4.302528846326706180, -11.15946266040326940, 2.088622458675237326 ) ) ;
#1902 = CARTESIAN_POINT ( 'NONE',  ( 9.342686761242616100, 0.4387605356660218003, 2.897059105997657813 ) ) ;
#1903 = CARTESIAN_POINT ( 'NONE',  ( 2.134323814052392354, -1.190016908792642436, 1.889150478249685960 ) ) ;
#1904 = CARTESIAN_POINT ( 'NONE',  ( 6.253338222698745952, -12.51242521641210459, 2.714342119144617982 ) ) ;
#1905 = CARTESIAN_POINT ( 'NONE',  ( 8.052652594375299344, 0.8030570735135522664, 2.010868997013110171 ) ) ;
#1906 = CARTESIAN_POINT ( 'NONE',  ( 8.677526975696018496, 4.353789242938443493, 3.131272692143855618 ) ) ;
#1907 = CARTESIAN_POINT ( 'NONE',  ( 1.746868631777351411, 4.271269514278197121, 2.638756349036552429 ) ) ;
#1908 = AXIS2_PLACEMENT_3D ( 'NONE', #4350, #2801, #4406 ) ;
#1909 = ORIENTED_EDGE ( 'NONE', *, *, #687, .F. ) ;
#1910 = VERTEX_POINT ( 'NONE', #2891 ) ;
#1911 = CARTESIAN_POINT ( 'NONE',  ( -0.6214940586343544737, -11.94026637152675896, 5.427617428839126568 ) ) ;
#1912 = CARTESIAN_POINT ( 'NONE',  ( 9.371113566627002456, 0.1002204726978650484, 2.890107927275469724 ) ) ;
#1913 = CARTESIAN_POINT ( 'NONE',  ( 8.392211454595017273, 0.04664009832618135065, 2.172303586156758559 ) ) ;
#1914 = ADVANCED_FACE ( 'NONE', ( #4491 ), #2496, .F. ) ;
#1915 = CARTESIAN_POINT ( 'NONE',  ( 7.452808367842310489, 3.458351322583708143, 2.014890978886257233 ) ) ;
#1916 = CARTESIAN_POINT ( 'NONE',  ( 8.707262614146591417, 0.7401883710355661172, 2.426595682794869813 ) ) ;
#1917 = CARTESIAN_POINT ( 'NONE',  ( -0.3857546765510047604, -7.924793262470752886, 4.789768548846275564 ) ) ;
#1918 = CARTESIAN_POINT ( 'NONE',  ( 7.910531318107712373, 4.531057182693393415, 2.632131097120328889 ) ) ;
#1919 = LINE ( 'NONE', #1530, #1345 ) ;
#1920 = CARTESIAN_POINT ( 'NONE',  ( 8.959980364622063931, 0.4237416678966848260, 2.589959702242107475 ) ) ;
#1921 = CARTESIAN_POINT ( 'NONE',  ( 2.154051305110026515, 1.329113957185268369, 1.811432726749388600 ) ) ;
#1922 = CARTESIAN_POINT ( 'NONE',  ( 7.240013173941187929, 1.333577374272226779, 1.597043156071946912 ) ) ;
#1923 = VERTEX_POINT ( 'NONE', #3477 ) ;
#1924 = CARTESIAN_POINT ( 'NONE',  ( 3.183343628552777638, 6.237724355604684412, 2.990934256124764712 ) ) ;
#1925 = CARTESIAN_POINT ( 'NONE',  ( 1.885522715041733077, -3.306025786419863888, 2.192764253925798990 ) ) ;
#1926 = CARTESIAN_POINT ( 'NONE',  ( 7.370396709653920020, 0.6788249682485869574, 1.637280555694594630 ) ) ;
#1927 = ORIENTED_EDGE ( 'NONE', *, *, #3317, .F. ) ;
#1928 = CARTESIAN_POINT ( 'NONE',  ( 8.999949998749924518, -4.479236203402840566, 2.752013260066330957 ) ) ;
#1929 = CARTESIAN_POINT ( 'NONE',  ( 5.565345386877828204, -11.02460346804438629, 4.374945956220980925 ) ) ;
#1930 = CARTESIAN_POINT ( 'NONE',  ( 8.999949998749933400, -3.769535406361685048, 2.662976011260103526 ) ) ;
#1931 = CARTESIAN_POINT ( 'NONE',  ( 6.366190326964768609, -5.876433075539949868, 1.699029439527371066 ) ) ;
#1932 = CARTESIAN_POINT ( 'NONE',  ( 8.999949998749933400, 1.185875744106451357, 2.736470956054590342 ) ) ;
#1933 = CARTESIAN_POINT ( 'NONE',  ( 8.654305660331447214, 4.473548965698875612, 3.164824096996362801 ) ) ;
#1934 = CARTESIAN_POINT ( 'NONE',  ( 8.960502651119861994, -8.524059027515901832, 3.387104561406327097 ) ) ;
#1935 = ORIENTED_EDGE ( 'NONE', *, *, #1219, .T. ) ;
#1936 = CARTESIAN_POINT ( 'NONE',  ( 6.895060306736783495, -11.12512032995827127, 2.288182421043049697 ) ) ;
#1937 = CARTESIAN_POINT ( 'NONE',  ( 7.049853195658068117, -0.09224296357260297619, 1.474733267870341535 ) ) ;
#1938 = CARTESIAN_POINT ( 'NONE',  ( 5.533152925179718906, 0.04185350461561749419, 1.070458348108187741 ) ) ;
#1939 = CARTESIAN_POINT ( 'NONE',  ( 7.595252931559059562, 3.390756197008071293, 2.080230610841629968 ) ) ;
#1940 = CARTESIAN_POINT ( 'NONE',  ( 8.044584216427605128, 3.793560383128974145, 2.462986001946736891 ) ) ;
#1941 = CARTESIAN_POINT ( 'NONE',  ( -0.5634849727861462876, -3.433892039061609225, 4.782177508107570141 ) ) ;
#1942 = CARTESIAN_POINT ( 'NONE',  ( 7.656696763692496077, 2.459484558289881662, 1.932338596200629199 ) ) ;
#1943 = B_SPLINE_CURVE_WITH_KNOTS ( 'NONE', 3,
 ( #1581, #1281, #439, #2375, #1945, #3254, #2799, #871 ),
 .UNSPECIFIED., .F., .F.,
 ( 4, 2, 2, 4 ),
 ( -6.000000002002020068E-08, 0.0004616829974941132845, 0.0009234259949882465957, 0.001846911989976511917 ),
 .UNSPECIFIED. ) ;
#1944 = EDGE_CURVE ( 'NONE', #994, #4260, #3960, .T. ) ;
#1945 = CARTESIAN_POINT ( 'NONE',  ( 8.800191545124429027, 3.070861255524149236, 2.838125067573811666 ) ) ;
#1946 = CARTESIAN_POINT ( 'NONE',  ( 9.970198321629721860, -11.73191149598495997, 4.856623823953805541 ) ) ;
#1947 = DIRECTION ( 'NONE',  ( -0.9474458466082856800, -0.3199161886255663112, -0.000000000000000000 ) ) ;
#1948 = CARTESIAN_POINT ( 'NONE',  ( 4.743117024863598985, 0.4502646609931826305, 1.028825486203812645 ) ) ;
#1949 = CARTESIAN_POINT ( 'NONE',  ( 2.029363265709732911, 3.356285839662881187, 2.143102087206481432 ) ) ;
#1950 = CARTESIAN_POINT ( 'NONE',  ( 2.070497773025075539, 1.064815967633969684, 1.856331079239963211 ) ) ;
#1951 = CARTESIAN_POINT ( 'NONE',  ( 4.463432449232256793, -10.81529978937578385, 7.009999999999999787 ) ) ;
#1952 =( BOUNDED_SURFACE ( )  B_SPLINE_SURFACE ( 3, 2, ( 
 ( #3650, #2826, #4882 ),
 ( #382, #2430, #4071 ),
 ( #4012, #3676, #1200 ),
 ( #413, #63, #4403 ),
 ( #815, #3172, #4480 ),
 ( #2402, #7, #1610 ) ),
 .UNSPECIFIED., .F., .F., .T. ) 
 B_SPLINE_SURFACE_WITH_KNOTS ( ( 4, 2, 4 ),
 ( 3, 3 ),
 ( 2.344045096913660586E-16, 0.0006075515842060982222, 0.001215103168411962040 ),
 ( 0.000000000000000000, 1.000000000000000000 ),
 .UNSPECIFIED. ) 
 GEOMETRIC_REPRESENTATION_ITEM ( )  RATIONAL_B_SPLINE_SURFACE ( (
 ( 1.000000000000000000, 0.8730129550890515233, 1.000000000000000000),
 ( 1.000000000000000000, 0.8742754600630758821, 1.000000000000000000),
 ( 1.000000000000000000, 0.8738167081142145243, 1.000000000000000000),
 ( 1.000000000000000000, 0.8737325519614334013, 1.000000000000000000),
 ( 1.000000000000000000, 0.8740452458858840590, 1.000000000000000000),
 ( 1.000000000000000000, 0.8724678802614131978, 1.000000000000000000) ) ) 
 REPRESENTATION_ITEM ( '' )  SURFACE ( )  );
#1953 = EDGE_LOOP ( 'NONE', ( #3277, #5120, #4421, #4511 ) ) ;
#1954 = CARTESIAN_POINT ( 'NONE',  ( 3.706005536152738422, 6.386374187379695755, 2.915257600831659968 ) ) ;
#1955 = CARTESIAN_POINT ( 'NONE',  ( 1.886508332009987576, -3.831635472391709207, 2.244337880481291680 ) ) ;
#1956 = CARTESIAN_POINT ( 'NONE',  ( 7.526474370867322072, 4.853599798082257166, 2.537820963403988106 ) ) ;
#1957 = CARTESIAN_POINT ( 'NONE',  ( 4.622464488849268527, -11.26005912411375398, 2.030876432152872724 ) ) ;
#1958 = VERTEX_POINT ( 'NONE', #2421 ) ;
#1959 = CARTESIAN_POINT ( 'NONE',  ( 8.396676718056998112, 3.681391037501730246, 2.678676283466181030 ) ) ;
#1960 = CARTESIAN_POINT ( 'NONE',  ( 10.06117561630673407, -7.585672815017180604, 4.260812538534622718 ) ) ;
#1961 = CARTESIAN_POINT ( 'NONE',  ( 7.880076318091986387, -3.704694722491796988, 1.952452415437752720 ) ) ;
#1962 = CARTESIAN_POINT ( 'NONE',  ( 7.672322141868220591, 1.957114077230592830, 1.871315673993439788 ) ) ;
#1963 = CARTESIAN_POINT ( 'NONE',  ( 10.21138586803610160, 3.962359663684300592, 6.778694493485872385 ) ) ;
#1964 = CARTESIAN_POINT ( 'NONE',  ( 2.198998087667578538, 4.307967872894391093, 2.367312221173708320 ) ) ;
#1965 = CARTESIAN_POINT ( 'NONE',  ( 8.375470469890320402, 3.774084382524328873, 2.691438559308644063 ) ) ;
#1966 = ORIENTED_EDGE ( 'NONE', *, *, #315, .F. ) ;
#1967 = CARTESIAN_POINT ( 'NONE',  ( -0.6140880120383482854, -11.43101242117683469, 5.506763432491307952 ) ) ;
#1968 = CARTESIAN_POINT ( 'NONE',  ( 2.172424971860088760, -9.097613854678566980, 2.941999887402237945 ) ) ;
#1969 = CARTESIAN_POINT ( 'NONE',  ( 7.348777879670534752, 3.464426067485177008, 1.959555135121719749 ) ) ;
#1970 = CARTESIAN_POINT ( 'NONE',  ( 8.156488616048941154, 0.9268964476340235681, 2.079839538091071915 ) ) ;
#1971 = CARTESIAN_POINT ( 'NONE',  ( -0.3978821066982323185, -7.146159125536344803, 4.681521034813803439 ) ) ;
#1972 = CARTESIAN_POINT ( 'NONE',  ( 1.999949998749937397, -8.011463257550451189, 2.792176691596655491 ) ) ;
#1973 = CARTESIAN_POINT ( 'NONE',  ( 7.045965620142740526, 0.03795459938427114821, 1.472291842446035837 ) ) ;
#1974 = CARTESIAN_POINT ( 'NONE',  ( 1.999949998749941171, 1.999949998749833702, 1.999999999999998668 ) ) ;
#1975 = CARTESIAN_POINT ( 'NONE',  ( 7.930196178248376526, 4.518660682221153913, 2.696385337301231644 ) ) ;
#1976 = CARTESIAN_POINT ( 'NONE',  ( 5.898292046045872539, -11.47730806089362332, 6.594978632478634140 ) ) ;
#1977 = CARTESIAN_POINT ( 'NONE',  ( 2.656663172030636844, 3.961314680242468800, 1.977463777482623142 ) ) ;
#1978 = EDGE_CURVE ( 'NONE', #3919, #493, #708, .T. ) ;
#1979 = CARTESIAN_POINT ( 'NONE',  ( 7.597150165560777602, 1.323060622061306146, 1.773371023764979348 ) ) ;
#1980 = ORIENTED_EDGE ( 'NONE', *, *, #2895, .T. ) ;
#1981 = CARTESIAN_POINT ( 'NONE',  ( 3.450032321980152972, 5.264642340587933234, 2.211864322216294809 ) ) ;
#1982 = CARTESIAN_POINT ( 'NONE',  ( 10.12845392915096987, -3.724006145855413230, 3.582472175081957921 ) ) ;
#1983 = CARTESIAN_POINT ( 'NONE',  ( 3.373071800437291934, 4.788526897241986546, 2.001226990383371707 ) ) ;
#1984 = CARTESIAN_POINT ( 'NONE',  ( 4.822311701036669618, -11.31191846040139026, 2.002048546892800651 ) ) ;
#1985 = EDGE_CURVE ( 'NONE', #4035, #3219, #254, .T. ) ;
#1986 = CARTESIAN_POINT ( 'NONE',  ( 1.999949998749944280, -3.830632103031001101, 2.252273878646691596 ) ) ;
#1987 = EDGE_LOOP ( 'NONE', ( #1153, #4093, #317, #2583, #5182, #3504, #4329 ) ) ;
#1988 = CARTESIAN_POINT ( 'NONE',  ( 8.401996939524401853, 3.711492954749040507, 2.691870222362215070 ) ) ;
#1989 = VECTOR ( 'NONE', #3024, 1000.000000000000000 ) ;
#1990 = CARTESIAN_POINT ( 'NONE',  ( 2.134138411956628456, -0.3906395177918077222, 1.844468955538406396 ) ) ;
#1991 = CARTESIAN_POINT ( 'NONE',  ( 1.999949998749939617, -2.848239139969761080, 2.153390445556226940 ) ) ;
#1992 = CARTESIAN_POINT ( 'NONE',  ( 10.24303007373494268, 3.581796571117595640, 6.971740756909513337 ) ) ;
#1993 = CARTESIAN_POINT ( 'NONE',  ( 7.707676434319559178, 3.764107859279469892, 2.246477963899420782 ) ) ;
#1994 = CARTESIAN_POINT ( 'NONE',  ( 4.364754134888700676, -8.643051312513144069, 2.210930122523364183 ) ) ;
#1995 = B_SPLINE_CURVE_WITH_KNOTS ( 'NONE', 3,
 ( #647, #2228, #3353, #3838, #3767, #4188, #165, #1754 ),
 .UNSPECIFIED., .F., .F.,
 ( 4, 2, 2, 4 ),
 ( 0.000000000000000000, 0.002145938774259260017, 0.003218908161388890892, 0.004291877548518521768 ),
 .UNSPECIFIED. ) ;
#1996 = CARTESIAN_POINT ( 'NONE',  ( 7.509853512125408415, 5.638714600758265583, 2.988768459245195519 ) ) ;
#1997 = FACE_OUTER_BOUND ( 'NONE', #2394, .T. ) ;
#1998 = ORIENTED_EDGE ( 'NONE', *, *, #4025, .F. ) ;
#1999 =( BOUNDED_SURFACE ( )  B_SPLINE_SURFACE ( 3, 2, ( 
 ( #2488, #1334, #873 ),
 ( #4830, #4430, #2459 ),
 ( #1638, #504, #3230 ),
 ( #2010, #473, #4126 ) ),
 .UNSPECIFIED., .F., .F., .T. ) 
 B_SPLINE_SURFACE_WITH_KNOTS ( ( 4, 4 ),
 ( 3, 3 ),
 ( 1.680513367352531873E-17, 0.001024013763377598380 ),
 ( 0.000000000000000000, 1.000000000000000000 ),
 .UNSPECIFIED. ) 
 GEOMETRIC_REPRESENTATION_ITEM ( )  RATIONAL_B_SPLINE_SURFACE ( (
 ( 1.000000000000000000, 0.8666313304035991871, 1.000000000000000000),
 ( 1.000000000000000000, 0.8698605367877905170, 1.000000000000000000),
 ( 1.000000000000000000, 0.8712637644464917841, 1.000000000000000000),
 ( 1.000000000000000000, 0.8730129550892202772, 1.000000000000000000) ) ) 
 REPRESENTATION_ITEM ( '' )  SURFACE ( )  );
#2000 = AXIS2_PLACEMENT_3D ( 'NONE', #3454, #4615, #1049 ) ;
#2001 = CARTESIAN_POINT ( 'NONE',  ( 7.858386890260315560, -12.53373917163339080, 2.286111060356167179 ) ) ;
#2002 = CARTESIAN_POINT ( 'NONE',  ( 2.141076800232014410, -8.770457163565257730, 2.856431510092623416 ) ) ;
#2003 = CARTESIAN_POINT ( 'NONE',  ( 7.346909937226183906, 3.458883529714046112, 1.957123066227239194 ) ) ;
#2004 = CARTESIAN_POINT ( 'NONE',  ( 9.609083388806960002, 0.6443221021309453178, 3.168754149662289077 ) ) ;
#2005 = CARTESIAN_POINT ( 'NONE',  ( -0.07583861528576846256, -3.255797870426846430, 3.687654132435816301 ) ) ;
#2006 = CARTESIAN_POINT ( 'NONE',  ( 7.204804737909712209, -11.06077111598264473, 2.547131122505208900 ) ) ;
#2007 = CIRCLE ( 'NONE', #2672, 0.1000000000000007272 ) ;
#2008 = CARTESIAN_POINT ( 'NONE',  ( 8.212595217778336121, 4.148945476720205860, 2.697605634239588657 ) ) ;
#2009 = CARTESIAN_POINT ( 'NONE',  ( 10.40815647331557336, -4.142282653217977284, 3.944757093631925393 ) ) ;
#2010 = CARTESIAN_POINT ( 'NONE',  ( 2.161360904792250182, 3.050579744048777631, 2.049937577315518844 ) ) ;
#2011 = B_SPLINE_CURVE_WITH_KNOTS ( 'NONE', 3,
 ( #2349, #1098, #709, #2292 ),
 .UNSPECIFIED., .F., .F.,
 ( 4, 4 ),
 ( 0.000000000000000000, 1.000000000000000000 ),
 .UNSPECIFIED. ) ;
#2012 = CARTESIAN_POINT ( 'NONE',  ( 1.885576396402785626, 2.821656384851156663, 2.106902974723516841 ) ) ;
#2013 = CARTESIAN_POINT ( 'NONE',  ( 2.507195621456920875, 2.125104489747897674, 1.659880549935780270 ) ) ;
#2014 = VERTEX_POINT ( 'NONE', #1192 ) ;
#2015 = CARTESIAN_POINT ( 'NONE',  ( 4.909947906341832535, 5.517832640664882327, 2.109858383125397197 ) ) ;
#2016 = CARTESIAN_POINT ( 'NONE',  ( 3.241734114872337091, -3.362425669416913010, 1.617370769115793916 ) ) ;
#2017 = CARTESIAN_POINT ( 'NONE',  ( 2.743964816660395378, 4.157389609979524003, 2.061797479255551124 ) ) ;
#2018 = B_SPLINE_CURVE_WITH_KNOTS ( 'NONE', 3,
 ( #629, #4664, #3822, #1069 ),
 .UNSPECIFIED., .F., .F.,
 ( 4, 4 ),
 ( 0.000000000000000000, 0.0002600171968301909003 ),
 .UNSPECIFIED. ) ;
#2019 = CARTESIAN_POINT ( 'NONE',  ( 8.915955020236618012, 0.7840480682933248513, 2.575036757296865542 ) ) ;
#2020 = CARTESIAN_POINT ( 'NONE',  ( 8.999949998748908442, -8.009126724011398579, 3.326392937860222165 ) ) ;
#2021 = EDGE_CURVE ( 'NONE', #1895, #4746, #2577, .T. ) ;
#2022 = CARTESIAN_POINT ( 'NONE',  ( 8.999949998749933400, 0.1119726142447677181, 2.648304356929891412 ) ) ;
#2023 = CARTESIAN_POINT ( 'NONE',  ( 4.334849147908585998, -11.21940498206084769, 2.078274191648351810 ) ) ;
#2024 = CARTESIAN_POINT ( 'NONE',  ( 10.48474499129890880, 3.501609427351698223, 6.546532181074664614 ) ) ;
#2025 = CARTESIAN_POINT ( 'NONE',  ( 7.465278648384400917, 3.683095997847080305, 2.082657709365596244 ) ) ;
#2026 = CARTESIAN_POINT ( 'NONE',  ( 8.957142065021781008, -5.549898272069639482, 2.838241895583940799 ) ) ;
#2027 = ORIENTED_EDGE ( 'NONE', *, *, #2986, .T. ) ;
#2028 = CARTESIAN_POINT ( 'NONE',  ( -0.6548167732269155605, -13.21152980408782440, 5.037936802328403019 ) ) ;
#2029 = CARTESIAN_POINT ( 'NONE',  ( 2.253823624392695901, 0.1199492102107143077, 1.764649250169744610 ) ) ;
#2030 = DIRECTION ( 'NONE',  ( 0.000000000000000000, 0.000000000000000000, -1.000000000000000000 ) ) ;
#2031 = CARTESIAN_POINT ( 'NONE',  ( 9.244136296077259729, 3.715445856172644667, 3.445613467515067363 ) ) ;
#2032 = CARTESIAN_POINT ( 'NONE',  ( -0.05088944449532090131, -7.209334080383156262, 4.140911197108144925 ) ) ;
#2033 = CARTESIAN_POINT ( 'NONE',  ( 6.924533052139421940, -11.20084779989353585, 2.425012160351128987 ) ) ;
#2034 = ORIENTED_EDGE ( 'NONE', *, *, #3472, .T. ) ;
#2035 = CARTESIAN_POINT ( 'NONE',  ( 9.747064370230454244, -7.800981893745007056, 3.928233339194005858 ) ) ;
#2036 = CARTESIAN_POINT ( 'NONE',  ( 1.999949998749952940, -0.8793720564003177920, 1.999999999999964473 ) ) ;
#2037 = CARTESIAN_POINT ( 'NONE',  ( 7.665112750117258678, 2.234275502690787008, 1.905956176808103919 ) ) ;
#2038 = CARTESIAN_POINT ( 'NONE',  ( 8.666959314885328780, 3.522058637047538632, 2.837433056518526620 ) ) ;
#2039 = AXIS2_PLACEMENT_3D ( 'NONE', #2536, #2030, #4531 ) ;
#2040 = CARTESIAN_POINT ( 'NONE',  ( 7.540337178328543999, 0.6575722909779868619, 1.718518765013345329 ) ) ;
#2041 = CARTESIAN_POINT ( 'NONE',  ( 6.008627897626702463, -10.96139828996545162, 6.496040801488106808 ) ) ;
#2042 = EDGE_LOOP ( 'NONE', ( #4446, #3946, #3030, #3818 ) ) ;
#2043 = CARTESIAN_POINT ( 'NONE',  ( 6.197119504948802593, 3.953487311576159513, 1.590300886380872969 ) ) ;
#2044 = CARTESIAN_POINT ( 'NONE',  ( 2.266238455764516768, -3.981067967446266564, 2.073776246630584019 ) ) ;
#2045 = CARTESIAN_POINT ( 'NONE',  ( 7.337469574066779465, 3.478085116093987406, 1.956848517014343924 ) ) ;
#2046 = UNCERTAINTY_MEASURE_WITH_UNIT (LENGTH_MEASURE( 1.000000000000000082E-05 ), #2998, 'distance_accuracy_value', 'NONE');
#2047 = ORIENTED_EDGE ( 'NONE', *, *, #4054, .T. ) ;
#2048 = CARTESIAN_POINT ( 'NONE',  ( 7.457244877010136719, 5.469334381016654589, 2.841534974379372525 ) ) ;
#2049 = CARTESIAN_POINT ( 'NONE',  ( 2.197844728913499690, 6.159512415838702459, 3.506237017772671383 ) ) ;
#2050 = CARTESIAN_POINT ( 'NONE',  ( 2.604167887245357971, 0.1048535751644041891, 1.590787172529450899 ) ) ;
#2051 = CARTESIAN_POINT ( 'NONE',  ( 8.960336335180784317, 0.5752918209617763345, 2.602110629526741548 ) ) ;
#2052 = CARTESIAN_POINT ( 'NONE',  ( 10.31222831339987778, 3.570070885578729758, 6.851064899828623211 ) ) ;
#2053 = CARTESIAN_POINT ( 'NONE',  ( 7.348699377888217477, 3.732183907728559014, 2.030587476957947946 ) ) ;
#2054 = ADVANCED_FACE ( 'NONE', ( #1997 ), #2915, .T. ) ;
#2055 = CARTESIAN_POINT ( 'NONE',  ( 4.318270517761546579, -11.16532665877281616, 2.085048301564059958 ) ) ;
#2056 = CARTESIAN_POINT ( 'NONE',  ( 8.957859389378914017, -7.309201388885822048, 3.171450917200815844 ) ) ;
#2057 = ORIENTED_EDGE ( 'NONE', *, *, #249, .F. ) ;
#2058 = CARTESIAN_POINT ( 'NONE',  ( 7.851848788359983011, -12.82090716799277885, 2.175947566349548445 ) ) ;
#2059 = CARTESIAN_POINT ( 'NONE',  ( 3.220993544307472867, -10.67451627899563249, 2.402654071742434727 ) ) ;
#2060 = LINE ( 'NONE', #4121, #453 ) ;
#2061 = CARTESIAN_POINT ( 'NONE',  ( 9.524195344973577448, 2.951641665358106792, 3.519342716569300755 ) ) ;
#2062 = CARTESIAN_POINT ( 'NONE',  ( 1.131853943600262591, -7.311159137944390096, 3.138671287920338226 ) ) ;
#2063 = CARTESIAN_POINT ( 'NONE',  ( 6.778876640379072782, -11.26198589361735891, 2.367504393630489368 ) ) ;
#2064 = ORIENTED_EDGE ( 'NONE', *, *, #1787, .T. ) ;
#2065 = CARTESIAN_POINT ( 'NONE',  ( 8.504798517860869822, 3.794632526997326671, 2.843916905026509401 ) ) ;
#2066 = CARTESIAN_POINT ( 'NONE',  ( 2.053417337432342116, -0.4034537215716115233, 1.884622875437158784 ) ) ;
#2067 = CARTESIAN_POINT ( 'NONE',  ( 8.999949998749933400, 0.05629253792213684271, 2.644798030870818994 ) ) ;
#2068 = CARTESIAN_POINT ( 'NONE',  ( 2.142196319570186969, 0.5258803024328628783, 1.815993399491688587 ) ) ;
#2069 = CARTESIAN_POINT ( 'NONE',  ( 8.958457866532937075, 2.623821825853350109, 2.918177972367294704 ) ) ;
#2070 = CARTESIAN_POINT ( 'NONE',  ( 2.846428328505890892, 0.8469973740324321376, 1.473485257524670411 ) ) ;
#2071 = ORIENTED_EDGE ( 'NONE', *, *, #4267, .T. ) ;
#2072 = ORIENTED_EDGE ( 'NONE', *, *, #1374, .F. ) ;
#2073 = UNCERTAINTY_MEASURE_WITH_UNIT (LENGTH_MEASURE( 1.000000000000000082E-05 ), #4578, 'distance_accuracy_value', 'NONE');
#2074 = CARTESIAN_POINT ( 'NONE',  ( 8.446684498639667638, -8.887065446688492187, 3.098770446792402655 ) ) ;
#2075 = CARTESIAN_POINT ( 'NONE',  ( 6.336304465489928539, 5.693073382652097614, 2.446430007425735464 ) ) ;
#2076 = CARTESIAN_POINT ( 'NONE',  ( 9.557304629054790723, -3.856885856987762651, 3.037345615423101997 ) ) ;
#2077 = CARTESIAN_POINT ( 'NONE',  ( 7.166431490256001346, 5.109286414499688789, 2.445105081249595358 ) ) ;
#2078 = CARTESIAN_POINT ( 'NONE',  ( 7.505418551074550138, 5.588481138045997554, 2.952140410087376488 ) ) ;
#2079 = CARTESIAN_POINT ( 'NONE',  ( 1.762838721644904405, 4.302115167851394695, 2.643193109979803612 ) ) ;
#2080 = CARTESIAN_POINT ( 'NONE',  ( 2.007990655195334817, -0.2688815442973835346, 1.904894022343102566 ) ) ;
#2081 = CARTESIAN_POINT ( 'NONE',  ( 7.728250343844524473, 0.9361655724371142906, 1.831186579186872887 ) ) ;
#2082 = CARTESIAN_POINT ( 'NONE',  ( 10.27922636776785659, 3.566557253993490662, 6.914617338267410318 ) ) ;
#2083 = CARTESIAN_POINT ( 'NONE',  ( 2.865412541830432591, 4.126739806268292732, 1.930722789880528811 ) ) ;
#2084 = CARTESIAN_POINT ( 'NONE',  ( 7.750421406961311988, 5.483429051458877268, 3.041622503884804818 ) ) ;
#2085 = CARTESIAN_POINT ( 'NONE',  ( 2.809320246877923921, 4.126968270413446938, 1.962686449425435242 ) ) ;
#2086 = ORIENTED_EDGE ( 'NONE', *, *, #4433, .T. ) ;
#2087 = CARTESIAN_POINT ( 'NONE',  ( 8.727076360598548632, -13.29215888305781945, 2.593018164842541662 ) ) ;
#2088 = CARTESIAN_POINT ( 'NONE',  ( 7.991886583588618365, 3.987980946725535158, 2.494005317519361054 ) ) ;
#2089 = CARTESIAN_POINT ( 'NONE',  ( 9.317435183727722503, 0.7313017064609350637, 2.904881481436108359 ) ) ;
#2090 = CARTESIAN_POINT ( 'NONE',  ( -0.07316901785507298750, -5.646006715301520984, 3.932551147679952841 ) ) ;
#2091 = EDGE_CURVE ( 'NONE', #288, #1287, #4592, .T. ) ;
#2092 = CARTESIAN_POINT ( 'NONE',  ( 2.050402390529979080, 1.524036105827335508, 1.873104831695035832 ) ) ;
#2093 = CARTESIAN_POINT ( 'NONE',  ( 7.667809168391894303, 2.147928083212997663, 1.897076777849788343 ) ) ;
#2094 = CARTESIAN_POINT ( 'NONE',  ( 7.915418875460173531, -10.44316673153917741, 2.843795881885933241 ) ) ;
#2095 = CARTESIAN_POINT ( 'NONE',  ( 2.147401992238642254, -3.844016379565190711, 2.118024718942260076 ) ) ;
#2096 = CARTESIAN_POINT ( 'NONE',  ( 7.023681254802044194, 0.6632993635442563374, 1.476712212717191441 ) ) ;
#2097 = AXIS2_PLACEMENT_3D ( 'NONE', #1505, #10, #3231 ) ;
#2098 = ORIENTED_EDGE ( 'NONE', *, *, #3317, .T. ) ;
#2099 = CARTESIAN_POINT ( 'NONE',  ( 6.998193070755474032, -12.49381672643873387, 2.906413098660262762 ) ) ;
#2100 = CARTESIAN_POINT ( 'NONE',  ( 6.243616396355522014, 4.688899726061817930, 1.872866362282656461 ) ) ;
#2101 = CARTESIAN_POINT ( 'NONE',  ( 2.266362673839117381, -4.046779918847359880, 2.080359547188156633 ) ) ;
#2102 = CARTESIAN_POINT ( 'NONE',  ( 1.999949998749936064, -3.830632103031084146, 2.252273878646700034 ) ) ;
#2103 = CARTESIAN_POINT ( 'NONE',  ( 2.182106161973607961, 5.698446914965737520, 3.136092986290362372 ) ) ;
#2104 = CARTESIAN_POINT ( 'NONE',  ( 5.539345217096196095, -0.3559778914919986548, 1.093421294469592242 ) ) ;
#2105 = CARTESIAN_POINT ( 'NONE',  ( 2.055056969719231130, -2.856955699028090656, 2.064459425327569431 ) ) ;
#2106 = CARTESIAN_POINT ( 'NONE',  ( 8.461582805512676941, 3.890174303179255944, 2.790400554223511520 ) ) ;
#2107 = CARTESIAN_POINT ( 'NONE',  ( 2.861547387400110942, 3.994857830400682985, 1.883790829212410811 ) ) ;
#2108 = CARTESIAN_POINT ( 'NONE',  ( 3.178553007173193112, -8.576348485226604978, 2.437398334440344261 ) ) ;
#2109 = CARTESIAN_POINT ( 'NONE',  ( 8.062590659123603842, 5.425848725661208682, 3.219357252682664150 ) ) ;
#2110 = CARTESIAN_POINT ( 'NONE',  ( 3.246582136200274693, -5.854392483752773657, 1.908995409219752304 ) ) ;
#2111 = CARTESIAN_POINT ( 'NONE',  ( 5.721232260965200211, -12.89549884999377483, 1.431731723779615217 ) ) ;
#2112 = CARTESIAN_POINT ( 'NONE',  ( 7.507118467953459273, 4.815308873510360854, 2.508610680815340999 ) ) ;
#2113 = CARTESIAN_POINT ( 'NONE',  ( 9.586145354568261112, 0.8711671468698001242, 3.174715039904652869 ) ) ;
#2114 = CARTESIAN_POINT ( 'NONE',  ( -0.03542273613218668848, -7.985823180945955890, 4.253843732896221752 ) ) ;
#2115 = CARTESIAN_POINT ( 'NONE',  ( 8.368752459420022660, 4.004949692062242939, 2.760854943147050378 ) ) ;
#2116 = CARTESIAN_POINT ( 'NONE',  ( 8.564236030358332030, -9.586667752465546144, 3.227875311258530555 ) ) ;
#2117 = CARTESIAN_POINT ( 'NONE',  ( 8.869523402859520900, -8.842207107412097145, 3.371864178136958490 ) ) ;
#2118 = CARTESIAN_POINT ( 'NONE',  ( 2.138377339648356745, 0.1251976946620159126, 1.825274980622089149 ) ) ;
#2119 = CARTESIAN_POINT ( 'NONE',  ( 7.260109751409070888, 0.6607073321253376097, 1.583545032648317141 ) ) ;
#2120 = EDGE_CURVE ( 'NONE', #1910, #4224, #1635, .T. ) ;
#2121 = ORIENTED_EDGE ( 'NONE', *, *, #782, .F. ) ;
#2122 = CARTESIAN_POINT ( 'NONE',  ( 7.879753953890751283, -3.560728426119124990, 1.938558910251695577 ) ) ;
#2123 = CARTESIAN_POINT ( 'NONE',  ( 6.380368575379661067, 6.053196107560027350, 2.719705785333122794 ) ) ;
#2124 = CARTESIAN_POINT ( 'NONE',  ( 2.266114237689909050, -3.915356016045146159, 2.067192946073003856 ) ) ;
#2125 = CARTESIAN_POINT ( 'NONE',  ( 1.999949998749939173, -6.617189943182622436, 2.605902232270123520 ) ) ;
#2126 = CARTESIAN_POINT ( 'NONE',  ( -0.1767834628580537693, -11.24963450808130716, 4.419423198266825281 ) ) ;
#2127 = CARTESIAN_POINT ( 'NONE',  ( 2.604305277046480516, 0.3721723400084420152, 1.581558371286972298 ) ) ;
#2128 = CARTESIAN_POINT ( 'NONE',  ( 3.971299348649824257, 5.100630969360128830, 1.987798928282328959 ) ) ;
#2129 = CARTESIAN_POINT ( 'NONE',  ( 6.321730022523491144, -0.7519003650697242414, 1.255564321790428650 ) ) ;
#2130 = CARTESIAN_POINT ( 'NONE',  ( 7.592438449285695334, 3.428652646725566022, 2.088098059848624732 ) ) ;
#2131 = CARTESIAN_POINT ( 'NONE',  ( 3.974501559930860406, 3.295560953756160316, 1.296713465198487514 ) ) ;
#2132 = ORIENTED_EDGE ( 'NONE', *, *, #3218, .F. ) ;
#2133 = CARTESIAN_POINT ( 'NONE',  ( 3.242683593577142087, -3.599601271574270900, 1.638914232466194276 ) ) ;
#2134 = PRESENTATION_STYLE_ASSIGNMENT (( #1419 ) ) ;
#2135 = CARTESIAN_POINT ( 'NONE',  ( 7.912797570267217750, 4.478264289975165013, 2.617039953100451122 ) ) ;
#2136 = CARTESIAN_POINT ( 'NONE',  ( 7.931075552643985560, 4.364434895061396702, 2.584750978284166667 ) ) ;
#2137 = CARTESIAN_POINT ( 'NONE',  ( 9.515690460408627871, 3.573231669032811197, 3.704106519226523897 ) ) ;
#2138 = CARTESIAN_POINT ( 'NONE',  ( -0.6118506732658846037, -11.39526487800726606, 5.510504659476892719 ) ) ;
#2139 = CARTESIAN_POINT ( 'NONE',  ( 6.346982868047962967, -11.39863342744921226, 6.365446954960176207 ) ) ;
#2140 = CARTESIAN_POINT ( 'NONE',  ( 9.816251589757831297, 0.6877382675436749526, 3.397301362498486466 ) ) ;
#2141 = CARTESIAN_POINT ( 'NONE',  ( 8.959599980605318592, 0.2612787031557814443, 2.577898663315963290 ) ) ;
#2142 = CARTESIAN_POINT ( 'NONE',  ( 1.911421011981523366, -3.832553052198012011, 2.235431444092665476 ) ) ;
#2143 = CARTESIAN_POINT ( 'NONE',  ( 3.331932473629770186, 0.8322911889146744624, 1.288439832836554277 ) ) ;
#2144 = CARTESIAN_POINT ( 'NONE',  ( 9.051236070295054503, -10.40864037244235085, 3.732081486113519642 ) ) ;
#2145 = CARTESIAN_POINT ( 'NONE',  ( 5.649572888149271499, 5.103926259812291200, 1.919258153289721713 ) ) ;
#2146 = EDGE_CURVE ( 'NONE', #4260, #1261, #2319, .T. ) ;
#2147 = CARTESIAN_POINT ( 'NONE',  ( 9.556835087110030713, -3.922005321136817990, 3.044325284392800146 ) ) ;
#2148 = CARTESIAN_POINT ( 'NONE',  ( 1.999949998749939617, -5.227827478156335417, 2.401987151388314867 ) ) ;
#2149 = B_SPLINE_CURVE_WITH_KNOTS ( 'NONE', 3,
 ( #2225, #1390, #2600, #1850, #1802, #3373, #4600, #3421, #3046, #3397, #4973, #232 ),
 .UNSPECIFIED., .F., .F.,
 ( 4, 2, 2, 2, 2, 4 ),
 ( 0.000000000000000000, 0.0004863264674270701728, 0.0009726529348541403455, 0.001945305869708276354, 0.002917958804562412797, 0.003890611739416549239 ),
 .UNSPECIFIED. ) ;
#2150 = CARTESIAN_POINT ( 'NONE',  ( 7.041291299617534527, 5.094912993725453809, 2.393588026571281002 ) ) ;
#2151 = EDGE_CURVE ( 'NONE', #3134, #2790, #5, .T. ) ;
#2152 = CARTESIAN_POINT ( 'NONE',  ( 10.07992419179222843, -0.4706294277374012403, 3.543223839202591208 ) ) ;
#2153 = CARTESIAN_POINT ( 'NONE',  ( 7.727879576763994507, 0.8085797822506013421, 1.825610273927511296 ) ) ;
#2154 = CARTESIAN_POINT ( 'NONE',  ( 0.000000000000000000, 0.000000000000000000, 0.000000000000000000 ) ) ;
#2155 = CARTESIAN_POINT ( 'NONE',  ( 1.884835131790942420, 3.897332211581727712, 2.403617217530202854 ) ) ;
#2156 = CARTESIAN_POINT ( 'NONE',  ( 8.057892577742125084, 5.426160312531874474, 3.216170190098262882 ) ) ;
#2157 = CARTESIAN_POINT ( 'NONE',  ( 1.834560866190829920, -8.907385563594271360, 3.019405706128343247 ) ) ;
#2158 = CARTESIAN_POINT ( 'NONE',  ( 4.012291701587343162, -11.05503623377818556, 2.152403089444331119 ) ) ;
#2159 = CARTESIAN_POINT ( 'NONE',  ( 10.28777730939486190, 4.013323544199392856, 6.544336390691209537 ) ) ;
#2160 = CARTESIAN_POINT ( 'NONE',  ( 9.893499881377991301, 0.2403741050066021678, 3.421672194850943871 ) ) ;
#2161 =( BOUNDED_SURFACE ( )  B_SPLINE_SURFACE ( 3, 2, ( 
 ( #2220, #665, #608 ),
 ( #1002, #5014, #3062 ),
 ( #273, #2268, #3464 ),
 ( #3391, #4694, #686 ) ),
 .UNSPECIFIED., .F., .F., .T. ) 
 B_SPLINE_SURFACE_WITH_KNOTS ( ( 4, 4 ),
 ( 3, 3 ),
 ( 6.938893903907228378E-18, 0.0007855002961330735320 ),
 ( 0.000000000000000000, 1.000000000000000000 ),
 .UNSPECIFIED. ) 
 GEOMETRIC_REPRESENTATION_ITEM ( )  RATIONAL_B_SPLINE_SURFACE ( (
 ( 1.000000000000000000, 0.6561413338843581355, 1.000000000000000000),
 ( 1.000000000000000000, 0.6378471567160803879, 1.000000000000000000),
 ( 1.000000000000000000, 0.6227765541820636797, 1.000000000000000000),
 ( 1.000000000000000000, 0.6135824757404123586, 1.000000000000000000) ) ) 
 REPRESENTATION_ITEM ( '' )  SURFACE ( )  );
#2162 = CARTESIAN_POINT ( 'NONE',  ( 6.335910601205958947, -10.88122508637442287, 6.298170405982907560 ) ) ;
#2163 = EDGE_LOOP ( 'NONE', ( #5204, #2256, #5115, #4486 ) ) ;
#2164 = VECTOR ( 'NONE', #1642, 1000.000000000000000 ) ;
#2165 = CARTESIAN_POINT ( 'NONE',  ( 6.935639053685090261, -11.20780402484258431, 2.304760457367935444 ) ) ;
#2166 = CARTESIAN_POINT ( 'NONE',  ( 8.959980271085250081, 0.4237017865807908290, 2.589956624598656720 ) ) ;
#2167 = CARTESIAN_POINT ( 'NONE',  ( 7.935069497025121876, 1.185075299204640942, 1.961584359926603405 ) ) ;
#2168 = CARTESIAN_POINT ( 'NONE',  ( 8.999949998749853464, -2.495977018168268557, 2.573022826886557368 ) ) ;
#2169 = CARTESIAN_POINT ( 'NONE',  ( 7.541381280634771755, 4.199350007120600026, 2.283170012792612003 ) ) ;
#2170 = CARTESIAN_POINT ( 'NONE',  ( 9.766775660839597251, -3.276356681633535217, 3.146022728394593404 ) ) ;
#2171 = CARTESIAN_POINT ( 'NONE',  ( 7.565799742066316114, 3.957614639006262536, 2.221957129441636702 ) ) ;
#2172 = CARTESIAN_POINT ( 'NONE',  ( 8.959137415447921526, 0.06135829637532452807, 2.564354337544910489 ) ) ;
#2173 = CARTESIAN_POINT ( 'NONE',  ( 7.560525939032902265, 3.826695146562225425, 2.179850725618474261 ) ) ;
#2174 = CARTESIAN_POINT ( 'NONE',  ( 2.856573272551718556, 6.356186229595134130, 3.257637194753017162 ) ) ;
#2175 = CARTESIAN_POINT ( 'NONE',  ( 10.31907802599345558, -0.9612879838903909402, 3.760809563167480274 ) ) ;
#2176 = CARTESIAN_POINT ( 'NONE',  ( 7.603085953212719517, 0.8106188882323894784, 1.757899805493073897 ) ) ;
#2177 = DIRECTION ( 'NONE',  ( 0.000000000000000000, -0.000000000000000000, -1.000000000000000000 ) ) ;
#2178 = CARTESIAN_POINT ( 'NONE',  ( 5.545107133530968291, 3.619763050077662303, 1.332991824081317889 ) ) ;
#2179 = CARTESIAN_POINT ( 'NONE',  ( 7.785711002877948594, 5.535555285080095977, 3.099263222913028581 ) ) ;
#2180 = ADVANCED_FACE ( 'NONE', ( #598 ), #5050, .T. ) ;
#2181 = CARTESIAN_POINT ( 'NONE',  ( 1.814764395259373719, -11.25173944219337585, 3.306847685727676289 ) ) ;
#2182 = CARTESIAN_POINT ( 'NONE',  ( -0.7228871379601730096, -14.00540073375405825, 4.897197675765186275 ) ) ;
#2183 = CARTESIAN_POINT ( 'NONE',  ( 9.998087598774157314, 4.427805227935344590, 4.802026444936659644 ) ) ;
#2184 = CARTESIAN_POINT ( 'NONE',  ( 9.957532197903118387, 0.2426739788813359056, 3.492674987059347202 ) ) ;
#2185 = ORIENTED_EDGE ( 'NONE', *, *, #5010, .F. ) ;
#2186 = CARTESIAN_POINT ( 'NONE',  ( 5.123731833394181479, -11.47977123894373541, 3.413194444444445974 ) ) ;
#2187 = CARTESIAN_POINT ( 'NONE',  ( 6.603324958627445618, -11.32158032595215502, 2.307973102291002387 ) ) ;
#2188 = CARTESIAN_POINT ( 'NONE',  ( 2.161360904792169357, 3.050579744048459219, 2.049937577315501525 ) ) ;
#2189 = CARTESIAN_POINT ( 'NONE',  ( 6.618488114988739568, -11.19587099768098959, 2.221617297726899309 ) ) ;
#2190 = CARTESIAN_POINT ( 'NONE',  ( 1.985415353422871565, 0.7737017684417146768, 1.899070469179429343 ) ) ;
#2191 = PRODUCT_DEFINITION_FORMATION_WITH_SPECIFIED_SOURCE ( 'ANY', '', #261, .NOT_KNOWN. ) ;
#2192 = CARTESIAN_POINT ( 'NONE',  ( 7.478642295706730891, 5.251154618864411816, 2.717071464306744399 ) ) ;
#2193 = B_SPLINE_SURFACE_WITH_KNOTS ( 'NONE', 3, 3, ( 
 ( #103, #2595, #2173, #3758, #1698, #1409, #3734, #3417, #3319, #129 ),
 ( #1342, #152, #1722, #4921, #1745, #2992, #3367, #1317, #3392, #4544 ),
 ( #980, #4968, #958, #4992, #2550, #3019, #4157, #560, #4200, #2970 ),
 ( #1003, #2197, #203, #3563, #3924, #293, #322, #3620, #1969, #2003 ),
 ( #407, #3139, #1604, #5161, #783, #729, #1915, #1, #3110, #1525 ),
 ( #4713, #1031, #1551, #1115, #5132, #756, #2370, #3536, #2285, #3168 ),
 ( #2713, #3509, #4770, #2313, #1171, #2770, #1939, #810, #4623, #4371 ),
 ( #5186, #2620, #2397, #4399, #378, #3980, #1886, #4290, #1195, #3589 ),
 ( #4743, #4315, #1576, #1497, #703, #1145, #2741, #4343, #2342, #3194 ),
 ( #3951, #351, #4799, #3895, #5107, #2794, #4007, #142, #2820, #4424 ) ),
 .UNSPECIFIED., .F., .F., .F.,
 ( 4, 3, 3, 4 ),
 ( 4, 3, 3, 4 ),
 ( -0.05000000000000000278, 0.000000000000000000, 1.000000000000000000, 1.050000000000000044 ),
 ( -0.05000000000000000278, 0.000000000000000000, 1.000000000000000000, 1.050000000000000044 ),
 .UNSPECIFIED. ) ;
#2194 = CARTESIAN_POINT ( 'NONE',  ( 10.13017879889624773, -3.371455932452888327, 3.546610590577240707 ) ) ;
#2195 = CARTESIAN_POINT ( 'NONE',  ( 7.753700956883883499, 4.181346120406159272, 2.401402715795489584 ) ) ;
#2196 = CARTESIAN_POINT ( 'NONE',  ( 7.371762127786951169, 0.8142455085365096767, 1.642260482894980944 ) ) ;
#2197 = CARTESIAN_POINT ( 'NONE',  ( 7.583824046833973931, 3.811661927704990127, 2.189065666366270424 ) ) ;
#2198 = CARTESIAN_POINT ( 'NONE',  ( 2.383452148130207338, 6.375721676173007779, 3.585083261934395971 ) ) ;
#2199 = CARTESIAN_POINT ( 'NONE',  ( 7.131870017997990807, -2.700855032319066318, 1.575423201203775658 ) ) ;
#2200 = CARTESIAN_POINT ( 'NONE',  ( 7.597544358951147991, 3.401967413025230869, 2.084385834164162787 ) ) ;
#2201 = CARTESIAN_POINT ( 'NONE',  ( 3.338403595597287055, 2.776885949917179630, 1.377062633483082443 ) ) ;
#2202 = EDGE_LOOP ( 'NONE', ( #3702, #4386, #2364, #1018, #732 ) ) ;
#2203 = CARTESIAN_POINT ( 'NONE',  ( 8.354257878022165684, 3.897224151852701546, 2.713560214872552834 ) ) ;
#2204 = CARTESIAN_POINT ( 'NONE',  ( 2.534759620022280835, -8.938709663269372996, 2.713619055156768933 ) ) ;
#2205 = CARTESIAN_POINT ( 'NONE',  ( 3.031756285442186893, -10.37129990973797078, 2.512742675025601891 ) ) ;
#2206 = EDGE_CURVE ( 'NONE', #2809, #753, #198, .T. ) ;
#2207 = CARTESIAN_POINT ( 'NONE',  ( 8.163657543168771014, 4.532328601266927492, 2.810596325439790544 ) ) ;
#2208 = CARTESIAN_POINT ( 'NONE',  ( 9.893506317318580656, 0.3379082439989578024, 3.435305721854456262 ) ) ;
#2209 = CARTESIAN_POINT ( 'NONE',  ( -0.4415161354470037436, -10.78979449884115382, 5.048822779688391549 ) ) ;
#2210 = EDGE_LOOP ( 'NONE', ( #4305, #5175, #4881, #2848 ) ) ;
#2211 = VERTEX_POINT ( 'NONE', #368 ) ;
#2212 = CARTESIAN_POINT ( 'NONE',  ( 10.68263746444747220, -11.35155998727849180, 5.792509808974172003 ) ) ;
#2213 = CARTESIAN_POINT ( 'NONE',  ( 9.868103695862151525, 1.087286785224905739, 3.506010032078014760 ) ) ;
#2214 = CARTESIAN_POINT ( 'NONE',  ( 6.001362110242044245, -10.95784851986692310, 6.499999975387397377 ) ) ;
#2215 = CARTESIAN_POINT ( 'NONE',  ( 7.957882922570196804, 0.7034271015164961227, 1.949290290344761978 ) ) ;
#2216 = CARTESIAN_POINT ( 'NONE',  ( -0.6816469115651230259, -11.95295650509284258, 6.230350360240534791 ) ) ;
#2217 = CARTESIAN_POINT ( 'NONE',  ( 7.602535960151239891, 5.548259988141013288, 2.986135896995574690 ) ) ;
#2218 = CARTESIAN_POINT ( 'NONE',  ( 9.757044587561308546, -4.227266345388668967, 3.250630864120076957 ) ) ;
#2219 = CARTESIAN_POINT ( 'NONE',  ( 7.709542239566248512, 4.548003942253409093, 2.507525544029946651 ) ) ;
#2220 = CARTESIAN_POINT ( 'NONE',  ( 6.626540558770872558, -11.31377806946450271, 2.315893550236266307 ) ) ;
#2221 = CARTESIAN_POINT ( 'NONE',  ( 0.5364168354553694451, -7.697160245300150194, 3.611536278051766136 ) ) ;
#2222 = CARTESIAN_POINT ( 'NONE',  ( 2.541714480866555270, 4.927276512053325064, 2.443113090343280280 ) ) ;
#2223 = CARTESIAN_POINT ( 'NONE',  ( 10.21054212986116916, -2.464066395095415807, 3.590903487240142411 ) ) ;
#2224 = CARTESIAN_POINT ( 'NONE',  ( 7.592294699340980557, 3.432378025017474243, 2.088900640012830934 ) ) ;
#2225 = CARTESIAN_POINT ( 'NONE',  ( 2.032600051307354772, -8.477003187600695711, 2.923212712171415539 ) ) ;
#2226 = CARTESIAN_POINT ( 'NONE',  ( 8.248667175373890714, 4.503875124456574675, 2.857026904059392525 ) ) ;
#2227 = CARTESIAN_POINT ( 'NONE',  ( 4.799379726803165269, -3.774731277514237426, 1.359684201182256968 ) ) ;
#2228 = CARTESIAN_POINT ( 'NONE',  ( 8.999949998749928071, -7.295800061313741480, 3.251873399987069480 ) ) ;
#2229 = CARTESIAN_POINT ( 'NONE',  ( 8.236026387423379447, 4.538682336618999003, 2.866980564921415731 ) ) ;
#2230 = CARTESIAN_POINT ( 'NONE',  ( 9.954571098558487208, 0.3611148052860280178, 3.506240795787667786 ) ) ;
#2231 = CARTESIAN_POINT ( 'NONE',  ( 6.408423908679527159, -11.01458657506343464, 2.192105675087271166 ) ) ;
#2232 = ORIENTED_EDGE ( 'NONE', *, *, #2408, .F. ) ;
#2233 = B_SPLINE_SURFACE_WITH_KNOTS ( 'NONE', 3, 3, ( 
 ( #4027, #45, #3970, #2019, #3636, #366, #3238, #2838, #4438, #3660, #4545, #4135, #1343, #3783, #4492 ),
 ( #3711, #4568, #981, #2946, #1647, #1700, #3320, #2868, #2471, #3687, #77, #4922, #2920, #4519, #154 ),
 ( #1676, #2294, #2695, #4661, #1882, #3505, #845, #4014, #4378, #4831, #3988, #3959, #1257, #3653, #416 ),
 ( #67, #5193, #474, #358, #1232, #3258, #37, #1639, #4860, #1948, #4457, #874, #2460, #4074, #2068 ) ),
 .UNSPECIFIED., .F., .F., .F.,
 ( 4, 4 ),
 ( 4, 1, 1, 1, 1, 1, 1, 1, 1, 1, 1, 1, 4 ),
 ( 0.000000000000000000, 1.000000000000000000 ),
 ( 0.000000000000000000, 1.000000000000000000, 2.000000000000000000, 4.000000000000000000, 6.000000000000000000, 8.000000000000000000, 10.00000000000000000, 12.00000000000000000, 14.00000000000000000, 16.00000000000000000, 18.00000000000000000, 20.00000000000000000, 21.00000000000000000 ),
 .UNSPECIFIED. ) ;
#2234 = CARTESIAN_POINT ( 'NONE',  ( -0.4793624815173785914, -7.548654643680236198, 4.929898872423293277 ) ) ;
#2235 = ORIENTED_EDGE ( 'NONE', *, *, #3113, .T. ) ;
#2236 = CARTESIAN_POINT ( 'NONE',  ( 4.416885173934657516, -11.32968416095390829, 2.156289863340277613 ) ) ;
#2237 = CARTESIAN_POINT ( 'NONE',  ( 5.530202696938747664, 0.2408613508237400502, 1.059945492588782345 ) ) ;
#2238 = CARTESIAN_POINT ( 'NONE',  ( 8.379467767611027185, 0.4228597448404150527, 2.182371410359077224 ) ) ;
#2239 = CARTESIAN_POINT ( 'NONE',  ( 7.327868102528622529, 3.900554581530768505, 2.065204266360836094 ) ) ;
#2240 = CARTESIAN_POINT ( 'NONE',  ( -0.7401391947409081684, -3.513979848795423244, 5.393817189840444115 ) ) ;
#2241 = EDGE_CURVE ( 'NONE', #2656, #3559, #3594, .T. ) ;
#2242 = CARTESIAN_POINT ( 'NONE',  ( 7.974957818344556415, 4.166286674348790520, 2.539429281477630695 ) ) ;
#2243 = CARTESIAN_POINT ( 'NONE',  ( 10.01391655664206048, -4.844593338955316852, 3.618134668504599638 ) ) ;
#2244 = CARTESIAN_POINT ( 'NONE',  ( 7.581580437238399028, 4.905847446748157203, 2.589908924169541660 ) ) ;
#2245 = CARTESIAN_POINT ( 'NONE',  ( 5.499949998749922742, -8.000050001250071929, 7.009999999999999787 ) ) ;
#2246 = B_SPLINE_CURVE_WITH_KNOTS ( 'NONE', 3,
 ( #2102, #3710, #2148, #2125, #1798, #3782 ),
 .UNSPECIFIED., .F., .F.,
 ( 4, 2, 4 ),
 ( 0.000000000000000000, 0.002106365248500236681, 0.004212730497000473362 ),
 .UNSPECIFIED. ) ;
#2247 = CARTESIAN_POINT ( 'NONE',  ( 2.008532770657482480, 4.552682954358844292, 2.592134347469214894 ) ) ;
#2248 = CARTESIAN_POINT ( 'NONE',  ( 8.536040778015896890, -1.856949667310620056, 2.212818064393548223 ) ) ;
#2249 = CARTESIAN_POINT ( 'NONE',  ( 7.317739391996188836, 2.609441583057786396, 1.767120367996576791 ) ) ;
#2250 = CIRCLE ( 'NONE', #676, 0.09999999999999983902 ) ;
#2251 = CARTESIAN_POINT ( 'NONE',  ( 8.178122950423384552, 4.857421344956286191, 2.968785364266726567 ) ) ;
#2252 = CARTESIAN_POINT ( 'NONE',  ( 5.594687786503033777, -4.051342077745657022, 1.377727285140106783 ) ) ;
#2253 = CARTESIAN_POINT ( 'NONE',  ( 8.046212871925677135, 0.9293759627023168157, 2.013742523028059672 ) ) ;
#2254 = CARTESIAN_POINT ( 'NONE',  ( 10.25535829915119201, 3.972826121245609521, 6.667867282125325978 ) ) ;
#2255 = DIRECTION ( 'NONE',  ( 0.9615205805769244662, 0.01540044365438478745, 0.2743009286573093730 ) ) ;
#2256 = ORIENTED_EDGE ( 'NONE', *, *, #1467, .F. ) ;
#2257 = ORIENTED_EDGE ( 'NONE', *, *, #2895, .F. ) ;
#2258 = CARTESIAN_POINT ( 'NONE',  ( 9.539996382185510271, -11.24083338550949129, 3.822675021496812597 ) ) ;
#2259 = CARTESIAN_POINT ( 'NONE',  ( 5.533152925184283255, 0.04185350430774281705, 1.070458348124451398 ) ) ;
#2260 = CARTESIAN_POINT ( 'NONE',  ( 3.963067431051407130, 0.4653151623297824280, 1.121654859205401422 ) ) ;
#2261 = CARTESIAN_POINT ( 'NONE',  ( 7.980047425469427580, 0.9308636717428320217, 1.974084314000871920 ) ) ;
#2262 = CARTESIAN_POINT ( 'NONE',  ( -0.7770589319662304373, -6.241764626578049757, 5.644026497690008526 ) ) ;
#2263 = VERTEX_POINT ( 'NONE', #5177 ) ;
#2264 = B_SPLINE_CURVE_WITH_KNOTS ( 'NONE', 3,
 ( #691, #3883, #184, #2974, #1008, #1414, #613, #5019 ),
 .UNSPECIFIED., .F., .F.,
 ( 4, 2, 2, 4 ),
 ( 0.000000000000000000, 0.1673713824776791592, 0.2510570737165187527, 0.3347427649553583184 ),
 .UNSPECIFIED. ) ;
#2265 = CARTESIAN_POINT ( 'NONE',  ( 7.759582604431741970, 5.493726070821825402, 3.054608078498147972 ) ) ;
#2266 = CARTESIAN_POINT ( 'NONE',  ( 10.12947607418522189, -3.515087500876146187, 3.561220865745826636 ) ) ;
#2267 = CARTESIAN_POINT ( 'NONE',  ( 7.380719704015045401, 3.851211625357259472, 2.083555432630453730 ) ) ;
#2268 = CARTESIAN_POINT ( 'NONE',  ( 6.150502506944309999, -11.44997387504490760, 2.044623895789551060 ) ) ;
#2269 = EDGE_CURVE ( 'NONE', #5028, #4820, #3150, .T. ) ;
#2270 = CARTESIAN_POINT ( 'NONE',  ( 2.399313641732826685, 6.341381200925005679, 3.542083327581194929 ) ) ;
#2271 = CARTESIAN_POINT ( 'NONE',  ( 1.881087702788136751, -2.647554686970698956, 2.130146927305988758 ) ) ;
#2272 = CARTESIAN_POINT ( 'NONE',  ( 7.310354913616031958, 3.364990216043445059, 1.913258503615747674 ) ) ;
#2273 = B_SPLINE_SURFACE_WITH_KNOTS ( 'NONE', 3, 3, ( 
 ( #1678, #4970, #156, #4137, #2049, #1269, #2103, #4056, #1364, #455, #2079, #3299, #3662, #884, #2897 ),
 ( #2870, #4899, #105, #1297, #4494, #515, #911, #2572, #1004, #277, #3043, #3784, #982, #666, #1799 ),
 ( #688, #2597, #250, #1480, #3394, #1033, #4649, #2994, #3442, #2247, #4249, #3856, #1846, #1823, #3466 ),
 ( #4201, #3063, #2198, #2270, #4672, #5040, #1078, #3809, #610, #4569, #5064, #4181, #206, #1057, #1435 ),
 ( #3418, #181, #3879, #1457, #5016, #4273, #1870, #4993, #2667, #1411, #2621, #3020, #4626, #3490, #5090 ),
 ( #587, #2645, #4225, #2174, #1772, #640, #1387, #4597, #2222, #3832, #228, #4382, #767, #2696, #3633 ),
 ( #4021, #2296, #2324, #1588, #1924, #4354, #3936, #303, #2352, #3601, #3964, #3093, #795, #3546, #4754 ),
 ( #1508, #1954, #2381, #2780, #3993, #392, #362, #1981, #421, #4728, #3206, #739, #4410, #4809, #3575 ),
 ( #333, #1127, #14, #5199, #1101, #2724, #1560, #5171, #3178, #5143, #3906, #822, #1206, #1536, #2805 ),
 ( #1896, #2410, #3151, #1154, #4325, #2752, #2015, #4696, #4300, #711, #4781, #1181, #3518, #5116, #3121 ),
 ( #512, #4866, #851, #3342, #2917, #4488, #1236, #2145, #3263, #2548, #2438, #879, #126, #480, #2888 ),
 ( #906, #2123, #2493, #1616, #4513, #2075, #2835, #1696, #2100, #4079, #535, #2043, #558, #3756, #1672 ),
 ( #2863, #4837, #3316, #1289, #4048, #3708, #2467, #447, #3684, #3235, #4132, #101, #4435, #3657, #4108 ),
 ( #4919, #934, #4463, #73, #41, #1644, #3294, #2524, #1263, #4890, #1315, #4542, #956, #3732, #1720 ),
 ( #4943, #4155, #1339, #2943, #1743, #1431, #2593, #5038, #1455, #1768, #1055, #2267, #4177, #150, #3061 ),
 ( #2642, #635, #978, #3365, #1844, #2618, #4222, #4199, #3390, #1821, #2171, #4966, #177, #607, #4990 ),
 ( #3041, #1361, #1796, #3415, #4621, #4270, #2968, #2244, #1407, #4564, #2567, #584, #3016, #1383, #1076 ),
 ( #3780, #2990, #3852, #4591, #685, #247, #1001, #4669, #2219, #2195, #3805, #3463, #201, #5013, #1029 ),
 ( #3438, #3828, #225, #4645, #4246, #664, #5061, #2665, #1120, #1476, #762, #3597, #4295, #4805, #4776 ) ),
 .UNSPECIFIED., .F., .F., .F.,
 ( 4, 3, 1, 1, 1, 1, 1, 1, 1, 1, 1, 3, 4 ),
 ( 4, 3, 1, 1, 1, 1, 1, 3, 4 ),
 ( -0.7000000000000000666, 0.000000000000000000, 1.000000000000000000, 2.000000000000000000, 3.000000000000000000, 5.000000000000000000, 7.000000000000000000, 9.000000000000000000, 11.00000000000000000, 12.00000000000000000, 13.00000000000000000, 14.00000000000000000, 14.69999999999999929 ),
 ( -0.3000000000000000444, 0.000000000000000000, 1.000000000000000000, 2.000000000000000000, 3.000000000000000000, 4.000000000000000000, 5.000000000000000000, 6.000000000000000000, 6.299999999999999822 ),
 .UNSPECIFIED. ) ;
#2274 = CARTESIAN_POINT ( 'NONE',  ( 4.014574076711345363, -3.908516912306136959, 1.482699557354021369 ) ) ;
#2275 = VERTEX_POINT ( 'NONE', #1930 ) ;
#2276 = CARTESIAN_POINT ( 'NONE',  ( 8.311641637366969704, 4.142617154657385115, 2.763420740430802880 ) ) ;
#2277 = CARTESIAN_POINT ( 'NONE',  ( 4.799686339997818685, -3.919585608893327855, 1.372441620352082836 ) ) ;
#2278 = CARTESIAN_POINT ( 'NONE',  ( 8.033531132366563909, 1.181974027412560524, 2.021240050221832618 ) ) ;
#2279 = CARTESIAN_POINT ( 'NONE',  ( 10.29325426392047049, 3.921737612417985908, 6.630527885398933563 ) ) ;
#2280 = CARTESIAN_POINT ( 'NONE',  ( 8.999949998749912083, -8.000050001250176734, 3.377340718716884460 ) ) ;
#2281 = EDGE_LOOP ( 'NONE', ( #2609, #5135, #1275, #3878 ) ) ;
#2282 = CARTESIAN_POINT ( 'NONE',  ( 5.734080377527789096, -11.01175098307469113, 2.058001245285523417 ) ) ;
#2283 = CARTESIAN_POINT ( 'NONE',  ( 2.011386426428750429, 0.1309710275356479325, 1.891963284119750677 ) ) ;
#2284 = CARTESIAN_POINT ( 'NONE',  ( 2.781304711150740960, 4.127608167992486088, 1.976528552270920391 ) ) ;
#2285 = CARTESIAN_POINT ( 'NONE',  ( 7.541991136637806292, 3.422731453879141128, 2.056937645262885361 ) ) ;
#2286 = CARTESIAN_POINT ( 'NONE',  ( 8.385232591051197559, 0.7469809885105593850, 2.211635035483514145 ) ) ;
#2287 = CARTESIAN_POINT ( 'NONE',  ( 6.453271816156774143, -7.855147623290897663, 2.099843068832492943 ) ) ;
#2288 = CARTESIAN_POINT ( 'NONE',  ( -0.5250141307498873422, -9.437822736689499337, 5.356485532637974778 ) ) ;
#2289 = CARTESIAN_POINT ( 'NONE',  ( 8.014342560068758559, 3.919997680277897967, 2.486168643728011052 ) ) ;
#2290 = CARTESIAN_POINT ( 'NONE',  ( 10.04518398382531252, -8.722363083563500652, 4.444180024099004811 ) ) ;
#2291 = CARTESIAN_POINT ( 'NONE',  ( 8.960832578712624397, 0.7836283896257970616, 2.620394539419747648 ) ) ;
#2292 = CARTESIAN_POINT ( 'NONE',  ( 7.912797570267217750, 4.478264289975165013, 2.617039953100451122 ) ) ;
#2293 = CARTESIAN_POINT ( 'NONE',  ( 7.575337285774721430, 1.962151998593619773, 1.812724195723774301 ) ) ;
#2294 = CARTESIAN_POINT ( 'NONE',  ( 9.522225125325130435, 0.5580295961025438789, 3.077554430910259153 ) ) ;
#2295 = EDGE_CURVE ( 'NONE', #425, #1423, #4186, .T. ) ;
#2296 = CARTESIAN_POINT ( 'NONE',  ( 3.237113026003504590, 6.414741037829019277, 3.117511486583286029 ) ) ;
#2297 = CARTESIAN_POINT ( 'NONE',  ( 9.508606165995740156, -1.777617014650928473, 2.895203652844552167 ) ) ;
#2298 = CARTESIAN_POINT ( 'NONE',  ( 7.355409591665852176, 3.516394603278044428, 1.976393648849091189 ) ) ;
#2299 = CARTESIAN_POINT ( 'NONE',  ( 4.603810257708714992, -11.38338172671367943, 2.127007381623157833 ) ) ;
#2300 = LINE ( 'NONE', #3910, #2841 ) ;
#2301 = CARTESIAN_POINT ( 'NONE',  ( 8.370356617145754186, 3.896166674551615472, 2.725086265775213068 ) ) ;
#2302 = EDGE_CURVE ( 'NONE', #2607, #1287, #458, .T. ) ;
#2303 = CARTESIAN_POINT ( 'NONE',  ( 10.10660721391459838, -7.753373090501863629, 4.349438858753133630 ) ) ;
#2304 = CARTESIAN_POINT ( 'NONE',  ( 3.995240632615405296, -10.54108311966378508, 2.549368003113008374 ) ) ;
#2305 = CARTESIAN_POINT ( 'NONE',  ( 7.812180861599713921, 3.079942198161156330, 2.133887984056787257 ) ) ;
#2306 = CARTESIAN_POINT ( 'NONE',  ( 8.721853469737871123, 4.112191805525716504, 3.069954869076928716 ) ) ;
#2307 = CARTESIAN_POINT ( 'NONE',  ( 7.419144095367251168, 3.994044886511616266, 2.147116979437463158 ) ) ;
#2308 = ORIENTED_EDGE ( 'NONE', *, *, #4396, .F. ) ;
#2309 = VERTEX_POINT ( 'NONE', #3638 ) ;
#2310 = CARTESIAN_POINT ( 'NONE',  ( -0.4356289507552249529, -11.44936183112396577, 4.917105329407356784 ) ) ;
#2311 = CARTESIAN_POINT ( 'NONE',  ( 9.366377551286678482, 0.1573659751909761706, 2.891090827242365879 ) ) ;
#2312 = CARTESIAN_POINT ( 'NONE',  ( 4.302528846326706180, -11.15946266040326940, 2.088622458675237326 ) ) ;
#2313 = CARTESIAN_POINT ( 'NONE',  ( 7.825940976105353108, 3.439383271004625708, 2.229704104293630529 ) ) ;
#2314 = CARTESIAN_POINT ( 'NONE',  ( 8.359106187789247855, 1.171313969415888057, 2.224240965265458669 ) ) ;
#2315 = CARTESIAN_POINT ( 'NONE',  ( -0.6208695406655639903, -12.10644088993700862, 6.052187672789548500 ) ) ;
#2316 = CARTESIAN_POINT ( 'NONE',  ( 7.927879588123628807, 3.713971967017864806, 2.367411608363477971 ) ) ;
#2317 = CARTESIAN_POINT ( 'NONE',  ( 10.03305920568507759, -9.508795327738406300, 4.545088727204762868 ) ) ;
#2318 = FACE_OUTER_BOUND ( 'NONE', #1953, .T. ) ;
#2319 = B_SPLINE_CURVE_WITH_KNOTS ( 'NONE', 3,
 ( #4237, #191, #2960, #4171 ),
 .UNSPECIFIED., .F., .F.,
 ( 4, 4 ),
 ( 0.000000000000000000, 1.000000000000000000 ),
 .UNSPECIFIED. ) ;
#2320 = CARTESIAN_POINT ( 'NONE',  ( 1.987520918284730875, 2.817277665916440021, 2.041639996910908028 ) ) ;
#2321 = CARTESIAN_POINT ( 'NONE',  ( 2.018309008555785766, 2.142341812412629221, 1.930873892315237317 ) ) ;
#2322 =( BOUNDED_SURFACE ( )  B_SPLINE_SURFACE ( 3, 2, ( 
 ( #2017, #4783, #1238 ),
 ( #3180, #3208, #1292 ),
 ( #4892, #3237, #3297 ),
 ( #4437, #1983, #1590 ),
 ( #1208, #2354, #3605 ),
 ( #449, #2383, #3967 ),
 ( #5201, #2807, #17 ),
 ( #4811, #5173, #853 ),
 ( #4412, #1183, #2441 ),
 ( #4050, #3659, #4839 ),
 ( #364, #4868, #1265 ),
 ( #797, #824, #2412 ),
 ( #2865, #4466, #881 ),
 ( #424, #2469, #1618 ),
 ( #482, #2077, #75 ),
 ( #1674, #1956, #3577 ) ),
 .UNSPECIFIED., .F., .F., .T. ) 
 B_SPLINE_SURFACE_WITH_KNOTS ( ( 4, 2, 2, 2, 2, 2, 2, 4 ),
 ( 3, 3 ),
 ( -2.276824562219559311E-18, 0.0006479663294885757829, 0.001295932658977153734, 0.001943898988465731685, 0.002591865317954309637, 0.003239831647442887805, 0.003887797976931465539, 0.005183730635908621875 ),
 ( 0.000000000000000000, 1.000000000000000000 ),
 .UNSPECIFIED. ) 
 GEOMETRIC_REPRESENTATION_ITEM ( )  RATIONAL_B_SPLINE_SURFACE ( (
 ( 1.000000000000000000, 0.8724678802614214135, 1.000000000000000000),
 ( 1.000000000000000000, 0.8711830043660585554, 1.000000000000000000),
 ( 1.000000000000000000, 0.8693818291978572255, 1.000000000000000000),
 ( 1.000000000000000000, 0.8671519502786098066, 1.000000000000000000),
 ( 1.000000000000000000, 0.8665053523542368685, 1.000000000000000000),
 ( 1.000000000000000000, 0.8657928631034629285, 1.000000000000000000),
 ( 1.000000000000000000, 0.8656566803820626710, 1.000000000000000000),
 ( 1.000000000000000000, 0.8666922998020341051, 1.000000000000000000),
 ( 1.000000000000000000, 0.8677915536405838015, 1.000000000000000000),
 ( 1.000000000000000000, 0.8702926367157171050, 1.000000000000000000),
 ( 1.000000000000000000, 0.8717897461220059929, 1.000000000000000000),
 ( 1.000000000000000000, 0.8737898863341374556, 1.000000000000000000),
 ( 1.000000000000000000, 0.8741838952397230633, 1.000000000000000000),
 ( 1.000000000000000000, 0.8778309545359399557, 1.000000000000000000),
 ( 1.000000000000000000, 0.8848125377350379850, 1.000000000000000000),
 ( 1.000000000000000000, 0.8875631717725129821, 1.000000000000000000) ) ) 
 REPRESENTATION_ITEM ( '' )  SURFACE ( )  );
#2323 = ORIENTED_EDGE ( 'NONE', *, *, #1070, .T. ) ;
#2324 = CARTESIAN_POINT ( 'NONE',  ( 3.227031263981494646, 6.381550409911951327, 3.093778255872311700 ) ) ;
#2325 = CARTESIAN_POINT ( 'NONE',  ( 2.625013686588871575, -3.734391628023275622, 1.882886714148409579 ) ) ;
#2326 = CARTESIAN_POINT ( 'NONE',  ( 7.452808367842310489, 3.458351322583708143, 2.014890978886257233 ) ) ;
#2327 = CARTESIAN_POINT ( 'NONE',  ( 8.434790117783224517, 3.839680153501725535, 2.755889998984237810 ) ) ;
#2328 = CARTESIAN_POINT ( 'NONE',  ( 2.055726299007813562, -5.239106459130260518, 2.312989639936871455 ) ) ;
#2329 = VERTEX_POINT ( 'NONE', #4844 ) ;
#2330 = CARTESIAN_POINT ( 'NONE',  ( 8.045007011565012078, 3.704765816355870545, 2.441228672141528833 ) ) ;
#2331 = CARTESIAN_POINT ( 'NONE',  ( 2.133921323426452687, -0.9928163691719197326, 1.876978031428506277 ) ) ;
#2332 = CARTESIAN_POINT ( 'NONE',  ( 5.559581859023284167, -7.445608619199795442, 1.898460110751645447 ) ) ;
#2333 = CARTESIAN_POINT ( 'NONE',  ( 7.761502741084103540, 2.583372133031169859, 2.005959080922482762 ) ) ;
#2334 = CARTESIAN_POINT ( 'NONE',  ( 10.29446335360217546, 3.999663707712847405, 6.541090817561535431 ) ) ;
#2335 = CARTESIAN_POINT ( 'NONE',  ( 8.986522117509645469, -8.352238248974815704, 3.376736538367774987 ) ) ;
#2336 = EDGE_CURVE ( 'NONE', #288, #2607, #1141, .T. ) ;
#2337 = CARTESIAN_POINT ( 'NONE',  ( 7.545903401694708634, 3.715571949587825884, 2.138280221150505866 ) ) ;
#2338 = ORIENTED_EDGE ( 'NONE', *, *, #3602, .F. ) ;
#2339 = CARTESIAN_POINT ( 'NONE',  ( 10.48537156628500533, -11.49770963453675066, 5.202520065268523730 ) ) ;
#2340 = CARTESIAN_POINT ( 'NONE',  ( 2.253823624390971503, 0.1199492099010213142, 1.764649250179622264 ) ) ;
#2341 = CARTESIAN_POINT ( 'NONE',  ( 2.051042631669480532, -8.618757184063017718, 2.938389454704581460 ) ) ;
#2342 = CARTESIAN_POINT ( 'NONE',  ( 7.595729936728783827, 3.383937401544439894, 2.078890118066861969 ) ) ;
#2343 = CARTESIAN_POINT ( 'NONE',  ( 8.069783189805880497, 3.669721576753909531, 2.442156539735361953 ) ) ;
#2344 = CARTESIAN_POINT ( 'NONE',  ( -0.6147515389015936194, -10.94986691851626581, 5.888391974039516974 ) ) ;
#2345 = CARTESIAN_POINT ( 'NONE',  ( 8.955815827596490308, -3.778613739820801953, 2.580534559132595440 ) ) ;
#2346 = CARTESIAN_POINT ( 'NONE',  ( 8.007741641362001062, 3.920506629459169723, 2.482052031166243733 ) ) ;
#2347 = DIRECTION ( 'NONE',  ( -0.9830399250843009362, -0.1015563125977027303, -0.1527050132176736019 ) ) ;
#2348 = CARTESIAN_POINT ( 'NONE',  ( 8.999949998749928071, 0.7809212214446960010, 2.650293124492641539 ) ) ;
#2349 = CARTESIAN_POINT ( 'NONE',  ( 7.930196178317714839, 4.518660682154395758, 2.696385336794137277 ) ) ;
#2350 = CARTESIAN_POINT ( 'NONE',  ( 6.155232963736416707, 1.359032353719646924, 1.182418192294863779 ) ) ;
#2351 = ORIENTED_EDGE ( 'NONE', *, *, #2439, .T. ) ;
#2352 = CARTESIAN_POINT ( 'NONE',  ( 2.909022809555471767, 4.910167596467507778, 2.246808420374192039 ) ) ;
#2353 = CARTESIAN_POINT ( 'NONE',  ( 2.265990019615299556, -3.849644064644053287, 2.060609645515425914 ) ) ;
#2354 = CARTESIAN_POINT ( 'NONE',  ( 3.557581336105477998, 4.920149842894238290, 2.003632304683088172 ) ) ;
#2355 = CARTESIAN_POINT ( 'NONE',  ( 5.441921471937052779, -11.50611872153728754, 2.081012499414203187 ) ) ;
#2356 = CARTESIAN_POINT ( 'NONE',  ( 6.618488114988739568, -11.19587099768098959, 2.221617297726899309 ) ) ;
#2357 = ORIENTED_EDGE ( 'NONE', *, *, #1070, .F. ) ;
#2358 = CARTESIAN_POINT ( 'NONE',  ( 8.999949998748993707, -4.486430571688078572, 2.699680251762877070 ) ) ;
#2359 = CARTESIAN_POINT ( 'NONE',  ( 9.905758830456756314, -11.26665979584964816, 4.294909562403111281 ) ) ;
#2360 = CARTESIAN_POINT ( 'NONE',  ( 7.044473935419841126, -8.963214892869331152, 2.482239589299311877 ) ) ;
#2361 = CARTESIAN_POINT ( 'NONE',  ( 7.691590079897412835, 3.337000136699991515, 2.122784641267968730 ) ) ;
#2362 = CARTESIAN_POINT ( 'NONE',  ( 8.764210809232752197, 3.867562994603251703, 3.022085973284577509 ) ) ;
#2363 = CARTESIAN_POINT ( 'NONE',  ( 7.659262027665516115, 3.893476610341811472, 2.256779820821250393 ) ) ;
#2364 = ORIENTED_EDGE ( 'NONE', *, *, #4090, .T. ) ;
#2365 =( BOUNDED_SURFACE ( )  B_SPLINE_SURFACE ( 3, 2, ( 
 ( #2877, #4477, #4038 ),
 ( #2483, #893, #4095 ),
 ( #236, #1807, #4257 ),
 ( #4956, #596, #3356 ) ),
 .UNSPECIFIED., .F., .F., .T. ) 
 B_SPLINE_SURFACE_WITH_KNOTS ( ( 4, 4 ),
 ( 3, 3 ),
 ( 1.511106777901671805E-17, 1.042881744494178816E-05 ),
 ( 0.000000000000000000, 1.000000000000000000 ),
 .UNSPECIFIED. ) 
 GEOMETRIC_REPRESENTATION_ITEM ( )  RATIONAL_B_SPLINE_SURFACE ( (
 ( 1.000000000000000000, 0.8667662797428516974, 1.000000000000000000),
 ( 1.000000000000000000, 0.8667210637833923093, 1.000000000000000000),
 ( 1.000000000000000000, 0.8666760810447627916, 1.000000000000000000),
 ( 1.000000000000000000, 0.8666313304035745402, 1.000000000000000000) ) ) 
 REPRESENTATION_ITEM ( '' )  SURFACE ( )  );
#2366 = EDGE_CURVE ( 'NONE', #3682, #3977, #3078, .T. ) ;
#2367 = CIRCLE ( 'NONE', #792, 0.1000000000000000749 ) ;
#2368 = CARTESIAN_POINT ( 'NONE',  ( 10.16247750979246867, -11.81775038213195295, 4.544844617038985568 ) ) ;
#2369 = CARTESIAN_POINT ( 'NONE',  ( 2.029454233173227706, -8.453546573579126644, 2.920768629459457699 ) ) ;
#2370 = CARTESIAN_POINT ( 'NONE',  ( 7.546090359587320329, 3.430697096797413970, 2.061252406859624298 ) ) ;
#2371 = CARTESIAN_POINT ( 'NONE',  ( 7.948795322133976882, 3.439653627704986061, 2.301537220794691141 ) ) ;
#2372 = CARTESIAN_POINT ( 'NONE',  ( -0.4077998277809830041, -6.364309088934066772, 4.581562798169587225 ) ) ;
#2373 = CARTESIAN_POINT ( 'NONE',  ( 1.999949998749937397, -8.000050001250148313, 2.854812367349651048 ) ) ;
#2374 = CARTESIAN_POINT ( 'NONE',  ( 2.254567763239252010, 0.2534046299251524470, 1.760392204028939478 ) ) ;
#2375 = CARTESIAN_POINT ( 'NONE',  ( 8.748714051527047175, 3.216843526336163439, 2.830132850007633039 ) ) ;
#2376 = CARTESIAN_POINT ( 'NONE',  ( 10.29441735135471703, -6.356661911443656443, 4.254532663811467330 ) ) ;
#2377 = CARTESIAN_POINT ( 'NONE',  ( 8.156761691466256181, 3.787267453408368567, 2.538866688879267475 ) ) ;
#2378 = CARTESIAN_POINT ( 'NONE',  ( 2.274083506964147183, 3.235147492519434120, 1.969632558102066167 ) ) ;
#2379 = CARTESIAN_POINT ( 'NONE',  ( 6.654268012032712676, 0.9555095100876320746, 1.338163786679209988 ) ) ;
#2380 = VERTEX_POINT ( 'NONE', #4112 ) ;
#2381 = CARTESIAN_POINT ( 'NONE',  ( 3.696302633108952573, 6.353225556369107352, 2.891115398180207574 ) ) ;
#2382 = CARTESIAN_POINT ( 'NONE',  ( 4.799686339997818685, -3.919585608893327855, 1.372441620352082836 ) ) ;
#2383 = CARTESIAN_POINT ( 'NONE',  ( 3.946593297715470960, 5.144394930236821040, 2.016561381115539842 ) ) ;
#2384 = CYLINDRICAL_SURFACE ( 'NONE', #508, 3.499999999999995559 ) ;
#2385 = CARTESIAN_POINT ( 'NONE',  ( 8.472876883865954056, 0.7951599219309627431, 2.269361294116753136 ) ) ;
#2386 = ORIENTED_EDGE ( 'NONE', *, *, #2206, .F. ) ;
#2387 = CARTESIAN_POINT ( 'NONE',  ( 8.044024342778268277, 3.735243324471948512, 2.449802586167582952 ) ) ;
#2388 = CARTESIAN_POINT ( 'NONE',  ( 8.999949998749929847, 0.3853326797011673022, 2.667267731704253464 ) ) ;
#2389 = CARTESIAN_POINT ( 'NONE',  ( 4.329322286379257534, -11.23975777266811349, 2.086456937678553558 ) ) ;
#2390 = B_SPLINE_CURVE_WITH_KNOTS ( 'NONE', 3,
 ( #1747, #2528, #48, #2446 ),
 .UNSPECIFIED., .F., .F.,
 ( 4, 4 ),
 ( 0.000000000000000000, 1.000000000000000000 ),
 .UNSPECIFIED. ) ;
#2391 = CARTESIAN_POINT ( 'NONE',  ( 10.26684510395777039, 3.934841499923264152, 6.678323565426977915 ) ) ;
#2392 = CARTESIAN_POINT ( 'NONE',  ( 7.070642230836473807, 3.749530495694846977, 1.883922749346019332 ) ) ;
#2393 = CARTESIAN_POINT ( 'NONE',  ( 7.452248621677967755, 5.469715945739805463, 2.838669681738672956 ) ) ;
#2394 = EDGE_LOOP ( 'NONE', ( #5149, #794, #3262, #420 ) ) ;
#2395 = CARTESIAN_POINT ( 'NONE',  ( 7.864151607222074070, -11.91448729684127450, 2.481113091757007005 ) ) ;
#2396 = CARTESIAN_POINT ( 'NONE',  ( 7.716534701895701787, 0.8087651555217512112, 1.819454776797102546 ) ) ;
#2397 = CARTESIAN_POINT ( 'NONE',  ( 7.833227673784505463, 3.433625193231565120, 2.232671222655566723 ) ) ;
#2398 = CARTESIAN_POINT ( 'NONE',  ( 8.388311431729484013, 0.6970682613443024422, 2.210336758912549993 ) ) ;
#2399 = CARTESIAN_POINT ( 'NONE',  ( -0.5305799746415928997, -7.882547050319709925, 5.142352648252834335 ) ) ;
#2400 = CARTESIAN_POINT ( 'NONE',  ( 6.126939910065385853, -11.45390419372028390, 2.168048731984741462 ) ) ;
#2401 = B_SPLINE_CURVE_WITH_KNOTS ( 'NONE', 3,
 ( #2670, #4675, #4252, #669 ),
 .UNSPECIFIED., .F., .F.,
 ( 4, 4 ),
 ( 0.000000000000000000, 1.000000000000000000 ),
 .UNSPECIFIED. ) ;
#2402 = CARTESIAN_POINT ( 'NONE',  ( 2.743964816660343420, 4.157389609979552425, 2.061797479255580878 ) ) ;
#2403 = DIRECTION ( 'NONE',  ( -0.1583706770260598917, 0.05023981522503731534, 0.9861007502402893143 ) ) ;
#2404 = FACE_OUTER_BOUND ( 'NONE', #4836, .T. ) ;
#2405 = CARTESIAN_POINT ( 'NONE',  ( 8.999949998749933400, 0.7418793055522550084, 2.696269289205756703 ) ) ;
#2406 = CARTESIAN_POINT ( 'NONE',  ( 1.999698186294049052, 1.470356890434010300, 1.904069472539939412 ) ) ;
#2407 = CARTESIAN_POINT ( 'NONE',  ( 5.841386039289307774, -10.98055690951597363, 6.594978632478634140 ) ) ;
#2408 = EDGE_CURVE ( 'NONE', #3963, #2329, #965, .T. ) ;
#2409 = VERTEX_POINT ( 'NONE', #3713 ) ;
#2410 = CARTESIAN_POINT ( 'NONE',  ( 5.042414465733110696, 6.234932918804086732, 2.611733707445203390 ) ) ;
#2411 = CARTESIAN_POINT ( 'NONE',  ( 7.146900792237998346, -3.883355710352614842, 1.664056970566633264 ) ) ;
#2412 = CARTESIAN_POINT ( 'NONE',  ( 5.897357625359462396, 5.436786349494184378, 2.178873086510202839 ) ) ;
#2413 = CARTESIAN_POINT ( 'NONE',  ( 7.844004996989649037, 5.598770229084254701, 3.181463399665388714 ) ) ;
#2414 = ORIENTED_EDGE ( 'NONE', *, *, #1161, .T. ) ;
#2415 = CARTESIAN_POINT ( 'NONE',  ( 8.956324919728134049, -4.491015366025539635, 2.670258465388422486 ) ) ;
#2416 = CARTESIAN_POINT ( 'NONE',  ( 7.565799742066503519, 3.957614639006249657, 2.221957129441741952 ) ) ;
#2417 = CARTESIAN_POINT ( 'NONE',  ( 4.323076199249381801, -11.29152420624387965, 2.144604729512272989 ) ) ;
#2418 = CARTESIAN_POINT ( 'NONE',  ( 10.56063341266604994, 3.470551961775703020, 6.253838320180778787 ) ) ;
#2419 = CARTESIAN_POINT ( 'NONE',  ( 1.467310073265547521, 4.178553677501056995, 2.778901962082018784 ) ) ;
#2420 = CARTESIAN_POINT ( 'NONE',  ( 2.635354589336826425, -8.531746430879506349, 2.614513148882612104 ) ) ;
#2421 = CARTESIAN_POINT ( 'NONE',  ( 6.459698564626620509, -10.84238754107492220, 3.413194444444445974 ) ) ;
#2422 = ORIENTED_EDGE ( 'NONE', *, *, #976, .T. ) ;
#2423 = CARTESIAN_POINT ( 'NONE',  ( -0.5966107929422024281, -12.46243747391848089, 5.147552010912868958 ) ) ;
#2424 = CARTESIAN_POINT ( 'NONE',  ( 2.646817668070324814, -9.917413538134063344, 2.690355348182398298 ) ) ;
#2425 = CARTESIAN_POINT ( 'NONE',  ( 7.937231598362377127, 4.511872361356342509, 2.646435131263579432 ) ) ;
#2426 = CARTESIAN_POINT ( 'NONE',  ( 9.417713149692433561, 2.463616014012459665, 3.278606779785226077 ) ) ;
#2427 = CARTESIAN_POINT ( 'NONE',  ( 1.105959591609376069, -3.645177066618543460, 2.673132714573099200 ) ) ;
#2428 = CARTESIAN_POINT ( 'NONE',  ( 7.675967955407005938, 1.883347486640013502, 1.872164985515876845 ) ) ;
#2429 = CARTESIAN_POINT ( 'NONE',  ( 9.275607590021193616, -9.105973427737279025, 3.674748401451251478 ) ) ;
#2430 = CARTESIAN_POINT ( 'NONE',  ( 2.225206152760693890, 3.253172858681265378, 1.999600293536167861 ) ) ;
#2431 = CARTESIAN_POINT ( 'NONE',  ( 9.242165141850874122, -11.55355505761376733, 3.494874786228288066 ) ) ;
#2432 = CARTESIAN_POINT ( 'NONE',  ( 7.827877980069067654, 4.558418267242071664, 2.594035723183273134 ) ) ;
#2433 = CARTESIAN_POINT ( 'NONE',  ( 7.674658863965672317, 1.925533205891110322, 1.875767461077702425 ) ) ;
#2434 = CARTESIAN_POINT ( 'NONE',  ( 2.136468855660100807, -1.866988416957926500, 1.936813930790451055 ) ) ;
#2435 = CARTESIAN_POINT ( 'NONE',  ( 2.149920443216447374, 1.061352595449899239, 1.812932798413028568 ) ) ;
#2436 = CARTESIAN_POINT ( 'NONE',  ( 6.459698564626620509, -10.84238754107492220, 7.009999999999999787 ) ) ;
#2437 = ORIENTED_EDGE ( 'NONE', *, *, #2758, .F. ) ;
#2438 = CARTESIAN_POINT ( 'NONE',  ( 5.570508836395416274, 4.131324356346471660, 1.487522784997865610 ) ) ;
#2439 = EDGE_CURVE ( 'NONE', #1239, #4020, #2390, .T. ) ;
#2440 = CARTESIAN_POINT ( 'NONE',  ( 2.147176525095160660, -3.712623348078175844, 2.104883935908334003 ) ) ;
#2441 = CARTESIAN_POINT ( 'NONE',  ( 4.804659945933136278, 5.386906807827050336, 2.050469179203318948 ) ) ;
#2442 = CARTESIAN_POINT ( 'NONE',  ( 8.832649021036472092, -3.788056798219920029, 2.498111356647903847 ) ) ;
#2443 = ORIENTED_EDGE ( 'NONE', *, *, #4595, .T. ) ;
#2444 = CARTESIAN_POINT ( 'NONE',  ( 9.531897761571331174, 0.4517549493379124925, 3.074842143869171540 ) ) ;
#2445 = CARTESIAN_POINT ( 'NONE',  ( 7.781787690386593681, 3.758366552737091304, 2.290306677030276461 ) ) ;
#2446 = CARTESIAN_POINT ( 'NONE',  ( 7.595252931560079190, 3.390756196996080885, 2.080230610839258532 ) ) ;
#2447 = CARTESIAN_POINT ( 'NONE',  ( 1.759283422459959834, 0.2758182676396991884, 2.022132799274894310 ) ) ;
#2448 = CARTESIAN_POINT ( 'NONE',  ( 8.960832434358506404, 0.7835686443333489404, 2.620389018623560329 ) ) ;
#2449 = CARTESIAN_POINT ( 'NONE',  ( 10.58092274527156640, 3.491093150875035356, 5.827418385201659667 ) ) ;
#2450 = CARTESIAN_POINT ( 'NONE',  ( 4.786707847775916846, 4.158363434886208410, 1.448677418781009196 ) ) ;
#2451 = ORIENTED_EDGE ( 'NONE', *, *, #1493, .F. ) ;
#2452 = CARTESIAN_POINT ( 'NONE',  ( 10.65402616810330905, -13.78127511432894536, 5.206956058957579181 ) ) ;
#2453 = CARTESIAN_POINT ( 'NONE',  ( 2.084920425537331035, -8.783257232274852555, 2.883437624287819467 ) ) ;
#2454 = CARTESIAN_POINT ( 'NONE',  ( 7.986266716241898322, 4.018883657404936471, 2.500382955187876899 ) ) ;
#2455 = CARTESIAN_POINT ( 'NONE',  ( 9.405615387108445802, 3.753944788386337272, 3.641015026428712886 ) ) ;
#2456 = CARTESIAN_POINT ( 'NONE',  ( 0.4866158573070822335, -12.33203755370898591, 4.242621853122249931 ) ) ;
#2457 = CARTESIAN_POINT ( 'NONE',  ( 6.303775694584501821, 0.03712435753747134193, 1.221085883864348798 ) ) ;
#2458 = CARTESIAN_POINT ( 'NONE',  ( 5.177477285587858802, -10.98266820498749752, 3.413194444444445974 ) ) ;
#2459 = CARTESIAN_POINT ( 'NONE',  ( 2.050414054758174842, 2.362196007911800066, 1.941930737132592233 ) ) ;
#2460 = CARTESIAN_POINT ( 'NONE',  ( 2.604751677368330576, 0.5060531952732483241, 1.578510749058288143 ) ) ;
#2461 = CARTESIAN_POINT ( 'NONE',  ( 5.499949998749922742, -8.000050001250071929, 3.413194444444445974 ) ) ;
#2462 = AXIS2_PLACEMENT_3D ( 'NONE', #2851, #3721, #4066 ) ;
#2463 = CARTESIAN_POINT ( 'NONE',  ( 1.906637309496840516, 0.8307916347911059596, 1.942392568309014189 ) ) ;
#2464 = CARTESIAN_POINT ( 'NONE',  ( 2.157176936967969638, 1.463706661047921243, 1.816725890743067007 ) ) ;
#2465 = VERTEX_POINT ( 'NONE', #486 ) ;
#2466 = CARTESIAN_POINT ( 'NONE',  ( 8.587532807862805484, -3.376702282454291382, 2.286771096403710235 ) ) ;
#2467 = CARTESIAN_POINT ( 'NONE',  ( 6.792355520797127788, 5.318388191948741905, 2.394060661930828449 ) ) ;
#2468 = CARTESIAN_POINT ( 'NONE',  ( 4.014913224988793772, -4.105938521466400815, 1.500649883290808617 ) ) ;
#2469 = CARTESIAN_POINT ( 'NONE',  ( 6.759149929498383891, 5.294882641497352438, 2.353189348744054499 ) ) ;
#2470 = CARTESIAN_POINT ( 'NONE',  ( 3.257715620706681747, -11.00265498612276716, 2.307254145916568966 ) ) ;
#2471 = CARTESIAN_POINT ( 'NONE',  ( 5.524559474849012553, 0.7059382223110477472, 1.045167639148012251 ) ) ;
#2472 = CARTESIAN_POINT ( 'NONE',  ( 7.034668893870557937, 0.4287369653966366378, 1.467400731205696029 ) ) ;
#2473 = CARTESIAN_POINT ( 'NONE',  ( 7.548458603176412929, 4.198749877563468402, 2.287111102892706693 ) ) ;
#2474 = CARTESIAN_POINT ( 'NONE',  ( 6.116055243284324483, 5.404323252225406549, 2.212426185248696608 ) ) ;
#2475 = CARTESIAN_POINT ( 'NONE',  ( 1.882806958645292461, 0.003404174800908377208, 1.962127272407781842 ) ) ;
#2476 = DIRECTION ( 'NONE',  ( -5.329070518200753918E-14, -0.9838008611503055167, 0.1792647918580715649 ) ) ;
#2477 = CARTESIAN_POINT ( 'NONE',  ( 8.305252183269741906, 3.754257168421898605, 2.633351281568177882 ) ) ;
#2478 = CARTESIAN_POINT ( 'NONE',  ( 2.001225411362411499, 4.174337981910747786, 2.440087811449660027 ) ) ;
#2479 = EDGE_CURVE ( 'NONE', #2211, #744, #645, .T. ) ;
#2480 = CARTESIAN_POINT ( 'NONE',  ( 8.999949998746599178, -0.5814631503332984286, 2.552751931432464261 ) ) ;
#2481 = ORIENTED_EDGE ( 'NONE', *, *, #1787, .F. ) ;
#2482 = CARTESIAN_POINT ( 'NONE',  ( 1.443164359807961539, -12.54668312841550382, 2.600839761705992625 ) ) ;
#2483 = CARTESIAN_POINT ( 'NONE',  ( 1.999950144242199190, 2.003516614694599074, 1.999375435222050079 ) ) ;
#2484 = CARTESIAN_POINT ( 'NONE',  ( 9.650428736923739592, 1.936392760700844651, 3.421695237493715069 ) ) ;
#2485 = CARTESIAN_POINT ( 'NONE',  ( 0.4976401732218749263, -11.81189933265092051, 4.185445065558101696 ) ) ;
#2486 = CARTESIAN_POINT ( 'NONE',  ( 8.123091004604987120, 4.257353373152350962, 2.673786837107842818 ) ) ;
#2487 = FACE_OUTER_BOUND ( 'NONE', #2042, .T. ) ;
#2488 = CARTESIAN_POINT ( 'NONE',  ( 1.999966355119322969, 2.010650200520844422, 2.000000000000015987 ) ) ;
#2489 = CARTESIAN_POINT ( 'NONE',  ( 8.959137461295105354, 0.06137825462502543433, 2.564355628102871876 ) ) ;
#2490 = CARTESIAN_POINT ( 'NONE',  ( 4.740248449317724599, 0.7443204084622290218, 1.017975153499778296 ) ) ;
#2491 = EDGE_LOOP ( 'NONE', ( #302, #56, #4359, #902, #2751, #2737, #4285, #2481 ) ) ;
#2492 = CARTESIAN_POINT ( 'NONE',  ( 7.108386553047605361, -6.629530254630200403, 2.043285290363154871 ) ) ;
#2493 = CARTESIAN_POINT ( 'NONE',  ( 6.376766065354442681, 6.023919988899200995, 2.696782270227045863 ) ) ;
#2494 = CARTESIAN_POINT ( 'NONE',  ( 6.380834352893317352, -4.104384016142659242, 1.480366814754795701 ) ) ;
#2495 = CARTESIAN_POINT ( 'NONE',  ( 2.137193538043050900, -1.874158901078599060, 1.938869202140793391 ) ) ;
#2496 = PLANE ( 'NONE',  #1252 ) ;
#2497 = ORIENTED_EDGE ( 'NONE', *, *, #1985, .F. ) ;
#2498 = CARTESIAN_POINT ( 'NONE',  ( 7.702949078549521822, 5.523406180017675915, 3.035708256375559966 ) ) ;
#2499 = CARTESIAN_POINT ( 'NONE',  ( 3.075308598150039874, 4.458447220712956849, 1.972977206871643352 ) ) ;
#2500 = CARTESIAN_POINT ( 'NONE',  ( 2.137369320887243962, -0.008221714834305560160, 1.829287851354519212 ) ) ;
#2501 = CARTESIAN_POINT ( 'NONE',  ( 7.688831229692126179, 1.956313103536111431, 1.880580570750832292 ) ) ;
#2502 = CARTESIAN_POINT ( 'NONE',  ( 10.24107549905226300, 3.600238453516340975, 6.963853734283841135 ) ) ;
#2503 = CARTESIAN_POINT ( 'NONE',  ( 7.771993352954691403, 3.810257218619217401, 2.297426400638812538 ) ) ;
#2504 =( BOUNDED_SURFACE ( )  B_SPLINE_SURFACE ( 3, 2, ( 
 ( #5073, #3916, #4736 ),
 ( #3974, #1136, #340 ),
 ( #1932, #370, #3555 ),
 ( #1855, #3583, #5153 ) ),
 .UNSPECIFIED., .F., .F., .T. ) 
 B_SPLINE_SURFACE_WITH_KNOTS ( ( 4, 4 ),
 ( 3, 3 ),
 ( -4.423544863740858091E-17, 0.001232598850602614933 ),
 ( 0.000000000000000000, 1.000000000000000000 ),
 .UNSPECIFIED. ) 
 GEOMETRIC_REPRESENTATION_ITEM ( )  RATIONAL_B_SPLINE_SURFACE ( (
 ( 1.000000000000000000, 0.9058580306453897224, 1.000000000000000000),
 ( 1.000000000000000000, 0.9030539673777248089, 1.000000000000000000),
 ( 1.000000000000000000, 0.8995871440721082690, 1.000000000000000000),
 ( 1.000000000000000000, 0.8968906844278438095, 1.000000000000000000) ) ) 
 REPRESENTATION_ITEM ( '' )  SURFACE ( )  );
#2505 = CARTESIAN_POINT ( 'NONE',  ( 7.959232868731111132, 5.432703636815610970, 3.149241875825829595 ) ) ;
#2506 = CARTESIAN_POINT ( 'NONE',  ( 2.781304711150740960, 4.127608167992486088, 1.976528552270920391 ) ) ;
#2507 = AXIS2_PLACEMENT_3D ( 'NONE', #1081, #2177, #1460 ) ;
#2508 = CARTESIAN_POINT ( 'NONE',  ( 6.891859699886374813, -12.42776389799921155, 1.898525609606702247 ) ) ;
#2509 = CARTESIAN_POINT ( 'NONE',  ( 3.759525032431587199, -11.05342032782121109, 2.314577889761300966 ) ) ;
#2510 = ADVANCED_FACE ( 'NONE', ( #562 ), #2273, .T. ) ;
#2511 = CARTESIAN_POINT ( 'NONE',  ( 7.663354461806351381, 4.757032393859893737, 2.625696543242507897 ) ) ;
#2512 = CARTESIAN_POINT ( 'NONE',  ( 9.706058312386359077, 1.431695367655305695, 3.389793824635683350 ) ) ;
#2513 = AXIS2_PLACEMENT_3D ( 'NONE', #2824, #2797, #3566 ) ;
#2514 = B_SPLINE_CURVE_WITH_KNOTS ( 'NONE', 3,
 ( #3214, #4087, #4845, #2448, #4058, #1569, #3187, #4816, #4417, #2051, #1271, #4470, #3664, #2872, #4114, #1213 ),
 .UNSPECIFIED., .F., .F.,
 ( 4, 3, 3, 3, 3, 4 ),
 ( -5.999999996238891275E-08, 0.000000000000000000, 0.0001045169409067396067, 0.0002090784509214804049, 0.0003610556791445157358, 0.0003611156791445836300 ),
 .UNSPECIFIED. ) ;
#2515 = CARTESIAN_POINT ( 'NONE',  ( 0.4882625270685690966, -6.487108224397214684, 3.482268756550215283 ) ) ;
#2516 = CARTESIAN_POINT ( 'NONE',  ( 9.255422293437229442, -9.959399431446858131, 3.693151401375017517 ) ) ;
#2517 = CARTESIAN_POINT ( 'NONE',  ( 2.052471162226108703, 1.042196485032858000, 1.861499947214765527 ) ) ;
#2518 = CARTESIAN_POINT ( 'NONE',  ( 7.671467882995195886, 2.030892011249978424, 1.885530124507544425 ) ) ;
#2519 = CARTESIAN_POINT ( 'NONE',  ( 8.999949998749929847, 0.05629253789057871854, 2.644798030868821925 ) ) ;
#2520 = CARTESIAN_POINT ( 'NONE',  ( 1.784984912793835088, -1.055104264079426146, 2.061942056355584363 ) ) ;
#2521 = CARTESIAN_POINT ( 'NONE',  ( 7.456817790477663799, 0.7099882057368389621, 1.680019031564927712 ) ) ;
#2522 = ORIENTED_EDGE ( 'NONE', *, *, #2725, .F. ) ;
#2523 = CARTESIAN_POINT ( 'NONE',  ( 9.251142919278827037, -3.614027894845772693, 2.755203223213933406 ) ) ;
#2524 = CARTESIAN_POINT ( 'NONE',  ( 7.137097552536515011, 4.947642273358643372, 2.357156134457488061 ) ) ;
#2525 = CARTESIAN_POINT ( 'NONE',  ( 6.380669118853873556, -4.038604686282698530, 1.474328903839118965 ) ) ;
#2526 = CARTESIAN_POINT ( 'NONE',  ( 2.139337331290751543, -2.272584068482230268, 1.971300143091562873 ) ) ;
#2527 = CARTESIAN_POINT ( 'NONE',  ( 8.961131839164606205, 0.1756805372768455165, 2.562136409089208922 ) ) ;
#2528 = CARTESIAN_POINT ( 'NONE',  ( 7.452808367846718518, 3.458351322594324539, 2.014890978891415774 ) ) ;
#2529 = CARTESIAN_POINT ( 'NONE',  ( 7.812369373813611517, -1.243445966106954126, 1.820801246635552983 ) ) ;
#2530 = CARTESIAN_POINT ( 'NONE',  ( 7.622062214750203069, 3.093445114474624447, 2.025641332729870125 ) ) ;
#2531 = CARTESIAN_POINT ( 'NONE',  ( 5.532193532937500713, 3.228394414449720085, 1.244051731194582233 ) ) ;
#2532 = CARTESIAN_POINT ( 'NONE',  ( 4.520426601540120437, -8.649281769512501938, 2.194352673609091031 ) ) ;
#2533 = CARTESIAN_POINT ( 'NONE',  ( 7.893388370593126702, 5.527598832397701223, 3.167654175162720520 ) ) ;
#2534 = CARTESIAN_POINT ( 'NONE',  ( 1.792092380790035300, -12.29649549402395081, 3.399812534482186788 ) ) ;
#2535 = CARTESIAN_POINT ( 'NONE',  ( 2.642746920221927365, -9.910403522134997090, 2.692307531094210393 ) ) ;
#2536 = CARTESIAN_POINT ( 'NONE',  ( 5.499949998749922742, -8.000050001250071929, 2.795833333333335169 ) ) ;
#2537 = CARTESIAN_POINT ( 'NONE',  ( 9.220325168644974312, 3.864380059868138595, 3.472746882169999605 ) ) ;
#2538 = CARTESIAN_POINT ( 'NONE',  ( -0.5791733810913344271, -11.90193295669361717, 5.253702896216877249 ) ) ;
#2539 = ADVANCED_FACE ( 'NONE', ( #2318 ), #4679, .T. ) ;
#2540 = ORIENTED_EDGE ( 'NONE', *, *, #4893, .T. ) ;
#2541 = B_SPLINE_CURVE_WITH_KNOTS ( 'NONE', 3,
 ( #1691, #2117, #121, #4885, #1716, #1377, #3337, #2094, #4538, #3311, #952, #2883 ),
 .UNSPECIFIED., .F., .F.,
 ( 4, 2, 2, 2, 2, 4 ),
 ( 0.000000000000000000, 0.0009734552459646115489, 0.001460182868946915047, 0.001946910491929218761, 0.002920365737893829226, 0.003893820983858440124 ),
 .UNSPECIFIED. ) ;
#2542 = CARTESIAN_POINT ( 'NONE',  ( 7.621686098569031564, 3.056962458830239093, 2.019971338744272149 ) ) ;
#2543 = CARTESIAN_POINT ( 'NONE',  ( 2.139889367786789620, 0.3253268084738303312, 1.819255674536478073 ) ) ;
#2544 = CARTESIAN_POINT ( 'NONE',  ( 8.999949998749929847, 1.999949998749833702, 2.849094997549252106 ) ) ;
#2545 = CARTESIAN_POINT ( 'NONE',  ( 2.259332550232483694, 0.7615468569285022138, 1.751097613180709889 ) ) ;
#2546 = ADVANCED_FACE ( 'NONE', ( #3541 ), #2718, .T. ) ;
#2547 = CARTESIAN_POINT ( 'NONE',  ( 9.228222916929293973, -4.928407997764560733, 2.916676644545988406 ) ) ;
#2548 = CARTESIAN_POINT ( 'NONE',  ( 5.586082309236007681, 4.382982620907221794, 1.576645130461364230 ) ) ;
#2549 = CARTESIAN_POINT ( 'NONE',  ( 9.138675270639145864, -3.895708144278753338, 2.711605282943156059 ) ) ;
#2550 = CARTESIAN_POINT ( 'NONE',  ( 7.459449684859585261, 3.685550393341202380, 2.080054197745212718 ) ) ;
#2551 = CARTESIAN_POINT ( 'NONE',  ( 7.419343002585176983, 4.877572932479448120, 2.485756702271774810 ) ) ;
#2552 = CARTESIAN_POINT ( 'NONE',  ( 9.898412282451765520, -0.5177111296876812929, 3.336780539614056185 ) ) ;
#2553 = CARTESIAN_POINT ( 'NONE',  ( 7.602627317354823333, 3.384765062039607475, 2.083077341438932084 ) ) ;
#2554 =( NAMED_UNIT ( * ) PLANE_ANGLE_UNIT ( ) SI_UNIT ( $, .RADIAN. ) );
#2555 = CARTESIAN_POINT ( 'NONE',  ( 2.151470549435152702, 3.351731159831200735, 2.066941600473809260 ) ) ;
#2556 = CARTESIAN_POINT ( 'NONE',  ( 3.242185312253512919, -3.454894963609789205, 1.624681384403555695 ) ) ;
#2557 = CARTESIAN_POINT ( 'NONE',  ( -0.1484183436465634498, -13.63124321249459214, 3.663491404571730392 ) ) ;
#2558 = CARTESIAN_POINT ( 'NONE',  ( 8.014293984092066836, 4.543460417759437320, 2.704548952254806071 ) ) ;
#2559 = CARTESIAN_POINT ( 'NONE',  ( 9.561004977673668748, 3.743293643012068905, 3.821404419568745325 ) ) ;
#2560 = CARTESIAN_POINT ( 'NONE',  ( 1.999949998749939617, -8.000050001250174958, 2.854812367349651048 ) ) ;
#2561 = CARTESIAN_POINT ( 'NONE',  ( -0.6136402932114919384, -11.32953689788646123, 5.520201865033524946 ) ) ;
#2562 = CARTESIAN_POINT ( 'NONE',  ( 7.746562988775716363, 0.2333958057836593714, 1.803437348398541085 ) ) ;
#2563 = CARTESIAN_POINT ( 'NONE',  ( 6.749705157603417938, 5.298492197043707996, 2.406808360219517162 ) ) ;
#2564 = CARTESIAN_POINT ( 'NONE',  ( 7.477636271146725910, 3.907886669977378435, 2.155170033265621399 ) ) ;
#2565 = CARTESIAN_POINT ( 'NONE',  ( 3.959794410024978450, 0.8149210056471456465, 1.110531464377076727 ) ) ;
#2566 = CARTESIAN_POINT ( 'NONE',  ( 9.035233755507022124, -11.85285160456667164, 3.902180215239134053 ) ) ;
#2567 = CARTESIAN_POINT ( 'NONE',  ( 7.672941540413372508, 3.948777346220844198, 2.281760748238640613 ) ) ;
#2568 = CARTESIAN_POINT ( 'NONE',  ( 6.475237368281965722, -11.36142093389514862, 6.298170405982907560 ) ) ;
#2569 = CARTESIAN_POINT ( 'NONE',  ( 1.999949998749936064, -3.830632103031084146, 2.252273878646700034 ) ) ;
#2570 = ADVANCED_FACE ( 'NONE', ( #5139 ), #735, .T. ) ;
#2571 = CARTESIAN_POINT ( 'NONE',  ( -0.1841525093774776245, -11.55424455119832849, 4.362981644654738034 ) ) ;
#2572 = CARTESIAN_POINT ( 'NONE',  ( 2.113098912361620840, 5.333226526032603054, 2.931924493953141475 ) ) ;
#2573 = CARTESIAN_POINT ( 'NONE',  ( 10.17500185858961181, -0.4459675838586474317, 3.651360805653734332 ) ) ;
#2574 = CARTESIAN_POINT ( 'NONE',  ( 7.631883396474925085, 3.092752361253559013, 2.031151329472345779 ) ) ;
#2575 = CARTESIAN_POINT ( 'NONE',  ( 2.090128421101279166, -8.479138905781224977, 2.833590901195573775 ) ) ;
#2576 = CARTESIAN_POINT ( 'NONE',  ( 3.347106231608668825, 3.313360383301933165, 1.482567082407200143 ) ) ;
#2577 = B_SPLINE_CURVE_WITH_KNOTS ( 'NONE', 3,
 ( #431, #4092, #2789, #4906, #2026, #5181, #2056, #1626 ),
 .UNSPECIFIED., .F., .F.,
 ( 4, 2, 2, 4 ),
 ( -6.000000000092093121E-08, 0.001073883192919116965, 0.002147826385838234875, 0.004295712771676471128 ),
 .UNSPECIFIED. ) ;
#2578 = CARTESIAN_POINT ( 'NONE',  ( 2.504062369529382437, -5.041577871900681629, 2.070591210101896618 ) ) ;
#2579 = CARTESIAN_POINT ( 'NONE',  ( 2.352929268273455499, -13.05298056438775056, 1.922810939125941143 ) ) ;
#2580 = CARTESIAN_POINT ( 'NONE',  ( 9.111299818533758810, 4.488146681323634368, 3.615307064101580092 ) ) ;
#2581 = CARTESIAN_POINT ( 'NONE',  ( 9.920348596653774109, 0.6682473008849665330, 3.511589191987612768 ) ) ;
#2582 = CARTESIAN_POINT ( 'NONE',  ( -0.2027705697528817130, -7.612497354641700298, 4.386894679558641208 ) ) ;
#2583 = ORIENTED_EDGE ( 'NONE', *, *, #276, .T. ) ;
#2584 = AXIS2_PLACEMENT_3D ( 'NONE', #4794, #862, #1139 ) ;
#2585 = CARTESIAN_POINT ( 'NONE',  ( 4.348195365374808219, -11.17677309088417381, 2.078641372225949357 ) ) ;
#2586 = CARTESIAN_POINT ( 'NONE',  ( 3.210300723677356860, 0.2175178064517113707, 1.344004681147039637 ) ) ;
#2587 = CARTESIAN_POINT ( 'NONE',  ( 8.959137415447921526, 0.06135829637532452807, 2.564354337544910489 ) ) ;
#2588 = CARTESIAN_POINT ( 'NONE',  ( 7.927991420346551799, 2.070133722215899752, 2.037093666301289296 ) ) ;
#2589 = CARTESIAN_POINT ( 'NONE',  ( 8.999949998749933400, -3.769535406361685048, 2.662976011260103526 ) ) ;
#2590 = CARTESIAN_POINT ( 'NONE',  ( 4.299899081317202665, -10.57291087100067983, 2.203218900871997121 ) ) ;
#2591 = CARTESIAN_POINT ( 'NONE',  ( 7.555214995423543023, 3.757673338656869255, 2.156310681769890714 ) ) ;
#2592 = CARTESIAN_POINT ( 'NONE',  ( 10.24613376617759464, -4.814095046718175119, 3.869326989833641761 ) ) ;
#2593 = CARTESIAN_POINT ( 'NONE',  ( 7.370076823165750746, 5.260555021078277882, 2.656378539827349172 ) ) ;
#2594 = CARTESIAN_POINT ( 'NONE',  ( 4.530047385254472481, -11.23607735585959588, 2.044207564444580516 ) ) ;
#2595 = CARTESIAN_POINT ( 'NONE',  ( 7.565894233376838862, 3.833182573335286669, 2.184850894719132963 ) ) ;
#2596 = ADVANCED_FACE ( 'NONE', ( #4320 ), #3269, .T. ) ;
#2597 = CARTESIAN_POINT ( 'NONE',  ( 2.207695475714088751, 6.393976230158110674, 3.722298755915024238 ) ) ;
#2598 = CARTESIAN_POINT ( 'NONE',  ( 9.989800706275422826, -1.706303278664500489, 3.349227658434737354 ) ) ;
#2599 = CARTESIAN_POINT ( 'NONE',  ( 7.560437639910624341, 3.458576847011340938, 2.076354072448211685 ) ) ;
#2600 = CARTESIAN_POINT ( 'NONE',  ( 2.088425147522106062, -8.798653450388684405, 2.947403828993265584 ) ) ;
#2601 = CARTESIAN_POINT ( 'NONE',  ( 7.406700797423827254, 2.604352895246214494, 1.811826916632083950 ) ) ;
#2602 = CARTESIAN_POINT ( 'NONE',  ( 8.322423790593644455, 4.141844488097401467, 2.771065399437091070 ) ) ;
#2603 = CARTESIAN_POINT ( 'NONE',  ( 4.013827950501084985, -3.474189372153435595, 1.443208840293078277 ) ) ;
#2604 =( NAMED_UNIT ( * ) SI_UNIT ( $, .STERADIAN. ) SOLID_ANGLE_UNIT ( ) );
#2605 = CARTESIAN_POINT ( 'NONE',  ( 8.342670095062596047, 4.530735008350994519, 2.942698395619815610 ) ) ;
#2606 = CARTESIAN_POINT ( 'NONE',  ( 9.552855231262521229, 3.793429423992800142, 3.830516682837822096 ) ) ;
#2607 = VERTEX_POINT ( 'NONE', #4377 ) ;
#2608 = CARTESIAN_POINT ( 'NONE',  ( -0.5732008114479811844, -11.70360012271720507, 5.290859020542746372 ) ) ;
#2609 = ORIENTED_EDGE ( 'NONE', *, *, #1191, .T. ) ;
#2610 = CARTESIAN_POINT ( 'NONE',  ( 6.475237368281965722, -11.36142093389514862, 6.298170405982907560 ) ) ;
#2611 = CARTESIAN_POINT ( 'NONE',  ( 3.965215747839877736, 0.2638809336143466133, 1.129958754478218586 ) ) ;
#2612 = CARTESIAN_POINT ( 'NONE',  ( 2.161360904792169357, 3.050579744048459219, 2.049937577315501525 ) ) ;
#2613 = CARTESIAN_POINT ( 'NONE',  ( 8.013130148703083933, 0.9301198172224633964, 1.993913418517783365 ) ) ;
#2614 = CARTESIAN_POINT ( 'NONE',  ( -0.7761074957445615041, -5.461981123116715686, 5.559471147229950283 ) ) ;
#2615 = CARTESIAN_POINT ( 'NONE',  ( 7.555535925718053214, 4.198149748006308357, 2.291052192992804493 ) ) ;
#2616 = B_SPLINE_SURFACE_WITH_KNOTS ( 'NONE', 3, 3, ( 
 ( #1905, #1085, #284, #1164, #3498, #3050, #4282, #5097 ),
 ( #3072, #1062, #3526, #2676, #1489, #2305, #749, #3100 ),
 ( #1517, #2763, #3862, #775, #2333, #2733, #2361, #695 ),
 ( #4705, #1107, #2704, #1962, #1464, #5124, #4334, #3943 ) ),
 .UNSPECIFIED., .F., .F., .F.,
 ( 4, 4 ),
 ( 4, 1, 1, 1, 1, 4 ),
 ( 0.000000000000000000, 1.000000000000000000 ),
 ( 0.000000000000000000, 1.000000000000000000, 3.000000000000000000, 5.000000000000000000, 6.000000000000000000, 7.000000000000000000 ),
 .UNSPECIFIED. ) ;
#2617 = CARTESIAN_POINT ( 'NONE',  ( 10.04259397870237080, -3.240362401749907750, 3.432957370209296144 ) ) ;
#2618 = CARTESIAN_POINT ( 'NONE',  ( 7.461534933658347413, 5.577279567923393522, 2.912362607337777742 ) ) ;
#2619 = CARTESIAN_POINT ( 'NONE',  ( 4.463432449232256793, -10.81529978937578385, 3.140872896634617106 ) ) ;
#2620 = CARTESIAN_POINT ( 'NONE',  ( 7.838011508458558652, 3.433708245792171709, 2.235618401455412574 ) ) ;
#2621 = CARTESIAN_POINT ( 'NONE',  ( 2.202070631895678421, 4.281498252946880356, 2.355099268655457045 ) ) ;
#2622 = CARTESIAN_POINT ( 'NONE',  ( 9.805552446845263503, -1.738117472095068727, 3.158440460899577751 ) ) ;
#2623 = CARTESIAN_POINT ( 'NONE',  ( 7.655225220054815871, 2.589733648467235305, 1.946278978622635769 ) ) ;
#2624 = CARTESIAN_POINT ( 'NONE',  ( 8.307428996143984889, 3.741932011963378102, 2.631149556921619670 ) ) ;
#2625 = CARTESIAN_POINT ( 'NONE',  ( 8.386123600228955866, 3.773395368408066552, 2.699107677658394433 ) ) ;
#2626 = CARTESIAN_POINT ( 'NONE',  ( 4.007292716608956695, -9.760745610692344698, 2.451681313314908017 ) ) ;
#2627 = CARTESIAN_POINT ( 'NONE',  ( 4.302528846326706180, -11.15946266040326940, 2.088622458675237326 ) ) ;
#2628 = CARTESIAN_POINT ( 'NONE',  ( 8.091226330532368394, 4.525980422832088124, 2.754169675750942403 ) ) ;
#2629 = CARTESIAN_POINT ( 'NONE',  ( 9.511934580653074178, 3.746657162603944435, 3.764439348050840017 ) ) ;
#2630 = EDGE_CURVE ( 'NONE', #463, #3919, #4648, .T. ) ;
#2631 = ORIENTED_EDGE ( 'NONE', *, *, #3047, .F. ) ;
#2632 = CARTESIAN_POINT ( 'NONE',  ( -0.5907763298660384521, -11.38415173058729479, 5.427449810971187283 ) ) ;
#2633 = ORIENTED_EDGE ( 'NONE', *, *, #4923, .T. ) ;
#2634 = ORIENTED_EDGE ( 'NONE', *, *, #4124, .T. ) ;
#2635 = CARTESIAN_POINT ( 'NONE',  ( 5.177477285587858802, -10.98266820498749929, 3.413194444444445974 ) ) ;
#2636 = CARTESIAN_POINT ( 'NONE',  ( 4.745319768647327408, 0.2498060989431227785, 1.037902581994654572 ) ) ;
#2637 = CARTESIAN_POINT ( 'NONE',  ( 6.022286677944809874, -11.08128183257082000, 6.500000000000002665 ) ) ;
#2638 = CARTESIAN_POINT ( 'NONE',  ( 7.592903211395801932, 3.637115621498931972, 2.142222141976955818 ) ) ;
#2639 = CARTESIAN_POINT ( 'NONE',  ( -0.6787563923162376334, -10.92578423115111974, 6.082035885719871970 ) ) ;
#2640 = CARTESIAN_POINT ( 'NONE',  ( 7.962289375130826130, 4.167181757763982475, 2.531501777593303082 ) ) ;
#2641 = CARTESIAN_POINT ( 'NONE',  ( 9.852415889054915610, -7.968078545043138838, 4.088341033088225274 ) ) ;
#2642 = CARTESIAN_POINT ( 'NONE',  ( 7.767982271603218969, 5.935437910480290569, 3.375160363697253807 ) ) ;
#2643 = CARTESIAN_POINT ( 'NONE',  ( 5.836579445183879500, -11.31431877564514821, 6.500000000000001776 ) ) ;
#2644 = CARTESIAN_POINT ( 'NONE',  ( 1.439217094357790216, -7.944882975064654573, 3.046864549461683058 ) ) ;
#2645 = CARTESIAN_POINT ( 'NONE',  ( 2.874344680445943379, 6.422292268587842301, 3.306423504978106109 ) ) ;
#2646 = CARTESIAN_POINT ( 'NONE',  ( 10.11308971187709815, -2.479286801408464580, 3.481799130357587035 ) ) ;
#2647 = CARTESIAN_POINT ( 'NONE',  ( 7.325646349194403939, 1.973175520193104493, 1.686886121927184456 ) ) ;
#2648 = CARTESIAN_POINT ( 'NONE',  ( 7.825940976105328239, 3.439383271004681220, 2.229704104293628752 ) ) ;
#2649 = B_SPLINE_CURVE_WITH_KNOTS ( 'NONE', 3,
 ( #5176, #4760, #2760, #19 ),
 .UNSPECIFIED., .F., .F.,
 ( 4, 4 ),
 ( 0.000000000000000000, 1.000000000000000000 ),
 .UNSPECIFIED. ) ;
#2650 = CARTESIAN_POINT ( 'NONE',  ( 8.386090262725483413, 3.742956929478097550, 2.689740840144443368 ) ) ;
#2651 = CARTESIAN_POINT ( 'NONE',  ( 3.983752698935898895, -11.32560490506831563, 2.626570953868744951 ) ) ;
#2652 = CARTESIAN_POINT ( 'NONE',  ( 10.28443428729121401, 4.020153462442693559, 6.545959177256048811 ) ) ;
#2653 = CARTESIAN_POINT ( 'NONE',  ( 8.957702800370370255, -8.014368785700879627, 3.296969167053111605 ) ) ;
#2654 = CARTESIAN_POINT ( 'NONE',  ( 2.056857095346212638, -6.630724418131324960, 2.516664574045071046 ) ) ;
#2655 = B_SPLINE_SURFACE_WITH_KNOTS ( 'NONE', 1, 3, ( 
 ( #3987, #385, #2748, #1976 ),
 ( #1531, #5192, #3145, #1583 ) ),
 .UNSPECIFIED., .F., .F., .F.,
 ( 2, 2 ),
 ( 4, 4 ),
 ( 0.000000000000000000, 1.000000000000000000 ),
 ( 0.000000000000000000, 1.000000000000000000 ),
 .UNSPECIFIED. ) ;
#2656 = VERTEX_POINT ( 'NONE', #3929 ) ;
#2657 = ADVANCED_FACE ( 'NONE', ( #790 ), #2655, .T. ) ;
#2658 = CARTESIAN_POINT ( 'NONE',  ( 2.049774602411042146, 2.006995984863920057, 1.912941212944097025 ) ) ;
#2659 = CARTESIAN_POINT ( 'NONE',  ( 9.862983580609510526, 0.4726061718439422688, 3.420288475393123306 ) ) ;
#2660 = CARTESIAN_POINT ( 'NONE',  ( 2.090128421101279166, -8.479138905781224977, 2.833590901195573775 ) ) ;
#2661 = CARTESIAN_POINT ( 'NONE',  ( 7.821870928707161497, 3.079250511233505350, 2.139741917853013486 ) ) ;
#2662 = CARTESIAN_POINT ( 'NONE',  ( -0.6728771152154783275, -3.106640789209302866, 5.161712613475502032 ) ) ;
#2663 = CARTESIAN_POINT ( 'NONE',  ( 7.902697914007838165, 3.807067364981015167, 2.379493705080216959 ) ) ;
#2664 = CARTESIAN_POINT ( 'NONE',  ( 10.04021124480982508, -3.670981490563884897, 3.477327051245354461 ) ) ;
#2665 = CARTESIAN_POINT ( 'NONE',  ( 7.747954709818736241, 4.890577641980669910, 2.680708175135115390 ) ) ;
#2666 = CARTESIAN_POINT ( 'NONE',  ( 2.207391924383017567, 3.038382101406056357, 1.964812387393568782 ) ) ;
#2667 = CARTESIAN_POINT ( 'NONE',  ( 2.293669157098179756, 4.939940307168461331, 2.596643210526987655 ) ) ;
#2668 = CARTESIAN_POINT ( 'NONE',  ( 1.876321363461983083, -1.855099110596086787, 2.062993178103474268 ) ) ;
#2669 = CARTESIAN_POINT ( 'NONE',  ( 7.467387061707710494, 3.493451948900994086, 2.031944818401373976 ) ) ;
#2670 = CARTESIAN_POINT ( 'NONE',  ( 2.161360904792169357, 3.050579744048459219, 2.049937577315501525 ) ) ;
#2671 = CARTESIAN_POINT ( 'NONE',  ( 3.243680156224402644, -3.889013887503780520, 1.667379928591526728 ) ) ;
#2672 = AXIS2_PLACEMENT_3D ( 'NONE', #3792, #3449, #548 ) ;
#2673 = ORIENTED_EDGE ( 'NONE', *, *, #2295, .F. ) ;
#2674 = CARTESIAN_POINT ( 'NONE',  ( 7.892574644557174501, 4.532566089870265991, 2.620943936183177225 ) ) ;
#2675 = CARTESIAN_POINT ( 'NONE',  ( 4.798766500413855773, -3.485022614755972636, 1.334169362842603235 ) ) ;
#2676 = CARTESIAN_POINT ( 'NONE',  ( 7.890734159455702112, 1.946304460871822739, 1.996869072356354025 ) ) ;
#2677 = CARTESIAN_POINT ( 'NONE',  ( 10.26377959851712873, 3.678141747317731358, 6.871669211000351218 ) ) ;
#2678 = CARTESIAN_POINT ( 'NONE',  ( 2.743964816660418027, 4.157389609979550649, 2.061797479255556453 ) ) ;
#2679 = ORIENTED_EDGE ( 'NONE', *, *, #127, .F. ) ;
#2680 = CARTESIAN_POINT ( 'NONE',  ( 10.67070247887293810, -11.98702603097048858, 5.711423428807786529 ) ) ;
#2681 = CARTESIAN_POINT ( 'NONE',  ( 9.920868229699667751, 0.7762456482757473797, 3.523918091258580354 ) ) ;
#2682 = CARTESIAN_POINT ( 'NONE',  ( 6.071024066470420699, -11.36878068067624170, 6.500000000000000888 ) ) ;
#2683 = CARTESIAN_POINT ( 'NONE',  ( 7.692310844032889783, 3.665083423302656129, 2.209669943810130377 ) ) ;
#2684 = CARTESIAN_POINT ( 'NONE',  ( 5.352536553591361823, -11.37397573469511869, 1.943211456107133639 ) ) ;
#2685 = CARTESIAN_POINT ( 'NONE',  ( 8.999949998749851687, -1.219224158774401046, 2.578749104004097070 ) ) ;
#2686 = EDGE_CURVE ( 'NONE', #3053, #4011, #325, .T. ) ;
#2687 = CARTESIAN_POINT ( 'NONE',  ( 7.755139972974500751, 5.505797561945524166, 3.059619670916865264 ) ) ;
#2688 = CARTESIAN_POINT ( 'NONE',  ( 9.960528653969777935, -12.12327342802677066, 4.909728758105915247 ) ) ;
#2689 = CARTESIAN_POINT ( 'NONE',  ( 7.595252931560079190, 3.390756196996080885, 2.080230610839258532 ) ) ;
#2690 = CARTESIAN_POINT ( 'NONE',  ( 2.055101983802931631, 3.624738032272589727, 2.207367967317341417 ) ) ;
#2691 = CARTESIAN_POINT ( 'NONE',  ( 7.444105263045439180, 3.480726270999573657, 2.012120901625862324 ) ) ;
#2692 = EDGE_CURVE ( 'NONE', #4746, #1572, #3932, .T. ) ;
#2693 =( BOUNDED_SURFACE ( )  B_SPLINE_SURFACE ( 3, 2, ( 
 ( #4449, #1329, #2112 ),
 ( #2511, #3305, #4853 ),
 ( #2906, #1277, #3646 ),
 ( #1250, #2425, #30 ) ),
 .UNSPECIFIED., .F., .F., .T. ) 
 B_SPLINE_SURFACE_WITH_KNOTS ( ( 4, 4 ),
 ( 3, 3 ),
 ( -1.151693757722727085E-16, 0.0005316180171653134192 ),
 ( 0.000000000000000000, 1.000000000000000000 ),
 .UNSPECIFIED. ) 
 GEOMETRIC_REPRESENTATION_ITEM ( )  RATIONAL_B_SPLINE_SURFACE ( (
 ( 1.000000000000000000, 0.8875631717724389302, 1.000000000000000000),
 ( 1.000000000000000000, 0.8887342367461927850, 1.000000000000000000),
 ( 1.000000000000000000, 0.8897235597349913983, 1.000000000000000000),
 ( 1.000000000000000000, 0.8912032766874198320, 1.000000000000000000) ) ) 
 REPRESENTATION_ITEM ( '' )  SURFACE ( )  );
#2694 = B_SPLINE_CURVE_WITH_KNOTS ( 'NONE', 3,
 ( #415, #2433, #442, #2518, #1715, #3678, #66, #2093, #2037, #3627 ),
 .UNSPECIFIED., .F., .F.,
 ( 4, 2, 2, 2, 4 ),
 ( 0.1739919857554733107, 0.2428407345425037112, 0.2772651089360188559, 0.3116894833295340561, 0.4493869809035956897 ),
 .UNSPECIFIED. ) ;
#2695 = CARTESIAN_POINT ( 'NONE',  ( 9.333138628654715774, 0.5508994417585399983, 2.899715366909620062 ) ) ;
#2696 = CARTESIAN_POINT ( 'NONE',  ( 2.491896461494075954, 4.053359217570551287, 2.092818171570374641 ) ) ;
#2697 = CARTESIAN_POINT ( 'NONE',  ( 7.877781659102474521, -3.325204819664862033, 1.918163364018673711 ) ) ;
#2698 = CARTESIAN_POINT ( 'NONE',  ( 7.316531590000601604, 3.114725564706905203, 1.860406500593281054 ) ) ;
#2699 = CARTESIAN_POINT ( 'NONE',  ( 5.879163168417068874, -11.47950162022101672, 2.000526572236884792 ) ) ;
#2700 = CARTESIAN_POINT ( 'NONE',  ( 2.398815707248879381, -7.803367779347425426, 2.554970168130851871 ) ) ;
#2701 = ORIENTED_EDGE ( 'NONE', *, *, #5098, .F. ) ;
#2702 = CARTESIAN_POINT ( 'NONE',  ( 8.024256917261089583, 4.521500770573422479, 2.702983116388975926 ) ) ;
#2703 = CARTESIAN_POINT ( 'NONE',  ( 6.380638962414409754, -4.433169960638805307, 1.512711699306411806 ) ) ;
#2704 = CARTESIAN_POINT ( 'NONE',  ( 7.695983304414895976, 1.319602295372757084, 1.832356604544765677 ) ) ;
#2705 = CARTESIAN_POINT ( 'NONE',  ( 10.25800910026040569, 3.964060439401922764, 6.670280270579556081 ) ) ;
#2706 = CARTESIAN_POINT ( 'NONE',  ( 8.961438822440548790, -8.517829030822515080, 3.437577862249268090 ) ) ;
#2707 = VERTEX_POINT ( 'NONE', #3875 ) ;
#2708 = DIRECTION ( 'NONE',  ( 0.9384165960419054153, -0.3455058498392223898, 0.000000000000000000 ) ) ;
#2709 = ORIENTED_EDGE ( 'NONE', *, *, #1874, .T. ) ;
#2710 = CARTESIAN_POINT ( 'NONE',  ( 7.861491842296518762, -11.09980894734086121, 2.684236442395018241 ) ) ;
#2711 = CARTESIAN_POINT ( 'NONE',  ( 9.655019836489850960, 0.1473806961995172138, 3.155425212253010425 ) ) ;
#2712 = CARTESIAN_POINT ( 'NONE',  ( 2.057724536628337209, -8.170531205130513897, 2.793736489637418607 ) ) ;
#2713 = CARTESIAN_POINT ( 'NONE',  ( 7.840322616814471068, 3.439704137717075838, 2.238580109937967411 ) ) ;
#2714 = CARTESIAN_POINT ( 'NONE',  ( 8.391390272407772244, 0.6471555341779899884, 2.209038482341583620 ) ) ;
#2715 = CARTESIAN_POINT ( 'NONE',  ( -0.4000128493214204495, -4.149877639794713247, 4.345976467945255273 ) ) ;
#2716 = CARTESIAN_POINT ( 'NONE',  ( 7.813255335328356921, 5.223861316272726540, 2.916312829879890156 ) ) ;
#2717 = CARTESIAN_POINT ( 'NONE',  ( 10.41217208440016861, -3.619479321252977222, 3.891044227855420701 ) ) ;
#2718 = PLANE ( 'NONE',  #4864 ) ;
#2719 = CARTESIAN_POINT ( 'NONE',  ( 2.781304711150740960, 4.127608167992486088, 1.976528552270920391 ) ) ;
#2720 = CARTESIAN_POINT ( 'NONE',  ( 5.515714540199657456, 2.037494944278544828, 1.076256484705527372 ) ) ;
#2721 = CARTESIAN_POINT ( 'NONE',  ( 8.398079388031648662, -8.567460597176941306, 3.029152867742465283 ) ) ;
#2722 = CARTESIAN_POINT ( 'NONE',  ( 1.465763124496472392, -9.103744795302876724, 3.213133836226891749 ) ) ;
#2723 = ORIENTED_EDGE ( 'NONE', *, *, #1122, .F. ) ;
#2724 = CARTESIAN_POINT ( 'NONE',  ( 4.208137233700153246, 5.930593004813883518, 2.437600967648759998 ) ) ;
#2725 = EDGE_CURVE ( 'NONE', #2465, #1280, #4750, .T. ) ;
#2726 = CARTESIAN_POINT ( 'NONE',  ( 10.04093328538325380, -3.540490857589506657, 3.463881693355568281 ) ) ;
#2727 = CARTESIAN_POINT ( 'NONE',  ( 7.352513764559243548, 3.475511143027409933, 1.964419272910682635 ) ) ;
#2728 = CARTESIAN_POINT ( 'NONE',  ( 7.860466121524141592, 5.575046430188745461, 3.176860324831164206 ) ) ;
#2729 = EDGE_LOOP ( 'NONE', ( #4434, #1513, #5003, #2798 ) ) ;
#2730 = CARTESIAN_POINT ( 'NONE',  ( 8.999949998749929847, -3.769535406361712582, 2.662976011260095088 ) ) ;
#2731 = CARTESIAN_POINT ( 'NONE',  ( 8.999949998749933400, 0.2557165246095218225, 2.657967127937231666 ) ) ;
#2732 = CARTESIAN_POINT ( 'NONE',  ( 4.787145997760630323, -6.669069747904737611, 1.746027333425689276 ) ) ;
#2733 = CARTESIAN_POINT ( 'NONE',  ( 7.715363441134972078, 3.086863958875224689, 2.077986301783302459 ) ) ;
#2734 = CARTESIAN_POINT ( 'NONE',  ( 8.349742547446220797, 4.494964169876297433, 2.932707615967867110 ) ) ;
#2735 = CARTESIAN_POINT ( 'NONE',  ( 8.999501356821278719, -8.180120188284405458, 3.356504912063093649 ) ) ;
#2736 = CARTESIAN_POINT ( 'NONE',  ( 7.508083450647847990, 4.566024704995036210, 2.396838864186225049 ) ) ;
#2737 = ORIENTED_EDGE ( 'NONE', *, *, #3412, .T. ) ;
#2738 = CARTESIAN_POINT ( 'NONE',  ( 10.65449167934155383, -11.55096509861486354, 5.684915003247770215 ) ) ;
#2739 = CARTESIAN_POINT ( 'NONE',  ( 8.439023239803878695, -0.07853414331232544399, 2.194096788818885368 ) ) ;
#2740 = CARTESIAN_POINT ( 'NONE',  ( 7.696957497186477148, 1.295217535439304513, 1.831693139711688456 ) ) ;
#2741 = CARTESIAN_POINT ( 'NONE',  ( 7.600169188756240146, 3.386762107029095414, 2.082128431239833155 ) ) ;
#2742 = CARTESIAN_POINT ( 'NONE',  ( 8.683772036735485145, 3.752219536147322287, 2.923133102924998283 ) ) ;
#2743 = CARTESIAN_POINT ( 'NONE',  ( -0.3957733035561405988, -3.198397323360246958, 4.262946190553337011 ) ) ;
#2744 = CARTESIAN_POINT ( 'NONE',  ( 5.177477285587858802, -10.98266820498749752, 3.413194444444445974 ) ) ;
#2745 = CARTESIAN_POINT ( 'NONE',  ( 3.967851551845490654, 0.06318341416539086097, 1.141863042434540620 ) ) ;
#2746 = CARTESIAN_POINT ( 'NONE',  ( 7.759717527092934830, 5.485938536453904391, 3.049485525400923880 ) ) ;
#2747 = CARTESIAN_POINT ( 'NONE',  ( 10.09884862550674711, -11.71162488983684646, 5.011635142458900738 ) ) ;
#2748 = CARTESIAN_POINT ( 'NONE',  ( 5.357053234872825698, -11.53931041229253118, 5.443323561917366327 ) ) ;
#2749 = CARTESIAN_POINT ( 'NONE',  ( 2.026290163606402572, 0.5304922494498154339, 1.873298842841691680 ) ) ;
#2750 = CARTESIAN_POINT ( 'NONE',  ( 6.636931172685291536, 2.000132583199865088, 1.380554647717027184 ) ) ;
#2751 = ORIENTED_EDGE ( 'NONE', *, *, #2269, .T. ) ;
#2752 = CARTESIAN_POINT ( 'NONE',  ( 4.961512840191976359, 5.853125427682765114, 2.330682089058483619 ) ) ;
#2753 = CARTESIAN_POINT ( 'NONE',  ( 4.014347977859707761, -3.776902506198415388, 1.470732673396077717 ) ) ;
#2754 = CARTESIAN_POINT ( 'NONE',  ( 7.378664958780072780, 3.553106671823680340, 1.998468237433366657 ) ) ;
#2755 = CARTESIAN_POINT ( 'NONE',  ( 7.750997552137404156, 5.501327426445628888, 3.053941900226462725 ) ) ;
#2756 = B_SPLINE_CURVE_WITH_KNOTS ( 'NONE', 3,
 ( #4363, #3159, #312, #4763 ),
 .UNSPECIFIED., .F., .F.,
 ( 4, 4 ),
 ( 0.000000000000000000, 1.000000000000000000 ),
 .UNSPECIFIED. ) ;
#2757 = CARTESIAN_POINT ( 'NONE',  ( 1.999949998749944280, -4.529893579248802205, 2.322658519002740896 ) ) ;
#2758 = EDGE_CURVE ( 'NONE', #4020, #725, #4516, .T. ) ;
#2759 = ORIENTED_EDGE ( 'NONE', *, *, #3880, .T. ) ;
#2760 = CARTESIAN_POINT ( 'NONE',  ( 7.389872613446306637, 3.586361898450192154, 2.013060650800347240 ) ) ;
#2761 = CARTESIAN_POINT ( 'NONE',  ( 8.999949998749933400, 0.4177280412593631365, 2.669710510814339521 ) ) ;
#2762 = CARTESIAN_POINT ( 'NONE',  ( 4.773432932565029319, -8.217210331561226155, 2.074282927557462131 ) ) ;
#2763 = CARTESIAN_POINT ( 'NONE',  ( 7.824369655914275690, 0.9342040508849014380, 1.883621210560947778 ) ) ;
#2764 = CARTESIAN_POINT ( 'NONE',  ( 10.29199828632766689, 3.822857490857645146, 6.711107169520023952 ) ) ;
#2765 = CARTESIAN_POINT ( 'NONE',  ( 1.374526726926575293, 4.241047336594222728, 2.862298571982422768 ) ) ;
#2766 = ORIENTED_EDGE ( 'NONE', *, *, #1847, .F. ) ;
#2767 = CARTESIAN_POINT ( 'NONE',  ( -0.1297311983982363248, -11.72585212979046432, 4.227929553834365528 ) ) ;
#2768 = CARTESIAN_POINT ( 'NONE',  ( 1.884395513210446849, 0.1367443605823914776, 1.958651587612201039 ) ) ;
#2769 = CARTESIAN_POINT ( 'NONE',  ( 3.048342439433687101, -10.38864826128887486, 2.505163468587036313 ) ) ;
#2770 = CARTESIAN_POINT ( 'NONE',  ( 7.639336334489949643, 3.423676831340011439, 2.113592332047481204 ) ) ;
#2771 = CARTESIAN_POINT ( 'NONE',  ( 8.033531132377550676, 1.181974027412213690, 2.021240050228487295 ) ) ;
#2772 = CARTESIAN_POINT ( 'NONE',  ( -0.3976775004576327266, -3.628504446076930012, 4.300069766192132548 ) ) ;
#2773 = CARTESIAN_POINT ( 'NONE',  ( 7.645401646916141658, 2.684524590295861657, 1.962431584575850652 ) ) ;
#2774 = CARTESIAN_POINT ( 'NONE',  ( 8.666281971545139129, 3.524259740152422715, 2.883740880176721699 ) ) ;
#2775 = CARTESIAN_POINT ( 'NONE',  ( 10.41258194536777815, -3.475553761943611875, 3.877008731919138196 ) ) ;
#2776 = DIRECTION ( 'NONE',  ( 1.000000000000000000, 0.000000000000000000, 0.000000000000000000 ) ) ;
#2777 = CARTESIAN_POINT ( 'NONE',  ( 1.819015057518750478, 1.344536974701215915, 2.004769673704998478 ) ) ;
#2778 = CARTESIAN_POINT ( 'NONE',  ( 3.330885714454619340, 1.021036604238328982, 1.285212508885816618 ) ) ;
#2779 = ORIENTED_EDGE ( 'NONE', *, *, #2295, .T. ) ;
#2780 = CARTESIAN_POINT ( 'NONE',  ( 3.686599730065166725, 6.320076925358547371, 2.866973195528755181 ) ) ;
#2781 = CARTESIAN_POINT ( 'NONE',  ( 10.32360997973580297, -3.631741742517513583, 3.792540138186357268 ) ) ;
#2782 = CARTESIAN_POINT ( 'NONE',  ( 4.290679524312645654, -11.28450808739673583, 2.795833333333335169 ) ) ;
#2783 = CARTESIAN_POINT ( 'NONE',  ( 8.999949998748910218, -7.295793266689455159, 3.251872188143444031 ) ) ;
#2784 = B_SPLINE_CURVE_WITH_KNOTS ( 'NONE', 3,
 ( #2188, #4939, #1738, #2964 ),
 .UNSPECIFIED., .F., .F.,
 ( 4, 4 ),
 ( 0.000000000000000000, 0.001061442935939708229 ),
 .UNSPECIFIED. ) ;
#2785 = CARTESIAN_POINT ( 'NONE',  ( 9.946857628880923841, -11.67198147109516171, 4.297337953318550952 ) ) ;
#2786 = CARTESIAN_POINT ( 'NONE',  ( 4.463432449232256793, -10.81529978937578385, 3.140872896634617106 ) ) ;
#2787 = CARTESIAN_POINT ( 'NONE',  ( 10.45602396883782426, 3.841032567263563458, 5.884313039991472039 ) ) ;
#2788 = CARTESIAN_POINT ( 'NONE',  ( 1.780357285609747375, 4.075149796645166411, 2.540285527651702235 ) ) ;
#2789 = CARTESIAN_POINT ( 'NONE',  ( 8.956323159463375205, -4.489188072091810255, 2.669997024905472305 ) ) ;
#2790 = VERTEX_POINT ( 'NONE', #1097 ) ;
#2791 = CARTESIAN_POINT ( 'NONE',  ( 10.14646563552484793, -12.32952983895721566, 4.453647268510636970 ) ) ;
#2792 = DIRECTION ( 'NONE',  ( 3.053113317719180979E-16, 1.000000000000000000, -3.191891195797325547E-16 ) ) ;
#2793 = EDGE_CURVE ( 'NONE', #3210, #4917, #4266, .T. ) ;
#2794 = CARTESIAN_POINT ( 'NONE',  ( 7.647174396301084975, 3.410675327143980695, 2.114971178430557597 ) ) ;
#2795 = CARTESIAN_POINT ( 'NONE',  ( 8.374456648677204740, 0.9216755335925697068, 2.216179003481894227 ) ) ;
#2796 = CARTESIAN_POINT ( 'NONE',  ( -0.6320287685798384736, -9.399347406098740976, 5.668356084016401120 ) ) ;
#2797 = DIRECTION ( 'NONE',  ( -0.003047245821534900513, -0.9967391981959616842, -0.08063302718225813515 ) ) ;
#2798 = ORIENTED_EDGE ( 'NONE', *, *, #4793, .F. ) ;
#2799 = CARTESIAN_POINT ( 'NONE',  ( 8.964840006878979750, 2.319043467235095246, 2.822238491311741093 ) ) ;
#2800 = CARTESIAN_POINT ( 'NONE',  ( 10.43276827236378601, -6.338226626210169634, 4.407833584417875095 ) ) ;
#2801 = DIRECTION ( 'NONE',  ( 2.323141679028140566E-13, -0.9844980392178053208, 0.1753955836852712780 ) ) ;
#2802 = CARTESIAN_POINT ( 'NONE',  ( 2.141858577733059210, 3.621345036218248659, 2.151656291123207776 ) ) ;
#2803 = CARTESIAN_POINT ( 'NONE',  ( 7.453245013812281883, 0.8129912612518386261, 1.681754241881033618 ) ) ;
#2804 = ORIENTED_EDGE ( 'NONE', *, *, #3950, .F. ) ;
#2805 = CARTESIAN_POINT ( 'NONE',  ( 3.996632965150931582, 3.972089831009384397, 1.479037090410466826 ) ) ;
#2806 = CARTESIAN_POINT ( 'NONE',  ( 9.557774170999548957, -3.791766392838763267, 3.030365946453405623 ) ) ;
#2807 = CARTESIAN_POINT ( 'NONE',  ( 4.149397163281954626, 5.236589122602787860, 2.027226975723648739 ) ) ;
#2808 = CARTESIAN_POINT ( 'NONE',  ( 5.859615314454742929, -11.48152107834978253, 2.127709100213253102 ) ) ;
#2809 = VERTEX_POINT ( 'NONE', #4100 ) ;
#2810 = CARTESIAN_POINT ( 'NONE',  ( 2.055219574867525711, -3.839589304322071683, 2.163285352845169207 ) ) ;
#2811 = CARTESIAN_POINT ( 'NONE',  ( 7.513532728046116382, 4.731934511172467772, 2.473656549404186666 ) ) ;
#2812 = CARTESIAN_POINT ( 'NONE',  ( 1.999949998758333347, -1.875916690450451174, 1.993745410898323911 ) ) ;
#2813 = CARTESIAN_POINT ( 'NONE',  ( 10.35161895583368974, 3.536078619745308682, 6.800370500983194511 ) ) ;
#2814 = CARTESIAN_POINT ( 'NONE',  ( 1.967132497782582368, 4.230359292515418090, 2.483536524506642973 ) ) ;
#2815 = CARTESIAN_POINT ( 'NONE',  ( 4.302528846326706180, -11.15946266040326940, 2.088622458675237326 ) ) ;
#2816 = CARTESIAN_POINT ( 'NONE',  ( 8.410322783646167366, 3.771830234176111851, 2.716528510380667782 ) ) ;
#2817 = VERTEX_POINT ( 'NONE', #2910 ) ;
#2818 = CARTESIAN_POINT ( 'NONE',  ( 0.5821034544511126674, -12.69479830572209345, 3.171480116096444313 ) ) ;
#2819 = CARTESIAN_POINT ( 'NONE',  ( 7.675967955407005938, 1.883347486640013502, 1.872164985515876845 ) ) ;
#2820 = CARTESIAN_POINT ( 'NONE',  ( 7.598172609460190685, 3.382174035529206257, 2.079887957739770421 ) ) ;
#2821 = CARTESIAN_POINT ( 'NONE',  ( 9.005758825806685408, 0.9021075333802697216, 2.661544823709972363 ) ) ;
#2822 = B_SPLINE_CURVE_WITH_KNOTS ( 'NONE', 3,
 ( #4622, #3876, #3017, #2991, #226, #4593, #1822, #2196 ),
 .UNSPECIFIED., .F., .F.,
 ( 4, 1, 1, 1, 1, 4 ),
 ( 0.000000000000000000, 0.1428571428576855817, 0.2857142857153711635, 0.5714285714307423270, 0.8571428571461134904, 1.000000000000000000 ),
 .UNSPECIFIED. ) ;
#2823 = CARTESIAN_POINT ( 'NONE',  ( 1.105684264651178639, -3.356625519779860234, 2.645013921818077041 ) ) ;
#2824 = CARTESIAN_POINT ( 'NONE',  ( 2.099965887794451369, 2.010344480470243944, 2.000000000000021316 ) ) ;
#2825 = ADVANCED_FACE ( 'NONE', ( #2404 ), #1999, .T. ) ;
#2826 = CARTESIAN_POINT ( 'NONE',  ( 2.161790696834122283, 3.051945495427881294, 1.994092265361996796 ) ) ;
#2827 = CARTESIAN_POINT ( 'NONE',  ( 9.243133900054559149, -11.46764193414087707, 3.511571292112821929 ) ) ;
#2828 = CARTESIAN_POINT ( 'NONE',  ( 6.216596624978446783, -11.42849740490409616, 6.432723503937443965 ) ) ;
#2829 = CARTESIAN_POINT ( 'NONE',  ( 8.959137415447921526, 0.06135829637532452807, 2.564354337544910489 ) ) ;
#2830 = CARTESIAN_POINT ( 'NONE',  ( 8.388630496704436723, 3.910494300574622883, 2.743869480225210822 ) ) ;
#2831 = CARTESIAN_POINT ( 'NONE',  ( 4.736050942188263946, 1.386919671545305821, 1.009490320623727788 ) ) ;
#2832 = CARTESIAN_POINT ( 'NONE',  ( 8.385519791245352295, -11.11303786211884059, 2.957192662440459863 ) ) ;
#2833 = ORIENTED_EDGE ( 'NONE', *, *, #4893, .F. ) ;
#2834 = B_SPLINE_CURVE_WITH_KNOTS ( 'NONE', 3,
 ( #445, #12, #4835, #3290, #2464, #849, #4105 ),
 .UNSPECIFIED., .F., .F.,
 ( 4, 1, 1, 1, 4 ),
 ( 0.2526172178095450471, 0.2857142857716964968, 0.5714285715433927715, 0.8571428573150892127, 1.000000000000000000 ),
 .UNSPECIFIED. ) ;
#2835 = CARTESIAN_POINT ( 'NONE',  ( 6.302096183695933718, 5.373389929982125501, 2.237077911387313822 ) ) ;
#2836 = CARTESIAN_POINT ( 'NONE',  ( 10.12877334947419250, -3.658719069299376514, 3.575831140914417450 ) ) ;
#2837 = PLANE ( 'NONE',  #4721 ) ;
#2838 = CARTESIAN_POINT ( 'NONE',  ( 6.289781381470072041, 0.8290188061878533965, 1.205854454052387448 ) ) ;
#2839 = CARTESIAN_POINT ( 'NONE',  ( 2.085867561271992798, -3.841078354002889217, 2.148029906223730912 ) ) ;
#2840 = CARTESIAN_POINT ( 'NONE',  ( 7.792275729785886007, 3.727262655688817539, 2.287459311438606591 ) ) ;
#2841 = VECTOR ( 'NONE', #308, 1000.000000000000000 ) ;
#2842 = CARTESIAN_POINT ( 'NONE',  ( 9.917445057419371324, -10.75444559967780833, 4.354628325270245348 ) ) ;
#2843 = CARTESIAN_POINT ( 'NONE',  ( 5.326668108760978626, -11.53565750731827144, 5.380291181058995065 ) ) ;
#2844 = CARTESIAN_POINT ( 'NONE',  ( 8.151754732782771740, 3.788553678967882199, 2.530387073966366529 ) ) ;
#2845 = CARTESIAN_POINT ( 'NONE',  ( 7.710095116426382233, 3.580011387096099007, 2.192005197421654561 ) ) ;
#2846 = B_SPLINE_CURVE_WITH_KNOTS ( 'NONE', 3,
 ( #4747, #1942, #3171, #2773 ),
 .UNSPECIFIED., .F., .F.,
 ( 4, 4 ),
 ( 0.000000000000000000, 1.000000000000000000 ),
 .UNSPECIFIED. ) ;
#2847 = CARTESIAN_POINT ( 'NONE',  ( 8.955267645894645412, -2.497527683143698329, 2.489706577276550536 ) ) ;
#2848 = ORIENTED_EDGE ( 'NONE', *, *, #743, .F. ) ;
#2849 = CARTESIAN_POINT ( 'NONE',  ( -0.6789777574274791228, -13.23662802472652622, 5.122311031422096761 ) ) ;
#2850 = DIRECTION ( 'NONE',  ( 1.000000000000000000, 0.000000000000000000, 0.000000000000000000 ) ) ;
#2851 = CARTESIAN_POINT ( 'NONE',  ( 5.499949998749925406, 1.999949998749929181, 6.500000000000000888 ) ) ;
#2852 = CARTESIAN_POINT ( 'NONE',  ( 8.992124055923619963, 3.609639600619440891, 3.154540488263025022 ) ) ;
#2853 = CARTESIAN_POINT ( 'NONE',  ( -0.03285230434961483592, -11.09847705954672392, 4.666384839832546483 ) ) ;
#2854 = CARTESIAN_POINT ( 'NONE',  ( 2.049774602411042146, 2.006995984863896076, 1.912941212944091252 ) ) ;
#2855 = CARTESIAN_POINT ( 'NONE',  ( 8.391777564932198175, -11.53798827043417319, 2.849605332214689923 ) ) ;
#2856 = ORIENTED_EDGE ( 'NONE', *, *, #3819, .F. ) ;
#2857 = CARTESIAN_POINT ( 'NONE',  ( 7.630915738292853412, 2.923451365821317260, 1.998139609688748264 ) ) ;
#2858 = CARTESIAN_POINT ( 'NONE',  ( 8.812629890613028039, -9.175049194458242852, 3.362791561291356590 ) ) ;
#2859 = CARTESIAN_POINT ( 'NONE',  ( 1.785855121689859049, -1.850280057853342930, 2.117429790327516326 ) ) ;
#2860 = CARTESIAN_POINT ( 'NONE',  ( 6.163488338707272085, 0.7249594231737432892, 1.179045343359138576 ) ) ;
#2861 = VERTEX_POINT ( 'NONE', #4044 ) ;
#2862 = CARTESIAN_POINT ( 'NONE',  ( 9.250117762323403880, -3.757236271862391064, 2.770671303262299823 ) ) ;
#2863 = CARTESIAN_POINT ( 'NONE',  ( 6.842572722713200051, 6.032831152528062013, 2.891647129344789402 ) ) ;
#2864 = CARTESIAN_POINT ( 'NONE',  ( 7.147083710936468215, -3.949006026311957740, 1.670216346789174633 ) ) ;
#2865 = CARTESIAN_POINT ( 'NONE',  ( 6.111369012718575355, 5.453092937859265632, 2.296312011219300508 ) ) ;
#2866 = EDGE_CURVE ( 'NONE', #3177, #5028, #1865, .T. ) ;
#2867 = CARTESIAN_POINT ( 'NONE',  ( 3.266921743406104639, -10.57859004509728607, 2.400464954432384168 ) ) ;
#2868 = CARTESIAN_POINT ( 'NONE',  ( 6.291713015900056050, 0.6970491443739901261, 1.205879900398972859 ) ) ;
#2869 = CARTESIAN_POINT ( 'NONE',  ( 7.749480992236730259, 0.1693883940644125286, 1.803393795614635753 ) ) ;
#2870 = CARTESIAN_POINT ( 'NONE',  ( 2.003770681013087973, 6.414623630452060077, 3.881409234168173850 ) ) ;
#2871 = CARTESIAN_POINT ( 'NONE',  ( 2.251528705967811295, -0.6790357109595912544, 1.798947367224656091 ) ) ;
#2872 = CARTESIAN_POINT ( 'NONE',  ( 8.959980458158842254, 0.4237815492091264735, 2.589962779931385572 ) ) ;
#2873 = CARTESIAN_POINT ( 'NONE',  ( 10.39862815939340734, 3.533438838797336778, 6.714107029418713068 ) ) ;
#2874 = CARTESIAN_POINT ( 'NONE',  ( 8.083670838769082323, 3.737320929616067211, 2.456107165365339018 ) ) ;
#2875 = EDGE_LOOP ( 'NONE', ( #2673, #5156, #4753 ) ) ;
#2876 = CARTESIAN_POINT ( 'NONE',  ( -0.6820554623923092974, -13.70483263398497620, 4.883037009978571596 ) ) ;
#2877 = CARTESIAN_POINT ( 'NONE',  ( 1.999950439949459646, 1.999949998749833702, 1.999060639130710193 ) ) ;
#2878 = CARTESIAN_POINT ( 'NONE',  ( 9.471394593197720368, 3.328709408598334640, 3.568433729428399204 ) ) ;
#2879 = CARTESIAN_POINT ( 'NONE',  ( 1.790423161215002557, -3.538339187270755914, 2.260360653904447847 ) ) ;
#2880 = EDGE_LOOP ( 'NONE', ( #1535, #375, #4808, #4339 ) ) ;
#2881 = CARTESIAN_POINT ( 'NONE',  ( 6.084930235435026091, -11.45081232140377381, 6.500000000000000888 ) ) ;
#2882 = CARTESIAN_POINT ( 'NONE',  ( 8.529515411419611226, -9.759742915065087843, 3.210360664581612955 ) ) ;
#2883 = CARTESIAN_POINT ( 'NONE',  ( 6.618488114988739568, -11.19587099768098959, 2.221617297726899309 ) ) ;
#2884 = CARTESIAN_POINT ( 'NONE',  ( 8.434786580797201339, 3.839683207644748020, 2.755889001837573460 ) ) ;
#2885 = CARTESIAN_POINT ( 'NONE',  ( 7.376871179292171732, 0.6594010649806636426, 1.639784087800406409 ) ) ;
#2886 = ORIENTED_EDGE ( 'NONE', *, *, #654, .T. ) ;
#2887 = CARTESIAN_POINT ( 'NONE',  ( 9.249185801454837375, -3.887425705513841478, 2.784733194215362140 ) ) ;
#2888 = CARTESIAN_POINT ( 'NONE',  ( 5.557533364088772743, 3.889638158917685384, 1.410365904644131030 ) ) ;
#2889 = CARTESIAN_POINT ( 'NONE',  ( 10.12781508850452461, -3.854580298967458241, 3.595754243417043305 ) ) ;
#2890 = FACE_OUTER_BOUND ( 'NONE', #3478, .T. ) ;
#2891 = CARTESIAN_POINT ( 'NONE',  ( 1.999949998749939617, -8.000050001250174958, 2.854812367349651048 ) ) ;
#2892 = CARTESIAN_POINT ( 'NONE',  ( 3.250024813681907432, -11.32030072855677538, 2.216387739497389209 ) ) ;
#2893 = CARTESIAN_POINT ( 'NONE',  ( 2.142196319570186969, 0.5258803024328628783, 1.815993399491688587 ) ) ;
#2894 = ORIENTED_EDGE ( 'NONE', *, *, #4923, .F. ) ;
#2895 = EDGE_CURVE ( 'NONE', #1111, #1587, #2694, .T. ) ;
#2896 = CARTESIAN_POINT ( 'NONE',  ( 7.697082376550836713, 4.186147156863412100, 2.369873994994727617 ) ) ;
#2897 = CARTESIAN_POINT ( 'NONE',  ( 1.553911005812262047, 3.829872431631603291, 2.584132811352485071 ) ) ;
#2898 = CARTESIAN_POINT ( 'NONE',  ( 9.429906299147118531, -0.6227725851039589422, 2.882526674486326268 ) ) ;
#2899 = CARTESIAN_POINT ( 'NONE',  ( 7.735407598821911535, 0.7637996287273018936, 1.827813527649756908 ) ) ;
#2900 = CARTESIAN_POINT ( 'NONE',  ( 8.354257878022165684, 3.897224151852701546, 2.713560214872552834 ) ) ;
#2901 = CARTESIAN_POINT ( 'NONE',  ( 7.976934918099743754, 3.692375346038917705, 2.380649460238572157 ) ) ;
#2902 = CARTESIAN_POINT ( 'NONE',  ( 7.750709479549359848, 5.492378238952238867, 3.047782202055633771 ) ) ;
#2903 = CARTESIAN_POINT ( 'NONE',  ( 6.125450350403543354, -11.32982118073893574, 2.072635852060836115 ) ) ;
#2904 = CARTESIAN_POINT ( 'NONE',  ( 2.377180942065900471, -11.85808465152562974, 2.357325940438493639 ) ) ;
#2905 = CARTESIAN_POINT ( 'NONE',  ( 3.235275463012305064, -10.68768812081730246, 2.499106763305495083 ) ) ;
#2906 = CARTESIAN_POINT ( 'NONE',  ( 7.801350471237542550, 4.642981047907873915, 2.662347009630326333 ) ) ;
#2907 = CARTESIAN_POINT ( 'NONE',  ( 9.741911384601630530, 0.4397765192225011610, 3.283445147377672235 ) ) ;
#2908 = CARTESIAN_POINT ( 'NONE',  ( -0.03824934351345787853, -11.74485921572177105, 4.746022654565678067 ) ) ;
#2909 = CARTESIAN_POINT ( 'NONE',  ( 5.024728945152745041, -11.36444470419234243, 1.972849936248582514 ) ) ;
#2910 = CARTESIAN_POINT ( 'NONE',  ( 8.999949998749917413, -8.000050001250071929, 6.500000000000001776 ) ) ;
#2911 = CARTESIAN_POINT ( 'NONE',  ( 8.999949998749929847, 0.1768186344405981714, 2.652387886451605059 ) ) ;
#2912 = CARTESIAN_POINT ( 'NONE',  ( 2.019074245200173756, -0.2698872831266574401, 1.896801327851040275 ) ) ;
#2913 = CARTESIAN_POINT ( 'NONE',  ( 2.146058577317200289, 0.8202007110391651423, 1.812785665949786074 ) ) ;
#2914 = EDGE_LOOP ( 'NONE', ( #3205, #2437, #3843, #616 ) ) ;
#2915 =( BOUNDED_SURFACE ( )  B_SPLINE_SURFACE ( 3, 2, ( 
 ( #863, #26, #4393 ),
 ( #919, #2480, #4062 ),
 ( #806, #4848, #4118 ),
 ( #3276, #1246, #2847 ),
 ( #403, #4445, #492 ),
 ( #3668, #1274, #1302 ) ),
 .UNSPECIFIED., .F., .F., .T. ) 
 B_SPLINE_SURFACE_WITH_KNOTS ( ( 4, 2, 4 ),
 ( 3, 3 ),
 ( 2.862293735361731706E-17, 0.001915375053114213525, 0.003830750106228398427 ),
 ( 0.000000000000000000, 1.000000000000000000 ),
 .UNSPECIFIED. ) 
 GEOMETRIC_REPRESENTATION_ITEM ( )  RATIONAL_B_SPLINE_SURFACE ( (
 ( 1.000000000000000000, 0.8921530605762330035, 1.000000000000000000),
 ( 1.000000000000000000, 0.8877412438012561857, 1.000000000000000000),
 ( 1.000000000000000000, 0.8839889689047252253, 1.000000000000000000),
 ( 1.000000000000000000, 0.8812435048229191326, 1.000000000000000000),
 ( 1.000000000000000000, 0.8818113977835165818, 1.000000000000000000),
 ( 1.000000000000000000, 0.8827962076452048334, 1.000000000000000000) ) ) 
 REPRESENTATION_ITEM ( '' )  SURFACE ( )  );
#2916 = CARTESIAN_POINT ( 'NONE',  ( 8.411002121304742118, -10.45679106199362529, 3.326612915622519040 ) ) ;
#2917 = CARTESIAN_POINT ( 'NONE',  ( 5.754081277458443111, 5.969140157838309868, 2.501348400697757324 ) ) ;
#2918 = CARTESIAN_POINT ( 'NONE',  ( 6.380503884814432425, -3.972825356422765353, 1.468290992923444227 ) ) ;
#2919 = CARTESIAN_POINT ( 'NONE',  ( 1.999949998749938285, -3.834327782531928630, 2.215557826395948560 ) ) ;
#2920 = CARTESIAN_POINT ( 'NONE',  ( 2.605915805110412542, 0.7739561221207225117, 1.573519030372655170 ) ) ;
#2921 = CARTESIAN_POINT ( 'NONE',  ( 3.209409197825113580, 0.3515188270442060059, 1.338337327146508438 ) ) ;
#2922 = CARTESIAN_POINT ( 'NONE',  ( 1.999949998749940727, -1.865448121057918129, 2.055362586437699424 ) ) ;
#2923 = CARTESIAN_POINT ( 'NONE',  ( 9.468908498750174374, -1.139354754898402877, 2.883629495609738136 ) ) ;
#2924 = CARTESIAN_POINT ( 'NONE',  ( 7.701580820324775978, 1.319419916819108973, 1.835454205796486438 ) ) ;
#2925 = CARTESIAN_POINT ( 'NONE',  ( 8.377591729077330740, 3.761770405591613464, 2.689226393752377930 ) ) ;
#2926 = CARTESIAN_POINT ( 'NONE',  ( 2.324028111578460454, 3.747342590525254202, 2.078844110841326032 ) ) ;
#2927 = CARTESIAN_POINT ( 'NONE',  ( 4.058875564993039475, -8.629086222101713943, 2.252513652087487994 ) ) ;
#2928 = EDGE_CURVE ( 'NONE', #425, #3682, #3338, .T. ) ;
#2929 = CARTESIAN_POINT ( 'NONE',  ( 2.501340972289024744, -3.716627043292453081, 1.927249747355083365 ) ) ;
#2930 = CARTESIAN_POINT ( 'NONE',  ( 6.896536634723473114, -11.82745605043714043, 2.098294408110622733 ) ) ;
#2931 = CARTESIAN_POINT ( 'NONE',  ( 8.961825748226447175, 1.194565688989494001, 2.658368200029806783 ) ) ;
#2932 = CARTESIAN_POINT ( 'NONE',  ( 9.389597014876002845, 3.853772437887842628, 3.659188128258814565 ) ) ;
#2933 = ADVANCED_FACE ( 'NONE', ( #3257 ), #4524, .T. ) ;
#2934 = CARTESIAN_POINT ( 'NONE',  ( 1.105821928130273912, -3.500901293199187858, 2.659073318195587898 ) ) ;
#2935 = CARTESIAN_POINT ( 'NONE',  ( -0.5951804423796891452, -8.205601342321012126, 5.394269587460130744 ) ) ;
#2936 = CARTESIAN_POINT ( 'NONE',  ( 7.740190344806168632, 4.635159382735423605, 2.570376532988880580 ) ) ;
#2937 = CARTESIAN_POINT ( 'NONE',  ( 8.249929752888258250, -10.17088184016486530, 3.114668585326071160 ) ) ;
#2938 = CARTESIAN_POINT ( 'NONE',  ( 8.959137415448974906, 0.06135829635958971878, 2.564354337544688001 ) ) ;
#2939 = CARTESIAN_POINT ( 'NONE',  ( 8.999949998749924518, 2.313854724497717452, 2.897041386605787583 ) ) ;
#2940 = CARTESIAN_POINT ( 'NONE',  ( 4.740651354127697559, 0.6908010247587137442, 1.019089221498263642 ) ) ;
#2941 = AXIS2_PLACEMENT_3D ( 'NONE', #4349, #2347, #2403 ) ;
#2942 = CARTESIAN_POINT ( 'NONE',  ( 7.880691740657992383, -3.979539470112369859, 1.978976379883857772 ) ) ;
#2943 = CARTESIAN_POINT ( 'NONE',  ( 7.489740403967364735, 5.886913080821843280, 3.153919859543096837 ) ) ;
#2944 = CARTESIAN_POINT ( 'NONE',  ( 2.017155363361490039, -3.969184999018771087, 2.194293682856355066 ) ) ;
#2945 = LINE ( 'NONE', #4945, #4727 ) ;
#2946 = CARTESIAN_POINT ( 'NONE',  ( 8.925365916965885660, 0.6621246865491370315, 2.571338573909456304 ) ) ;
#2947 = CARTESIAN_POINT ( 'NONE',  ( 5.529365205234022085, 0.3072894482786525661, 1.057409825047137319 ) ) ;
#2948 = CARTESIAN_POINT ( 'NONE',  ( 4.603810257708760290, -11.38338172671346449, 2.127007381623184923 ) ) ;
#2949 = B_SPLINE_CURVE_WITH_KNOTS ( 'NONE', 3,
 ( #81, #428, #2843, #828 ),
 .UNSPECIFIED., .F., .F.,
 ( 4, 4 ),
 ( 0.000000000000000000, 0.9725027788750532087 ),
 .UNSPECIFIED. ) ;
#2950 = CARTESIAN_POINT ( 'NONE',  ( 8.475300013037625035, -0.7092272328940996129, 2.194690033421967890 ) ) ;
#2951 = CARTESIAN_POINT ( 'NONE',  ( 7.711288112302816522, 0.9365117232992270502, 1.821933408944406141 ) ) ;
#2952 = CARTESIAN_POINT ( 'NONE',  ( 3.354028814789373314, 3.713332244063505261, 1.585445518917641516 ) ) ;
#2953 = CARTESIAN_POINT ( 'NONE',  ( 6.408391481931556832, -11.40571662523595720, 2.089116434744565876 ) ) ;
#2954 = CARTESIAN_POINT ( 'NONE',  ( 7.752619027187035883, 5.484860270958208162, 3.044024824246918559 ) ) ;
#2955 = PRODUCT_RELATED_PRODUCT_CATEGORY ( 'part', '', ( #261 ) ) ;
#2956 = CARTESIAN_POINT ( 'NONE',  ( 3.213344167146102492, -12.48475869636348001, 2.864925759330856359 ) ) ;
#2957 = CARTESIAN_POINT ( 'NONE',  ( 2.147774962167354307, 0.9273793267096375192, 1.812851058155916961 ) ) ;
#2958 = CARTESIAN_POINT ( 'NONE',  ( 10.24256845521147241, 3.942464560651615102, 6.719893010966988989 ) ) ;
#2959 = CARTESIAN_POINT ( 'NONE',  ( 9.844199334464839524, 1.413455969389632028, 3.543314846491305126 ) ) ;
#2960 = CARTESIAN_POINT ( 'NONE',  ( 8.961208216752220679, -8.519370690424853620, 3.405997037990685872 ) ) ;
#2961 = EDGE_CURVE ( 'NONE', #1593, #2790, #386, .T. ) ;
#2962 = CARTESIAN_POINT ( 'NONE',  ( 2.396413704489910756, -10.97286483308981886, 2.584312777352078871 ) ) ;
#2963 = CARTESIAN_POINT ( 'NONE',  ( 6.225976052762009161, -10.91312212443449248, 6.365448252158966369 ) ) ;
#2964 = CARTESIAN_POINT ( 'NONE',  ( 1.999966355119295658, 2.010650200520852415, 1.999999999999998668 ) ) ;
#2965 = CARTESIAN_POINT ( 'NONE',  ( 8.019445189649980321, 0.8036515902177521209, 1.991078305033167961 ) ) ;
#2966 = CARTESIAN_POINT ( 'NONE',  ( 7.256941920856681882, 0.7642606376156713122, 1.585075562571807373 ) ) ;
#2967 = CARTESIAN_POINT ( 'NONE',  ( 9.935107670724359963, -7.956213223858920713, 4.184020815072277522 ) ) ;
#2968 = CARTESIAN_POINT ( 'NONE',  ( 7.554638126485414773, 5.244574337314677592, 2.759556511442317728 ) ) ;
#2969 = CARTESIAN_POINT ( 'NONE',  ( 1.756136336607937887, -3.891090596878421515, 2.314022252933749524 ) ) ;
#2970 = CARTESIAN_POINT ( 'NONE',  ( 7.341927416278204888, 3.459662296348808841, 1.954600110012469028 ) ) ;
#2971 = CARTESIAN_POINT ( 'NONE',  ( 2.849290541806359656, 4.214101494665981384, 1.975835035040107934 ) ) ;
#2972 = CARTESIAN_POINT ( 'NONE',  ( 2.252061153761787615, -0.2801182382181910402, 1.779188570452169493 ) ) ;
#2973 = CARTESIAN_POINT ( 'NONE',  ( 7.725892604222361015, 0.7192657593314555342, 1.820792833798263510 ) ) ;
#2974 = CARTESIAN_POINT ( 'NONE',  ( 2.143909794065142815, -3.112436568088046585, 2.047438252598563491 ) ) ;
#2975 = CARTESIAN_POINT ( 'NONE',  ( 7.388492991827862788, 3.109774298313966234, 1.897563630228433773 ) ) ;
#2976 = CARTESIAN_POINT ( 'NONE',  ( 4.011781584991322092, -5.875484269913938462, 1.716948018905729345 ) ) ;
#2977 = CARTESIAN_POINT ( 'NONE',  ( 9.593288394797095719, 4.455633998928565376, 4.184320142594351033 ) ) ;
#2978 = CARTESIAN_POINT ( 'NONE',  ( 9.818297892825123441, 1.416875856564442371, 3.514529654893376875 ) ) ;
#2979 = CARTESIAN_POINT ( 'NONE',  ( -0.6036636413238385401, -9.959918420361507430, 5.551717950944050628 ) ) ;
#2980 = ORIENTED_EDGE ( 'NONE', *, *, #3047, .T. ) ;
#2981 = CARTESIAN_POINT ( 'NONE',  ( 4.396716025259969740, -11.32319758964319689, 2.032842693050232352 ) ) ;
#2982 = CARTESIAN_POINT ( 'NONE',  ( 8.424087985996232320, 0.1724650188974219400, 2.196099953830842999 ) ) ;
#2983 = CARTESIAN_POINT ( 'NONE',  ( 8.959980317864689070, 0.4237217272389467992, 2.589958163417181769 ) ) ;
#2984 = CARTESIAN_POINT ( 'NONE',  ( 7.805853347477586190, 3.451933154665215220, 2.217382759192487285 ) ) ;
#2985 = CARTESIAN_POINT ( 'NONE',  ( -0.7449367048412633974, -11.92785570336554812, 6.426386388713364539 ) ) ;
#2986 = EDGE_CURVE ( 'NONE', #2380, #2465, #4870, .T. ) ;
#2987 = CARTESIAN_POINT ( 'NONE',  ( 4.316743108993426503, -9.181624138416694336, 2.296246698605854064 ) ) ;
#2988 = CARTESIAN_POINT ( 'NONE',  ( 7.554270750513614630, 3.797914092806331521, 2.167731296481469005 ) ) ;
#2989 = CARTESIAN_POINT ( 'NONE',  ( 10.26584290013243717, -4.161476729092755455, 3.788321860953570042 ) ) ;
#2990 = CARTESIAN_POINT ( 'NONE',  ( 8.076743592033915675, 5.846338000482010244, 3.515278832766266071 ) ) ;
#2991 = CARTESIAN_POINT ( 'NONE',  ( 7.328859567674586906, 2.608805497081342573, 1.772708686575992898 ) ) ;
#2992 = CARTESIAN_POINT ( 'NONE',  ( 7.379413696902283881, 3.589134205660399424, 2.008005092415960924 ) ) ;
#2993 = CARTESIAN_POINT ( 'NONE',  ( 4.310162287315105090, -8.656454072166781089, 2.197987566373903245 ) ) ;
#2994 = CARTESIAN_POINT ( 'NONE',  ( 2.189294683682649900, 5.329382862767073625, 2.881628908820060175 ) ) ;
#2995 = CARTESIAN_POINT ( 'NONE',  ( 7.838944344085951421, -1.890582461136547376, 1.841160416844614511 ) ) ;
#2996 = CARTESIAN_POINT ( 'NONE',  ( 7.716942189483388503, 0.9363963396785135451, 1.825017799025228316 ) ) ;
#2997 = CARTESIAN_POINT ( 'NONE',  ( 2.032600051307354772, -8.477003187600695711, 2.923212712171415539 ) ) ;
#2998 =( LENGTH_UNIT ( ) NAMED_UNIT ( * ) SI_UNIT ( .MILLI., .METRE. ) );
#2999 = CARTESIAN_POINT ( 'NONE',  ( 2.232796074177961110, 4.016802053467078082, 2.232969743474051416 ) ) ;
#3000 = CARTESIAN_POINT ( 'NONE',  ( 7.962289375130826130, 4.167181757763982475, 2.531501777593303082 ) ) ;
#3001 = CARTESIAN_POINT ( 'NONE',  ( 4.014800175562937667, -4.040131318412354844, 1.494666441311817806 ) ) ;
#3002 = CARTESIAN_POINT ( 'NONE',  ( 2.286019281153535587, -9.229512758999407041, 2.835126540316498911 ) ) ;
#3003 = CARTESIAN_POINT ( 'NONE',  ( 9.590461452231270556, 4.467978811728473332, 4.187643335895114838 ) ) ;
#3004 = CARTESIAN_POINT ( 'NONE',  ( 9.578463811792756744, 3.320149777919112477, 3.691765565478199118 ) ) ;
#3005 = ORIENTED_EDGE ( 'NONE', *, *, #3184, .T. ) ;
#3006 = CARTESIAN_POINT ( 'NONE',  ( 4.290679524312645654, -11.28450808739673583, 3.140872896634617106 ) ) ;
#3007 = CARTESIAN_POINT ( 'NONE',  ( -0.6240493134132135689, -11.93125205895695373, 5.419494382230287677 ) ) ;
#3008 = ORIENTED_EDGE ( 'NONE', *, *, #4857, .F. ) ;
#3009 = CARTESIAN_POINT ( 'NONE',  ( 4.586587114020527878, -11.37881984961307502, 2.000539224778302927 ) ) ;
#3010 = CARTESIAN_POINT ( 'NONE',  ( 9.943321797392302486, 1.379269255056381205, 3.626212258104860808 ) ) ;
#3011 = CARTESIAN_POINT ( 'NONE',  ( 2.305705875017912021, 3.445723532660921240, 2.057275768723382026 ) ) ;
#3012 = CARTESIAN_POINT ( 'NONE',  ( 7.429930810505351424, 3.961842947016236405, 2.143058942033505332 ) ) ;
#3013 = CARTESIAN_POINT ( 'NONE',  ( -0.7141148930285903251, -6.264209900185751856, 5.449515173542671675 ) ) ;
#3014 = CARTESIAN_POINT ( 'NONE',  ( 7.527579462478662720, 4.564280760213589971, 2.407550478364648416 ) ) ;
#3015 = CARTESIAN_POINT ( 'NONE',  ( 10.27102900977650002, -3.495320631409865264, 3.719114798832485747 ) ) ;
#3016 = CARTESIAN_POINT ( 'NONE',  ( 7.718096902491412337, 3.708707013197059865, 2.235893128597651103 ) ) ;
#3017 = CARTESIAN_POINT ( 'NONE',  ( 7.316531590000551866, 3.114725564706998906, 1.860406500593272616 ) ) ;
#3018 = AXIS2_PLACEMENT_3D ( 'NONE', #844, #1612, #4506 ) ;
#3019 = CARTESIAN_POINT ( 'NONE',  ( 7.384643155174282825, 3.587748052055250714, 2.010532871608134098 ) ) ;
#3020 = CARTESIAN_POINT ( 'NONE',  ( 2.217433353036878607, 4.149150153206770497, 2.294034506064805523 ) ) ;
#3021 = ADVANCED_FACE ( 'NONE', ( #145 ), #614, .T. ) ;
#3022 = CARTESIAN_POINT ( 'NONE',  ( 3.231481101638861819, -1.909187661139566394, 1.494613210778987344 ) ) ;
#3023 = CARTESIAN_POINT ( 'NONE',  ( 7.546090359587320329, 3.430697096797413970, 2.061252406859624298 ) ) ;
#3024 = DIRECTION ( 'NONE',  ( 0.000000000000000000, 0.000000000000000000, -1.000000000000000000 ) ) ;
#3025 = CARTESIAN_POINT ( 'NONE',  ( 7.829409139168290288, 4.884463448403569608, 2.737555880956173748 ) ) ;
#3026 = CARTESIAN_POINT ( 'NONE',  ( 4.014325367974587166, -3.763741065588216195, 1.469535985000341327 ) ) ;
#3027 = CARTESIAN_POINT ( 'NONE',  ( 4.510301597449209332, -12.88523018392212549, 1.420606771367076249 ) ) ;
#3028 = CARTESIAN_POINT ( 'NONE',  ( 10.24516700414275938, 3.940806635398919067, 6.714992887423748336 ) ) ;
#3029 = CARTESIAN_POINT ( 'NONE',  ( 9.749703485330392994, 2.430523265953471679, 3.646446700370377769 ) ) ;
#3030 = ORIENTED_EDGE ( 'NONE', *, *, #3760, .F. ) ;
#3031 = CARTESIAN_POINT ( 'NONE',  ( 2.010726932386497801, -8.317992355164047780, 2.905835346806386443 ) ) ;
#3032 = ORIENTED_EDGE ( 'NONE', *, *, #3291, .F. ) ;
#3033 = CARTESIAN_POINT ( 'NONE',  ( 8.751932765974828499, -11.08002764792678718, 3.194517138031082837 ) ) ;
#3034 = CARTESIAN_POINT ( 'NONE',  ( 2.013333856422477197, 0.3310407238642232297, 1.886346867477648015 ) ) ;
#3035 = CARTESIAN_POINT ( 'NONE',  ( 2.068414619755517325, -8.324806750027299529, 2.816487234083672409 ) ) ;
#3036 = CARTESIAN_POINT ( 'NONE',  ( 7.779051727229507662, 3.454235565970270372, 2.201603797642072369 ) ) ;
#3037 = CARTESIAN_POINT ( 'NONE',  ( -0.6162235562095983443, -3.127234395793071720, 4.960516138358301852 ) ) ;
#3038 =( BOUNDED_SURFACE ( )  B_SPLINE_SURFACE ( 3, 2, ( 
 ( #4256, #672, #4030 ),
 ( #1991, #517, #2105 ),
 ( #4901, #2812, #4790 ),
 ( #1243, #4000, #457 ) ),
 .UNSPECIFIED., .F., .F., .T. ) 
 B_SPLINE_SURFACE_WITH_KNOTS ( ( 4, 4 ),
 ( 3, 3 ),
 ( 1.683765973869988386E-16, 0.002962391924138122346 ),
 ( 0.000000000000000000, 1.000000000000000000 ),
 .UNSPECIFIED. ) 
 GEOMETRIC_REPRESENTATION_ITEM ( )  RATIONAL_B_SPLINE_SURFACE ( (
 ( 1.000000000000000000, 0.8506774473391601754, 1.000000000000000000),
 ( 1.000000000000000000, 0.8512326664703075974, 1.000000000000000000),
 ( 1.000000000000000000, 0.8493748709169016697, 1.000000000000000000),
 ( 1.000000000000000000, 0.8538544002089651919, 1.000000000000000000) ) ) 
 REPRESENTATION_ITEM ( '' )  SURFACE ( )  );
#3039 = CARTESIAN_POINT ( 'NONE',  ( 7.752851195915292593, 5.515727074691306520, 3.064686743674837732 ) ) ;
#3040 = CARTESIAN_POINT ( 'NONE',  ( 9.593082697705211714, -8.002449440265568370, 3.810537048537522509 ) ) ;
#3041 = CARTESIAN_POINT ( 'NONE',  ( 7.951298009199692096, 5.906158868028837716, 3.475968648722962406 ) ) ;
#3042 = DIRECTION ( 'NONE',  ( -1.000000000000000000, 0.000000000000000000, 0.000000000000000000 ) ) ;
#3043 = CARTESIAN_POINT ( 'NONE',  ( 1.862020120733791639, 4.297459735453590390, 2.578139661938825711 ) ) ;
#3044 = CARTESIAN_POINT ( 'NONE',  ( 1.875198461426950347, -1.192458802763085579, 2.016272038088731566 ) ) ;
#3045 = CARTESIAN_POINT ( 'NONE',  ( 7.419333592610987793, 3.107652327002274895, 1.913488114357837500 ) ) ;
#3046 = CARTESIAN_POINT ( 'NONE',  ( 3.226073754713139063, -10.67939011111227465, 2.502983238831219204 ) ) ;
#3047 = EDGE_CURVE ( 'NONE', #3559, #753, #833, .T. ) ;
#3048 = CARTESIAN_POINT ( 'NONE',  ( 8.391406907593390585, 3.742614418763806405, 2.693573534871081421 ) ) ;
#3049 = CARTESIAN_POINT ( 'NONE',  ( 5.594017771389191651, -3.630305129962790645, 1.338564303273847900 ) ) ;
#3050 = CARTESIAN_POINT ( 'NONE',  ( 7.909081532674839821, 3.073025328880152340, 2.192427322020086500 ) ) ;
#3051 = CARTESIAN_POINT ( 'NONE',  ( 10.23737135734891268, 3.945780411157062684, 6.729693258053471183 ) ) ;
#3052 = CARTESIAN_POINT ( 'NONE',  ( 9.963454396592373641, 0.005792326071979436719, 3.465543369602701151 ) ) ;
#3053 = VERTEX_POINT ( 'NONE', #1264 ) ;
#3054 = CARTESIAN_POINT ( 'NONE',  ( -0.4331892900555356363, -11.25617257149627548, 4.946246594754283521 ) ) ;
#3055 = CARTESIAN_POINT ( 'NONE',  ( 8.420354172544323390, 0.2352148094498796027, 2.196600745083830297 ) ) ;
#3056 = CARTESIAN_POINT ( 'NONE',  ( 2.882899676523027921, 4.334869625208708221, 2.060683315509303171 ) ) ;
#3057 = CARTESIAN_POINT ( 'NONE',  ( 6.626540558770876999, -11.31377806946451337, 2.315893550236274745 ) ) ;
#3058 = CARTESIAN_POINT ( 'NONE',  ( -0.6415060129467374805, -7.066440169054860831, 5.351297152961516090 ) ) ;
#3059 = CARTESIAN_POINT ( 'NONE',  ( 7.757428750033723119, 5.495868049199714278, 3.054552598158896348 ) ) ;
#3060 = CARTESIAN_POINT ( 'NONE',  ( 9.885520200133608881, -7.185174014693373579, 3.974339190125001142 ) ) ;
#3061 = CARTESIAN_POINT ( 'NONE',  ( 7.351901410500835787, 3.744086679491859471, 2.035884272525113836 ) ) ;
#3062 = CARTESIAN_POINT ( 'NONE',  ( 6.377856215044247712, -11.27537658394195397, 2.138842358265563348 ) ) ;
#3063 = CARTESIAN_POINT ( 'NONE',  ( 2.367590654527587546, 6.410062151421008991, 3.628083196287591683 ) ) ;
#3064 = CARTESIAN_POINT ( 'NONE',  ( 3.999392351782107724, -1.929652578987139933, 1.310180488517077357 ) ) ;
#3065 = CARTESIAN_POINT ( 'NONE',  ( 7.411154956798317706, 3.358063818820034019, 1.966165723128773246 ) ) ;
#3066 = CARTESIAN_POINT ( 'NONE',  ( 2.142196319570183416, 0.5258803024328906339, 1.815993399491686811 ) ) ;
#3067 = B_SPLINE_CURVE_WITH_KNOTS ( 'NONE', 3,
 ( #3598, #4296, #4321, #4777, #1557, #3175, #5140, #1892, #2405, #5194 ),
 .UNSPECIFIED., .F., .F.,
 ( 4, 3, 3, 4 ),
 ( 0.000000000000000000, 0.0001515548336428240760, 0.0002557652726319854840, 0.0003599757516286435565 ),
 .UNSPECIFIED. ) ;
#3068 = CARTESIAN_POINT ( 'NONE',  ( 5.853958594383206204, -11.16974545277932762, 2.066966585967086711 ) ) ;
#3069 = CARTESIAN_POINT ( 'NONE',  ( 7.797592585177415714, 5.225075003626400871, 2.906542316700353901 ) ) ;
#3070 = CARTESIAN_POINT ( 'NONE',  ( 6.380338650774988629, -3.907046026562832619, 1.462253082007771043 ) ) ;
#3071 =( BOUNDED_SURFACE ( )  B_SPLINE_SURFACE ( 3, 2, ( 
 ( #2373, #1972, #3592 ),
 ( #1037, #4574, #567 ),
 ( #987, #1778, #1415 ),
 ( #3399, #4603, #5044 ),
 ( #1011, #798, #771 ),
 ( #5148, #1158, #2328 ),
 ( #2757, #3494, #3550 ),
 ( #1986, #1512, #1184 ) ),
 .UNSPECIFIED., .F., .F., .T. ) 
 B_SPLINE_SURFACE_WITH_KNOTS ( ( 4, 2, 2, 4 ),
 ( 3, 3 ),
 ( 2.602085213965210642E-17, 0.001053182624250180140, 0.002106365248500334259, 0.004212730497000642498 ),
 ( 0.000000000000000000, 1.000000000000000000 ),
 .UNSPECIFIED. ) 
 GEOMETRIC_REPRESENTATION_ITEM ( )  RATIONAL_B_SPLINE_SURFACE ( (
 ( 1.000000000000000000, 0.8435443112243857788, 1.000000000000000000),
 ( 1.000000000000000000, 0.8441026291435641538, 1.000000000000000000),
 ( 1.000000000000000000, 0.8445680731537367203, 1.000000000000000000),
 ( 1.000000000000000000, 0.8458350999674560944, 1.000000000000000000),
 ( 1.000000000000000000, 0.8466843766558995732, 1.000000000000000000),
 ( 1.000000000000000000, 0.8491886024378803022, 1.000000000000000000),
 ( 1.000000000000000000, 0.8503663987096462540, 1.000000000000000000),
 ( 1.000000000000000000, 0.8506774473391998104, 1.000000000000000000) ) ) 
 REPRESENTATION_ITEM ( '' )  SURFACE ( )  );
#3072 = CARTESIAN_POINT ( 'NONE',  ( 7.941961245290809046, 0.8050387958614402262, 1.944900023746542805 ) ) ;
#3073 = EDGE_CURVE ( 'NONE', #4238, #2380, #4080, .T. ) ;
#3074 = CARTESIAN_POINT ( 'NONE',  ( 10.26783659688492634, 3.972765214756646124, 6.641988371782453271 ) ) ;
#3075 = CARTESIAN_POINT ( 'NONE',  ( 8.190406759438426221, 3.782266513193216717, 2.531564870492100550 ) ) ;
#3076 = B_SPLINE_SURFACE_WITH_KNOTS ( 'NONE', 3, 3, ( 
 ( #3028, #1016, #1353, #2254, #3379, #2652, #968, #990, #1831, #2183, #3003, #2580, #4169, #2605, #2229, #4210, #1732, #4632 ),
 ( #2958, #3426, #620, #4189, #648, #2159, #673, #3863, #1781, #5048, #2977, #4553, #5026, #1396, #572, #2207, #3793, #2558 ),
 ( #3450, #3768, #166, #1420, #1755, #3839, #3815, #4978, #188, #1443, #3403, #1371, #4579, #5000, #1042, #213, #2628, #4233 ),
 ( #3051, #4657, #1064, #2705, #3074, #2334, #5179, #1878, #4283, #4336, #1490, #341, #1933, #2734, #1570, #258, #5154, #3944 ),
 ( #1963, #3101, #3188, #2391, #2279, #313, #3556, #4706, #1545, #4681, #696, #5074, #1906, #3584, #3975, #1086, #4791, #3527 ),
 ( #750, #4737, #3889, #2764, #3160, #371, #4764, #2787, #1165, #3475, #4309, #1856, #2306, #1189, #722, #285, #1518, #3499 ),
 ( #1465, #2677, #5099, #1108, #3917, #4390, #803, #5125, #3133, #1137, #4364, #777, #2362, #2106, #2900, #4525, #3302, #4088 ),
 ( #2502, #3692, #2052, #4418, #2873, #2024, #3215, #518, #82, #1653, #3611, #941, #429, #4927, #4817, #3243, #4115, #2844 ),
 ( #4846, #1214, #3273, #4497, #4875, #4001, #1681, #4443, #5210, #489, #4471, #1244, #914, #829, #2925, #400, #4059, #3716 ),
 ( #1992, #2082, #3665, #2813, #887, #860, #2418, #2449, #1597, #1300, #1323, #1272, #4031, #459, #3640, #2477, #4902, #22 ),
 ( #1624, #51, #108, #1705, #3324, #159, #1776, #233, #1827, #591, #3788, #544, #4162, #3446, #1009, #2624, #3349, #4228 ) ),
 .UNSPECIFIED., .F., .F., .F.,
 ( 4, 3, 1, 3, 4 ),
 ( 4, 3, 1, 1, 1, 1, 1, 1, 1, 1, 3, 4 ),
 ( -0.1000000000000000056, 0.000000000000000000, 1.000000000000000000, 2.000000000000000000, 2.100000000000000089 ),
 ( -0.7000000000000000666, 0.000000000000000000, 1.000000000000000000, 2.000000000000000000, 3.000000000000000000, 5.000000000000000000, 7.000000000000000000, 9.000000000000000000, 11.00000000000000000, 13.00000000000000000, 14.00000000000000000, 14.69999999999999929 ),
 .UNSPECIFIED. ) ;
#3077 = ORIENTED_EDGE ( 'NONE', *, *, #1352, .T. ) ;
#3078 = B_SPLINE_CURVE_WITH_KNOTS ( 'NONE', 3,
 ( #3270, #2922, #79, #1650 ),
 .UNSPECIFIED., .F., .F.,
 ( 4, 4 ),
 ( 0.000000000000000000, 0.002962013270270096553 ),
 .UNSPECIFIED. ) ;
#3079 = CARTESIAN_POINT ( 'NONE',  ( 9.536850947285506308, -11.69576941119462887, 3.743079206107188917 ) ) ;
#3080 = CARTESIAN_POINT ( 'NONE',  ( 2.139385358406876048, 0.2586171038121976018, 1.821262109900084747 ) ) ;
#3081 = CARTESIAN_POINT ( 'NONE',  ( 2.142196319570183416, 0.5258803024328906339, 1.815993399491686811 ) ) ;
#3082 = ADVANCED_FACE ( 'NONE', ( #1477 ), #2161, .T. ) ;
#3083 = CARTESIAN_POINT ( 'NONE',  ( 8.441125426565870171, 3.404277844480607662, 2.627907373551459980 ) ) ;
#3084 = CARTESIAN_POINT ( 'NONE',  ( -0.7366030212343915862, -3.371335626738830804, 5.383514489424523930 ) ) ;
#3085 = AXIS2_PLACEMENT_3D ( 'NONE', #3199, #3284, #471 ) ;
#3086 = CARTESIAN_POINT ( 'NONE',  ( 7.869122348520111387, 3.931194562265289072, 2.395603167369196651 ) ) ;
#3087 = CARTESIAN_POINT ( 'NONE',  ( 10.27051866692400850, -10.25460733815869396, 4.961440602177087378 ) ) ;
#3088 = CARTESIAN_POINT ( 'NONE',  ( 8.268939166505088423, 3.780974523687761657, 2.614747375811883767 ) ) ;
#3089 = CARTESIAN_POINT ( 'NONE',  ( 4.290679524312645654, -11.28450808739673583, 3.140872896634617106 ) ) ;
#3090 = B_SPLINE_CURVE_WITH_KNOTS ( 'NONE', 3,
 ( #2997, #4277, #1826, #2575 ),
 .UNSPECIFIED., .F., .F.,
 ( 4, 4 ),
 ( 0.000000000000000000, 1.000000000000000000 ),
 .UNSPECIFIED. ) ;
#3091 = CARTESIAN_POINT ( 'NONE',  ( 2.049175801059998303, 2.814799925247246648, 2.002588397521460006 ) ) ;
#3092 = CARTESIAN_POINT ( 'NONE',  ( 1.434206024765485088, -11.34529292492927866, 2.969568905064114972 ) ) ;
#3093 = CARTESIAN_POINT ( 'NONE',  ( 2.865412541830432591, 4.126739806268292732, 1.930722789880528811 ) ) ;
#3094 = CARTESIAN_POINT ( 'NONE',  ( 2.619317757123040824, -2.680643050696512653, 1.783756652015377142 ) ) ;
#3095 = CARTESIAN_POINT ( 'NONE',  ( 7.376232547889365776, 0.6787566204245754076, 1.640093637204364851 ) ) ;
#3096 = CARTESIAN_POINT ( 'NONE',  ( 7.770455333602960479, 5.554763470215773324, 3.101650573612653616 ) ) ;
#3097 = CARTESIAN_POINT ( 'NONE',  ( 4.799686339997821349, -3.919585608893874085, 1.372441620352131020 ) ) ;
#3098 = CARTESIAN_POINT ( 'NONE',  ( 8.246932950531602913, 3.904274000526592125, 2.636719875521479572 ) ) ;
#3099 = CARTESIAN_POINT ( 'NONE',  ( 6.267965450684799045, -10.54394615284440206, 2.551957283411010913 ) ) ;
#3100 = CARTESIAN_POINT ( 'NONE',  ( 7.730063371377888792, 3.437244159588126458, 2.170530733331384354 ) ) ;
#3101 = CARTESIAN_POINT ( 'NONE',  ( 10.22987228000999238, 3.953186942430603423, 6.745237517466239119 ) ) ;
#3102 = CARTESIAN_POINT ( 'NONE',  ( 8.999949998749924518, -8.172457972543126559, 3.407178876953840252 ) ) ;
#3103 = CARTESIAN_POINT ( 'NONE',  ( 6.408471587061807639, -11.33134195838489333, 2.110176078509641950 ) ) ;
#3104 = CARTESIAN_POINT ( 'NONE',  ( 9.974925075494359916, -8.360321726478602500, 4.312862113771632977 ) ) ;
#3105 = ORIENTED_EDGE ( 'NONE', *, *, #743, .T. ) ;
#3106 = EDGE_CURVE ( 'NONE', #5057, #99, #765, .T. ) ;
#3107 = CARTESIAN_POINT ( 'NONE',  ( -0.5940292888510050329, -11.51972392553296487, 5.407653942217715226 ) ) ;
#3108 = CARTESIAN_POINT ( 'NONE',  ( 10.00001503045594475, 0.3096839428519959636, 3.550780180029427413 ) ) ;
#3109 = CARTESIAN_POINT ( 'NONE',  ( 7.034668893870557937, 0.4287369653966366378, 1.467400731205696029 ) ) ;
#3110 = CARTESIAN_POINT ( 'NONE',  ( 7.448643026737915562, 3.448322572207368708, 2.010018453310510100 ) ) ;
#3111 = CARTESIAN_POINT ( 'NONE',  ( 8.034504627076298533, 3.843095905679022373, 2.471317786831288554 ) ) ;
#3112 = CARTESIAN_POINT ( 'NONE',  ( -0.5095344552011327188, -11.63283970922909738, 5.663692606907732241 ) ) ;
#3113 = EDGE_CURVE ( 'NONE', #1280, #3841, #3457, .T. ) ;
#3114 = CARTESIAN_POINT ( 'NONE',  ( 7.857564442396211213, 4.882132756955592789, 2.755122068300329907 ) ) ;
#3115 = CARTESIAN_POINT ( 'NONE',  ( 10.08442709400374859, -12.23284189465631577, 5.084541026594467716 ) ) ;
#3116 = CARTESIAN_POINT ( 'NONE',  ( 8.999949998749825042, 0.5412453181151114512, 2.629126537346403225 ) ) ;
#3117 = CARTESIAN_POINT ( 'NONE',  ( 2.198592762896065089, 2.809658063701619746, 1.916101536445492526 ) ) ;
#3118 = CARTESIAN_POINT ( 'NONE',  ( 3.957013971068248814, 2.081889621241006516, 1.128653607211282051 ) ) ;
#3119 = CARTESIAN_POINT ( 'NONE',  ( 7.853443631551280113, -8.610091438558301391, 2.748422562925985524 ) ) ;
#3120 = ORIENTED_EDGE ( 'NONE', *, *, #4823, .T. ) ;
#3121 = CARTESIAN_POINT ( 'NONE',  ( 4.775345312728461522, 3.938414328556683053, 1.374820287116144346 ) ) ;
#3122 = CARTESIAN_POINT ( 'NONE',  ( 10.42102829486660909, -3.618253079126581895, 3.900894636822326511 ) ) ;
#3123 = CARTESIAN_POINT ( 'NONE',  ( 7.360121715820847399, 0.8144246867148874358, 1.636618517482220092 ) ) ;
#3124 = CARTESIAN_POINT ( 'NONE',  ( 7.751625975995237283, 5.515815313192256930, 3.063922148476859952 ) ) ;
#3125 = CARTESIAN_POINT ( 'NONE',  ( 5.594478406779960444, -3.919768031564063726, 1.365488853306950023 ) ) ;
#3126 = CARTESIAN_POINT ( 'NONE',  ( 3.266775083434005911, -7.837470771821037019, 2.255834822734150258 ) ) ;
#3127 = EDGE_LOOP ( 'NONE', ( #1422, #3675, #623, #576, #3149, #2308 ) ) ;
#3128 = CARTESIAN_POINT ( 'NONE',  ( 8.943506666855300935, 0.4188875428289273728, 2.566107324233499742 ) ) ;
#3129 = CARTESIAN_POINT ( 'NONE',  ( 9.992210544752417434, -9.959090245378970252, 4.464514202237175766 ) ) ;
#3130 = CARTESIAN_POINT ( 'NONE',  ( 7.145693528828545027, -3.450063625022425917, 1.623405087498149379 ) ) ;
#3131 = FACE_OUTER_BOUND ( 'NONE', #4582, .T. ) ;
#3132 = CIRCLE ( 'NONE', #2039, 2.999999999999995559 ) ;
#3133 = CARTESIAN_POINT ( 'NONE',  ( 10.45551797358902313, 3.702367554926200288, 5.298542355942762683 ) ) ;
#3134 = VERTEX_POINT ( 'NONE', #2568 ) ;
#3135 = CARTESIAN_POINT ( 'NONE',  ( 5.382597923427795195, -8.025904400069784117, 1.994372228911963862 ) ) ;
#3136 = CARTESIAN_POINT ( 'NONE',  ( 10.61103619170939538, -12.52083351642432874, 5.451763366577265124 ) ) ;
#3137 = CARTESIAN_POINT ( 'NONE',  ( 10.09031448945070508, 0.3618938095597823423, 3.658284771771089794 ) ) ;
#3138 = CARTESIAN_POINT ( 'NONE',  ( 2.427102498556833687, -9.708102444253112751, 2.861643149006004805 ) ) ;
#3139 = CARTESIAN_POINT ( 'NONE',  ( 7.703356136548173971, 3.668190956836431482, 2.217164144013827887 ) ) ;
#3140 = CARTESIAN_POINT ( 'NONE',  ( 8.667422253741300153, 3.850523985198667454, 2.940512620796452037 ) ) ;
#3141 = CARTESIAN_POINT ( 'NONE',  ( -0.5712461916233986248, -7.868062855898832808, 5.262508200459493857 ) ) ;
#3142 = CARTESIAN_POINT ( 'NONE',  ( 8.258367093454006991, -10.16010287870286177, 3.119657141514196930 ) ) ;
#3143 = CARTESIAN_POINT ( 'NONE',  ( 8.069665416500045652, 3.702827679374437686, 2.456769106621121246 ) ) ;
#3144 = DIRECTION ( 'NONE',  ( 0.000000000000000000, 0.000000000000000000, -1.000000000000000000 ) ) ;
#3145 = CARTESIAN_POINT ( 'NONE',  ( 5.377492207275448521, -11.03369890116651852, 5.443385992998855727 ) ) ;
#3146 = CARTESIAN_POINT ( 'NONE',  ( 2.041140388489691926, 1.334003920652221398, 1.873772628060351719 ) ) ;
#3147 = EDGE_CURVE ( 'NONE', #3797, #1423, #585, .T. ) ;
#3148 = CARTESIAN_POINT ( 'NONE',  ( 7.016163976037391947, 0.9497308883935073887, 1.480175978420258609 ) ) ;
#3149 = ORIENTED_EDGE ( 'NONE', *, *, #3246, .T. ) ;
#3150 = B_SPLINE_CURVE_WITH_KNOTS ( 'NONE', 3,
 ( #1621, #2022, #1212, #801, #2731, #338, #4029, #4788, #2388, #2761 ),
 .UNSPECIFIED., .F., .F.,
 ( 4, 3, 3, 4 ),
 ( 0.000000000000000000, 0.0001673711056172443956, 0.0002648328552890727482, 0.0003622946361083732619 ),
 .UNSPECIFIED. ) ;
#3151 = CARTESIAN_POINT ( 'NONE',  ( 5.035330947851599959, 6.203824516560624502, 2.588047872215140544 ) ) ;
#3152 = CARTESIAN_POINT ( 'NONE',  ( 10.22619166460500217, -3.645230405908445270, 3.684185639550386693 ) ) ;
#3153 = CARTESIAN_POINT ( 'NONE',  ( 7.301111289609033328, 3.115786550362625640, 1.852444258528598287 ) ) ;
#3154 = CARTESIAN_POINT ( 'NONE',  ( 5.656615666668230347, -11.37624829480160216, 2.000354245222941696 ) ) ;
#3155 = EDGE_LOOP ( 'NONE', ( #3669, #2235, #4708, #1927 ) ) ;
#3156 = CARTESIAN_POINT ( 'NONE',  ( 2.116594449616631124, -3.842554384186897209, 2.132940367350182775 ) ) ;
#3157 = CARTESIAN_POINT ( 'NONE',  ( 9.969631465362640554, -10.75893824958193434, 4.420419482314306592 ) ) ;
#3158 = CARTESIAN_POINT ( 'NONE',  ( 7.147266629634809298, -4.014656342270855660, 1.676375723011630958 ) ) ;
#3159 = CARTESIAN_POINT ( 'NONE',  ( 7.523053436227279178, 4.856013229984122326, 2.557364293029965374 ) ) ;
#3160 = CARTESIAN_POINT ( 'NONE',  ( 10.32891239765252145, 3.805294380571727864, 6.646884493962748053 ) ) ;
#3161 = CARTESIAN_POINT ( 'NONE',  ( 1.933039584202746131, 4.286380603120088395, 2.526985237563622810 ) ) ;
#3162 = CARTESIAN_POINT ( 'NONE',  ( 2.227407589355616668, -8.493479950113322019, 2.772430631061248985 ) ) ;
#3163 = CARTESIAN_POINT ( 'NONE',  ( 7.462357474825580539, 5.252564679196519926, 2.707967525634833450 ) ) ;
#3164 = VERTEX_POINT ( 'NONE', #3829 ) ;
#3165 = CARTESIAN_POINT ( 'NONE',  ( 5.734351694036524449, -11.39864874169746400, 1.958190615295570369 ) ) ;
#3166 = CARTESIAN_POINT ( 'NONE',  ( 4.747159322150008798, 0.1163568070417786426, 1.046202867721781615 ) ) ;
#3167 = CARTESIAN_POINT ( 'NONE',  ( 2.227616240721564722, -9.252763257722172341, 2.928418851970908676 ) ) ;
#3168 = CARTESIAN_POINT ( 'NONE',  ( 7.539941525163049718, 3.418748632420032241, 2.054780264464515671 ) ) ;
#3169 = CARTESIAN_POINT ( 'NONE',  ( 7.710469022471356126, 3.969873052665773283, 2.309668763053579710 ) ) ;
#3170 = CARTESIAN_POINT ( 'NONE',  ( -0.6183571182889792128, -11.97805730682008374, 6.034314331767698825 ) ) ;
#3171 = CARTESIAN_POINT ( 'NONE',  ( 7.651854595057621111, 2.572072273036283718, 1.946849040477305559 ) ) ;
#3172 = CARTESIAN_POINT ( 'NONE',  ( 2.613592587959001623, 3.990819842685837671, 2.007169455429926419 ) ) ;
#3173 = CARTESIAN_POINT ( 'NONE',  ( 10.53193956252902019, -4.776558687041687179, 4.178486769930928268 ) ) ;
#3174 = DIRECTION ( 'NONE',  ( -1.422473250300982064E-16, -3.191891195797325547E-16, -1.000000000000000000 ) ) ;
#3175 = CARTESIAN_POINT ( 'NONE',  ( 8.999949998749933400, 0.6380576096502172945, 2.687272072300991965 ) ) ;
#3176 = CARTESIAN_POINT ( 'NONE',  ( 7.435862491926123141, 1.327810123059797176, 1.693739083516509814 ) ) ;
#3177 = VERTEX_POINT ( 'NONE', #2172 ) ;
#3178 = CARTESIAN_POINT ( 'NONE',  ( 4.051550978620623411, 4.859044620243141210, 1.823763217791081637 ) ) ;
#3179 = CARTESIAN_POINT ( 'NONE',  ( 2.264726647164446938, -3.323635345239217553, 2.008847872383900945 ) ) ;
#3180 = CARTESIAN_POINT ( 'NONE',  ( 2.882953679905796651, 4.334938610927673963, 2.060682874957409538 ) ) ;
#3181 = CARTESIAN_POINT ( 'NONE',  ( 5.014796711466500412, -11.47287471164629125, 2.081955762947989896 ) ) ;
#3182 = ORIENTED_EDGE ( 'NONE', *, *, #3642, .T. ) ;
#3183 = CARTESIAN_POINT ( 'NONE',  ( 2.147401992222516043, -3.844016379564330066, 2.118024718950045404 ) ) ;
#3184 = EDGE_CURVE ( 'NONE', #2817, #4739, #4952, .T. ) ;
#3185 = DIRECTION ( 'NONE',  ( 2.220446049250313574E-16, 1.000000000000000000, -3.191891195797325547E-16 ) ) ;
#3186 = CARTESIAN_POINT ( 'NONE',  ( 8.520980765530552503, -6.543117278575261153, 2.713772239101887696 ) ) ;
#3187 = CARTESIAN_POINT ( 'NONE',  ( 8.960582937618706723, 0.6794731704009848716, 2.611015599040706014 ) ) ;
#3188 = CARTESIAN_POINT ( 'NONE',  ( 10.24835869198388316, 3.944014221176961321, 6.711780541446610293 ) ) ;
#3189 = CARTESIAN_POINT ( 'NONE',  ( 3.365456380878935505, 4.267557098294350482, 1.770387531869359821 ) ) ;
#3190 = CARTESIAN_POINT ( 'NONE',  ( 5.499949998749922742, -8.000050001250071929, 3.413194444444445974 ) ) ;
#3191 = DIRECTION ( 'NONE',  ( 1.422473250300982064E-16, 3.191891195797325547E-16, 1.000000000000000000 ) ) ;
#3192 = CARTESIAN_POINT ( 'NONE',  ( 10.63949272465278284, -12.53606898231973688, 5.533840961560824390 ) ) ;
#3193 = CARTESIAN_POINT ( 'NONE',  ( 3.211259223317664446, 0.08374460601283195693, 1.350499843248114340 ) ) ;
#3194 = CARTESIAN_POINT ( 'NONE',  ( 7.593510310715069878, 3.382525048802071055, 2.077270961480377487 ) ) ;
#3195 = CARTESIAN_POINT ( 'NONE',  ( 7.991546136946591439, 2.066669379821500563, 2.076297594454641793 ) ) ;
#3196 = CARTESIAN_POINT ( 'NONE',  ( -0.5348067580944054766, -4.110570290004028848, 4.711970237418076302 ) ) ;
#3197 = CARTESIAN_POINT ( 'NONE',  ( 8.605970795599027667, -9.621772264644016914, 3.315984381936692316 ) ) ;
#3198 = CARTESIAN_POINT ( 'NONE',  ( 2.387540457024063034, -11.35866776189212146, 2.497983476673512282 ) ) ;
#3199 = CARTESIAN_POINT ( 'NONE',  ( 2.099950395829507599, 1.999949998749833702, 1.999154575217628738 ) ) ;
#3200 = B_SPLINE_CURVE_WITH_KNOTS ( 'NONE', 3,
 ( #595, #2253, #2278, #1544, #1877, #4308, #3888, #257, #721 ),
 .UNSPECIFIED., .F., .F.,
 ( 4, 1, 1, 1, 1, 1, 4 ),
 ( 0.000000000000000000, 0.1428571428571428492, 0.2857142857142856984, 0.4285714285714285476, 0.7142857142857143016, 0.8571428571428570953, 1.000000000000000000 ),
 .UNSPECIFIED. ) ;
#3201 = CARTESIAN_POINT ( 'NONE',  ( 7.912797421075336679, 4.478265208123518804, 2.617040220809694340 ) ) ;
#3202 = CARTESIAN_POINT ( 'NONE',  ( 8.052652594366675132, 0.8030570735137743110, 2.010868997007958292 ) ) ;
#3203 = CARTESIAN_POINT ( 'NONE',  ( 5.859615314454686974, -11.48152107834943259, 2.127709100213298399 ) ) ;
#3204 = CARTESIAN_POINT ( 'NONE',  ( 7.367504585384453186, 0.9432825448248416400, 1.644324145725120756 ) ) ;
#3205 = ORIENTED_EDGE ( 'NONE', *, *, #452, .F. ) ;
#3206 = CARTESIAN_POINT ( 'NONE',  ( 3.364792234982018293, 4.241242507376314030, 1.761241273716787736 ) ) ;
#3207 = CARTESIAN_POINT ( 'NONE',  ( 7.880105623928521652, -3.717782567616567668, 1.953715461363787931 ) ) ;
#3208 = CARTESIAN_POINT ( 'NONE',  ( 2.882792265850559144, 4.334762236386120904, 2.004313001340032319 ) ) ;
#3209 = CARTESIAN_POINT ( 'NONE',  ( 8.504798517860573170, 3.794632526997832933, 2.843916905026429465 ) ) ;
#3210 = VERTEX_POINT ( 'NONE', #3781 ) ;
#3211 = CARTESIAN_POINT ( 'NONE',  ( 8.018009282651064495, 3.767679896657327721, 2.442637633763864002 ) ) ;
#3212 =( BOUNDED_SURFACE ( )  B_SPLINE_SURFACE ( 3, 2, ( 
 ( #2036, #4858, #4148 ),
 ( #872, #3651, #2066 ),
 ( #3677, #35, #897 ),
 ( #4099, #65, #2517 ),
 ( #1282, #3309, #2092 ),
 ( #3703, #528, #2658 ) ),
 .UNSPECIFIED., .F., .F., .T. ) 
 B_SPLINE_SURFACE_WITH_KNOTS ( ( 4, 2, 4 ),
 ( 3, 3 ),
 ( 7.600257229123386082E-17, 0.001441355055880130451, 0.002882710111760185007 ),
 ( 0.000000000000000000, 1.000000000000000000 ),
 .UNSPECIFIED. ) 
 GEOMETRIC_REPRESENTATION_ITEM ( )  RATIONAL_B_SPLINE_SURFACE ( (
 ( 1.000000000000000000, 0.8538544002089856200, 1.000000000000000000),
 ( 1.000000000000000000, 0.8637212666245736026, 1.000000000000000000),
 ( 1.000000000000000000, 0.8713682364696819782, 1.000000000000000000),
 ( 1.000000000000000000, 0.8770093407124315288, 1.000000000000000000),
 ( 1.000000000000000000, 0.8754511331909964333, 1.000000000000000000),
 ( 1.000000000000000000, 0.8667662797428603572, 1.000000000000000000) ) ) 
 REPRESENTATION_ITEM ( '' )  SURFACE ( )  );
#3213 = CARTESIAN_POINT ( 'NONE',  ( 9.992001551163093964, -11.77497606236876848, 4.349078373276535459 ) ) ;
#3214 = CARTESIAN_POINT ( 'NONE',  ( 8.960832578742881083, 0.7836283896251738934, 2.620394539442995718 ) ) ;
#3215 = CARTESIAN_POINT ( 'NONE',  ( 10.55309690212567375, 3.491409874862017038, 6.254155333968773434 ) ) ;
#3216 = CARTESIAN_POINT ( 'NONE',  ( 7.393527834465781545, 3.898822712408711588, 2.104742614899457909 ) ) ;
#3217 = CARTESIAN_POINT ( 'NONE',  ( 6.196007044601608449, -8.679193133587864040, 2.213783594397264576 ) ) ;
#3218 = EDGE_CURVE ( 'NONE', #4238, #1958, #178, .T. ) ;
#3219 = VERTEX_POINT ( 'NONE', #1384 ) ;
#3220 = B_SPLINE_CURVE_WITH_KNOTS ( 'NONE', 3,
 ( #1579, #2063, #2033, #2006, #759, #354, #4010, #3142, #3226, #3649, #3197, #4802, #3674, #1554 ),
 .UNSPECIFIED., .F., .F.,
 ( 4, 2, 2, 2, 2, 2, 4 ),
 ( 0.000000000000000000, 0.0005040997331451066215, 0.001008199466290213243, 0.002016398932580428221, 0.002520498665725536252, 0.003024598398870643849, 0.004032797865160855574 ),
 .UNSPECIFIED. ) ;
#3221 = CARTESIAN_POINT ( 'NONE',  ( 10.68175693294035788, -13.80519903614019128, 5.289362875290762211 ) ) ;
#3222 = CARTESIAN_POINT ( 'NONE',  ( 2.086996129524386401, -8.455868987580720031, 2.831132032788787445 ) ) ;
#3223 = CARTESIAN_POINT ( 'NONE',  ( 8.964065753086888577, 2.011869856251818689, 2.773285453012069635 ) ) ;
#3224 = CARTESIAN_POINT ( 'NONE',  ( 9.777309911090364736, 0.7270762586835399777, 3.359236522009703130 ) ) ;
#3225 = CARTESIAN_POINT ( 'NONE',  ( -0.5500036633628302418, -5.542272743724263151, 4.849202941588584892 ) ) ;
#3226 = CARTESIAN_POINT ( 'NONE',  ( 8.353893305586614915, -10.03243923292657236, 3.176064371928166707 ) ) ;
#3227 = VERTEX_POINT ( 'NONE', #1456 ) ;
#3228 = CARTESIAN_POINT ( 'NONE',  ( 8.999949998749933400, -8.000050001250148313, 3.377340718716893342 ) ) ;
#3229 = CARTESIAN_POINT ( 'NONE',  ( 8.240406424567861876, 4.188594998107793010, 2.728289951188286988 ) ) ;
#3230 = CARTESIAN_POINT ( 'NONE',  ( 2.102871944700113183, 2.705144686296064638, 1.955654232785943636 ) ) ;
#3231 = DIRECTION ( 'NONE',  ( 1.856154119295185810E-16, 1.000000000000000000, 0.000000000000000000 ) ) ;
#3232 = CARTESIAN_POINT ( 'NONE',  ( 5.518521211741130195, 1.371228452508699291, 1.043685603272617168 ) ) ;
#3233 = B_SPLINE_CURVE_WITH_KNOTS ( 'NONE', 3,
 ( #929, #172, #4507, #3287, #4127, #899 ),
 .UNSPECIFIED., .F., .F.,
 ( 4, 2, 4 ),
 ( 3.252606517456513302E-19, 0.001447372644680375211, 0.002894745289360749554 ),
 .UNSPECIFIED. ) ;
#3234 = ORIENTED_EDGE ( 'NONE', *, *, #2366, .F. ) ;
#3235 = CARTESIAN_POINT ( 'NONE',  ( 6.726324115818135496, 4.279140771336925830, 1.891588309964882031 ) ) ;
#3236 = CARTESIAN_POINT ( 'NONE',  ( 8.586286592293948416, -3.871955447914743331, 2.339082630050037803 ) ) ;
#3237 = CARTESIAN_POINT ( 'NONE',  ( 3.036657711554901606, 4.496288922903407759, 2.001428854673449553 ) ) ;
#3238 = CARTESIAN_POINT ( 'NONE',  ( 7.024074578032553973, 0.8197363978681149188, 1.468807383705235559 ) ) ;
#3239 = CARTESIAN_POINT ( 'NONE',  ( 8.386076765824652668, 3.712514497860336604, 2.680377731526861318 ) ) ;
#3240 = CARTESIAN_POINT ( 'NONE',  ( 7.617232067076963986, 4.902575345726995160, 2.609365906519214739 ) ) ;
#3241 = CARTESIAN_POINT ( 'NONE',  ( 7.573047192435299557, 3.799974115890614179, 2.179392215730934002 ) ) ;
#3242 = CARTESIAN_POINT ( 'NONE',  ( 4.323855961924729208, -11.26657182057555495, 2.105913053069125240 ) ) ;
#3243 = CARTESIAN_POINT ( 'NONE',  ( 8.300898557521252386, 3.778907481338938723, 2.637754730861296526 ) ) ;
#3244 = CARTESIAN_POINT ( 'NONE',  ( 1.652876765943500637, 4.053566359314697110, 2.612108742281212592 ) ) ;
#3245 = CARTESIAN_POINT ( 'NONE',  ( 8.797071635365140807, -8.529163674012625762, 3.272388738240429529 ) ) ;
#3246 = EDGE_CURVE ( 'NONE', #1239, #1559, #2822, .T. ) ;
#3247 = CARTESIAN_POINT ( 'NONE',  ( 3.351393624043108144, -12.37098745335604733, 1.837910119404439824 ) ) ;
#3248 = CARTESIAN_POINT ( 'NONE',  ( 8.786779883656011592, 0.05143352585694525858, 2.436915216811125884 ) ) ;
#3249 = DIRECTION ( 'NONE',  ( -0.3199161886255665332, 0.9474458466082854580, -0.000000000000000000 ) ) ;
#3250 = CARTESIAN_POINT ( 'NONE',  ( 9.495482547361593362, 3.698308278580725528, 3.726856728558927578 ) ) ;
#3251 = CARTESIAN_POINT ( 'NONE',  ( 0.4706399817237735816, -3.455901987445192169, 3.130703315416341503 ) ) ;
#3252 = CARTESIAN_POINT ( 'NONE',  ( 3.966094349175004918, 0.1969817604651202814, 1.133926850463570224 ) ) ;
#3253 = ORIENTED_EDGE ( 'NONE', *, *, #2686, .F. ) ;
#3254 = CARTESIAN_POINT ( 'NONE',  ( 8.924351142780034607, 2.622305920409458757, 2.843647898790660822 ) ) ;
#3255 = ADVANCED_FACE ( 'NONE', ( #3487 ), #1868, .T. ) ;
#3256 = CARTESIAN_POINT ( 'NONE',  ( 7.595252931560079190, 3.390756196996080885, 2.080230610839258532 ) ) ;
#3257 = FACE_OUTER_BOUND ( 'NONE', #4475, .T. ) ;
#3258 = CARTESIAN_POINT ( 'NONE',  ( 7.738228973498545216, 0.4252149247317149605, 1.805086190743724117 ) ) ;
#3259 = DIRECTION ( 'NONE',  ( -0.1074909043873548270, -0.9942060679124767875, 0.000000000000000000 ) ) ;
#3260 = CARTESIAN_POINT ( 'NONE',  ( 7.536597659146038630, 0.7603487729737901102, 1.720338255491116630 ) ) ;
#3261 = CARTESIAN_POINT ( 'NONE',  ( 2.055219574867525711, -3.839589304322071683, 2.163285352845169207 ) ) ;
#3262 = ORIENTED_EDGE ( 'NONE', *, *, #1219, .F. ) ;
#3263 = CARTESIAN_POINT ( 'NONE',  ( 5.616231638279897354, 4.749616925091904029, 1.736726413379562795 ) ) ;
#3264 = CARTESIAN_POINT ( 'NONE',  ( 1.756286006032491409, -4.022381753025383588, 2.327077836299625613 ) ) ;
#3265 = CARTESIAN_POINT ( 'NONE',  ( 7.376019971858278623, 3.596142121424755977, 2.007908753034171045 ) ) ;
#3266 = PRODUCT_DEFINITION_CONTEXT ( 'detailed design', #4158, 'design' ) ;
#3267 = CARTESIAN_POINT ( 'NONE',  ( 9.352234893830527085, 0.3266216295735036024, 2.894402845085650267 ) ) ;
#3268 = CARTESIAN_POINT ( 'NONE',  ( 7.665954162046240583, 5.453632519547641166, 2.964991237739356578 ) ) ;
#3269 = TOROIDAL_SURFACE ( 'NONE', #3275, 2.499999999999995559, 1.000000000000000000 ) ;
#3270 = CARTESIAN_POINT ( 'NONE',  ( 1.999949998749939617, -0.8793720564002904805, 2.000000000000000444 ) ) ;
#3271 = CARTESIAN_POINT ( 'NONE',  ( 2.134575125360128389, -0.6736150638547433456, 1.857963409975266655 ) ) ;
#3272 = CARTESIAN_POINT ( 'NONE',  ( 4.323684396993677126, -11.29335499444536417, 2.150624055613103547 ) ) ;
#3273 = CARTESIAN_POINT ( 'NONE',  ( 10.31382548760032947, 3.560694411224058165, 6.854279409726961703 ) ) ;
#3274 = CARTESIAN_POINT ( 'NONE',  ( 2.492018206164896110, 4.238683721097535440, 2.163855308821724943 ) ) ;
#3275 = AXIS2_PLACEMENT_3D ( 'NONE', #3514, #3174, #5112 ) ;
#3276 = CARTESIAN_POINT ( 'NONE',  ( 8.999949998749857016, -2.495977018181338991, 2.573022829172994630 ) ) ;
#3277 = ORIENTED_EDGE ( 'NONE', *, *, #2408, .T. ) ;
#3278 = CARTESIAN_POINT ( 'NONE',  ( 5.728333749427664046, -12.35283674275136612, 1.651172549433625125 ) ) ;
#3279 = FACE_OUTER_BOUND ( 'NONE', #2281, .T. ) ;
#3280 = CARTESIAN_POINT ( 'NONE',  ( 9.015322757464934611, 0.7822339119028798304, 2.657861723428188494 ) ) ;
#3281 = CARTESIAN_POINT ( 'NONE',  ( 1.105617099089919897, -4.968872507407490424, 2.808143923851524448 ) ) ;
#3282 = FACE_OUTER_BOUND ( 'NONE', #4604, .T. ) ;
#3283 = ORIENTED_EDGE ( 'NONE', *, *, #1122, .T. ) ;
#3284 = DIRECTION ( 'NONE',  ( 7.655793199537465311E-05, -0.9966733398298330826, -0.08149998657257277734 ) ) ;
#3285 = CARTESIAN_POINT ( 'NONE',  ( 7.784002335230147729, 4.596816679034498421, 2.582197540718511597 ) ) ;
#3286 = CARTESIAN_POINT ( 'NONE',  ( 8.911055885507133567, -8.852983490522653653, 3.401797998773660403 ) ) ;
#3287 = CARTESIAN_POINT ( 'NONE',  ( 2.052467608426123746, 1.043911286086676604, 1.861526385698542452 ) ) ;
#3288 = CARTESIAN_POINT ( 'NONE',  ( 8.924595998355387749, 2.620841202697199002, 2.843576325711147046 ) ) ;
#3289 = CARTESIAN_POINT ( 'NONE',  ( 7.373465145143906163, 0.7626306940149152336, 1.641435017954848252 ) ) ;
#3290 = CARTESIAN_POINT ( 'NONE',  ( 2.172805096231307687, 2.136670179225308441, 1.843191710666787220 ) ) ;
#3291 = EDGE_CURVE ( 'NONE', #4746, #4260, #1499, .T. ) ;
#3292 = ORIENTED_EDGE ( 'NONE', *, *, #3573, .F. ) ;
#3293 = CARTESIAN_POINT ( 'NONE',  ( 7.721699385104196622, -11.28282848619407908, 3.078923691620609304 ) ) ;
#3294 = CARTESIAN_POINT ( 'NONE',  ( 7.147747898181917137, 5.280980701935305888, 2.540889188677736499 ) ) ;
#3295 = B_SPLINE_CURVE_WITH_KNOTS ( 'NONE', 3,
 ( #1357, #4559, #2563, #3773, #1790, #5105, #1471, #3409, #3455, #5054, #1023, #5079, #702, #1114, #3056, #3923 ),
 .UNSPECIFIED., .F., .F.,
 ( 4, 2, 2, 2, 2, 2, 2, 4 ),
 ( 0.000000000000000000, 0.001346117057390096555, 0.002019175586085144615, 0.002692234114780192675, 0.003365292643475240302, 0.004038351172170288363, 0.004711409700865336857, 0.005384468229560385351 ),
 .UNSPECIFIED. ) ;
#3296 = CARTESIAN_POINT ( 'NONE',  ( 4.799965079265802181, -4.051271364692937915, 1.384039274142892850 ) ) ;
#3297 = CARTESIAN_POINT ( 'NONE',  ( 3.070694063071615076, 4.461169947176366612, 1.972346458418970494 ) ) ;
#3298 = CARTESIAN_POINT ( 'NONE',  ( 2.155798275228558936, 2.873883935033799908, 1.960290872943630136 ) ) ;
#3299 = CARTESIAN_POINT ( 'NONE',  ( 1.652876765943511073, 4.053566359314614509, 2.612108742281219698 ) ) ;
#3300 = CARTESIAN_POINT ( 'NONE',  ( 1.748628309354776533, -0.6557269284086786332, 2.052716351052274124 ) ) ;
#3301 = CARTESIAN_POINT ( 'NONE',  ( 4.325004029704468955, -11.25870797708624238, 2.098032053077200754 ) ) ;
#3302 = CARTESIAN_POINT ( 'NONE',  ( 8.204002979535461648, 3.907093939995415433, 2.605983739781208008 ) ) ;
#3303 = CARTESIAN_POINT ( 'NONE',  ( 4.784034310117684541, 4.106610703985213995, 1.431299270153971293 ) ) ;
#3304 = CARTESIAN_POINT ( 'NONE',  ( 6.885200070946423168, -12.98732527418833271, 1.686412623403443778 ) ) ;
#3305 = CARTESIAN_POINT ( 'NONE',  ( 7.671591535469753254, 4.750543969053115489, 2.575190584407020200 ) ) ;
#3306 = CARTESIAN_POINT ( 'NONE',  ( 9.761219671777306317, 0.5964854680194364711, 3.324785897176960159 ) ) ;
#3307 = CARTESIAN_POINT ( 'NONE',  ( 0.4704787831140456733, -3.743957325696212202, 3.157955967966235900 ) ) ;
#3308 = CARTESIAN_POINT ( 'NONE',  ( 9.692715563793093736, -9.959617304008460792, 4.107162289470569938 ) ) ;
#3309 = CARTESIAN_POINT ( 'NONE',  ( 2.002514893982418887, 1.527622775448470138, 1.900817083894660309 ) ) ;
#3310 = CARTESIAN_POINT ( 'NONE',  ( 1.999950439949462533, 1.999949998749861457, 1.999060639130702421 ) ) ;
#3311 = CARTESIAN_POINT ( 'NONE',  ( 7.189815591681409934, -10.96465108970743074, 2.451505526409905045 ) ) ;
#3312 = CARTESIAN_POINT ( 'NONE',  ( 1.794179586722784769, -3.301061479776767893, 2.246166436925413734 ) ) ;
#3313 = CARTESIAN_POINT ( 'NONE',  ( 1.908866253117060596, 0.9378810024404105050, 1.942719267235601066 ) ) ;
#3314 = ORIENTED_EDGE ( 'NONE', *, *, #3984, .T. ) ;
#3315 = CARTESIAN_POINT ( 'NONE',  ( 7.785011575077469992, -8.148733283562526353, 2.617186550551655611 ) ) ;
#3316 = CARTESIAN_POINT ( 'NONE',  ( 6.839022778283264437, 5.973139720063691982, 2.846515148354371583 ) ) ;
#3317 = EDGE_CURVE ( 'NONE', #3210, #2263, #1266, .T. ) ;
#3318 = CARTESIAN_POINT ( 'NONE',  ( 2.139385358406749482, 0.2586171038126694466, 1.821262109899977277 ) ) ;
#3319 = CARTESIAN_POINT ( 'NONE',  ( 7.333798107610436823, 3.466841591776820053, 1.951985637393403916 ) ) ;
#3320 = CARTESIAN_POINT ( 'NONE',  ( 7.027462879039846122, 0.6894422435622105105, 1.467116201757910465 ) ) ;
#3321 = CARTESIAN_POINT ( 'NONE',  ( 5.239737122391144197, 5.448612888381701325, 2.095612151972933823 ) ) ;
#3322 = CARTESIAN_POINT ( 'NONE',  ( 2.604205570667625924, -0.02872555073277216486, 1.595864825771457607 ) ) ;
#3323 = CARTESIAN_POINT ( 'NONE',  ( 7.600169188756233041, 3.386762107029095414, 2.082128431239829602 ) ) ;
#3324 = CARTESIAN_POINT ( 'NONE',  ( 10.40567784126723083, 3.504742830667567866, 6.721094911103779879 ) ) ;
#3325 = CARTESIAN_POINT ( 'NONE',  ( 6.690537553459222408, 3.788143021805190358, 1.722102247657160579 ) ) ;
#3326 = CARTESIAN_POINT ( 'NONE',  ( 7.482726157869906913, -7.816231541411283956, 2.396224021486972777 ) ) ;
#3327 = CARTESIAN_POINT ( 'NONE',  ( 7.753753090273585613, 5.496132764702482909, 3.052258812564972779 ) ) ;
#3328 = CARTESIAN_POINT ( 'NONE',  ( 3.245357979044753982, -4.414835181888177473, 1.720882391390017974 ) ) ;
#3329 = CARTESIAN_POINT ( 'NONE',  ( 10.65931661977331402, -14.05834981468595579, 5.125488075631937868 ) ) ;
#3330 = CARTESIAN_POINT ( 'NONE',  ( 4.027942593956740147, -11.19131767319948167, 2.113333321880350280 ) ) ;
#3331 = CARTESIAN_POINT ( 'NONE',  ( 8.352067913228845342, 3.911157745304405964, 2.717154118445611388 ) ) ;
#3332 = CARTESIAN_POINT ( 'NONE',  ( 9.471233051705143069, 3.848400210038210645, 3.754156979757804713 ) ) ;
#3333 = CARTESIAN_POINT ( 'NONE',  ( 0.4892749043755896254, -12.20200184232822593, 4.228233089605034856 ) ) ;
#3334 = ORIENTED_EDGE ( 'NONE', *, *, #3795, .F. ) ;
#3335 = CARTESIAN_POINT ( 'NONE',  ( 7.632543820025559533, 2.898825922164698810, 1.994247145819555422 ) ) ;
#3336 = CARTESIAN_POINT ( 'NONE',  ( 8.521983949069944941, -9.772961496449607210, 3.270921956214063453 ) ) ;
#3337 = CARTESIAN_POINT ( 'NONE',  ( 8.218979327381235933, -10.10248976076520222, 3.026920678973886947 ) ) ;
#3338 = B_SPLINE_CURVE_WITH_KNOTS ( 'NONE', 3,
 ( #3310, #9, #3652, #1667, #898, #36 ),
 .UNSPECIFIED., .F., .F.,
 ( 4, 2, 4 ),
 ( 2.775896354064801496E-17, 0.001439779163948925154, 0.002879558327897822553 ),
 .UNSPECIFIED. ) ;
#3339 = CARTESIAN_POINT ( 'NONE',  ( 8.665748496439427129, 3.525152940958785397, 2.883609324029093646 ) ) ;
#3340 = CARTESIAN_POINT ( 'NONE',  ( 2.846316606482154121, 0.7932094692568725236, 1.474003816057272376 ) ) ;
#3341 = CARTESIAN_POINT ( 'NONE',  ( 9.109014907755165424, -8.053425813248304976, 3.396335516514390918 ) ) ;
#3342 = CARTESIAN_POINT ( 'NONE',  ( 5.771961206220005636, 6.065760000502101512, 2.582343015192570590 ) ) ;
#3343 = CARTESIAN_POINT ( 'NONE',  ( 10.22564434387823340, -3.775896431171987810, 3.697288089375297293 ) ) ;
#3344 = CARTESIAN_POINT ( 'NONE',  ( 2.137452365405835497, -1.923059221738608660, 1.942743866247887308 ) ) ;
#3345 = CARTESIAN_POINT ( 'NONE',  ( 9.623352918846757476, 0.2989772634261478323, 3.146958100826335425 ) ) ;
#3346 = CARTESIAN_POINT ( 'NONE',  ( 5.458248538123035232, 5.458709734869129804, 2.120511042355832654 ) ) ;
#3347 = CARTESIAN_POINT ( 'NONE',  ( 2.010088139766264881, -0.002408770016698591476, 1.895707561881153191 ) ) ;
#3348 = CARTESIAN_POINT ( 'NONE',  ( 7.729728735299010722, 0.7638843714180276745, 1.824738103615020979 ) ) ;
#3349 = CARTESIAN_POINT ( 'NONE',  ( 8.233023744836971858, 3.746721572200822692, 2.577497051203619716 ) ) ;
#3350 = CARTESIAN_POINT ( 'NONE',  ( 1.963406957491236504, 3.924309272652609870, 2.365083916936881359 ) ) ;
#3351 = EDGE_CURVE ( 'NONE', #2409, #288, #698, .T. ) ;
#3352 = CARTESIAN_POINT ( 'NONE',  ( 3.225145232540060469, -11.96196172446112271, 2.826931144960338926 ) ) ;
#3353 = CARTESIAN_POINT ( 'NONE',  ( 8.999949998749933400, -6.594701954569764268, 3.109551094028083273 ) ) ;
#3354 = CARTESIAN_POINT ( 'NONE',  ( 7.517590363610493043, 4.859867367850795539, 2.588574076366052523 ) ) ;
#3355 = B_SPLINE_CURVE_WITH_KNOTS ( 'NONE', 3,
 ( #2214, #679, #1091, #2637, #4241, #728, #1814, #3846, #2682, #3433 ),
 .UNSPECIFIED., .F., .F.,
 ( 4, 3, 3, 4 ),
 ( 0.000000000000000000, 0.0001251966327692464228, 0.0002503932655384885630, 0.0004999992441157425889 ),
 .UNSPECIFIED. ) ;
#3356 = CARTESIAN_POINT ( 'NONE',  ( 2.049777468410469261, 2.017471172465573837, 1.913800621690542103 ) ) ;
#3357 = CARTESIAN_POINT ( 'NONE',  ( 9.858512969859917874, 0.2113637859853800816, 3.379286316969793091 ) ) ;
#3358 = CARTESIAN_POINT ( 'NONE',  ( 6.475237368281965722, -11.36142093389514862, 6.298170405982907560 ) ) ;
#3359 = CARTESIAN_POINT ( 'NONE',  ( 2.049777468410459047, 2.017471172465951312, 1.913800621690578074 ) ) ;
#3360 = CARTESIAN_POINT ( 'NONE',  ( 7.749480992236743582, 0.1693883940643847730, 1.803393795614639306 ) ) ;
#3361 = CARTESIAN_POINT ( 'NONE',  ( 7.345769346915550280, 3.959433915321358910, 2.093075995727483374 ) ) ;
#3362 = CARTESIAN_POINT ( 'NONE',  ( 2.490264049447791894, 0.7519242890809130220, 1.632798840682986752 ) ) ;
#3363 = CARTESIAN_POINT ( 'NONE',  ( 8.441312442471465616, -7.755091530043389803, 2.880767089542737747 ) ) ;
#3364 = CARTESIAN_POINT ( 'NONE',  ( 7.066612998978913041, -8.184657923843596805, 2.337077721557921262 ) ) ;
#3365 = CARTESIAN_POINT ( 'NONE',  ( 7.686099936693217671, 5.844555276434071800, 3.253237680900743278 ) ) ;
#3366 = CARTESIAN_POINT ( 'NONE',  ( 7.880838269840290344, -4.044978695736334728, 1.985291609513835764 ) ) ;
#3367 = CARTESIAN_POINT ( 'NONE',  ( 7.342484304230928238, 3.477227125071813418, 1.959372102313124531 ) ) ;
#3368 = CARTESIAN_POINT ( 'NONE',  ( 9.659024278799627439, -11.70758405080341014, 3.908947579626800728 ) ) ;
#3369 = CARTESIAN_POINT ( 'NONE',  ( 4.743117024863598985, 0.4502646609931826305, 1.028825486203812645 ) ) ;
#3370 = CARTESIAN_POINT ( 'NONE',  ( 5.897333035874537721, 5.436765991061138337, 2.178874246592109820 ) ) ;
#3371 = CARTESIAN_POINT ( 'NONE',  ( 10.22098989879212816, 0.01948064014176131842, 3.757434831812914489 ) ) ;
#3372 = CARTESIAN_POINT ( 'NONE',  ( 7.665852972157736644, 2.589097496923598030, 1.952246988852619491 ) ) ;
#3373 = CARTESIAN_POINT ( 'NONE',  ( 2.429444788633420949, -9.711360105788626740, 2.860504228451617781 ) ) ;
#3374 = SHAPE_DEFINITION_REPRESENTATION ( #1809, #4082 ) ;
#3375 = CARTESIAN_POINT ( 'NONE',  ( 2.316279712137825353, 3.345845734515018322, 1.968265810408112770 ) ) ;
#3376 = CARTESIAN_POINT ( 'NONE',  ( 3.243181874900774808, -3.744307579538780573, 1.653147080528831303 ) ) ;
#3377 = CARTESIAN_POINT ( 'NONE',  ( 1.999966355119295658, 2.010650200520852415, 1.999999999999998668 ) ) ;
#3378 = EDGE_CURVE ( 'NONE', #744, #2309, #582, .T. ) ;
#3379 = CARTESIAN_POINT ( 'NONE',  ( 10.26021129677427091, 3.988073495458210882, 6.645426517697514690 ) ) ;
#3380 = CARTESIAN_POINT ( 'NONE',  ( 9.699319656074019136, 2.435547325684267683, 3.589264908654015152 ) ) ;
#3381 = CARTESIAN_POINT ( 'NONE',  ( 2.400542151007757141, -7.980771150590760143, 2.584790807107249400 ) ) ;
#3382 = CARTESIAN_POINT ( 'NONE',  ( -0.6251272360464771305, -9.961933685320056853, 5.634124188182990878 ) ) ;
#3383 = FACE_OUTER_BOUND ( 'NONE', #2202, .T. ) ;
#3384 = CARTESIAN_POINT ( 'NONE',  ( 7.686323004487142896, -10.63994069848084223, 2.708364516780640052 ) ) ;
#3385 = CARTESIAN_POINT ( 'NONE',  ( 8.999949998749931623, 0.05947479850769032961, 2.594264078504848747 ) ) ;
#3386 = CARTESIAN_POINT ( 'NONE',  ( 7.993666216270938207, 0.6523050291368515108, 1.967931571916069711 ) ) ;
#3387 = CARTESIAN_POINT ( 'NONE',  ( 8.955815827596490308, -3.778613739820801953, 2.580534559132595440 ) ) ;
#3388 = CARTESIAN_POINT ( 'NONE',  ( 7.513054783754570032, 5.612463115341109976, 2.973115380172692390 ) ) ;
#3389 = CARTESIAN_POINT ( 'NONE',  ( 9.819074881361689933, -9.539881985379722096, 4.297983357704747931 ) ) ;
#3390 = CARTESIAN_POINT ( 'NONE',  ( 7.527579462478662720, 4.564280760213589971, 2.407550478364648416 ) ) ;
#3391 = CARTESIAN_POINT ( 'NONE',  ( 5.859615314454701185, -11.48152107834943614, 2.127709100213313942 ) ) ;
#3392 = CARTESIAN_POINT ( 'NONE',  ( 7.338791364963799246, 3.466036417012957394, 1.954508803302843711 ) ) ;
#3393 = CARTESIAN_POINT ( 'NONE',  ( 4.312015220942814864, -7.864828923215993584, 2.024927667481800420 ) ) ;
#3394 = CARTESIAN_POINT ( 'NONE',  ( 2.367405101021097025, 6.204446105345123641, 3.434579147971247082 ) ) ;
#3395 = CARTESIAN_POINT ( 'NONE',  ( 4.769757010632154071, -1.280073044845980723, 1.150846107949611952 ) ) ;
#3396 = CARTESIAN_POINT ( 'NONE',  ( 7.597711060157649854, 3.388759152018583354, 2.081179521040728897 ) ) ;
#3397 = CARTESIAN_POINT ( 'NONE',  ( 3.741435519216340655, -11.04258240416413450, 2.320340440523881664 ) ) ;
#3398 = CARTESIAN_POINT ( 'NONE',  ( 6.990623532884748137, 2.627910849076042776, 1.609306765508975667 ) ) ;
#3399 = CARTESIAN_POINT ( 'NONE',  ( 1.999949998749940061, -6.616491152778315232, 2.610737689712082421 ) ) ;
#3400 = CARTESIAN_POINT ( 'NONE',  ( 7.904545760257525977, 4.531560151752378474, 2.628402043474610039 ) ) ;
#3401 = CARTESIAN_POINT ( 'NONE',  ( 2.524229598162624821, -8.160337973752513463, 2.575142733721346833 ) ) ;
#3402 = CARTESIAN_POINT ( 'NONE',  ( 0.5862587817868115669, -13.39560591004074297, 2.930212175867929592 ) ) ;
#3403 = CARTESIAN_POINT ( 'NONE',  ( 9.596115337362920883, 4.443289186128601465, 4.180996949293589005 ) ) ;
#3404 = CARTESIAN_POINT ( 'NONE',  ( 9.536469779163374128, 3.744975402808020881, 3.792921883809792671 ) ) ;
#3405 = CARTESIAN_POINT ( 'NONE',  ( -0.5925418679043683579, -8.992716598984928922, 5.458450047936605820 ) ) ;
#3406 = ORIENTED_EDGE ( 'NONE', *, *, #1229, .F. ) ;
#3407 = FACE_OUTER_BOUND ( 'NONE', #1159, .T. ) ;
#3408 = CARTESIAN_POINT ( 'NONE',  ( 9.356905520606035864, 0.2716569801771706594, 2.893056627176167073 ) ) ;
#3409 = CARTESIAN_POINT ( 'NONE',  ( 4.785712946941561796, 5.433467798893101275, 2.136247574985947750 ) ) ;
#3410 = CARTESIAN_POINT ( 'NONE',  ( 8.000710587260075002, 1.183007784676365359, 2.001354820127860368 ) ) ;
#3411 = CARTESIAN_POINT ( 'NONE',  ( -0.7137340247427015338, -5.484130535698100495, 5.363535090501300395 ) ) ;
#3412 = EDGE_CURVE ( 'NONE', #4820, #2329, #3067, .T. ) ;
#3413 = CARTESIAN_POINT ( 'NONE',  ( 7.473214022079680774, 5.251624638975105341, 2.714036818082771418 ) ) ;
#3414 = CARTESIAN_POINT ( 'NONE',  ( 10.12877334947419250, -3.658719069299376514, 3.575831140914417450 ) ) ;
#3415 = CARTESIAN_POINT ( 'NONE',  ( 7.823551609601318901, 5.814904813362664626, 3.322760155851097519 ) ) ;
#3416 = CARTESIAN_POINT ( 'NONE',  ( 8.957665771315213021, -8.181121756898750874, 3.326650830154616933 ) ) ;
#3417 = CARTESIAN_POINT ( 'NONE',  ( 7.335633840838608144, 3.472463353935417718, 1.954417077203879138 ) ) ;
#3418 = CARTESIAN_POINT ( 'NONE',  ( 2.600270932290593695, 6.465673338252569735, 3.520850199549803161 ) ) ;
#3419 = CARTESIAN_POINT ( 'NONE',  ( 7.865945145031718155, -2.671792853013915447, 1.873670728610848268 ) ) ;
#3420 = CARTESIAN_POINT ( 'NONE',  ( 7.720207314610708416, 0.7193425580773737948, 1.817719734293998135 ) ) ;
#3421 = CARTESIAN_POINT ( 'NONE',  ( 2.998653223655228572, -10.46851854247682923, 2.602806518278327985 ) ) ;
#3422 = B_SPLINE_SURFACE_WITH_KNOTS ( 'NONE', 3, 3, ( 
 ( #5100, #1109, #5155, #259, #2307, #3585, #1546, #1857, #5075, #1166, #1466, #3189, #4765, #314, #1964, #3161, #1907, #3528, #2765 ),
 ( #3075, #4365, #778, #2363, #3976, #372, #1571, #1215, #1625, #2450, #4089, #3641, #4002, #3274, #915, #2814, #5211, #52, #2419 ),
 ( #2874, #3666, #2503, #4472, #3216, #1654, #1273, #109, #4847, #3303, #3612, #4818, #1245, #888, #430, #2478, #401, #1598, #804 ),
 ( #2901, #4903, #1993, #4116, #4444, #4419, #4876, #460, #830, #3693, #490, #1301, #2083, #3717, #83, #4391, #23, #2788, #3244 ),
 ( #2845, #4032, #4060, #2025, #2053, #2392, #3325, #1190, #861, #1682, #4498, #519, #2107, #1706, #2999, #1349, #4526, #3350, #2155 ),
 ( #4928, #2691, #4695, #615, #185, #545, #1893, #1478, #2178, #3789, #3764, #2952, #1391, #1728, #2926, #4950, #160, #4550, #1751 ),
 ( #1324, #1369, #2975, #4185, #3902, #942, #1869, #986, #2531, #4140, #2131, #2576, #3740, #964, #3375, #4602, #2555, #136, #1777 ),
 ( #4974, #592, #2601, #4573, #4163, #3398, #1099, #566, #4996, #1010, #4205, #2201, #3877, #274, #4298, #3488, #5087, #3091, #710 ),
 ( #2293, #300, #737, #330, #3572, #5195, #2750, #3599, #2720, #3931, #3118, #5169, #11, #2013, #4322, #1234, #1558, #2321, #3991 ),
 ( #1979, #388, #3176, #1614, #1922, #3543, #818, #2350, #3232, #2831, #5141, #4833, #1152, #4778, #4752, #4352, #4432, #2406, #4046 ),
 ( #1585, #1533, #3630, #3204, #1179, #3148, #2379, #764, #3962, #848, #4807, #2778, #4722, #444, #360, #2435, #1950, #4380, #3516 ),
 ( #1204, #793, #2803, #4408, #4017, #1506, #418, #5114, #1123, #4104, #1718, #3655, #3705, #97, #1312, #975, #39, #4151, #3313 ),
 ( #1641, #3260, #4916, #3289, #2966, #4941, #4862, #1259, #556, #4459, #2565, #2143, #2070, #1359, #931, #3680, #1286, #3754, #901 ),
 ( #148, #4509, #2521, #4485, #69, #3730, #4076, #2860, #1669, #2490, #4887, #507, #3340, #876, #1693, #2913, #4129, #4175, #2463 ),
 ( #532, #2040, #476, #2885, #2119, #2096, #4561, #1337, #123, #2940, #1740, #4540, #954, #3362, #2545, #4964, #4642, #2190, #5009 ) ),
 .UNSPECIFIED., .F., .F., .F.,
 ( 4, 3, 1, 1, 1, 1, 1, 3, 4 ),
 ( 4, 3, 1, 1, 1, 1, 1, 1, 1, 1, 1, 3, 4 ),
 ( -0.4000000000000000222, 0.000000000000000000, 1.000000000000000000, 2.000000000000000000, 3.000000000000000000, 5.000000000000000000, 7.000000000000000000, 8.000000000000000000, 8.400000000000000355 ),
 ( -0.7000000000000000666, 0.000000000000000000, 1.000000000000000000, 2.000000000000000000, 3.000000000000000000, 5.000000000000000000, 7.000000000000000000, 9.000000000000000000, 11.00000000000000000, 12.00000000000000000, 13.00000000000000000, 14.00000000000000000, 14.69999999999999929 ),
 .UNSPECIFIED. ) ;
#3423 = CARTESIAN_POINT ( 'NONE',  ( 7.987938885241730347, 3.922033477002845103, 2.469702193480958208 ) ) ;
#3424 = CARTESIAN_POINT ( 'NONE',  ( 4.009161122397817856, -6.656524482894388584, 1.852177227596929487 ) ) ;
#3425 = CARTESIAN_POINT ( 'NONE',  ( 4.739442639697774240, 0.8513591758693150879, 1.015747017502804272 ) ) ;
#3426 = CARTESIAN_POINT ( 'NONE',  ( 10.24712626998129572, 3.951611116200321128, 6.702819211181354042 ) ) ;
#3427 = CARTESIAN_POINT ( 'NONE',  ( 9.544597331843741372, 3.694874667547809466, 3.783813680386086897 ) ) ;
#3428 = CARTESIAN_POINT ( 'NONE',  ( -0.6120802849983348892, -10.84008135072975243, 5.580353451717113167 ) ) ;
#3429 = ORIENTED_EDGE ( 'NONE', *, *, #712, .T. ) ;
#3430 = CIRCLE ( 'NONE', #2513, 0.09999999999999992228 ) ;
#3431 = FACE_OUTER_BOUND ( 'NONE', #625, .T. ) ;
#3432 = CARTESIAN_POINT ( 'NONE',  ( 9.641396579657138588, 0.3036711176873096996, 3.159789666401867869 ) ) ;
#3433 = CARTESIAN_POINT ( 'NONE',  ( 6.084930235435026091, -11.45081232140377381, 6.500000000000000888 ) ) ;
#3434 = CARTESIAN_POINT ( 'NONE',  ( 7.177446419735947991, 3.954615851931631010, 1.993110103115434351 ) ) ;
#3435 = CARTESIAN_POINT ( 'NONE',  ( 8.999949998749931623, -3.134609624557954444, 2.593058902569187030 ) ) ;
#3436 = CARTESIAN_POINT ( 'NONE',  ( 7.797592585177415714, 5.225075003626400871, 2.906542316700353901 ) ) ;
#3437 = CARTESIAN_POINT ( 'NONE',  ( 9.762717180788232696, -3.836525957971292922, 3.205753896228382249 ) ) ;
#3438 = CARTESIAN_POINT ( 'NONE',  ( 8.317929484392642792, 5.847600783125961321, 3.677585218774386711 ) ) ;
#3439 = CARTESIAN_POINT ( 'NONE',  ( 5.832318296949212666, -11.27236591748386907, 6.500000000000000000 ) ) ;
#3440 = VECTOR ( 'NONE', #4271, 1000.000000000000000 ) ;
#3441 = ADVANCED_FACE ( 'NONE', ( #763 ), #1584, .T. ) ;
#3442 = CARTESIAN_POINT ( 'NONE',  ( 2.089244588312257012, 4.950542954144321328, 2.731292113444368841 ) ) ;
#3443 = CARTESIAN_POINT ( 'NONE',  ( 3.988973703399491200, -1.267581369319203954, 1.248774464246811045 ) ) ;
#3444 = CARTESIAN_POINT ( 'NONE',  ( 7.483610953378891040, 0.9410861674259418663, 1.700894301512330786 ) ) ;
#3445 = CARTESIAN_POINT ( 'NONE',  ( 7.760811611587818959, 3.820574346833560231, 2.296001408213514949 ) ) ;
#3446 = CARTESIAN_POINT ( 'NONE',  ( 8.488127463603854395, 3.730300222815369438, 2.761448499379622668 ) ) ;
#3447 = CARTESIAN_POINT ( 'NONE',  ( 8.010675019427846877, 3.798652402562663344, 2.447227223194929913 ) ) ;
#3448 = CARTESIAN_POINT ( 'NONE',  ( 4.761287029530439696, -9.769113233210614311, 2.370753635877310916 ) ) ;
#3449 = DIRECTION ( 'NONE',  ( -2.575717417130363805E-14, -0.9971690935742119066, -0.07519174702309404379 ) ) ;
#3450 = CARTESIAN_POINT ( 'NONE',  ( 10.23996990628019788, 3.944122485904366648, 6.724793134510230530 ) ) ;
#3451 = CARTESIAN_POINT ( 'NONE',  ( 9.540303336976657889, 3.571427249215025412, 3.732574845526675844 ) ) ;
#3452 = ORIENTED_EDGE ( 'NONE', *, *, #3106, .F. ) ;
#3453 = CARTESIAN_POINT ( 'NONE',  ( 0.6010860051429214312, -11.08542712182022960, 3.574016046545192893 ) ) ;
#3454 = CARTESIAN_POINT ( 'NONE',  ( 5.499949998749922742, -8.000050001250071929, 2.795833333333335169 ) ) ;
#3455 = CARTESIAN_POINT ( 'NONE',  ( 4.565750371109550620, 5.380283490523614987, 2.116011320028246434 ) ) ;
#3456 = CARTESIAN_POINT ( 'NONE',  ( 5.123731833394181479, -11.47977123894373541, 3.413194444444445974 ) ) ;
#3457 = B_SPLINE_CURVE_WITH_KNOTS ( 'NONE', 1,
 ( #3089, #2619 ),
 .UNSPECIFIED., .F., .F.,
 ( 2, 2 ),
 ( 0.000000000000000000, 1.000000000000000000 ),
 .UNSPECIFIED. ) ;
#3458 = CARTESIAN_POINT ( 'NONE',  ( 8.955485400803079088, -3.141648137737209634, 2.510168917156181401 ) ) ;
#3459 = AXIS2_PLACEMENT_3D ( 'NONE', #2154, #3739, #1368 ) ;
#3460 = CARTESIAN_POINT ( 'NONE',  ( 7.916516875957891664, 4.530554213634435889, 2.635860150766054844 ) ) ;
#3461 = B_SPLINE_SURFACE_WITH_KNOTS ( 'NONE', 3, 3, ( 
 ( #4439, #2444, #1902, #3128, #4733, #1344, #2472, #1295, #1318, #3369, #4969, #3712, #1701, #1648, #2893 ),
 ( #4136, #4869, #3267, #1723, #909, #130, #1746, #104, #2947, #1268, #4083, #2921, #2127, #484, #4520 ),
 ( #3345, #4546, #959, #2527, #3759, #2869, #155, #1634, #787, #4453, #3252, #411, #4856, #2374, #4774 ),
 ( #4427, #1148, #1174, #1608, #3623, #4, #1973, #2457, #4402, #61, #2745, #4347, #813, #4374, #4069 ) ),
 .UNSPECIFIED., .F., .F., .F.,
 ( 4, 4 ),
 ( 4, 1, 1, 1, 1, 1, 1, 1, 1, 1, 1, 1, 4 ),
 ( 0.000000000000000000, 1.000000000000000000 ),
 ( 0.000000000000000000, 1.000000000000000000, 2.000000000000000000, 4.000000000000000000, 6.000000000000000000, 8.000000000000000000, 10.00000000000000000, 12.00000000000000000, 14.00000000000000000, 16.00000000000000000, 18.00000000000000000, 20.00000000000000000, 21.00000000000000000 ),
 .UNSPECIFIED. ) ;
#3462 = CARTESIAN_POINT ( 'NONE',  ( 10.01771550933658261, -6.393532481910630061, 3.947930822598647804 ) ) ;
#3463 = CARTESIAN_POINT ( 'NONE',  ( 7.842305676209651466, 3.728241602659193354, 2.313563712068999134 ) ) ;
#3464 = CARTESIAN_POINT ( 'NONE',  ( 6.126072615511389152, -11.32975955033478677, 2.072731791096449783 ) ) ;
#3465 = EDGE_CURVE ( 'NONE', #131, #675, #2011, .T. ) ;
#3466 = CARTESIAN_POINT ( 'NONE',  ( 1.859810462183988822, 3.920269271803417332, 2.428300802234107270 ) ) ;
#3467 = CARTESIAN_POINT ( 'NONE',  ( 6.368956095728943723, -2.722145289619920305, 1.368821574510969752 ) ) ;
#3468 = CARTESIAN_POINT ( 'NONE',  ( 7.350088630185276806, 0.9436120014346960350, 1.635838622357036698 ) ) ;
#3469 = CARTESIAN_POINT ( 'NONE',  ( 8.364633640184191421, 4.010817382367948269, 2.808890371916445527 ) ) ;
#3470 = CARTESIAN_POINT ( 'NONE',  ( 7.876927246058630594, 5.551322631293209575, 3.172257249996941475 ) ) ;
#3471 = CARTESIAN_POINT ( 'NONE',  ( 8.162662340135799610, 3.756375168006781173, 2.533516443639503457 ) ) ;
#3472 = EDGE_CURVE ( 'NONE', #1559, #4011, #4700, .T. ) ;
#3473 = CARTESIAN_POINT ( 'NONE',  ( 5.520167528172009064, -9.771226524794146329, 2.356505029621481118 ) ) ;
#3474 = FACE_OUTER_BOUND ( 'NONE', #3891, .T. ) ;
#3475 = CARTESIAN_POINT ( 'NONE',  ( 10.09241540792934266, 4.020713102690809393, 4.697565823108354799 ) ) ;
#3476 = CARTESIAN_POINT ( 'NONE',  ( 2.057636597750131191, -8.016292594455892484, 2.765673406946343338 ) ) ;
#3477 = CARTESIAN_POINT ( 'NONE',  ( 8.999949998749929847, 1.999949998749833702, 2.849094997549252106 ) ) ;
#3478 = EDGE_LOOP ( 'NONE', ( #4279, #1858, #2856, #1140 ) ) ;
#3479 = CARTESIAN_POINT ( 'NONE',  ( -0.6007390551435558557, -11.92473611868194538, 5.343080502376182039 ) ) ;
#3480 = CARTESIAN_POINT ( 'NONE',  ( 2.254195693815120638, 0.1866769199130591250, 1.762520727104276652 ) ) ;
#3481 = CARTESIAN_POINT ( 'NONE',  ( 8.367190823415882051, 4.007174406458791971, 2.779079351746547744 ) ) ;
#3482 = CARTESIAN_POINT ( 'NONE',  ( 8.381116641545039769, 3.774681593967127213, 2.690628062745289206 ) ) ;
#3483 = CARTESIAN_POINT ( 'NONE',  ( -0.6758870601502320330, -3.249414276694506665, 5.172390721230518906 ) ) ;
#3484 = CARTESIAN_POINT ( 'NONE',  ( 7.846302321105034672, 4.883065033534833788, 2.748095593362660516 ) ) ;
#3485 = CARTESIAN_POINT ( 'NONE',  ( 10.03458334370985483, -4.192667102389302514, 3.534114607851246870 ) ) ;
#3486 = CARTESIAN_POINT ( 'NONE',  ( 8.999949998749929847, 0.4214858447265666941, 2.619875713438475362 ) ) ;
#3487 = FACE_OUTER_BOUND ( 'NONE', #3920, .T. ) ;
#3488 = CARTESIAN_POINT ( 'NONE',  ( 2.198592762896065089, 2.809658063701619746, 1.916101536445492526 ) ) ;
#3489 = CARTESIAN_POINT ( 'NONE',  ( 0.5260190027562006154, -11.51604834251870813, 3.531874887645304106 ) ) ;
#3490 = CARTESIAN_POINT ( 'NONE',  ( 2.226650985721594811, 4.069741293362710621, 2.257395648510414965 ) ) ;
#3491 = CARTESIAN_POINT ( 'NONE',  ( 9.559391805170143641, -3.205643045173400818, 2.970745186702733687 ) ) ;
#3492 = CARTESIAN_POINT ( 'NONE',  ( 7.361699266984725654, 0.9433923636947838531, 1.641495637935759921 ) ) ;
#3493 = CARTESIAN_POINT ( 'NONE',  ( 7.751796151630133913, 5.518584662818875941, 3.065832423516641647 ) ) ;
#3494 = CARTESIAN_POINT ( 'NONE',  ( 1.999949998746133106, -4.536769406381084835, 2.261152002510889325 ) ) ;
#3495 = CARTESIAN_POINT ( 'NONE',  ( 8.183380380504319263, 4.857046919356150738, 2.972516814754390779 ) ) ;
#3496 = CARTESIAN_POINT ( 'NONE',  ( 4.751060000036471997, -10.55297982548478153, 2.463709073503257407 ) ) ;
#3497 =( BOUNDED_SURFACE ( )  B_SPLINE_SURFACE ( 3, 2, ( 
 ( #3222, #4448, #2369 ),
 ( #4822, #1221, #2341 ),
 ( #2002, #2453, #3979 ),
 ( #3562, #5160, #1968 ),
 ( #4769, #4423, #3167 ),
 ( #1524, #4798, #3138 ),
 ( #2424, #1170, #1194 ),
 ( #2769, #4037, #4398 ),
 ( #809, #2059, #2905 ),
 ( #1709, #921, #2509 ),
 ( #3720, #3330, #4168 ),
 ( #571, #4932, #1328 ) ),
 .UNSPECIFIED., .F., .F., .T. ) 
 B_SPLINE_SURFACE_WITH_KNOTS ( ( 4, 2, 2, 2, 2, 4 ),
 ( 3, 3 ),
 ( -2.339818697546740522E-05, 0.0004561346485266432700, 0.0009356674840287539791, 0.001894733155032975397, 0.002853798826037196815, 0.003812864497041418017 ),
 ( 0.000000000000000000, 1.000000000000000000 ),
 .UNSPECIFIED. ) 
 GEOMETRIC_REPRESENTATION_ITEM ( )  RATIONAL_B_SPLINE_SURFACE ( (
 ( 1.000000000000000000, 0.8462980724132784793, 1.000000000000000000),
 ( 1.000000000000000000, 0.8461421997539292361, 1.000000000000000000),
 ( 1.000000000000000000, 0.8440728372353325515, 1.000000000000000000),
 ( 1.000000000000000000, 0.8355746465537379208, 1.000000000000000000),
 ( 1.000000000000000000, 0.8295858268506702826, 1.000000000000000000),
 ( 1.000000000000000000, 0.8076311344456471586, 1.000000000000000000),
 ( 1.000000000000000000, 0.7861395988020014602, 1.000000000000000000),
 ( 1.000000000000000000, 0.7375432990420949242, 1.000000000000000000),
 ( 1.000000000000000000, 0.7144969146663313619, 1.000000000000000000),
 ( 1.000000000000000000, 0.6677042885618154067, 1.000000000000000000),
 ( 1.000000000000000000, 0.6427506056806586709, 1.000000000000000000),
 ( 1.000000000000000000, 0.6220407298178869393, 1.000000000000000000) ) ) 
 REPRESENTATION_ITEM ( '' )  SURFACE ( )  );
#3498 = CARTESIAN_POINT ( 'NONE',  ( 7.967320813368348631, 2.570628923506068642, 2.130728663666193956 ) ) ;
#3499 = CARTESIAN_POINT ( 'NONE',  ( 8.085216419606782168, 4.158843152416825006, 2.602882901298693152 ) ) ;
#3500 = FACE_OUTER_BOUND ( 'NONE', #3127, .T. ) ;
#3501 = ADVANCED_FACE ( 'NONE', ( #359 ), #1766, .T. ) ;
#3502 = ORIENTED_EDGE ( 'NONE', *, *, #282, .T. ) ;
#3503 = CARTESIAN_POINT ( 'NONE',  ( 2.057241813534216757, -7.323868831361000531, 2.639689742830062524 ) ) ;
#3504 = ORIENTED_EDGE ( 'NONE', *, *, #976, .F. ) ;
#3505 = CARTESIAN_POINT ( 'NONE',  ( 7.732731884551729884, 0.5531193609296103375, 1.806147665120380275 ) ) ;
#3506 = CARTESIAN_POINT ( 'NONE',  ( 8.752000124806167847, -11.16291826882925875, 3.180118748148447416 ) ) ;
#3507 = CARTESIAN_POINT ( 'NONE',  ( 3.966972950510287532, 0.1300825873150335266, 1.137894946449100386 ) ) ;
#3508 = CARTESIAN_POINT ( 'NONE',  ( 2.049777468410459047, 2.017471172465951312, 1.913800621690578074 ) ) ;
#3509 = CARTESIAN_POINT ( 'NONE',  ( 7.835528736578098119, 3.439597182146258980, 2.235621441389852304 ) ) ;
#3510 = CARTESIAN_POINT ( 'NONE',  ( 8.015355144695204714, 1.561235633420560154, 2.040069219155905778 ) ) ;
#3511 = CARTESIAN_POINT ( 'NONE',  ( -0.5889870827389884766, -5.528429360860897646, 4.971662977043994402 ) ) ;
#3512 = CARTESIAN_POINT ( 'NONE',  ( 7.981292039951421557, 4.165839132641235842, 2.543393033419793170 ) ) ;
#3513 = CARTESIAN_POINT ( 'NONE',  ( 10.23885454743044399, -7.135474250975548216, 4.376477728693605407 ) ) ;
#3514 = CARTESIAN_POINT ( 'NONE',  ( 5.499949998749937841, 1.999949998749833702, 1.999999999999998668 ) ) ;
#3515 = CARTESIAN_POINT ( 'NONE',  ( 5.011226918380693007, -11.49129377625994763, 2.069327040576230736 ) ) ;
#3516 = CARTESIAN_POINT ( 'NONE',  ( 1.911652432642333199, 1.071742712002082820, 1.943127640893832497 ) ) ;
#3517 = ORIENTED_EDGE ( 'NONE', *, *, #4951, .T. ) ;
#3518 = CARTESIAN_POINT ( 'NONE',  ( 4.779355619215788664, 4.016043424908382953, 1.400887510056669116 ) ) ;
#3519 = CARTESIAN_POINT ( 'NONE',  ( 9.558243712944305415, -3.726646928689708815, 3.023386277483707918 ) ) ;
#3520 = CARTESIAN_POINT ( 'NONE',  ( 7.358725033183025843, 0.6789616638966100570, 1.631654392675054188 ) ) ;
#3521 = CARTESIAN_POINT ( 'NONE',  ( 5.027297922655473705, -11.34649708231046716, 1.985667878554570720 ) ) ;
#3522 = EDGE_LOOP ( 'NONE', ( #1452, #527, #877 ) ) ;
#3523 = CARTESIAN_POINT ( 'NONE',  ( 8.024298546019961620, 3.767188386715996984, 2.446588886367151439 ) ) ;
#3524 = CARTESIAN_POINT ( 'NONE',  ( 9.944320939596330788, -11.76446844515050039, 4.279741130176944353 ) ) ;
#3525 = CARTESIAN_POINT ( 'NONE',  ( 4.724509242825244648, -12.38511176832848903, 2.616121879408314754 ) ) ;
#3526 = CARTESIAN_POINT ( 'NONE',  ( 7.918225409066878662, 1.312202088553343637, 1.958611170850558914 ) ) ;
#3527 = CARTESIAN_POINT ( 'NONE',  ( 8.040926576624778832, 4.400524719089832004, 2.663458933855219701 ) ) ;
#3528 = CARTESIAN_POINT ( 'NONE',  ( 1.560697679351966904, 4.256158425436224135, 2.750527460509489597 ) ) ;
#3529 = ORIENTED_EDGE ( 'NONE', *, *, #3218, .T. ) ;
#3530 = ORIENTED_EDGE ( 'NONE', *, *, #2961, .T. ) ;
#3531 = EDGE_CURVE ( 'NONE', #4238, #404, #4119, .T. ) ;
#3532 = B_SPLINE_CURVE_WITH_KNOTS ( 'NONE', 3,
 ( #4061, #1655, #2055, #2815 ),
 .UNSPECIFIED., .F., .F.,
 ( 4, 4 ),
 ( 0.000000000000000000, 1.000000000000000000 ),
 .UNSPECIFIED. ) ;
#3533 = CARTESIAN_POINT ( 'NONE',  ( 0.5997467457472329677, -11.17179205705665090, 3.559679017089758535 ) ) ;
#3534 = CARTESIAN_POINT ( 'NONE',  ( 10.00211887421566637, 0.9723190768577416598, 3.639041263571353380 ) ) ;
#3535 = CARTESIAN_POINT ( 'NONE',  ( 1.999966355119295658, 2.010650200520852415, 1.999999999999998668 ) ) ;
#3536 = CARTESIAN_POINT ( 'NONE',  ( 7.544040748112563755, 3.426714275338277105, 2.059095026061254607 ) ) ;
#3537 = CARTESIAN_POINT ( 'NONE',  ( 8.055228483350720836, 0.7525295178381352645, 2.009719586604473918 ) ) ;
#3538 = CARTESIAN_POINT ( 'NONE',  ( -0.5882268151533066591, -6.309100447401156053, 5.060492525247994422 ) ) ;
#3539 = CARTESIAN_POINT ( 'NONE',  ( 7.756744422316088183, 5.503297778692822995, 3.059074571165589340 ) ) ;
#3540 = CARTESIAN_POINT ( 'NONE',  ( 10.34618176424369906, -5.577213144915410759, 4.135723162536807607 ) ) ;
#3541 = FACE_OUTER_BOUND ( 'NONE', #1110, .T. ) ;
#3542 = CARTESIAN_POINT ( 'NONE',  ( 2.231651944748933136, 3.617427670703665665, 2.096820484243357097 ) ) ;
#3543 = CARTESIAN_POINT ( 'NONE',  ( 7.006408949152540089, 1.340062364324490218, 1.488726344386099187 ) ) ;
#3544 = B_SPLINE_CURVE_WITH_KNOTS ( 'NONE', 3,
 ( #997, #2983, #2166, #3752, #4101, #196, #4984, #554, #2141, #530, #4914, #4962, #95, #1284, #2489, #2587 ),
 .UNSPECIFIED., .F., .F.,
 ( 4, 3, 3, 3, 3, 4 ),
 ( -5.999999991917911513E-08, 0.000000000000000000, 9.769308122284752730E-05, 0.0001954292914999731417, 0.0003631702403729494171, 0.0003632302403729771416 ),
 .UNSPECIFIED. ) ;
#3545 = ORIENTED_EDGE ( 'NONE', *, *, #2686, .T. ) ;
#3546 = CARTESIAN_POINT ( 'NONE',  ( 2.863093449172203542, 4.047610620747709831, 1.902563613479661075 ) ) ;
#3547 = CARTESIAN_POINT ( 'NONE',  ( 4.797973708536455995, -3.392771901342794827, 1.327516872034477213 ) ) ;
#3548 = CARTESIAN_POINT ( 'NONE',  ( 7.319971555181211897, 1.973426054774907179, 1.684026165704535449 ) ) ;
#3549 = CARTESIAN_POINT ( 'NONE',  ( 8.478328119340282853, 3.767169678281677925, 2.767062290310163153 ) ) ;
#3550 = CARTESIAN_POINT ( 'NONE',  ( 2.055335389999558338, -4.539467711616453016, 2.233673880545782975 ) ) ;
#3551 = ORIENTED_EDGE ( 'NONE', *, *, #2725, .T. ) ;
#3552 = CARTESIAN_POINT ( 'NONE',  ( 8.956001535715014228, -4.135999432476565651, 2.620015198367071640 ) ) ;
#3553 = CARTESIAN_POINT ( 'NONE',  ( 9.896719240061461420, -11.66219871897294880, 4.229698080722604558 ) ) ;
#3554 = CARTESIAN_POINT ( 'NONE',  ( 7.146900792237998346, -3.883355710352614842, 1.664056970566633264 ) ) ;
#3555 = CARTESIAN_POINT ( 'NONE',  ( 8.961825208539650589, 1.194456589816465186, 2.658357905762206652 ) ) ;
#3556 = CARTESIAN_POINT ( 'NONE',  ( 10.36348857631373299, 3.971753980757275482, 6.296574903916472010 ) ) ;
#3557 = CARTESIAN_POINT ( 'NONE',  ( 8.999949998749912083, -8.009126724011117915, 3.326392937860894961 ) ) ;
#3558 = CARTESIAN_POINT ( 'NONE',  ( 5.499949998749937841, 1.999949998749833702, 1.999999999999998668 ) ) ;
#3559 = VERTEX_POINT ( 'NONE', #2118 ) ;
#3560 = CARTESIAN_POINT ( 'NONE',  ( -0.5698825994827488861, -11.50773823019571296, 5.324025600178758921 ) ) ;
#3561 = CARTESIAN_POINT ( 'NONE',  ( 6.306507914279741556, -0.09471313498518596496, 1.225695803731691624 ) ) ;
#3562 = CARTESIAN_POINT ( 'NONE',  ( 2.228273407446395904, -9.073393082309356927, 2.850252218119270431 ) ) ;
#3563 = CARTESIAN_POINT ( 'NONE',  ( 7.573047192429464225, 3.799974115899718008, 2.179392215729848203 ) ) ;
#3564 = CARTESIAN_POINT ( 'NONE',  ( 8.500267200199283835, 3.031572638563406752, 2.583693207437034900 ) ) ;
#3565 = CARTESIAN_POINT ( 'NONE',  ( -0.5507466854869601525, -10.97394960588138346, 5.694748062359165530 ) ) ;
#3566 = DIRECTION ( 'NONE',  ( 0.9610001043867993920, -0.02521663785463349600, 0.2753959341454932930 ) ) ;
#3567 = CARTESIAN_POINT ( 'NONE',  ( 2.389492617194160395, -11.28203479478315252, 2.518686578267702370 ) ) ;
#3568 = FACE_OUTER_BOUND ( 'NONE', #1810, .T. ) ;
#3569 = CARTESIAN_POINT ( 'NONE',  ( 10.41299180633536992, -3.331628202634162594, 3.862973235982853915 ) ) ;
#3570 = CARTESIAN_POINT ( 'NONE',  ( 8.999949998748673963, 0.6610641034327241483, 2.639212517712873129 ) ) ;
#3571 = CARTESIAN_POINT ( 'NONE',  ( 2.544681116136068955, 3.788369381253184009, 1.976578291757338013 ) ) ;
#3572 = CARTESIAN_POINT ( 'NONE',  ( 7.223500056957009363, 1.977685142665636109, 1.635406909919493224 ) ) ;
#3573 = EDGE_CURVE ( 'NONE', #903, #493, #1332, .T. ) ;
#3574 = ORIENTED_EDGE ( 'NONE', *, *, #2758, .T. ) ;
#3575 = CARTESIAN_POINT ( 'NONE',  ( 3.358482848962160539, 3.991253893649959750, 1.674351821267975104 ) ) ;
#3576 = CARTESIAN_POINT ( 'NONE',  ( 10.32338207933225505, -3.697120691224991873, 3.799001553843724732 ) ) ;
#3577 = CARTESIAN_POINT ( 'NONE',  ( 7.507118467953459273, 4.815308873510448784, 2.508610680815364979 ) ) ;
#3578 = CARTESIAN_POINT ( 'NONE',  ( 5.652411067725140015, -11.50292702404486178, 2.096441703395379719 ) ) ;
#3579 = CARTESIAN_POINT ( 'NONE',  ( 8.032677809097506838, 3.705734884846628496, 2.433458454901732626 ) ) ;
#3580 = CARTESIAN_POINT ( 'NONE',  ( 5.177477285587858802, -10.98266820498749752, 3.413194444444445974 ) ) ;
#3581 = CARTESIAN_POINT ( 'NONE',  ( 10.11389933194843316, -7.577471109579597908, 4.327120598668955154 ) ) ;
#3582 = CARTESIAN_POINT ( 'NONE',  ( 7.880398682293229484, -3.848661018864496519, 1.966345920623806309 ) ) ;
#3583 = CARTESIAN_POINT ( 'NONE',  ( 8.999949998749933400, 0.7809212214446797917, 2.650293124492634433 ) ) ;
#3584 = CARTESIAN_POINT ( 'NONE',  ( 8.373317388724963450, 4.375728041627335863, 2.899405017128044992 ) ) ;
#3585 = CARTESIAN_POINT ( 'NONE',  ( 7.104065445569092141, 4.017509105151473747, 1.979942044124029632 ) ) ;
#3586 = CARTESIAN_POINT ( 'NONE',  ( 2.961558588463537589, 4.123431253237720640, 1.889010287766273999 ) ) ;
#3587 = CARTESIAN_POINT ( 'NONE',  ( 8.751972615687716228, -11.24633340677447180, 3.164612351641912902 ) ) ;
#3588 = FACE_OUTER_BOUND ( 'NONE', #1547, .T. ) ;
#3589 = CARTESIAN_POINT ( 'NONE',  ( 7.591075365917246742, 3.384171575330163773, 2.076248657070566050 ) ) ;
#3590 = CARTESIAN_POINT ( 'NONE',  ( 7.859456587973729924, 3.447328332055132893, 2.248940682293315785 ) ) ;
#3591 = CARTESIAN_POINT ( 'NONE',  ( -0.3703746606147327869, -10.25683864426291159, 5.113088548801556499 ) ) ;
#3592 = CARTESIAN_POINT ( 'NONE',  ( 2.057636597750132523, -8.016292594455935117, 2.765673406946351776 ) ) ;
#3593 = CARTESIAN_POINT ( 'NONE',  ( 5.859615314454686974, -11.48152107834943259, 2.127709100213298399 ) ) ;
#3594 = B_SPLINE_CURVE_WITH_KNOTS ( 'NONE', 3,
 ( #3999, #4332, #1903, #2331, #1162, #3941, #773, #1990, #1515, #3972 ),
 .UNSPECIFIED., .F., .F.,
 ( 4, 2, 2, 2, 4 ),
 ( 0.6031128040843428684, 0.7023346030502571891, 0.7519455025332143494, 0.8015564020161713987, 0.9999999999479999291 ),
 .UNSPECIFIED. ) ;
#3595 = CARTESIAN_POINT ( 'NONE',  ( 8.790093616581907909, 3.235017634829361111, 2.911451500646879964 ) ) ;
#3596 = CARTESIAN_POINT ( 'NONE',  ( 10.22749892938377592, -11.69133828368873473, 5.166646460964000376 ) ) ;
#3597 = CARTESIAN_POINT ( 'NONE',  ( 7.976934918099743754, 3.692375346038917705, 2.380649460238572157 ) ) ;
#3598 = CARTESIAN_POINT ( 'NONE',  ( 8.999949998749933400, 0.4177280412593631365, 2.669710510814339521 ) ) ;
#3599 = CARTESIAN_POINT ( 'NONE',  ( 6.148933209736203054, 2.016375722521557279, 1.216224379915171072 ) ) ;
#3600 = ORIENTED_EDGE ( 'NONE', *, *, #2091, .F. ) ;
#3601 = CARTESIAN_POINT ( 'NONE',  ( 2.880479104513517630, 4.521006571541475338, 2.077973376813428530 ) ) ;
#3602 = EDGE_CURVE ( 'NONE', #2329, #1923, #5081, .T. ) ;
#3603 = B_SPLINE_CURVE_WITH_KNOTS ( 'NONE', 3,
 ( #2345, #5164, #3955, #1225 ),
 .UNSPECIFIED., .F., .F.,
 ( 4, 4 ),
 ( 0.000000000000000000, 1.000000000000000000 ),
 .UNSPECIFIED. ) ;
#3604 = CARTESIAN_POINT ( 'NONE',  ( 1.756061501895660237, -3.825445018804968456, 2.307494461250810591 ) ) ;
#3605 = CARTESIAN_POINT ( 'NONE',  ( 3.585598465923630407, 4.878845896501267099, 1.974732756351970098 ) ) ;
#3606 = CARTESIAN_POINT ( 'NONE',  ( 4.806800489201119575, -11.43714754935366251, 2.098268870913792217 ) ) ;
#3607 = ORIENTED_EDGE ( 'NONE', *, *, #782, .T. ) ;
#3608 = CARTESIAN_POINT ( 'NONE',  ( 8.396690214957823528, 3.711833469119491191, 2.688039392083764856 ) ) ;
#3609 = CARTESIAN_POINT ( 'NONE',  ( 10.06777213619739619, -9.048144238148896790, 4.508330870335282903 ) ) ;
#3610 = CARTESIAN_POINT ( 'NONE',  ( 4.325612125404944663, -11.29715979651532898, 2.166306169596909470 ) ) ;
#3611 = CARTESIAN_POINT ( 'NONE',  ( 9.743661518833716784, 3.681388452567935232, 4.009760700377436038 ) ) ;
#3612 = CARTESIAN_POINT ( 'NONE',  ( 4.004131980089979059, 4.142092144502590223, 1.536220735135312099 ) ) ;
#3613 = AXIS2_PLACEMENT_3D ( 'NONE', #2461, #4431, #3259 ) ;
#3614 = CARTESIAN_POINT ( 'NONE',  ( 4.983151943680977247, -8.665035498964357430, 2.159978443919464919 ) ) ;
#3615 = CARTESIAN_POINT ( 'NONE',  ( 7.502337992823227886, 5.614517426509479492, 2.967735104264364043 ) ) ;
#3616 = CARTESIAN_POINT ( 'NONE',  ( 4.001824590877986587, 4.089783740350719121, 1.518625767527680637 ) ) ;
#3617 = ORIENTED_EDGE ( 'NONE', *, *, #221, .F. ) ;
#3618 = CARTESIAN_POINT ( 'NONE',  ( -0.1446515211923106448, -12.89634700813035906, 3.924920882715956072 ) ) ;
#3619 = CARTESIAN_POINT ( 'NONE',  ( 7.692310844032854256, 3.665083423302752053, 2.209669943810137482 ) ) ;
#3620 = CARTESIAN_POINT ( 'NONE',  ( 7.350645822114889150, 3.469968605256307015, 1.961987204016202080 ) ) ;
#3621 = CARTESIAN_POINT ( 'NONE',  ( 9.313425969149781380, 0.7767914427314615011, 2.906336621822150246 ) ) ;
#3622 = CARTESIAN_POINT ( 'NONE',  ( -0.07553496602211509647, -3.399485943837071922, 3.701246575082567158 ) ) ;
#3623 = CARTESIAN_POINT ( 'NONE',  ( 8.431555612900057284, 0.04696543779258988138, 2.195098371324863074 ) ) ;
#3624 = ORIENTED_EDGE ( 'NONE', *, *, #3671, .T. ) ;
#3625 = CARTESIAN_POINT ( 'NONE',  ( 8.999949998749929847, 1.999949998749833702, 2.849094997549252106 ) ) ;
#3626 = CARTESIAN_POINT ( 'NONE',  ( 10.41340166730297589, -3.187702643324769269, 3.848937740046573186 ) ) ;
#3627 = CARTESIAN_POINT ( 'NONE',  ( 7.660852788736942642, 2.346732718844335430, 1.919097435735444446 ) ) ;
#3628 =( BOUNDED_SURFACE ( )  B_SPLINE_SURFACE ( 3, 2, ( 
 ( #443, #475, #147 ),
 ( #3339, #2038, #38 ),
 ( #1640, #4940, #1336 ),
 ( #2069, #1668, #3288 ),
 ( #2939, #4886, #506 ),
 ( #4150, #555, #953 ) ),
 .UNSPECIFIED., .F., .F., .T. ) 
 B_SPLINE_SURFACE_WITH_KNOTS ( ( 4, 2, 4 ),
 ( 3, 3 ),
 ( 1.734723475976807094E-18, 0.0009167204684141817828, 0.001833440936828361831 ),
 ( 0.000000000000000000, 1.000000000000000000 ),
 .UNSPECIFIED. ) 
 GEOMETRIC_REPRESENTATION_ITEM ( )  RATIONAL_B_SPLINE_SURFACE ( (
 ( 1.000000000000000000, 0.9033061239053635783, 1.000000000000000000),
 ( 1.000000000000000000, 0.9078383507136189579, 1.000000000000000000),
 ( 1.000000000000000000, 0.9111162555974118282, 1.000000000000000000),
 ( 1.000000000000000000, 0.9127886890412765242, 1.000000000000000000),
 ( 1.000000000000000000, 0.9109919389842032755, 1.000000000000000000),
 ( 1.000000000000000000, 0.9058580306454250275, 1.000000000000000000) ) ) 
 REPRESENTATION_ITEM ( '' )  SURFACE ( )  );
#3629 = CARTESIAN_POINT ( 'NONE',  ( 2.717901470777630557, 4.046942725580339406, 1.977174498952918746 ) ) ;
#3630 = CARTESIAN_POINT ( 'NONE',  ( 7.448779042980556042, 0.9417450806455951451, 1.683923254776169776 ) ) ;
#3631 = CARTESIAN_POINT ( 'NONE',  ( 6.475237368281965722, -11.36142093389514862, 6.298170405982908449 ) ) ;
#3632 = ORIENTED_EDGE ( 'NONE', *, *, #3465, .T. ) ;
#3633 = CARTESIAN_POINT ( 'NONE',  ( 2.491870373350316026, 4.013646823957634169, 2.077595927873660209 ) ) ;
#3634 = CARTESIAN_POINT ( 'NONE',  ( 1.886333396679127583, -3.700310357798080929, 2.231253897226065597 ) ) ;
#3635 = ADVANCED_FACE ( 'NONE', ( #122 ), #3628, .T. ) ;
#3636 = CARTESIAN_POINT ( 'NONE',  ( 8.385459562227820740, 0.7974916053415659345, 2.207467039353230742 ) ) ;
#3637 = CARTESIAN_POINT ( 'NONE',  ( 8.957143790844670050, -5.552585715957554235, 2.838704585025103366 ) ) ;
#3638 = CARTESIAN_POINT ( 'NONE',  ( 5.859615314454686974, -11.48152107834943259, 2.127709100213298399 ) ) ;
#3639 = CARTESIAN_POINT ( 'NONE',  ( 4.341779545264992990, -11.19829918794773604, 2.075519788577691926 ) ) ;
#3640 = CARTESIAN_POINT ( 'NONE',  ( 8.379712988264161666, 3.749456428658787033, 2.687014228196000332 ) ) ;
#3641 = CARTESIAN_POINT ( 'NONE',  ( 3.364128089085250739, 4.214927916457416934, 1.752095015564324898 ) ) ;
#3642 = EDGE_CURVE ( 'NONE', #4035, #3227, #4395, .T. ) ;
#3643 =( GEOMETRIC_REPRESENTATION_CONTEXT ( 3 ) GLOBAL_UNCERTAINTY_ASSIGNED_CONTEXT ( ( #2073 ) ) GLOBAL_UNIT_ASSIGNED_CONTEXT ( ( #4578, #945, #2604 ) ) REPRESENTATION_CONTEXT ( 'NONE', 'WORKASPACE' ) );
#3644 = CARTESIAN_POINT ( 'NONE',  ( 5.725514209633773000, -12.59809187838065192, 1.535236626206360366 ) ) ;
#3645 = CARTESIAN_POINT ( 'NONE',  ( 1.999950439949462533, 1.999949998749861457, 1.999060639130702421 ) ) ;
#3646 = CARTESIAN_POINT ( 'NONE',  ( 7.786390707036452419, 4.600803519901490723, 2.582892761960988715 ) ) ;
#3647 = CARTESIAN_POINT ( 'NONE',  ( 9.528817768760161400, 1.454323950814101485, 3.202338941963355889 ) ) ;
#3648 = CARTESIAN_POINT ( 'NONE',  ( 1.160264101283718707, -10.43115509734241009, 3.594619449754858920 ) ) ;
#3649 = CARTESIAN_POINT ( 'NONE',  ( 8.527415727472694940, -9.763583286754380808, 3.273879823605405637 ) ) ;
#3650 = CARTESIAN_POINT ( 'NONE',  ( 2.161360904792170690, 3.050579744048435238, 2.049937577315508186 ) ) ;
#3651 = CARTESIAN_POINT ( 'NONE',  ( 2.001750226247335007, -0.4076985922954404207, 1.912082048928253730 ) ) ;
#3652 = CARTESIAN_POINT ( 'NONE',  ( 2.001568706219489790, 1.040982336533861519, 1.943026422679080989 ) ) ;
#3653 = CARTESIAN_POINT ( 'NONE',  ( 2.258113307196664810, 0.6544832086981811070, 1.752364573418739413 ) ) ;
#3654 = CARTESIAN_POINT ( 'NONE',  ( 2.027724189587654546, -3.312629370976566179, 2.123795610847519999 ) ) ;
#3655 = CARTESIAN_POINT ( 'NONE',  ( 3.331633399579731147, 0.8862184504357384363, 1.287517740279203071 ) ) ;
#3656 = ORIENTED_EDGE ( 'NONE', *, *, #4857, .T. ) ;
#3657 = CARTESIAN_POINT ( 'NONE',  ( 6.694095324381664547, 3.837471721765211896, 1.738401023326912487 ) ) ;
#3658 = CARTESIAN_POINT ( 'NONE',  ( 10.22537068351484990, -3.841229443803745092, 3.703839314287747708 ) ) ;
#3659 = CARTESIAN_POINT ( 'NONE',  ( 5.231705687372901536, 5.496708591711152891, 2.124459395645151627 ) ) ;
#3660 = CARTESIAN_POINT ( 'NONE',  ( 4.739442639697774240, 0.8513591758693150879, 1.015747017502804272 ) ) ;
#3661 = CARTESIAN_POINT ( 'NONE',  ( 7.565799742066316114, 3.957614639006262536, 2.221957129441636702 ) ) ;
#3662 = CARTESIAN_POINT ( 'NONE',  ( 1.619888179233084813, 3.979001716753666429, 2.602783431971636752 ) ) ;
#3663 = CARTESIAN_POINT ( 'NONE',  ( 8.969710149837817781, 0.05371226122705130557, 2.560921638032256809 ) ) ;
#3664 = CARTESIAN_POINT ( 'NONE',  ( 8.959980504927221645, 0.4238014898627073812, 2.589964318810396904 ) ) ;
#3665 = CARTESIAN_POINT ( 'NONE',  ( 10.31542266180078116, 3.551317936869358149, 6.857493919625303747 ) ) ;
#3666 = CARTESIAN_POINT ( 'NONE',  ( 7.927832095861886863, 3.773789074117655851, 2.376766783002073780 ) ) ;
#3667 = CARTESIAN_POINT ( 'NONE',  ( 7.480567486028911972, 4.915118399642648406, 2.534780807511882728 ) ) ;
#3668 = CARTESIAN_POINT ( 'NONE',  ( 8.999949998749936952, -3.769535406361629093, 2.662976011260103526 ) ) ;
#3669 = ORIENTED_EDGE ( 'NONE', *, *, #4595, .F. ) ;
#3670 = CARTESIAN_POINT ( 'NONE',  ( 8.752967497821863674, -12.02619087769277151, 2.986276683252059083 ) ) ;
#3671 = EDGE_CURVE ( 'NONE', #3134, #404, #3886, .T. ) ;
#3672 = CARTESIAN_POINT ( 'NONE',  ( 9.353485578683464752, 2.966604676247985850, 3.333048851102005106 ) ) ;
#3673 = CARTESIAN_POINT ( 'NONE',  ( 1.144080745191004889, -11.21039664876802355, 3.677623446751521197 ) ) ;
#3674 = CARTESIAN_POINT ( 'NONE',  ( 8.911306017735544316, -8.852979999238396402, 3.453826860949958721 ) ) ;
#3675 = ORIENTED_EDGE ( 'NONE', *, *, #3351, .T. ) ;
#3676 = CARTESIAN_POINT ( 'NONE',  ( 2.305944521507644840, 3.446250223638320342, 2.001631456256300901 ) ) ;
#3677 = CARTESIAN_POINT ( 'NONE',  ( 2.001209642568304137, 0.08075143896257983012, 1.949711704956616165 ) ) ;
#3678 = CARTESIAN_POINT ( 'NONE',  ( 7.670593543320926244, 2.059473656057735802, 1.888307250561131578 ) ) ;
#3679 = CARTESIAN_POINT ( 'NONE',  ( 2.135318937011647655, -0.2752529030229378115, 1.836911102754192893 ) ) ;
#3680 = CARTESIAN_POINT ( 'NONE',  ( 2.146916769739255493, 0.8737900186860103613, 1.812818362052727617 ) ) ;
#3681 = LINE ( 'NONE', #2436, #2164 ) ;
#3682 = VERTEX_POINT ( 'NONE', #630 ) ;
#3683 = CARTESIAN_POINT ( 'NONE',  ( 7.742994377091968694, -9.710743600740839199, 2.880789251793468342 ) ) ;
#3684 = CARTESIAN_POINT ( 'NONE',  ( 6.747403796838414181, 4.638238552780532764, 2.039390346659183173 ) ) ;
#3685 = CARTESIAN_POINT ( 'NONE',  ( 4.014800175562975859, -4.040131318412798933, 1.494666441311861105 ) ) ;
#3686 = CARTESIAN_POINT ( 'NONE',  ( 7.350319706663946739, 3.517437451204280308, 1.973868595687621408 ) ) ;
#3687 = CARTESIAN_POINT ( 'NONE',  ( 4.740449901722828763, 0.7175607166099717826, 1.018532187499107788 ) ) ;
#3688 = CARTESIAN_POINT ( 'NONE',  ( 7.498393300948227314, 4.913482349131887084, 2.544509298686758569 ) ) ;
#3689 = CARTESIAN_POINT ( 'NONE',  ( 6.742636369489041215, 5.230641062748426329, 2.327836659740207814 ) ) ;
#3690 = CARTESIAN_POINT ( 'NONE',  ( 1.755525777524316489, 0.009217119618543101467, 2.028546982934407161 ) ) ;
#3691 = CARTESIAN_POINT ( 'NONE',  ( 7.712775852144536870, 1.319055159711840508, 1.841649408299929735 ) ) ;
#3692 = CARTESIAN_POINT ( 'NONE',  ( 10.27665190622607128, 3.585154669547563344, 6.907459317056231285 ) ) ;
#3693 = CARTESIAN_POINT ( 'NONE',  ( 4.781360772459455788, 4.054857973084247114, 1.413921121526929836 ) ) ;
#3694 = CARTESIAN_POINT ( 'NONE',  ( 8.053194496360653432, 5.426471899402512733, 3.212983127513860282 ) ) ;
#3695 = EDGE_LOOP ( 'NONE', ( #4504, #4106, #2779 ) ) ;
#3696 = VECTOR ( 'NONE', #4991, 1000.000000000000000 ) ;
#3697 = CARTESIAN_POINT ( 'NONE',  ( 0.5863532813917062825, -13.10472896954228972, 3.024692200095637329 ) ) ;
#3698 = CARTESIAN_POINT ( 'NONE',  ( 8.340056964878630907, 3.979389438709901583, 2.731155809123170464 ) ) ;
#3699 = CARTESIAN_POINT ( 'NONE',  ( 9.236199253599831849, 3.765090590737818488, 3.454657939066710259 ) ) ;
#3700 = CARTESIAN_POINT ( 'NONE',  ( 0.4707205810286427261, -3.311874318319696364, 3.117076989141395860 ) ) ;
#3701 = ADVANCED_FACE ( 'NONE', ( #5055 ), #3835, .T. ) ;
#3702 = ORIENTED_EDGE ( 'NONE', *, *, #1818, .T. ) ;
#3703 = CARTESIAN_POINT ( 'NONE',  ( 1.999950439949456094, 1.999949998749889657, 1.999060639130708861 ) ) ;
#3704 = CARTESIAN_POINT ( 'NONE',  ( 2.141652133722646845, -2.659534147887860023, 2.004154297014391961 ) ) ;
#3705 = CARTESIAN_POINT ( 'NONE',  ( 2.846540050529630772, 0.9007852788080195072, 1.472966698992070445 ) ) ;
#3706 = ORIENTED_EDGE ( 'NONE', *, *, #4685, .T. ) ;
#3707 = CARTESIAN_POINT ( 'NONE',  ( 7.088140268171328806, -7.407760794048368069, 2.188551237734201127 ) ) ;
#3708 = CARTESIAN_POINT ( 'NONE',  ( 6.817272083754346568, 5.637869846453452460, 2.600710792556239159 ) ) ;
#3709 = CARTESIAN_POINT ( 'NONE',  ( 2.017255463980077490, -4.034864535538945418, 2.200849874428645769 ) ) ;
#3710 = CARTESIAN_POINT ( 'NONE',  ( 1.999949998749935620, -4.529876306382966789, 2.322656785033867965 ) ) ;
#3711 = CARTESIAN_POINT ( 'NONE',  ( 9.594272758279277724, 0.6148690740545026401, 3.155122975014449604 ) ) ;
#3712 = CARTESIAN_POINT ( 'NONE',  ( 3.208528555908283231, 0.4858530276792560887, 1.333680955047231276 ) ) ;
#3713 = CARTESIAN_POINT ( 'NONE',  ( 2.207391924383017567, 3.038382101406056357, 1.964812387393568782 ) ) ;
#3714 = CARTESIAN_POINT ( 'NONE',  ( 2.604706450803150108, -0.2955627764257284795, 1.607873142738391881 ) ) ;
#3715 = CARTESIAN_POINT ( 'NONE',  ( 4.327084683964459444, -11.29768353961868499, 2.174234928306333803 ) ) ;
#3716 = CARTESIAN_POINT ( 'NONE',  ( 8.154042653031837062, 3.776206163458029064, 2.528206231139447979 ) ) ;
#3717 = CARTESIAN_POINT ( 'NONE',  ( 2.491948637781588705, 4.132784004796386412, 2.123262658963811944 ) ) ;
#3718 = CARTESIAN_POINT ( 'NONE',  ( 2.485503041948928793, -12.45917455991912881, 3.098438039077896278 ) ) ;
#3719 = CARTESIAN_POINT ( 'NONE',  ( 1.454159754605180321, -11.95667133601460641, 2.795557121081295282 ) ) ;
#3720 = CARTESIAN_POINT ( 'NONE',  ( 4.072301865176722657, -11.08263617956835034, 2.135641545908258276 ) ) ;
#3721 = DIRECTION ( 'NONE',  ( 0.000000000000000000, -0.000000000000000000, -1.000000000000000000 ) ) ;
#3722 = CARTESIAN_POINT ( 'NONE',  ( 9.282690033045225775, 1.121077825521732407, 2.918559068752354158 ) ) ;
#3723 = CARTESIAN_POINT ( 'NONE',  ( 0.5137744983104951535, -11.16253675060829842, 4.118894616545673237 ) ) ;
#3724 = B_SPLINE_CURVE_WITH_KNOTS ( 'NONE', 3,
 ( #3535, #406, #1575, #4342 ),
 .UNSPECIFIED., .F., .F.,
 ( 4, 4 ),
 ( 1.734723475976807094E-18, 1.074136723491739483E-05 ),
 .UNSPECIFIED. ) ;
#3725 = VECTOR ( 'NONE', #908, 1000.000000000000000 ) ;
#3726 = ORIENTED_EDGE ( 'NONE', *, *, #4366, .T. ) ;
#3727 = CARTESIAN_POINT ( 'NONE',  ( 8.214107753429789938, 4.159879877218583211, 2.698815791472900738 ) ) ;
#3728 = CARTESIAN_POINT ( 'NONE',  ( 8.358340436087024372, -10.02632237014923966, 3.107409966441207150 ) ) ;
#3729 = CARTESIAN_POINT ( 'NONE',  ( 8.340056964878630907, 3.979389438709901583, 2.731155809123170464 ) ) ;
#3730 = CARTESIAN_POINT ( 'NONE',  ( 7.022314476844836229, 0.7153778226077489588, 1.477341988299565978 ) ) ;
#3731 = CARTESIAN_POINT ( 'NONE',  ( 8.569866969967941728, -4.980225716539388614, 2.474485790816994157 ) ) ;
#3732 = CARTESIAN_POINT ( 'NONE',  ( 7.076719178969639756, 3.798253879232688313, 1.901380802941978310 ) ) ;
#3733 = CARTESIAN_POINT ( 'NONE',  ( 1.886595799675421015, -3.897298029688522902, 2.250879872108908941 ) ) ;
#3734 = CARTESIAN_POINT ( 'NONE',  ( 7.337469574066779465, 3.478085116093987406, 1.956848517014343924 ) ) ;
#3735 = ADVANCED_FACE ( 'NONE', ( #4554 ), #3749, .T. ) ;
#3736 = CARTESIAN_POINT ( 'NONE',  ( 4.587412548181283967, 5.334589024563018533, 2.029965362105619064 ) ) ;
#3737 = CARTESIAN_POINT ( 'NONE',  ( 7.057892778999431016, -0.3525086498994134399, 1.480966705567480002 ) ) ;
#3738 = CARTESIAN_POINT ( 'NONE',  ( 7.604793737795170649, 0.7657487106141336319, 1.757078774850871827 ) ) ;
#3739 = DIRECTION ( 'NONE',  ( 0.000000000000000000, 0.000000000000000000, 1.000000000000000000 ) ) ;
#3740 = CARTESIAN_POINT ( 'NONE',  ( 2.859984367418511919, 3.328141230440090581, 1.685638913601729127 ) ) ;
#3741 = CARTESIAN_POINT ( 'NONE',  ( 7.573047192435299557, 3.799974115890614179, 2.179392215730934002 ) ) ;
#3742 = CARTESIAN_POINT ( 'NONE',  ( 3.243680156224400424, -3.889013887503234290, 1.667379928591473437 ) ) ;
#3743 = CARTESIAN_POINT ( 'NONE',  ( -0.5022433879682923763, -13.82151840793849296, 4.290434438606580692 ) ) ;
#3744 = CARTESIAN_POINT ( 'NONE',  ( 7.930196178317714839, 4.518660682154395758, 2.696385336794137277 ) ) ;
#3745 = CARTESIAN_POINT ( 'NONE',  ( 7.912797570267217750, 4.478264289975165013, 2.617039953100451122 ) ) ;
#3746 = CARTESIAN_POINT ( 'NONE',  ( 9.735649038420744361, 1.926279817052733989, 3.517227471044122034 ) ) ;
#3747 = CARTESIAN_POINT ( 'NONE',  ( -0.4570804032722336485, -11.83648164215425602, 4.883099290483816191 ) ) ;
#3748 = ORIENTED_EDGE ( 'NONE', *, *, #5041, .F. ) ;
#3749 =( BOUNDED_SURFACE ( )  B_SPLINE_SURFACE ( 3, 2, ( 
 ( #3794, #5001, #5126 ),
 ( #286, #4284, #4792 ),
 ( #674, #697, #1138 ),
 ( #4738, #1491, #3476 ) ),
 .UNSPECIFIED., .F., .F., .T. ) 
 B_SPLINE_SURFACE_WITH_KNOTS ( ( 4, 4 ),
 ( 3, 3 ),
 ( -9.900444736601898832E-09, 0.0004694172792386325645 ),
 ( 0.000000000000000000, 1.000000000000000000 ),
 .UNSPECIFIED. ) 
 GEOMETRIC_REPRESENTATION_ITEM ( )  RATIONAL_B_SPLINE_SURFACE ( (
 ( 1.000000000000000000, 0.8466732174532248800, 1.000000000000000000),
 ( 1.000000000000000000, 0.8465312649093691411, 1.000000000000000000),
 ( 1.000000000000000000, 0.8454732887478705328, 1.000000000000000000),
 ( 1.000000000000000000, 0.8435443112244047636, 1.000000000000000000) ) ) 
 REPRESENTATION_ITEM ( '' )  SURFACE ( )  );
#3750 = CARTESIAN_POINT ( 'NONE',  ( 4.529885652243248906, -11.23603538608979235, 2.044230894613380922 ) ) ;
#3751 = CARTESIAN_POINT ( 'NONE',  ( 9.645937665268037975, 0.2515743105247214562, 3.158334848352245317 ) ) ;
#3752 = CARTESIAN_POINT ( 'NONE',  ( 8.959980224316828057, 0.4236818459202040810, 2.589955085811295632 ) ) ;
#3753 = CARTESIAN_POINT ( 'NONE',  ( 8.478317912579530713, 3.767186676912384513, 2.767059671076285809 ) ) ;
#3754 = CARTESIAN_POINT ( 'NONE',  ( 1.987473444117721755, 0.8808208853058330234, 1.899310065865781549 ) ) ;
#3755 = CARTESIAN_POINT ( 'NONE',  ( 7.807959009677563955, -7.368774654097521193, 2.480022300222562759 ) ) ;
#3756 = CARTESIAN_POINT ( 'NONE',  ( 6.193006440159052772, 3.878418514989906640, 1.565903973411423511 ) ) ;
#3757 = CARTESIAN_POINT ( 'NONE',  ( 7.147449548333396407, -4.080306658230642647, 1.682535099234253817 ) ) ;
#3758 = CARTESIAN_POINT ( 'NONE',  ( 7.555157644688944352, 3.820207719789276091, 2.174850556517800015 ) ) ;
#3759 = CARTESIAN_POINT ( 'NONE',  ( 8.424087985996260741, 0.1724650188975329623, 2.196099953830860319 ) ) ;
#3760 = EDGE_CURVE ( 'NONE', #3682, #5142, #2250, .T. ) ;
#3761 = CARTESIAN_POINT ( 'NONE',  ( 7.507118467953457497, 4.815308873510476317, 2.508610680815374749 ) ) ;
#3762 = CARTESIAN_POINT ( 'NONE',  ( 10.12710309860907110, -1.007369795474083451, 3.544104865853884956 ) ) ;
#3763 = CARTESIAN_POINT ( 'NONE',  ( 7.695983304414895976, 1.319602295372757084, 1.832356604544765677 ) ) ;
#3764 = CARTESIAN_POINT ( 'NONE',  ( 3.986555840587532984, 3.695201444966239812, 1.394229433009922081 ) ) ;
#3765 = CARTESIAN_POINT ( 'NONE',  ( 7.861989349252900716, 5.439514359401625754, 3.087326469414899410 ) ) ;
#3766 = CARTESIAN_POINT ( 'NONE',  ( 3.263330576013953710, -9.742646870588679064, 2.609423187805892219 ) ) ;
#3767 = CARTESIAN_POINT ( 'NONE',  ( 8.999949998749771751, -5.185991654881246582, 2.860582783059266276 ) ) ;
#3768 = CARTESIAN_POINT ( 'NONE',  ( 10.24568843748368785, 3.951742435052834956, 6.706354070038427651 ) ) ;
#3769 = CARTESIAN_POINT ( 'NONE',  ( 9.520214673802612992, 3.845176873328470801, 3.811138290657195338 ) ) ;
#3770 = CARTESIAN_POINT ( 'NONE',  ( -0.5759017298938885476, -11.80278732531445129, 5.272982944128947302 ) ) ;
#3771 = DIRECTION ( 'NONE',  ( -1.856154119295183591E-16, -1.000000000000000000, 0.000000000000000000 ) ) ;
#3772 = CARTESIAN_POINT ( 'NONE',  ( 6.637574145352192367, -11.31020313190782822, 2.197387620380551354 ) ) ;
#3773 = CARTESIAN_POINT ( 'NONE',  ( 6.110447157472110646, 5.453261506121226176, 2.296164416135931141 ) ) ;
#3774 = CARTESIAN_POINT ( 'NONE',  ( 7.850941130029720050, 3.077175450449082028, 2.157303719242039008 ) ) ;
#3775 = B_SPLINE_CURVE_WITH_KNOTS ( 'NONE', 3,
 ( #137, #3954, #4773, #2744 ),
 .UNSPECIFIED., .F., .F.,
 ( 4, 4 ),
 ( 0.000000000000000000, 1.000000000000000000 ),
 .UNSPECIFIED. ) ;
#3776 = CARTESIAN_POINT ( 'NONE',  ( -0.7433538979286675730, -3.643656414301421620, 5.403183281127636128 ) ) ;
#3777 =( BOUNDED_SURFACE ( )  B_SPLINE_SURFACE ( 3, 2, ( 
 ( #1975, #5191, #3201 ),
 ( #4804, #4013, #950 ),
 ( #1230, #3229, #3727 ),
 ( #552, #2115, #4072 ) ),
 .UNSPECIFIED., .F., .F., .T. ) 
 B_SPLINE_SURFACE_WITH_KNOTS ( ( 4, 4 ),
 ( 3, 3 ),
 ( 0.000000000000000000, 0.0006597709640211002046 ),
 ( 0.000000000000000000, 1.000000000000000000 ),
 .UNSPECIFIED. ) 
 GEOMETRIC_REPRESENTATION_ITEM ( )  RATIONAL_B_SPLINE_SURFACE ( (
 ( 1.000000000000000000, 0.8912048222800035280, 1.000000000000000000),
 ( 1.000000000000000000, 0.8929936292112724550, 1.000000000000000000),
 ( 1.000000000000000000, 0.8961841529268040896, 1.000000000000000000),
 ( 1.000000000000000000, 0.8995223355124513098, 1.000000000000000000) ) ) 
 REPRESENTATION_ITEM ( '' )  SURFACE ( )  );
#3778 = CARTESIAN_POINT ( 'NONE',  ( 7.492451362641788570, 4.914027699302131680, 2.541266468295130920 ) ) ;
#3779 = CARTESIAN_POINT ( 'NONE',  ( 9.763661013358317931, -3.706254033241568102, 3.191862926964708524 ) ) ;
#3780 = CARTESIAN_POINT ( 'NONE',  ( 8.134613746796166112, 5.876879825577413285, 3.576776933748674558 ) ) ;
#3781 = CARTESIAN_POINT ( 'NONE',  ( 5.853624085640317887, -11.48213020346388014, 6.499999999999952038 ) ) ;
#3782 = CARTESIAN_POINT ( 'NONE',  ( 1.999949998749939617, -8.000050001250174958, 2.854812367349651048 ) ) ;
#3783 = CARTESIAN_POINT ( 'NONE',  ( 2.261541014087143697, 0.9223785281863572383, 1.751009053831898976 ) ) ;
#3784 = CARTESIAN_POINT ( 'NONE',  ( 1.780357285609754481, 4.075149796645111344, 2.540285527651707120 ) ) ;
#3785 = CARTESIAN_POINT ( 'NONE',  ( 9.984846524994845041, -0.4952912716160995377, 3.435086872751455189 ) ) ;
#3786 = CARTESIAN_POINT ( 'NONE',  ( 7.562261556375519334, 1.962453901860589101, 1.809549695610783493 ) ) ;
#3787 = CARTESIAN_POINT ( 'NONE',  ( 8.029729802737206157, 3.797167409194806886, 2.459180196979849686 ) ) ;
#3788 = CARTESIAN_POINT ( 'NONE',  ( 9.749855722687710724, 3.643519389603083525, 4.002949942587902044 ) ) ;
#3789 = CARTESIAN_POINT ( 'NONE',  ( 4.763194030326378225, 3.663843446872788512, 1.291298333143219734 ) ) ;
#3790 = ADVANCED_FACE ( 'NONE', ( #1519 ), #4274, .T. ) ;
#3791 = CARTESIAN_POINT ( 'NONE',  ( 1.836206051870232114, -9.685740842111433935, 3.134838819958662981 ) ) ;
#3792 = CARTESIAN_POINT ( 'NONE',  ( 8.899949998749919544, 0.4177280412593631365, 2.669710510814336413 ) ) ;
#3793 = CARTESIAN_POINT ( 'NONE',  ( 8.088975763630420701, 4.537894509513168195, 2.757572638847298307 ) ) ;
#3794 = CARTESIAN_POINT ( 'NONE',  ( 2.032602314070571570, -8.477019637127137131, 2.923149847921487243 ) ) ;
#3795 = EDGE_CURVE ( 'NONE', #1261, #1572, #3826, .T. ) ;
#3796 = CARTESIAN_POINT ( 'NONE',  ( 2.032600051307354772, -8.477003187600695711, 2.923212712171415539 ) ) ;
#3797 = VERTEX_POINT ( 'NONE', #3890 ) ;
#3798 = CARTESIAN_POINT ( 'NONE',  ( 5.565345386877828204, -11.02460346804438629, 4.374945956220980925 ) ) ;
#3799 = CARTESIAN_POINT ( 'NONE',  ( 8.263790741493583170, -10.15301849028449865, 3.047701166118273797 ) ) ;
#3800 = CARTESIAN_POINT ( 'NONE',  ( 8.959697097529215171, 0.3029648281749884320, 2.580639277019436406 ) ) ;
#3801 = CARTESIAN_POINT ( 'NONE',  ( 6.634953787112556789, -11.31091776728097820, 2.288810703430701476 ) ) ;
#3802 = CARTESIAN_POINT ( 'NONE',  ( -0.7473897590709945860, -12.05595162313019486, 6.444978780267536678 ) ) ;
#3803 = CARTESIAN_POINT ( 'NONE',  ( 7.620222693067991493, 5.591920003657685712, 3.026918139255987406 ) ) ;
#3804 = CARTESIAN_POINT ( 'NONE',  ( 10.12352932694931340, -4.180670804967534515, 3.631886628275217799 ) ) ;
#3805 = CARTESIAN_POINT ( 'NONE',  ( 7.780083338760429790, 3.939940053435425860, 2.341564367035649852 ) ) ;
#3806 = DIRECTION ( 'NONE',  ( 0.000000000000000000, 0.000000000000000000, -1.000000000000000000 ) ) ;
#3807 = CARTESIAN_POINT ( 'NONE',  ( 2.136844723376844613, -1.807663381497738309, 1.933655032022118414 ) ) ;
#3808 = CARTESIAN_POINT ( 'NONE',  ( 7.425728410758728693, -10.62244812540324901, 2.583173623726615187 ) ) ;
#3809 = CARTESIAN_POINT ( 'NONE',  ( 2.265490455003675407, 5.325539199501600152, 2.831333323686973547 ) ) ;
#3810 = CARTESIAN_POINT ( 'NONE',  ( 1.746247617362923998, -1.849154457415180808, 2.126082801759988428 ) ) ;
#3811 = CARTESIAN_POINT ( 'NONE',  ( 7.660539096106280255, 2.589415572695402901, 1.949262983737624966 ) ) ;
#3812 = CARTESIAN_POINT ( 'NONE',  ( 8.133159096790434361, 3.910836595015537931, 2.560267669839756621 ) ) ;
#3813 = CARTESIAN_POINT ( 'NONE',  ( 2.500680598793115550, -3.427318889062641816, 1.898075229199716052 ) ) ;
#3814 = CARTESIAN_POINT ( 'NONE',  ( 2.606845835386288002, 0.9081717069342465365, 1.572866910066186952 ) ) ;
#3815 = CARTESIAN_POINT ( 'NONE',  ( 10.32080799130730853, 4.065212356342634337, 6.321801531431511911 ) ) ;
#3816 = CARTESIAN_POINT ( 'NONE',  ( 9.569154724084816266, 3.693157862031365646, 3.812292156299666335 ) ) ;
#3817 = CARTESIAN_POINT ( 'NONE',  ( -0.4440089238896272050, -11.32388654559843211, 4.976036762121053059 ) ) ;
#3818 = ORIENTED_EDGE ( 'NONE', *, *, #2928, .F. ) ;
#3819 = EDGE_CURVE ( 'NONE', #969, #288, #4259, .T. ) ;
#3820 = CARTESIAN_POINT ( 'NONE',  ( 6.335910601205958947, -10.88122508637442287, 6.298170405982907560 ) ) ;
#3821 = CARTESIAN_POINT ( 'NONE',  ( 7.956545838880904498, -10.51380482702732699, 2.854906909239905755 ) ) ;
#3822 = CARTESIAN_POINT ( 'NONE',  ( 8.413915049797143553, 3.940611038033508873, 2.821320843362244979 ) ) ;
#3823 = CARTESIAN_POINT ( 'NONE',  ( 7.394128321731474607, 3.844084279435111551, 2.087315483300204999 ) ) ;
#3824 = FACE_OUTER_BOUND ( 'NONE', #1987, .T. ) ;
#3825 = CARTESIAN_POINT ( 'NONE',  ( 7.611379326609616136, 5.570089995899363267, 3.006527018125781048 ) ) ;
#3826 = B_SPLINE_CURVE_WITH_KNOTS ( 'NONE', 3,
 ( #2706, #3864, #3102, #4258 ),
 .UNSPECIFIED., .F., .F.,
 ( 4, 4 ),
 ( 0.000000000000000000, 0.0005249356133631624807 ),
 .UNSPECIFIED. ) ;
#3827 = CARTESIAN_POINT ( 'NONE',  ( 10.06436362052923528, -5.614153671772953658, 3.827496244658926905 ) ) ;
#3828 = CARTESIAN_POINT ( 'NONE',  ( 8.244771308067599946, 5.816935151157220929, 3.605658514433525141 ) ) ;
#3829 = CARTESIAN_POINT ( 'NONE',  ( 2.057636597750132079, -8.016292594455908471, 2.765673406946348223 ) ) ;
#3830 = CARTESIAN_POINT ( 'NONE',  ( 2.055335437808685661, -4.539767815764922609, 2.233704063704183618 ) ) ;
#3831 = CARTESIAN_POINT ( 'NONE',  ( 0.5306435112985147251, -11.14810934119875263, 3.607124407129325139 ) ) ;
#3832 = CARTESIAN_POINT ( 'NONE',  ( 2.502170476004032640, 4.531673212277375740, 2.278751224847325840 ) ) ;
#3833 = CARTESIAN_POINT ( 'NONE',  ( 2.006395109561041945, -1.861043763776992765, 1.999903554446961884 ) ) ;
#3834 = CARTESIAN_POINT ( 'NONE',  ( 7.371762128069780928, 0.8142455085320410291, 1.642260483032070839 ) ) ;
#3835 = B_SPLINE_SURFACE_WITH_KNOTS ( 'NONE', 3, 3, ( 
 ( #3434, #1450, #579, #1071, #2638, #3036, #2661, #1378, #4242, #267, #2167, #5008, #5034, #1763, #2215, #4641 ),
 ( #1051, #2239, #3823, #3847, #680, #2984, #3774, #219, #2588, #173, #4195, #2261, #243, #1427, #4560, #3386 ),
 ( #3361, #1839, #3870, #4586, #603, #4963, #998, #197, #1358, #1791, #3410, #2613, #2965, #974, #1403, #4617 ),
 ( #3012, #2564, #1024, #4218, #2683, #3590, #1172, #1552, #3195, #3510, #2771, #4008, #704, #3537, #352, #294 ),
 ( #3169, #4771, #4372, #784, #4344, #2371, #4400, #5108, #379, #4714, #4800, #1970, #757, #5187, #1116, #1498 ),
 ( #3981, #5080, #3111, #1940, #2343, #3952, #730, #4291, #1196, #1577, #2314, #2795, #811, #2286, #2398, #2714 ),
 ( #4316, #3925, #1862, #3482, #1472, #3083, #3564, #323, #4689, #1092, #5133, #3896, #5162, #1916, #1887, #1526 ),
 ( #4744, #3140, #1146, #2742, #1330, #4825, #4854, #4122, #4450, #1660, #1251, #2821, #3280, #923, #1278, #408 ),
 ( #868, #2, #498, #4478, #2852, #4502, #837, #4532, #947, #466, #3722, #1632, #3621, #2089, #59, #114 ),
 ( #2537, #4909, #3699, #2031, #524, #90, #3672, #2426, #894, #3647, #1223, #2113, #1687, #4879, #1605, #2004 ),
 ( #2932, #4425, #2455, #1711, #4067, #2878, #2061, #4039, #2484, #2512, #4096, #3224, #3306, #1305, #436, #2907 ),
 ( #3332, #4934, #31, #3250, #2137, #1043, #189, #1065, #3746, #143, #1782, #167, #5049, #1808, #1733, #3357 ),
 ( #1354, #4658, #2629, #4170, #3451, #3004, #573, #3380, #4234, #2978, #4145, #1756, #4580, #2208, #2160, #550 ),
 ( #3769, #991, #3404, #3427, #1372, #4957, #1017, #3840, #4979, #2959, #4609, #2581, #4211, #621, #1397, #237 ),
 ( #597, #2606, #2559, #3816, #214, #5027, #1421, #3029, #4633, #649, #1444, #4190, #2230, #2184, #1832, #3052 ) ),
 .UNSPECIFIED., .F., .F., .F.,
 ( 4, 3, 1, 1, 1, 1, 1, 3, 4 ),
 ( 4, 3, 1, 1, 1, 1, 1, 1, 3, 4 ),
 ( -0.3000000000000000444, 0.000000000000000000, 1.000000000000000000, 2.000000000000000000, 3.000000000000000000, 4.000000000000000000, 5.000000000000000000, 6.000000000000000000, 6.299999999999999822 ),
 ( -0.4000000000000000222, 0.000000000000000000, 1.000000000000000000, 2.000000000000000000, 3.000000000000000000, 5.000000000000000000, 6.000000000000000000, 7.000000000000000000, 8.000000000000000000, 8.400000000000000355 ),
 .UNSPECIFIED. ) ;
#3836 = CARTESIAN_POINT ( 'NONE',  ( 8.375470469890494485, 3.774084382524439896, 2.691438559308760414 ) ) ;
#3837 = CARTESIAN_POINT ( 'NONE',  ( 3.972248993488726398, -11.98009324462459624, 2.677589649582403197 ) ) ;
#3838 = CARTESIAN_POINT ( 'NONE',  ( 8.999949998749931623, -5.538664211509821023, 2.919547056407651109 ) ) ;
#3839 = CARTESIAN_POINT ( 'NONE',  ( 10.29112033149851690, 4.006493625956119686, 6.542713604126374705 ) ) ;
#3840 = CARTESIAN_POINT ( 'NONE',  ( 9.724511570702201624, 2.433035295818869237, 3.617855804512198237 ) ) ;
#3841 = VERTEX_POINT ( 'NONE', #1879 ) ;
#3842 = CARTESIAN_POINT ( 'NONE',  ( -0.6366345443568101059, -8.984824754527942048, 5.622649454717658202 ) ) ;
#3843 = ORIENTED_EDGE ( 'NONE', *, *, #2439, .F. ) ;
#3844 = CARTESIAN_POINT ( 'NONE',  ( 10.65950709958445408, -11.34384929139281617, 5.708962873749205080 ) ) ;
#3845 = CARTESIAN_POINT ( 'NONE',  ( 10.05095470882705300, 1.419822115163782428, 3.750289460007917963 ) ) ;
#3846 = CARTESIAN_POINT ( 'NONE',  ( 6.057117896828469128, -11.28674904006353508, 6.500000000000000000 ) ) ;
#3847 = CARTESIAN_POINT ( 'NONE',  ( 7.460388540934348001, 3.787613977339399085, 2.109426700239579677 ) ) ;
#3848 = CARTESIAN_POINT ( 'NONE',  ( -0.6846432635967854008, -3.664755331196950294, 5.203454307426945036 ) ) ;
#3849 = ADVANCED_FACE ( 'NONE', ( #3500 ), #3422, .T. ) ;
#3850 = CARTESIAN_POINT ( 'NONE',  ( 7.754961284485617057, 5.510011898436167677, 3.062395383991233899 ) ) ;
#3851 = CARTESIAN_POINT ( 'NONE',  ( 9.914019407275073803, -8.741621016703920333, 4.290991617036182149 ) ) ;
#3852 = CARTESIAN_POINT ( 'NONE',  ( 8.018873437271665239, 5.815796175386633848, 3.453780731783859803 ) ) ;
#3853 = CARTESIAN_POINT ( 'NONE',  ( 4.349818380662123118, -11.17733908693382894, 2.078311019325631115 ) ) ;
#3854 = EDGE_CURVE ( 'NONE', #2275, #5028, #4153, .T. ) ;
#3855 = VERTEX_POINT ( 'NONE', #1052 ) ;
#3856 = CARTESIAN_POINT ( 'NONE',  ( 1.907837805275997667, 4.096733233975580646, 2.468462313022193211 ) ) ;
#3857 = CARTESIAN_POINT ( 'NONE',  ( 4.781199725510329124, -1.940828190465343495, 1.208717016803046995 ) ) ;
#3858 = CARTESIAN_POINT ( 'NONE',  ( 7.355776017525263555, 0.7693300718364382007, 1.633083154029874917 ) ) ;
#3859 = LINE ( 'NONE', #1775, #1989 ) ;
#3860 = CARTESIAN_POINT ( 'NONE',  ( 8.259359525152509818, 4.503061618504417218, 2.864621320521069769 ) ) ;
#3861 = CARTESIAN_POINT ( 'NONE',  ( 5.583472208854800556, -5.889053715748548967, 1.599796949771420396 ) ) ;
#3862 = CARTESIAN_POINT ( 'NONE',  ( 7.807933622612523550, 1.315954724299517320, 1.894308629579257941 ) ) ;
#3863 = CARTESIAN_POINT ( 'NONE',  ( 10.32590761645097643, 4.166211563777055815, 5.974770355539383182 ) ) ;
#3864 = CARTESIAN_POINT ( 'NONE',  ( 8.987278851549495684, -8.345073035202990042, 3.427315079011478804 ) ) ;
#3865 = CARTESIAN_POINT ( 'NONE',  ( 6.408511693408777354, -11.25735094480354093, 2.130108790409839248 ) ) ;
#3866 = ORIENTED_EDGE ( 'NONE', *, *, #1724, .F. ) ;
#3867 = CARTESIAN_POINT ( 'NONE',  ( 4.537989093664811513, -11.00342857613934022, 2.072035219881543711 ) ) ;
#3868 = CARTESIAN_POINT ( 'NONE',  ( 2.012684713091237754, 0.2643508250880499677, 1.888219006358350160 ) ) ;
#3869 = CARTESIAN_POINT ( 'NONE',  ( 4.743117024863598985, 0.4502646609931826305, 1.028825486203812645 ) ) ;
#3870 = CARTESIAN_POINT ( 'NONE',  ( 7.459735026759787502, 3.849007336186816008, 2.127298303898967013 ) ) ;
#3871 = CARTESIAN_POINT ( 'NONE',  ( -0.6841296498682827298, -12.08119625653358753, 6.248583226528542589 ) ) ;
#3872 =( GEOMETRIC_REPRESENTATION_CONTEXT ( 3 ) GLOBAL_UNCERTAINTY_ASSIGNED_CONTEXT ( ( #2046 ) ) GLOBAL_UNIT_ASSIGNED_CONTEXT ( ( #2998, #2554, #565 ) ) REPRESENTATION_CONTEXT ( 'NONE', 'WORKASPACE' ) );
#3873 = CARTESIAN_POINT ( 'NONE',  ( 7.808034418611380367, 5.224265878723960199, 2.913055992153380291 ) ) ;
#3874 = CARTESIAN_POINT ( 'NONE',  ( 9.830413760121999189, -12.27451758992331676, 4.770118004085950325 ) ) ;
#3875 = CARTESIAN_POINT ( 'NONE',  ( 8.959980364622063931, 0.4237416678966599015, 2.589959702242109696 ) ) ;
#3876 = CARTESIAN_POINT ( 'NONE',  ( 7.315154915672268388, 3.364660387604566871, 1.915777895021126831 ) ) ;
#3877 = CARTESIAN_POINT ( 'NONE',  ( 2.865021928452116118, 2.789689721692273139, 1.570197110633643867 ) ) ;
#3878 = ORIENTED_EDGE ( 'NONE', *, *, #561, .F. ) ;
#3879 = CARTESIAN_POINT ( 'NONE',  ( 2.591753744803138026, 6.400410739626327228, 3.466128879804152518 ) ) ;
#3880 = EDGE_CURVE ( 'NONE', #3177, #1895, #5020, .T. ) ;
#3881 = CARTESIAN_POINT ( 'NONE',  ( 2.004734682730421991, -1.198468946414205094, 1.952460395442055852 ) ) ;
#3882 = CARTESIAN_POINT ( 'NONE',  ( 7.364560871418471599, 0.6788933160725985072, 1.634467474184824409 ) ) ;
#3883 = CARTESIAN_POINT ( 'NONE',  ( 2.146510459239335145, -3.674154399234269341, 2.101329999197188769 ) ) ;
#3884 = ORIENTED_EDGE ( 'NONE', *, *, #5041, .T. ) ;
#3885 = CARTESIAN_POINT ( 'NONE',  ( 8.030587809388871179, 3.766696876774666691, 2.450540138970442428 ) ) ;
#3886 = B_SPLINE_CURVE_WITH_KNOTS ( 'NONE', 3,
 ( #4985, #4264, #1815, #3456 ),
 .UNSPECIFIED., .F., .F.,
 ( 4, 4 ),
 ( 0.000000000000000000, 1.000000000000000000 ),
 .UNSPECIFIED. ) ;
#3887 = CARTESIAN_POINT ( 'NONE',  ( 4.799965079265684054, -4.051271364692521360, 1.384039274142832232 ) ) ;
#3888 = CARTESIAN_POINT ( 'NONE',  ( 7.909081532665247494, 3.073025328879702922, 2.192427322014069535 ) ) ;
#3889 = CARTESIAN_POINT ( 'NONE',  ( 10.26615840840026195, 3.835151668057812380, 6.756063042410120012 ) ) ;
#3890 = CARTESIAN_POINT ( 'NONE',  ( 1.999949998749932512, 1.999949998749930735, 6.500000000000000888 ) ) ;
#3891 = EDGE_LOOP ( 'NONE', ( #1468, #718, #2833, #3234 ) ) ;
#3892 = CARTESIAN_POINT ( 'NONE',  ( 2.394059075452596108, -11.05031069742026872, 2.567952072739875469 ) ) ;
#3893 = CARTESIAN_POINT ( 'NONE',  ( 5.532169515769107981, 0.1081894531463900577, 1.066954062945895565 ) ) ;
#3894 = DIRECTION ( 'NONE',  ( -1.000000000000000000, 0.000000000000000000, 0.000000000000000000 ) ) ;
#3895 = CARTESIAN_POINT ( 'NONE',  ( 7.833449565120654157, 3.421859880003486065, 2.229763922979910884 ) ) ;
#3896 = CARTESIAN_POINT ( 'NONE',  ( 8.694992394249315026, 0.9125182633049622183, 2.431541838430764990 ) ) ;
#3897 = CARTESIAN_POINT ( 'NONE',  ( -0.5654424605773638035, -3.576924057403979340, 4.793606430540807040 ) ) ;
#3898 = CARTESIAN_POINT ( 'NONE',  ( 7.758348871657674728, 5.500797995440093402, 3.058529471414313416 ) ) ;
#3899 = CARTESIAN_POINT ( 'NONE',  ( 10.15606643034564982, -6.375097196677143252, 4.101231743205058677 ) ) ;
#3900 = DIRECTION ( 'NONE',  ( 0.000000000000000000, 0.000000000000000000, -1.000000000000000000 ) ) ;
#3901 = CARTESIAN_POINT ( 'NONE',  ( 1.975195437566294787, 3.678408764289292421, 2.275701497117259109 ) ) ;
#3902 = CARTESIAN_POINT ( 'NONE',  ( 7.213729587390228737, 3.121798802411118956, 1.807324886828785226 ) ) ;
#3903 = CARTESIAN_POINT ( 'NONE',  ( 7.428449702459292148, -11.05539640126179712, 2.493653841738429744 ) ) ;
#3904 = CARTESIAN_POINT ( 'NONE',  ( -0.1874356133444339545, -11.64594887302031267, 4.344041027783185349 ) ) ;
#3905 = ORIENTED_EDGE ( 'NONE', *, *, #2241, .F. ) ;
#3906 = CARTESIAN_POINT ( 'NONE',  ( 4.007593063908045927, 4.220554750729965221, 1.562613186546805366 ) ) ;
#3907 = CARTESIAN_POINT ( 'NONE',  ( 1.745662240123475151, -1.186448659111910553, 2.080083680735413054 ) ) ;
#3908 = CARTESIAN_POINT ( 'NONE',  ( 7.328859567674636644, 2.608805497081339908, 1.772708686576018211 ) ) ;
#3909 = CARTESIAN_POINT ( 'NONE',  ( 7.972252420357837543, 5.582865811003506984, 3.262021476134573383 ) ) ;
#3910 = CARTESIAN_POINT ( 'NONE',  ( 8.999949998749924518, 1.999949998749928293, 7.009999999999999787 ) ) ;
#3911 = CARTESIAN_POINT ( 'NONE',  ( 2.421543515421599402, -9.925130252416646925, 2.771697631452623156 ) ) ;
#3912 = ADVANCED_FACE ( 'NONE', ( #3824 ), #223, .T. ) ;
#3913 = CARTESIAN_POINT ( 'NONE',  ( 8.001140722655248894, 3.921015578640385524, 2.477935418604483520 ) ) ;
#3914 = CARTESIAN_POINT ( 'NONE',  ( 10.00738552074028398, -11.28143944858989123, 4.429171723021195994 ) ) ;
#3915 = CARTESIAN_POINT ( 'NONE',  ( 5.501075118471439040, -11.33887671055008894, 2.535071585815925399 ) ) ;
#3916 = CARTESIAN_POINT ( 'NONE',  ( 8.999949998749954716, 2.007213078123360361, 2.802902269225597376 ) ) ;
#3917 = CARTESIAN_POINT ( 'NONE',  ( 10.37512921981400460, 3.629092199229772220, 6.690814090468502506 ) ) ;
#3918 = CARTESIAN_POINT ( 'NONE',  ( 2.758506275352631043, 4.145570140911746471, 1.994309660490332758 ) ) ;
#3919 = VERTEX_POINT ( 'NONE', #1582 ) ;
#3920 = EDGE_LOOP ( 'NONE', ( #3005, #2047, #3624, #599, #1218, #2027, #3551, #2443, #4214, #4005, #1446, #239, #5030, #1841, #3283, #2414, #1399, #2804 ) ) ;
#3921 = CARTESIAN_POINT ( 'NONE',  ( 10.61877424051084517, -11.96387780563940062, 5.546076523091770127 ) ) ;
#3922 = CARTESIAN_POINT ( 'NONE',  ( 2.138881349026969136, 0.1919073991505648724, 1.823268545263695195 ) ) ;
#3923 = CARTESIAN_POINT ( 'NONE',  ( 2.743964816660418027, 4.157389609979550649, 2.061797479255556453 ) ) ;
#3924 = CARTESIAN_POINT ( 'NONE',  ( 7.465278648384400917, 3.683095997847080305, 2.082657709365596244 ) ) ;
#3925 = CARTESIAN_POINT ( 'NONE',  ( 8.364788771727276639, 3.873105443623126032, 2.708663277511701661 ) ) ;
#3926 = CARTESIAN_POINT ( 'NONE',  ( -0.5723234156491986413, -4.097189638975818227, 4.836194768293331947 ) ) ;
#3927 = CARTESIAN_POINT ( 'NONE',  ( 8.036081397173735041, 3.796672411405438652, 2.463164521574867205 ) ) ;
#3928 = CARTESIAN_POINT ( 'NONE',  ( 10.41179948352052165, -3.750320738806933729, 3.903803769615674657 ) ) ;
#3929 = CARTESIAN_POINT ( 'NONE',  ( 2.135238637311933640, -1.452722201349343489, 1.907247174876526064 ) ) ;
#3930 = CARTESIAN_POINT ( 'NONE',  ( 1.846602613263199855, 2.149813642823322546, 2.037421427807174723 ) ) ;
#3931 = CARTESIAN_POINT ( 'NONE',  ( 4.735034908493713779, 2.059343294855187079, 1.030539723921862549 ) ) ;
#3932 = CIRCLE ( 'NONE', #1908, 0.1000000000000004913 ) ;
#3933 = CARTESIAN_POINT ( 'NONE',  ( 0.5266064940695134311, -11.43035331306552216, 3.550090949090246806 ) ) ;
#3934 = ORIENTED_EDGE ( 'NONE', *, *, #161, .T. ) ;
#3935 = VECTOR ( 'NONE', #1769, 1000.000000000000000 ) ;
#3936 = CARTESIAN_POINT ( 'NONE',  ( 3.029643862038536195, 5.657495823773728283, 2.627387262764571130 ) ) ;
#3937 = CARTESIAN_POINT ( 'NONE',  ( 2.147401992238642254, -3.844016379565190711, 2.118024718942260076 ) ) ;
#3938 = CARTESIAN_POINT ( 'NONE',  ( 7.337937832933651983, 1.330693748666039733, 1.645391119794226586 ) ) ;
#3939 = ORIENTED_EDGE ( 'NONE', *, *, #1630, .T. ) ;
#3940 = CARTESIAN_POINT ( 'NONE',  ( 8.168562988804875857, 3.725482882605018808, 2.528166198399453446 ) ) ;
#3941 = CARTESIAN_POINT ( 'NONE',  ( 2.133690217664279576, -0.7931646931666789246, 1.865505084048378670 ) ) ;
#3942 = CARTESIAN_POINT ( 'NONE',  ( 6.279904981247981688, -9.761868893546715498, 2.445960924514372081 ) ) ;
#3943 = CARTESIAN_POINT ( 'NONE',  ( 7.595252931559059562, 3.390756197008071293, 2.080230610841629968 ) ) ;
#3944 = CARTESIAN_POINT ( 'NONE',  ( 8.018732749514184022, 4.519637801314480008, 2.697700615854875306 ) ) ;
#3945 = CARTESIAN_POINT ( 'NONE',  ( 8.987137292996985494, -8.347077501127527555, 3.427552020191650506 ) ) ;
#3946 = ORIENTED_EDGE ( 'NONE', *, *, #161, .F. ) ;
#3947 = CARTESIAN_POINT ( 'NONE',  ( 10.17446722936196934, -11.42732007023730745, 4.600855083392594302 ) ) ;
#3948 = CARTESIAN_POINT ( 'NONE',  ( 9.827625154193226464, 0.2100105609553204467, 3.345544141249889414 ) ) ;
#3949 = FACE_OUTER_BOUND ( 'NONE', #2875, .T. ) ;
#3950 = EDGE_CURVE ( 'NONE', #2817, #1572, #1919, .T. ) ;
#3951 = CARTESIAN_POINT ( 'NONE',  ( 7.847740795768869404, 3.421965619624212085, 2.238536520889839565 ) ) ;
#3952 = CARTESIAN_POINT ( 'NONE',  ( 8.125321349705789231, 3.423085188716257221, 2.409602709237292917 ) ) ;
#3953 = CARTESIAN_POINT ( 'NONE',  ( -0.5107436521028068110, -10.98900128548460664, 5.573720617558945989 ) ) ;
#3954 = CARTESIAN_POINT ( 'NONE',  ( 5.141646984125406661, -11.31407022762498826, 3.413194444444445974 ) ) ;
#3955 = CARTESIAN_POINT ( 'NONE',  ( 8.999949998749931623, -3.773103807837877799, 2.630570922727872851 ) ) ;
#3956 = CARTESIAN_POINT ( 'NONE',  ( 8.051171612798766475, 3.704281282110560625, 2.445113780761432043 ) ) ;
#3957 = CARTESIAN_POINT ( 'NONE',  ( 10.48709083610093273, -5.558742881486611331, 4.289836621475747513 ) ) ;
#3958 = CARTESIAN_POINT ( 'NONE',  ( 8.960261816708337435, 0.5437446684397294616, 2.599220409757939887 ) ) ;
#3959 = CARTESIAN_POINT ( 'NONE',  ( 3.207647913991320987, 0.6201872283148057718, 1.329024582947843092 ) ) ;
#3960 = B_SPLINE_CURVE_WITH_KNOTS ( 'NONE', 3,
 ( #1520, #3162, #84, #53, #2420, #4904, #520, #2108, #110, #4929, #2927, #1994, #2532, #3614, #5212, #3217, #1216, #24, #1100, #3119, #4723, #1124, #2721, #4323, #3245, #1217 ),
 .UNSPECIFIED., .F., .F.,
 ( 4, 2, 2, 2, 2, 2, 2, 2, 2, 2, 2, 2, 4 ),
 ( 0.3035678659744904806, 0.3401642118869133702, 0.3584623848431248705, 0.3767605577993363153, 0.4499532496241820390, 0.4865495955366048175, 0.5231459414490275961, 0.5963386332738732643, 0.7427240169235647116, 0.7793203628359877122, 0.8159167087484107128, 0.8525130546608337134, 0.8891094005732567140 ),
 .UNSPECIFIED. ) ;
#3961 = CARTESIAN_POINT ( 'NONE',  ( 2.205416460648038868, 3.741151591888369765, 2.153433453550549714 ) ) ;
#3962 = CARTESIAN_POINT ( 'NONE',  ( 5.521930598097559262, 0.9719675527628812706, 1.042471292737013666 ) ) ;
#3963 = VERTEX_POINT ( 'NONE', #4376 ) ;
#3964 = CARTESIAN_POINT ( 'NONE',  ( 2.869277696260809307, 4.258621782135957545, 1.977654750548632823 ) ) ;
#3965 = STYLED_ITEM ( 'NONE', ( #2134 ), #4461 ) ;
#3966 = CARTESIAN_POINT ( 'NONE',  ( 2.016955162124316470, -3.837825925978449959, 2.181181299711775878 ) ) ;
#3967 = CARTESIAN_POINT ( 'NONE',  ( 3.969861085275355084, 5.099936933174910259, 1.987730217173515834 ) ) ;
#3968 = CARTESIAN_POINT ( 'NONE',  ( 7.967392146495500427, 5.582525837924623424, 3.258318817382255705 ) ) ;
#3969 = CARTESIAN_POINT ( 'NONE',  ( 5.077875571828429635, -11.15811910069903412, 2.027659367134401425 ) ) ;
#3970 = CARTESIAN_POINT ( 'NONE',  ( 9.313425969149781380, 0.7767914427314615011, 2.906336621822150246 ) ) ;
#3971 = CARTESIAN_POINT ( 'NONE',  ( 8.999949998749929847, -6.594701954965741741, 3.109551091907170495 ) ) ;
#3972 = CARTESIAN_POINT ( 'NONE',  ( 2.138377339648356745, 0.1251976946620159126, 1.825274980622089149 ) ) ;
#3973 = CARTESIAN_POINT ( 'NONE',  ( 7.001722292770861777, -11.96878720863517387, 2.862274147784014566 ) ) ;
#3974 = CARTESIAN_POINT ( 'NONE',  ( 8.999949998749951163, 1.593826884079985184, 2.785238535798394643 ) ) ;
#3975 = CARTESIAN_POINT ( 'NONE',  ( 8.266094546112000785, 4.383726969841045040, 2.823293377362618095 ) ) ;
#3976 = CARTESIAN_POINT ( 'NONE',  ( 7.406335964916518577, 3.946433799460191683, 2.125929797168462088 ) ) ;
#3977 = VERTEX_POINT ( 'NONE', #1096 ) ;
#3978 = CARTESIAN_POINT ( 'NONE',  ( 10.47306257381386985, -11.90736519984031361, 5.148471861109860548 ) ) ;
#3979 = CARTESIAN_POINT ( 'NONE',  ( 2.084137845128614774, -8.780624500003350263, 2.947023731349566411 ) ) ;
#3980 = CARTESIAN_POINT ( 'NONE',  ( 7.641949021760328087, 3.419342996607982244, 2.114051947508506668 ) ) ;
#3981 = CARTESIAN_POINT ( 'NONE',  ( 8.014345448373685343, 3.942166950779063761, 2.487981356600388771 ) ) ;
#3982 = CARTESIAN_POINT ( 'NONE',  ( -0.6233133814227200808, -10.17532085612263337, 5.777688971360175785 ) ) ;
#3983 = CARTESIAN_POINT ( 'NONE',  ( 2.055056775901903610, -2.855768796986535296, 2.064340054309190986 ) ) ;
#3984 = EDGE_CURVE ( 'NONE', #3219, #2309, #5198, .T. ) ;
#3985 = CARTESIAN_POINT ( 'NONE',  ( 8.299573847420701256, 4.037513658248085058, 2.720797827174556094 ) ) ;
#3986 = CARTESIAN_POINT ( 'NONE',  ( 9.987745446915981873, -11.07915482958846098, 4.763821114946845015 ) ) ;
#3987 = CARTESIAN_POINT ( 'NONE',  ( 4.290679524312645654, -11.28450808739673583, 3.140872896634617106 ) ) ;
#3988 = CARTESIAN_POINT ( 'NONE',  ( 3.961642775802583394, 0.5996019059223700598, 1.116183613161148891 ) ) ;
#3989 =( BOUNDED_SURFACE ( )  B_SPLINE_SURFACE ( 3, 2, ( 
 ( #2730, #4028, #4842 ),
 ( #1566, #4415, #3552 ),
 ( #1928, #2358, #2415 ),
 ( #1240, #1620, #426 ),
 ( #745, #4053, #3637 ),
 ( #3971, #1541, #4786 ),
 ( #2783, #3998, #1186 ),
 ( #5121, #2020, #800 ) ),
 .UNSPECIFIED., .F., .F., .T. ) 
 B_SPLINE_SURFACE_WITH_KNOTS ( ( 4, 2, 2, 4 ),
 ( 3, 3 ),
 ( -2.818925648462311528E-17, 0.001072564736396558775, 0.002145129472793145739, 0.004290258945586319234 ),
 ( 0.000000000000000000, 1.000000000000000000 ),
 .UNSPECIFIED. ) 
 GEOMETRIC_REPRESENTATION_ITEM ( )  RATIONAL_B_SPLINE_SURFACE ( (
 ( 1.000000000000000000, 0.8827962076452142703, 1.000000000000000000),
 ( 1.000000000000000000, 0.8832635841630829265, 1.000000000000000000),
 ( 1.000000000000000000, 0.8842371402157435112, 1.000000000000000000),
 ( 1.000000000000000000, 0.8859321923216542105, 1.000000000000000000),
 ( 1.000000000000000000, 0.8865491026494027871, 1.000000000000000000),
 ( 1.000000000000000000, 0.8883327305001762486, 1.000000000000000000),
 ( 1.000000000000000000, 0.8890537357696467469, 1.000000000000000000),
 ( 1.000000000000000000, 0.8881238697964312090, 1.000000000000000000) ) ) 
 REPRESENTATION_ITEM ( '' )  SURFACE ( )  );
#3990 = CARTESIAN_POINT ( 'NONE',  ( 2.397247862394665585, 3.518149497461093844, 1.973344884898236451 ) ) ;
#3991 = CARTESIAN_POINT ( 'NONE',  ( 1.941060964718023918, 2.145177629006289610, 1.974714983139459923 ) ) ;
#3992 = EDGE_LOOP ( 'NONE', ( #3429, #4535, #4634, #2701, #13, #4780, #4286, #4660 ) ) ;
#3993 = CARTESIAN_POINT ( 'NONE',  ( 3.654256719919219520, 6.209581488656606751, 2.786499186690586605 ) ) ;
#3994 = CARTESIAN_POINT ( 'NONE',  ( 10.42084615442289497, -3.683677963909754105, 3.907266243224601254 ) ) ;
#3995 = CARTESIAN_POINT ( 'NONE',  ( 7.363169839261122007, 3.556789786314462631, 1.990888674360900668 ) ) ;
#3996 = DIRECTION ( 'NONE',  ( 0.000000000000000000, 0.000000000000000000, -1.000000000000000000 ) ) ;
#3997 = ORIENTED_EDGE ( 'NONE', *, *, #1380, .F. ) ;
#3998 = CARTESIAN_POINT ( 'NONE',  ( 8.999949999837108194, -7.306377435508205842, 3.201315983499714246 ) ) ;
#3999 = CARTESIAN_POINT ( 'NONE',  ( 2.135238637311933640, -1.452722201349343489, 1.907247174876526064 ) ) ;
#4000 = CARTESIAN_POINT ( 'NONE',  ( 1.999949998749937174, -0.8827892485849673232, 1.939135585277064422 ) ) ;
#4001 = CARTESIAN_POINT ( 'NONE',  ( 10.48793823016320026, 3.491708150000882860, 6.547783367521891051 ) ) ;
#4002 = CARTESIAN_POINT ( 'NONE',  ( 2.868504665374693730, 4.232245386962346423, 1.968268358415020680 ) ) ;
#4003 = CARTESIAN_POINT ( 'NONE',  ( 7.534303958093135023, 4.199950136677732537, 2.279228922692514203 ) ) ;
#4004 = CARTESIAN_POINT ( 'NONE',  ( 6.377124085816972432, -11.27561744652872378, 2.138590610407216985 ) ) ;
#4005 = ORIENTED_EDGE ( 'NONE', *, *, #847, .T. ) ;
#4006 = CARTESIAN_POINT ( 'NONE',  ( 10.64403339138895355, -13.31872833913758036, 5.348366745529771649 ) ) ;
#4007 = CARTESIAN_POINT ( 'NONE',  ( 7.602627317354833991, 3.384765062039607475, 2.083077341438935637 ) ) ;
#4008 = CARTESIAN_POINT ( 'NONE',  ( 8.046212871936745614, 0.9293759627020670155, 2.013742523034694809 ) ) ;
#4009 = CARTESIAN_POINT ( 'NONE',  ( -0.3764773491015116491, -12.06475979612081595, 5.354453184693830359 ) ) ;
#4010 = CARTESIAN_POINT ( 'NONE',  ( 7.951362357871296638, -10.51785671593996874, 2.938849979311173755 ) ) ;
#4011 = VERTEX_POINT ( 'NONE', #789 ) ;
#4012 = CARTESIAN_POINT ( 'NONE',  ( 2.305705087219232841, 3.445721782610510431, 2.057275751404424202 ) ) ;
#4013 = CARTESIAN_POINT ( 'NONE',  ( 8.095843511279923632, 4.357970821701695918, 2.688967944013523681 ) ) ;
#4014 = CARTESIAN_POINT ( 'NONE',  ( 6.293818140458311561, 0.5649780427341433153, 1.207376027223155956 ) ) ;
#4015 = CARTESIAN_POINT ( 'NONE',  ( 1.968989012205952349, 3.628240483132066707, 2.263441892548700096 ) ) ;
#4016 = ADVANCED_FACE ( 'NONE', ( #384 ), #3777, .T. ) ;
#4017 = CARTESIAN_POINT ( 'NONE',  ( 7.255358005580490932, 0.8160372903608381634, 1.585840827533548936 ) ) ;
#4018 = CARTESIAN_POINT ( 'NONE',  ( 6.174242438620841433, -10.92813241085129761, 6.397108236973434892 ) ) ;
#4019 = CIRCLE ( 'NONE', #4606, 3.499999999999995115 ) ;
#4020 = VERTEX_POINT ( 'NONE', #1333 ) ;
#4021 = CARTESIAN_POINT ( 'NONE',  ( 3.247194788025511425, 6.447931665746114760, 3.141244717294258582 ) ) ;
#4022 = CARTESIAN_POINT ( 'NONE',  ( 10.42139257575403555, -3.487403309560155318, 3.888151424017772140 ) ) ;
#4023 = CARTESIAN_POINT ( 'NONE',  ( -19.50005000125006305, -7.000050001250074594, 6.500000000000001776 ) ) ;
#4024 = CARTESIAN_POINT ( 'NONE',  ( 5.008022395310428365, -11.47232910129352135, 1.950138652358121671 ) ) ;
#4025 = EDGE_CURVE ( 'NONE', #2607, #675, #5208, .T. ) ;
#4026 = CARTESIAN_POINT ( 'NONE',  ( 9.966150459076704493, -9.057267881920349595, 4.374056725761763964 ) ) ;
#4027 = CARTESIAN_POINT ( 'NONE',  ( 9.590542757500431392, 0.7266191358168416770, 3.165922478796272088 ) ) ;
#4028 = CARTESIAN_POINT ( 'NONE',  ( 8.999949998749928071, -3.775359860333634465, 2.610083435165900578 ) ) ;
#4029 = CARTESIAN_POINT ( 'NONE',  ( 8.999949998749933400, 0.3205286875416490933, 2.662560320658005519 ) ) ;
#4030 = CARTESIAN_POINT ( 'NONE',  ( 2.055219574867644727, -3.839589304322169827, 2.163285352845129239 ) ) ;
#4031 = CARTESIAN_POINT ( 'NONE',  ( 8.788746440312200647, 3.720166021328630279, 2.996344544924884890 ) ) ;
#4032 = CARTESIAN_POINT ( 'NONE',  ( 7.628489627079053648, 3.614372924013093069, 2.155556034736302085 ) ) ;
#4033 = CARTESIAN_POINT ( 'NONE',  ( 7.487306954218869492, 5.566123078011853131, 2.925668394302701536 ) ) ;
#4034 = CARTESIAN_POINT ( 'NONE',  ( 8.444570783164369487, 3.769512165811752524, 2.741705209543602528 ) ) ;
#4035 = VERTEX_POINT ( 'NONE', #8 ) ;
#4036 = CARTESIAN_POINT ( 'NONE',  ( 2.366976954268063871, -12.44192181827982679, 2.162672788320840311 ) ) ;
#4037 = CARTESIAN_POINT ( 'NONE',  ( 2.991380008956594949, -10.46265530935222188, 2.509912293408867789 ) ) ;
#4038 = CARTESIAN_POINT ( 'NONE',  ( 2.049774602411048807, 2.006995984863888527, 1.912941212944099023 ) ) ;
#4039 = CARTESIAN_POINT ( 'NONE',  ( 9.590154692685203486, 2.446432788434371730, 3.465371026601896443 ) ) ;
#4040 = CARTESIAN_POINT ( 'NONE',  ( 1.148803014792067145, -8.091152897567871705, 3.266767595182332951 ) ) ;
#4041 = CARTESIAN_POINT ( 'NONE',  ( 6.381707727294887889, -11.39701554431038311, 2.233470013316242841 ) ) ;
#4042 = CARTESIAN_POINT ( 'NONE',  ( 8.256735143423991730, 4.093814745903316066, 2.709304578301444000 ) ) ;
#4043 = CARTESIAN_POINT ( 'NONE',  ( 7.633602997852212191, 2.882614561814651921, 1.991719488382046155 ) ) ;
#4044 = CARTESIAN_POINT ( 'NONE',  ( 7.645401646916141658, 2.684524590295861657, 1.962431584575850652 ) ) ;
#4045 = CARTESIAN_POINT ( 'NONE',  ( 8.999949998749933400, 1.185869438512117791, 2.736470387610255184 ) ) ;
#4046 = CARTESIAN_POINT ( 'NONE',  ( 1.920958810959279228, 1.473682005221743641, 1.947741263442099635 ) ) ;
#4047 = ORIENTED_EDGE ( 'NONE', *, *, #847, .F. ) ;
#4048 = CARTESIAN_POINT ( 'NONE',  ( 6.831331232018404087, 5.843808283057583708, 2.748729189541797790 ) ) ;
#4049 = CARTESIAN_POINT ( 'NONE',  ( 10.42048187353547206, -3.814527733476125171, 3.920009456029155626 ) ) ;
#4050 = CARTESIAN_POINT ( 'NONE',  ( 5.225774734622214091, 5.496236472757226821, 2.180741153735047622 ) ) ;
#4051 = CARTESIAN_POINT ( 'NONE',  ( 2.049777468410459047, 2.017471172465951312, 1.913800621690578074 ) ) ;
#4052 = CARTESIAN_POINT ( 'NONE',  ( 3.270592592901019113, -8.616171266666389883, 2.409772843807600040 ) ) ;
#4053 = CARTESIAN_POINT ( 'NONE',  ( 8.999949998748999036, -5.547284649616599062, 2.868076198335531846 ) ) ;
#4054 = EDGE_CURVE ( 'NONE', #4739, #3134, #4840, .T. ) ;
#4055 = CARTESIAN_POINT ( 'NONE',  ( 7.497782318394534684, 5.564499160750885132, 2.931165440002055700 ) ) ;
#4056 = CARTESIAN_POINT ( 'NONE',  ( 2.036903141040592224, 5.337070189298076528, 2.982220079086224995 ) ) ;
#4057 = CARTESIAN_POINT ( 'NONE',  ( 3.969608754515897342, -0.07061493213394998136, 1.149799234405420867 ) ) ;
#4058 = CARTESIAN_POINT ( 'NONE',  ( 8.960748615613308488, 0.7488775555105907644, 2.617183417399175038 ) ) ;
#4059 = CARTESIAN_POINT ( 'NONE',  ( 8.228559011713665328, 3.771394244169223864, 2.581879618677091148 ) ) ;
#4060 = CARTESIAN_POINT ( 'NONE',  ( 7.546884137731728615, 3.648734460930086243, 2.119106872050948276 ) ) ;
#4061 = CARTESIAN_POINT ( 'NONE',  ( 4.349818380662123118, -11.17733908693382894, 2.078311019325631115 ) ) ;
#4062 = CARTESIAN_POINT ( 'NONE',  ( 8.957671723605569625, -0.5768248913882898510, 2.523087803589410427 ) ) ;
#4063 = ORIENTED_EDGE ( 'NONE', *, *, #4659, .T. ) ;
#4064 = VECTOR ( 'NONE', #586, 1000.000000000000000 ) ;
#4065 = CARTESIAN_POINT ( 'NONE',  ( 10.62409532177058935, -13.75741691807183464, 5.125283395532975739 ) ) ;
#4066 = DIRECTION ( 'NONE',  ( 1.000000000000000000, 0.000000000000000000, 0.000000000000000000 ) ) ;
#4067 = CARTESIAN_POINT ( 'NONE',  ( 9.433647538515208097, 3.579246401758745755, 3.609212098226030729 ) ) ;
#4068 = CARTESIAN_POINT ( 'NONE',  ( 1.106097255088471565, -3.789452840037871084, 2.687192110950613610 ) ) ;
#4069 = CARTESIAN_POINT ( 'NONE',  ( 2.138377339647057340, 0.1251976944889598986, 1.825274980627302090 ) ) ;
#4070 = CARTESIAN_POINT ( 'NONE',  ( 9.727360845440344406, -8.404039601408729965, 4.022120287018985607 ) ) ;
#4071 = CARTESIAN_POINT ( 'NONE',  ( 2.269684458236232327, 3.236987209925062281, 1.970270525032947750 ) ) ;
#4072 = CARTESIAN_POINT ( 'NONE',  ( 8.340054396190765829, 3.979393135692371075, 2.731155150290694777 ) ) ;
#4073 = CARTESIAN_POINT ( 'NONE',  ( 7.825940976105328239, 3.439383271004681220, 2.229704104293628752 ) ) ;
#4074 = CARTESIAN_POINT ( 'NONE',  ( 2.256830091121004411, 0.5207463323120553600, 1.754691911103589685 ) ) ;
#4075 = CARTESIAN_POINT ( 'NONE',  ( 8.999949998749933400, 0.7764746815924761236, 2.699401728449982052 ) ) ;
#4076 = CARTESIAN_POINT ( 'NONE',  ( 6.659055953926213078, 0.7194720755798467149, 1.336664624638549181 ) ) ;
#4077 = ORIENTED_EDGE ( 'NONE', *, *, #2630, .T. ) ;
#4078 = CARTESIAN_POINT ( 'NONE',  ( 8.586450568026693375, -3.806790557722567137, 2.332199533517636869 ) ) ;
#4079 = CARTESIAN_POINT ( 'NONE',  ( 6.218933398785052802, 4.326377099801742787, 1.719588965052605278 ) ) ;
#4080 = LINE ( 'NONE', #102, #3440 ) ;
#4081 = DIRECTION ( 'NONE',  ( 0.000000000000000000, -0.000000000000000000, 1.000000000000000000 ) ) ;
#4082 = ADVANCED_BREP_SHAPE_REPRESENTATION ( 'Grip 7 RH60', ( #4461, #3459 ), #3872 ) ;
#4083 = CARTESIAN_POINT ( 'NONE',  ( 3.964492086300185569, 0.3310284187371947962, 1.127126105249615984 ) ) ;
#4084 = CARTESIAN_POINT ( 'NONE',  ( 7.567793132722634653, 3.679467776963790904, 2.140468991396378140 ) ) ;
#4085 = CARTESIAN_POINT ( 'NONE',  ( 8.985060523192149873, 0.7819516655390347237, 2.638912664042271761 ) ) ;
#4086 = CARTESIAN_POINT ( 'NONE',  ( 4.753926647182476373, -0.3504875142224250784, 1.077160230591564183 ) ) ;
#4087 = CARTESIAN_POINT ( 'NONE',  ( 8.960832530607666158, 0.7836084745298421694, 2.620392699137389592 ) ) ;
#4088 = CARTESIAN_POINT ( 'NONE',  ( 8.128875530292106077, 3.912028834066827443, 2.552195502235536928 ) ) ;
#4089 = CARTESIAN_POINT ( 'NONE',  ( 4.006439369301975084, 4.194400548654470207, 1.553815702742940674 ) ) ;
#4090 = EDGE_CURVE ( 'NONE', #3219, #5057, #1804, .T. ) ;
#4091 = CARTESIAN_POINT ( 'NONE',  ( 7.800966672152936709, 5.516347099944391097, 3.096875872213403103 ) ) ;
#4092 = CARTESIAN_POINT ( 'NONE',  ( 8.956001026785717301, -4.134430166378248117, 2.619842048182263738 ) ) ;
#4093 = ORIENTED_EDGE ( 'NONE', *, *, #3291, .T. ) ;
#4094 = CARTESIAN_POINT ( 'NONE',  ( -0.4614112868270708878, -12.37572618963569937, 4.738053875083915401 ) ) ;
#4095 = CARTESIAN_POINT ( 'NONE',  ( 2.049770063873389780, 2.010487528792912038, 1.913229208843037821 ) ) ;
#4096 = CARTESIAN_POINT ( 'NONE',  ( 9.742479101146741982, 1.035119054509064940, 3.365038597348847027 ) ) ;
#4097 = CARTESIAN_POINT ( 'NONE',  ( 0.4705593824189113761, -3.599929656570688419, 3.144329641691288479 ) ) ;
#4098 = PLANE ( 'NONE',  #230 ) ;
#4099 = CARTESIAN_POINT ( 'NONE',  ( 2.001568802836981131, 1.040829089066134472, 1.943024572563308849 ) ) ;
#4100 = CARTESIAN_POINT ( 'NONE',  ( 2.147774962167354307, 0.9273793267096375192, 1.812851058155916961 ) ) ;
#4101 = CARTESIAN_POINT ( 'NONE',  ( 8.959904075127333556, 0.3912141029522372970, 2.587449604495444255 ) ) ;
#4102 = CARTESIAN_POINT ( 'NONE',  ( 8.478307705877996980, 3.767203675602802004, 2.767057051999247452 ) ) ;
#4103 = B_SPLINE_CURVE_WITH_KNOTS ( 'NONE', 3,
 ( #3625, #788, #4428, #3595, #2774, #2065 ),
 .UNSPECIFIED., .F., .F.,
 ( 4, 2, 4 ),
 ( 0.000000000000000000, 0.0009402624290688620145, 0.001880524858137724029 ),
 .UNSPECIFIED. ) ;
#4104 = CARTESIAN_POINT ( 'NONE',  ( 4.739442639697774240, 0.8513591758693150879, 1.015747017502804272 ) ) ;
#4105 = CARTESIAN_POINT ( 'NONE',  ( 2.147774962167354307, 0.9273793267096375192, 1.812851058155916961 ) ) ;
#4106 = ORIENTED_EDGE ( 'NONE', *, *, #561, .T. ) ;
#4107 = CARTESIAN_POINT ( 'NONE',  ( 9.201791384180653566, -5.708996838991620137, 3.027614307349709932 ) ) ;
#4108 = CARTESIAN_POINT ( 'NONE',  ( 6.691426996189745680, 3.800475196795521704, 1.726176941574535162 ) ) ;
#4109 = CARTESIAN_POINT ( 'NONE',  ( 10.32292627852516098, -3.827878588639921364, 3.811924385158453887 ) ) ;
#4110 = CARTESIAN_POINT ( 'NONE',  ( 2.022215471785192342, -3.837936211215959403, 2.179708598649693130 ) ) ;
#4111 = CARTESIAN_POINT ( 'NONE',  ( 7.693174250837754080, 5.233166252651161088, 2.841405562170117971 ) ) ;
#4112 = CARTESIAN_POINT ( 'NONE',  ( 6.619656658939404359, -11.31611046437906687, 2.795833333333335169 ) ) ;
#4113 = CARTESIAN_POINT ( 'NONE',  ( 1.752297751935237846, -0.2571097697136592863, 2.036585448133605869 ) ) ;
#4114 = CARTESIAN_POINT ( 'NONE',  ( 8.959980411401490485, 0.4237616085531147880, 2.589961241083537313 ) ) ;
#4115 = CARTESIAN_POINT ( 'NONE',  ( 8.226326645152010286, 3.783730580153410461, 2.584070902413830861 ) ) ;
#4116 = CARTESIAN_POINT ( 'NONE',  ( 7.573047192429464225, 3.799974115899718008, 2.179392215729848203 ) ) ;
#4117 = CARTESIAN_POINT ( 'NONE',  ( 7.759070875969452885, 5.446926393478046080, 3.023100472785260173 ) ) ;
#4118 = CARTESIAN_POINT ( 'NONE',  ( 8.956236920235332022, -1.216929142462785274, 2.496101905222773976 ) ) ;
#4119 = CIRCLE ( 'NONE', #3613, 3.499999999999996003 ) ;
#4120 = CARTESIAN_POINT ( 'NONE',  ( 10.14830962058590735, -13.74349748711473040, 4.038441019178010016 ) ) ;
#4121 = CARTESIAN_POINT ( 'NONE',  ( 6.619656658939404359, -11.31611046437906687, 2.795833333333335169 ) ) ;
#4122 = CARTESIAN_POINT ( 'NONE',  ( 8.863074347265985864, 2.512147211789356405, 2.764717624592161194 ) ) ;
#4123 = CARTESIAN_POINT ( 'NONE',  ( -0.06524347163224322732, -6.427679216243986637, 4.033529051140829047 ) ) ;
#4124 = EDGE_CURVE ( 'NONE', #2861, #4020, #4146, .T. ) ;
#4125 = CARTESIAN_POINT ( 'NONE',  ( 7.613163178783918461, 3.173563746356356408, 2.040087508793303694 ) ) ;
#4126 = CARTESIAN_POINT ( 'NONE',  ( 2.207391924383013571, 3.038382101406031932, 1.964812387393556792 ) ) ;
#4127 = CARTESIAN_POINT ( 'NONE',  ( 2.050400225966410694, 1.525701076855962013, 1.873242165063335296 ) ) ;
#4128 = CARTESIAN_POINT ( 'NONE',  ( 1.794955477456805948, -3.695266364853372565, 2.284507415323390411 ) ) ;
#4129 = CARTESIAN_POINT ( 'NONE',  ( 2.066251488043752804, 0.8237310189564694962, 1.855987966736196704 ) ) ;
#4130 = ORIENTED_EDGE ( 'NONE', *, *, #1290, .F. ) ;
#4131 = CARTESIAN_POINT ( 'NONE',  ( 7.146883757663584191, -4.408394275283250785, 1.716296223117276032 ) ) ;
#4132 = CARTESIAN_POINT ( 'NONE',  ( 6.708326408071934033, 4.034786521603495046, 1.803596126006255629 ) ) ;
#4133 = CARTESIAN_POINT ( 'NONE',  ( 4.799825709631812209, -3.985428486793146874, 1.378240447247487177 ) ) ;
#4134 = DIRECTION ( 'NONE',  ( 1.856154119295183098E-16, 1.000000000000000000, 0.000000000000000000 ) ) ;
#4135 = CARTESIAN_POINT ( 'NONE',  ( 3.206081373244594523, 0.8897056366188871301, 1.323116382380855827 ) ) ;
#4136 = CARTESIAN_POINT ( 'NONE',  ( 9.598860679540306862, 0.4028224430906723885, 3.133767184228675173 ) ) ;
#4137 = CARTESIAN_POINT ( 'NONE',  ( 2.004132472146990196, 6.285944898209799625, 3.759045053645925893 ) ) ;
#4138 = CARTESIAN_POINT ( 'NONE',  ( 7.088769392769565414, -1.262749101905213944, 1.508611441489669858 ) ) ;
#4139 = CARTESIAN_POINT ( 'NONE',  ( 7.594171020856556709, 3.407113725205773491, 2.083655674008169534 ) ) ;
#4140 = CARTESIAN_POINT ( 'NONE',  ( 4.750923176282294769, 3.266581240125743246, 1.195257995360240688 ) ) ;
#4141 = CARTESIAN_POINT ( 'NONE',  ( 8.003931193740259076, 5.530422920265870346, 3.248862422512072357 ) ) ;
#4142 = CARTESIAN_POINT ( 'NONE',  ( 1.823092995644081116, -8.128706586872509021, 2.890295601347155685 ) ) ;
#4143 = CARTESIAN_POINT ( 'NONE',  ( 8.999949998749920965, 1.999949998749929181, 6.500000000000000888 ) ) ;
#4144 = CARTESIAN_POINT ( 'NONE',  ( 8.023662972583519348, 3.827322681843020824, 2.464328780828715981 ) ) ;
#4145 = CARTESIAN_POINT ( 'NONE',  ( 9.856476283385152470, 1.012247047784076148, 3.490106606599621575 ) ) ;
#4146 = B_SPLINE_CURVE_WITH_KNOTS ( 'NONE', 3,
 ( #472, #4937, #4536, #4043, #3335, #2857, #4883, #1255, #4455, #2542, #4125, #1611, #927, #1689, #3256 ),
 .UNSPECIFIED., .F., .F.,
 ( 4, 2, 2, 2, 1, 2, 2, 4 ),
 ( 0.6209377938855503709, 0.7157033454141636941, 0.7393947332963166641, 0.7512404272373932601, 0.7630861211784697451, 0.8104688969427760181, 0.9052344484713880091, 1.000000000000000000 ),
 .UNSPECIFIED. ) ;
#4147 = CARTESIAN_POINT ( 'NONE',  ( -0.6240951904250314763, -7.693734260930090940, 5.402920966332656505 ) ) ;
#4148 = CARTESIAN_POINT ( 'NONE',  ( 2.054136531398706111, -0.8843547828100034591, 1.911251486509416564 ) ) ;
#4149 = CARTESIAN_POINT ( 'NONE',  ( 6.898537711451555587, -11.10582462064343012, 2.317070891951842793 ) ) ;
#4150 = CARTESIAN_POINT ( 'NONE',  ( 8.999949998749929847, 1.999949998749890989, 2.849094997549250330 ) ) ;
#4151 = CARTESIAN_POINT ( 'NONE',  ( 1.988502489465145073, 0.9343804437378644412, 1.899429864208957763 ) ) ;
#4152 = ADVANCED_FACE ( 'NONE', ( #2487 ), #3212, .T. ) ;
#4153 = B_SPLINE_CURVE_WITH_KNOTS ( 'NONE', 3,
 ( #2589, #3435, #2168, #2685, #580, #4196 ),
 .UNSPECIFIED., .F., .F.,
 ( 4, 2, 4 ),
 ( 0.000000000000000000, 0.001914188220394969463, 0.003828376440789938925 ),
 .UNSPECIFIED. ) ;
#4154 = CARTESIAN_POINT ( 'NONE',  ( 8.465645933622592878, -8.103890368202860017, 2.979522006876177187 ) ) ;
#4155 = CARTESIAN_POINT ( 'NONE',  ( 7.500648565632720199, 5.947147769595511946, 3.205405638478520114 ) ) ;
#4156 = CARTESIAN_POINT ( 'NONE',  ( 7.147266629634933643, -4.014656342271328171, 1.676375723011714225 ) ) ;
#4157 = CARTESIAN_POINT ( 'NONE',  ( 7.347499034395087669, 3.476369134049611453, 1.961895687611901806 ) ) ;
#4158 = APPLICATION_CONTEXT ( 'automotive_design' ) ;
#4159 = CARTESIAN_POINT ( 'NONE',  ( 8.999949998749933400, 0.7792287108858901856, 2.668985598526010694 ) ) ;
#4160 = CARTESIAN_POINT ( 'NONE',  ( 10.22309056230126600, -0.9843288896822233180, 3.652457214510681727 ) ) ;
#4161 = CARTESIAN_POINT ( 'NONE',  ( 7.731577893834010062, 0.7191889605855372736, 1.823865933302528664 ) ) ;
#4162 = CARTESIAN_POINT ( 'NONE',  ( 8.790791076235485946, 3.707882940222423152, 2.994199425894909616 ) ) ;
#4163 = CARTESIAN_POINT ( 'NONE',  ( 7.217657810890083070, 2.615166356845804785, 1.716825500781637093 ) ) ;
#4164 = B_SPLINE_CURVE_WITH_KNOTS ( 'NONE', 3,
 ( #2660, #3035, #2712, #4688 ),
 .UNSPECIFIED., .F., .F.,
 ( 4, 4 ),
 ( 0.000000000000000000, 0.0004689297698628749835 ),
 .UNSPECIFIED. ) ;
#4165 = CARTESIAN_POINT ( 'NONE',  ( 8.067288740505082600, 5.425537138790542890, 3.222544315267067194 ) ) ;
#4166 = CARTESIAN_POINT ( 'NONE',  ( 4.014401540280255531, -5.090767764369258153, 1.604882896052822749 ) ) ;
#4167 = CARTESIAN_POINT ( 'NONE',  ( 2.479430692180240037, -9.655921616436337729, 2.767819891694622836 ) ) ;
#4168 = CARTESIAN_POINT ( 'NONE',  ( 4.044670071848698534, -11.19943734911697675, 2.231445712851457763 ) ) ;
#4169 = CARTESIAN_POINT ( 'NONE',  ( 8.647339265722079560, 4.509476882527008179, 3.174889518452115311 ) ) ;
#4170 = CARTESIAN_POINT ( 'NONE',  ( 9.520039939602671808, 3.696591473064253286, 3.755335204472505684 ) ) ;
#4171 = CARTESIAN_POINT ( 'NONE',  ( 8.961438822440548790, -8.517829030822515080, 3.437577862249268090 ) ) ;
#4172 = CARTESIAN_POINT ( 'NONE',  ( -0.5681196365653895519, -11.30809272428587242, 5.352220978403444462 ) ) ;
#4173 = CARTESIAN_POINT ( 'NONE',  ( 2.254939832663418464, 0.3201323399371347467, 1.758263680953585206 ) ) ;
#4174 = CARTESIAN_POINT ( 'NONE',  ( 6.629364506106452559, -11.22233353042530091, 2.218035838049760233 ) ) ;
#4175 = CARTESIAN_POINT ( 'NONE',  ( 1.986444398770296660, 0.8272613268737738501, 1.899190267522605557 ) ) ;
#4176 = CARTESIAN_POINT ( 'NONE',  ( 10.13088152360727712, -3.227824364029602044, 3.532000315408649893 ) ) ;
#4177 = CARTESIAN_POINT ( 'NONE',  ( 7.371113606176979083, 3.815503310068773857, 2.067665045928674061 ) ) ;
#4178 = EDGE_CURVE ( 'NONE', #2014, #1923, #4954, .T. ) ;
#4179 = CARTESIAN_POINT ( 'NONE',  ( 1.999949998749929625, 1.999949998749930069, 7.009999999999999787 ) ) ;
#4180 = CARTESIAN_POINT ( 'NONE',  ( 2.140400988053965836, -2.463771357063965439, 1.988075878211298164 ) ) ;
#4181 = CARTESIAN_POINT ( 'NONE',  ( 2.035318324942240853, 4.118316671306105015, 2.396639098392680634 ) ) ;
#4182 = EDGE_CURVE ( 'NONE', #4394, #2817, #577, .T. ) ;
#4183 = CARTESIAN_POINT ( 'NONE',  ( 3.979963098637656849, -0.7368258720235332238, 1.200805794110622493 ) ) ;
#4184 = CARTESIAN_POINT ( 'NONE',  ( 7.612331001230189464, 3.342967362338744586, 2.078295704858266646 ) ) ;
#4185 = CARTESIAN_POINT ( 'NONE',  ( 7.316531590000601604, 3.114725564706905203, 1.860406500593281054 ) ) ;
#4186 = CIRCLE ( 'NONE', #1898, 0.9999999999999997780 ) ;
#4187 = CARTESIAN_POINT ( 'NONE',  ( 1.790887910643881087, -3.958453173988851770, 2.302104102563975907 ) ) ;
#4188 = CARTESIAN_POINT ( 'NONE',  ( 8.999949998749771751, -4.479236203597114496, 2.752013258780571903 ) ) ;
#4189 = CARTESIAN_POINT ( 'NONE',  ( 10.25624189952093346, 3.969904227297704757, 6.668671611610070826 ) ) ;
#4190 = CARTESIAN_POINT ( 'NONE',  ( 9.947168350196912812, 0.6572168712977721761, 3.540155317608471019 ) ) ;
#4191 = CARTESIAN_POINT ( 'NONE',  ( -0.1997612971822507189, -7.815019484133794769, 4.414658239310793597 ) ) ;
#4192 = CARTESIAN_POINT ( 'NONE',  ( 4.509780177136293311, -11.35847607190674147, 2.140319768529887146 ) ) ;
#4193 = CARTESIAN_POINT ( 'NONE',  ( 6.114216692372281159, -10.93871133545023788, 6.432723663107821288 ) ) ;
#4194 = CARTESIAN_POINT ( 'NONE',  ( 8.999949998749926294, 0.4177280412593630810, 2.669710510814337745 ) ) ;
#4195 = CARTESIAN_POINT ( 'NONE',  ( 7.967890042142600215, 1.184041541940489273, 1.981469590027230332 ) ) ;
#4196 = CARTESIAN_POINT ( 'NONE',  ( 8.999949998749933400, 0.05629253792213684271, 2.644798030870818994 ) ) ;
#4197 = CARTESIAN_POINT ( 'NONE',  ( 7.556159240333489180, 3.717432584507351923, 2.144890067058321304 ) ) ;
#4198 = CARTESIAN_POINT ( 'NONE',  ( 10.04179973407152282, -3.383902098021223992, 3.447747263887980473 ) ) ;
#4199 = CARTESIAN_POINT ( 'NONE',  ( 7.498393300948227314, 4.913482349131887084, 2.544509298686758569 ) ) ;
#4200 = CARTESIAN_POINT ( 'NONE',  ( 7.343784622317168775, 3.465231242249067201, 1.957031969212279954 ) ) ;
#4201 = CARTESIAN_POINT ( 'NONE',  ( 2.351729160924961093, 6.444402626669010203, 3.671083130640792280 ) ) ;
#4202 = CARTESIAN_POINT ( 'NONE',  ( 10.27298098205702992, -1.653527071185101338, 3.665351258733251072 ) ) ;
#4203 = CARTESIAN_POINT ( 'NONE',  ( 7.574784920233931906, 3.486456597225267906, 2.091455738036799517 ) ) ;
#4204 = CARTESIAN_POINT ( 'NONE',  ( 7.573047192435299557, 3.799974115890614179, 2.179392215730934002 ) ) ;
#4205 = CARTESIAN_POINT ( 'NONE',  ( 3.962456784253973741, 2.758613837452517092, 1.197064101289662341 ) ) ;
#4206 = ADVANCED_FACE ( 'NONE', ( #3407 ), #538, .T. ) ;
#4207 = CARTESIAN_POINT ( 'NONE',  ( 8.243321000484582939, 4.504281877432624981, 2.853229695828555457 ) ) ;
#4208 = CARTESIAN_POINT ( 'NONE',  ( 1.799037618258312543, -6.571031368583557963, 2.628766954451096094 ) ) ;
#4209 = CARTESIAN_POINT ( 'NONE',  ( 3.339086742142335140, -12.94646928093806615, 1.608511768506099449 ) ) ;
#4210 = CARTESIAN_POINT ( 'NONE',  ( 8.161375792075924451, 4.544245466406610312, 2.813978083432537414 ) ) ;
#4211 = CARTESIAN_POINT ( 'NONE',  ( 9.924041925908829498, 0.3982785941386846051, 3.477590022322818442 ) ) ;
#4212 = ORIENTED_EDGE ( 'NONE', *, *, #4625, .T. ) ;
#4213 = CARTESIAN_POINT ( 'NONE',  ( -0.4519835372104319404, -9.949659625273611141, 5.104160430868425635 ) ) ;
#4214 = ORIENTED_EDGE ( 'NONE', *, *, #2793, .T. ) ;
#4215 = CARTESIAN_POINT ( 'NONE',  ( 5.961234449779395206, -10.98993576587793441, 5.336418894206371277 ) ) ;
#4216 = CARTESIAN_POINT ( 'NONE',  ( 9.894485962780912303, 0.9317662167503404369, 3.514964061668296669 ) ) ;
#4217 = CARTESIAN_POINT ( 'NONE',  ( 6.296150755205593086, 0.4329562191556779460, 1.210025043122669119 ) ) ;
#4218 = CARTESIAN_POINT ( 'NONE',  ( 7.573047192429464225, 3.799974115899718008, 2.179392215729848203 ) ) ;
#4219 = CARTESIAN_POINT ( 'NONE',  ( -0.6764416572240874448, -11.56799154059878809, 6.175489946576941058 ) ) ;
#4220 = CARTESIAN_POINT ( 'NONE',  ( 7.629066059526373955, 5.613750011415979735, 3.047309260386193763 ) ) ;
#4221 = CARTESIAN_POINT ( 'NONE',  ( 9.832041546931177933, -8.753657224916693735, 4.195248862621917318 ) ) ;
#4222 = CARTESIAN_POINT ( 'NONE',  ( 7.478642295706730891, 5.251154618864411816, 2.717071464306744399 ) ) ;
#4223 = CARTESIAN_POINT ( 'NONE',  ( 5.499949998749922742, -8.000050001250071929, 6.500000000000000888 ) ) ;
#4224 = VERTEX_POINT ( 'NONE', #1021 ) ;
#4225 = CARTESIAN_POINT ( 'NONE',  ( 2.865458976498834520, 6.389239249091460238, 3.282030349865560748 ) ) ;
#4226 = CARTESIAN_POINT ( 'NONE',  ( 2.613556878358574753, -1.887993255712289153, 1.716321493378274221 ) ) ;
#4227 = CARTESIAN_POINT ( 'NONE',  ( 7.607668702485057999, 3.343318375611636917, 2.075678708598875488 ) ) ;
#4228 = CARTESIAN_POINT ( 'NONE',  ( 8.158618493529965932, 3.751511132438239748, 2.523844545485609103 ) ) ;
#4229 = CARTESIAN_POINT ( 'NONE',  ( 8.268939166505846927, 3.780974523688057864, 2.614747375812399799 ) ) ;
#4230 = CARTESIAN_POINT ( 'NONE',  ( 3.245879921254484213, -5.070091957910221936, 1.797736602569636410 ) ) ;
#4231 = CARTESIAN_POINT ( 'NONE',  ( 2.112176119957732912, -8.634576189958611536, 2.849580609838731959 ) ) ;
#4232 = ADVANCED_FACE ( 'NONE', ( #3431 ), #992, .T. ) ;
#4233 = CARTESIAN_POINT ( 'NONE',  ( 8.016513366803126317, 4.531549109536930686, 2.701124784054838024 ) ) ;
#4234 = CARTESIAN_POINT ( 'NONE',  ( 9.761215128869842772, 1.923245933958317444, 3.545887141109243856 ) ) ;
#4235 = CARTESIAN_POINT ( 'NONE',  ( 6.407420584477460324, -10.59580729630393847, 2.285840904904947291 ) ) ;
#4236 = ORIENTED_EDGE ( 'NONE', *, *, #3984, .F. ) ;
#4237 = CARTESIAN_POINT ( 'NONE',  ( 8.919721217834180038, -8.515437923962254629, 3.356685883204183707 ) ) ;
#4238 = VERTEX_POINT ( 'NONE', #4960 ) ;
#4239 = CARTESIAN_POINT ( 'NONE',  ( 7.860552769777876314, -11.02167231840087069, 2.701517230822677806 ) ) ;
#4240 = CARTESIAN_POINT ( 'NONE',  ( 6.909491206089541038, -11.21987534722683044, 2.410250583177977912 ) ) ;
#4241 = CARTESIAN_POINT ( 'NONE',  ( 6.029261694303333918, -11.12242702154020968, 6.500000000000002665 ) ) ;
#4242 = CARTESIAN_POINT ( 'NONE',  ( 7.896214062046532867, 2.071865893413099791, 2.017491702224610162 ) ) ;
#4243 = CARTESIAN_POINT ( 'NONE',  ( -0.6211909889355625713, -3.413039901620701144, 4.982623168546557402 ) ) ;
#4244 = CARTESIAN_POINT ( 'NONE',  ( 7.911091805379768083, 3.776035565659974225, 2.375466339507972258 ) ) ;
#4245 = CARTESIAN_POINT ( 'NONE',  ( 9.661997337817560094, -6.438557157389307228, 3.573049918022198845 ) ) ;
#4246 = CARTESIAN_POINT ( 'NONE',  ( 7.854594367667306010, 5.653385113990855082, 3.222049424615597513 ) ) ;
#4247 = DIRECTION ( 'NONE',  ( 0.000000000000000000, -0.000000000000000000, -1.000000000000000000 ) ) ;
#4248 = CARTESIAN_POINT ( 'NONE',  ( 1.427506184210117990, -11.50639732046546193, 2.927152049500748365 ) ) ;
#4249 = CARTESIAN_POINT ( 'NONE',  ( 1.961201519822673767, 4.292804303055786086, 2.513086213897843813 ) ) ;
#4250 = CARTESIAN_POINT ( 'NONE',  ( 3.239424049118561300, -2.702056068722230364, 1.563805246756009959 ) ) ;
#4251 = CARTESIAN_POINT ( 'NONE',  ( 7.365589361669655055, 3.514308907425572670, 1.981443755172021870 ) ) ;
#4252 = CARTESIAN_POINT ( 'NONE',  ( 2.179667835195671088, 3.046628211560648225, 1.982613617575889498 ) ) ;
#4253 = B_SPLINE_SURFACE_WITH_KNOTS ( 'NONE', 1, 3, ( 
 ( #477, #389, #819, #3631 ),
 ( #2407, #2041, #4018, #419 ) ),
 .UNSPECIFIED., .F., .F., .F.,
 ( 2, 2 ),
 ( 4, 4 ),
 ( 0.000000000000000000, 1.000000000000000000 ),
 ( 0.000000000000000000, 1.000000000000000000 ),
 .UNSPECIFIED. ) ;
#4254 = CARTESIAN_POINT ( 'NONE',  ( 8.380773617857574465, 3.743299440192387806, 2.685908145417809312 ) ) ;
#4255 = CARTESIAN_POINT ( 'NONE',  ( 6.296797515456680649, -8.984131948278461621, 2.307507371823263931 ) ) ;
#4256 = CARTESIAN_POINT ( 'NONE',  ( 1.999949998749939173, -3.830632103031112123, 2.252273878646728011 ) ) ;
#4257 = CARTESIAN_POINT ( 'NONE',  ( 2.049771020072697958, 2.013979258199632305, 1.913515675719354769 ) ) ;
#4258 = CARTESIAN_POINT ( 'NONE',  ( 8.999949998749933400, -8.000050001250148313, 3.377340718716893342 ) ) ;
#4259 = B_SPLINE_CURVE_WITH_KNOTS ( 'NONE', 3,
 ( #2678, #4707, #3918, #723 ),
 .UNSPECIFIED., .F., .F.,
 ( 4, 4 ),
 ( 0.000000000000000000, 1.000000000000000000 ),
 .UNSPECIFIED. ) ;
#4260 = VERTEX_POINT ( 'NONE', #4261 ) ;
#4261 = CARTESIAN_POINT ( 'NONE',  ( 8.919721217834180038, -8.515437923962254629, 3.356685883204183707 ) ) ;
#4262 = CARTESIAN_POINT ( 'NONE',  ( 8.965420994501201335, 0.1146963992519622888, 2.561529023560754403 ) ) ;
#4263 = CARTESIAN_POINT ( 'NONE',  ( 2.743964816660418027, 4.157389609979550649, 2.061797479255556453 ) ) ;
#4264 = CARTESIAN_POINT ( 'NONE',  ( 6.038157396137365573, -11.48823781452206738, 5.336511752136753550 ) ) ;
#4265 = CARTESIAN_POINT ( 'NONE',  ( -0.7295306742213583107, -3.086047182625561991, 5.362909088592701323 ) ) ;
#4266 = CIRCLE ( 'NONE', #3018, 3.499999999999995115 ) ;
#4267 = EDGE_CURVE ( 'NONE', #1205, #412, #4451, .T. ) ;
#4268 = CARTESIAN_POINT ( 'NONE',  ( 7.753906240200451272, 5.512869486563737098, 3.063541063833034261 ) ) ;
#4269 = CARTESIAN_POINT ( 'NONE',  ( 9.753488860780787917, -12.15690780156472606, 4.655160304431009699 ) ) ;
#4270 = CARTESIAN_POINT ( 'NONE',  ( 7.528458380244490655, 5.572556849512272592, 2.951291229224684898 ) ) ;
#4271 = DIRECTION ( 'NONE',  ( 0.000000000000000000, 0.000000000000000000, -1.000000000000000000 ) ) ;
#4272 = AXIS2_PLACEMENT_3D ( 'NONE', #1375, #1788, #4982 ) ;
#4273 = CARTESIAN_POINT ( 'NONE',  ( 2.602416823193121065, 6.032872032930846729, 3.129149619684208350 ) ) ;
#4274 =( BOUNDED_SURFACE ( )  B_SPLINE_SURFACE ( 3, 2, ( 
 ( #2280, #3557, #2653 ),
 ( #4310, #2735, #1087 ),
 ( #3945, #2335, #342 ),
 ( #751, #1934, #5180 ) ),
 .UNSPECIFIED., .F., .F., .T. ) 
 B_SPLINE_SURFACE_WITH_KNOTS ( ( 4, 4 ),
 ( 3, 3 ),
 ( -1.084202172485504434E-18, 0.0005110321157312026387 ),
 ( 0.000000000000000000, 1.000000000000000000 ),
 .UNSPECIFIED. ) 
 GEOMETRIC_REPRESENTATION_ITEM ( )  RATIONAL_B_SPLINE_SURFACE ( (
 ( 1.000000000000000000, 0.8881238697964852769, 1.000000000000000000),
 ( 1.000000000000000000, 0.8900156425875478394, 1.000000000000000000),
 ( 1.000000000000000000, 0.8906920195130302309, 1.000000000000000000),
 ( 1.000000000000000000, 0.8901822513906532119, 1.000000000000000000) ) ) 
 REPRESENTATION_ITEM ( '' )  SURFACE ( )  );
#4275 = CARTESIAN_POINT ( 'NONE',  ( 9.090484245747729730, -1.820329680728510757, 2.571668709826754107 ) ) ;
#4276 = CARTESIAN_POINT ( 'NONE',  ( 7.355218655108797243, 1.330184873559014935, 1.653923113392278488 ) ) ;
#4277 = CARTESIAN_POINT ( 'NONE',  ( 2.033173142956996582, -8.481166566442585264, 2.885988047245408694 ) ) ;
#4278 = CARTESIAN_POINT ( 'NONE',  ( 8.773589246172118550, 0.7876492015167733118, 2.476469744837642040 ) ) ;
#4279 = ORIENTED_EDGE ( 'NONE', *, *, #4499, .T. ) ;
#4280 = CARTESIAN_POINT ( 'NONE',  ( 8.364990370771225869, 3.896519166985274119, 2.721244248807660249 ) ) ;
#4281 = CARTESIAN_POINT ( 'NONE',  ( 5.509501688569309330, -10.55347080886176414, 2.460134995891479992 ) ) ;
#4282 = CARTESIAN_POINT ( 'NONE',  ( 7.875998236207381709, 3.322560664330315383, 2.230102895535541307 ) ) ;
#4283 = CARTESIAN_POINT ( 'NONE',  ( 10.27287415686607730, 4.279255237191359029, 5.448888276651422835 ) ) ;
#4284 = CARTESIAN_POINT ( 'NONE',  ( 2.011553833795157065, -8.326342045943491144, 2.843495388406442448 ) ) ;
#4285 = ORIENTED_EDGE ( 'NONE', *, *, #3602, .T. ) ;
#4286 = ORIENTED_EDGE ( 'NONE', *, *, #1592, .F. ) ;
#4287 = CARTESIAN_POINT ( 'NONE',  ( -0.1228768798707015331, -11.35945564456475410, 4.292898680878525219 ) ) ;
#4288 = CARTESIAN_POINT ( 'NONE',  ( 10.11578432863625920, 0.9169628957156616966, 3.758039411760333959 ) ) ;
#4289 = CARTESIAN_POINT ( 'NONE',  ( 7.738228973498545216, 0.4252149247317149605, 1.805086190743724117 ) ) ;
#4290 = CARTESIAN_POINT ( 'NONE',  ( 7.595499162077513411, 3.387229959789101130, 2.079535899717339653 ) ) ;
#4291 = CARTESIAN_POINT ( 'NONE',  ( 8.270730502344960655, 2.551527778086148945, 2.325104172854007167 ) ) ;
#4292 = CARTESIAN_POINT ( 'NONE',  ( -0.5576094314628521342, -12.13168552334042971, 5.855792119050552635 ) ) ;
#4293 = CARTESIAN_POINT ( 'NONE',  ( 8.056478207380923351, 3.734267280285252788, 2.457638947390765161 ) ) ;
#4294 = CARTESIAN_POINT ( 'NONE',  ( 10.29642452792923990, -9.470534826026000275, 4.849218412743242723 ) ) ;
#4295 = CARTESIAN_POINT ( 'NONE',  ( 8.003847852397418805, 3.620757121655659994, 2.374433902560340037 ) ) ;
#4296 = CARTESIAN_POINT ( 'NONE',  ( 8.999949998749933400, 0.4681033066228319495, 2.673509068384801068 ) ) ;
#4297 = EDGE_CURVE ( 'NONE', #391, #131, #124, .T. ) ;
#4298 = CARTESIAN_POINT ( 'NONE',  ( 2.305319164207536353, 2.805985305454755441, 1.854325207105515849 ) ) ;
#4299 = CARTESIAN_POINT ( 'NONE',  ( 7.439687345384131234, -9.175420539510481532, 2.638444059369926098 ) ) ;
#4300 = CARTESIAN_POINT ( 'NONE',  ( 4.832531061976903963, 4.811575217050418019, 1.717430837203802296 ) ) ;
#4301 = CARTESIAN_POINT ( 'NONE',  ( 7.143957058488827450, -3.357989219935936021, 1.617746203556990947 ) ) ;
#4302 = CARTESIAN_POINT ( 'NONE',  ( 7.331321143207593316, 1.972924985611301807, 1.689746078149833242 ) ) ;
#4303 = CARTESIAN_POINT ( 'NONE',  ( 2.147401992222516043, -3.844016379564330066, 2.118024718950045404 ) ) ;
#4304 = CARTESIAN_POINT ( 'NONE',  ( 2.408151773916452409, -8.568101224157464557, 2.697389390056497582 ) ) ;
#4305 = ORIENTED_EDGE ( 'NONE', *, *, #2302, .F. ) ;
#4306 = CARTESIAN_POINT ( 'NONE',  ( 8.203820105100252391, 4.150343820257140770, 2.686974150367926750 ) ) ;
#4307 = CARTESIAN_POINT ( 'NONE',  ( 6.334670618145410437, -7.432808048272065982, 1.993772076770652379 ) ) ;
#4308 = CARTESIAN_POINT ( 'NONE',  ( 7.967320813358091058, 2.570628923506708574, 2.130728663659826605 ) ) ;
#4309 = CARTESIAN_POINT ( 'NONE',  ( 9.679200507390712360, 4.059211202652263317, 4.082807539367156124 ) ) ;
#4310 = CARTESIAN_POINT ( 'NONE',  ( 8.999949998749908531, -8.173419729088609031, 3.407345325836224514 ) ) ;
#4311 = ORIENTED_EDGE ( 'NONE', *, *, #4793, .T. ) ;
#4312 = CARTESIAN_POINT ( 'NONE',  ( 1.476027324783314443, -11.10470948868114149, 3.010326363351242485 ) ) ;
#4313 = CARTESIAN_POINT ( 'NONE',  ( 9.380585597307648626, -0.01407053228835719594, 2.888142127341675636 ) ) ;
#4314 = PLANE ( 'NONE',  #1735 ) ;
#4315 = CARTESIAN_POINT ( 'NONE',  ( 7.840494280339019184, 3.427819309438056905, 2.235615361520971511 ) ) ;
#4316 = CARTESIAN_POINT ( 'NONE',  ( 8.356624836818395963, 3.922317368451139430, 2.717680884894906335 ) ) ;
#4317 = CARTESIAN_POINT ( 'NONE',  ( -0.3785139071380561049, -9.480833410899307978, 5.004627124976670949 ) ) ;
#4318 = CARTESIAN_POINT ( 'NONE',  ( 7.863195503041799483, 4.881666618665986057, 2.758635305769162827 ) ) ;
#4319 = CARTESIAN_POINT ( 'NONE',  ( 10.19972137206658047, -7.918244196069429641, 4.490196117421241695 ) ) ;
#4320 = FACE_OUTER_BOUND ( 'NONE', #3695, .T. ) ;
#4321 = CARTESIAN_POINT ( 'NONE',  ( 8.999949998749933400, 0.5184677855012724823, 2.677453948849024989 ) ) ;
#4322 = CARTESIAN_POINT ( 'NONE',  ( 2.283159444570966645, 2.132619012662956060, 1.780561580917899178 ) ) ;
#4323 = CARTESIAN_POINT ( 'NONE',  ( 8.668077081710134024, -8.542248051039806001, 3.190057985807682073 ) ) ;
#4324 = ORIENTED_EDGE ( 'NONE', *, *, #3147, .T. ) ;
#4325 = CARTESIAN_POINT ( 'NONE',  ( 5.004635703698377291, 6.069021440172211790, 2.485409252884875908 ) ) ;
#4326 = CARTESIAN_POINT ( 'NONE',  ( 8.586450568026693375, -3.806790557722567137, 2.332199533517636869 ) ) ;
#4327 = CARTESIAN_POINT ( 'NONE',  ( 7.374742407949500311, 0.7239195831270917036, 1.640815919146932922 ) ) ;
#4328 = CARTESIAN_POINT ( 'NONE',  ( 7.146900792238001010, -3.883355710353160184, 1.664056970566684113 ) ) ;
#4329 = ORIENTED_EDGE ( 'NONE', *, *, #1847, .T. ) ;
#4330 = CARTESIAN_POINT ( 'NONE',  ( 8.407270326587507725, 3.680714001448620820, 2.686334215126714220 ) ) ;
#4331 = ADVANCED_FACE ( 'NONE', ( #3383 ), #4676, .T. ) ;
#4332 = CARTESIAN_POINT ( 'NONE',  ( 2.134729084112843900, -1.321412723060783945, 1.897929465002732297 ) ) ;
#4333 = CARTESIAN_POINT ( 'NONE',  ( 5.593787453693811251, -3.485573679162468075, 1.325102028257327369 ) ) ;
#4334 = CARTESIAN_POINT ( 'NONE',  ( 7.598344104994794179, 3.344020402157394045, 2.070444716080090952 ) ) ;
#4335 = B_SPLINE_CURVE_WITH_KNOTS ( 'NONE', 3,
 ( #4677, #1082, #5094, #2671, #2274, #3097, #3125, #280, #4328, #4701, #742, #2442, #1675 ),
 .UNSPECIFIED., .F., .F.,
 ( 4, 1, 1, 1, 1, 1, 1, 1, 1, 1, 4 ),
 ( 0.000000000000000000, 0.04545454545749061381, 0.1363636363663011108, 0.2272727272751115524, 0.3181818181839220494, 0.4090909090927325464, 0.5000000000015429880, 0.5909090909103534850, 0.6818181818191639820, 0.7727272727279744791, 0.8235952273739250984 ),
 .UNSPECIFIED. ) ;
#4336 = CARTESIAN_POINT ( 'NONE',  ( 10.00701825257829825, 4.390947319368315505, 4.792058826708464281 ) ) ;
#4337 = CARTESIAN_POINT ( 'NONE',  ( 2.099949998749942370, -0.8793720564002627249, 1.999999999999965805 ) ) ;
#4338 = CARTESIAN_POINT ( 'NONE',  ( 7.542840785277650895, 3.959508344603207775, 2.209142068270836479 ) ) ;
#4339 = ORIENTED_EDGE ( 'NONE', *, *, #2630, .F. ) ;
#4340 = CARTESIAN_POINT ( 'NONE',  ( -0.5929969618879531446, -11.41958947312543593, 5.422266866455546008 ) ) ;
#4341 = CARTESIAN_POINT ( 'NONE',  ( 9.947250496618428528, 0.6207250798011543225, 3.532872120848861819 ) ) ;
#4342 = CARTESIAN_POINT ( 'NONE',  ( 1.999950439949462533, 1.999949998749861457, 1.999060639130702421 ) ) ;
#4343 = CARTESIAN_POINT ( 'NONE',  ( 7.597949562742508434, 3.385349754286781643, 2.080509274653341567 ) ) ;
#4344 = CARTESIAN_POINT ( 'NONE',  ( 7.802763769185212972, 3.696158758640072151, 2.284611945846995340 ) ) ;
#4345 = CARTESIAN_POINT ( 'NONE',  ( 6.449154533430301761, -8.008046817206626145, 2.131396729596727990 ) ) ;
#4346 = CARTESIAN_POINT ( 'NONE',  ( -0.5390845650515528886, -7.103923963515251572, 5.036760536286429613 ) ) ;
#4347 = CARTESIAN_POINT ( 'NONE',  ( 3.211259223319888001, 0.08374460570240160884, 1.350499843263186950 ) ) ;
#4348 = CARTESIAN_POINT ( 'NONE',  ( 8.050251275079595814, 3.734755302378628627, 2.453720766779171392 ) ) ;
#4349 = CARTESIAN_POINT ( 'NONE',  ( 5.849339162577411599, -11.38205047614662746, 2.127709100213298399 ) ) ;
#4350 = CARTESIAN_POINT ( 'NONE',  ( 8.899949998749930202, -8.000050001250174958, 3.377340718716908885 ) ) ;
#4351 = CARTESIAN_POINT ( 'NONE',  ( 1.912984218146522863, 0.5358564345440131049, 1.937283979831622149 ) ) ;
#4352 = CARTESIAN_POINT ( 'NONE',  ( 2.157176936963593583, 1.463706660858626885, 1.816725890735628068 ) ) ;
#4353 = AXIS2_PLACEMENT_3D ( 'NONE', #4223, #4247, #1797 ) ;
#4354 = CARTESIAN_POINT ( 'NONE',  ( 3.119191140258724904, 6.011072126371197477, 2.838598592439257384 ) ) ;
#4355 = CARTESIAN_POINT ( 'NONE',  ( 10.32406578054290236, -3.500983845102556558, 3.779617306871623228 ) ) ;
#4356 = CARTESIAN_POINT ( 'NONE',  ( 7.470424136276430538, 1.326792372845775336, 1.710803070712599627 ) ) ;
#4357 = CARTESIAN_POINT ( 'NONE',  ( 4.796393996372753321, -11.43551054304515269, 1.968213445574499287 ) ) ;
#4358 = CARTESIAN_POINT ( 'NONE',  ( 6.240552736079941987, -11.18058054564620463, 2.126025089231140530 ) ) ;
#4359 = ORIENTED_EDGE ( 'NONE', *, *, #4404, .T. ) ;
#4360 = FACE_OUTER_BOUND ( 'NONE', #4381, .T. ) ;
#4361 = CARTESIAN_POINT ( 'NONE',  ( 9.995121553881016752, -11.68190013619119227, 4.366301415168005740 ) ) ;
#4362 = CARTESIAN_POINT ( 'NONE',  ( 7.718702093145793697, -11.93968441730755536, 3.138561690335099907 ) ) ;
#4363 = CARTESIAN_POINT ( 'NONE',  ( 7.517590363610493043, 4.859867367850795539, 2.588574076366052523 ) ) ;
#4364 = CARTESIAN_POINT ( 'NONE',  ( 9.723014172653757115, 3.807618662450690472, 4.032463226342554385 ) ) ;
#4365 = CARTESIAN_POINT ( 'NONE',  ( 8.013358515514122260, 3.819336545576063280, 2.439969853935148869 ) ) ;
#4366 = EDGE_CURVE ( 'NONE', #396, #994, #1131, .T. ) ;
#4367 = ORIENTED_EDGE ( 'NONE', *, *, #346, .F. ) ;
#4368 = CARTESIAN_POINT ( 'NONE',  ( 1.473321654377530932, -11.18557038493070444, 2.993133157491709717 ) ) ;
#4369 = CARTESIAN_POINT ( 'NONE',  ( 5.535119744014636467, -0.09081839336957941988, 1.077466918481566394 ) ) ;
#4370 = CARTESIAN_POINT ( 'NONE',  ( 7.775883716003240131, 3.556205877679034622, 2.229305313051720638 ) ) ;
#4371 = CARTESIAN_POINT ( 'NONE',  ( 7.588640421119424495, 3.385818101858256490, 2.075226352660751061 ) ) ;
#4372 = CARTESIAN_POINT ( 'NONE',  ( 7.744030748549120879, 3.870340582110970651, 2.300557193160274405 ) ) ;
#4373 = CARTESIAN_POINT ( 'NONE',  ( -0.5274187126927607494, -3.446924624962183437, 4.656898970333203991 ) ) ;
#4374 = CARTESIAN_POINT ( 'NONE',  ( 2.253823624390971503, 0.1199492099010213142, 1.764649250179622264 ) ) ;
#4375 = CARTESIAN_POINT ( 'NONE',  ( 8.168651455707307107, 4.203831199393772700, 2.685958681807827819 ) ) ;
#4376 = CARTESIAN_POINT ( 'NONE',  ( 8.960832578742881083, 0.7836283896251738934, 2.620394539442995718 ) ) ;
#4377 = CARTESIAN_POINT ( 'NONE',  ( 7.507118467953457497, 4.815308873510476317, 2.508610680815374749 ) ) ;
#4378 = CARTESIAN_POINT ( 'NONE',  ( 5.526051889481585988, 0.5729958584416439127, 1.048268755737479685 ) ) ;
#4379 = CARTESIAN_POINT ( 'NONE',  ( 2.110904218974522628, 3.734511870184253901, 2.207921104840471660 ) ) ;
#4380 = CARTESIAN_POINT ( 'NONE',  ( 1.991075102833705257, 1.068279339818012375, 1.899729360066897854 ) ) ;
#4381 = EDGE_LOOP ( 'NONE', ( #1935, #826, #5076, #1044 ) ) ;
#4382 = CARTESIAN_POINT ( 'NONE',  ( 2.491948637781588705, 4.132784004796386412, 2.123262658963811944 ) ) ;
#4383 = CARTESIAN_POINT ( 'NONE',  ( 5.592791502997875419, -3.393336697126436707, 1.318262944827538474 ) ) ;
#4384 = DIRECTION ( 'NONE',  ( 1.000000000000000000, 0.000000000000000000, 0.000000000000000000 ) ) ;
#4385 = CARTESIAN_POINT ( 'NONE',  ( 8.507942028484297481, 3.789369326908775371, 2.796822420787272723 ) ) ;
#4386 = ORIENTED_EDGE ( 'NONE', *, *, #1985, .T. ) ;
#4387 = CARTESIAN_POINT ( 'NONE',  ( 8.391383490391239874, 3.712173983489885920, 2.684208561805311533 ) ) ;
#4388 = CARTESIAN_POINT ( 'NONE',  ( 10.07796204860165368, -8.340222574841959613, 4.445400028292060490 ) ) ;
#4389 = CARTESIAN_POINT ( 'NONE',  ( 4.889558781769073548, -10.97219081334423585, 4.260805409546190248 ) ) ;
#4390 = CARTESIAN_POINT ( 'NONE',  ( 10.45281260265599421, 3.600622200860159605, 6.534020316602400236 ) ) ;
#4391 = CARTESIAN_POINT ( 'NONE',  ( 2.035318324942240853, 4.118316671306105015, 2.396639098392680634 ) ) ;
#4392 = FACE_OUTER_BOUND ( 'NONE', #2210, .T. ) ;
#4393 = CARTESIAN_POINT ( 'NONE',  ( 8.959137415449045960, 0.06135829639124475154, 2.564354337546737472 ) ) ;
#4394 = VERTEX_POINT ( 'NONE', #4143 ) ;
#4395 = B_SPLINE_CURVE_WITH_KNOTS ( 'NONE', 3,
 ( #2189, #4174, #4665, #658, #3801, #3057 ),
 .UNSPECIFIED., .F., .F.,
 ( 4, 2, 4 ),
 ( 0.000000000000000000, 0.5000000000000000000, 1.000000000000000000 ),
 .UNSPECIFIED. ) ;
#4396 = EDGE_CURVE ( 'NONE', #2809, #1559, #5071, .T. ) ;
#4397 = CARTESIAN_POINT ( 'NONE',  ( 9.533980591627146950, -12.16506441846135189, 3.642535797053354951 ) ) ;
#4398 = CARTESIAN_POINT ( 'NONE',  ( 3.004406096715819707, -10.47485065366723411, 2.600223628779009033 ) ) ;
#4399 = CARTESIAN_POINT ( 'NONE',  ( 7.828443839110452274, 3.433542140670903464, 2.229724043855722204 ) ) ;
#4400 = CARTESIAN_POINT ( 'NONE',  ( 8.005982203750026116, 3.066108459598676284, 2.250966659983502538 ) ) ;
#4401 = CARTESIAN_POINT ( 'NONE',  ( -0.5784774296266268490, -7.089507119491994303, 5.157736158084541778 ) ) ;
#4402 = CARTESIAN_POINT ( 'NONE',  ( 5.533152925184283255, 0.04185350430774281705, 1.070458348124451398 ) ) ;
#4403 = CARTESIAN_POINT ( 'NONE',  ( 2.540921027197143633, 3.790886372662506609, 1.976469053492246442 ) ) ;
#4404 = EDGE_CURVE ( 'NONE', #1572, #2275, #1995, .T. ) ;
#4405 = CARTESIAN_POINT ( 'NONE',  ( 10.16474186680715519, -9.489665076882204175, 4.697153569974004128 ) ) ;
#4406 = DIRECTION ( 'NONE',  ( -0.2944080345207592542, 0.1676220190058300141, 0.9408649041993396578 ) ) ;
#4407 = CARTESIAN_POINT ( 'NONE',  ( 2.219333145842137256, 3.349307749406920998, 2.026310392799695936 ) ) ;
#4408 = CARTESIAN_POINT ( 'NONE',  ( 7.371762128069780928, 0.8142455085320410291, 1.642260483032070839 ) ) ;
#4409 = ORIENTED_EDGE ( 'NONE', *, *, #1434, .F. ) ;
#4410 = CARTESIAN_POINT ( 'NONE',  ( 3.360475286652640836, 4.070197666405650949, 1.701790595725493516 ) ) ;
#4411 = CARTESIAN_POINT ( 'NONE',  ( 3.243227173202797076, -3.757462698444152593, 1.654440975807168313 ) ) ;
#4412 = CARTESIAN_POINT ( 'NONE',  ( 4.786629062692405512, 5.433660007758828847, 2.136333474036114399 ) ) ;
#4413 = CARTESIAN_POINT ( 'NONE',  ( 7.951525727724153114, 5.608638689968525881, 3.264812411498851485 ) ) ;
#4414 = VERTEX_POINT ( 'NONE', #3377 ) ;
#4415 = CARTESIAN_POINT ( 'NONE',  ( 8.999949998748999036, -4.131925867302150834, 2.649492427140375472 ) ) ;
#4416 = CARTESIAN_POINT ( 'NONE',  ( 2.147774962167354307, 0.9273793267096375192, 1.812851058155916961 ) ) ;
#4417 = CARTESIAN_POINT ( 'NONE',  ( 8.960418187514992638, 0.6100253751877134922, 2.605002658131273741 ) ) ;
#4418 = CARTESIAN_POINT ( 'NONE',  ( 10.34780472057367895, 3.554987101609896616, 6.794670482601012473 ) ) ;
#4419 = CARTESIAN_POINT ( 'NONE',  ( 7.085834601169485047, 3.871338954538783295, 1.927567883336027910 ) ) ;
#4420 = CARTESIAN_POINT ( 'NONE',  ( 7.489524434744286197, 5.591239809367987590, 2.943982418881613494 ) ) ;
#4421 = ORIENTED_EDGE ( 'NONE', *, *, #4433, .F. ) ;
#4422 = CARTESIAN_POINT ( 'NONE',  ( 4.528495192129840419, -11.75666705513053678, 1.855382619542571332 ) ) ;
#4423 = CARTESIAN_POINT ( 'NONE',  ( 2.225863605476900986, -9.247654147705798522, 2.861202332912272883 ) ) ;
#4424 = CARTESIAN_POINT ( 'NONE',  ( 7.595945255512885019, 3.380878522273977893, 2.078293265890188923 ) ) ;
#4425 = CARTESIAN_POINT ( 'NONE',  ( 9.397606200992225212, 3.803858613137089950, 3.650101577343761061 ) ) ;
#4426 = CARTESIAN_POINT ( 'NONE',  ( 1.108824530321406154, -5.752630981962742140, 2.907308514042381109 ) ) ;
#4427 = CARTESIAN_POINT ( 'NONE',  ( 9.640541489055770796, 0.1871636396883757936, 3.151834288392750150 ) ) ;
#4428 = CARTESIAN_POINT ( 'NONE',  ( 8.958427921088963686, 2.623943229758831652, 2.918178525044595073 ) ) ;
#4429 = CARTESIAN_POINT ( 'NONE',  ( 7.507134424617181168, 4.815297554272556013, 2.508614835299325829 ) ) ;
#4430 = CARTESIAN_POINT ( 'NONE',  ( 2.001513660674516970, 2.364539343615362998, 1.970917216528274452 ) ) ;
#4431 = DIRECTION ( 'NONE',  ( 0.000000000000000000, 0.000000000000000000, -1.000000000000000000 ) ) ;
#4432 = CARTESIAN_POINT ( 'NONE',  ( 2.078437561628820429, 1.467031775646332470, 1.860397681637782963 ) ) ;
#4433 = EDGE_CURVE ( 'NONE', #2707, #4820, #2007, .T. ) ;
#4434 = ORIENTED_EDGE ( 'NONE', *, *, #2986, .F. ) ;
#4435 = CARTESIAN_POINT ( 'NONE',  ( 6.696763652573594072, 3.874468246734902088, 1.750625105079288257 ) ) ;
#4436 = CARTESIAN_POINT ( 'NONE',  ( 2.265741583466089448, -3.718220161841867544, 2.047443044400270029 ) ) ;
#4437 = CARTESIAN_POINT ( 'NONE',  ( 3.372508905658138101, 4.788042291224543057, 2.058661346886192955 ) ) ;
#4438 = CARTESIAN_POINT ( 'NONE',  ( 5.523245036473244163, 0.8389528875372143091, 1.043819465942496416 ) ) ;
#4439 = CARTESIAN_POINT ( 'NONE',  ( 9.566662602357983047, 0.4540973099034784077, 3.108951815132110053 ) ) ;
#4440 = CARTESIAN_POINT ( 'NONE',  ( 7.721446536801161997, 5.558293010252679522, 3.071066765693660550 ) ) ;
#4441 = CARTESIAN_POINT ( 'NONE',  ( 9.957365768042441445, -11.27399528897477055, 4.361394543678741798 ) ) ;
#4442 = CARTESIAN_POINT ( 'NONE',  ( 4.338314346527491594, -11.20885208518487808, 2.076896990136589238 ) ) ;
#4443 = CARTESIAN_POINT ( 'NONE',  ( 10.57712733887242251, 3.502178435821623470, 5.829019055025039364 ) ) ;
#4444 = CARTESIAN_POINT ( 'NONE',  ( 7.380719704015045401, 3.851211625357259472, 2.083555432630453730 ) ) ;
#4445 = CARTESIAN_POINT ( 'NONE',  ( 8.999949998741612944, -3.137188301181518479, 2.539550357739754016 ) ) ;
#4446 = ORIENTED_EDGE ( 'NONE', *, *, #1534, .T. ) ;
#4447 = CARTESIAN_POINT ( 'NONE',  ( -0.4973838118505248262, -13.54509273767726185, 4.387176973921073753 ) ) ;
#4448 = CARTESIAN_POINT ( 'NONE',  ( 2.030336937520803797, -8.460301689025282457, 2.858192505374469672 ) ) ;
#4449 = CARTESIAN_POINT ( 'NONE',  ( 7.517590363610477944, 4.859867367850750242, 2.588574076366029875 ) ) ;
#4450 = CARTESIAN_POINT ( 'NONE',  ( 8.911398291801496896, 2.009693410859048068, 2.721570516616712787 ) ) ;
#4451 = B_SPLINE_CURVE_WITH_KNOTS ( 'NONE', 3,
 ( #194, #627, #677, #3359 ),
 .UNSPECIFIED., .F., .F.,
 ( 4, 4 ),
 ( 4.336808689942017736E-19, 1.051038281442331648E-05 ),
 .UNSPECIFIED. ) ;
#4452 = CARTESIAN_POINT ( 'NONE',  ( 0.5190519820261890738, -8.043890137847286681, 3.716628594018508203 ) ) ;
#4453 = CARTESIAN_POINT ( 'NONE',  ( 4.746239545398680093, 0.1830814529924229550, 1.042052724858248514 ) ) ;
#4454 = CARTESIAN_POINT ( 'NONE',  ( 8.076053411460375031, 4.309378904436584001, 2.661139418198913198 ) ) ;
#4455 = CARTESIAN_POINT ( 'NONE',  ( 7.625349906661593735, 3.005919145941957638, 2.011410084411391352 ) ) ;
#4456 = CARTESIAN_POINT ( 'NONE',  ( 8.772504394078955769, -9.151127853035136539, 3.334484357987286263 ) ) ;
#4457 = CARTESIAN_POINT ( 'NONE',  ( 3.963067431051407130, 0.4653151623297824280, 1.121654859205401422 ) ) ;
#4458 = CARTESIAN_POINT ( 'NONE',  ( 1.795123186652519021, -3.826567362167243580, 2.297544369469157299 ) ) ;
#4459 = CARTESIAN_POINT ( 'NONE',  ( 4.739845544507743647, 0.7978397921657998104, 1.016861085501293172 ) ) ;
#4460 = ORIENTED_EDGE ( 'NONE', *, *, #4499, .F. ) ;
#4461 = MANIFOLD_SOLID_BREP ( 'Combine1[3]', #1661 ) ;
#4462 = CARTESIAN_POINT ( 'NONE',  ( 7.833855052071049485, -6.590044959145169301, 2.338535384969590680 ) ) ;
#4463 = CARTESIAN_POINT ( 'NONE',  ( 7.202116184649471009, 5.933311214650183629, 3.007306015739541483 ) ) ;
#4464 = EDGE_CURVE ( 'NONE', #3053, #725, #3200, .T. ) ;
#4465 = CARTESIAN_POINT ( 'NONE',  ( 8.585958640828456723, -4.002285228299040654, 2.352848823114836563 ) ) ;
#4466 = CARTESIAN_POINT ( 'NONE',  ( 6.119814572033075883, 5.451654099271528331, 2.241417659010160879 ) ) ;
#4467 = CARTESIAN_POINT ( 'NONE',  ( 7.558146756470096150, 3.958245874205262638, 2.217685442384700778 ) ) ;
#4468 = CARTESIAN_POINT ( 'NONE',  ( 3.404795645148102068, 4.750213302458602627, 1.972297731680555666 ) ) ;
#4469 = CARTESIAN_POINT ( 'NONE',  ( 9.054061788011120271, -1.185368243859480364, 2.560152367518796712 ) ) ;
#4470 = CARTESIAN_POINT ( 'NONE',  ( 8.960098966817412247, 0.4743101369715551630, 2.593862219981012185 ) ) ;
#4471 = CARTESIAN_POINT ( 'NONE',  ( 9.745726253451714172, 3.668765431579651626, 4.007490447780924114 ) ) ;
#4472 = CARTESIAN_POINT ( 'NONE',  ( 7.616154610047491502, 3.846725363120778951, 2.218086018275549076 ) ) ;
#4473 = CARTESIAN_POINT ( 'NONE',  ( 7.999124984038208375, 5.530300133836790977, 3.245331629149058372 ) ) ;
#4474 = CARTESIAN_POINT ( 'NONE',  ( 5.861519500193295151, -11.35595736068270512, 2.031944865235141506 ) ) ;
#4475 = EDGE_LOOP ( 'NONE', ( #4877, #275, #6, #4610 ) ) ;
#4476 = CARTESIAN_POINT ( 'NONE',  ( 10.68728958039694099, -14.08165769006114409, 5.208548695610406121 ) ) ;
#4477 = CARTESIAN_POINT ( 'NONE',  ( 2.000004308507448592, 2.004639296101202284, 1.941714696816764896 ) ) ;
#4478 = CARTESIAN_POINT ( 'NONE',  ( 8.972024662984564358, 3.732942742991101959, 3.176545373250293292 ) ) ;
#4479 = CARTESIAN_POINT ( 'NONE',  ( 1.790582918831176595, -3.682753370205099408, 2.274709964381162131 ) ) ;
#4480 = CARTESIAN_POINT ( 'NONE',  ( 2.652395190384024826, 3.963603915315535797, 1.977842710799106785 ) ) ;
#4481 = CARTESIAN_POINT ( 'NONE',  ( 7.912797570267217750, 4.478264289975165013, 2.617039953100451122 ) ) ;
#4482 = CARTESIAN_POINT ( 'NONE',  ( 8.485964589000763780, -9.723409674810245207, 3.184480870954727205 ) ) ;
#4483 = CARTESIAN_POINT ( 'NONE',  ( 8.959980364622060378, 0.4237416678966844374, 2.589959702242107031 ) ) ;
#4484 = CARTESIAN_POINT ( 'NONE',  ( 8.478297498931288700, 3.767220674122939705, 2.767054432772547035 ) ) ;
#4485 = CARTESIAN_POINT ( 'NONE',  ( 7.375168162218039392, 0.7110158794977894381, 1.640609552877627220 ) ) ;
#4486 = ORIENTED_EDGE ( 'NONE', *, *, #4297, .F. ) ;
#4487 = CARTESIAN_POINT ( 'NONE',  ( 9.244130953794101657, -4.277986660818938525, 2.830103429365349754 ) ) ;
#4488 = CARTESIAN_POINT ( 'NONE',  ( 5.720914480264651658, 5.767612136036354364, 2.340772145785015912 ) ) ;
#4489 = CARTESIAN_POINT ( 'NONE',  ( 9.138259624321745989, -3.960814556665276598, 2.718611586928970425 ) ) ;
#4490 = CARTESIAN_POINT ( 'NONE',  ( 6.084930235435026091, -11.45081232140377381, 6.500000000000000888 ) ) ;
#4491 = FACE_OUTER_BOUND ( 'NONE', #932, .T. ) ;
#4492 = CARTESIAN_POINT ( 'NONE',  ( 2.147774962161314249, 0.9273793263328278247, 1.812851058155672490 ) ) ;
#4493 = CARTESIAN_POINT ( 'NONE',  ( 7.771299650987297802, 3.789470449785337092, 2.293154042621950328 ) ) ;
#4494 = CARTESIAN_POINT ( 'NONE',  ( 2.282624914967300356, 6.181979260591941028, 3.470408082871957678 ) ) ;
#4495 = CARTESIAN_POINT ( 'NONE',  ( 10.27007952538699520, -0.4213057399799491343, 3.759497772104870794 ) ) ;
#4496 = CARTESIAN_POINT ( 'NONE',  ( 4.331766709663383175, -11.22999931719390965, 2.081551302193385578 ) ) ;
#4497 = CARTESIAN_POINT ( 'NONE',  ( 10.34971183820368523, 3.545532860677602649, 6.797520491792103492 ) ) ;
#4498 = CARTESIAN_POINT ( 'NONE',  ( 3.996056117848003630, 3.959012729970984523, 1.474638348508601204 ) ) ;
#4499 = EDGE_CURVE ( 'NONE', #5128, #2607, #2756, .T. ) ;
#4500 = CARTESIAN_POINT ( 'NONE',  ( 8.731325258418465296, -12.99729534309715362, 2.688815780009769618 ) ) ;
#4501 = CARTESIAN_POINT ( 'NONE',  ( 8.999949998749933400, 0.05629253792213684271, 2.644798030870818994 ) ) ;
#4502 = CARTESIAN_POINT ( 'NONE',  ( 9.030552917873929886, 3.362002655930340644, 3.115287209739926677 ) ) ;
#4503 = CARTESIAN_POINT ( 'NONE',  ( 0.4703228793403457786, -4.267456083777321219, 3.208461789238795436 ) ) ;
#4504 = ORIENTED_EDGE ( 'NONE', *, *, #1352, .F. ) ;
#4505 = CARTESIAN_POINT ( 'NONE',  ( 4.622464488849272968, -11.26005912411370780, 2.030876432152877165 ) ) ;
#4506 = DIRECTION ( 'NONE',  ( 1.000000000000000000, 0.000000000000000000, 0.000000000000000000 ) ) ;
#4507 = CARTESIAN_POINT ( 'NONE',  ( 2.053595305022319906, 0.07981782044378774033, 1.866701058266675872 ) ) ;
#4508 = CARTESIAN_POINT ( 'NONE',  ( 1.911238717689799138, -3.701223395513570047, 2.222354500348458384 ) ) ;
#4509 = CARTESIAN_POINT ( 'NONE',  ( 7.538467418737291759, 0.7089605319758884860, 1.719428510252229980 ) ) ;
#4510 = CARTESIAN_POINT ( 'NONE',  ( 8.390046155399032202, -11.45798543277629022, 2.872996466028685969 ) ) ;
#4511 = ORIENTED_EDGE ( 'NONE', *, *, #4685, .F. ) ;
#4512 = CARTESIAN_POINT ( 'NONE',  ( 8.399728775450961749, -11.90131672632235826, 3.483389297745713709 ) ) ;
#4513 = CARTESIAN_POINT ( 'NONE',  ( 6.361155188578493380, 5.897056808035677555, 2.597447038100714867 ) ) ;
#4514 = CARTESIAN_POINT ( 'NONE',  ( 2.017055262742902144, -3.903505462498624290, 2.187737491284066138 ) ) ;
#4515 = CARTESIAN_POINT ( 'NONE',  ( 2.137546654184900863, -1.940858896537563272, 1.944163581939254204 ) ) ;
#4516 = B_SPLINE_CURVE_WITH_KNOTS ( 'NONE', 3,
 ( #2689, #4537, #1231, #4073 ),
 .UNSPECIFIED., .F., .F.,
 ( 4, 4 ),
 ( 0.000000000000000000, 1.000000000000000000 ),
 .UNSPECIFIED. ) ;
#4517 = CARTESIAN_POINT ( 'NONE',  ( 9.659779708823874600, -11.61829775781020402, 3.928350076130515678 ) ) ;
#4518 = CARTESIAN_POINT ( 'NONE',  ( -0.1900350500405323384, -8.319565446829935595, 4.494242466988878526 ) ) ;
#4519 = CARTESIAN_POINT ( 'NONE',  ( 2.259700627541664453, 0.7883521354709877027, 1.751082853289308794 ) ) ;
#4520 = CARTESIAN_POINT ( 'NONE',  ( 2.140635288895284649, 0.3921830640821744041, 1.818116597492082098 ) ) ;
#4521 = CARTESIAN_POINT ( 'NONE',  ( 3.155062145893358316, 4.534272112868782401, 1.972324216736031088 ) ) ;
#4522 = CARTESIAN_POINT ( 'NONE',  ( 8.503174441593655430, -1.217291514030799382, 2.200298877530413311 ) ) ;
#4523 = CARTESIAN_POINT ( 'NONE',  ( 7.603006403739929198, 3.343669388884501714, 2.073061712339485663 ) ) ;
#4524 =( BOUNDED_SURFACE ( )  B_SPLINE_SURFACE ( 3, 2, ( 
 ( #4859, #1283, #94 ),
 ( #1256, #3286, #1690 ),
 ( #4913, #2858, #4456 ),
 ( #4884, #529, #2116 ),
 ( #3336, #2882, #4482 ),
 ( #1309, #3728, #4938 ),
 ( #2937, #3799, #1425 ),
 ( #951, #3821, #4983 ),
 ( #1022, #5006, #3384 ),
 ( #1356, #5053, #1448 ),
 ( #4240, #2165, #4149 ),
 ( #2187, #3772, #1837 ) ),
 .UNSPECIFIED., .F., .F., .T. ) 
 B_SPLINE_SURFACE_WITH_KNOTS ( ( 4, 2, 2, 2, 2, 4 ),
 ( 3, 3 ),
 ( -8.435092901937224497E-17, 0.0009798063065449102819, 0.001469709459817407707, 0.001959612613089905132, 0.002939418919634899548, 0.003919225226179894397 ),
 ( 0.000000000000000000, 1.000000000000000000 ),
 .UNSPECIFIED. ) 
 GEOMETRIC_REPRESENTATION_ITEM ( )  RATIONAL_B_SPLINE_SURFACE ( (
 ( 1.000000000000000000, 0.8896176287453294584, 1.000000000000000000),
 ( 1.000000000000000000, 0.8869393209691633917, 1.000000000000000000),
 ( 1.000000000000000000, 0.8779437636088280872, 1.000000000000000000),
 ( 1.000000000000000000, 0.8569485680069800493, 1.000000000000000000),
 ( 1.000000000000000000, 0.8487655349583711484, 1.000000000000000000),
 ( 1.000000000000000000, 0.8289044485201655377, 1.000000000000000000),
 ( 1.000000000000000000, 0.8170969483541736800, 1.000000000000000000),
 ( 1.000000000000000000, 0.7807746729399918095, 1.000000000000000000),
 ( 1.000000000000000000, 0.7557779460334655974, 1.000000000000000000),
 ( 1.000000000000000000, 0.7030465243316302848, 1.000000000000000000),
 ( 1.000000000000000000, 0.6753700273813869615, 1.000000000000000000),
 ( 1.000000000000000000, 0.6518899817404468777, 1.000000000000000000) ) ) 
 REPRESENTATION_ITEM ( '' )  SURFACE ( )  );
#4525 = CARTESIAN_POINT ( 'NONE',  ( 8.279130428778817219, 3.902159045924058489, 2.659771977326881309 ) ) ;
#4526 = CARTESIAN_POINT ( 'NONE',  ( 2.041978783191528812, 3.951286333723519562, 2.326550616343556754 ) ) ;
#4527 = CARTESIAN_POINT ( 'NONE',  ( 7.380719704015048066, 3.851211625357267021, 2.083555432630457283 ) ) ;
#4528 = CARTESIAN_POINT ( 'NONE',  ( 1.808015840756656667, -7.349712740280817336, 2.753967884529189281 ) ) ;
#4529 = COLOUR_RGB ( '',0.7921568627450980005, 0.8196078431372548767, 0.9333333333333333481 ) ;
#4530 = ADVANCED_FACE ( 'NONE', ( #4655 ), #2616, .T. ) ;
#4531 = DIRECTION ( 'NONE',  ( -1.000000000000000000, 0.000000000000000000, 0.000000000000000000 ) ) ;
#4532 = CARTESIAN_POINT ( 'NONE',  ( 9.146121937701083837, 2.488777012113696507, 3.013047002783677986 ) ) ;
#4533 = CARTESIAN_POINT ( 'NONE',  ( -0.04494844942228709561, -12.13331940423007005, 4.793400626296798528 ) ) ;
#4534 = CARTESIAN_POINT ( 'NONE',  ( -0.6163678461625354821, -8.988816998352106680, 5.540065448235400147 ) ) ;
#4535 = ORIENTED_EDGE ( 'NONE', *, *, #4716, .F. ) ;
#4536 = CARTESIAN_POINT ( 'NONE',  ( 7.638753428228962861, 2.802590730805560870, 1.979396679617259736 ) ) ;
#4537 = CARTESIAN_POINT ( 'NONE',  ( 7.639336334489949643, 3.423676831340011439, 2.113592332047481204 ) ) ;
#4538 = CARTESIAN_POINT ( 'NONE',  ( 7.690666967703913670, -10.63616192508069069, 2.710926792721747969 ) ) ;
#4539 = CARTESIAN_POINT ( 'NONE',  ( 1.901335329592749535, -1.855975929328207430, 2.054497129400100874 ) ) ;
#4540 = CARTESIAN_POINT ( 'NONE',  ( 3.332530621729855369, 0.7244366658726020258, 1.290284017951259798 ) ) ;
#4541 = CARTESIAN_POINT ( 'NONE',  ( 7.855684852673242347, -5.809195048085302737, 2.208139924145664512 ) ) ;
#4542 = CARTESIAN_POINT ( 'NONE',  ( 7.085834601169485047, 3.871338954538783295, 1.927567883336027910 ) ) ;
#4543 = CARTESIAN_POINT ( 'NONE',  ( 1.886683267340850900, -3.962960586985336597, 2.257421863736524426 ) ) ;
#4544 = CARTESIAN_POINT ( 'NONE',  ( 7.336944895330224981, 3.460441062983571570, 1.952077153797695530 ) ) ;
#4545 = CARTESIAN_POINT ( 'NONE',  ( 3.959393531255114951, 0.8687825195212994789, 1.109524529770752554 ) ) ;
#4546 = CARTESIAN_POINT ( 'NONE',  ( 9.551172288827462609, 0.2392200329115190538, 3.069581141304551952 ) ) ;
#4547 = CARTESIAN_POINT ( 'NONE',  ( 6.537524464801573565, 5.301268195378260550, 2.286955542781377027 ) ) ;
#4548 = CARTESIAN_POINT ( 'NONE',  ( 9.399660435798841362, -0.2470142484569670671, 2.884937163359656775 ) ) ;
#4549 = CARTESIAN_POINT ( 'NONE',  ( 7.722043620968219280, 0.6746312593552128423, 1.816852213042442488 ) ) ;
#4550 = CARTESIAN_POINT ( 'NONE',  ( 2.117107869875966220, 3.757290688508857279, 2.206599516738704470 ) ) ;
#4551 = CARTESIAN_POINT ( 'NONE',  ( 4.014076659237836076, -3.618965218870839884, 1.456372412646708137 ) ) ;
#4552 = FILL_AREA_STYLE_COLOUR ( '', #4529 ) ;
#4553 = CARTESIAN_POINT ( 'NONE',  ( 9.113866361790144310, 4.476013325204197812, 3.612076932949886743 ) ) ;
#4554 = FACE_OUTER_BOUND ( 'NONE', #832, .T. ) ;
#4555 = CARTESIAN_POINT ( 'NONE',  ( -0.6195569872421702318, -8.196546021826762285, 5.475117816803834359 ) ) ;
#4556 = ADVANCED_FACE ( 'NONE', ( #3131 ), #2504, .T. ) ;
#4557 = CARTESIAN_POINT ( 'NONE',  ( -0.5924323028494264953, -11.31875322004097306, 5.435737731425518859 ) ) ;
#4558 = CARTESIAN_POINT ( 'NONE',  ( 10.01853989892244989, 1.671251724887801160, 3.746414484131705525 ) ) ;
#4559 = CARTESIAN_POINT ( 'NONE',  ( 7.157066304988219052, 5.114213140577901662, 2.496757633833750489 ) ) ;
#4560 = CARTESIAN_POINT ( 'NONE',  ( 7.991190072488843832, 0.7029520550652368360, 1.969050252295120984 ) ) ;
#4561 = CARTESIAN_POINT ( 'NONE',  ( 6.660119941013655342, 0.6670193123558820769, 1.336331477518403421 ) ) ;
#4562 = ADVANCED_FACE ( 'NONE', ( #3474 ), #3038, .T. ) ;
#4563 = CARTESIAN_POINT ( 'NONE',  ( 9.508597487453414487, -11.80111646730530595, 4.323229674037726511 ) ) ;
#4564 = CARTESIAN_POINT ( 'NONE',  ( 7.654618441300970133, 4.189747934206261348, 2.346227454394145262 ) ) ;
#4565 = CARTESIAN_POINT ( 'NONE',  ( 4.800104448899795706, -4.117114242592756490, 1.389838101038298745 ) ) ;
#4566 = FACE_OUTER_BOUND ( 'NONE', #2914, .T. ) ;
#4567 = CARTESIAN_POINT ( 'NONE',  ( -0.1797167031456943509, -9.032448863848575371, 4.551074114149805006 ) ) ;
#4568 = CARTESIAN_POINT ( 'NONE',  ( 9.512481743842986504, 0.6643186199684070203, 3.080430289469213267 ) ) ;
#4569 = CARTESIAN_POINT ( 'NONE',  ( 2.100487658805605395, 4.548049874491061573, 2.531645428199395642 ) ) ;
#4570 = CARTESIAN_POINT ( 'NONE',  ( 3.973433039448082127, -0.3377150007884410776, 1.167942511861276067 ) ) ;
#4571 = CARTESIAN_POINT ( 'NONE',  ( 7.626972805612565409, 3.093098737864091952, 2.028396331101106842 ) ) ;
#4572 = CARTESIAN_POINT ( 'NONE',  ( 8.413945970451290890, 3.940566988439439200, 2.821328642428917455 ) ) ;
#4573 = CARTESIAN_POINT ( 'NONE',  ( 7.328859567674636644, 2.608805497081339908, 1.772708686576018211 ) ) ;
#4574 = CARTESIAN_POINT ( 'NONE',  ( 1.999949998751764157, -7.666234394174741062, 2.729425407855972097 ) ) ;
#4575 = CARTESIAN_POINT ( 'NONE',  ( 6.197119504948799928, 3.953487311576167063, 1.590300886380875633 ) ) ;
#4576 = CARTESIAN_POINT ( 'NONE',  ( 5.354440125188941302, -10.57716911833930773, 2.143923422241106103 ) ) ;
#4577 = CARTESIAN_POINT ( 'NONE',  ( 4.006964596336495710, -7.434942334864108382, 1.997029507551838723 ) ) ;
#4578 =( LENGTH_UNIT ( ) NAMED_UNIT ( * ) SI_UNIT ( .MILLI., .METRE. ) );
#4579 = CARTESIAN_POINT ( 'NONE',  ( 8.651983528794989553, 4.485524937974938453, 3.168179237481612898 ) ) ;
#4580 = CARTESIAN_POINT ( 'NONE',  ( 9.893512753259170012, 0.4354423829912856814, 3.448939248857972650 ) ) ;
#4581 = CARTESIAN_POINT ( 'NONE',  ( -0.6031233620481419866, -11.91650619464698657, 5.336187577460584031 ) ) ;
#4582 = EDGE_LOOP ( 'NONE', ( #192, #2338, #2232, #3748 ) ) ;
#4583 = CARTESIAN_POINT ( 'NONE',  ( 4.491107066398954295, -11.35302074277603346, 2.015250214932801764 ) ) ;
#4584 = CARTESIAN_POINT ( 'NONE',  ( 7.042078044627405831, 0.1681521623411175170, 1.469850417021731692 ) ) ;
#4585 = CARTESIAN_POINT ( 'NONE',  ( 4.349818380662123118, -11.17733908693382894, 2.078311019325631115 ) ) ;
#4586 = CARTESIAN_POINT ( 'NONE',  ( 7.516717866681905669, 3.793794046619558546, 2.144409457984714606 ) ) ;
#4587 = CARTESIAN_POINT ( 'NONE',  ( -0.7664440331360579117, -7.798538722678688195, 5.839254851051462580 ) ) ;
#4588 = CARTESIAN_POINT ( 'NONE',  ( 4.308411563322060545, -9.936803165950802708, 2.297147992777370362 ) ) ;
#4589 = CARTESIAN_POINT ( 'NONE',  ( 7.550493770873869970, 3.958877109404207673, 2.213413755327767074 ) ) ;
#4590 = CARTESIAN_POINT ( 'NONE',  ( 9.931246183705919606, -6.405054535181559316, 3.852117747219641064 ) ) ;
#4591 = CARTESIAN_POINT ( 'NONE',  ( 7.961003282509413026, 5.785254350291202385, 3.392282630801447763 ) ) ;
#4592 = B_SPLINE_CURVE_WITH_KNOTS ( 'NONE', 3,
 ( #2506, #2085, #3586, #4795, #3616, #5214, #1600, #4575, #5022, #1013, #4527, #3741 ),
 .UNSPECIFIED., .F., .F.,
 ( 4, 1, 1, 1, 1, 1, 1, 1, 1, 4 ),
 ( 0.1268056557068945600, 0.1428571428571418778, 0.2142857142857133579, 0.3571428571428563736, 0.4999999999999993894, 0.6428571428571423496, 0.7857142857142853654, 0.8571428571428569843, 0.9285714285714283811, 0.9999999999642825710 ),
 .UNSPECIFIED. ) ;
#4593 = CARTESIAN_POINT ( 'NONE',  ( 7.355218655108744841, 1.330184873559016268, 1.653923113392253175 ) ) ;
#4594 = CARTESIAN_POINT ( 'NONE',  ( 1.999949998749926516, -8.000050001250123444, 6.500000000000000888 ) ) ;
#4595 = EDGE_CURVE ( 'NONE', #1280, #3210, #2949, .T. ) ;
#4596 = CYLINDRICAL_SURFACE ( 'NONE', #4946, 2.999999999999995559 ) ;
#4597 = CARTESIAN_POINT ( 'NONE',  ( 2.600066193713054030, 5.308534628113703135, 2.619905383420884526 ) ) ;
#4598 = CARTESIAN_POINT ( 'NONE',  ( 9.543784006627882732, -2.554088280137395195, 2.926519517868709119 ) ) ;
#4599 = CARTESIAN_POINT ( 'NONE',  ( 7.617151623887846945, 3.093791491085156942, 2.022886334358631188 ) ) ;
#4600 = CARTESIAN_POINT ( 'NONE',  ( 2.597030856573608215, -9.980676909608014569, 2.784571643178956890 ) ) ;
#4601 = APPLICATION_PROTOCOL_DEFINITION ( 'draft international standard', 'automotive_design', 1998, #4158 ) ;
#4602 = CARTESIAN_POINT ( 'NONE',  ( 2.219333145842137256, 3.349307749406920998, 2.026310392799695936 ) ) ;
#4603 = CARTESIAN_POINT ( 'NONE',  ( 1.999949998749939839, -6.626903244115886160, 2.548535571448759196 ) ) ;
#4604 = EDGE_LOOP ( 'NONE', ( #4311, #4813, #1180, #2522 ) ) ;
#4605 = CARTESIAN_POINT ( 'NONE',  ( 7.955955153523954770, 4.167629299471564686, 2.527538025651135278 ) ) ;
#4606 = AXIS2_PLACEMENT_3D ( 'NONE', #3558, #3191, #54 ) ;
#4607 = CARTESIAN_POINT ( 'NONE',  ( 2.515590150333580688, -7.384298439932712732, 2.432946630082740036 ) ) ;
#4608 = FACE_OUTER_BOUND ( 'NONE', #3522, .T. ) ;
#4609 = CARTESIAN_POINT ( 'NONE',  ( 9.882783325440174238, 1.006968892386023162, 3.518968454888263597 ) ) ;
#4610 = ORIENTED_EDGE ( 'NONE', *, *, #98, .F. ) ;
#4611 = CARTESIAN_POINT ( 'NONE',  ( -0.6248717272363708553, -7.495136964178112038, 5.376766169400848838 ) ) ;
#4612 = ORIENTED_EDGE ( 'NONE', *, *, #1757, .T. ) ;
#4613 = ORIENTED_EDGE ( 'NONE', *, *, #2146, .F. ) ;
#4614 = CARTESIAN_POINT ( 'NONE',  ( 8.999949998749922742, -8.000050001250071929, 6.500000000000000888 ) ) ;
#4615 = DIRECTION ( 'NONE',  ( 0.000000000000000000, 0.000000000000000000, -1.000000000000000000 ) ) ;
#4616 = CARTESIAN_POINT ( 'NONE',  ( 2.256830091121004411, 0.5207463323120553600, 1.754691911103589685 ) ) ;
#4617 = CARTESIAN_POINT ( 'NONE',  ( 8.027023238786252790, 0.6518897178120763858, 1.987676168851640446 ) ) ;
#4618 = CARTESIAN_POINT ( 'NONE',  ( -0.7524033719121976382, -4.032962514040256075, 5.432472516494556203 ) ) ;
#4619 = CARTESIAN_POINT ( 'NONE',  ( 7.462241132342298577, 5.468952816293532138, 2.844400267020069872 ) ) ;
#4620 = CARTESIAN_POINT ( 'NONE',  ( 9.032238118297335916, -12.24642576919365844, 3.945181793723294472 ) ) ;
#4621 = CARTESIAN_POINT ( 'NONE',  ( 7.681611165603094982, 5.713511419289191373, 3.152528497104575056 ) ) ;
#4622 = CARTESIAN_POINT ( 'NONE',  ( 7.352513764556984910, 3.475511143031933869, 1.964419272910613135 ) ) ;
#4623 = CARTESIAN_POINT ( 'NONE',  ( 7.590844591265972774, 3.387464133574824565, 2.076894438721045510 ) ) ;
#4624 = CARTESIAN_POINT ( 'NONE',  ( 1.442980896222499032, -11.08223112646364328, 3.031986150302946381 ) ) ;
#4625 = EDGE_CURVE ( 'NONE', #2211, #99, #637, .T. ) ;
#4626 = CARTESIAN_POINT ( 'NONE',  ( 2.222042169379233378, 4.109445723284727237, 2.275715077287611798 ) ) ;
#4627 = CARTESIAN_POINT ( 'NONE',  ( 5.584989150545983883, -2.734651616850186429, 1.265135169232202150 ) ) ;
#4628 = CARTESIAN_POINT ( 'NONE',  ( 7.492949312598342182, 0.6773896639444276779, 1.696355267399773048 ) ) ;
#4629 = CARTESIAN_POINT ( 'NONE',  ( 8.391450165398186556, 3.773050861349908303, 2.702942236833213219 ) ) ;
#4630 = CARTESIAN_POINT ( 'NONE',  ( 2.528591032657463877, -10.49926045190457913, 2.930047113919813206 ) ) ;
#4631 = CARTESIAN_POINT ( 'NONE',  ( 7.371762127786951169, 0.8142455085365096767, 1.642260482894980944 ) ) ;
#4632 = CARTESIAN_POINT ( 'NONE',  ( 8.012074601381002026, 4.555371725981887998, 2.707973120454774119 ) ) ;
#4633 = CARTESIAN_POINT ( 'NONE',  ( 9.812347309768039594, 1.917178167769484354, 3.603206481239487502 ) ) ;
#4634 = ORIENTED_EDGE ( 'NONE', *, *, #1699, .F. ) ;
#4635 = B_SPLINE_SURFACE_WITH_KNOTS ( 'NONE', 3, 3, ( 
 ( #886, #913, #2899, #488, #2081, #3691, #2501, #1801, #2574, #4184, #2553, #1727, #1774, #2130 ),
 ( #135, #4161, #3348, #2153, #4995, #1704, #1749, #3372, #4571, #4227, #3323, #2200, #1366, #2224 ),
 ( #1322, #2973, #1348, #1035, #2996, #2924, #4926, #3811, #2530, #4523, #3396, #642, #208, #589 ),
 ( #4549, #3420, #564, #107, #2951, #3763, #1389, #2623, #4599, #940, #158, #4139, #4972, #5018 ),
 ( #543, #984, #3738, #2176, #4949, #962, #3786, #183, #1007, #1413, #3023, #2599, #4203, #612 ),
 ( #4628, #335, #5118, #1483, #3444, #4356, #252, #4757, #3045, #3065, #2326, #2669, #5092, #4674 ),
 ( #3095, #4327, #4698, #3834, #1510, #4276, #5043, #3908, #2698, #1080, #2727, #4251, #2754, #769 ),
 ( #1926, #5066, #1825, #305, #3492, #1059, #4302, #690, #4651, #2272, #231, #1129, #1156, #1103 ),
 ( #3882, #1437, #714, #3123, #1459, #279, #2647, #2249, #1872, #4730, #668, #2298, #1899, #1538 ),
 ( #3520, #741, #3858, #1849, #3468, #3938, #3548, #5145, #3153, #1646, #2045, #3686, #3995, #3265 ) ),
 .UNSPECIFIED., .F., .F., .F.,
 ( 4, 3, 3, 4 ),
 ( 4, 3, 1, 1, 1, 1, 3, 4 ),
 ( -0.05000000000000000278, 0.000000000000000000, 1.000000000000000000, 1.050000000000000044 ),
 ( -0.3500000000000000333, 0.000000000000000000, 1.000000000000000000, 3.000000000000000000, 5.000000000000000000, 6.000000000000000000, 7.000000000000000000, 7.349999999999999645 ),
 .UNSPECIFIED. ) ;
#4636 = CARTESIAN_POINT ( 'NONE',  ( -0.5902215149732187305, -10.83222783663015321, 5.497608458134648934 ) ) ;
#4637 = ORIENTED_EDGE ( 'NONE', *, *, #814, .F. ) ;
#4638 = CARTESIAN_POINT ( 'NONE',  ( 6.895565951203552757, -10.97366996559648378, 2.320980261806016909 ) ) ;
#4639 = CARTESIAN_POINT ( 'NONE',  ( 7.040134256869744256, 0.2332509438195684570, 1.468629704309580619 ) ) ;
#4640 = DIRECTION ( 'NONE',  ( 0.000000000000000000, 0.000000000000000000, -1.000000000000000000 ) ) ;
#4641 = CARTESIAN_POINT ( 'NONE',  ( 7.960309193755621848, 0.6527203404616266358, 1.948186974980500530 ) ) ;
#4642 = CARTESIAN_POINT ( 'NONE',  ( 2.065307869159021426, 0.7701565859170034223, 1.855911719513140490 ) ) ;
#4643 = CARTESIAN_POINT ( 'NONE',  ( 7.802813501894393156, 5.224670441175193858, 2.909799154426866874 ) ) ;
#4644 = CARTESIAN_POINT ( 'NONE',  ( 9.559542088786395553, -9.574017988249334365, 4.023480933002575810 ) ) ;
#4645 = CARTESIAN_POINT ( 'NONE',  ( 8.098454955417514256, 5.755603887219795212, 3.461805105751803779 ) ) ;
#4646 = CARTESIAN_POINT ( 'NONE',  ( 5.803098900573298913, -10.98469415815106665, 6.500000000000000888 ) ) ;
#4647 = CARTESIAN_POINT ( 'NONE',  ( 0.5385818261706352139, -7.895312088783079219, 3.639315950835163349 ) ) ;
#4648 = B_SPLINE_CURVE_WITH_KNOTS ( 'NONE', 3,
 ( #4719, #2377, #3088, #1504 ),
 .UNSPECIFIED., .F., .F.,
 ( 4, 4 ),
 ( 0.000000000000000000, 1.000000000000000000 ),
 .UNSPECIFIED. ) ;
#4649 = CARTESIAN_POINT ( 'NONE',  ( 2.318849153332563251, 5.692078803660183262, 3.045090550451835743 ) ) ;
#4650 = CARTESIAN_POINT ( 'NONE',  ( 6.351059445480974119, -1.932668912721952070, 1.320838450081525783 ) ) ;
#4651 = CARTESIAN_POINT ( 'NONE',  ( 7.311391489870079141, 3.115079226592154527, 1.857752419905052799 ) ) ;
#4652 = CARTESIAN_POINT ( 'NONE',  ( 2.395807657329079632, -11.02996099237735272, 2.581723649345760929 ) ) ;
#4653 = CARTESIAN_POINT ( 'NONE',  ( 8.088973807268210692, 4.158230923612283192, 2.610776816436618741 ) ) ;
#4654 = CARTESIAN_POINT ( 'NONE',  ( 6.380669118853866451, -4.038604686282642575, 1.474328903839092986 ) ) ;
#4655 = FACE_OUTER_BOUND ( 'NONE', #5196, .T. ) ;
#4656 = B_SPLINE_CURVE_WITH_KNOTS ( 'NONE', 3,
 ( #3744, #141, #1731, #3354 ),
 .UNSPECIFIED., .F., .F.,
 ( 4, 4 ),
 ( 0.000000000000000000, 0.0005461582449887866742 ),
 .UNSPECIFIED. ) ;
#4657 = CARTESIAN_POINT ( 'NONE',  ( 10.24425060498607465, 3.951873753905349673, 6.709888928895499483 ) ) ;
#4658 = CARTESIAN_POINT ( 'NONE',  ( 9.503829221703480101, 3.796722852143635585, 3.773543491629172575 ) ) ;
#4659 = EDGE_CURVE ( 'NONE', #1910, #3164, #2367, .T. ) ;
#4660 = ORIENTED_EDGE ( 'NONE', *, *, #2961, .F. ) ;
#4661 = CARTESIAN_POINT ( 'NONE',  ( 8.934565186305594153, 0.5404985801469863738, 2.568407865438556481 ) ) ;
#4662 = CARTESIAN_POINT ( 'NONE',  ( 10.68024554479717381, -11.45581471667186868, 5.780985357357352861 ) ) ;
#4663 = CARTESIAN_POINT ( 'NONE',  ( 2.254567763239265776, 0.2534046299250969358, 1.760392204028930818 ) ) ;
#4664 = CARTESIAN_POINT ( 'NONE',  ( 8.460706953967598309, 3.868455316479408435, 2.833043336838835913 ) ) ;
#4665 = CARTESIAN_POINT ( 'NONE',  ( 6.636343299023263143, -11.25140772680530965, 2.226420562307954487 ) ) ;
#4666 = CARTESIAN_POINT ( 'NONE',  ( -0.6513605537408484469, -5.506279948279485303, 5.167599033772647843 ) ) ;
#4667 = CARTESIAN_POINT ( 'NONE',  ( 7.773773515009959389, 5.445867531467057709, 3.032275615160926918 ) ) ;
#4668 = CARTESIAN_POINT ( 'NONE',  ( 9.031206648657708058, -12.37756101986928137, 3.959485958412141571 ) ) ;
#4669 = CARTESIAN_POINT ( 'NONE',  ( 7.664767573528568079, 4.898212544364399790, 2.635308549652328747 ) ) ;
#4670 = CARTESIAN_POINT ( 'NONE',  ( 5.849362917041005971, -11.44017734737104242, 6.499999999999952038 ) ) ;
#4671 = CARTESIAN_POINT ( 'NONE',  ( 0.5663094958161634107, -9.071271942621139672, 3.784746072153424734 ) ) ;
#4672 = CARTESIAN_POINT ( 'NONE',  ( 2.452185287074897690, 6.226912950098334676, 3.398750213070536486 ) ) ;
#4673 = CARTESIAN_POINT ( 'NONE',  ( 10.02449660461884839, -2.493123534420327303, 3.382613351373444210 ) ) ;
#4674 = CARTESIAN_POINT ( 'NONE',  ( 7.496544449438514945, 3.563653201535537995, 2.066052497431614121 ) ) ;
#4675 = CARTESIAN_POINT ( 'NONE',  ( 2.161622204619997767, 3.051410077245614083, 2.015985412154271295 ) ) ;
#4676 = B_SPLINE_SURFACE_WITH_KNOTS ( 'NONE', 3, 3, ( 
 ( #2212, #3844, #216, #1812, #5031, #971, #3033, #4239, #4638, #1355, #655, #240, #2962, #1836, #3453, #5052, #3054, #4172, #4557, #2561 ),
 ( #4662, #1067, #1494, #780, #1112, #2258, #3506, #2710, #347, #2282, #3867, #1142, #3892, #4312, #3533, #5158, #4710, #5077, #4340, #1967 ),
 ( #1089, #2738, #5103, #2339, #3947, #4740, #3587, #264, #1936, #754, #1469, #1193, #726, #4368, #4686, #4287, #2310, #3560, #3107, #1548 ),
 ( #2680, #1859, #3921, #3978, #2368, #3079, #5183, #319, #700, #3165, #1522, #290, #4767, #1168, #376, #2767, #4797, #1574, #3479, #1911 ),
 ( #5129, #3192, #3136, #1883, #2791, #4397, #3670, #2395, #2930, #808, #4422, #5216, #2904, #3719, #865, #464, #4094, #2423, #405, #834 ),
 ( #1303, #4006, #112, #522, #1685, #1276, #1602, #2001, #2508, #3278, #4878, #3247, #4036, #2482, #2818, #3618, #433, #4851, #2028, #2849 ),
 ( #3221, #2452, #4065, #57, #4931, #4821, #4500, #2058, #1220, #3644, #28, #1658, #1628, #1708, #3697, #1248, #4447, #920, #2876, #1327 ),
 ( #4476, #3329, #892, #495, #4120, #4907, #2087, #88, #3304, #2111, #3027, #4209, #2579, #4955, #3402, #2557, #3743, #1041, #619, #2182 ) ),
 .UNSPECIFIED., .F., .F., .F.,
 ( 4, 2, 1, 1, 4 ),
 ( 4, 2, 1, 1, 1, 1, 1, 1, 1, 1, 1, 1, 1, 1, 2, 4 ),
 ( -0.9013411963405427718, 0.000000000000000000, 2.802516837776444447, 4.904404466108777783, 7.006292094441111118 ),
 ( -0.6858056661279645638, 0.000000000000000000, 2.666666666666666519, 5.333333333333333037, 8.000000000000000000, 10.66666666666666607, 13.33333333333333215, 16.10256410256412707, 19.89743589743591201, 22.66666666666666430, 25.33333333333333215, 28.00000000000000000, 30.66666666666666430, 33.33333333333332860, 36.00000000000000000, 36.67723641466044171 ),
 .UNSPECIFIED. ) ;
#4677 = CARTESIAN_POINT ( 'NONE',  ( 2.147401992222516043, -3.844016379564330066, 2.118024718950045404 ) ) ;
#4678 = CARTESIAN_POINT ( 'NONE',  ( 7.840671260459453507, 4.883531171824384565, 2.744582355893834702 ) ) ;
#4679 =( BOUNDED_SURFACE ( )  B_SPLINE_SURFACE ( 3, 2, ( 
 ( #328, #2348, #2291 ),
 ( #5166, #3570, #1556 ),
 ( #357, #3116, #3958 ),
 ( #707, #3486, #1920 ) ),
 .UNSPECIFIED., .F., .F., .T. ) 
 B_SPLINE_SURFACE_WITH_KNOTS ( ( 4, 4 ),
 ( 3, 3 ),
 ( 0.000000000000000000, 0.0003599765146518099082 ),
 ( 0.000000000000000000, 1.000000000000000000 ),
 .UNSPECIFIED. ) 
 GEOMETRIC_REPRESENTATION_ITEM ( )  RATIONAL_B_SPLINE_SURFACE ( (
 ( 1.000000000000000000, 0.8968906844278675683, 1.000000000000000000),
 ( 1.000000000000000000, 0.8960831614740442097, 1.000000000000000000),
 ( 1.000000000000000000, 0.8952987693640819256, 1.000000000000000000),
 ( 1.000000000000000000, 0.8945120621661122318, 1.000000000000000000) ) ) 
 REPRESENTATION_ITEM ( '' )  SURFACE ( )  );
#4680 = CARTESIAN_POINT ( 'NONE',  ( 3.962182709195433361, -12.50349998470748325, 2.713991634355201299 ) ) ;
#4681 = CARTESIAN_POINT ( 'NONE',  ( 10.03678709859210194, 4.268087624144961900, 4.758833432614467007 ) ) ;
#4682 = DIRECTION ( 'NONE',  ( -5.556666238248908485E-14, -0.9984276230807627162, 0.05605605649078747310 ) ) ;
#4683 = CIRCLE ( 'NONE', #3085, 0.09999999999999976963 ) ;
#4684 = ORIENTED_EDGE ( 'NONE', *, *, #64, .F. ) ;
#4685 = EDGE_CURVE ( 'NONE', #3963, #2707, #2514, .T. ) ;
#4686 = CARTESIAN_POINT ( 'NONE',  ( 0.5984226095306910409, -11.25742879868293933, 3.544252932635408193 ) ) ;
#4687 = CARTESIAN_POINT ( 'NONE',  ( 2.138377339647057340, 0.1251976944889598986, 1.825274980627302090 ) ) ;
#4688 = CARTESIAN_POINT ( 'NONE',  ( 2.057636597750132079, -8.016292594455908471, 2.765673406946348223 ) ) ;
#4689 = CARTESIAN_POINT ( 'NONE',  ( 8.613091887876819897, 2.030567143394057528, 2.491294408717849684 ) ) ;
#4690 = CARTESIAN_POINT ( 'NONE',  ( -0.6434134967317240994, -4.725921444341779853, 5.091593780230545541 ) ) ;
#4691 = CARTESIAN_POINT ( 'NONE',  ( 7.919485696751698001, 3.745003766338933282, 2.371438973935725780 ) ) ;
#4692 = CARTESIAN_POINT ( 'NONE',  ( 10.08793775747069255, -12.10257535200340229, 5.066386268059700271 ) ) ;
#4693 = DIRECTION ( 'NONE',  ( 0.000000000000000000, 0.000000000000000000, 1.000000000000000000 ) ) ;
#4694 = CARTESIAN_POINT ( 'NONE',  ( 5.879163168417004925, -11.47950162022067389, 2.000526572237091738 ) ) ;
#4695 = CARTESIAN_POINT ( 'NONE',  ( 7.379285920776801788, 3.485177035026321146, 1.977792246930444309 ) ) ;
#4696 = CARTESIAN_POINT ( 'NONE',  ( 4.868091068677866673, 5.170759699181376234, 1.904156403630073102 ) ) ;
#4697 = CARTESIAN_POINT ( 'NONE',  ( 9.140572572298749421, -3.244644511491479033, 2.644744948476305701 ) ) ;
#4698 = CARTESIAN_POINT ( 'NONE',  ( 7.373252268009646393, 0.7690825458295524886, 1.641538201089500992 ) ) ;
#4699 = CARTESIAN_POINT ( 'NONE',  ( 7.753535523632920423, 5.508297345198226225, 3.060164770668143408 ) ) ;
#4700 = B_SPLINE_CURVE_WITH_KNOTS ( 'NONE', 3,
 ( #299, #329, #1203, #1532 ),
 .UNSPECIFIED., .F., .F.,
 ( 4, 4 ),
 ( 0.000000000000000000, 1.000000000000000000 ),
 .UNSPECIFIED. ) ;
#4701 = CARTESIAN_POINT ( 'NONE',  ( 7.880398682293229484, -3.848661018865040528, 1.966345920623858490 ) ) ;
#4702 = ORIENTED_EDGE ( 'NONE', *, *, #221, .T. ) ;
#4703 = CARTESIAN_POINT ( 'NONE',  ( 8.188637810585246868, 4.856672493755986864, 2.976248265242058544 ) ) ;
#4704 = CARTESIAN_POINT ( 'NONE',  ( 5.590943761369881138, -5.102812150736296459, 1.492335759799814587 ) ) ;
#4705 = CARTESIAN_POINT ( 'NONE',  ( 7.716534701895694681, 0.8087651555216957000, 1.819454776797106099 ) ) ;
#4706 = CARTESIAN_POINT ( 'NONE',  ( 10.37541109408579842, 4.045523861111149699, 5.937996769743887349 ) ) ;
#4707 = CARTESIAN_POINT ( 'NONE',  ( 2.743858053000892472, 4.157253226526637313, 2.027760162137844713 ) ) ;
#4708 = ORIENTED_EDGE ( 'NONE', *, *, #4716, .T. ) ;
#4709 = EDGE_LOOP ( 'NONE', ( #3530, #169, #71, #4759 ) ) ;
#4710 = CARTESIAN_POINT ( 'NONE',  ( -0.4342871557207784727, -11.35324614607055516, 4.932194599632370391 ) ) ;
#4711 = CARTESIAN_POINT ( 'NONE',  ( 9.664102007711658615, 0.04318708187436848256, 3.152515576153768873 ) ) ;
#4712 = CARTESIAN_POINT ( 'NONE',  ( 8.959980364622063931, 0.4237416678966599015, 2.589959702242109696 ) ) ;
#4713 = CARTESIAN_POINT ( 'NONE',  ( 7.790868090451791517, 3.557960925002850772, 2.238870703592117817 ) ) ;
#4714 = CARTESIAN_POINT ( 'NONE',  ( 8.123481380168145805, 1.556628229360007554, 2.106224106859034606 ) ) ;
#4715 = CARTESIAN_POINT ( 'NONE',  ( -0.6128579612153413070, -11.59269560483888739, 5.980519531464861593 ) ) ;
#4716 = EDGE_CURVE ( 'NONE', #3841, #2263, #373, .T. ) ;
#4717 = CARTESIAN_POINT ( 'NONE',  ( 7.768872635329788778, 5.446220485470720796, 3.029217234369037559 ) ) ;
#4718 = CARTESIAN_POINT ( 'NONE',  ( 10.55439831005492834, -3.311714337724813717, 4.021154558685662295 ) ) ;
#4719 = CARTESIAN_POINT ( 'NONE',  ( 8.029729802737206157, 3.797167409194806886, 2.459180196979849686 ) ) ;
#4720 = CARTESIAN_POINT ( 'NONE',  ( 2.172805096231307687, 2.136670179225308441, 1.843191710666787220 ) ) ;
#4721 = AXIS2_PLACEMENT_3D ( 'NONE', #4023, #4081, #4384 ) ;
#4722 = CARTESIAN_POINT ( 'NONE',  ( 2.846819355588975142, 1.035255040746946298, 1.471670302660568419 ) ) ;
#4723 = CARTESIAN_POINT ( 'NONE',  ( 7.988266502473827302, -8.600562644364968534, 2.812449983726780012 ) ) ;
#4724 = ADVANCED_FACE ( 'NONE', ( #50 ), #4635, .T. ) ;
#4725 = CARTESIAN_POINT ( 'NONE',  ( 0.5623428778828293284, -9.929454096817918796, 3.778443403641191356 ) ) ;
#4726 = EDGE_LOOP ( 'NONE', ( #2540, #4130, #1817, #3008 ) ) ;
#4727 = VECTOR ( 'NONE', #4134, 1000.000000000000000 ) ;
#4728 = CARTESIAN_POINT ( 'NONE',  ( 3.373953191694565312, 4.502769971618053368, 1.859833263493156474 ) ) ;
#4729 = CARTESIAN_POINT ( 'NONE',  ( 4.013237670766479859, -3.381840632909222322, 1.435847588956008281 ) ) ;
#4730 = CARTESIAN_POINT ( 'NONE',  ( 7.305554911559732467, 3.365320044482644768, 1.910739112210364521 ) ) ;
#4731 = CARTESIAN_POINT ( 'NONE',  ( 7.941751115839213782, 5.607741557160816903, 3.257235228604908883 ) ) ;
#4732 = EDGE_LOOP ( 'NONE', ( #2071, #2709, #3939, #1609, #2631, #3905, #4796, #4637, #2422, #1185, #3934 ) ) ;
#4733 = CARTESIAN_POINT ( 'NONE',  ( 8.408802983063825565, 0.4227520007204776942, 2.199631350503358007 ) ) ;
#4734 = CARTESIAN_POINT ( 'NONE',  ( 10.05402195371092944, -7.760833415396406920, 4.283110312023519661 ) ) ;
#4735 = CARTESIAN_POINT ( 'NONE',  ( 7.146095949965028282, -3.594494320132507248, 1.636955715187644600 ) ) ;
#4736 = CARTESIAN_POINT ( 'NONE',  ( 8.964065753086901012, 2.011869856251788491, 2.773285453012064306 ) ) ;
#4737 = CARTESIAN_POINT ( 'NONE',  ( 10.24031853047286589, 3.847445845257924102, 6.801018915300216960 ) ) ;
#4738 = CARTESIAN_POINT ( 'NONE',  ( 1.999949998749942504, -8.000050001250119891, 2.854812367349642610 ) ) ;
#4739 = VERTEX_POINT ( 'NONE', #4490 ) ;
#4740 = CARTESIAN_POINT ( 'NONE',  ( 9.539367192932388662, -11.32940621718103813, 3.808005367103323380 ) ) ;
#4741 = CARTESIAN_POINT ( 'NONE',  ( 9.909715571461186201, 0.2574740761442095849, 3.443275588287765476 ) ) ;
#4742 = CARTESIAN_POINT ( 'NONE',  ( 2.138377339648356745, 0.1251976946620159126, 1.825274980622089149 ) ) ;
#4743 = CARTESIAN_POINT ( 'NONE',  ( 7.845268069450739290, 3.427878458988509180, 2.238551050572548551 ) ) ;
#4744 = CARTESIAN_POINT ( 'NONE',  ( 8.659247362244204993, 3.899676209724339593, 2.949202379732181800 ) ) ;
#4745 = CARTESIAN_POINT ( 'NONE',  ( -0.5241615228250423586, -3.160699006491657137, 4.633571866292853336 ) ) ;
#4746 = VERTEX_POINT ( 'NONE', #43 ) ;
#4747 = CARTESIAN_POINT ( 'NONE',  ( 7.660852788736942642, 2.346732718844335430, 1.919097435735444446 ) ) ;
#4748 = CARTESIAN_POINT ( 'NONE',  ( 7.753535523632920423, 5.508297345198226225, 3.060164770668143408 ) ) ;
#4749 = CARTESIAN_POINT ( 'NONE',  ( 10.11793744243198034, -11.05934809813283159, 4.916731561408446360 ) ) ;
#4750 = LINE ( 'NONE', #272, #1416 ) ;
#4751 = CARTESIAN_POINT ( 'NONE',  ( 1.929531380034758881, 1.339198535480423669, 1.938439229489759441 ) ) ;
#4752 = CARTESIAN_POINT ( 'NONE',  ( 2.269661758870413770, 1.458956496876162579, 1.754337618018258382 ) ) ;
#4753 = ORIENTED_EDGE ( 'NONE', *, *, #4951, .F. ) ;
#4754 = CARTESIAN_POINT ( 'NONE',  ( 2.861933902843088795, 4.008046027987433035, 1.888484025279226319 ) ) ;
#4755 = ADVANCED_FACE ( 'NONE', ( #394 ), #2837, .T. ) ;
#4756 = CARTESIAN_POINT ( 'NONE',  ( 10.12941219012064309, -3.528144916187359037, 3.562549072579335174 ) ) ;
#4757 = CARTESIAN_POINT ( 'NONE',  ( 7.440061324459141368, 2.602444637316875031, 1.828591872370404658 ) ) ;
#4758 = CARTESIAN_POINT ( 'NONE',  ( 7.956413033666630774, 5.609087256372324859, 3.268601002945823897 ) ) ;
#4759 = ORIENTED_EDGE ( 'NONE', *, *, #390, .F. ) ;
#4760 = CARTESIAN_POINT ( 'NONE',  ( 7.465278648384407134, 3.683095997847149583, 2.082657709365620669 ) ) ;
#4761 = CARTESIAN_POINT ( 'NONE',  ( 10.02016644730016992, -10.76348122154577247, 4.487562048906839074 ) ) ;
#4762 = CARTESIAN_POINT ( 'NONE',  ( 4.798216958078391770, -5.104374403825634232, 1.492492949061680063 ) ) ;
#4763 = CARTESIAN_POINT ( 'NONE',  ( 7.507118467953457497, 4.815308873510476317, 2.508610680815374749 ) ) ;
#4764 = CARTESIAN_POINT ( 'NONE',  ( 10.43775540981772565, 3.795966398656314134, 6.263561682494049876 ) ) ;
#4765 = CARTESIAN_POINT ( 'NONE',  ( 2.870050727146828073, 4.284998177309401690, 1.987041142682267614 ) ) ;
#4766 = CARTESIAN_POINT ( 'NONE',  ( 7.545392965625189241, 3.756228015423773492, 2.150090529003884754 ) ) ;
#4767 = CARTESIAN_POINT ( 'NONE',  ( 2.383705721377485265, -11.44773314845454237, 2.474299749702920881 ) ) ;
#4768 = CARTESIAN_POINT ( 'NONE',  ( 7.755316999158802460, 0.04137357062591884294, 1.803306690046831973 ) ) ;
#4769 = CARTESIAN_POINT ( 'NONE',  ( 2.282736107893366562, -9.221643481137965281, 2.836159265856128986 ) ) ;
#4770 = CARTESIAN_POINT ( 'NONE',  ( 7.830734856341728722, 3.439490226575442122, 2.232662772841740750 ) ) ;
#4771 = CARTESIAN_POINT ( 'NONE',  ( 7.727249885510239835, 3.920106817388357978, 2.305112978106929056 ) ) ;
#4772 = CARTESIAN_POINT ( 'NONE',  ( -0.5290473076266198893, -3.590037434197446142, 4.668562522353380650 ) ) ;
#4773 = CARTESIAN_POINT ( 'NONE',  ( 5.159562134856632731, -11.14836921630624289, 3.413194444444445974 ) ) ;
#4774 = CARTESIAN_POINT ( 'NONE',  ( 2.139385358406749482, 0.2586171038126694466, 1.821262109899977277 ) ) ;
#4775 = CARTESIAN_POINT ( 'NONE',  ( 10.30751313692578819, -8.683847217282576025, 4.750556838224647471 ) ) ;
#4776 = CARTESIAN_POINT ( 'NONE',  ( 8.057673720992770683, 3.477520672889033992, 2.362002787203884235 ) ) ;
#4777 = CARTESIAN_POINT ( 'NONE',  ( 8.999949998749933400, 0.5688192311182893590, 2.681556182915068920 ) ) ;
#4778 = CARTESIAN_POINT ( 'NONE',  ( 2.497355829660753201, 1.450061889548104332, 1.634202110866897151 ) ) ;
#4779 = DIRECTION ( 'NONE',  ( -0.000000000000000000, -0.000000000000000000, 1.000000000000000000 ) ) ;
#4780 = ORIENTED_EDGE ( 'NONE', *, *, #315, .T. ) ;
#4781 = CARTESIAN_POINT ( 'NONE',  ( 4.788044616604994808, 4.184239800337163473, 1.457366493094464976 ) ) ;
#4782 = CARTESIAN_POINT ( 'NONE',  ( 9.856714325746681382, -3.564151691537703392, 3.273275202919210702 ) ) ;
#4783 = CARTESIAN_POINT ( 'NONE',  ( 2.743789133539442648, 4.157165186512202126, 2.005787951965130489 ) ) ;
#4784 = ADVANCED_FACE ( 'NONE', ( #2890 ), #2322, .T. ) ;
#4785 = ORIENTED_EDGE ( 'NONE', *, *, #3073, .F. ) ;
#4786 = CARTESIAN_POINT ( 'NONE',  ( 8.957776722962309535, -6.610357618775987376, 3.029471487241215844 ) ) ;
#4787 = FACE_OUTER_BOUND ( 'NONE', #4709, .T. ) ;
#4788 = CARTESIAN_POINT ( 'NONE',  ( 8.999949998749933400, 0.3529327043762581773, 2.664885468664281110 ) ) ;
#4789 = CARTESIAN_POINT ( 'NONE',  ( 8.427107334207047273, -9.670668816431831516, 3.215955529288437642 ) ) ;
#4790 = CARTESIAN_POINT ( 'NONE',  ( 2.055615239538205241, -1.873116536245356567, 1.966001525281983575 ) ) ;
#4791 = CARTESIAN_POINT ( 'NONE',  ( 8.115982566453849856, 4.394925469340227764, 2.716737081691021238 ) ) ;
#4792 = CARTESIAN_POINT ( 'NONE',  ( 2.068421995601882113, -8.324862641876926261, 2.816493665601981000 ) ) ;
#4793 = EDGE_CURVE ( 'NONE', #2465, #5215, #1563, .T. ) ;
#4794 = CARTESIAN_POINT ( 'NONE',  ( 4.629414250309920043, -11.28671510598605643, 2.127007381623181814 ) ) ;
#4795 = CARTESIAN_POINT ( 'NONE',  ( 3.361471505497874102, 4.109669552783503654, 1.715509982954258605 ) ) ;
#4796 = ORIENTED_EDGE ( 'NONE', *, *, #4823, .F. ) ;
#4797 = CARTESIAN_POINT ( 'NONE',  ( -0.4429638235360147669, -11.83551804201848867, 4.851395994531000788 ) ) ;
#4798 = CARTESIAN_POINT ( 'NONE',  ( 2.422698916957141790, -9.700328514834609450, 2.789116510614312983 ) ) ;
#4799 = CARTESIAN_POINT ( 'NONE',  ( 7.838213308670065160, 3.421895126543756049, 2.232688122283222221 ) ) ;
#4800 = CARTESIAN_POINT ( 'NONE',  ( 8.142932949435806478, 1.178528169865050712, 2.087524150563914382 ) ) ;
#4801 = CARTESIAN_POINT ( 'NONE',  ( -0.5492742652065986109, -11.61739966907904176, 5.785549116352782129 ) ) ;
#4802 = CARTESIAN_POINT ( 'NONE',  ( 8.814578981944173108, -9.171642022371283787, 3.418830072958835231 ) ) ;
#4803 = CARTESIAN_POINT ( 'NONE',  ( 2.161360904792169357, 3.050579744048459219, 2.049937577315501525 ) ) ;
#4804 = CARTESIAN_POINT ( 'NONE',  ( 8.090119791859532228, 4.364354054810318573, 2.738633970133121487 ) ) ;
#4805 = CARTESIAN_POINT ( 'NONE',  ( 8.030760786695095632, 3.549138897272291260, 2.368218344882114579 ) ) ;
#4806 = CARTESIAN_POINT ( 'NONE',  ( 4.603810257708760290, -11.38338172671346449, 2.127007381623184923 ) ) ;
#4807 = CARTESIAN_POINT ( 'NONE',  ( 3.958391334330461309, 1.003436304206600793, 1.107007193254947230 ) ) ;
#4808 = ORIENTED_EDGE ( 'NONE', *, *, #5136, .F. ) ;
#4809 = CARTESIAN_POINT ( 'NONE',  ( 3.359479067807400465, 4.030725780027805349, 1.688071208496731757 ) ) ;
#4810 = CARTESIAN_POINT ( 'NONE',  ( 10.04021124480982508, -3.670981490563884897, 3.477327051245354461 ) ) ;
#4811 = CARTESIAN_POINT ( 'NONE',  ( 4.566603836818677209, 5.380523559216483953, 2.116084063993513453 ) ) ;
#4812 = CARTESIAN_POINT ( 'NONE',  ( 8.460672665740236909, 3.868512725479358316, 2.833034878818912361 ) ) ;
#4813 = ORIENTED_EDGE ( 'NONE', *, *, #1699, .T. ) ;
#4814 = CARTESIAN_POINT ( 'NONE',  ( 8.391379913791737977, 3.681729555528256981, 2.674847317635913768 ) ) ;
#4815 = CARTESIAN_POINT ( 'NONE',  ( 9.949367789900167125, -11.57967525560038524, 4.313501312645208863 ) ) ;
#4816 = CARTESIAN_POINT ( 'NONE',  ( 8.960500313141670503, 0.6447527688986949279, 2.607969747577528974 ) ) ;
#4817 = CARTESIAN_POINT ( 'NONE',  ( 8.375470469890494485, 3.774084382524439896, 2.691438559308760414 ) ) ;
#4818 = CARTESIAN_POINT ( 'NONE',  ( 3.362799797291562420, 4.162298734620456742, 1.733802499259288421 ) ) ;
#4819 = CARTESIAN_POINT ( 'NONE',  ( 7.496979597357556813, 5.615544582093651371, 2.965044966310198760 ) ) ;
#4820 = VERTEX_POINT ( 'NONE', #5015 ) ;
#4821 = CARTESIAN_POINT ( 'NONE',  ( 9.522401398399015449, -13.20547351397086189, 3.325809219051526266 ) ) ;
#4822 = CARTESIAN_POINT ( 'NONE',  ( 2.108365012525325266, -8.615255521438355046, 2.848380247317077618 ) ) ;
#4823 = EDGE_CURVE ( 'NONE', #1167, #2656, #1320, .T. ) ;
#4824 = CARTESIAN_POINT ( 'NONE',  ( 7.962095697806344852, 4.163877332084308769, 2.533164434429597822 ) ) ;
#4825 = CARTESIAN_POINT ( 'NONE',  ( 8.743680075493136528, 3.382474665482526621, 2.862912638846976332 ) ) ;
#4826 = CARTESIAN_POINT ( 'NONE',  ( -0.5672219949330106203, -3.706953164987980553, 4.803996360025564627 ) ) ;
#4827 = CARTESIAN_POINT ( 'NONE',  ( 8.504798517860869822, 3.794632526997326671, 2.843916905026509401 ) ) ;
#4828 = CARTESIAN_POINT ( 'NONE',  ( 6.001362110242044245, -10.95784851986692310, 6.499999975387397377 ) ) ;
#4829 = CARTESIAN_POINT ( 'NONE',  ( 7.507166337816423507, 4.815274915695860969, 2.508623144484582568 ) ) ;
#4830 = CARTESIAN_POINT ( 'NONE',  ( 2.001043269878039155, 2.362903748795261549, 2.027682008867823793 ) ) ;
#4831 = CARTESIAN_POINT ( 'NONE',  ( 4.741669613944548445, 0.5838844768979167821, 1.022945351863969732 ) ) ;
#4832 = CARTESIAN_POINT ( 'NONE',  ( 1.800741170450119055, 0.5414360947803009694, 2.003145875086626226 ) ) ;
#4833 = CARTESIAN_POINT ( 'NONE',  ( 3.329197522469445225, 1.426013660901725988, 1.282565469458045282 ) ) ;
#4834 = CARTESIAN_POINT ( 'NONE',  ( 8.387331905195253512, -10.65767310941537183, 3.030990181165529762 ) ) ;
#4835 = CARTESIAN_POINT ( 'NONE',  ( 2.194630124181537578, 2.706243982850395469, 1.904897913331541570 ) ) ;
#4836 = EDGE_LOOP ( 'NONE', ( #3607, #139, #1684, #2679 ) ) ;
#4837 = CARTESIAN_POINT ( 'NONE',  ( 6.840797750498231800, 6.002985436295876553, 2.869081138849580714 ) ) ;
#4838 = CARTESIAN_POINT ( 'NONE',  ( 5.594478406779960444, -3.919768031563519717, 1.365488853306899397 ) ) ;
#4839 = CARTESIAN_POINT ( 'NONE',  ( 5.239009412076153005, 5.448549549626211075, 2.095532184263710018 ) ) ;
#4840 = B_SPLINE_CURVE_WITH_KNOTS ( 'NONE', 3,
 ( #2881, #2828, #2139, #1637 ),
 .UNSPECIFIED., .F., .F.,
 ( 4, 4 ),
 ( 0.3199998217208767093, 1.000000000000000000 ),
 .UNSPECIFIED. ) ;
#4841 = ORIENTED_EDGE ( 'NONE', *, *, #1229, .T. ) ;
#4842 = CARTESIAN_POINT ( 'NONE',  ( 8.955815827596484979, -3.778613739820834816, 2.580534559132585670 ) ) ;
#4843 = CARTESIAN_POINT ( 'NONE',  ( 7.657552874684086852, 4.552654461670607944, 2.478961239554102747 ) ) ;
#4844 = CARTESIAN_POINT ( 'NONE',  ( 8.999949998749933400, 0.7764746815924761236, 2.699401728449982052 ) ) ;
#4845 = CARTESIAN_POINT ( 'NONE',  ( 8.960832482476300598, 0.7835885594333358295, 2.620390858861819439 ) ) ;
#4846 = CARTESIAN_POINT ( 'NONE',  ( 10.24205278639360372, 3.591017512316996285, 6.967797245596676348 ) ) ;
#4847 = CARTESIAN_POINT ( 'NONE',  ( 5.566411318824879828, 4.055002399263929469, 1.463157454359825804 ) ) ;
#4848 = CARTESIAN_POINT ( 'NONE',  ( 8.999949998750963687, -1.218745110265060827, 2.525863533864946664 ) ) ;
#4849 = ORIENTED_EDGE ( 'NONE', *, *, #4464, .F. ) ;
#4850 = B_SPLINE_CURVE_WITH_KNOTS ( 'NONE', 3,
 ( #3183, #3156, #2839, #2810 ),
 .UNSPECIFIED., .F., .F.,
 ( 4, 4 ),
 ( 0.000000000000000000, 0.2597862811520155191 ),
 .UNSPECIFIED. ) ;
#4851 = CARTESIAN_POINT ( 'NONE',  ( -0.6275415499655614404, -13.18684522014804195, 4.954184395226011617 ) ) ;
#4852 = CYLINDRICAL_SURFACE ( 'NONE', #1482, 1.000000000000000000 ) ;
#4853 = CARTESIAN_POINT ( 'NONE',  ( 7.650650058583168267, 4.713492603220429622, 2.545981217853683365 ) ) ;
#4854 = CARTESIAN_POINT ( 'NONE',  ( 8.798446632753142538, 3.010529771293263046, 2.816400523920961074 ) ) ;
#4855 = CARTESIAN_POINT ( 'NONE',  ( 1.118604004752089764, -12.25470155975827424, 3.774977977395899575 ) ) ;
#4856 = CARTESIAN_POINT ( 'NONE',  ( 2.604130203823214806, 0.2384327010611086983, 1.585709519287512137 ) ) ;
#4857 = EDGE_CURVE ( 'NONE', #3977, #1910, #2246, .T. ) ;
#4858 = CARTESIAN_POINT ( 'NONE',  ( 1.999949998749954716, -0.8827892485844132109, 1.939135585277033780 ) ) ;
#4859 = CARTESIAN_POINT ( 'NONE',  ( 8.961438822440554119, -8.517829030822630543, 3.437577862249272975 ) ) ;
#4860 = CARTESIAN_POINT ( 'NONE',  ( 5.527708547357804036, 0.4401426533601482394, 1.052839290392318050 ) ) ;
#4861 = CARTESIAN_POINT ( 'NONE',  ( 1.904144949378039797, -0.2643172709535235310, 1.959449715027376637 ) ) ;
#4862 = CARTESIAN_POINT ( 'NONE',  ( 6.657991966838770814, 0.7719248388037835973, 1.336997771758695164 ) ) ;
#4863 = LINE ( 'NONE', #1951, #5101 ) ;
#4864 = AXIS2_PLACEMENT_3D ( 'NONE', #298, #1947, #3900 ) ;
#4865 = EDGE_LOOP ( 'NONE', ( #766, #238, #639, #2351, #262, #3406, #2257 ) ) ;
#4866 = CARTESIAN_POINT ( 'NONE',  ( 5.782689163476930183, 6.123731906100382538, 2.630939783889461481 ) ) ;
#4867 = CARTESIAN_POINT ( 'NONE',  ( 2.140635288895284649, 0.3921830640821744041, 1.818116597492082098 ) ) ;
#4868 = CARTESIAN_POINT ( 'NONE',  ( 5.453089691102213976, 5.506744382689703343, 2.149405783680522486 ) ) ;
#4869 = CARTESIAN_POINT ( 'NONE',  ( 9.541570397817407567, 0.3454803025737807065, 3.072129856827984007 ) ) ;
#4870 = CIRCLE ( 'NONE', #2000, 3.499999999999995559 ) ;
#4871 = CARTESIAN_POINT ( 'NONE',  ( 7.507696388288898959, 5.613490270925308501, 2.970425242218531103 ) ) ;
#4872 = CARTESIAN_POINT ( 'NONE',  ( 2.922900262220149425, 4.298980323282081351, 1.974748158887710936 ) ) ;
#4873 = CARTESIAN_POINT ( 'NONE',  ( 6.334754640784732160, -1.276295012385186833, 1.283461735396040915 ) ) ;
#4874 = CARTESIAN_POINT ( 'NONE',  ( 5.803098900573298913, -10.98469415815106665, 6.500000000000000888 ) ) ;
#4875 = CARTESIAN_POINT ( 'NONE',  ( 10.40097805335134851, 3.523873502754071296, 6.716436323313732970 ) ) ;
#4876 = CARTESIAN_POINT ( 'NONE',  ( 6.699431980765516492, 3.911464771704564747, 1.762849186831663806 ) ) ;
#4877 = ORIENTED_EDGE ( 'NONE', *, *, #2146, .T. ) ;
#4878 = CARTESIAN_POINT ( 'NONE',  ( 4.519050907924365923, -12.33822292502645368, 1.644831724731356415 ) ) ;
#4879 = CARTESIAN_POINT ( 'NONE',  ( 9.600742285447434909, 0.7268112093087031322, 3.170921746114056639 ) ) ;
#4880 = CARTESIAN_POINT ( 'NONE',  ( 1.162957176487650068, -8.870235164563755603, 3.390565337323535822 ) ) ;
#4881 = ORIENTED_EDGE ( 'NONE', *, *, #5106, .F. ) ;
#4882 = CARTESIAN_POINT ( 'NONE',  ( 2.207391924383008242, 3.038382101405729063, 1.964812387393511717 ) ) ;
#4883 = CARTESIAN_POINT ( 'NONE',  ( 7.630488034837807909, 2.929909590156483556, 1.999164996925422377 ) ) ;
#4884 = CARTESIAN_POINT ( 'NONE',  ( 8.601476838225714516, -9.630471409750114731, 3.313646140745081237 ) ) ;
#4885 = CARTESIAN_POINT ( 'NONE',  ( 8.564422671647159646, -9.586290462387230704, 3.227972470243968495 ) ) ;
#4886 = CARTESIAN_POINT ( 'NONE',  ( 8.999302272520727897, 2.316598523555450484, 2.851617463581389789 ) ) ;
#4887 = CARTESIAN_POINT ( 'NONE',  ( 3.960195288794841950, 0.7610594917730195696, 1.111538398983397569 ) ) ;
#4888 = EDGE_LOOP ( 'NONE', ( #3182, #2723, #4236, #2497 ) ) ;
#4889 = CARTESIAN_POINT ( 'NONE',  ( 7.716745836412449933, -12.46556642448637398, 3.183084587149025424 ) ) ;
#4890 = CARTESIAN_POINT ( 'NONE',  ( 7.124848804439507965, 4.238133573825130895, 2.061648670493719138 ) ) ;
#4891 = CARTESIAN_POINT ( 'NONE',  ( 2.147627459382121629, -3.975409411052233111, 2.131165501976191035 ) ) ;
#4892 = CARTESIAN_POINT ( 'NONE',  ( 3.036710033334942604, 4.496329999614053996, 2.058267725236129220 ) ) ;
#4893 = EDGE_CURVE ( 'NONE', #3977, #1601, #820, .T. ) ;
#4894 = CARTESIAN_POINT ( 'NONE',  ( 5.353186200178217113, -11.22850321937515794, 1.986156101184161527 ) ) ;
#4895 = CARTESIAN_POINT ( 'NONE',  ( 9.660696818706526301, -11.52912918618817528, 3.946122931447521243 ) ) ;
#4896 = CARTESIAN_POINT ( 'NONE',  ( 2.207391924383017567, 3.038382101406056357, 1.964812387393568782 ) ) ;
#4897 = CARTESIAN_POINT ( 'NONE',  ( 3.268695939827356955, -8.006283081536974322, 2.287389870434546779 ) ) ;
#4898 = CARTESIAN_POINT ( 'NONE',  ( 7.467785748452630656, 5.252094659085798867, 2.711002171858802434 ) ) ;
#4899 = CARTESIAN_POINT ( 'NONE',  ( 2.047800296900596617, 6.377890308895183935, 3.816514315542457236 ) ) ;
#4900 = CARTESIAN_POINT ( 'NONE',  ( 9.854485278154339056, -0.1027079702751454438, 3.334922655492321031 ) ) ;
#4901 = CARTESIAN_POINT ( 'NONE',  ( 1.999949998749936952, -1.865310388997663438, 2.055354854045611468 ) ) ;
#4902 = CARTESIAN_POINT ( 'NONE',  ( 8.230791378275322145, 3.759057908185009289, 2.579688334940355432 ) ) ;
#4903 = CARTESIAN_POINT ( 'NONE',  ( 7.842305676209651466, 3.728241602659193354, 2.313563712068999134 ) ) ;
#4904 = CARTESIAN_POINT ( 'NONE',  ( 2.770165467271993087, -8.543381411612317677, 2.567706184566167060 ) ) ;
#4905 = CARTESIAN_POINT ( 'NONE',  ( 7.755274895635704269, 5.498010027577576508, 3.054497117819644725 ) ) ;
#4906 = CARTESIAN_POINT ( 'NONE',  ( 8.956923170318901839, -5.196795049840780223, 2.779074091668815694 ) ) ;
#4907 = CARTESIAN_POINT ( 'NONE',  ( 9.519217768931040879, -13.49633223257260006, 3.232478884396404073 ) ) ;
#4908 = CARTESIAN_POINT ( 'NONE',  ( 7.985207324591170774, 4.024789014963239708, 2.501624093355013567 ) ) ;
#4909 = CARTESIAN_POINT ( 'NONE',  ( 9.228262211122402192, 3.814735325302964775, 3.463702410618356708 ) ) ;
#4910 = CARTESIAN_POINT ( 'NONE',  ( 7.988091807049045201, 5.556644365634689109, 3.255441949323322870 ) ) ;
#4911 = CARTESIAN_POINT ( 'NONE',  ( 0.4704055110187135846, -3.874891570355754045, 3.170343537307096060 ) ) ;
#4912 = CARTESIAN_POINT ( 'NONE',  ( 5.448621563466957696, -11.39684524765808860, 1.968287189407198268 ) ) ;
#4913 = CARTESIAN_POINT ( 'NONE',  ( 8.812696559986507694, -9.177624220630914209, 3.418138121312390698 ) ) ;
#4914 = CARTESIAN_POINT ( 'NONE',  ( 8.959394627477319517, 0.1730030211534637485, 2.571714546577859473 ) ) ;
#4915 = CARTESIAN_POINT ( 'NONE',  ( 1.906079415864264659, -2.648419750464231726, 2.121586340032193707 ) ) ;
#4916 = CARTESIAN_POINT ( 'NONE',  ( 7.455031402144974173, 0.7614897334943526719, 1.680886636722985106 ) ) ;
#4917 = VERTEX_POINT ( 'NONE', #4594 ) ;
#4918 = CARTESIAN_POINT ( 'NONE',  ( 8.586811314638728376, -3.663427799299817877, 2.317056721146326659 ) ) ;
#4919 = CARTESIAN_POINT ( 'NONE',  ( 7.205376499094626297, 5.993895616560385164, 3.053711740806108299 ) ) ;
#4920 = CARTESIAN_POINT ( 'NONE',  ( 2.142196319570183416, 0.5258803024328906339, 1.815993399491686811 ) ) ;
#4921 = CARTESIAN_POINT ( 'NONE',  ( 7.561120827269118827, 3.813463185159432278, 2.176364442921817854 ) ) ;
#4922 = CARTESIAN_POINT ( 'NONE',  ( 3.206778156009747249, 0.7548546089929386582, 1.325379192749738255 ) ) ;
#4923 = EDGE_CURVE ( 'NONE', #4917, #3797, #2945, .T. ) ;
#4924 = CARTESIAN_POINT ( 'NONE',  ( 3.587288421736424038, 4.879950643125052778, 1.974770018200895372 ) ) ;
#4925 = CARTESIAN_POINT ( 'NONE',  ( 9.943854304287613743, -1.051356979258483149, 3.337250382054540943 ) ) ;
#4926 = CARTESIAN_POINT ( 'NONE',  ( 7.677825171142859340, 1.956847085999080527, 1.874403972912568772 ) ) ;
#4927 = CARTESIAN_POINT ( 'NONE',  ( 8.482001773275127832, 3.767194241360876994, 2.768129742805138349 ) ) ;
#4928 = CARTESIAN_POINT ( 'NONE',  ( 7.508924605314069467, 3.476275506972770213, 2.046449556321281893 ) ) ;
#4929 = CARTESIAN_POINT ( 'NONE',  ( 3.908302876008670879, -8.621352113637019698, 2.277449072071824343 ) ) ;
#4930 = CARTESIAN_POINT ( 'NONE',  ( 1.791023624749907395, -4.351986781737454457, 2.341969198093055482 ) ) ;
#4931 = CARTESIAN_POINT ( 'NONE',  ( 10.14608309789926821, -13.45945325290920280, 4.128872094610481547 ) ) ;
#4932 = CARTESIAN_POINT ( 'NONE',  ( 4.326121630230612247, -11.29743070224514412, 2.046224200045500208 ) ) ;
#4933 = CARTESIAN_POINT ( 'NONE',  ( 6.459698564626620509, -10.84238754107492220, 2.795833333333335169 ) ) ;
#4934 = CARTESIAN_POINT ( 'NONE',  ( 9.479316216923956873, 3.798369566219067295, 3.745056896024843596 ) ) ;
#4935 = CARTESIAN_POINT ( 'NONE',  ( -0.07558936322100973104, -4.862493098448606332, 3.843956824304325615 ) ) ;
#4936 = CARTESIAN_POINT ( 'NONE',  ( -0.4509442393369512692, -11.64396646499007915, 4.920788162391111165 ) ) ;
#4937 = CARTESIAN_POINT ( 'NONE',  ( 7.642389200574718267, 2.741879760185405690, 1.970538775680335419 ) ) ;
#4938 = CARTESIAN_POINT ( 'NONE',  ( 8.313242947428896912, -9.981489680337404025, 3.084115696724530231 ) ) ;
#4939 = CARTESIAN_POINT ( 'NONE',  ( 2.055135600858086775, 2.713027297238689961, 2.041124101692470827 ) ) ;
#4940 = CARTESIAN_POINT ( 'NONE',  ( 8.790800944578510467, 3.232630217333057221, 2.866241760217625778 ) ) ;
#4941 = CARTESIAN_POINT ( 'NONE',  ( 7.020947698887624711, 0.7674562816712693358, 1.477971763881944067 ) ) ;
#4942 = CARTESIAN_POINT ( 'NONE',  ( 9.085470331925787235, -8.837524558108128758, 3.514492324436097270 ) ) ;
#4943 = CARTESIAN_POINT ( 'NONE',  ( 7.506102646465395267, 5.977265113982332956, 3.231148527946233528 ) ) ;
#4944 = CARTESIAN_POINT ( 'NONE',  ( 10.03948920423639990, -3.801472123538263137, 3.490772409135144194 ) ) ;
#4945 = CARTESIAN_POINT ( 'NONE',  ( 1.999949998749930735, -8.000050001250071929, 6.500000000000000888 ) ) ;
#4946 = AXIS2_PLACEMENT_3D ( 'NONE', #374, #462, #5213 ) ;
#4947 = CARTESIAN_POINT ( 'NONE',  ( 8.999949998749933400, 0.7764746815924761236, 2.699401728449982052 ) ) ;
#4948 = CARTESIAN_POINT ( 'NONE',  ( 2.253079485542675453, -0.01350621012305430746, 1.768906296330313710 ) ) ;
#4949 = CARTESIAN_POINT ( 'NONE',  ( 7.598206568691433738, 0.9388193957131085732, 1.760245607327937112 ) ) ;
#4950 = CARTESIAN_POINT ( 'NONE',  ( 2.237811344202419228, 3.751487631351746455, 2.132075529965236083 ) ) ;
#4951 = EDGE_CURVE ( 'NONE', #1423, #3682, #537, .T. ) ;
#4952 = CIRCLE ( 'NONE', #4353, 3.499999999999995115 ) ;
#4953 = CARTESIAN_POINT ( 'NONE',  ( 3.216270418794839436, -12.35403098935469757, 2.855429272430845433 ) ) ;
#4954 = CIRCLE ( 'NONE', #4272, 0.1000000000000006301 ) ;
#4955 = CARTESIAN_POINT ( 'NONE',  ( 1.435960625426016435, -13.20544360421288488, 2.361794939817682959 ) ) ;
#4956 = CARTESIAN_POINT ( 'NONE',  ( 1.999966355119296990, 2.010650200520530007, 1.999999999999994893 ) ) ;
#4957 = CARTESIAN_POINT ( 'NONE',  ( 9.603172093006994814, 3.318174478531582317, 3.720226758412770618 ) ) ;
#4958 = ADVANCED_FACE ( 'NONE', ( #4566 ), #2193, .T. ) ;
#4959 = CARTESIAN_POINT ( 'NONE',  ( -0.6180729581846331477, -11.73032059398257410, 5.456430773125310552 ) ) ;
#4960 = CARTESIAN_POINT ( 'NONE',  ( 6.619656658939404359, -11.31611046437906509, 3.413194444444445974 ) ) ;
#4961 = CARTESIAN_POINT ( 'NONE',  ( 6.301043474889262974, 0.1689618500601008932, 1.216475963997005749 ) ) ;
#4962 = CARTESIAN_POINT ( 'NONE',  ( 8.959265700288845835, 0.1172150167144498101, 2.567966274792399695 ) ) ;
#4963 = CARTESIAN_POINT ( 'NONE',  ( 7.832654967725654060, 3.449630743360188045, 2.233161720742900869 ) ) ;
#4964 = CARTESIAN_POINT ( 'NONE',  ( 2.145200384895141532, 0.7666114033923476789, 1.812752969846841200 ) ) ;
#4965 = CARTESIAN_POINT ( 'NONE',  ( 7.872698777002637094, -5.026412473532721137, 2.094890079308074693 ) ) ;
#4966 = CARTESIAN_POINT ( 'NONE',  ( 7.573047192429464225, 3.799974115899718008, 2.179392215729848203 ) ) ;
#4967 = CARTESIAN_POINT ( 'NONE',  ( 5.594792476364556677, -4.117129100836669053, 1.383846501056697598 ) ) ;
#4968 = CARTESIAN_POINT ( 'NONE',  ( 7.577847442348260465, 3.818835476248394478, 2.187660742483890086 ) ) ;
#4969 = CARTESIAN_POINT ( 'NONE',  ( 3.963067431051407130, 0.4653151623297824280, 1.121654859205401422 ) ) ;
#4970 = CARTESIAN_POINT ( 'NONE',  ( 1.887905118087097822, 6.361804387632286506, 3.910729875169889791 ) ) ;
#4971 = CARTESIAN_POINT ( 'NONE',  ( 10.03347590683791068, -0.04303446286224588135, 3.541265811369820771 ) ) ;
#4972 = CARTESIAN_POINT ( 'NONE',  ( 7.593089110154050303, 3.423471253403531644, 2.087080737174705103 ) ) ;
#4973 = CARTESIAN_POINT ( 'NONE',  ( 4.022602964228342515, -11.18938889622984334, 2.237283034884470556 ) ) ;
#4974 = CARTESIAN_POINT ( 'NONE',  ( 7.562383256922204922, 2.595447691575963667, 1.890063376744218759 ) ) ;
#4975 = CARTESIAN_POINT ( 'NONE',  ( 8.115386251839520781, 5.202076779252329253, 3.114860011147391194 ) ) ;
#4976 = CARTESIAN_POINT ( 'NONE',  ( 3.244133139245885200, -4.020565076561899431, 1.680318881375689966 ) ) ;
#4977 = SURFACE_STYLE_FILL_AREA ( #5047 ) ;
#4978 = CARTESIAN_POINT ( 'NONE',  ( 10.33003290625387649, 4.156154255221561122, 5.971705890056425048 ) ) ;
#4979 = CARTESIAN_POINT ( 'NONE',  ( 9.786781219318942959, 1.920212050863900899, 3.574546811174365679 ) ) ;
#4980 = CARTESIAN_POINT ( 'NONE',  ( -0.6207665524810626057, -11.83081972207283883, 5.438661260187157787 ) ) ;
#4981 = ADVANCED_FACE ( 'NONE', ( #435 ), #2693, .T. ) ;
#4982 = DIRECTION ( 'NONE',  ( 0.9602544938051268408, -0.04335550624427812749, 0.2757382947748860946 ) ) ;
#4983 = CARTESIAN_POINT ( 'NONE',  ( 7.913131921641102018, -10.44546588390215369, 2.842423958299209907 ) ) ;
#4984 = CARTESIAN_POINT ( 'NONE',  ( 8.959751891718319428, 0.3262649675397355509, 2.582617661900729722 ) ) ;
#4985 = CARTESIAN_POINT ( 'NONE',  ( 6.475237368281965722, -11.36142093389514862, 6.298170405982907560 ) ) ;
#4986 = CARTESIAN_POINT ( 'NONE',  ( 5.352865952363138113, -11.30106118761955969, 1.965320244296163255 ) ) ;
#4987 = CARTESIAN_POINT ( 'NONE',  ( -0.7427612457308746530, -10.90170154378597367, 6.275679797400226967 ) ) ;
#4988 = CARTESIAN_POINT ( 'NONE',  ( 7.567162494317731358, 5.460939957107696863, 2.904571412474749259 ) ) ;
#4989 = CARTESIAN_POINT ( 'NONE',  ( 9.735701980106918896, -4.878506277531696966, 3.337652857094826064 ) ) ;
#4990 = CARTESIAN_POINT ( 'NONE',  ( 7.579569897756297969, 3.658097645103802975, 2.141083793389237044 ) ) ;
#4991 = DIRECTION ( 'NONE',  ( 0.000000000000000000, 0.000000000000000000, -1.000000000000000000 ) ) ;
#4992 = CARTESIAN_POINT ( 'NONE',  ( 7.567084009849293302, 3.806718650529589354, 2.177878329325833917 ) ) ;
#4993 = CARTESIAN_POINT ( 'NONE',  ( 2.374341556890861682, 5.320048251979430987, 2.759482487782570548 ) ) ;
#4994 = CARTESIAN_POINT ( 'NONE',  ( 2.134270904033893412, -1.204479090065380120, 1.888648752795379915 ) ) ;
#4995 = CARTESIAN_POINT ( 'NONE',  ( 7.722596266663953379, 0.9362809560578277956, 1.828102189106050490 ) ) ;
#4996 = CARTESIAN_POINT ( 'NONE',  ( 5.520644602757723618, 2.701422114048279699, 1.150731485748268668 ) ) ;
#4997 = CARTESIAN_POINT ( 'NONE',  ( 7.886589086707002316, 4.533069058929195094, 2.617214882537456599 ) ) ;
#4998 = CARTESIAN_POINT ( 'NONE',  ( 2.513700109758732371, -11.28399773883179158, 3.002940398392891286 ) ) ;
#4999 = CARTESIAN_POINT ( 'NONE',  ( 2.232069231175420221, -9.084058421181175902, 2.849371698522349838 ) ) ;
#5000 = CARTESIAN_POINT ( 'NONE',  ( 8.347385063318345289, 4.506887782701168632, 2.936037875851852164 ) ) ;
#5001 = CARTESIAN_POINT ( 'NONE',  ( 2.033547464994693410, -8.483890445291683235, 2.860686172712966435 ) ) ;
#5002 = CARTESIAN_POINT ( 'NONE',  ( -0.6406082299646037592, -8.187632325746236006, 5.556855594707029944 ) ) ;
#5003 = ORIENTED_EDGE ( 'NONE', *, *, #5098, .T. ) ;
#5004 = ORIENTED_EDGE ( 'NONE', *, *, #3671, .F. ) ;
#5005 = CARTESIAN_POINT ( 'NONE',  ( 8.090649878371277026, 4.363842586491204045, 2.738774005634616149 ) ) ;
#5006 = CARTESIAN_POINT ( 'NONE',  ( 7.728145955840545867, -10.71572157727185015, 2.715274304276837469 ) ) ;
#5007 = CARTESIAN_POINT ( 'NONE',  ( 2.613345690122054865, 3.990532389335484709, 2.062844956436639787 ) ) ;
#5008 = CARTESIAN_POINT ( 'NONE',  ( 7.946964702235770339, 0.9316075262632561582, 1.954255209483955147 ) ) ;
#5009 = CARTESIAN_POINT ( 'NONE',  ( 1.905522837686732363, 0.7772469509664536869, 1.942229218845721750 ) ) ;
#5010 = EDGE_CURVE ( 'NONE', #2380, #5102, #2060, .T. ) ;
#5011 = CARTESIAN_POINT ( 'NONE',  ( 7.521080791868393511, 4.564862075140757369, 2.403979940305171592 ) ) ;
#5012 = CARTESIAN_POINT ( 'NONE',  ( 9.503403491129029490, -12.19391547567444434, 4.370421297372064195 ) ) ;
#5013 = CARTESIAN_POINT ( 'NONE',  ( 7.879639078679178787, 3.601222532193470993, 2.296763319089002664 ) ) ;
#5014 = CARTESIAN_POINT ( 'NONE',  ( 6.407167527868414147, -11.39123346183774110, 2.114934058616014134 ) ) ;
#5015 = CARTESIAN_POINT ( 'NONE',  ( 8.999949998749933400, 0.4177280412593631365, 2.669710510814339521 ) ) ;
#5016 = CARTESIAN_POINT ( 'NONE',  ( 2.573299838580324295, 6.259008442602908673, 3.347566020355238425 ) ) ;
#5017 = CARTESIAN_POINT ( 'NONE',  ( 2.141652133722646845, -2.659534147887860023, 2.004154297014391961 ) ) ;
#5018 = CARTESIAN_POINT ( 'NONE',  ( 7.592007199451546562, 3.439828781601261820, 2.090505800341244669 ) ) ;
#5019 = CARTESIAN_POINT ( 'NONE',  ( 2.140400988053965836, -2.463771357063965439, 1.988075878211298164 ) ) ;
#5020 = B_SPLINE_CURVE_WITH_KNOTS ( 'NONE', 3,
 ( #1764, #1816, #1792, #1473, #3458, #3387 ),
 .UNSPECIFIED., .F., .F.,
 ( 4, 2, 4 ),
 ( -6.000000000724090873E-08, 0.001922461651088579193, 0.003844983302177165402 ),
 .UNSPECIFIED. ) ;
#5021 = CARTESIAN_POINT ( 'NONE',  ( 7.787150751743437738, 5.225884128528923256, 2.900028641247325289 ) ) ;
#5022 = CARTESIAN_POINT ( 'NONE',  ( 6.699431980765516492, 3.911464771704572740, 1.762849186831666470 ) ) ;
#5023 = CIRCLE ( 'NONE', #2507, 2.999999999999996447 ) ;
#5024 = CARTESIAN_POINT ( 'NONE',  ( 2.501671159036978676, -3.861281120407400458, 1.941837006432769686 ) ) ;
#5025 = CARTESIAN_POINT ( 'NONE',  ( 6.289781381470072041, 0.8290188061878533965, 1.205854454052387448 ) ) ;
#5026 = CARTESIAN_POINT ( 'NONE',  ( 8.649661397258537221, 4.497500910250945338, 3.171534377966863438 ) ) ;
#5027 = CARTESIAN_POINT ( 'NONE',  ( 9.627880374221239990, 3.316199179144080134, 3.748687951347338565 ) ) ;
#5028 = VERTEX_POINT ( 'NONE', #4501 ) ;
#5029 = B_SPLINE_CURVE_WITH_KNOTS ( 'NONE', 3,
 ( #5068, #1486, #2385, #4278, #716 ),
 .UNSPECIFIED., .F., .F.,
 ( 4, 1, 4 ),
 ( 0.000000000000000000, 0.2000000000074561024, 0.5658483863769422362 ),
 .UNSPECIFIED. ) ;
#5030 = ORIENTED_EDGE ( 'NONE', *, *, #2479, .T. ) ;
#5031 = CARTESIAN_POINT ( 'NONE',  ( 10.18041789683295306, -11.23731597561050677, 4.624847845251085943 ) ) ;
#5032 = CARTESIAN_POINT ( 'NONE',  ( 8.956842683827966667, 0.2366646753017842553, 2.562743794617746484 ) ) ;
#5033 = CARTESIAN_POINT ( 'NONE',  ( 2.604751677368330576, 0.5060531952732483241, 1.578510749058288143 ) ) ;
#5034 = CARTESIAN_POINT ( 'NONE',  ( 7.953030380199333393, 0.8048406236262073410, 1.951496921073284430 ) ) ;
#5035 = CARTESIAN_POINT ( 'NONE',  ( -0.7653583001413222231, -8.575990466215182906, 5.944936420573474933 ) ) ;
#5036 = CARTESIAN_POINT ( 'NONE',  ( 7.851933381750622942, 4.882598895245227055, 2.751608830831496988 ) ) ;
#5037 = CARTESIAN_POINT ( 'NONE',  ( 9.841548017752689503, -11.75219810213307170, 4.701612505448709456 ) ) ;
#5038 = CARTESIAN_POINT ( 'NONE',  ( 7.379554534819417810, 4.924389352537223097, 2.479652690854204700 ) ) ;
#5039 = CARTESIAN_POINT ( 'NONE',  ( 5.811418503653159817, -11.06659777154797197, 6.500000000000001776 ) ) ;
#5040 = CARTESIAN_POINT ( 'NONE',  ( 2.517144200134657783, 6.036978735836445509, 3.186911777069326490 ) ) ;
#5041 = EDGE_CURVE ( 'NONE', #2014, #3963, #118, .T. ) ;
#5042 = CARTESIAN_POINT ( 'NONE',  ( 3.223803071190210812, -1.248660233213211290, 1.436809103613558181 ) ) ;
#5043 = CARTESIAN_POINT ( 'NONE',  ( 7.336995937220789799, 1.972674451029499121, 1.692606034372483803 ) ) ;
#5044 = CARTESIAN_POINT ( 'NONE',  ( 2.056862675777442639, -6.631018983158077695, 2.521671186301142065 ) ) ;
#5045 = CARTESIAN_POINT ( 'NONE',  ( 8.327814867206981830, 4.141458154817395432, 2.774887728940235387 ) ) ;
#5046 = CARTESIAN_POINT ( 'NONE',  ( 4.722641230634344822, -12.51604508976525487, 2.625721866067632249 ) ) ;
#5047 = FILL_AREA_STYLE ('',( #4552 ) ) ;
#5048 = CARTESIAN_POINT ( 'NONE',  ( 10.00106448337553466, 4.415519258412992087, 4.798703905527260893 ) ) ;
#5049 = CARTESIAN_POINT ( 'NONE',  ( 9.862983580609510526, 0.4726061718439422688, 3.420288475393123306 ) ) ;
#5050 = B_SPLINE_SURFACE_WITH_KNOTS ( 'NONE', 3, 3, ( 
 ( #1734, #1784, #5002, #3842, #3382, #3428, #2138, #4959, #4980, #3007 ),
 ( #4611, #4147, #4555, #4534, #2979, #4636, #2632, #551, #652, #4581 ),
 ( #1019, #970, #2935, #3405, #575, #168, #993, #2608, #3770, #2538 ),
 ( #2234, #1759, #1834, #624, #4213, #2209, #3817, #4936, #948, #3747 ),
 ( #2582, #4191, #4518, #4567, #937, #539, #2126, #2571, #3904, #5063 ),
 ( #2221, #4647, #638, #4671, #4725, #1125, #3831, #3933, #3489, #227 ),
 ( #5088, #2644, #1894, #2722, #331, #1479, #4624, #3092, #1032, #4248 ),
 ( #2700, #3381, #4304, #717, #3911, #1373, #4652, #3567, #3198, #643 ),
 ( #3126, #4897, #4052, #451, #1267, #2867, #2470, #1294, #2892, #153 ),
 ( #3393, #1386, #2993, #2987, #4588, #2590, #509, #470, #62, #1627 ),
 ( #318, #3135, #345, #1657, #163, #4576, #494, #4894, #4986, #2684 ),
 ( #2287, #4345, #785, #1606, #1662, #4235, #2231, #3865, #3103, #2953 ),
 ( #3326, #1539, #5203, #4299, #1433, #3808, #3903, #301, #204, #1741 ),
 ( #3363, #1793, #5058, #1026, #632, #4834, #2832, #1586, #4510, #2855 ),
 ( #501, #925, #116, #2429, #2516, #1228, #1636, #2827, #2431, #842 ),
 ( #440, #2035, #4070, #469, #3308, #889, #85, #4895, #4517, #3368 ),
 ( #574, #500, #3104, #4026, #1242, #2842, #2359, #427, #3553, #310 ),
 ( #1960, #4734, #1187, #1542, #3129, #3157, #4441, #4815, #2785, #3524 ),
 ( #3581, #2303, #4388, #3609, #5151, #4761, #3914, #747, #4361, #3213 ) ),
 .UNSPECIFIED., .F., .F., .F.,
 ( 4, 2, 1, 1, 1, 1, 1, 1, 1, 1, 1, 1, 1, 2, 4 ),
 ( 4, 1, 1, 1, 1, 2, 4 ),
 ( -0.6668990030720985951, 0.000000000000000000, 2.370370370370370239, 4.740740740740740478, 8.296296296296295836, 10.66666666666666607, 13.03703703703703631, 15.40740740740740655, 18.96296296296296191, 21.33333333333333215, 23.70370370370370239, 27.25925925925925952, 29.62962962962962621, 32.00000000000000000, 32.66686313132422725 ),
 ( 10.09353225466932891, 11.49429316588470229, 14.29581498831544906, 17.09733681074619582, 19.89885863317694259, 22.00000000000000000, 22.89916760890171687 ),
 .UNSPECIFIED. ) ;
#5051 = ORIENTED_EDGE ( 'NONE', *, *, #687, .T. ) ;
#5052 = CARTESIAN_POINT ( 'NONE',  ( -0.1187978998049045443, -11.17566913004966445, 4.321739287093241622 ) ) ;
#5053 = CARTESIAN_POINT ( 'NONE',  ( 7.219500882647801987, -11.06549829327688172, 2.440554646778443804 ) ) ;
#5054 = CARTESIAN_POINT ( 'NONE',  ( 4.145723778549919913, 5.234985517011379486, 2.084934588005832534 ) ) ;
#5055 = FACE_OUTER_BOUND ( 'NONE', #336, .T. ) ;
#5056 = CARTESIAN_POINT ( 'NONE',  ( -0.6323500677368649736, -4.075780597330630250, 5.034954017693739736 ) ) ;
#5057 = VERTEX_POINT ( 'NONE', #58 ) ;
#5058 = CARTESIAN_POINT ( 'NONE',  ( 8.418863527346287512, -8.553770911451236358, 3.016652499014075062 ) ) ;
#5059 = CARTESIAN_POINT ( 'NONE',  ( 8.042432991610205306, 3.796177413616125484, 2.467148846169848753 ) ) ;
#5060 = CARTESIAN_POINT ( 'NONE',  ( 9.857553451399985178, -11.09896156104411880, 4.610910668485240116 ) ) ;
#5061 = CARTESIAN_POINT ( 'NONE',  ( 7.706629788042783424, 5.231413774215210033, 2.844526605713471046 ) ) ;
#5062 = CARTESIAN_POINT ( 'NONE',  ( 5.840840600206838928, -11.35627163311694154, 6.500000000000001776 ) ) ;
#5063 = CARTESIAN_POINT ( 'NONE',  ( -0.1912619627370479303, -11.73769813944741713, 4.323621951569585065 ) ) ;
#5064 = CARTESIAN_POINT ( 'NONE',  ( 2.060382918911560779, 4.288148870658009315, 2.448032765856858362 ) ) ;
#5065 = CARTESIAN_POINT ( 'NONE',  ( 4.791991381275787276, -2.733712987218167356, 1.274866916606705480 ) ) ;
#5066 = CARTESIAN_POINT ( 'NONE',  ( 7.368911780417715107, 0.7239950113735460491, 1.638000203882111760 ) ) ;
#5067 = CARTESIAN_POINT ( 'NONE',  ( 8.340055642501395639, 3.979396918465470723, 2.731157344441719648 ) ) ;
#5068 = CARTESIAN_POINT ( 'NONE',  ( 8.052652594366675132, 0.8030570735137743110, 2.010868997007958292 ) ) ;
#5069 = EDGE_CURVE ( 'NONE', #3797, #4394, #193, .T. ) ;
#5070 = CARTESIAN_POINT ( 'NONE',  ( 8.036877072757766527, 3.766205366833336399, 2.454491391573730308 ) ) ;
#5071 = B_SPLINE_CURVE_WITH_KNOTS ( 'NONE', 3,
 ( #2957, #1394, #3814, #212, #1806, #3425, #1780, #5025, #1830, #570, #4631 ),
 .UNSPECIFIED., .F., .F.,
 ( 4, 1, 1, 1, 1, 1, 1, 1, 4 ),
 ( 0.000000000000000000, 0.07142857143227938910, 0.2142857142968381812, 0.3571428571613969871, 0.5000000000259557931, 0.6428571428905145435, 0.7857142857550732939, 0.9285714286196320444, 1.000000000000000000 ),
 .UNSPECIFIED. ) ;
#5072 = CARTESIAN_POINT ( 'NONE',  ( 5.573246607924617457, -6.668522492250667177, 1.739848238747524256 ) ) ;
#5073 = CARTESIAN_POINT ( 'NONE',  ( 8.999949998749951163, 1.999949998749833702, 2.849094997549260544 ) ) ;
#5074 = CARTESIAN_POINT ( 'NONE',  ( 9.144664880866800516, 4.330413051771037303, 3.573315359129572322 ) ) ;
#5075 = CARTESIAN_POINT ( 'NONE',  ( 5.571874675585539727, 4.156765008708013021, 1.495644561877151890 ) ) ;
#5076 = ORIENTED_EDGE ( 'NONE', *, *, #2692, .F. ) ;
#5077 = CARTESIAN_POINT ( 'NONE',  ( -0.5687861346992707512, -11.40829190066833299, 5.338687776134758423 ) ) ;
#5078 = CARTESIAN_POINT ( 'NONE',  ( 10.08336951873165610, 1.168392505439708184, 3.754164435884125073 ) ) ;
#5079 = CARTESIAN_POINT ( 'NONE',  ( 3.556246248899058049, 4.919207703634607576, 2.061223961498867663 ) ) ;
#5080 = CARTESIAN_POINT ( 'NONE',  ( 8.024425037724991938, 3.892631428229015533, 2.479649571715838885 ) ) ;
#5081 = B_SPLINE_CURVE_WITH_KNOTS ( 'NONE', 3,
 ( #4075, #4045, #1717, #2544 ),
 .UNSPECIFIED., .F., .F.,
 ( 4, 4 ),
 ( 0.000000000000000000, 0.001232598850602641171 ),
 .UNSPECIFIED. ) ;
#5082 = CARTESIAN_POINT ( 'NONE',  ( -0.6994339840699983490, -8.599069446952100293, 5.753482265983416610 ) ) ;
#5083 = CARTESIAN_POINT ( 'NONE',  ( 7.904545760257525977, 4.531560151752378474, 2.628402043474610039 ) ) ;
#5084 = CARTESIAN_POINT ( 'NONE',  ( 10.27158530261580793, -3.351542067543539005, 3.704791913280046423 ) ) ;
#5085 = CARTESIAN_POINT ( 'NONE',  ( 7.941961245290809046, 0.8050387958614402262, 1.944900023746542805 ) ) ;
#5086 = CARTESIAN_POINT ( 'NONE',  ( 5.853624085640317887, -11.48213020346388014, 6.499999999999952038 ) ) ;
#5087 = CARTESIAN_POINT ( 'NONE',  ( 2.123884281978030586, 2.812228994474419430, 1.959344966983474601 ) ) ;
#5088 = CARTESIAN_POINT ( 'NONE',  ( 1.435749824942402553, -7.755933083942206707, 3.016093641138884784 ) ) ;
#5089 = B_SPLINE_CURVE_WITH_KNOTS ( 'NONE', 3,
 ( #4263, #5007, #1402, #3011, #218, #2612 ),
 .UNSPECIFIED., .F., .F.,
 ( 4, 2, 4 ),
 ( 0.000000000000000000, 0.0006254190704480921265, 0.001250838140896184253 ),
 .UNSPECIFIED. ) ;
#5090 = CARTESIAN_POINT ( 'NONE',  ( 2.231259802063952691, 4.030036863440667361, 2.239076219733217687 ) ) ;
#5091 = CARTESIAN_POINT ( 'NONE',  ( 10.22574847432555423, -3.122146675691300999, 3.634616252141771753 ) ) ;
#5092 = CARTESIAN_POINT ( 'NONE',  ( 7.481965755573114940, 3.528552575218280030, 2.048998657916494270 ) ) ;
#5093 = CARTESIAN_POINT ( 'NONE',  ( 5.861519500193329790, -11.35595736068293427, 2.031944865235129516 ) ) ;
#5094 = CARTESIAN_POINT ( 'NONE',  ( 2.625339325226488718, -3.865903248256937541, 1.896094160129046413 ) ) ;
#5095 = CARTESIAN_POINT ( 'NONE',  ( 8.172865520342458723, 4.857795770556450066, 2.965053913779060135 ) ) ;
#5096 = CARTESIAN_POINT ( 'NONE',  ( 4.800203622679726223, -4.446257947737841221, 1.420298102360622483 ) ) ;
#5097 = CARTESIAN_POINT ( 'NONE',  ( 7.825940976105353108, 3.439383271004625708, 2.229704104293630529 ) ) ;
#5098 = EDGE_CURVE ( 'NONE', #5102, #5215, #3132, .T. ) ;
#5099 = CARTESIAN_POINT ( 'NONE',  ( 10.29625657139538220, 3.663835629125422599, 6.818919800845226753 ) ) ;
#5100 = CARTESIAN_POINT ( 'NONE',  ( 8.297142680107764789, 3.827212096770338245, 2.607022575618866078 ) ) ;
#5101 = VECTOR ( 'NONE', #4779, 1000.000000000000000 ) ;
#5102 = VERTEX_POINT ( 'NONE', #4933 ) ;
#5103 = CARTESIAN_POINT ( 'NONE',  ( 10.62814524493885671, -11.54194457569732180, 5.602260241913670669 ) ) ;
#5104 = CARTESIAN_POINT ( 'NONE',  ( 10.18061394844546541, 0.4141036762675687211, 3.765789363512755283 ) ) ;
#5105 = CARTESIAN_POINT ( 'NONE',  ( 5.445600801890916998, 5.506569971169994915, 2.205115715985416447 ) ) ;
#5106 = EDGE_CURVE ( 'NONE', #463, #675, #1484, .T. ) ;
#5107 = CARTESIAN_POINT ( 'NONE',  ( 7.738174694132530007, 3.421154949198506934, 2.171279936913711683 ) ) ;
#5108 = CARTESIAN_POINT ( 'NONE',  ( 8.069470218160491370, 2.564259271438968035, 2.194145045762647239 ) ) ;
#5109 = CARTESIAN_POINT ( 'NONE',  ( -0.4106320330797275098, -5.583069508304866702, 4.488758933042215737 ) ) ;
#5110 = CARTESIAN_POINT ( 'NONE',  ( 8.001140722655248894, 3.921015578640385524, 2.477935418604483520 ) ) ;
#5111 = CARTESIAN_POINT ( 'NONE',  ( 10.38903666435330919, -4.795326866879917382, 4.023906879882283683 ) ) ;
#5112 = DIRECTION ( 'NONE',  ( -1.000000000000000000, 1.239088197126292050E-16, 1.422473250300981571E-16 ) ) ;
#5113 = CARTESIAN_POINT ( 'NONE',  ( 1.937627196539277064, 3.360020824637210968, 2.202573697296100974 ) ) ;
#5114 = CARTESIAN_POINT ( 'NONE',  ( 6.162025323970584445, 0.8306744864127468819, 1.178848622700731319 ) ) ;
#5115 = ORIENTED_EDGE ( 'NONE', *, *, #3465, .F. ) ;
#5116 = CARTESIAN_POINT ( 'NONE',  ( 4.777350465972125093, 3.977228876732547214, 1.387853898586408397 ) ) ;
#5117 = CARTESIAN_POINT ( 'NONE',  ( 2.146225418376095817, -3.318132358108155877, 2.066321741615742447 ) ) ;
#5118 = CARTESIAN_POINT ( 'NONE',  ( 7.489760604572189173, 0.7674323724503051558, 1.697905181486986992 ) ) ;
#5119 = CARTESIAN_POINT ( 'NONE',  ( 5.448711310592133650, -11.37901859033947005, 1.984787938094766391 ) ) ;
#5120 = ORIENTED_EDGE ( 'NONE', *, *, #3412, .F. ) ;
#5121 = CARTESIAN_POINT ( 'NONE',  ( 8.999949998748910218, -8.000050001250425424, 3.377340718716220103 ) ) ;
#5122 = CARTESIAN_POINT ( 'NONE',  ( 2.143757350247227134, 0.6595775409716722049, 1.813870201488294809 ) ) ;
#5123 = CARTESIAN_POINT ( 'NONE',  ( 6.379975135888224180, -3.762331500870991441, 1.448969677993314331 ) ) ;
#5124 = CARTESIAN_POINT ( 'NONE',  ( 7.617151623887846945, 3.093791491085156942, 2.022886334358631188 ) ) ;
#5125 = CARTESIAN_POINT ( 'NONE',  ( 10.53537786848186819, 3.624116570234120260, 5.846626423082191160 ) ) ;
#5126 = CARTESIAN_POINT ( 'NONE',  ( 2.090057975856445260, -8.479153173090937301, 2.833594985033228930 ) ) ;
#5127 = DIRECTION ( 'NONE',  ( 1.000000000000000000, 0.000000000000000000, 0.000000000000000000 ) ) ;
#5128 = VERTEX_POINT ( 'NONE', #1710 ) ;
#5129 = CARTESIAN_POINT ( 'NONE',  ( 10.66563273443726878, -12.55131021901520505, 5.616604793335033818 ) ) ;
#5130 = CARTESIAN_POINT ( 'NONE',  ( 7.045965620142740526, 0.03795459938427114821, 1.472291842446035837 ) ) ;
#5131 = CARTESIAN_POINT ( 'NONE',  ( 3.967851551841410807, 0.06318341447587955129, 1.141863042416124241 ) ) ;
#5132 = CARTESIAN_POINT ( 'NONE',  ( 7.675987886346935518, 3.544505562185717995, 2.165536042782530757 ) ) ;
#5133 = CARTESIAN_POINT ( 'NONE',  ( 8.677245941117600836, 1.159059816701946133, 2.440132814953937412 ) ) ;
#5134 = CARTESIAN_POINT ( 'NONE',  ( -0.5661736068383292908, -9.423024532616148363, 5.476435744706601660 ) ) ;
#5135 = ORIENTED_EDGE ( 'NONE', *, *, #4267, .F. ) ;
#5136 = EDGE_CURVE ( 'NONE', #3919, #903, #47, .T. ) ;
#5137 = CARTESIAN_POINT ( 'NONE',  ( 7.757014267638480121, 5.487722709956955214, 3.048829464971144709 ) ) ;
#5138 = CARTESIAN_POINT ( 'NONE',  ( 10.24812943794797171, -11.03954136667717378, 5.069642007870051259 ) ) ;
#5139 = FACE_OUTER_BOUND ( 'NONE', #2729, .T. ) ;
#5140 = CARTESIAN_POINT ( 'NONE',  ( 8.999949998749933400, 0.6726670363184084067, 2.690245159578342982 ) ) ;
#5141 = CARTESIAN_POINT ( 'NONE',  ( 3.956119295650484258, 1.407778525581215856, 1.104328414783350309 ) ) ;
#5142 = VERTEX_POINT ( 'NONE', #1222 ) ;
#5143 = CARTESIAN_POINT ( 'NONE',  ( 4.021166678767690961, 4.479827507243600238, 1.658153947124428651 ) ) ;
#5144 = CARTESIAN_POINT ( 'NONE',  ( 4.014574076711345363, -3.908516912305592950, 1.482699557353971187 ) ) ;
#5145 = CARTESIAN_POINT ( 'NONE',  ( 7.312179304156962267, 2.609759626046010084, 1.764326208706857857 ) ) ;
#5146 = CARTESIAN_POINT ( 'NONE',  ( 8.464074364483950674, 3.863111593475367922, 2.785619275568902875 ) ) ;
#5147 = B_SPLINE_CURVE_WITH_KNOTS ( 'NONE', 3,
 ( #1227, #746, #1929, #3580 ),
 .UNSPECIFIED., .F., .F.,
 ( 4, 4 ),
 ( 0.000000000000000000, 1.000000000000000000 ),
 .UNSPECIFIED. ) ;
#5148 = CARTESIAN_POINT ( 'NONE',  ( 1.999949998749940727, -5.227827477911915821, 2.401987153077372206 ) ) ;
#5149 = ORIENTED_EDGE ( 'NONE', *, *, #2866, .T. ) ;
#5150 = CARTESIAN_POINT ( 'NONE',  ( 2.743964816660418027, 4.157389609979550649, 2.061797479255556453 ) ) ;
#5151 = CARTESIAN_POINT ( 'NONE',  ( 10.04264721006710026, -9.958940831828327234, 4.531793170629464740 ) ) ;
#5152 = CARTESIAN_POINT ( 'NONE',  ( 5.594466540782351949, -4.445929066582282374, 1.416170399492956200 ) ) ;
#5153 = CARTESIAN_POINT ( 'NONE',  ( 8.960832578712622620, 0.7836283896257871806, 2.620394539419741431 ) ) ;
#5154 = CARTESIAN_POINT ( 'NONE',  ( 8.093476897434323192, 4.514066336151007164, 2.750766712654583390 ) ) ;
#5155 = CARTESIAN_POINT ( 'NONE',  ( 7.900627190224954077, 3.902555937298685329, 2.399323274117593829 ) ) ;
#5156 = ORIENTED_EDGE ( 'NONE', *, *, #2928, .T. ) ;
#5157 = B_SPLINE_CURVE_WITH_KNOTS ( 'NONE', 3,
 ( #3081, #4616, #5033, #266, #2260, #3869, #657, #4217, #3109, #4289, #2238, #1496, #4712 ),
 .UNSPECIFIED., .F., .F.,
 ( 4, 1, 1, 1, 1, 1, 1, 1, 1, 1, 4 ),
 ( 0.000000000000000000, 1.000000000000000000, 3.000000000000000000, 5.000000000000000000, 7.000000000000000000, 9.000000000000000000, 11.00000000000000000, 13.00000000000000000, 15.00000000000000000, 17.00000000000000000, 18.73752145146381309 ),
 .UNSPECIFIED. ) ;
#5158 = CARTESIAN_POINT ( 'NONE',  ( -0.1209187620388914308, -11.26806438029620594, 4.307826647001951059 ) ) ;
#5159 = CARTESIAN_POINT ( 'NONE',  ( 2.012035569759994758, 0.1976609263118489501, 1.890091145239053860 ) ) ;
#5160 = CARTESIAN_POINT ( 'NONE',  ( 2.171535538666037102, -9.094599275146563855, 2.876286465764930966 ) ) ;
#5161 = CARTESIAN_POINT ( 'NONE',  ( 7.692310844032941297, 3.665083423302656129, 2.209669943810144144 ) ) ;
#5162 = CARTESIAN_POINT ( 'NONE',  ( 8.703756837033081339, 0.7894254831125324667, 2.428008870119410023 ) ) ;
#5163 = CARTESIAN_POINT ( 'NONE',  ( -0.5550673250128355107, -12.00315810854735155, 5.838278303294865523 ) ) ;
#5164 = CARTESIAN_POINT ( 'NONE',  ( 8.982855004530819087, -3.776620222759636825, 2.598637930429572585 ) ) ;
#5165 = CARTESIAN_POINT ( 'NONE',  ( 10.55387145186315401, -3.599859447229791787, 4.048650771325922548 ) ) ;
#5166 = CARTESIAN_POINT ( 'NONE',  ( 8.999949998749926294, 0.6569711328356462321, 2.688581277184682428 ) ) ;
#5167 = CARTESIAN_POINT ( 'NONE',  ( 2.238088416438636763, 3.136248313560708656, 1.967501556475121927 ) ) ;
#5168 = ADVANCED_FACE ( 'NONE', ( #3279 ), #2365, .T. ) ;
#5169 = CARTESIAN_POINT ( 'NONE',  ( 3.331352434804510931, 2.101436410727269610, 1.304879262913040794 ) ) ;
#5170 = ORIENTED_EDGE ( 'NONE', *, *, #346, .T. ) ;
#5171 = CARTESIAN_POINT ( 'NONE',  ( 4.092341230775359939, 5.227736090365253219, 2.010063057685269605 ) ) ;
#5172 = CARTESIAN_POINT ( 'NONE',  ( 10.22591800424161868, -3.710563418540202552, 3.690736864462841993 ) ) ;
#5173 = CARTESIAN_POINT ( 'NONE',  ( 4.571208690393261165, 5.381836918165166850, 2.058722367318236657 ) ) ;
#5174 = CARTESIAN_POINT ( 'NONE',  ( 7.751285624725452017, 5.510276613939018908, 3.060101598397294786 ) ) ;
#5175 = ORIENTED_EDGE ( 'NONE', *, *, #4025, .T. ) ;
#5176 = CARTESIAN_POINT ( 'NONE',  ( 7.573047192435299557, 3.799974115890614179, 2.179392215730934002 ) ) ;
#5177 = CARTESIAN_POINT ( 'NONE',  ( 5.803098900573298913, -10.98469415815106665, 6.500000000000000888 ) ) ;
#5178 = CARTESIAN_POINT ( 'NONE',  ( 8.587172061250765154, -3.520065040877068618, 2.301913908775020001 ) ) ;
#5179 = CARTESIAN_POINT ( 'NONE',  ( 10.32468804448970978, 4.056716140380362212, 6.319508201657417779 ) ) ;
#5180 = CARTESIAN_POINT ( 'NONE',  ( 8.919172956111186323, -8.519720576497636699, 3.357229256154540042 ) ) ;
#5181 = CARTESIAN_POINT ( 'NONE',  ( 8.957775081735293909, -6.607223551756284508, 3.028862558526596693 ) ) ;
#5182 = ORIENTED_EDGE ( 'NONE', *, *, #1290, .T. ) ;
#5183 = CARTESIAN_POINT ( 'NONE',  ( 8.752056591248319251, -11.59384470642768683, 3.094720311712481298 ) ) ;
#5184 = CARTESIAN_POINT ( 'NONE',  ( 8.478328119340298841, 3.767169678281528711, 2.767062290310195571 ) ) ;
#5185 =( BOUNDED_SURFACE ( )  B_SPLINE_SURFACE ( 3, 2, ( 
 ( #1957, #1104, #2299 ),
 ( #1984, #4357, #3606 ),
 ( #3521, #4024, #3181 ),
 ( #5119, #365, #2355 ),
 ( #3154, #1511, #3578 ),
 ( #5093, #2699, #2808 ) ),
 .UNSPECIFIED., .F., .F., .T. ) 
 B_SPLINE_SURFACE_WITH_KNOTS ( ( 4, 2, 4 ),
 ( 3, 3 ),
 ( 0.005079688082872835068, 0.005692894021086457659, 0.006306099959300081118 ),
 ( 0.000000000000000000, 1.000000000000000000 ),
 .UNSPECIFIED. ) 
 GEOMETRIC_REPRESENTATION_ITEM ( )  RATIONAL_B_SPLINE_SURFACE ( (
 ( 1.000000000000000000, 0.6164899817206365151, 1.000000000000000000),
 ( 1.000000000000000000, 0.6089613152903917692, 1.000000000000000000),
 ( 1.000000000000000000, 0.6043459053619271160, 1.000000000000000000),
 ( 1.000000000000000000, 0.6030877217623284992, 1.000000000000000000),
 ( 1.000000000000000000, 0.6064425370814525706, 1.000000000000000000),
 ( 1.000000000000000000, 0.6135824757399694906, 1.000000000000000000) ) ) 
 REPRESENTATION_ITEM ( '' )  SURFACE ( )  );
#5186 = CARTESIAN_POINT ( 'NONE',  ( 7.842795343132605623, 3.433791298352806276, 2.238565580255253540 ) ) ;
#5187 = CARTESIAN_POINT ( 'NONE',  ( 8.166086074424001140, 0.7507469125790366959, 2.075637343154971948 ) ) ;
#5188 = CARTESIAN_POINT ( 'NONE',  ( -0.3696291841841850556, -11.03284149601360653, 5.217344791651711944 ) ) ;
#5189 = CARTESIAN_POINT ( 'NONE',  ( 6.626540558770876999, -11.31377806946451337, 2.315893550236274745 ) ) ;
#5190 = CARTESIAN_POINT ( 'NONE',  ( 8.023473253511840042, 4.367534742552524385, 2.647001720255306001 ) ) ;
#5191 = CARTESIAN_POINT ( 'NONE',  ( 7.937230865505377153, 4.511873073806069279, 2.646435376602938483 ) ) ;
#5192 = CARTESIAN_POINT ( 'NONE',  ( 4.901605234092425434, -10.97662607137897517, 4.292465536114397295 ) ) ;
#5193 = CARTESIAN_POINT ( 'NONE',  ( 9.531897761571331174, 0.4517549493379124925, 3.074842143869171540 ) ) ;
#5194 = CARTESIAN_POINT ( 'NONE',  ( 8.999949998749933400, 0.7764746815924761236, 2.699401728449982052 ) ) ;
#5195 = CARTESIAN_POINT ( 'NONE',  ( 6.993056013683301764, 1.987308194146081286, 1.526099485677806955 ) ) ;
#5196 = EDGE_LOOP ( 'NONE', ( #1247, #1980, #4841, #2634, #3574, #4849, #3545 ) ) ;
#5197 = ORIENTED_EDGE ( 'NONE', *, *, #4366, .F. ) ;
#5198 = CIRCLE ( 'NONE', #2941, 0.1000000000000000056 ) ;
#5199 = CARTESIAN_POINT ( 'NONE',  ( 4.289439800407291337, 6.261621938422723410, 2.676814907926657661 ) ) ;
#5200 = CARTESIAN_POINT ( 'NONE',  ( 9.855409472889895994, -3.759668932754673065, 3.293888851127779738 ) ) ;
#5201 = CARTESIAN_POINT ( 'NONE',  ( 4.146419087379327628, 5.235281006186665032, 2.084976469370999119 ) ) ;
#5202 = DIRECTION ( 'NONE',  ( -1.000000000000000000, 0.000000000000000000, 0.000000000000000000 ) ) ;
#5203 = CARTESIAN_POINT ( 'NONE',  ( 7.460946689668578991, -8.622030900137106713, 2.543587198616649392 ) ) ;
#5204 = ORIENTED_EDGE ( 'NONE', *, *, #249, .T. ) ;
#5205 = CARTESIAN_POINT ( 'NONE',  ( 8.279942274492961829, 3.719324785268845801, 2.603761125957851696 ) ) ;
#5206 = ADVANCED_FACE ( 'NONE', ( #4608 ), #3076, .T. ) ;
#5207 = CARTESIAN_POINT ( 'NONE',  ( 7.507118467953457497, 4.815308873510476317, 2.508610680815374749 ) ) ;
#5208 = B_SPLINE_CURVE_WITH_KNOTS ( 'NONE', 3,
 ( #93, #4429, #441, #4829, #1666, #1714, #119, #843, #2936, #3285, #2432, #503, #4481 ),
 .UNSPECIFIED., .F., .F.,
 ( 4, 3, 3, 3, 4 ),
 ( -5.999999999166646099E-08, 8.351215464335367406E-21, 0.0001821304264962135013, 0.0003603539686001580849, 0.0005388369301005994060 ),
 .UNSPECIFIED. ) ;
#5209 = CARTESIAN_POINT ( 'NONE',  ( 4.322253919222434959, -11.28118857214055382, 2.123104033331666862 ) ) ;
#5210 = CARTESIAN_POINT ( 'NONE',  ( 10.48692227126782761, 3.570703394207757952, 5.274344072990284182 ) ) ;
#5211 = CARTESIAN_POINT ( 'NONE',  ( 1.800525022943567865, 4.213090754177334141, 2.581991670365101132 ) ) ;
#5212 = CARTESIAN_POINT ( 'NONE',  ( 5.289378683071253029, -8.671759310835188472, 2.157003148408009441 ) ) ;
#5213 = DIRECTION ( 'NONE',  ( -1.000000000000000000, 0.000000000000000000, 0.000000000000000000 ) ) ;
#5214 = CARTESIAN_POINT ( 'NONE',  ( 4.781360772459455788, 4.054857973084255107, 1.413921121526932501 ) ) ;
#5215 = VERTEX_POINT ( 'NONE', #963 ) ;
#5216 = CARTESIAN_POINT ( 'NONE',  ( 3.363110529330564535, -11.79301587544387431, 2.043578123384619527 ) ) ;
#5217 = CARTESIAN_POINT ( 'NONE',  ( 8.029729802737206157, 3.797167409194806886, 2.459180196979849686 ) ) ;
ENDSEC;
END-ISO-10303-21;
