ISO-10303-21;
HEADER;
FILE_DESCRIPTION (( 'STEP AP214' ),
    '1' );
FILE_NAME ('H2 RH60.STEP',
    '2025-05-13T04:37:24',
    ( '' ),
    ( '' ),
    'SwSTEP 2.0',
    'SolidWorks 2023',
    '' );
FILE_SCHEMA (( 'AUTOMOTIVE_DESIGN' ));
ENDSEC;

DATA;
#1 = CARTESIAN_POINT ( 'NONE',  ( 24.25385059052235093, 27.54164241566260074, 162.1020548611110144 ) ) ;
#2 = CARTESIAN_POINT ( 'NONE',  ( 25.64535539414324816, 22.10401549648705100, 160.2450000000000045 ) ) ;
#3 = CARTESIAN_POINT ( 'NONE',  ( 24.83875706470410094, 26.23332902967635150, 159.3185625000000130 ) ) ;
#4 = VERTEX_POINT ( 'NONE', #5770 ) ;
#5 = CARTESIAN_POINT ( 'NONE',  ( 11.73732594273459995, 26.23922768918830073, 159.8566361111110155 ) ) ;
#6 = CARTESIAN_POINT ( 'NONE',  ( 14.53608072516439975, 22.77457588489604845, 153.6751676354989797 ) ) ;
#7 = CARTESIAN_POINT ( 'NONE',  ( 12.12701304665170099, 22.87576396411789759, 155.9207833713294917 ) ) ;
#8 = CARTESIAN_POINT ( 'NONE',  ( 11.13499082924129979, 26.71088433843955201, 154.9218098233300225 ) ) ;
#9 = CARTESIAN_POINT ( 'NONE',  ( 11.13694885139988955, 24.72880247184704317, 158.0136886643127241 ) ) ;
#10 = CARTESIAN_POINT ( 'NONE',  ( 10.07446934780464076, 20.74486521475484935, 150.5032220356039829 ) ) ;
#11 = ORIENTED_EDGE ( 'NONE', *, *, #1052, .F. ) ;
#12 = CARTESIAN_POINT ( 'NONE',  ( 19.09122249827349904, 29.77163930816514892, 149.9624602430556024 ) ) ;
#13 = CARTESIAN_POINT ( 'NONE',  ( 23.90196375825020070, 21.88696323573415015, 146.2421999999999969 ) ) ;
#14 = CARTESIAN_POINT ( 'NONE',  ( 19.71798862401470132, 30.03714505411910451, 164.0054557291664992 ) ) ;
#16 = B_SPLINE_SURFACE_WITH_KNOTS ( 'NONE', 3, 1, ( 
 ( #3907, #123 ),
 ( #4887, #6018 ),
 ( #160, #2320 ),
 ( #2288, #4399 ) ),
 .UNSPECIFIED., .F., .F., .F.,
 ( 4, 4 ),
 ( 2, 2 ),
 ( 0.000000000000000000, 1.000000000000000000 ),
 ( 0.000000000000000000, 1.000000000000000000 ),
 .UNSPECIFIED. ) ;
#15 = CARTESIAN_POINT ( 'NONE',  ( 23.76120747555305002, 25.46148320929880171, 149.3087630169244164 ) ) ;
#17 = CARTESIAN_POINT ( 'NONE',  ( 24.13179874606359832, 24.94721806647419982, 150.2193562252664947 ) ) ;
#18 = CARTESIAN_POINT ( 'NONE',  ( 10.66637669101754682, 23.88556329637278353, 155.6950180884969086 ) ) ;
#19 = ORIENTED_EDGE ( 'NONE', *, *, #4089, .F. ) ;
#20 = CARTESIAN_POINT ( 'NONE',  ( 23.62361563399920072, 25.21008749482840017, 147.9615571109131906 ) ) ;
#21 = CARTESIAN_POINT ( 'NONE',  ( 10.29495490992801976, 24.73393102839805024, 153.8701124999999763 ) ) ;
#22 = CARTESIAN_POINT ( 'NONE',  ( 24.66331489737211413, 25.61562477433177776, 154.7453274901788802 ) ) ;
#23 = B_SPLINE_SURFACE_WITH_KNOTS ( 'NONE', 3, 1, ( 
 ( #2537, #4090 ),
 ( #4611, #965 ),
 ( #6653, #4020 ),
 ( #4653, #6727 ) ),
 .UNSPECIFIED., .F., .F., .F.,
 ( 4, 4 ),
 ( 2, 2 ),
 ( 0.000000000000000000, 1.000000000000000000 ),
 ( 0.000000000000000000, 1.000000000000000000 ),
 .UNSPECIFIED. ) ;
#24 = CARTESIAN_POINT ( 'NONE',  ( 25.39049302243644846, 25.22215800338020131, 160.0987083333335192 ) ) ;
#25 = CARTESIAN_POINT ( 'NONE',  ( 21.99100966485400122, 28.09415812970095061, 150.0962624999999946 ) ) ;
#26 = CARTESIAN_POINT ( 'NONE',  ( 11.37130935802486142, 28.50768627047339976, 149.8013729166666224 ) ) ;
#27 = CARTESIAN_POINT ( 'NONE',  ( 19.31474178819374998, 29.78267929320434959, 151.5356077502529786 ) ) ;
#28 = CARTESIAN_POINT ( 'NONE',  ( 11.36217520394474079, 27.52673648910380066, 153.6870999999999867 ) ) ;
#29 = CARTESIAN_POINT ( 'NONE',  ( 10.11629204549569927, 22.35237114640939993, 151.5547499999999843 ) ) ;
#30 = ORIENTED_EDGE ( 'NONE', *, *, #3432, .T. ) ;
#31 = EDGE_CURVE ( 'NONE', #3172, #5411, #477, .T. ) ;
#32 = CARTESIAN_POINT ( 'NONE',  ( 21.44954480690740439, 29.73589330464750091, 162.2173296874999835 ) ) ;
#33 = CARTESIAN_POINT ( 'NONE',  ( 24.40451930551619952, 24.36316202672460207, 150.7643458333334934 ) ) ;
#34 = CARTESIAN_POINT ( 'NONE',  ( 25.55162312186105211, 21.57489626459489784, 162.2610750000000053 ) ) ;
#35 = CARTESIAN_POINT ( 'NONE',  ( 24.33159826620349975, 27.33196731713349692, 161.3086250000000064 ) ) ;
#36 = VERTEX_POINT ( 'NONE', #5182 ) ;
#37 = CARTESIAN_POINT ( 'NONE',  ( 11.54350357911033953, 25.59092012016569839, 159.8829833333334989 ) ) ;
#38 = CARTESIAN_POINT ( 'NONE',  ( 13.76135295028325878, 22.67582143313559939, 152.9136133480635067 ) ) ;
#39 = EDGE_CURVE ( 'NONE', #1214, #3587, #6106, .T. ) ;
#40 = CARTESIAN_POINT ( 'NONE',  ( 10.26838213299149949, 27.26117066561429780, 149.5373345696102092 ) ) ;
#41 = CARTESIAN_POINT ( 'NONE',  ( 12.67476987366899976, 22.91299411133470088, 155.7341155051765043 ) ) ;
#42 = CARTESIAN_POINT ( 'NONE',  ( 22.98654678921860040, 26.77243017848485351, 149.2444229244932217 ) ) ;
#43 = CARTESIAN_POINT ( 'NONE',  ( 9.782091439593330051, 22.69000341349454786, 150.4021041666665042 ) ) ;
#44 = ORIENTED_EDGE ( 'NONE', *, *, #2193, .T. ) ;
#45 = CARTESIAN_POINT ( 'NONE',  ( 22.88962066499719938, 19.39327367696604654, 147.2726388888889915 ) ) ;
#46 = B_SPLINE_CURVE_WITH_KNOTS ( 'NONE', 3,
 ( #6105, #6661, #2344, #729, #272, #1258, #5526, #1784, #4486, #6140, #831 ),
 .UNSPECIFIED., .F., .F.,
 ( 4, 1, 2, 2, 2, 4 ),
 ( 0.000000000000000000, 0.2499999999999997224, 0.3749999999999995559, 0.4999999999999994449, 0.7499999999999996669, 1.000000000000000000 ),
 .UNSPECIFIED. ) ;
#47 = CARTESIAN_POINT ( 'NONE',  ( 17.57984683839400120, 30.11093626888244756, 148.1587749999999915 ) ) ;
#48 = CARTESIAN_POINT ( 'NONE',  ( 19.50774105466514996, 23.89073116910569894, 158.1214287640705152 ) ) ;
#49 = AXIS2_PLACEMENT_3D ( 'NONE', #4983, #5441, #2882 ) ;
#50 = CARTESIAN_POINT ( 'NONE',  ( 11.58785734486214025, 27.48372890683454983, 154.8548617946870252 ) ) ;
#51 = VERTEX_POINT ( 'NONE', #2552 ) ;
#52 = CARTESIAN_POINT ( 'NONE',  ( 11.89205632478426011, 28.35697291995149882, 152.8668234943944810 ) ) ;
#53 = CARTESIAN_POINT ( 'NONE',  ( 13.86196128181375897, 23.03909265057800226, 156.3397480231649865 ) ) ;
#54 = CARTESIAN_POINT ( 'NONE',  ( 10.31406081839393885, 26.59871531952984824, 151.5697659722224842 ) ) ;
#55 = CARTESIAN_POINT ( 'NONE',  ( 24.67186523583911040, 25.58306759374877615, 154.7025864536354902 ) ) ;
#56 = CARTESIAN_POINT ( 'NONE',  ( 24.39035131018690095, 24.93115129404120012, 151.5309000000000026 ) ) ;
#57 = CARTESIAN_POINT ( 'NONE',  ( 25.22373642444554775, 24.94233204062674858, 157.3780242994874925 ) ) ;
#58 = CARTESIAN_POINT ( 'NONE',  ( 17.09030405723535395, 30.28229085337340010, 153.7473150127185022 ) ) ;
#59 = CARTESIAN_POINT ( 'NONE',  ( 13.78292652162924092, 22.70849910765170065, 153.6006478398479942 ) ) ;
#60 = CARTESIAN_POINT ( 'NONE',  ( 10.17825502545751171, 22.33723535644168834, 152.0200510061151817 ) ) ;
#61 = CARTESIAN_POINT ( 'NONE',  ( 10.46032463055746042, 27.48185613252685044, 149.7788776358879943 ) ) ;
#62 = CARTESIAN_POINT ( 'NONE',  ( 10.17304058463774119, 21.69158700728239708, 151.2873055555554913 ) ) ;
#63 = ORIENTED_EDGE ( 'NONE', *, *, #3775, .F. ) ;
#64 = CARTESIAN_POINT ( 'NONE',  ( 25.25635632138479991, 24.71800219804219978, 156.9794375000000173 ) ) ;
#65 = CARTESIAN_POINT ( 'NONE',  ( 25.77985232632129708, 22.29911786449439859, 162.0600666666665006 ) ) ;
#66 = EDGE_CURVE ( 'NONE', #6059, #4125, #5455, .T. ) ;
#67 = CARTESIAN_POINT ( 'NONE',  ( 24.52940399878674782, 27.12583366344329860, 161.6917140624999831 ) ) ;
#68 = ORIENTED_EDGE ( 'NONE', *, *, #4449, .T. ) ;
#69 = CARTESIAN_POINT ( 'NONE',  ( 11.02545273848437901, 21.72985651619750058, 156.5593833333334999 ) ) ;
#70 = CARTESIAN_POINT ( 'NONE',  ( 20.16981908430925330, 29.62950438334940273, 153.4702413365855307 ) ) ;
#71 = CARTESIAN_POINT ( 'NONE',  ( 14.47124821266674033, 23.02176562697795248, 154.8252872477025051 ) ) ;
#72 = CARTESIAN_POINT ( 'NONE',  ( 23.66782517915910233, 25.71501053553589955, 149.4476036925703966 ) ) ;
#73 = CARTESIAN_POINT ( 'NONE',  ( 10.41380414786456043, 20.34070900808224991, 151.0773668835690273 ) ) ;
#74 = EDGE_CURVE ( 'NONE', #378, #4389, #144, .T. ) ;
#75 = B_SPLINE_SURFACE_WITH_KNOTS ( 'NONE', 3, 1, ( 
 ( #6455, #4412 ),
 ( #688, #5518 ),
 ( #3856, #624 ),
 ( #4964, #2897 ),
 ( #2333, #2860 ),
 ( #233, #3952 ),
 ( #6032, #2367 ),
 ( #657, #201 ),
 ( #6517, #3824 ) ),
 .UNSPECIFIED., .F., .F., .F.,
 ( 4, 3, 2, 4 ),
 ( 2, 2 ),
 ( 0.000000000000000000, 0.0003254291943976595001, 0.0005286789378878609981, 0.0007321145842071709927 ),
 ( 0.000000000000000000, 1.000000000000000000 ),
 .UNSPECIFIED. ) ;
#76 = EDGE_LOOP ( 'NONE', ( #4180, #3851, #3815, #6868 ) ) ;
#77 = CARTESIAN_POINT ( 'NONE',  ( 20.16981908430925330, 29.62950438334940273, 153.4702413365855307 ) ) ;
#78 = CARTESIAN_POINT ( 'NONE',  ( 17.39556224461835043, 30.22667304226369822, 145.6005696231769946 ) ) ;
#79 = CARTESIAN_POINT ( 'NONE',  ( 23.97089210623804689, 26.35716197599594679, 152.7566574607409962 ) ) ;
#80 = VERTEX_POINT ( 'NONE', #4708 ) ;
#81 = B_SPLINE_SURFACE_WITH_KNOTS ( 'NONE', 3, 1, ( 
 ( #3434, #6083 ),
 ( #4498, #6019 ),
 ( #3341, #2289 ),
 ( #3372, #4461 ),
 ( #1270, #2387 ),
 ( #5504, #1828 ),
 ( #1298, #2817 ),
 ( #3463, #5536 ),
 ( #776, #5471 ),
 ( #4888, #5018 ) ),
 .UNSPECIFIED., .F., .F., .F.,
 ( 4, 2, 2, 2, 4 ),
 ( 2, 2 ),
 ( 0.000000000000000000, 0.2500000000000000000, 0.5000000000000000000, 0.7500000000000000000, 1.000000000000000000 ),
 ( 0.000000000000000000, 1.000000000000000000 ),
 .UNSPECIFIED. ) ;
#82 = CARTESIAN_POINT ( 'NONE',  ( 27.93517377375134814, 24.55266249407660339, 157.2324829354070062 ) ) ;
#83 = CARTESIAN_POINT ( 'NONE',  ( 14.92149777485489892, 23.07949456715599723, 155.2753490425205030 ) ) ;
#84 = CARTESIAN_POINT ( 'NONE',  ( 9.946397374381030332, 25.82606663333439911, 150.7142499999999927 ) ) ;
#85 = CARTESIAN_POINT ( 'NONE',  ( 25.52344774725775167, 25.15886203697500179, 161.2757717775614879 ) ) ;
#86 = CARTESIAN_POINT ( 'NONE',  ( 11.70338495587870042, 28.35736876064904877, 152.0371333333334860 ) ) ;
#87 = CARTESIAN_POINT ( 'NONE',  ( 25.09716849795774962, 26.13873553827439977, 161.2752083935814937 ) ) ;
#88 = CARTESIAN_POINT ( 'NONE',  ( 10.29933543715464062, 27.37626514925245047, 149.3970244325533940 ) ) ;
#89 = CARTESIAN_POINT ( 'NONE',  ( 10.38897933548856045, 21.18023748742140100, 151.9131500000000017 ) ) ;
#90 = ORIENTED_EDGE ( 'NONE', *, *, #441, .F. ) ;
#91 = CARTESIAN_POINT ( 'NONE',  ( 13.46239762261492068, 22.78596146110239928, 155.9179413578175115 ) ) ;
#92 = CARTESIAN_POINT ( 'NONE',  ( 22.34766614811429974, 29.28857291855229761, 162.2577479166664887 ) ) ;
#93 = CARTESIAN_POINT ( 'NONE',  ( 25.21848600597584777, 24.84468756114589993, 156.9767750000000035 ) ) ;
#94 = CARTESIAN_POINT ( 'NONE',  ( 25.12904606906829841, 20.63489612392384842, 160.3999000000000024 ) ) ;
#95 = CARTESIAN_POINT ( 'NONE',  ( 24.83078055867554923, 26.09874050091304909, 158.5348729166665009 ) ) ;
#96 = ORIENTED_EDGE ( 'NONE', *, *, #2806, .T. ) ;
#97 = CARTESIAN_POINT ( 'NONE',  ( 10.95635776242161974, 21.72895010630355372, 156.1730291666665096 ) ) ;
#98 = CARTESIAN_POINT ( 'NONE',  ( 19.42244777489105090, 29.89746859114159960, 153.5316370678530120 ) ) ;
#99 = DIRECTION ( 'NONE',  ( -0.9914626728336710659, -0.07787427352598338959, 0.1045818621956666056 ) ) ;
#100 = EDGE_CURVE ( 'NONE', #5176, #6770, #980, .T. ) ;
#101 = CARTESIAN_POINT ( 'NONE',  ( 10.04385075218550050, 22.34165943973735224, 151.1721687499999973 ) ) ;
#102 = CARTESIAN_POINT ( 'NONE',  ( 25.19685175770905161, 24.98131821639285022, 157.2305247516285078 ) ) ;
#103 = CARTESIAN_POINT ( 'NONE',  ( 9.719242169832940093, 24.43779680350920103, 150.1620559234839902 ) ) ;
#104 = CARTESIAN_POINT ( 'NONE',  ( 8.429069364855488189, 23.23052275212154782, 148.9721375471654028 ) ) ;
#105 = ORIENTED_EDGE ( 'NONE', *, *, #3806, .T. ) ;
#106 = CARTESIAN_POINT ( 'NONE',  ( 23.81416608509435306, 24.68575853818579802, 147.9701042057860150 ) ) ;
#107 = CARTESIAN_POINT ( 'NONE',  ( 10.62913377723248054, 25.12399145695800229, 155.0086000000000013 ) ) ;
#108 = CARTESIAN_POINT ( 'NONE',  ( 22.20781830475130292, 17.99928858252399877, 145.0485329635031917 ) ) ;
#109 = CARTESIAN_POINT ( 'NONE',  ( 9.516586533161630612, 23.08964907353505680, 149.8539941421885544 ) ) ;
#110 = CARTESIAN_POINT ( 'NONE',  ( 18.96664174053795193, 30.04782567895120238, 164.0899320312499867 ) ) ;
#111 = CARTESIAN_POINT ( 'NONE',  ( 10.14354665106112030, 24.34158511264935143, 153.2582867536179947 ) ) ;
#112 = ADVANCED_FACE ( 'NONE', ( #4178 ), #6290, .T. ) ;
#113 = CARTESIAN_POINT ( 'NONE',  ( 25.02148097560834827, 25.18725370280709797, 156.1904791666665062 ) ) ;
#114 = ORIENTED_EDGE ( 'NONE', *, *, #4559, .F. ) ;
#115 = CARTESIAN_POINT ( 'NONE',  ( 11.69881062515280057, 28.14998194441250234, 152.8974472524635075 ) ) ;
#116 = CARTESIAN_POINT ( 'NONE',  ( 13.52398657415121974, 23.01370244699669954, 156.4011161679269719 ) ) ;
#117 = CARTESIAN_POINT ( 'NONE',  ( 23.62810301128735802, 25.08819651137684303, 147.6729659989622121 ) ) ;
#118 = CARTESIAN_POINT ( 'NONE',  ( 20.37942611894800038, 29.96057992939524794, 160.4735458333335032 ) ) ;
#119 = CARTESIAN_POINT ( 'NONE',  ( 25.36196376699259858, 25.46974679384749862, 160.7496506944444832 ) ) ;
#120 = CARTESIAN_POINT ( 'NONE',  ( 24.83078055867554923, 26.09874050091304909, 158.5348729166665009 ) ) ;
#121 =( NAMED_UNIT ( * ) SI_UNIT ( $, .STERADIAN. ) SOLID_ANGLE_UNIT ( ) );
#122 = CARTESIAN_POINT ( 'NONE',  ( 17.10670893700834938, 30.26186485071824706, 153.7499666666665235 ) ) ;
#123 = CARTESIAN_POINT ( 'NONE',  ( 10.36111465580009927, 24.34215475542789875, 154.2427523760145220 ) ) ;
#124 = B_SPLINE_SURFACE_WITH_KNOTS ( 'NONE', 3, 3, ( 
 ( #142, #6069, #5004, #3452, #6626, #2340, #3142, #410, #4170, #4771, #5682, #5209, #3659, #4617 ),
 ( #2543, #4129, #1556, #8, #5720, #3032, #3622, #6237, #447, #5136, #2579, #2122, #1477, #4095 ),
 ( #5758, #374, #2086, #4733, #4658, #2506, #6204, #6734, #6766, #1445, #4695, #3584, #6801, #2049 ),
 ( #932, #3732, #3184, #971, #3068, #2016, #3103, #4242, #1983, #6278, #486, #1518, #1006, #5244 ),
 ( #2617, #6838, #4204, #6318, #3694, #5834, #5287, #5798, #1044, #524, #2657, #1632, #40, #3222 ) ),
 .UNSPECIFIED., .F., .F., .F.,
 ( 4, 1, 4 ),
 ( 4, 1, 1, 1, 1, 1, 1, 1, 1, 1, 1, 4 ),
 ( 0.000000000000000000, 1.000000000000000000, 2.000000000000000000 ),
 ( 0.000000000000000000, 1.000000000000000000, 2.000000000000000000, 3.000000000000000000, 5.000000000000000000, 7.000000000000000000, 9.000000000000000000, 11.00000000000000000, 13.00000000000000000, 14.00000000000000000, 15.00000000000000000, 16.00000000000000000 ),
 .UNSPECIFIED. ) ;
#125 = CARTESIAN_POINT ( 'NONE',  ( 17.09030405747955328, 30.28229085336510096, 153.7473150126940027 ) ) ;
#126 = CARTESIAN_POINT ( 'NONE',  ( 9.988637028340169977, 22.99738036028290011, 151.1580124999999839 ) ) ;
#127 = CARTESIAN_POINT ( 'NONE',  ( 20.98407567817205077, 29.67995394565109990, 159.6123416666665094 ) ) ;
#128 = CARTESIAN_POINT ( 'NONE',  ( 24.59717895120954978, 24.72850928540905002, 152.3120499999999993 ) ) ;
#129 = CARTESIAN_POINT ( 'NONE',  ( 24.13661495455314920, 19.04584446162889932, 157.4673666666664928 ) ) ;
#130 = CARTESIAN_POINT ( 'NONE',  ( 24.99933275538820254, 26.46752499759975308, 162.0641540094139827 ) ) ;
#131 = VERTEX_POINT ( 'NONE', #6848 ) ;
#132 = CARTESIAN_POINT ( 'NONE',  ( 11.53640589305614128, 27.05070213221160103, 156.0526659793684985 ) ) ;
#133 = CARTESIAN_POINT ( 'NONE',  ( 24.40745619065694783, 25.00982858371395068, 151.7778309842470037 ) ) ;
#134 = CARTESIAN_POINT ( 'NONE',  ( 13.44581450967258007, 22.98507174335905034, 155.9089917285054980 ) ) ;
#135 = CARTESIAN_POINT ( 'NONE',  ( 10.14209392694821865, 21.68771469745205138, 151.1616322916665069 ) ) ;
#136 = CARTESIAN_POINT ( 'NONE',  ( 19.18826149704419848, 29.82243470272145203, 151.5462965508225182 ) ) ;
#137 = CARTESIAN_POINT ( 'NONE',  ( 24.28090778241789849, 25.19214809701104940, 151.2776493512000116 ) ) ;
#138 = CARTESIAN_POINT ( 'NONE',  ( 24.32757133901530011, 24.45110924906665062, 150.4841568824924991 ) ) ;
#139 = ORIENTED_EDGE ( 'NONE', *, *, #5964, .T. ) ;
#140 = CARTESIAN_POINT ( 'NONE',  ( 22.45287274110715003, 18.84988628444999748, 148.6769473958331957 ) ) ;
#141 = CARTESIAN_POINT ( 'NONE',  ( 9.684040488735226049, 22.29532756298734242, 150.1921279349119800 ) ) ;
#142 = CARTESIAN_POINT ( 'NONE',  ( 11.26025519498980110, 26.64583188074490039, 155.6992991530539996 ) ) ;
#143 = CARTESIAN_POINT ( 'NONE',  ( 18.87987592820184801, 30.18735297310685084, 160.6599999999999966 ) ) ;
#144 = B_SPLINE_CURVE_WITH_KNOTS ( 'NONE', 3,
 ( #1567, #3115, #5220, #459 ),
 .UNSPECIFIED., .F., .F.,
 ( 4, 4 ),
 ( 0.000000000000000000, 1.000000000000000000 ),
 .UNSPECIFIED. ) ;
#145 = PRESENTATION_STYLE_ASSIGNMENT (( #2307 ) ) ;
#146 = CARTESIAN_POINT ( 'NONE',  ( 22.38160846130194770, 27.71025124895730229, 150.0662374999999997 ) ) ;
#147 = CARTESIAN_POINT ( 'NONE',  ( 25.15187392425135116, 25.25072677564455148, 157.7523166666665020 ) ) ;
#148 = ORIENTED_EDGE ( 'NONE', *, *, #953, .F. ) ;
#149 = EDGE_CURVE ( 'NONE', #958, #6160, #4215, .T. ) ;
#150 = CARTESIAN_POINT ( 'NONE',  ( 9.789647456053968355, 22.53891101009390141, 150.4161966590714883 ) ) ;
#151 = CARTESIAN_POINT ( 'NONE',  ( 9.954375914801198988, 24.32211377806559582, 151.6695840277780007 ) ) ;
#152 = LINE ( 'NONE', #2811, #1267 ) ;
#153 = CARTESIAN_POINT ( 'NONE',  ( 24.75183223482455119, 25.07531024456270075, 153.8575833333334799 ) ) ;
#154 = CARTESIAN_POINT ( 'NONE',  ( 9.938734354546282290, 24.13158667490738907, 151.4113529950182624 ) ) ;
#155 = VECTOR ( 'NONE', #6325, 1000.000000000000114 ) ;
#156 = CARTESIAN_POINT ( 'NONE',  ( 9.976100170963288605, 23.89734298372116683, 151.6605788584798802 ) ) ;
#157 = CARTESIAN_POINT ( 'NONE',  ( 12.15293001872549894, 28.37537315732179977, 154.3492175188804936 ) ) ;
#158 = CARTESIAN_POINT ( 'NONE',  ( 25.09862743289205156, 26.03320519238179998, 160.7515999999999963 ) ) ;
#159 = B_SPLINE_CURVE_WITH_KNOTS ( 'NONE', 3,
 ( #5094, #2461, #716, #1246 ),
 .UNSPECIFIED., .F., .F.,
 ( 4, 4 ),
 ( 0.4425170523551200108, 1.000000000000000000 ),
 .UNSPECIFIED. ) ;
#160 = CARTESIAN_POINT ( 'NONE',  ( 10.40638126240362027, 23.78010756485539900, 154.7714384085319921 ) ) ;
#161 = CARTESIAN_POINT ( 'NONE',  ( 10.95928433629533849, 26.66645621469254834, 154.5613501037020114 ) ) ;
#162 = CARTESIAN_POINT ( 'NONE',  ( 22.88515522266695257, 27.73502382243370334, 152.7930751423250229 ) ) ;
#163 = PRODUCT_DEFINITION_FORMATION_WITH_SPECIFIED_SOURCE ( 'ANY', '', #2661, .NOT_KNOWN. ) ;
#164 = CARTESIAN_POINT ( 'NONE',  ( 23.66991696775230025, 26.80963577344320115, 152.7629881344174976 ) ) ;
#165 = CARTESIAN_POINT ( 'NONE',  ( 23.88115474488975210, 27.36693377701299923, 157.7887729166665167 ) ) ;
#166 = CARTESIAN_POINT ( 'NONE',  ( 24.27315642056170120, 20.07723196909650198, 152.6409999999999911 ) ) ;
#167 = ORIENTED_EDGE ( 'NONE', *, *, #3781, .T. ) ;
#168 = CARTESIAN_POINT ( 'NONE',  ( 11.24084947157055936, 20.57845350503195192, 156.1384567708335283 ) ) ;
#169 = VECTOR ( 'NONE', #1553, 1000.000000000000000 ) ;
#170 = CYLINDRICAL_SURFACE ( 'NONE', #2739, 7.034424174780861350 ) ;
#171 = CARTESIAN_POINT ( 'NONE',  ( 25.35151137976259861, 24.62902436621329727, 157.7632250000000056 ) ) ;
#172 = CARTESIAN_POINT ( 'NONE',  ( 14.48074721933678077, 22.81724715006464876, 154.7270424227305057 ) ) ;
#173 = CARTESIAN_POINT ( 'NONE',  ( 8.792486337679589425, 21.93468767482155002, 149.4595349214270072 ) ) ;
#174 = CARTESIAN_POINT ( 'NONE',  ( 9.909114906297270764, 25.80784805486730349, 150.4590166666665141 ) ) ;
#175 = ORIENTED_EDGE ( 'NONE', *, *, #2531, .T. ) ;
#176 = CARTESIAN_POINT ( 'NONE',  ( 22.57821417355275173, 18.79482906325320002, 146.0743166666665900 ) ) ;
#177 = CARTESIAN_POINT ( 'NONE',  ( 9.631356031611145951, 22.55781183125875700, 150.1038791749582799 ) ) ;
#178 = CARTESIAN_POINT ( 'NONE',  ( 18.74374043249270017, 30.13361367828430204, 162.2664249999999981 ) ) ;
#179 = CARTESIAN_POINT ( 'NONE',  ( 18.75451903709834767, 24.01337476724929942, 151.0720158143699905 ) ) ;
#180 = CARTESIAN_POINT ( 'NONE',  ( 10.67530483418575926, 27.90901841754149970, 149.3458217302493836 ) ) ;
#181 = LINE ( 'NONE', #2409, #6475 ) ;
#182 = ORIENTED_EDGE ( 'NONE', *, *, #2687, .F. ) ;
#183 = CARTESIAN_POINT ( 'NONE',  ( 25.02298906167609971, 25.33368150572490052, 156.7667133345264858 ) ) ;
#184 = CARTESIAN_POINT ( 'NONE',  ( 11.89205632478426011, 28.35697291995149882, 152.8668234943944810 ) ) ;
#185 = CARTESIAN_POINT ( 'NONE',  ( 24.54071058776195002, 25.13670645226014955, 152.7640938243320079 ) ) ;
#186 = CARTESIAN_POINT ( 'NONE',  ( 18.58258183360409888, 29.79187030295794969, 146.5820943720410128 ) ) ;
#187 = DIRECTION ( 'NONE',  ( 0.9949093705772957819, 0.000000000000000000, -0.1007737284091895502 ) ) ;
#188 = EDGE_CURVE ( 'NONE', #1441, #996, #3961, .T. ) ;
#189 = CARTESIAN_POINT ( 'NONE',  ( 11.06046200763010035, 26.94056126849745070, 154.0332023549740086 ) ) ;
#190 = CARTESIAN_POINT ( 'NONE',  ( 14.15630568408243839, 22.82949912973800011, 155.6007932207190265 ) ) ;
#191 = CARTESIAN_POINT ( 'NONE',  ( 23.28066979371734746, 27.94052442251794943, 157.0372500000000002 ) ) ;
#192 = CARTESIAN_POINT ( 'NONE',  ( 17.13234751675574685, 30.27481556815644836, 154.9360892361110018 ) ) ;
#193 = EDGE_CURVE ( 'NONE', #4021, #6791, #6745, .T. ) ;
#194 = CARTESIAN_POINT ( 'NONE',  ( 24.09071978847504880, 19.48559798287350020, 162.5530885416665114 ) ) ;
#195 = CARTESIAN_POINT ( 'NONE',  ( 23.74842210587869928, 27.22880842922419831, 155.4408083333335071 ) ) ;
#196 = VERTEX_POINT ( 'NONE', #1572 ) ;
#197 = CARTESIAN_POINT ( 'NONE',  ( 11.21443244349250001, 21.21422559543900022, 157.0645666666665079 ) ) ;
#198 = CARTESIAN_POINT ( 'NONE',  ( 23.73674286859014870, 25.10026274618605058, 148.3798282462944087 ) ) ;
#199 = CARTESIAN_POINT ( 'NONE',  ( 19.67714705991381052, 29.81956136083038089, 153.5099977485050431 ) ) ;
#200 = CARTESIAN_POINT ( 'NONE',  ( 24.57235104257814839, 24.29278242515655251, 151.5448708333335048 ) ) ;
#201 = CARTESIAN_POINT ( 'NONE',  ( 11.66522543371454113, 27.85407374934394653, 153.9231792210175058 ) ) ;
#202 = CARTESIAN_POINT ( 'NONE',  ( 9.743242644390290863, 24.53376499357725038, 150.2538902725229661 ) ) ;
#203 = CARTESIAN_POINT ( 'NONE',  ( 8.458084133228160439, 21.79509112002704896, 149.4163148334332050 ) ) ;
#204 = CYLINDRICAL_SURFACE ( 'NONE', #1478, 7.197195596213462387 ) ;
#205 = ORIENTED_EDGE ( 'NONE', *, *, #4308, .T. ) ;
#206 = CARTESIAN_POINT ( 'NONE',  ( 22.12706672737374802, 18.44400388020169856, 146.8007958333331828 ) ) ;
#207 = CARTESIAN_POINT ( 'NONE',  ( 19.31311961266655075, 30.06383948973525122, 163.7861812499999985 ) ) ;
#208 = CARTESIAN_POINT ( 'NONE',  ( 25.26132232887872675, 23.73054510037856346, 155.0702430111842602 ) ) ;
#209 = CARTESIAN_POINT ( 'NONE',  ( 12.11266389653670039, 22.82280902942819978, 154.7692364126335178 ) ) ;
#210 = VERTEX_POINT ( 'NONE', #6295 ) ;
#211 = CARTESIAN_POINT ( 'NONE',  ( 12.20759651953800073, 28.67578605620155230, 152.7761624999999981 ) ) ;
#212 = CARTESIAN_POINT ( 'NONE',  ( 23.37749351261714992, 27.25449656370754781, 153.2721257046605103 ) ) ;
#213 = CARTESIAN_POINT ( 'NONE',  ( 9.888395521842090474, 25.79720441050404744, 150.3321935473734925 ) ) ;
#214 = FACE_OUTER_BOUND ( 'NONE', #3981, .T. ) ;
#215 = CARTESIAN_POINT ( 'NONE',  ( 27.05464472664010245, 24.08858365895759945, 148.5392787256817826 ) ) ;
#216 = B_SPLINE_CURVE_WITH_KNOTS ( 'NONE', 3,
 ( #828, #5068, #2901, #5523 ),
 .UNSPECIFIED., .F., .F.,
 ( 4, 4 ),
 ( 0.000000000000000000, 1.000000000000000000 ),
 .UNSPECIFIED. ) ;
#217 = CARTESIAN_POINT ( 'NONE',  ( 10.42495682380761934, 25.50071894442755038, 153.8420000000000130 ) ) ;
#218 = CARTESIAN_POINT ( 'NONE',  ( 24.56191494063584813, 26.00821617160094945, 155.4096812500000055 ) ) ;
#219 = CARTESIAN_POINT ( 'NONE',  ( 24.26630609684089990, 25.90144053955345171, 153.2543301219760110 ) ) ;
#220 = CARTESIAN_POINT ( 'NONE',  ( 13.57683178469609864, 22.79482064985705136, 155.9030000618045335 ) ) ;
#221 = CARTESIAN_POINT ( 'NONE',  ( 13.42157734945363856, 22.78271798514504809, 155.9214183495139991 ) ) ;
#222 = CARTESIAN_POINT ( 'NONE',  ( 23.95479720551895042, 27.49704902357989766, 159.3587541666665004 ) ) ;
#223 = CARTESIAN_POINT ( 'NONE',  ( 25.36130946393605257, 25.07270111793255296, 159.3186333333335085 ) ) ;
#224 = CARTESIAN_POINT ( 'NONE',  ( 23.51885338625559996, 19.40058571555140077, 151.2222999999999900 ) ) ;
#225 = CARTESIAN_POINT ( 'NONE',  ( 23.75091366126959969, 26.55246504697614895, 152.3170000000000073 ) ) ;
#226 = ORIENTED_EDGE ( 'NONE', *, *, #4842, .T. ) ;
#227 = EDGE_CURVE ( 'NONE', #1214, #36, #5782, .T. ) ;
#228 = CARTESIAN_POINT ( 'NONE',  ( 11.10265143161510082, 20.83081037067905328, 155.7602242187499826 ) ) ;
#229 = CARTESIAN_POINT ( 'NONE',  ( 24.42397921499309987, 25.23548694942254755, 152.3048166666665111 ) ) ;
#230 = DIRECTION ( 'NONE',  ( -0.7478662363507863065, -0.09183869581607972954, -0.6574661561459353987 ) ) ;
#231 = CARTESIAN_POINT ( 'NONE',  ( 23.63700640761145166, 25.50659695672874960, 148.8029534294501843 ) ) ;
#232 = FACE_OUTER_BOUND ( 'NONE', #559, .T. ) ;
#233 = CARTESIAN_POINT ( 'NONE',  ( 11.84431182997322018, 28.03660258149449902, 154.3985622165910172 ) ) ;
#234 = CARTESIAN_POINT ( 'NONE',  ( 24.72176997931184772, 24.58691425664650154, 152.7751045968630024 ) ) ;
#235 = CARTESIAN_POINT ( 'NONE',  ( 9.715719005986249712, 24.26464174348440039, 150.1895830422569986 ) ) ;
#236 = EDGE_LOOP ( 'NONE', ( #5001, #2402, #1196, #5575 ) ) ;
#237 = EDGE_CURVE ( 'NONE', #5411, #6100, #2654, .T. ) ;
#238 = CARTESIAN_POINT ( 'NONE',  ( 24.39035131018690095, 24.93115129404120012, 151.5309000000000026 ) ) ;
#239 = CARTESIAN_POINT ( 'NONE',  ( 21.46475397634575089, 28.77788036640765057, 151.8747413609495140 ) ) ;
#240 = CARTESIAN_POINT ( 'NONE',  ( 18.20059791099640378, 30.21214688045149899, 155.9860999999999933 ) ) ;
#241 = CARTESIAN_POINT ( 'NONE',  ( 24.70382092277484531, 23.52612321247615412, 151.5553051384236198 ) ) ;
#242 = DIRECTION ( 'NONE',  ( 0.9914626728336710659, 0.07787427352598344510, -0.1045818621956663419 ) ) ;
#243 = FACE_OUTER_BOUND ( 'NONE', #5048, .T. ) ;
#244 = CARTESIAN_POINT ( 'NONE',  ( 25.14539782381455169, 25.79948742398615025, 160.0974999999999966 ) ) ;
#245 = EDGE_LOOP ( 'NONE', ( #205, #2668, #1230, #330 ) ) ;
#246 = CARTESIAN_POINT ( 'NONE',  ( 13.85632312782631992, 29.96546749174465063, 150.1915000000000191 ) ) ;
#247 = CARTESIAN_POINT ( 'NONE',  ( 25.05388112176730075, 25.34815375108890123, 157.1408023556304840 ) ) ;
#248 = CARTESIAN_POINT ( 'NONE',  ( 24.21708170930665105, 24.99693098789469659, 150.7507145833334903 ) ) ;
#249 = LINE ( 'NONE', #3490, #711 ) ;
#250 = CARTESIAN_POINT ( 'NONE',  ( 18.54287952061299904, 29.80077710037849670, 146.0742741302166223 ) ) ;
#251 = CARTESIAN_POINT ( 'NONE',  ( 14.82637205576601858, 30.04835654751484952, 153.9891155959584808 ) ) ;
#252 = CARTESIAN_POINT ( 'NONE',  ( 25.48067068936475366, 23.85554950831264875, 157.4448870964280047 ) ) ;
#253 = CARTESIAN_POINT ( 'NONE',  ( 19.60179750150155087, 29.58343687916650211, 150.0411751736110091 ) ) ;
#254 = CARTESIAN_POINT ( 'NONE',  ( 24.41840933833294969, 24.97803631929470214, 151.7784187482320135 ) ) ;
#255 = CARTESIAN_POINT ( 'NONE',  ( 20.86582282401120381, 29.43371146031524788, 154.8869166666665080 ) ) ;
#256 = CARTESIAN_POINT ( 'NONE',  ( 23.56861705693610176, 18.87750852279645031, 153.6051999999999964 ) ) ;
#257 = CARTESIAN_POINT ( 'NONE',  ( 23.70157194623017105, 24.76725387778438758, 147.3972193471688570 ) ) ;
#258 = CARTESIAN_POINT ( 'NONE',  ( 23.35337608720099922, 27.10088417503079938, 152.3376041666664946 ) ) ;
#259 = ORIENTED_EDGE ( 'NONE', *, *, #4474, .T. ) ;
#260 = CARTESIAN_POINT ( 'NONE',  ( 25.29892972826685238, 25.03839750263794883, 158.5370999999999810 ) ) ;
#261 = CARTESIAN_POINT ( 'NONE',  ( 19.33163524524290011, 23.79791540208190170, 156.3827879221254875 ) ) ;
#262 = CIRCLE ( 'NONE', #4155, 1.749999999999996891 ) ;
#263 = CARTESIAN_POINT ( 'NONE',  ( 25.38558369035115092, 24.20484643946450021, 156.9934250000000020 ) ) ;
#264 = ADVANCED_FACE ( 'NONE', ( #1060 ), #2832, .T. ) ;
#265 = LINE ( 'NONE', #6621, #5272 ) ;
#266 = EDGE_LOOP ( 'NONE', ( #5060, #5025, #5716, #1002 ) ) ;
#267 = CARTESIAN_POINT ( 'NONE',  ( 24.97231418075925191, 25.31093721329970236, 156.1894374999999968 ) ) ;
#268 = DIRECTION ( 'NONE',  ( 0.1006318910984300152, 0.05303758115645541144, 0.9935090525400490646 ) ) ;
#269 = CARTESIAN_POINT ( 'NONE',  ( 17.88108334084294881, 30.23263768668760321, 158.4077166666665164 ) ) ;
#270 = CARTESIAN_POINT ( 'NONE',  ( 24.22084328839999046, 23.36740910191511134, 148.9191804600306170 ) ) ;
#271 = CARTESIAN_POINT ( 'NONE',  ( 10.70916409953971993, 27.90845295708435003, 149.4759162991092012 ) ) ;
#272 = CARTESIAN_POINT ( 'NONE',  ( 21.41517507241365692, 28.74410386908137127, 151.3782996263306870 ) ) ;
#273 = EDGE_CURVE ( 'NONE', #3771, #2927, #2977, .T. ) ;
#274 = EDGE_LOOP ( 'NONE', ( #5276, #6834, #4270, #2767 ) ) ;
#275 = CARTESIAN_POINT ( 'NONE',  ( 14.83407935772689967, 30.12306661893350324, 151.6550999999999760 ) ) ;
#276 = CARTESIAN_POINT ( 'NONE',  ( 23.93992264256344882, 24.19148181450495017, 147.8592645833332142 ) ) ;
#277 = CARTESIAN_POINT ( 'NONE',  ( 11.88261331286095945, 28.11161519240370055, 153.8874115262219959 ) ) ;
#278 = CARTESIAN_POINT ( 'NONE',  ( 18.63819038793925031, 29.93873667027409979, 150.4056374999999832 ) ) ;
#279 = CARTESIAN_POINT ( 'NONE',  ( 24.34551620032129904, 25.05682981545405141, 151.5294729166664922 ) ) ;
#280 = CARTESIAN_POINT ( 'NONE',  ( 11.05515983298803739, 22.65084355163984142, 157.3723179134653378 ) ) ;
#281 = CARTESIAN_POINT ( 'NONE',  ( 10.00146558750446069, 24.33644880562109947, 152.3240562500000124 ) ) ;
#282 = CARTESIAN_POINT ( 'NONE',  ( 24.89274061291555284, 25.98547285481910052, 158.5336291666664863 ) ) ;
#283 = CARTESIAN_POINT ( 'NONE',  ( 11.29951791249484927, 23.12315983771476269, 158.9938104921688762 ) ) ;
#284 = CARTESIAN_POINT ( 'NONE',  ( 12.12924700947903922, 22.62369874717159846, 154.7781860419455029 ) ) ;
#285 = CYLINDRICAL_SURFACE ( 'NONE', #6689, 1.749999999999996891 ) ;
#286 = B_SPLINE_CURVE_WITH_KNOTS ( 'NONE', 3,
 ( #4291, #1063, #4786, #4357 ),
 .UNSPECIFIED., .F., .F.,
 ( 4, 4 ),
 ( 0.000000000000000000, 1.000000000000000000 ),
 .UNSPECIFIED. ) ;
#287 = CARTESIAN_POINT ( 'NONE',  ( 20.60118148841459984, 29.58879056833304944, 155.7024250000000052 ) ) ;
#288 = CARTESIAN_POINT ( 'NONE',  ( 17.11497067772119962, 30.27421388605425179, 154.8061565972219853 ) ) ;
#289 = CARTESIAN_POINT ( 'NONE',  ( 11.77419148482080047, 27.74502871757384881, 154.8287216762389846 ) ) ;
#290 = B_SPLINE_SURFACE_WITH_KNOTS ( 'NONE', 3, 3, ( 
 ( #1461, #2980, #3465, #4562, #3533, #845, #5568, #806, #6153, #4533, #876 ),
 ( #3602, #4676, #6748, #1390, #5189, #3085, #3013, #2522, #1362, #5085, #5115 ),
 ( #6189, #3501, #353, #949, #324, #2484, #6711, #2943, #3049, #6674, #1962 ),
 ( #6783, #4076, #1428, #3566, #5666, #914, #5153, #392, #2030, #4638, #1999 ),
 ( #4113, #6219, #5701, #5864, #1543, #6266, #474, #4158, #3681, #2605, #1584 ),
 ( #3720, #1070, #3171, #4722, #611, #4298, #514, #5234, #6829, #2077, #5380 ),
 ( #5275, #1621, #4193, #2646, #5823, #5785, #3130, #1506, #3647, #6306, #2112 ),
 ( #5316, #4858, #1660, #2755, #1032, #4761, #548, #89, #995, #3213, #6344 ),
 ( #6867, #4232, #2682, #5747, #4794, #29, #5348, #2146, #4262, #4824, #6383 ),
 ( #1142, #3758, #579, #1106, #3247, #2716, #62, #2179, #6411, #3789, #5897 ),
 ( #3279, #3846, #1171, #3909, #126, #2784, #1208, #5920, #2213, #1299, #6020 ) ),
 .UNSPECIFIED., .F., .F., .F.,
 ( 4, 1, 1, 1, 1, 1, 1, 1, 4 ),
 ( 4, 1, 1, 1, 1, 1, 1, 1, 4 ),
 ( 0.000000000000000000, 1.000000000000000000, 3.000000000000000000, 5.000000000000000000, 7.000000000000000000, 9.000000000000000000, 10.00000000000000000, 11.00000000000000000, 12.00000000000000000 ),
 ( 0.000000000000000000, 1.000000000000000000, 2.000000000000000000, 3.000000000000000000, 5.000000000000000000, 7.000000000000000000, 8.000000000000000000, 9.000000000000000000, 10.00000000000000000 ),
 .UNSPECIFIED. ) ;
#291 = CARTESIAN_POINT ( 'NONE',  ( 24.06175776946579958, 26.66713301503904887, 154.6438499999999863 ) ) ;
#292 = CARTESIAN_POINT ( 'NONE',  ( 12.19357003227906056, 20.38597223571125028, 160.9902317582675266 ) ) ;
#293 = EDGE_LOOP ( 'NONE', ( #1143, #3058, #4577, #515 ) ) ;
#294 = CARTESIAN_POINT ( 'NONE',  ( 24.59717895120954978, 24.72850928540905002, 152.3120499999999993 ) ) ;
#295 = CARTESIAN_POINT ( 'NONE',  ( 13.67029498530352072, 23.00184566056489999, 155.8662273102285099 ) ) ;
#296 = CARTESIAN_POINT ( 'NONE',  ( 25.50683332792710090, 24.58472183157364910, 159.3280083333334858 ) ) ;
#297 = DIRECTION ( 'NONE',  ( 0.4662518374666879684, -0.8846520355817518722, 0.000000000000000000 ) ) ;
#298 = B_SPLINE_CURVE_WITH_KNOTS ( 'NONE', 3,
 ( #2264, #4901, #757, #6486 ),
 .UNSPECIFIED., .F., .F.,
 ( 4, 4 ),
 ( 0.004971599392567980016, 0.005242260628257220008 ),
 .UNSPECIFIED. ) ;
#299 = CARTESIAN_POINT ( 'NONE',  ( 10.65852793753624006, 24.74029748307905052, 155.4047000000000196 ) ) ;
#300 = ORIENTED_EDGE ( 'NONE', *, *, #489, .T. ) ;
#301 = CARTESIAN_POINT ( 'NONE',  ( 24.21708170930665105, 24.99693098789469659, 150.7507145833334903 ) ) ;
#302 = CARTESIAN_POINT ( 'NONE',  ( 25.15187392425135116, 25.25072677564455148, 157.7523166666665020 ) ) ;
#303 = CARTESIAN_POINT ( 'NONE',  ( 24.76916745862504854, 25.22713799200259999, 154.3562518232390062 ) ) ;
#304 = EDGE_CURVE ( 'NONE', #2920, #618, #3879, .T. ) ;
#305 = B_SPLINE_CURVE_WITH_KNOTS ( 'NONE', 3,
 ( #1339, #2426, #6091, #3507 ),
 .UNSPECIFIED., .F., .F.,
 ( 4, 4 ),
 ( 0.000000000000000000, 1.000000000000000000 ),
 .UNSPECIFIED. ) ;
#306 = CARTESIAN_POINT ( 'NONE',  ( 25.10236744818267240, 23.66407879930026681, 153.8860423187103663 ) ) ;
#307 = CARTESIAN_POINT ( 'NONE',  ( 10.86838418318436084, 27.80910804911509970, 150.5346499999999992 ) ) ;
#308 = CARTESIAN_POINT ( 'NONE',  ( 14.40507939396776038, 22.83414345164534964, 155.2431571476944896 ) ) ;
#309 = ORIENTED_EDGE ( 'NONE', *, *, #5080, .F. ) ;
#310 = CARTESIAN_POINT ( 'NONE',  ( 16.26946937288940020, 30.25587051857739951, 151.4765499999999747 ) ) ;
#311 = CARTESIAN_POINT ( 'NONE',  ( 23.59882274582189865, 25.27203268868560215, 147.9620702832489769 ) ) ;
#312 = EDGE_CURVE ( 'NONE', #4021, #2180, #6005, .T. ) ;
#313 = CARTESIAN_POINT ( 'NONE',  ( 11.20342899149371974, 26.52386835947694976, 155.7093468538475065 ) ) ;
#314 = CARTESIAN_POINT ( 'NONE',  ( 11.02486409439022097, 27.32314127900605172, 152.5065843245209862 ) ) ;
#315 = CARTESIAN_POINT ( 'NONE',  ( 20.55966828554455006, 29.99943104326465004, 162.7154944444444880 ) ) ;
#316 = CARTESIAN_POINT ( 'NONE',  ( 12.04002530700538109, 28.37627602387379611, 153.4341333419145030 ) ) ;
#317 = CARTESIAN_POINT ( 'NONE',  ( 12.76886018569149783, 28.97297966834785043, 153.7516609895295119 ) ) ;
#318 = CARTESIAN_POINT ( 'NONE',  ( 24.50028717707169434, 24.50933997186040614, 151.4596352065068743 ) ) ;
#319 = ORIENTED_EDGE ( 'NONE', *, *, #5031, .T. ) ;
#320 = CARTESIAN_POINT ( 'NONE',  ( 10.06559793126364077, 25.86906117654420001, 151.6200916666665250 ) ) ;
#321 = CARTESIAN_POINT ( 'NONE',  ( 24.32361812523040001, 25.77306675035764982, 153.0799374999999998 ) ) ;
#322 = CARTESIAN_POINT ( 'NONE',  ( 14.07041365289718193, 22.71418897176809892, 153.1945392748700101 ) ) ;
#323 = CARTESIAN_POINT ( 'NONE',  ( 11.07610942717670177, 27.35111254491499722, 153.0031671746749851 ) ) ;
#324 = CARTESIAN_POINT ( 'NONE',  ( 10.60097505584363908, 23.03320934059775027, 155.2938361111110055 ) ) ;
#325 = CARTESIAN_POINT ( 'NONE',  ( 20.40170459781655055, 29.58152008868605165, 154.1499875000000088 ) ) ;
#326 = CARTESIAN_POINT ( 'NONE',  ( 13.03100226219992130, 29.19827063312700233, 153.4733833333334871 ) ) ;
#327 = CARTESIAN_POINT ( 'NONE',  ( 11.72856988505600029, 27.46424635906450007, 155.5899202678550068 ) ) ;
#328 = CARTESIAN_POINT ( 'NONE',  ( 10.93139952831213790, 26.60510389221449756, 154.5674497760979875 ) ) ;
#329 = CARTESIAN_POINT ( 'NONE',  ( 11.58093237007797960, 24.79374400607670026, 160.7975500000000011 ) ) ;
#330 = ORIENTED_EDGE ( 'NONE', *, *, #786, .T. ) ;
#331 = CARTESIAN_POINT ( 'NONE',  ( 25.17686332518790238, 24.97000794921680011, 156.9746833333335019 ) ) ;
#332 = CARTESIAN_POINT ( 'NONE',  ( 9.548791881106998503, 24.29456701226069981, 149.6141556899522129 ) ) ;
#333 = CARTESIAN_POINT ( 'NONE',  ( 19.98422713003055051, 29.57562002997500272, 151.9821163593755102 ) ) ;
#334 = CARTESIAN_POINT ( 'NONE',  ( 25.81148416727710071, 22.93268397390085056, 160.8357333333335077 ) ) ;
#335 = CARTESIAN_POINT ( 'NONE',  ( 10.13970688777332008, 23.37386829681420153, 152.8070696891570037 ) ) ;
#336 = CARTESIAN_POINT ( 'NONE',  ( 10.80966450680775992, 26.57760378028699932, 153.7731312500000058 ) ) ;
#337 = CARTESIAN_POINT ( 'NONE',  ( 10.68112570707985931, 24.35045997487659974, 155.6686954861110053 ) ) ;
#338 = ORIENTED_EDGE ( 'NONE', *, *, #909, .F. ) ;
#339 = CARTESIAN_POINT ( 'NONE',  ( 23.99681327062970126, 24.85455284973889789, 149.3077981382860173 ) ) ;
#340 = LINE ( 'NONE', #1516, #609 ) ;
#341 = PLANE ( 'NONE',  #1718 ) ;
#342 = CARTESIAN_POINT ( 'NONE',  ( 24.83889580704022748, 23.57085027799018206, 152.3001020841977038 ) ) ;
#343 = EDGE_LOOP ( 'NONE', ( #2987, #2830, #6496, #586 ) ) ;
#344 = CARTESIAN_POINT ( 'NONE',  ( 14.94331836371343769, 30.10621551893774850, 152.4353999999999871 ) ) ;
#345 = CARTESIAN_POINT ( 'NONE',  ( 23.71578616708025322, 23.71438019039570122, 144.1543652777777993 ) ) ;
#346 = CARTESIAN_POINT ( 'NONE',  ( 24.09011196316944847, 24.92459463050380108, 149.9675541666665879 ) ) ;
#347 = CARTESIAN_POINT ( 'NONE',  ( 10.68830455672379998, 26.75587162882710146, 152.5709573996190045 ) ) ;
#348 = CARTESIAN_POINT ( 'NONE',  ( 23.11067621194790078, 26.48559547197084996, 148.8625736557821995 ) ) ;
#349 = ADVANCED_FACE ( 'NONE', ( #503 ), #2636, .T. ) ;
#350 = CARTESIAN_POINT ( 'NONE',  ( 24.94875531203319952, 25.73111992738444798, 157.7501374999999939 ) ) ;
#351 = CARTESIAN_POINT ( 'NONE',  ( 14.05383053995482001, 22.91329925402470380, 153.1855896455579966 ) ) ;
#352 = CARTESIAN_POINT ( 'NONE',  ( 23.30734907500605146, 27.22078006970090058, 152.6311012082510103 ) ) ;
#353 = CARTESIAN_POINT ( 'NONE',  ( 10.58064062964229990, 23.95376241682399865, 155.2904104166665036 ) ) ;
#354 = CARTESIAN_POINT ( 'NONE',  ( 25.49266754338715302, 25.42112946291450015, 162.0557638748605029 ) ) ;
#355 = CARTESIAN_POINT ( 'NONE',  ( 22.83242274545759898, 27.85043641706525008, 153.1504999999999939 ) ) ;
#356 = CARTESIAN_POINT ( 'NONE',  ( 12.39842591643239977, 28.32076786163440119, 155.4093295041579950 ) ) ;
#357 = CARTESIAN_POINT ( 'NONE',  ( 23.99064975242045250, 18.90201565578189857, 159.0764541666664798 ) ) ;
#358 = CARTESIAN_POINT ( 'NONE',  ( 23.93078042453857535, 23.65298171732704446, 147.1096900675558459 ) ) ;
#359 = EDGE_CURVE ( 'NONE', #378, #4709, #3031, .T. ) ;
#360 = CARTESIAN_POINT ( 'NONE',  ( 23.54646961831105045, 26.46438015243689890, 150.8930833333335215 ) ) ;
#361 = CARTESIAN_POINT ( 'NONE',  ( 11.89516855401605966, 21.21412317736410102, 160.7906019913404805 ) ) ;
#362 = ORIENTED_EDGE ( 'NONE', *, *, #1848, .T. ) ;
#363 = CARTESIAN_POINT ( 'NONE',  ( 24.79649254813350012, 24.94842920409945108, 153.8592666666664854 ) ) ;
#364 = CARTESIAN_POINT ( 'NONE',  ( 10.89442050954811947, 25.89307635010075259, 155.3603937499999859 ) ) ;
#365 = CARTESIAN_POINT ( 'NONE',  ( 9.249508666301498039, 25.42217783147100008, 148.5460418740565842 ) ) ;
#366 = CARTESIAN_POINT ( 'NONE',  ( 24.00153862316454934, 23.96239815719845012, 148.0113338768422011 ) ) ;
#367 = CARTESIAN_POINT ( 'NONE',  ( 24.08371766213439713, 23.60877793240789657, 148.1705630208332138 ) ) ;
#368 = DIRECTION ( 'NONE',  ( 0.1006318910984300152, 0.05303758115645541144, 0.9935090525400490646 ) ) ;
#369 = CARTESIAN_POINT ( 'NONE',  ( 10.73858685918516009, 24.74489658568774786, 155.7892489583335021 ) ) ;
#370 = VERTEX_POINT ( 'NONE', #4063 ) ;
#371 = CARTESIAN_POINT ( 'NONE',  ( 11.44350023273192107, 27.84941245243029684, 152.9393531075980093 ) ) ;
#372 = CARTESIAN_POINT ( 'NONE',  ( 14.69551371085674063, 22.99855945013419856, 153.8934488199804775 ) ) ;
#373 = CARTESIAN_POINT ( 'NONE',  ( 24.16855079325289779, 25.60921189959269739, 151.7700320222689925 ) ) ;
#374 = CARTESIAN_POINT ( 'NONE',  ( 11.40992818800665987, 26.99799198760794994, 155.5370007671400003 ) ) ;
#375 = CARTESIAN_POINT ( 'NONE',  ( 11.17657499577878433, 24.47287151916120962, 158.3972655819731585 ) ) ;
#376 = CARTESIAN_POINT ( 'NONE',  ( 10.12358660404999888, 20.34823563572994942, 150.4487301639059922 ) ) ;
#377 = CIRCLE ( 'NONE', #1725, 1.749999999999996669 ) ;
#378 = VERTEX_POINT ( 'NONE', #1847 ) ;
#379 = CARTESIAN_POINT ( 'NONE',  ( 15.20544503014615145, 30.28871051834149952, 148.4638249999999857 ) ) ;
#380 = CARTESIAN_POINT ( 'NONE',  ( 23.55814807027299906, 25.20919123155965380, 147.5119356222110127 ) ) ;
#381 = CARTESIAN_POINT ( 'NONE',  ( 25.04084400704624969, 25.34169530055554986, 156.9701124999999990 ) ) ;
#382 = CARTESIAN_POINT ( 'NONE',  ( 17.51665765771464933, 22.60356875797530307, 152.1009848473329953 ) ) ;
#383 = CARTESIAN_POINT ( 'NONE',  ( 17.96775687444939962, 30.02230981426124856, 148.1117000000000132 ) ) ;
#384 = CARTESIAN_POINT ( 'NONE',  ( 23.99681327062970126, 24.85455284973889789, 149.3077981382860173 ) ) ;
#385 = CARTESIAN_POINT ( 'NONE',  ( 11.11841504097560041, 22.67256073736020028, 157.7382712514292962 ) ) ;
#386 = FACE_OUTER_BOUND ( 'NONE', #1368, .T. ) ;
#387 = CARTESIAN_POINT ( 'NONE',  ( 11.75404699769899786, 27.64319003671010222, 155.0973614872330018 ) ) ;
#388 = CARTESIAN_POINT ( 'NONE',  ( 25.24962775668149817, 25.99108582856360172, 162.0559196251489880 ) ) ;
#389 = CARTESIAN_POINT ( 'NONE',  ( 14.98780925919829876, 22.85753687389370015, 154.6838485899275213 ) ) ;
#390 = CARTESIAN_POINT ( 'NONE',  ( 11.21867801908693885, 27.55444919311469931, 152.9778715511154985 ) ) ;
#391 = CARTESIAN_POINT ( 'NONE',  ( 10.29930010716794619, 25.84314430547052766, 152.6590845310906559 ) ) ;
#392 = CARTESIAN_POINT ( 'NONE',  ( 10.79770183051030052, 21.21041943878659808, 154.6155499999999847 ) ) ;
#393 = EDGE_CURVE ( 'NONE', #51, #893, #933, .T. ) ;
#394 = CARTESIAN_POINT ( 'NONE',  ( 24.74255031274319805, 25.64964784827720479, 155.4076749999999834 ) ) ;
#395 = CARTESIAN_POINT ( 'NONE',  ( 20.08626786547889864, 29.51969375336394563, 151.8261958333335144 ) ) ;
#396 = CARTESIAN_POINT ( 'NONE',  ( 12.55233087013229998, 28.52516791023730036, 155.1244216496840238 ) ) ;
#397 = CARTESIAN_POINT ( 'NONE',  ( 23.89732321788764935, 18.80439564690299648, 159.0946020833335126 ) ) ;
#398 = CARTESIAN_POINT ( 'NONE',  ( 14.99904442985079989, 22.86539820566100190, 154.8379284780585010 ) ) ;
#399 = CARTESIAN_POINT ( 'NONE',  ( 22.98532854721169727, 27.09401202322315072, 150.4086515692194723 ) ) ;
#400 = CARTESIAN_POINT ( 'NONE',  ( 11.82112248518551922, 26.23998912330545252, 160.3717583333335028 ) ) ;
#401 = ORIENTED_EDGE ( 'NONE', *, *, #4316, .T. ) ;
#402 = CARTESIAN_POINT ( 'NONE',  ( 10.93543294009019995, 26.24838174943075231, 154.9538703032609988 ) ) ;
#403 = CARTESIAN_POINT ( 'NONE',  ( 9.273413408491428811, 25.54801408393349860, 148.5155087063062069 ) ) ;
#404 = CARTESIAN_POINT ( 'NONE',  ( 12.89099312464336045, 22.73527307087844918, 155.8490095241654956 ) ) ;
#405 = CARTESIAN_POINT ( 'NONE',  ( 25.75951520637950054, 24.06393548710690311, 160.7781166666665058 ) ) ;
#406 = CARTESIAN_POINT ( 'NONE',  ( 12.55504344101839997, 22.72462014053779811, 156.2344985158485144 ) ) ;
#407 = EDGE_LOOP ( 'NONE', ( #4207, #5903, #4173, #2083, #4059, #6307, #4194, #6072, #2167 ) ) ;
#408 = CARTESIAN_POINT ( 'NONE',  ( 12.00831221216062161, 20.52480211833999846, 160.3952298859979919 ) ) ;
#409 = CARTESIAN_POINT ( 'NONE',  ( 13.46239762261492068, 22.78596146110239928, 155.9179413578175115 ) ) ;
#410 = CARTESIAN_POINT ( 'NONE',  ( 10.44046298825034036, 26.60411425166105204, 152.2239812500000085 ) ) ;
#411 = CARTESIAN_POINT ( 'NONE',  ( 11.18875451494443318, 24.36265325461894449, 158.5128560790006702 ) ) ;
#412 = CARTESIAN_POINT ( 'NONE',  ( 10.93139952831213790, 26.60510389221449756, 154.5674497760979875 ) ) ;
#413 = VERTEX_POINT ( 'NONE', #3957 ) ;
#414 = CARTESIAN_POINT ( 'NONE',  ( 11.19546814430075976, 28.56039598793800138, 148.8825120255540071 ) ) ;
#415 = CARTESIAN_POINT ( 'NONE',  ( 23.47304274103969846, 25.06821305865954841, 146.5391833333331704 ) ) ;
#416 = CARTESIAN_POINT ( 'NONE',  ( 25.36196376699259858, 25.46974679384749862, 160.7496506944444832 ) ) ;
#417 = CARTESIAN_POINT ( 'NONE',  ( 17.83201860996254950, 30.05271873420415218, 146.6694147795209915 ) ) ;
#418 = CARTESIAN_POINT ( 'NONE',  ( 24.33457990945804994, 25.04666789517764869, 151.2799792649154824 ) ) ;
#419 = CARTESIAN_POINT ( 'NONE',  ( 22.94415994020585003, 26.73273491543429969, 148.8688055199154121 ) ) ;
#420 = CARTESIAN_POINT ( 'NONE',  ( 11.29825046138653910, 27.66271587071230087, 152.9640319912114990 ) ) ;
#421 = CARTESIAN_POINT ( 'NONE',  ( 10.70771059726502372, 22.53914200669384371, 155.5309973793910672 ) ) ;
#422 = LINE ( 'NONE', #804, #5139 ) ;
#423 = DIRECTION ( 'NONE',  ( 0.08291556471174026111, -0.9955514112831505003, 0.04474814656117583056 ) ) ;
#424 = CARTESIAN_POINT ( 'NONE',  ( 24.62426624785798523, 25.96907822264001098, 155.7820671665177201 ) ) ;
#425 = CARTESIAN_POINT ( 'NONE',  ( 16.01389377109074985, 23.90295554367619957, 153.6936322778115311 ) ) ;
#426 = DIRECTION ( 'NONE',  ( 0.1006318910984311671, 0.05303758115645620941, 0.9935090525400490646 ) ) ;
#427 = CARTESIAN_POINT ( 'NONE',  ( 24.43459450598914984, 25.81739132593944674, 153.8549041666665005 ) ) ;
#428 = CARTESIAN_POINT ( 'NONE',  ( 22.34128125049184987, 27.70082489559460015, 149.8115458333331844 ) ) ;
#429 = CARTESIAN_POINT ( 'NONE',  ( 12.71840348817739930, 28.84429002167325251, 154.1749499999999955 ) ) ;
#430 = CARTESIAN_POINT ( 'NONE',  ( 23.54581521327710192, 18.60958808612249626, 155.2012249999999938 ) ) ;
#431 = CARTESIAN_POINT ( 'NONE',  ( 14.74674829723702096, 22.88297384852100080, 155.6964385017355141 ) ) ;
#432 = CARTESIAN_POINT ( 'NONE',  ( 25.17308783383865034, 26.11774966964965117, 161.9274894909405305 ) ) ;
#433 = CARTESIAN_POINT ( 'NONE',  ( 19.86233721204835234, 29.62686200942260228, 151.9917270051469984 ) ) ;
#434 = CARTESIAN_POINT ( 'NONE',  ( 22.99093735165974905, 26.86925843101609956, 149.6270891814990023 ) ) ;
#435 = CARTESIAN_POINT ( 'NONE',  ( 11.95689223141128110, 26.23707799014929876, 161.1431868055555015 ) ) ;
#436 = EDGE_LOOP ( 'NONE', ( #1908, #5527, #4448, #5870, #3946, #319, #4723, #3473, #4551, #2530 ) ) ;
#437 = CARTESIAN_POINT ( 'NONE',  ( 19.65295321612800095, 29.59218335563965141, 150.4291881944445208 ) ) ;
#438 = CARTESIAN_POINT ( 'NONE',  ( 14.67810847517161754, 30.02350739135096092, 151.9923929578633590 ) ) ;
#439 = CARTESIAN_POINT ( 'NONE',  ( 24.17130202668185035, 24.09472957701979823, 149.2017666666666003 ) ) ;
#440 = CARTESIAN_POINT ( 'NONE',  ( 25.04223508664269815, 23.07406436307539721, 153.1434499999999730 ) ) ;
#441 = EDGE_CURVE ( 'NONE', #5176, #2502, #927, .T. ) ;
#442 = CARTESIAN_POINT ( 'NONE',  ( 11.17290142793016017, 26.61998285754309990, 155.3145946814300089 ) ) ;
#443 = ORIENTED_EDGE ( 'NONE', *, *, #5737, .T. ) ;
#444 = CARTESIAN_POINT ( 'NONE',  ( 11.71602187598895917, 21.23668432826394792, 159.8921333333335042 ) ) ;
#445 = CARTESIAN_POINT ( 'NONE',  ( 12.61305316797040099, 29.02775969664540057, 152.7579848445234916 ) ) ;
#446 = CARTESIAN_POINT ( 'NONE',  ( 11.74985430795159935, 22.81876600973009772, 155.3515516582144755 ) ) ;
#447 = CARTESIAN_POINT ( 'NONE',  ( 10.33902868943821929, 26.71607339331709952, 151.4294791666664821 ) ) ;
#448 = B_SPLINE_SURFACE_WITH_KNOTS ( 'NONE', 3, 3, ( 
 ( #1206, #5954, #3371, #87, #2847, #641, #3402, #4362, #3340, #4955, #4982, #218, #1827, #6051, #2752, #4856, #1691, #5919, #2782, #1169, #3497, #3045, #842, #6116 ),
 ( #388, #3462, #2976, #1995, #5564, #2939, #910, #282, #775, #4000, #5081, #5050, #3433, #5017, #321, #1861, #6670, #4497, #2519, #4108, #4073, #1919, #2418, #4529 ),
 ( #4037, #6637, #6149, #2912, #3531, #6216, #871, #3010, #350, #6186, #6742, #2481, #4631, #6607, #6707, #1957, #1424, #3562, #4962, #3413, #2857, #198, #2330, #5479 ),
 ( #4440, #5909, #3380, #6028, #1675, #5515, #753, #715, #6428, #6548, #3804, #1805, #1278, #2893, #4994, #229, #2363, #4471, #6581, #1156, #6601, #6564, #734, #2875 ),
 ( #5497, #1822, #2908, #4977, #3932, #6045, #2348, #5012, #1292, #3427, #2381, #1856, #5530, #1262, #6076, #1323, #771, #248, #4492, #3966, #5559, #4493, #6077, #3996 ) ),
 .UNSPECIFIED., .F., .F., .F.,
 ( 4, 1, 4 ),
 ( 4, 1, 1, 1, 1, 1, 1, 1, 1, 1, 1, 1, 1, 1, 1, 1, 1, 1, 1, 1, 1, 4 ),
 ( 0.000000000000000000, 1.000000000000000000, 2.000000000000000000 ),
 ( 0.000000000000000000, 1.000000000000000000, 2.000000000000000000, 3.000000000000000000, 5.000000000000000000, 7.000000000000000000, 9.000000000000000000, 11.00000000000000000, 13.00000000000000000, 15.00000000000000000, 17.00000000000000000, 19.00000000000000000, 21.00000000000000000, 23.00000000000000000, 25.00000000000000000, 27.00000000000000000, 29.00000000000000000, 31.00000000000000000, 33.00000000000000000, 34.00000000000000000, 35.00000000000000000, 36.00000000000000000 ),
 .UNSPECIFIED. ) ;
#449 = CARTESIAN_POINT ( 'NONE',  ( 11.08655155168077933, 24.86831288196407996, 157.6009420010223891 ) ) ;
#450 = CARTESIAN_POINT ( 'NONE',  ( 13.89146139133159963, 22.81612777990974905, 155.7940492227305072 ) ) ;
#451 = ADVANCED_FACE ( 'NONE', ( #1378 ), #1285, .T. ) ;
#452 = CARTESIAN_POINT ( 'NONE',  ( 9.847344807777689724, 21.91214579227255044, 150.4375705729165134 ) ) ;
#453 = EDGE_LOOP ( 'NONE', ( #5426, #3099, #5432, #1276 ) ) ;
#454 = CARTESIAN_POINT ( 'NONE',  ( 18.44567811345641672, 30.05584424312860747, 151.6090519858141477 ) ) ;
#455 = CARTESIAN_POINT ( 'NONE',  ( 23.28218832555095119, 19.56169086699890158, 145.0337125000000071 ) ) ;
#456 = CARTESIAN_POINT ( 'NONE',  ( 24.06046859538920302, 23.62582202759555372, 148.0361634815245964 ) ) ;
#457 = CARTESIAN_POINT ( 'NONE',  ( 18.07054213429049838, 30.12490339067759848, 152.0489875000000097 ) ) ;
#458 = CARTESIAN_POINT ( 'NONE',  ( 14.38686173555478121, 22.99482218464549987, 154.3822157205279950 ) ) ;
#459 = CARTESIAN_POINT ( 'NONE',  ( 10.09323070551189971, 24.31506632207110030, 152.7615322273479990 ) ) ;
#460 = EDGE_LOOP ( 'NONE', ( #1284, #3648, #2613, #1033 ) ) ;
#461 = CARTESIAN_POINT ( 'NONE',  ( 10.63936017252607691, 22.51789358095829385, 155.1849140809044343 ) ) ;
#462 = CARTESIAN_POINT ( 'NONE',  ( 11.65978750057220026, 22.59525625375480118, 155.0152804613605042 ) ) ;
#463 = CARTESIAN_POINT ( 'NONE',  ( 24.94875531203319952, 25.73111992738444798, 157.7501374999999939 ) ) ;
#464 = CARTESIAN_POINT ( 'NONE',  ( 24.80488615917077055, 25.78698794143344131, 156.6011826142892858 ) ) ;
#465 = CARTESIAN_POINT ( 'NONE',  ( 12.31020681623273916, 22.69876599146889973, 151.6435068575464982 ) ) ;
#466 = CARTESIAN_POINT ( 'NONE',  ( 24.10623059094119824, 24.48283559178665314, 149.3175916666665728 ) ) ;
#467 = CARTESIAN_POINT ( 'NONE',  ( 25.17911839639450022, 25.54795222226060147, 159.3147041666665018 ) ) ;
#468 = LINE ( 'NONE', #5038, #4826 ) ;
#469 = CARTESIAN_POINT ( 'NONE',  ( 14.45612670389551901, 29.85467510647114864, 154.4859000000000151 ) ) ;
#470 = CARTESIAN_POINT ( 'NONE',  ( 25.50087049600839961, 25.27846952095865163, 161.5366575872114936 ) ) ;
#471 = CARTESIAN_POINT ( 'NONE',  ( 12.01769436974119820, 27.95811947622565086, 155.1889327936724783 ) ) ;
#472 = CARTESIAN_POINT ( 'NONE',  ( 10.15131166703864274, 22.32299506190517135, 151.7531590237161367 ) ) ;
#473 = CARTESIAN_POINT ( 'NONE',  ( 16.06420971663994735, 23.92947433425440096, 154.1903868040814984 ) ) ;
#474 = CARTESIAN_POINT ( 'NONE',  ( 10.51610291208353942, 21.71319813372635110, 153.8648166666665134 ) ) ;
#475 = VERTEX_POINT ( 'NONE', #4516 ) ;
#476 = CARTESIAN_POINT ( 'NONE',  ( 14.36115945796391102, 29.93316522593632101, 152.0293193540740049 ) ) ;
#477 = B_SPLINE_CURVE_WITH_KNOTS ( 'NONE', 3,
 ( #17, #2702, #1054, #1090, #2098, #4778, #4249, #4745, #6365, #2629, #4141, #1015, #3631, #6328, #6215, #3704, #3595, #5694, #945, #3669, #1608, #3080, #3154, #1490, #2062 ),
 .UNSPECIFIED., .F., .F.,
 ( 4, 2, 2, 2, 1, 2, 2, 2, 2, 1, 1, 2, 2, 4 ),
 ( 0.000000000000000000, 0.1249999999991518174, 0.1874999999987440880, 0.2187499999985374477, 0.2343749999984341137, 0.2421874999983942844, 0.2499999999983544829, 0.3749999999976782461, 0.4374999999973663289, 0.4687499999972109532, 0.4843749999971631581, 0.4921874999971725950, 0.4999999999971820319, 1.000000000000000000 ),
 .UNSPECIFIED. ) ;
#478 = CARTESIAN_POINT ( 'NONE',  ( 17.87911289678375226, 30.23145058721769729, 153.6701311357315092 ) ) ;
#479 = CARTESIAN_POINT ( 'NONE',  ( 9.947044397980260300, 23.51923421688994864, 151.1506022605059911 ) ) ;
#480 = CARTESIAN_POINT ( 'NONE',  ( 24.95018902445340103, 21.61122373676264985, 153.2433000000000050 ) ) ;
#481 = CARTESIAN_POINT ( 'NONE',  ( 17.86896109492600004, 30.21726512380694984, 159.2042645833334973 ) ) ;
#482 = VERTEX_POINT ( 'NONE', #897 ) ;
#483 = CARTESIAN_POINT ( 'NONE',  ( 11.90353545457086071, 20.50623291112340141, 159.8813659722219995 ) ) ;
#484 = CARTESIAN_POINT ( 'NONE',  ( 14.79085213835712054, 23.01360463140805024, 154.0515159677584904 ) ) ;
#485 = CARTESIAN_POINT ( 'NONE',  ( 10.64619868318528084, 25.88892584996269974, 154.6345701020335071 ) ) ;
#486 = CARTESIAN_POINT ( 'NONE',  ( 10.34601653794750042, 27.14898606926330160, 150.2064020833335007 ) ) ;
#487 = CARTESIAN_POINT ( 'NONE',  ( 11.19853812862796438, 24.26406651840174433, 158.5988802754379776 ) ) ;
#488 = VECTOR ( 'NONE', #2858, 1000.000000000000000 ) ;
#489 = EDGE_CURVE ( 'NONE', #2864, #80, #3554, .T. ) ;
#490 = CARTESIAN_POINT ( 'NONE',  ( 13.44581450967258007, 22.98507174335905034, 155.9089917285054980 ) ) ;
#491 = CARTESIAN_POINT ( 'NONE',  ( 9.676124495382330437, 23.83241953813119807, 150.0937308085134987 ) ) ;
#492 = VERTEX_POINT ( 'NONE', #4547 ) ;
#493 = CARTESIAN_POINT ( 'NONE',  ( 11.27598728225125946, 27.30920659973069675, 153.9916921417224671 ) ) ;
#494 = CARTESIAN_POINT ( 'NONE',  ( 24.13374411421164822, 22.84655750731574742, 148.1022604166666099 ) ) ;
#495 = CARTESIAN_POINT ( 'NONE',  ( 17.40971533842919783, 30.18399179719055070, 146.2310753034212212 ) ) ;
#496 = CARTESIAN_POINT ( 'NONE',  ( 10.09323070551186063, 24.31506632207115004, 152.7615322273479990 ) ) ;
#497 = ADVANCED_FACE ( 'NONE', ( #1909 ), #341, .F. ) ;
#498 = DIRECTION ( 'NONE',  ( 0.9949093705772960039, 0.000000000000000000, -0.1007737284091882041 ) ) ;
#499 = ORIENTED_EDGE ( 'NONE', *, *, #1451, .F. ) ;
#500 = CARTESIAN_POINT ( 'NONE',  ( 14.74674829723702096, 22.88297384852100080, 155.6964385017355141 ) ) ;
#501 = CARTESIAN_POINT ( 'NONE',  ( 23.86720454139264902, 25.22197375950289810, 149.3038784130490058 ) ) ;
#502 = VECTOR ( 'NONE', #4273, 1000.000000000000000 ) ;
#503 = FACE_OUTER_BOUND ( 'NONE', #407, .T. ) ;
#504 = CARTESIAN_POINT ( 'NONE',  ( 24.66680720998235898, 25.95227701273303467, 156.0798196131727309 ) ) ;
#505 = CARTESIAN_POINT ( 'NONE',  ( 24.90406834394479674, 24.72078285794965069, 154.0987687464669875 ) ) ;
#506 = CARTESIAN_POINT ( 'NONE',  ( 25.45432092581680195, 25.24246146181599926, 160.7506944444445196 ) ) ;
#507 = EDGE_CURVE ( 'NONE', #4709, #3267, #2898, .T. ) ;
#508 = CARTESIAN_POINT ( 'NONE',  ( 24.54244608405024763, 25.28124378537615158, 153.0803041666665081 ) ) ;
#509 = CARTESIAN_POINT ( 'NONE',  ( 22.12247336578325019, 28.12920640954814999, 150.9923722222220022 ) ) ;
#510 = CARTESIAN_POINT ( 'NONE',  ( 24.43172247456270085, 24.80452285667204748, 151.5329000000000121 ) ) ;
#511 = CARTESIAN_POINT ( 'NONE',  ( 10.89248682780722000, 28.01230556849879960, 149.8558909722221983 ) ) ;
#512 = CARTESIAN_POINT ( 'NONE',  ( 10.15665426093996615, 22.32562882880450417, 151.8018552565375501 ) ) ;
#513 = CARTESIAN_POINT ( 'NONE',  ( 11.41172366863039933, 27.21460940112250171, 154.8801628800234766 ) ) ;
#514 = CARTESIAN_POINT ( 'NONE',  ( 10.39099892361599942, 21.70368211725335073, 153.0939999999999941 ) ) ;
#515 = ORIENTED_EDGE ( 'NONE', *, *, #3927, .T. ) ;
#516 = CARTESIAN_POINT ( 'NONE',  ( 25.03250599782565189, 24.89977766069594622, 155.4150999999999954 ) ) ;
#517 = CARTESIAN_POINT ( 'NONE',  ( 13.10787527383079976, 22.75606253224770015, 155.9096616838365037 ) ) ;
#518 = CARTESIAN_POINT ( 'NONE',  ( 25.52353938594949767, 21.53288336560224892, 161.8724875000000054 ) ) ;
#519 = CARTESIAN_POINT ( 'NONE',  ( 25.18807710961715074, 26.11302028208629977, 162.0583602711400033 ) ) ;
#520 = EDGE_LOOP ( 'NONE', ( #967, #3419, #4780, #4251, #139 ) ) ;
#521 = CARTESIAN_POINT ( 'NONE',  ( 12.06614255778210065, 27.33727945935795134, 158.3630666666664979 ) ) ;
#522 = CARTESIAN_POINT ( 'NONE',  ( 24.28124856184615155, 24.58848894915485062, 150.4317494858450175 ) ) ;
#523 = DIRECTION ( 'NONE',  ( -0.1006318910984300152, -0.05303758115645531429, -0.9935090525400490646 ) ) ;
#524 = CARTESIAN_POINT ( 'NONE',  ( 10.52000674610787989, 27.27427382840269843, 150.7213277777779865 ) ) ;
#525 = CARTESIAN_POINT ( 'NONE',  ( 11.22857903465036244, 23.94613900624617742, 158.8078676616153757 ) ) ;
#526 = CARTESIAN_POINT ( 'NONE',  ( 10.20823125421090083, 21.16235092613894864, 151.0164437500000076 ) ) ;
#527 = CARTESIAN_POINT ( 'NONE',  ( 9.376348570200679688, 22.61806064286070139, 149.7330500000000200 ) ) ;
#528 = VERTEX_POINT ( 'NONE', #5585 ) ;
#529 = CARTESIAN_POINT ( 'NONE',  ( 19.24467841760139919, 29.79415369561745308, 151.1273750000000007 ) ) ;
#530 = CARTESIAN_POINT ( 'NONE',  ( 23.30705964989994783, 19.51264572548944898, 144.7838708333331965 ) ) ;
#531 = CARTESIAN_POINT ( 'NONE',  ( 18.38263692121040194, 30.15791068971785194, 154.3823749999999961 ) ) ;
#532 = DIRECTION ( 'NONE',  ( -0.03194075596638053932, 0.9994897638837008103, 0.000000000000000000 ) ) ;
#533 = CARTESIAN_POINT ( 'NONE',  ( 9.918608472909523854, 22.25390850789864317, 150.6473143487240236 ) ) ;
#534 = ORIENTED_EDGE ( 'NONE', *, *, #3552, .F. ) ;
#535 = EDGE_CURVE ( 'NONE', #3540, #958, #5649, .T. ) ;
#536 = CARTESIAN_POINT ( 'NONE',  ( 11.74636615542045881, 28.20240634031700111, 152.8898317545715031 ) ) ;
#537 = CARTESIAN_POINT ( 'NONE',  ( 10.69624530461586076, 23.22621032645015049, 155.8061311066560108 ) ) ;
#538 = CARTESIAN_POINT ( 'NONE',  ( 10.43249883740499939, 24.47229687028305278, 154.5140847222220088 ) ) ;
#539 = CARTESIAN_POINT ( 'NONE',  ( 9.509838389271290993, 23.11959539787703122, 149.8373916198241602 ) ) ;
#540 = CARTESIAN_POINT ( 'NONE',  ( 10.47750909387040075, 26.23936593328489764, 153.1231486025120034 ) ) ;
#541 = CARTESIAN_POINT ( 'NONE',  ( 25.43146495763189918, 25.10429132446470391, 160.1001499999999851 ) ) ;
#542 = CARTESIAN_POINT ( 'NONE',  ( 22.98532854721169727, 27.09401202322315072, 150.4086515692194723 ) ) ;
#543 = CARTESIAN_POINT ( 'NONE',  ( 12.06708919402041857, 28.36773902022149940, 153.5916687499999966 ) ) ;
#544 = CARTESIAN_POINT ( 'NONE',  ( 24.56191494063584813, 26.00821617160094945, 155.4096812500000055 ) ) ;
#545 = ADVANCED_FACE ( 'NONE', ( #4023 ), #859, .F. ) ;
#546 = CARTESIAN_POINT ( 'NONE',  ( 19.18826149708455375, 29.82243470287285092, 151.5462965508104958 ) ) ;
#547 = CARTESIAN_POINT ( 'NONE',  ( 11.03877274260169905, 27.58239951740324969, 152.1271999999999878 ) ) ;
#548 = CARTESIAN_POINT ( 'NONE',  ( 10.27363084713597985, 21.70153555060520034, 151.9290500000000179 ) ) ;
#549 = ORIENTED_EDGE ( 'NONE', *, *, #39, .F. ) ;
#550 = CARTESIAN_POINT ( 'NONE',  ( 9.741233170289680388, 22.22273294399334986, 150.2823896643350281 ) ) ;
#551 = CARTESIAN_POINT ( 'NONE',  ( 23.95022901475580213, 24.20633120319079978, 147.9948007851466230 ) ) ;
#552 = CARTESIAN_POINT ( 'NONE',  ( 25.58838818260420211, 22.02865889883655015, 159.4675999999999760 ) ) ;
#553 = CARTESIAN_POINT ( 'NONE',  ( 24.57313004882094987, 26.41728846392850016, 157.7575999999999965 ) ) ;
#554 = ORIENTED_EDGE ( 'NONE', *, *, #273, .F. ) ;
#555 = CARTESIAN_POINT ( 'NONE',  ( 12.35392624480554069, 27.45661056758639873, 159.7767756944445239 ) ) ;
#556 = CARTESIAN_POINT ( 'NONE',  ( 13.52398657415121974, 23.01370244699669954, 156.4011161679269719 ) ) ;
#557 = CARTESIAN_POINT ( 'NONE',  ( 24.35766878431230253, 24.46126822364545106, 150.6544038176479887 ) ) ;
#558 = CARTESIAN_POINT ( 'NONE',  ( 12.11266389653670039, 22.82280902942819978, 154.7692364126335178 ) ) ;
#559 = EDGE_LOOP ( 'NONE', ( #4654, #1468, #5329, #5355, #1585 ) ) ;
#560 = FACE_OUTER_BOUND ( 'NONE', #5621, .T. ) ;
#561 = CARTESIAN_POINT ( 'NONE',  ( 23.58341068416619990, 20.54313912301105205, 147.0795999999999992 ) ) ;
#562 = CARTESIAN_POINT ( 'NONE',  ( 17.10847861076674903, 30.20595341083495100, 147.4261500000000069 ) ) ;
#563 = CARTESIAN_POINT ( 'NONE',  ( 24.28124856184615155, 24.58848894915485062, 150.4317494858450175 ) ) ;
#564 = B_SPLINE_SURFACE_WITH_KNOTS ( 'NONE', 3, 1, ( 
 ( #6063, #3384 ),
 ( #4998, #5998 ),
 ( #1248, #5423 ),
 ( #136, #719 ) ),
 .UNSPECIFIED., .F., .F., .F.,
 ( 4, 4 ),
 ( 2, 2 ),
 ( 0.000000000000000000, 1.000000000000000000 ),
 ( 0.000000000000000000, 1.000000000000000000 ),
 .UNSPECIFIED. ) ;
#565 = CARTESIAN_POINT ( 'NONE',  ( 11.40810759267455943, 27.80543022406665443, 152.9452859567165035 ) ) ;
#566 = ORIENTED_EDGE ( 'NONE', *, *, #2064, .F. ) ;
#567 = CARTESIAN_POINT ( 'NONE',  ( 11.64320438762985965, 22.79436653601139895, 155.0063308320480076 ) ) ;
#568 = CARTESIAN_POINT ( 'NONE',  ( 10.07568993967792004, 25.50724034384205297, 152.2944999999999993 ) ) ;
#569 = CARTESIAN_POINT ( 'NONE',  ( 24.60771718008068376, 25.87007173862251008, 155.2295883636586211 ) ) ;
#570 = CARTESIAN_POINT ( 'NONE',  ( 24.91880288636005147, 24.66209944822220379, 154.0827258800399875 ) ) ;
#571 = CARTESIAN_POINT ( 'NONE',  ( 24.55822972364439849, 24.85640707431949892, 152.3096250000000111 ) ) ;
#572 = CARTESIAN_POINT ( 'NONE',  ( 10.05492538272772052, 23.33006660611695082, 151.9896698316610184 ) ) ;
#573 = CARTESIAN_POINT ( 'NONE',  ( 14.47294197361452106, 22.81402756180129998, 154.6698760487205107 ) ) ;
#574 = EDGE_CURVE ( 'NONE', #2474, #1129, #216, .T. ) ;
#575 = CARTESIAN_POINT ( 'NONE',  ( 25.31045591971379949, 24.67812932415765204, 157.4599018191525204 ) ) ;
#576 = CARTESIAN_POINT ( 'NONE',  ( 24.54483555315700016, 24.57389441086474946, 151.7871878683145042 ) ) ;
#577 = CARTESIAN_POINT ( 'NONE',  ( 10.22254577435499634, 22.36398739144382120, 152.5331590454241280 ) ) ;
#578 = CARTESIAN_POINT ( 'NONE',  ( 10.88865670105488093, 27.37631373296870052, 152.1495666666665159 ) ) ;
#579 = CARTESIAN_POINT ( 'NONE',  ( 9.937985738164471172, 23.91625752866060139, 151.2824744791665239 ) ) ;
#580 = ORIENTED_EDGE ( 'NONE', *, *, #6507, .F. ) ;
#581 = CARTESIAN_POINT ( 'NONE',  ( 24.28005527064685154, 27.43738952071139892, 161.5746559027780052 ) ) ;
#582 = CARTESIAN_POINT ( 'NONE',  ( 24.63612817877475081, 24.60061149649860113, 152.3144750000000158 ) ) ;
#583 = EDGE_CURVE ( 'NONE', #4233, #5123, #5814, .T. ) ;
#584 = CARTESIAN_POINT ( 'NONE',  ( 24.59371120795200127, 20.80971153077799940, 152.5501999999999896 ) ) ;
#585 = CARTESIAN_POINT ( 'NONE',  ( 24.57103057080895070, 27.12545814618714957, 162.0835859375000041 ) ) ;
#586 = ORIENTED_EDGE ( 'NONE', *, *, #5080, .T. ) ;
#587 = CARTESIAN_POINT ( 'NONE',  ( 10.93430058713964037, 25.53375515049039990, 156.1513999999999953 ) ) ;
#588 = CARTESIAN_POINT ( 'NONE',  ( 14.98780925919829876, 22.85753687389370015, 154.6838485899275213 ) ) ;
#589 = CARTESIAN_POINT ( 'NONE',  ( 9.834772668879521618, 24.45141239375095665, 150.7156002023825465 ) ) ;
#590 = CARTESIAN_POINT ( 'NONE',  ( 14.46654132371701884, 23.01817226308859787, 154.7540640936524881 ) ) ;
#591 = CARTESIAN_POINT ( 'NONE',  ( 22.87712064132194811, 27.01472599592125334, 149.5986910722658081 ) ) ;
#592 = CARTESIAN_POINT ( 'NONE',  ( 9.356663264522088852, 23.72898885281859904, 149.4123976428944047 ) ) ;
#593 = ORIENTED_EDGE ( 'NONE', *, *, #3187, .T. ) ;
#594 = CARTESIAN_POINT ( 'NONE',  ( 23.88655101209884890, 21.80629749861509836, 145.6008666666665761 ) ) ;
#595 = CARTESIAN_POINT ( 'NONE',  ( 17.99330899272860051, 30.21195488208915236, 154.4305999999999983 ) ) ;
#596 = CARTESIAN_POINT ( 'NONE',  ( 11.12917481505532002, 22.58313224546045461, 151.2592808050345070 ) ) ;
#597 = VECTOR ( 'NONE', #4644, 1000.000000000000000 ) ;
#598 = EDGE_LOOP ( 'NONE', ( #1951, #2592, #90, #2762 ) ) ;
#599 = CARTESIAN_POINT ( 'NONE',  ( 23.77550532688730200, 24.80515351513360045, 147.9655574825790154 ) ) ;
#600 = CARTESIAN_POINT ( 'NONE',  ( 10.69154327974665897, 25.87250947785464916, 154.4621499999999799 ) ) ;
#601 = CARTESIAN_POINT ( 'NONE',  ( 17.82879695123455122, 30.20493179663949945, 153.1733766094614850 ) ) ;
#602 = CARTESIAN_POINT ( 'NONE',  ( 25.52376033711020042, 25.23375914380384799, 161.6245314001809845 ) ) ;
#603 = AXIS2_PLACEMENT_3D ( 'NONE', #992, #6303, #1540 ) ;
#604 = CARTESIAN_POINT ( 'NONE',  ( 24.09324495283630441, 23.31824076440409854, 148.0617210410698021 ) ) ;
#605 = CARTESIAN_POINT ( 'NONE',  ( 14.33012511007447998, 22.78246809091034919, 154.2323755844879827 ) ) ;
#606 = CARTESIAN_POINT ( 'NONE',  ( 23.90386859163150390, 24.61997012683239916, 148.3815201587865715 ) ) ;
#607 = CARTESIAN_POINT ( 'NONE',  ( 11.21429650744101991, 28.21021579848050109, 150.4901875000000189 ) ) ;
#608 = CARTESIAN_POINT ( 'NONE',  ( 13.88407255294606024, 22.92254791535849989, 153.7059038706099727 ) ) ;
#609 = VECTOR ( 'NONE', #1948, 1000.000000000000000 ) ;
#610 = CARTESIAN_POINT ( 'NONE',  ( 10.96240806871523965, 27.48038811152409977, 152.1383833333335076 ) ) ;
#611 = CARTESIAN_POINT ( 'NONE',  ( 10.18246257264974020, 23.02200730951350138, 153.1123333333334813 ) ) ;
#612 = ORIENTED_EDGE ( 'NONE', *, *, #2200, .F. ) ;
#613 = EDGE_CURVE ( 'NONE', #1107, #4334, #2965, .T. ) ;
#614 = CARTESIAN_POINT ( 'NONE',  ( 23.45109375364775062, 28.41218768571259901, 162.0252263888889956 ) ) ;
#615 = CARTESIAN_POINT ( 'NONE',  ( 25.60309742600145100, 24.78068996969029669, 160.7577753472219797 ) ) ;
#616 = CARTESIAN_POINT ( 'NONE',  ( 25.14930830856230060, 20.72102859609194780, 161.0474000000000103 ) ) ;
#617 = CARTESIAN_POINT ( 'NONE',  ( 24.98502023831384733, 26.46975510111959906, 161.9333757361894754 ) ) ;
#618 = VERTEX_POINT ( 'NONE', #3924 ) ;
#619 = EDGE_CURVE ( 'NONE', #4414, #370, #6094, .T. ) ;
#620 = CARTESIAN_POINT ( 'NONE',  ( 11.86247521778700076, 27.45990753068754842, 156.4089451581490096 ) ) ;
#621 = CARTESIAN_POINT ( 'NONE',  ( 24.41844676108770074, 24.48162996940829927, 150.9947916467435221 ) ) ;
#622 = DIRECTION ( 'NONE',  ( -0.1006318910984300152, -0.05303758115645550858, -0.9935090525400490646 ) ) ;
#623 = CARTESIAN_POINT ( 'NONE',  ( 9.886545916378729260, 24.29587865770070110, 151.0144328745869871 ) ) ;
#624 = CARTESIAN_POINT ( 'NONE',  ( 11.95411990144024017, 28.19236450454850029, 153.8758579410769869 ) ) ;
#625 = CARTESIAN_POINT ( 'NONE',  ( 8.133557531156309750, 21.79447003700925123, 149.4586902771823986 ) ) ;
#626 = ORIENTED_EDGE ( 'NONE', *, *, #4758, .F. ) ;
#627 = EDGE_CURVE ( 'NONE', #6329, #2091, #2578, .T. ) ;
#628 = CARTESIAN_POINT ( 'NONE',  ( 19.56849450942664959, 29.89461850665080078, 154.5047062500000266 ) ) ;
#629 = CARTESIAN_POINT ( 'NONE',  ( 22.61964470543640005, 18.69758050025040319, 145.5706679135106185 ) ) ;
#630 = CARTESIAN_POINT ( 'NONE',  ( 19.11847989800690328, 30.14547086961044897, 162.2199999999999989 ) ) ;
#631 = B_SPLINE_CURVE_WITH_KNOTS ( 'NONE', 3,
 ( #835, #5593, #3458, #5013 ),
 .UNSPECIFIED., .F., .F.,
 ( 4, 4 ),
 ( 0.000000000000000000, 1.000000000000000000 ),
 .UNSPECIFIED. ) ;
#632 = CARTESIAN_POINT ( 'NONE',  ( 11.22113713036609894, 27.22066477991915079, 154.0019746079425147 ) ) ;
#633 = CARTESIAN_POINT ( 'NONE',  ( 24.43459450598914984, 25.81739132593944674, 153.8549041666665005 ) ) ;
#634 = CARTESIAN_POINT ( 'NONE',  ( 13.02353501009348058, 22.77094613701040160, 156.3970676659450021 ) ) ;
#635 = CARTESIAN_POINT ( 'NONE',  ( 23.59043282757728832, 25.26629616520740385, 147.8977810763807099 ) ) ;
#636 = CARTESIAN_POINT ( 'NONE',  ( 24.85495027197490003, 25.11669341110760101, 154.6334041666665087 ) ) ;
#637 = DIRECTION ( 'NONE',  ( 0.9809430786497985721, 0.1596684031109235902, -0.1107098798529866368 ) ) ;
#638 = CARTESIAN_POINT ( 'NONE',  ( 25.17308783383865034, 26.11774966964965117, 161.9274894909405305 ) ) ;
#639 = CARTESIAN_POINT ( 'NONE',  ( 12.42242629731049952, 28.67831251476415133, 153.8024815938024972 ) ) ;
#640 = CARTESIAN_POINT ( 'NONE',  ( 16.69019900725484717, 30.24235337214660291, 150.6348208333335208 ) ) ;
#641 = CARTESIAN_POINT ( 'NONE',  ( 24.97326607860295056, 26.13833706915979960, 160.1005687500000079 ) ) ;
#642 = DIRECTION ( 'NONE',  ( 0.1006318910984300152, 0.05303758115645541144, 0.9935090525400490646 ) ) ;
#643 = CARTESIAN_POINT ( 'NONE',  ( 11.67398274540565950, 27.82746041640159973, 154.4269796048084800 ) ) ;
#644 = ORIENTED_EDGE ( 'NONE', *, *, #5255, .F. ) ;
#645 = CARTESIAN_POINT ( 'NONE',  ( 12.77276265507138042, 22.92376406982664960, 155.7921496533605250 ) ) ;
#646 = CARTESIAN_POINT ( 'NONE',  ( 21.21506956604620342, 29.67562980857159616, 160.3801250000000209 ) ) ;
#647 = CARTESIAN_POINT ( 'NONE',  ( 24.20430832400320043, 24.54846781641860076, 149.9752166666665687 ) ) ;
#648 = CARTESIAN_POINT ( 'NONE',  ( 23.76589291644484803, 20.04927884062974996, 150.3549000000000149 ) ) ;
#649 = B_SPLINE_CURVE_WITH_KNOTS ( 'NONE', 3,
 ( #2215, #6540, #3941, #4432 ),
 .UNSPECIFIED., .F., .F.,
 ( 4, 4 ),
 ( 0.000000000000000000, 0.5300793626025540606 ),
 .UNSPECIFIED. ) ;
#650 = CARTESIAN_POINT ( 'NONE',  ( 24.03627929591610268, 27.39674108484634729, 159.3540958333335027 ) ) ;
#651 = ORIENTED_EDGE ( 'NONE', *, *, #4234, .F. ) ;
#652 = CARTESIAN_POINT ( 'NONE',  ( 10.95255765334634113, 23.17609504252535046, 157.0866333333335092 ) ) ;
#653 = CARTESIAN_POINT ( 'NONE',  ( 16.14712528135170189, 22.93392292297124868, 154.2351349506429870 ) ) ;
#654 = CARTESIAN_POINT ( 'NONE',  ( 13.32480776901866015, 22.97545685292359963, 155.9192988479809969 ) ) ;
#655 = CARTESIAN_POINT ( 'NONE',  ( 9.907525183061268947, 22.97946797099154992, 150.7653354166665167 ) ) ;
#656 = ADVANCED_FACE ( 'NONE', ( #6236 ), #790, .F. ) ;
#657 = CARTESIAN_POINT ( 'NONE',  ( 11.71554137926375994, 27.88059253992220121, 154.4199337472875300 ) ) ;
#658 = CARTESIAN_POINT ( 'NONE',  ( 8.428256867232150285, 22.89173361199079793, 149.1421997941993993 ) ) ;
#659 = CARTESIAN_POINT ( 'NONE',  ( 10.22155679394645844, 26.58624973618140430, 151.0469010416665014 ) ) ;
#660 = ORIENTED_EDGE ( 'NONE', *, *, #1369, .F. ) ;
#661 = CARTESIAN_POINT ( 'NONE',  ( 10.93294793680717980, 27.12515389401274746, 153.0297305076674945 ) ) ;
#662 = CARTESIAN_POINT ( 'NONE',  ( 22.13165496985274672, 18.56544929315075265, 148.3501445312500095 ) ) ;
#663 = CARTESIAN_POINT ( 'NONE',  ( 19.74829355340354908, 29.74620649951244999, 153.0034406713575095 ) ) ;
#664 = CARTESIAN_POINT ( 'NONE',  ( 19.33395960906819866, 30.05048163722860011, 164.0483104166665100 ) ) ;
#665 = CARTESIAN_POINT ( 'NONE',  ( 22.92808758116759904, 27.05922062758315150, 150.0155856700754953 ) ) ;
#666 = ADVANCED_FACE ( 'NONE', ( #4169 ), #5833, .T. ) ;
#667 = CARTESIAN_POINT ( 'NONE',  ( 23.69043172902805239, 25.38949172930799847, 148.7947865248210064 ) ) ;
#668 = ORIENTED_EDGE ( 'NONE', *, *, #1128, .T. ) ;
#669 = CARTESIAN_POINT ( 'NONE',  ( 12.70544166182149937, 22.74034895597484862, 156.3057526624814670 ) ) ;
#670 = CARTESIAN_POINT ( 'NONE',  ( 10.15354204975585972, 26.57217817545020111, 150.6550348958335235 ) ) ;
#671 = CARTESIAN_POINT ( 'NONE',  ( 19.01651576064045202, 29.82065368575320008, 150.3644083333335004 ) ) ;
#672 = DIRECTION ( 'NONE',  ( 0.1006318910984302234, 0.05303758115645541837, 0.9935090525400491757 ) ) ;
#673 = CARTESIAN_POINT ( 'NONE',  ( 24.55731556146639960, 24.52886374556215188, 151.7883276976149887 ) ) ;
#674 = CARTESIAN_POINT ( 'NONE',  ( 24.37248979256720105, 25.93688567186040217, 153.8558729166664989 ) ) ;
#675 = CARTESIAN_POINT ( 'NONE',  ( 12.47274224285969879, 28.70483130534235272, 154.2992361200724929 ) ) ;
#676 = CARTESIAN_POINT ( 'NONE',  ( 17.52741684456429994, 30.26675594380909828, 156.8675437500000100 ) ) ;
#677 = LINE ( 'NONE', #3403, #4582 ) ;
#678 = CARTESIAN_POINT ( 'NONE',  ( 20.11950313875999896, 29.60298559277115160, 152.9734868103155065 ) ) ;
#679 = CARTESIAN_POINT ( 'NONE',  ( 21.34482232497814991, 29.44646726579604845, 158.7812999999999874 ) ) ;
#680 = CARTESIAN_POINT ( 'NONE',  ( 23.99009681343544997, 24.39525830390089922, 148.5251563541331734 ) ) ;
#681 = CARTESIAN_POINT ( 'NONE',  ( 23.09448899283415102, 18.90869035863940084, 151.3189666666665119 ) ) ;
#682 = CARTESIAN_POINT ( 'NONE',  ( 24.22614120763529755, 26.71695073533604869, 156.2015999999999849 ) ) ;
#683 = EDGE_LOOP ( 'NONE', ( #300, #2703, #1544, #4216 ) ) ;
#684 = CARTESIAN_POINT ( 'NONE',  ( 11.28236045245702179, 26.65314449189704860, 155.8299100681209950 ) ) ;
#685 = CARTESIAN_POINT ( 'NONE',  ( 11.00917666346135881, 27.24650793616800115, 153.0155309758164890 ) ) ;
#686 = CARTESIAN_POINT ( 'NONE',  ( 25.60309742600145100, 24.78068996969029669, 160.7577753472219797 ) ) ;
#687 = CARTESIAN_POINT ( 'NONE',  ( 23.66032831890083443, 24.94580096235240774, 147.5362865311450946 ) ) ;
#688 = CARTESIAN_POINT ( 'NONE',  ( 12.07781723650083983, 28.29799488387759965, 154.3609564132054857 ) ) ;
#689 = CARTESIAN_POINT ( 'NONE',  ( 9.888395521842090474, 25.79720441050404744, 150.3321935473734925 ) ) ;
#690 = ORIENTED_EDGE ( 'NONE', *, *, #4049, .F. ) ;
#691 = CARTESIAN_POINT ( 'NONE',  ( 10.55033653407681982, 24.47551633152304973, 155.0260770833335187 ) ) ;
#692 = CARTESIAN_POINT ( 'NONE',  ( 22.98357205296590067, 18.97594471313924913, 144.8732354166666028 ) ) ;
#693 = CARTESIAN_POINT ( 'NONE',  ( 23.56178687529491356, 25.49347422465180202, 148.3531120390239835 ) ) ;
#694 = EDGE_CURVE ( 'NONE', #5979, #3915, #3949, .T. ) ;
#695 = CARTESIAN_POINT ( 'NONE',  ( 16.79410917545260062, 30.23937261633870222, 148.2583750000000009 ) ) ;
#696 =( NAMED_UNIT ( * ) SI_UNIT ( $, .STERADIAN. ) SOLID_ANGLE_UNIT ( ) );
#697 = CARTESIAN_POINT ( 'NONE',  ( 14.73016518429465904, 23.08208413077759857, 155.6874888724230175 ) ) ;
#698 = CARTESIAN_POINT ( 'NONE',  ( 15.09318342272114855, 30.12510735243494864, 152.4481931397874916 ) ) ;
#699 = ORIENTED_EDGE ( 'NONE', *, *, #535, .T. ) ;
#700 = CARTESIAN_POINT ( 'NONE',  ( 23.16312614111279089, 27.51614980398209553, 153.2798707161413176 ) ) ;
#701 = ADVANCED_FACE ( 'NONE', ( #5756 ), #1444, .T. ) ;
#702 = CARTESIAN_POINT ( 'NONE',  ( 10.17383791015529937, 26.46647614478535004, 151.0567937499999971 ) ) ;
#703 = CARTESIAN_POINT ( 'NONE',  ( 20.14839136947554721, 29.89668110097064968, 158.9130104166665092 ) ) ;
#704 = CARTESIAN_POINT ( 'NONE',  ( 23.83018334034539976, 24.70422496304784943, 148.1070955163052076 ) ) ;
#705 = CARTESIAN_POINT ( 'NONE',  ( 25.24962775668149817, 25.99108582856360172, 162.0559196251489880 ) ) ;
#706 = CARTESIAN_POINT ( 'NONE',  ( 22.39901670466819894, 28.19859929586690228, 152.8175682423580213 ) ) ;
#707 = CARTESIAN_POINT ( 'NONE',  ( 17.97596118867739889, 22.69554331862170216, 154.0626190205535124 ) ) ;
#708 = CARTESIAN_POINT ( 'NONE',  ( 12.58235258130383905, 22.90216750360835007, 155.6644899931670238 ) ) ;
#709 = CARTESIAN_POINT ( 'NONE',  ( 22.47098734790339947, 28.71224107352449906, 157.8845000000000027 ) ) ;
#710 = CARTESIAN_POINT ( 'NONE',  ( 23.99960311056979734, 19.40305807714245034, 153.5111999999999739 ) ) ;
#711 = VECTOR ( 'NONE', #1355, 1000.000000000000114 ) ;
#712 = CARTESIAN_POINT ( 'NONE',  ( 24.44256945526104730, 26.38287323515135085, 156.1938125000000070 ) ) ;
#713 = VERTEX_POINT ( 'NONE', #409 ) ;
#714 = CARTESIAN_POINT ( 'NONE',  ( 11.12316321531906027, 20.83042659184560108, 155.8895859374999873 ) ) ;
#715 = CARTESIAN_POINT ( 'NONE',  ( 25.11492291476314875, 25.51998793887879913, 158.5325291666665066 ) ) ;
#716 = CARTESIAN_POINT ( 'NONE',  ( 9.733898330082910277, 24.34519429609829899, 150.2504626351110062 ) ) ;
#717 = CARTESIAN_POINT ( 'NONE',  ( 23.68808532117964916, 25.56118514383755169, 149.1849246936553754 ) ) ;
#718 = CARTESIAN_POINT ( 'NONE',  ( 24.19570985247839801, 23.96918307230765066, 149.2077916666665942 ) ) ;
#719 = CARTESIAN_POINT ( 'NONE',  ( 19.23857744259340308, 29.84895349329969960, 152.0430510770925139 ) ) ;
#720 = FACE_OUTER_BOUND ( 'NONE', #1340, .T. ) ;
#721 = CARTESIAN_POINT ( 'NONE',  ( 24.46579926419224904, 25.10736077512684972, 152.2825791519045140 ) ) ;
#722 = CARTESIAN_POINT ( 'NONE',  ( 9.964404340873711519, 26.17883436262404828, 150.2976788637364791 ) ) ;
#723 = VERTEX_POINT ( 'NONE', #5243 ) ;
#724 = CARTESIAN_POINT ( 'NONE',  ( 22.43504121860324929, 18.25033362785369917, 144.9952186618954215 ) ) ;
#725 = CARTESIAN_POINT ( 'NONE',  ( 23.68486964364894831, 25.55711367895255037, 149.1593099975949883 ) ) ;
#726 = CARTESIAN_POINT ( 'NONE',  ( 16.37972614515649994, 30.33856758850074797, 146.8809798611112001 ) ) ;
#727 = CARTESIAN_POINT ( 'NONE',  ( 25.39483517070064877, 24.35313201386485105, 157.5004439479534994 ) ) ;
#728 = CARTESIAN_POINT ( 'NONE',  ( 11.27564087135250048, 27.88236706270150123, 152.0936166666665201 ) ) ;
#729 = CARTESIAN_POINT ( 'NONE',  ( 21.13701902197209748, 28.92732329748226761, 151.3966928699815639 ) ) ;
#730 = CARTESIAN_POINT ( 'NONE',  ( 25.21150487756234782, 25.80874436706309893, 160.7497500000000059 ) ) ;
#731 = EDGE_LOOP ( 'NONE', ( #4873, #900, #5607, #2361 ) ) ;
#732 = CARTESIAN_POINT ( 'NONE',  ( 11.47291238387301959, 28.60351037719874867, 149.7902937499999894 ) ) ;
#733 = CARTESIAN_POINT ( 'NONE',  ( 9.742512217820429754, 23.45904205722764857, 150.3088332416394906 ) ) ;
#734 = CARTESIAN_POINT ( 'NONE',  ( 23.79103024873525030, 24.82399619015619763, 148.1036008165172291 ) ) ;
#735 = CARTESIAN_POINT ( 'NONE',  ( 10.10499674874101572, 23.36277386545560830, 152.6245578614058047 ) ) ;
#736 = CARTESIAN_POINT ( 'NONE',  ( 16.38675626721649436, 30.23947218939010995, 151.8077960399328674 ) ) ;
#737 = CARTESIAN_POINT ( 'NONE',  ( 24.28124856184615155, 24.58848894915485062, 150.4317494858450175 ) ) ;
#738 = DIRECTION ( 'NONE',  ( 1.000000000000000000, 0.000000000000000000, 0.000000000000000000 ) ) ;
#739 = ADVANCED_FACE ( 'NONE', ( #2542 ), #4203, .F. ) ;
#740 = CARTESIAN_POINT ( 'NONE',  ( 10.33392883426941999, 25.88108538385884927, 153.0520500000000084 ) ) ;
#741 = CARTESIAN_POINT ( 'NONE',  ( 16.39708635933974890, 30.27297629091535214, 148.3101104166666175 ) ) ;
#742 = CARTESIAN_POINT ( 'NONE',  ( 21.60034691269840224, 28.81518589369684946, 152.8655490732169824 ) ) ;
#743 = CARTESIAN_POINT ( 'NONE',  ( 10.93139952831213790, 26.60510389221449756, 154.5674497760979875 ) ) ;
#744 = CARTESIAN_POINT ( 'NONE',  ( 13.79247973935502003, 22.80997513121804943, 155.8405727469795181 ) ) ;
#745 = CARTESIAN_POINT ( 'NONE',  ( 23.65595410855380010, 27.44872184066894860, 156.2301583333335202 ) ) ;
#746 = CARTESIAN_POINT ( 'NONE',  ( 25.10909302109935126, 24.93575257988299754, 156.1941833333335126 ) ) ;
#747 = CARTESIAN_POINT ( 'NONE',  ( 24.74993653424924744, 20.13623498335910256, 161.6530499999999790 ) ) ;
#748 = EDGE_CURVE ( 'NONE', #492, #6329, #3693, .T. ) ;
#749 = CARTESIAN_POINT ( 'NONE',  ( 24.15132316441910021, 25.84967009246204839, 152.3047041666665109 ) ) ;
#750 = ORIENTED_EDGE ( 'NONE', *, *, #1147, .T. ) ;
#751 = CARTESIAN_POINT ( 'NONE',  ( 25.10909302109935126, 24.93575257988299754, 156.1941833333335126 ) ) ;
#752 = CARTESIAN_POINT ( 'NONE',  ( 11.17579533623543853, 26.51688998278730125, 155.5808024760484898 ) ) ;
#753 = CARTESIAN_POINT ( 'NONE',  ( 25.17911839639450022, 25.54795222226060147, 159.3147041666665018 ) ) ;
#754 = CARTESIAN_POINT ( 'NONE',  ( 13.56024867175376158, 22.99393093211364913, 155.8940504324925200 ) ) ;
#755 = CARTESIAN_POINT ( 'NONE',  ( 23.49204874074365179, 25.55117318548725081, 148.0727146466599891 ) ) ;
#756 = CARTESIAN_POINT ( 'NONE',  ( 24.29649446340100027, 24.16956370325189951, 149.9879416666665861 ) ) ;
#757 = CARTESIAN_POINT ( 'NONE',  ( 25.35310256079720048, 24.52820282956485087, 157.4884900858205015 ) ) ;
#758 = CARTESIAN_POINT ( 'NONE',  ( 9.661958363779190151, 24.47846876952114670, 149.9316211828401890 ) ) ;
#759 = CARTESIAN_POINT ( 'NONE',  ( 9.901989142284350010, 24.30115274813434922, 151.1428936755175130 ) ) ;
#760 = DIRECTION ( 'NONE',  ( -0.9949093705772957819, 0.000000000000000000, 0.1007737284091904245 ) ) ;
#761 = ORIENTED_EDGE ( 'NONE', *, *, #4351, .F. ) ;
#762 = CARTESIAN_POINT ( 'NONE',  ( 16.56715474917355024, 23.96044662366510281, 154.1377903985209912 ) ) ;
#763 = CARTESIAN_POINT ( 'NONE',  ( 16.29130701877049958, 30.44150096188185017, 145.8072244069222165 ) ) ;
#764 = UNCERTAINTY_MEASURE_WITH_UNIT (LENGTH_MEASURE( 1.000000000000000082E-05 ), #4385, 'distance_accuracy_value', 'NONE');
#765 = CARTESIAN_POINT ( 'NONE',  ( 10.71092102396677603, 24.16724599103867632, 155.8652047362347162 ) ) ;
#766 = CARTESIAN_POINT ( 'NONE',  ( 24.76916745862504854, 25.22713799200259999, 154.3562518232390062 ) ) ;
#767 = CARTESIAN_POINT ( 'NONE',  ( 13.37707389910296030, 29.53490823578945168, 152.6535240119320349 ) ) ;
#768 = ORIENTED_EDGE ( 'NONE', *, *, #1634, .F. ) ;
#769 = CARTESIAN_POINT ( 'NONE',  ( 13.11813373378567960, 29.67859508365020105, 150.2770999999999901 ) ) ;
#770 = CARTESIAN_POINT ( 'NONE',  ( 16.93890547022154891, 30.24877761154129630, 152.4954030057594991 ) ) ;
#771 = CARTESIAN_POINT ( 'NONE',  ( 24.34551620032129904, 25.05682981545405141, 151.5294729166664922 ) ) ;
#772 = CARTESIAN_POINT ( 'NONE',  ( 9.825745631110349265, 25.03660923895030166, 150.5285848136805100 ) ) ;
#773 = CARTESIAN_POINT ( 'NONE',  ( 18.99374143870455001, 29.87626112641125076, 151.1546583333334866 ) ) ;
#774 = CARTESIAN_POINT ( 'NONE',  ( 25.15187392425135116, 25.25072677564455148, 157.7523166666665020 ) ) ;
#775 = CARTESIAN_POINT ( 'NONE',  ( 24.82993425971350376, 25.96323294603789833, 157.7516458333334981 ) ) ;
#776 = CARTESIAN_POINT ( 'NONE',  ( 22.92555859628869896, 27.41188020455609831, 151.2964334074215174 ) ) ;
#777 = CARTESIAN_POINT ( 'NONE',  ( 14.29969683866105967, 22.83377223700680148, 155.4301658054785094 ) ) ;
#778 = CARTESIAN_POINT ( 'NONE',  ( 19.42244777489105090, 29.89746859114159960, 153.5316370678530120 ) ) ;
#779 = EDGE_CURVE ( 'NONE', #3706, #2439, #5994, .T. ) ;
#780 = CARTESIAN_POINT ( 'NONE',  ( 22.65271790606120206, 28.74760170462240083, 159.4513000000000034 ) ) ;
#781 = CARTESIAN_POINT ( 'NONE',  ( 25.52344774725775167, 25.15886203697500179, 161.2757717775614879 ) ) ;
#782 = CARTESIAN_POINT ( 'NONE',  ( 24.78095894347285011, 20.19829723135224953, 155.7270000000000039 ) ) ;
#783 = CARTESIAN_POINT ( 'NONE',  ( 24.63667327966280141, 26.03463556328989981, 156.1895666666665079 ) ) ;
#784 = ORIENTED_EDGE ( 'NONE', *, *, #1642, .T. ) ;
#785 = CARTESIAN_POINT ( 'NONE',  ( 24.46956540922474943, 24.67712728994715121, 151.5354666666665082 ) ) ;
#786 = EDGE_CURVE ( 'NONE', #1009, #3180, #1961, .T. ) ;
#787 = CARTESIAN_POINT ( 'NONE',  ( 10.35606531685440146, 23.75358877427720117, 154.2746838822619964 ) ) ;
#788 = CARTESIAN_POINT ( 'NONE',  ( 24.79172545052905008, 23.95307807916989873, 152.3319250000000125 ) ) ;
#789 = CARTESIAN_POINT ( 'NONE',  ( 10.81996772663578810, 27.00292285297035377, 152.5444327161673925 ) ) ;
#790 = B_SPLINE_SURFACE_WITH_KNOTS ( 'NONE', 3, 1, ( 
 ( #6800, #3731 ),
 ( #2616, #4732 ),
 ( #485, #5173 ),
 ( #1080, #6317 ),
 ( #6837, #3183 ),
 ( #3141, #4770 ) ),
 .UNSPECIFIED., .F., .F., .F.,
 ( 4, 2, 4 ),
 ( 2, 2 ),
 ( 0.000000000000000000, 0.5000000000000000000, 1.000000000000000000 ),
 ( 0.000000000000000000, 1.000000000000000000 ),
 .UNSPECIFIED. ) ;
#791 = ORIENTED_EDGE ( 'NONE', *, *, #5972, .F. ) ;
#792 = CARTESIAN_POINT ( 'NONE',  ( 24.34551620032129904, 25.05682981545405141, 151.5294729166664922 ) ) ;
#793 = CARTESIAN_POINT ( 'NONE',  ( 22.00243268587929890, 28.37223725796435048, 151.8419351213125026 ) ) ;
#794 = CARTESIAN_POINT ( 'NONE',  ( 24.69802231989589458, 23.52427612783961308, 151.5249558750734025 ) ) ;
#795 = DIRECTION ( 'NONE',  ( -0.07830366880594487322, 0.9969295539061567846, 0.000000000000000000 ) ) ;
#796 = CARTESIAN_POINT ( 'NONE',  ( 14.45070576933910012, 23.02947995757120125, 155.0349786364955094 ) ) ;
#797 = ORIENTED_EDGE ( 'NONE', *, *, #5997, .T. ) ;
#798 = CARTESIAN_POINT ( 'NONE',  ( 24.72270246144159955, 24.77579621737329774, 153.0864166666665085 ) ) ;
#799 = CARTESIAN_POINT ( 'NONE',  ( 15.50769150852340061, 30.23835890097895174, 150.7794000000000096 ) ) ;
#800 = CARTESIAN_POINT ( 'NONE',  ( 23.36374571783560228, 24.79598231945755060, 144.2762916666665944 ) ) ;
#801 = CARTESIAN_POINT ( 'NONE',  ( 11.79399588442399960, 28.01008379091629763, 153.9018076903209931 ) ) ;
#802 = CARTESIAN_POINT ( 'NONE',  ( 10.93294793680717980, 27.12515389401274746, 153.0297305076674945 ) ) ;
#803 = ORIENTED_EDGE ( 'NONE', *, *, #4559, .T. ) ;
#804 = CARTESIAN_POINT ( 'NONE',  ( 13.33172555070373910, 22.85378495645479902, 153.1995388272704872 ) ) ;
#805 = CARTESIAN_POINT ( 'NONE',  ( 11.16836207353773958, 27.52793040253645174, 152.4811170248454744 ) ) ;
#806 = CARTESIAN_POINT ( 'NONE',  ( 11.00095050114664019, 21.21283106661784856, 155.7732729166665138 ) ) ;
#807 = VECTOR ( 'NONE', #6425, 1000.000000000000114 ) ;
#808 = CARTESIAN_POINT ( 'NONE',  ( 22.51731946874449974, 27.74849477932750119, 150.9623416666665037 ) ) ;
#809 = CARTESIAN_POINT ( 'NONE',  ( 24.00153862334330057, 23.96239815628045022, 148.0113338769070026 ) ) ;
#810 = CARTESIAN_POINT ( 'NONE',  ( 23.96578489452754823, 19.05059122693575091, 160.6421833333334916 ) ) ;
#811 = CARTESIAN_POINT ( 'NONE',  ( 23.76280376143713369, 24.50026892220144958, 147.2543295832973627 ) ) ;
#812 = B_SPLINE_CURVE_WITH_KNOTS ( 'NONE', 3,
 ( #6650, #3513, #787, #2954 ),
 .UNSPECIFIED., .F., .F.,
 ( 4, 4 ),
 ( 0.000000000000000000, 1.000000000000000000 ),
 .UNSPECIFIED. ) ;
#813 = VECTOR ( 'NONE', #5672, 1000.000000000000000 ) ;
#814 = EDGE_CURVE ( 'NONE', #1077, #6700, #5225, .T. ) ;
#815 = VECTOR ( 'NONE', #268, 1000.000000000000114 ) ;
#816 = CARTESIAN_POINT ( 'NONE',  ( 23.41357450758994929, 26.84260166553015381, 151.5521999999999991 ) ) ;
#817 = CARTESIAN_POINT ( 'NONE',  ( 23.68486964364894831, 25.55711367895255037, 149.1593099975949883 ) ) ;
#818 = ORIENTED_EDGE ( 'NONE', *, *, #5353, .T. ) ;
#819 = CARTESIAN_POINT ( 'NONE',  ( 11.22480298315160141, 20.45619088935489671, 155.7436814236110081 ) ) ;
#820 = VECTOR ( 'NONE', #4944, 1000.000000000000000 ) ;
#821 = CARTESIAN_POINT ( 'NONE',  ( 24.02537182381099967, 23.84001455384954937, 148.0199532986110000 ) ) ;
#822 = CARTESIAN_POINT ( 'NONE',  ( 13.78292652162924092, 22.70849910765170065, 153.6006478398479942 ) ) ;
#823 = ADVANCED_FACE ( 'NONE', ( #2483 ), #3084, .T. ) ;
#824 = CARTESIAN_POINT ( 'NONE',  ( 11.26025519498980110, 26.64583188074490039, 155.6992991530539996 ) ) ;
#825 = ORIENTED_EDGE ( 'NONE', *, *, #3880, .F. ) ;
#826 = CARTESIAN_POINT ( 'NONE',  ( 24.59025923418639792, 25.15575159159810070, 153.0814291666665099 ) ) ;
#827 = CIRCLE ( 'NONE', #1168, 6.062636445003022345 ) ;
#828 = CARTESIAN_POINT ( 'NONE',  ( 10.37324060148026028, 23.45991136275910094, 154.2886219114525090 ) ) ;
#829 = CARTESIAN_POINT ( 'NONE',  ( 25.09447071576446575, 23.66107218073300089, 153.8337835882441880 ) ) ;
#830 = CARTESIAN_POINT ( 'NONE',  ( 10.62400324072060087, 27.80421247493550041, 149.4862829209145900 ) ) ;
#831 = CARTESIAN_POINT ( 'NONE',  ( 23.13963838864519929, 27.15007279402695062, 151.2887257548860021 ) ) ;
#832 = ORIENTED_EDGE ( 'NONE', *, *, #6311, .T. ) ;
#833 = CARTESIAN_POINT ( 'NONE',  ( 16.06191970254674928, 30.26432537626024910, 149.9228833333334023 ) ) ;
#834 = CARTESIAN_POINT ( 'NONE',  ( 23.37364234547565189, 25.09439177397074872, 145.8473749999999995 ) ) ;
#835 = CARTESIAN_POINT ( 'NONE',  ( 11.27145307543163888, 27.24718357024245208, 154.4987291294375211 ) ) ;
#836 = LINE ( 'NONE', #5144, #6132 ) ;
#837 = CARTESIAN_POINT ( 'NONE',  ( 18.35055712972775055, 29.91545562536890301, 148.0672000000000139 ) ) ;
#838 = CARTESIAN_POINT ( 'NONE',  ( 24.09011196316944847, 24.92459463050380108, 149.9675541666665879 ) ) ;
#839 = CARTESIAN_POINT ( 'NONE',  ( 10.97056276368199867, 27.18616093202214756, 153.0226637206330054 ) ) ;
#840 = CARTESIAN_POINT ( 'NONE',  ( 11.36217520394474079, 27.52673648910380066, 153.6870999999999867 ) ) ;
#841 = CARTESIAN_POINT ( 'NONE',  ( 10.26307313758091944, 26.48073418456490202, 151.5792736111110059 ) ) ;
#842 = CARTESIAN_POINT ( 'NONE',  ( 23.56475433909639960, 25.41258542832930090, 148.1448649133974129 ) ) ;
#843 = CARTESIAN_POINT ( 'NONE',  ( 14.53608072516439975, 22.77457588489604845, 153.6751676354989797 ) ) ;
#844 = CARTESIAN_POINT ( 'NONE',  ( 11.02579348162750073, 27.32459375433674964, 152.5064126484050178 ) ) ;
#845 = CARTESIAN_POINT ( 'NONE',  ( 10.77374392669894121, 22.37928274189879829, 155.7998729166664873 ) ) ;
#846 = CARTESIAN_POINT ( 'NONE',  ( 21.54380451204274749, 29.12949505958739849, 155.6048999999999864 ) ) ;
#847 = CARTESIAN_POINT ( 'NONE',  ( 24.29649446340100027, 24.16956370325189951, 149.9879416666665861 ) ) ;
#848 = CARTESIAN_POINT ( 'NONE',  ( 22.98738727454660236, 18.59899888964539727, 152.1354833333335250 ) ) ;
#849 = CARTESIAN_POINT ( 'NONE',  ( 23.18320244037575151, 26.71248393401799959, 149.9989778150921893 ) ) ;
#850 = CARTESIAN_POINT ( 'NONE',  ( 12.14191398842196001, 26.73731352811729778, 160.9888020833334963 ) ) ;
#851 = ORIENTED_EDGE ( 'NONE', *, *, #6301, .T. ) ;
#852 = CARTESIAN_POINT ( 'NONE',  ( 9.385967887637550078, 24.85226636505414888, 149.0481150587038144 ) ) ;
#853 = CARTESIAN_POINT ( 'NONE',  ( 11.27145307543163888, 27.24718357024245208, 154.4987291294375211 ) ) ;
#854 = CARTESIAN_POINT ( 'NONE',  ( 25.88109509845739709, 23.03358306031240232, 161.7449750000000108 ) ) ;
#855 = CARTESIAN_POINT ( 'NONE',  ( 14.00413363025864122, 22.73677292717474785, 153.8197972203675192 ) ) ;
#856 = CARTESIAN_POINT ( 'NONE',  ( 10.84526592822362012, 25.51960387767144667, 155.6353124999999977 ) ) ;
#857 = EDGE_LOOP ( 'NONE', ( #4746, #3820, #5140, #2295 ) ) ;
#858 = CARTESIAN_POINT ( 'NONE',  ( 25.50087049600839961, 25.27846952095865163, 161.5366575872114936 ) ) ;
#859 = PLANE ( 'NONE',  #2044 ) ;
#860 = CARTESIAN_POINT ( 'NONE',  ( 25.25246960791283257, 23.72646906872052597, 154.9959634942232469 ) ) ;
#861 = EDGE_CURVE ( 'NONE', #3625, #2864, #6852, .T. ) ;
#862 = VERTEX_POINT ( 'NONE', #6820 ) ;
#863 = B_SPLINE_CURVE_WITH_KNOTS ( 'NONE', 3,
 ( #673, #1890, #318, #5732 ),
 .UNSPECIFIED., .F., .F.,
 ( 4, 4 ),
 ( 0.000000000000000000, 1.000000000000000000 ),
 .UNSPECIFIED. ) ;
#864 = CARTESIAN_POINT ( 'NONE',  ( 11.64519800979905995, 28.47735321365459882, 151.2426333333335151 ) ) ;
#865 = CARTESIAN_POINT ( 'NONE',  ( 23.75790896452649648, 23.94532208875135026, 145.9870999999999981 ) ) ;
#866 = DIRECTION ( 'NONE',  ( 0.1006318910984300291, 0.05303758115645521715, 0.9935090525400491757 ) ) ;
#867 = CARTESIAN_POINT ( 'NONE',  ( 20.65805315022090127, 29.92728756755425223, 163.6353241957824878 ) ) ;
#868 = CARTESIAN_POINT ( 'NONE',  ( 11.05606280083182824, 22.65115099000932020, 157.3774846216243475 ) ) ;
#869 = EDGE_CURVE ( 'NONE', #2091, #618, #4990, .T. ) ;
#870 = CARTESIAN_POINT ( 'NONE',  ( 23.51580379790655329, 25.91068825791269958, 149.2009470513513918 ) ) ;
#871 = CARTESIAN_POINT ( 'NONE',  ( 25.07591467247344852, 25.78096398127939892, 159.3145125000000064 ) ) ;
#872 = CARTESIAN_POINT ( 'NONE',  ( 14.71209682379909900, 22.79944916787760079, 153.9023984492929742 ) ) ;
#873 = CARTESIAN_POINT ( 'NONE',  ( 20.17618734679625092, 29.61453542097024894, 153.3882333333335168 ) ) ;
#874 = CARTESIAN_POINT ( 'NONE',  ( 9.673666625032110389, 24.43900133986264933, 149.9860231761777811 ) ) ;
#875 = CARTESIAN_POINT ( 'NONE',  ( 10.09377066800161060, 24.51642987550776454, 152.7507279239283662 ) ) ;
#876 = CARTESIAN_POINT ( 'NONE',  ( 11.22480298315160141, 20.45619088935489671, 155.7436814236110081 ) ) ;
#877 = CARTESIAN_POINT ( 'NONE',  ( 24.43966375868915009, 25.52982207476300047, 153.0791125000000079 ) ) ;
#878 = CARTESIAN_POINT ( 'NONE',  ( 20.17618734679625092, 29.61453542097024894, 153.3882333333335168 ) ) ;
#879 = CARTESIAN_POINT ( 'NONE',  ( 12.88017335855789902, 28.77849203254075050, 155.3477416666665079 ) ) ;
#880 = CARTESIAN_POINT ( 'NONE',  ( 23.19029449195209835, 18.48686576894309752, 153.6815958333334891 ) ) ;
#881 = CARTESIAN_POINT ( 'NONE',  ( 23.89142328952171113, 23.87152051396676100, 147.1132803392182211 ) ) ;
#882 = CARTESIAN_POINT ( 'NONE',  ( 23.06488967541089963, 27.13064834782700174, 150.9230642361110029 ) ) ;
#883 = CARTESIAN_POINT ( 'NONE',  ( 11.62383199165933867, 24.79411561497759919, 161.0543499999999995 ) ) ;
#884 = ORIENTED_EDGE ( 'NONE', *, *, #6046, .T. ) ;
#885 = CARTESIAN_POINT ( 'NONE',  ( 24.72270246144159955, 24.77579621737329774, 153.0864166666665085 ) ) ;
#886 = CARTESIAN_POINT ( 'NONE',  ( 10.54193852340029913, 24.34480268835104866, 155.0284354166664968 ) ) ;
#887 = CARTESIAN_POINT ( 'NONE',  ( 8.921568668883880449, 23.99460761459569724, 148.8306869082420008 ) ) ;
#888 = CARTESIAN_POINT ( 'NONE',  ( 10.14354665106112030, 24.34158511264935143, 153.2582867536179947 ) ) ;
#889 = CARTESIAN_POINT ( 'NONE',  ( 25.81604266428394823, 23.56794577455264772, 160.7988305555554973 ) ) ;
#890 = B_SPLINE_CURVE_WITH_KNOTS ( 'NONE', 3,
 ( #6152, #352, #6709, #1959, #4111 ),
 .UNSPECIFIED., .F., .F.,
 ( 4, 1, 4 ),
 ( 23.88207085246925132, 25.00000000000000000, 26.43832228268850315 ),
 .UNSPECIFIED. ) ;
#891 = CARTESIAN_POINT ( 'NONE',  ( 14.33012511007447998, 22.78246809091034919, 154.2323755844879827 ) ) ;
#892 = FACE_OUTER_BOUND ( 'NONE', #731, .T. ) ;
#893 = VERTEX_POINT ( 'NONE', #4593 ) ;
#894 = CARTESIAN_POINT ( 'NONE',  ( 23.81416608509435306, 24.68575853818579802, 147.9701042057860150 ) ) ;
#895 = CARTESIAN_POINT ( 'NONE',  ( 24.63807238432254820, 25.03025939781999654, 153.0825541666664833 ) ) ;
#896 = CARTESIAN_POINT ( 'NONE',  ( 11.94185054912238009, 28.40731982254414945, 152.8590921457235083 ) ) ;
#897 = CARTESIAN_POINT ( 'NONE',  ( 23.13963838864519929, 27.15007279402695062, 151.2887257548860021 ) ) ;
#898 = CARTESIAN_POINT ( 'NONE',  ( 25.33375290249734846, 23.76415114043198784, 155.6836967695718670 ) ) ;
#899 = CARTESIAN_POINT ( 'NONE',  ( 14.15630568408243839, 22.82949912973800011, 155.6007932207190265 ) ) ;
#900 = ORIENTED_EDGE ( 'NONE', *, *, #1736, .F. ) ;
#901 = EDGE_CURVE ( 'NONE', #4389, #723, #5767, .T. ) ;
#902 = CARTESIAN_POINT ( 'NONE',  ( 13.70569420556799933, 29.99837847439925298, 149.0309000000000026 ) ) ;
#903 = CARTESIAN_POINT ( 'NONE',  ( 23.31539220792295097, 24.86052174899209888, 143.8692981770831807 ) ) ;
#904 = LINE ( 'NONE', #6181, #6248 ) ;
#905 = CARTESIAN_POINT ( 'NONE',  ( 20.53844119602925034, 29.93033163223924831, 164.0401009427085057 ) ) ;
#906 = CARTESIAN_POINT ( 'NONE',  ( 10.82448394232388189, 26.93972725667305212, 153.0506155888394915 ) ) ;
#907 = CARTESIAN_POINT ( 'NONE',  ( 22.90278183890104913, 26.70124995171840254, 148.5111187204576026 ) ) ;
#908 = CARTESIAN_POINT ( 'NONE',  ( 10.78747210302330117, 27.70550510670340216, 150.5457499999999982 ) ) ;
#909 = EDGE_CURVE ( 'NONE', #5091, #51, #5188, .T. ) ;
#910 = CARTESIAN_POINT ( 'NONE',  ( 24.96038299342065159, 26.00861623471950423, 159.3160708333334981 ) ) ;
#911 = CARTESIAN_POINT ( 'NONE',  ( 11.28980182493969942, 23.24525447598760053, 158.9882767167014777 ) ) ;
#912 = CARTESIAN_POINT ( 'NONE',  ( 10.55027810803916211, 23.51303185751288538, 155.1424007073284486 ) ) ;
#913 = CARTESIAN_POINT ( 'NONE',  ( 10.09323070551189971, 24.31506632207110030, 152.7615322273479990 ) ) ;
#914 = CARTESIAN_POINT ( 'NONE',  ( 10.54063681260151952, 22.37321314214399948, 154.6471000000000231 ) ) ;
#915 = CARTESIAN_POINT ( 'NONE',  ( 25.26696928357295135, 25.80184948142014889, 161.2722676407789777 ) ) ;
#916 = CARTESIAN_POINT ( 'NONE',  ( 22.89508301716494998, 27.47874084790839788, 151.5852125000000115 ) ) ;
#917 = CARTESIAN_POINT ( 'NONE',  ( 15.98333530981964756, 30.22824656749479999, 154.2897499999999980 ) ) ;
#918 = CARTESIAN_POINT ( 'NONE',  ( 10.70916409953971993, 27.90845295708435003, 149.4759162991092012 ) ) ;
#919 = EDGE_CURVE ( 'NONE', #80, #4414, #4200, .T. ) ;
#920 = CARTESIAN_POINT ( 'NONE',  ( 10.37515352257621970, 24.72804102281214966, 154.2207301992864927 ) ) ;
#921 = CARTESIAN_POINT ( 'NONE',  ( 12.15536378461869838, 20.51184439712024599, 161.0349074600509880 ) ) ;
#922 = ORIENTED_EDGE ( 'NONE', *, *, #3432, .F. ) ;
#923 = CARTESIAN_POINT ( 'NONE',  ( 9.360220804439009612, 24.10077011821029913, 149.2895747562306212 ) ) ;
#924 = CARTESIAN_POINT ( 'NONE',  ( 24.07481313354439934, 24.02639805629450009, 148.5430035720443982 ) ) ;
#925 = CARTESIAN_POINT ( 'NONE',  ( 24.41757365830304849, 23.40419789489784819, 150.0254500000000064 ) ) ;
#926 = VECTOR ( 'NONE', #1237, 999.9999999999998863 ) ;
#927 = CIRCLE ( 'NONE', #5266, 6.243441225111379111 ) ;
#928 = VERTEX_POINT ( 'NONE', #2558 ) ;
#929 = CARTESIAN_POINT ( 'NONE',  ( 25.10291152683959837, 25.37159151898639919, 157.7514979166665228 ) ) ;
#930 = CARTESIAN_POINT ( 'NONE',  ( 15.04286747717195105, 30.09858856185674725, 151.9514386135174675 ) ) ;
#931 = CARTESIAN_POINT ( 'NONE',  ( 15.87087498353295345, 11.76435851949679900, 143.2990744506976171 ) ) ;
#932 = CARTESIAN_POINT ( 'NONE',  ( 11.61688853966829882, 27.28733828070495093, 155.6444542564555036 ) ) ;
#933 = CIRCLE ( 'NONE', #3603, 1.749999999999996891 ) ;
#934 = CARTESIAN_POINT ( 'NONE',  ( 11.27365818773324158, 23.44811921283962874, 158.9790821450166618 ) ) ;
#935 = CARTESIAN_POINT ( 'NONE',  ( 14.23146772523335990, 22.83202777001714878, 155.5177794654275090 ) ) ;
#936 = VECTOR ( 'NONE', #5491, 999.9999999999998863 ) ;
#937 = ORIENTED_EDGE ( 'NONE', *, *, #3244, .T. ) ;
#938 = CARTESIAN_POINT ( 'NONE',  ( 14.42077465747080112, 30.19181645572405159, 148.5592374999999947 ) ) ;
#939 = CARTESIAN_POINT ( 'NONE',  ( 23.46001406660750277, 24.61663370237725346, 144.6997437500000103 ) ) ;
#940 = CARTESIAN_POINT ( 'NONE',  ( 23.86394899181869889, 24.74010573227399945, 148.3798788391622168 ) ) ;
#941 = CARTESIAN_POINT ( 'NONE',  ( 17.77558843374204756, 30.10562919633379764, 145.5613608126902250 ) ) ;
#942 = CARTESIAN_POINT ( 'NONE',  ( 14.07635000335119990, 22.94761024988524767, 153.9072093953904812 ) ) ;
#943 = CARTESIAN_POINT ( 'NONE',  ( 10.63928171756320040, 26.65990817705150207, 152.5810458133560132 ) ) ;
#944 = LINE ( 'NONE', #6706, #4039 ) ;
#945 = CARTESIAN_POINT ( 'NONE',  ( 23.89973021980446788, 25.34350742746659435, 149.7692316778004908 ) ) ;
#946 = CARTESIAN_POINT ( 'NONE',  ( 9.997350770541579834, 25.84744703866745041, 151.1007000000000176 ) ) ;
#947 = CARTESIAN_POINT ( 'NONE',  ( 14.89483956404809994, 22.83071607817180038, 154.2594098652475054 ) ) ;
#948 = CARTESIAN_POINT ( 'NONE',  ( 17.09030405747955328, 30.28229085336510096, 153.7473150126940027 ) ) ;
#949 = CARTESIAN_POINT ( 'NONE',  ( 10.58013591633016048, 23.55934834006580303, 155.2933333333334929 ) ) ;
#950 = CARTESIAN_POINT ( 'NONE',  ( 23.63922308824420071, 25.34013582327069969, 148.4061608241181887 ) ) ;
#951 = CARTESIAN_POINT ( 'NONE',  ( 21.69952995830290021, 28.58897325115864874, 151.6753999999999962 ) ) ;
#952 = CARTESIAN_POINT ( 'NONE',  ( 16.03559905792474893, 30.23079120209684945, 154.6803125000000136 ) ) ;
#953 = EDGE_CURVE ( 'NONE', #4334, #5073, #5194, .T. ) ;
#954 = CARTESIAN_POINT ( 'NONE',  ( 11.83934010560025918, 27.83200073670235142, 154.8197151015910151 ) ) ;
#955 = CARTESIAN_POINT ( 'NONE',  ( 14.17826023882433972, 22.85953785181639830, 156.2284106755675168 ) ) ;
#956 = CARTESIAN_POINT ( 'NONE',  ( 23.68588624557149913, 25.73233345493060398, 149.5773184222219925 ) ) ;
#957 = CARTESIAN_POINT ( 'NONE',  ( 25.05388112176730075, 25.34815375108890123, 157.1408023556304840 ) ) ;
#958 = VERTEX_POINT ( 'NONE', #4289 ) ;
#959 = CARTESIAN_POINT ( 'NONE',  ( 19.84281980606780138, 29.62275612403060165, 151.8513499999999965 ) ) ;
#960 = CARTESIAN_POINT ( 'NONE',  ( 9.680750001813370531, 25.57022593471565131, 149.4807139989165989 ) ) ;
#961 = CARTESIAN_POINT ( 'NONE',  ( 13.42157734945363856, 22.78271798514504809, 155.9214183495139991 ) ) ;
#962 = EDGE_CURVE ( 'NONE', #2927, #3180, #6351, .T. ) ;
#963 = CARTESIAN_POINT ( 'NONE',  ( 25.45000429878185244, 23.24032591712095197, 156.2521000000000129 ) ) ;
#964 = CARTESIAN_POINT ( 'NONE',  ( 9.967305802269896375, 23.95689557439504469, 151.6064259273709922 ) ) ;
#965 = CARTESIAN_POINT ( 'NONE',  ( 23.53325317964030106, 26.75675662087679996, 151.7731202719174917 ) ) ;
#966 = CARTESIAN_POINT ( 'NONE',  ( 18.60420088217304979, 30.04076732526445070, 163.8678561197914973 ) ) ;
#967 = ORIENTED_EDGE ( 'NONE', *, *, #4438, .F. ) ;
#968 = CARTESIAN_POINT ( 'NONE',  ( 11.86667726724515859, 20.62400949900955283, 159.8838256944445106 ) ) ;
#969 = CARTESIAN_POINT ( 'NONE',  ( 14.51949761222205915, 22.97368616715270306, 153.6662180061869947 ) ) ;
#970 = CARTESIAN_POINT ( 'NONE',  ( 12.84524990227951946, 22.95488386243144774, 156.3501846632740069 ) ) ;
#971 = CARTESIAN_POINT ( 'NONE',  ( 11.35428525141460021, 27.12202366299890244, 154.8885304215590111 ) ) ;
#972 = CARTESIAN_POINT ( 'NONE',  ( 11.06519937241928275, 24.89192883400927414, 157.4517587909150222 ) ) ;
#973 = CARTESIAN_POINT ( 'NONE',  ( 9.832990881895328883, 22.04213971899709890, 150.4364919270834946 ) ) ;
#974 = ORIENTED_EDGE ( 'NONE', *, *, #3880, .T. ) ;
#975 = CARTESIAN_POINT ( 'NONE',  ( 11.10637749334370028, 28.59574747788585114, 148.4606797176971895 ) ) ;
#976 = B_SPLINE_SURFACE_WITH_KNOTS ( 'NONE', 3, 3, ( 
 ( #4573, #3060, #403, #3649, #6308, #6831, #4724 ),
 ( #4161, #1400, #365, #5164, #1436, #960, #5126 ),
 ( #2607, #3543, #2533, #1469, #2460, #4688, #3023 ),
 ( #6268, #2079, #3576, #852, #5676, #4086, #4648 ),
 ( #6758, #1545, #1973, #1937, #2496, #3613, #5093 ),
 ( #2570, #4606, #2990, #4053, #332, #6723, #6164 ),
 ( #5640, #887, #5749, #923, #6685, #3684, #998 ) ),
 .UNSPECIFIED., .F., .F., .F.,
 ( 4, 1, 1, 1, 4 ),
 ( 4, 1, 1, 1, 4 ),
 ( 0.000000000000000000, 1.000000000000000000, 2.000000000000000000, 3.000000000000000000, 4.000000000000000000 ),
 ( 0.000000000000000000, 1.000000000000000000, 2.000000000000000000, 3.000000000000000000, 4.000000000000000000 ),
 .UNSPECIFIED. ) ;
#977 = CARTESIAN_POINT ( 'NONE',  ( 23.92504297945569647, 21.61632276413075004, 144.3295604166666237 ) ) ;
#978 = CARTESIAN_POINT ( 'NONE',  ( 20.01811118213609930, 30.05204831750999972, 163.3088249999999846 ) ) ;
#979 = CARTESIAN_POINT ( 'NONE',  ( 13.38538164431719935, 22.86036405997475285, 153.2464884923074919 ) ) ;
#980 = LINE ( 'NONE', #6813, #6030 ) ;
#981 = CARTESIAN_POINT ( 'NONE',  ( 11.03877274260169905, 27.58239951740324969, 152.1271999999999878 ) ) ;
#982 = B_SPLINE_CURVE_WITH_KNOTS ( 'NONE', 3,
 ( #2735, #5842, #1085, #2196, #1223, #4312, #661, #3294, #1122 ),
 .UNSPECIFIED., .F., .F.,
 ( 4, 3, 2, 4 ),
 ( 0.000000000000000000, 0.4291148341783430076, 0.7143840087551970308, 1.000000000000000000 ),
 .UNSPECIFIED. ) ;
#983 = ORIENTED_EDGE ( 'NONE', *, *, #3137, .T. ) ;
#984 = CARTESIAN_POINT ( 'NONE',  ( 14.99341892209845994, 22.87178764182525015, 154.9905036094849891 ) ) ;
#985 = CARTESIAN_POINT ( 'NONE',  ( 24.61379956911660472, 25.83145250678323634, 155.1304767132911877 ) ) ;
#986 = CARTESIAN_POINT ( 'NONE',  ( 24.51583697436355180, 24.98350806721580142, 152.3076624999999922 ) ) ;
#987 = CARTESIAN_POINT ( 'NONE',  ( 25.24866025139934678, 25.57009834023595118, 160.0971999999999866 ) ) ;
#988 = CARTESIAN_POINT ( 'NONE',  ( 22.04768649798224800, 28.10886934025249673, 150.4798250000000053 ) ) ;
#989 = CARTESIAN_POINT ( 'NONE',  ( 17.00259440521750065, 30.25209330494600124, 152.9704749999999933 ) ) ;
#990 = CARTESIAN_POINT ( 'NONE',  ( 24.63807238432254820, 25.03025939781999654, 153.0825541666664833 ) ) ;
#991 = CARTESIAN_POINT ( 'NONE',  ( 24.51013464696825039, 24.69316010181470133, 151.7843358075144806 ) ) ;
#992 = CARTESIAN_POINT ( 'NONE',  ( 24.50699961591720211, 24.50234495498395049, 151.2915731713455045 ) ) ;
#993 = CARTESIAN_POINT ( 'NONE',  ( 25.11309177154095096, 25.21885419176874876, 157.2336759312159984 ) ) ;
#994 = CARTESIAN_POINT ( 'NONE',  ( 10.36111465538290055, 24.34215475520799998, 154.2427523718955058 ) ) ;
#995 = CARTESIAN_POINT ( 'NONE',  ( 10.48883032818960004, 20.79194210538635090, 151.8994749999999954 ) ) ;
#996 = VERTEX_POINT ( 'NONE', #6406 ) ;
#997 = ADVANCED_FACE ( 'NONE', ( #1649 ), #6615, .T. ) ;
#998 = CARTESIAN_POINT ( 'NONE',  ( 9.715719005986249712, 24.26464174348440039, 150.1895830422569986 ) ) ;
#999 = CARTESIAN_POINT ( 'NONE',  ( 19.37213182935779798, 29.87094980055850257, 153.0348825415814815 ) ) ;
#1000 = CARTESIAN_POINT ( 'NONE',  ( 24.83241414967019622, 24.38952454562659966, 153.0946729166664966 ) ) ;
#1001 = CARTESIAN_POINT ( 'NONE',  ( 24.13967736850059964, 23.65304849628400419, 148.5660208333333969 ) ) ;
#1002 = ORIENTED_EDGE ( 'NONE', *, *, #2285, .T. ) ;
#1003 = EDGE_CURVE ( 'NONE', #3706, #4825, #904, .T. ) ;
#1004 = CARTESIAN_POINT ( 'NONE',  ( 11.80534139982330011, 27.10245497174424756, 157.6067499999999768 ) ) ;
#1005 = CARTESIAN_POINT ( 'NONE',  ( 17.97596118867739889, 22.69554331862170216, 154.0626190205535124 ) ) ;
#1006 = CARTESIAN_POINT ( 'NONE',  ( 10.20591624618661974, 27.14858115433364816, 149.5469132886667865 ) ) ;
#1007 = CARTESIAN_POINT ( 'NONE',  ( 11.19533945057773394, 24.29697045491907303, 158.5714142651287091 ) ) ;
#1008 = CARTESIAN_POINT ( 'NONE',  ( 9.724722209300200149, 23.84880920800765125, 150.2511419766605059 ) ) ;
#1009 = VERTEX_POINT ( 'NONE', #1418 ) ;
#1010 = CARTESIAN_POINT ( 'NONE',  ( 11.34023531176156041, 27.40801187638784953, 153.9799098700280240 ) ) ;
#1011 = CARTESIAN_POINT ( 'NONE',  ( 24.11573241682309643, 22.83315492515514933, 147.9720458333331976 ) ) ;
#1012 = CARTESIAN_POINT ( 'NONE',  ( 19.37904991813985234, 30.16101406793514883, 161.3919125000000179 ) ) ;
#1013 = CARTESIAN_POINT ( 'NONE',  ( 23.93624527248140055, 24.34416167485284888, 148.1223794478931950 ) ) ;
#1014 = FACE_OUTER_BOUND ( 'NONE', #5198, .T. ) ;
#1015 = CARTESIAN_POINT ( 'NONE',  ( 24.01297552210621333, 25.17048289313272136, 150.0082862964572996 ) ) ;
#1016 = CARTESIAN_POINT ( 'NONE',  ( 11.48382238945361955, 27.50340935143310261, 154.3368499999999983 ) ) ;
#1017 = ORIENTED_EDGE ( 'NONE', *, *, #4234, .T. ) ;
#1018 = CARTESIAN_POINT ( 'NONE',  ( 9.716583678431682358, 24.10042937488195136, 150.2146505564104757 ) ) ;
#1019 = FACE_OUTER_BOUND ( 'NONE', #4350, .T. ) ;
#1020 = CARTESIAN_POINT ( 'NONE',  ( 9.370126505241644921, 23.71737905714782713, 149.4616144677065677 ) ) ;
#1021 = CARTESIAN_POINT ( 'NONE',  ( 24.91250220351348688, 25.61644690487225162, 156.8700419613447821 ) ) ;
#1022 = DIRECTION ( 'NONE',  ( -0.1008906618369223990, -0.05305790472450220424, -0.9934817225799141838 ) ) ;
#1023 = CARTESIAN_POINT ( 'NONE',  ( 24.94177683618259778, 24.86216764718309946, 154.6373166666664929 ) ) ;
#1024 = CARTESIAN_POINT ( 'NONE',  ( 23.95780531265804925, 25.29798304516545215, 149.9639875000000018 ) ) ;
#1025 = CARTESIAN_POINT ( 'NONE',  ( 21.60259704909835321, 28.56430495162184968, 151.0334000000000003 ) ) ;
#1026 = CARTESIAN_POINT ( 'NONE',  ( 25.06714002231230154, 25.06214291136750205, 156.1920583333335060 ) ) ;
#1027 = CARTESIAN_POINT ( 'NONE',  ( 10.94438430040460020, 28.22085656669889886, 149.3140157362423963 ) ) ;
#1028 = CARTESIAN_POINT ( 'NONE',  ( 11.11147386847270013, 27.03536414062484994, 154.0229744310075262 ) ) ;
#1029 = CARTESIAN_POINT ( 'NONE',  ( 19.93391118459384970, 29.54910123943924916, 151.4853618343660173 ) ) ;
#1030 = CARTESIAN_POINT ( 'NONE',  ( 10.26829947863500436, 22.38855027077623205, 152.9948522449018924 ) ) ;
#1031 = CARTESIAN_POINT ( 'NONE',  ( 10.62415514367609859, 27.59362483576300207, 150.1620499999999936 ) ) ;
#1032 = CARTESIAN_POINT ( 'NONE',  ( 10.08536227176086086, 23.01607454052760104, 151.9420916666664993 ) ) ;
#1033 = ORIENTED_EDGE ( 'NONE', *, *, #1590, .T. ) ;
#1034 = CARTESIAN_POINT ( 'NONE',  ( 20.20815451303570143, 29.68440820494635091, 154.5641526041665088 ) ) ;
#1035 = CARTESIAN_POINT ( 'NONE',  ( 24.03594651510794833, 27.74284973789769637, 161.5894187499999930 ) ) ;
#1036 = CARTESIAN_POINT ( 'NONE',  ( 10.02325663840215952, 22.58623615558544984, 151.1668886239199878 ) ) ;
#1037 = CARTESIAN_POINT ( 'NONE',  ( 25.29680497223725055, 21.73075668093255075, 155.5680999999999869 ) ) ;
#1038 = CARTESIAN_POINT ( 'NONE',  ( 24.48742465673049651, 27.12422914811774888, 161.2997750000000110 ) ) ;
#1039 = EDGE_LOOP ( 'NONE', ( #612, #5907, #2800, #6142, #6692, #3962, #2891, #5645, #6108 ) ) ;
#1040 = CARTESIAN_POINT ( 'NONE',  ( 11.32918122935245897, 25.57605736452050138, 158.4665999999999997 ) ) ;
#1041 = CARTESIAN_POINT ( 'NONE',  ( 24.83766323899284956, 24.82046992219590109, 153.8614666666665016 ) ) ;
#1042 = CARTESIAN_POINT ( 'NONE',  ( 23.56728559828275138, 25.42574858216995182, 148.1951698421705998 ) ) ;
#1043 = CARTESIAN_POINT ( 'NONE',  ( 12.39286969436223984, 22.90772635384895040, 156.1392627694449970 ) ) ;
#1044 = CARTESIAN_POINT ( 'NONE',  ( 10.64920930222520035, 27.27985237428615051, 151.3770812500000034 ) ) ;
#1045 = CARTESIAN_POINT ( 'NONE',  ( 10.98083915030242252, 24.87477385799554952, 156.9642854729721932 ) ) ;
#1046 = EDGE_CURVE ( 'NONE', #2606, #1423, #4625, .T. ) ;
#1047 = ORIENTED_EDGE ( 'NONE', *, *, #3698, .T. ) ;
#1048 = CARTESIAN_POINT ( 'NONE',  ( 15.17328881037214927, 30.29865901916999604, 148.2096416666665846 ) ) ;
#1049 = CARTESIAN_POINT ( 'NONE',  ( 23.22602106126514698, 19.71971629052840314, 145.9135833333332073 ) ) ;
#1050 = CARTESIAN_POINT ( 'NONE',  ( 18.80008662443099965, 30.14868580998670211, 157.4917000000000087 ) ) ;
#1051 = CARTESIAN_POINT ( 'NONE',  ( 11.27145307543163888, 27.24718357024245208, 154.4987291294375211 ) ) ;
#1052 = EDGE_CURVE ( 'NONE', #6555, #3801, #4664, .T. ) ;
#1053 = AXIS2_PLACEMENT_3D ( 'NONE', #3858, #2828, #1153 ) ;
#1054 = CARTESIAN_POINT ( 'NONE',  ( 24.11690349858079685, 24.97822384843852817, 150.1956477224034643 ) ) ;
#1055 = ORIENTED_EDGE ( 'NONE', *, *, #4652, .F. ) ;
#1056 = CARTESIAN_POINT ( 'NONE',  ( 14.80928164406718039, 23.08269541049629581, 155.5544906141545312 ) ) ;
#1057 = CARTESIAN_POINT ( 'NONE',  ( 10.42495682380761934, 25.50071894442755038, 153.8420000000000130 ) ) ;
#1058 = CARTESIAN_POINT ( 'NONE',  ( 25.36196376699259858, 25.46974679384749862, 160.7496506944444832 ) ) ;
#1059 = VECTOR ( 'NONE', #3255, 1000.000000000000000 ) ;
#1060 = FACE_OUTER_BOUND ( 'NONE', #453, .T. ) ;
#1061 = CARTESIAN_POINT ( 'NONE',  ( 24.67631093776270035, 25.56626370633847145, 154.6811798689958266 ) ) ;
#1062 = CARTESIAN_POINT ( 'NONE',  ( 24.68230752191425026, 24.90356415495730147, 153.0842083333334926 ) ) ;
#1063 = CARTESIAN_POINT ( 'NONE',  ( 24.13830545956574625, 25.54812393669230630, 151.2730900006536672 ) ) ;
#1064 = CARTESIAN_POINT ( 'NONE',  ( 22.84126758229730214, 27.17369005742530064, 150.0223560459464807 ) ) ;
#1065 = CARTESIAN_POINT ( 'NONE',  ( 25.32027479773434919, 25.19315085238985219, 159.3169833333334964 ) ) ;
#1066 = CARTESIAN_POINT ( 'NONE',  ( 12.32156140185440130, 28.21185160477219966, 155.5505736994849997 ) ) ;
#1067 = CARTESIAN_POINT ( 'NONE',  ( 25.15165451537334818, 25.12885865077240055, 157.2888183054700164 ) ) ;
#1068 = B_SPLINE_SURFACE_WITH_KNOTS ( 'NONE', 3, 3, ( 
 ( #366, #3651, #924, #439, #6793, #2041, #4163, #3175, #1000, #5238, #2609, #6832, #2081, #5789, #3792, #2821, #4300, #2255, #615, #2720, #6349, #1588 ),
 ( #4797, #3345, #3724, #1109, #6446, #33, #5351, #1663, #1624, #1074, #4236, #5826, #5319, #64, #5445, #4366, #2150, #5923, #2758, #5867, #2685, #3215 ),
 ( #551, #5900, #6414, #4265, #4831, #3250, #4861, #582, #1145, #2183, #5414, #3282, #5384, #93, #2787, #6477, #2217, #1176, #4331, #1735, #1697, #3849 ),
 ( #3817, #5960, #680, #4892, #647, #1210, #4925, #128, #3468, #2852, #6542, #4466, #746, #1241, #1302, #1800, #223, #4958, #2357, #781, #1766, #3977 ) ),
 .UNSPECIFIED., .F., .F., .F.,
 ( 4, 4 ),
 ( 4, 1, 1, 1, 1, 1, 1, 1, 1, 1, 1, 1, 1, 1, 1, 1, 1, 1, 1, 4 ),
 ( 0.000000000000000000, 1.000000000000000000 ),
 ( 0.000000000000000000, 1.000000000000000000, 3.000000000000000000, 5.000000000000000000, 7.000000000000000000, 9.000000000000000000, 11.00000000000000000, 13.00000000000000000, 15.00000000000000000, 17.00000000000000000, 19.00000000000000000, 21.00000000000000000, 23.00000000000000000, 25.00000000000000000, 27.00000000000000000, 29.00000000000000000, 31.00000000000000000, 33.00000000000000000, 34.00000000000000000, 35.00000000000000000 ),
 .UNSPECIFIED. ) ;
#1069 = CARTESIAN_POINT ( 'NONE',  ( 11.58785734486214025, 27.48372890683454983, 154.8548617946870252 ) ) ;
#1070 = CARTESIAN_POINT ( 'NONE',  ( 10.10260100758795865, 24.21046327704565115, 153.1088833333334946 ) ) ;
#1071 = EDGE_LOOP ( 'NONE', ( #4407, #580, #2584, #3796 ) ) ;
#1072 = CARTESIAN_POINT ( 'NONE',  ( 21.34728213288824605, 29.77742317910524861, 162.3617926397490123 ) ) ;
#1073 = B_SPLINE_CURVE_WITH_KNOTS ( 'NONE', 3,
 ( #6228, #4198, #2571, #4649, #1401 ),
 .UNSPECIFIED., .F., .F.,
 ( 4, 1, 4 ),
 ( 0.5315911570748160786, 0.7500000000000000000, 1.000000000000000000 ),
 .UNSPECIFIED. ) ;
#1074 = CARTESIAN_POINT ( 'NONE',  ( 24.91651499826199867, 24.56347311694845104, 153.8663833333334878 ) ) ;
#1075 = CARTESIAN_POINT ( 'NONE',  ( 25.19902667733850166, 21.68915205322469930, 154.7900000000000205 ) ) ;
#1076 = CARTESIAN_POINT ( 'NONE',  ( 24.42652871756729738, 26.76058304404470078, 158.5474000000000103 ) ) ;
#1077 = VERTEX_POINT ( 'NONE', #6284 ) ;
#1078 = CARTESIAN_POINT ( 'NONE',  ( 12.03353750923722032, 27.45976549334574912, 157.5756124999999770 ) ) ;
#1079 = CARTESIAN_POINT ( 'NONE',  ( 14.07041365289718193, 22.71418897176809892, 153.1945392748700101 ) ) ;
#1080 = CARTESIAN_POINT ( 'NONE',  ( 10.47205893852886049, 25.13888172807060073, 154.6922490307350131 ) ) ;
#1081 = LINE ( 'NONE', #653, #2620 ) ;
#1082 = CYLINDRICAL_SURFACE ( 'NONE', #5932, 1.749999999999996891 ) ;
#1083 = CARTESIAN_POINT ( 'NONE',  ( 10.24839925207733948, 20.35567364544224844, 150.6676110029070230 ) ) ;
#1084 = ORIENTED_EDGE ( 'NONE', *, *, #1809, .F. ) ;
#1085 = CARTESIAN_POINT ( 'NONE',  ( 10.73862050227302056, 26.78239041940534904, 153.0677119258890002 ) ) ;
#1086 = CARTESIAN_POINT ( 'NONE',  ( 23.84493071500019923, 23.11662502154404919, 144.2400458333331983 ) ) ;
#1087 = EDGE_CURVE ( 'NONE', #131, #6654, #1228, .T. ) ;
#1088 = CARTESIAN_POINT ( 'NONE',  ( 18.56309943735594814, 30.06642027551280094, 152.7814000000000192 ) ) ;
#1089 = CARTESIAN_POINT ( 'NONE',  ( 14.46416410639441885, 23.01635743232129627, 154.7180927934180090 ) ) ;
#1090 = CARTESIAN_POINT ( 'NONE',  ( 24.08687889521195302, 25.03689306209006205, 150.1443614435980010 ) ) ;
#1091 = VERTEX_POINT ( 'NONE', #5525 ) ;
#1092 = CARTESIAN_POINT ( 'NONE',  ( 14.98246131690846106, 23.06450848791764940, 154.8289788487460044 ) ) ;
#1093 = ADVANCED_FACE ( 'NONE', ( #2343 ), #6527, .F. ) ;
#1094 = CARTESIAN_POINT ( 'NONE',  ( 10.62092559905084066, 26.59052089899349980, 152.9995583333335105 ) ) ;
#1095 = CARTESIAN_POINT ( 'NONE',  ( 25.04084400704624969, 25.34169530055554986, 156.9701124999999990 ) ) ;
#1096 = DIRECTION ( 'NONE',  ( -0.9915069810188041899, -0.07789766924458138564, 0.1041434573904600064 ) ) ;
#1097 = CARTESIAN_POINT ( 'NONE',  ( 24.88923441812374904, 24.77866013598159967, 154.1179959560834902 ) ) ;
#1098 = FACE_OUTER_BOUND ( 'NONE', #274, .T. ) ;
#1099 = CARTESIAN_POINT ( 'NONE',  ( 12.31020681623273916, 22.69876599146889973, 151.6435068575464982 ) ) ;
#1100 = B_SPLINE_SURFACE_WITH_KNOTS ( 'NONE', 3, 3, ( 
 ( #327, #1431, #3017, #289, #2489, #4044, #4080, #4600, #3570, #6223, #5670, #918, #4642 ),
 ( #3606, #5705, #4680, #954, #3090, #5193, #5780, #4228, #4756, #1102, #511, #2642, #6340 ),
 ( #1579, #3166, #471, #3243, #6302, #2073, #6862, #5231, #1501, #607, #3755, #2209, #1027 ),
 ( #5817, #6825, #4718, #6408, #3715, #2601, #1539, #86, #4325, #2109, #4190, #3678, #2748 ),
 ( #1066, #5860, #5270, #3208, #5311, #543, #2677, #3643, #5742, #4789, #26, #2142, #4855 ) ),
 .UNSPECIFIED., .F., .F., .F.,
 ( 4, 1, 4 ),
 ( 4, 1, 1, 1, 1, 1, 1, 1, 1, 1, 4 ),
 ( 0.000000000000000000, 1.000000000000000000, 2.000000000000000000 ),
 ( 0.000000000000000000, 1.000000000000000000, 2.000000000000000000, 3.000000000000000000, 5.000000000000000000, 7.000000000000000000, 9.000000000000000000, 11.00000000000000000, 13.00000000000000000, 15.00000000000000000, 16.00000000000000000 ),
 .UNSPECIFIED. ) ;
#1101 = CARTESIAN_POINT ( 'NONE',  ( 25.31973380572460286, 24.64648446155820238, 157.4666731566489943 ) ) ;
#1102 = CARTESIAN_POINT ( 'NONE',  ( 11.03762967804398087, 28.01187926051139954, 150.5124291666665215 ) ) ;
#1103 = CARTESIAN_POINT ( 'NONE',  ( 13.40196475725953995, 22.66125377771815153, 153.2554381216195054 ) ) ;
#1104 = CARTESIAN_POINT ( 'NONE',  ( 10.26175956157246283, 22.38537243864858794, 152.9362702801830380 ) ) ;
#1105 = CARTESIAN_POINT ( 'NONE',  ( 25.29702624760669849, 25.45443962055324860, 160.0975395833335142 ) ) ;
#1106 = CARTESIAN_POINT ( 'NONE',  ( 9.967232776003760009, 23.52512714290689999, 151.2844791666665003 ) ) ;
#1107 = VERTEX_POINT ( 'NONE', #766 ) ;
#1108 = DIRECTION ( 'NONE',  ( 0.1006318910984302234, 0.05303758115645541837, 0.9935090525400491757 ) ) ;
#1109 = CARTESIAN_POINT ( 'NONE',  ( 24.14689420088529914, 24.22027608173199908, 149.1957416666665779 ) ) ;
#1110 = CARTESIAN_POINT ( 'NONE',  ( 24.59150384755550078, 22.29082493884644833, 150.8740999999999985 ) ) ;
#1111 = CARTESIAN_POINT ( 'NONE',  ( 24.78982011988750145, 26.47268057309059941, 160.1053125000000250 ) ) ;
#1112 = ORIENTED_EDGE ( 'NONE', *, *, #2148, .F. ) ;
#1113 = CARTESIAN_POINT ( 'NONE',  ( 11.86004177656105973, 27.34150877269249946, 156.9383027777780057 ) ) ;
#1114 = CARTESIAN_POINT ( 'NONE',  ( 23.59618653052455173, 25.46541233302810170, 148.4822921740847903 ) ) ;
#1115 = CARTESIAN_POINT ( 'NONE',  ( 19.99691823412059932, 29.65368873113434844, 152.9831966151065217 ) ) ;
#1116 = CARTESIAN_POINT ( 'NONE',  ( 19.93391118459384970, 29.54910123943924916, 151.4853618343660173 ) ) ;
#1117 = CARTESIAN_POINT ( 'NONE',  ( 23.41971369274414982, 25.77634816195454803, 148.3029350078421942 ) ) ;
#1118 = CARTESIAN_POINT ( 'NONE',  ( 10.33185394544852009, 20.50317685707259940, 150.9595182808234881 ) ) ;
#1119 = CARTESIAN_POINT ( 'NONE',  ( 25.07591467247344852, 25.78096398127939892, 159.3145125000000064 ) ) ;
#1120 = CARTESIAN_POINT ( 'NONE',  ( 9.657167435508680953, 24.20419971436235329, 149.9804607800380154 ) ) ;
#1121 = ORIENTED_EDGE ( 'NONE', *, *, #4191, .F. ) ;
#1122 = CARTESIAN_POINT ( 'NONE',  ( 11.00917666346135881, 27.24650793616800115, 153.0155309758164890 ) ) ;
#1123 = CARTESIAN_POINT ( 'NONE',  ( 23.67320719851129951, 20.62350748482660023, 147.9708499999999844 ) ) ;
#1124 = CARTESIAN_POINT ( 'NONE',  ( 19.13989481328770026, 30.14645591263815305, 159.8306999999999789 ) ) ;
#1125 = LINE ( 'NONE', #3326, #936 ) ;
#1126 = CARTESIAN_POINT ( 'NONE',  ( 24.07104696435834867, 25.81363951447900007, 151.7689949390925221 ) ) ;
#1127 = B_SPLINE_SURFACE_WITH_KNOTS ( 'NONE', 3, 1, ( 
 ( #4092, #371 ),
 ( #6201, #1442 ),
 ( #4479, #3955 ),
 ( #3065, #5170 ),
 ( #5913, #115 ),
 ( #6367, #536 ),
 ( #2775, #3234 ),
 ( #3199, #52 ),
 ( #2632, #1645 ) ),
 .UNSPECIFIED., .F., .F., .F.,
 ( 4, 3, 2, 4 ),
 ( 2, 2 ),
 ( 0.000000000000000000, 0.0003254273410623419833, 0.0005389195698028470581, 0.0007525860677657920765 ),
 ( 0.000000000000000000, 1.000000000000000000 ),
 .UNSPECIFIED. ) ;
#1128 = EDGE_CURVE ( 'NONE', #3915, #2606, #5290, .T. ) ;
#1129 = VERTEX_POINT ( 'NONE', #6007 ) ;
#1130 = B_SPLINE_CURVE_WITH_KNOTS ( 'NONE', 3,
 ( #4781, #20, #2168, #599, #2133 ),
 .UNSPECIFIED., .F., .F.,
 ( 4, 1, 4 ),
 ( 0.1355184898121024051, 0.5000000000000000000, 1.000000000000000000 ),
 .UNSPECIFIED. ) ;
#1131 = CARTESIAN_POINT ( 'NONE',  ( 23.81416608509435306, 24.68575853818579802, 147.9701042057860150 ) ) ;
#1132 = CARTESIAN_POINT ( 'NONE',  ( 24.21599015129200083, 25.87492174897539954, 152.7575755957089996 ) ) ;
#1133 = CARTESIAN_POINT ( 'NONE',  ( 9.948693595941769274, 24.45267421117839746, 151.6675833333334822 ) ) ;
#1134 = B_SPLINE_SURFACE_WITH_KNOTS ( 'NONE', 3, 1, ( 
 ( #335, #5030 ),
 ( #1941, #2993 ),
 ( #2400, #6690 ),
 ( #4018, #4544 ) ),
 .UNSPECIFIED., .F., .F., .F.,
 ( 4, 4 ),
 ( 2, 2 ),
 ( 0.000000000000000000, 1.000000000000000000 ),
 ( 0.000000000000000000, 1.000000000000000000 ),
 .UNSPECIFIED. ) ;
#1135 = CARTESIAN_POINT ( 'NONE',  ( 25.25747920413604675, 25.16053904118309603, 158.5352833333334956 ) ) ;
#1136 = CARTESIAN_POINT ( 'NONE',  ( 14.16876605654939958, 22.75868336179459916, 154.0022041833169908 ) ) ;
#1137 = CARTESIAN_POINT ( 'NONE',  ( 23.94006452954925024, 24.49970962018445064, 148.3855981614131849 ) ) ;
#1138 = CARTESIAN_POINT ( 'NONE',  ( 16.17601241355695052, 30.27827001532885021, 153.8401376723685132 ) ) ;
#1139 = ADVANCED_FACE ( 'NONE', ( #3454 ), #1911, .F. ) ;
#1140 = CARTESIAN_POINT ( 'NONE',  ( 25.05388112176730075, 25.34815375108890123, 157.1408023556304840 ) ) ;
#1141 = CARTESIAN_POINT ( 'NONE',  ( 10.81820823772019935, 27.27000004374894715, 152.1606104166665148 ) ) ;
#1142 = CARTESIAN_POINT ( 'NONE',  ( 9.918585785263729804, 24.30681984894309977, 151.2809217881944903 ) ) ;
#1143 = ORIENTED_EDGE ( 'NONE', *, *, #4707, .T. ) ;
#1144 = CARTESIAN_POINT ( 'NONE',  ( 21.78973027973665211, 29.59201796578715005, 162.1810375000000022 ) ) ;
#1145 = CARTESIAN_POINT ( 'NONE',  ( 24.76309740096889911, 24.64802827978925492, 153.0886250000000075 ) ) ;
#1146 = CARTESIAN_POINT ( 'NONE',  ( 25.20038377433539623, 20.86503520566814984, 162.2123458333335009 ) ) ;
#1147 = EDGE_CURVE ( 'NONE', #2180, #5364, #4549, .T. ) ;
#1148 = CARTESIAN_POINT ( 'NONE',  ( 24.32088387062009716, 27.43853220389370051, 161.9665444444445086 ) ) ;
#1149 = ORIENTED_EDGE ( 'NONE', *, *, #1327, .F. ) ;
#1150 = CARTESIAN_POINT ( 'NONE',  ( 10.88428263595531931, 25.52772599301384915, 155.8941333333334853 ) ) ;
#1151 = CARTESIAN_POINT ( 'NONE',  ( 9.774639926870378304, 24.48708538505766796, 150.4079247925799052 ) ) ;
#1152 = CARTESIAN_POINT ( 'NONE',  ( 12.34479451748750023, 22.87043456884515180, 155.3986799454095262 ) ) ;
#1153 = DIRECTION ( 'NONE',  ( 0.1006318910984311671, 0.05303758115645620941, 0.9935090525400490646 ) ) ;
#1154 = ORIENTED_EDGE ( 'NONE', *, *, #4986, .T. ) ;
#1155 = CARTESIAN_POINT ( 'NONE',  ( 9.673666625032110389, 24.43900133986264933, 149.9860231761777811 ) ) ;
#1156 = CARTESIAN_POINT ( 'NONE',  ( 23.95632270904755146, 24.97763792460079912, 149.3056539154605957 ) ) ;
#1157 = CARTESIAN_POINT ( 'NONE',  ( 18.94753673738734889, 30.05985794913990006, 163.8279023437499973 ) ) ;
#1158 = B_SPLINE_CURVE_WITH_KNOTS ( 'NONE', 3,
 ( #4075, #6218, #6188, #1426, #3564, #912, #2942, #3047, #6609, #6746, #1997 ),
 .UNSPECIFIED., .F., .F.,
 ( 4, 1, 1, 1, 2, 2, 4 ),
 ( 0.000000000000000000, 0.2499999999999998335, 0.3749999999999500400, 0.4374999999999688027, 0.4687499999999784617, 0.4999999999999881761, 1.000000000000000000 ),
 .UNSPECIFIED. ) ;
#1159 = CARTESIAN_POINT ( 'NONE',  ( 24.29727409165259999, 24.54367630293209857, 150.4511304590484713 ) ) ;
#1160 = B_SPLINE_CURVE_WITH_KNOTS ( 'NONE', 3,
 ( #1753, #1782, #3298, #5400, #632 ),
 .UNSPECIFIED., .F., .F.,
 ( 4, 1, 4 ),
 ( 0.6130808715829699773, 0.7333333333333330595, 0.7822928703661160554 ),
 .UNSPECIFIED. ) ;
#1161 = VECTOR ( 'NONE', #423, 1000.000000000000000 ) ;
#1162 = VERTEX_POINT ( 'NONE', #1256 ) ;
#1163 = CARTESIAN_POINT ( 'NONE',  ( 24.89622703064184961, 25.27803285409954981, 155.4100791666664918 ) ) ;
#1164 = CARTESIAN_POINT ( 'NONE',  ( 9.845014689157620680, 24.41436325733629786, 150.7464545236154834 ) ) ;
#1165 = CARTESIAN_POINT ( 'NONE',  ( 25.02148097560834827, 25.18725370280709797, 156.1904791666665062 ) ) ;
#1166 = AXIS2_PLACEMENT_3D ( 'NONE', #6430, #5430, #2165 ) ;
#1167 = CARTESIAN_POINT ( 'NONE',  ( 16.58792230791855005, 30.24407709911925224, 149.8585624999999766 ) ) ;
#1168 = AXIS2_PLACEMENT_3D ( 'NONE', #3839, #672, #187 ) ;
#1169 = CARTESIAN_POINT ( 'NONE',  ( 23.70511162570245034, 25.57938120620714884, 149.3122484483906192 ) ) ;
#1170 = CARTESIAN_POINT ( 'NONE',  ( 25.36196376699259858, 25.46974679384749862, 160.7496506944444832 ) ) ;
#1171 = CARTESIAN_POINT ( 'NONE',  ( 9.919911129344059830, 23.91051430701265090, 151.1466709659675018 ) ) ;
#1172 = EDGE_LOOP ( 'NONE', ( #5849, #1755, #5258, #2396, #4263, #3682, #3107, #1719, #1803, #4974, #5349, #3064 ) ) ;
#1173 = CARTESIAN_POINT ( 'NONE',  ( 12.98089816255206053, 22.94484619590734908, 155.8755199719060158 ) ) ;
#1174 = ADVANCED_FACE ( 'NONE', ( #5037 ), #5561, .T. ) ;
#1175 = CARTESIAN_POINT ( 'NONE',  ( 23.52264098855160057, 27.97741416866094966, 159.3856999999999857 ) ) ;
#1176 = CARTESIAN_POINT ( 'NONE',  ( 25.47243689282730372, 24.98642464554919940, 160.1015916666665078 ) ) ;
#1177 = CARTESIAN_POINT ( 'NONE',  ( 24.48206590817609651, 21.51671454140664963, 150.9397000000000162 ) ) ;
#1178 = CARTESIAN_POINT ( 'NONE',  ( 25.03939025165555066, 26.14469442976590230, 160.7529541666665125 ) ) ;
#1179 = EDGE_LOOP ( 'NONE', ( #3131, #2900, #1381, #6728 ) ) ;
#1180 = CARTESIAN_POINT ( 'NONE',  ( 11.37782613531767950, 20.57920318866509746, 157.0456666666665058 ) ) ;
#1181 = CARTESIAN_POINT ( 'NONE',  ( 24.42936248454480364, 24.94624405912534826, 151.7790065121390057 ) ) ;
#1182 = B_SPLINE_SURFACE_WITH_KNOTS ( 'NONE', 3, 1, ( 
 ( #3716, #3209 ),
 ( #2678, #1103 ),
 ( #2143, #3337 ),
 ( #3906, #4951 ),
 ( #4429, #59 ),
 ( #608, #2749 ),
 ( #1686, #4817 ),
 ( #2779, #3272 ),
 ( #5891, #1136 ),
 ( #3305, #1614 ),
 ( #5375, #605 ),
 ( #3335, #3752 ),
 ( #2282, #5856 ),
 ( #5948, #573 ),
 ( #2172, #2746 ) ),
 .UNSPECIFIED., .F., .F., .F.,
 ( 4, 1, 1, 1, 1, 1, 1, 1, 1, 1, 1, 1, 4 ),
 ( 2, 2 ),
 ( 0.000000000000000000, 0.1101715529067670007, 0.2114065456274079879, 0.3044953688545204984, 0.3886988138194849562, 0.4648246972172510039, 0.5321580448999250201, 0.5911314173777190151, 0.6419172662896239778, 0.7340741565462390872, 0.8228573562020700116, 0.9112417756926730616, 1.000000000000000000 ),
 ( 0.000000000000000000, 1.000000000000000000 ),
 .UNSPECIFIED. ) ;
#1183 = CARTESIAN_POINT ( 'NONE',  ( 18.04352750125769944, 22.71688733970429652, 154.0546358410950063 ) ) ;
#1184 = CARTESIAN_POINT ( 'NONE',  ( 9.919911129344059830, 23.91051430701265090, 151.1466709659675018 ) ) ;
#1185 = FACE_OUTER_BOUND ( 'NONE', #2201, .T. ) ;
#1186 = DIRECTION ( 'NONE',  ( 0.9914626728336708439, 0.07787427352598337571, -0.1045818621956675770 ) ) ;
#1187 = CARTESIAN_POINT ( 'NONE',  ( 24.35863992626525132, 25.14612911699955333, 151.7754992716290019 ) ) ;
#1188 = FACE_OUTER_BOUND ( 'NONE', #6756, .T. ) ;
#1189 = CARTESIAN_POINT ( 'NONE',  ( 9.954375914801198988, 24.32211377806559582, 151.6695840277780007 ) ) ;
#1190 = ORIENTED_EDGE ( 'NONE', *, *, #5462, .F. ) ;
#1191 = CARTESIAN_POINT ( 'NONE',  ( 22.70574217294494801, 18.53989064900374828, 144.8198640421142045 ) ) ;
#1192 = DIRECTION ( 'NONE',  ( 0.1006318910984311671, 0.05303758115645620941, 0.9935090525400490646 ) ) ;
#1193 = CARTESIAN_POINT ( 'NONE',  ( 17.81113354874090149, 30.25212173076909750, 156.0368124999999964 ) ) ;
#1194 = SURFACE_SIDE_STYLE ('',( #4845 ) ) ;
#1195 = CARTESIAN_POINT ( 'NONE',  ( 19.42244777489105090, 29.89746859114159960, 153.5316370678530120 ) ) ;
#1196 = ORIENTED_EDGE ( 'NONE', *, *, #6168, .F. ) ;
#1197 = CARTESIAN_POINT ( 'NONE',  ( 11.92748657227193831, 22.64676934582309897, 155.6653076477514901 ) ) ;
#1198 = CARTESIAN_POINT ( 'NONE',  ( 9.905057454071888756, 25.07956540758099706, 151.1384249999999838 ) ) ;
#1199 = CARTESIAN_POINT ( 'NONE',  ( 24.38334716484494891, 25.52335460331749672, 152.7593922054820155 ) ) ;
#1200 = CARTESIAN_POINT ( 'NONE',  ( 18.51066323352244680, 29.81484708710245002, 145.6938759047435781 ) ) ;
#1201 = CARTESIAN_POINT ( 'NONE',  ( 25.16361626549834796, 25.40065249877689979, 158.5332729166665047 ) ) ;
#1202 = CARTESIAN_POINT ( 'NONE',  ( 16.85682430436229851, 30.22083158518234924, 151.7611782634199926 ) ) ;
#1203 = CARTESIAN_POINT ( 'NONE',  ( 9.926546481256288246, 24.19581189806798704, 151.3225421123097192 ) ) ;
#1204 = CARTESIAN_POINT ( 'NONE',  ( 24.63667327966280141, 26.03463556328989981, 156.1895666666665079 ) ) ;
#1205 = CYLINDRICAL_SURFACE ( 'NONE', #6805, 1.749999999999996891 ) ;
#1206 = CARTESIAN_POINT ( 'NONE',  ( 25.18807710961715074, 26.11302028208629977, 162.0583602711400033 ) ) ;
#1207 = DIRECTION ( 'NONE',  ( 0.9949093705772956708, 0.000000000000000000, -0.1007737284091911739 ) ) ;
#1208 = CARTESIAN_POINT ( 'NONE',  ( 10.14209392694821865, 21.68771469745205138, 151.1616322916665069 ) ) ;
#1209 = CARTESIAN_POINT ( 'NONE',  ( 23.87550936195690099, 27.48252671439774986, 158.5757916666665039 ) ) ;
#1210 = CARTESIAN_POINT ( 'NONE',  ( 24.33570921508434992, 24.61779876381959653, 150.7578166666665140 ) ) ;
#1211 = CARTESIAN_POINT ( 'NONE',  ( 24.67388950011345017, 20.15628694334190030, 154.9523999999999830 ) ) ;
#1212 = EDGE_CURVE ( 'NONE', #5929, #4027, #6514, .T. ) ;
#1213 = CARTESIAN_POINT ( 'NONE',  ( 24.50885695266214981, 26.40008103318879762, 156.9755999999999858 ) ) ;
#1214 = VERTEX_POINT ( 'NONE', #1680 ) ;
#1215 = CARTESIAN_POINT ( 'NONE',  ( 11.41669590636245779, 26.69314919817970022, 156.4725135642894713 ) ) ;
#1216 = LINE ( 'NONE', #1670, #5391 ) ;
#1217 = CARTESIAN_POINT ( 'NONE',  ( 25.63463856410659858, 24.38383041356180314, 160.1151375000000030 ) ) ;
#1218 = CARTESIAN_POINT ( 'NONE',  ( 24.87448474641299967, 24.83528685086939802, 154.1402239840230095 ) ) ;
#1219 = EDGE_CURVE ( 'NONE', #5205, #5131, #4869, .T. ) ;
#1220 = CARTESIAN_POINT ( 'NONE',  ( 24.21361296540195340, 25.50534850914905149, 151.7710123569695213 ) ) ;
#1221 = CARTESIAN_POINT ( 'NONE',  ( 9.825745631110349265, 25.03660923895030166, 150.5285848136805100 ) ) ;
#1222 = ORIENTED_EDGE ( 'NONE', *, *, #814, .T. ) ;
#1223 = CARTESIAN_POINT ( 'NONE',  ( 10.82448394232388189, 26.93972725667305212, 153.0506155888394915 ) ) ;
#1224 = CARTESIAN_POINT ( 'NONE',  ( 22.68636671868949861, 19.11589177490725078, 148.4936354166665922 ) ) ;
#1225 = CARTESIAN_POINT ( 'NONE',  ( 18.52606773660270179, 30.19357599948665083, 158.3214499999999987 ) ) ;
#1226 = CARTESIAN_POINT ( 'NONE',  ( 24.32757133901530011, 24.45110924906665062, 150.4841568824924991 ) ) ;
#1227 = CARTESIAN_POINT ( 'NONE',  ( 22.59277815752584573, 27.39303993177934871, 149.6552323121335917 ) ) ;
#1228 = B_SPLINE_CURVE_WITH_KNOTS ( 'NONE', 3,
 ( #3110, #5216, #456, #2587, #4704 ),
 .UNSPECIFIED., .F., .F.,
 ( 4, 1, 4 ),
 ( 0.8913546841754209638, 0.9375000000000000000, 1.000000000000000000 ),
 .UNSPECIFIED. ) ;
#1229 = B_SPLINE_CURVE_WITH_KNOTS ( 'NONE', 3,
 ( #588, #4272, #6356, #2655, #1594, #2120, #4802, #6, #3730, #5832, #4769, #1079, #3220, #5796, #38 ),
 .UNSPECIFIED., .F., .F.,
 ( 4, 1, 1, 1, 1, 1, 1, 1, 1, 1, 1, 1, 4 ),
 ( 0.000000000000000000, 0.09885430056651160757, 0.1965555249723124898, 0.2937174129259330080, 0.3929880070886399568, 0.4463344035632280105, 0.5054580898554460466, 0.5715119743414609488, 0.6438697479274759772, 0.7229617393284810678, 0.8084893041087239940, 0.9011595675577519504, 1.000000000000000000 ),
 .UNSPECIFIED. ) ;
#1230 = ORIENTED_EDGE ( 'NONE', *, *, #5695, .F. ) ;
#1231 = CARTESIAN_POINT ( 'NONE',  ( 13.54056968709357811, 22.81459216474009821, 156.4100657972394970 ) ) ;
#1232 = CARTESIAN_POINT ( 'NONE',  ( 10.15677613452113093, 23.38840316767392480, 153.0988114922740522 ) ) ;
#1233 = CARTESIAN_POINT ( 'NONE',  ( 18.91477412464955066, 29.80615823146120036, 149.5874791666665828 ) ) ;
#1234 = CARTESIAN_POINT ( 'NONE',  ( 24.19043417104765226, 24.81884371402444600, 150.3098396827475085 ) ) ;
#1235 = CARTESIAN_POINT ( 'NONE',  ( 25.28643148180695022, 24.75709849563559928, 157.4406465557794945 ) ) ;
#1236 = CARTESIAN_POINT ( 'NONE',  ( 21.31758145835069840, 28.99903262890464717, 152.8843757122110105 ) ) ;
#1237 = DIRECTION ( 'NONE',  ( -0.08291556471174151011, 0.9955514112831510554, -0.04474814656116295891 ) ) ;
#1238 = CARTESIAN_POINT ( 'NONE',  ( 21.31758145835069840, 28.99903262890464717, 152.8843757122110105 ) ) ;
#1239 = CARTESIAN_POINT ( 'NONE',  ( 12.78934576801371925, 22.72465378757004828, 155.8010992826724816 ) ) ;
#1240 = CARTESIAN_POINT ( 'NONE',  ( 20.77011558492405285, 29.62980882708799868, 158.0503687499999899 ) ) ;
#1241 = CARTESIAN_POINT ( 'NONE',  ( 25.17686332518790238, 24.97000794921680011, 156.9746833333335019 ) ) ;
#1242 = CARTESIAN_POINT ( 'NONE',  ( 23.46474660861160189, 20.02351850504324915, 148.9638833333331718 ) ) ;
#1243 = CARTESIAN_POINT ( 'NONE',  ( 23.96420595773815165, 26.63409642125815324, 153.8673500000000161 ) ) ;
#1244 = ORIENTED_EDGE ( 'NONE', *, *, #4322, .F. ) ;
#1245 = CARTESIAN_POINT ( 'NONE',  ( 10.80003781415143926, 22.37990108702179981, 155.9278333333335240 ) ) ;
#1246 = CARTESIAN_POINT ( 'NONE',  ( 9.715719005986260370, 24.26464174348440039, 150.1895830422569986 ) ) ;
#1247 = CARTESIAN_POINT ( 'NONE',  ( 25.67794230939949784, 24.78707716029175145, 161.6724374470250041 ) ) ;
#1248 = CARTESIAN_POINT ( 'NONE',  ( 18.43275791920990159, 30.05990533130649922, 151.6101438664270233 ) ) ;
#1249 = CARTESIAN_POINT ( 'NONE',  ( 24.07104696427824919, 25.81363951445570137, 151.7689949391020150 ) ) ;
#1250 = CARTESIAN_POINT ( 'NONE',  ( 24.38489585489295308, 25.07318668570360032, 151.7767337906585112 ) ) ;
#1251 = EDGE_LOOP ( 'NONE', ( #4167, #5292, #1375, #6529 ) ) ;
#1252 = CARTESIAN_POINT ( 'NONE',  ( 22.16771342201110073, 18.17531773728170208, 145.6728162870349763 ) ) ;
#1253 = CARTESIAN_POINT ( 'NONE',  ( 23.60775979797686475, 25.57958682539251427, 148.8295663382540113 ) ) ;
#1254 = CARTESIAN_POINT ( 'NONE',  ( 17.18751186874129999, 30.22210366459225384, 151.3645999999999958 ) ) ;
#1255 = CARTESIAN_POINT ( 'NONE',  ( 24.12372054395968490, 23.33047764414947878, 148.2774962808113344 ) ) ;
#1256 = CARTESIAN_POINT ( 'NONE',  ( 11.22113713036609894, 27.22066477991915079, 154.0019746079425147 ) ) ;
#1257 = ADVANCED_FACE ( 'NONE', ( #892 ), #23, .F. ) ;
#1258 = CARTESIAN_POINT ( 'NONE',  ( 21.55205477770401146, 28.64750979705950229, 151.3695917563420039 ) ) ;
#1259 = ORIENTED_EDGE ( 'NONE', *, *, #2726, .F. ) ;
#1260 = CARTESIAN_POINT ( 'NONE',  ( 13.03277200767010058, 29.70030899094764720, 149.6281833333333964 ) ) ;
#1261 = CARTESIAN_POINT ( 'NONE',  ( 12.68885854887914100, 22.93945923823144994, 156.2968030331689988 ) ) ;
#1262 = CARTESIAN_POINT ( 'NONE',  ( 24.70365890269444975, 25.20088472240569644, 153.8564270833335001 ) ) ;
#1263 = CARTESIAN_POINT ( 'NONE',  ( 10.09708531702694501, 23.35803209428070559, 152.5337229002002175 ) ) ;
#1264 = CARTESIAN_POINT ( 'NONE',  ( 18.38419868549075176, 29.87465941946634729, 145.4548808146775798 ) ) ;
#1265 = CARTESIAN_POINT ( 'NONE',  ( 24.46990809467829919, 25.10949750831915139, 152.3062395833335074 ) ) ;
#1266 = ADVANCED_FACE ( 'NONE', ( #5130 ), #5840, .T. ) ;
#1267 = VECTOR ( 'NONE', #2246, 1000.000000000000114 ) ;
#1268 = CARTESIAN_POINT ( 'NONE',  ( 15.21848188306694993, 30.12450637311804869, 153.4420671774204834 ) ) ;
#1269 = CARTESIAN_POINT ( 'NONE',  ( 22.14018828065499989, 28.41564033851614823, 152.8321982669434931 ) ) ;
#1270 = CARTESIAN_POINT ( 'NONE',  ( 21.41443803079654984, 28.75136157582939589, 151.3779868346795183 ) ) ;
#1271 = CARTESIAN_POINT ( 'NONE',  ( 13.89146139133159963, 22.81612777990974905, 155.7940492227305072 ) ) ;
#1272 = CARTESIAN_POINT ( 'NONE',  ( 24.04083073862550179, 27.51516065851685156, 160.1425999999999874 ) ) ;
#1273 = CARTESIAN_POINT ( 'NONE',  ( 25.22378442281530297, 24.55296810589409873, 156.2022145833335003 ) ) ;
#1274 = CARTESIAN_POINT ( 'NONE',  ( 24.36141524979210260, 19.48862153845249878, 155.8277000000000214 ) ) ;
#1275 = VECTOR ( 'NONE', #2970, 1000.000000000000227 ) ;
#1276 = ORIENTED_EDGE ( 'NONE', *, *, #3055, .T. ) ;
#1277 = CARTESIAN_POINT ( 'NONE',  ( 9.896769672657219630, 22.31780918458464669, 152.1094349132665116 ) ) ;
#1278 = CARTESIAN_POINT ( 'NONE',  ( 24.75779304148084847, 25.36739825436114870, 154.6310583333335273 ) ) ;
#1279 = CARTESIAN_POINT ( 'NONE',  ( 18.48307386475909908, 30.08642412188475035, 152.1068983926969622 ) ) ;
#1280 = CARTESIAN_POINT ( 'NONE',  ( 24.04327591031350053, 23.85597138358365044, 148.1526071180553856 ) ) ;
#1281 = CARTESIAN_POINT ( 'NONE',  ( 25.16537325312554785, 24.96420014493645212, 156.8423539692375073 ) ) ;
#1282 = LINE ( 'NONE', #3857, #4380 ) ;
#1283 = CARTESIAN_POINT ( 'NONE',  ( 10.03929381669543908, 26.42900731866525277, 150.2739964790524709 ) ) ;
#1284 = ORIENTED_EDGE ( 'NONE', *, *, #861, .T. ) ;
#1285 = PLANE ( 'NONE',  #3178 ) ;
#1286 = CARTESIAN_POINT ( 'NONE',  ( 18.37525584790394717, 30.20259376020419850, 159.9310999999999865 ) ) ;
#1287 = CARTESIAN_POINT ( 'NONE',  ( 25.13450157481937453, 23.67639166213649560, 154.1004348568197315 ) ) ;
#1288 = ORIENTED_EDGE ( 'NONE', *, *, #4361, .F. ) ;
#1289 = ADVANCED_FACE ( 'NONE', ( #1345 ), #204, .T. ) ;
#1290 = CARTESIAN_POINT ( 'NONE',  ( 11.50105600408808115, 28.49427568411405076, 150.4565604166664912 ) ) ;
#1291 = CARTESIAN_POINT ( 'NONE',  ( 16.98325592057064881, 30.25116912073689690, 152.8262788831844716 ) ) ;
#1292 = CARTESIAN_POINT ( 'NONE',  ( 25.10291152683959837, 25.37159151898639919, 157.7514979166665228 ) ) ;
#1293 = CARTESIAN_POINT ( 'NONE',  ( 9.909114906297270764, 25.80784805486730349, 150.4590166666665141 ) ) ;
#1294 = CARTESIAN_POINT ( 'NONE',  ( 18.69206933247130209, 29.83675227027555010, 148.8219958333332045 ) ) ;
#1295 = CARTESIAN_POINT ( 'NONE',  ( 25.10291152683959837, 25.37159151898639919, 157.7514979166665228 ) ) ;
#1296 = CARTESIAN_POINT ( 'NONE',  ( 10.44046298825034036, 26.60411425166105204, 152.2239812500000085 ) ) ;
#1297 = CARTESIAN_POINT ( 'NONE',  ( 16.89812009446985286, 30.24664559783899875, 152.1911687500000028 ) ) ;
#1298 = CARTESIAN_POINT ( 'NONE',  ( 22.20882334048259921, 28.12528580544235268, 151.3309465471520241 ) ) ;
#1299 = CARTESIAN_POINT ( 'NONE',  ( 10.37598065236166001, 20.50839306328614953, 151.0949532811309837 ) ) ;
#1300 = LINE ( 'NONE', #778, #1924 ) ;
#1301 = CARTESIAN_POINT ( 'NONE',  ( 22.22004220317385048, 29.25801445537510048, 161.0765000000000100 ) ) ;
#1302 = CARTESIAN_POINT ( 'NONE',  ( 25.23866748266430093, 25.00450330730655324, 157.7556333333334919 ) ) ;
#1303 = CARTESIAN_POINT ( 'NONE',  ( 24.32946197726319681, 19.55085365413179943, 161.2161222222219976 ) ) ;
#1304 = CARTESIAN_POINT ( 'NONE',  ( 24.49948131984940147, 26.12650335516634925, 155.4107041666665054 ) ) ;
#1305 = ORIENTED_EDGE ( 'NONE', *, *, #5619, .F. ) ;
#1306 = CARTESIAN_POINT ( 'NONE',  ( 25.23866748266430093, 25.00450330730655324, 157.7556333333334919 ) ) ;
#1307 = CARTESIAN_POINT ( 'NONE',  ( 13.87487827838924126, 23.01523806216635037, 155.7850995934184937 ) ) ;
#1308 = CARTESIAN_POINT ( 'NONE',  ( 25.29051765468219770, 24.59024778391135158, 156.9826562499999909 ) ) ;
#1309 = FACE_OUTER_BOUND ( 'NONE', #4545, .T. ) ;
#1310 = CARTESIAN_POINT ( 'NONE',  ( 24.22380970859535054, 25.33622202520589894, 151.2757415220690120 ) ) ;
#1311 = CARTESIAN_POINT ( 'NONE',  ( 9.846326264967048658, 24.28419222796419774, 150.7405632070945103 ) ) ;
#1312 = ORIENTED_EDGE ( 'NONE', *, *, #4953, .T. ) ;
#1313 = CARTESIAN_POINT ( 'NONE',  ( 23.82402939200585124, 24.86024133771559974, 148.3782375195380325 ) ) ;
#1314 = CARTESIAN_POINT ( 'NONE',  ( 24.09011196316944847, 24.92459463050380108, 149.9675541666665879 ) ) ;
#1315 = DIRECTION ( 'NONE',  ( 0.1006318910984282389, 0.05303758115645542531, 0.9935090525400493977 ) ) ;
#1316 = CARTESIAN_POINT ( 'NONE',  ( 24.67367106664161724, 23.51651858684846275, 151.3974884064708704 ) ) ;
#1317 = CARTESIAN_POINT ( 'NONE',  ( 13.69642381254799979, 23.02703446094810147, 156.3782096170815237 ) ) ;
#1318 = CARTESIAN_POINT ( 'NONE',  ( 14.48405109838864036, 22.82711686484925195, 154.9405007717230092 ) ) ;
#1319 = CARTESIAN_POINT ( 'NONE',  ( 25.35155187929090204, 25.74681684726269992, 161.9185327637574972 ) ) ;
#1320 = VERTEX_POINT ( 'NONE', #3921 ) ;
#1321 = CARTESIAN_POINT ( 'NONE',  ( 12.91165603281526053, 29.23952075135585105, 152.6910166666665134 ) ) ;
#1322 = CARTESIAN_POINT ( 'NONE',  ( 23.32216388876965141, 24.95421810929120099, 144.6556083333331912 ) ) ;
#1323 = CARTESIAN_POINT ( 'NONE',  ( 24.46990809467829919, 25.10949750831915139, 152.3062395833335074 ) ) ;
#1324 = CARTESIAN_POINT ( 'NONE',  ( 9.902654149471569411, 24.29871096107130057, 151.1476688649985078 ) ) ;
#1325 = CARTESIAN_POINT ( 'NONE',  ( 18.72545205778740041, 29.78490906105475133, 148.0264833333332035 ) ) ;
#1326 = LINE ( 'NONE', #1358, #1481 ) ;
#1327 = EDGE_CURVE ( 'NONE', #1944, #4612, #6622, .T. ) ;
#1328 = CARTESIAN_POINT ( 'NONE',  ( 10.02126284117751887, 25.12152415080130297, 152.3084000000000060 ) ) ;
#1329 = FACE_OUTER_BOUND ( 'NONE', #683, .T. ) ;
#1330 = CARTESIAN_POINT ( 'NONE',  ( 20.07036260728064647, 29.59311569049400248, 152.6133875000000160 ) ) ;
#1331 = CARTESIAN_POINT ( 'NONE',  ( 24.92597795188586929, 25.59316148456516871, 156.8992975660578679 ) ) ;
#1332 = CARTESIAN_POINT ( 'NONE',  ( 24.60841056137864769, 24.94813124787830105, 152.7673034571880066 ) ) ;
#1333 = CARTESIAN_POINT ( 'NONE',  ( 20.44809169211784905, 29.35653349460315198, 151.7894333333335055 ) ) ;
#1334 = CARTESIAN_POINT ( 'NONE',  ( 17.24558638205385108, 30.26979438305885139, 154.7894313368055066 ) ) ;
#1335 = ADVANCED_FACE ( 'NONE', ( #5000 ), #1626, .T. ) ;
#1336 = CARTESIAN_POINT ( 'NONE',  ( 24.34525048624035293, 19.70281822582045095, 162.1175916666664989 ) ) ;
#1337 = CARTESIAN_POINT ( 'NONE',  ( 23.65647219942300694, 24.96256478858892791, 147.5508732135011769 ) ) ;
#1338 = CARTESIAN_POINT ( 'NONE',  ( 23.97660140600519796, 25.91890640069124885, 151.5287749999999960 ) ) ;
#1339 = CARTESIAN_POINT ( 'NONE',  ( 24.26630609684089990, 25.90144053955345171, 153.2543301219760110 ) ) ;
#1340 = EDGE_LOOP ( 'NONE', ( #3633, #5066, #4947, #4303 ) ) ;
#1341 = CARTESIAN_POINT ( 'NONE',  ( 11.00095050114664019, 21.21283106661784856, 155.7732729166665138 ) ) ;
#1342 = CARTESIAN_POINT ( 'NONE',  ( 24.70562614826619807, 24.64361719115240135, 152.7737127602815121 ) ) ;
#1343 = CARTESIAN_POINT ( 'NONE',  ( 25.04524251232414755, 24.04218364684829723, 153.8802874999999801 ) ) ;
#1344 = LINE ( 'NONE', #5129, #3733 ) ;
#1345 = FACE_OUTER_BOUND ( 'NONE', #293, .T. ) ;
#1346 = ORIENTED_EDGE ( 'NONE', *, *, #5917, .T. ) ;
#1347 = CARTESIAN_POINT ( 'NONE',  ( 24.80637165672789735, 25.24204583273440150, 154.6322312499999896 ) ) ;
#1348 = CARTESIAN_POINT ( 'NONE',  ( 24.80637165672789735, 25.24204583273440150, 154.6322312499999896 ) ) ;
#1349 = CARTESIAN_POINT ( 'NONE',  ( 10.19002283332251935, 23.40038708739245266, 153.3038242154264879 ) ) ;
#1350 = CARTESIAN_POINT ( 'NONE',  ( 24.91168467599309366, 23.59573767337708361, 152.7189205798647436 ) ) ;
#1351 = CARTESIAN_POINT ( 'NONE',  ( 18.92024951765720076, 23.06147058123699978, 151.9343712589890174 ) ) ;
#1352 = EDGE_LOOP ( 'NONE', ( #6424, #5162, #4960, #1609 ) ) ;
#1353 = CARTESIAN_POINT ( 'NONE',  ( 11.93275858189269911, 28.74889237475294834, 151.2088999999999999 ) ) ;
#1354 = CARTESIAN_POINT ( 'NONE',  ( 23.90569932772755024, 24.15624436512324991, 147.5913104166666301 ) ) ;
#1355 = DIRECTION ( 'NONE',  ( -0.1006318910984300152, -0.05303758115645550858, -0.9935090525400490646 ) ) ;
#1356 = CARTESIAN_POINT ( 'NONE',  ( 20.02551138533219799, 29.93222790068634964, 158.9273000000000025 ) ) ;
#1357 = CARTESIAN_POINT ( 'NONE',  ( 24.59025923418639792, 25.15575159159810070, 153.0814291666665099 ) ) ;
#1358 = CARTESIAN_POINT ( 'NONE',  ( 15.86294593444309875, 23.82339917194150303, 152.2033686990014871 ) ) ;
#1359 = CARTESIAN_POINT ( 'NONE',  ( 10.86900189946531903, 27.59865969331764646, 151.3436999999999841 ) ) ;
#1360 = CARTESIAN_POINT ( 'NONE',  ( 14.45403286090057726, 29.90945433502931294, 154.0342447616788775 ) ) ;
#1361 = CARTESIAN_POINT ( 'NONE',  ( 12.14047794921015999, 22.83154502344810410, 154.9120560327124849 ) ) ;
#1362 = CARTESIAN_POINT ( 'NONE',  ( 11.08213964791110051, 20.83119414951249837, 155.6308625000000063 ) ) ;
#1363 = CIRCLE ( 'NONE', #4387, 7.034424174780863126 ) ;
#1364 = CARTESIAN_POINT ( 'NONE',  ( 23.00476452949899908, 27.51852545441160203, 152.3586124999999925 ) ) ;
#1365 = FACE_OUTER_BOUND ( 'NONE', #2774, .T. ) ;
#1366 = CARTESIAN_POINT ( 'NONE',  ( 19.42244777490705232, 29.89746859113675015, 153.5316370678515057 ) ) ;
#1367 = CARTESIAN_POINT ( 'NONE',  ( 12.36115330339422158, 27.33802544069000007, 160.3029104166664922 ) ) ;
#1368 = EDGE_LOOP ( 'NONE', ( #6384, #4967 ) ) ;
#1369 = EDGE_CURVE ( 'NONE', #5073, #5240, #2045, .T. ) ;
#1370 = CARTESIAN_POINT ( 'NONE',  ( 10.69748137334429927, 23.16740633506934799, 155.8063208333335012 ) ) ;
#1371 = CARTESIAN_POINT ( 'NONE',  ( 22.16511546461620341, 18.58281458345290105, 148.6057023437500106 ) ) ;
#1372 = CARTESIAN_POINT ( 'NONE',  ( 11.44350023273189976, 27.84941245243029684, 152.9393531075980093 ) ) ;
#1373 = AXIS2_PLACEMENT_3D ( 'NONE', #6627, #242, #2376 ) ;
#1374 = CARTESIAN_POINT ( 'NONE',  ( 24.51339639695860129, 23.84966410918240243, 150.7821874999999920 ) ) ;
#1375 = ORIENTED_EDGE ( 'NONE', *, *, #5247, .T. ) ;
#1376 = CARTESIAN_POINT ( 'NONE',  ( 24.17404390411925164, 25.12261499519119923, 150.7489833333335127 ) ) ;
#1377 = VECTOR ( 'NONE', #2991, 1000.000000000000114 ) ;
#1378 = FACE_OUTER_BOUND ( 'NONE', #6126, .T. ) ;
#1379 = CARTESIAN_POINT ( 'NONE',  ( 24.68990472024963978, 23.52169024245645801, 151.4824668195493587 ) ) ;
#1380 = CARTESIAN_POINT ( 'NONE',  ( 11.19411539660069899, 27.78435935648525046, 152.1048333333334881 ) ) ;
#1381 = ORIENTED_EDGE ( 'NONE', *, *, #2590, .F. ) ;
#1382 = CARTESIAN_POINT ( 'NONE',  ( 16.58792230791855005, 30.24407709911925224, 149.8585624999999766 ) ) ;
#1383 = CARTESIAN_POINT ( 'NONE',  ( 23.65027630868839736, 24.98190789649435217, 147.5351143290039886 ) ) ;
#1384 = CARTESIAN_POINT ( 'NONE',  ( 23.99681327062970126, 24.85455284973889789, 149.3077981382860173 ) ) ;
#1385 = CARTESIAN_POINT ( 'NONE',  ( 10.95886071713204046, 27.21998914584940366, 152.5187764472535150 ) ) ;
#1386 = CARTESIAN_POINT ( 'NONE',  ( 18.74095984946470139, 29.95228230366720013, 151.1825750000000141 ) ) ;
#1387 = CARTESIAN_POINT ( 'NONE',  ( 15.21848188306694993, 30.12450637311804869, 153.4420671774204834 ) ) ;
#1388 = CARTESIAN_POINT ( 'NONE',  ( 14.79085213835712054, 23.01360463140805024, 154.0515159677584904 ) ) ;
#1389 = CARTESIAN_POINT ( 'NONE',  ( 14.72477082602012111, 22.68797623459010282, 151.3988778185025126 ) ) ;
#1390 = CARTESIAN_POINT ( 'NONE',  ( 10.66225328170422060, 23.56174503035354917, 155.6771020833335228 ) ) ;
#1391 = CARTESIAN_POINT ( 'NONE',  ( 21.91428203505745032, 28.64519411498700308, 153.2196999999999889 ) ) ;
#1392 = CARTESIAN_POINT ( 'NONE',  ( 13.58067236402284017, 29.55024857789975101, 153.4043000000000063 ) ) ;
#1393 = CARTESIAN_POINT ( 'NONE',  ( 23.14425756836105208, 18.58304295591069888, 152.8963375000000156 ) ) ;
#1394 = CARTESIAN_POINT ( 'NONE',  ( 23.85231523727926017, 24.07718534656851972, 147.1312818747143751 ) ) ;
#1395 = CARTESIAN_POINT ( 'NONE',  ( 10.60521406431828773, 25.69892345523564714, 154.6488645134394915 ) ) ;
#1396 = CARTESIAN_POINT ( 'NONE',  ( 11.61851894314166067, 23.18979440475255061, 160.7989750000000129 ) ) ;
#1397 = ORIENTED_EDGE ( 'NONE', *, *, #3963, .T. ) ;
#1398 = CARTESIAN_POINT ( 'NONE',  ( 25.19720181037769891, 25.12832912148894948, 157.7536833333334982 ) ) ;
#1399 = CARTESIAN_POINT ( 'NONE',  ( 10.00146558750446069, 24.33644880562109947, 152.3240562500000124 ) ) ;
#1400 = CARTESIAN_POINT ( 'NONE',  ( 9.085417640373018244, 25.37200644277764994, 148.3484870138130134 ) ) ;
#1401 = CARTESIAN_POINT ( 'NONE',  ( 9.715719005986260370, 24.26464174348440039, 150.1895830422569986 ) ) ;
#1402 = CARTESIAN_POINT ( 'NONE',  ( 25.39149599986789951, 22.52854636454990001, 155.5093999999999994 ) ) ;
#1403 = ADVANCED_FACE ( 'NONE', ( #1745 ), #3889, .T. ) ;
#1404 = CARTESIAN_POINT ( 'NONE',  ( 11.48970935171707985, 27.83911864289979832, 153.1784611568999992 ) ) ;
#1405 = CARTESIAN_POINT ( 'NONE',  ( 10.68947677335097879, 24.48159010913069977, 155.6664638888889840 ) ) ;
#1406 = CARTESIAN_POINT ( 'NONE',  ( 18.55331206913049868, 30.05655584275264758, 163.4780177083335104 ) ) ;
#1407 = ORIENTED_EDGE ( 'NONE', *, *, #6046, .F. ) ;
#1408 = LINE ( 'NONE', #5646, #6141 ) ;
#1409 = CARTESIAN_POINT ( 'NONE',  ( 25.02148097560834827, 25.18725370280709797, 156.1904791666665062 ) ) ;
#1410 = CARTESIAN_POINT ( 'NONE',  ( 13.37707389910296030, 29.53490823578945168, 152.6535240119320349 ) ) ;
#1411 = DIRECTION ( 'NONE',  ( 0.000000000000000000, -0.04490276582358716101, -0.9989913621355253071 ) ) ;
#1412 = CARTESIAN_POINT ( 'NONE',  ( 25.40638094534316238, 23.80559300727660599, 156.4711151666386684 ) ) ;
#1413 = CARTESIAN_POINT ( 'NONE',  ( 9.716583678431682358, 24.10042937488195136, 150.2146505564104757 ) ) ;
#1414 = EDGE_CURVE ( 'NONE', #1785, #6647, #1282, .T. ) ;
#1415 = EDGE_LOOP ( 'NONE', ( #5464, #1305, #5169 ) ) ;
#1416 = CARTESIAN_POINT ( 'NONE',  ( 12.33686370415974132, 29.43318090033454837, 148.7818645833332027 ) ) ;
#1417 = CARTESIAN_POINT ( 'NONE',  ( 23.95771548883964996, 24.20863918813244808, 147.9930052083331873 ) ) ;
#1418 = CARTESIAN_POINT ( 'NONE',  ( 17.09030405747955328, 30.28229085336510096, 153.7473150126940027 ) ) ;
#1419 = CARTESIAN_POINT ( 'NONE',  ( 19.66791241955359837, 29.98792433020285131, 158.1759749999999940 ) ) ;
#1420 = CARTESIAN_POINT ( 'NONE',  ( 12.10261407237850051, 28.34885436733380359, 153.8524629889639925 ) ) ;
#1421 = CARTESIAN_POINT ( 'NONE',  ( 23.15484574044575083, 26.63596248968680058, 149.6094786229903946 ) ) ;
#1422 = ADVANCED_FACE ( 'NONE', ( #720 ), #6396, .F. ) ;
#1423 = VERTEX_POINT ( 'NONE', #4965 ) ;
#1424 = CARTESIAN_POINT ( 'NONE',  ( 24.20408297974474721, 25.43196554777994933, 151.5263375000000110 ) ) ;
#1425 = CARTESIAN_POINT ( 'NONE',  ( 13.74476983734091995, 22.87493171539225045, 152.9046637187514932 ) ) ;
#1426 = CARTESIAN_POINT ( 'NONE',  ( 10.52887720851088105, 23.50678633010372565, 155.0431055119266261 ) ) ;
#1427 = CARTESIAN_POINT ( 'NONE',  ( 19.61514686850909683, 29.72080591982460263, 152.0117496450099850 ) ) ;
#1428 = CARTESIAN_POINT ( 'NONE',  ( 10.43649321676041986, 23.94922047205879778, 154.6507124999999974 ) ) ;
#1429 = CARTESIAN_POINT ( 'NONE',  ( 22.20519027654169975, 28.69032631010929890, 155.5459999999999923 ) ) ;
#1430 = CARTESIAN_POINT ( 'NONE',  ( 12.36671928582990176, 28.33964628708449851, 155.1482482823844862 ) ) ;
#1431 = CARTESIAN_POINT ( 'NONE',  ( 11.77564523753295944, 27.57055894541494823, 155.4474630553360157 ) ) ;
#1432 = CARTESIAN_POINT ( 'NONE',  ( 10.42174299297963991, 25.11236293749234960, 154.1954945044650174 ) ) ;
#1433 = CARTESIAN_POINT ( 'NONE',  ( 11.97019674897554076, 21.20125697116729668, 161.1771865449340169 ) ) ;
#1434 = EDGE_LOOP ( 'NONE', ( #3001, #4686, #5912, #3480 ) ) ;
#1435 = CARTESIAN_POINT ( 'NONE',  ( 10.55033653407681982, 24.47551633152304973, 155.0260770833335187 ) ) ;
#1436 = CARTESIAN_POINT ( 'NONE',  ( 9.603822633502479889, 25.53555083172264872, 149.2397038599552275 ) ) ;
#1437 = CARTESIAN_POINT ( 'NONE',  ( 9.906992056677321301, 24.16952929037675091, 151.1472551769049915 ) ) ;
#1438 = CARTESIAN_POINT ( 'NONE',  ( 25.82108800645470126, 24.19810756291204967, 161.6885017423529973 ) ) ;
#1439 = B_SPLINE_CURVE_WITH_KNOTS ( 'NONE', 3,
 ( #6565, #635, #2777, #4881, #117, #1967, #6679, #1337, #687, #3979, #4504, #1929, #257, #6614, #3470, #5572, #811, #4537, #2263, #6157, #6644, #4900, #1394, #3537, #4007, #3320, #6716, #881, #5119, #358, #2490, #4081 ),
 .UNSPECIFIED., .F., .F.,
 ( 4, 2, 2, 1, 1, 2, 2, 2, 2, 1, 2, 2, 2, 2, 1, 2, 2, 4 ),
 ( 0.000000000000000000, 0.1249999999997514766, 0.1874999999996419253, 0.2187499999995860811, 0.2343749999995578537, 0.2421874999995521638, 0.2499999999995464739, 0.3749999999995916045, 0.4374999999996145861, 0.4687499999996256883, 0.4843749999996292965, 0.4999999999996328492, 0.6249999999997347677, 0.6874999999997826183, 0.7187499999998043787, 0.7343749999998155920, 0.7499999999998268052, 1.000000000000000000 ),
 .UNSPECIFIED. ) ;
#1440 = CARTESIAN_POINT ( 'NONE',  ( 11.17579533623543853, 26.51688998278730125, 155.5808024760484898 ) ) ;
#1441 = VERTEX_POINT ( 'NONE', #2265 ) ;
#1442 = CARTESIAN_POINT ( 'NONE',  ( 11.51113414400456136, 27.93346072138794867, 152.9280156716169756 ) ) ;
#1443 = CARTESIAN_POINT ( 'NONE',  ( 14.64657217331452088, 30.02563000577244878, 152.4987406132424894 ) ) ;
#1444 = CYLINDRICAL_SURFACE ( 'NONE', #4488, 7.105728660740921576 ) ;
#1445 = CARTESIAN_POINT ( 'NONE',  ( 10.32635866616024067, 26.93653264635624822, 150.7542666666664957 ) ) ;
#1446 = CARTESIAN_POINT ( 'NONE',  ( 11.07536311538350482, 24.88339189514790917, 157.5205462481749521 ) ) ;
#1447 = CARTESIAN_POINT ( 'NONE',  ( 9.801467397869631171, 22.30255585836970056, 150.4382416666664994 ) ) ;
#1448 = ORIENTED_EDGE ( 'NONE', *, *, #6596, .F. ) ;
#1449 = CARTESIAN_POINT ( 'NONE',  ( 14.47035411595029863, 30.17875414890704988, 148.9423999999999921 ) ) ;
#1450 = CARTESIAN_POINT ( 'NONE',  ( 23.97844698581564771, 23.50068529309139720, 147.2448500000000138 ) ) ;
#1451 = EDGE_CURVE ( 'NONE', #3721, #1214, #265, .T. ) ;
#1452 = CARTESIAN_POINT ( 'NONE',  ( 25.48896846724884924, 25.33552135413235007, 161.6453170678380218 ) ) ;
#1453 = CARTESIAN_POINT ( 'NONE',  ( 20.38207425358614699, 30.00681332331064866, 163.2680500380269848 ) ) ;
#1454 = CARTESIAN_POINT ( 'NONE',  ( 11.15832207009629684, 22.68639005697857058, 157.9719990281392370 ) ) ;
#1455 = ORIENTED_EDGE ( 'NONE', *, *, #4747, .T. ) ;
#1456 = CARTESIAN_POINT ( 'NONE',  ( 10.53878855918721769, 22.48602784088112827, 154.6623219248369594 ) ) ;
#1457 = EDGE_CURVE ( 'NONE', #6274, #713, #2926, .T. ) ;
#1458 = CARTESIAN_POINT ( 'NONE',  ( 25.17911839639450022, 25.54795222226060147, 159.3147041666665018 ) ) ;
#1459 = CARTESIAN_POINT ( 'NONE',  ( 11.14606213405854085, 27.45376072986470106, 152.9906019297094986 ) ) ;
#1460 = CARTESIAN_POINT ( 'NONE',  ( 10.19665453657771970, 25.37614064732827046, 152.6944120021493916 ) ) ;
#1461 = CARTESIAN_POINT ( 'NONE',  ( 10.70759858737659975, 24.35168323107690469, 155.7968024305554877 ) ) ;
#1462 = B_SPLINE_SURFACE_WITH_KNOTS ( 'NONE', 3, 1, ( 
 ( #1610, #3269 ),
 ( #5733, #3117 ),
 ( #567, #462 ),
 ( #6816, #3867 ),
 ( #4457, #5011 ),
 ( #5529, #1756 ),
 ( #2242, #1197 ),
 ( #2276, #1787 ),
 ( #2840, #3426 ),
 ( #5980, #2312 ),
 ( #5496, #3836 ),
 ( #5944, #4390 ),
 ( #1261, #669 ),
 ( #6497, #3330 ),
 ( #5433, #634 ),
 ( #6465, #4353 ),
 ( #3396, #2809 ),
 ( #4880, #1682 ),
 ( #116, #1231 ) ),
 .UNSPECIFIED., .F., .F., .F.,
 ( 4, 1, 1, 1, 1, 1, 1, 1, 1, 1, 1, 1, 1, 1, 1, 1, 4 ),
 ( 2, 2 ),
 ( 0.000000000000000000, 0.06863497890856649908, 0.1345642034933222098, 0.1987807171407315054, 0.2615573678825059978, 0.3231244355448469885, 0.3843737432531870168, 0.4463525245642349648, 0.5091547818022299499, 0.5717016707826170219, 0.6327442059845809208, 0.6927726349260100447, 0.7522592810638208949, 0.8119788965104989265, 0.8729159834161899223, 0.9352756408775989572, 1.000000000000000000 ),
 ( 0.000000000000000000, 1.000000000000000000 ),
 .UNSPECIFIED. ) ;
#1463 = CARTESIAN_POINT ( 'NONE',  ( 22.32969724835880143, 28.19425174154120128, 152.4050499999999886 ) ) ;
#1464 = CARTESIAN_POINT ( 'NONE',  ( 13.20238972834912161, 29.14211800454255297, 154.6445499999999811 ) ) ;
#1465 = CARTESIAN_POINT ( 'NONE',  ( 22.72376613533090151, 18.54334275808475141, 151.3954729166665061 ) ) ;
#1466 = CARTESIAN_POINT ( 'NONE',  ( 23.16023724561859964, 27.16499976758845136, 151.5678020833335040 ) ) ;
#1467 = CARTESIAN_POINT ( 'NONE',  ( 11.63238577840011878, 23.99158114092265137, 161.1859520833334898 ) ) ;
#1468 = ORIENTED_EDGE ( 'NONE', *, *, #1087, .T. ) ;
#1469 = CARTESIAN_POINT ( 'NONE',  ( 9.417299071617089012, 25.23105780642520202, 148.9417025489180162 ) ) ;
#1470 = CARTESIAN_POINT ( 'NONE',  ( 24.53933883678235262, 24.70516496770149928, 151.9602478636694798 ) ) ;
#1471 = CARTESIAN_POINT ( 'NONE',  ( 25.51224549559115218, 23.85973037579049816, 157.7881500000000017 ) ) ;
#1472 = VECTOR ( 'NONE', #4550, 1000.000000000000000 ) ;
#1473 = AXIS2_PLACEMENT_3D ( 'NONE', #3196, #1527, #498 ) ;
#1474 = ORIENTED_EDGE ( 'NONE', *, *, #5416, .T. ) ;
#1475 = CARTESIAN_POINT ( 'NONE',  ( 11.16096591057234200, 23.98170244276445118, 158.4984000000000037 ) ) ;
#1476 = DIRECTION ( 'NONE',  ( -0.9914626728336710659, -0.07787427352598338959, 0.1045818621956666056 ) ) ;
#1477 = CARTESIAN_POINT ( 'NONE',  ( 9.993691495277619907, 26.65089135041250046, 149.5959813211966036 ) ) ;
#1478 = AXIS2_PLACEMENT_3D ( 'NONE', #1776, #1812, #760 ) ;
#1479 = CARTESIAN_POINT ( 'NONE',  ( 10.90337976554077315, 24.76628275802471535, 156.6061875677928583 ) ) ;
#1480 = CARTESIAN_POINT ( 'NONE',  ( 14.21488461229102107, 23.03113805227375011, 155.5088298361154955 ) ) ;
#1481 = VECTOR ( 'NONE', #3461, 999.9999999999998863 ) ;
#1482 = CARTESIAN_POINT ( 'NONE',  ( 8.773570015247161180, 22.91344240650445130, 149.2198731559226133 ) ) ;
#1483 = EDGE_LOOP ( 'NONE', ( #1055, #5921, #2378, #1777 ) ) ;
#1484 = CARTESIAN_POINT ( 'NONE',  ( 11.27487367267259977, 28.73329870486465154, 148.4833035327521884 ) ) ;
#1485 = CARTESIAN_POINT ( 'NONE',  ( 24.05015487914335282, 22.05890339056909966, 147.7891000000000190 ) ) ;
#1486 = CARTESIAN_POINT ( 'NONE',  ( 23.37749351261714992, 27.25449656370754781, 153.2721257046605103 ) ) ;
#1487 = CARTESIAN_POINT ( 'NONE',  ( 19.81217900630830187, 29.92153312728695269, 157.3673041666664858 ) ) ;
#1488 = CARTESIAN_POINT ( 'NONE',  ( 13.76634340868690032, 22.90760938990835172, 153.5916982105359807 ) ) ;
#1489 = CARTESIAN_POINT ( 'NONE',  ( 23.35509865411049901, 26.28644884779244961, 149.4719958693229955 ) ) ;
#1490 = CARTESIAN_POINT ( 'NONE',  ( 23.73171439070920030, 25.53228397408681261, 149.3326638842530940 ) ) ;
#1491 = CARTESIAN_POINT ( 'NONE',  ( 10.47186899716749764, 27.59131209797634909, 149.5068813419206037 ) ) ;
#1492 = ADVANCED_FACE ( 'NONE', ( #1309 ), #1134, .F. ) ;
#1493 = ORIENTED_EDGE ( 'NONE', *, *, #748, .T. ) ;
#1494 = CARTESIAN_POINT ( 'NONE',  ( 14.44049085064589910, 22.76168430227255257, 153.5654794087170103 ) ) ;
#1495 = CARTESIAN_POINT ( 'NONE',  ( 23.82402939200585124, 24.86024133771559974, 148.3782375195380325 ) ) ;
#1496 = DIRECTION ( 'NONE',  ( 0.9914626728336710659, 0.07787427352598343122, -0.1045818621956667582 ) ) ;
#1497 = CARTESIAN_POINT ( 'NONE',  ( 25.17686332518790238, 24.97000794921680011, 156.9746833333335019 ) ) ;
#1498 = CARTESIAN_POINT ( 'NONE',  ( 25.39620750525349990, 25.58036120800174729, 161.6637360684894986 ) ) ;
#1499 = PLANE ( 'NONE',  #4481 ) ;
#1500 = CARTESIAN_POINT ( 'NONE',  ( 12.27761320243138066, 28.24513821474925024, 155.1590001397159995 ) ) ;
#1501 = CARTESIAN_POINT ( 'NONE',  ( 11.36749599409122169, 28.19723591225729820, 151.2760999999999854 ) ) ;
#1502 = CARTESIAN_POINT ( 'NONE',  ( 13.71300692549031908, 22.82792417869145041, 156.3871592463939919 ) ) ;
#1503 = EDGE_CURVE ( 'NONE', #3587, #6770, #1888, .T. ) ;
#1504 = CARTESIAN_POINT ( 'NONE',  ( 10.21011648610903677, 22.35650347096125401, 152.3896883848977097 ) ) ;
#1505 = CARTESIAN_POINT ( 'NONE',  ( 13.44581450967258007, 22.98507174335905034, 155.9089917285054980 ) ) ;
#1506 = CARTESIAN_POINT ( 'NONE',  ( 10.44542381249491925, 21.18235991434205090, 152.4311833333335073 ) ) ;
#1507 = ORIENTED_EDGE ( 'NONE', *, *, #901, .T. ) ;
#1508 = CARTESIAN_POINT ( 'NONE',  ( 15.07603302346541696, 30.10311997804672046, 151.9478373911844074 ) ) ;
#1509 = CARTESIAN_POINT ( 'NONE',  ( 17.43484177238200061, 30.24198955262654920, 153.2113017806704818 ) ) ;
#1510 = CARTESIAN_POINT ( 'NONE',  ( 12.29880310386493925, 22.66126629942554871, 155.2998074305919829 ) ) ;
#1511 = CARTESIAN_POINT ( 'NONE',  ( 24.60421728656500306, 22.94149878859480296, 150.8291833333335035 ) ) ;
#1512 = CARTESIAN_POINT ( 'NONE',  ( 24.03524381498765194, 25.79789917457840076, 151.5278604166664991 ) ) ;
#1513 = CARTESIAN_POINT ( 'NONE',  ( 13.36432694903746032, 22.80057811100920162, 156.4248497655940184 ) ) ;
#1514 = ORIENTED_EDGE ( 'NONE', *, *, #3283, .T. ) ;
#1515 = CARTESIAN_POINT ( 'NONE',  ( 11.20266334330306002, 24.78048151992134862, 158.4875000000000114 ) ) ;
#1516 = CARTESIAN_POINT ( 'NONE',  ( 27.54884537007289680, 24.86867570507335046, 153.8053026868760185 ) ) ;
#1517 = CARTESIAN_POINT ( 'NONE',  ( 13.17433904441691972, 22.98494652401374694, 156.4092332118149784 ) ) ;
#1518 = CARTESIAN_POINT ( 'NONE',  ( 10.26296852908239998, 27.14200756816544668, 149.8105066525046141 ) ) ;
#1519 = CARTESIAN_POINT ( 'NONE',  ( 11.16936950128165051, 24.53195765165747844, 158.3264309825520684 ) ) ;
#1520 = LINE ( 'NONE', #412, #2043 ) ;
#1521 = CARTESIAN_POINT ( 'NONE',  ( 9.776345911237809716, 22.03370974814314920, 150.3217668402780021 ) ) ;
#1522 = ORIENTED_EDGE ( 'NONE', *, *, #3735, .F. ) ;
#1523 = CARTESIAN_POINT ( 'NONE',  ( 11.39540762419442110, 27.48982052188360115, 153.9699542264305023 ) ) ;
#1524 = CARTESIAN_POINT ( 'NONE',  ( 23.62935989100149925, 20.59153946566469884, 147.5888999999999953 ) ) ;
#1525 = CARTESIAN_POINT ( 'NONE',  ( 18.48598924679955147, 30.15810654125004930, 155.1602250000000254 ) ) ;
#1526 = CARTESIAN_POINT ( 'NONE',  ( 11.58249190822654029, 27.74786490703344910, 153.9372291093249885 ) ) ;
#1527 = DIRECTION ( 'NONE',  ( 0.1006318910984288495, 0.05303758115645532123, 0.9935090525400493977 ) ) ;
#1528 = VERTEX_POINT ( 'NONE', #6133 ) ;
#1529 = CARTESIAN_POINT ( 'NONE',  ( 10.53709648550612954, 22.48548101723529413, 154.6532915662947971 ) ) ;
#1530 = CARTESIAN_POINT ( 'NONE',  ( 19.93391118459384970, 29.54910123943924916, 151.4853618343660173 ) ) ;
#1531 = CARTESIAN_POINT ( 'NONE',  ( 14.97364354501011974, 22.87682844399385118, 155.1392933311450122 ) ) ;
#1532 = CARTESIAN_POINT ( 'NONE',  ( 25.24866025139934678, 25.57009834023595118, 160.0971999999999866 ) ) ;
#1533 = CARTESIAN_POINT ( 'NONE',  ( 19.99691823412059932, 29.65368873113434844, 152.9831966151065217 ) ) ;
#1534 = CARTESIAN_POINT ( 'NONE',  ( 24.81947665906760037, 25.76571938311831644, 156.6423086740220185 ) ) ;
#1535 = CARTESIAN_POINT ( 'NONE',  ( 25.06714002231230154, 25.06214291136750205, 156.1920583333335060 ) ) ;
#1536 = CARTESIAN_POINT ( 'NONE',  ( 24.84730798797960105, 25.40282405900375196, 155.4089250000000106 ) ) ;
#1537 = CARTESIAN_POINT ( 'NONE',  ( 20.18556220841774973, 29.30273230143314578, 149.8538222222221918 ) ) ;
#1538 = CARTESIAN_POINT ( 'NONE',  ( 25.29892972826685238, 25.03839750263794883, 158.5370999999999810 ) ) ;
#1539 = CARTESIAN_POINT ( 'NONE',  ( 11.84517622681742033, 28.32140271064430337, 152.8210583333334966 ) ) ;
#1540 = DIRECTION ( 'NONE',  ( -0.4749331273209867477, 0.000000000000000000, 0.8800218886897686055 ) ) ;
#1541 = CARTESIAN_POINT ( 'NONE',  ( 10.33869951358363970, 22.41773229785800581, 153.5136435552892635 ) ) ;
#1542 = CARTESIAN_POINT ( 'NONE',  ( 25.16361626549834796, 25.40065249877689979, 158.5332729166665047 ) ) ;
#1543 = CARTESIAN_POINT ( 'NONE',  ( 10.32302014343324004, 23.02719328053595049, 153.8817333333335000 ) ) ;
#1544 = ORIENTED_EDGE ( 'NONE', *, *, #6606, .F. ) ;
#1545 = CARTESIAN_POINT ( 'NONE',  ( 8.950736579232728474, 24.35946168251540200, 148.6903315244221915 ) ) ;
#1546 = EDGE_CURVE ( 'NONE', #6329, #3706, #377, .T. ) ;
#1547 = CARTESIAN_POINT ( 'NONE',  ( 18.65916782451289890, 30.10397450037524791, 153.5979250707205210 ) ) ;
#1548 = CARTESIAN_POINT ( 'NONE',  ( 24.59331996498615069, 24.72667862948204842, 152.2894601580299820 ) ) ;
#1549 = CARTESIAN_POINT ( 'NONE',  ( 24.04686335018179832, 21.39723422032280098, 148.7712166666665894 ) ) ;
#1550 = CARTESIAN_POINT ( 'NONE',  ( 24.36129214615790062, 27.11104602787040108, 160.1240250000000174 ) ) ;
#1551 = ORIENTED_EDGE ( 'NONE', *, *, #2718, .T. ) ;
#1552 = CARTESIAN_POINT ( 'NONE',  ( 11.78602778642193982, 20.49600381279294936, 159.2368833333335090 ) ) ;
#1553 = DIRECTION ( 'NONE',  ( 0.08291556471174026111, -0.9955514112831505003, 0.04474814656117583056 ) ) ;
#1554 = DIRECTION ( 'NONE',  ( -0.07830366880594487322, 0.9969295539061567846, 0.000000000000000000 ) ) ;
#1555 = ADVANCED_FACE ( 'NONE', ( #4511 ), #6652, .T. ) ;
#1556 = CARTESIAN_POINT ( 'NONE',  ( 11.22624722010075971, 26.73673969085225011, 155.3054782673804937 ) ) ;
#1557 = CARTESIAN_POINT ( 'NONE',  ( 10.81267185884479609, 24.55885114046834872, 156.2418343784058266 ) ) ;
#1558 = B_SPLINE_CURVE_WITH_KNOTS ( 'NONE', 3,
 ( #6535, #2843, #4356, #4950 ),
 .UNSPECIFIED., .F., .F.,
 ( 4, 4 ),
 ( 0.001534126844255019866, 0.001691560285720260107 ),
 .UNSPECIFIED. ) ;
#1559 = CARTESIAN_POINT ( 'NONE',  ( 10.10789872602471995, 20.48027349667840014, 150.4680685223299861 ) ) ;
#1560 = CARTESIAN_POINT ( 'NONE',  ( 9.117704242932010317, 21.95627942863875148, 149.5971800845233872 ) ) ;
#1561 = ORIENTED_EDGE ( 'NONE', *, *, #3743, .F. ) ;
#1562 = CARTESIAN_POINT ( 'NONE',  ( 11.22113713036609894, 27.22066477991915079, 154.0019746079425147 ) ) ;
#1563 = CARTESIAN_POINT ( 'NONE',  ( 23.62204209178769787, 20.16909736313669654, 144.5514708333331839 ) ) ;
#1564 = CARTESIAN_POINT ( 'NONE',  ( 18.45809720617289784, 30.05042491848094954, 152.0037999999999840 ) ) ;
#1565 = PLANE ( 'NONE',  #3938 ) ;
#1566 = B_SPLINE_CURVE_WITH_KNOTS ( 'NONE', 3,
 ( #5028, #2894, #199, #3983 ),
 .UNSPECIFIED., .F., .F.,
 ( 4, 4 ),
 ( 0.000000000000000000, 1.000000000000000000 ),
 .UNSPECIFIED. ) ;
#1567 = CARTESIAN_POINT ( 'NONE',  ( 10.13970688777332008, 23.37386829681420153, 152.8070696891570037 ) ) ;
#1568 = ORIENTED_EDGE ( 'NONE', *, *, #4014, .F. ) ;
#1569 = CARTESIAN_POINT ( 'NONE',  ( 13.87854439475612089, 22.83998236832134765, 156.3486976524770000 ) ) ;
#1570 = CARTESIAN_POINT ( 'NONE',  ( 11.17290142793016017, 26.61998285754309990, 155.3145946814300089 ) ) ;
#1571 = CARTESIAN_POINT ( 'NONE',  ( 25.56589484158484993, 25.21000014568695136, 162.0195861832490039 ) ) ;
#1572 = CARTESIAN_POINT ( 'NONE',  ( 19.12151329985269754, 23.16754574354919782, 153.9213893640555000 ) ) ;
#1573 = CARTESIAN_POINT ( 'NONE',  ( 24.70378614308892651, 25.46415303555708931, 154.5612248300522253 ) ) ;
#1574 = CARTESIAN_POINT ( 'NONE',  ( 17.03998811224474963, 30.25577206269065300, 153.2505604898120168 ) ) ;
#1575 = CARTESIAN_POINT ( 'NONE',  ( 25.19720181037769891, 25.12832912148894948, 157.7536833333334982 ) ) ;
#1576 = CARTESIAN_POINT ( 'NONE',  ( 24.08087218903945015, 25.37249706775675406, 150.7468499999999949 ) ) ;
#1577 = CARTESIAN_POINT ( 'NONE',  ( 22.61703464127094776, 27.39311242849500161, 149.7819408945098019 ) ) ;
#1578 = CARTESIAN_POINT ( 'NONE',  ( 24.16989395225395043, 24.67432814041305278, 149.9718083333332004 ) ) ;
#1579 = CARTESIAN_POINT ( 'NONE',  ( 12.04711891794485901, 27.90195916772684726, 155.5798814853480110 ) ) ;
#1580 = FACE_OUTER_BOUND ( 'NONE', #5550, .T. ) ;
#1581 = CARTESIAN_POINT ( 'NONE',  ( 25.18807710961715074, 26.11302028208629977, 162.0583602711400033 ) ) ;
#1582 = CARTESIAN_POINT ( 'NONE',  ( 10.15088239420912153, 22.32278870409664862, 151.7493634160435079 ) ) ;
#1583 = FACE_OUTER_BOUND ( 'NONE', #3248, .T. ) ;
#1584 = CARTESIAN_POINT ( 'NONE',  ( 10.91765044184677969, 20.45370630049464822, 153.8078270833335068 ) ) ;
#1585 = ORIENTED_EDGE ( 'NONE', *, *, #3086, .F. ) ;
#1586 = CARTESIAN_POINT ( 'NONE',  ( 15.28203297133352123, 30.13647961982261592, 151.9251909150698907 ) ) ;
#1587 = CARTESIAN_POINT ( 'NONE',  ( 23.82826478520615154, 28.03882144588979841, 162.1297687500000109 ) ) ;
#1588 = CARTESIAN_POINT ( 'NONE',  ( 25.63194124559875320, 24.92601371845314873, 161.6603526725760105 ) ) ;
#1589 = CARTESIAN_POINT ( 'NONE',  ( 24.11864677534200041, 22.10710350761859999, 148.3053458333331776 ) ) ;
#1590 = EDGE_CURVE ( 'NONE', #4379, #3625, #1344, .T. ) ;
#1591 = CARTESIAN_POINT ( 'NONE',  ( 24.98015307041900357, 26.25618366715005081, 160.7543083333335119 ) ) ;
#1592 = ORIENTED_EDGE ( 'NONE', *, *, #149, .T. ) ;
#1593 = CARTESIAN_POINT ( 'NONE',  ( 11.52254603300652036, 26.22911338341855014, 158.4382666666664932 ) ) ;
#1594 = CARTESIAN_POINT ( 'NONE',  ( 14.80743525129948068, 22.81449434915145247, 154.0604655970704755 ) ) ;
#1595 = CARTESIAN_POINT ( 'NONE',  ( 24.33122372796710309, 25.21866688758925079, 151.7744038774700073 ) ) ;
#1596 = CARTESIAN_POINT ( 'NONE',  ( 11.09598625204940170, 24.85227099326468547, 157.6713728273718118 ) ) ;
#1597 = CARTESIAN_POINT ( 'NONE',  ( 9.773319923218060978, 23.86519887788405114, 150.4085531448075130 ) ) ;
#1598 = CARTESIAN_POINT ( 'NONE',  ( 9.692799304514069902, 23.44486092523050047, 150.1659382941699903 ) ) ;
#1599 = ORIENTED_EDGE ( 'NONE', *, *, #6630, .F. ) ;
#1600 = LINE ( 'NONE', #1638, #807 ) ;
#1601 = CARTESIAN_POINT ( 'NONE',  ( 23.77875763312369983, 21.00980419899604712, 145.1968499999999835 ) ) ;
#1602 = CARTESIAN_POINT ( 'NONE',  ( 24.26630609684089990, 25.90144053955345171, 153.2543301219760110 ) ) ;
#1603 = CARTESIAN_POINT ( 'NONE',  ( 19.18291386349185146, 30.07846766750869705, 157.4433999999999969 ) ) ;
#1604 = CARTESIAN_POINT ( 'NONE',  ( 11.62366679934100056, 27.80094162600684982, 153.9302250767509861 ) ) ;
#1605 = CARTESIAN_POINT ( 'NONE',  ( 11.39318428705962027, 27.82289366195209723, 152.4425985813354885 ) ) ;
#1606 = CIRCLE ( 'NONE', #1166, 1.749999999999996447 ) ;
#1607 = CARTESIAN_POINT ( 'NONE',  ( 23.63922308824420071, 25.34013582327069969, 148.4061608241181887 ) ) ;
#1608 = CARTESIAN_POINT ( 'NONE',  ( 23.89485734632748049, 25.35009983422804325, 149.7579807064072384 ) ) ;
#1609 = ORIENTED_EDGE ( 'NONE', *, *, #1451, .T. ) ;
#1610 = CARTESIAN_POINT ( 'NONE',  ( 11.61510926992259840, 22.78369033015029999, 154.8208664072699889 ) ) ;
#1611 = CARTESIAN_POINT ( 'NONE',  ( 25.10291152683959837, 25.37159151898639919, 157.7514979166665228 ) ) ;
#1612 = CARTESIAN_POINT ( 'NONE',  ( 24.79778185702932092, 25.79719901163566576, 156.5807318660404803 ) ) ;
#1613 = CARTESIAN_POINT ( 'NONE',  ( 23.86933643195560251, 24.58445373593950123, 148.1105902160932146 ) ) ;
#1614 = CARTESIAN_POINT ( 'NONE',  ( 14.24857632797901985, 22.76998777823905229, 154.1058199613090096 ) ) ;
#1615 = CARTESIAN_POINT ( 'NONE',  ( 21.43686125631625217, 28.52148490267775216, 149.8792875000000038 ) ) ;
#1616 = CARTESIAN_POINT ( 'NONE',  ( 25.45432092581680195, 25.24246146181599926, 160.7506944444445196 ) ) ;
#1617 = CARTESIAN_POINT ( 'NONE',  ( 24.52922228593470066, 24.62869305115485119, 151.7858439502884949 ) ) ;
#1618 = CARTESIAN_POINT ( 'NONE',  ( 13.54056968709357811, 22.81459216474009821, 156.4100657972394970 ) ) ;
#1619 = CARTESIAN_POINT ( 'NONE',  ( 10.29908836711872056, 22.40238005691830381, 153.2454857548435143 ) ) ;
#1620 = CARTESIAN_POINT ( 'NONE',  ( 10.86900189946531903, 27.59865969331764646, 151.3436999999999841 ) ) ;
#1621 = CARTESIAN_POINT ( 'NONE',  ( 10.02142536305836096, 24.20587293728705092, 152.4562791666665191 ) ) ;
#1622 = ORIENTED_EDGE ( 'NONE', *, *, #619, .F. ) ;
#1623 = CARTESIAN_POINT ( 'NONE',  ( 21.80078938344430028, 29.59214337274844908, 162.3131663405704899 ) ) ;
#1624 = CARTESIAN_POINT ( 'NONE',  ( 24.79965214243184946, 24.51918764748399937, 153.0913874999999962 ) ) ;
#1625 = CARTESIAN_POINT ( 'NONE',  ( 25.18107498149394985, 22.44648982900005052, 153.9550000000000125 ) ) ;
#1626 = B_SPLINE_SURFACE_WITH_KNOTS ( 'NONE', 3, 3, ( 
 ( #235, #6588, #758, #5999 ),
 ( #4871, #103, #2334, #4999 ),
 ( #6033, #202, #4445, #4476 ),
 ( #4377, #3417, #6587, #6487 ) ),
 .UNSPECIFIED., .F., .F., .F.,
 ( 4, 4 ),
 ( 4, 4 ),
 ( 0.000000000000000000, 1.000000000000000000 ),
 ( 0.000000000000000000, 1.000000000000000000 ),
 .UNSPECIFIED. ) ;
#1627 = B_SPLINE_CURVE_WITH_KNOTS ( 'NONE', 3,
 ( #5890, #5374, #6436, #604 ),
 .UNSPECIFIED., .F., .F.,
 ( 4, 4 ),
 ( 0.000000000000000000, 1.000000000000000000 ),
 .UNSPECIFIED. ) ;
#1628 = CARTESIAN_POINT ( 'NONE',  ( 25.17308783383865034, 26.11774966964965117, 161.9274894909405305 ) ) ;
#1629 = ORIENTED_EDGE ( 'NONE', *, *, #3642, .F. ) ;
#1630 = CARTESIAN_POINT ( 'NONE',  ( 11.84703602224593944, 26.74040407339944991, 159.1837500000000034 ) ) ;
#1631 = CARTESIAN_POINT ( 'NONE',  ( 23.68486964364894831, 25.55711367895255037, 149.1593099975949883 ) ) ;
#1632 = CARTESIAN_POINT ( 'NONE',  ( 10.32703739673222110, 27.25636853947315075, 149.8001126346780154 ) ) ;
#1633 = CARTESIAN_POINT ( 'NONE',  ( 14.21488461229102107, 23.03113805227375011, 155.5088298361154955 ) ) ;
#1634 = EDGE_CURVE ( 'NONE', #723, #4422, #2132, .T. ) ;
#1635 = CARTESIAN_POINT ( 'NONE',  ( 9.846326264967048658, 24.28419222796419774, 150.7405632070945103 ) ) ;
#1636 = CARTESIAN_POINT ( 'NONE',  ( 9.106022084256519378, 22.20942295654365140, 149.5683578938169944 ) ) ;
#1637 = EDGE_LOOP ( 'NONE', ( #2410, #1407, #2575, #2162 ) ) ;
#1638 = CARTESIAN_POINT ( 'NONE',  ( 17.96572771536549951, 22.55839420055830047, 142.5106583477800086 ) ) ;
#1639 = CARTESIAN_POINT ( 'NONE',  ( 23.70888672255965091, 20.64233172030814956, 148.2255499999999984 ) ) ;
#1640 = CARTESIAN_POINT ( 'NONE',  ( 17.47557876116955100, 30.17498662097494844, 150.5401500000000112 ) ) ;
#1641 = FACE_OUTER_BOUND ( 'NONE', #6512, .T. ) ;
#1642 = EDGE_CURVE ( 'NONE', #4612, #1883, #6183, .T. ) ;
#1643 = CARTESIAN_POINT ( 'NONE',  ( 24.62434856142230188, 25.88992898803549991, 155.4086583333335057 ) ) ;
#1644 = ORIENTED_EDGE ( 'NONE', *, *, #2446, .T. ) ;
#1645 = CARTESIAN_POINT ( 'NONE',  ( 11.94185054912240140, 28.40731982254414945, 152.8590921457235083 ) ) ;
#1646 = CARTESIAN_POINT ( 'NONE',  ( 14.87312141562900081, 23.08183066671104910, 155.4169607256810082 ) ) ;
#1647 = CARTESIAN_POINT ( 'NONE',  ( 10.17117018127699879, 26.24043422159524752, 151.5972375000000056 ) ) ;
#1648 = CARTESIAN_POINT ( 'NONE',  ( 24.78648393398884053, 25.81307552137532824, 156.5470227789845410 ) ) ;
#1649 = FACE_OUTER_BOUND ( 'NONE', #1434, .T. ) ;
#1650 = DIRECTION ( 'NONE',  ( -0.9914628133064391502, -0.07787434756195101004, 0.1045804753397184261 ) ) ;
#1651 = EDGE_CURVE ( 'NONE', #1785, #3226, #4934, .T. ) ;
#1652 = CARTESIAN_POINT ( 'NONE',  ( 9.715719005986260370, 24.26464174348440039, 150.1895830422569986 ) ) ;
#1653 = CARTESIAN_POINT ( 'NONE',  ( 25.53969128280899881, 25.18032466830525351, 161.5868971640974792 ) ) ;
#1654 = B_SPLINE_CURVE_WITH_KNOTS ( 'NONE', 3,
 ( #3194, #5298, #533, #2664 ),
 .UNSPECIFIED., .F., .F.,
 ( 4, 4 ),
 ( 0.000000000000000000, 1.000000000000000000 ),
 .UNSPECIFIED. ) ;
#1655 = CARTESIAN_POINT ( 'NONE',  ( 25.14249120358744705, 26.12781188958314971, 161.6664032817215002 ) ) ;
#1656 = CARTESIAN_POINT ( 'NONE',  ( 24.55731556146639960, 24.52886374556215188, 151.7883276976149887 ) ) ;
#1657 = CARTESIAN_POINT ( 'NONE',  ( 10.34646667064634151, 25.12050837581890050, 153.8582499999999982 ) ) ;
#1658 = CARTESIAN_POINT ( 'NONE',  ( 25.20707051322050063, 24.98695120486830135, 157.3584364411249794 ) ) ;
#1659 = CARTESIAN_POINT ( 'NONE',  ( 11.29259513789075875, 27.42828274309905012, 153.6972166666664918 ) ) ;
#1660 = CARTESIAN_POINT ( 'NONE',  ( 9.993680232713590073, 23.93469766848625113, 151.9362624999999980 ) ) ;
#1661 = ORIENTED_EDGE ( 'NONE', *, *, #5757, .T. ) ;
#1662 = FACE_OUTER_BOUND ( 'NONE', #1637, .T. ) ;
#1663 = CARTESIAN_POINT ( 'NONE',  ( 24.67163388462429907, 24.47191691157390281, 152.3173625000000015 ) ) ;
#1664 = CARTESIAN_POINT ( 'NONE',  ( 23.93398204951640196, 20.71574511385234985, 149.4968999999999824 ) ) ;
#1665 = CARTESIAN_POINT ( 'NONE',  ( 25.14249120358744705, 26.12781188958314971, 161.6664032817215002 ) ) ;
#1666 = ORIENTED_EDGE ( 'NONE', *, *, #2590, .T. ) ;
#1667 = CARTESIAN_POINT ( 'NONE',  ( 11.07716922963702011, 26.16395346897519758, 155.8618347222219995 ) ) ;
#1668 = CARTESIAN_POINT ( 'NONE',  ( 19.87313768008090165, 29.70147585217339881, 152.9931831953980179 ) ) ;
#1669 = APPLICATION_CONTEXT ( 'automotive_design' ) ;
#1670 = CARTESIAN_POINT ( 'NONE',  ( 27.18195175618454940, 24.67530609222015414, 150.1830699857069931 ) ) ;
#1671 = CARTESIAN_POINT ( 'NONE',  ( 8.215379143895869873, 22.53663212196909882, 149.2789262736387741 ) ) ;
#1672 = EDGE_LOOP ( 'NONE', ( #5457, #2683, #2020 ) ) ;
#1673 = CARTESIAN_POINT ( 'NONE',  ( 24.06481377285755130, 24.90560261409565257, 149.7886595529153908 ) ) ;
#1674 = CARTESIAN_POINT ( 'NONE',  ( 22.24175558751414883, 17.98889197814125041, 144.9207644422472185 ) ) ;
#1675 = CARTESIAN_POINT ( 'NONE',  ( 25.31408188026705020, 25.58311368488729798, 160.7493666666665035 ) ) ;
#1676 = CARTESIAN_POINT ( 'NONE',  ( 17.57963139464790103, 30.18178180060634830, 151.3174999999999955 ) ) ;
#1677 = CARTESIAN_POINT ( 'NONE',  ( 24.13179874606359832, 24.94721806647419982, 150.2193562252664947 ) ) ;
#1679 = CARTESIAN_POINT ( 'NONE',  ( 24.69921142043954987, 25.91734555457859912, 156.1884958333334907 ) ) ;
#1678 = B_SPLINE_SURFACE_WITH_KNOTS ( 'NONE', 3, 3, ( 
 ( #6088, #192, #3438, #5474, #5540, #2292, #4535, #6509, #2325, #2917, #2392, #3877 ),
 ( #1334, #288, #5990, #2423, #6642, #1896, #3375, #3569, #879, #5192, #356, #4079 ),
 ( #2562, #4151, #3053, #952, #5156, #6261, #1927, #4043, #3016, #396, #1430, #1500 ),
 ( #6192, #6714, #5669, #917, #5740, #469, #6222, #1464, #2525, #5704, #3535, #6786 ),
 ( #3089, #3641, #4641, #4599, #6751, #4564, #2002, #5117, #429, #2487, #4116, #1965 ),
 ( #989, #4679, #3123, #5229, #5087, #6155, #1392, #326, #2452, #6676, #5632, #6599 ),
 ( #5528, #1854, #3964, #5622, #344, #6631, #1884, #1321, #4522, #211, #2441, #5106 ),
 ( #3523, #3994, #310, #6663, #275, #1913, #5042, #4456, #3456, #6043, #3395, #2411 ),
 ( #3002, #2379, #3930, #799, #6530, #2346, #4423, #6109, #2933, #1353, #5074, #864 ),
 ( #1382, #1786, #833, #4490, #1820, #246, #769, #3488, #3425, #2906, #6074, #1290 ),
 ( #5010, #5495, #5591, #6562, #4975, #5557, #1260, #3900, #6011, #2968, #732, #4552 ),
 ( #4028, #2873, #6143, #6242, #1449, #902, #5802, #2623, #5687, #3556, #3037, #5141 ),
 ( #6701, #3589, #6807, #379, #938, #2021, #1988, #1416, #2475, #4584, #5654, #414 ),
 ( #3626, #3191, #6843, #1048, #4623, #3073, #5724, #3699, #6179, #4134, #4662, #1952 ),
 ( #5293, #6737, #2511, #4740, #6208, #4067, #5177, #6771, #4100, #2546, #1484, #975 ) ),
 .UNSPECIFIED., .F., .F., .F.,
 ( 4, 1, 1, 1, 1, 1, 1, 1, 1, 1, 1, 1, 4 ),
 ( 4, 1, 1, 1, 1, 1, 1, 1, 1, 4 ),
 ( 0.000000000000000000, 1.000000000000000000, 2.000000000000000000, 3.000000000000000000, 5.000000000000000000, 7.000000000000000000, 9.000000000000000000, 11.00000000000000000, 13.00000000000000000, 15.00000000000000000, 16.00000000000000000, 17.00000000000000000, 18.00000000000000000 ),
 ( 0.000000000000000000, 1.000000000000000000, 3.000000000000000000, 5.000000000000000000, 7.000000000000000000, 9.000000000000000000, 11.00000000000000000, 12.00000000000000000, 13.00000000000000000, 14.00000000000000000 ),
 .UNSPECIFIED. ) ;
#1680 = CARTESIAN_POINT ( 'NONE',  ( 11.21867801946559950, 27.55444919299639750, 152.9778715522604955 ) ) ;
#1681 = EDGE_CURVE ( 'NONE', #2995, #928, #298, .T. ) ;
#1682 = CARTESIAN_POINT ( 'NONE',  ( 13.48109784062880045, 22.80986322293504998, 156.4150545412060183 ) ) ;
#1683 = CARTESIAN_POINT ( 'NONE',  ( 10.08943061219425985, 26.22274570612110267, 151.0757312500000182 ) ) ;
#1684 = CARTESIAN_POINT ( 'NONE',  ( 23.99681327062970126, 24.85455284973889789, 149.3077981382860173 ) ) ;
#1685 = CARTESIAN_POINT ( 'NONE',  ( 23.56475433909639960, 25.41258542832930090, 148.1448649133974129 ) ) ;
#1686 = CARTESIAN_POINT ( 'NONE',  ( 13.98755051731630061, 22.93588320943135273, 153.8108475910549942 ) ) ;
#1687 = CARTESIAN_POINT ( 'NONE',  ( 24.39035131018690095, 24.93115129404120012, 151.5309000000000026 ) ) ;
#1688 = CARTESIAN_POINT ( 'NONE',  ( 9.974119154360145956, 23.91081352282217409, 151.6487344453079231 ) ) ;
#1689 = APPLICATION_PROTOCOL_DEFINITION ( 'draft international standard', 'automotive_design', 1998, #4295 ) ;
#1690 = CARTESIAN_POINT ( 'NONE',  ( 23.63700640761145166, 25.50659695672874960, 148.8029534294501843 ) ) ;
#1691 = CARTESIAN_POINT ( 'NONE',  ( 24.03524381498765194, 25.79789917457840076, 151.5278604166664991 ) ) ;
#1692 = CARTESIAN_POINT ( 'NONE',  ( 11.41905069669980044, 27.40929447336679914, 154.3460777777775093 ) ) ;
#1693 = CARTESIAN_POINT ( 'NONE',  ( 21.60034691269840224, 28.81518589369684946, 152.8655490732169824 ) ) ;
#1694 = ORIENTED_EDGE ( 'NONE', *, *, #4322, .T. ) ;
#1695 = FACE_OUTER_BOUND ( 'NONE', #857, .T. ) ;
#1696 = CARTESIAN_POINT ( 'NONE',  ( 23.95763880481880292, 27.38195926578625006, 158.5711187500000108 ) ) ;
#1697 = CARTESIAN_POINT ( 'NONE',  ( 25.57307988218519768, 25.07535738074140141, 161.5388994744400009 ) ) ;
#1698 = CARTESIAN_POINT ( 'NONE',  ( 25.29547996508079777, 21.11231026097685159, 157.9821999999999775 ) ) ;
#1699 = CARTESIAN_POINT ( 'NONE',  ( 24.03976824768065157, 27.28139181717469697, 158.5664458333335176 ) ) ;
#1700 = ORIENTED_EDGE ( 'NONE', *, *, #1590, .F. ) ;
#1701 = CARTESIAN_POINT ( 'NONE',  ( 11.61405695158787843, 27.07314484544625088, 156.4437173227049982 ) ) ;
#1702 = CARTESIAN_POINT ( 'NONE',  ( 24.51013464696825039, 24.69316010181470133, 151.7843358075144806 ) ) ;
#1703 = DIRECTION ( 'NONE',  ( 0.1006318910984311671, 0.05303758115645620941, 0.9935090525400490646 ) ) ;
#1704 = CARTESIAN_POINT ( 'NONE',  ( 9.901836520523650265, 23.90477108536470041, 151.0108674527685082 ) ) ;
#1705 = B_SPLINE_CURVE_WITH_KNOTS ( 'NONE', 3,
 ( #5773, #4813, #5303, #537, #2669, #4286 ),
 .UNSPECIFIED., .F., .F.,
 ( 4, 1, 1, 4 ),
 ( 0.07378867375076550439, 0.09999999999351769087, 0.2999999999949580221, 0.4553584288076469866 ),
 .UNSPECIFIED. ) ;
#1706 = CARTESIAN_POINT ( 'NONE',  ( 17.89083209577084688, 22.66372024594855006, 154.0729405373830048 ) ) ;
#1707 = CARTESIAN_POINT ( 'NONE',  ( 8.111229531496830347, 22.53702608448065448, 149.2905207464422119 ) ) ;
#1708 = CARTESIAN_POINT ( 'NONE',  ( 9.948693595941769274, 24.45267421117839746, 151.6675833333334822 ) ) ;
#1709 = ORIENTED_EDGE ( 'NONE', *, *, #2454, .F. ) ;
#1710 = B_SPLINE_SURFACE_WITH_KNOTS ( 'NONE', 3, 3, ( 
 ( #4621, #5760, #6698, #4736, #2089, #1447, #1950, #3034, #6175, #1413, #5138 ),
 ( #376, #1559, #10, #6320, #5838, #4244, #3769, #6359, #1597, #4339, #6393 ),
 ( #1083, #4899, #2262, #2160, #3224, #5328, #655, #3188, #4277, #3290, #1635 ),
 ( #5876, #1118, #5289, #526, #3260, #5361, #2731, #2795, #1704, #4840, #623 ),
 ( #73, #2192, #4309, #6422, #135, #101, #2224, #6454, #1184, #3319, #5422 ) ),
 .UNSPECIFIED., .F., .F., .F.,
 ( 4, 1, 4 ),
 ( 4, 1, 1, 1, 1, 1, 1, 1, 4 ),
 ( 0.000000000000000000, 1.000000000000000000, 2.000000000000000000 ),
 ( 0.000000000000000000, 1.000000000000000000, 2.000000000000000000, 3.000000000000000000, 5.000000000000000000, 7.000000000000000000, 8.000000000000000000, 9.000000000000000000, 10.00000000000000000 ),
 .UNSPECIFIED. ) ;
#1711 = CARTESIAN_POINT ( 'NONE',  ( 10.50907952520832112, 25.11955887853489955, 154.4966666666664992 ) ) ;
#1712 = CARTESIAN_POINT ( 'NONE',  ( 12.11266389653670039, 22.82280902942819978, 154.7692364126335178 ) ) ;
#1713 = VECTOR ( 'NONE', #1772, 1000.000000000000114 ) ;
#1714 = CARTESIAN_POINT ( 'NONE',  ( 9.414894760137261898, 23.52966367539118764, 149.5875553011458692 ) ) ;
#1715 = CARTESIAN_POINT ( 'NONE',  ( 16.62157665629980130, 30.24456846551645128, 149.0672791666665944 ) ) ;
#1716 = CARTESIAN_POINT ( 'NONE',  ( 25.43192156292684913, 24.18773521988690689, 157.5055170492876755 ) ) ;
#1717 = AXIS2_PLACEMENT_3D ( 'NONE', #4109, #3081, #5184 ) ;
#1718 = AXIS2_PLACEMENT_3D ( 'NONE', #5135, #5617, #1411 ) ;
#1719 = ORIENTED_EDGE ( 'NONE', *, *, #312, .F. ) ;
#1720 = CARTESIAN_POINT ( 'NONE',  ( 9.815313641797271060, 22.23552518608660122, 150.4297233780764884 ) ) ;
#1721 = CARTESIAN_POINT ( 'NONE',  ( 10.19002283332251935, 23.40038708739245266, 153.3038242154264879 ) ) ;
#1722 = CARTESIAN_POINT ( 'NONE',  ( 24.35148637135764815, 25.59438213606729917, 152.7588276241824872 ) ) ;
#1723 = CARTESIAN_POINT ( 'NONE',  ( 18.42142195830134810, 29.84959077162930186, 146.0933335390590173 ) ) ;
#1724 = CARTESIAN_POINT ( 'NONE',  ( 25.22730796221960148, 25.43012540991555070, 159.3152979166665091 ) ) ;
#1725 = AXIS2_PLACEMENT_3D ( 'NONE', #3446, #4056, #4610 ) ;
#1726 = CARTESIAN_POINT ( 'NONE',  ( 9.907963325440032776, 24.27912472692735690, 151.1858249324450298 ) ) ;
#1727 = EDGE_CURVE ( 'NONE', #4285, #5556, #2618, .T. ) ;
#1728 = CARTESIAN_POINT ( 'NONE',  ( 25.23999630516280135, 24.89667599986049851, 157.3957207945875041 ) ) ;
#1729 = CARTESIAN_POINT ( 'NONE',  ( 24.89274061291555284, 25.98547285481910052, 158.5336291666664863 ) ) ;
#1730 = AXIS2_PLACEMENT_3D ( 'NONE', #382, #2514, #3934 ) ;
#1731 = FACE_OUTER_BOUND ( 'NONE', #3859, .T. ) ;
#1732 = CARTESIAN_POINT ( 'NONE',  ( 15.81877462846810900, 30.22758565781055395, 153.8790277957261878 ) ) ;
#1733 = CARTESIAN_POINT ( 'NONE',  ( 14.40507939396776038, 22.83414345164534964, 155.2431571476944896 ) ) ;
#1734 = CARTESIAN_POINT ( 'NONE',  ( 21.56238388264799966, 29.52354719733779831, 160.3440499999999815 ) ) ;
#1735 = CARTESIAN_POINT ( 'NONE',  ( 25.56111118377780045, 25.05227331329425056, 161.2769829715435037 ) ) ;
#1736 = EDGE_CURVE ( 'NONE', #2054, #4414, #4475, .T. ) ;
#1737 = CARTESIAN_POINT ( 'NONE',  ( 25.00270165663194888, 20.36492810832545075, 158.0660000000000025 ) ) ;
#1738 = CARTESIAN_POINT ( 'NONE',  ( 23.24665249402280054, 27.05897657052540239, 151.5623000000000218 ) ) ;
#1739 = ORIENTED_EDGE ( 'NONE', *, *, #1651, .F. ) ;
#1740 = CARTESIAN_POINT ( 'NONE',  ( 10.92807769611473923, 22.38302241237479961, 156.5685499999999877 ) ) ;
#1741 = CARTESIAN_POINT ( 'NONE',  ( 12.18017661500434023, 22.84093603974955045, 155.0474270526359817 ) ) ;
#1742 = CARTESIAN_POINT ( 'NONE',  ( 24.83241414967019622, 24.38952454562659966, 153.0946729166664966 ) ) ;
#1743 = PLANE ( 'NONE',  #6037 ) ;
#1744 = CARTESIAN_POINT ( 'NONE',  ( 14.65748150909161929, 22.86026274204480302, 150.8871115352905008 ) ) ;
#1745 = FACE_OUTER_BOUND ( 'NONE', #5885, .T. ) ;
#1746 = CYLINDRICAL_SURFACE ( 'NONE', #1053, 1.749999999999996891 ) ;
#1747 = CARTESIAN_POINT ( 'NONE',  ( 9.845014689157620680, 24.41436325733629786, 150.7464545236154834 ) ) ;
#1748 = ORIENTED_EDGE ( 'NONE', *, *, #5656, .T. ) ;
#1749 = CARTESIAN_POINT ( 'NONE',  ( 19.03363145522585143, 29.82307930663004925, 150.4938430555554874 ) ) ;
#1750 = CARTESIAN_POINT ( 'NONE',  ( 22.05234592280005046, 18.20709898462709830, 146.1915621527778057 ) ) ;
#1751 = CARTESIAN_POINT ( 'NONE',  ( 9.699216788542811329, 22.21608360715174868, 150.2123097865614909 ) ) ;
#1752 = CARTESIAN_POINT ( 'NONE',  ( 18.75861940693484797, 30.18371037098499698, 159.8803000000000054 ) ) ;
#1753 = CARTESIAN_POINT ( 'NONE',  ( 11.00917666346135881, 27.24650793616800115, 153.0155309758164890 ) ) ;
#1754 = CARTESIAN_POINT ( 'NONE',  ( 17.09030405747955328, 30.28229085336510096, 153.7473150126940027 ) ) ;
#1755 = ORIENTED_EDGE ( 'NONE', *, *, #3475, .F. ) ;
#1756 = CARTESIAN_POINT ( 'NONE',  ( 11.83829901303244014, 22.63276857778715367, 155.5190792999769940 ) ) ;
#1757 = CARTESIAN_POINT ( 'NONE',  ( 9.777415143190671287, 24.38047328997074814, 150.4355189683705021 ) ) ;
#1758 = CARTESIAN_POINT ( 'NONE',  ( 24.21599015129200083, 25.87492174897539954, 152.7575755957089996 ) ) ;
#1759 = CARTESIAN_POINT ( 'NONE',  ( 19.73567981115535019, 29.89223923129580029, 155.7986979166664980 ) ) ;
#1760 = CARTESIAN_POINT ( 'NONE',  ( 25.44599088730304715, 25.37167748106540088, 161.2736389729299731 ) ) ;
#1761 = CARTESIAN_POINT ( 'NONE',  ( 23.70511162570245034, 25.57938120620714884, 149.3122484483906192 ) ) ;
#1762 = CARTESIAN_POINT ( 'NONE',  ( 11.82034988148210886, 28.01458872239749098, 154.4021644968323983 ) ) ;
#1763 = CARTESIAN_POINT ( 'NONE',  ( 11.22113712786420159, 27.22066478099450038, 154.0019746033005106 ) ) ;
#1764 = CARTESIAN_POINT ( 'NONE',  ( 14.46728888228144072, 22.83036967531459993, 155.0439282658079776 ) ) ;
#1765 = CARTESIAN_POINT ( 'NONE',  ( 22.55779029323630169, 28.72323783129814956, 158.6693000000000211 ) ) ;
#1766 = CARTESIAN_POINT ( 'NONE',  ( 25.53697518909680042, 25.17691345085000165, 161.5377785308255056 ) ) ;
#1767 = CARTESIAN_POINT ( 'NONE',  ( 23.68979347534969904, 19.39193378279099989, 151.9834999999999923 ) ) ;
#1768 = CARTESIAN_POINT ( 'NONE',  ( 23.82597416938220292, 26.99374664265445034, 154.6544624999999940 ) ) ;
#1769 = VERTEX_POINT ( 'NONE', #1744 ) ;
#1770 = ADVANCED_FACE ( 'NONE', ( #5453 ), #75, .F. ) ;
#1771 = CARTESIAN_POINT ( 'NONE',  ( 10.72469954465884001, 23.16815678929340194, 155.9341708333334964 ) ) ;
#1772 = DIRECTION ( 'NONE',  ( -0.9914626728336709549, -0.07787427352598347285, 0.1045818621956667860 ) ) ;
#1773 = CARTESIAN_POINT ( 'NONE',  ( 25.09087332950354821, 24.34585472938789863, 154.6486833333335085 ) ) ;
#1774 = FACE_OUTER_BOUND ( 'NONE', #2733, .T. ) ;
#1775 = CARTESIAN_POINT ( 'NONE',  ( 24.38489585500725099, 25.07318668575589626, 151.7767337911855066 ) ) ;
#1776 = CARTESIAN_POINT ( 'NONE',  ( 17.89083209577084688, 22.66372024594855006, 154.0729405373830048 ) ) ;
#1777 = ORIENTED_EDGE ( 'NONE', *, *, #4835, .F. ) ;
#1778 = ADVANCED_FACE ( 'NONE', ( #1774 ), #564, .F. ) ;
#1779 = CARTESIAN_POINT ( 'NONE',  ( 22.95563816627744558, 19.02794936212880117, 145.1228062500000249 ) ) ;
#1780 = CARTESIAN_POINT ( 'NONE',  ( 9.336116435113048340, 23.85755214333645569, 149.3624297329678541 ) ) ;
#1781 = CARTESIAN_POINT ( 'NONE',  ( 16.57819090841115184, 30.38705158675710294, 145.9765322491666097 ) ) ;
#1782 = CARTESIAN_POINT ( 'NONE',  ( 11.06059773796081913, 27.23965596706934988, 153.2494306568574700 ) ) ;
#1783 = CARTESIAN_POINT ( 'NONE',  ( 14.97122614625594039, 23.05664715615035121, 154.6748989606155078 ) ) ;
#1784 = CARTESIAN_POINT ( 'NONE',  ( 22.20330047044554789, 28.13052510009519125, 151.3312262601142493 ) ) ;
#1785 = VERTEX_POINT ( 'NONE', #2796 ) ;
#1786 = CARTESIAN_POINT ( 'NONE',  ( 16.45651888337899749, 30.25117503457160240, 149.8745958333332169 ) ) ;
#1787 = CARTESIAN_POINT ( 'NONE',  ( 12.02797877761751977, 22.66132400021005111, 155.8029119785120145 ) ) ;
#1788 = CARTESIAN_POINT ( 'NONE',  ( 9.715719005986249712, 24.26464174348440039, 150.1895830422569986 ) ) ;
#1789 = CARTESIAN_POINT ( 'NONE',  ( 25.40984565371810078, 25.35637990280769927, 160.7499347222220081 ) ) ;
#1790 = CARTESIAN_POINT ( 'NONE',  ( 24.41405476539510033, 25.45184443880980041, 152.7600993578095085 ) ) ;
#1791 = CARTESIAN_POINT ( 'NONE',  ( 20.59898889699890034, 29.99679158873789930, 162.0445208333335074 ) ) ;
#1792 = CARTESIAN_POINT ( 'NONE',  ( 24.34551620032129904, 25.05682981545405141, 151.5294729166664922 ) ) ;
#1793 =( LENGTH_UNIT ( ) NAMED_UNIT ( * ) SI_UNIT ( .MILLI., .METRE. ) );
#1794 = B_SPLINE_CURVE_WITH_KNOTS ( 'NONE', 3,
 ( #1821, #6044, #1291, #770, #2907 ),
 .UNSPECIFIED., .F., .F.,
 ( 4, 1, 4 ),
 ( 0.2378549197563525064, 0.2777777777777780122, 0.3793793027673999507 ),
 .UNSPECIFIED. ) ;
#1795 = CARTESIAN_POINT ( 'NONE',  ( 16.24414054242459926, 30.34973488970359767, 146.9024059027778151 ) ) ;
#1796 = B_SPLINE_SURFACE_WITH_KNOTS ( 'NONE', 3, 3, ( 
 ( #3680, #2754, #5784, #1031, #6866, #1620, #547, #2212, #28, #5315, #1069, #2145, #4261 ),
 ( #5409, #4823, #61, #6382, #2715, #5274, #610, #3307, #1659, #1692, #2178, #5379, #4857 ),
 ( #88, #4326, #4297, #4192, #2111, #3170, #578, #3757, #2604, #5863, #4231, #3246, #4721 ),
 ( #5896, #6828, #6410, #3788, #3278, #2076, #1141, #6441, #6305, #3813, #513, #6343, #4760 ) ),
 .UNSPECIFIED., .F., .F., .F.,
 ( 4, 4 ),
 ( 4, 1, 1, 1, 1, 1, 1, 1, 1, 1, 4 ),
 ( 0.000000000000000000, 1.000000000000000000 ),
 ( 0.000000000000000000, 1.000000000000000000, 2.000000000000000000, 3.000000000000000000, 5.000000000000000000, 7.000000000000000000, 9.000000000000000000, 11.00000000000000000, 13.00000000000000000, 14.00000000000000000, 15.00000000000000000 ),
 .UNSPECIFIED. ) ;
#1797 = LINE ( 'NONE', #3908, #926 ) ;
#1798 = CARTESIAN_POINT ( 'NONE',  ( 12.49535841261196012, 22.89136468371939870, 155.5853449953355039 ) ) ;
#1799 = CARTESIAN_POINT ( 'NONE',  ( 20.67069930142175238, 29.62715315542985195, 157.2703479166665090 ) ) ;
#1800 = CARTESIAN_POINT ( 'NONE',  ( 25.29892972826685238, 25.03839750263794883, 158.5370999999999810 ) ) ;
#1801 = CARTESIAN_POINT ( 'NONE',  ( 23.38332435650350050, 19.99913537561869958, 148.4556687500000010 ) ) ;
#1802 = CARTESIAN_POINT ( 'NONE',  ( 23.47885706241135040, 27.28020325032129634, 153.8916291666665188 ) ) ;
#1803 = ORIENTED_EDGE ( 'NONE', *, *, #5247, .F. ) ;
#1804 = CARTESIAN_POINT ( 'NONE',  ( 11.66101940159412109, 27.31865019603495170, 155.7697753086544878 ) ) ;
#1805 = CARTESIAN_POINT ( 'NONE',  ( 24.84730798797960105, 25.40282405900375196, 155.4089250000000106 ) ) ;
#1806 = CARTESIAN_POINT ( 'NONE',  ( 9.845877708758129288, 24.28398473651429867, 150.7385922002889913 ) ) ;
#1807 = CARTESIAN_POINT ( 'NONE',  ( 24.46261843111449963, 24.10691905512615207, 150.7726624999999956 ) ) ;
#1808 = B_SPLINE_CURVE_WITH_KNOTS ( 'NONE', 3,
 ( #2764, #1151, #6419, #4866, #2222, #3256, #589, #3317, #5420, #5931, #2792 ),
 .UNSPECIFIED., .F., .F.,
 ( 4, 2, 1, 2, 2, 4 ),
 ( 0.000000000000000000, 0.2500000000001724731, 0.3750000000002594036, 0.4375000000002547962, 0.5000000000002502443, 1.000000000000000000 ),
 .UNSPECIFIED. ) ;
#1809 = EDGE_CURVE ( 'NONE', #893, #475, #262, .T. ) ;
#1810 = CARTESIAN_POINT ( 'NONE',  ( 24.89701360820155074, 24.84426725019475057, 154.3059297819035294 ) ) ;
#1811 = CARTESIAN_POINT ( 'NONE',  ( 24.50699961591720211, 24.50234495498395049, 151.2915731713455045 ) ) ;
#1812 = DIRECTION ( 'NONE',  ( -0.1006318910984310283, -0.05303758115645541837, -0.9935090525400491757 ) ) ;
#1813 = VERTEX_POINT ( 'NONE', #2766 ) ;
#1814 = DIRECTION ( 'NONE',  ( -0.9949093705772957819, 0.000000000000000000, 0.1007737284091895641 ) ) ;
#1815 = CARTESIAN_POINT ( 'NONE',  ( 17.34151153615085050, 30.26454059295834753, 154.5130000000000052 ) ) ;
#1816 = CARTESIAN_POINT ( 'NONE',  ( 10.69409572626604010, 24.06084872608690262, 155.8009217888140370 ) ) ;
#1817 = CARTESIAN_POINT ( 'NONE',  ( 14.29658333736785991, 23.06626825178415174, 156.1390195968614876 ) ) ;
#1818 = EDGE_CURVE ( 'NONE', #482, #2054, #5604, .T. ) ;
#1819 = EDGE_LOOP ( 'NONE', ( #1599, #2012, #4762, #797 ) ) ;
#1820 = CARTESIAN_POINT ( 'NONE',  ( 14.62182287566630201, 30.14953331164860018, 150.0992999999999995 ) ) ;
#1821 = CARTESIAN_POINT ( 'NONE',  ( 17.03998811224474963, 30.25577206269065300, 153.2505604898120168 ) ) ;
#1822 = CARTESIAN_POINT ( 'NONE',  ( 25.51219895007050198, 25.32497604020779747, 161.8844572049960107 ) ) ;
#1823 = CARTESIAN_POINT ( 'NONE',  ( 9.901842597434079352, 24.43166268434159960, 151.1509250000000009 ) ) ;
#1824 = DIRECTION ( 'NONE',  ( 0.000000000000000000, -0.8020645525478484750, -0.5972373510977186939 ) ) ;
#1825 = CARTESIAN_POINT ( 'NONE',  ( 24.21708170930665105, 24.99693098789469659, 150.7507145833334903 ) ) ;
#1826 = CARTESIAN_POINT ( 'NONE',  ( 10.10431754142481964, 24.47328830238685171, 153.1052958333335141 ) ) ;
#1827 = CARTESIAN_POINT ( 'NONE',  ( 24.47341055138184984, 25.97572265440080130, 154.6317479166665123 ) ) ;
#1828 = CARTESIAN_POINT ( 'NONE',  ( 22.00243268587929890, 28.37223725796435048, 151.8419351213125026 ) ) ;
#1829 = CARTESIAN_POINT ( 'NONE',  ( 13.46239762261492068, 22.78596146110239928, 155.9179413578175115 ) ) ;
#1830 = VECTOR ( 'NONE', #523, 1000.000000000000114 ) ;
#1831 = CARTESIAN_POINT ( 'NONE',  ( 23.97089210623804689, 26.35716197599594679, 152.7566574607409962 ) ) ;
#1832 = CARTESIAN_POINT ( 'NONE',  ( 19.79860949895279987, 29.77272529009064783, 153.5001951976274768 ) ) ;
#1833 = CARTESIAN_POINT ( 'NONE',  ( 21.63443253086269991, 29.12624510500985053, 156.3831999999999880 ) ) ;
#1834 = CARTESIAN_POINT ( 'NONE',  ( 25.32872630462779995, 24.61460891080259827, 157.4725525702264974 ) ) ;
#1835 = CARTESIAN_POINT ( 'NONE',  ( 23.16132136742329806, 19.42561420950685047, 149.7083999999999833 ) ) ;
#1836 = VECTOR ( 'NONE', #4352, 1000.000000000000000 ) ;
#1837 = CARTESIAN_POINT ( 'NONE',  ( 24.06232544192080169, 27.05274979829574988, 156.9933249999999987 ) ) ;
#1838 = ORIENTED_EDGE ( 'NONE', *, *, #66, .F. ) ;
#1839 = CARTESIAN_POINT ( 'NONE',  ( 23.97214629978410017, 24.37822609421819919, 148.3908973853865803 ) ) ;
#1840 = CARTESIAN_POINT ( 'NONE',  ( 11.07484844686707959, 26.27494768623330046, 155.5966725846089957 ) ) ;
#1841 = DIRECTION ( 'NONE',  ( 0.7472035518430919510, 0.09181748401878127297, 0.6582221522719579054 ) ) ;
#1842 = CARTESIAN_POINT ( 'NONE',  ( 25.44517829469225134, 24.24753655112309758, 157.7736999999999910 ) ) ;
#1843 = CARTESIAN_POINT ( 'NONE',  ( 24.02073101880914763, 25.78712072390074894, 151.2722404128224980 ) ) ;
#1844 = CARTESIAN_POINT ( 'NONE',  ( 24.11823484770369674, 25.58269310901444982, 151.2732774959989683 ) ) ;
#1845 = ORIENTED_EDGE ( 'NONE', *, *, #2408, .T. ) ;
#1846 = CARTESIAN_POINT ( 'NONE',  ( 25.51219895007050198, 25.32497604020779747, 161.8844572049960107 ) ) ;
#1847 = CARTESIAN_POINT ( 'NONE',  ( 10.13970688777332008, 23.37386829681420153, 152.8070696891570037 ) ) ;
#1848 = EDGE_CURVE ( 'NONE', #4334, #6490, #5509, .T. ) ;
#1849 = CARTESIAN_POINT ( 'NONE',  ( 17.23739958684599927, 30.25748007346214763, 153.7335208333335004 ) ) ;
#1850 = CARTESIAN_POINT ( 'NONE',  ( 24.48253377447274204, 23.45558093142716061, 150.3959203912227736 ) ) ;
#1851 = CARTESIAN_POINT ( 'NONE',  ( 14.92149777485489892, 23.07949456715599723, 155.2753490425205030 ) ) ;
#1852 = CARTESIAN_POINT ( 'NONE',  ( 14.48783132560910047, 22.82265534472130142, 154.8342368770144901 ) ) ;
#1853 = ORIENTED_EDGE ( 'NONE', *, *, #2200, .T. ) ;
#1854 = CARTESIAN_POINT ( 'NONE',  ( 16.76729795415684876, 30.25203601337259940, 152.2072499999999877 ) ) ;
#1855 = CARTESIAN_POINT ( 'NONE',  ( 23.72927576293865215, 24.57323742897569829, 147.1469500000000039 ) ) ;
#1856 = CARTESIAN_POINT ( 'NONE',  ( 24.89622703064184961, 25.27803285409959955, 155.4100791666664918 ) ) ;
#1857 = ADVANCED_FACE ( 'NONE', ( #4340 ), #5861, .F. ) ;
#1858 = CARTESIAN_POINT ( 'NONE',  ( 10.73858685918516009, 24.74489658568774786, 155.7892489583335021 ) ) ;
#1859 = CARTESIAN_POINT ( 'NONE',  ( 19.09583594572875143, 29.88511034875989836, 151.9318458333334831 ) ) ;
#1860 = CARTESIAN_POINT ( 'NONE',  ( 11.19623607491712569, 22.69956490300442908, 158.1948591061685363 ) ) ;
#1861 = CARTESIAN_POINT ( 'NONE',  ( 24.21160421826245113, 25.72929327637819696, 152.3037499999999795 ) ) ;
#1862 = CARTESIAN_POINT ( 'NONE',  ( 16.85409690532141269, 30.29053574963437256, 153.7708001364561881 ) ) ;
#1863 = CARTESIAN_POINT ( 'NONE',  ( 20.31334155673840058, 29.63364669675460306, 154.4216922743054852 ) ) ;
#1864 = CARTESIAN_POINT ( 'NONE',  ( 24.99500230807644030, 25.46725279848734402, 157.0379316547631845 ) ) ;
#1865 = CARTESIAN_POINT ( 'NONE',  ( 24.39628470450024977, 25.04154695838720102, 151.7772692770425067 ) ) ;
#1866 = B_SPLINE_SURFACE_WITH_KNOTS ( 'NONE', 3, 3, ( 
 ( #6348, #1, #5278, #1587, #3723, #5383, #92, #1623, #5866, #1072 ),
 ( #4197, #2182, #4860, #3249, #614, #5350, #5899, #1144, #32, #2757 ),
 ( #581, #5751, #1035, #3134, #2149, #5825, #4162, #3214, #3174, #2719 ),
 ( #3650, #4763, #4830, #5237, #2608, #4725, #1301, #3344, #3310, #4365 ),
 ( #6445, #1272, #3911, #6476, #4330, #5413, #2216, #1734, #646, #6508 ),
 ( #2786, #222, #2291, #1175, #2254, #780, #5021, #2820, #4891, #127 ),
 ( #1696, #1209, #6541, #3848, #5444, #1765, #5959, #679, #3816, #5922 ),
 ( #165, #3437, #4465, #4924, #6022, #709, #4402, #3876, #5989, #1240 ),
 ( #3374, #5473, #2851, #191, #2916, #4957, #2324, #3406, #4433, #1799 ),
 ( #5506, #745, #2885, #4987, #2356, #6572, #1833, #5539, #3943, #6056 ),
 ( #4598, #5055, #2486, #6611, #3502, #1429, #846, #6750, #287, #2981 ),
 ( #2422, #2524, #4004, #4502, #5601, #4563, #1895, #255, #1867, #5086 ),
 ( #6675, #3976, #2451, #1926, #3052, #3605, #6221, #4115, #325, #3568 ),
 ( #6641, #4042, #6154, #355, #4534, #1391, #2001, #2944, #3534, #878 ),
 ( #4078, #6121, #1364, #5668, #1463, #5631, #3015, #6087, #5116, #6713 ),
 ( #1964, #6191, #916, #5155, #5703, #951, #5570, #1333, #395, #3467 ),
 ( #4640, #3088, #2391, #808, #509, #1025, #6299, #2641, #4754, #6495 ),
 ( #542, #2676, #2106, #5310, #988, #3327, #5978, #4256, #4386, #4787 ),
 ( #665, #1064, #2807, #146, #25, #6785, #2600, #4150, #3207, #6859 ),
 ( #3164, #4716, #1577, #428, #4226, #1615, #5191, #6338, #3714, #5857 ),
 ( #2140, #2273, #1227, #3753, #5268, #6823, #5815, #1537, #6376, #4187 ) ),
 .UNSPECIFIED., .F., .F., .F.,
 ( 4, 1, 1, 1, 1, 1, 1, 1, 1, 1, 1, 1, 1, 1, 1, 1, 1, 1, 4 ),
 ( 4, 1, 1, 1, 1, 1, 1, 4 ),
 ( 0.000000000000000000, 1.000000000000000000, 3.000000000000000000, 5.000000000000000000, 7.000000000000000000, 9.000000000000000000, 11.00000000000000000, 13.00000000000000000, 15.00000000000000000, 17.00000000000000000, 19.00000000000000000, 21.00000000000000000, 23.00000000000000000, 25.00000000000000000, 27.00000000000000000, 29.00000000000000000, 30.00000000000000000, 31.00000000000000000, 32.00000000000000000 ),
 ( 0.000000000000000000, 1.000000000000000000, 2.000000000000000000, 3.000000000000000000, 5.000000000000000000, 7.000000000000000000, 9.000000000000000000, 10.00000000000000000 ),
 .UNSPECIFIED. ) ;
#1867 = CARTESIAN_POINT ( 'NONE',  ( 20.50306310372864971, 29.58993679545805122, 154.9255666666665263 ) ) ;
#1868 = CARTESIAN_POINT ( 'NONE',  ( 24.07481313354439934, 24.02639805629450009, 148.5430035720443982 ) ) ;
#1869 = CARTESIAN_POINT ( 'NONE',  ( 24.13287714711724874, 19.42719438138184884, 154.2796999999999912 ) ) ;
#1870 = CARTESIAN_POINT ( 'NONE',  ( 23.57152822707895012, 27.30691051247960033, 154.6676187500000026 ) ) ;
#1871 = ORIENTED_EDGE ( 'NONE', *, *, #3642, .T. ) ;
#1872 = CARTESIAN_POINT ( 'NONE',  ( 25.49455807915325067, 25.12773238513474894, 160.7520388888889897 ) ) ;
#1873 = CARTESIAN_POINT ( 'NONE',  ( 25.31974778136819992, 24.16468649407875091, 156.2130499999999813 ) ) ;
#1874 = B_SPLINE_CURVE_WITH_KNOTS ( 'NONE', 3,
 ( #6471, #1726, #3840, #6375, #1203, #2814, #4918, #5341, #154, #2709, #5167, #2536, #4651, #964, #6097, #4016, #1688, #3841, #5918, #156, #5859, #3275, #4358, #4819, #2248 ),
 .UNSPECIFIED., .F., .F.,
 ( 4, 2, 2, 1, 1, 2, 2, 2, 2, 1, 1, 1, 2, 2, 4 ),
 ( 0.000000000000000000, 0.1249999999995998201, 0.1874999999993995081, 0.2187499999992993660, 0.2343749999992492672, 0.2421874999992262023, 0.2499999999992031374, 0.3749999999986396992, 0.4374999999983389953, 0.4687499999981568077, 0.4843749999980248022, 0.4921874999979657384, 0.4960937499979826137, 0.4999999999979995446, 1.000000000000000000 ),
 .UNSPECIFIED. ) ;
#1875 = CARTESIAN_POINT ( 'NONE',  ( 13.65110676965804082, 22.69199345752150165, 153.4776860072520037 ) ) ;
#1876 = CARTESIAN_POINT ( 'NONE',  ( 10.02916790632539978, 26.20452786946634660, 150.6860453124999992 ) ) ;
#1877 = CARTESIAN_POINT ( 'NONE',  ( 24.51583697436355180, 24.98350806721580142, 152.3076624999999922 ) ) ;
#1878 = DIRECTION ( 'NONE',  ( 0.09895263035216393666, 0.05290561916984357765, 0.9936847449803400956 ) ) ;
#1879 = CARTESIAN_POINT ( 'NONE',  ( 18.67095363159934962, 30.06533419234660087, 163.4640708333334942 ) ) ;
#1880 = CARTESIAN_POINT ( 'NONE',  ( 24.40898637656692927, 23.43192741657511391, 150.0059586296006557 ) ) ;
#1881 = CARTESIAN_POINT ( 'NONE',  ( 11.43292255279636116, 27.85350220367335083, 152.8757625000000075 ) ) ;
#1882 = CARTESIAN_POINT ( 'NONE',  ( 14.46654132371701884, 23.01817226308859787, 154.7540640936524881 ) ) ;
#1883 = VERTEX_POINT ( 'NONE', #5818 ) ;
#1884 = CARTESIAN_POINT ( 'NONE',  ( 13.46495799613941990, 29.58473401055385210, 152.6226000000000056 ) ) ;
#1885 = CARTESIAN_POINT ( 'NONE',  ( 24.05838760154880163, 23.58001859483305296, 147.9051708333332158 ) ) ;
#1886 = CARTESIAN_POINT ( 'NONE',  ( 11.66522543371454113, 27.85407374934394653, 153.9231792210175058 ) ) ;
#1887 = CARTESIAN_POINT ( 'NONE',  ( 20.13969947616829970, 29.95830019696860091, 159.7079208333334748 ) ) ;
#1888 = B_SPLINE_CURVE_WITH_KNOTS ( 'NONE', 3,
 ( #3479, #1404, #2500, #5580, #6098 ),
 .UNSPECIFIED., .F., .F.,
 ( 4, 1, 4 ),
 ( 0.6109002975734120211, 0.7333333333333330595, 0.7799939092258000306 ),
 .UNSPECIFIED. ) ;
#1889 = CARTESIAN_POINT ( 'NONE',  ( 10.96312008493364409, 22.61952848644514091, 156.8461680844224588 ) ) ;
#1890 = CARTESIAN_POINT ( 'NONE',  ( 24.52880136926904697, 24.51910185871129144, 151.6239814520611446 ) ) ;
#1891 = EDGE_CURVE ( 'NONE', #5131, #1423, #4359, .T. ) ;
#1892 = DIRECTION ( 'NONE',  ( 0.08291556471174026111, -0.9955514112831505003, 0.04474814656117583056 ) ) ;
#1893 = CARTESIAN_POINT ( 'NONE',  ( 24.91295843529385223, 25.61566221233389484, 156.8710407384076291 ) ) ;
#1894 = CARTESIAN_POINT ( 'NONE',  ( 27.75906796432910184, 24.45984672705279905, 155.4938420934619785 ) ) ;
#1895 = CARTESIAN_POINT ( 'NONE',  ( 21.45005931311720104, 29.12390062678139913, 154.8290000000000077 ) ) ;
#1896 = CARTESIAN_POINT ( 'NONE',  ( 14.54437032093651894, 29.84480651293765163, 155.1373708333335060 ) ) ;
#1897 = CARTESIAN_POINT ( 'NONE',  ( 23.32602746004490157, 18.49747770807120162, 154.4483458333334909 ) ) ;
#1898 = EDGE_CURVE ( 'NONE', #1162, #1320, #4699, .T. ) ;
#1899 = CARTESIAN_POINT ( 'NONE',  ( 23.41360829508380093, 26.36925424726869949, 149.9864773340835882 ) ) ;
#1900 = FACE_OUTER_BOUND ( 'NONE', #598, .T. ) ;
#1901 = ORIENTED_EDGE ( 'NONE', *, *, #4524, .F. ) ;
#1902 = CARTESIAN_POINT ( 'NONE',  ( 24.43172247456270085, 24.80452285667204748, 151.5329000000000121 ) ) ;
#1903 = CARTESIAN_POINT ( 'NONE',  ( 22.27494139551329866, 18.67501536062420087, 148.7145255208332060 ) ) ;
#1904 = CARTESIAN_POINT ( 'NONE',  ( 12.15293001872549894, 28.37537315732179977, 154.3492175188804936 ) ) ;
#1905 = CARTESIAN_POINT ( 'NONE',  ( 24.12830590568880140, 22.72134348109490176, 148.1145986111110062 ) ) ;
#1906 = DIRECTION ( 'NONE',  ( 0.1006318910984300291, 0.05303758115645541144, 0.9935090525400491757 ) ) ;
#1907 = CARTESIAN_POINT ( 'NONE',  ( 10.79340497952020073, 25.13547195972495274, 155.7781625000000076 ) ) ;
#1908 = ORIENTED_EDGE ( 'NONE', *, *, #627, .T. ) ;
#1909 = FACE_OUTER_BOUND ( 'NONE', #5104, .T. ) ;
#1910 = CARTESIAN_POINT ( 'NONE',  ( 24.44525450080005768, 23.44364037216865171, 150.1993444597329699 ) ) ;
#1911 = PLANE ( 'NONE',  #4838 ) ;
#1912 = ORIENTED_EDGE ( 'NONE', *, *, #2488, .T. ) ;
#1913 = CARTESIAN_POINT ( 'NONE',  ( 14.07316072233272131, 29.92348585756139911, 151.7501000000000033 ) ) ;
#1914 = CARTESIAN_POINT ( 'NONE',  ( 23.50991500179030069, 25.31899758703479719, 147.4969892783972227 ) ) ;
#1915 = CARTESIAN_POINT ( 'NONE',  ( 11.62366679934100056, 27.80094162600684982, 153.9302250767509861 ) ) ;
#1916 = CARTESIAN_POINT ( 'NONE',  ( 18.94691553614094914, 29.97469980103459974, 152.7369124999999883 ) ) ;
#1917 = CARTESIAN_POINT ( 'NONE',  ( 10.64343810113591893, 26.58912732782235011, 153.0876700631335154 ) ) ;
#1918 = CARTESIAN_POINT ( 'NONE',  ( 10.10345927450640069, 24.34187578971624788, 153.1070895833335044 ) ) ;
#1919 = CARTESIAN_POINT ( 'NONE',  ( 23.63922308824420071, 25.34013582327069969, 148.4061608241181887 ) ) ;
#1920 = CARTESIAN_POINT ( 'NONE',  ( 14.76107025434907527, 30.01169267322091017, 153.9976872410333328 ) ) ;
#1921 = FACE_OUTER_BOUND ( 'NONE', #3697, .T. ) ;
#1922 = CARTESIAN_POINT ( 'NONE',  ( 10.42491862609548114, 26.20805268226277462, 152.6268804090613287 ) ) ;
#1923 = FACE_OUTER_BOUND ( 'NONE', #1039, .T. ) ;
#1924 = VECTOR ( 'NONE', #5019, 1000.000000000000114 ) ;
#1925 = ADVANCED_FACE ( 'NONE', ( #1580 ), #1182, .T. ) ;
#1926 = CARTESIAN_POINT ( 'NONE',  ( 22.93277948453579640, 27.87768985577659819, 153.9253499999999804 ) ) ;
#1927 = CARTESIAN_POINT ( 'NONE',  ( 13.79971014140524055, 29.49885395526639797, 154.9674249999999915 ) ) ;
#1928 = CARTESIAN_POINT ( 'NONE',  ( 23.99546382625644725, 19.37606911088655437, 162.4404202256944814 ) ) ;
#1929 = CARTESIAN_POINT ( 'NONE',  ( 23.68294099713103762, 24.84800529251179313, 147.4540779412319011 ) ) ;
#1930 = CARTESIAN_POINT ( 'NONE',  ( 23.62001210321720279, 26.02212147044425095, 149.9730875183076080 ) ) ;
#1931 = CARTESIAN_POINT ( 'NONE',  ( 12.09554978295239991, 26.73949322446694765, 160.7314562500000079 ) ) ;
#1932 = ORIENTED_EDGE ( 'NONE', *, *, #2956, .F. ) ;
#1933 = CARTESIAN_POINT ( 'NONE',  ( 24.90007877202845066, 24.98997878438569842, 154.6351083333335055 ) ) ;
#1934 = CARTESIAN_POINT ( 'NONE',  ( 19.49377078615529868, 29.70596001128579999, 151.1007249999999829 ) ) ;
#1935 = CARTESIAN_POINT ( 'NONE',  ( 10.43249883740499939, 24.47229687028305278, 154.5140847222220088 ) ) ;
#1936 = CARTESIAN_POINT ( 'NONE',  ( 10.96427089872464222, 26.57782178220805136, 154.4156781249999995 ) ) ;
#1937 = CARTESIAN_POINT ( 'NONE',  ( 9.368601131970688556, 24.47457641755149993, 149.1673736510919639 ) ) ;
#1938 = CARTESIAN_POINT ( 'NONE',  ( 20.11950313846070060, 29.60298559265695317, 152.9734868069720051 ) ) ;
#1939 = VECTOR ( 'NONE', #4213, 1000.000000000000000 ) ;
#1940 = CARTESIAN_POINT ( 'NONE',  ( 24.06575181087235293, 23.59357902574100052, 148.0386036458332057 ) ) ;
#1941 = CARTESIAN_POINT ( 'NONE',  ( 10.11125695515559997, 23.68679295911164928, 152.7932461647344837 ) ) ;
#1942 = CARTESIAN_POINT ( 'NONE',  ( 11.10165774110453896, 26.28059945546944931, 155.7252630716529893 ) ) ;
#1943 = CARTESIAN_POINT ( 'NONE',  ( 18.24342937236110274, 30.14363120081100078, 161.5367583333334949 ) ) ;
#1944 = VERTEX_POINT ( 'NONE', #5406 ) ;
#1945 = CARTESIAN_POINT ( 'NONE',  ( 12.12924700947903922, 22.62369874717159846, 154.7781860419455029 ) ) ;
#1946 = CARTESIAN_POINT ( 'NONE',  ( 24.03730383221190081, 24.73146777487704639, 149.3099423611110126 ) ) ;
#1947 = AXIS2_PLACEMENT_3D ( 'NONE', #3114, #4139, #5333 ) ;
#1948 = DIRECTION ( 'NONE',  ( -0.9914626728336710659, -0.07787427352598338959, 0.1045818621956666056 ) ) ;
#1949 = CARTESIAN_POINT ( 'NONE',  ( 25.25985397472969396, 23.72986609784019407, 155.0578574139145189 ) ) ;
#1950 = CARTESIAN_POINT ( 'NONE',  ( 9.769174134075779392, 22.94830178357774741, 150.3780124999999828 ) ) ;
#1951 = ORIENTED_EDGE ( 'NONE', *, *, #3043, .T. ) ;
#1952 = CARTESIAN_POINT ( 'NONE',  ( 11.14272773691077845, 28.58039657149415191, 148.6266533510617762 ) ) ;
#1953 = CARTESIAN_POINT ( 'NONE',  ( 23.45514806981844913, 24.53628455933145247, 144.0444124999999929 ) ) ;
#1954 = CARTESIAN_POINT ( 'NONE',  ( 24.34551620032129904, 25.05682981545405141, 151.5294729166664922 ) ) ;
#1955 = CARTESIAN_POINT ( 'NONE',  ( 11.30815985632719034, 22.73815840272965616, 158.8460947844480415 ) ) ;
#1956 = CARTESIAN_POINT ( 'NONE',  ( 23.32863193142144809, 26.24330403946525081, 149.2180635706326086 ) ) ;
#1957 = CARTESIAN_POINT ( 'NONE',  ( 24.32504919481394623, 25.48524272804350232, 152.3030499999999847 ) ) ;
#1958 = FACE_OUTER_BOUND ( 'NONE', #1251, .T. ) ;
#1959 = CARTESIAN_POINT ( 'NONE',  ( 23.21612489360155251, 27.18646445304115034, 151.9711488819135070 ) ) ;
#1960 = B_SPLINE_CURVE_WITH_KNOTS ( 'NONE', 3,
 ( #125, #1862, #3845, #4363, #6473, #1732, #2482, #4560, #4001, #2028, #5697, #1920, #6638, #6117, #1360, #6779, #2940, #6671, #3046, #3498, #4038, #3598, #4672, #2447, #2978 ),
 .UNSPECIFIED., .F., .F.,
 ( 4, 1, 1, 1, 1, 2, 2, 1, 1, 2, 2, 1, 1, 1, 2, 2, 4 ),
 ( 0.000000000000000000, 0.1250000000000095757, 0.1875000000000143774, 0.2187500000000177081, 0.2343750000000184297, 0.2421875000000197342, 0.2500000000000210387, 0.3750000000000143219, 0.4375000000000109912, 0.4687500000000097700, 0.5000000000000085487, 0.6249999999999998890, 0.6874999999999937828, 0.7187499999999907851, 0.7343749999999905631, 0.7499999999999901190, 1.000000000000000000 ),
 .UNSPECIFIED. ) ;
#1961 = LINE ( 'NONE', #948, #6812 ) ;
#1962 = CARTESIAN_POINT ( 'NONE',  ( 11.14732777675619957, 20.45921360742655182, 155.2252739583335028 ) ) ;
#1963 = CARTESIAN_POINT ( 'NONE',  ( 23.85300476631724820, 25.54368723214760095, 149.9650624999999877 ) ) ;
#1964 = CARTESIAN_POINT ( 'NONE',  ( 23.16023724561859964, 27.16499976758845136, 151.5678020833335040 ) ) ;
#1965 = CARTESIAN_POINT ( 'NONE',  ( 12.15915926844587958, 28.32197191698819694, 154.2460142361109945 ) ) ;
#1966 = CARTESIAN_POINT ( 'NONE',  ( 23.93111704336314816, 18.81368063345015074, 158.2998791666665284 ) ) ;
#1967 = CARTESIAN_POINT ( 'NONE',  ( 23.64100445742327850, 25.03057919585388191, 147.6143970080770487 ) ) ;
#1968 = CARTESIAN_POINT ( 'NONE',  ( 23.76031895100240021, 25.62974100602670191, 149.7046857373837838 ) ) ;
#1969 = CARTESIAN_POINT ( 'NONE',  ( 11.68117799232609855, 23.18909146838455015, 161.1841104166664991 ) ) ;
#1970 = EDGE_LOOP ( 'NONE', ( #6252, #3309, #3892, #6623, #4773, #534, #6736, #5748, #3323, #5322, #4328 ) ) ;
#1971 = CARTESIAN_POINT ( 'NONE',  ( 24.99060532101024990, 25.02707113402374972, 155.4129166666665185 ) ) ;
#1972 = CARTESIAN_POINT ( 'NONE',  ( 10.80966450680775992, 26.57760378028699932, 153.7731312500000058 ) ) ;
#1973 = CARTESIAN_POINT ( 'NONE',  ( 9.139582506963371600, 24.40613480053700002, 148.8572879861611966 ) ) ;
#1974 = CARTESIAN_POINT ( 'NONE',  ( 20.11950313846070060, 29.60298559265695317, 152.9734868069720051 ) ) ;
#1975 = CARTESIAN_POINT ( 'NONE',  ( 24.12306544746705228, 23.23509275988255141, 148.2007145833331947 ) ) ;
#1976 = B_SPLINE_SURFACE_WITH_KNOTS ( 'NONE', 3, 3, ( 
 ( #4427, #3332, #1200, #250, #186, #5946, #1325, #2383, #1233, #671, #4393, #6499, #6079, #4355, #3869, #4459, #1759, #3367, #6534, #5468, #703, #4882, #118, #2842, #1791, #3459, #4494, #3904, #6048, #3399 ),
 ( #6015, #1264, #5560, #1723, #5499, #2877, #6566, #1294, #3430, #5532, #773, #1859, #3969, #6211, #4555, #3526, #2444, #3592, #1487, #3629, #1356, #1887, #3076, #3997, #6112, #315, #4070, #867, #2549, #5108 ),
 ( #5624, #4665, #2971, #3006, #5726, #5077, #837, #5180, #6666, #278, #1386, #4587, #1916, #5046, #4527, #6704, #3491, #6182, #6635, #1419, #3559, #5690, #6245, #2023, #6774, #5659, #1453, #5594, #4031, #905 ),
 ( #941, #2414, #3040, #5145, #417, #4138, #383, #6146, #2515, #4626, #6739, #1564, #1088, #5252, #2128, #2737, #3667, #3193, #1603, #2588, #4809, #3152, #2096, #6399, #4844, #3702, #978, #5804, #4212, #5296 ),
 ( #78, #6326, #2059, #495, #3740, #5218, #47, #2700, #2626, #3112, #4176, #457, #4742, #6286, #531, #1525, #5766, #5882, #1050, #6810, #4314, #1124, #2663, #1012, #6845, #4776, #2198, #4705, #14, #5331 ),
 ( #4248, #3776, #6429, #6362, #5844, #562, #3230, #2164, #4283, #1640, #1676, #5367, #3805, #3265, #595, #2306, #240, #2770, #5460, #1225, #5910, #1752, #143, #4418, #630, #3360, #5940, #207, #664, #6494 ),
 ( #2271, #4876, #1781, #6525, #2375, #5976, #695, #4384, #3391, #3832, #1254, #5399, #3863, #2341, #2833, #5524, #1193, #4942, #4483, #3325, #5429, #1286, #2805, #3297, #178, #3895, #4908, #1157, #110, #6006 ),
 ( #3421, #763, #5490, #2236, #726, #4348, #6461, #1715, #6593, #2869, #4970, #4452, #6557, #1849, #1815, #3925, #6040, #2902, #5005, #269, #5650, #2507, #4618, #2471, #2406, #5552, #1879, #2962, #2846, #4954 ),
 ( #2319, #2286, #3939, #4430, #1795, #5440, #741, #4981, #1167, #640, #6050, #1297, #4886, #122, #2251, #5953, #3339, #676, #2816, #3617, #481, #6313, #6232, #1943, #4058, #5715, #1406, #966, #4166, #4302 ) ),
 .UNSPECIFIED., .F., .F., .F.,
 ( 4, 1, 1, 1, 1, 1, 4 ),
 ( 4, 1, 1, 1, 1, 1, 1, 1, 1, 1, 1, 1, 1, 1, 1, 1, 1, 1, 1, 1, 1, 1, 1, 1, 1, 1, 1, 4 ),
 ( 0.000000000000000000, 1.000000000000000000, 2.000000000000000000, 3.000000000000000000, 4.000000000000000000, 5.000000000000000000, 6.000000000000000000 ),
 ( 0.000000000000000000, 1.000000000000000000, 2.000000000000000000, 3.000000000000000000, 5.000000000000000000, 7.000000000000000000, 9.000000000000000000, 11.00000000000000000, 13.00000000000000000, 15.00000000000000000, 17.00000000000000000, 19.00000000000000000, 21.00000000000000000, 23.00000000000000000, 25.00000000000000000, 27.00000000000000000, 29.00000000000000000, 31.00000000000000000, 33.00000000000000000, 35.00000000000000000, 37.00000000000000000, 39.00000000000000000, 41.00000000000000000, 43.00000000000000000, 45.00000000000000000, 46.00000000000000000, 47.00000000000000000, 48.00000000000000000 ),
 .UNSPECIFIED. ) ;
#1977 = EDGE_CURVE ( 'NONE', #2180, #2186, #4395, .T. ) ;
#1978 = CARTESIAN_POINT ( 'NONE',  ( 13.19092215735927986, 22.78583624175709943, 156.4181828411275035 ) ) ;
#1979 = ORIENTED_EDGE ( 'NONE', *, *, #1052, .T. ) ;
#1980 = CARTESIAN_POINT ( 'NONE',  ( 25.29702624760674823, 25.45443962055324860, 160.0975395833335142 ) ) ;
#1981 = CARTESIAN_POINT ( 'NONE',  ( 13.78237106450955984, 29.74006969627454922, 152.6015193646764772 ) ) ;
#1982 = CARTESIAN_POINT ( 'NONE',  ( 11.68898470054699956, 22.80617706481375251, 155.1842619583815122 ) ) ;
#1983 = CARTESIAN_POINT ( 'NONE',  ( 10.57994268283871975, 27.17111501290984776, 151.3880458333335071 ) ) ;
#1984 = CARTESIAN_POINT ( 'NONE',  ( 11.20613998976763881, 24.18639037001473469, 158.6622353508636252 ) ) ;
#1985 = CARTESIAN_POINT ( 'NONE',  ( 14.05654032132859932, 23.02497167683085166, 155.6650432900019894 ) ) ;
#1986 = ADVANCED_FACE ( 'NONE', ( #2139 ), #3240, .F. ) ;
#1987 = ORIENTED_EDGE ( 'NONE', *, *, #4449, .F. ) ;
#1988 = CARTESIAN_POINT ( 'NONE',  ( 12.91774336529377898, 29.74593076719304818, 148.7246250000000032 ) ) ;
#1989 = CARTESIAN_POINT ( 'NONE',  ( 23.57540995945110041, 24.22048390369879911, 144.3512749999999869 ) ) ;
#1990 = CARTESIAN_POINT ( 'NONE',  ( 14.45635886067216092, 23.01313784405795104, 154.6609264194085256 ) ) ;
#1991 = CARTESIAN_POINT ( 'NONE',  ( 11.06070293034930430, 22.65273250250419679, 157.4040720476607476 ) ) ;
#1992 = CARTESIAN_POINT ( 'NONE',  ( 23.13724669334030182, 26.55019279878604621, 149.2293541864455904 ) ) ;
#1993 = CARTESIAN_POINT ( 'NONE',  ( 9.759497904968510440, 24.48550116413525046, 150.3392468660239842 ) ) ;
#1994 = CARTESIAN_POINT ( 'NONE',  ( 10.64160269772724021, 27.69869144306659692, 149.8879861111110188 ) ) ;
#1995 = CARTESIAN_POINT ( 'NONE',  ( 25.15620656437955205, 26.02628117275704867, 161.2738963070380009 ) ) ;
#1996 = CARTESIAN_POINT ( 'NONE',  ( 11.32438633320551880, 22.74364646821900138, 158.9381259447520165 ) ) ;
#1997 = CARTESIAN_POINT ( 'NONE',  ( 10.64625256446407953, 23.54106431686015100, 155.5882287414629843 ) ) ;
#1998 = CARTESIAN_POINT ( 'NONE',  ( 10.15417572940375202, 25.14375601701801699, 152.7111202961952188 ) ) ;
#1999 = CARTESIAN_POINT ( 'NONE',  ( 11.04810288617778191, 20.46136843218155121, 154.5806333333334806 ) ) ;
#2000 = CARTESIAN_POINT ( 'NONE',  ( 25.36863663777435107, 25.73591827646355057, 162.0495101334674928 ) ) ;
#2001 = CARTESIAN_POINT ( 'NONE',  ( 21.24734790276860252, 29.09222833424555077, 153.2792000000000030 ) ) ;
#2002 = CARTESIAN_POINT ( 'NONE',  ( 13.67560208178597847, 29.52336376564725029, 154.0550499999999943 ) ) ;
#2003 = CARTESIAN_POINT ( 'NONE',  ( 23.28657046814894827, 18.58270023121569992, 153.6624999999999943 ) ) ;
#2004 = CARTESIAN_POINT ( 'NONE',  ( 23.79650207254465144, 25.66522587513324893, 149.9664999552944096 ) ) ;
#2005 = FACE_OUTER_BOUND ( 'NONE', #343, .T. ) ;
#2006 = CARTESIAN_POINT ( 'NONE',  ( 11.64532416519421965, 24.79423862416449964, 161.1827958333335005 ) ) ;
#2007 = ORIENTED_EDGE ( 'NONE', *, *, #1414, .F. ) ;
#2008 = CARTESIAN_POINT ( 'NONE',  ( 18.92024951765585072, 23.06147058123629989, 151.9343712589754887 ) ) ;
#2009 = CARTESIAN_POINT ( 'NONE',  ( 9.919972285827480363, 23.90963238914780220, 151.1466798268295122 ) ) ;
#2010 = CARTESIAN_POINT ( 'NONE',  ( 25.22134507460439679, 23.68832834088509998, 154.6704499999999882 ) ) ;
#2011 = CARTESIAN_POINT ( 'NONE',  ( 10.76740534650672032, 25.13329621750334653, 155.6497854166665036 ) ) ;
#2012 = ORIENTED_EDGE ( 'NONE', *, *, #2895, .T. ) ;
#2013 = CARTESIAN_POINT ( 'NONE',  ( 11.55120886540202108, 23.19142242991724956, 160.4151999999999987 ) ) ;
#2014 = CARTESIAN_POINT ( 'NONE',  ( 15.94358658760499914, 30.22242779774964561, 151.8535943103310331 ) ) ;
#2015 = CARTESIAN_POINT ( 'NONE',  ( 11.62459901190126033, 22.78729645275100069, 154.8835110829645032 ) ) ;
#2016 = CARTESIAN_POINT ( 'NONE',  ( 11.09760731347873985, 27.12218198689430082, 153.7266791666665142 ) ) ;
#2017 = CARTESIAN_POINT ( 'NONE',  ( 11.19759810667882149, 24.27375323338970503, 158.5909284707762765 ) ) ;
#2018 = EDGE_CURVE ( 'NONE', #2054, #4233, #286, .T. ) ;
#2019 = CARTESIAN_POINT ( 'NONE',  ( 9.358231159864239146, 23.97650552408815017, 149.3304120881975905 ) ) ;
#2020 = ORIENTED_EDGE ( 'NONE', *, *, #5503, .F. ) ;
#2021 = CARTESIAN_POINT ( 'NONE',  ( 13.65605347006179926, 30.01399053515060089, 148.6463875000000030 ) ) ;
#2022 = CARTESIAN_POINT ( 'NONE',  ( 23.91686832730905365, 21.32321429983504757, 147.8746125000000120 ) ) ;
#2023 = CARTESIAN_POINT ( 'NONE',  ( 20.12614765499459679, 30.07019056967325099, 161.3009125000000097 ) ) ;
#2024 = CARTESIAN_POINT ( 'NONE',  ( 14.23199321503667925, 22.96909806049569980, 154.0968703319964845 ) ) ;
#2025 = CARTESIAN_POINT ( 'NONE',  ( 23.03652312479605158, 26.70050796999144893, 149.2399430097184165 ) ) ;
#2026 = ORIENTED_EDGE ( 'NONE', *, *, #74, .F. ) ;
#2027 = CARTESIAN_POINT ( 'NONE',  ( 10.35751421206102130, 22.42468192982152786, 153.6333956561438185 ) ) ;
#2028 = CARTESIAN_POINT ( 'NONE',  ( 15.48222522788847755, 30.18099358572871438, 153.9156039430091880 ) ) ;
#2029 = CARTESIAN_POINT ( 'NONE',  ( 23.69078805775119889, 25.04425050752130133, 147.9596067759769937 ) ) ;
#2030 = CARTESIAN_POINT ( 'NONE',  ( 10.91178716722913933, 20.83124738350264948, 154.6002499999999884 ) ) ;
#2031 = CARTESIAN_POINT ( 'NONE',  ( 25.46848142061350018, 25.45148398636409937, 161.9257116755970003 ) ) ;
#2032 = FACE_OUTER_BOUND ( 'NONE', #5477, .T. ) ;
#2033 = CARTESIAN_POINT ( 'NONE',  ( 22.20194098201080379, 18.59652578026005187, 148.8611408854166029 ) ) ;
#2034 = CARTESIAN_POINT ( 'NONE',  ( 14.99158966880680133, 22.86018205437810025, 154.7356933822840119 ) ) ;
#2035 = LINE ( 'NONE', #1029, #3609 ) ;
#2036 = CARTESIAN_POINT ( 'NONE',  ( 10.33668039054564858, 22.41697628872831061, 153.5005652654811854 ) ) ;
#2037 = CARTESIAN_POINT ( 'NONE',  ( 23.56656486710874887, 25.96780362526185115, 149.5849520908189731 ) ) ;
#2038 = CARTESIAN_POINT ( 'NONE',  ( 12.04773811395210004, 20.80678778400399764, 161.0360696935154863 ) ) ;
#2039 = ORIENTED_EDGE ( 'NONE', *, *, #4922, .F. ) ;
#2040 = CARTESIAN_POINT ( 'NONE',  ( 13.75646997436101771, 29.70401084503414069, 152.1028011609574833 ) ) ;
#2041 = CARTESIAN_POINT ( 'NONE',  ( 24.43356886831534780, 24.23504054092539661, 150.7685041666665029 ) ) ;
#2042 = CARTESIAN_POINT ( 'NONE',  ( 25.90955525989910058, 23.71798142626845163, 161.9681118055555089 ) ) ;
#2043 = VECTOR ( 'NONE', #4065, 1000.000000000000114 ) ;
#2044 = AXIS2_PLACEMENT_3D ( 'NONE', #6696, #4451, #6592 ) ;
#2045 = B_SPLINE_CURVE_WITH_KNOTS ( 'NONE', 3,
 ( #4341, #2226, #2301, #234 ),
 .UNSPECIFIED., .F., .F.,
 ( 4, 4 ),
 ( 0.000000000000000000, 1.000000000000000000 ),
 .UNSPECIFIED. ) ;
#2046 = CARTESIAN_POINT ( 'NONE',  ( 10.87113102368790152, 25.52262220965635109, 155.7638513020835092 ) ) ;
#2047 = ORIENTED_EDGE ( 'NONE', *, *, #2244, .F. ) ;
#2048 = CARTESIAN_POINT ( 'NONE',  ( 11.62531930762650134, 21.74606831403924900, 159.8959000000000117 ) ) ;
#2049 = CARTESIAN_POINT ( 'NONE',  ( 10.06383090411653924, 26.92738983169249778, 149.4326972265119764 ) ) ;
#2050 = PRESENTATION_LAYER_ASSIGNMENT (  '', '', ( #2498 ) ) ;
#2051 = CARTESIAN_POINT ( 'NONE',  ( 11.15486447202208709, 24.63331515623153578, 158.1830465328192759 ) ) ;
#2052 = CARTESIAN_POINT ( 'NONE',  ( 10.42355654702950041, 23.48643015333734851, 154.7853764377225048 ) ) ;
#2053 = CARTESIAN_POINT ( 'NONE',  ( 9.124492742105010379, 21.82891071178039866, 149.6071666826320268 ) ) ;
#2054 = VERTEX_POINT ( 'NONE', #3713 ) ;
#2055 = EDGE_CURVE ( 'NONE', #2717, #2439, #1874, .T. ) ;
#2056 = CARTESIAN_POINT ( 'NONE',  ( 27.18195175618454940, 24.67530609222015414, 150.1830699857069931 ) ) ;
#2057 = CARTESIAN_POINT ( 'NONE',  ( 23.89159066652284835, 21.73366486174404955, 145.0906499999999824 ) ) ;
#2058 = CARTESIAN_POINT ( 'NONE',  ( 24.89622703064184961, 25.27803285409954981, 155.4100791666664918 ) ) ;
#2059 = CARTESIAN_POINT ( 'NONE',  ( 17.39344016807685023, 30.20376884512939952, 145.8954011565009807 ) ) ;
#2060 = CARTESIAN_POINT ( 'NONE',  ( 13.88407255294606024, 22.92254791535849989, 153.7059038706099727 ) ) ;
#2061 = B_SPLINE_SURFACE_WITH_KNOTS ( 'NONE', 3, 3, ( 
 ( #3671, #1018, #1008, #5212, #3261, #43, #3148, #973, #452 ),
 ( #1120, #4132, #491, #1598, #4700, #2621, #6321, #1521, #5722 ),
 ( #6769, #3106, #4737, #5363, #2161, #2583, #3737, #5291, #3662 ),
 ( #6804, #2019, #592, #2090, #5800, #527, #2124, #2732, #4206 ),
 ( #5839, #2695, #4805, #3624, #4280, #6395, #1636, #1560, #2053 ),
 ( #3696, #3770, #5877, #6239, #1482, #2302, #4872, #173, #4310 ),
 ( #6000, #5425, #4446, #104, #658, #3418, #2227, #4342, #203 ),
 ( #2194, #3322, #2266, #6456, #6423, #1671, #2798, #5394, #4378 ),
 ( #2335, #5520, #5484, #4902, #3826, #1707, #6553, #5936, #625 ) ),
 .UNSPECIFIED., .F., .F., .F.,
 ( 4, 1, 1, 1, 1, 1, 4 ),
 ( 4, 1, 1, 1, 1, 1, 4 ),
 ( 0.000000000000000000, 1.000000000000000000, 2.000000000000000000, 3.000000000000000000, 4.000000000000000000, 5.000000000000000000, 6.000000000000000000 ),
 ( 0.000000000000000000, 1.000000000000000000, 2.000000000000000000, 3.000000000000000000, 4.000000000000000000, 5.000000000000000000, 6.000000000000000000 ),
 .UNSPECIFIED. ) ;
#2062 = CARTESIAN_POINT ( 'NONE',  ( 23.68486964364894831, 25.55711367895255037, 149.1593099975949883 ) ) ;
#2063 = ORIENTED_EDGE ( 'NONE', *, *, #3898, .F. ) ;
#2064 = EDGE_CURVE ( 'NONE', #928, #6490, #5927, .T. ) ;
#2065 = CARTESIAN_POINT ( 'NONE',  ( 10.76135641731260151, 22.55572917442895076, 155.8006242827789833 ) ) ;
#2066 = CARTESIAN_POINT ( 'NONE',  ( 14.82586475700952100, 22.88358512823969804, 155.5634402434665162 ) ) ;
#2067 = CARTESIAN_POINT ( 'NONE',  ( 24.65514163138651682, 25.96057059481278273, 156.0136248863456956 ) ) ;
#2068 = DIRECTION ( 'NONE',  ( -0.9914626728336710659, -0.07787427352598338959, 0.1045818621956666056 ) ) ;
#2069 = CARTESIAN_POINT ( 'NONE',  ( 24.59717895120954978, 24.72850928540905002, 152.3120499999999993 ) ) ;
#2070 = CARTESIAN_POINT ( 'NONE',  ( 24.99182241585959829, 25.46410685078529923, 156.9691541666665273 ) ) ;
#2071 = CARTESIAN_POINT ( 'NONE',  ( 18.94376358482613654, 30.03357205068932601, 153.5728569207561804 ) ) ;
#2072 = CARTESIAN_POINT ( 'NONE',  ( 24.99060532101024990, 25.02707113402374972, 155.4129166666665185 ) ) ;
#2073 = CARTESIAN_POINT ( 'NONE',  ( 11.81107936795122093, 28.09753985871835269, 153.6245624999999961 ) ) ;
#2074 = CARTESIAN_POINT ( 'NONE',  ( 11.06046200763010035, 26.94056126849745070, 154.0332023549740086 ) ) ;
#2075 = CARTESIAN_POINT ( 'NONE',  ( 10.27796803666272396, 22.39307377600819748, 153.0775754044801999 ) ) ;
#2076 = CARTESIAN_POINT ( 'NONE',  ( 10.64920930222520035, 27.27985237428615051, 151.3770812500000034 ) ) ;
#2077 = CARTESIAN_POINT ( 'NONE',  ( 10.71661158401023961, 20.55036660787365221, 153.0489583333335020 ) ) ;
#2078 = VERTEX_POINT ( 'NONE', #4324 ) ;
#2079 = CARTESIAN_POINT ( 'NONE',  ( 8.987559690085840103, 24.72611439248059995, 148.5581423855500134 ) ) ;
#2080 = CARTESIAN_POINT ( 'NONE',  ( 17.51665765771464933, 22.60356875797530307, 152.1009848473329953 ) ) ;
#2081 = CARTESIAN_POINT ( 'NONE',  ( 25.22378442281530297, 24.55296810589409873, 156.2022145833335003 ) ) ;
#2082 = CARTESIAN_POINT ( 'NONE',  ( 24.43138536339890265, 22.24419628851859798, 150.1058999999999912 ) ) ;
#2083 = ORIENTED_EDGE ( 'NONE', *, *, #3397, .F. ) ;
#2084 = CARTESIAN_POINT ( 'NONE',  ( 11.45415452509260135, 21.22812035050430168, 158.4816999999999894 ) ) ;
#2085 = DIRECTION ( 'NONE',  ( -0.9949093705772956708, 0.000000000000000000, 0.1007737284091911739 ) ) ;
#2086 = CARTESIAN_POINT ( 'NONE',  ( 11.34028524860971920, 26.96437055939590266, 155.2848093808645160 ) ) ;
#2087 = PRODUCT_DEFINITION_CONTEXT ( 'detailed design', #4295, 'design' ) ;
#2088 = CARTESIAN_POINT ( 'NONE',  ( 11.00526595842847755, 24.89307405199906498, 157.0917260918217266 ) ) ;
#2089 = CARTESIAN_POINT ( 'NONE',  ( 9.875107725014929727, 21.65210377918530327, 150.4410454861109940 ) ) ;
#2090 = CARTESIAN_POINT ( 'NONE',  ( 9.360999053121702218, 23.36041155808874947, 149.5344542521455935 ) ) ;
#2091 = VERTEX_POINT ( 'NONE', #6438 ) ;
#2092 = CARTESIAN_POINT ( 'NONE',  ( 19.18826149704419848, 29.82243470272145203, 151.5462965508225182 ) ) ;
#2093 = B_SPLINE_SURFACE_WITH_KNOTS ( 'NONE', 3, 3, ( 
 ( #3886, #3350, #4374, #6484, #686, #2332, #5579, #6620, #171, #1308, #2896, #5996, #4933, #5452, #1742, #2955, #200, #3415, #756, #2366, #5063, #4443, #3854 ),
 ( #4410, #5548, #1247, #4963, #3383, #5029, #296, #5967, #2827, #2299, #4510, #6516, #1773, #5481, #5517, #6550, #3984, #1807, #3918, #718, #6031, #1280, #821 ),
 ( #6584, #4997, #4473, #2859, #2399, #1217, #3445, #3477, #1842, #263, #1873, #3951, #6096, #1343, #6062, #788, #2925, #1374, #5166, #6725, #1001, #367, #1940 ),
 ( #3136, #5128, #1438, #5678, #405, #5239, #2499, #6651, #1471, #4650, #6760, #6131, #2010, #3616, #2535, #3545, #3514, #4124, #925, #5753, #4609, #1975, #5642 ),
 ( #4088, #2042, #6199, #3578, #889, #3062, #6229, #3652, #2430, #5713, #963, #3097, #5203, #5095, #440, #4543, #2572, #1511, #4690, #6794, #4164, #6271, #1905 ),
 ( #4015, #5611, #854, #2992, #334, #2462, #4574, #6688, #4055, #6166, #3025, #1402, #4765, #1625, #2218, #3176, #2686, #1110, #2082, #4301, #2650, #1589, #5901 ),
 ( #3725, #65, #6350, #5828, #3216, #2, #552, #2116, #6312, #2184, #5281, #1037, #1075, #4199, #480, #6447, #2721, #1177, #4237, #4798, #1549, #3687, #3761 ),
 ( #34, #5790, #518, #5925, #3311, #5320, #2151, #4266, #1698, #4728, #6386, #4832, #5868, #3251, #5352, #584, #6415, #2610, #6833, #1664, #3793, #3818, #2759 ),
 ( #4862, #1146, #3284, #5385, #616, #94, #4332, #5415, #1737, #3376, #6613, #782, #1211, #2358, #3913, #166, #5961, #4367, #648, #3978, #1242, #4435, #1801 ),
 ( #5475, #2788, #4467, #747, #2888, #2256, #4989, #6574, #3408, #6510, #6478, #1274, #6024, #1869, #710, #2853, #1767, #224, #3346, #1835, #4893, #3878, #3945 ),
 ( #4959, #6089, #1336, #6057, #1303, #2326, #5508, #5446, #3439, #129, #5542, #4503, #2918, #5022, #256, #2393, #3850, #681, #2822, #4926, #2293, #4405, #5991 ),
 ( #194, #6543, #6715, #5571, #5118, #6753, #3469, #357, #1966, #4117, #6787, #5158, #430, #4152, #2003, #1393, #848, #6156, #6678, #3054, #2453, #4565, #3536 ),
 ( #2563, #1928, #4536, #5603, #6193, #810, #2526, #397, #2983, #2946, #6643, #5057, #5088, #1897, #880, #4006, #6123, #1465, #5633, #2424, #3504, #2033, #6262 ) ),
 .UNSPECIFIED., .F., .F., .F.,
 ( 4, 1, 1, 1, 1, 1, 1, 1, 1, 1, 4 ),
 ( 4, 1, 1, 1, 1, 1, 1, 1, 1, 1, 1, 1, 1, 1, 1, 1, 1, 1, 1, 1, 4 ),
 ( 0.000000000000000000, 1.000000000000000000, 2.000000000000000000, 3.000000000000000000, 5.000000000000000000, 7.000000000000000000, 9.000000000000000000, 11.00000000000000000, 13.00000000000000000, 15.00000000000000000, 16.00000000000000000 ),
 ( 0.000000000000000000, 1.000000000000000000, 2.000000000000000000, 3.000000000000000000, 5.000000000000000000, 7.000000000000000000, 9.000000000000000000, 11.00000000000000000, 13.00000000000000000, 15.00000000000000000, 17.00000000000000000, 19.00000000000000000, 21.00000000000000000, 23.00000000000000000, 25.00000000000000000, 27.00000000000000000, 29.00000000000000000, 31.00000000000000000, 33.00000000000000000, 35.00000000000000000, 36.00000000000000000 ),
 .UNSPECIFIED. ) ;
#2094 = CARTESIAN_POINT ( 'NONE',  ( 23.90372230629294847, 21.67617682056170025, 144.7093500000000006 ) ) ;
#2095 = CARTESIAN_POINT ( 'NONE',  ( 24.80637165672789735, 25.24204583273440150, 154.6322312499999896 ) ) ;
#2096 = CARTESIAN_POINT ( 'NONE',  ( 19.63719278859604955, 30.11752020527740115, 160.5636499999999955 ) ) ;
#2097 = CARTESIAN_POINT ( 'NONE',  ( 10.95886071713204046, 27.21998914584940366, 152.5187764472535150 ) ) ;
#2098 = CARTESIAN_POINT ( 'NONE',  ( 24.07476505055142724, 25.06013078283801221, 150.1232515278683195 ) ) ;
#2099 = ORIENTED_EDGE ( 'NONE', *, *, #627, .F. ) ;
#2100 = CARTESIAN_POINT ( 'NONE',  ( 14.55323188051412053, 22.87807388676855069, 155.9459987627490136 ) ) ;
#2101 = CARTESIAN_POINT ( 'NONE',  ( 10.27539980496321981, 24.34250132568969960, 153.8762333333334880 ) ) ;
#2102 = CARTESIAN_POINT ( 'NONE',  ( 23.79103024873525030, 24.82399619015619763, 148.1036008165172291 ) ) ;
#2103 = CARTESIAN_POINT ( 'NONE',  ( 20.11950313846070060, 29.60298559265695317, 152.9734868069720051 ) ) ;
#2104 = CARTESIAN_POINT ( 'NONE',  ( 24.20430832400320043, 24.54846781641860076, 149.9752166666665687 ) ) ;
#2105 = CARTESIAN_POINT ( 'NONE',  ( 24.53579894176894882, 25.85684752164904765, 154.6307249999999840 ) ) ;
#2106 = CARTESIAN_POINT ( 'NONE',  ( 22.72188813730375045, 27.42085633416850143, 150.4282436158835026 ) ) ;
#2107 = CARTESIAN_POINT ( 'NONE',  ( 23.96004202096205304, 24.66976162795189964, 148.7814210780799726 ) ) ;
#2108 = ADVANCED_FACE ( 'NONE', ( #2173 ), #3257, .T. ) ;
#2109 = CARTESIAN_POINT ( 'NONE',  ( 11.40373597246135873, 28.40105233264879914, 150.4677958333334971 ) ) ;
#2110 = CARTESIAN_POINT ( 'NONE',  ( 10.25970744449888095, 22.38435454489785670, 152.9174267485763892 ) ) ;
#2111 = CARTESIAN_POINT ( 'NONE',  ( 10.58778645782399863, 27.38514628057739841, 150.7102833333335070 ) ) ;
#2112 = CARTESIAN_POINT ( 'NONE',  ( 10.68119979356237970, 20.41843215879644902, 152.3987093750000099 ) ) ;
#2113 = ORIENTED_EDGE ( 'NONE', *, *, #5737, .F. ) ;
#2114 = CARTESIAN_POINT ( 'NONE',  ( 9.815313641797271060, 22.23552518608660122, 150.4297233780764884 ) ) ;
#2115 = EDGE_CURVE ( 'NONE', #4912, #5205, #2467, .T. ) ;
#2116 = CARTESIAN_POINT ( 'NONE',  ( 25.54027282301984769, 21.95689182998129851, 158.6885000000000048 ) ) ;
#2117 = CARTESIAN_POINT ( 'NONE',  ( 24.63872836218709850, 26.43537954086630037, 158.5395499999999913 ) ) ;
#2118 = ORIENTED_EDGE ( 'NONE', *, *, #1087, .F. ) ;
#2119 = CARTESIAN_POINT ( 'NONE',  ( 12.13064627934925888, 27.10905919038225065, 159.8053124999999852 ) ) ;
#2120 = CARTESIAN_POINT ( 'NONE',  ( 14.71209682379909900, 22.79944916787760079, 153.9023984492929742 ) ) ;
#2121 = CARTESIAN_POINT ( 'NONE',  ( 13.00695189715113997, 22.97005641926704911, 156.3881180366329886 ) ) ;
#2122 = CARTESIAN_POINT ( 'NONE',  ( 10.04861294532170035, 26.65680394395755215, 149.8525505674697911 ) ) ;
#2123 = CARTESIAN_POINT ( 'NONE',  ( 10.90321606534202026, 24.76598254579560177, 156.6054902425149180 ) ) ;
#2124 = CARTESIAN_POINT ( 'NONE',  ( 9.389185836912819383, 22.24021722335799822, 149.7955312500000105 ) ) ;
#2125 = ORIENTED_EDGE ( 'NONE', *, *, #4953, .F. ) ;
#2126 = CARTESIAN_POINT ( 'NONE',  ( 10.69409572626604010, 24.06084872608690262, 155.8009217888140370 ) ) ;
#2127 = CARTESIAN_POINT ( 'NONE',  ( 23.00346517544734937, 19.49331736307700069, 148.4201062500000035 ) ) ;
#2128 = CARTESIAN_POINT ( 'NONE',  ( 18.77028031094384986, 30.08742737239395026, 154.3354999999999961 ) ) ;
#2129 = CARTESIAN_POINT ( 'NONE',  ( 10.40133914835244688, 24.09128979961027994, 154.7553369391821434 ) ) ;
#2130 = CARTESIAN_POINT ( 'NONE',  ( 11.65978750057220026, 22.59525625375480118, 155.0152804613605042 ) ) ;
#2131 = ORIENTED_EDGE ( 'NONE', *, *, #1003, .F. ) ;
#2132 = B_SPLINE_CURVE_WITH_KNOTS ( 'NONE', 3,
 ( #3515, #5613, #789, #2463 ),
 .UNSPECIFIED., .F., .F.,
 ( 4, 4 ),
 ( 0.000000000000000000, 1.000000000000000000 ),
 .UNSPECIFIED. ) ;
#2133 = CARTESIAN_POINT ( 'NONE',  ( 23.81416608509435306, 24.68575853818579802, 147.9701042057860150 ) ) ;
#2134 = CARTESIAN_POINT ( 'NONE',  ( 10.11369490958663953, 24.73536344156925182, 153.1005874999999889 ) ) ;
#2135 = CARTESIAN_POINT ( 'NONE',  ( 25.05394912942774965, 25.49245626232825046, 157.7506791666665151 ) ) ;
#2136 = CARTESIAN_POINT ( 'NONE',  ( 24.60374930754617750, 25.94383306544261814, 155.4941109694983936 ) ) ;
#2137 = CARTESIAN_POINT ( 'NONE',  ( 23.53325317964030106, 26.75675662087679996, 151.7731202719174917 ) ) ;
#2138 = CARTESIAN_POINT ( 'NONE',  ( 25.49455807915325067, 25.12773238513474894, 160.7520388888889897 ) ) ;
#2139 = FACE_OUTER_BOUND ( 'NONE', #1672, .T. ) ;
#2140 = CARTESIAN_POINT ( 'NONE',  ( 22.87712064132194811, 27.01472599592125334, 149.5986910722658081 ) ) ;
#2141 = CARTESIAN_POINT ( 'NONE',  ( 25.17686332518790238, 24.97000794921680011, 156.9746833333335019 ) ) ;
#2142 = CARTESIAN_POINT ( 'NONE',  ( 11.29719314960384047, 28.52734048173475045, 149.4105091238576222 ) ) ;
#2143 = CARTESIAN_POINT ( 'NONE',  ( 13.48834152010546106, 22.87298860335080164, 153.3365795025729881 ) ) ;
#2144 = CARTESIAN_POINT ( 'NONE',  ( 19.36505773374295103, 29.80919808378254743, 152.0323622765230027 ) ) ;
#2145 = CARTESIAN_POINT ( 'NONE',  ( 11.63863292563349994, 27.47565847426414720, 155.1137076378115012 ) ) ;
#2146 = CARTESIAN_POINT ( 'NONE',  ( 10.33266834133570100, 21.17610855652719692, 151.5256937499999879 ) ) ;
#2147 = VERTEX_POINT ( 'NONE', #4060 ) ;
#2148 = EDGE_CURVE ( 'NONE', #996, #2474, #1408, .T. ) ;
#2149 = CARTESIAN_POINT ( 'NONE',  ( 23.41250381952675141, 28.40839247089089881, 161.6318055555555020 ) ) ;
#2150 = CARTESIAN_POINT ( 'NONE',  ( 25.43963619285154820, 24.83049965974145223, 159.3224916666665081 ) ) ;
#2151 = CARTESIAN_POINT ( 'NONE',  ( 25.39287254776160196, 21.26820684477124956, 159.5396000000000072 ) ) ;
#2152 = CARTESIAN_POINT ( 'NONE',  ( 24.91400312794844751, 26.25053592734390051, 160.1018708333334928 ) ) ;
#2153 = ORIENTED_EDGE ( 'NONE', *, *, #4104, .F. ) ;
#2154 = ADVANCED_FACE ( 'NONE', ( #5132 ), #1127, .F. ) ;
#2155 = CARTESIAN_POINT ( 'NONE',  ( 11.54016108778361982, 22.39866934067789828, 159.8993166666665218 ) ) ;
#2156 = CARTESIAN_POINT ( 'NONE',  ( 23.56728559828275138, 25.42574858216995182, 148.1951698421705998 ) ) ;
#2157 = CARTESIAN_POINT ( 'NONE',  ( 19.62391358661765040, 29.79077084209235338, 153.0136600108895095 ) ) ;
#2158 = CARTESIAN_POINT ( 'NONE',  ( 14.42611185223973891, 23.03198449470255227, 155.1362702954525048 ) ) ;
#2159 = CARTESIAN_POINT ( 'NONE',  ( 23.23815210075439808, 26.09510981069109903, 148.2222066006821990 ) ) ;
#2160 = CARTESIAN_POINT ( 'NONE',  ( 10.12716322787152023, 21.15268475510875135, 150.7676812500000096 ) ) ;
#2161 = CARTESIAN_POINT ( 'NONE',  ( 9.593931384887980585, 23.03708206179920026, 149.9760562820546284 ) ) ;
#2162 = ORIENTED_EDGE ( 'NONE', *, *, #5583, .T. ) ;
#2163 = CARTESIAN_POINT ( 'NONE',  ( 23.79603941529805056, 20.94869986195784861, 144.8180125000000089 ) ) ;
#2164 = CARTESIAN_POINT ( 'NONE',  ( 17.27835032602174792, 30.17248125290754857, 148.9859000000000151 ) ) ;
#2165 = DIRECTION ( 'NONE',  ( -0.1006318910984311948, -0.05303758115645027665, -0.9935090525400492867 ) ) ;
#2166 = VECTOR ( 'NONE', #3628, 1000.000000000000114 ) ;
#2167 = ORIENTED_EDGE ( 'NONE', *, *, #5345, .T. ) ;
#2168 = CARTESIAN_POINT ( 'NONE',  ( 23.70226881412554931, 25.01184844419430320, 147.9604132067489957 ) ) ;
#2169 = CARTESIAN_POINT ( 'NONE',  ( 10.71412726970689988, 25.12914747841969998, 155.3931062499999882 ) ) ;
#2170 = DIRECTION ( 'NONE',  ( -0.07832357043783121087, 0.9969279905358612304, 0.000000000000000000 ) ) ;
#2171 = CARTESIAN_POINT ( 'NONE',  ( 24.63807238432254820, 25.03025939781999654, 153.0825541666664833 ) ) ;
#2172 = CARTESIAN_POINT ( 'NONE',  ( 14.46416410639441885, 23.01635743232129627, 154.7180927934180090 ) ) ;
#2173 = FACE_OUTER_BOUND ( 'NONE', #6719, .T. ) ;
#2174 = CARTESIAN_POINT ( 'NONE',  ( 17.03998811168615291, 30.25577206279515252, 153.2505604864485065 ) ) ;
#2175 = CARTESIAN_POINT ( 'NONE',  ( 23.58859334865620028, 25.45775130217120363, 148.4226438016769976 ) ) ;
#2176 = CARTESIAN_POINT ( 'NONE',  ( 25.19505671822454929, 25.01911539228349923, 157.3443163302235064 ) ) ;
#2177 = B_SPLINE_SURFACE_WITH_KNOTS ( 'NONE', 3, 3, ( 
 ( #2935, #313, #6665, #4030, #2382, #6602, #1858, #3967, #5514 ),
 ( #6580, #752, #1840, #3948, #2953, #2923, #5027, #4508, #3511 ),
 ( #1570, #5809, #3059, #364, #5372, #2169, #5163, #3022, #2495 ),
 ( #3270, #6163, #402, #6370, #6722, #2532, #3708, #1435, #886 ),
 ( #1936, #5125, #6757, #600, #4287, #4605, #5851, #538, #3575 ),
 ( #1972, #4052, #2743, #4647, #1057, #5305, #21, #4851, #2101 ),
 ( #1094, #4253, #3748, #5639, #3236, #5338, #2134, #4220, #4085 ),
 ( #3201, #2670, #6332, #4782, #568, #2705, #6197, #4814, #1399 ),
 ( #54, #6404, #1647, #5675, #3782, #3542, #5888, #1133, #151 ),
 ( #2277, #702, #1683, #3902, #2245, #1198, #5498, #1823, #2810 ),
 ( #670, #3331, #4392, #84, #6498, #6047, #5434, #1164, #4354 ),
 ( #5945, #3809, #2203, #1293, #2313, #772, #6466, #1757, #5915 ),
 ( #3868, #2909, #5981, #213, #5466, #4915, #4319, #6434, #1788 ) ),
 .UNSPECIFIED., .F., .F., .F.,
 ( 4, 1, 1, 1, 1, 1, 1, 1, 1, 1, 4 ),
 ( 4, 1, 1, 1, 1, 1, 4 ),
 ( 0.000000000000000000, 1.000000000000000000, 2.000000000000000000, 3.000000000000000000, 5.000000000000000000, 7.000000000000000000, 9.000000000000000000, 11.00000000000000000, 12.00000000000000000, 13.00000000000000000, 14.00000000000000000 ),
 ( 0.000000000000000000, 1.000000000000000000, 2.000000000000000000, 3.000000000000000000, 4.000000000000000000, 5.000000000000000000, 6.000000000000000000 ),
 .UNSPECIFIED. ) ;
#2178 = CARTESIAN_POINT ( 'NONE',  ( 11.52788715031336153, 27.39601351703474919, 154.8633785665870164 ) ) ;
#2179 = CARTESIAN_POINT ( 'NONE',  ( 10.27673295869896108, 21.17015885994505098, 151.2691145833335042 ) ) ;
#2180 = VERTEX_POINT ( 'NONE', #3779 ) ;
#2181 = CARTESIAN_POINT ( 'NONE',  ( 19.94812496993850104, 29.64394463753495046, 152.6261916666665002 ) ) ;
#2182 = CARTESIAN_POINT ( 'NONE',  ( 24.24064540941365209, 27.54168798490215053, 161.9713151041665071 ) ) ;
#2183 = CARTESIAN_POINT ( 'NONE',  ( 24.87883392985224873, 24.69251064029229781, 153.8636666666665178 ) ) ;
#2184 = CARTESIAN_POINT ( 'NONE',  ( 25.43267576760730364, 21.83067838510899961, 157.1288000000000125 ) ) ;
#2185 = CARTESIAN_POINT ( 'NONE',  ( 24.50138305346850132, 26.77816487832874870, 159.3301000000000158 ) ) ;
#2186 = VERTEX_POINT ( 'NONE', #5886 ) ;
#2187 = CARTESIAN_POINT ( 'NONE',  ( 10.85242614290699947, 22.38112072798849894, 156.1838000000000193 ) ) ;
#2188 = CARTESIAN_POINT ( 'NONE',  ( 27.18195175618454940, 24.67530609222015414, 150.1830699857069931 ) ) ;
#2189 = CARTESIAN_POINT ( 'NONE',  ( 20.16981908434784998, 29.62950438341330184, 153.4702413365779989 ) ) ;
#2190 = FACE_OUTER_BOUND ( 'NONE', #6464, .T. ) ;
#2191 = CARTESIAN_POINT ( 'NONE',  ( 23.63265710343754833, 25.67888494837400160, 149.1895804934121941 ) ) ;
#2192 = CARTESIAN_POINT ( 'NONE',  ( 10.37598065236166001, 20.50839306328614953, 151.0949532811309837 ) ) ;
#2193 = EDGE_CURVE ( 'NONE', #2195, #5801, #6251, .T. ) ;
#2194 = CARTESIAN_POINT ( 'NONE',  ( 8.130352522672970039, 23.94277669880700188, 148.6058345775544183 ) ) ;
#2195 = VERTEX_POINT ( 'NONE', #1131 ) ;
#2196 = CARTESIAN_POINT ( 'NONE',  ( 10.79019205174173912, 26.87689052890015162, 153.0574434741315031 ) ) ;
#2197 = CARTESIAN_POINT ( 'NONE',  ( 22.68968107728264982, 18.56748442485709916, 144.9445708990955950 ) ) ;
#2198 = CARTESIAN_POINT ( 'NONE',  ( 19.64525662279879725, 30.07740251163009759, 163.3511187499999835 ) ) ;
#2199 = FILL_AREA_STYLE_COLOUR ( '', #5699 ) ;
#2200 = EDGE_CURVE ( 'NONE', #2995, #3190, #4217, .T. ) ;
#2201 = EDGE_LOOP ( 'NONE', ( #1149, #4201, #2932, #3028 ) ) ;
#2202 = CARTESIAN_POINT ( 'NONE',  ( 14.99158966880680133, 22.86018205437810025, 154.7356933822840119 ) ) ;
#2203 = CARTESIAN_POINT ( 'NONE',  ( 9.987177622354350248, 26.18848726190014986, 150.4272984374999851 ) ) ;
#2204 = CARTESIAN_POINT ( 'NONE',  ( 23.93624527248140055, 24.34416167485284888, 148.1223794478931950 ) ) ;
#2205 = CARTESIAN_POINT ( 'NONE',  ( 24.24615813632320283, 24.68277820452460247, 150.3874247408635085 ) ) ;
#2206 = DIRECTION ( 'NONE',  ( 0.1006318910984300152, 0.05303758115645541144, 0.9935090525400490646 ) ) ;
#2207 = CARTESIAN_POINT ( 'NONE',  ( 24.79649254813350012, 24.94842920409945108, 153.8592666666664854 ) ) ;
#2208 = CARTESIAN_POINT ( 'NONE',  ( 25.20707051322050063, 24.98695120486830135, 157.3584364411249794 ) ) ;
#2209 = CARTESIAN_POINT ( 'NONE',  ( 10.97727751699119914, 28.21908076293094680, 149.4445435672739961 ) ) ;
#2210 = B_SPLINE_CURVE_WITH_KNOTS ( 'NONE', 3,
 ( #1195, #5431, #2071, #5739, #6260, #2561, #3865, #4910, #1754 ),
 .UNSPECIFIED., .F., .F.,
 ( 4, 1, 2, 2, 4 ),
 ( 0.000000000000000000, 0.2500000000000000000, 0.3749999999999995004, 0.4999999999999990008, 1.000000000000000000 ),
 .UNSPECIFIED. ) ;
#2211 = CARTESIAN_POINT ( 'NONE',  ( 12.15293001872549894, 28.37537315732179977, 154.3492175188804936 ) ) ;
#2212 = CARTESIAN_POINT ( 'NONE',  ( 11.20602133270389977, 27.55818842150934955, 152.9079666666665105 ) ) ;
#2213 = CARTESIAN_POINT ( 'NONE',  ( 10.32415973758203975, 20.76677880445980051, 151.1186730543755061 ) ) ;
#2214 = VERTEX_POINT ( 'NONE', #1530 ) ;
#2215 = CARTESIAN_POINT ( 'NONE',  ( 9.715719005986260370, 24.26464174348440039, 150.1895830422569986 ) ) ;
#2216 = CARTESIAN_POINT ( 'NONE',  ( 22.11954030644450242, 29.21689148425430105, 160.2898000000000138 ) ) ;
#2217 = CARTESIAN_POINT ( 'NONE',  ( 25.40234413013779857, 24.95225138347529992, 159.3202833333335207 ) ) ;
#2218 = CARTESIAN_POINT ( 'NONE',  ( 25.04965409362284845, 22.40742014470174936, 153.1817000000000064 ) ) ;
#2219 = CARTESIAN_POINT ( 'NONE',  ( 24.76882050443554917, 26.21200814700699766, 158.5361166666665156 ) ) ;
#2220 = ORIENTED_EDGE ( 'NONE', *, *, #861, .F. ) ;
#2221 = CARTESIAN_POINT ( 'NONE',  ( 11.29928869666633773, 20.57793386447940165, 156.5273375000000158 ) ) ;
#2222 = CARTESIAN_POINT ( 'NONE',  ( 9.819229388424696836, 24.46721326958802578, 150.6307989839299637 ) ) ;
#2223 = CARTESIAN_POINT ( 'NONE',  ( 11.94185054912236055, 28.40731982254414945, 152.8590921457235083 ) ) ;
#2224 = CARTESIAN_POINT ( 'NONE',  ( 9.988637028340169977, 22.99738036028290011, 151.1580124999999839 ) ) ;
#2225 = CARTESIAN_POINT ( 'NONE',  ( 25.20707051322050063, 24.98695120486830135, 157.3584364411249794 ) ) ;
#2226 = CARTESIAN_POINT ( 'NONE',  ( 24.86131669036046787, 24.63854736117100686, 153.6652602522171094 ) ) ;
#2227 = CARTESIAN_POINT ( 'NONE',  ( 8.446876427510220608, 22.17264472629180005, 149.3694096605110246 ) ) ;
#2228 = CARTESIAN_POINT ( 'NONE',  ( 9.954162900753161125, 25.10324656296079837, 151.6526499999999942 ) ) ;
#2229 = ORIENTED_EDGE ( 'NONE', *, *, #3963, .F. ) ;
#2230 = CARTESIAN_POINT ( 'NONE',  ( 18.96574390807429822, 29.81343382624795169, 149.9758997829860050 ) ) ;
#2231 = CARTESIAN_POINT ( 'NONE',  ( 10.69154327974665897, 25.87250947785464916, 154.4621499999999799 ) ) ;
#2232 = CARTESIAN_POINT ( 'NONE',  ( 22.09263337120244941, 18.52831654027080077, 147.9670135416665744 ) ) ;
#2233 = CARTESIAN_POINT ( 'NONE',  ( 23.56728559828275138, 25.42574858216995182, 148.1951698421705998 ) ) ;
#2234 = ADVANCED_FACE ( 'NONE', ( #5302 ), #2061, .T. ) ;
#2235 = FACE_OUTER_BOUND ( 'NONE', #6291, .T. ) ;
#2236 = CARTESIAN_POINT ( 'NONE',  ( 16.32451921597089850, 30.38562614238600190, 146.3806821400295917 ) ) ;
#2237 = CARTESIAN_POINT ( 'NONE',  ( 24.09324495283630441, 23.31824076440409854, 148.0617210410698021 ) ) ;
#2239 = CARTESIAN_POINT ( 'NONE',  ( 23.85300476631724820, 25.54368723214760095, 149.9650624999999877 ) ) ;
#2238 = B_SPLINE_SURFACE_WITH_KNOTS ( 'NONE', 3, 1, ( 
 ( #2521, #5084 ),
 ( #844, #323 ),
 ( #2979, #1459 ),
 ( #805, #390 ) ),
 .UNSPECIFIED., .F., .F., .F.,
 ( 4, 4 ),
 ( 2, 2 ),
 ( 0.000000000000000000, 0.0003743993101959145050 ),
 ( 0.000000000000000000, 1.000000000000000000 ),
 .UNSPECIFIED. ) ;
#2240 = ORIENTED_EDGE ( 'NONE', *, *, #1219, .T. ) ;
#2241 = CARTESIAN_POINT ( 'NONE',  ( 23.85282684330140057, 24.56636356123794940, 147.9746509289932135 ) ) ;
#2242 = CARTESIAN_POINT ( 'NONE',  ( 11.91090345932959949, 22.84587962807975003, 155.6563580184395050 ) ) ;
#2243 = B_SPLINE_CURVE_WITH_KNOTS ( 'NONE', 3,
 ( #737, #3936, #2280, #2205, #5982, #5435, #1234, #4321, #5469, #3431 ),
 .UNSPECIFIED., .F., .F.,
 ( 4, 3, 3, 4 ),
 ( 0.000000000000000000, 0.0001099385494686072005, 0.0002762837267632745042, 0.0004440284269172954722 ),
 .UNSPECIFIED. ) ;
#2244 = EDGE_CURVE ( 'NONE', #3424, #3442, #4413, .T. ) ;
#2245 = CARTESIAN_POINT ( 'NONE',  ( 9.936870296920019996, 25.46540154480469909, 151.1217562500000042 ) ) ;
#2246 = DIRECTION ( 'NONE',  ( -0.9914626728336709549, -0.07787427352598347285, 0.1045818621956667860 ) ) ;
#2247 = CARTESIAN_POINT ( 'NONE',  ( 25.42388425155530030, 25.48102369095919784, 161.5345139829805134 ) ) ;
#2248 = CARTESIAN_POINT ( 'NONE',  ( 10.05492538272772052, 23.33006660611695082, 151.9896698316610184 ) ) ;
#2249 = PRODUCT_CONTEXT ( 'NONE', #1669, 'mechanical' ) ;
#2250 = CARTESIAN_POINT ( 'NONE',  ( 24.96038299342065159, 26.00861623471950423, 159.3160708333334981 ) ) ;
#2251 = CARTESIAN_POINT ( 'NONE',  ( 17.21089203321420058, 30.26882421065044682, 154.5296583333335150 ) ) ;
#2252 = CARTESIAN_POINT ( 'NONE',  ( 11.11147386847270013, 27.03536414062484994, 154.0229744310075262 ) ) ;
#2253 = CARTESIAN_POINT ( 'NONE',  ( 14.48074721933678077, 22.81724715006464876, 154.7270424227305057 ) ) ;
#2254 = CARTESIAN_POINT ( 'NONE',  ( 23.15128931054399786, 28.33654117863995126, 159.4115500000000054 ) ) ;
#2255 = CARTESIAN_POINT ( 'NONE',  ( 25.54245411177040026, 24.74703006982059961, 160.1062458333335030 ) ) ;
#2256 = CARTESIAN_POINT ( 'NONE',  ( 24.72638083333805170, 19.95588584569939883, 160.4918999999999869 ) ) ;
#2257 = CARTESIAN_POINT ( 'NONE',  ( 24.65184402586199752, 26.80278465967685264, 160.7661750000000040 ) ) ;
#2258 = ORIENTED_EDGE ( 'NONE', *, *, #909, .T. ) ;
#2259 = CARTESIAN_POINT ( 'NONE',  ( 11.00703297446056084, 25.54262363349770126, 156.5369000000000028 ) ) ;
#2260 = DIRECTION ( 'NONE',  ( 0.1006318910984304316, 0.05303758115645541837, 0.9935090525400491757 ) ) ;
#2261 = CARTESIAN_POINT ( 'NONE',  ( 12.98089816255206053, 22.94484619590734908, 155.8755199719060158 ) ) ;
#2262 = CARTESIAN_POINT ( 'NONE',  ( 10.19557539971125948, 20.75536747873244892, 150.7371628424109815 ) ) ;
#2263 = CARTESIAN_POINT ( 'NONE',  ( 23.77532182300192432, 24.44371257887354432, 147.2311172473948204 ) ) ;
#2264 = CARTESIAN_POINT ( 'NONE',  ( 25.39483517070064877, 24.35313201386485105, 157.5004439479534994 ) ) ;
#2265 = CARTESIAN_POINT ( 'NONE',  ( 10.41143060241200047, 24.36867354583230139, 154.7395069021859797 ) ) ;
#2266 = CARTESIAN_POINT ( 'NONE',  ( 8.159095700094541215, 23.55300806506924971, 148.8074076227632077 ) ) ;
#2267 = VERTEX_POINT ( 'NONE', #138 ) ;
#2268 = CARTESIAN_POINT ( 'NONE',  ( 22.43418270088860211, 18.84329783852189877, 148.5492317708332166 ) ) ;
#2269 = AXIS2_PLACEMENT_3D ( 'NONE', #2056, #4208, #4174 ) ;
#2270 = CARTESIAN_POINT ( 'NONE',  ( 11.26742651292241781, 27.54582232049650159, 153.2144185198650064 ) ) ;
#2271 = CARTESIAN_POINT ( 'NONE',  ( 16.61057008326895357, 30.41090533984165134, 145.6669751280126093 ) ) ;
#2272 = FILL_AREA_STYLE ('',( #2199 ) ) ;
#2273 = CARTESIAN_POINT ( 'NONE',  ( 22.77064981269135302, 27.16713550334710092, 149.6450000817076216 ) ) ;
#2274 = AXIS2_PLACEMENT_3D ( 'NONE', #3306, #5501, #738 ) ;
#2275 = ORIENTED_EDGE ( 'NONE', *, *, #4607, .F. ) ;
#2276 = CARTESIAN_POINT ( 'NONE',  ( 12.01139566467515962, 22.86043428246670217, 155.7939623492000010 ) ) ;
#2277 = CARTESIAN_POINT ( 'NONE',  ( 10.22155679394645844, 26.58624973618140430, 151.0469010416665014 ) ) ;
#2278 = CARTESIAN_POINT ( 'NONE',  ( 24.28546369115375114, 25.73543008389859921, 152.7579853018970084 ) ) ;
#2279 = CARTESIAN_POINT ( 'NONE',  ( 15.47899558612075666, 30.16380709810030325, 151.9037818461802090 ) ) ;
#2280 = CARTESIAN_POINT ( 'NONE',  ( 24.25810627125229857, 24.65190310968860032, 150.4031382169430060 ) ) ;
#2281 = VECTOR ( 'NONE', #3811, 1000.000000000000227 ) ;
#2282 = CARTESIAN_POINT ( 'NONE',  ( 14.44078124098090044, 23.00671222681105021, 154.5468344272865124 ) ) ;
#2283 = CARTESIAN_POINT ( 'NONE',  ( 23.91512398142695162, 25.74071144097745290, 150.7488749999999982 ) ) ;
#2284 = CARTESIAN_POINT ( 'NONE',  ( 13.92874008495039995, 29.70577016062415154, 153.5950581457844635 ) ) ;
#2285 = EDGE_CURVE ( 'NONE', #3728, #3347, #4966, .T. ) ;
#2286 = CARTESIAN_POINT ( 'NONE',  ( 16.13870972142920124, 30.45628798154509909, 145.8265162327791984 ) ) ;
#2287 = VECTOR ( 'NONE', #6571, 1000.000000000000114 ) ;
#2288 = CARTESIAN_POINT ( 'NONE',  ( 10.42355654702950041, 23.48643015333734851, 154.7853764377225048 ) ) ;
#2289 = CARTESIAN_POINT ( 'NONE',  ( 20.59714210207139828, 29.29707055416285399, 151.9349047100164967 ) ) ;
#2290 = CARTESIAN_POINT ( 'NONE',  ( 20.78251538308954949, 29.35481524077669846, 153.4228457548310018 ) ) ;
#2291 = CARTESIAN_POINT ( 'NONE',  ( 23.78742079292339895, 27.69421916261945071, 159.3687625000000025 ) ) ;
#2292 = CARTESIAN_POINT ( 'NONE',  ( 14.56182996464360002, 29.84353354698490079, 155.2677874999999972 ) ) ;
#2293 = CARTESIAN_POINT ( 'NONE',  ( 22.62241213902389703, 18.95835703827169993, 149.1687750000000108 ) ) ;
#2294 = CARTESIAN_POINT ( 'NONE',  ( 23.56480748601779851, 27.17642024338324802, 153.8867458333334923 ) ) ;
#2295 = ORIENTED_EDGE ( 'NONE', *, *, #6596, .T. ) ;
#2296 = CARTESIAN_POINT ( 'NONE',  ( 10.75452658911203940, 24.74756941087930073, 155.9189458333334812 ) ) ;
#2297 = B_SPLINE_SURFACE_WITH_KNOTS ( 'NONE', 3, 3, ( 
 ( #3412, #2458, #1839, #5545, #3474, #6618, #6127, #785, #294, #885, #6060, #5577, #6648, #751, #331, #1306, #260, #4571, #3021, #1872, #5512, #3982, #2397 ),
 ( #4507, #2951, #5061, #4470, #6683, #2428, #4541, #1902, #4011, #3509, #363, #1933, #1971, #4050, #6161, #1398, #3541, #5637, #2494, #4604, #5133, #858, #5584 ),
 ( #6694, #4614, #4578, #4061, #1946, #6172, #5002, #238, #1877, #895, #2373, #3987, #2404, #1409, #4515, #302, #3450, #6136, #4480, #6731, #3956, #6625, #6101 ),
 ( #6067, #2960, #4022, #2997, #339, #1314, #2434, #792, #5647, #2468, #3030, #1348, #3482, #4546, #6656, #3719, #1542, #5347, #1105, #1170, #2681, #4792, #5822 ) ),
 .UNSPECIFIED., .F., .F., .F.,
 ( 4, 4 ),
 ( 4, 1, 1, 1, 1, 1, 1, 1, 1, 1, 1, 1, 1, 1, 1, 1, 1, 1, 1, 1, 4 ),
 ( 0.000000000000000000, 1.000000000000000000 ),
 ( 0.000000000000000000, 1.000000000000000000, 2.000000000000000000, 3.000000000000000000, 5.000000000000000000, 7.000000000000000000, 9.000000000000000000, 11.00000000000000000, 13.00000000000000000, 15.00000000000000000, 17.00000000000000000, 19.00000000000000000, 21.00000000000000000, 23.00000000000000000, 25.00000000000000000, 27.00000000000000000, 29.00000000000000000, 31.00000000000000000, 33.00000000000000000, 34.00000000000000000, 35.00000000000000000 ),
 .UNSPECIFIED. ) ;
#2298 = LINE ( 'NONE', #6515, #6483 ) ;
#2299 = CARTESIAN_POINT ( 'NONE',  ( 25.32467898797955286, 24.46249336978049982, 156.9858749999999930 ) ) ;
#2300 = DIRECTION ( 'NONE',  ( 0.1006318910984300152, 0.05303758115645541144, 0.9935090525400490646 ) ) ;
#2301 = CARTESIAN_POINT ( 'NONE',  ( 24.79563905467774276, 24.61348563064576211, 153.2293864911581238 ) ) ;
#2302 = CARTESIAN_POINT ( 'NONE',  ( 8.775057251479079667, 22.55436597190625037, 149.3420527035372061 ) ) ;
#2303 = VERTEX_POINT ( 'NONE', #1811 ) ;
#2304 = CARTESIAN_POINT ( 'NONE',  ( 22.92151021444909986, 19.10216260634220120, 145.4984416666665936 ) ) ;
#2305 = CARTESIAN_POINT ( 'NONE',  ( 9.609980766267643304, 22.66040198822271989, 150.0624419332074808 ) ) ;
#2306 = CARTESIAN_POINT ( 'NONE',  ( 18.09711945648160025, 30.21283386751950317, 155.2089500000000157 ) ) ;
#2307 = SURFACE_STYLE_USAGE ( .BOTH. , #1194 ) ;
#2308 = CARTESIAN_POINT ( 'NONE',  ( 13.86196128181375897, 23.03909265057800226, 156.3397480231649865 ) ) ;
#2309 = CARTESIAN_POINT ( 'NONE',  ( 15.99390253315419841, 30.24894658832784700, 152.3503488366010004 ) ) ;
#2310 = CARTESIAN_POINT ( 'NONE',  ( 25.31522661087790027, 25.77532885176625044, 161.6598097178004991 ) ) ;
#2311 = ORIENTED_EDGE ( 'NONE', *, *, #6129, .F. ) ;
#2312 = CARTESIAN_POINT ( 'NONE',  ( 12.27224077956365988, 22.69254113068804912, 156.0448244890064871 ) ) ;
#2313 = CARTESIAN_POINT ( 'NONE',  ( 9.858257508970149630, 25.42272732406594926, 150.4918982867534964 ) ) ;
#2314 = CARTESIAN_POINT ( 'NONE',  ( 25.21230961623360045, 25.28131705867500045, 158.5340166666665027 ) ) ;
#2315 = CARTESIAN_POINT ( 'NONE',  ( 16.85682430436229851, 30.22083158518234924, 151.7611782634199926 ) ) ;
#2316 = CARTESIAN_POINT ( 'NONE',  ( 23.97770542293029905, 24.08478175872384597, 148.0027144551920060 ) ) ;
#2317 =( NAMED_UNIT ( * ) PLANE_ANGLE_UNIT ( ) SI_UNIT ( $, .RADIAN. ) );
#2318 = CARTESIAN_POINT ( 'NONE',  ( 10.27945951056200080, 24.47328204849694799, 153.8745708333335074 ) ) ;
#2319 = CARTESIAN_POINT ( 'NONE',  ( 16.13232728207015043, 30.47161602315279794, 145.6896978158619902 ) ) ;
#2320 = CARTESIAN_POINT ( 'NONE',  ( 10.35606531685440146, 23.75358877427720117, 154.2746838822619964 ) ) ;
#2321 = CARTESIAN_POINT ( 'NONE',  ( 11.02857783210992082, 26.88130619791584763, 154.0395951608345229 ) ) ;
#2322 = CARTESIAN_POINT ( 'NONE',  ( 14.07312343427093992, 22.82586139457425034, 155.6739929193140028 ) ) ;
#2323 = ADVANCED_FACE ( 'NONE', ( #1188 ), #1746, .T. ) ;
#2324 = CARTESIAN_POINT ( 'NONE',  ( 21.72641039632934934, 29.12875951631509963, 157.1629000000000076 ) ) ;
#2325 = CARTESIAN_POINT ( 'NONE',  ( 12.89697109422662180, 28.77243876978154802, 155.4780385416665069 ) ) ;
#2326 = CARTESIAN_POINT ( 'NONE',  ( 24.32413090644875098, 19.43701276478730122, 160.5733166666664999 ) ) ;
#2327 = CARTESIAN_POINT ( 'NONE',  ( 24.64111057546515227, 26.17209953398829825, 156.9722000000000151 ) ) ;
#2328 = VERTEX_POINT ( 'NONE', #4936 ) ;
#2329 = CARTESIAN_POINT ( 'NONE',  ( 10.75966681014226012, 23.96060293980190181, 156.1879250000000070 ) ) ;
#2330 = CARTESIAN_POINT ( 'NONE',  ( 23.70519915106815034, 25.06397631580324870, 148.1003924288590099 ) ) ;
#2331 = CARTESIAN_POINT ( 'NONE',  ( 19.42244777489105090, 29.89746859114159960, 153.5316370678530120 ) ) ;
#2332 = CARTESIAN_POINT ( 'NONE',  ( 25.54245411177040026, 24.74703006982059961, 160.1062458333335030 ) ) ;
#2333 = CARTESIAN_POINT ( 'NONE',  ( 11.88826228277186203, 28.08769349029384799, 154.3913830616724852 ) ) ;
#2334 = CARTESIAN_POINT ( 'NONE',  ( 9.694868969458680041, 24.51206530073039858, 150.0440606562200117 ) ) ;
#2335 = CARTESIAN_POINT ( 'NONE',  ( 7.915376765203871123, 23.95626311586180179, 148.6253634552689959 ) ) ;
#2336 = CARTESIAN_POINT ( 'NONE',  ( 10.10822659100968046, 26.45097550773485295, 150.6655526041664928 ) ) ;
#2337 = ORIENTED_EDGE ( 'NONE', *, *, #3552, .T. ) ;
#2338 = DIRECTION ( 'NONE',  ( 0.1006318910984300152, 0.05303758115645541144, 0.9935090525400490646 ) ) ;
#2339 = CARTESIAN_POINT ( 'NONE',  ( 23.18995433435679843, 27.17659158440655176, 151.7854802811504840 ) ) ;
#2340 = CARTESIAN_POINT ( 'NONE',  ( 10.80966450680775992, 26.57760378028699932, 153.7731312500000058 ) ) ;
#2341 = CARTESIAN_POINT ( 'NONE',  ( 17.49868152085939954, 30.24277136525574861, 153.7007624999999962 ) ) ;
#2342 = CARTESIAN_POINT ( 'NONE',  ( 24.89471316215774266, 23.58991282402620726, 152.6207772001806973 ) ) ;
#2343 = FACE_OUTER_BOUND ( 'NONE', #2622, .T. ) ;
#2344 = CARTESIAN_POINT ( 'NONE',  ( 20.70973120901972209, 29.18980802101186356, 151.4259600676576270 ) ) ;
#2345 = VERTEX_POINT ( 'NONE', #3890 ) ;
#2346 = CARTESIAN_POINT ( 'NONE',  ( 13.96326474267207907, 29.94621389430955105, 150.9701000000000022 ) ) ;
#2347 = CARTESIAN_POINT ( 'NONE',  ( 25.04922186006345086, 25.34595987171984888, 157.0839399297059913 ) ) ;
#2348 = CARTESIAN_POINT ( 'NONE',  ( 25.22730796221960148, 25.43012540991555070, 159.3152979166665091 ) ) ;
#2349 = CARTESIAN_POINT ( 'NONE',  ( 11.65201666672879988, 28.09689007602864663, 152.9050212436490028 ) ) ;
#2350 = CARTESIAN_POINT ( 'NONE',  ( 15.43206626437481610, 30.15766020348118204, 151.9088634333126606 ) ) ;
#2351 = CARTESIAN_POINT ( 'NONE',  ( 23.81416608509435306, 24.68575853818579802, 147.9701042057860150 ) ) ;
#2352 = SHAPE_DEFINITION_REPRESENTATION ( #6521, #4687 ) ;
#2353 = CARTESIAN_POINT ( 'NONE',  ( 14.97122614625594039, 23.05664715615035121, 154.6748989606155078 ) ) ;
#2354 = CARTESIAN_POINT ( 'NONE',  ( 24.55731556146639960, 24.52886374556215188, 151.7883276976149887 ) ) ;
#2355 = CARTESIAN_POINT ( 'NONE',  ( 13.98584756907385973, 22.82154554381924783, 155.7396912010185019 ) ) ;
#2356 = CARTESIAN_POINT ( 'NONE',  ( 22.81186083698264966, 28.28813944884699794, 156.2847666666665134 ) ) ;
#2357 = CARTESIAN_POINT ( 'NONE',  ( 25.49455807915325067, 25.12773238513474894, 160.7520388888889897 ) ) ;
#2358 = CARTESIAN_POINT ( 'NONE',  ( 24.55178031109045023, 20.12402991378045058, 154.1796999999999969 ) ) ;
#2359 = EDGE_CURVE ( 'NONE', #370, #1091, #6585, .T. ) ;
#2360 = CARTESIAN_POINT ( 'NONE',  ( 23.99259381748499820, 27.03905761563394705, 156.2121124999999893 ) ) ;
#2361 = ORIENTED_EDGE ( 'NONE', *, *, #5071, .T. ) ;
#2362 = CARTESIAN_POINT ( 'NONE',  ( 11.18201469125010128, 20.58019994129005070, 155.7495407118055084 ) ) ;
#2363 = CARTESIAN_POINT ( 'NONE',  ( 24.30068109045565095, 25.18250833686684942, 151.5280458333335218 ) ) ;
#2364 = CARTESIAN_POINT ( 'NONE',  ( 24.67121244174785133, 24.75640927245135003, 152.7711771986789984 ) ) ;
#2365 = CARTESIAN_POINT ( 'NONE',  ( 23.58859334865620028, 25.45775130217120363, 148.4226438016769976 ) ) ;
#2366 = CARTESIAN_POINT ( 'NONE',  ( 24.17130202668185035, 24.09472957701984797, 149.2017666666666003 ) ) ;
#2367 = CARTESIAN_POINT ( 'NONE',  ( 11.70763872378011961, 27.90654065873070167, 153.9160823077750138 ) ) ;
#2368 = EDGE_CURVE ( 'NONE', #210, #2717, #3036, .T. ) ;
#2369 = DIRECTION ( 'NONE',  ( 0.08291556471173891496, -0.9955514112831511664, 0.04474814656116340994 ) ) ;
#2370 = CARTESIAN_POINT ( 'NONE',  ( 9.748328656511811019, 24.40913504673999768, 150.2987874459275019 ) ) ;
#2371 = ORIENTED_EDGE ( 'NONE', *, *, #1809, .T. ) ;
#2372 = DIRECTION ( 'NONE',  ( -0.9916316786362373570, -0.07796398496987073934, 0.1028991300871684444 ) ) ;
#2373 = CARTESIAN_POINT ( 'NONE',  ( 24.75183223482455119, 25.07531024456270075, 153.8575833333334799 ) ) ;
#2374 = CARTESIAN_POINT ( 'NONE',  ( 24.12102568566039906, 25.71204639818629900, 151.7693560831704929 ) ) ;
#2375 = CARTESIAN_POINT ( 'NONE',  ( 16.65038584512165087, 30.30913030324714796, 146.8374562500000025 ) ) ;
#2376 = DIRECTION ( 'NONE',  ( 0.000000000000000000, -0.8020645525478472537, -0.5972373510977202482 ) ) ;
#2377 = CARTESIAN_POINT ( 'NONE',  ( 14.48312443665937899, 22.81906198083194681, 154.7630137229645015 ) ) ;
#2378 = ORIENTED_EDGE ( 'NONE', *, *, #6301, .F. ) ;
#2379 = CARTESIAN_POINT ( 'NONE',  ( 16.55897984268720435, 30.24838332842650246, 150.6507666666665273 ) ) ;
#2380 = CARTESIAN_POINT ( 'NONE',  ( 22.05497145161550065, 28.54244228055913268, 153.3373272952947843 ) ) ;
#2381 = CARTESIAN_POINT ( 'NONE',  ( 24.97231418075925191, 25.31093721329970236, 156.1894374999999968 ) ) ;
#2382 = CARTESIAN_POINT ( 'NONE',  ( 10.87113102368790152, 25.52262220965635109, 155.7638513020835092 ) ) ;
#2383 = CARTESIAN_POINT ( 'NONE',  ( 18.81683029774329796, 29.79294215295699999, 148.8087604166666154 ) ) ;
#2384 = CARTESIAN_POINT ( 'NONE',  ( 17.03998811224474963, 30.25577206269065300, 153.2505604898120168 ) ) ;
#2385 = AXIS2_PLACEMENT_3D ( 'NONE', #707, #3940, #1207 ) ;
#2386 = DIRECTION ( 'NONE',  ( 0.1006318910984311671, 0.05303758115645620941, 0.9935090525400490646 ) ) ;
#2387 = CARTESIAN_POINT ( 'NONE',  ( 21.46475397634575089, 28.77788036640765057, 151.8747413609495140 ) ) ;
#2388 = VECTOR ( 'NONE', #2899, 1000.000000000000227 ) ;
#2389 = CARTESIAN_POINT ( 'NONE',  ( 12.13869274039126012, 22.62666551543550142, 154.8266879886445224 ) ) ;
#2390 = CARTESIAN_POINT ( 'NONE',  ( 24.45409905621859892, 24.49360300410194924, 151.1951047790504958 ) ) ;
#2391 = CARTESIAN_POINT ( 'NONE',  ( 22.80039732958425347, 27.44773745786635288, 150.9415041666665047 ) ) ;
#2392 = CARTESIAN_POINT ( 'NONE',  ( 12.41396142975697892, 28.31174073704350036, 155.5398730095569988 ) ) ;
#2393 = CARTESIAN_POINT ( 'NONE',  ( 23.42547286562329845, 18.87195937931149814, 152.8389999999999986 ) ) ;
#2394 = CIRCLE ( 'NONE', #1730, 7.288715867706671681 ) ;
#2395 = CARTESIAN_POINT ( 'NONE',  ( 23.62606600275670132, 26.92681306496225346, 153.1030374999999992 ) ) ;
#2396 = ORIENTED_EDGE ( 'NONE', *, *, #3516, .F. ) ;
#2397 = CARTESIAN_POINT ( 'NONE',  ( 25.53969128280899881, 25.18032466830525351, 161.5868971640974792 ) ) ;
#2398 = CARTESIAN_POINT ( 'NONE',  ( 9.886063520255740755, 24.29573802867394861, 151.0111545509689961 ) ) ;
#2399 = CARTESIAN_POINT ( 'NONE',  ( 25.69261515154119735, 24.42790126247010107, 160.7662312500000041 ) ) ;
#2400 = CARTESIAN_POINT ( 'NONE',  ( 10.09238669021961954, 24.00031497983914974, 152.7784204325130020 ) ) ;
#2401 = CARTESIAN_POINT ( 'NONE',  ( 9.788517871270739690, 24.64037486459055160, 150.4505485872014958 ) ) ;
#2402 = ORIENTED_EDGE ( 'NONE', *, *, #2446, .F. ) ;
#2403 = CARTESIAN_POINT ( 'NONE',  ( 25.22730796221960148, 25.43012540991555070, 159.3152979166665091 ) ) ;
#2404 = CARTESIAN_POINT ( 'NONE',  ( 24.94514607330405198, 25.15324164919540095, 155.4112333333335130 ) ) ;
#2405 = CARTESIAN_POINT ( 'NONE',  ( 10.14270263576881881, 24.02683377041734758, 153.2751749587829977 ) ) ;
#2406 = CARTESIAN_POINT ( 'NONE',  ( 18.49452423388130029, 30.11479177276255115, 162.2975416666665183 ) ) ;
#2407 = CARTESIAN_POINT ( 'NONE',  ( 10.80726695510034041, 27.90851662912075071, 149.8665899305556195 ) ) ;
#2408 = EDGE_CURVE ( 'NONE', #492, #4825, #944, .T. ) ;
#2409 = CARTESIAN_POINT ( 'NONE',  ( 10.41143060241200047, 24.36867354583230139, 154.7395069021859797 ) ) ;
#2410 = ORIENTED_EDGE ( 'NONE', *, *, #6776, .T. ) ;
#2411 = CARTESIAN_POINT ( 'NONE',  ( 11.79485920142936095, 28.44783658318734965, 152.0257208333335086 ) ) ;
#2412 = CARTESIAN_POINT ( 'NONE',  ( 23.80178212534189797, 24.66720391054689898, 147.8318606614132023 ) ) ;
#2413 = CARTESIAN_POINT ( 'NONE',  ( 11.83794633722263967, 28.06117469971560041, 153.8946285354019778 ) ) ;
#2414 = CARTESIAN_POINT ( 'NONE',  ( 17.77663298439484763, 30.09920624579725157, 145.6553637217940320 ) ) ;
#2415 = CARTESIAN_POINT ( 'NONE',  ( 27.96929055858529978, 24.05101774903219791, 157.1823815000484785 ) ) ;
#2416 = ADVANCED_FACE ( 'NONE', ( #386 ), #6667, .T. ) ;
#2417 = CARTESIAN_POINT ( 'NONE',  ( 10.16449251898395900, 25.88509849518140271, 152.2757999999999754 ) ) ;
#2418 = CARTESIAN_POINT ( 'NONE',  ( 23.61233524881710011, 25.29385678730410092, 148.1111078169002155 ) ) ;
#2419 = CARTESIAN_POINT ( 'NONE',  ( 11.31270044989660661, 22.95239119373297143, 158.9901220836409550 ) ) ;
#2420 = CARTESIAN_POINT ( 'NONE',  ( 9.815313641797271060, 22.23552518608660122, 150.4297233780764884 ) ) ;
#2421 = CARTESIAN_POINT ( 'NONE',  ( 24.58672539929985135, 25.01129729145220182, 152.7661278712274964 ) ) ;
#2422 = CARTESIAN_POINT ( 'NONE',  ( 23.57152822707895012, 27.30691051247960033, 154.6676187500000026 ) ) ;
#2423 = CARTESIAN_POINT ( 'NONE',  ( 16.07040171214595148, 30.23263602841855047, 154.9407041666665066 ) ) ;
#2424 = CARTESIAN_POINT ( 'NONE',  ( 22.38525562284274883, 18.60965483464999792, 149.8801145833332100 ) ) ;
#2425 = CARTESIAN_POINT ( 'NONE',  ( 23.45998352703179890, 27.14058044162795014, 153.1119125000000167 ) ) ;
#2426 = CARTESIAN_POINT ( 'NONE',  ( 24.02694712500107954, 26.37238891000742314, 153.2534334855249369 ) ) ;
#2427 = EDGE_LOOP ( 'NONE', ( #1622, #3954, #2493, #3778 ) ) ;
#2428 = CARTESIAN_POINT ( 'NONE',  ( 24.16989395225395043, 24.67432814041305278, 149.9718083333332004 ) ) ;
#2429 = CARTESIAN_POINT ( 'NONE',  ( 15.78013101859734846, 23.77975194667135028, 151.3857614009570227 ) ) ;
#2430 = CARTESIAN_POINT ( 'NONE',  ( 25.57071819363144982, 23.33740044336644814, 157.8119000000000085 ) ) ;
#2431 = CARTESIAN_POINT ( 'NONE',  ( 13.44581450967258007, 22.98507174335905034, 155.9089917285054980 ) ) ;
#2432 = CARTESIAN_POINT ( 'NONE',  ( 11.07484844686707959, 26.27494768623330046, 155.5966725846089957 ) ) ;
#2433 = ORIENTED_EDGE ( 'NONE', *, *, #227, .T. ) ;
#2434 = CARTESIAN_POINT ( 'NONE',  ( 24.21708170930665105, 24.99693098789469659, 150.7507145833334903 ) ) ;
#2435 = CARTESIAN_POINT ( 'NONE',  ( 24.80246817659674718, 25.10606831554524732, 154.2675462788039908 ) ) ;
#2436 = CARTESIAN_POINT ( 'NONE',  ( 25.10365305198619978, 23.66456996166949978, 153.8945874955249735 ) ) ;
#2437 = CARTESIAN_POINT ( 'NONE',  ( 14.53664876757175861, 23.07718416902514846, 155.9370491334370001 ) ) ;
#2438 = DIRECTION ( 'NONE',  ( 0.08291556471174026111, -0.9955514112831505003, 0.04474814656117583056 ) ) ;
#2439 = VERTEX_POINT ( 'NONE', #572 ) ;
#2440 = PRODUCT_RELATED_PRODUCT_CATEGORY ( 'part', '', ( #2661 ) ) ;
#2441 = CARTESIAN_POINT ( 'NONE',  ( 12.02357918158970129, 28.50041742057304717, 152.7987541666664981 ) ) ;
#2442 = CARTESIAN_POINT ( 'NONE',  ( 23.42565227799014949, 25.17896139301329939, 146.5254826388890024 ) ) ;
#2443 = FACE_OUTER_BOUND ( 'NONE', #5221, .T. ) ;
#2444 = CARTESIAN_POINT ( 'NONE',  ( 19.60992154099414719, 29.92942245611944685, 155.8131000000000199 ) ) ;
#2445 = LINE ( 'NONE', #6115, #4727 ) ;
#2446 = EDGE_CURVE ( 'NONE', #1528, #6010, #6470, .T. ) ;
#2447 = CARTESIAN_POINT ( 'NONE',  ( 12.47773696377546138, 28.70997667308825640, 154.2984555272146281 ) ) ;
#2448 = CARTESIAN_POINT ( 'NONE',  ( 19.86233721204835234, 29.62686200942260228, 151.9917270051469984 ) ) ;
#2449 = CARTESIAN_POINT ( 'NONE',  ( 24.66119973403660026, 24.78850795238010107, 152.7704778204220020 ) ) ;
#2450 = B_SPLINE_CURVE_WITH_KNOTS ( 'NONE', 3,
 ( #2211, #6503, #1762, #5378 ),
 .UNSPECIFIED., .F., .F.,
 ( 4, 4 ),
 ( 0.000000000000000000, 1.000000000000000000 ),
 .UNSPECIFIED. ) ;
#2451 = CARTESIAN_POINT ( 'NONE',  ( 23.21548500226939993, 27.58713225080729714, 153.9071375000000046 ) ) ;
#2452 = CARTESIAN_POINT ( 'NONE',  ( 12.62368525903990069, 28.88256990451229811, 153.5229499999999803 ) ) ;
#2453 = CARTESIAN_POINT ( 'NONE',  ( 22.35411880153365161, 18.69663431188030245, 149.2252374999999915 ) ) ;
#2454 = EDGE_CURVE ( 'NONE', #3138, #131, #1627, .T. ) ;
#2455 = CARTESIAN_POINT ( 'NONE',  ( 10.74318478483851713, 26.15697670150248655, 154.6104367903629395 ) ) ;
#2456 = CARTESIAN_POINT ( 'NONE',  ( 11.88714019789895815, 26.23944742658069984, 160.7577312500000062 ) ) ;
#2457 = ORIENTED_EDGE ( 'NONE', *, *, #5846, .F. ) ;
#2458 = CARTESIAN_POINT ( 'NONE',  ( 23.93624527248140055, 24.34416167485284888, 148.1223794478931950 ) ) ;
#2459 = CARTESIAN_POINT ( 'NONE',  ( 19.80791186756644962, 29.76058964811254981, 153.4278625000000034 ) ) ;
#2460 = CARTESIAN_POINT ( 'NONE',  ( 9.574841117034690541, 25.28773731527155277, 149.2875011689613984 ) ) ;
#2461 = CARTESIAN_POINT ( 'NONE',  ( 9.748188138500330169, 24.41677336626790051, 150.3009856059729827 ) ) ;
#2462 = CARTESIAN_POINT ( 'NONE',  ( 25.76177090239380263, 22.86962215753355210, 160.1859000000000037 ) ) ;
#2463 = CARTESIAN_POINT ( 'NONE',  ( 10.95886071713204046, 27.21998914584940366, 152.5187764472535150 ) ) ;
#2464 = CARTESIAN_POINT ( 'NONE',  ( 10.75669053533961872, 26.46451878958504977, 153.7820166666664932 ) ) ;
#2465 = CARTESIAN_POINT ( 'NONE',  ( 10.71230683444334097, 24.74331595019380003, 155.6610458333335032 ) ) ;
#2466 = VERTEX_POINT ( 'NONE', #1652 ) ;
#2467 = LINE ( 'NONE', #1945, #5039 ) ;
#2468 = CARTESIAN_POINT ( 'NONE',  ( 24.59025923418639792, 25.15575159159810070, 153.0814291666665099 ) ) ;
#2469 = CARTESIAN_POINT ( 'NONE',  ( 11.89153460357316128, 28.38080103196595161, 152.3623376194535126 ) ) ;
#2470 = DIRECTION ( 'NONE',  ( -0.1006318910984302234, -0.05303758115645541837, -0.9935090525400491757 ) ) ;
#2471 = CARTESIAN_POINT ( 'NONE',  ( 18.36962716372759985, 30.15364748777640003, 161.5206083333335130 ) ) ;
#2472 = CARTESIAN_POINT ( 'NONE',  ( 24.34295581292815669, 23.41029205121457579, 149.6469681846222102 ) ) ;
#2473 = CARTESIAN_POINT ( 'NONE',  ( 13.56024867175376158, 22.99393093211364913, 155.8940504324925200 ) ) ;
#2474 = VERTEX_POINT ( 'NONE', #3334 ) ;
#2475 = CARTESIAN_POINT ( 'NONE',  ( 11.89931553045375878, 29.13974516385884783, 148.8230178337034033 ) ) ;
#2476 = B_SPLINE_SURFACE_WITH_KNOTS ( 'NONE', 3, 1, ( 
 ( #3747, #3158 ),
 ( #5371, #6293 ),
 ( #4252, #5223 ),
 ( #53, #1569 ),
 ( #6331, #6853 ),
 ( #2633, #4748 ),
 ( #5260, #3707 ),
 ( #2594, #3235 ),
 ( #4181, #2100 ),
 ( #3635, #2742 ),
 ( #4318, #500 ),
 ( #1056, #2066 ),
 ( #1646, #5808 ),
 ( #83, #3780 ),
 ( #4710, #1531 ),
 ( #4850, #984 ),
 ( #1092, #3672 ),
 ( #6403, #2202 ),
 ( #3200, #5337 ) ),
 .UNSPECIFIED., .F., .F., .F.,
 ( 4, 1, 1, 1, 1, 1, 1, 1, 1, 1, 1, 1, 1, 1, 1, 1, 4 ),
 ( 2, 2 ),
 ( 0.000000000000000000, 0.07025915895637629971, 0.1377219003498202088, 0.2027509112938419844, 0.2657326030746260392, 0.3278827700757224739, 0.3899099664200120219, 0.4522184925915190279, 0.5155656246153409450, 0.5787064022099189797, 0.6399166667712129497, 0.6998666022869609593, 0.7591673488914629786, 0.8181378102880429992, 0.8776716488128230020, 0.9379656475247249992, 1.000000000000000000 ),
 ( 0.000000000000000000, 1.000000000000000000 ),
 .UNSPECIFIED. ) ;
#2477 = CARTESIAN_POINT ( 'NONE',  ( 23.57665800244354770, 24.18702733266060179, 144.0904749999999979 ) ) ;
#2478 = CARTESIAN_POINT ( 'NONE',  ( 24.59025923418639792, 25.15575159159810070, 153.0814291666665099 ) ) ;
#2479 = CARTESIAN_POINT ( 'NONE',  ( 13.92874008495039995, 29.70577016062415154, 153.5950581457844635 ) ) ;
#2480 = B_SPLINE_CURVE_WITH_KNOTS ( 'NONE', 3,
 ( #3333, #4428, #2316, #2910 ),
 .UNSPECIFIED., .F., .F.,
 ( 4, 4 ),
 ( 0.000000000000000000, 1.000000000000000000 ),
 .UNSPECIFIED. ) ;
#2481 = CARTESIAN_POINT ( 'NONE',  ( 24.74255031274319805, 25.64964784827720479, 155.4076749999999834 ) ) ;
#2482 = CARTESIAN_POINT ( 'NONE',  ( 15.77742522354191124, 30.22215513921108965, 153.8835059535981600 ) ) ;
#2483 = FACE_OUTER_BOUND ( 'NONE', #3548, .T. ) ;
#2484 = CARTESIAN_POINT ( 'NONE',  ( 10.66826920766485998, 22.37678378748774932, 155.2881000000000142 ) ) ;
#2485 = CARTESIAN_POINT ( 'NONE',  ( 24.69921142043954987, 25.91734555457859912, 156.1884958333334907 ) ) ;
#2486 = CARTESIAN_POINT ( 'NONE',  ( 23.39844693207225390, 27.63183048090720106, 155.4609000000000094 ) ) ;
#2487 = CARTESIAN_POINT ( 'NONE',  ( 12.42743805485893915, 28.58921801569704968, 154.2117687500000045 ) ) ;
#2488 = EDGE_CURVE ( 'NONE', #5590, #6412, #863, .T. ) ;
#2489 = CARTESIAN_POINT ( 'NONE',  ( 11.68669421314985968, 27.78043674812715125, 154.3084826388889894 ) ) ;
#2490 = CARTESIAN_POINT ( 'NONE',  ( 23.96096792063687175, 23.45631677511246238, 147.1414807894274190 ) ) ;
#2491 = CARTESIAN_POINT ( 'NONE',  ( 10.56960513803276491, 25.55898739754359283, 154.6599416783435288 ) ) ;
#2492 = CARTESIAN_POINT ( 'NONE',  ( 11.93348901186909927, 26.23797050552740018, 161.0147104166665031 ) ) ;
#2493 = ORIENTED_EDGE ( 'NONE', *, *, #4707, .F. ) ;
#2494 = CARTESIAN_POINT ( 'NONE',  ( 25.39049302243644846, 25.22215800338020131, 160.0987083333335192 ) ) ;
#2495 = CARTESIAN_POINT ( 'NONE',  ( 10.62703531016366121, 24.34812422984460056, 155.4125322916665084 ) ) ;
#2496 = CARTESIAN_POINT ( 'NONE',  ( 9.543323069570579520, 24.54024140415845068, 149.5179392146424107 ) ) ;
#2497 = CARTESIAN_POINT ( 'NONE',  ( 13.22249967346029997, 22.76624209228965157, 155.9237433517799900 ) ) ;
#2498 = STYLED_ITEM ( 'NONE', ( #145 ), #3197 ) ;
#2499 = CARTESIAN_POINT ( 'NONE',  ( 25.63449236855279878, 23.95875696086289963, 159.3478000000000065 ) ) ;
#2500 = CARTESIAN_POINT ( 'NONE',  ( 11.55132157253196112, 27.82334235965064906, 153.5084336463734758 ) ) ;
#2501 = CARTESIAN_POINT ( 'NONE',  ( 10.71588611564670046, 24.48291537843619992, 155.7945996527780039 ) ) ;
#2502 = VERTEX_POINT ( 'NONE', #5222 ) ;
#2503 = CARTESIAN_POINT ( 'NONE',  ( 23.87972438646599826, 24.91175734267885034, 148.7787622156586167 ) ) ;
#2504 = CARTESIAN_POINT ( 'NONE',  ( 12.26440949273558090, 28.73345892663385115, 152.8090097176259974 ) ) ;
#2505 = CARTESIAN_POINT ( 'NONE',  ( 24.21361296540195340, 25.50534850914905149, 151.7710123569695213 ) ) ;
#2506 = CARTESIAN_POINT ( 'NONE',  ( 10.97484066870624098, 26.91183511077674950, 153.7458375000000217 ) ) ;
#2507 = CARTESIAN_POINT ( 'NONE',  ( 18.11863649786104702, 30.20164094116335107, 159.9653666666665117 ) ) ;
#2508 = CARTESIAN_POINT ( 'NONE',  ( 11.17710975632713932, 24.46827950676844310, 158.4024839369132280 ) ) ;
#2509 = CARTESIAN_POINT ( 'NONE',  ( 13.46239762261492068, 22.78596146110239928, 155.9179413578175115 ) ) ;
#2510 = ORIENTED_EDGE ( 'NONE', *, *, #4995, .F. ) ;
#2511 = CARTESIAN_POINT ( 'NONE',  ( 15.82207533499795105, 30.31915840911535298, 147.9964493055553874 ) ) ;
#2512 = CARTESIAN_POINT ( 'NONE',  ( 23.57936841311335385, 24.26980976631395137, 144.7444250000000068 ) ) ;
#2513 = CARTESIAN_POINT ( 'NONE',  ( 25.22730796221960148, 25.43012540991555070, 159.3152979166665091 ) ) ;
#2514 = DIRECTION ( 'NONE',  ( -0.1006318910984302234, -0.05303758115645541837, -0.9935090525400491757 ) ) ;
#2515 = CARTESIAN_POINT ( 'NONE',  ( 18.15213206327990036, 30.02575542650280127, 149.6717500000000030 ) ) ;
#2516 = CARTESIAN_POINT ( 'NONE',  ( 11.94185054912236055, 28.40731982254414945, 152.8590921457235083 ) ) ;
#2517 = CARTESIAN_POINT ( 'NONE',  ( 10.79019205174173912, 26.87689052890015162, 153.0574434741315031 ) ) ;
#2518 = CARTESIAN_POINT ( 'NONE',  ( 22.99093735165974905, 26.86925843101609956, 149.6270891814990023 ) ) ;
#2519 = CARTESIAN_POINT ( 'NONE',  ( 23.85300476631724820, 25.54368723214760095, 149.9650624999999877 ) ) ;
#2520 = CARTESIAN_POINT ( 'NONE',  ( 14.94094104762388220, 23.04440787709770078, 154.4587173704960037 ) ) ;
#2521 = CARTESIAN_POINT ( 'NONE',  ( 10.95886071767636061, 27.21998914546550097, 152.5187764472190111 ) ) ;
#2522 = CARTESIAN_POINT ( 'NONE',  ( 10.97910789876365989, 21.21290128918645124, 155.6442687500000090 ) ) ;
#2523 = CARTESIAN_POINT ( 'NONE',  ( 24.65373558059989634, 25.61537868742439983, 154.6297749999999951 ) ) ;
#2524 = CARTESIAN_POINT ( 'NONE',  ( 23.48497147003795149, 27.40982249249999825, 154.6722833333334961 ) ) ;
#2525 = CARTESIAN_POINT ( 'NONE',  ( 12.79235917042175963, 28.81348660519795146, 154.6962749999999858 ) ) ;
#2526 = CARTESIAN_POINT ( 'NONE',  ( 23.94124345819249911, 18.91679548395050148, 159.8694916666665051 ) ) ;
#2527 = CARTESIAN_POINT ( 'NONE',  ( 14.43842347434249973, 22.87336906579415086, 156.0540593874245019 ) ) ;
#2528 = LINE ( 'NONE', #473, #597 ) ;
#2529 = CARTESIAN_POINT ( 'NONE',  ( 11.61224937313407857, 23.99154652031004886, 161.0573875000000044 ) ) ;
#2530 = ORIENTED_EDGE ( 'NONE', *, *, #1546, .F. ) ;
#2531 = EDGE_CURVE ( 'NONE', #2328, #5992, #4017, .T. ) ;
#2532 = CARTESIAN_POINT ( 'NONE',  ( 10.62913377723248054, 25.12399145695800229, 155.0086000000000013 ) ) ;
#2533 = CARTESIAN_POINT ( 'NONE',  ( 9.208558110304190691, 25.16149341746974955, 148.6161459251119936 ) ) ;
#2534 = CARTESIAN_POINT ( 'NONE',  ( 12.19675972794670038, 22.64182575749289938, 155.0563766819485068 ) ) ;
#2535 = CARTESIAN_POINT ( 'NONE',  ( 24.98755089966849852, 23.60400012042455131, 153.1199500000000171 ) ) ;
#2536 = CARTESIAN_POINT ( 'NONE',  ( 9.950453601962637507, 24.06545140490402446, 151.4958161243746986 ) ) ;
#2537 = CARTESIAN_POINT ( 'NONE',  ( 23.13963838847215015, 27.15007279383189953, 151.2887257549139690 ) ) ;
#2538 = ORIENTED_EDGE ( 'NONE', *, *, #3147, .T. ) ;
#2539 = EDGE_CURVE ( 'NONE', #6490, #5418, #2884, .T. ) ;
#2540 = CARTESIAN_POINT ( 'NONE',  ( 11.36234440249334021, 21.74293897579279999, 158.4890000000000043 ) ) ;
#2541 = CARTESIAN_POINT ( 'NONE',  ( 14.05383053995482001, 22.91329925402470380, 153.1855896455579966 ) ) ;
#2542 = FACE_OUTER_BOUND ( 'NONE', #3035, .T. ) ;
#2543 = CARTESIAN_POINT ( 'NONE',  ( 11.31708139848590022, 26.76779540201285101, 155.6892514522600095 ) ) ;
#2544 = CARTESIAN_POINT ( 'NONE',  ( 11.15302709587565566, 24.64451388717079183, 158.1651896765891649 ) ) ;
#2545 = ORIENTED_EDGE ( 'NONE', *, *, #6176, .F. ) ;
#2546 = CARTESIAN_POINT ( 'NONE',  ( 11.52328443058526020, 28.94431836694120008, 148.4556599601093865 ) ) ;
#2547 = CARTESIAN_POINT ( 'NONE',  ( 23.45507872403350191, 24.56894178361869763, 144.3058749999999861 ) ) ;
#2548 = CARTESIAN_POINT ( 'NONE',  ( 14.97122614625594039, 23.05664715615035121, 154.6748989606155078 ) ) ;
#2549 = CARTESIAN_POINT ( 'NONE',  ( 20.82757543279479862, 29.86699566021325225, 163.8816806562655017 ) ) ;
#2550 = CARTESIAN_POINT ( 'NONE',  ( 14.31354199713211983, 22.98157837316700025, 154.2234259551759976 ) ) ;
#2551 = CARTESIAN_POINT ( 'NONE',  ( 10.14458718839145845, 24.72962372331344838, 153.2374662683980091 ) ) ;
#2552 = CARTESIAN_POINT ( 'NONE',  ( 16.14702463248569941, 23.97312155952454660, 155.0079941021259913 ) ) ;
#2553 = CARTESIAN_POINT ( 'NONE',  ( 9.942560300163380660, 24.71350910426264846, 151.6628499999999917 ) ) ;
#2554 = CARTESIAN_POINT ( 'NONE',  ( 10.58082504479175334, 22.49946031964707061, 154.8832750817804822 ) ) ;
#2555 = CARTESIAN_POINT ( 'NONE',  ( 14.95752416056621925, 22.84529759484109945, 154.4676669998079888 ) ) ;
#2556 = CARTESIAN_POINT ( 'NONE',  ( 24.54244608405024763, 25.28124378537615158, 153.0803041666665081 ) ) ;
#2557 = CARTESIAN_POINT ( 'NONE',  ( 10.18295055094761992, 25.11681983650074912, 153.2129103542499990 ) ) ;
#2558 = CARTESIAN_POINT ( 'NONE',  ( 25.32872630462779995, 24.61460891080259827, 157.4725525702264974 ) ) ;
#2559 = CARTESIAN_POINT ( 'NONE',  ( 24.54071058776195002, 25.13670645226014955, 152.7640938243320079 ) ) ;
#2560 = CARTESIAN_POINT ( 'NONE',  ( 23.76120747555305002, 25.46148320929880171, 149.3087630169244164 ) ) ;
#2561 = CARTESIAN_POINT ( 'NONE',  ( 18.36427427351912200, 30.15215342657065634, 153.6252226599391406 ) ) ;
#2562 = CARTESIAN_POINT ( 'NONE',  ( 17.21088091658230113, 30.26837433923860132, 154.5296169270835094 ) ) ;
#2563 = CARTESIAN_POINT ( 'NONE',  ( 23.99968527322609901, 19.39622594828495039, 162.5693278211805080 ) ) ;
#2564 = CARTESIAN_POINT ( 'NONE',  ( 14.97364354501011974, 22.87682844399385118, 155.1392933311450122 ) ) ;
#2565 = CARTESIAN_POINT ( 'NONE',  ( 24.76733004917809922, 26.07759436879524984, 157.7528895833335127 ) ) ;
#2566 = CARTESIAN_POINT ( 'NONE',  ( 25.07373069374370189, 25.30665629664619942, 157.1738097286000198 ) ) ;
#2567 = CARTESIAN_POINT ( 'NONE',  ( 23.38342410866460241, 26.32843225039365365, 149.7281337904732084 ) ) ;
#2568 = DIRECTION ( 'NONE',  ( -0.9949093705772960039, 0.000000000000000000, 0.1007737284091875934 ) ) ;
#2569 = ORIENTED_EDGE ( 'NONE', *, *, #6776, .F. ) ;
#2570 = CARTESIAN_POINT ( 'NONE',  ( 8.821705854153620407, 24.09840931536405151, 148.7177317298094010 ) ) ;
#2571 = CARTESIAN_POINT ( 'NONE',  ( 9.558825684248521526, 24.17214210679749797, 149.6789621046022205 ) ) ;
#2572 = CARTESIAN_POINT ( 'NONE',  ( 24.75982886903184976, 22.98971569563379802, 151.5996166666664919 ) ) ;
#2573 = ADVANCED_FACE ( 'NONE', ( #5745 ), #3245, .F. ) ;
#2574 = CARTESIAN_POINT ( 'NONE',  ( 10.93543294009019995, 26.24838174943075231, 154.9538703032609988 ) ) ;
#2575 = ORIENTED_EDGE ( 'NONE', *, *, #4788, .F. ) ;
#2576 = CARTESIAN_POINT ( 'NONE',  ( 11.06575438867470140, 23.17978612786749792, 157.7288000000000068 ) ) ;
#2577 = CARTESIAN_POINT ( 'NONE',  ( 13.73205511896033926, 29.71355090569630164, 152.1047648384064814 ) ) ;
#2578 = LINE ( 'NONE', #3621, #4829 ) ;
#2579 = CARTESIAN_POINT ( 'NONE',  ( 10.12710902419654069, 26.67555352140900027, 150.2519854166665141 ) ) ;
#2580 = CARTESIAN_POINT ( 'NONE',  ( 10.90238894238060396, 24.76446768896294159, 156.6019637640860083 ) ) ;
#2581 = CARTESIAN_POINT ( 'NONE',  ( 13.77589662641267942, 23.00908541347470049, 155.8316231176670215 ) ) ;
#2582 = ADVANCED_FACE ( 'NONE', ( #5314 ), #5615, .F. ) ;
#2583 = CARTESIAN_POINT ( 'NONE',  ( 9.608335898729659874, 22.65694179424840016, 150.0436187500000074 ) ) ;
#2584 = ORIENTED_EDGE ( 'NONE', *, *, #694, .T. ) ;
#2585 = FACE_OUTER_BOUND ( 'NONE', #4622, .T. ) ;
#2586 = CARTESIAN_POINT ( 'NONE',  ( 23.97001927480430439, 21.35606606253475093, 148.2588916666665853 ) ) ;
#2587 = CARTESIAN_POINT ( 'NONE',  ( 24.02537182381099967, 23.84001455384954937, 148.0199532986110000 ) ) ;
#2588 = CARTESIAN_POINT ( 'NONE',  ( 19.29084307418455069, 30.07442162261975227, 158.2225999999999999 ) ) ;
#2589 = CARTESIAN_POINT ( 'NONE',  ( 23.99009681343544997, 24.39525830390089922, 148.5251563541331734 ) ) ;
#2590 = EDGE_CURVE ( 'NONE', #3801, #3771, #3794, .T. ) ;
#2591 = DIRECTION ( 'NONE',  ( -0.1006318910984300152, -0.05303758115645550858, -0.9935090525400490646 ) ) ;
#2592 = ORIENTED_EDGE ( 'NONE', *, *, #2680, .F. ) ;
#2593 = CARTESIAN_POINT ( 'NONE',  ( 10.55685923953988237, 22.49183283116987653, 154.7579867944962473 ) ) ;
#2594 = CARTESIAN_POINT ( 'NONE',  ( 14.42184036140014136, 23.07247934805075218, 156.0451097581124884 ) ) ;
#2595 = CARTESIAN_POINT ( 'NONE',  ( 24.81779829992165176, 25.67913318288350055, 156.1873874999999998 ) ) ;
#2596 = CARTESIAN_POINT ( 'NONE',  ( 24.82971297910879471, 25.75041153630261093, 156.6700264722425402 ) ) ;
#2597 = CARTESIAN_POINT ( 'NONE',  ( 19.23857744228764943, 29.84895349326869862, 152.0430510736634915 ) ) ;
#2598 = CARTESIAN_POINT ( 'NONE',  ( 24.90007877202845066, 24.98997878438569842, 154.6351083333335055 ) ) ;
#2599 = CARTESIAN_POINT ( 'NONE',  ( 23.79187879325925081, 25.15203644426720331, 148.7804137720958124 ) ) ;
#2600 = CARTESIAN_POINT ( 'NONE',  ( 20.81519316655454688, 28.98776608449005110, 150.1888874999999928 ) ) ;
#2601 = CARTESIAN_POINT ( 'NONE',  ( 11.97975325493106169, 28.27872809471890037, 153.6027541666665002 ) ) ;
#2602 = CARTESIAN_POINT ( 'NONE',  ( 11.16506531855035966, 27.12880429169714702, 154.0125579697410103 ) ) ;
#2603 = CARTESIAN_POINT ( 'NONE',  ( 10.12575077433586834, 22.31079782395584843, 151.5291590958640882 ) ) ;
#2604 = CARTESIAN_POINT ( 'NONE',  ( 11.22579288687787979, 27.32781908402609972, 153.7071583333335241 ) ) ;
#2605 = CARTESIAN_POINT ( 'NONE',  ( 10.86557208979163924, 20.57439120663874732, 153.8157416666664972 ) ) ;
#2606 = VERTEX_POINT ( 'NONE', #2353 ) ;
#2607 = CARTESIAN_POINT ( 'NONE',  ( 8.935579613593558790, 25.06181915891119871, 148.3462427043025968 ) ) ;
#2608 = CARTESIAN_POINT ( 'NONE',  ( 23.33840206000374806, 28.39000380671524937, 160.9797499999999957 ) ) ;
#2609 = CARTESIAN_POINT ( 'NONE',  ( 25.05630792904744908, 24.47565179584260164, 154.6454604166664808 ) ) ;
#2610 = CARTESIAN_POINT ( 'NONE',  ( 24.26741442996134879, 20.76583690630210199, 151.0210999999999899 ) ) ;
#2611 = VECTOR ( 'NONE', #642, 1000.000000000000114 ) ;
#2612 = CLOSED_SHELL ( 'NONE', ( #1555, #2625, #656, #5612, #1403, #5424, #1770, #6817, #6354, #5023, #5157, #3206, #1289, #701, #3351, #6687, #4827, #6394, #264, #1422, #1257, #5663, #2582, #1778, #5295, #2154, #112, #4531, #4279, #4404, #1492, #1857, #2573, #6677, #1925, #2839, #666, #4660, #823, #2921, #5707, #5837, #5924, #451, #4517, #1986, #2234, #6864, #6120, #1335, #2760, #6730, #5120, #349, #6009, #6761, #5105, #1093, #1139, #5547, #5494, #497, #1266, #4907, #5541, #1174, #6768, #3937, #6214, #4098, #6427, #6241, #2887, #4137, #3888, #5534, #2667, #2416, #997, #2108, #6472, #545, #739, #4697, #3972, #4396, #3466, #2323 ) ) ;
#2613 = ORIENTED_EDGE ( 'NONE', *, *, #3440, .F. ) ;
#2614 = CARTESIAN_POINT ( 'NONE',  ( 11.41640458248405920, 22.39993903286650223, 159.2614000000000090 ) ) ;
#2615 = CARTESIAN_POINT ( 'NONE',  ( 12.11266389653670039, 22.82280902942819978, 154.7692364126335178 ) ) ;
#2616 = CARTESIAN_POINT ( 'NONE',  ( 10.77198106678932099, 26.25435043301759919, 154.6023218250524849 ) ) ;
#2617 = CARTESIAN_POINT ( 'NONE',  ( 11.72856988505600029, 27.46424635906450007, 155.5899202678550068 ) ) ;
#2618 = CIRCLE ( 'NONE', #4274, 7.197195596213465052 ) ;
#2619 = CARTESIAN_POINT ( 'NONE',  ( 11.19692800142661859, 24.28067036547407653, 158.5851730254132121 ) ) ;
#2620 = VECTOR ( 'NONE', #4306, 1000.000000000000114 ) ;
#2621 = CARTESIAN_POINT ( 'NONE',  ( 9.729380786877349863, 22.67976008273429755, 150.2798229166664896 ) ) ;
#2622 = EDGE_LOOP ( 'NONE', ( #699, #4133, #1312, #1871, #1455 ) ) ;
#2623 = CARTESIAN_POINT ( 'NONE',  ( 12.38443853127751915, 29.40227041521480089, 149.1701916666665966 ) ) ;
#2624 = CARTESIAN_POINT ( 'NONE',  ( 23.84876306599079854, 23.09819964947494952, 144.1113145833332112 ) ) ;
#2625 = ADVANCED_FACE ( 'NONE', ( #1731 ), #16, .F. ) ;
#2626 = CARTESIAN_POINT ( 'NONE',  ( 17.76441611296690226, 30.10707088858024960, 149.7168500000000222 ) ) ;
#2627 = CARTESIAN_POINT ( 'NONE',  ( 11.54196048656270079, 27.69429217570075252, 153.9441944426345117 ) ) ;
#2628 = CARTESIAN_POINT ( 'NONE',  ( 10.47750909387040075, 26.23936593328489764, 153.1231486025120034 ) ) ;
#2629 = CARTESIAN_POINT ( 'NONE',  ( 24.02053422633511204, 25.15759235791379211, 150.0228700864024347 ) ) ;
#2630 = ORIENTED_EDGE ( 'NONE', *, *, #3735, .T. ) ;
#2631 = CARTESIAN_POINT ( 'NONE',  ( 10.54620177656776114, 22.48841637247587144, 154.7017254539236149 ) ) ;
#2632 = CARTESIAN_POINT ( 'NONE',  ( 11.89153460357317904, 28.38080103196589832, 152.3623376194535126 ) ) ;
#2633 = CARTESIAN_POINT ( 'NONE',  ( 14.16167712588200089, 23.05864813407304936, 156.2194610462555033 ) ) ;
#2634 = EDGE_CURVE ( 'NONE', #3728, #5176, #2450, .T. ) ;
#2635 = CARTESIAN_POINT ( 'NONE',  ( 24.04841615907225005, 25.04944054405279985, 149.9658291666665946 ) ) ;
#2636 = CYLINDRICAL_SURFACE ( 'NONE', #6576, 1.749999999999996891 ) ;
#2637 = CARTESIAN_POINT ( 'NONE',  ( 24.60544786810780238, 25.89153552408335557, 155.2959499400158165 ) ) ;
#2638 = CARTESIAN_POINT ( 'NONE',  ( 19.37213182898110020, 29.87094980049594994, 153.0348825374859700 ) ) ;
#2639 = CARTESIAN_POINT ( 'NONE',  ( 23.85282684330145031, 24.56636356123794940, 147.9746509289932135 ) ) ;
#2640 = CARTESIAN_POINT ( 'NONE',  ( 24.42397921499309987, 25.23548694942254755, 152.3048166666665111 ) ) ;
#2641 = CARTESIAN_POINT ( 'NONE',  ( 20.35879861412664837, 29.33678645710779875, 151.1442250000000058 ) ) ;
#2642 = CARTESIAN_POINT ( 'NONE',  ( 10.79432495835886030, 28.01269343923324939, 149.4655496773038124 ) ) ;
#2643 = DIRECTION ( 'NONE',  ( 0.1006318910984300152, 0.05303758115645541144, 0.9935090525400490646 ) ) ;
#2644 = CARTESIAN_POINT ( 'NONE',  ( 10.32024844648195128, 22.41080133274895658, 153.3936329657947510 ) ) ;
#2645 = FACE_OUTER_BOUND ( 'NONE', #5771, .T. ) ;
#2646 = CARTESIAN_POINT ( 'NONE',  ( 10.06717780692794051, 23.54719518781490351, 152.4613666666665210 ) ) ;
#2647 = ORIENTED_EDGE ( 'NONE', *, *, #4049, .T. ) ;
#2648 = CARTESIAN_POINT ( 'NONE',  ( 24.47177298487435237, 24.49957808500949952, 151.2952889609524902 ) ) ;
#2649 = CARTESIAN_POINT ( 'NONE',  ( 10.05879148340730111, 22.28895661155879893, 151.1673097618680117 ) ) ;
#2650 = CARTESIAN_POINT ( 'NONE',  ( 24.17369614145209766, 22.14127475069485129, 148.6924833333332003 ) ) ;
#2651 = CARTESIAN_POINT ( 'NONE',  ( 24.95612589650934865, 26.47336705650119981, 161.6719976454430139 ) ) ;
#2652 = EDGE_LOOP ( 'NONE', ( #549, #2433, #4506, #6815 ) ) ;
#2653 = CARTESIAN_POINT ( 'NONE',  ( 12.27624012402366027, 27.34271562717825077, 159.7866486111109907 ) ) ;
#2654 = B_SPLINE_CURVE_WITH_KNOTS ( 'NONE', 3,
 ( #725, #5975, #1253, #4969, #693, #2233 ),
 .UNSPECIFIED., .F., .F.,
 ( 4, 2, 4 ),
 ( 0.000000000000000000, 0.5000000000000000000, 1.000000000000000000 ),
 .UNSPECIFIED. ) ;
#2655 = CARTESIAN_POINT ( 'NONE',  ( 14.89483956404809994, 22.83071607817180038, 154.2594098652475054 ) ) ;
#2656 = CARTESIAN_POINT ( 'NONE',  ( 24.35863992626525132, 25.14612911699955333, 151.7754992716290019 ) ) ;
#2657 = CARTESIAN_POINT ( 'NONE',  ( 10.41170859798950055, 27.26214880586089961, 150.1952343750000125 ) ) ;
#2658 = CARTESIAN_POINT ( 'NONE',  ( 11.25731110318353601, 23.63008006466852251, 158.9353612767378365 ) ) ;
#2659 = EDGE_LOOP ( 'NONE', ( #6578, #4701, #3580, #644, #3455 ) ) ;
#2660 = CARTESIAN_POINT ( 'NONE',  ( 19.15910376751769917, 29.78173902690415176, 150.4803159722220016 ) ) ;
#2661 = PRODUCT ( 'H2 RH60', 'H2 RH60', '', ( #2249 ) ) ;
#2662 = CARTESIAN_POINT ( 'NONE',  ( 23.32062696216829778, 19.48751777376330097, 144.6592270833332066 ) ) ;
#2663 = CARTESIAN_POINT ( 'NONE',  ( 19.25983925334930191, 30.16352906548994994, 160.6111124999999902 ) ) ;
#2664 = CARTESIAN_POINT ( 'NONE',  ( 9.815313641797271060, 22.23552518608660122, 150.4297233780764884 ) ) ;
#2665 = CARTESIAN_POINT ( 'NONE',  ( 10.41143060241200047, 24.36867354583230139, 154.7395069021859797 ) ) ;
#2666 = CARTESIAN_POINT ( 'NONE',  ( 11.64794895883410142, 27.47430728930044808, 155.1622511892305170 ) ) ;
#2667 = ADVANCED_FACE ( 'NONE', ( #3844 ), #448, .T. ) ;
#2668 = ORIENTED_EDGE ( 'NONE', *, *, #2285, .F. ) ;
#2669 = CARTESIAN_POINT ( 'NONE',  ( 10.73747011371263937, 22.75928599863549806, 155.8029069906705217 ) ) ;
#2670 = CARTESIAN_POINT ( 'NONE',  ( 10.38577842844999921, 26.48841674293905157, 152.2338083333334851 ) ) ;
#2671 = CARTESIAN_POINT ( 'NONE',  ( 25.22730796221960148, 25.43012540991555070, 159.3152979166665091 ) ) ;
#2672 = CARTESIAN_POINT ( 'NONE',  ( 9.485213782452706965, 23.22834653920794779, 149.7760491582535280 ) ) ;
#2673 = CARTESIAN_POINT ( 'NONE',  ( 13.34830866364610102, 22.65467467419815151, 153.2084884565825007 ) ) ;
#2674 = CARTESIAN_POINT ( 'NONE',  ( 24.07104696435834867, 25.81363951447900007, 151.7689949390925221 ) ) ;
#2675 = CARTESIAN_POINT ( 'NONE',  ( 24.83766323899284956, 24.82046992219590109, 153.8614666666665016 ) ) ;
#2676 = CARTESIAN_POINT ( 'NONE',  ( 22.89939972432370041, 27.20434367686075205, 150.4149641809835032 ) ) ;
#2677 = CARTESIAN_POINT ( 'NONE',  ( 11.93437770420355903, 28.41091006560865040, 152.8099062500000116 ) ) ;
#2678 = CARTESIAN_POINT ( 'NONE',  ( 13.38538164431719935, 22.86036405997475285, 153.2464884923074919 ) ) ;
#2679 = CARTESIAN_POINT ( 'NONE',  ( 24.26229292204254762, 25.89309560677299871, 153.0808749999999918 ) ) ;
#2680 = EDGE_CURVE ( 'NONE', #2502, #36, #249, .T. ) ;
#2681 = CARTESIAN_POINT ( 'NONE',  ( 25.40288947886979898, 25.47878172126105056, 161.2731032140220009 ) ) ;
#2682 = CARTESIAN_POINT ( 'NONE',  ( 9.963764721601490848, 23.92551684661070155, 151.5440609375000065 ) ) ;
#2683 = ORIENTED_EDGE ( 'NONE', *, *, #869, .F. ) ;
#2684 = CARTESIAN_POINT ( 'NONE',  ( 17.48515771793120166, 30.26850834320475059, 153.7080563069405059 ) ) ;
#2685 = CARTESIAN_POINT ( 'NONE',  ( 25.60811958181630033, 24.97362030899719798, 161.5401652097210103 ) ) ;
#2686 = CARTESIAN_POINT ( 'NONE',  ( 24.75481618338880097, 22.33078655749084973, 151.6406999999999812 ) ) ;
#2687 = EDGE_CURVE ( 'NONE', #3347, #6770, #3705, .T. ) ;
#2688 = CARTESIAN_POINT ( 'NONE',  ( 25.08264108452599928, 26.24415159037230083, 161.6684346029949779 ) ) ;
#2689 = ORIENTED_EDGE ( 'NONE', *, *, #3086, .T. ) ;
#2690 = CARTESIAN_POINT ( 'NONE',  ( 12.03218442164833846, 27.10699154319519977, 159.1589374999999791 ) ) ;
#2691 = CARTESIAN_POINT ( 'NONE',  ( 23.57643812385880011, 25.43313958645460104, 148.2742251759683825 ) ) ;
#2692 = CARTESIAN_POINT ( 'NONE',  ( 12.12924700947903922, 22.62369874717159846, 154.7781860419455029 ) ) ;
#2693 = CARTESIAN_POINT ( 'NONE',  ( 24.50699961591720211, 24.50234495498395049, 151.2915731713455045 ) ) ;
#2694 = CARTESIAN_POINT ( 'NONE',  ( 23.25907925397235232, 26.13633225576520402, 148.5104127801196228 ) ) ;
#2695 = CARTESIAN_POINT ( 'NONE',  ( 9.112773086187720750, 23.91370832246979816, 149.0318470425499982 ) ) ;
#2696 = ORIENTED_EDGE ( 'NONE', *, *, #3233, .F. ) ;
#2697 = CARTESIAN_POINT ( 'NONE',  ( 19.58540060111655023, 29.89515918899789781, 154.6340809461804895 ) ) ;
#2698 = CARTESIAN_POINT ( 'NONE',  ( 22.96885034238679779, 19.47749103321704922, 148.1652354166666328 ) ) ;
#2699 = CARTESIAN_POINT ( 'NONE',  ( 16.09680933580244755, 22.90740413239305084, 153.7383804243725081 ) ) ;
#2700 = CARTESIAN_POINT ( 'NONE',  ( 17.66943990740869808, 30.10502613853055109, 148.9384374999999920 ) ) ;
#2701 = CARTESIAN_POINT ( 'NONE',  ( 11.41416175432562063, 27.51683799597300251, 153.9666123292959981 ) ) ;
#2702 = CARTESIAN_POINT ( 'NONE',  ( 24.12850630069228686, 24.95405312218662175, 150.2140271412068842 ) ) ;
#2703 = ORIENTED_EDGE ( 'NONE', *, *, #5071, .F. ) ;
#2704 = CARTESIAN_POINT ( 'NONE',  ( 24.07104696435834867, 25.81363951447900007, 151.7689949390925221 ) ) ;
#2705 = CARTESIAN_POINT ( 'NONE',  ( 10.02126284117751887, 25.12152415080130297, 152.3084000000000060 ) ) ;
#2706 = CARTESIAN_POINT ( 'NONE',  ( 24.68422458584752732, 25.53669602569058483, 154.6454920102979429 ) ) ;
#2707 = CARTESIAN_POINT ( 'NONE',  ( 18.60885187896364812, 30.07745570979699679, 153.1011705444504969 ) ) ;
#2708 = CARTESIAN_POINT ( 'NONE',  ( 24.26011951449400073, 24.87124698059820460, 150.7524458333334962 ) ) ;
#2709 = CARTESIAN_POINT ( 'NONE',  ( 9.939639616237069930, 24.12653524333648747, 151.4178915259285247 ) ) ;
#2710 = CARTESIAN_POINT ( 'NONE',  ( 25.52376033711020042, 25.23375914380384799, 161.6245314001809845 ) ) ;
#2711 = CARTESIAN_POINT ( 'NONE',  ( 25.30092154836879814, 24.70946913775074805, 157.4522601489475164 ) ) ;
#2712 = CARTESIAN_POINT ( 'NONE',  ( 24.55113008027409904, 24.55139374517360196, 151.7877514773870189 ) ) ;
#2713 = CARTESIAN_POINT ( 'NONE',  ( 25.20234132264885218, 26.01147218879399858, 161.6643719604479941 ) ) ;
#2714 = CARTESIAN_POINT ( 'NONE',  ( 10.05879148340730111, 22.28895661155879893, 151.1673097618680117 ) ) ;
#2715 = CARTESIAN_POINT ( 'NONE',  ( 10.66041169714053893, 27.49345681999085045, 150.6991416666665202 ) ) ;
#2716 = CARTESIAN_POINT ( 'NONE',  ( 10.07153079927278050, 22.34592088238269980, 151.2987500000000125 ) ) ;
#2717 = VERTEX_POINT ( 'NONE', #1324 ) ;
#2718 = EDGE_CURVE ( 'NONE', #4513, #4084, #631, .T. ) ;
#2719 = CARTESIAN_POINT ( 'NONE',  ( 21.29096769854644577, 29.78110680156119727, 161.8343975694445191 ) ) ;
#2720 = CARTESIAN_POINT ( 'NONE',  ( 25.62958676415264847, 24.83569336227229840, 161.2804481142580073 ) ) ;
#2721 = CARTESIAN_POINT ( 'NONE',  ( 24.64733876207905183, 21.54845385083174847, 151.7057000000000073 ) ) ;
#2722 = CARTESIAN_POINT ( 'NONE',  ( 24.20430832400320043, 24.54846781641860076, 149.9752166666665687 ) ) ;
#2723 = CARTESIAN_POINT ( 'NONE',  ( 24.71103688632384987, 26.45510236614990163, 159.3219875000000059 ) ) ;
#2724 = ORIENTED_EDGE ( 'NONE', *, *, #5353, .F. ) ;
#2725 = CARTESIAN_POINT ( 'NONE',  ( 11.70851392694574145, 27.09758094436985232, 156.9593750000000227 ) ) ;
#2726 = EDGE_CURVE ( 'NONE', #5364, #1077, #6111, .T. ) ;
#2727 = CARTESIAN_POINT ( 'NONE',  ( 19.92345362563014888, 29.72799464275164993, 153.4899377216679852 ) ) ;
#2728 = CARTESIAN_POINT ( 'NONE',  ( 14.05654032132859932, 23.02497167683085166, 155.6650432900019894 ) ) ;
#2729 = CARTESIAN_POINT ( 'NONE',  ( 23.06140059664239672, 26.41610164341575029, 148.3093008301046041 ) ) ;
#2730 = VECTOR ( 'NONE', #6174, 1000.000000000000000 ) ;
#2731 = CARTESIAN_POINT ( 'NONE',  ( 9.965080426185538798, 22.99228930962080142, 151.0271118055555064 ) ) ;
#2732 = CARTESIAN_POINT ( 'NONE',  ( 9.404633820106438336, 21.98469368646654942, 149.8178270833331851 ) ) ;
#2733 = EDGE_LOOP ( 'NONE', ( #6842, #1700, #2229, #1644 ) ) ;
#2734 = AXIS2_PLACEMENT_3D ( 'NONE', #5483, #6064, #3353 ) ;
#2735 = CARTESIAN_POINT ( 'NONE',  ( 10.64343810113591893, 26.58912732782235011, 153.0876700631335154 ) ) ;
#2736 = CARTESIAN_POINT ( 'NONE',  ( 22.07985235631770138, 17.95365291791269868, 145.3171927003367614 ) ) ;
#2737 = CARTESIAN_POINT ( 'NONE',  ( 18.87283105957305196, 30.08850159564549998, 155.1125499999999988 ) ) ;
#2738 = CARTESIAN_POINT ( 'NONE',  ( 24.28124856184615155, 24.58848894915485062, 150.4317494858450175 ) ) ;
#2739 = AXIS2_PLACEMENT_3D ( 'NONE', #1183, #3853, #3349 ) ;
#2740 = CARTESIAN_POINT ( 'NONE',  ( 10.65121932459333465, 23.70724162768575383, 155.6278452139564479 ) ) ;
#2741 = VERTEX_POINT ( 'NONE', #5076 ) ;
#2742 = CARTESIAN_POINT ( 'NONE',  ( 14.65571638013473965, 22.88117125625775117, 155.8250111909709972 ) ) ;
#2743 = CARTESIAN_POINT ( 'NONE',  ( 10.65699683989743995, 26.23332516656484970, 153.7991499999999974 ) ) ;
#2744 = CARTESIAN_POINT ( 'NONE',  ( 23.91900936995164884, 24.32672665336350093, 147.9877849036265900 ) ) ;
#2745 = CARTESIAN_POINT ( 'NONE',  ( 25.23866748266430093, 25.00450330730655324, 157.7556333333334919 ) ) ;
#2746 = CARTESIAN_POINT ( 'NONE',  ( 14.48074721933678077, 22.81724715006464876, 154.7270424227305057 ) ) ;
#2747 = CARTESIAN_POINT ( 'NONE',  ( 24.03730383221190081, 24.73146777487704639, 149.3099423611110126 ) ) ;
#2748 = CARTESIAN_POINT ( 'NONE',  ( 11.16072198533620075, 28.43220004136610157, 149.2905851753580180 ) ) ;
#2749 = CARTESIAN_POINT ( 'NONE',  ( 13.90065566588839907, 22.72343763310189857, 153.7148534999224694 ) ) ;
#2750 = B_SPLINE_CURVE_WITH_KNOTS ( 'NONE', 3,
 ( #3600, #5700, #1864, #3464, #4532, #6085, #1331, #5567, #6639, #1893, #1021, #3637, #3161, #2596, #1534, #464, #1612, #6405, #1648, #6257, #6782, #5263, #504, #2067, #5308, #5735, #3204, #424, #4183, #2136, #2637, #569, #985, #4751, #3783, #3119, #5224, #3237, #4712, #5187, #6296, #22, #55, #1061, #3750, #2706, #3711, #4815, #1573, #6819, #6856 ),
 .UNSPECIFIED., .F., .F.,
 ( 4, 2, 2, 1, 1, 2, 2, 2, 2, 1, 2, 2, 2, 2, 2, 2, 2, 2, 1, 1, 2, 2, 2, 2, 1, 1, 2, 2, 4 ),
 ( 0.000000000000000000, 0.06250000000006938894, 0.09375000000010463852, 0.1093750000001222633, 0.1171875000001429273, 0.1210937500001387224, 0.1250000000001345035, 0.1874999999999047429, 0.2187499999997890854, 0.2343749999997310207, 0.2421874999997150613, 0.2499999999996991296, 0.3749999999996191380, 0.4374999999995672351, 0.4687499999995287103, 0.4999999999994901856, 0.6249999999993622879, 0.6874999999993102184, 0.7187499999992841282, 0.7343749999992713606, 0.7421874999992762456, 0.7499999999992811306, 0.8124999999993735011, 0.8437499999994196864, 0.8593749999994440003, 0.8671874999994554356, 0.8710937499994617639, 0.8749999999994680921, 1.000000000000000000 ),
 .UNSPECIFIED. ) ;
#2751 = B_SPLINE_CURVE_WITH_KNOTS ( 'NONE', 3,
 ( #1816, #765, #4130, #1557, #4772, #5721, #3033, #3623, #6238, #5210, #5137, #2580, #2123, #1479, #4096, #5174, #5759, #1045, #3734, #2088, #4243, #4620, #972, #1446, #449, #6735, #5288, #1596, #3695, #3104, #6358, #9, #4696, #6319, #3585, #2544, #6802, #2051, #6205, #4171, #4659, #1519, #5799, #5836, #4735, #375, #2508, #3186, #6279, #411, #3660, #1007, #2619, #2017, #3143, #5245, #6767, #487, #6839, #1984, #4205, #525, #5683, #2658, #934, #3069 ),
 .UNSPECIFIED., .F., .F.,
 ( 4, 2, 2, 2, 1, 1, 1, 2, 2, 2, 2, 2, 2, 1, 1, 2, 2, 2, 2, 1, 1, 2, 2, 2, 2, 1, 1, 2, 2, 2, 2, 1, 1, 1, 2, 2, 2, 2, 4 ),
 ( 0.000000000000000000, 0.1249999999987644606, 0.1874999999981518395, 0.2187499999978534115, 0.2343749999977043363, 0.2421874999976291742, 0.2460937499976040554, 0.2480468749975801579, 0.2499999999975562326, 0.3124999999969257924, 0.3437499999966016628, 0.3749999999962775332, 0.4374999999956480923, 0.4687499999953425589, 0.4843749999951990626, 0.4921874999951270091, 0.4999999999950549556, 0.5624999999946203033, 0.5937499999944119145, 0.6093749999943077755, 0.6171874999942632556, 0.6210937499942476014, 0.6249999999942319473, 0.6562499999940979434, 0.6718749999940227813, 0.6796874999939851447, 0.6835937499939664930, 0.6855468749939511719, 0.6874999999939358508, 0.7187499999936953765, 0.7343749999935751394, 0.7421874999935067496, 0.7460937499934584549, 0.7480468749934495731, 0.7490234374934632289, 0.7499999999934768846, 0.8124999999951076912, 0.8749999999967384978, 1.000000000000000000 ),
 .UNSPECIFIED. ) ;
#2752 = CARTESIAN_POINT ( 'NONE',  ( 24.26229292204254762, 25.89309560677299871, 153.0808749999999918 ) ) ;
#2753 = B_SPLINE_SURFACE_WITH_KNOTS ( 'NONE', 3, 1, ( 
 ( #5911, #3777 ),
 ( #4877, #79 ),
 ( #4315, #6526 ),
 ( #2834, #2771 ) ),
 .UNSPECIFIED., .F., .F., .F.,
 ( 4, 4 ),
 ( 2, 2 ),
 ( 0.000000000000000000, 1.000000000000000000 ),
 ( 0.000000000000000000, 1.000000000000000000 ),
 .UNSPECIFIED. ) ;
#2754 = CARTESIAN_POINT ( 'NONE',  ( 10.47186899716749764, 27.59131209797634909, 149.5068813419206037 ) ) ;
#2755 = CARTESIAN_POINT ( 'NONE',  ( 10.02889837881378021, 23.54130318806700117, 151.9395000000000095 ) ) ;
#2756 = ORIENTED_EDGE ( 'NONE', *, *, #2813, .F. ) ;
#2757 = CARTESIAN_POINT ( 'NONE',  ( 21.33480180180929864, 29.77940678358415028, 162.2297423611110219 ) ) ;
#2758 = CARTESIAN_POINT ( 'NONE',  ( 25.57079426706379977, 24.89746359608265180, 160.7553125000000023 ) ) ;
#2759 = CARTESIAN_POINT ( 'NONE',  ( 23.72820310235714913, 20.65111806828405250, 148.3528604166666298 ) ) ;
#2760 = ADVANCED_FACE ( 'NONE', ( #2443 ), #2177, .T. ) ;
#2761 = CARTESIAN_POINT ( 'NONE',  ( 24.70769198189454841, 26.80481431175029883, 161.2886500000000183 ) ) ;
#2762 = ORIENTED_EDGE ( 'NONE', *, *, #100, .T. ) ;
#2763 = CARTESIAN_POINT ( 'NONE',  ( 11.94044460766130200, 27.46054064522825300, 156.9272913194444925 ) ) ;
#2764 = CARTESIAN_POINT ( 'NONE',  ( 9.759497904968510440, 24.48550116413525046, 150.3392468660239842 ) ) ;
#2765 = CARTESIAN_POINT ( 'NONE',  ( 12.49535841261196012, 22.89136468371939870, 155.5853449953355039 ) ) ;
#2766 = CARTESIAN_POINT ( 'NONE',  ( 11.12917481505532002, 22.58313224546045461, 151.2592808050345070 ) ) ;
#2767 = ORIENTED_EDGE ( 'NONE', *, *, #3806, .F. ) ;
#2768 = CARTESIAN_POINT ( 'NONE',  ( 19.11920992815295151, 29.83520741101434837, 151.1410166666665305 ) ) ;
#2769 = CARTESIAN_POINT ( 'NONE',  ( 19.31196594019255031, 29.86070294118369972, 152.5907424726865145 ) ) ;
#2770 = CARTESIAN_POINT ( 'NONE',  ( 18.30629847214609995, 30.20985529308964956, 156.7639999999999816 ) ) ;
#2771 = CARTESIAN_POINT ( 'NONE',  ( 23.32717756706794887, 27.22797777312930023, 152.7753711783904862 ) ) ;
#2772 = CARTESIAN_POINT ( 'NONE',  ( 23.97287527545640273, 25.61881241284509869, 150.7477166666664914 ) ) ;
#2773 = CARTESIAN_POINT ( 'NONE',  ( 11.63863292563349994, 27.47565847426414720, 155.1137076378115012 ) ) ;
#2774 = EDGE_LOOP ( 'NONE', ( #5009, #4806, #182, #3411 ) ) ;
#2775 = CARTESIAN_POINT ( 'NONE',  ( 11.79266688820420050, 28.27937888946390288, 152.3777661958120007 ) ) ;
#2776 = CARTESIAN_POINT ( 'NONE',  ( 20.16981908430925330, 29.62950438334940273, 153.4702413365855307 ) ) ;
#2777 = CARTESIAN_POINT ( 'NONE',  ( 23.60032924917718589, 25.21691742657947799, 147.8255751532303179 ) ) ;
#2778 = CARTESIAN_POINT ( 'NONE',  ( 24.10623059094119824, 24.48283559178665314, 149.3175916666665728 ) ) ;
#2779 = CARTESIAN_POINT ( 'NONE',  ( 14.07635000335119990, 22.94761024988524767, 153.9072093953904812 ) ) ;
#2780 = CARTESIAN_POINT ( 'NONE',  ( 25.03939025165555066, 26.14469442976590230, 160.7529541666665125 ) ) ;
#2781 = DIRECTION ( 'NONE',  ( 0.1006318910984300152, 0.05303758115645541144, 0.9935090525400490646 ) ) ;
#2782 = CARTESIAN_POINT ( 'NONE',  ( 23.79650207254465144, 25.66522587513324893, 149.9664999552944096 ) ) ;
#2783 = CARTESIAN_POINT ( 'NONE',  ( 11.16178981402189940, 27.06188293120305133, 154.5197289572774650 ) ) ;
#2784 = CARTESIAN_POINT ( 'NONE',  ( 10.04385075218550050, 22.34165943973735224, 151.1721687499999973 ) ) ;
#2785 = CARTESIAN_POINT ( 'NONE',  ( 13.40499423651129973, 22.98182826740169560, 155.9124687202020141 ) ) ;
#2786 = CARTESIAN_POINT ( 'NONE',  ( 24.03627929591610268, 27.39674108484634729, 159.3540958333335027 ) ) ;
#2787 = CARTESIAN_POINT ( 'NONE',  ( 25.28013315495095270, 24.88067749312419963, 157.7575833333335140 ) ) ;
#2788 = CARTESIAN_POINT ( 'NONE',  ( 24.77248087680539967, 20.22722161955329767, 162.2988666666665267 ) ) ;
#2789 = CARTESIAN_POINT ( 'NONE',  ( 23.96455579326475060, 27.26647189553139938, 157.7842666666664968 ) ) ;
#2790 = ORIENTED_EDGE ( 'NONE', *, *, #3397, .T. ) ;
#2791 = CARTESIAN_POINT ( 'NONE',  ( 11.77663293297760028, 27.33291894210389827, 156.4208400871505091 ) ) ;
#2792 = CARTESIAN_POINT ( 'NONE',  ( 9.901989142284350010, 24.30115274813434922, 151.1428936755175130 ) ) ;
#2793 = LINE ( 'NONE', #2693, #1713 ) ;
#2794 = EDGE_CURVE ( 'NONE', #2439, #4709, #4596, .T. ) ;
#2795 = CARTESIAN_POINT ( 'NONE',  ( 9.926856019956760591, 23.51334129087300084, 151.0167253543454819 ) ) ;
#2796 = CARTESIAN_POINT ( 'NONE',  ( 18.83733395294544977, 24.05702199252015205, 151.8896231124280121 ) ) ;
#2797 = CARTESIAN_POINT ( 'NONE',  ( 24.12102568566039906, 25.71204639818629900, 151.7693560831704929 ) ) ;
#2798 = CARTESIAN_POINT ( 'NONE',  ( 8.230997764749210077, 22.17118009726954853, 149.3789945639744019 ) ) ;
#2799 = CARTESIAN_POINT ( 'NONE',  ( 9.896217378543090248, 24.69127274032149799, 151.1490249999999946 ) ) ;
#2800 = ORIENTED_EDGE ( 'NONE', *, *, #2064, .T. ) ;
#2801 = CARTESIAN_POINT ( 'NONE',  ( 19.43128035901044726, 29.88119058114545368, 153.4700250000000210 ) ) ;
#2802 = CARTESIAN_POINT ( 'NONE',  ( 22.61300923689349673, 19.06660547352134927, 147.8554250000000252 ) ) ;
#2803 = CARTESIAN_POINT ( 'NONE',  ( 17.47440473373380243, 22.59167446347089836, 152.1058995848910058 ) ) ;
#2804 = LINE ( 'NONE', #5881, #3505 ) ;
#2805 = CARTESIAN_POINT ( 'NONE',  ( 18.49813740807229934, 30.19165586812765056, 160.7098124999999982 ) ) ;
#2806 = EDGE_CURVE ( 'NONE', #3587, #3442, #4278, .T. ) ;
#2807 = CARTESIAN_POINT ( 'NONE',  ( 22.66228244715395235, 27.39930051307085179, 150.0396000703169932 ) ) ;
#2808 = ORIENTED_EDGE ( 'NONE', *, *, #4487, .T. ) ;
#2809 = CARTESIAN_POINT ( 'NONE',  ( 13.36432694903746032, 22.80057811100920162, 156.4248497655940184 ) ) ;
#2810 = CARTESIAN_POINT ( 'NONE',  ( 9.906655742084570448, 24.30172187256895100, 151.1513677083335097 ) ) ;
#2811 = CARTESIAN_POINT ( 'NONE',  ( 24.50699961591720211, 24.50234495498395049, 151.2915731713455045 ) ) ;
#2812 = CARTESIAN_POINT ( 'NONE',  ( 23.86394899181869889, 24.74010573227399945, 148.3798788391622168 ) ) ;
#2813 = EDGE_CURVE ( 'NONE', #6353, #3138, #1439, .T. ) ;
#2814 = CARTESIAN_POINT ( 'NONE',  ( 9.931661633566287506, 24.16967912149355513, 151.3599634201775643 ) ) ;
#2815 = CARTESIAN_POINT ( 'NONE',  ( 24.26229292204254762, 25.89309560677299871, 153.0808749999999918 ) ) ;
#2816 = CARTESIAN_POINT ( 'NONE',  ( 17.63801565528530091, 30.25267095705630283, 157.6462041666665073 ) ) ;
#2817 = CARTESIAN_POINT ( 'NONE',  ( 22.25913928603184644, 28.15180459602060026, 151.8277010734225030 ) ) ;
#2818 = CARTESIAN_POINT ( 'NONE',  ( 24.45981870167875272, 24.66664131136619886, 151.2875812834990086 ) ) ;
#2819 = CARTESIAN_POINT ( 'NONE',  ( 24.21599015129200083, 25.87492174897539954, 152.7575755957089996 ) ) ;
#2820 = CARTESIAN_POINT ( 'NONE',  ( 21.45313588207955036, 29.48252615687450273, 159.5624166666665076 ) ) ;
#2821 = CARTESIAN_POINT ( 'NONE',  ( 25.41199357665545122, 24.66810183901684894, 158.5442083333335006 ) ) ;
#2822 = CARTESIAN_POINT ( 'NONE',  ( 22.91899959633574824, 18.93709598787319592, 150.5631500000000074 ) ) ;
#2823 = CARTESIAN_POINT ( 'NONE',  ( 23.91578277108754946, 27.02072721837064861, 155.4320250000000101 ) ) ;
#2824 = ORIENTED_EDGE ( 'NONE', *, *, #2488, .F. ) ;
#2825 = CARTESIAN_POINT ( 'NONE',  ( 11.28254034876241896, 20.45413835048930196, 156.1329039062500215 ) ) ;
#2826 = CARTESIAN_POINT ( 'NONE',  ( 14.38849628102541800, 23.03325373390195097, 155.2342075183824761 ) ) ;
#2827 = CARTESIAN_POINT ( 'NONE',  ( 25.38528614612730294, 24.50262521351159961, 157.7663333333335061 ) ) ;
#2828 = DIRECTION ( 'NONE',  ( -0.9914626728336708439, -0.07787427352598327857, 0.1045818621956677713 ) ) ;
#2829 = CARTESIAN_POINT ( 'NONE',  ( 9.838580781854449953, 25.41197450501990218, 150.3688167538619780 ) ) ;
#2830 = ORIENTED_EDGE ( 'NONE', *, *, #786, .F. ) ;
#2831 = CARTESIAN_POINT ( 'NONE',  ( 22.36430496205869645, 18.39077173757794981, 145.6289475551344026 ) ) ;
#2832 = CYLINDRICAL_SURFACE ( 'NONE', #4267, 7.332880782190413171 ) ;
#2833 = CARTESIAN_POINT ( 'NONE',  ( 17.60263419704450172, 30.24984995455445258, 154.4798000000000116 ) ) ;
#2834 = CARTESIAN_POINT ( 'NONE',  ( 23.37749351261714992, 27.25449656370754781, 153.2721257046605103 ) ) ;
#2835 = CARTESIAN_POINT ( 'NONE',  ( 14.95706043206775959, 23.07593872625049869, 155.1303437018329987 ) ) ;
#2836 = CARTESIAN_POINT ( 'NONE',  ( 14.48074721933678077, 22.81724715006464876, 154.7270424227305057 ) ) ;
#2837 = AXIS2_PLACEMENT_3D ( 'NONE', #4128, #5286, #6357 ) ;
#2838 = EDGE_LOOP ( 'NONE', ( #1709, #2756, #1346, #44, #6036, #2118 ) ) ;
#2839 = ADVANCED_FACE ( 'NONE', ( #1185 ), #1743, .T. ) ;
#2840 = CARTESIAN_POINT ( 'NONE',  ( 12.12701304665170099, 22.87576396411789759, 155.9207833713294917 ) ) ;
#2841 = CARTESIAN_POINT ( 'NONE',  ( 11.58069867058797975, 28.01597352628519744, 152.9165646542155059 ) ) ;
#2842 = CARTESIAN_POINT ( 'NONE',  ( 20.49268548489575181, 29.98953529264110074, 161.2577020833334984 ) ) ;
#2843 = CARTESIAN_POINT ( 'NONE',  ( 9.325555475682950402, 24.04886048476825167, 149.2760090563511994 ) ) ;
#2844 = AXIS2_PLACEMENT_3D ( 'NONE', #5916, #637, #5436 ) ;
#2845 = CARTESIAN_POINT ( 'NONE',  ( 25.23417644066814702, 25.99725996067349953, 161.9250156622015027 ) ) ;
#2846 = CARTESIAN_POINT ( 'NONE',  ( 18.74267246313719681, 30.03665814726669936, 164.1157891493054990 ) ) ;
#2847 = CARTESIAN_POINT ( 'NONE',  ( 25.03939025165555066, 26.14469442976590230, 160.7529541666665125 ) ) ;
#2848 = CARTESIAN_POINT ( 'NONE',  ( 11.07889377765914141, 26.90782498849409876, 154.5363496871044902 ) ) ;
#2849 = CARTESIAN_POINT ( 'NONE',  ( 22.19050422620425067, 28.44215912909439936, 153.3289527932134888 ) ) ;
#2850 = CARTESIAN_POINT ( 'NONE',  ( 12.59893569424620097, 22.70305722135170257, 155.6734396224789805 ) ) ;
#2851 = CARTESIAN_POINT ( 'NONE',  ( 23.55632707095955070, 27.65894292087785189, 157.0199125000000038 ) ) ;
#2852 = CARTESIAN_POINT ( 'NONE',  ( 24.83766323899284956, 24.82046992219590109, 153.8614666666665016 ) ) ;
#2853 = CARTESIAN_POINT ( 'NONE',  ( 23.85340829977999988, 19.39287145365145193, 152.7445000000000164 ) ) ;
#2854 = CARTESIAN_POINT ( 'NONE',  ( 24.56191494063584813, 26.00821617160094945, 155.4096812500000055 ) ) ;
#2855 = ORIENTED_EDGE ( 'NONE', *, *, #6129, .T. ) ;
#2856 = CARTESIAN_POINT ( 'NONE',  ( 10.88018555215217908, 24.75574168939569830, 156.5602000000000089 ) ) ;
#2857 = CARTESIAN_POINT ( 'NONE',  ( 23.79187879325925081, 25.15203644426720331, 148.7804137720958124 ) ) ;
#2858 = DIRECTION ( 'NONE',  ( 0.08291556471174026111, -0.9955514112831505003, 0.04474814656117583056 ) ) ;
#2859 = CARTESIAN_POINT ( 'NONE',  ( 25.72323051878949940, 24.50144869582669926, 161.2872683866199850 ) ) ;
#2860 = CARTESIAN_POINT ( 'NONE',  ( 11.83794633722263967, 28.06117469971560041, 153.8946285354019778 ) ) ;
#2861 = CARTESIAN_POINT ( 'NONE',  ( 24.33122372796710309, 25.21866688758925079, 151.7744038774700073 ) ) ;
#2862 = CARTESIAN_POINT ( 'NONE',  ( 24.51718687960149978, 25.12753224271235197, 152.6114481099439786 ) ) ;
#2863 = CARTESIAN_POINT ( 'NONE',  ( 9.858257508970149630, 25.42272732406594926, 150.4918982867534964 ) ) ;
#2864 = VERTEX_POINT ( 'NONE', #5744 ) ;
#2865 = CARTESIAN_POINT ( 'NONE',  ( 10.45413130811114044, 24.73264381355985009, 154.5084875000000011 ) ) ;
#2866 = LINE ( 'NONE', #3803, #3177 ) ;
#2867 = CARTESIAN_POINT ( 'NONE',  ( 19.37213182898110020, 29.87094980049594994, 153.0348825374859700 ) ) ;
#2868 = DIRECTION ( 'NONE',  ( -0.1006318910984300152, -0.05303758115645550858, -0.9935090525400490646 ) ) ;
#2869 = CARTESIAN_POINT ( 'NONE',  ( 16.82141817182250065, 30.23632341586669980, 150.6188750000000027 ) ) ;
#2870 = CARTESIAN_POINT ( 'NONE',  ( 14.16167712588200089, 23.05864813407304936, 156.2194610462555033 ) ) ;
#2871 = CARTESIAN_POINT ( 'NONE',  ( 23.37749351261714992, 27.25449656370754781, 153.2721257046605103 ) ) ;
#2872 = ORIENTED_EDGE ( 'NONE', *, *, #3743, .T. ) ;
#2873 = CARTESIAN_POINT ( 'NONE',  ( 16.31134092558849957, 30.27143048969885086, 148.7137166666665848 ) ) ;
#2874 = CARTESIAN_POINT ( 'NONE',  ( 9.769174134075779392, 22.94830178357774741, 150.3780124999999828 ) ) ;
#2875 = CARTESIAN_POINT ( 'NONE',  ( 23.77550532688730200, 24.80515351513360045, 147.9655574825790154 ) ) ;
#2876 = CARTESIAN_POINT ( 'NONE',  ( 10.10686342008824923, 23.36383722137526675, 152.6447564494385176 ) ) ;
#2877 = CARTESIAN_POINT ( 'NONE',  ( 18.51864330181074791, 29.83385143878280132, 147.2520624999999939 ) ) ;
#2878 = CARTESIAN_POINT ( 'NONE',  ( 25.21230961623360045, 25.28131705867500045, 158.5340166666665027 ) ) ;
#2879 = EDGE_CURVE ( 'NONE', #2214, #2864, #2035, .T. ) ;
#2880 = CARTESIAN_POINT ( 'NONE',  ( 14.77605611021679977, 30.02183775693665169, 153.4923610696884850 ) ) ;
#2881 = CARTESIAN_POINT ( 'NONE',  ( 20.73219943754030226, 29.32829645019850062, 152.9260912285609777 ) ) ;
#2882 = DIRECTION ( 'NONE',  ( 0.1006318910984311671, 0.05303758115645620941, 0.9935090525400490646 ) ) ;
#2883 = CARTESIAN_POINT ( 'NONE',  ( 14.35712642252022064, 22.83439996505165226, 155.3377179354815212 ) ) ;
#2884 = B_SPLINE_CURVE_WITH_KNOTS ( 'NONE', 3,
 ( #1658, #2176, #3128, #6381, #1067, #6304, #993, #3645, #2566, #1140 ),
 .UNSPECIFIED., .F., .F.,
 ( 4, 3, 3, 4 ),
 ( 0.000000000000000000, 0.0001113741163261885986, 0.0002798948938101284908, 0.0004498489707371074848 ),
 .UNSPECIFIED. ) ;
#2885 = CARTESIAN_POINT ( 'NONE',  ( 23.48008659671370069, 27.64703102060924778, 156.2403750000000002 ) ) ;
#2886 = CARTESIAN_POINT ( 'NONE',  ( 24.83241414967019622, 24.38952454562659966, 153.0946729166664966 ) ) ;
#2887 = ADVANCED_FACE ( 'NONE', ( #6341 ), #5769, .T. ) ;
#2888 = CARTESIAN_POINT ( 'NONE',  ( 24.73831123757810246, 20.05708589598054914, 161.1370666666664988 ) ) ;
#2889 = B_SPLINE_CURVE_WITH_KNOTS ( 'NONE', 3,
 ( #911, #283, #2419, #1996 ),
 .UNSPECIFIED., .F., .F.,
 ( 4, 4 ),
 ( 0.000000000000000000, 1.000000000000000000 ),
 .UNSPECIFIED. ) ;
#2890 = CARTESIAN_POINT ( 'NONE',  ( 23.88115474488975210, 27.36693377701299923, 157.7887729166665167 ) ) ;
#2891 = ORIENTED_EDGE ( 'NONE', *, *, #953, .T. ) ;
#2892 = CARTESIAN_POINT ( 'NONE',  ( 10.85860660236891917, 25.52484911534205025, 155.7655458333335048 ) ) ;
#2893 = CARTESIAN_POINT ( 'NONE',  ( 24.65548557056440160, 25.32645920024869923, 153.8552708333334920 ) ) ;
#2894 = CARTESIAN_POINT ( 'NONE',  ( 19.92627082971986852, 29.73023995823297128, 153.4895325047492065 ) ) ;
#2895 = EDGE_CURVE ( 'NONE', #3442, #3347, #6289, .T. ) ;
#2896 = CARTESIAN_POINT ( 'NONE',  ( 25.22378442281530297, 24.55296810589409873, 156.2022145833335003 ) ) ;
#2897 = CARTESIAN_POINT ( 'NONE',  ( 11.88261331286095945, 28.11161519240370055, 153.8874115262219959 ) ) ;
#2898 = B_SPLINE_CURVE_WITH_KNOTS ( 'NONE', 3,
 ( #1349, #5035, #2405, #3483 ),
 .UNSPECIFIED., .F., .F.,
 ( 4, 4 ),
 ( 0.000000000000000000, 1.000000000000000000 ),
 .UNSPECIFIED. ) ;
#2899 = DIRECTION ( 'NONE',  ( 0.7472035518430919510, 0.09181748401878127297, 0.6582221522719579054 ) ) ;
#2900 = ORIENTED_EDGE ( 'NONE', *, *, #3698, .F. ) ;
#2901 = CARTESIAN_POINT ( 'NONE',  ( 10.44062880332043797, 23.48072553146431929, 154.6268268513591124 ) ) ;
#2902 = CARTESIAN_POINT ( 'NONE',  ( 17.65756760144554960, 30.26289186234005157, 156.8501583333334963 ) ) ;
#2903 = CARTESIAN_POINT ( 'NONE',  ( 24.77314919986294939, 23.54864081025591815, 151.9278129244235629 ) ) ;
#2904 = CARTESIAN_POINT ( 'NONE',  ( 13.58223849085428014, 23.01820620368754788, 156.3933779873334800 ) ) ;
#2905 = CARTESIAN_POINT ( 'NONE',  ( 13.78237106450955984, 29.74006969627454922, 152.6015193646764772 ) ) ;
#2906 = CARTESIAN_POINT ( 'NONE',  ( 11.79821669720123900, 28.76955590727204992, 150.4227750000000015 ) ) ;
#2907 = CARTESIAN_POINT ( 'NONE',  ( 16.90714025075699922, 30.24735037559124962, 152.2579327935679601 ) ) ;
#2908 = CARTESIAN_POINT ( 'NONE',  ( 25.43438163789799944, 25.48214467580824660, 161.6652193674599971 ) ) ;
#2909 = CARTESIAN_POINT ( 'NONE',  ( 10.03929381669543908, 26.42900731866525277, 150.2739964790524709 ) ) ;
#2910 = CARTESIAN_POINT ( 'NONE',  ( 24.00153862334330057, 23.96239815628045022, 148.0113338769070026 ) ) ;
#2911 = CARTESIAN_POINT ( 'NONE',  ( 10.38577842844999921, 26.48841674293905157, 152.2338083333334851 ) ) ;
#2912 = CARTESIAN_POINT ( 'NONE',  ( 25.26696928357295135, 25.80184948142014889, 161.2722676407789777 ) ) ;
#2913 = CARTESIAN_POINT ( 'NONE',  ( 11.27145307341339908, 27.24718357157275150, 154.4987291295705347 ) ) ;
#2914 = CARTESIAN_POINT ( 'NONE',  ( 12.18017661500434023, 22.84093603974955045, 155.0474270526359817 ) ) ;
#2915 = FACE_OUTER_BOUND ( 'NONE', #6797, .T. ) ;
#2916 = CARTESIAN_POINT ( 'NONE',  ( 22.89531739054204706, 28.29668790882464791, 157.0638166666664972 ) ) ;
#2917 = CARTESIAN_POINT ( 'NONE',  ( 12.60151908536026077, 28.50129396135475091, 155.5156773457779877 ) ) ;
#2918 = CARTESIAN_POINT ( 'NONE',  ( 23.82488603591605170, 18.91208639580024808, 155.1453499999999792 ) ) ;
#2919 = CARTESIAN_POINT ( 'NONE',  ( 23.66219946604280011, 27.33065897298029867, 155.4456208333334928 ) ) ;
#2920 = VERTEX_POINT ( 'NONE', #5219 ) ;
#2921 = ADVANCED_FACE ( 'NONE', ( #4177 ), #1565, .T. ) ;
#2922 = LINE ( 'NONE', #1277, #4946 ) ;
#2923 = CARTESIAN_POINT ( 'NONE',  ( 10.76740534650672032, 25.13329621750334653, 155.6497854166665036 ) ) ;
#2924 = CARTESIAN_POINT ( 'NONE',  ( 11.12917481505532002, 22.58313224546045461, 151.2592808050345070 ) ) ;
#2925 = CARTESIAN_POINT ( 'NONE',  ( 24.65686160139579997, 23.90517480739275058, 151.5571249999999850 ) ) ;
#2926 = LINE ( 'NONE', #2431, #4719 ) ;
#2927 = VERTEX_POINT ( 'NONE', #5181 ) ;
#2928 = CARTESIAN_POINT ( 'NONE',  ( 23.79103024873525030, 24.82399619015619763, 148.1036008165172291 ) ) ;
#2929 = CARTESIAN_POINT ( 'NONE',  ( 22.74606538491729779, 27.68500051967095033, 151.8033005558724824 ) ) ;
#2930 = CARTESIAN_POINT ( 'NONE',  ( 24.57631242415847339, 23.48549187763277146, 150.8876094711525866 ) ) ;
#2931 = CARTESIAN_POINT ( 'NONE',  ( 12.31020681623273916, 22.69876599146889973, 151.6435068575464982 ) ) ;
#2932 = ORIENTED_EDGE ( 'NONE', *, *, #3516, .T. ) ;
#2933 = CARTESIAN_POINT ( 'NONE',  ( 12.23729583085555994, 29.00227977163844884, 151.1739000000000033 ) ) ;
#2934 = CARTESIAN_POINT ( 'NONE',  ( 23.36319387797185243, 24.76400420134694969, 144.0146263888890132 ) ) ;
#2935 = CARTESIAN_POINT ( 'NONE',  ( 11.26025519498980110, 26.64583188074490039, 155.6992991530539996 ) ) ;
#2936 = CARTESIAN_POINT ( 'NONE',  ( 15.86294593444394962, 23.82339917194194712, 152.2033686990104968 ) ) ;
#2937 = CARTESIAN_POINT ( 'NONE',  ( 10.64343810132771928, 26.58912732792339995, 153.0876700650270266 ) ) ;
#2938 = CARTESIAN_POINT ( 'NONE',  ( 10.07568993967792004, 25.50724034384205297, 152.2944999999999993 ) ) ;
#2939 = CARTESIAN_POINT ( 'NONE',  ( 25.03252902925749979, 26.02613821097569868, 160.0992666666665230 ) ) ;
#2940 = CARTESIAN_POINT ( 'NONE',  ( 13.89248005140184539, 29.67713058192459741, 154.1035264767325543 ) ) ;
#2941 = AXIS2_PLACEMENT_3D ( 'NONE', #3718, #5783, #3211 ) ;
#2942 = CARTESIAN_POINT ( 'NONE',  ( 10.55475113029672407, 23.51433566093137273, 155.1631193345365034 ) ) ;
#2943 = CARTESIAN_POINT ( 'NONE',  ( 10.91286611502310144, 21.21298694468675095, 155.2575499999999806 ) ) ;
#2944 = CARTESIAN_POINT ( 'NONE',  ( 20.66083084062355013, 29.40269031032394764, 153.3372833333334881 ) ) ;
#2945 = CARTESIAN_POINT ( 'NONE',  ( 24.43356886831534780, 24.23504054092535043, 150.7685041666665029 ) ) ;
#2946 = CARTESIAN_POINT ( 'NONE',  ( 23.76672948739224722, 18.64202176776454678, 157.5406604166664977 ) ) ;
#2947 = CIRCLE ( 'NONE', #3736, 1.749999999999996891 ) ;
#2948 = CARTESIAN_POINT ( 'NONE',  ( 23.74137197868234850, 27.34739293983970043, 156.2254479166664964 ) ) ;
#2949 = CARTESIAN_POINT ( 'NONE',  ( 12.07655335843741895, 20.79651721035320122, 161.1649917580140254 ) ) ;
#2950 = ORIENTED_EDGE ( 'NONE', *, *, #4995, .T. ) ;
#2951 = CARTESIAN_POINT ( 'NONE',  ( 23.90472706634234967, 24.46490134454635168, 148.1159754218399769 ) ) ;
#2952 = B_SPLINE_CURVE_WITH_KNOTS ( 'NONE', 3,
 ( #3296, #6459, #2769, #3324, #4874 ),
 .UNSPECIFIED., .F., .F.,
 ( 4, 1, 4 ),
 ( 0.3434699851720764974, 0.4166666666579545431, 0.5564661069968389606 ),
 .UNSPECIFIED. ) ;
#2953 = CARTESIAN_POINT ( 'NONE',  ( 10.84526592822362012, 25.51960387767144667, 155.6353124999999977 ) ) ;
#2954 = CARTESIAN_POINT ( 'NONE',  ( 10.37324060148026028, 23.45991136275910094, 154.2886219114525090 ) ) ;
#2955 = CARTESIAN_POINT ( 'NONE',  ( 24.70348438089159870, 24.34254557786499973, 152.3207520833335025 ) ) ;
#2956 = EDGE_CURVE ( 'NONE', #1129, #5091, #6212, .T. ) ;
#2957 = CARTESIAN_POINT ( 'NONE',  ( 13.90065566588839907, 22.72343763310189857, 153.7148534999224694 ) ) ;
#2958 = CARTESIAN_POINT ( 'NONE',  ( 10.70759858737659975, 24.35168323107690469, 155.7968024305554877 ) ) ;
#2959 = CARTESIAN_POINT ( 'NONE',  ( 25.36196376699259858, 25.46974679384749862, 160.7496506944444832 ) ) ;
#2960 = CARTESIAN_POINT ( 'NONE',  ( 23.83018334034539976, 24.70422496304784943, 148.1070955163052076 ) ) ;
#2961 = CARTESIAN_POINT ( 'NONE',  ( 18.98828178959175261, 24.13657836425414871, 153.3798866912244989 ) ) ;
#2962 = CARTESIAN_POINT ( 'NONE',  ( 18.71757057638340171, 30.04851200058649852, 163.8545861979165181 ) ) ;
#2963 = CARTESIAN_POINT ( 'NONE',  ( 11.81509486420796051, 27.72620520655845056, 155.0883345439389984 ) ) ;
#2964 = CARTESIAN_POINT ( 'NONE',  ( 14.44269496518209905, 22.83287421244589765, 155.1452199247650015 ) ) ;
#2965 = B_SPLINE_CURVE_WITH_KNOTS ( 'NONE', 3,
 ( #303, #2435, #2998, #5101 ),
 .UNSPECIFIED., .F., .F.,
 ( 4, 4 ),
 ( 1.430489624538200128E-17, 0.0004605139003748009888 ),
 .UNSPECIFIED. ) ;
#2966 = EDGE_CURVE ( 'NONE', #4, #528, #3742, .T. ) ;
#2967 = ORIENTED_EDGE ( 'NONE', *, *, #1642, .F. ) ;
#2968 = CARTESIAN_POINT ( 'NONE',  ( 11.68209570439122125, 28.79033347301075096, 149.7680145833333825 ) ) ;
#2969 = CARTESIAN_POINT ( 'NONE',  ( 23.56233497575829716, 24.84343983025999947, 146.5649333333332152 ) ) ;
#2970 = DIRECTION ( 'NONE',  ( 0.9914363738952897132, 0.07786042793597398870, -0.1048411669096929733 ) ) ;
#2971 = CARTESIAN_POINT ( 'NONE',  ( 18.15105515516095380, 29.95789825771250037, 145.7822749184726092 ) ) ;
#2972 = CARTESIAN_POINT ( 'NONE',  ( 24.89622703064184961, 25.27803285409959955, 155.4100791666664918 ) ) ;
#2973 = CARTESIAN_POINT ( 'NONE',  ( 11.00917666268123973, 27.24650793642765123, 153.0155309735234823 ) ) ;
#2974 = CARTESIAN_POINT ( 'NONE',  ( 11.69602867914584010, 27.55970000248434815, 155.1055595625219894 ) ) ;
#2975 = CARTESIAN_POINT ( 'NONE',  ( 10.17117018127699879, 26.24043422159524752, 151.5972375000000056 ) ) ;
#2976 = CARTESIAN_POINT ( 'NONE',  ( 25.20234132264885218, 26.01147218879399858, 161.6643719604479941 ) ) ;
#2977 = B_SPLINE_CURVE_WITH_KNOTS ( 'NONE', 3,
 ( #2103, #1533, #6493, #663, #4906, #4941, #2867 ),
 .UNSPECIFIED., .F., .F.,
 ( 4, 3, 4 ),
 ( 0.000000000000000000, 0.5008786029447990229, 1.000000000000000000 ),
 .UNSPECIFIED. ) ;
#2978 = CARTESIAN_POINT ( 'NONE',  ( 12.15293001872549894, 28.37537315732179977, 154.3492175188804936 ) ) ;
#2979 = CARTESIAN_POINT ( 'NONE',  ( 11.09574618850933980, 27.42724193928649967, 152.4938474034395028 ) ) ;
#2980 = CARTESIAN_POINT ( 'NONE',  ( 10.69931105910650082, 24.22045108371754907, 155.7990052083335115 ) ) ;
#2981 = CARTESIAN_POINT ( 'NONE',  ( 20.47935401209389994, 29.63691191264199887, 155.7156770833335031 ) ) ;
#2982 = B_SPLINE_CURVE_WITH_KNOTS ( 'NONE', 3,
 ( #1385, #314, #3005, #5658 ),
 .UNSPECIFIED., .F., .F.,
 ( 4, 4 ),
 ( 0.000000000000000000, 1.000000000000000000 ),
 .UNSPECIFIED. ) ;
#2983 = CARTESIAN_POINT ( 'NONE',  ( 23.83744473925720442, 18.71452324573700210, 158.3182312499999966 ) ) ;
#2984 = B_SPLINE_CURVE_WITH_KNOTS ( 'NONE', 3,
 ( #3917, #1342, #5480, #2364 ),
 .UNSPECIFIED., .F., .F.,
 ( 4, 4 ),
 ( 0.0002242756552200350108, 0.0004012068472491555249 ),
 .UNSPECIFIED. ) ;
#2985 = CARTESIAN_POINT ( 'NONE',  ( 23.70394731198394922, 25.74965637432529775, 149.7070331518735884 ) ) ;
#2986 = CARTESIAN_POINT ( 'NONE',  ( 12.28181155865642005, 27.10221620591824987, 160.7080656250000175 ) ) ;
#2987 = ORIENTED_EDGE ( 'NONE', *, *, #962, .T. ) ;
#2988 = DIRECTION ( 'NONE',  ( -0.1034257408393973593, -0.05325684438250467834, -0.9932103627420725278 ) ) ;
#2989 = CARTESIAN_POINT ( 'NONE',  ( 19.89396822822984845, 29.77311571254800171, 154.0738833333334981 ) ) ;
#2990 = CARTESIAN_POINT ( 'NONE',  ( 9.124944005960978544, 24.15917772487824777, 148.9438200471952030 ) ) ;
#2991 = DIRECTION ( 'NONE',  ( -0.1006318910984300152, -0.05303758115645550858, -0.9935090525400490646 ) ) ;
#2992 = CARTESIAN_POINT ( 'NONE',  ( 25.85025904347885017, 22.98874533490609906, 161.3555000000000064 ) ) ;
#2993 = CARTESIAN_POINT ( 'NONE',  ( 10.16157290070480101, 23.71331174968990041, 153.2900006910045079 ) ) ;
#2994 = CARTESIAN_POINT ( 'NONE',  ( 11.20342899149371974, 26.52386835947694976, 155.7093468538475065 ) ) ;
#2995 = VERTEX_POINT ( 'NONE', #5727 ) ;
#2996 = CARTESIAN_POINT ( 'NONE',  ( 24.09011196316944847, 24.92459463050380108, 149.9675541666665879 ) ) ;
#2997 = CARTESIAN_POINT ( 'NONE',  ( 23.91988320371400079, 24.79075948531534834, 148.7800916468692094 ) ) ;
#2998 = CARTESIAN_POINT ( 'NONE',  ( 24.83825855209050104, 24.97436590412555191, 154.1948175285660056 ) ) ;
#2999 = CARTESIAN_POINT ( 'NONE',  ( 25.25764732130566514, 23.72884739889446948, 155.0392823147832360 ) ) ;
#3000 = CARTESIAN_POINT ( 'NONE',  ( 14.28311372571870130, 23.03288251926339925, 155.4212161761660127 ) ) ;
#3001 = ORIENTED_EDGE ( 'NONE', *, *, #613, .F. ) ;
#3002 = CARTESIAN_POINT ( 'NONE',  ( 16.69019900725484717, 30.24235337214660291, 150.6348208333335208 ) ) ;
#3003 = CARTESIAN_POINT ( 'NONE',  ( 23.71532790443280092, 23.79990966192044866, 144.8054583333332062 ) ) ;
#3004 = EDGE_CURVE ( 'NONE', #5801, #5381, #3409, .T. ) ;
#3005 = CARTESIAN_POINT ( 'NONE',  ( 11.09469787967734078, 27.42578836469634851, 152.4940311837300158 ) ) ;
#3006 = CARTESIAN_POINT ( 'NONE',  ( 18.17566683163475005, 29.94254230452779808, 146.1328381437122061 ) ) ;
#3007 = CARTESIAN_POINT ( 'NONE',  ( 10.73987610619253985, 26.85037173832190049, 152.5606889478614789 ) ) ;
#3008 = CARTESIAN_POINT ( 'NONE',  ( 9.902432841785239859, 24.29952739363789860, 151.1460783675169921 ) ) ;
#3009 = CARTESIAN_POINT ( 'NONE',  ( 11.74490192412716105, 27.59768784601230251, 155.2094400158875089 ) ) ;
#3010 = CARTESIAN_POINT ( 'NONE',  ( 25.01048868762714861, 25.75577366430260184, 158.5320874999999887 ) ) ;
#3011 = CARTESIAN_POINT ( 'NONE',  ( 14.32955380952517999, 22.74725218751845190, 153.4499549636495033 ) ) ;
#3012 = CARTESIAN_POINT ( 'NONE',  ( 9.378978913663249983, 24.11005242687454952, 149.3437287841620105 ) ) ;
#3013 = CARTESIAN_POINT ( 'NONE',  ( 10.86181931954157953, 21.72783227786215221, 155.6588256944445163 ) ) ;
#3014 = CARTESIAN_POINT ( 'NONE',  ( 25.14539782381455169, 25.79948742398615025, 160.0974999999999966 ) ) ;
#3015 = CARTESIAN_POINT ( 'NONE',  ( 21.14383241740804920, 29.06969160221614956, 152.5061000000000035 ) ) ;
#3016 = CARTESIAN_POINT ( 'NONE',  ( 12.84608036043015922, 28.79153399657554857, 155.0871750000000020 ) ) ;
#3017 = CARTESIAN_POINT ( 'NONE',  ( 11.83554655390155830, 27.71679345105074788, 155.2181409777890053 ) ) ;
#3018 = CARTESIAN_POINT ( 'NONE',  ( 23.46804254575950210, 26.41622264581859980, 150.3748494635330246 ) ) ;
#3019 = CYLINDRICAL_SURFACE ( 'NONE', #5827, 6.243441225111379111 ) ;
#3020 = ORIENTED_EDGE ( 'NONE', *, *, #1327, .T. ) ;
#3021 = CARTESIAN_POINT ( 'NONE',  ( 25.43146495763189918, 25.10429132446470391, 160.1001499999999851 ) ) ;
#3022 = CARTESIAN_POINT ( 'NONE',  ( 10.63548542774742067, 24.47905936711790176, 155.4102458333335051 ) ) ;
#3023 = CARTESIAN_POINT ( 'NONE',  ( 9.685105734355699880, 25.33509049870160013, 149.6424763820369890 ) ) ;
#3024 = CARTESIAN_POINT ( 'NONE',  ( 12.12924700947903922, 22.62369874717159846, 154.7781860419455029 ) ) ;
#3025 = CARTESIAN_POINT ( 'NONE',  ( 25.46457951640105222, 22.57407755837520114, 156.2896000000000072 ) ) ;
#3026 = CARTESIAN_POINT ( 'NONE',  ( 14.40344484849712003, 22.79571190238890210, 154.3911653498404917 ) ) ;
#3027 = CARTESIAN_POINT ( 'NONE',  ( 12.86183301522188138, 22.75577358017484997, 156.3591342925859919 ) ) ;
#3028 = ORIENTED_EDGE ( 'NONE', *, *, #5791, .T. ) ;
#3029 = DIRECTION ( 'NONE',  ( -0.1006318910984300152, -0.05303758115645550858, -0.9935090525400490646 ) ) ;
#3030 = CARTESIAN_POINT ( 'NONE',  ( 24.70365890269444975, 25.20088472240569644, 153.8564270833335001 ) ) ;
#3031 = LINE ( 'NONE', #4482, #815 ) ;
#3032 = CARTESIAN_POINT ( 'NONE',  ( 10.86263847827590112, 26.69068877098899861, 153.7642458333335185 ) ) ;
#3033 = CARTESIAN_POINT ( 'NONE',  ( 10.87363827116901760, 24.70789629387759945, 156.4826777849278301 ) ) ;
#3034 = CARTESIAN_POINT ( 'NONE',  ( 9.742512217820429754, 23.45904205722764857, 150.3088332416394906 ) ) ;
#3035 = EDGE_LOOP ( 'NONE', ( #6002, #1493, #4895, #5898 ) ) ;
#3036 = B_SPLINE_CURVE_WITH_KNOTS ( 'NONE', 3,
 ( #759, #5327, #3008, #5693 ),
 .UNSPECIFIED., .F., .F.,
 ( 4, 4 ),
 ( 0.000000000000000000, 5.404349470244440328E-06 ),
 .UNSPECIFIED. ) ;
#3037 = CARTESIAN_POINT ( 'NONE',  ( 11.38350839467110021, 28.63654234226265416, 149.2687346585324235 ) ) ;
#3038 = FACE_OUTER_BOUND ( 'NONE', #2838, .T. ) ;
#3039 = CARTESIAN_POINT ( 'NONE',  ( 23.91988320371400079, 24.79075948531534834, 148.7800916468692094 ) ) ;
#3040 = CARTESIAN_POINT ( 'NONE',  ( 17.78069998110489891, 30.08629877212239734, 145.8502631491953991 ) ) ;
#3041 = CARTESIAN_POINT ( 'NONE',  ( 10.73862050227302056, 26.78239041940534904, 153.0677119258890002 ) ) ;
#3042 = CARTESIAN_POINT ( 'NONE',  ( 22.99872307380184822, 26.65355570061525370, 148.8666780595862065 ) ) ;
#3043 = EDGE_CURVE ( 'NONE', #6770, #36, #4633, .T. ) ;
#3044 = CARTESIAN_POINT ( 'NONE',  ( 10.23221642891606109, 25.50775592412724890, 153.0726875000000007 ) ) ;
#3045 = CARTESIAN_POINT ( 'NONE',  ( 23.58859334865620028, 25.45775130217120363, 148.4226438016769976 ) ) ;
#3046 = CARTESIAN_POINT ( 'NONE',  ( 13.36784948469914269, 29.37096918700296300, 154.1730101172781247 ) ) ;
#3047 = CARTESIAN_POINT ( 'NONE',  ( 10.55666299974116384, 23.51489276718790578, 155.1719711913335402 ) ) ;
#3048 = DIRECTION ( 'NONE',  ( -0.1001943896608486345, -0.05300321328362061352, -0.9935551034855093500 ) ) ;
#3049 = CARTESIAN_POINT ( 'NONE',  ( 11.01999000744597978, 20.83230146168630270, 155.2430937500000141 ) ) ;
#3050 = CIRCLE ( 'NONE', #1717, 7.088533092083010523 ) ;
#3051 = CARTESIAN_POINT ( 'NONE',  ( 24.21160421826245113, 25.72929327637819696, 152.3037499999999795 ) ) ;
#3052 = CARTESIAN_POINT ( 'NONE',  ( 22.53717310640874771, 28.24518352046374758, 153.9528999999999996 ) ) ;
#3053 = CARTESIAN_POINT ( 'NONE',  ( 16.68820243816539772, 30.27657176802345163, 154.5964270833335092 ) ) ;
#3054 = CARTESIAN_POINT ( 'NONE',  ( 22.47821028613460115, 18.69453816690590031, 149.8610916666665958 ) ) ;
#3055 = EDGE_CURVE ( 'NONE', #4233, #370, #4810, .T. ) ;
#3056 = CARTESIAN_POINT ( 'NONE',  ( 15.52551695950839949, 22.60630708014619827, 148.0981788809069997 ) ) ;
#3057 = CARTESIAN_POINT ( 'NONE',  ( 12.05325522000110006, 20.63490603109140054, 160.7814658640340042 ) ) ;
#3058 = ORIENTED_EDGE ( 'NONE', *, *, #4868, .F. ) ;
#3059 = CARTESIAN_POINT ( 'NONE',  ( 11.02021049558605981, 26.26382955954110088, 155.3395078651594758 ) ) ;
#3060 = CARTESIAN_POINT ( 'NONE',  ( 9.113686757336839861, 25.50657177480210080, 148.3100186873786015 ) ) ;
#3061 = CARTESIAN_POINT ( 'NONE',  ( 13.34139088196100076, 22.77634657066699830, 155.9282484772930104 ) ) ;
#3062 = CARTESIAN_POINT ( 'NONE',  ( 25.76323952804935047, 23.51037941034275036, 160.1486500000000035 ) ) ;
#3063 = CARTESIAN_POINT ( 'NONE',  ( 11.11955563575954109, 26.50322602423400298, 155.3237110954790126 ) ) ;
#3064 = ORIENTED_EDGE ( 'NONE', *, *, #5304, .F. ) ;
#3065 = CARTESIAN_POINT ( 'NONE',  ( 11.60170072117960061, 28.07037128545039906, 152.4082667173789787 ) ) ;
#3066 = CARTESIAN_POINT ( 'NONE',  ( 15.09318342272114855, 30.12510735243494864, 152.4481931397874916 ) ) ;
#3067 = CARTESIAN_POINT ( 'NONE',  ( 24.38489585489295308, 25.07318668570360032, 151.7767337906585112 ) ) ;
#3068 = CARTESIAN_POINT ( 'NONE',  ( 11.23699183174884020, 27.11449759590750119, 154.3728736111109754 ) ) ;
#3069 = CARTESIAN_POINT ( 'NONE',  ( 11.28980182493969942, 23.24525447598760053, 158.9882767167014777 ) ) ;
#3070 = CARTESIAN_POINT ( 'NONE',  ( 13.48433280571951975, 22.98805372748844889, 155.9039625199834802 ) ) ;
#3071 = B_SPLINE_CURVE_WITH_KNOTS ( 'NONE', 3,
 ( #1226, #4909, #1159, #2738 ),
 .UNSPECIFIED., .F., .F.,
 ( 4, 4 ),
 ( 1.868354362588069819E-17, 0.0001541606853395355032 ),
 .UNSPECIFIED. ) ;
#3072 = ORIENTED_EDGE ( 'NONE', *, *, #4104, .T. ) ;
#3073 = CARTESIAN_POINT ( 'NONE',  ( 13.62276516293477790, 30.02694251366754941, 148.3909625000000005 ) ) ;
#3074 = CARTESIAN_POINT ( 'NONE',  ( 23.87417892005510112, 23.35324685521800347, 146.0596000000000174 ) ) ;
#3075 = CARTESIAN_POINT ( 'NONE',  ( 24.46990809467829919, 25.10949750831915139, 152.3062395833335074 ) ) ;
#3076 = CARTESIAN_POINT ( 'NONE',  ( 20.25730487754229969, 29.99293386944275142, 160.4879833333334886 ) ) ;
#3077 = CARTESIAN_POINT ( 'NONE',  ( 24.08661504432879852, 24.46970914686025012, 149.1860666666665907 ) ) ;
#3078 = CARTESIAN_POINT ( 'NONE',  ( 16.58180831303790015, 30.27176499475390159, 153.2961154545269835 ) ) ;
#3079 = DIRECTION ( 'NONE',  ( -0.08291556471174169052, 0.9955514112831497231, -0.04474814656119079775 ) ) ;
#3080 = CARTESIAN_POINT ( 'NONE',  ( 23.89437967527298312, 25.35074481836777949, 149.7568761890216535 ) ) ;
#3081 = DIRECTION ( 'NONE',  ( -0.1006318910984288495, -0.05303758115645532123, -0.9935090525400493977 ) ) ;
#3082 = CARTESIAN_POINT ( 'NONE',  ( 25.31408188026705020, 25.58311368488729798, 160.7493666666665035 ) ) ;
#3083 = CARTESIAN_POINT ( 'NONE',  ( 10.14354665106112030, 24.34158511264935143, 153.2582867536179947 ) ) ;
#3084 = PLANE ( 'NONE',  #3293 ) ;
#3085 = CARTESIAN_POINT ( 'NONE',  ( 10.74745003924643960, 22.37866439677575059, 155.6719125000000190 ) ) ;
#3086 = EDGE_CURVE ( 'NONE', #5686, #2995, #3486, .T. ) ;
#3087 = CARTESIAN_POINT ( 'NONE',  ( 23.86720454139264902, 25.22197375950289810, 149.3038784130490058 ) ) ;
#3088 = CARTESIAN_POINT ( 'NONE',  ( 22.97872526509795321, 27.23781204401860023, 150.9289291666665065 ) ) ;
#3089 = CARTESIAN_POINT ( 'NONE',  ( 17.08935651504319964, 30.26023625975619780, 153.6200513888890100 ) ) ;
#3090 = CARTESIAN_POINT ( 'NONE',  ( 11.75748446536221969, 27.87140768751464748, 154.2987666666664950 ) ) ;
#3091 = CARTESIAN_POINT ( 'NONE',  ( 23.87724414049870347, 25.87199312437340026, 150.8798236111109929 ) ) ;
#3092 = CARTESIAN_POINT ( 'NONE',  ( 11.86861946375776000, 21.72352056844909995, 161.1787388888890007 ) ) ;
#3093 = ORIENTED_EDGE ( 'NONE', *, *, #359, .T. ) ;
#3094 = CARTESIAN_POINT ( 'NONE',  ( 11.89153460357317904, 28.38080103196589832, 152.3623376194535126 ) ) ;
#3095 = EDGE_CURVE ( 'NONE', #2186, #1769, #1125, .T. ) ;
#3096 = CARTESIAN_POINT ( 'NONE',  ( 10.36111465538290055, 24.34215475520799998, 154.2427523718955058 ) ) ;
#3097 = CARTESIAN_POINT ( 'NONE',  ( 25.37628313007800074, 23.19793656630359990, 155.4721499999999992 ) ) ;
#3098 = CARTESIAN_POINT ( 'NONE',  ( 11.03280790544280165, 26.48390576622260184, 154.9380442431165363 ) ) ;
#3099 = ORIENTED_EDGE ( 'NONE', *, *, #5583, .F. ) ;
#3100 = CARTESIAN_POINT ( 'NONE',  ( 11.07930747933892057, 24.77219292380044990, 157.7162999999999897 ) ) ;
#3101 = CARTESIAN_POINT ( 'NONE',  ( 16.85682430436229851, 30.22083158518234924, 151.7611782634199926 ) ) ;
#3102 = CARTESIAN_POINT ( 'NONE',  ( 12.53846032807606115, 22.92373042279439943, 156.2255488865359894 ) ) ;
#3103 = CARTESIAN_POINT ( 'NONE',  ( 10.92533761861900032, 27.14409270916219796, 152.9497541666665086 ) ) ;
#3104 = CARTESIAN_POINT ( 'NONE',  ( 11.11766268153643189, 24.80277440748465878, 157.8432861379440908 ) ) ;
#3105 = CARTESIAN_POINT ( 'NONE',  ( 14.07312343427093992, 22.82586139457425034, 155.6739929193140028 ) ) ;
#3106 = CARTESIAN_POINT ( 'NONE',  ( 9.555594452974078834, 24.04539304336275407, 149.7031002348792015 ) ) ;
#3107 = ORIENTED_EDGE ( 'NONE', *, *, #1977, .F. ) ;
#3108 = CARTESIAN_POINT ( 'NONE',  ( 16.85682430436229851, 30.22083158518234924, 151.7611782634199926 ) ) ;
#3109 = CARTESIAN_POINT ( 'NONE',  ( 23.25300795935850218, 19.63195991786860262, 145.4099000000000217 ) ) ;
#3110 = CARTESIAN_POINT ( 'NONE',  ( 24.09324495283630441, 23.31824076440409854, 148.0617210410698021 ) ) ;
#3111 = CARTESIAN_POINT ( 'NONE',  ( 10.64343810113591893, 26.58912732782235011, 153.0876700631335154 ) ) ;
#3112 = CARTESIAN_POINT ( 'NONE',  ( 17.86580010914884653, 30.11366196963105324, 150.4940624999999841 ) ) ;
#3113 = CARTESIAN_POINT ( 'NONE',  ( 13.48834152010546106, 22.87298860335080164, 153.3365795025729881 ) ) ;
#3114 = CARTESIAN_POINT ( 'NONE',  ( 27.41571450867795079, 24.79850968922499987, 152.4909408625615015 ) ) ;
#3115 = CARTESIAN_POINT ( 'NONE',  ( 10.10797608356918253, 23.72287971007217777, 152.7916520235775977 ) ) ;
#3116 = ORIENTED_EDGE ( 'NONE', *, *, #3690, .F. ) ;
#3117 = CARTESIAN_POINT ( 'NONE',  ( 11.64118212484362047, 22.58818617049434962, 154.8924607122765167 ) ) ;
#3118 = CARTESIAN_POINT ( 'NONE',  ( 24.74255031274319805, 25.64964784827720479, 155.4076749999999834 ) ) ;
#3119 = CARTESIAN_POINT ( 'NONE',  ( 24.62566895435240966, 25.77096216924946148, 154.9993137220222366 ) ) ;
#3120 = CARTESIAN_POINT ( 'NONE',  ( 23.93624527248140055, 24.34416167485284888, 148.1223794478931950 ) ) ;
#3121 = CARTESIAN_POINT ( 'NONE',  ( 25.01048868762714861, 25.75577366430260184, 158.5320874999999887 ) ) ;
#3122 = DIRECTION ( 'NONE',  ( -0.08291556471174028886, 0.9955514112831506113, -0.04474814656117580974 ) ) ;
#3123 = CARTESIAN_POINT ( 'NONE',  ( 16.47934233832350159, 30.26259811860535009, 153.0356333333334931 ) ) ;
#3124 = CARTESIAN_POINT ( 'NONE',  ( 24.75183223482455119, 25.07531024456270075, 153.8575833333334799 ) ) ;
#3125 = CARTESIAN_POINT ( 'NONE',  ( 9.378978913663249983, 24.11005242687454952, 149.3437287841620105 ) ) ;
#3126 = CARTESIAN_POINT ( 'NONE',  ( 14.98780925919829876, 22.85753687389370015, 154.6838485899275213 ) ) ;
#3127 = CARTESIAN_POINT ( 'NONE',  ( 25.03939025165555066, 26.14469442976590230, 160.7529541666665125 ) ) ;
#3128 = CARTESIAN_POINT ( 'NONE',  ( 25.18281889490414827, 25.05077762130785146, 157.3291982597784795 ) ) ;
#3129 = CARTESIAN_POINT ( 'NONE',  ( 10.72166512124011994, 26.22783164243940135, 154.1055672987824892 ) ) ;
#3130 = CARTESIAN_POINT ( 'NONE',  ( 10.32464258119020073, 21.70339853545300102, 152.4470555555555222 ) ) ;
#3131 = ORIENTED_EDGE ( 'NONE', *, *, #489, .F. ) ;
#3132 = LINE ( 'NONE', #2008, #3726 ) ;
#3133 = B_SPLINE_CURVE_WITH_KNOTS ( 'NONE', 3,
 ( #4913, #4424, #3301, #733, #2874, #150, #5403, #1720 ),
 .UNSPECIFIED., .F., .F.,
 ( 4, 1, 1, 1, 1, 4 ),
 ( 0.000000000000000000, 0.1666666656470134900, 0.3333333312940269799, 0.4999999969410400258, 0.8333333282350670057, 0.8616509907607070584 ),
 .UNSPECIFIED. ) ;
#3134 = CARTESIAN_POINT ( 'NONE',  ( 23.77643440457125124, 28.03583174924419907, 161.6061249999999916 ) ) ;
#3135 = CARTESIAN_POINT ( 'NONE',  ( 23.32717756718734847, 27.22797777298355015, 152.7753711783859956 ) ) ;
#3136 = CARTESIAN_POINT ( 'NONE',  ( 25.84574682472899809, 24.26796858592659945, 162.0786682428949916 ) ) ;
#3137 = EDGE_CURVE ( 'NONE', #1769, #1813, #3833, .T. ) ;
#3138 = VERTEX_POINT ( 'NONE', #4943 ) ;
#3139 = CARTESIAN_POINT ( 'NONE',  ( 11.50445915741403979, 23.99164487074419938, 160.4166500000000042 ) ) ;
#3140 = CARTESIAN_POINT ( 'NONE',  ( 13.79920862431612072, 22.88163564789334714, 152.9529402813434729 ) ) ;
#3141 = CARTESIAN_POINT ( 'NONE',  ( 10.41143060241200047, 24.36867354583230139, 154.7395069021859797 ) ) ;
#3142 = CARTESIAN_POINT ( 'NONE',  ( 10.62092559905084066, 26.59052089899349980, 152.9995583333335105 ) ) ;
#3143 = CARTESIAN_POINT ( 'NONE',  ( 11.19816521984911439, 24.26789925683227622, 158.5957446201059895 ) ) ;
#3144 = CARTESIAN_POINT ( 'NONE',  ( 11.50411315109382038, 27.72163406804504859, 153.6666916666664804 ) ) ;
#3145 = CARTESIAN_POINT ( 'NONE',  ( 13.98584756907385973, 22.82154554381924783, 155.7396912010185019 ) ) ;
#3146 = B_SPLINE_SURFACE_WITH_KNOTS ( 'NONE', 3, 1, ( 
 ( #2913, #1763 ),
 ( #5986, #4956 ),
 ( #2783, #2252 ),
 ( #5955, #189 ),
 ( #2848, #2321 ),
 ( #3973, #6608 ),
 ( #4431, #6052 ),
 ( #161, #6539 ),
 ( #743, #4920 ) ),
 .UNSPECIFIED., .F., .F., .F.,
 ( 4, 3, 2, 4 ),
 ( 2, 2 ),
 ( 1.361589131132770029E-13, 0.0003244220159761079607, 0.0005271511039999690184, 0.0007301073204114090151 ),
 ( 0.000000000000000000, 1.000000000000000000 ),
 .UNSPECIFIED. ) ;
#3147 = EDGE_CURVE ( 'NONE', #3226, #2147, #1606, .T. ) ;
#3148 = CARTESIAN_POINT ( 'NONE',  ( 9.807669457372361066, 22.30184993527324977, 150.4296278645834946 ) ) ;
#3149 = ORIENTED_EDGE ( 'NONE', *, *, #3362, .T. ) ;
#3150 = CARTESIAN_POINT ( 'NONE',  ( 11.32213960298039979, 27.38054122981834837, 153.9832092682910059 ) ) ;
#3151 = CARTESIAN_POINT ( 'NONE',  ( 24.08358295080689970, 22.08344319236294950, 148.0472333333331960 ) ) ;
#3152 = CARTESIAN_POINT ( 'NONE',  ( 19.51855938031780369, 30.09277193381655024, 159.7829000000000121 ) ) ;
#3153 = CARTESIAN_POINT ( 'NONE',  ( 10.35021453925605961, 25.87198455823985199, 153.1556545078874763 ) ) ;
#3154 = CARTESIAN_POINT ( 'NONE',  ( 23.80115485231605632, 25.47587394984869746, 149.5402581508690787 ) ) ;
#3155 = CARTESIAN_POINT ( 'NONE',  ( 10.69409572626604010, 24.06084872608690262, 155.8009217888140370 ) ) ;
#3156 = ORIENTED_EDGE ( 'NONE', *, *, #5997, .F. ) ;
#3157 = CARTESIAN_POINT ( 'NONE',  ( 10.53710309033097658, 22.48548320100475806, 154.6533279122022861 ) ) ;
#3158 = CARTESIAN_POINT ( 'NONE',  ( 13.54056968709357811, 22.81459216474009821, 156.4100657972394970 ) ) ;
#3159 = CARTESIAN_POINT ( 'NONE',  ( 24.75779304148084847, 25.36739825436114870, 154.6310583333335273 ) ) ;
#3160 = CARTESIAN_POINT ( 'NONE',  ( 11.39636462052459898, 27.52028372270869738, 153.8734821054849817 ) ) ;
#3161 = CARTESIAN_POINT ( 'NONE',  ( 24.86193715342369259, 25.70080381484512699, 156.7537385879995213 ) ) ;
#3162 = CARTESIAN_POINT ( 'NONE',  ( 19.36505773374295103, 29.80919808378254743, 152.0323622765230027 ) ) ;
#3163 = CARTESIAN_POINT ( 'NONE',  ( 23.94006452954925024, 24.49970962018445064, 148.3855981614131849 ) ) ;
#3164 = CARTESIAN_POINT ( 'NONE',  ( 22.89642302914219840, 27.03164920501930268, 149.7625998400374101 ) ) ;
#3165 = CARTESIAN_POINT ( 'NONE',  ( 23.86933643195560251, 24.58445373593950123, 148.1105902160932146 ) ) ;
#3166 = CARTESIAN_POINT ( 'NONE',  ( 12.03619853825202135, 27.91860435989164912, 155.4486574432860095 ) ) ;
#3167 = CARTESIAN_POINT ( 'NONE',  ( 10.90896839074612146, 26.63993742411435051, 154.0645955774320157 ) ) ;
#3168 = B_SPLINE_CURVE_WITH_KNOTS ( 'NONE', 3,
 ( #3108, #5214, #454, #2092 ),
 .UNSPECIFIED., .F., .F.,
 ( 4, 4 ),
 ( 0.000000000000000000, 1.000000000000000000 ),
 .UNSPECIFIED. ) ;
#3169 = CARTESIAN_POINT ( 'NONE',  ( 10.34096380708693452, 22.41857823426037655, 153.5282682505007301 ) ) ;
#3170 = CARTESIAN_POINT ( 'NONE',  ( 10.71847592161165963, 27.38858973566244970, 151.3661166666664997 ) ) ;
#3171 = CARTESIAN_POINT ( 'NONE',  ( 10.10854530807604057, 23.94688836554560041, 153.1113500000000158 ) ) ;
#3172 = VERTEX_POINT ( 'NONE', #1677 ) ;
#3173 = AXIS2_PLACEMENT_3D ( 'NONE', #4146, #1496, #1824 ) ;
#3174 = CARTESIAN_POINT ( 'NONE',  ( 21.40658654344760237, 29.73639913962260195, 161.8219312500000058 ) ) ;
#3175 = CARTESIAN_POINT ( 'NONE',  ( 24.70348438089159870, 24.34254557786504947, 152.3207520833335025 ) ) ;
#3176 = CARTESIAN_POINT ( 'NONE',  ( 24.90938487619819952, 22.36926537248274727, 152.4098000000000184 ) ) ;
#3177 = VECTOR ( 'NONE', #2338, 1000.000000000000114 ) ;
#3178 = AXIS2_PLACEMENT_3D ( 'NONE', #3519, #1878, #3988 ) ;
#3179 = CARTESIAN_POINT ( 'NONE',  ( 24.97326607860295056, 26.13833706915979960, 160.1005687500000079 ) ) ;
#3180 = VERTEX_POINT ( 'NONE', #3266 ) ;
#3181 = CARTESIAN_POINT ( 'NONE',  ( 11.53828586291892044, 20.84724009431080205, 158.4742249999999899 ) ) ;
#3182 = CARTESIAN_POINT ( 'NONE',  ( 23.58342103453789917, 25.30579338501795306, 147.9626217975307725 ) ) ;
#3183 = CARTESIAN_POINT ( 'NONE',  ( 10.37515352257621970, 24.72804102281214966, 154.2207301992864927 ) ) ;
#3184 = CARTESIAN_POINT ( 'NONE',  ( 11.44430687092162024, 27.13776216759430326, 155.2729176205049839 ) ) ;
#3185 = VECTOR ( 'NONE', #3800, 1000.000000000000114 ) ;
#3186 = CARTESIAN_POINT ( 'NONE',  ( 11.17725581593492379, 24.46702436521271551, 158.4039090773363512 ) ) ;
#3187 = EDGE_CURVE ( 'NONE', #1813, #1944, #4349, .T. ) ;
#3188 = CARTESIAN_POINT ( 'NONE',  ( 9.876036450656599186, 23.49824168394390256, 150.7438760630364811 ) ) ;
#3189 =( GEOMETRIC_REPRESENTATION_CONTEXT ( 3 ) GLOBAL_UNCERTAINTY_ASSIGNED_CONTEXT ( ( #764 ) ) GLOBAL_UNIT_ASSIGNED_CONTEXT ( ( #4385, #4419, #696 ) ) REPRESENTATION_CONTEXT ( 'NONE', 'WORKASPACE' ) );
#3190 = VERTEX_POINT ( 'NONE', #48 ) ;
#3191 = CARTESIAN_POINT ( 'NONE',  ( 16.23636766030745093, 30.29357989423484909, 148.0703493055555953 ) ) ;
#3192 = CARTESIAN_POINT ( 'NONE',  ( 23.95159921637834799, 21.34542537996560085, 148.1308041666665929 ) ) ;
#3193 = CARTESIAN_POINT ( 'NONE',  ( 19.07764936845685000, 30.08338077090974849, 156.6654500000000212 ) ) ;
#3194 = CARTESIAN_POINT ( 'NONE',  ( 10.05879148340730111, 22.28895661155879893, 151.1673097618680117 ) ) ;
#3195 = EDGE_CURVE ( 'NONE', #2267, #5381, #3071, .T. ) ;
#3196 = CARTESIAN_POINT ( 'NONE',  ( 16.88874118708174876, 23.35692393103539999, 152.1243689178670024 ) ) ;
#3197 = MANIFOLD_SOLID_BREP ( 'NONE', #2612 ) ;
#3198 = ORIENTED_EDGE ( 'NONE', *, *, #4268, .F. ) ;
#3199 = CARTESIAN_POINT ( 'NONE',  ( 11.84174037923503953, 28.33045412937329743, 152.3700689681244853 ) ) ;
#3200 = CARTESIAN_POINT ( 'NONE',  ( 14.97122614625594039, 23.05664715615035121, 154.6748989606155078 ) ) ;
#3201 = CARTESIAN_POINT ( 'NONE',  ( 10.44046298825034036, 26.60411425166105204, 152.2239812500000085 ) ) ;
#3202 = CARTESIAN_POINT ( 'NONE',  ( 25.29702624760674823, 25.45443962055324860, 160.0975395833335142 ) ) ;
#3203 = CARTESIAN_POINT ( 'NONE',  ( 9.502700420922650437, 23.15118629308235398, 149.8197069031615740 ) ) ;
#3204 = CARTESIAN_POINT ( 'NONE',  ( 24.62791728682825365, 25.96960337708970812, 155.8159722177415460 ) ) ;
#3205 = CARTESIAN_POINT ( 'NONE',  ( 25.36130946393605257, 25.07270111793255296, 159.3186333333335085 ) ) ;
#3206 = ADVANCED_FACE ( 'NONE', ( #1641 ), #2753, .F. ) ;
#3207 = CARTESIAN_POINT ( 'NONE',  ( 19.87811642317550209, 29.48240851518644945, 150.2759098958335073 ) ) ;
#3208 = CARTESIAN_POINT ( 'NONE',  ( 12.22921431487571908, 28.27954938784650096, 154.7681587197969861 ) ) ;
#3209 = CARTESIAN_POINT ( 'NONE',  ( 13.34830866364610102, 22.65467467419820125, 153.2084884565825007 ) ) ;
#3210 = CARTESIAN_POINT ( 'NONE',  ( 24.83078055867554923, 26.09874050091304909, 158.5348729166665009 ) ) ;
#3211 = DIRECTION ( 'NONE',  ( -0.4749331273234689288, 0.000000000000000000, 0.8800218886884288993 ) ) ;
#3212 = CYLINDRICAL_SURFACE ( 'NONE', #49, 1.749999999999996891 ) ;
#3213 = CARTESIAN_POINT ( 'NONE',  ( 10.56452118530289930, 20.53560388368229894, 151.8898583333335068 ) ) ;
#3214 = CARTESIAN_POINT ( 'NONE',  ( 21.74931171916014705, 29.58926898318095056, 161.7856249999999818 ) ) ;
#3215 = CARTESIAN_POINT ( 'NONE',  ( 25.59650317479820103, 25.03336947059264972, 161.6486347734969797 ) ) ;
#3216 = CARTESIAN_POINT ( 'NONE',  ( 25.68404172967760246, 22.17318547189894673, 160.8934166666665249 ) ) ;
#3217 = CARTESIAN_POINT ( 'NONE',  ( 24.58401251774309770, 26.79648656312295074, 160.1132999999999811 ) ) ;
#3218 = ORIENTED_EDGE ( 'NONE', *, *, #4986, .F. ) ;
#3219 = CARTESIAN_POINT ( 'NONE',  ( 11.97161291998867938, 20.63377818328809710, 160.3975970412805054 ) ) ;
#3220 = CARTESIAN_POINT ( 'NONE',  ( 13.92127093964042039, 22.69551473392224850, 153.0554293445579788 ) ) ;
#3221 = CARTESIAN_POINT ( 'NONE',  ( 12.25565766662130152, 22.89165141294470018, 156.0358748596945020 ) ) ;
#3222 = CARTESIAN_POINT ( 'NONE',  ( 10.23771894359801848, 27.26502842518039671, 149.4064156845694242 ) ) ;
#3223 = CARTESIAN_POINT ( 'NONE',  ( 14.46416410639441885, 23.01635743232129627, 154.7180927934180090 ) ) ;
#3224 = CARTESIAN_POINT ( 'NONE',  ( 10.03764727324650075, 21.67418272452099970, 150.7883770833335007 ) ) ;
#3225 = CARTESIAN_POINT ( 'NONE',  ( 10.08943061219425985, 26.22274570612110267, 151.0757312500000182 ) ) ;
#3226 = VERTEX_POINT ( 'NONE', #179 ) ;
#3227 = CARTESIAN_POINT ( 'NONE',  ( 24.13179874606359832, 24.94721806647419982, 150.2193562252664947 ) ) ;
#3228 = CARTESIAN_POINT ( 'NONE',  ( 23.72820310235714913, 20.65111806828405250, 148.3528604166666298 ) ) ;
#3229 = DIRECTION ( 'NONE',  ( -0.1006318910984300152, -0.05303758115645550858, -0.9935090525400490646 ) ) ;
#3230 = CARTESIAN_POINT ( 'NONE',  ( 17.18847012417720066, 30.18382152699489751, 148.2077999999999918 ) ) ;
#3231 = CARTESIAN_POINT ( 'NONE',  ( 19.03859773514095011, 24.16309715483235010, 153.8766412174944946 ) ) ;
#3232 = ORIENTED_EDGE ( 'NONE', *, *, #2718, .F. ) ;
#3233 = EDGE_CURVE ( 'NONE', #4437, #1162, #1160, .T. ) ;
#3234 = CARTESIAN_POINT ( 'NONE',  ( 11.84298283375339977, 28.30589768004210072, 152.8745207220819964 ) ) ;
#3235 = CARTESIAN_POINT ( 'NONE',  ( 14.43842347434249973, 22.87336906579415086, 156.0540593874245019 ) ) ;
#3236 = CARTESIAN_POINT ( 'NONE',  ( 10.23221642891606109, 25.50775592412724890, 153.0726875000000007 ) ) ;
#3237 = CARTESIAN_POINT ( 'NONE',  ( 24.62858544135610828, 25.75761505362895676, 154.9734969560063860 ) ) ;
#3238 = CARTESIAN_POINT ( 'NONE',  ( 24.72270246144159955, 24.77579621737329774, 153.0864166666665085 ) ) ;
#3239 = CARTESIAN_POINT ( 'NONE',  ( 23.53535777178759858, 25.41827603307810080, 147.9640234039782172 ) ) ;
#3240 = PLANE ( 'NONE',  #2844 ) ;
#3241 = CARTESIAN_POINT ( 'NONE',  ( 25.10909302109935126, 24.93575257988299754, 156.1941833333335126 ) ) ;
#3242 = CARTESIAN_POINT ( 'NONE',  ( 24.70404877392930132, 26.05639306606149930, 156.9709937500000194 ) ) ;
#3243 = CARTESIAN_POINT ( 'NONE',  ( 11.97750393945731950, 28.00666400959440239, 154.8009223468000073 ) ) ;
#3244 = EDGE_CURVE ( 'NONE', #6366, #475, #3896, .T. ) ;
#3245 = PLANE ( 'NONE',  #2941 ) ;
#3246 = CARTESIAN_POINT ( 'NONE',  ( 11.52446398364959990, 27.30702392382940147, 155.1299537883899688 ) ) ;
#3247 = CARTESIAN_POINT ( 'NONE',  ( 10.01219363049476030, 23.00247141094499526, 151.2889131944445182 ) ) ;
#3248 = EDGE_LOOP ( 'NONE', ( #2113, #4859, #401, #6233, #1514 ) ) ;
#3249 = CARTESIAN_POINT ( 'NONE',  ( 23.81565174456499889, 28.03858250369750138, 161.9987500000000011 ) ) ;
#3250 = CARTESIAN_POINT ( 'NONE',  ( 24.37180916283989873, 24.49077752535120212, 150.7607916666665062 ) ) ;
#3251 = CARTESIAN_POINT ( 'NONE',  ( 24.87126852233415164, 20.86947529264885048, 154.0908000000000015 ) ) ;
#3252 = CARTESIAN_POINT ( 'NONE',  ( 24.12205716892044904, 27.41492914078209964, 160.1377708333334908 ) ) ;
#3253 = ORIENTED_EDGE ( 'NONE', *, *, #6552, .F. ) ;
#3254 = CARTESIAN_POINT ( 'NONE',  ( 11.70909204247661961, 27.32563365957399881, 156.0248439336989748 ) ) ;
#3255 = DIRECTION ( 'NONE',  ( 0.08291556471174026111, -0.9955514112831505003, 0.04474814656117583056 ) ) ;
#3256 = CARTESIAN_POINT ( 'NONE',  ( 9.828619848923741742, 24.45804755329302438, 150.6817325004766985 ) ) ;
#3257 = B_SPLINE_SURFACE_WITH_KNOTS ( 'NONE', 3, 3, ( 
 ( #5407, #638, #1655, #4397, #2780, #4293, #4884, #120, #5949, #3242, #1204, #3336, #5437, #674, #2815, #4919, #1512, #2283, #6501, #1761, #3871, #5983, #3369, #6795 ),
 ( #705, #2845, #6272, #3653, #5343, #4597, #5227, #3567, #6190, #4639, #2485, #6858, #2105, #427, #4186, #3051, #5702, #6712, #1963, #2560, #6337, #950, #5777, #4149 ),
 ( #2000, #4077, #5667, #915, #4225, #3014, #6749, #3121, #5154, #4114, #5190, #394, #2523, #5630, #877, #6220, #3604, #1576, #1024, #3087, #2599, #6259, #4677, #6784 ),
 ( #354, #2031, #1498, #3639, #5738, #987, #467, #4715, #6822, #2070, #6298, #1536, #3676, #5267, #508, #2640, #6729, #1376, #6171, #3518, #2503, #1313, #2928, #6624 ),
 ( #6693, #1846, #5582, #3549, #2959, #1980, #2403, #5067, #929, #4514, #267, #4613, #1347, #6590, #826, #6655, #3481, #301, #2996, #6066, #3581, #5680, #5099, #894 ) ),
 .UNSPECIFIED., .F., .F., .F.,
 ( 4, 1, 4 ),
 ( 4, 1, 1, 1, 1, 1, 1, 1, 1, 1, 1, 1, 1, 1, 1, 1, 1, 1, 1, 1, 1, 4 ),
 ( 0.000000000000000000, 1.000000000000000000, 2.000000000000000000 ),
 ( 0.000000000000000000, 1.000000000000000000, 2.000000000000000000, 3.000000000000000000, 5.000000000000000000, 7.000000000000000000, 9.000000000000000000, 11.00000000000000000, 13.00000000000000000, 15.00000000000000000, 17.00000000000000000, 19.00000000000000000, 21.00000000000000000, 23.00000000000000000, 25.00000000000000000, 27.00000000000000000, 29.00000000000000000, 31.00000000000000000, 33.00000000000000000, 34.00000000000000000, 35.00000000000000000, 36.00000000000000000 ),
 .UNSPECIFIED. ) ;
#3258 = CARTESIAN_POINT ( 'NONE',  ( 19.68905123794370127, 29.65203927188440147, 151.5046682867854884 ) ) ;
#3259 = CARTESIAN_POINT ( 'NONE',  ( 23.41373637557770238, 25.76240797959259865, 148.2177219111483737 ) ) ;
#3260 = CARTESIAN_POINT ( 'NONE',  ( 10.11114726925869967, 21.68384238762170213, 151.0359590277780057 ) ) ;
#3261 = CARTESIAN_POINT ( 'NONE',  ( 9.762508655011949088, 23.07598685199024757, 150.3607176854100089 ) ) ;
#3262 = ORIENTED_EDGE ( 'NONE', *, *, #3597, .T. ) ;
#3263 = CARTESIAN_POINT ( 'NONE',  ( 23.91988320371400079, 24.79075948531534834, 148.7800916468692094 ) ) ;
#3264 = CARTESIAN_POINT ( 'NONE',  ( 23.28528970949664867, 19.94601694072909837, 147.6920999999999822 ) ) ;
#3265 = CARTESIAN_POINT ( 'NONE',  ( 17.88962980690650184, 30.20577657914569869, 153.6521499999999776 ) ) ;
#3266 = CARTESIAN_POINT ( 'NONE',  ( 17.03998811224474963, 30.25577206269065300, 153.2505604898120168 ) ) ;
#3267 = VERTEX_POINT ( 'NONE', #111 ) ;
#3268 = CARTESIAN_POINT ( 'NONE',  ( 23.88778972514749555, 24.44712210353609905, 147.9807690221066139 ) ) ;
#3269 = CARTESIAN_POINT ( 'NONE',  ( 11.63169238286493901, 22.58458004789365248, 154.8298160365820024 ) ) ;
#3270 = CARTESIAN_POINT ( 'NONE',  ( 11.08389936734204007, 26.59739505233110179, 154.9299270332234926 ) ) ;
#3271 = CARTESIAN_POINT ( 'NONE',  ( 23.90386859163150390, 24.61997012683239916, 148.3815201587865715 ) ) ;
#3272 = CARTESIAN_POINT ( 'NONE',  ( 14.09293311629356005, 22.74849996762860016, 153.9161590247029778 ) ) ;
#3273 = CARTESIAN_POINT ( 'NONE',  ( 24.55822972364439849, 24.85640707431949892, 152.3096250000000111 ) ) ;
#3274 = EDGE_CURVE ( 'NONE', #131, #5686, #4305, .T. ) ;
#3275 = CARTESIAN_POINT ( 'NONE',  ( 9.976172065925926091, 23.89685497970578609, 151.6610054769887199 ) ) ;
#3276 = CARTESIAN_POINT ( 'NONE',  ( 16.12569646800774947, 30.25175122475064882, 153.3433831460984891 ) ) ;
#3277 = CARTESIAN_POINT ( 'NONE',  ( 19.56483092295990289, 29.69428712924640124, 151.5149951187399893 ) ) ;
#3278 = CARTESIAN_POINT ( 'NONE',  ( 10.52000674610787989, 27.27427382840269843, 150.7213277777779865 ) ) ;
#3279 = CARTESIAN_POINT ( 'NONE',  ( 9.902565850821229532, 24.30134925332189866, 151.1476773313904971 ) ) ;
#3280 = ORIENTED_EDGE ( 'NONE', *, *, #779, .T. ) ;
#3281 = CARTESIAN_POINT ( 'NONE',  ( 19.04405542295475229, 30.01321096593339988, 153.5637853832355120 ) ) ;
#3282 = CARTESIAN_POINT ( 'NONE',  ( 25.07440667464105033, 24.77248418736814983, 155.4172833333335007 ) ) ;
#3283 = EDGE_CURVE ( 'NONE', #4027, #862, #2751, .T. ) ;
#3284 = CARTESIAN_POINT ( 'NONE',  ( 25.18588842235934777, 20.83519118907105039, 161.9534374999999784 ) ) ;
#3285 = CARTESIAN_POINT ( 'NONE',  ( 24.75006420926895245, 26.80465616182599931, 161.6805374999999856 ) ) ;
#3286 = ORIENTED_EDGE ( 'NONE', *, *, #2680, .T. ) ;
#3287 = CARTESIAN_POINT ( 'NONE',  ( 11.22408920328084037, 20.82941806588315359, 156.5368125000000248 ) ) ;
#3288 = CARTESIAN_POINT ( 'NONE',  ( 24.38811828120029901, 24.47145364258325273, 150.8245867537830236 ) ) ;
#3289 = CARTESIAN_POINT ( 'NONE',  ( 12.28221999092260219, 22.86037658168219977, 155.2908578012799978 ) ) ;
#3290 = CARTESIAN_POINT ( 'NONE',  ( 9.847637840776478413, 24.15402119859209762, 150.7346718905734804 ) ) ;
#3291 = CARTESIAN_POINT ( 'NONE',  ( 24.95264099797214996, 24.86667117465225019, 154.7304506030720006 ) ) ;
#3292 = EDGE_LOOP ( 'NONE', ( #2153, #6662, #983, #593 ) ) ;
#3293 = AXIS2_PLACEMENT_3D ( 'NONE', #465, #1022, #4147 ) ;
#3294 = CARTESIAN_POINT ( 'NONE',  ( 10.97056276368199867, 27.18616093202214756, 153.0226637206330054 ) ) ;
#3295 = CARTESIAN_POINT ( 'NONE',  ( 10.70759823556272039, 25.50665323778475013, 154.9935375000000022 ) ) ;
#3296 = CARTESIAN_POINT ( 'NONE',  ( 19.37213182898110020, 29.87094980049594994, 153.0348825374859700 ) ) ;
#3297 = CARTESIAN_POINT ( 'NONE',  ( 18.62205555605844864, 30.16843900451655003, 161.4883249999999748 ) ) ;
#3298 = CARTESIAN_POINT ( 'NONE',  ( 11.13160145294293990, 27.22958218071450176, 153.5783188214259951 ) ) ;
#3299 = AXIS2_PLACEMENT_3D ( 'NONE', #6014, #4526, #3429 ) ;
#3300 = ORIENTED_EDGE ( 'NONE', *, *, #4835, .T. ) ;
#3301 = CARTESIAN_POINT ( 'NONE',  ( 9.724722209300200149, 23.84880920800765125, 150.2511419766605059 ) ) ;
#3302 = CARTESIAN_POINT ( 'NONE',  ( 11.69881062515280057, 28.14998194441250234, 152.8974472524635075 ) ) ;
#3303 = CARTESIAN_POINT ( 'NONE',  ( 24.45872680587720183, 25.34781465769575348, 152.7611280913099847 ) ) ;
#3304 = CARTESIAN_POINT ( 'NONE',  ( 24.33457990945804994, 25.04666789517764869, 151.2799792649154824 ) ) ;
#3305 = CARTESIAN_POINT ( 'NONE',  ( 14.23199321503667925, 22.96909806049569980, 154.0968703319964845 ) ) ;
#3306 = CARTESIAN_POINT ( 'NONE',  ( 0.000000000000000000, 0.000000000000000000, 0.000000000000000000 ) ) ;
#3307 = CARTESIAN_POINT ( 'NONE',  ( 11.13276615077980125, 27.45755562856535192, 152.9185833333334870 ) ) ;
#3308 = CARTESIAN_POINT ( 'NONE',  ( 21.65066285824760328, 28.84170468427510059, 153.3623035994870065 ) ) ;
#3309 = ORIENTED_EDGE ( 'NONE', *, *, #5894, .F. ) ;
#3310 = CARTESIAN_POINT ( 'NONE',  ( 21.32319317957480109, 29.71613464598355137, 161.1655458333335105 ) ) ;
#3311 = CARTESIAN_POINT ( 'NONE',  ( 25.46869976629695032, 21.42933440599139772, 160.9651666666665051 ) ) ;
#3312 = B_SPLINE_CURVE_WITH_KNOTS ( 'NONE', 3,
 ( #2156, #5324, #6316, #3182 ),
 .UNSPECIFIED., .F., .F.,
 ( 4, 4 ),
 ( 6.069053483567749608E-17, 0.0002621606276554219912 ),
 .UNSPECIFIED. ) ;
#3313 = CARTESIAN_POINT ( 'NONE',  ( 24.35785300396994657, 26.74477240326404726, 157.7656000000000063 ) ) ;
#3314 = ORIENTED_EDGE ( 'NONE', *, *, #6081, .T. ) ;
#3315 = EDGE_CURVE ( 'NONE', #6345, #6402, #2298, .T. ) ;
#3316 = CARTESIAN_POINT ( 'NONE',  ( 10.93131131583188065, 23.96877274382785217, 157.0847333333335030 ) ) ;
#3317 = CARTESIAN_POINT ( 'NONE',  ( 9.838054975697367865, 24.44749644033066716, 150.7339630488863236 ) ) ;
#3318 = CARTESIAN_POINT ( 'NONE',  ( 23.74206296384424775, 25.61297438491214962, 149.5744800013518159 ) ) ;
#3319 = CARTESIAN_POINT ( 'NONE',  ( 9.906904047440979966, 24.17129261928180028, 151.1472591171790043 ) ) ;
#3320 = CARTESIAN_POINT ( 'NONE',  ( 23.88119846487405695, 23.92711051019834301, 147.1155921526953136 ) ) ;
#3321 = CARTESIAN_POINT ( 'NONE',  ( 14.47294197361452106, 22.81402756180129998, 154.6698760487205107 ) ) ;
#3322 = CARTESIAN_POINT ( 'NONE',  ( 8.117339349369590451, 23.81511988840910021, 148.6773169999979984 ) ) ;
#3323 = ORIENTED_EDGE ( 'NONE', *, *, #2794, .F. ) ;
#3324 = CARTESIAN_POINT ( 'NONE',  ( 19.26753703137485019, 29.85315752493774966, 152.2601369741295230 ) ) ;
#3325 = CARTESIAN_POINT ( 'NONE',  ( 18.13973678853474780, 30.22482922635849789, 158.3728499999999997 ) ) ;
#3326 = CARTESIAN_POINT ( 'NONE',  ( 14.70818771307778050, 22.88708651684675033, 151.3899281891904707 ) ) ;
#3327 = CARTESIAN_POINT ( 'NONE',  ( 21.52934662908754859, 28.54475787535805154, 150.5199500000000228 ) ) ;
#3328 = B_SPLINE_CURVE_WITH_KNOTS ( 'NONE', 3,
 ( #6130, #4441, #1279, #3414 ),
 .UNSPECIFIED., .F., .F.,
 ( 4, 4 ),
 ( 0.000000000000000000, 1.000000000000000000 ),
 .UNSPECIFIED. ) ;
#3329 = ORIENTED_EDGE ( 'NONE', *, *, #814, .F. ) ;
#3330 = CARTESIAN_POINT ( 'NONE',  ( 12.86183301522188138, 22.75577358017484997, 156.3591342925859919 ) ) ;
#3331 = CARTESIAN_POINT ( 'NONE',  ( 10.10822659100968046, 26.45097550773485295, 150.6655526041664928 ) ) ;
#3332 = CARTESIAN_POINT ( 'NONE',  ( 18.50148939661104919, 29.82549726054964623, 145.4109987448046013 ) ) ;
#3333 = CARTESIAN_POINT ( 'NONE',  ( 23.91900936995164884, 24.32672665336350093, 147.9877849036265900 ) ) ;
#3334 = CARTESIAN_POINT ( 'NONE',  ( 10.37324060148026028, 23.45991136275910094, 154.2886219114525090 ) ) ;
#3335 = CARTESIAN_POINT ( 'NONE',  ( 14.38686173555478121, 22.99482218464549987, 154.3822157205279950 ) ) ;
#3336 = CARTESIAN_POINT ( 'NONE',  ( 24.56191494063584813, 26.00821617160094945, 155.4096812500000055 ) ) ;
#3337 = CARTESIAN_POINT ( 'NONE',  ( 13.50492463304782120, 22.67387832109419676, 153.3455291318849731 ) ) ;
#3338 = CARTESIAN_POINT ( 'NONE',  ( 25.23417644066814702, 25.99725996067349953, 161.9250156622015027 ) ) ;
#3339 = CARTESIAN_POINT ( 'NONE',  ( 17.41999716435764967, 30.27202746381979992, 156.0882020833335275 ) ) ;
#3340 = CARTESIAN_POINT ( 'NONE',  ( 24.76733004917809922, 26.07759436879524984, 157.7528895833335127 ) ) ;
#3341 = CARTESIAN_POINT ( 'NONE',  ( 20.54682615652219724, 29.27055176358465260, 151.4381501837465009 ) ) ;
#3342 = CARTESIAN_POINT ( 'NONE',  ( 20.73219943754030226, 29.32829645019850062, 152.9260912285609777 ) ) ;
#3343 = CARTESIAN_POINT ( 'NONE',  ( 13.34139088196100076, 22.77634657066699830, 155.9282484772930104 ) ) ;
#3344 = CARTESIAN_POINT ( 'NONE',  ( 21.66787011563845056, 29.56513802745085329, 161.1298333333334938 ) ) ;
#3345 = CARTESIAN_POINT ( 'NONE',  ( 23.99540925651170298, 24.10149505716540119, 148.1362063203065702 ) ) ;
#3346 = CARTESIAN_POINT ( 'NONE',  ( 23.33597102075339791, 19.41682395401319638, 150.4663999999999930 ) ) ;
#3347 = VERTEX_POINT ( 'NONE', #3799 ) ;
#3348 = CARTESIAN_POINT ( 'NONE',  ( 11.75814232850781949, 27.46174099553750025, 155.7561340687829841 ) ) ;
#3349 = DIRECTION ( 'NONE',  ( -0.9949093705772957819, 0.000000000000000000, 0.1007737284091898416 ) ) ;
#3350 = CARTESIAN_POINT ( 'NONE',  ( 25.60094121328885208, 25.07627191324520055, 161.8870946624249996 ) ) ;
#3351 = ADVANCED_FACE ( 'NONE', ( #2190 ), #170, .T. ) ;
#3352 = CARTESIAN_POINT ( 'NONE',  ( 17.88281215065375207, 23.55394561184145275, 142.4659102012189749 ) ) ;
#3353 = DIRECTION ( 'NONE',  ( -0.9949093705772957819, 0.000000000000000000, 0.1007737284091895918 ) ) ;
#3354 = CARTESIAN_POINT ( 'NONE',  ( 9.809792623593841299, 24.65101654553575017, 150.5553725528415043 ) ) ;
#3355 = ORIENTED_EDGE ( 'NONE', *, *, #6253, .T. ) ;
#3356 = CARTESIAN_POINT ( 'NONE',  ( 19.34737188131869701, 29.80561903405289925, 151.9042166666665139 ) ) ;
#3357 = CARTESIAN_POINT ( 'NONE',  ( 10.96427089872464222, 26.57782178220805136, 154.4156781249999995 ) ) ;
#3358 = CARTESIAN_POINT ( 'NONE',  ( 22.10095436332269969, 17.82234561599024758, 144.9160299474017961 ) ) ;
#3359 = CARTESIAN_POINT ( 'NONE',  ( 11.21867801946559950, 27.55444919299639750, 152.9778715522604955 ) ) ;
#3360 = CARTESIAN_POINT ( 'NONE',  ( 19.21131278255645114, 30.11407363328325104, 162.8714166666665051 ) ) ;
#3361 = LINE ( 'NONE', #209, #1472 ) ;
#3362 = EDGE_CURVE ( 'NONE', #2303, #6412, #2793, .T. ) ;
#3363 = B_SPLINE_SURFACE_WITH_KNOTS ( 'NONE', 3, 1, ( 
 ( #2469, #896 ),
 ( #3657, #2504 ),
 ( #4062, #445 ),
 ( #3620, #1410 ),
 ( #2577, #1981 ),
 ( #4615, #6202 ),
 ( #6732, #1443 ),
 ( #930, #3066 ),
 ( #5172, #4656 ),
 ( #2014, #4127 ),
 ( #6235, #5718 ),
 ( #3101, #5207 ) ),
 .UNSPECIFIED., .F., .F., .F.,
 ( 4, 2, 2, 2, 2, 4 ),
 ( 2, 2 ),
 ( 0.000000000000000000, 0.2500000000000000000, 0.5000000000000000000, 0.6250000000000000000, 0.7500000000000000000, 1.000000000000000000 ),
 ( 0.000000000000000000, 1.000000000000000000 ),
 .UNSPECIFIED. ) ;
#3364 = ORIENTED_EDGE ( 'NONE', *, *, #3440, .T. ) ;
#3365 = CARTESIAN_POINT ( 'NONE',  ( 24.78111505760535138, 25.23192300764049989, 154.4483215683485184 ) ) ;
#3366 = CARTESIAN_POINT ( 'NONE',  ( 11.44350023273189976, 27.84941245243029684, 152.9393531075980093 ) ) ;
#3367 = CARTESIAN_POINT ( 'NONE',  ( 19.83456234043265098, 29.88705999716069783, 156.5749854166664932 ) ) ;
#3368 = CARTESIAN_POINT ( 'NONE',  ( 25.44858727276974975, 25.44229202448359572, 161.6546761346045287 ) ) ;
#3369 = CARTESIAN_POINT ( 'NONE',  ( 23.56475433909639960, 25.41258542832930090, 148.1448649133974129 ) ) ;
#3370 = APPLICATION_PROTOCOL_DEFINITION ( 'draft international standard', 'automotive_design', 1998, #1669 ) ;
#3371 = CARTESIAN_POINT ( 'NONE',  ( 25.14249120358744705, 26.12781188958314971, 161.6664032817215002 ) ) ;
#3372 = CARTESIAN_POINT ( 'NONE',  ( 21.13159818483409680, 28.93757762916954945, 151.3966945248490106 ) ) ;
#3373 = CARTESIAN_POINT ( 'NONE',  ( 14.44269496518209905, 22.83287421244589765, 155.1452199247650015 ) ) ;
#3374 = CARTESIAN_POINT ( 'NONE',  ( 23.81427350177265012, 27.36022048526244888, 157.0058062499999778 ) ) ;
#3375 = CARTESIAN_POINT ( 'NONE',  ( 13.83413600047276049, 29.49461822533880095, 155.2282083333334981 ) ) ;
#3376 = CARTESIAN_POINT ( 'NONE',  ( 24.94370413600344705, 20.29939229704879722, 157.2855999999999881 ) ) ;
#3377 = CARTESIAN_POINT ( 'NONE',  ( 24.20096771885469877, 26.01312446318829785, 153.0818124999999839 ) ) ;
#3378 = ORIENTED_EDGE ( 'NONE', *, *, #6507, .T. ) ;
#3379 = CARTESIAN_POINT ( 'NONE',  ( 11.32033700740359983, 21.21872436947205287, 157.7098999999999762 ) ) ;
#3380 = CARTESIAN_POINT ( 'NONE',  ( 25.39620750525349990, 25.58036120800174729, 161.6637360684894986 ) ) ;
#3381 = CARTESIAN_POINT ( 'NONE',  ( 14.65748150909161929, 22.86026274204480302, 150.8871115352905008 ) ) ;
#3382 = CARTESIAN_POINT ( 'NONE',  ( 23.72380697668605265, 25.59620776379760088, 149.4442742653199900 ) ) ;
#3383 = CARTESIAN_POINT ( 'NONE',  ( 25.63540058493904894, 24.66391634329794869, 160.7602381944445256 ) ) ;
#3384 = CARTESIAN_POINT ( 'NONE',  ( 16.90714025036159995, 30.24735037538284743, 152.2579327896644941 ) ) ;
#3385 = CARTESIAN_POINT ( 'NONE',  ( 24.41332165987319769, 25.08545924383249925, 151.9532847774739821 ) ) ;
#3386 = CARTESIAN_POINT ( 'NONE',  ( 9.901842597434079352, 24.43166268434159960, 151.1509250000000009 ) ) ;
#3387 = ORIENTED_EDGE ( 'NONE', *, *, #6606, .T. ) ;
#3388 = CARTESIAN_POINT ( 'NONE',  ( 22.06645094938495077, 18.06886474244650032, 145.6951443757774030 ) ) ;
#3389 = CARTESIAN_POINT ( 'NONE',  ( 9.605650284494030799, 22.68100150034209150, 150.0537808731525047 ) ) ;
#3390 = EDGE_CURVE ( 'NONE', #6274, #6092, #5052, .T. ) ;
#3391 = CARTESIAN_POINT ( 'NONE',  ( 16.98187331006134926, 30.21735431631674729, 149.8105874999999969 ) ) ;
#3392 = CARTESIAN_POINT ( 'NONE',  ( 24.16894297063351260, 23.34810826553596286, 148.5859458595875537 ) ) ;
#3393 = DIRECTION ( 'NONE',  ( -0.1006318910984300152, -0.05303758115645550858, -0.9935090525400490646 ) ) ;
#3394 = ORIENTED_EDGE ( 'NONE', *, *, #2115, .F. ) ;
#3395 = CARTESIAN_POINT ( 'NONE',  ( 11.88633344698002148, 28.53830440572564697, 152.0143083333335028 ) ) ;
#3396 = CARTESIAN_POINT ( 'NONE',  ( 13.34774383609511972, 22.99968839326585268, 156.4159001362820050 ) ) ;
#3397 = EDGE_CURVE ( 'NONE', #2267, #3226, #1216, .T. ) ;
#3398 = CARTESIAN_POINT ( 'NONE',  ( 10.10257324644992849, 23.36135615010182676, 152.5975073005841409 ) ) ;
#3399 = CARTESIAN_POINT ( 'NONE',  ( 21.09528870882924778, 29.78880653951350155, 163.9457101909480059 ) ) ;
#3400 = CARTESIAN_POINT ( 'NONE',  ( 24.70365890269444975, 25.20088472240569644, 153.8564270833335001 ) ) ;
#3401 = FACE_OUTER_BOUND ( 'NONE', #436, .T. ) ;
#3402 = CARTESIAN_POINT ( 'NONE',  ( 24.89957002906239936, 26.12097263219795096, 159.3173166666665281 ) ) ;
#3403 = CARTESIAN_POINT ( 'NONE',  ( 10.42355654702950041, 23.48643015333734851, 154.7853764377225048 ) ) ;
#3404 = CARTESIAN_POINT ( 'NONE',  ( 20.16981908430925330, 29.62950438334940273, 153.4702413365855307 ) ) ;
#3405 = CARTESIAN_POINT ( 'NONE',  ( 11.71481896300274883, 28.20212398135089060, 152.3897755452614717 ) ) ;
#3406 = CARTESIAN_POINT ( 'NONE',  ( 21.14919842320990284, 29.42669878917084958, 157.2197333333334939 ) ) ;
#3407 = CARTESIAN_POINT ( 'NONE',  ( 24.95052994007555114, 24.43357903081714966, 153.8696062500000039 ) ) ;
#3408 = CARTESIAN_POINT ( 'NONE',  ( 24.61358095238325205, 19.65768175978414689, 158.1599999999999966 ) ) ;
#3409 = B_SPLINE_CURVE_WITH_KNOTS ( 'NONE', 3,
 ( #6246, #1013, #2589, #3077, #4743, #6287, #563 ),
 .UNSPECIFIED., .F., .F.,
 ( 4, 1, 1, 1, 4 ),
 ( 0.000000000000000000, 1.000000000000000000, 3.000000000000000000, 5.000000000000000000, 6.167328488756600002 ),
 .UNSPECIFIED. ) ;
#3410 = CARTESIAN_POINT ( 'NONE',  ( 24.07171253956195045, 26.24999521325490193, 153.0847375000000170 ) ) ;
#3411 = ORIENTED_EDGE ( 'NONE', *, *, #2895, .F. ) ;
#3412 = CARTESIAN_POINT ( 'NONE',  ( 23.91900936995164884, 24.32672665336350093, 147.9877849036265900 ) ) ;
#3413 = CARTESIAN_POINT ( 'NONE',  ( 23.86720454139264902, 25.22197375950289810, 149.3038784130490058 ) ) ;
#3414 = CARTESIAN_POINT ( 'NONE',  ( 19.23857744228764943, 29.84895349326869862, 152.0430510736634915 ) ) ;
#3415 = CARTESIAN_POINT ( 'NONE',  ( 24.43356886831534780, 24.23504054092535043, 150.7685041666665029 ) ) ;
#3416 = DIRECTION ( 'NONE',  ( 0.9949093705772956708, 0.000000000000000000, -0.1007737284091903829 ) ) ;
#3417 = CARTESIAN_POINT ( 'NONE',  ( 9.758147023184239544, 24.64602812258999975, 150.2915136971935226 ) ) ;
#3418 = CARTESIAN_POINT ( 'NONE',  ( 8.435567219156279606, 22.53846061737725037, 149.2755450951432010 ) ) ;
#3419 = ORIENTED_EDGE ( 'NONE', *, *, #3812, .T. ) ;
#3420 = CARTESIAN_POINT ( 'NONE',  ( 22.97587454183794975, 27.43839899513429970, 151.7931879336914847 ) ) ;
#3421 = CARTESIAN_POINT ( 'NONE',  ( 16.32247465849644996, 30.44791246262175122, 145.7023266339041925 ) ) ;
#3422 = CARTESIAN_POINT ( 'NONE',  ( 25.05914104318589608, 23.64784901898575242, 153.6050599790515321 ) ) ;
#3423 = CARTESIAN_POINT ( 'NONE',  ( 12.61305316797040099, 29.02775969664540057, 152.7579848445234916 ) ) ;
#3424 = VERTEX_POINT ( 'NONE', #5450 ) ;
#3425 = CARTESIAN_POINT ( 'NONE',  ( 12.11002232539430068, 29.02755223308574983, 150.3887000000000000 ) ) ;
#3426 = CARTESIAN_POINT ( 'NONE',  ( 12.14359615959405936, 22.67665368186125008, 155.9297330006414768 ) ) ;
#3427 = CARTESIAN_POINT ( 'NONE',  ( 25.04084400704624969, 25.34169530055554986, 156.9701124999999990 ) ) ;
#3428 = CARTESIAN_POINT ( 'NONE',  ( 10.10659620331196429, 23.36368617662249747, 152.6418911601086279 ) ) ;
#3429 = DIRECTION ( 'NONE',  ( -0.1006318910984292103, -0.05303758115645424570, -0.9935090525400492867 ) ) ;
#3430 = CARTESIAN_POINT ( 'NONE',  ( 18.78925838086480127, 29.84829424909814932, 149.6008541666666076 ) ) ;
#3431 = CARTESIAN_POINT ( 'NONE',  ( 24.13179874606359832, 24.94721806647419982, 150.2193562252664947 ) ) ;
#3432 = EDGE_CURVE ( 'NONE', #4437, #1214, #6780, .T. ) ;
#3433 = CARTESIAN_POINT ( 'NONE',  ( 24.53579894176894882, 25.85684752164904765, 154.6307249999999840 ) ) ;
#3434 = CARTESIAN_POINT ( 'NONE',  ( 19.93391118460874978, 29.54910123946390144, 151.4853618343630046 ) ) ;
#3435 = FACE_OUTER_BOUND ( 'NONE', #3663, .T. ) ;
#3436 = CARTESIAN_POINT ( 'NONE',  ( 24.45061438401754828, 24.88243806381339951, 151.7802601462329903 ) ) ;
#3437 = CARTESIAN_POINT ( 'NONE',  ( 23.79775369651469674, 27.46739565849454934, 157.7932791666665082 ) ) ;
#3438 = CARTESIAN_POINT ( 'NONE',  ( 16.74033392704425083, 30.27896152781924854, 154.9865631944444999 ) ) ;
#3439 = CARTESIAN_POINT ( 'NONE',  ( 24.20405905922740075, 19.11813847336964756, 158.2456666666664944 ) ) ;
#3440 = EDGE_CURVE ( 'NONE', #4379, #2214, #3970, .T. ) ;
#3441 = CARTESIAN_POINT ( 'NONE',  ( 24.15082266290199797, 26.69624567993265174, 155.4214999999999804 ) ) ;
#3442 = VERTEX_POINT ( 'NONE', #2223 ) ;
#3443 = CARTESIAN_POINT ( 'NONE',  ( 10.88555861292500104, 21.72813403072009919, 155.7873399305555040 ) ) ;
#3444 = CARTESIAN_POINT ( 'NONE',  ( 19.23857744228764943, 29.84895349326869862, 152.0430510736634915 ) ) ;
#3445 = CARTESIAN_POINT ( 'NONE',  ( 25.56664347265079584, 24.33666962270574885, 159.3346250000000168 ) ) ;
#3446 = CARTESIAN_POINT ( 'NONE',  ( 15.65282398905290151, 23.19302951340879915, 149.7419701409320112 ) ) ;
#3447 = CARTESIAN_POINT ( 'NONE',  ( 24.30832398071605027, 25.11961032642135194, 151.2787447453589778 ) ) ;
#3448 = CARTESIAN_POINT ( 'NONE',  ( 9.987177622354350248, 26.18848726190014986, 150.4272984374999851 ) ) ;
#3449 = ORIENTED_EDGE ( 'NONE', *, *, #3775, .T. ) ;
#3450 = CARTESIAN_POINT ( 'NONE',  ( 25.21230961623360045, 25.28131705867500045, 158.5340166666665027 ) ) ;
#3451 = DIRECTION ( 'NONE',  ( 0.9949093705772960039, 0.000000000000000000, -0.1007737284091875934 ) ) ;
#3452 = CARTESIAN_POINT ( 'NONE',  ( 11.08389936734204007, 26.59739505233110179, 154.9299270332234926 ) ) ;
#3453 = CARTESIAN_POINT ( 'NONE',  ( 24.90455833798855778, 23.59329036880182784, 152.6776779066905476 ) ) ;
#3454 = FACE_OUTER_BOUND ( 'NONE', #6207, .T. ) ;
#3455 = ORIENTED_EDGE ( 'NONE', *, *, #1369, .T. ) ;
#3456 = CARTESIAN_POINT ( 'NONE',  ( 12.37025904734679926, 28.96819710653879909, 151.9571500000000128 ) ) ;
#3457 = CARTESIAN_POINT ( 'NONE',  ( 23.53535777178759858, 25.41827603307810080, 147.9640234039782172 ) ) ;
#3458 = CARTESIAN_POINT ( 'NONE',  ( 11.03221893206896276, 26.82692735160728148, 154.5453959992011903 ) ) ;
#3459 = CARTESIAN_POINT ( 'NONE',  ( 20.67866932278590042, 29.97465237847320196, 162.7022378472220225 ) ) ;
#3460 = CARTESIAN_POINT ( 'NONE',  ( 24.97231418075925191, 25.31093721329970236, 156.1894374999999968 ) ) ;
#3461 = DIRECTION ( 'NONE',  ( -0.9914626728336709549, -0.07787427352598309815, 0.1045818621956677852 ) ) ;
#3462 = CARTESIAN_POINT ( 'NONE',  ( 25.23417644066814702, 25.99725996067349953, 161.9250156622015027 ) ) ;
#3463 = CARTESIAN_POINT ( 'NONE',  ( 22.69574943936810030, 27.65848172909274894, 151.3065460296024867 ) ) ;
#3464 = CARTESIAN_POINT ( 'NONE',  ( 24.95920337980793136, 25.53393286565131604, 156.9680292131321266 ) ) ;
#3465 = CARTESIAN_POINT ( 'NONE',  ( 10.68886168956455940, 23.95750370153189834, 155.8024656249999964 ) ) ;
#3466 = ADVANCED_FACE ( 'NONE', ( #4338 ), #1082, .T. ) ;
#3467 = CARTESIAN_POINT ( 'NONE',  ( 19.96454383577335179, 29.57122493869730206, 151.8387729166664997 ) ) ;
#3468 = CARTESIAN_POINT ( 'NONE',  ( 24.72270246144159955, 24.77579621737329774, 153.0864166666665085 ) ) ;
#3469 = CARTESIAN_POINT ( 'NONE',  ( 24.03361542890249680, 19.01359182138750015, 159.8514916666665044 ) ) ;
#3470 = CARTESIAN_POINT ( 'NONE',  ( 23.74051389346860574, 24.59941739833585927, 147.3009815806663312 ) ) ;
#3471 = CARTESIAN_POINT ( 'NONE',  ( 23.64353880007319830, 26.50598718468609860, 151.5402499999999861 ) ) ;
#3472 = CARTESIAN_POINT ( 'NONE',  ( 11.73910490161495979, 25.59257870862989748, 161.0392625000000066 ) ) ;
#3473 = ORIENTED_EDGE ( 'NONE', *, *, #2055, .T. ) ;
#3474 = CARTESIAN_POINT ( 'NONE',  ( 24.10623059094119824, 24.48283559178665314, 149.3175916666665728 ) ) ;
#3475 = EDGE_CURVE ( 'NONE', #528, #6274, #6451, .T. ) ;
#3476 = CARTESIAN_POINT ( 'NONE',  ( 9.901989142284350010, 24.30115274813434922, 151.1428936755175130 ) ) ;
#3477 = CARTESIAN_POINT ( 'NONE',  ( 25.50593997543019853, 24.29186663082530018, 158.5541000000000054 ) ) ;
#3478 = B_SPLINE_CURVE_WITH_KNOTS ( 'NONE', 3,
 ( #6705, #1955, #4032, #4071, #5047, #5147, #1860, #5660, #1454, #385, #4627, #6740, #1991, #3594, #868, #280, #5625, #1889, #6080, #3971 ),
 .UNSPECIFIED., .F., .F.,
 ( 4, 1, 1, 1, 2, 2, 1, 1, 1, 1, 1, 2, 2, 4 ),
 ( 0.000000000000000000, 0.1250000000003607115, 0.1875000000005283274, 0.2187500000006121492, 0.2343750000006542267, 0.2500000000006963319, 0.3750000000009590106, 0.4375000000010905721, 0.4687500000011564638, 0.4843750000012075896, 0.4921875000012331247, 0.4960937500012259083, 0.5000000000012186918, 1.000000000000000000 ),
 .UNSPECIFIED. ) ;
#3479 = CARTESIAN_POINT ( 'NONE',  ( 11.44350023273189976, 27.84941245243029684, 152.9393531075980093 ) ) ;
#3480 = ORIENTED_EDGE ( 'NONE', *, *, #1848, .F. ) ;
#3481 = CARTESIAN_POINT ( 'NONE',  ( 24.34551620032129904, 25.05682981545405141, 151.5294729166664922 ) ) ;
#3482 = CARTESIAN_POINT ( 'NONE',  ( 24.89622703064184961, 25.27803285409954981, 155.4100791666664918 ) ) ;
#3483 = CARTESIAN_POINT ( 'NONE',  ( 10.14354665106112030, 24.34158511264935143, 153.2582867536179947 ) ) ;
#3484 = CARTESIAN_POINT ( 'NONE',  ( 25.00657759688136039, 23.62871631815054840, 153.2767947744910089 ) ) ;
#3485 = CARTESIAN_POINT ( 'NONE',  ( 16.44878705208205005, 30.26552642661420123, 152.3033887774344919 ) ) ;
#3486 = B_SPLINE_CURVE_WITH_KNOTS ( 'NONE', 3,
 ( #5883, #5368, #1716, #727 ),
 .UNSPECIFIED., .F., .F.,
 ( 4, 4 ),
 ( 0.000000000000000000, 1.000000000000000000 ),
 .UNSPECIFIED. ) ;
#3487 = ORIENTED_EDGE ( 'NONE', *, *, #6552, .T. ) ;
#3488 = CARTESIAN_POINT ( 'NONE',  ( 12.54289751527181984, 29.34476923730565190, 150.3415999999999997 ) ) ;
#3489 = CARTESIAN_POINT ( 'NONE',  ( 23.71275080018310177, 23.74884448080794996, 144.4139791666665928 ) ) ;
#3490 = CARTESIAN_POINT ( 'NONE',  ( 11.46447769957214113, 27.54335678617330174, 154.4633668508124913 ) ) ;
#3491 = CARTESIAN_POINT ( 'NONE',  ( 19.35687228871805132, 29.99839191306925201, 155.8425000000000011 ) ) ;
#3492 = CARTESIAN_POINT ( 'NONE',  ( 24.46990809467829919, 25.10949750831915139, 152.3062395833335074 ) ) ;
#3493 = CARTESIAN_POINT ( 'NONE',  ( 10.09323070551189971, 24.31506632207110030, 152.7615322273479990 ) ) ;
#3494 = VECTOR ( 'NONE', #4973, 1000.000000000000114 ) ;
#3495 = CARTESIAN_POINT ( 'NONE',  ( 11.20602133270389977, 27.55818842150934955, 152.9079666666665105 ) ) ;
#3496 = CARTESIAN_POINT ( 'NONE',  ( 10.31406081839393885, 26.59871531952984824, 151.5697659722224842 ) ) ;
#3497 = CARTESIAN_POINT ( 'NONE',  ( 23.63700640761145166, 25.50659695672874960, 148.8029534294501843 ) ) ;
#3498 = CARTESIAN_POINT ( 'NONE',  ( 13.29354848905976816, 29.32244640189945173, 154.1831263621466519 ) ) ;
#3499 = VECTOR ( 'NONE', #2068, 1000.000000000000000 ) ;
#3500 = CARTESIAN_POINT ( 'NONE',  ( 12.22780727628726005, 22.85056932573490229, 155.1734905594765053 ) ) ;
#3501 = CARTESIAN_POINT ( 'NONE',  ( 10.59149046846549957, 24.21611871854565123, 155.2867645833335075 ) ) ;
#3502 = CARTESIAN_POINT ( 'NONE',  ( 22.72552404419165129, 28.27754674226224907, 155.5062500000000227 ) ) ;
#3503 = CARTESIAN_POINT ( 'NONE',  ( 24.01934258341259820, 23.97873322037450095, 148.1444067191810063 ) ) ;
#3504 = CARTESIAN_POINT ( 'NONE',  ( 22.26222679204935062, 18.61161143522824801, 149.2441197916666056 ) ) ;
#3505 = VECTOR ( 'NONE', #2868, 1000.000000000000114 ) ;
#3506 = CARTESIAN_POINT ( 'NONE',  ( 22.98733476086674798, 26.90996563564104704, 149.7552345622465850 ) ) ;
#3507 = CARTESIAN_POINT ( 'NONE',  ( 23.37749351261714992, 27.25449656370754781, 153.2721257046605103 ) ) ;
#3508 = ORIENTED_EDGE ( 'NONE', *, *, #5957, .F. ) ;
#3509 = CARTESIAN_POINT ( 'NONE',  ( 24.68230752191425026, 24.90356415495730147, 153.0842083333334926 ) ) ;
#3510 = CARTESIAN_POINT ( 'NONE',  ( 19.94484841420450039, 29.77650705289380184, 154.4618614583335159 ) ) ;
#3511 = CARTESIAN_POINT ( 'NONE',  ( 10.68112570707985931, 24.35045997487659974, 155.6686954861110053 ) ) ;
#3512 = CARTESIAN_POINT ( 'NONE',  ( 22.45566346393220059, 18.22614195885319788, 144.8694583748114155 ) ) ;
#3513 = CARTESIAN_POINT ( 'NONE',  ( 10.35039923400707984, 24.04761998010000212, 154.2595612064584998 ) ) ;
#3514 = CARTESIAN_POINT ( 'NONE',  ( 24.71461429282404865, 23.51405918900699987, 151.5733999999999924 ) ) ;
#3515 = CARTESIAN_POINT ( 'NONE',  ( 10.59312215633514143, 26.56260853716869974, 152.5909155387100213 ) ) ;
#3516 = EDGE_CURVE ( 'NONE', #1813, #4, #6686, .T. ) ;
#3517 = ORIENTED_EDGE ( 'NONE', *, *, #4739, .T. ) ;
#3518 = CARTESIAN_POINT ( 'NONE',  ( 23.95632270904755146, 24.97763792460079912, 149.3056539154605957 ) ) ;
#3519 = CARTESIAN_POINT ( 'NONE',  ( 12.11266389653670039, 22.82280902942819978, 154.7692364126335178 ) ) ;
#3520 = CARTESIAN_POINT ( 'NONE',  ( 11.35481438440186075, 27.75713053207595138, 152.8866000000000156 ) ) ;
#3521 = EDGE_CURVE ( 'NONE', #1769, #6700, #6549, .T. ) ;
#3522 = ORIENTED_EDGE ( 'NONE', *, *, #1891, .F. ) ;
#3523 = CARTESIAN_POINT ( 'NONE',  ( 16.79426279462884963, 30.24306616588715002, 151.4123812500000099 ) ) ;
#3524 = CARTESIAN_POINT ( 'NONE',  ( 23.50900545951004972, 24.75860580290310153, 145.8899125000000083 ) ) ;
#3525 = CARTESIAN_POINT ( 'NONE',  ( 25.29702624760669849, 25.45443962055324860, 160.0975395833335142 ) ) ;
#3526 = CARTESIAN_POINT ( 'NONE',  ( 19.51025105897169709, 29.93421278341870106, 155.0367041666665102 ) ) ;
#3527 = CARTESIAN_POINT ( 'NONE',  ( 23.83018334034539976, 24.70422496304784943, 148.1070955163052076 ) ) ;
#3528 = CARTESIAN_POINT ( 'NONE',  ( 14.77605611021679977, 30.02183775693665169, 153.4923610696884850 ) ) ;
#3529 = CARTESIAN_POINT ( 'NONE',  ( 23.07754823957904833, 26.44153995192660034, 148.5156273262084028 ) ) ;
#3530 = CARTESIAN_POINT ( 'NONE',  ( 11.61590396093749966, 27.68946580873965146, 154.3181986111110007 ) ) ;
#3531 = CARTESIAN_POINT ( 'NONE',  ( 25.21150487756234782, 25.80874436706309893, 160.7497500000000059 ) ) ;
#3532 = CARTESIAN_POINT ( 'NONE',  ( 14.19117950780161941, 22.93060275896795019, 153.3160567594705128 ) ) ;
#3533 = CARTESIAN_POINT ( 'NONE',  ( 10.71019179890340034, 23.03605240287424749, 155.8052461805554856 ) ) ;
#3534 = CARTESIAN_POINT ( 'NONE',  ( 20.29819401887530006, 29.56383819139854907, 153.3752458333335085 ) ) ;
#3535 = CARTESIAN_POINT ( 'NONE',  ( 12.31627500757099902, 28.37048260271119915, 154.7569062695654907 ) ) ;
#3536 = CARTESIAN_POINT ( 'NONE',  ( 22.27494139551329866, 18.67501536062420087, 148.7145255208332060 ) ) ;
#3537 = CARTESIAN_POINT ( 'NONE',  ( 23.86156291062437163, 24.03015114047537182, 147.1248274626958903 ) ) ;
#3538 = CARTESIAN_POINT ( 'NONE',  ( 10.59588273763606026, 25.86240705938450191, 154.1378155757635113 ) ) ;
#3539 = CARTESIAN_POINT ( 'NONE',  ( 12.55176068761920050, 27.44237635015520027, 160.9378661458335102 ) ) ;
#3540 = VERTEX_POINT ( 'NONE', #5578 ) ;
#3541 = CARTESIAN_POINT ( 'NONE',  ( 25.25747920413604675, 25.16053904118309603, 158.5352833333334956 ) ) ;
#3542 = CARTESIAN_POINT ( 'NONE',  ( 9.954162900753161125, 25.10324656296079837, 151.6526499999999942 ) ) ;
#3543 = CARTESIAN_POINT ( 'NONE',  ( 9.031395674305660037, 25.09483268330565053, 148.4292747701205997 ) ) ;
#3544 = CARTESIAN_POINT ( 'NONE',  ( 12.43276479757197883, 22.68166654987964748, 155.5054469789040184 ) ) ;
#3545 = CARTESIAN_POINT ( 'NONE',  ( 24.85310992589150203, 23.55959362236509946, 152.3468500000000176 ) ) ;
#3546 = CARTESIAN_POINT ( 'NONE',  ( 13.40196475725953995, 22.66125377771815153, 153.2554381216195054 ) ) ;
#3547 = CARTESIAN_POINT ( 'NONE',  ( 10.63548542774742067, 24.47905936711790176, 155.4102458333335051 ) ) ;
#3548 = EDGE_LOOP ( 'NONE', ( #1259, #4795, #5841, #818 ) ) ;
#3549 = CARTESIAN_POINT ( 'NONE',  ( 25.40288947886985227, 25.47878172126105056, 161.2731032140220009 ) ) ;
#3550 = CARTESIAN_POINT ( 'NONE',  ( 19.98422713003055051, 29.57562002997500272, 151.9821163593755102 ) ) ;
#3551 = CARTESIAN_POINT ( 'NONE',  ( 24.70577475161895364, 23.52674557065494554, 151.5655309639924724 ) ) ;
#3552 = EDGE_CURVE ( 'NONE', #2345, #2474, #812, .T. ) ;
#3553 = CARTESIAN_POINT ( 'NONE',  ( 13.79247973935502003, 22.80997513121804943, 155.8405727469795181 ) ) ;
#3554 = B_SPLINE_CURVE_WITH_KNOTS ( 'NONE', 3,
 ( #3550, #6556, #5551, #6657, #239, #793, #6102, #2929, #3420, #2339 ),
 .UNSPECIFIED., .F., .F.,
 ( 4, 2, 2, 2, 4 ),
 ( 0.000000000000000000, 0.2500000000000000000, 0.5000000000000000000, 0.7500000000000000000, 1.000000000000000000 ),
 .UNSPECIFIED. ) ;
#3555 = ORIENTED_EDGE ( 'NONE', *, *, #6039, .T. ) ;
#3556 = CARTESIAN_POINT ( 'NONE',  ( 11.61166806013310016, 28.83621414699969776, 149.2456423555873926 ) ) ;
#3557 = CARTESIAN_POINT ( 'NONE',  ( 24.02376113437444971, 23.54892027750770112, 147.6411124999999913 ) ) ;
#3558 = CARTESIAN_POINT ( 'NONE',  ( 25.42388425155530030, 25.48102369095919784, 161.5345139829805134 ) ) ;
#3559 = CARTESIAN_POINT ( 'NONE',  ( 19.77796704875670031, 29.99738384907129785, 158.9566000000000088 ) ) ;
#3560 = CARTESIAN_POINT ( 'NONE',  ( 10.88263199125796099, 27.09863510343449988, 152.5329759813974988 ) ) ;
#3561 = CARTESIAN_POINT ( 'NONE',  ( 23.29092626753149986, 26.18588298938074743, 148.8495420433231970 ) ) ;
#3562 = CARTESIAN_POINT ( 'NONE',  ( 24.08087218903945015, 25.37249706775675406, 150.7468499999999949 ) ) ;
#3563 = CARTESIAN_POINT ( 'NONE',  ( 27.93517377375134814, 24.55266249407660339, 157.2324829354070062 ) ) ;
#3564 = CARTESIAN_POINT ( 'NONE',  ( 10.54366188546826244, 23.51110261912869248, 155.1117386962554292 ) ) ;
#3565 = CARTESIAN_POINT ( 'NONE',  ( 19.98422713003055051, 29.57562002997500272, 151.9821163593755102 ) ) ;
#3566 = CARTESIAN_POINT ( 'NONE',  ( 10.43817656019289863, 23.55531899154000186, 154.6537500000000023 ) ) ;
#3567 = CARTESIAN_POINT ( 'NONE',  ( 24.89274061291555284, 25.98547285481910052, 158.5336291666664863 ) ) ;
#3568 = CARTESIAN_POINT ( 'NONE',  ( 20.27965287708565256, 29.63162520637050079, 154.1630750000000205 ) ) ;
#3569 = CARTESIAN_POINT ( 'NONE',  ( 13.29094781803213898, 29.11716613328600189, 155.2959722222219909 ) ) ;
#3570 = CARTESIAN_POINT ( 'NONE',  ( 11.11036774899669943, 27.90321946388849739, 151.3099083333334818 ) ) ;
#3571 = CARTESIAN_POINT ( 'NONE',  ( 23.91512398142695162, 25.74071144097745290, 150.7488749999999982 ) ) ;
#3572 = CARTESIAN_POINT ( 'NONE',  ( 10.58128477835907688, 25.60658878781240233, 154.6562174979916335 ) ) ;
#3573 = CARTESIAN_POINT ( 'NONE',  ( 12.02932770093858039, 26.74170676461919882, 160.3450499999999863 ) ) ;
#3574 = ORIENTED_EDGE ( 'NONE', *, *, #4361, .T. ) ;
#3575 = CARTESIAN_POINT ( 'NONE',  ( 10.42495091827917975, 24.34172704168555157, 154.5163826388890129 ) ) ;
#3576 = CARTESIAN_POINT ( 'NONE',  ( 9.168611164418679849, 24.78067287839679977, 148.7338508082286239 ) ) ;
#3577 = CARTESIAN_POINT ( 'NONE',  ( 12.13869274039126012, 22.62666551543550142, 154.8266879886445224 ) ) ;
#3578 = CARTESIAN_POINT ( 'NONE',  ( 25.85799786477640083, 23.62535547600974795, 161.3187500000000227 ) ) ;
#3579 = CARTESIAN_POINT ( 'NONE',  ( 10.94779722882273809, 25.90117481784190190, 155.6175479166664957 ) ) ;
#3580 = ORIENTED_EDGE ( 'NONE', *, *, #535, .F. ) ;
#3581 = CARTESIAN_POINT ( 'NONE',  ( 23.91988320371400079, 24.79075948531534834, 148.7800916468692094 ) ) ;
#3582 = CARTESIAN_POINT ( 'NONE',  ( 14.31297069658283938, 22.94636246977504968, 153.4410053343374898 ) ) ;
#3583 = CARTESIAN_POINT ( 'NONE',  ( 24.24443946734195166, 25.43429678540124783, 151.7716829924075057 ) ) ;
#3584 = CARTESIAN_POINT ( 'NONE',  ( 10.14512979083390043, 26.90681692642655065, 149.8304007618849880 ) ) ;
#3585 = CARTESIAN_POINT ( 'NONE',  ( 11.15134645012826375, 24.65452601668337707, 158.1489303550608838 ) ) ;
#3586 = CARTESIAN_POINT ( 'NONE',  ( 13.87487827838924126, 23.01523806216635037, 155.7850995934184937 ) ) ;
#3587 = VERTEX_POINT ( 'NONE', #1372 ) ;
#3588 = EDGE_CURVE ( 'NONE', #4938, #3612, #1566, .T. ) ;
#3589 = CARTESIAN_POINT ( 'NONE',  ( 16.26559329376490481, 30.28358407354410176, 148.3275479166666173 ) ) ;
#3590 = CARTESIAN_POINT ( 'NONE',  ( 23.92606783114095137, 23.43525493792050085, 146.7170166666665807 ) ) ;
#3591 = CARTESIAN_POINT ( 'NONE',  ( 24.21708170930665105, 24.99693098789469659, 150.7507145833334903 ) ) ;
#3592 = CARTESIAN_POINT ( 'NONE',  ( 19.70980408654519778, 29.92493333224700081, 156.5894583333335106 ) ) ;
#3593 = CARTESIAN_POINT ( 'NONE',  ( 10.42355654702950041, 23.48643015333734851, 154.7853764377225048 ) ) ;
#3594 = CARTESIAN_POINT ( 'NONE',  ( 11.05742937746511778, 22.65161643665846114, 157.3853076404992350 ) ) ;
#3595 = CARTESIAN_POINT ( 'NONE',  ( 23.91311103941615457, 25.32504772698271722, 149.7996620547953341 ) ) ;
#3596 = CARTESIAN_POINT ( 'NONE',  ( 11.27927651462800007, 27.65882121445335073, 152.8973499999999888 ) ) ;
#3597 = EDGE_CURVE ( 'NONE', #6791, #5364, #5546, .T. ) ;
#3598 = CARTESIAN_POINT ( 'NONE',  ( 13.21780238209757741, 29.27194069812356503, 154.1934948377266892 ) ) ;
#3599 = CARTESIAN_POINT ( 'NONE',  ( 25.35978807043655081, 25.58588596145670024, 161.2725674551140003 ) ) ;
#3600 = CARTESIAN_POINT ( 'NONE',  ( 25.05388112176730075, 25.34815375108890123, 157.1408023556304840 ) ) ;
#3601 = CARTESIAN_POINT ( 'NONE',  ( 10.20588741110075937, 25.42097579445727362, 152.6910833265127394 ) ) ;
#3602 = CARTESIAN_POINT ( 'NONE',  ( 10.68112570707985931, 24.35045997487659974, 155.6686954861110053 ) ) ;
#3603 = AXIS2_PLACEMENT_3D ( 'NONE', #6068, #6137, #4579 ) ;
#3604 = CARTESIAN_POINT ( 'NONE',  ( 24.20408297974474721, 25.43196554777994933, 151.5263375000000110 ) ) ;
#3605 = CARTESIAN_POINT ( 'NONE',  ( 22.01410146176700167, 28.66526728243475119, 153.9938999999999965 ) ) ;
#3606 = CARTESIAN_POINT ( 'NONE',  ( 11.85579554695230087, 27.63866754054174990, 155.6107799779524896 ) ) ;
#3607 = CARTESIAN_POINT ( 'NONE',  ( 13.87854439475612089, 22.83998236832134765, 156.3486976524770000 ) ) ;
#3608 = EDGE_CURVE ( 'NONE', #5240, #6402, #2984, .T. ) ;
#3609 = VECTOR ( 'NONE', #2643, 1000.000000000000114 ) ;
#3610 = CARTESIAN_POINT ( 'NONE',  ( 23.79762124412855329, 25.66178487052485124, 149.9661591098470126 ) ) ;
#3611 = CARTESIAN_POINT ( 'NONE',  ( 11.77203795874555858, 22.38673063806725239, 161.1798291666665079 ) ) ;
#3612 = VERTEX_POINT ( 'NONE', #2331 ) ;
#3613 = CARTESIAN_POINT ( 'NONE',  ( 9.611670425646638094, 24.56366973024289635, 149.7201638059729873 ) ) ;
#3614 = CARTESIAN_POINT ( 'NONE',  ( 13.46239762261492068, 22.78596146110239928, 155.9179413578175115 ) ) ;
#3615 = VECTOR ( 'NONE', #6636, 1000.000000000000000 ) ;
#3616 = CARTESIAN_POINT ( 'NONE',  ( 25.11323317352044882, 23.64612239528474902, 153.8944499999999778 ) ) ;
#3617 = CARTESIAN_POINT ( 'NONE',  ( 17.75164030129394988, 30.23323577985595279, 158.4252208333334977 ) ) ;
#3618 = ORIENTED_EDGE ( 'NONE', *, *, #6720, .F. ) ;
#3619 = CARTESIAN_POINT ( 'NONE',  ( 11.20777153833540041, 25.56675269219179825, 157.6941999999999950 ) ) ;
#3620 = CARTESIAN_POINT ( 'NONE',  ( 13.32675795355374149, 29.50838944521125384, 152.1567694856620108 ) ) ;
#3621 = CARTESIAN_POINT ( 'NONE',  ( 26.92733769709565195, 23.50186122569500213, 146.8954874656566005 ) ) ;
#3622 = CARTESIAN_POINT ( 'NONE',  ( 10.67622849142003894, 26.70480862053165083, 152.9899875000000122 ) ) ;
#3623 = CARTESIAN_POINT ( 'NONE',  ( 10.88599739190741644, 24.73316113371797442, 156.5333232949579383 ) ) ;
#3624 = CARTESIAN_POINT ( 'NONE',  ( 9.096249321250599706, 23.30857757470555214, 149.2582605590439755 ) ) ;
#3625 = VERTEX_POINT ( 'NONE', #3444 ) ;
#3626 = CARTESIAN_POINT ( 'NONE',  ( 16.36922208309079707, 30.28396533781034705, 148.0525071180553880 ) ) ;
#3627 = CARTESIAN_POINT ( 'NONE',  ( 23.92304857060694800, 22.37818797944139959, 144.3473541666665767 ) ) ;
#3628 = DIRECTION ( 'NONE',  ( -0.1006318910984300152, -0.05303758115645550858, -0.9935090525400490646 ) ) ;
#3629 = CARTESIAN_POINT ( 'NONE',  ( 19.91635910862670045, 29.91910425444365274, 158.1465916666664953 ) ) ;
#3630 = CARTESIAN_POINT ( 'NONE',  ( 13.98755051731630061, 22.93588320943135273, 153.8108475910549942 ) ) ;
#3631 = CARTESIAN_POINT ( 'NONE',  ( 23.98721382831918447, 25.21399777556387534, 149.9582374544394554 ) ) ;
#3632 = B_SPLINE_CURVE_WITH_KNOTS ( 'NONE', 3,
 ( #2253, #6505, #4364, #5505, #1764, #3373, #1733, #2883, #777, #6474, #190, #2322, #2355, #1271, #744, #4984, #220, #6569, #1829 ),
 .UNSPECIFIED., .F., .F.,
 ( 4, 1, 1, 1, 1, 1, 1, 1, 1, 1, 1, 1, 1, 1, 1, 1, 4 ),
 ( 0.000000000000000000, 0.06211368489662579678, 0.1229850608463581990, 0.1826843667485675005, 0.2422813388823304992, 0.3021508123616890029, 0.3628091058793965207, 0.4245733901277469746, 0.4891744674270759874, 0.5537383114983850385, 0.6170787023597870125, 0.6797290741741780495, 0.7415921071292710387, 0.8044635205752319607, 0.8679351869989320178, 0.9329927743659480743, 1.000000000000000000 ),
 .UNSPECIFIED. ) ;
#3633 = ORIENTED_EDGE ( 'NONE', *, *, #619, .T. ) ;
#3634 = CARTESIAN_POINT ( 'NONE',  ( 10.17383791015529937, 26.46647614478535004, 151.0567937499999971 ) ) ;
#3635 = CARTESIAN_POINT ( 'NONE',  ( 14.63913326719239905, 23.08028153851435249, 155.8160615616585005 ) ) ;
#3636 = CARTESIAN_POINT ( 'NONE',  ( 24.84730798797960105, 25.40282405900375196, 155.4089250000000106 ) ) ;
#3637 = CARTESIAN_POINT ( 'NONE',  ( 24.88544267211370098, 25.66281182706030251, 156.8103089489229660 ) ) ;
#3638 = CARTESIAN_POINT ( 'NONE',  ( 25.53969128280899881, 25.18032466830525351, 161.5868971640974792 ) ) ;
#3639 = CARTESIAN_POINT ( 'NONE',  ( 25.35978807043655081, 25.58588596145670024, 161.2725674551140003 ) ) ;
#3640 = CARTESIAN_POINT ( 'NONE',  ( 27.26486732089629683, 23.67975468093699831, 150.2278181322679984 ) ) ;
#3641 = CARTESIAN_POINT ( 'NONE',  ( 16.95865161729579995, 30.26467671852365271, 153.6364618055555127 ) ) ;
#3642 = EDGE_CURVE ( 'NONE', #2078, #3190, #2947, .T. ) ;
#3643 = CARTESIAN_POINT ( 'NONE',  ( 11.79485920142936095, 28.44783658318734965, 152.0257208333335086 ) ) ;
#3644 = CARTESIAN_POINT ( 'NONE',  ( 14.82586475700952100, 22.88358512823969804, 155.5634402434665162 ) ) ;
#3645 = CARTESIAN_POINT ( 'NONE',  ( 25.09353967718264755, 25.26347426961569909, 157.2048264050089870 ) ) ;
#3646 = CARTESIAN_POINT ( 'NONE',  ( 23.67657678744225080, 26.06555306981510256, 150.3632061158834858 ) ) ;
#3647 = CARTESIAN_POINT ( 'NONE',  ( 10.55226774579191940, 20.79605061707095004, 152.4166354166665087 ) ) ;
#3648 = ORIENTED_EDGE ( 'NONE', *, *, #2879, .F. ) ;
#3649 = CARTESIAN_POINT ( 'NONE',  ( 9.471160449870518860, 25.60309352527275095, 148.8617341402098191 ) ) ;
#3650 = CARTESIAN_POINT ( 'NONE',  ( 24.20863917247504915, 27.42964897141779801, 160.9214458333335074 ) ) ;
#3651 = CARTESIAN_POINT ( 'NONE',  ( 24.01934258341259820, 23.97873322037450095, 148.1444067191810063 ) ) ;
#3652 = CARTESIAN_POINT ( 'NONE',  ( 25.62787372594825186, 23.39239587613664995, 158.5911333333334881 ) ) ;
#3653 = CARTESIAN_POINT ( 'NONE',  ( 25.15620656437955205, 26.02628117275704867, 161.2738963070380009 ) ) ;
#3654 = CARTESIAN_POINT ( 'NONE',  ( 13.54056968709357811, 22.81459216474009821, 156.4100657972394970 ) ) ;
#3655 = EDGE_LOOP ( 'NONE', ( #3149, #4455, #6598, #2855, #1845, #5807, #4299, #1507, #6226, #3517, #1661, #68, #5653, #1397, #3364, #3387, #6322, #5679, #6267, #5283 ) ) ;
#3656 = CARTESIAN_POINT ( 'NONE',  ( 11.60676666575963978, 20.59794824771094923, 158.4678083333335223 ) ) ;
#3657 = CARTESIAN_POINT ( 'NONE',  ( 12.21409354718635853, 28.70694013605560002, 152.3122551913560017 ) ) ;
#3658 = CARTESIAN_POINT ( 'NONE',  ( 13.46451472768643853, 23.00897350519164775, 156.4061049118934932 ) ) ;
#3659 = CARTESIAN_POINT ( 'NONE',  ( 9.950034925292758459, 26.51546079599075156, 149.6108109411264024 ) ) ;
#3660 = CARTESIAN_POINT ( 'NONE',  ( 11.19394941225345974, 24.31113470428882195, 158.5592529634860739 ) ) ;
#3661 = FACE_OUTER_BOUND ( 'NONE', #520, .T. ) ;
#3662 = CARTESIAN_POINT ( 'NONE',  ( 9.659038308962649921, 21.88584839851830210, 150.1061161458334823 ) ) ;
#3663 = EDGE_LOOP ( 'NONE', ( #1666, #4245, #791, #1979 ) ) ;
#3664 = CARTESIAN_POINT ( 'NONE',  ( 11.37686872283020101, 27.46265062572015125, 153.9732824552919794 ) ) ;
#3665 = CARTESIAN_POINT ( 'NONE',  ( 24.03564504268635105, 22.76262777006880000, 147.3208500000000072 ) ) ;
#3666 = CARTESIAN_POINT ( 'NONE',  ( 10.77813848036464073, 26.58010327138834938, 153.6441982375675082 ) ) ;
#3667 = CARTESIAN_POINT ( 'NONE',  ( 18.97392094200224832, 30.08520793955510086, 155.8885999999999967 ) ) ;
#3668 = CARTESIAN_POINT ( 'NONE',  ( 10.18295055094761992, 25.11681983650074912, 153.2129103542499990 ) ) ;
#3669 = CARTESIAN_POINT ( 'NONE',  ( 23.89679585263423078, 25.34748206113899016, 149.7624630647960373 ) ) ;
#3670 = ORIENTED_EDGE ( 'NONE', *, *, #193, .F. ) ;
#3671 = CARTESIAN_POINT ( 'NONE',  ( 9.715719005986249712, 24.26464174348440039, 150.1895830422569986 ) ) ;
#3672 = CARTESIAN_POINT ( 'NONE',  ( 14.99904442985079989, 22.86539820566100190, 154.8379284780585010 ) ) ;
#3673 = CARTESIAN_POINT ( 'NONE',  ( 25.11492291476314875, 25.51998793887879913, 158.5325291666665066 ) ) ;
#3674 = CARTESIAN_POINT ( 'NONE',  ( 9.616449668586975363, 22.62954214620167548, 150.0752527434326851 ) ) ;
#3675 = CARTESIAN_POINT ( 'NONE',  ( 9.759497904968510440, 24.48550116413525046, 150.3392468660239842 ) ) ;
#3676 = CARTESIAN_POINT ( 'NONE',  ( 24.75779304148084847, 25.36739825436114870, 154.6310583333335273 ) ) ;
#3677 = CARTESIAN_POINT ( 'NONE',  ( 24.21599015129200083, 25.87492174897539954, 152.7575755957089996 ) ) ;
#3678 = CARTESIAN_POINT ( 'NONE',  ( 11.18852690723610088, 28.42639661247284977, 149.4218938163160146 ) ) ;
#3679 = CARTESIAN_POINT ( 'NONE',  ( 10.15349271491934502, 22.32405539872033984, 151.7727079226831108 ) ) ;
#3680 = CARTESIAN_POINT ( 'NONE',  ( 10.43913939910702027, 27.59264071348695069, 149.3764836469993895 ) ) ;
#3681 = CARTESIAN_POINT ( 'NONE',  ( 10.76860770398580058, 20.81962842435810046, 153.8302249999999844 ) ) ;
#3682 = ORIENTED_EDGE ( 'NONE', *, *, #3095, .F. ) ;
#3683 = EDGE_CURVE ( 'NONE', #210, #2466, #4219, .T. ) ;
#3684 = CARTESIAN_POINT ( 'NONE',  ( 9.657167435508680953, 24.20419971436235329, 149.9804607800380154 ) ) ;
#3685 = CARTESIAN_POINT ( 'NONE',  ( 11.32438633320551880, 22.74364646821900138, 158.9381259447520165 ) ) ;
#3686 = CARTESIAN_POINT ( 'NONE',  ( 10.18353327158965982, 24.34215675569519632, 153.4650591804650048 ) ) ;
#3687 = CARTESIAN_POINT ( 'NONE',  ( 23.98843933323020039, 21.36670674510385126, 148.3869791666666060 ) ) ;
#3688 = CARTESIAN_POINT ( 'NONE',  ( 25.12652646255279976, 26.23495473560899782, 162.0608009171309902 ) ) ;
#3689 = ORIENTED_EDGE ( 'NONE', *, *, #962, .F. ) ;
#3690 = EDGE_CURVE ( 'NONE', #6010, #3625, #3328, .T. ) ;
#3691 = CARTESIAN_POINT ( 'NONE',  ( 11.27747581254186038, 22.39527460553295057, 158.4935000000000116 ) ) ;
#3692 = CARTESIAN_POINT ( 'NONE',  ( 23.66869319578244912, 25.54046305364525082, 149.0398944571002176 ) ) ;
#3693 = LINE ( 'NONE', #5797, #1830 ) ;
#3694 = CARTESIAN_POINT ( 'NONE',  ( 11.29690451083549974, 27.21375194619099958, 154.3639916666664931 ) ) ;
#3695 = CARTESIAN_POINT ( 'NONE',  ( 11.10763029974060068, 24.82976340509302204, 157.7604029907218717 ) ) ;
#3696 = CARTESIAN_POINT ( 'NONE',  ( 8.822923730288659172, 23.97368991005650329, 148.7521135899266085 ) ) ;
#3697 = EDGE_LOOP ( 'NONE', ( #30, #499, #5674, #974 ) ) ;
#3698 = EDGE_CURVE ( 'NONE', #3771, #2864, #3884, .T. ) ;
#3699 = CARTESIAN_POINT ( 'NONE',  ( 12.30597849699779900, 29.45773624443270222, 148.5237104166666313 ) ) ;
#3700 = CARTESIAN_POINT ( 'NONE',  ( 23.21667185093325259, 19.81539955296555178, 146.5474999999999852 ) ) ;
#3701 = LINE ( 'NONE', #1602, #4927 ) ;
#3702 = CARTESIAN_POINT ( 'NONE',  ( 19.95201697883405245, 30.08447952951454951, 162.7845666666665068 ) ) ;
#3703 = DIRECTION ( 'NONE',  ( -0.6586509710423600339, -0.02104854966331753605, 0.7521541443760229040 ) ) ;
#3704 = CARTESIAN_POINT ( 'NONE',  ( 23.92623197183122841, 25.30650472684625640, 149.8289675717832381 ) ) ;
#3705 = B_SPLINE_CURVE_WITH_KNOTS ( 'NONE', 3,
 ( #6633, #5044, #4554, #277, #2413, #801, #4525, #1886, #1915 ),
 .UNSPECIFIED., .F., .F.,
 ( 4, 3, 2, 4 ),
 ( 0.000000000000000000, 0.4445058211073290022, 0.7221259476211420170, 1.000000000000000000 ),
 .UNSPECIFIED. ) ;
#3706 = VERTEX_POINT ( 'NONE', #2429 ) ;
#3707 = CARTESIAN_POINT ( 'NONE',  ( 14.31316645031019874, 22.86715796952750068, 156.1479692261739842 ) ) ;
#3708 = CARTESIAN_POINT ( 'NONE',  ( 10.57336972854871959, 24.73622749794985154, 155.0203812500000140 ) ) ;
#3709 = CARTESIAN_POINT ( 'NONE',  ( 23.73674286859014870, 25.10026274618605058, 148.3798282462944087 ) ) ;
#3710 = CARTESIAN_POINT ( 'NONE',  ( 9.532081993264501563, 23.02048178702697001, 149.8915367188734820 ) ) ;
#3711 = CARTESIAN_POINT ( 'NONE',  ( 24.68585323170450607, 25.53064010778615156, 154.6383577991750826 ) ) ;
#3712 = CARTESIAN_POINT ( 'NONE',  ( 25.32027479773434919, 25.19315085238985219, 159.3169833333334964 ) ) ;
#3713 = CARTESIAN_POINT ( 'NONE',  ( 24.02073101880914763, 25.78712072390074894, 151.2722404128224980 ) ) ;
#3714 = CARTESIAN_POINT ( 'NONE',  ( 19.84381651363354848, 29.47615746619869981, 150.0173963541664932 ) ) ;
#3715 = CARTESIAN_POINT ( 'NONE',  ( 12.07225721209465874, 28.23233696213604915, 154.2571777777779971 ) ) ;
#3716 = CARTESIAN_POINT ( 'NONE',  ( 13.33172555070373910, 22.85378495645479902, 153.1995388272704872 ) ) ;
#3717 = CARTESIAN_POINT ( 'NONE',  ( 25.09716849795774962, 26.13873553827439977, 161.2752083935814937 ) ) ;
#3718 = CARTESIAN_POINT ( 'NONE',  ( 12.54235086398164079, 22.89717082966150130, 155.6274453120865076 ) ) ;
#3719 = CARTESIAN_POINT ( 'NONE',  ( 25.10291152683959837, 25.37159151898639919, 157.7514979166665228 ) ) ;
#3720 = CARTESIAN_POINT ( 'NONE',  ( 10.10345927450640069, 24.34187578971624788, 153.1070895833335044 ) ) ;
#3721 = VERTEX_POINT ( 'NONE', #4542 ) ;
#3722 = VECTOR ( 'NONE', #5662, 1000.000000000000000 ) ;
#3723 = CARTESIAN_POINT ( 'NONE',  ( 23.46338487317409971, 28.41269131004404969, 162.1565531249999879 ) ) ;
#3724 = CARTESIAN_POINT ( 'NONE',  ( 24.05058888060035116, 24.15030650586849958, 148.5359724218665747 ) ) ;
#3725 = CARTESIAN_POINT ( 'NONE',  ( 25.79252047350690091, 22.31278136260300116, 162.1897729166664988 ) ) ;
#3726 = VECTOR ( 'NONE', #6792, 999.9999999999998863 ) ;
#3727 = CARTESIAN_POINT ( 'NONE',  ( 24.43134117463925037, 27.12004759107185237, 160.7771395833335077 ) ) ;
#3728 = VERTEX_POINT ( 'NONE', #1904 ) ;
#3729 = CARTESIAN_POINT ( 'NONE',  ( 11.64434651604929982, 20.47462007666630157, 158.4642125000000021 ) ) ;
#3730 = CARTESIAN_POINT ( 'NONE',  ( 14.44049085064589910, 22.76168430227255257, 153.5654794087170103 ) ) ;
#3731 = CARTESIAN_POINT ( 'NONE',  ( 10.88108358274769927, 26.57858510164215105, 154.0706952498289866 ) ) ;
#3732 = CARTESIAN_POINT ( 'NONE',  ( 11.57275767774245878, 27.25602636537499990, 155.5191332042564909 ) ) ;
#3733 = VECTOR ( 'NONE', #6726, 1000.000000000000114 ) ;
#3734 = CARTESIAN_POINT ( 'NONE',  ( 10.99762600612798558, 24.88829296402412439, 157.0509317222297057 ) ) ;
#3735 = EDGE_CURVE ( 'NONE', #4513, #1162, #4013, .T. ) ;
#3736 = AXIS2_PLACEMENT_3D ( 'NONE', #261, #3950, #5610 ) ;
#3737 = CARTESIAN_POINT ( 'NONE',  ( 9.627417601805941416, 22.27316510607729683, 150.0883265625000149 ) ) ;
#3738 = ORIENTED_EDGE ( 'NONE', *, *, #1651, .T. ) ;
#3739 = CARTESIAN_POINT ( 'NONE',  ( 23.81279082952215020, 20.90585643760380208, 144.5665375000000097 ) ) ;
#3740 = CARTESIAN_POINT ( 'NONE',  ( 17.44537603551945182, 30.15954011092910036, 146.7170578615469765 ) ) ;
#3741 = B_SPLINE_CURVE_WITH_KNOTS ( 'NONE', 3,
 ( #2384, #3078, #5079, #1387, #3528, #2479, #4495, #317, #6605, #1420 ),
 .UNSPECIFIED., .F., .F.,
 ( 4, 2, 2, 2, 4 ),
 ( 0.000000000000000000, 0.2500000000000000000, 0.5000000000000000000, 0.7500000000000000000, 1.000000000000000000 ),
 .UNSPECIFIED. ) ;
#3742 = B_SPLINE_CURVE_WITH_KNOTS ( 'NONE', 3,
 ( #4777, #979, #3113, #4706, #1488, #2060, #3630, #942, #6363, #2024, #2550, #458, #5691, #1990, #1089 ),
 .UNSPECIFIED., .F., .F.,
 ( 4, 1, 1, 1, 1, 1, 1, 1, 1, 1, 1, 1, 4 ),
 ( 0.000000000000000000, 0.1101715529067670007, 0.2114065456274079879, 0.3044953688545204984, 0.3886988138194849562, 0.4648246972172510039, 0.5321580448999250201, 0.5911314173777190151, 0.6419172662896239778, 0.7340741565462390872, 0.8228573562020700116, 0.9112417756926730616, 1.000000000000000000 ),
 .UNSPECIFIED. ) ;
#3743 = EDGE_CURVE ( 'NONE', #4125, #2466, #159, .T. ) ;
#3744 = CARTESIAN_POINT ( 'NONE',  ( 23.59882274582189865, 25.27203268868560215, 147.9620702832489769 ) ) ;
#3745 = CARTESIAN_POINT ( 'NONE',  ( 11.23832768573983998, 27.58169522463134982, 152.9744267455100157 ) ) ;
#3746 = ORIENTED_EDGE ( 'NONE', *, *, #5031, .F. ) ;
#3747 = CARTESIAN_POINT ( 'NONE',  ( 13.52398657415121974, 23.01370244699669954, 156.4011161679269719 ) ) ;
#3748 = CARTESIAN_POINT ( 'NONE',  ( 10.46255317637949922, 26.24326561418865111, 153.0275875000000099 ) ) ;
#3749 = CARTESIAN_POINT ( 'NONE',  ( 24.32504919481394623, 25.48524272804350232, 152.3030499999999847 ) ) ;
#3750 = CARTESIAN_POINT ( 'NONE',  ( 24.68180393296060515, 25.54571067919428984, 154.6561956406527258 ) ) ;
#3751 = CARTESIAN_POINT ( 'NONE',  ( 23.96004202096205304, 24.66976162795189964, 148.7814210780799726 ) ) ;
#3752 = CARTESIAN_POINT ( 'NONE',  ( 14.40344484849712003, 22.79571190238890210, 154.3911653498404917 ) ) ;
#3753 = CARTESIAN_POINT ( 'NONE',  ( 22.32087970612085215, 27.69652256452864947, 149.6845260416666008 ) ) ;
#3754 = CARTESIAN_POINT ( 'NONE',  ( 25.48578431073775263, 25.26545076065579920, 161.2745605835789888 ) ) ;
#3755 = CARTESIAN_POINT ( 'NONE',  ( 11.07247754930240191, 28.21538883265865039, 149.8344895833332089 ) ) ;
#3756 = CARTESIAN_POINT ( 'NONE',  ( 19.44031737949410044, 29.73994744224675202, 151.5251694807789988 ) ) ;
#3757 = CARTESIAN_POINT ( 'NONE',  ( 11.06179365670546133, 27.35459936029990047, 152.9290666666665004 ) ) ;
#3758 = CARTESIAN_POINT ( 'NONE',  ( 9.923616223466440900, 24.17672413183539959, 151.2817539930555313 ) ) ;
#3759 = VERTEX_POINT ( 'NONE', #5995 ) ;
#3760 = CARTESIAN_POINT ( 'NONE',  ( 24.67121244174785133, 24.75640927245135003, 152.7711771986789984 ) ) ;
#3761 = CARTESIAN_POINT ( 'NONE',  ( 23.97001927480430439, 21.35606606253475093, 148.2588916666665853 ) ) ;
#3762 = CARTESIAN_POINT ( 'NONE',  ( 24.29366480397125017, 27.43777041510549708, 161.7052854166664986 ) ) ;
#3763 = EDGE_LOOP ( 'NONE', ( #3329, #2724, #4010, #4159 ) ) ;
#3764 = CARTESIAN_POINT ( 'NONE',  ( 11.81811261014516035, 21.22564982607395123, 160.4052446184774965 ) ) ;
#3765 = CARTESIAN_POINT ( 'NONE',  ( 12.32678992917509930, 22.49965570921230196, 151.6524564868589948 ) ) ;
#3766 = CARTESIAN_POINT ( 'NONE',  ( 19.54875311328850174, 29.85883440696169799, 153.5209061325359983 ) ) ;
#3767 = CARTESIAN_POINT ( 'NONE',  ( 14.13972257114010134, 23.02860941199460143, 155.5918435914069846 ) ) ;
#3768 = CARTESIAN_POINT ( 'NONE',  ( 23.54919681622365246, 25.94923142317325215, 149.4562620129929940 ) ) ;
#3769 = CARTESIAN_POINT ( 'NONE',  ( 9.820541299656360579, 22.95959237011880205, 150.5045840277780087 ) ) ;
#3770 = CARTESIAN_POINT ( 'NONE',  ( 8.812730310126838162, 23.85333883604889849, 148.8015260820025958 ) ) ;
#3771 = VERTEX_POINT ( 'NONE', #1974 ) ;
#3772 = CARTESIAN_POINT ( 'NONE',  ( 23.83018334034539976, 24.70422496304784943, 148.1070955163052076 ) ) ;
#3773 = B_SPLINE_SURFACE_WITH_KNOTS ( 'NONE', 3, 1, ( 
 ( #58, #2174 ),
 ( #4294, #5893 ),
 ( #1138, #3276 ),
 ( #5377, #1268 ),
 ( #251, #2880 ),
 ( #3842, #2284 ),
 ( #6017, #5438 ),
 ( #6439, #5984 ),
 ( #675, #639 ),
 ( #157, #6536 ) ),
 .UNSPECIFIED., .F., .F., .F.,
 ( 4, 2, 2, 2, 4 ),
 ( 2, 2 ),
 ( 0.000000000000000000, 0.2500000000000000000, 0.5000000000000000000, 0.7500000000000000000, 1.000000000000000000 ),
 ( 0.000000000000000000, 1.000000000000000000 ),
 .UNSPECIFIED. ) ;
#3774 = CARTESIAN_POINT ( 'NONE',  ( 23.94987570061639914, 21.96262513867400301, 146.8867833333333692 ) ) ;
#3775 = EDGE_CURVE ( 'NONE', #6806, #2466, #1073, .T. ) ;
#3776 = CARTESIAN_POINT ( 'NONE',  ( 17.00003048273305239, 30.32234922676800082, 145.7328848987552021 ) ) ;
#3777 = CARTESIAN_POINT ( 'NONE',  ( 24.21599015129155319, 25.87492174897525032, 152.7575755957059869 ) ) ;
#3778 = ORIENTED_EDGE ( 'NONE', *, *, #2359, .F. ) ;
#3779 = CARTESIAN_POINT ( 'NONE',  ( 12.31020681623273916, 22.69876599146889973, 151.6435068575464982 ) ) ;
#3780 = CARTESIAN_POINT ( 'NONE',  ( 14.93808088779723953, 22.88038428489934972, 155.2842986718325164 ) ) ;
#3781 = EDGE_CURVE ( 'NONE', #713, #4912, #6369, .T. ) ;
#3782 = CARTESIAN_POINT ( 'NONE',  ( 9.993023594740011006, 25.48919022547369906, 151.6386354166664887 ) ) ;
#3783 = CARTESIAN_POINT ( 'NONE',  ( 24.62303938063697828, 25.78326928571646448, 155.0237506491893669 ) ) ;
#3784 = CARTESIAN_POINT ( 'NONE',  ( 24.29960926732879756, 24.74482000228800160, 150.7548416666664934 ) ) ;
#3785 = CARTESIAN_POINT ( 'NONE',  ( 25.36130946393605257, 25.07270111793255296, 159.3186333333335085 ) ) ;
#3786 = CARTESIAN_POINT ( 'NONE',  ( 13.76135295028325878, 22.67582143313559939, 152.9136133480635067 ) ) ;
#3787 = CARTESIAN_POINT ( 'NONE',  ( 19.81202126649914774, 29.60034321884440089, 151.4949724788770027 ) ) ;
#3788 = CARTESIAN_POINT ( 'NONE',  ( 10.41170859798950055, 27.26214880586089961, 150.1952343750000125 ) ) ;
#3789 = CARTESIAN_POINT ( 'NONE',  ( 10.42010735927482123, 20.51360926949964991, 151.2303882814389908 ) ) ;
#3790 = ORIENTED_EDGE ( 'NONE', *, *, #5199, .T. ) ;
#3791 = CYLINDRICAL_SURFACE ( 'NONE', #5034, 7.288715867706669904 ) ;
#3792 = CARTESIAN_POINT ( 'NONE',  ( 25.35151137976259861, 24.62902436621329727, 157.7632250000000056 ) ) ;
#3793 = CARTESIAN_POINT ( 'NONE',  ( 23.80989847486734945, 20.68438615089325339, 148.8619833333331997 ) ) ;
#3794 = B_SPLINE_CURVE_WITH_KNOTS ( 'NONE', 3,
 ( #6788, #6538, #6567, #706, #1269, #742, #1236, #2881, #5985, #5408 ),
 .UNSPECIFIED., .F., .F.,
 ( 4, 2, 2, 2, 4 ),
 ( 0.000000000000000000, 0.2500000000000000000, 0.5000000000000000000, 0.7500000000000000000, 1.000000000000000000 ),
 .UNSPECIFIED. ) ;
#3795 = CARTESIAN_POINT ( 'NONE',  ( 24.77843312480590043, 26.80331315162715100, 161.9417791666664925 ) ) ;
#3796 = ORIENTED_EDGE ( 'NONE', *, *, #5382, .T. ) ;
#3797 = CARTESIAN_POINT ( 'NONE',  ( 10.83502705793442011, 23.96401835836395122, 156.5721499999999935 ) ) ;
#3798 = CARTESIAN_POINT ( 'NONE',  ( 24.32757133901530011, 24.45110924906665062, 150.4841568824924991 ) ) ;
#3799 = CARTESIAN_POINT ( 'NONE',  ( 12.10261407237850051, 28.34885436733380359, 153.8524629889639925 ) ) ;
#3800 = DIRECTION ( 'NONE',  ( -0.1006318910984300152, -0.05303758115645550858, -0.9935090525400490646 ) ) ;
#3801 = VERTEX_POINT ( 'NONE', #3135 ) ;
#3802 = CARTESIAN_POINT ( 'NONE',  ( 10.93139952831213790, 26.60510389221449756, 154.5674497760979875 ) ) ;
#3803 = CARTESIAN_POINT ( 'NONE',  ( 24.50699961591720211, 24.50234495498395049, 151.2915731713455045 ) ) ;
#3804 = CARTESIAN_POINT ( 'NONE',  ( 24.92314738591015200, 25.43462072379230321, 156.1883958333334874 ) ) ;
#3805 = CARTESIAN_POINT ( 'NONE',  ( 17.78621212752419822, 30.19475507329685016, 152.8740999999999985 ) ) ;
#3806 = EDGE_CURVE ( 'NONE', #413, #6402, #5620, .T. ) ;
#3807 = EDGE_LOOP ( 'NONE', ( #3116, #3156, #3689, #3314 ) ) ;
#3808 = CARTESIAN_POINT ( 'NONE',  ( 24.76916745862504854, 25.22713799200259999, 154.3562518232390062 ) ) ;
#3809 = CARTESIAN_POINT ( 'NONE',  ( 10.06326284505412083, 26.43693627110684830, 150.4051675347219827 ) ) ;
#3810 = CARTESIAN_POINT ( 'NONE',  ( 24.02870410579279792, 24.42503864108465095, 148.7895204791466313 ) ) ;
#3811 = DIRECTION ( 'NONE',  ( 0.9914363738952897132, 0.07786042793597398870, -0.1048411669096929733 ) ) ;
#3812 = EDGE_CURVE ( 'NONE', #5992, #2717, #5962, .T. ) ;
#3813 = CARTESIAN_POINT ( 'NONE',  ( 11.29690451083549974, 27.21375194619099958, 154.3639916666664931 ) ) ;
#3814 = CARTESIAN_POINT ( 'NONE',  ( 20.48057664249585130, 29.50096993213725227, 153.4456265992529893 ) ) ;
#3815 = ORIENTED_EDGE ( 'NONE', *, *, #5576, .F. ) ;
#3816 = CARTESIAN_POINT ( 'NONE',  ( 20.99228624074935112, 29.59893497325124656, 158.8187250000000006 ) ) ;
#3817 = CARTESIAN_POINT ( 'NONE',  ( 23.91900936995164884, 24.32672665336350093, 147.9877849036265900 ) ) ;
#3818 = CARTESIAN_POINT ( 'NONE',  ( 23.74751948215465092, 20.65990441625999807, 148.4801708333332044 ) ) ;
#3819 = CARTESIAN_POINT ( 'NONE',  ( 24.19420883854929727, 27.42719566631184591, 160.7908333333334951 ) ) ;
#3820 = ORIENTED_EDGE ( 'NONE', *, *, #1457, .F. ) ;
#3821 = CARTESIAN_POINT ( 'NONE',  ( 11.80022716828363905, 27.46022469141154687, 156.0121124448114927 ) ) ;
#3822 = CARTESIAN_POINT ( 'NONE',  ( 24.47130040027244746, 24.81961559349949908, 151.7815185936819944 ) ) ;
#3823 = CARTESIAN_POINT ( 'NONE',  ( 14.46746798544629975, 23.02622714710589946, 154.9315511424109957 ) ) ;
#3824 = CARTESIAN_POINT ( 'NONE',  ( 11.62366679985644069, 27.80094162582339834, 153.9302250785385127 ) ) ;
#3825 = CARTESIAN_POINT ( 'NONE',  ( 24.16329701985269907, 25.47882971857080037, 151.2742578306994972 ) ) ;
#3826 = CARTESIAN_POINT ( 'NONE',  ( 8.088325667554709497, 22.88630787348579787, 149.1576168619783971 ) ) ;
#3827 = EDGE_LOOP ( 'NONE', ( #1838, #4478, #1561 ) ) ;
#3828 = VECTOR ( 'NONE', #5114, 1000.000000000000000 ) ;
#3829 = CARTESIAN_POINT ( 'NONE',  ( 10.91350349366044092, 26.46506425503129734, 154.4239715277780078 ) ) ;
#3830 = CARTESIAN_POINT ( 'NONE',  ( 22.99860472239740261, 18.94941406656235117, 144.7486732638890032 ) ) ;
#3831 = CARTESIAN_POINT ( 'NONE',  ( 9.406966377767313148, 23.56301670609390442, 149.5654085274094882 ) ) ;
#3832 = CARTESIAN_POINT ( 'NONE',  ( 17.08360410090429937, 30.21886819196370055, 150.5871249999999861 ) ) ;
#3833 = LINE ( 'NONE', #5977, #4591 ) ;
#3834 = VECTOR ( 'NONE', #230, 1000.000000000000000 ) ;
#3835 = EDGE_LOOP ( 'NONE', ( #167, #3999, #2240, #5098, #5636, #3262, #4864, #1222, #3072, #3020, #784, #3790 ) ) ;
#3836 = CARTESIAN_POINT ( 'NONE',  ( 12.40945280730459999, 22.70861607159235263, 156.1482123987570105 ) ) ;
#3837 = CARTESIAN_POINT ( 'NONE',  ( 10.10690426763682837, 23.36385962255912574, 152.6451791403008542 ) ) ;
#3838 = CARTESIAN_POINT ( 'NONE',  ( 15.93205639965616882, 30.22104215895707924, 151.8548361667132269 ) ) ;
#3839 = CARTESIAN_POINT ( 'NONE',  ( 16.41893647266754996, 24.06355795120484942, 154.1472988272900011 ) ) ;
#3840 = CARTESIAN_POINT ( 'NONE',  ( 9.913777764273540072, 24.25539071417577830, 151.2286075409064665 ) ) ;
#3841 = CARTESIAN_POINT ( 'NONE',  ( 9.975349372829878547, 23.90243651691173099, 151.6561233917302332 ) ) ;
#3842 = CARTESIAN_POINT ( 'NONE',  ( 13.97905603049959922, 29.73228895120239912, 154.0918126720544876 ) ) ;
#3843 = CARTESIAN_POINT ( 'NONE',  ( 24.82993425971350376, 25.96323294603789833, 157.7516458333334981 ) ) ;
#3844 = FACE_OUTER_BOUND ( 'NONE', #5723, .T. ) ;
#3845 = CARTESIAN_POINT ( 'NONE',  ( 16.50595417415372879, 30.28826401385472877, 153.8061845636946998 ) ) ;
#3846 = CARTESIAN_POINT ( 'NONE',  ( 9.906904047440979966, 24.17129261928180028, 151.1472591171790043 ) ) ;
#3847 = EDGE_CURVE ( 'NONE', #3267, #2345, #6524, .T. ) ;
#3848 = CARTESIAN_POINT ( 'NONE',  ( 23.43901838931039805, 27.96235226651874584, 158.6029499999999928 ) ) ;
#3849 = CARTESIAN_POINT ( 'NONE',  ( 25.55986503019860123, 25.13220307369525131, 161.6256523437949966 ) ) ;
#3850 = CARTESIAN_POINT ( 'NONE',  ( 23.26481673752439860, 18.88349597103970012, 152.0785833333334836 ) ) ;
#3851 = ORIENTED_EDGE ( 'NONE', *, *, #3927, .F. ) ;
#3852 = CARTESIAN_POINT ( 'NONE',  ( 10.77840757888342083, 23.16971765310605136, 156.1899124999999913 ) ) ;
#3853 = DIRECTION ( 'NONE',  ( -0.1006318910984304316, -0.05303758115645541837, -0.9935090525400491757 ) ) ;
#3854 = CARTESIAN_POINT ( 'NONE',  ( 24.00153862316454934, 23.96239815719845012, 148.0113338768422011 ) ) ;
#3855 = CARTESIAN_POINT ( 'NONE',  ( 11.12917481505532002, 22.58313224546045461, 151.2592808050345070 ) ) ;
#3856 = CARTESIAN_POINT ( 'NONE',  ( 12.00443584698945898, 28.21888329512674787, 154.3726124673469826 ) ) ;
#3857 = CARTESIAN_POINT ( 'NONE',  ( 18.83733395294409974, 24.05702199251944862, 151.8896231124145118 ) ) ;
#3858 = CARTESIAN_POINT ( 'NONE',  ( 27.75906796432910184, 24.45984672705279905, 155.4938420934619785 ) ) ;
#3859 = EDGE_LOOP ( 'NONE', ( #2337, #1112, #5301, #6170 ) ) ;
#3860 = CARTESIAN_POINT ( 'NONE',  ( 19.45156992795990192, 29.82388981207759926, 152.6800583333335055 ) ) ;
#3861 = CARTESIAN_POINT ( 'NONE',  ( 22.09148091374744993, 17.87496792308204618, 145.0739978879931869 ) ) ;
#3862 = CARTESIAN_POINT ( 'NONE',  ( 9.505315797251586929, 23.13962699222786057, 149.8262093056606261 ) ) ;
#3863 = CARTESIAN_POINT ( 'NONE',  ( 17.39482447196855119, 30.23235627154815219, 152.9219249999999874 ) ) ;
#3864 = CARTESIAN_POINT ( 'NONE',  ( 27.96929055858529978, 24.05101774903219791, 157.1823815000484785 ) ) ;
#3865 = CARTESIAN_POINT ( 'NONE',  ( 17.88860470916490186, 30.22994901269990820, 153.6692498763737831 ) ) ;
#3866 = ORIENTED_EDGE ( 'NONE', *, *, #748, .F. ) ;
#3867 = CARTESIAN_POINT ( 'NONE',  ( 11.70556781348934017, 22.60706678255710145, 155.1932115876934972 ) ) ;
#3868 = CARTESIAN_POINT ( 'NONE',  ( 10.08263912089853953, 26.55220356539589943, 150.2624156913294939 ) ) ;
#3869 = CARTESIAN_POINT ( 'NONE',  ( 19.53477480691660162, 29.89403592147655075, 154.2459375000000250 ) ) ;
#3870 = CARTESIAN_POINT ( 'NONE',  ( 25.48896846724884924, 25.33552135413235007, 161.6453170678380218 ) ) ;
#3871 = CARTESIAN_POINT ( 'NONE',  ( 23.63700640761145166, 25.50659695672874960, 148.8029534294501843 ) ) ;
#3872 = CARTESIAN_POINT ( 'NONE',  ( 10.29495490992801976, 24.73393102839805024, 153.8701124999999763 ) ) ;
#3873 = DIRECTION ( 'NONE',  ( 0.9914626728336710659, 0.07787427352598379204, -0.1045818621956660088 ) ) ;
#3874 = CARTESIAN_POINT ( 'NONE',  ( 23.32717756690470168, 27.22797777301259714, 152.7753711784129962 ) ) ;
#3875 = CARTESIAN_POINT ( 'NONE',  ( 13.09129216088845915, 22.95517281450434766, 155.9007120545240070 ) ) ;
#3876 = CARTESIAN_POINT ( 'NONE',  ( 21.24601093500240268, 29.43272742955430132, 157.9995833333335042 ) ) ;
#3877 = CARTESIAN_POINT ( 'NONE',  ( 12.32156140185440130, 28.21185160477219966, 155.5505736994849997 ) ) ;
#3878 = CARTESIAN_POINT ( 'NONE',  ( 22.96945518916185236, 19.40661037024424829, 148.6931708333331983 ) ) ;
#3879 = B_SPLINE_CURVE_WITH_KNOTS ( 'NONE', 3,
 ( #1751, #141, #4383, #177, #3674, #2305, #3389, #5775, #4417, #4347, #3710, #109, #539, #3862, #3203, #2672, #6460, #4875, #1714, #3831, #5262, #6334, #6523, #1020, #1780, #3894 ),
 .UNSPECIFIED., .F., .F.,
 ( 4, 1, 1, 1, 2, 2, 1, 1, 1, 2, 2, 1, 1, 1, 1, 2, 2, 4 ),
 ( 0.000000000000000000, 0.1249999999999869549, 0.1874999999999870381, 0.2187499999999917288, 0.2343749999999869549, 0.2499999999999821809, 0.3749999999999960587, 0.4375000000000051625, 0.4687499999999988343, 0.4843749999999973910, 0.4999999999999960032, 0.6250000000000238698, 0.6875000000000461853, 0.7187500000000550671, 0.7343750000000612843, 0.7421875000000663913, 0.7500000000000716094, 1.000000000000000000 ),
 .UNSPECIFIED. ) ;
#3880 = EDGE_CURVE ( 'NONE', #4422, #4437, #5641, .T. ) ;
#3881 = CARTESIAN_POINT ( 'NONE',  ( 23.65808498411999850, 27.20399853245914912, 154.6629541666665091 ) ) ;
#3882 = ORIENTED_EDGE ( 'NONE', *, *, #6720, .T. ) ;
#3883 = CARTESIAN_POINT ( 'NONE',  ( 11.02576678724801873, 22.38578618117779939, 157.0820999999999970 ) ) ;
#3884 = B_SPLINE_CURVE_WITH_KNOTS ( 'NONE', 3,
 ( #1938, #4472, #6095, #5062, #333 ),
 .UNSPECIFIED., .F., .F.,
 ( 4, 1, 4 ),
 ( 0.3392118039727299861, 0.4166666666666665186, 0.5524723024508290115 ),
 .UNSPECIFIED. ) ;
#3885 = CARTESIAN_POINT ( 'NONE',  ( 19.44050134210720060, 29.74315042636225215, 151.5249798589329941 ) ) ;
#3886 = CARTESIAN_POINT ( 'NONE',  ( 25.56589484158484993, 25.21000014568695136, 162.0195861832490039 ) ) ;
#3887 = CARTESIAN_POINT ( 'NONE',  ( 14.45736435392323926, 22.80760194455444889, 154.5557840565984975 ) ) ;
#3888 = ADVANCED_FACE ( 'NONE', ( #5202 ), #1068, .T. ) ;
#3889 = CYLINDRICAL_SURFACE ( 'NONE', #2734, 6.062636445003020569 ) ;
#3890 = CARTESIAN_POINT ( 'NONE',  ( 10.36111465538290055, 24.34215475520799998, 154.2427523718955058 ) ) ;
#3891 = CARTESIAN_POINT ( 'NONE',  ( 9.946397374381030332, 25.82606663333439911, 150.7142499999999927 ) ) ;
#3892 = ORIENTED_EDGE ( 'NONE', *, *, #1212, .F. ) ;
#3893 = CARTESIAN_POINT ( 'NONE',  ( 22.25643480003279961, 18.66827313813750067, 148.5867994791665865 ) ) ;
#3894 = CARTESIAN_POINT ( 'NONE',  ( 9.296929990324338533, 24.01711977248800167, 149.2453510831240067 ) ) ;
#3895 = CARTESIAN_POINT ( 'NONE',  ( 18.84265432043549637, 30.10335777789864764, 162.9154041666664909 ) ) ;
#3896 = LINE ( 'NONE', #3864, #5806 ) ;
#3897 = CARTESIAN_POINT ( 'NONE',  ( 11.11036774899669943, 27.90321946388844765, 151.3099083333334818 ) ) ;
#3898 = EDGE_CURVE ( 'NONE', #6654, #928, #4464, .T. ) ;
#3899 = EDGE_LOOP ( 'NONE', ( #1901, #3449, #2808 ) ) ;
#3900 = CARTESIAN_POINT ( 'NONE',  ( 12.45101364136423960, 29.36939586922494883, 149.6894888888890023 ) ) ;
#3901 = CARTESIAN_POINT ( 'NONE',  ( 20.79944375202855866, 29.36908123674218984, 153.4203695139835304 ) ) ;
#3902 = CARTESIAN_POINT ( 'NONE',  ( 9.997350770541579834, 25.84744703866745041, 151.1007000000000176 ) ) ;
#3903 = CARTESIAN_POINT ( 'NONE',  ( 10.19002283332251935, 23.40038708739245266, 153.3038242154264879 ) ) ;
#3904 = CARTESIAN_POINT ( 'NONE',  ( 20.76247774569074878, 29.90195060355170042, 163.6247935515750100 ) ) ;
#3905 = CARTESIAN_POINT ( 'NONE',  ( 24.09011196316944847, 24.92459463050380108, 149.9675541666665879 ) ) ;
#3906 = CARTESIAN_POINT ( 'NONE',  ( 13.63452365671570021, 22.89110373977809942, 153.4687363779399902 ) ) ;
#3907 = CARTESIAN_POINT ( 'NONE',  ( 10.41143060134931986, 24.36867354600610014, 154.7395069022844893 ) ) ;
#3908 = CARTESIAN_POINT ( 'NONE',  ( 19.12151329985269754, 23.16754574354919782, 153.9213893640560116 ) ) ;
#3909 = CARTESIAN_POINT ( 'NONE',  ( 9.947044397980260300, 23.51923421688994864, 151.1506022605059911 ) ) ;
#3910 = CARTESIAN_POINT ( 'NONE',  ( 12.51194152555430072, 22.69225440146279738, 155.5942946246474889 ) ) ;
#3911 = CARTESIAN_POINT ( 'NONE',  ( 23.87393356438814962, 27.71243513427874916, 160.1529999999999916 ) ) ;
#3912 = CARTESIAN_POINT ( 'NONE',  ( 25.31590440792484742, 24.60650628120345118, 157.3092446182560025 ) ) ;
#3913 = CARTESIAN_POINT ( 'NONE',  ( 24.41980545699975025, 20.09764814189630044, 153.4084000000000003 ) ) ;
#3914 = CARTESIAN_POINT ( 'NONE',  ( 24.17948458813045320, 26.29196110621975180, 153.8598250000000007 ) ) ;
#3915 = VERTEX_POINT ( 'NONE', #3944 ) ;
#3916 = CARTESIAN_POINT ( 'NONE',  ( 10.70749290078824068, 23.95867531116410021, 155.9318083333334926 ) ) ;
#3917 = CARTESIAN_POINT ( 'NONE',  ( 24.72176997931184772, 24.58691425664650154, 152.7751045968630024 ) ) ;
#3918 = CARTESIAN_POINT ( 'NONE',  ( 24.32352367253849934, 24.04281998552695043, 149.9929708333331746 ) ) ;
#3919 = CARTESIAN_POINT ( 'NONE',  ( 25.03250599782565189, 24.89977766069594622, 155.4150999999999954 ) ) ;
#3920 = CARTESIAN_POINT ( 'NONE',  ( 24.54071058776195002, 25.13670645226014955, 152.7640938243320079 ) ) ;
#3921 = CARTESIAN_POINT ( 'NONE',  ( 10.88108358274201848, 26.57858510163914900, 154.0706952497729958 ) ) ;
#3922 = ORIENTED_EDGE ( 'NONE', *, *, #3233, .T. ) ;
#3923 = VECTOR ( 'NONE', #4346, 1000.000000000000114 ) ;
#3924 = CARTESIAN_POINT ( 'NONE',  ( 9.296929990324338533, 24.01711977248800167, 149.2453510831240067 ) ) ;
#3925 = CARTESIAN_POINT ( 'NONE',  ( 17.44558766447995168, 30.26754986073819964, 155.2921583333335036 ) ) ;
#3926 = CARTESIAN_POINT ( 'NONE',  ( 24.47806953696079191, 23.45415566212686187, 150.3724831280139256 ) ) ;
#3927 = EDGE_CURVE ( 'NONE', #4285, #1091, #5602, .T. ) ;
#3928 = VECTOR ( 'NONE', #5300, 1000.000000000000114 ) ;
#3929 = ORIENTED_EDGE ( 'NONE', *, *, #6544, .F. ) ;
#3930 = CARTESIAN_POINT ( 'NONE',  ( 16.16494374890399754, 30.25838023025125167, 150.6988166666665165 ) ) ;
#3931 = CARTESIAN_POINT ( 'NONE',  ( 10.05879148340730111, 22.28895661155879893, 151.1673097618680117 ) ) ;
#3932 = CARTESIAN_POINT ( 'NONE',  ( 25.36196376699259858, 25.46974679384749862, 160.7496506944444832 ) ) ;
#3933 = CARTESIAN_POINT ( 'NONE',  ( 10.10612838428144045, 23.36342164499330920, 152.6368727319740799 ) ) ;
#3934 = DIRECTION ( 'NONE',  ( -0.9949093705772957819, 0.000000000000000000, 0.1007737284091895918 ) ) ;
#3935 = FACE_OUTER_BOUND ( 'NONE', #3807, .T. ) ;
#3936 = CARTESIAN_POINT ( 'NONE',  ( 24.26982007411265130, 24.62044675547054950, 150.4179280885375078 ) ) ;
#3937 = ADVANCED_FACE ( 'NONE', ( #4403 ), #1678, .T. ) ;
#3938 = AXIS2_PLACEMENT_3D ( 'NONE', #5297, #3703, #532 ) ;
#3939 = CARTESIAN_POINT ( 'NONE',  ( 16.15112477833494964, 30.43476848511329891, 146.0415804594760232 ) ) ;
#3940 = DIRECTION ( 'NONE',  ( 0.1006318910984319998, 0.05303758115645540450, 0.9935090525400489536 ) ) ;
#3941 = CARTESIAN_POINT ( 'NONE',  ( 9.684229938050378905, 24.38315851245135235, 150.0426426611405191 ) ) ;
#3942 = CARTESIAN_POINT ( 'NONE',  ( 24.44009781444440321, 24.91437639701750228, 151.7796203637834935 ) ) ;
#3943 = CARTESIAN_POINT ( 'NONE',  ( 20.69507554686679995, 29.58199636973505164, 156.4791833333334807 ) ) ;
#3944 = CARTESIAN_POINT ( 'NONE',  ( 13.52398657415121974, 23.01370244699669954, 156.4011161679269719 ) ) ;
#3945 = CARTESIAN_POINT ( 'NONE',  ( 22.95039350445544812, 19.40006226222065067, 148.5657937500000116 ) ) ;
#3946 = ORIENTED_EDGE ( 'NONE', *, *, #66, .T. ) ;
#3947 = CARTESIAN_POINT ( 'NONE',  ( 11.44261496208105910, 27.01238058307719925, 155.6649768668904983 ) ) ;
#3948 = CARTESIAN_POINT ( 'NONE',  ( 10.94779722882273809, 25.90117481784190190, 155.6175479166664957 ) ) ;
#3949 = B_SPLINE_CURVE_WITH_KNOTS ( 'NONE', 3,
 ( #4694, #2015, #4616, #1982, #446, #5681, #6277, #4094, #7, #3221, #1043, #3102, #5719, #970, #2121, #1517, #6733, #3658, #6203 ),
 .UNSPECIFIED., .F., .F.,
 ( 4, 1, 1, 1, 1, 1, 1, 1, 1, 1, 1, 1, 1, 1, 1, 1, 4 ),
 ( 0.000000000000000000, 0.06863497890856649908, 0.1345642034933222098, 0.1987807171407315054, 0.2615573678825059978, 0.3231244355448469885, 0.3843737432531870168, 0.4463525245642349648, 0.5091547818022299499, 0.5717016707826170219, 0.6327442059845809208, 0.6927726349260100447, 0.7522592810638208949, 0.8119788965104989265, 0.8729159834161899223, 0.9352756408775989572, 1.000000000000000000 ),
 .UNSPECIFIED. ) ;
#3950 = DIRECTION ( 'NONE',  ( -0.9914626728336710659, -0.07787427352598338959, 0.1045818621956662031 ) ) ;
#3951 = CARTESIAN_POINT ( 'NONE',  ( 25.24407872338214887, 24.12478537910674703, 155.4338750000000005 ) ) ;
#3952 = CARTESIAN_POINT ( 'NONE',  ( 11.79399588442399960, 28.01008379091629763, 153.9018076903209931 ) ) ;
#3953 = CARTESIAN_POINT ( 'NONE',  ( 24.16855079325289779, 25.60921189959269739, 151.7700320222689925 ) ) ;
#3954 = ORIENTED_EDGE ( 'NONE', *, *, #5846, .T. ) ;
#3955 = CARTESIAN_POINT ( 'NONE',  ( 11.58069867058797975, 28.01597352628519744, 152.9165646542155059 ) ) ;
#3956 = CARTESIAN_POINT ( 'NONE',  ( 25.44599088730304715, 25.37167748106540088, 161.2736389729299731 ) ) ;
#3957 = CARTESIAN_POINT ( 'NONE',  ( 24.51013464696825039, 24.69316010181470133, 151.7843358075144806 ) ) ;
#3958 = CARTESIAN_POINT ( 'NONE',  ( 24.72954415645625303, 23.53431683265902308, 151.6899322493238458 ) ) ;
#3959 = CARTESIAN_POINT ( 'NONE',  ( 14.97683580915611934, 23.07089792408185147, 154.9815539801730324 ) ) ;
#3960 = CARTESIAN_POINT ( 'NONE',  ( 14.46746798544629975, 23.02622714710589946, 154.9315511424109957 ) ) ;
#3961 = B_SPLINE_CURVE_WITH_KNOTS ( 'NONE', 3,
 ( #2665, #2129, #5083, #4635 ),
 .UNSPECIFIED., .F., .F.,
 ( 4, 4 ),
 ( 0.000000000000000000, 1.000000000000000000 ),
 .UNSPECIFIED. ) ;
#3962 = ORIENTED_EDGE ( 'NONE', *, *, #613, .T. ) ;
#3963 = EDGE_CURVE ( 'NONE', #1528, #4379, #3168, .T. ) ;
#3964 = CARTESIAN_POINT ( 'NONE',  ( 16.37451441434459909, 30.25942256636050232, 152.2556999999999903 ) ) ;
#3965 = CARTESIAN_POINT ( 'NONE',  ( 23.72754323240459939, 23.86643636127529788, 145.3294888888889886 ) ) ;
#3966 = CARTESIAN_POINT ( 'NONE',  ( 23.99681327062970126, 24.85455284973889789, 149.3077981382860173 ) ) ;
#3967 = CARTESIAN_POINT ( 'NONE',  ( 10.71588611564670046, 24.48291537843619992, 155.7945996527780039 ) ) ;
#3968 = DIRECTION ( 'NONE',  ( -0.9914626728336710659, -0.07787427352598338959, 0.1045818621956666056 ) ) ;
#3969 = CARTESIAN_POINT ( 'NONE',  ( 19.20001936892515104, 29.90218768636135138, 152.7082041666664907 ) ) ;
#3970 = B_SPLINE_CURVE_WITH_KNOTS ( 'NONE', 3,
 ( #5392, #3885, #3258, #1116 ),
 .UNSPECIFIED., .F., .F.,
 ( 4, 4 ),
 ( 0.000000000000000000, 1.000000000000000000 ),
 .UNSPECIFIED. ) ;
#3971 = CARTESIAN_POINT ( 'NONE',  ( 10.76135641731260151, 22.55572917442895076, 155.8006242827789833 ) ) ;
#3972 = ADVANCED_FACE ( 'NONE', ( #2585 ), #4702, .F. ) ;
#3973 = CARTESIAN_POINT ( 'NONE',  ( 11.04800026607261998, 26.84801848516995193, 154.5426715869920145 ) ) ;
#3974 = CARTESIAN_POINT ( 'NONE',  ( 12.15706106215252014, 22.63243474119144949, 154.9210056620249816 ) ) ;
#3975 = CARTESIAN_POINT ( 'NONE',  ( 18.04352750125769944, 22.71688733970429652, 154.0546358410950063 ) ) ;
#3976 = CARTESIAN_POINT ( 'NONE',  ( 23.39290663880489873, 27.38398625725930202, 153.8965125000000000 ) ) ;
#3977 = CARTESIAN_POINT ( 'NONE',  ( 25.53969128280899881, 25.18032466830525351, 161.5868971640974792 ) ) ;
#3978 = CARTESIAN_POINT ( 'NONE',  ( 23.59157602976499746, 20.04356981109424751, 149.5978000000000065 ) ) ;
#3979 = CARTESIAN_POINT ( 'NONE',  ( 23.66293305322088614, 24.93449924766186143, 147.5265768899819534 ) ) ;
#3980 = CARTESIAN_POINT ( 'NONE',  ( 23.85222852585030040, 26.15800890445679983, 151.5318249999999978 ) ) ;
#3981 = EDGE_LOOP ( 'NONE', ( #2647, #825, #768, #3487 ) ) ;
#3982 = CARTESIAN_POINT ( 'NONE',  ( 25.53697518909680042, 25.17691345085000165, 161.5377785308255056 ) ) ;
#3983 = CARTESIAN_POINT ( 'NONE',  ( 19.42244777489105090, 29.89746859114159960, 153.5316370678530120 ) ) ;
#3984 = CARTESIAN_POINT ( 'NONE',  ( 24.60297903632105232, 24.16399582317150063, 151.5485749999999996 ) ) ;
#3985 = DIRECTION ( 'NONE',  ( 0.08291556471174026111, -0.9955514112831505003, 0.04474814656117583056 ) ) ;
#3986 = EDGE_LOOP ( 'NONE', ( #6240, #5388, #5963, #63, #1121 ) ) ;
#3987 = CARTESIAN_POINT ( 'NONE',  ( 24.85495027197490003, 25.11669341110760101, 154.6334041666665087 ) ) ;
#3988 = DIRECTION ( 'NONE',  ( 0.4714961079941071831, -0.8818681421541483267, 0.000000000000000000 ) ) ;
#3989 = CARTESIAN_POINT ( 'NONE',  ( 24.46420177352008807, 23.44972066819373779, 150.2995100267099247 ) ) ;
#3990 = CARTESIAN_POINT ( 'NONE',  ( 11.68669421314985968, 27.78043674812715125, 154.3084826388889894 ) ) ;
#3991 = CARTESIAN_POINT ( 'NONE',  ( 14.42516466716903878, 29.96441380762625073, 152.5244348080349823 ) ) ;
#3992 = CARTESIAN_POINT ( 'NONE',  ( 25.26696928357295135, 25.80184948142014889, 161.2722676407789777 ) ) ;
#3993 = ORIENTED_EDGE ( 'NONE', *, *, #5972, .T. ) ;
#3994 = CARTESIAN_POINT ( 'NONE',  ( 16.66312549663965115, 30.24827182525569924, 151.4283624999999915 ) ) ;
#3995 = CARTESIAN_POINT ( 'NONE',  ( 23.36388948033209800, 24.74775188699374695, 143.8839972222222059 ) ) ;
#3996 = CARTESIAN_POINT ( 'NONE',  ( 23.81416608509435306, 24.68575853818579802, 147.9701042057860150 ) ) ;
#3997 = CARTESIAN_POINT ( 'NONE',  ( 20.37119541739095041, 30.01903905136640205, 161.2718708333335087 ) ) ;
#3998 = CARTESIAN_POINT ( 'NONE',  ( 19.18826149704419848, 29.82243470272145203, 151.5462965508225182 ) ) ;
#3999 = ORIENTED_EDGE ( 'NONE', *, *, #2115, .T. ) ;
#4000 = CARTESIAN_POINT ( 'NONE',  ( 24.76698697239344682, 25.94068659813470035, 156.9697875000000238 ) ) ;
#4001 = CARTESIAN_POINT ( 'NONE',  ( 15.73741636441177150, 30.21675096474912081, 153.8878469220931606 ) ) ;
#4002 = CARTESIAN_POINT ( 'NONE',  ( 12.36137763042985860, 22.67132428658854693, 155.4076295747215113 ) ) ;
#4003 = DIRECTION ( 'NONE',  ( -0.9914626728336708439, -0.07787427352598327857, 0.1045818621956677713 ) ) ;
#4004 = CARTESIAN_POINT ( 'NONE',  ( 23.30663362713615072, 27.61121852277699773, 154.6824499999999887 ) ) ;
#4005 = EDGE_CURVE ( 'NONE', #36, #1162, #4391, .T. ) ;
#4006 = CARTESIAN_POINT ( 'NONE',  ( 23.04820980992244728, 18.48924121639189977, 152.9154604166665194 ) ) ;
#4007 = CARTESIAN_POINT ( 'NONE',  ( 23.87476482397459776, 23.96119270362975939, 147.1181671103082067 ) ) ;
#4008 = CARTESIAN_POINT ( 'NONE',  ( 23.01490758003789949, 26.94475119774099880, 150.0088152942050215 ) ) ;
#4009 = CARTESIAN_POINT ( 'NONE',  ( 12.57532392995791959, 27.44046649589784792, 161.0667141927085027 ) ) ;
#4010 = ORIENTED_EDGE ( 'NONE', *, *, #3095, .T. ) ;
#4011 = CARTESIAN_POINT ( 'NONE',  ( 24.55822972364439849, 24.85640707431949892, 152.3096250000000111 ) ) ;
#4012 = CARTESIAN_POINT ( 'NONE',  ( 22.40036803681559974, 18.82670498754024990, 148.2936578125000153 ) ) ;
#4013 = LINE ( 'NONE', #853, #1377 ) ;
#4014 = EDGE_CURVE ( 'NONE', #2147, #6647, #1600, .T. ) ;
#4015 = CARTESIAN_POINT ( 'NONE',  ( 25.91636097633680080, 23.08117705190110414, 162.1338000000000079 ) ) ;
#4016 = CARTESIAN_POINT ( 'NONE',  ( 9.972796600367084707, 23.91982327338418557, 151.6406535753584137 ) ) ;
#4017 = B_SPLINE_CURVE_WITH_KNOTS ( 'NONE', 3,
 ( #2065, #421, #461, #2554, #2593, #2631, #5772, #1456, #6292, #1529, #3157, #4671, #6254, #5259, #2027, #4143, #3169, #1541, #5821, #2036, #2644, #1619, #2075, #1030, #6827, #1104, #4822, #2110, #4260, #4230, #577, #6264, #1504, #4720, #6342, #5273, #60, #4759, #512, #3679, #6865, #472, #1582, #5895, #2603, #5232, #2714 ),
 .UNSPECIFIED., .F., .F.,
 ( 4, 1, 1, 1, 1, 1, 1, 2, 2, 1, 1, 1, 1, 1, 2, 2, 1, 1, 1, 1, 2, 2, 1, 1, 1, 2, 2, 1, 1, 1, 1, 1, 2, 2, 4 ),
 ( 0.000000000000000000, 0.1250000000006120382, 0.1875000000009179324, 0.2187500000010817458, 0.2343750000011760315, 0.2421875000012233270, 0.2460937500012468637, 0.2480468750012586043, 0.2500000000012703727, 0.3750000000013510304, 0.4375000000014000467, 0.4687500000014247492, 0.4843750000014370727, 0.4921875000014433454, 0.4960937500014463986, 0.5000000000014495072, 0.5625000000014827028, 0.5937500000014906965, 0.6093750000014855894, 0.6171875000014829249, 0.6210937500014814816, 0.6250000000014801493, 0.6875000000012443380, 0.7187500000011175505, 0.7343750000010541568, 0.7421875000010225154, 0.7500000000009907630, 0.8125000000007632783, 0.8437500000006583623, 0.8593750000006168399, 0.8671875000005960787, 0.8710937500005989653, 0.8730468750006005196, 0.8750000000006020739, 1.000000000000000000 ),
 .UNSPECIFIED. ) ;
#4018 = CARTESIAN_POINT ( 'NONE',  ( 10.09323070551189971, 24.31506632207110030, 152.7615322273479990 ) ) ;
#4019 = B_SPLINE_CURVE_WITH_KNOTS ( 'NONE', 3,
 ( #3808, #3365, #4976, #1163, #5465, #183, #2347, #247 ),
 .UNSPECIFIED., .F., .F.,
 ( 4, 1, 1, 1, 1, 4 ),
 ( 0.4653795133482649948, 0.4857142857142860426, 0.5428571428571430380, 0.5999999999999999778, 0.6571428571428569176, 0.6696212529325179519 ),
 .UNSPECIFIED. ) ;
#4020 = CARTESIAN_POINT ( 'NONE',  ( 23.83159146610099910, 26.30038726635260105, 151.7672646440690016 ) ) ;
#4021 = VERTEX_POINT ( 'NONE', #6491 ) ;
#4022 = CARTESIAN_POINT ( 'NONE',  ( 23.86394899181869889, 24.74010573227399945, 148.3798788391622168 ) ) ;
#4023 = FACE_OUTER_BOUND ( 'NONE', #4239, .T. ) ;
#4024 = CARTESIAN_POINT ( 'NONE',  ( 11.02668866738672016, 27.80386236767349928, 151.3211833333334937 ) ) ;
#4025 = CARTESIAN_POINT ( 'NONE',  ( 10.59312215633514143, 26.56260853716869974, 152.5909155387100213 ) ) ;
#4026 = AXIS2_PLACEMENT_3D ( 'NONE', #5812, #1096, #2170 ) ;
#4027 = VERTEX_POINT ( 'NONE', #2126 ) ;
#4028 = CARTESIAN_POINT ( 'NONE',  ( 16.44344813080254752, 30.26280450669905164, 148.6968927083331948 ) ) ;
#4029 = CARTESIAN_POINT ( 'NONE',  ( 23.31561122804709996, 24.90823122525450017, 144.2617106770832152 ) ) ;
#4030 = CARTESIAN_POINT ( 'NONE',  ( 10.97390591049353858, 25.90531864821625163, 155.7461510416665078 ) ) ;
#4031 = CARTESIAN_POINT ( 'NONE',  ( 20.51059415523354801, 29.94394746941245344, 163.9104230863650002 ) ) ;
#4032 = CARTESIAN_POINT ( 'NONE',  ( 11.27907487922409580, 22.72822074689213068, 158.6788956808484841 ) ) ;
#4033 = AXIS2_PLACEMENT_3D ( 'NONE', #5003, #2470, #1814 ) ;
#4034 = B_SPLINE_CURVE_WITH_KNOTS ( 'NONE', 3,
 ( #5242, #4731, #5134, #6276, #484, #372, #5648, #969, #6173, #3582, #6695, #2541, #5100, #3140, #6836 ),
 .UNSPECIFIED., .F., .F.,
 ( 4, 1, 1, 1, 1, 1, 1, 1, 1, 1, 1, 1, 4 ),
 ( 0.000000000000000000, 0.09885430056651160757, 0.1965555249723124898, 0.2937174129259330080, 0.3929880070886399568, 0.4463344035632280105, 0.5054580898554460466, 0.5715119743414609488, 0.6438697479274759772, 0.7229617393284810678, 0.8084893041087239940, 0.9011595675577519504, 1.000000000000000000 ),
 .UNSPECIFIED. ) ;
#4035 = CARTESIAN_POINT ( 'NONE',  ( 10.51184614690864016, 27.69974376428525176, 149.3662802205139997 ) ) ;
#4036 = CARTESIAN_POINT ( 'NONE',  ( 9.993023594740011006, 25.48919022547369906, 151.6386354166664887 ) ) ;
#4037 = CARTESIAN_POINT ( 'NONE',  ( 25.36863663777435107, 25.73591827646355057, 162.0495101334674928 ) ) ;
#4038 = CARTESIAN_POINT ( 'NONE',  ( 13.24407603750735163, 29.28964212202360073, 154.1898886216308426 ) ) ;
#4039 = VECTOR ( 'NONE', #3079, 1000.000000000000000 ) ;
#4040 = LINE ( 'NONE', #5113, #4045 ) ;
#4041 = CARTESIAN_POINT ( 'NONE',  ( 24.56415237833424925, 25.07416742348445027, 152.7650580128909894 ) ) ;
#4042 = CARTESIAN_POINT ( 'NONE',  ( 23.28862057317245160, 27.35015516326054907, 153.1216374999999914 ) ) ;
#4043 = CARTESIAN_POINT ( 'NONE',  ( 13.25619827994265876, 29.12642724980970144, 155.0355500000000006 ) ) ;
#4044 = CARTESIAN_POINT ( 'NONE',  ( 11.57939348093509935, 27.81643297746945009, 153.6562395833335302 ) ) ;
#4045 = VECTOR ( 'NONE', #6672, 1000.000000000000114 ) ;
#4046 = CARTESIAN_POINT ( 'NONE',  ( 22.92808758116759904, 27.05922062758315150, 150.0155856700754953 ) ) ;
#4047 = CARTESIAN_POINT ( 'NONE',  ( 12.32795551854039928, 27.09944508969040200, 160.9657093750000172 ) ) ;
#4048 = ORIENTED_EDGE ( 'NONE', *, *, #6346, .F. ) ;
#4049 = EDGE_CURVE ( 'NONE', #4343, #4437, #982, .T. ) ;
#4050 = CARTESIAN_POINT ( 'NONE',  ( 25.06714002231230154, 25.06214291136750205, 156.1920583333335060 ) ) ;
#4051 = CARTESIAN_POINT ( 'NONE',  ( 19.40815250527790070, 29.69295259748425053, 150.4539645833335157 ) ) ;
#4052 = CARTESIAN_POINT ( 'NONE',  ( 10.75669053533961872, 26.46451878958504977, 153.7820166666664932 ) ) ;
#4053 = CARTESIAN_POINT ( 'NONE',  ( 9.362210449013769420, 24.22503471233244809, 149.2487374242635951 ) ) ;
#4054 = CARTESIAN_POINT ( 'NONE',  ( 9.988637028340169977, 22.99738036028290011, 151.1580124999999839 ) ) ;
#4055 = CARTESIAN_POINT ( 'NONE',  ( 25.58467323420995143, 22.67771461228369745, 157.8498999999999910 ) ) ;
#4056 = DIRECTION ( 'NONE',  ( 0.9914626728336710659, 0.07787427352598338959, -0.1045818621956674105 ) ) ;
#4057 = CARTESIAN_POINT ( 'NONE',  ( 11.23164195975870072, 26.63739736634974875, 155.5708571731369716 ) ) ;
#4058 = CARTESIAN_POINT ( 'NONE',  ( 18.37002533855595132, 30.10302292254985090, 162.3131145833334870 ) ) ;
#4059 = ORIENTED_EDGE ( 'NONE', *, *, #3195, .T. ) ;
#4060 = CARTESIAN_POINT ( 'NONE',  ( 18.49990497800945377, 22.83992990072415097, 147.7844332943199959 ) ) ;
#4061 = CARTESIAN_POINT ( 'NONE',  ( 23.96004202096205304, 24.66976162795189964, 148.7814210780799726 ) ) ;
#4062 = CARTESIAN_POINT ( 'NONE',  ( 12.56273722242119995, 29.00124090606714944, 152.2612303182534959 ) ) ;
#4063 = CARTESIAN_POINT ( 'NONE',  ( 24.38489585489295308, 25.07318668570360032, 151.7767337906585112 ) ) ;
#4064 = CARTESIAN_POINT ( 'NONE',  ( 25.26223213628296449, 23.73096666377366404, 155.0779360859747271 ) ) ;
#4065 = DIRECTION ( 'NONE',  ( -0.1006318910984300152, -0.05303758115645550858, -0.9935090525400490646 ) ) ;
#4066 = ORIENTED_EDGE ( 'NONE', *, *, #3283, .F. ) ;
#4067 = CARTESIAN_POINT ( 'NONE',  ( 13.60605825593219897, 30.03413936843039878, 148.2634958333331952 ) ) ;
#4068 = CARTESIAN_POINT ( 'NONE',  ( 23.45613221931660064, 24.51970806434610139, 143.9139124999999808 ) ) ;
#4069 = CARTESIAN_POINT ( 'NONE',  ( 25.44858727276974975, 25.44229202448359572, 161.6546761346045287 ) ) ;
#4070 = CARTESIAN_POINT ( 'NONE',  ( 20.61208135136664765, 29.96170091490544607, 163.2426667807480101 ) ) ;
#4071 = CARTESIAN_POINT ( 'NONE',  ( 11.23683819781235194, 22.71364208927550621, 158.4328134244810542 ) ) ;
#4072 = CARTESIAN_POINT ( 'NONE',  ( 10.11369490958663953, 24.73536344156925182, 153.1005874999999889 ) ) ;
#4073 = CARTESIAN_POINT ( 'NONE',  ( 23.69043172902805239, 25.38949172930799847, 148.7947865248210064 ) ) ;
#4074 = CARTESIAN_POINT ( 'NONE',  ( 14.42390773770353896, 22.96079458452920008, 153.5565297794049968 ) ) ;
#4075 = CARTESIAN_POINT ( 'NONE',  ( 10.47286655184595894, 23.49030319960305135, 154.7801751000725119 ) ) ;
#4076 = CARTESIAN_POINT ( 'NONE',  ( 10.44661557911114080, 24.21104453512915100, 154.6468375000000037 ) ) ;
#4077 = CARTESIAN_POINT ( 'NONE',  ( 25.35155187929090204, 25.74681684726269992, 161.9185327637574972 ) ) ;
#4078 = CARTESIAN_POINT ( 'NONE',  ( 23.26761549614015223, 27.20628950644154997, 152.3426541666665059 ) ) ;
#4079 = CARTESIAN_POINT ( 'NONE',  ( 12.30690769857254097, 28.22237745771244732, 155.4198963895364898 ) ) ;
#4080 = CARTESIAN_POINT ( 'NONE',  ( 11.43292255279633984, 27.85350220367335083, 152.8757625000000075 ) ) ;
#4081 = CARTESIAN_POINT ( 'NONE',  ( 23.98482917408705006, 23.27074237487800090, 147.2058703265498139 ) ) ;
#4082 = CARTESIAN_POINT ( 'NONE',  ( 23.79868603308469943, 25.82468749361434845, 150.3589853719609835 ) ) ;
#4083 = CARTESIAN_POINT ( 'NONE',  ( 12.21537920758443896, 27.10595014634720101, 160.3213812500000017 ) ) ;
#4084 = VERTEX_POINT ( 'NONE', #3802 ) ;
#4085 = CARTESIAN_POINT ( 'NONE',  ( 10.10345927450640069, 24.34187578971624788, 153.1070895833335044 ) ) ;
#4086 = CARTESIAN_POINT ( 'NONE',  ( 9.623694451662849758, 24.94139988085800042, 149.6135982155016109 ) ) ;
#4087 = CARTESIAN_POINT ( 'NONE',  ( 12.24439038922959888, 22.65145904347824768, 155.1824401887890303 ) ) ;
#4088 = CARTESIAN_POINT ( 'NONE',  ( 25.91979751396964815, 23.73867322834914972, 162.0979788194444779 ) ) ;
#4089 = EDGE_CURVE ( 'NONE', #2195, #3172, #5041, .T. ) ;
#4090 = CARTESIAN_POINT ( 'NONE',  ( 23.18995433402140094, 27.17659158441014711, 151.7854802811839932 ) ) ;
#4091 = ORIENTED_EDGE ( 'NONE', *, *, #5619, .T. ) ;
#4092 = CARTESIAN_POINT ( 'NONE',  ( 11.39318428718270049, 27.82289366185204926, 152.4425985813279851 ) ) ;
#4093 = FACE_OUTER_BOUND ( 'NONE', #236, .T. ) ;
#4094 = CARTESIAN_POINT ( 'NONE',  ( 12.01139566467515962, 22.86043428246670217, 155.7939623492000010 ) ) ;
#4095 = CARTESIAN_POINT ( 'NONE',  ( 9.971732734318690561, 26.67504015193714650, 149.4643315381939885 ) ) ;
#4096 = CARTESIAN_POINT ( 'NONE',  ( 10.92492360247105410, 24.80549974535168900, 156.6983477101242386 ) ) ;
#4097 = CARTESIAN_POINT ( 'NONE',  ( 13.57683178469609864, 22.79482064985705136, 155.9030000618045335 ) ) ;
#4098 = ADVANCED_FACE ( 'NONE', ( #560 ), #5835, .T. ) ;
#4099 = ORIENTED_EDGE ( 'NONE', *, *, #227, .F. ) ;
#4100 = CARTESIAN_POINT ( 'NONE',  ( 11.85384729192258035, 29.18843698484790039, 148.4341209423660075 ) ) ;
#4101 = CARTESIAN_POINT ( 'NONE',  ( 23.57827347203835089, 24.17008688323385002, 143.9603187499999990 ) ) ;
#4102 = CARTESIAN_POINT ( 'NONE',  ( 10.85991562607370042, 27.00194538640025144, 153.0437052779289786 ) ) ;
#4103 = CARTESIAN_POINT ( 'NONE',  ( 23.36926138138754894, 26.30744054909305163, 149.6000648298980025 ) ) ;
#4104 = EDGE_CURVE ( 'NONE', #6700, #1944, #5309, .T. ) ;
#4105 = CARTESIAN_POINT ( 'NONE',  ( 9.729739373106490063, 24.48238219641991975, 150.2032944739933100 ) ) ;
#4106 = CARTESIAN_POINT ( 'NONE',  ( 11.11513741648813891, 27.68441092328240316, 152.1160166666664963 ) ) ;
#4107 = B_SPLINE_CURVE_WITH_KNOTS ( 'NONE', 3,
 ( #2114, #5788, #550, #6269 ),
 .UNSPECIFIED., .F., .F.,
 ( 4, 4 ),
 ( 6.174567829566240161E-16, 0.0002451391473778830217 ),
 .UNSPECIFIED. ) ;
#4108 = CARTESIAN_POINT ( 'NONE',  ( 23.76120747555305002, 25.46148320929880171, 149.3087630169244164 ) ) ;
#4109 = CARTESIAN_POINT ( 'NONE',  ( 16.88874118708174876, 23.35692393103539999, 152.1243689178670024 ) ) ;
#4110 = CARTESIAN_POINT ( 'NONE',  ( 23.79187879325925081, 25.15203644426720331, 148.7804137720958124 ) ) ;
#4111 = CARTESIAN_POINT ( 'NONE',  ( 23.18995433435679843, 27.17659158440655176, 151.7854802811504840 ) ) ;
#4112 = CARTESIAN_POINT ( 'NONE',  ( 10.17891428796374242, 25.28353282167853777, 152.7011526854054182 ) ) ;
#4113 = CARTESIAN_POINT ( 'NONE',  ( 10.27539980496321981, 24.34250132568969960, 153.8762333333334880 ) ) ;
#4114 = CARTESIAN_POINT ( 'NONE',  ( 24.88648614344705123, 25.70584222562799681, 156.9683625000000120 ) ) ;
#4115 = CARTESIAN_POINT ( 'NONE',  ( 20.76438243821404939, 29.42172528464929826, 154.1118500000000040 ) ) ;
#4116 = CARTESIAN_POINT ( 'NONE',  ( 12.24606132479710041, 28.41160687184034828, 154.2348506944445035 ) ) ;
#4117 = CARTESIAN_POINT ( 'NONE',  ( 23.86126491582370335, 18.74123143752625253, 157.5221416666664993 ) ) ;
#4118 = CARTESIAN_POINT ( 'NONE',  ( 23.36926138138754894, 26.30744054909305163, 149.6000648298980025 ) ) ;
#4119 = CARTESIAN_POINT ( 'NONE',  ( 12.49752175801300069, 27.32823552505599807, 161.0763434895835076 ) ) ;
#4120 = ORIENTED_EDGE ( 'NONE', *, *, #5791, .F. ) ;
#4121 = CARTESIAN_POINT ( 'NONE',  ( 19.96171924338064940, 29.77723348327759822, 154.5912203125000133 ) ) ;
#4122 = CARTESIAN_POINT ( 'NONE',  ( 24.77208592486109850, 24.61343304722469938, 153.2718591231329981 ) ) ;
#4123 = CARTESIAN_POINT ( 'NONE',  ( 9.902654149471569411, 24.29871096107130057, 151.1476688649985078 ) ) ;
#4124 = CARTESIAN_POINT ( 'NONE',  ( 24.56597521767514891, 23.46127540514414633, 150.8002500000000055 ) ) ;
#4125 = VERTEX_POINT ( 'NONE', #3675 ) ;
#4126 = CARTESIAN_POINT ( 'NONE',  ( 11.92044202102018069, 27.10179996690675353, 158.3826999999999998 ) ) ;
#4127 = CARTESIAN_POINT ( 'NONE',  ( 15.99390253315419841, 30.24894658832784700, 152.3503488366010004 ) ) ;
#4128 = CARTESIAN_POINT ( 'NONE',  ( 14.65748150909161929, 22.86026274204480302, 150.8871115352905008 ) ) ;
#4129 = CARTESIAN_POINT ( 'NONE',  ( 11.28748858328195936, 26.75790474991219980, 155.5609118702255103 ) ) ;
#4130 = CARTESIAN_POINT ( 'NONE',  ( 10.73961729363138673, 24.31970285645543228, 155.9687865700014697 ) ) ;
#4131 = B_SPLINE_CURVE_WITH_KNOTS ( 'NONE', 3,
 ( #3012, #5664, #5151, #874 ),
 .UNSPECIFIED., .F., .F.,
 ( 4, 4 ),
 ( 0.000000000000000000, 1.000000000000000000 ),
 .UNSPECIFIED. ) ;
#4132 = CARTESIAN_POINT ( 'NONE',  ( 9.667909780464619018, 24.08232468234374934, 150.0427219471280011 ) ) ;
#4133 = ORIENTED_EDGE ( 'NONE', *, *, #5656, .F. ) ;
#4134 = CARTESIAN_POINT ( 'NONE',  ( 11.53433855467805991, 28.92114494436220085, 148.5859913474270115 ) ) ;
#4135 = B_SPLINE_SURFACE_WITH_KNOTS ( 'NONE', 3, 3, ( 
 ( #3457, #6144, #1914, #6600, #2442, #834, #5107, #1322, #4029, #6632, #903 ),
 ( #311, #6110, #380, #5178, #415, #5043, #5558, #6738, #800, #2934, #3995 ),
 ( #4553, #6209, #1383, #6664, #2969, #3524, #5623, #939, #2547, #1953, #4068 ),
 ( #6702, #2412, #4624, #1855, #5655, #5688, #6180, #2512, #1989, #2477, #4101 ),
 ( #1417, #276, #1354, #4523, #4585, #865, #3965, #3003, #3489, #345, #6075 ),
 ( #5142, #1885, #3557, #1450, #3590, #3074, #5592, #5075, #5366, #1086, #2624 ),
 ( #494, #1011, #4247, #3665, #5763, #4741, #4175, #6844, #6283, #3627, #6361 ),
 ( #5215, #3151, #1485, #4663, #3774, #13, #594, #2057, #2094, #5725, #977 ),
 ( #2586, #3192, #2022, #5294, #5250, #4136, #6243, #1601, #2163, #3739, #5843 ),
 ( #3228, #1639, #1123, #1524, #561, #5880, #4209, #6324, #5330, #4703, #1563 ),
 ( #5803, #6772, #4282, #3264, #6808, #3700, #1049, #3109, #455, #530, #2662 ),
 ( #4775, #2127, #2698, #4808, #45, #6398, #6426, #2304, #1779, #692, #3830 ),
 ( #5458, #1224, #6128, #2802, #4905, #5938, #176, #629, #4940, #2197, #1191 ),
 ( #140, #2268, #4012, #5609, #4416, #6522, #6492, #2831, #5398, #724, #3512 ),
 ( #1903, #3893, #5488, #4968, #6004, #206, #4450, #1252, #4313, #108, #1674 ),
 ( #4382, #1371, #662, #2232, #5974, #4843, #1750, #3388, #2736, #3861, #3358 ) ),
 .UNSPECIFIED., .F., .F., .F.,
 ( 4, 1, 1, 1, 1, 1, 1, 1, 1, 1, 1, 1, 1, 4 ),
 ( 4, 1, 1, 1, 1, 1, 1, 1, 4 ),
 ( 0.000000000000000000, 1.000000000000000000, 2.000000000000000000, 3.000000000000000000, 5.000000000000000000, 7.000000000000000000, 9.000000000000000000, 11.00000000000000000, 13.00000000000000000, 15.00000000000000000, 17.00000000000000000, 18.00000000000000000, 19.00000000000000000, 20.00000000000000000 ),
 ( 0.000000000000000000, 1.000000000000000000, 2.000000000000000000, 3.000000000000000000, 5.000000000000000000, 7.000000000000000000, 8.000000000000000000, 9.000000000000000000, 10.00000000000000000 ),
 .UNSPECIFIED. ) ;
#4136 = CARTESIAN_POINT ( 'NONE',  ( 23.77504506658970129, 21.16934410575840175, 146.3409000000000049 ) ) ;
#4137 = ADVANCED_FACE ( 'NONE', ( #1098 ), #6440, .T. ) ;
#4138 = CARTESIAN_POINT ( 'NONE',  ( 17.88733948799244899, 30.03356276744850106, 147.3252999999999986 ) ) ;
#4139 = DIRECTION ( 'NONE',  ( 0.08291556471174026111, -0.9955514112831506113, 0.04474814656117568484 ) ) ;
#4140 = CARTESIAN_POINT ( 'NONE',  ( 22.96035675446405122, 26.61774971140635060, 148.5124156862858058 ) ) ;
#4141 = CARTESIAN_POINT ( 'NONE',  ( 24.01604692516103512, 25.16526940135053181, 150.0142324680211630 ) ) ;
#4142 = CARTESIAN_POINT ( 'NONE',  ( 11.68393159796799985, 27.51525108020795329, 155.1959329889860157 ) ) ;
#4143 = CARTESIAN_POINT ( 'NONE',  ( 10.34634720865905422, 22.42057810597227174, 153.5627860449222055 ) ) ;
#4144 = CARTESIAN_POINT ( 'NONE',  ( 14.51949761222205915, 22.97368616715270306, 153.6662180061869947 ) ) ;
#4145 = CARTESIAN_POINT ( 'NONE',  ( 25.46848142061350018, 25.45148398636409937, 161.9257116755970003 ) ) ;
#4146 = CARTESIAN_POINT ( 'NONE',  ( 18.84526300203394911, 11.99798134007475880, 142.9853288641106133 ) ) ;
#4147 = DIRECTION ( 'NONE',  ( -0.9948830777255573965, 0.000000000000000000, 0.1010329731093888572 ) ) ;
#4148 = CARTESIAN_POINT ( 'NONE',  ( 23.97214629978410017, 24.37822609421819919, 148.3908973853865803 ) ) ;
#4149 = CARTESIAN_POINT ( 'NONE',  ( 23.59882274582189865, 25.27203268868560215, 147.9620702832489769 ) ) ;
#4150 = CARTESIAN_POINT ( 'NONE',  ( 20.23765355563335433, 29.31326938416480132, 150.2411583333335159 ) ) ;
#4151 = CARTESIAN_POINT ( 'NONE',  ( 17.08025477463575115, 30.27271449198335418, 154.5462739583335008 ) ) ;
#4152 = CARTESIAN_POINT ( 'NONE',  ( 23.42234527275450162, 18.59464651522749890, 154.4293583333335107 ) ) ;
#4153 = CARTESIAN_POINT ( 'NONE',  ( 14.55323188051412053, 22.87807388676855069, 155.9459987627490136 ) ) ;
#4154 = CARTESIAN_POINT ( 'NONE',  ( 24.15132316441914995, 25.84967009246204839, 152.3047041666665109 ) ) ;
#4155 = AXIS2_PLACEMENT_3D ( 'NONE', #4444, #1186, #5934 ) ;
#4156 = CARTESIAN_POINT ( 'NONE',  ( 19.98422713014305074, 29.57562003001745055, 151.9821163606359846 ) ) ;
#4157 = CARTESIAN_POINT ( 'NONE',  ( 10.47531819345124759, 25.15323492080084122, 154.6911526707089592 ) ) ;
#4158 = CARTESIAN_POINT ( 'NONE',  ( 10.64808886584224012, 21.19828186064090048, 153.8473999999999933 ) ) ;
#4159 = ORIENTED_EDGE ( 'NONE', *, *, #3521, .T. ) ;
#4160 = CARTESIAN_POINT ( 'NONE',  ( 20.05418067471720178, 29.66523265054200209, 153.4012208333334968 ) ) ;
#4161 = CARTESIAN_POINT ( 'NONE',  ( 8.989137576206919888, 25.32280428622329893, 148.2660628470245854 ) ) ;
#4162 = CARTESIAN_POINT ( 'NONE',  ( 22.29931764075854872, 29.28399713114569991, 161.7308333333334929 ) ) ;
#4163 = CARTESIAN_POINT ( 'NONE',  ( 24.57235104257814839, 24.29278242515649922, 151.5448708333335048 ) ) ;
#4164 = CARTESIAN_POINT ( 'NONE',  ( 24.20227853807834961, 22.77269191099560075, 148.6345805555554023 ) ) ;
#4165 = CARTESIAN_POINT ( 'NONE',  ( 25.27132568844514893, 24.80409553662540034, 157.4270031157874996 ) ) ;
#4166 = CARTESIAN_POINT ( 'NONE',  ( 18.63322529018799756, 30.02920116318169974, 164.1285315538194993 ) ) ;
#4167 = ORIENTED_EDGE ( 'NONE', *, *, #5335, .F. ) ;
#4168 = CARTESIAN_POINT ( 'NONE',  ( 11.44595167916285838, 25.58616043588889966, 159.2393999999999892 ) ) ;
#4169 = FACE_OUTER_BOUND ( 'NONE', #3292, .T. ) ;
#4170 = CARTESIAN_POINT ( 'NONE',  ( 10.28878038442265996, 26.59763553310360251, 151.4389229166664848 ) ) ;
#4171 = CARTESIAN_POINT ( 'NONE',  ( 11.16181694062196073, 24.58824688136779102, 158.2515246955130976 ) ) ;
#4172 = DIRECTION ( 'NONE',  ( -0.4749331273209859705, 0.000000000000000000, 0.8800218886897689385 ) ) ;
#4173 = ORIENTED_EDGE ( 'NONE', *, *, #3147, .F. ) ;
#4174 = DIRECTION ( 'NONE',  ( 0.000000000000000000, -0.04490276582358731366, -0.9989913621355253071 ) ) ;
#4175 = CARTESIAN_POINT ( 'NONE',  ( 23.91137302564424871, 22.54186364895949879, 145.5021999999999878 ) ) ;
#4176 = CARTESIAN_POINT ( 'NONE',  ( 17.96982931773785097, 30.12385936563925171, 151.2712750000000028 ) ) ;
#4177 = FACE_OUTER_BOUND ( 'NONE', #6314, .T. ) ;
#4178 = FACE_OUTER_BOUND ( 'NONE', #1352, .T. ) ;
#4179 = EDGE_CURVE ( 'NONE', #5381, #3172, #2243, .T. ) ;
#4180 = ORIENTED_EDGE ( 'NONE', *, *, #5111, .T. ) ;
#4181 = CARTESIAN_POINT ( 'NONE',  ( 14.53664876757175861, 23.07718416902514846, 155.9370491334370001 ) ) ;
#4182 = CARTESIAN_POINT ( 'NONE',  ( 24.65373558059989634, 25.61537868742439983, 154.6297749999999951 ) ) ;
#4183 = CARTESIAN_POINT ( 'NONE',  ( 24.60942355143229676, 25.96253172455310931, 155.6249002123791740 ) ) ;
#4184 = CARTESIAN_POINT ( 'NONE',  ( 10.10955512662397204, 24.81155467617537624, 152.7333741560450733 ) ) ;
#4185 = CARTESIAN_POINT ( 'NONE',  ( 23.88778972514749555, 24.44712210353614878, 147.9807690221066139 ) ) ;
#4186 = CARTESIAN_POINT ( 'NONE',  ( 24.32361812523040001, 25.77306675035764982, 153.0799374999999998 ) ) ;
#4187 = CARTESIAN_POINT ( 'NONE',  ( 19.70571001382334941, 29.52667556794979831, 149.8999572482640019 ) ) ;
#4188 = CARTESIAN_POINT ( 'NONE',  ( 25.13524064439990013, 25.09532833728770029, 156.9725916666664887 ) ) ;
#4189 = B_SPLINE_CURVE_WITH_KNOTS ( 'NONE', 3,
 ( #6560, #6628, #3423, #767, #2905, #3991, #5463, #698, #6008, #2309, #3485, #4421 ),
 .UNSPECIFIED., .F., .F.,
 ( 4, 2, 2, 2, 2, 4 ),
 ( 0.000000000000000000, 0.2500000000000000000, 0.5000000000000000000, 0.6250000000000000000, 0.7500000000000000000, 1.000000000000000000 ),
 .UNSPECIFIED. ) ;
#4190 = CARTESIAN_POINT ( 'NONE',  ( 11.26970633217672102, 28.41186216374805085, 149.8124520833332269 ) ) ;
#4191 = EDGE_CURVE ( 'NONE', #618, #6806, #1558, .T. ) ;
#4192 = CARTESIAN_POINT ( 'NONE',  ( 10.47740065803153975, 27.37531154245844789, 150.1840666666664958 ) ) ;
#4193 = CARTESIAN_POINT ( 'NONE',  ( 10.03410693618270066, 23.94241840495509877, 152.4588708333335205 ) ) ;
#4194 = ORIENTED_EDGE ( 'NONE', *, *, #31, .T. ) ;
#4195 = CARTESIAN_POINT ( 'NONE',  ( 19.34024215536519975, 29.68199454331914922, 149.9363203125000155 ) ) ;
#4196 = FACE_OUTER_BOUND ( 'NONE', #3899, .T. ) ;
#4197 = CARTESIAN_POINT ( 'NONE',  ( 24.32088387062009716, 27.43853220389370051, 161.9665444444445086 ) ) ;
#4198 = CARTESIAN_POINT ( 'NONE',  ( 9.440292090856569729, 24.12962295870354978, 149.4439852558143969 ) ) ;
#4199 = CARTESIAN_POINT ( 'NONE',  ( 25.08398187619269848, 21.64869536367519842, 154.0150000000000148 ) ) ;
#4200 = B_SPLINE_CURVE_WITH_KNOTS ( 'NONE', 3,
 ( #4675, #2137, #5854, #2674 ),
 .UNSPECIFIED., .F., .F.,
 ( 4, 4 ),
 ( 0.000000000000000000, 1.000000000000000000 ),
 .UNSPECIFIED. ) ;
#4201 = ORIENTED_EDGE ( 'NONE', *, *, #3187, .F. ) ;
#4202 = CARTESIAN_POINT ( 'NONE',  ( 12.25526882102163917, 27.45715145600785334, 159.1298729166664998 ) ) ;
#4203 = PLANE ( 'NONE',  #5386 ) ;
#4204 = CARTESIAN_POINT ( 'NONE',  ( 11.49821090173648130, 27.22235024185764729, 155.2659753169234875 ) ) ;
#4205 = CARTESIAN_POINT ( 'NONE',  ( 11.21368291793511851, 24.10665659591903420, 158.7162494385292177 ) ) ;
#4206 = CARTESIAN_POINT ( 'NONE',  ( 9.413550448331420739, 21.85636256486850115, 149.8250489583332126 ) ) ;
#4207 = ORIENTED_EDGE ( 'NONE', *, *, #2813, .T. ) ;
#4208 = DIRECTION ( 'NONE',  ( 0.08291556471174026111, -0.9955514112831506113, 0.04474814656117583750 ) ) ;
#4209 = CARTESIAN_POINT ( 'NONE',  ( 23.54735402888145046, 20.38508258566265141, 145.8076000000000079 ) ) ;
#4210 = CARTESIAN_POINT ( 'NONE',  ( 25.16361626549834796, 25.40065249877689979, 158.5332729166665047 ) ) ;
#4211 = LINE ( 'NONE', #2699, #155 ) ;
#4212 = CARTESIAN_POINT ( 'NONE',  ( 20.10407597936444901, 30.00591872748519862, 163.9629708333334861 ) ) ;
#4213 = DIRECTION ( 'NONE',  ( 0.9914626728336710659, 0.07787427352598379204, -0.1045818621956660088 ) ) ;
#4214 = CARTESIAN_POINT ( 'NONE',  ( 11.00917666346135881, 27.24650793616800115, 153.0155309758164890 ) ) ;
#4215 = LINE ( 'NONE', #3231, #3928 ) ;
#4216 = ORIENTED_EDGE ( 'NONE', *, *, #2879, .T. ) ;
#4217 = LINE ( 'NONE', #82, #1836 ) ;
#4218 = CARTESIAN_POINT ( 'NONE',  ( 23.91900936995164884, 24.32672665336350093, 147.9877849036265900 ) ) ;
#4219 = B_SPLINE_CURVE_WITH_KNOTS ( 'NONE', 3,
 ( #3476, #2398, #1806, #4509, #6619 ),
 .UNSPECIFIED., .F., .F.,
 ( 4, 1, 4 ),
 ( 0.005981554555699059722, 0.5000000000000000000, 1.000000000000000000 ),
 .UNSPECIFIED. ) ;
#4220 = CARTESIAN_POINT ( 'NONE',  ( 10.10431754142481964, 24.47328830238685171, 153.1052958333335141 ) ) ;
#4221 = CARTESIAN_POINT ( 'NONE',  ( 23.77550532688730200, 24.80515351513360045, 147.9655574825790154 ) ) ;
#4222 = CARTESIAN_POINT ( 'NONE',  ( 27.05464472664010245, 24.08858365895759945, 148.5392787256817826 ) ) ;
#4223 = CARTESIAN_POINT ( 'NONE',  ( 10.14458718839145845, 24.72962372331344838, 153.2374662683980091 ) ) ;
#4224 = CARTESIAN_POINT ( 'NONE',  ( 25.53697518909680042, 25.17691345085000165, 161.5377785308255056 ) ) ;
#4225 = CARTESIAN_POINT ( 'NONE',  ( 25.21150487756234782, 25.80874436706309893, 160.7497500000000059 ) ) ;
#4226 = CARTESIAN_POINT ( 'NONE',  ( 21.95198879993484908, 28.08521977837104799, 149.8412597222221905 ) ) ;
#4227 = CARTESIAN_POINT ( 'NONE',  ( 24.13180776726665044, 24.79974871695479877, 149.9692791666665812 ) ) ;
#4228 = CARTESIAN_POINT ( 'NONE',  ( 11.35716634610433928, 27.98037476891775199, 152.0824000000000069 ) ) ;
#4229 = CARTESIAN_POINT ( 'NONE',  ( 11.02857783210992082, 26.88130619791584763, 154.0395951608345229 ) ) ;
#4230 = CARTESIAN_POINT ( 'NONE',  ( 10.23894597804818396, 22.37351080140268422, 152.7146461616125919 ) ) ;
#4231 = CARTESIAN_POINT ( 'NONE',  ( 11.46916208584620023, 27.30719513924615072, 154.8717953384874875 ) ) ;
#4232 = CARTESIAN_POINT ( 'NONE',  ( 9.947910896929240465, 24.18661027391365081, 151.5416411458335233 ) ) ;
#4233 = VERTEX_POINT ( 'NONE', #3304 ) ;
#4234 = EDGE_CURVE ( 'NONE', #2502, #4513, #827, .T. ) ;
#4235 = CARTESIAN_POINT ( 'NONE',  ( 18.60885187896364812, 30.07745570979699679, 153.1011705444504969 ) ) ;
#4236 = CARTESIAN_POINT ( 'NONE',  ( 25.02174252859139969, 24.60544886229724781, 154.6422374999999931 ) ) ;
#4237 = CARTESIAN_POINT ( 'NONE',  ( 24.31941759081924914, 21.47988486775905059, 150.1749000000000080 ) ) ;
#4238 = CARTESIAN_POINT ( 'NONE',  ( 24.76733004917809922, 26.07759436879524984, 157.7528895833335127 ) ) ;
#4239 = EDGE_LOOP ( 'NONE', ( #5761, #761, #2131, #3280, #6360 ) ) ;
#4240 = CARTESIAN_POINT ( 'NONE',  ( 11.79898297280499975, 20.86407548275800039, 159.8879937500000210 ) ) ;
#4241 = DIRECTION ( 'NONE',  ( -0.9916316786362373570, -0.07796398496987073934, 0.1028991300871684444 ) ) ;
#4242 = CARTESIAN_POINT ( 'NONE',  ( 10.74775977438551955, 27.16368635452914759, 152.1716541666665137 ) ) ;
#4243 = CARTESIAN_POINT ( 'NONE',  ( 11.02913328419136718, 24.90338904584257307, 157.2243944089767069 ) ) ;
#4244 = CARTESIAN_POINT ( 'NONE',  ( 9.856193281288749830, 22.31122830545880120, 150.5540874999999801 ) ) ;
#4245 = ORIENTED_EDGE ( 'NONE', *, *, #6039, .F. ) ;
#4246 = CARTESIAN_POINT ( 'NONE',  ( 19.51752573226560017, 29.89189503142135251, 154.1166187500000149 ) ) ;
#4247 = CARTESIAN_POINT ( 'NONE',  ( 24.08117843113774725, 22.80555476556560279, 147.7115374999999915 ) ) ;
#4248 = CARTESIAN_POINT ( 'NONE',  ( 17.00617040476850050, 30.32994409181915074, 145.6357295055591976 ) ) ;
#4249 = CARTESIAN_POINT ( 'NONE',  ( 24.04576594816431623, 25.11334019069377632, 150.0705260468000404 ) ) ;
#4250 = CARTESIAN_POINT ( 'NONE',  ( 11.70556781348934017, 22.60706678255710145, 155.1932115876934972 ) ) ;
#4251 = ORIENTED_EDGE ( 'NONE', *, *, #3683, .T. ) ;
#4252 = CARTESIAN_POINT ( 'NONE',  ( 13.69642381254799979, 23.02703446094810147, 156.3782096170815237 ) ) ;
#4253 = CARTESIAN_POINT ( 'NONE',  ( 10.56562270668161929, 26.47623317745529903, 153.0091291666664972 ) ) ;
#4254 = CARTESIAN_POINT ( 'NONE',  ( 25.40288947886985227, 25.47878172126105056, 161.2731032140220009 ) ) ;
#4255 = CARTESIAN_POINT ( 'NONE',  ( 25.48578431073775263, 25.26545076065579920, 161.2745605835789888 ) ) ;
#4256 = CARTESIAN_POINT ( 'NONE',  ( 20.28937887768745085, 29.32317879258515347, 150.6282333333334975 ) ) ;
#4257 = CARTESIAN_POINT ( 'NONE',  ( 23.88778972514749555, 24.44712210353614878, 147.9807690221066139 ) ) ;
#4258 = CARTESIAN_POINT ( 'NONE',  ( 11.62366679934100056, 27.80094162600684982, 153.9302250767509861 ) ) ;
#4259 = CARTESIAN_POINT ( 'NONE',  ( 25.24962775668149817, 25.99108582856360172, 162.0559196251489880 ) ) ;
#4260 = CARTESIAN_POINT ( 'NONE',  ( 10.25151141994495774, 22.38025149508163381, 152.8413293167829181 ) ) ;
#4261 = CARTESIAN_POINT ( 'NONE',  ( 11.64794895883410142, 27.47430728930044808, 155.1622511892305170 ) ) ;
#4262 = CARTESIAN_POINT ( 'NONE',  ( 10.42557053972089953, 20.78140295575429874, 151.5093733021599860 ) ) ;
#4263 = ORIENTED_EDGE ( 'NONE', *, *, #3137, .F. ) ;
#4264 = CARTESIAN_POINT ( 'NONE',  ( 17.03998811193035223, 30.25577206278689957, 153.2505604864240070 ) ) ;
#4265 = CARTESIAN_POINT ( 'NONE',  ( 24.11873783324990228, 24.34532527067790042, 149.1904833333332192 ) ) ;
#4266 = CARTESIAN_POINT ( 'NONE',  ( 25.34204835123784960, 21.18741302664315285, 158.7614000000000090 ) ) ;
#4267 = AXIS2_PLACEMENT_3D ( 'NONE', #2803, #5811, #4750 ) ;
#4268 = EDGE_CURVE ( 'NONE', #5801, #6654, #2480, .T. ) ;
#4269 = CARTESIAN_POINT ( 'NONE',  ( 24.79248861755244704, 26.80220435494780062, 162.0724874999999940 ) ) ;
#4270 = ORIENTED_EDGE ( 'NONE', *, *, #5111, .F. ) ;
#4271 = CARTESIAN_POINT ( 'NONE',  ( 11.29712745929645834, 23.98784757490669861, 159.2658999999999878 ) ) ;
#4272 = CARTESIAN_POINT ( 'NONE',  ( 14.97767482227695979, 22.85344118964224691, 154.6115067852920220 ) ) ;
#4273 = DIRECTION ( 'NONE',  ( 0.1006318910984298348, 0.05303758115645521715, 0.9935090525400491757 ) ) ;
#4274 = AXIS2_PLACEMENT_3D ( 'NONE', #1706, #6586, #3416 ) ;
#4275 = DIRECTION ( 'NONE',  ( -0.9914626728336708439, -0.07787427352598327857, 0.1045818621956677713 ) ) ;
#4276 = CARTESIAN_POINT ( 'NONE',  ( 23.56656486710874887, 25.96780362526185115, 149.5849520908189731 ) ) ;
#4277 = CARTESIAN_POINT ( 'NONE',  ( 9.855317068679029902, 23.89105751672300215, 150.7292398583055046 ) ) ;
#4278 = B_SPLINE_CURVE_WITH_KNOTS ( 'NONE', 3,
 ( #3366, #4978, #2841, #2349, #3302, #5404, #4949, #184, #4425 ),
 .UNSPECIFIED., .F., .F.,
 ( 4, 3, 2, 4 ),
 ( 0.000000000000000000, 0.4324121253379574759, 0.7160902824081529783, 1.000000000000000000 ),
 .UNSPECIFIED. ) ;
#4279 = ADVANCED_FACE ( 'NONE', ( #214 ), #5401, .F. ) ;
#4280 = CARTESIAN_POINT ( 'NONE',  ( 9.095067192391960376, 22.94744780794959738, 149.3855310547397721 ) ) ;
#4281 = ORIENTED_EDGE ( 'NONE', *, *, #1727, .T. ) ;
#4282 = CARTESIAN_POINT ( 'NONE',  ( 23.32884891004244921, 19.97684630909849801, 148.0741624999999999 ) ) ;
#4283 = CARTESIAN_POINT ( 'NONE',  ( 17.37416228086280157, 30.17085896762385033, 149.7632499999999993 ) ) ;
#4284 = CARTESIAN_POINT ( 'NONE',  ( 11.76643742089393818, 22.61965572747349995, 155.3605012875270006 ) ) ;
#4285 = VERTEX_POINT ( 'NONE', #5109 ) ;
#4286 = CARTESIAN_POINT ( 'NONE',  ( 10.76135641731260151, 22.55572917442895076, 155.8006242827789833 ) ) ;
#4287 = CARTESIAN_POINT ( 'NONE',  ( 10.58779445015100151, 25.50035272336739922, 154.4812708333334967 ) ) ;
#4288 = FACE_OUTER_BOUND ( 'NONE', #4370, .T. ) ;
#4289 = CARTESIAN_POINT ( 'NONE',  ( 19.03859773514095011, 24.16309715483235010, 153.8766412174944946 ) ) ;
#4290 = CARTESIAN_POINT ( 'NONE',  ( 19.70571001382334941, 29.52667556794979831, 149.8999572482640019 ) ) ;
#4291 = CARTESIAN_POINT ( 'NONE',  ( 24.02073101880914763, 25.78712072390074894, 151.2722404128224980 ) ) ;
#4292 = CARTESIAN_POINT ( 'NONE',  ( 23.85282684330145031, 24.56636356123794940, 147.9746509289932135 ) ) ;
#4293 = CARTESIAN_POINT ( 'NONE',  ( 24.97326607860295056, 26.13833706915979960, 160.1005687500000079 ) ) ;
#4294 = CARTESIAN_POINT ( 'NONE',  ( 16.63212425858710120, 30.29828378533209943, 153.7928699807970077 ) ) ;
#4295 = APPLICATION_CONTEXT ( 'automotive_design' ) ;
#4296 = CARTESIAN_POINT ( 'NONE',  ( 19.68893296201669685, 29.64877771886749969, 151.5048543819169993 ) ) ;
#4297 = CARTESIAN_POINT ( 'NONE',  ( 10.39110626438203866, 27.37072951078084770, 149.7897186168511894 ) ) ;
#4298 = CARTESIAN_POINT ( 'NONE',  ( 10.27065908762011937, 22.36222642225510171, 153.1065000000000111 ) ) ;
#4299 = ORIENTED_EDGE ( 'NONE', *, *, #74, .T. ) ;
#4300 = CARTESIAN_POINT ( 'NONE',  ( 25.47323476038929968, 24.70761074565755067, 159.3252500000000111 ) ) ;
#4301 = CARTESIAN_POINT ( 'NONE',  ( 24.28039395310614879, 22.19256099034179996, 149.3363999999999976 ) ) ;
#4302 = CARTESIAN_POINT ( 'NONE',  ( 18.64732373382069852, 30.02319930174335028, 164.2587826107879891 ) ) ;
#4303 = ORIENTED_EDGE ( 'NONE', *, *, #1736, .T. ) ;
#4304 = CARTESIAN_POINT ( 'NONE',  ( 11.16377725649156005, 20.82962968462749842, 156.1485203125000112 ) ) ;
#4305 = B_SPLINE_CURVE_WITH_KNOTS ( 'NONE', 3,
 ( #2237, #1255, #3392, #270, #5006, #6138, #6594, #5553, #4484, #5618, #2472, #1880, #1910, #3989, #5102, #3926, #6041, #1850, #6103, #2930, #4580, #1316, #1379, #794, #6697, #241, #5036, #3551, #3958, #2903, #342, #6070, #2342, #3453, #4518, #1350, #4971, #6558, #3484, #3422, #5586, #829, #5069, #306, #2436, #1287, #4548, #6658, #5651, #860, #2999, #1949, #208, #4064, #898, #1412, #4453 ),
 .UNSPECIFIED., .F., .F.,
 ( 4, 1, 1, 1, 1, 2, 2, 1, 1, 1, 1, 1, 2, 2, 1, 1, 1, 1, 1, 1, 2, 2, 1, 1, 1, 1, 1, 2, 2, 1, 1, 1, 1, 2, 2, 1, 1, 1, 1, 1, 2, 2, 4 ),
 ( 0.000000000000000000, 0.06250000000033183178, 0.09375000000049343862, 0.1093750000005742906, 0.1171875000006147444, 0.1210937500006397105, 0.1250000000006646628, 0.1875000000010646484, 0.2187500000012689572, 0.2343750000013672397, 0.2421875000014127588, 0.2460937500014319934, 0.2480468750014452328, 0.2500000000014585000, 0.3125000000018677282, 0.3437500000020722313, 0.3593750000021744828, 0.3671875000022256641, 0.3710937500022511437, 0.3730468750022681301, 0.3740234375022722935, 0.3750000000022765123, 0.4375000000023028801, 0.4687500000023160918, 0.4843750000023226976, 0.4921875000023225866, 0.4960937500023258062, 0.4980468750023242519, 0.5000000000023226976, 0.5625000000021113111, 0.5937500000020098367, 0.6093750000019545476, 0.6171875000019267921, 0.6210937500019080293, 0.6250000000018892665, 0.6875000000014999113, 0.7187500000013009593, 0.7343750000012014834, 0.7421875000011517454, 0.7460937500011268764, 0.7480468750011186607, 0.7500000000011104451, 1.000000000000000000 ),
 .UNSPECIFIED. ) ;
#4306 = DIRECTION ( 'NONE',  ( 0.9914626728336707329, 0.07787427352598397245, -0.1045818621956683681 ) ) ;
#4307 = CARTESIAN_POINT ( 'NONE',  ( 12.77276265507138042, 22.92376406982664960, 155.7921496533605250 ) ) ;
#4308 = EDGE_CURVE ( 'NONE', #3180, #3347, #3741, .T. ) ;
#4309 = CARTESIAN_POINT ( 'NONE',  ( 10.32415973758203975, 20.76677880445980051, 151.1186730543755061 ) ) ;
#4310 = CARTESIAN_POINT ( 'NONE',  ( 8.797715656563649844, 21.80791863418700061, 149.4704052721949950 ) ) ;
#4311 = ORIENTED_EDGE ( 'NONE', *, *, #4652, .T. ) ;
#4312 = CARTESIAN_POINT ( 'NONE',  ( 10.85991562607370042, 27.00194538640025144, 153.0437052779289786 ) ) ;
#4313 = CARTESIAN_POINT ( 'NONE',  ( 22.18855909761385092, 18.06899392991664755, 145.2932578371681984 ) ) ;
#4314 = CARTESIAN_POINT ( 'NONE',  ( 19.02306741644960297, 30.14195568994574614, 159.0508999999999844 ) ) ;
#4315 = CARTESIAN_POINT ( 'NONE',  ( 23.72023291330149775, 26.83615456402145227, 153.2597426606875217 ) ) ;
#4316 = EDGE_CURVE ( 'NONE', #51, #5929, #2445, .T. ) ;
#4317 = EDGE_LOOP ( 'NONE', ( #6830, #4879, #4841, #4583 ) ) ;
#4318 = CARTESIAN_POINT ( 'NONE',  ( 14.73016518429465904, 23.08208413077759857, 155.6874888724230175 ) ) ;
#4319 = CARTESIAN_POINT ( 'NONE',  ( 9.788517871270739690, 24.64037486459055160, 150.4505485872014958 ) ) ;
#4320 = CARTESIAN_POINT ( 'NONE',  ( 23.97214629978410017, 24.37822609421819919, 148.3908973853865803 ) ) ;
#4321 = CARTESIAN_POINT ( 'NONE',  ( 24.17125412030799936, 24.86314988526754988, 150.2816988798325042 ) ) ;
#4322 = EDGE_CURVE ( 'NONE', #6366, #2328, #3478, .T. ) ;
#4323 = CARTESIAN_POINT ( 'NONE',  ( 23.99643685885475008, 24.54790546401915208, 148.7849057187199833 ) ) ;
#4324 = CARTESIAN_POINT ( 'NONE',  ( 19.54185783949909805, 23.38908642406134675, 158.0713273287115044 ) ) ;
#4325 = CARTESIAN_POINT ( 'NONE',  ( 11.55098757849884095, 28.38541046990530248, 151.2538333333335174 ) ) ;
#4326 = CARTESIAN_POINT ( 'NONE',  ( 10.33084801979634015, 27.37376017689489771, 149.5277558505535751 ) ) ;
#4327 = CARTESIAN_POINT ( 'NONE',  ( 23.37749351245394891, 27.25449656359079853, 153.2721257046830203 ) ) ;
#4328 = ORIENTED_EDGE ( 'NONE', *, *, #3812, .F. ) ;
#4329 = CARTESIAN_POINT ( 'NONE',  ( 13.32480776901866015, 22.97545685292359963, 155.9192988479809969 ) ) ;
#4330 = CARTESIAN_POINT ( 'NONE',  ( 23.24355396891169789, 28.36229021388950144, 160.1963833333335003 ) ) ;
#4331 = CARTESIAN_POINT ( 'NONE',  ( 25.53479523248965322, 25.01300330845344888, 160.7533833333334883 ) ) ;
#4332 = CARTESIAN_POINT ( 'NONE',  ( 25.09440108800700031, 20.53659136672834862, 159.6227000000000089 ) ) ;
#4333 = CARTESIAN_POINT ( 'NONE',  ( 24.27631333530665003, 27.09237153021819822, 159.3408124999999984 ) ) ;
#4334 = VERTEX_POINT ( 'NONE', #4528 ) ;
#4335 = CARTESIAN_POINT ( 'NONE',  ( 11.33750322045852066, 26.66877433907854922, 156.0869406496954923 ) ) ;
#4336 = CARTESIAN_POINT ( 'NONE',  ( 24.47177298487435237, 24.49957808500949952, 151.2952889609524902 ) ) ;
#4337 = B_SPLINE_SURFACE_WITH_KNOTS ( 'NONE', 3, 1, ( 
 ( #6506, #91 ),
 ( #2785, #221 ),
 ( #4329, #3343 ),
 ( #5443, #6444 ),
 ( #3875, #5412 ),
 ( #1173, #6054 ),
 ( #4985, #5988 ),
 ( #645, #1239 ),
 ( #4890, #5472 ),
 ( #708, #2850 ),
 ( #1798, #3910 ),
 ( #6021, #4500 ),
 ( #5053, #4002 ),
 ( #4636, #5599 ),
 ( #3500, #6118 ),
 ( #2914, #4561 ),
 ( #1361, #3974 ),
 ( #5628, #2389 ),
 ( #4592, #284 ) ),
 .UNSPECIFIED., .F., .F., .F.,
 ( 4, 1, 1, 1, 1, 1, 1, 1, 1, 1, 1, 1, 1, 1, 1, 1, 4 ),
 ( 2, 2 ),
 ( 0.000000000000000000, 0.06283763962145269555, 0.1234369090797339946, 0.1823232967110965108, 0.2400361514617110059, 0.2971480795018490162, 0.3544771688024335177, 0.4124352079225675483, 0.4719144264823100232, 0.5320025254487049660, 0.5928929945985009775, 0.6544330314128850024, 0.7176811136956730008, 0.7839607030917460362, 0.8527534002173670080, 0.9242798674064739428, 1.000000000000000000 ),
 ( 0.000000000000000000, 1.000000000000000000 ),
 .UNSPECIFIED. ) ;
#4338 = FACE_OUTER_BOUND ( 'NONE', #6397, .T. ) ;
#4339 = CARTESIAN_POINT ( 'NONE',  ( 9.765257576398749251, 24.11853406742020312, 150.3865791656924955 ) ) ;
#4340 = FACE_OUTER_BOUND ( 'NONE', #6065, .T. ) ;
#4341 = CARTESIAN_POINT ( 'NONE',  ( 24.91880288636005147, 24.66209944822220379, 154.0827258800399875 ) ) ;
#4342 = CARTESIAN_POINT ( 'NONE',  ( 8.454332475287658966, 21.92169950659409849, 149.4038230207143840 ) ) ;
#4343 = VERTEX_POINT ( 'NONE', #1917 ) ;
#4344 = CARTESIAN_POINT ( 'NONE',  ( 19.69449346249334809, 29.85721631839114920, 154.4902302083334860 ) ) ;
#4345 = CARTESIAN_POINT ( 'NONE',  ( 10.58779445015100151, 25.50035272336739922, 154.4812708333334967 ) ) ;
#4346 = DIRECTION ( 'NONE',  ( -0.1006318910984300152, -0.05303758115645550858, -0.9935090525400490646 ) ) ;
#4347 = CARTESIAN_POINT ( 'NONE',  ( 9.562072077571972528, 22.88497709517041656, 149.9618353035806138 ) ) ;
#4348 = CARTESIAN_POINT ( 'NONE',  ( 16.44608702937944855, 30.29409001571059790, 147.5182958333332124 ) ) ;
#4349 = LINE ( 'NONE', #596, #5487 ) ;
#4350 = EDGE_LOOP ( 'NONE', ( #3522, #5971, #668, #4646 ) ) ;
#4351 = EDGE_CURVE ( 'NONE', #4825, #378, #1326, .T. ) ;
#4352 = DIRECTION ( 'NONE',  ( -0.9914626728336710659, -0.07787427352598338959, 0.1045818621956666056 ) ) ;
#4353 = CARTESIAN_POINT ( 'NONE',  ( 13.19092215735927986, 22.78583624175709943, 156.4181828411275035 ) ) ;
#4354 = CARTESIAN_POINT ( 'NONE',  ( 9.846326264967048658, 24.28419222796419774, 150.7405632070945103 ) ) ;
#4355 = CARTESIAN_POINT ( 'NONE',  ( 19.43128035901044726, 29.88119058114545368, 153.4700250000000210 ) ) ;
#4356 = CARTESIAN_POINT ( 'NONE',  ( 9.352860592635959591, 24.07991421207425020, 149.3087632970815832 ) ) ;
#4357 = CARTESIAN_POINT ( 'NONE',  ( 24.33457990945804994, 25.04666789517764869, 151.2799792649154824 ) ) ;
#4358 = CARTESIAN_POINT ( 'NONE',  ( 10.00196283733395042, 23.72279358702429519, 151.8124054845177113 ) ) ;
#4359 = B_SPLINE_CURVE_WITH_KNOTS ( 'NONE', 3,
 ( #1618, #5312, #1502, #3607, #5706, #955, #6379, #2527, #4153, #4757, #431, #3644, #6826, #4681, #2564, #5159, #398, #2034, #3126 ),
 .UNSPECIFIED., .F., .F.,
 ( 4, 1, 1, 1, 1, 1, 1, 1, 1, 1, 1, 1, 1, 1, 1, 1, 4 ),
 ( 0.000000000000000000, 0.07025915895637629971, 0.1377219003498202088, 0.2027509112938419844, 0.2657326030746260392, 0.3278827700757224739, 0.3899099664200120219, 0.4522184925915190279, 0.5155656246153409450, 0.5787064022099189797, 0.6399166667712129497, 0.6998666022869609593, 0.7591673488914629786, 0.8181378102880429992, 0.8776716488128230020, 0.9379656475247249992, 1.000000000000000000 ),
 .UNSPECIFIED. ) ;
#4360 = CARTESIAN_POINT ( 'NONE',  ( 25.15620656437955205, 26.02628117275704867, 161.2738963070380009 ) ) ;
#4361 = EDGE_CURVE ( 'NONE', #2078, #5686, #5563, .T. ) ;
#4362 = CARTESIAN_POINT ( 'NONE',  ( 24.83078055867554923, 26.09874050091304909, 158.5348729166665009 ) ) ;
#4363 = CARTESIAN_POINT ( 'NONE',  ( 16.11058164932975245, 30.25999526512405424, 153.8477406932647398 ) ) ;
#4364 = CARTESIAN_POINT ( 'NONE',  ( 14.48783132560910047, 22.82265534472130142, 154.8342368770144901 ) ) ;
#4365 = CARTESIAN_POINT ( 'NONE',  ( 21.20687822230920005, 29.76241760993239893, 161.1779062500000066 ) ) ;
#4366 = CARTESIAN_POINT ( 'NONE',  ( 25.37811171275685140, 24.79275090449450047, 158.5412833333334959 ) ) ;
#4367 = CARTESIAN_POINT ( 'NONE',  ( 23.94249889015679855, 20.05528800440050219, 151.1149000000000058 ) ) ;
#4368 = VECTOR ( 'NONE', #1650, 1000.000000000000114 ) ;
#4369 = CARTESIAN_POINT ( 'NONE',  ( 24.11776138631334732, 27.29643314611280047, 159.3494374999999934 ) ) ;
#4370 = EDGE_LOOP ( 'NONE', ( #2007, #3738, #2538, #5616 ) ) ;
#4371 = CARTESIAN_POINT ( 'NONE',  ( 11.12892060786171911, 26.17406212025144896, 156.1190875000000062 ) ) ;
#4372 = CARTESIAN_POINT ( 'NONE',  ( 12.58235258130383905, 22.90216750360835007, 155.6644899931670238 ) ) ;
#4373 = VECTOR ( 'NONE', #2781, 1000.000000000000114 ) ;
#4374 = CARTESIAN_POINT ( 'NONE',  ( 25.64589968271615206, 24.88742316530819920, 161.6717216935885233 ) ) ;
#4375 = DIRECTION ( 'NONE',  ( 0.6594026548639320140, 0.02114088741250070083, -0.7514926490910009971 ) ) ;
#4376 = DIRECTION ( 'NONE',  ( -0.1006318910984302095, -0.05303758115645521021, -0.9935090525400490646 ) ) ;
#4377 = CARTESIAN_POINT ( 'NONE',  ( 9.781252055631689757, 24.64683715156845167, 150.4062291153620095 ) ) ;
#4378 = CARTESIAN_POINT ( 'NONE',  ( 8.239670120155679456, 21.79311901150179764, 149.4364019263161936 ) ) ;
#4379 = VERTEX_POINT ( 'NONE', #3998 ) ;
#4380 = VECTOR ( 'NONE', #2369, 1000.000000000000000 ) ;
#4381 = CARTESIAN_POINT ( 'NONE',  ( 18.98264157079020009, 29.81582429561289871, 150.1054185763890132 ) ) ;
#4382 = CARTESIAN_POINT ( 'NONE',  ( 22.18352822331354801, 18.58967018185650133, 148.7334216145831931 ) ) ;
#4383 = CARTESIAN_POINT ( 'NONE',  ( 9.660417788109095127, 22.41545513379753984, 150.1560702020099427 ) ) ;
#4384 = CARTESIAN_POINT ( 'NONE',  ( 16.88486994139424979, 30.22276573927869947, 149.0345374999999990 ) ) ;
#4385 =( LENGTH_UNIT ( ) NAMED_UNIT ( * ) SI_UNIT ( .MILLI., .METRE. ) );
#4386 = CARTESIAN_POINT ( 'NONE',  ( 19.92952291733880088, 29.49141722176095115, 150.6634583333334945 ) ) ;
#4387 = AXIS2_PLACEMENT_3D ( 'NONE', #3975, #2260, #4501 ) ;
#4388 = CARTESIAN_POINT ( 'NONE',  ( 23.61233524881710011, 25.29385678730410092, 148.1111078169002155 ) ) ;
#4389 = VERTEX_POINT ( 'NONE', #3493 ) ;
#4390 = CARTESIAN_POINT ( 'NONE',  ( 12.55504344101839997, 22.72462014053779811, 156.2344985158485144 ) ) ;
#4391 = B_SPLINE_CURVE_WITH_KNOTS ( 'NONE', 3,
 ( #6282, #1523, #3664, #5762, #1010, #3150, #5249, #493, #6323, #1562 ),
 .UNSPECIFIED., .F., .F.,
 ( 4, 3, 3, 4 ),
 ( 0.000000000000000000, 9.917391903340078043E-05, 0.0001983479884889480065, 0.0003553376547052229813 ),
 .UNSPECIFIED. ) ;
#4392 = CARTESIAN_POINT ( 'NONE',  ( 10.02916790632539978, 26.20452786946634660, 150.6860453124999992 ) ) ;
#4393 = CARTESIAN_POINT ( 'NONE',  ( 19.11920992815295151, 29.83520741101434837, 151.1410166666665305 ) ) ;
#4394 = CARTESIAN_POINT ( 'NONE',  ( 25.40288947886979898, 25.47878172126105056, 161.2731032140220009 ) ) ;
#4395 = LINE ( 'NONE', #1099, #2281 ) ;
#4396 = ADVANCED_FACE ( 'NONE', ( #5596 ), #5884, .F. ) ;
#4397 = CARTESIAN_POINT ( 'NONE',  ( 25.09716849795774962, 26.13873553827439977, 161.2752083935814937 ) ) ;
#4398 = CARTESIAN_POINT ( 'NONE',  ( 10.27539980496321981, 24.34250132568969960, 153.8762333333334880 ) ) ;
#4399 = CARTESIAN_POINT ( 'NONE',  ( 10.37324060148027982, 23.45991136275910094, 154.2886219114525090 ) ) ;
#4400 = FACE_OUTER_BOUND ( 'NONE', #5493, .T. ) ;
#4401 = CARTESIAN_POINT ( 'NONE',  ( 20.43026069694660052, 29.47445114155905088, 152.9488720729825104 ) ) ;
#4402 = CARTESIAN_POINT ( 'NONE',  ( 21.81907803213599806, 29.13610861653249984, 157.9430000000000121 ) ) ;
#4403 = FACE_OUTER_BOUND ( 'NONE', #1819, .T. ) ;
#4404 = ADVANCED_FACE ( 'NONE', ( #1014 ), #4566, .F. ) ;
#4405 = CARTESIAN_POINT ( 'NONE',  ( 22.56062017649155038, 18.94383330401180032, 148.7858687499999917 ) ) ;
#4406 = CARTESIAN_POINT ( 'NONE',  ( 24.36794858802450037, 26.35937094966975280, 155.4138125000000059 ) ) ;
#4407 = ORIENTED_EDGE ( 'NONE', *, *, #1219, .F. ) ;
#4408 = CARTESIAN_POINT ( 'NONE',  ( 11.41761762573120009, 20.45459770284265133, 157.0408454861110101 ) ) ;
#4409 = CARTESIAN_POINT ( 'NONE',  ( 14.45070576933910012, 23.02947995757120125, 155.0349786364955094 ) ) ;
#4410 = CARTESIAN_POINT ( 'NONE',  ( 25.64239591272600194, 25.00344588340899676, 162.0600680238115103 ) ) ;
#4411 = B_SPLINE_SURFACE_WITH_KNOTS ( 'NONE', 3, 1, ( 
 ( #1366, #999 ),
 ( #3281, #6385 ),
 ( #1547, #4235 ),
 ( #478, #5318 ),
 ( #2684, #1509 ),
 ( #6413, #4264 ) ),
 .UNSPECIFIED., .F., .F., .F.,
 ( 4, 2, 4 ),
 ( 2, 2 ),
 ( 0.000000000000000000, 0.5000000000000000000, 1.000000000000000000 ),
 ( 0.000000000000000000, 1.000000000000000000 ),
 .UNSPECIFIED. ) ;
#4412 = CARTESIAN_POINT ( 'NONE',  ( 12.10261407274802004, 28.34885436752854915, 153.8524629926119758 ) ) ;
#4413 = LINE ( 'NONE', #6034, #6583 ) ;
#4414 = VERTEX_POINT ( 'NONE', #1126 ) ;
#4415 = CARTESIAN_POINT ( 'NONE',  ( 10.54193852340029913, 24.34480268835104866, 155.0284354166664968 ) ) ;
#4416 = CARTESIAN_POINT ( 'NONE',  ( 22.32482266159365025, 18.73183924505514852, 147.4000791666665862 ) ) ;
#4417 = CARTESIAN_POINT ( 'NONE',  ( 9.586062145438463133, 22.77368144128119454, 150.0138856870508448 ) ) ;
#4418 = CARTESIAN_POINT ( 'NONE',  ( 19.00111378804109918, 30.17422880297664989, 161.4397500000000036 ) ) ;
#4419 =( NAMED_UNIT ( * ) PLANE_ANGLE_UNIT ( ) SI_UNIT ( $, .RADIAN. ) );
#4420 = CARTESIAN_POINT ( 'NONE',  ( 16.97634462247095044, 12.34699127190947898, 154.2130509407035106 ) ) ;
#4421 = CARTESIAN_POINT ( 'NONE',  ( 16.90714025075699922, 30.24735037559124962, 152.2579327935679601 ) ) ;
#4422 = VERTEX_POINT ( 'NONE', #2097 ) ;
#4423 = CARTESIAN_POINT ( 'NONE',  ( 13.22982405807521999, 29.65374329377310048, 151.0588999999999942 ) ) ;
#4424 = CARTESIAN_POINT ( 'NONE',  ( 9.716583678431682358, 24.10042937488195136, 150.2146505564104757 ) ) ;
#4425 = CARTESIAN_POINT ( 'NONE',  ( 11.94185054912236055, 28.40731982254414945, 152.8590921457235083 ) ) ;
#4426 = CARTESIAN_POINT ( 'NONE',  ( 25.27549752804469918, 25.31229859757049994, 159.3158916666665164 ) ) ;
#4427 = CARTESIAN_POINT ( 'NONE',  ( 18.45993128767539915, 29.84981886658604822, 145.2294113821243968 ) ) ;
#4428 = CARTESIAN_POINT ( 'NONE',  ( 23.95022901499000056, 24.20633120228774970, 147.9948007851992315 ) ) ;
#4429 = CARTESIAN_POINT ( 'NONE',  ( 13.76634340868690032, 22.90760938990835172, 153.5916982105359807 ) ) ;
#4430 = CARTESIAN_POINT ( 'NONE',  ( 16.18673491073619886, 30.39745981271354580, 146.4043139866814158 ) ) ;
#4431 = CARTESIAN_POINT ( 'NONE',  ( 10.98819847780761982, 26.72734321526844781, 154.5551710115654771 ) ) ;
#4432 = CARTESIAN_POINT ( 'NONE',  ( 9.673666625032110389, 24.43900133986264933, 149.9860231761777811 ) ) ;
#4433 = CARTESIAN_POINT ( 'NONE',  ( 20.79114799750925258, 29.57908839008915081, 157.2573958333335042 ) ) ;
#4434 = CARTESIAN_POINT ( 'NONE',  ( 24.70348438089159870, 24.34254557786499973, 152.3207520833335025 ) ) ;
#4435 = CARTESIAN_POINT ( 'NONE',  ( 23.40251675906820239, 20.00593734376044708, 148.5827833333331967 ) ) ;
#4436 = CARTESIAN_POINT ( 'NONE',  ( 24.27940523827714969, 26.32862948393485070, 154.6359124999999892 ) ) ;
#4437 = VERTEX_POINT ( 'NONE', #4214 ) ;
#4438 = EDGE_CURVE ( 'NONE', #5992, #4521, #1654, .T. ) ;
#4439 = CARTESIAN_POINT ( 'NONE',  ( 11.11605329645530027, 21.73162958904804754, 157.0747388888890157 ) ) ;
#4440 = CARTESIAN_POINT ( 'NONE',  ( 25.49266754338715302, 25.42112946291450015, 162.0557638748605029 ) ) ;
#4441 = CARTESIAN_POINT ( 'NONE',  ( 17.69718035448580196, 30.21602124061075045, 152.1795826146010029 ) ) ;
#4442 = CARTESIAN_POINT ( 'NONE',  ( 23.51717342937574884, 25.53131406935455061, 148.1786220098946103 ) ) ;
#4443 = CARTESIAN_POINT ( 'NONE',  ( 24.01934258341259820, 23.97873322037450095, 148.1444067191810063 ) ) ;
#4444 = CARTESIAN_POINT ( 'NONE',  ( 16.35724722674189735, 23.56429258150394901, 156.6965335087125197 ) ) ;
#4445 = CARTESIAN_POINT ( 'NONE',  ( 9.719195039437220629, 24.56552434809765018, 150.1423724743984849 ) ) ;
#4446 = CARTESIAN_POINT ( 'NONE',  ( 8.432689064970158910, 23.57287548615644823, 148.7885246917735742 ) ) ;
#4447 = CARTESIAN_POINT ( 'NONE',  ( 10.06326284505412083, 26.43693627110684830, 150.4051675347219827 ) ) ;
#4448 = ORIENTED_EDGE ( 'NONE', *, *, #4191, .T. ) ;
#4449 = EDGE_CURVE ( 'NONE', #2741, #3424, #5696, .T. ) ;
#4450 = CARTESIAN_POINT ( 'NONE',  ( 22.14578193431425035, 18.30367624858494935, 146.1711569444443910 ) ) ;
#4451 = DIRECTION ( 'NONE',  ( 0.08291556471174026111, -0.9955514112831506113, 0.04474814656117583750 ) ) ;
#4452 = CARTESIAN_POINT ( 'NONE',  ( 17.02894223478284985, 30.24125518230545140, 152.1750874999999894 ) ) ;
#4453 = CARTESIAN_POINT ( 'NONE',  ( 25.48067068936475366, 23.85554950831264875, 157.4448870964280047 ) ) ;
#4454 = CARTESIAN_POINT ( 'NONE',  ( 10.95300693061416020, 27.91049365481325140, 150.5235395833335019 ) ) ;
#4455 = ORIENTED_EDGE ( 'NONE', *, *, #6176, .T. ) ;
#4456 = CARTESIAN_POINT ( 'NONE',  ( 12.78561357960789913, 29.28283074494875038, 151.9092666666665252 ) ) ;
#4457 = CARTESIAN_POINT ( 'NONE',  ( 11.74985430795159935, 22.81876600973009772, 155.3515516582144755 ) ) ;
#4458 = CARTESIAN_POINT ( 'NONE',  ( 10.06754551001547959, 23.33870524246577460, 152.1584768596245851 ) ) ;
#4459 = CARTESIAN_POINT ( 'NONE',  ( 19.63619339671079800, 29.89701674197810277, 155.0221999999999980 ) ) ;
#4460 = CARTESIAN_POINT ( 'NONE',  ( 25.08986559823290108, 25.21928375032585379, 156.9710708333334992 ) ) ;
#4461 = CARTESIAN_POINT ( 'NONE',  ( 21.18191413038330140, 28.96409641974780058, 151.8934490511190063 ) ) ;
#4462 = CARTESIAN_POINT ( 'NONE',  ( 22.44933265021745328, 28.22511808644514986, 153.3143227686279886 ) ) ;
#4463 = CARTESIAN_POINT ( 'NONE',  ( 23.13963838864519929, 27.15007279402695062, 151.2887257548860021 ) ) ;
#4464 = B_SPLINE_CURVE_WITH_KNOTS ( 'NONE', 3,
 ( #809, #3503, #1868, #6122, #847, #2945, #4988, #4434, #2886, #3407, #6612, #6023, #1273, #6573, #3912, #1834 ),
 .UNSPECIFIED., .F., .F.,
 ( 4, 1, 1, 1, 1, 1, 1, 1, 1, 1, 1, 1, 1, 4 ),
 ( 0.000000000000000000, 0.02857142857142854972, 0.08571428571428570120, 0.1428571428571430157, 0.1999999999999999833, 0.2571428571428570065, 0.3142857142857145014, 0.3714285714285714413, 0.4285714285714284921, 0.4857142857142860426, 0.5428571428571430380, 0.5999999999999999778, 0.6571428571428569176, 0.6930052163808479992 ),
 .UNSPECIFIED. ) ;
#4465 = CARTESIAN_POINT ( 'NONE',  ( 23.62669487685800007, 27.66465525834090045, 157.8030374999999879 ) ) ;
#4466 = CARTESIAN_POINT ( 'NONE',  ( 25.03250599782565189, 24.89977766069594622, 155.4150999999999954 ) ) ;
#4467 = CARTESIAN_POINT ( 'NONE',  ( 24.76155763324494785, 20.19274567423375188, 162.0403000000000020 ) ) ;
#4468 = CARTESIAN_POINT ( 'NONE',  ( 24.57413513888604939, 26.15192557200120049, 156.1906375000000082 ) ) ;
#4469 = ORIENTED_EDGE ( 'NONE', *, *, #6346, .T. ) ;
#4470 = CARTESIAN_POINT ( 'NONE',  ( 23.99643685885475008, 24.54790546401915208, 148.7849057187199833 ) ) ;
#4471 = CARTESIAN_POINT ( 'NONE',  ( 24.17404390411925164, 25.12261499519119923, 150.7489833333335127 ) ) ;
#4472 = CARTESIAN_POINT ( 'NONE',  ( 20.10314945494305050, 29.59972944719169874, 152.8534608532795005 ) ) ;
#4473 = CARTESIAN_POINT ( 'NONE',  ( 25.73652716684505037, 24.58395362850649946, 161.6730040322445348 ) ) ;
#4474 = EDGE_CURVE ( 'NONE', #6481, #3801, #6869, .T. ) ;
#4475 = LINE ( 'NONE', #1843, #6479 ) ;
#4476 = CARTESIAN_POINT ( 'NONE',  ( 9.710186309977528296, 24.64529126003780135, 150.0737303073720170 ) ) ;
#4477 = CARTESIAN_POINT ( 'NONE',  ( 9.805206799574820664, 25.02600831323385222, 150.4122734680749716 ) ) ;
#4478 = ORIENTED_EDGE ( 'NONE', *, *, #4487, .F. ) ;
#4479 = CARTESIAN_POINT ( 'NONE',  ( 11.53038272503875916, 27.98945473570694986, 152.4198101279455102 ) ) ;
#4480 = CARTESIAN_POINT ( 'NONE',  ( 25.34539224381410349, 25.33878090087049983, 160.0978791666665018 ) ) ;
#4481 = AXIS2_PLACEMENT_3D ( 'NONE', #3640, #3122, #5228 ) ;
#4482 = CARTESIAN_POINT ( 'NONE',  ( 10.13970688777332008, 23.37386829681425127, 152.8070696891570037 ) ) ;
#4483 = CARTESIAN_POINT ( 'NONE',  ( 18.02720913399179992, 30.23819606127069903, 157.5936874999999873 ) ) ;
#4484 = CARTESIAN_POINT ( 'NONE',  ( 24.27058707136003690, 23.38530492562162166, 149.2251524330450820 ) ) ;
#4485 = CARTESIAN_POINT ( 'NONE',  ( 14.80928164406718039, 23.08269541049629581, 155.5544906141545312 ) ) ;
#4486 = CARTESIAN_POINT ( 'NONE',  ( 22.70127230940902407, 27.65324243444190699, 151.3062663166790003 ) ) ;
#4487 = EDGE_CURVE ( 'NONE', #2466, #6059, #649, .T. ) ;
#4488 = AXIS2_PLACEMENT_3D ( 'NONE', #1005, #4657, #2085 ) ;
#4489 = ORIENTED_EDGE ( 'NONE', *, *, #3588, .T. ) ;
#4490 = CARTESIAN_POINT ( 'NONE',  ( 15.40419631803235134, 30.24745315989380146, 150.0037999999999840 ) ) ;
#4491 = CARTESIAN_POINT ( 'NONE',  ( 21.38303190466744752, 29.03989041118730796, 153.3788318005717883 ) ) ;
#4492 = CARTESIAN_POINT ( 'NONE',  ( 24.09011196316944847, 24.92459463050380108, 149.9675541666665879 ) ) ;
#4493 = CARTESIAN_POINT ( 'NONE',  ( 23.86394899181869889, 24.74010573227399945, 148.3798788391622168 ) ) ;
#4494 = CARTESIAN_POINT ( 'NONE',  ( 20.72516774039879905, 29.93615214765604904, 163.2302470334464886 ) ) ;
#4495 = CARTESIAN_POINT ( 'NONE',  ( 13.51989973174119974, 29.48629116537039963, 153.6481860088765075 ) ) ;
#4496 = VECTOR ( 'NONE', #4241, 1000.000000000000000 ) ;
#4497 = CARTESIAN_POINT ( 'NONE',  ( 23.97287527545640273, 25.61881241284509869, 150.7477166666664914 ) ) ;
#4498 = CARTESIAN_POINT ( 'NONE',  ( 20.24480376724929798, 29.41840338054614890, 151.4608489120520005 ) ) ;
#4499 = CARTESIAN_POINT ( 'NONE',  ( 19.58476248649609985, 29.58043106554634960, 149.9118019097221861 ) ) ;
#4500 = CARTESIAN_POINT ( 'NONE',  ( 12.43276479757197883, 22.68166654987964748, 155.5054469789040184 ) ) ;
#4501 = DIRECTION ( 'NONE',  ( 0.9949093705772957819, 0.000000000000000000, -0.1007737284091898139 ) ) ;
#4502 = CARTESIAN_POINT ( 'NONE',  ( 23.02383106767405252, 27.89798078251790159, 154.7005999999999801 ) ) ;
#4503 = CARTESIAN_POINT ( 'NONE',  ( 23.94357592430225168, 18.94471129435914847, 155.9168666666665217 ) ) ;
#4504 = CARTESIAN_POINT ( 'NONE',  ( 23.66450449149074231, 24.92769588294310523, 147.5208169652738093 ) ) ;
#4505 = CARTESIAN_POINT ( 'NONE',  ( 23.26761549614015223, 27.20628950644154997, 152.3426541666665059 ) ) ;
#4506 = ORIENTED_EDGE ( 'NONE', *, *, #3043, .F. ) ;
#4507 = CARTESIAN_POINT ( 'NONE',  ( 23.88778972514749555, 24.44712210353614878, 147.9807690221066139 ) ) ;
#4508 = CARTESIAN_POINT ( 'NONE',  ( 10.68947677335097879, 24.48159010913069977, 155.6664638888889840 ) ) ;
#4509 = CARTESIAN_POINT ( 'NONE',  ( 9.771336359794720039, 24.24950367869545076, 150.4110490670314846 ) ) ;
#4510 = CARTESIAN_POINT ( 'NONE',  ( 25.25827587487395220, 24.42424383491919926, 156.2054499999999848 ) ) ;
#4511 = FACE_OUTER_BOUND ( 'NONE', #5865, .T. ) ;
#4512 = CARTESIAN_POINT ( 'NONE',  ( 9.715719005986249712, 24.26464174348440039, 150.1895830422569986 ) ) ;
#4513 = VERTEX_POINT ( 'NONE', #1051 ) ;
#4514 = CARTESIAN_POINT ( 'NONE',  ( 25.04084400704624969, 25.34169530055554986, 156.9701124999999990 ) ) ;
#4515 = CARTESIAN_POINT ( 'NONE',  ( 25.08986559823290108, 25.21928375032585379, 156.9710708333334992 ) ) ;
#4516 = CARTESIAN_POINT ( 'NONE',  ( 16.56746982099810239, 23.15546360348340116, 158.3850729152985082 ) ) ;
#4517 = ADVANCED_FACE ( 'NONE', ( #1695 ), #4337, .T. ) ;
#4518 = CARTESIAN_POINT ( 'NONE',  ( 24.90882750058746353, 23.59475629701102761, 152.7023812062622596 ) ) ;
#4519 = CARTESIAN_POINT ( 'NONE',  ( 14.01664040605004047, 23.04954769600485065, 156.2857397146385097 ) ) ;
#4520 = B_SPLINE_CURVE_WITH_KNOTS ( 'NONE', 3,
 ( #2704, #6432, #5850, #5887, #1132 ),
 .UNSPECIFIED., .F., .F.,
 ( 4, 1, 4 ),
 ( 0.1756598564156295061, 0.2187499964430359989, 0.2552205738045439931 ),
 .UNSPECIFIED. ) ;
#4521 = VERTEX_POINT ( 'NONE', #2420 ) ;
#4522 = CARTESIAN_POINT ( 'NONE',  ( 12.50016136916742049, 28.92627346421600265, 152.7408000000000072 ) ) ;
#4523 = CARTESIAN_POINT ( 'NONE',  ( 23.86119059792105190, 24.10293551671859902, 147.1889333333331820 ) ) ;
#4524 = EDGE_CURVE ( 'NONE', #6806, #6059, #4131, .T. ) ;
#4525 = CARTESIAN_POINT ( 'NONE',  ( 11.70763872378011961, 27.90654065873070167, 153.9160823077750138 ) ) ;
#4526 = DIRECTION ( 'NONE',  ( -0.9914626728336710659, -0.07787427352598348673, 0.1045818621956656064 ) ) ;
#4527 = CARTESIAN_POINT ( 'NONE',  ( 19.15501423737280007, 30.00047647257355266, 154.2899375000000077 ) ) ;
#4528 = CARTESIAN_POINT ( 'NONE',  ( 24.87448474641299967, 24.83528685086939802, 154.1402239840230095 ) ) ;
#4529 = CARTESIAN_POINT ( 'NONE',  ( 23.59882274582189865, 25.27203268868560215, 147.9620702832489769 ) ) ;
#4530 = CARTESIAN_POINT ( 'NONE',  ( 13.76135295028325878, 22.67582143313559939, 152.9136133480635067 ) ) ;
#4531 = ADVANCED_FACE ( 'NONE', ( #1921 ), #2238, .F. ) ;
#4532 = CARTESIAN_POINT ( 'NONE',  ( 24.94821164194918239, 25.55382723397972455, 156.9457876931496401 ) ) ;
#4533 = CARTESIAN_POINT ( 'NONE',  ( 11.18201469125010128, 20.58019994129005070, 155.7495407118055084 ) ) ;
#4534 = CARTESIAN_POINT ( 'NONE',  ( 22.44035844406919722, 28.22315622576749661, 153.1782833333334963 ) ) ;
#4535 = CARTESIAN_POINT ( 'NONE',  ( 13.85125594375442049, 29.49276739185980034, 155.3586020833335226 ) ) ;
#4536 = CARTESIAN_POINT ( 'NONE',  ( 23.98865973625525072, 19.33369362051634965, 162.1828440104164883 ) ) ;
#4537 = CARTESIAN_POINT ( 'NONE',  ( 23.77030773019019350, 24.46640592172978401, 147.2402617671526741 ) ) ;
#4538 = CARTESIAN_POINT ( 'NONE',  ( 23.31738379146184670, 26.80475528071684721, 150.9063145833335113 ) ) ;
#4539 = DIRECTION ( 'NONE',  ( -0.1006318910984282389, -0.05303758115645542531, -0.9935090525400493977 ) ) ;
#4540 = ORIENTED_EDGE ( 'NONE', *, *, #3274, .T. ) ;
#4541 = CARTESIAN_POINT ( 'NONE',  ( 24.29960926732879756, 24.74482000228800160, 150.7548416666664934 ) ) ;
#4542 = CARTESIAN_POINT ( 'NONE',  ( 11.16836207353773958, 27.52793040253645174, 152.4811170248454744 ) ) ;
#4543 = CARTESIAN_POINT ( 'NONE',  ( 24.90397557012270013, 23.03191011282845224, 152.3711333333334892 ) ) ;
#4544 = CARTESIAN_POINT ( 'NONE',  ( 10.14354665106112030, 24.34158511264935143, 153.2582867536179947 ) ) ;
#4545 = EDGE_LOOP ( 'NONE', ( #6682, #114, #2026, #3093 ) ) ;
#4546 = CARTESIAN_POINT ( 'NONE',  ( 24.97231418075920217, 25.31093721329970236, 156.1894374999999968 ) ) ;
#4547 = CARTESIAN_POINT ( 'NONE',  ( 15.94586149915570239, 22.82784776065880195, 152.2481168455715022 ) ) ;
#4548 = CARTESIAN_POINT ( 'NONE',  ( 25.17594186393297306, 23.69298121087342324, 154.3927308442310391 ) ) ;
#4549 = LINE ( 'NONE', #2931, #820 ) ;
#4550 = DIRECTION ( 'NONE',  ( 0.08291556471174026111, -0.9955514112831505003, 0.04474814656117583056 ) ) ;
#4551 = ORIENTED_EDGE ( 'NONE', *, *, #779, .F. ) ;
#4552 = CARTESIAN_POINT ( 'NONE',  ( 11.37130935802486142, 28.50768627047339976, 149.8013729166666224 ) ) ;
#4553 = CARTESIAN_POINT ( 'NONE',  ( 23.69078805775119889, 25.04425050752130133, 147.9596067759769937 ) ) ;
#4554 = CARTESIAN_POINT ( 'NONE',  ( 11.95411990144024017, 28.19236450454850029, 153.8758579410769869 ) ) ;
#4555 = CARTESIAN_POINT ( 'NONE',  ( 19.40874726308500087, 29.93151184599960146, 154.2604125000000010 ) ) ;
#4556 = CARTESIAN_POINT ( 'NONE',  ( 12.08988470206249843, 28.35471172614084878, 153.7656848192320069 ) ) ;
#4557 = CARTESIAN_POINT ( 'NONE',  ( 10.92024681813277809, 27.15964214144394973, 152.5259091943629812 ) ) ;
#4558 = CARTESIAN_POINT ( 'NONE',  ( 11.70904286404131867, 27.65805669844534975, 154.8377282508864994 ) ) ;
#4559 = EDGE_CURVE ( 'NONE', #4389, #3267, #4040, .T. ) ;
#4560 = CARTESIAN_POINT ( 'NONE',  ( 15.74989107857583903, 30.21845854826883127, 153.8864922085419096 ) ) ;
#4561 = CARTESIAN_POINT ( 'NONE',  ( 12.19675972794670038, 22.64182575749289938, 155.0563766819485068 ) ) ;
#4562 = CARTESIAN_POINT ( 'NONE',  ( 10.68917475221386049, 23.56258054029114746, 155.8050458333335087 ) ) ;
#4563 = CARTESIAN_POINT ( 'NONE',  ( 22.10887456341000146, 28.67941469226650142, 154.7686999999999955 ) ) ;
#4564 = CARTESIAN_POINT ( 'NONE',  ( 14.38449090385439888, 29.86577763056940071, 153.9650333333335084 ) ) ;
#4565 = CARTESIAN_POINT ( 'NONE',  ( 22.29344799099379770, 18.68175758311090107, 148.8422515624999960 ) ) ;
#4566 = B_SPLINE_SURFACE_WITH_KNOTS ( 'NONE', 3, 1, ( 
 ( #496, #6400 ),
 ( #5768, #2551 ),
 ( #6288, #3668 ),
 ( #6247, #3153 ),
 ( #5254, #2628 ),
 ( #4744, #6847 ) ),
 .UNSPECIFIED., .F., .F., .F.,
 ( 4, 2, 4 ),
 ( 2, 2 ),
 ( 0.000000000000000000, 0.5000000000000000000, 1.000000000000000000 ),
 ( 0.000000000000000000, 1.000000000000000000 ),
 .UNSPECIFIED. ) ;
#4567 = EDGE_CURVE ( 'NONE', #3801, #80, #890, .T. ) ;
#4568 = CARTESIAN_POINT ( 'NONE',  ( 22.89642302914219840, 27.03164920501930268, 149.7625998400374101 ) ) ;
#4569 = CARTESIAN_POINT ( 'NONE',  ( 11.57117657954455936, 23.99155495824735240, 160.8005624999999839 ) ) ;
#4570 = ORIENTED_EDGE ( 'NONE', *, *, #5503, .T. ) ;
#4571 = CARTESIAN_POINT ( 'NONE',  ( 25.36130946393605257, 25.07270111793255296, 159.3186333333335085 ) ) ;
#4572 = CARTESIAN_POINT ( 'NONE',  ( 19.70156721324519822, 29.73980617818334693, 152.6524750000000097 ) ) ;
#4573 = CARTESIAN_POINT ( 'NONE',  ( 8.999494847294290167, 25.48354196722754850, 148.1831792084601886 ) ) ;
#4574 = CARTESIAN_POINT ( 'NONE',  ( 25.69605836875590299, 22.80199144762394781, 159.4074999999999989 ) ) ;
#4575 = CARTESIAN_POINT ( 'NONE',  ( 13.34830866364610102, 22.65467467419815151, 153.2084884565825007 ) ) ;
#4576 = CARTESIAN_POINT ( 'NONE',  ( 11.92748657227193831, 22.64676934582309897, 155.6653076477514901 ) ) ;
#4577 = ORIENTED_EDGE ( 'NONE', *, *, #1727, .F. ) ;
#4578 = CARTESIAN_POINT ( 'NONE',  ( 23.90386859163150390, 24.61997012683239916, 148.3815201587865715 ) ) ;
#4579 = DIRECTION ( 'NONE',  ( 0.1006318910984311671, 0.05303758115645423182, 0.9935090525400490646 ) ) ;
#4580 = CARTESIAN_POINT ( 'NONE',  ( 24.64120994216341387, 23.50617573626565004, 151.2275303721929731 ) ) ;
#4581 = CARTESIAN_POINT ( 'NONE',  ( 13.50091591866185858, 22.78894344523180138, 155.9129121492954937 ) ) ;
#4582 = VECTOR ( 'NONE', #3873, 1000.000000000000000 ) ;
#4583 = ORIENTED_EDGE ( 'NONE', *, *, #4089, .T. ) ;
#4584 = CARTESIAN_POINT ( 'NONE',  ( 11.56129181670040218, 28.88048490622244913, 148.8499278536336021 ) ) ;
#4585 = CARTESIAN_POINT ( 'NONE',  ( 23.80973065186949711, 24.03205395741514749, 146.6531277777777973 ) ) ;
#4586 = CARTESIAN_POINT ( 'NONE',  ( 25.40288947886979898, 25.47878172126105056, 161.2731032140220009 ) ) ;
#4587 = CARTESIAN_POINT ( 'NONE',  ( 18.84253176490170034, 29.95858130364434757, 151.9600374999999985 ) ) ;
#4588 = CARTESIAN_POINT ( 'NONE',  ( 22.93407664009539815, 26.58046741487069653, 148.1945556950381899 ) ) ;
#4589 = CARTESIAN_POINT ( 'NONE',  ( 13.90468782669807979, 22.89462501617889600, 153.0464797152459937 ) ) ;
#4590 = CARTESIAN_POINT ( 'NONE',  ( 19.85971465059289898, 29.55312888042400132, 151.0631687500000169 ) ) ;
#4591 = VECTOR ( 'NONE', #5941, 1000.000000000000114 ) ;
#4592 = CARTESIAN_POINT ( 'NONE',  ( 12.11266389653670039, 22.82280902942819978, 154.7692364126335178 ) ) ;
#4593 = CARTESIAN_POINT ( 'NONE',  ( 16.53335303616414720, 23.65710834852774980, 158.4351743506575190 ) ) ;
#4594 = FACE_OUTER_BOUND ( 'NONE', #1970, .T. ) ;
#4595 = EDGE_CURVE ( 'NONE', #1129, #5929, #1158, .T. ) ;
#4596 = B_SPLINE_CURVE_WITH_KNOTS ( 'NONE', 3,
 ( #6013, #4458, #6532, #1263, #3398, #735, #3933, #3428, #3837, #2876, #5531, #1232, #1721 ),
 .UNSPECIFIED., .F., .F.,
 ( 4, 1, 1, 1, 1, 1, 2, 2, 4 ),
 ( 0.000000000000000000, 0.2500000000018743895, 0.3750000000028115288, 0.4375000000032798209, 0.4687500000034612313, 0.4843750000035516035, 0.4921875000035345615, 0.5000000000035175196, 1.000000000000000000 ),
 .UNSPECIFIED. ) ;
#4597 = CARTESIAN_POINT ( 'NONE',  ( 25.03252902925749979, 26.02613821097569868, 160.0992666666665230 ) ) ;
#4598 = CARTESIAN_POINT ( 'NONE',  ( 23.66219946604280011, 27.33065897298029867, 155.4456208333334928 ) ) ;
#4599 = CARTESIAN_POINT ( 'NONE',  ( 15.91348868335340150, 30.22588098225920206, 153.7689666666665005 ) ) ;
#4600 = CARTESIAN_POINT ( 'NONE',  ( 11.27564087135250048, 27.88236706270150123, 152.0936166666665201 ) ) ;
#4601 = CARTESIAN_POINT ( 'NONE',  ( 23.16250503161830210, 26.66301101222545000, 149.7377492277647946 ) ) ;
#4602 = CARTESIAN_POINT ( 'NONE',  ( 11.84550025767937953, 21.72633007464870047, 161.0499458333335099 ) ) ;
#4603 = ORIENTED_EDGE ( 'NONE', *, *, #5345, .F. ) ;
#4604 = CARTESIAN_POINT ( 'NONE',  ( 25.45432092581680195, 25.24246146181599926, 160.7506944444445196 ) ) ;
#4605 = CARTESIAN_POINT ( 'NONE',  ( 10.50907952520832112, 25.11955887853489955, 154.4966666666664992 ) ) ;
#4606 = CARTESIAN_POINT ( 'NONE',  ( 8.930392768953979044, 24.11575323100219848, 148.7830740809655765 ) ) ;
#4607 = EDGE_CURVE ( 'NONE', #5418, #1107, #2750, .T. ) ;
#4608 = CARTESIAN_POINT ( 'NONE',  ( 12.69135298661134037, 22.71388382907810310, 155.7430651344884893 ) ) ;
#4609 = CARTESIAN_POINT ( 'NONE',  ( 24.17919642266544855, 23.27658690186169821, 148.5936083333332078 ) ) ;
#4610 = DIRECTION ( 'NONE',  ( 0.1006318910984311810, 0.05303758115645225424, 0.9935090525400491757 ) ) ;
#4611 = CARTESIAN_POINT ( 'NONE',  ( 23.48293723409105027, 26.73023783029854883, 151.2763657456475244 ) ) ;
#4612 = VERTEX_POINT ( 'NONE', #2673 ) ;
#4613 = CARTESIAN_POINT ( 'NONE',  ( 24.89622703064184961, 25.27803285409959955, 155.4100791666664918 ) ) ;
#4614 = CARTESIAN_POINT ( 'NONE',  ( 23.86933643195560251, 24.58445373593950123, 148.1105902160932146 ) ) ;
#4615 = CARTESIAN_POINT ( 'NONE',  ( 14.37484872161983951, 29.93789501704804934, 152.0276802817649866 ) ) ;
#4616 = CARTESIAN_POINT ( 'NONE',  ( 11.64320438762985965, 22.79436653601139895, 155.0063308320480076 ) ) ;
#4617 = CARTESIAN_POINT ( 'NONE',  ( 9.908009726220239344, 26.50700717824864938, 149.4457047391491926 ) ) ;
#4618 = CARTESIAN_POINT ( 'NONE',  ( 18.24301799461034790, 30.18328641641059562, 160.7433041666665190 ) ) ;
#4619 = B_SPLINE_CURVE_WITH_KNOTS ( 'NONE', 3,
 ( #6055, #1865, #133, #254, #1181, #3942, #3436, #3822, #5538, #1702 ),
 .UNSPECIFIED., .F., .F.,
 ( 4, 3, 3, 4 ),
 ( 0.000000000000000000, 0.0001008939288895675974, 0.0002017878354077715086, 0.0004002588256802215301 ),
 .UNSPECIFIED. ) ;
#4620 = CARTESIAN_POINT ( 'NONE',  ( 11.04414221857642886, 24.90334043248992657, 157.3148220878519510 ) ) ;
#4621 = CARTESIAN_POINT ( 'NONE',  ( 10.05324753138470051, 20.34282519882400209, 150.3442690647130178 ) ) ;
#4622 = EDGE_LOOP ( 'NONE', ( #2545, #1154, #2790, #1739 ) ) ;
#4623 = CARTESIAN_POINT ( 'NONE',  ( 14.38790674511527889, 30.20201748664419839, 148.3046458333331827 ) ) ;
#4624 = CARTESIAN_POINT ( 'NONE',  ( 23.77118163703284992, 24.62982398312300347, 147.5574091093600089 ) ) ;
#4625 = LINE ( 'NONE', #2548, #5150 ) ;
#4626 = CARTESIAN_POINT ( 'NONE',  ( 18.25381906591379888, 30.03514989271090130, 150.4491000000000156 ) ) ;
#4627 = CARTESIAN_POINT ( 'NONE',  ( 11.08272072170398559, 22.66026956018174232, 157.5309579913313200 ) ) ;
#4628 = CARTESIAN_POINT ( 'NONE',  ( 22.99453994245279986, 26.82855122639119827, 149.4989438007510216 ) ) ;
#4629 = CARTESIAN_POINT ( 'NONE',  ( 10.94605508590908016, 27.70247785132045237, 151.3324666666665053 ) ) ;
#4630 = B_SPLINE_CURVE_WITH_KNOTS ( 'NONE', 3,
 ( #3083, #4223, #2557, #6372, #540, #4783 ),
 .UNSPECIFIED., .F., .F.,
 ( 4, 2, 4 ),
 ( 0.000000000000000000, 0.5000000000000000000, 1.000000000000000000 ),
 .UNSPECIFIED. ) ;
#4631 = CARTESIAN_POINT ( 'NONE',  ( 24.65373558059989634, 25.61537868742439983, 154.6297749999999951 ) ) ;
#4632 = CARTESIAN_POINT ( 'NONE',  ( 14.97767482227695979, 22.85344118964224691, 154.6115067852920220 ) ) ;
#4633 = B_SPLINE_CURVE_WITH_KNOTS ( 'NONE', 3,
 ( #1604, #6811, #1526, #5253, #2627, #5845, #6846, #6327, #5332, #2701 ),
 .UNSPECIFIED., .F., .F.,
 ( 4, 3, 3, 4 ),
 ( 0.000000000000000000, 0.0001013066028692859958, 0.0002026133449749365357, 0.0003549162632494700081 ),
 .UNSPECIFIED. ) ;
#4634 = CARTESIAN_POINT ( 'NONE',  ( 24.88648614344705123, 25.70584222562799681, 156.9683625000000120 ) ) ;
#4635 = CARTESIAN_POINT ( 'NONE',  ( 10.42355654702950041, 23.48643015333734851, 154.7853764377225048 ) ) ;
#4636 = CARTESIAN_POINT ( 'NONE',  ( 12.28221999092260219, 22.86037658168219977, 155.2908578012799978 ) ) ;
#4637 = CARTESIAN_POINT ( 'NONE',  ( 9.544760165522889750, 22.13654951566214990, 148.7290434610798116 ) ) ;
#4638 = CARTESIAN_POINT ( 'NONE',  ( 11.00048335980985925, 20.58357219184919984, 154.5875833333334981 ) ) ;
#4639 = CARTESIAN_POINT ( 'NONE',  ( 24.76698697239344682, 25.94068659813470035, 156.9697875000000238 ) ) ;
#4640 = CARTESIAN_POINT ( 'NONE',  ( 23.06488967541089963, 27.13064834782700174, 150.9230642361110029 ) ) ;
#4641 = CARTESIAN_POINT ( 'NONE',  ( 16.56638813069159966, 30.26917904410179716, 153.6858972222219961 ) ) ;
#4642 = CARTESIAN_POINT ( 'NONE',  ( 10.67530483418575926, 27.90901841754149970, 149.3458217302493836 ) ) ;
#4643 = CARTESIAN_POINT ( 'NONE',  ( 25.14249120358744705, 26.12781188958314971, 161.6664032817215002 ) ) ;
#4644 = DIRECTION ( 'NONE',  ( 0.08291556471174169052, -0.9955514112831497231, 0.04474814656119079775 ) ) ;
#4645 = CARTESIAN_POINT ( 'NONE',  ( 12.50548126698441997, 27.44584204514205084, 160.6800317708335228 ) ) ;
#4646 = ORIENTED_EDGE ( 'NONE', *, *, #1046, .T. ) ;
#4647 = CARTESIAN_POINT ( 'NONE',  ( 10.52913510018554000, 25.87259207784260084, 153.8221499999999935 ) ) ;
#4648 = CARTESIAN_POINT ( 'NONE',  ( 9.655321605057840983, 24.95493662766000043, 149.7268435218866216 ) ) ;
#4649 = CARTESIAN_POINT ( 'NONE',  ( 9.657167435508680953, 24.20419971436235329, 149.9804607800380154 ) ) ;
#4650 = CARTESIAN_POINT ( 'NONE',  ( 25.45494715084345216, 23.81373728186139971, 157.0080000000000098 ) ) ;
#4651 = CARTESIAN_POINT ( 'NONE',  ( 9.958379320565370563, 24.01528420684120135, 151.5486948495641570 ) ) ;
#4652 = EDGE_CURVE ( 'NONE', #3267, #4343, #4630, .T. ) ;
#4653 = CARTESIAN_POINT ( 'NONE',  ( 24.02073101880914763, 25.78712072390074894, 151.2722404128224980 ) ) ;
#4654 = ORIENTED_EDGE ( 'NONE', *, *, #3274, .F. ) ;
#4655 = CARTESIAN_POINT ( 'NONE',  ( 11.95431952288143940, 27.34253180615259993, 157.5863166666665052 ) ) ;
#4656 = CARTESIAN_POINT ( 'NONE',  ( 15.31760970426929980, 30.16361713252850052, 152.4234053367489992 ) ) ;
#4657 = DIRECTION ( 'NONE',  ( -0.1006318910984319998, -0.05303758115645540450, -0.9935090525400489536 ) ) ;
#4658 = CARTESIAN_POINT ( 'NONE',  ( 11.12180812895742044, 26.91005654855845108, 154.3903375000000153 ) ) ;
#4659 = CARTESIAN_POINT ( 'NONE',  ( 11.16742487728085109, 24.54686639626356737, 158.3071559867030089 ) ) ;
#4660 = ADVANCED_FACE ( 'NONE', ( #6335 ), #5853, .T. ) ;
#4661 = ORIENTED_EDGE ( 'NONE', *, *, #2966, .T. ) ;
#4662 = CARTESIAN_POINT ( 'NONE',  ( 11.27138610318927903, 28.69605926973094867, 148.6142148247839998 ) ) ;
#4663 = CARTESIAN_POINT ( 'NONE',  ( 24.00384774162279911, 22.01908310150809811, 147.4023000000000252 ) ) ;
#4664 = LINE ( 'NONE', #1486, #2166 ) ;
#4665 = CARTESIAN_POINT ( 'NONE',  ( 18.14746756855290144, 29.96590563026919796, 145.6026943583661932 ) ) ;
#4666 = DIRECTION ( 'NONE',  ( 0.1006318910984300152, 0.05303758115645541144, 0.9935090525400490646 ) ) ;
#4667 = CARTESIAN_POINT ( 'NONE',  ( 22.88274355898409951, 26.67811351072510107, 148.2935131775460036 ) ) ;
#4668 = CARTESIAN_POINT ( 'NONE',  ( 9.673666625032110389, 24.43900133986264933, 149.9860231761777811 ) ) ;
#4669 = CARTESIAN_POINT ( 'NONE',  ( 11.54859408220745998, 27.59752422949939898, 154.3276222222219758 ) ) ;
#4670 = CARTESIAN_POINT ( 'NONE',  ( 9.936870296920019996, 25.46540154480469909, 151.1217562500000042 ) ) ;
#4671 = CARTESIAN_POINT ( 'NONE',  ( 10.49321832086663875, 22.47128523844989445, 154.4187691198707171 ) ) ;
#4672 = CARTESIAN_POINT ( 'NONE',  ( 12.82499225895553430, 29.00357035646014836, 154.2476090294121036 ) ) ;
#4673 = CARTESIAN_POINT ( 'NONE',  ( 24.17404390411925164, 25.12261499519119923, 150.7489833333335127 ) ) ;
#4674 = PLANE ( 'NONE',  #3173 ) ;
#4675 = CARTESIAN_POINT ( 'NONE',  ( 23.18995433435679843, 27.17659158440655176, 151.7854802811504840 ) ) ;
#4676 = CARTESIAN_POINT ( 'NONE',  ( 10.67277464080872029, 24.21932984062244998, 155.6709270833334813 ) ) ;
#4677 = CARTESIAN_POINT ( 'NONE',  ( 23.70519915106815034, 25.06397631580324870, 148.1003924288590099 ) ) ;
#4678 = FACE_BOUND ( 'NONE', #3835, .T. ) ;
#4679 = CARTESIAN_POINT ( 'NONE',  ( 16.87181826792100026, 30.25681217127024780, 152.9867083333334961 ) ) ;
#4680 = CARTESIAN_POINT ( 'NONE',  ( 11.89454404327529957, 27.79783019625899954, 155.2091038501719993 ) ) ;
#4681 = CARTESIAN_POINT ( 'NONE',  ( 14.93808088779723953, 22.88038428489934972, 155.2842986718325164 ) ) ;
#4682 = CARTESIAN_POINT ( 'NONE',  ( 24.37248979256720105, 25.93688567186040217, 153.8558729166664989 ) ) ;
#4683 = CARTESIAN_POINT ( 'NONE',  ( 19.93391118459384970, 29.54910123943924916, 151.4853618343660173 ) ) ;
#4684 = CARTESIAN_POINT ( 'NONE',  ( 22.87712064132194811, 27.01472599592125334, 149.5986910722658081 ) ) ;
#4685 = CARTESIAN_POINT ( 'NONE',  ( 12.47397437277460064, 27.33002199522275077, 160.9475211805554977 ) ) ;
#4686 = ORIENTED_EDGE ( 'NONE', *, *, #5957, .T. ) ;
#4687 = ADVANCED_BREP_SHAPE_REPRESENTATION ( 'H2 RH60', ( #3197, #2274 ), #6575 ) ;
#4688 = CARTESIAN_POINT ( 'NONE',  ( 9.651746458882710655, 25.32009811819945000, 149.5234116771578101 ) ) ;
#4689 = CARTESIAN_POINT ( 'NONE',  ( 24.64673717310034817, 24.74708738528625318, 152.6180743644124789 ) ) ;
#4690 = CARTESIAN_POINT ( 'NONE',  ( 24.45000361724349602, 22.88953929555820110, 150.0578166666664970 ) ) ;
#4691 = CARTESIAN_POINT ( 'NONE',  ( 10.81024925620999966, 25.88241345288090045, 154.9751500000000135 ) ) ;
#4692 = ORIENTED_EDGE ( 'NONE', *, *, #6081, .F. ) ;
#4693 = CARTESIAN_POINT ( 'NONE',  ( 11.14328182668971934, 22.38991604592054685, 157.7240999999999929 ) ) ;
#4694 = CARTESIAN_POINT ( 'NONE',  ( 11.61510926992259840, 22.78369033015029999, 154.8208664072699889 ) ) ;
#4695 = CARTESIAN_POINT ( 'NONE',  ( 10.22516663672935877, 26.91737756396555170, 150.2289562500000102 ) ) ;
#4696 = CARTESIAN_POINT ( 'NONE',  ( 11.14393301895695743, 24.69490256046391252, 158.0784973423754138 ) ) ;
#4697 = ADVANCED_FACE ( 'NONE', ( #4288 ), #4674, .F. ) ;
#4698 = PLANE ( 'NONE',  #5685 ) ;
#4699 = B_SPLINE_CURVE_WITH_KNOTS ( 'NONE', 3,
 ( #5743, #2602, #1028, #2074, #4229, #6863, #5781, #3167, #5271 ),
 .UNSPECIFIED., .F., .F.,
 ( 4, 3, 2, 4 ),
 ( 0.000000000000000000, 0.4443483948601439915, 0.7220186529085530491, 1.000000000000000000 ),
 .UNSPECIFIED. ) ;
#4700 = CARTESIAN_POINT ( 'NONE',  ( 9.711555052499921459, 23.06397362908519710, 150.2300653027089936 ) ) ;
#4701 = ORIENTED_EDGE ( 'NONE', *, *, #149, .F. ) ;
#4702 = PLANE ( 'NONE',  #2269 ) ;
#4703 = CARTESIAN_POINT ( 'NONE',  ( 23.61041763918789727, 20.19252093902315082, 144.6763791666665782 ) ) ;
#4704 = CARTESIAN_POINT ( 'NONE',  ( 24.00153862334330057, 23.96239815628045022, 148.0113338769070026 ) ) ;
#4705 = CARTESIAN_POINT ( 'NONE',  ( 19.68990391547254859, 30.05282660836969910, 163.7437671874999978 ) ) ;
#4706 = CARTESIAN_POINT ( 'NONE',  ( 13.63452365671570021, 22.89110373977809942, 153.4687363779399902 ) ) ;
#4707 = EDGE_CURVE ( 'NONE', #1091, #6481, #5787, .T. ) ;
#4708 = CARTESIAN_POINT ( 'NONE',  ( 23.18995433435679843, 27.17659158440655176, 151.7854802811504840 ) ) ;
#4709 = VERTEX_POINT ( 'NONE', #3903 ) ;
#4710 = CARTESIAN_POINT ( 'NONE',  ( 14.95706043206775959, 23.07593872625049869, 155.1303437018329987 ) ) ;
#4711 = CARTESIAN_POINT ( 'NONE',  ( 25.39620750525349990, 25.58036120800174729, 161.6637360684894986 ) ) ;
#4712 = CARTESIAN_POINT ( 'NONE',  ( 24.63572404795262827, 25.72569278997335473, 154.9134843225730833 ) ) ;
#4713 = CARTESIAN_POINT ( 'NONE',  ( 19.73924890756595119, 29.67529650944570108, 152.0016089081869950 ) ) ;
#4714 = CARTESIAN_POINT ( 'NONE',  ( 25.03250599782565189, 24.89977766069594622, 155.4150999999999954 ) ) ;
#4715 = CARTESIAN_POINT ( 'NONE',  ( 25.11492291476314875, 25.51998793887879913, 158.5325291666665066 ) ) ;
#4716 = CARTESIAN_POINT ( 'NONE',  ( 22.80551129741764882, 27.15333277439760096, 149.7699651178282352 ) ) ;
#4717 = B_SPLINE_CURVE_WITH_KNOTS ( 'NONE', 3,
 ( #1042, #2691, #1114, #5357, #3692, #817 ),
 .UNSPECIFIED., .F., .F.,
 ( 4, 1, 1, 4 ),
 ( 0.1176311994475691958, 0.2499999908941725191, 0.4999999817883449271, 0.7326153334381639848 ),
 .UNSPECIFIED. ) ;
#4718 = CARTESIAN_POINT ( 'NONE',  ( 12.18850711903284001, 28.15063014241395223, 155.1697519970475128 ) ) ;
#4719 = VECTOR ( 'NONE', #3985, 1000.000000000000000 ) ;
#4720 = CARTESIAN_POINT ( 'NONE',  ( 10.20756639492902984, 22.35494545199887639, 152.3597509276061999 ) ) ;
#4721 = CARTESIAN_POINT ( 'NONE',  ( 11.57400188410834119, 27.34740019214159901, 155.2336998934500230 ) ) ;
#4722 = CARTESIAN_POINT ( 'NONE',  ( 10.13283978285431886, 23.55064594066344696, 153.1129499999999837 ) ) ;
#4723 = ORIENTED_EDGE ( 'NONE', *, *, #2368, .T. ) ;
#4724 = CARTESIAN_POINT ( 'NONE',  ( 9.732650424218581620, 25.71117023789500067, 149.5833266324234216 ) ) ;
#4725 = CARTESIAN_POINT ( 'NONE',  ( 22.84862076809384845, 28.81370978769409774, 161.0190000000000055 ) ) ;
#4726 = CARTESIAN_POINT ( 'NONE',  ( 10.33283031135940178, 24.34213492827320025, 154.1205523398319883 ) ) ;
#4727 = VECTOR ( 'NONE', #6668, 1000.000000000000000 ) ;
#4728 = CARTESIAN_POINT ( 'NONE',  ( 25.24410490496990178, 21.05101096898580337, 157.2005000000000052 ) ) ;
#4729 = ORIENTED_EDGE ( 'NONE', *, *, #188, .T. ) ;
#4730 = CARTESIAN_POINT ( 'NONE',  ( 11.72474831598729850, 21.73948519190790307, 160.4080333333334920 ) ) ;
#4731 = CARTESIAN_POINT ( 'NONE',  ( 14.96109170933461918, 23.05255147189889797, 154.6025571559794969 ) ) ;
#4732 = CARTESIAN_POINT ( 'NONE',  ( 10.72166512124011994, 26.22783164243940135, 154.1055672987824892 ) ) ;
#4733 = CARTESIAN_POINT ( 'NONE',  ( 11.24198171148571923, 26.92931746608164900, 154.9051670439019972 ) ) ;
#4734 = UNCERTAINTY_MEASURE_WITH_UNIT (LENGTH_MEASURE( 1.000000000000000082E-05 ), #1793, 'distance_accuracy_value', 'NONE');
#4735 = CARTESIAN_POINT ( 'NONE',  ( 11.17577602104415924, 24.47969739320518912, 158.3894615264364063 ) ) ;
#4736 = CARTESIAN_POINT ( 'NONE',  ( 9.949848875621409405, 21.13123416214775219, 150.4212625000000116 ) ) ;
#4737 = CARTESIAN_POINT ( 'NONE',  ( 9.563730785171818738, 23.79271949746454951, 149.7847728494234048 ) ) ;
#4738 = ORIENTED_EDGE ( 'NONE', *, *, #393, .T. ) ;
#4739 = EDGE_CURVE ( 'NONE', #4422, #3721, #2982, .T. ) ;
#4740 = CARTESIAN_POINT ( 'NONE',  ( 15.15720081616155035, 30.30424175090885086, 148.0829250000000172 ) ) ;
#4741 = CARTESIAN_POINT ( 'NONE',  ( 23.93261320328080188, 22.62470230987850073, 146.1492000000000075 ) ) ;
#4742 = CARTESIAN_POINT ( 'NONE',  ( 18.17592947310340179, 30.14010228781495115, 152.8271750000000111 ) ) ;
#4743 = CARTESIAN_POINT ( 'NONE',  ( 24.18797501716159815, 24.53753779968450033, 149.8656995461502106 ) ) ;
#4744 = CARTESIAN_POINT ( 'NONE',  ( 10.59312215633514143, 26.56260853716869974, 152.5909155387100213 ) ) ;
#4745 = CARTESIAN_POINT ( 'NONE',  ( 24.03349848805265054, 25.13507343967256347, 150.0475418140837292 ) ) ;
#4746 = ORIENTED_EDGE ( 'NONE', *, *, #3781, .F. ) ;
#4747 = EDGE_CURVE ( 'NONE', #3190, #3540, #5257, .T. ) ;
#4748 = CARTESIAN_POINT ( 'NONE',  ( 14.17826023882433972, 22.85953785181639830, 156.2284106755675168 ) ) ;
#4749 = CARTESIAN_POINT ( 'NONE',  ( 23.95632270904755146, 24.97763792460079912, 149.3056539154605957 ) ) ;
#4750 = DIRECTION ( 'NONE',  ( 0.9949093705772957819, 0.000000000000000000, -0.1007737284091895641 ) ) ;
#4751 = CARTESIAN_POINT ( 'NONE',  ( 24.61751044580874748, 25.81053867007228320, 155.0810305374810412 ) ) ;
#4752 = CARTESIAN_POINT ( 'NONE',  ( 17.43484177238200061, 30.24198955262654920, 153.2113017806704818 ) ) ;
#4753 = CARTESIAN_POINT ( 'NONE',  ( 23.99643685885475008, 24.54790546401915208, 148.7849057187199833 ) ) ;
#4754 = CARTESIAN_POINT ( 'NONE',  ( 19.99846774960255402, 29.50348395462889783, 151.1801124999999786 ) ) ;
#4755 = CARTESIAN_POINT ( 'NONE',  ( 24.29960926732879756, 24.74482000228800160, 150.7548416666664934 ) ) ;
#4756 = CARTESIAN_POINT ( 'NONE',  ( 11.19404683060666095, 28.00257656010344931, 151.2986333333335267 ) ) ;
#4757 = CARTESIAN_POINT ( 'NONE',  ( 14.65571638013473965, 22.88117125625775117, 155.8250111909709972 ) ) ;
#4758 = EDGE_CURVE ( 'NONE', #3138, #2147, #836, .T. ) ;
#4759 = CARTESIAN_POINT ( 'NONE',  ( 10.16335327989458470, 22.32908510999171980, 151.8663373165964003 ) ) ;
#4760 = CARTESIAN_POINT ( 'NONE',  ( 11.51770892674199942, 27.25605266254089898, 155.2520534383680229 ) ) ;
#4761 = CARTESIAN_POINT ( 'NONE',  ( 10.16193013645593979, 22.35707883265174800, 151.9420499999999947 ) ) ;
#4762 = ORIENTED_EDGE ( 'NONE', *, *, #4308, .F. ) ;
#4763 = CARTESIAN_POINT ( 'NONE',  ( 24.12824740021644843, 27.53120565769150119, 160.9262375000000134 ) ) ;
#4764 = CARTESIAN_POINT ( 'NONE',  ( 24.51013464696825039, 24.69316010181470133, 151.7843358075144806 ) ) ;
#4765 = CARTESIAN_POINT ( 'NONE',  ( 25.29631086840669951, 22.48715505207135124, 154.7307000000000130 ) ) ;
#4766 = CARTESIAN_POINT ( 'NONE',  ( 24.20328359921539985, 27.31469762304740101, 160.1329416666665111 ) ) ;
#4767 = EDGE_LOOP ( 'NONE', ( #851, #3929, #6546, #3882 ) ) ;
#4768 = CARTESIAN_POINT ( 'NONE',  ( 11.94514578039101949, 26.74289426438769723, 159.8293333333334942 ) ) ;
#4769 = CARTESIAN_POINT ( 'NONE',  ( 14.20776262074397955, 22.73149247671130269, 153.3250063887825263 ) ) ;
#4770 = CARTESIAN_POINT ( 'NONE',  ( 10.36111465686279942, 24.34215475525405026, 154.2427523759160124 ) ) ;
#4771 = CARTESIAN_POINT ( 'NONE',  ( 10.17674106696233949, 26.57865920489994949, 150.7855531250000070 ) ) ;
#4772 = CARTESIAN_POINT ( 'NONE',  ( 10.83518910279506109, 24.61893924326788863, 156.3293191926721306 ) ) ;
#4773 = ORIENTED_EDGE ( 'NONE', *, *, #574, .F. ) ;
#4774 = CARTESIAN_POINT ( 'NONE',  ( 19.10813045660514931, 29.77416412184565075, 150.0919571180555181 ) ) ;
#4775 = CARTESIAN_POINT ( 'NONE',  ( 23.02254864646345212, 19.49990778112029588, 148.5474395833331869 ) ) ;
#4776 = CARTESIAN_POINT ( 'NONE',  ( 19.58159964438604916, 30.10865140858929934, 162.8277208333335011 ) ) ;
#4777 = CARTESIAN_POINT ( 'NONE',  ( 13.33172555070373910, 22.85378495645479902, 153.1995388272704872 ) ) ;
#4778 = CARTESIAN_POINT ( 'NONE',  ( 24.05341329238547488, 25.09947971607867601, 150.0845846866550062 ) ) ;
#4779 = CARTESIAN_POINT ( 'NONE',  ( 10.64625256446407953, 23.54106431686015100, 155.5882287414629843 ) ) ;
#4780 = ORIENTED_EDGE ( 'NONE', *, *, #2368, .F. ) ;
#4781 = CARTESIAN_POINT ( 'NONE',  ( 23.58342103453789917, 25.30579338501795306, 147.9626217975307725 ) ) ;
#4782 = CARTESIAN_POINT ( 'NONE',  ( 10.16449251898395900, 25.88509849518140271, 152.2757999999999754 ) ) ;
#4783 = CARTESIAN_POINT ( 'NONE',  ( 10.64343810113591893, 26.58912732782235011, 153.0876700631335154 ) ) ;
#4784 = CARTESIAN_POINT ( 'NONE',  ( 18.99373947740554769, 29.98669217535520204, 153.0670308569654878 ) ) ;
#4785 = CARTESIAN_POINT ( 'NONE',  ( 25.13524064439990013, 25.09532833728770029, 156.9725916666664887 ) ) ;
#4786 = CARTESIAN_POINT ( 'NONE',  ( 24.24292175644872671, 25.30130632711794192, 151.2756696180181279 ) ) ;
#4787 = CARTESIAN_POINT ( 'NONE',  ( 19.80835173845949981, 29.54456677076560212, 150.6755739583335014 ) ) ;
#4788 = EDGE_CURVE ( 'NONE', #5123, #2303, #2394, .T. ) ;
#4789 = CARTESIAN_POINT ( 'NONE',  ( 11.50105600408808115, 28.49427568411405076, 150.4565604166664912 ) ) ;
#4790 = CARTESIAN_POINT ( 'NONE',  ( 24.03524381498765194, 25.79789917457840076, 151.5278604166664991 ) ) ;
#4791 = CARTESIAN_POINT ( 'NONE',  ( 19.23857744263375125, 29.84895349345110205, 152.0430510770805199 ) ) ;
#4793 = B_SPLINE_CURVE_WITH_KNOTS ( 'NONE', 3,
 ( #4336, #2390, #4803, #621, #3288, #557, #3798 ),
 .UNSPECIFIED., .F., .F.,
 ( 4, 3, 4 ),
 ( 0.0005012602568351099373, 0.0008069789571988270072, 0.001326531790281340085 ),
 .UNSPECIFIED. ) ;
#4792 = CARTESIAN_POINT ( 'NONE',  ( 25.42388425155530030, 25.48102369095919784, 161.5345139829805134 ) ) ;
#4794 = CARTESIAN_POINT ( 'NONE',  ( 10.04886479598891924, 23.01001427496410301, 151.5507395833335238 ) ) ;
#4795 = ORIENTED_EDGE ( 'NONE', *, *, #1147, .F. ) ;
#4796 = DIRECTION ( 'NONE',  ( 0.9949093705772957819, 0.000000000000000000, -0.1007737284091896196 ) ) ;
#4797 = CARTESIAN_POINT ( 'NONE',  ( 23.97770542251804926, 24.08478176054734732, 148.0027144550732032 ) ) ;
#4798 = CARTESIAN_POINT ( 'NONE',  ( 24.16017996276959678, 21.43829943986525066, 149.4103000000000065 ) ) ;
#4799 = CARTESIAN_POINT ( 'NONE',  ( 25.09716849795774962, 26.13873553827439977, 161.2752083935814937 ) ) ;
#4800 = EDGE_LOOP ( 'NONE', ( #6629, #3218, #2824, #2569, #105, #6281, #660, #148, #362, #566, #2063, #3198, #5794 ) ) ;
#4801 = CARTESIAN_POINT ( 'NONE',  ( 11.40366304213499937, 26.21925172741055121, 157.6642833333335147 ) ) ;
#4802 = CARTESIAN_POINT ( 'NONE',  ( 14.61946802742930096, 22.78609127515390043, 153.7768491154104993 ) ) ;
#4803 = CARTESIAN_POINT ( 'NONE',  ( 24.43629281084584548, 24.48761797921125094, 151.0949445393424924 ) ) ;
#4804 = CARTESIAN_POINT ( 'NONE',  ( 13.20591656051795937, 22.96535237454629907, 155.9147937224680049 ) ) ;
#4805 = CARTESIAN_POINT ( 'NONE',  ( 9.103069747643621312, 23.66972659331179685, 149.1213689722253832 ) ) ;
#4806 = ORIENTED_EDGE ( 'NONE', *, *, #1503, .T. ) ;
#4807 = CARTESIAN_POINT ( 'NONE',  ( 19.71138338792060196, 29.85780786308260204, 154.6195984375000023 ) ) ;
#4808 = CARTESIAN_POINT ( 'NONE',  ( 22.92843188409855060, 19.44589167924515039, 147.7827666666665891 ) ) ;
#4809 = CARTESIAN_POINT ( 'NONE',  ( 19.40238047510050023, 30.07829049802814936, 159.0027499999999918 ) ) ;
#4810 = LINE ( 'NONE', #418, #5820 ) ;
#4811 = CARTESIAN_POINT ( 'NONE',  ( 11.33890544190989935, 27.71619498801015169, 152.9570591402055015 ) ) ;
#4812 = ORIENTED_EDGE ( 'NONE', *, *, #4005, .F. ) ;
#4813 = CARTESIAN_POINT ( 'NONE',  ( 10.69305137705283926, 24.02638013517855242, 155.8013217186629902 ) ) ;
#4814 = CARTESIAN_POINT ( 'NONE',  ( 9.997740940856449043, 24.46794274190684959, 152.3223541666665142 ) ) ;
#4815 = CARTESIAN_POINT ( 'NONE',  ( 24.68699543258888696, 25.52640111142812174, 154.6334137865506762 ) ) ;
#4816 = CARTESIAN_POINT ( 'NONE',  ( 24.16989395225395043, 24.67432814041305278, 149.9718083333332004 ) ) ;
#4817 = CARTESIAN_POINT ( 'NONE',  ( 14.00413363025864122, 22.73677292717474785, 153.8197972203675192 ) ) ;
#4818 = CARTESIAN_POINT ( 'NONE',  ( 25.49455807915325067, 25.12773238513474894, 160.7520388888889897 ) ) ;
#4819 = CARTESIAN_POINT ( 'NONE',  ( 10.02859196393619712, 23.52797942737847947, 151.9210677740378799 ) ) ;
#4820 = FACE_OUTER_BOUND ( 'NONE', #245, .T. ) ;
#4821 = CARTESIAN_POINT ( 'NONE',  ( 25.03252902925749979, 26.02613821097569868, 160.0992666666665230 ) ) ;
#4822 = CARTESIAN_POINT ( 'NONE',  ( 10.26048448271139435, 22.38474165638011470, 152.9245993544817850 ) ) ;
#4823 = CARTESIAN_POINT ( 'NONE',  ( 10.39858019193641958, 27.48369902346625082, 149.5172495743304069 ) ) ;
#4824 = CARTESIAN_POINT ( 'NONE',  ( 10.49633162704990141, 20.51942903293269893, 151.5058391089669954 ) ) ;
#4825 = VERTEX_POINT ( 'NONE', #2936 ) ;
#4826 = VECTOR ( 'NONE', #2438, 1000.000000000000000 ) ;
#4827 = ADVANCED_FACE ( 'NONE', ( #6078 ), #5045, .F. ) ;
#4828 = CARTESIAN_POINT ( 'NONE',  ( 20.14036440941509909, 29.67898071180285058, 154.0470055555555007 ) ) ;
#4829 = VECTOR ( 'NONE', #1476, 1000.000000000000000 ) ;
#4830 = CARTESIAN_POINT ( 'NONE',  ( 23.96300034678379731, 27.73118802135459759, 160.9365124999999921 ) ) ;
#4831 = CARTESIAN_POINT ( 'NONE',  ( 24.23872269575239713, 24.42260749242409901, 149.9786249999999939 ) ) ;
#4832 = CARTESIAN_POINT ( 'NONE',  ( 25.09313975757649828, 20.95063042170450274, 155.6403999999999996 ) ) ;
#4833 = CARTESIAN_POINT ( 'NONE',  ( 24.41460904582894997, 27.33517727596055025, 162.0924689236110225 ) ) ;
#4834 = ORIENTED_EDGE ( 'NONE', *, *, #31, .F. ) ;
#4835 = EDGE_CURVE ( 'NONE', #4343, #1320, #5689, .T. ) ;
#4836 = CARTESIAN_POINT ( 'NONE',  ( 10.97402819508459970, 24.76292521845040184, 157.0737166666665132 ) ) ;
#4837 = CARTESIAN_POINT ( 'NONE',  ( 24.91880288636005147, 24.66209944822220379, 154.0827258800399875 ) ) ;
#4838 = AXIS2_PLACEMENT_3D ( 'NONE', #4420, #5554, #795 ) ;
#4839 = CARTESIAN_POINT ( 'NONE',  ( 13.96926445613149959, 23.02065582607589889, 155.7307415717064885 ) ) ;
#4840 = CARTESIAN_POINT ( 'NONE',  ( 9.890191871415520808, 24.16586110672820453, 151.0127642413019942 ) ) ;
#4841 = ORIENTED_EDGE ( 'NONE', *, *, #2193, .F. ) ;
#4842 = EDGE_CURVE ( 'NONE', #475, #3759, #4211, .T. ) ;
#4843 = CARTESIAN_POINT ( 'NONE',  ( 22.03498194728500081, 18.35237915874280290, 146.8201750000000061 ) ) ;
#4844 = CARTESIAN_POINT ( 'NONE',  ( 19.86557336872360224, 30.11377846496099764, 162.1296499999999980 ) ) ;
#4845 = SURFACE_STYLE_FILL_AREA ( #2272 ) ;
#4846 = CARTESIAN_POINT ( 'NONE',  ( 24.32361812523040001, 25.77306675035764982, 153.0799374999999998 ) ) ;
#4847 = CARTESIAN_POINT ( 'NONE',  ( 11.63169238286493901, 22.58458004789365248, 154.8298160365820024 ) ) ;
#4848 = ORIENTED_EDGE ( 'NONE', *, *, #1898, .F. ) ;
#4849 = CARTESIAN_POINT ( 'NONE',  ( 23.91900936995164884, 24.32672665336350093, 147.9877849036265900 ) ) ;
#4850 = CARTESIAN_POINT ( 'NONE',  ( 14.97683580915611934, 23.07089792408185147, 154.9815539801730324 ) ) ;
#4851 = CARTESIAN_POINT ( 'NONE',  ( 10.27945951056200080, 24.47328204849694799, 153.8745708333335074 ) ) ;
#4852 = CARTESIAN_POINT ( 'NONE',  ( 19.77410979703725147, 29.53885869766000027, 150.4171774305554834 ) ) ;
#4853 = CARTESIAN_POINT ( 'NONE',  ( 25.52344774725775167, 25.15886203697500179, 161.2757717775614879 ) ) ;
#4854 = CARTESIAN_POINT ( 'NONE',  ( 25.25571887830210116, 24.85021472447035151, 157.4114197497374903 ) ) ;
#4855 = CARTESIAN_POINT ( 'NONE',  ( 11.27200384778429942, 28.53503353401990239, 149.2790802971616131 ) ) ;
#4856 = CARTESIAN_POINT ( 'NONE',  ( 24.15132316441914995, 25.84967009246204839, 152.3047041666665109 ) ) ;
#4857 = CARTESIAN_POINT ( 'NONE',  ( 11.62653584445565969, 27.43120955198780209, 155.2040810642754991 ) ) ;
#4858 = CARTESIAN_POINT ( 'NONE',  ( 9.978111033857350876, 24.19691395470579920, 151.9332541666665009 ) ) ;
#4859 = ORIENTED_EDGE ( 'NONE', *, *, #393, .F. ) ;
#4860 = CARTESIAN_POINT ( 'NONE',  ( 24.07583368046714867, 27.74480238760424911, 161.9815328125000065 ) ) ;
#4861 = CARTESIAN_POINT ( 'NONE',  ( 24.50740834388684775, 24.54973172322219810, 151.5380333333335159 ) ) ;
#4862 = CARTESIAN_POINT ( 'NONE',  ( 25.20842436804400322, 20.87942045634419941, 162.3418062499999905 ) ) ;
#4863 = CARTESIAN_POINT ( 'NONE',  ( 24.25148883137810074, 27.43429330099395003, 161.3133718750000014 ) ) ;
#4864 = ORIENTED_EDGE ( 'NONE', *, *, #2726, .T. ) ;
#4865 = CARTESIAN_POINT ( 'NONE',  ( 11.40709066886694067, 20.83595670103080266, 157.7011500000000126 ) ) ;
#4866 = CARTESIAN_POINT ( 'NONE',  ( 9.809363506690594647, 24.47400578075484034, 150.5795389455710733 ) ) ;
#4867 = CARTESIAN_POINT ( 'NONE',  ( 12.41618168462962046, 22.88077683213629854, 155.4964973495920049 ) ) ;
#4868 = EDGE_CURVE ( 'NONE', #5556, #6481, #3701, .T. ) ;
#4869 = B_SPLINE_CURVE_WITH_KNOTS ( 'NONE', 3,
 ( #4847, #6849, #2130, #4250, #4284, #6273, #4576, #5714, #6796, #6691, #5097, #406, #5614, #3027, #6134, #1978, #1513, #5204, #3654 ),
 .UNSPECIFIED., .F., .F.,
 ( 4, 1, 1, 1, 1, 1, 1, 1, 1, 1, 1, 1, 1, 1, 1, 1, 4 ),
 ( 0.000000000000000000, 0.06863497890856649908, 0.1345642034933222098, 0.1987807171407315054, 0.2615573678825059978, 0.3231244355448469885, 0.3843737432531870168, 0.4463525245642349648, 0.5091547818022299499, 0.5717016707826170219, 0.6327442059845809208, 0.6927726349260100447, 0.7522592810638208949, 0.8119788965104989265, 0.8729159834161899223, 0.9352756408775989572, 1.000000000000000000 ),
 .UNSPECIFIED. ) ;
#4870 = CARTESIAN_POINT ( 'NONE',  ( 23.78575000487523639, 26.26477306890426888, 151.2705424502495646 ) ) ;
#4871 = CARTESIAN_POINT ( 'NONE',  ( 9.748328656511811019, 24.40913504673994794, 150.2987874459275019 ) ) ;
#4872 = CARTESIAN_POINT ( 'NONE',  ( 8.783224962797580915, 22.18626762087090043, 149.4286253252674044 ) ) ;
#4873 = ORIENTED_EDGE ( 'NONE', *, *, #919, .T. ) ;
#4874 = CARTESIAN_POINT ( 'NONE',  ( 19.23857744228764943, 29.84895349326869862, 152.0430510736634915 ) ) ;
#4875 = CARTESIAN_POINT ( 'NONE',  ( 9.430518140815451034, 23.46364994536244453, 149.6307794496196948 ) ) ;
#4876 = CARTESIAN_POINT ( 'NONE',  ( 16.59594924896290280, 30.40363221328444965, 145.7669052338920039 ) ) ;
#4877 = CARTESIAN_POINT ( 'NONE',  ( 24.02120805178725149, 26.38368076657414818, 153.2534119870110203 ) ) ;
#4878 = EDGE_CURVE ( 'NONE', #6160, #5240, #2804, .T. ) ;
#4879 = ORIENTED_EDGE ( 'NONE', *, *, #3004, .F. ) ;
#4880 = CARTESIAN_POINT ( 'NONE',  ( 13.46451472768643853, 23.00897350519164775, 156.4061049118934932 ) ) ;
#4881 = CARTESIAN_POINT ( 'NONE',  ( 23.62049235475666009, 25.12287531539202234, 147.7117823220320076 ) ) ;
#4882 = CARTESIAN_POINT ( 'NONE',  ( 20.26197627741905194, 29.92395948471269662, 159.6936874999999816 ) ) ;
#4883 = CARTESIAN_POINT ( 'NONE',  ( 25.46370080946270065, 25.37984458943164867, 161.5356814352639674 ) ) ;
#4884 = CARTESIAN_POINT ( 'NONE',  ( 24.89957002906239936, 26.12097263219795096, 159.3173166666665281 ) ) ;
#4885 = CARTESIAN_POINT ( 'NONE',  ( 23.53535777178759858, 25.41827603307810080, 147.9640234039782172 ) ) ;
#4886 = CARTESIAN_POINT ( 'NONE',  ( 17.00259440521750065, 30.25209330494600124, 152.9704749999999933 ) ) ;
#4887 = CARTESIAN_POINT ( 'NONE',  ( 10.40071517955630043, 24.07413877067819996, 154.7563157327284955 ) ) ;
#4888 = CARTESIAN_POINT ( 'NONE',  ( 23.13963838864519929, 27.15007279402695062, 151.2887257548860021 ) ) ;
#4889 = CARTESIAN_POINT ( 'NONE',  ( 22.39901670466819894, 28.19859929586690228, 152.8175682423580213 ) ) ;
#4890 = CARTESIAN_POINT ( 'NONE',  ( 12.67476987366899976, 22.91299411133470088, 155.7341155051765043 ) ) ;
#4891 = CARTESIAN_POINT ( 'NONE',  ( 21.10227575188905291, 29.63300257315009745, 159.5995291666665139 ) ) ;
#4892 = CARTESIAN_POINT ( 'NONE',  ( 24.08661504432879852, 24.46970914686025012, 149.1860666666665907 ) ) ;
#4893 = CARTESIAN_POINT ( 'NONE',  ( 23.03210351106010378, 19.42205775415149915, 149.0749833333333925 ) ) ;
#4894 = CARTESIAN_POINT ( 'NONE',  ( 24.37369176428664730, 27.33482592215720075, 161.7005505208335023 ) ) ;
#4895 = ORIENTED_EDGE ( 'NONE', *, *, #1546, .T. ) ;
#4896 = CARTESIAN_POINT ( 'NONE',  ( 10.85512428010970076, 23.17244158119020270, 156.5739499999999964 ) ) ;
#4897 = LINE ( 'NONE', #4463, #2287 ) ;
#4898 = CARTESIAN_POINT ( 'NONE',  ( 13.09129216088845915, 22.95517281450434766, 155.9007120545240070 ) ) ;
#4899 = CARTESIAN_POINT ( 'NONE',  ( 10.23157138557101931, 20.48813179565160070, 150.6932291071194925 ) ) ;
#4900 = CARTESIAN_POINT ( 'NONE',  ( 23.82336893235286013, 24.22088663287820864, 147.1575389367826858 ) ) ;
#4901 = CARTESIAN_POINT ( 'NONE',  ( 25.37512402912094700, 24.44103917946459958, 157.4977476323339829 ) ) ;
#4902 = CARTESIAN_POINT ( 'NONE',  ( 8.066320564152039907, 23.21495682300269792, 148.9998377778578060 ) ) ;
#4903 = ORIENTED_EDGE ( 'NONE', *, *, #5750, .T. ) ;
#4904 = CARTESIAN_POINT ( 'NONE',  ( 19.55738857931694952, 29.84296537920134895, 153.4557874999999854 ) ) ;
#4905 = CARTESIAN_POINT ( 'NONE',  ( 22.57602475554509880, 19.01023024304184972, 147.3450249999999926 ) ) ;
#4906 = CARTESIAN_POINT ( 'NONE',  ( 19.62391358661765040, 29.79077084209235338, 153.0136600108895095 ) ) ;
#4907 = ADVANCED_FACE ( 'NONE', ( #2235 ), #124, .T. ) ;
#4908 = CARTESIAN_POINT ( 'NONE',  ( 18.90776538069684776, 30.07844708966915093, 163.4362125000000106 ) ) ;
#4909 = CARTESIAN_POINT ( 'NONE',  ( 24.31276391074894860, 24.49780477035834991, 150.4686365297644954 ) ) ;
#4910 = CARTESIAN_POINT ( 'NONE',  ( 17.49565927477532412, 30.26814178255611409, 153.7070121795298405 ) ) ;
#4911 = CARTESIAN_POINT ( 'NONE',  ( 25.08986559823290108, 25.21928375032585379, 156.9710708333334992 ) ) ;
#4912 = VERTEX_POINT ( 'NONE', #2692 ) ;
#4913 = CARTESIAN_POINT ( 'NONE',  ( 9.715719005986260370, 24.26464174348440039, 150.1895830422569986 ) ) ;
#4914 = EDGE_CURVE ( 'NONE', #370, #413, #4619, .T. ) ;
#4915 = CARTESIAN_POINT ( 'NONE',  ( 9.805206799574820664, 25.02600831323385222, 150.4122734680749716 ) ) ;
#4916 = CARTESIAN_POINT ( 'NONE',  ( 24.31849244762389972, 25.66486890242054741, 152.7584066852390094 ) ) ;
#4917 = CARTESIAN_POINT ( 'NONE',  ( 25.27549752804469918, 25.31229859757049994, 159.3158916666665164 ) ) ;
#4918 = CARTESIAN_POINT ( 'NONE',  ( 9.934265345675594716, 24.15604414638348985, 151.3789622951148317 ) ) ;
#4919 = CARTESIAN_POINT ( 'NONE',  ( 24.15132316441914995, 25.84967009246204839, 152.3047041666665109 ) ) ;
#4920 = CARTESIAN_POINT ( 'NONE',  ( 10.88108358276293863, 26.57858510163629973, 154.0706952498279918 ) ) ;
#4921 = CARTESIAN_POINT ( 'NONE',  ( 21.36789740389994918, 29.02555141948284856, 153.3811302384809778 ) ) ;
#4922 = EDGE_CURVE ( 'NONE', #3759, #196, #1081, .T. ) ;
#4923 = CARTESIAN_POINT ( 'NONE',  ( 23.32717756718734847, 27.22797777298355015, 152.7753711783859956 ) ) ;
#4924 = CARTESIAN_POINT ( 'NONE',  ( 23.35763253383645122, 27.94878935647770035, 157.8201499999999839 ) ) ;
#4925 = CARTESIAN_POINT ( 'NONE',  ( 24.46956540922474943, 24.67712728994715121, 151.5354666666665082 ) ) ;
#4926 = CARTESIAN_POINT ( 'NONE',  ( 22.74965827640600224, 18.95612753705999864, 149.8040666666665857 ) ) ;
#4927 = VECTOR ( 'NONE', #3229, 1000.000000000000114 ) ;
#4928 = CARTESIAN_POINT ( 'NONE',  ( 24.37248979256720105, 25.93688567186040217, 153.8558729166664989 ) ) ;
#4929 = ORIENTED_EDGE ( 'NONE', *, *, #5695, .T. ) ;
#4930 = CARTESIAN_POINT ( 'NONE',  ( 11.12986477273619990, 21.21278543473579603, 156.5479499999999859 ) ) ;
#4931 = CARTESIAN_POINT ( 'NONE',  ( 14.34054330957785872, 23.03351024730825003, 155.3287683061690245 ) ) ;
#4932 = CIRCLE ( 'NONE', #2385, 7.105728660740921576 ) ;
#4933 = CARTESIAN_POINT ( 'NONE',  ( 25.05630792904744908, 24.47565179584260164, 154.6454604166664808 ) ) ;
#4934 = LINE ( 'NONE', #3352, #5926 ) ;
#4935 = CARTESIAN_POINT ( 'NONE',  ( 24.02073101872900196, 25.78712072387749998, 151.2722404128320193 ) ) ;
#4936 = CARTESIAN_POINT ( 'NONE',  ( 10.76135641731260151, 22.55572917442895076, 155.8006242827789833 ) ) ;
#4937 = CARTESIAN_POINT ( 'NONE',  ( 9.862759975930769585, 25.05634640123219725, 150.7648893823379979 ) ) ;
#4938 = VERTEX_POINT ( 'NONE', #70 ) ;
#4939 = VECTOR ( 'NONE', #2206, 1000.000000000000114 ) ;
#4940 = CARTESIAN_POINT ( 'NONE',  ( 22.65952463655414917, 18.62176629091655400, 145.1943768702659838 ) ) ;
#4941 = CARTESIAN_POINT ( 'NONE',  ( 19.49843716773925095, 29.83231561638345042, 153.0241516062659741 ) ) ;
#4942 = CARTESIAN_POINT ( 'NONE',  ( 17.91763901077565180, 30.24858907146525056, 156.8154750000000206 ) ) ;
#4943 = CARTESIAN_POINT ( 'NONE',  ( 23.98482917408705006, 23.27074237487800090, 147.2058703265498139 ) ) ;
#4944 = DIRECTION ( 'NONE',  ( 0.08291556471174026111, -0.9955514112831505003, 0.04474814656117583056 ) ) ;
#4945 = B_SPLINE_CURVE_WITH_KNOTS ( 'NONE', 3,
 ( #3094, #6198, #5236, #6227, #2040, #5711, #5201, #476, #438, #1508, #1586, #6603, #2350, #6467, #2279, #3838, #736, #2315 ),
 .UNSPECIFIED., .F., .F.,
 ( 4, 1, 1, 2, 2, 1, 1, 1, 1, 2, 2, 4 ),
 ( 0.000000000000000000, 0.2500000000000104361, 0.3750000000000155431, 0.4375000000000180966, 0.5000000000000206501, 0.6250000000000223155, 0.6875000000000240918, 0.7187500000000236478, 0.7343750000000222045, 0.7421875000000210942, 0.7500000000000199840, 1.000000000000000000 ),
 .UNSPECIFIED. ) ;
#4946 = VECTOR ( 'NONE', #2988, 1000.000000000000227 ) ;
#4947 = ORIENTED_EDGE ( 'NONE', *, *, #2018, .F. ) ;
#4948 = CARTESIAN_POINT ( 'NONE',  ( 22.82023686618563474, 27.88581915206013306, 153.2948672862132469 ) ) ;
#4949 = CARTESIAN_POINT ( 'NONE',  ( 11.84298283375339977, 28.30589768004210072, 152.8745207220819964 ) ) ;
#4950 = CARTESIAN_POINT ( 'NONE',  ( 9.378978913663249983, 24.11005242687454952, 149.3437287841620105 ) ) ;
#4951 = CARTESIAN_POINT ( 'NONE',  ( 13.65110676965804082, 22.69199345752150165, 153.4776860072520037 ) ) ;
#4952 = CARTESIAN_POINT ( 'NONE',  ( 23.70511162570245034, 25.57938120620714884, 149.3122484483906192 ) ) ;
#4953 = EDGE_CURVE ( 'NONE', #196, #2078, #5325, .T. ) ;
#4954 = CARTESIAN_POINT ( 'NONE',  ( 18.75426556456485017, 30.03050061921834768, 164.2462240348349951 ) ) ;
#4955 = CARTESIAN_POINT ( 'NONE',  ( 24.70404877392930132, 26.05639306606149930, 156.9709937500000194 ) ) ;
#4956 = CARTESIAN_POINT ( 'NONE',  ( 11.16506531855035966, 27.12880429169714702, 154.0125579697410103 ) ) ;
#4957 = CARTESIAN_POINT ( 'NONE',  ( 22.38493482028404813, 28.70698251000120038, 157.1028999999999769 ) ) ;
#4958 = CARTESIAN_POINT ( 'NONE',  ( 25.43146495763189918, 25.10429132446470391, 160.1001499999999851 ) ) ;
#4959 = CARTESIAN_POINT ( 'NONE',  ( 24.35815974998184785, 19.76018557377765106, 162.5049979166664968 ) ) ;
#4960 = ORIENTED_EDGE ( 'NONE', *, *, #5757, .F. ) ;
#4961 = CARTESIAN_POINT ( 'NONE',  ( 11.30459560529902063, 20.83074138198855252, 157.0544000000000153 ) ) ;
#4962 = CARTESIAN_POINT ( 'NONE',  ( 23.95780531265804925, 25.29798304516545215, 149.9639875000000018 ) ) ;
#4963 = CARTESIAN_POINT ( 'NONE',  ( 25.66252889492215061, 24.72606413820239979, 161.2824124796565002 ) ) ;
#4964 = CARTESIAN_POINT ( 'NONE',  ( 11.93292925841016050, 28.13813398298189838, 154.3841660524919916 ) ) ;
#4965 = CARTESIAN_POINT ( 'NONE',  ( 14.98780925919829876, 22.85753687389370015, 154.6838485899275213 ) ) ;
#4966 = LINE ( 'NONE', #6488, #3185 ) ;
#4967 = ORIENTED_EDGE ( 'NONE', *, *, #5416, .F. ) ;
#4968 = CARTESIAN_POINT ( 'NONE',  ( 22.18390157237394789, 18.61500198362599789, 147.9480624999999918 ) ) ;
#4969 = CARTESIAN_POINT ( 'NONE',  ( 23.56918886781856770, 25.53669962545729177, 148.5146275788186756 ) ) ;
#4970 = CARTESIAN_POINT ( 'NONE',  ( 16.92540009261805167, 30.23786050651860435, 151.3963999999999999 ) ) ;
#4971 = CARTESIAN_POINT ( 'NONE',  ( 24.91334138954058020, 23.59630690731784597, 152.7285150401206693 ) ) ;
#4972 = CARTESIAN_POINT ( 'NONE',  ( 11.57939348093509935, 27.81643297746945009, 153.6562395833335302 ) ) ;
#4973 = DIRECTION ( 'NONE',  ( 0.1006318910984300152, 0.05303758115645541144, 0.9935090525400490646 ) ) ;
#4974 = ORIENTED_EDGE ( 'NONE', *, *, #1128, .F. ) ;
#4975 = CARTESIAN_POINT ( 'NONE',  ( 14.53703078711347985, 30.16393177016789906, 149.4550500000000000 ) ) ;
#4976 = CARTESIAN_POINT ( 'NONE',  ( 24.82566484801520090, 25.24977274384514914, 154.7992459536839931 ) ) ;
#4977 = CARTESIAN_POINT ( 'NONE',  ( 25.40288947886985227, 25.47878172126105056, 161.2731032140220009 ) ) ;
#4978 = CARTESIAN_POINT ( 'NONE',  ( 11.51113414400456136, 27.93346072138794867, 152.9280156716169756 ) ) ;
#4979 = CARTESIAN_POINT ( 'NONE',  ( 24.50097579023920247, 25.24271267693255183, 152.7624594900264867 ) ) ;
#4980 = CARTESIAN_POINT ( 'NONE',  ( 25.04084400704624969, 25.34169530055554986, 156.9701124999999990 ) ) ;
#4981 = CARTESIAN_POINT ( 'NONE',  ( 16.48980990226529997, 30.25263272248274760, 149.0836749999999995 ) ) ;
#4982 = CARTESIAN_POINT ( 'NONE',  ( 24.63667327966280141, 26.03463556328989981, 156.1895666666665079 ) ) ;
#4983 = CARTESIAN_POINT ( 'NONE',  ( 27.75906796432910184, 24.45984672705279905, 155.4938420934619785 ) ) ;
#4984 = CARTESIAN_POINT ( 'NONE',  ( 13.68687809824586132, 22.80273537830830222, 155.8751769395404949 ) ) ;
#4985 = CARTESIAN_POINT ( 'NONE',  ( 12.87441001170101984, 22.93438335313510024, 155.8400598948535105 ) ) ;
#4986 = EDGE_CURVE ( 'NONE', #6412, #2267, #4793, .T. ) ;
#4987 = CARTESIAN_POINT ( 'NONE',  ( 23.20125326231605101, 27.93000030544409995, 156.2580499999999972 ) ) ;
#4988 = CARTESIAN_POINT ( 'NONE',  ( 24.57235104257814839, 24.29278242515655251, 151.5448708333335048 ) ) ;
#4989 = CARTESIAN_POINT ( 'NONE',  ( 24.70196708066064772, 19.84791817146219728, 159.7152000000000100 ) ) ;
#4990 =( BOUNDED_CURVE ( )  B_SPLINE_CURVE ( 3, ( #4637, #6673, #5152, #5665 ),
 .UNSPECIFIED., .F., .F. ) 
 B_SPLINE_CURVE_WITH_KNOTS ( ( 4, 4 ),
 ( 4.456637208244455195, 5.645311749327550643 ),
 .UNSPECIFIED. ) 
 CURVE ( )  GEOMETRIC_REPRESENTATION_ITEM ( )  RATIONAL_B_SPLINE_CURVE ( ( 1.000000000000000000, 0.8856798550733609998, 0.8856798550733609998, 1.000000000000000000 ) ) 
 REPRESENTATION_ITEM ( '' )  );
#4991 = CARTESIAN_POINT ( 'NONE',  ( 23.82678984881090045, 27.24606403901049845, 156.2207375000000127 ) ) ;
#4992 = ORIENTED_EDGE ( 'NONE', *, *, #4438, .T. ) ;
#4993 = CARTESIAN_POINT ( 'NONE',  ( 11.72856988505600029, 27.46424635906450007, 155.5899202678550068 ) ) ;
#4994 = CARTESIAN_POINT ( 'NONE',  ( 24.54244608405024763, 25.28124378537615158, 153.0803041666665081 ) ) ;
#4995 = EDGE_CURVE ( 'NONE', #6160, #6345, #1363, .T. ) ;
#4996 = CARTESIAN_POINT ( 'NONE',  ( 23.58358108619489713, 25.62370218414950074, 148.8111203340793907 ) ) ;
#4997 = CARTESIAN_POINT ( 'NONE',  ( 25.74270417311089787, 24.65075105877739858, 161.9300542346115037 ) ) ;
#4998 = CARTESIAN_POINT ( 'NONE',  ( 17.64686440893660091, 30.18950245003249577, 151.6828280883310072 ) ) ;
#4999 = CARTESIAN_POINT ( 'NONE',  ( 9.685424534166269694, 24.61288947875934952, 149.9707335958073884 ) ) ;
#5000 = FACE_OUTER_BOUND ( 'NONE', #3827, .T. ) ;
#5001 = ORIENTED_EDGE ( 'NONE', *, *, #6630, .T. ) ;
#5002 = CARTESIAN_POINT ( 'NONE',  ( 24.26011951449400073, 24.87124698059820460, 150.7524458333334962 ) ) ;
#5003 = CARTESIAN_POINT ( 'NONE',  ( 17.47440473373380243, 22.59167446347089836, 152.1058995848910058 ) ) ;
#5004 = CARTESIAN_POINT ( 'NONE',  ( 11.17290142793016017, 26.61998285754309990, 155.3145946814300089 ) ) ;
#5005 = CARTESIAN_POINT ( 'NONE',  ( 17.76783605918669906, 30.25006866673825101, 157.6286624999999901 ) ) ;
#5006 = CARTESIAN_POINT ( 'NONE',  ( 24.24657865227833042, 23.37674246462841054, 149.0791419498864343 ) ) ;
#5007 = CARTESIAN_POINT ( 'NONE',  ( 14.63913326719239905, 23.08028153851435249, 155.8160615616585005 ) ) ;
#5008 = CARTESIAN_POINT ( 'NONE',  ( 24.00153862334330057, 23.96239815628045022, 148.0113338769070026 ) ) ;
#5009 = ORIENTED_EDGE ( 'NONE', *, *, #2806, .F. ) ;
#5010 = CARTESIAN_POINT ( 'NONE',  ( 16.50616196987419926, 30.25120678525550133, 149.2128229166665960 ) ) ;
#5011 = CARTESIAN_POINT ( 'NONE',  ( 11.76643742089393818, 22.61965572747349995, 155.3605012875270006 ) ) ;
#5012 = CARTESIAN_POINT ( 'NONE',  ( 25.16361626549834796, 25.40065249877689979, 158.5332729166665047 ) ) ;
#5013 = CARTESIAN_POINT ( 'NONE',  ( 10.93139952831213790, 26.60510389221449756, 154.5674497760979875 ) ) ;
#5014 = CARTESIAN_POINT ( 'NONE',  ( 10.59312215577849869, 26.56260853734520211, 152.5909155387570024 ) ) ;
#5015 = DIRECTION ( 'NONE',  ( -0.9914626728336708439, -0.07787427352598327857, 0.1045818621956677713 ) ) ;
#5016 = CARTESIAN_POINT ( 'NONE',  ( 10.28536129756546025, 26.25239530242889785, 152.2524249999999881 ) ) ;
#5017 = CARTESIAN_POINT ( 'NONE',  ( 24.43459450598914984, 25.81739132593944674, 153.8549041666665005 ) ) ;
#5018 = CARTESIAN_POINT ( 'NONE',  ( 23.18995433419440033, 27.17659158460520175, 151.7854802811564809 ) ) ;
#5019 = DIRECTION ( 'NONE',  ( -0.1006318910984300152, -0.05303758115645550858, -0.9935090525400490646 ) ) ;
#5020 = B_SPLINE_SURFACE_WITH_KNOTS ( 'NONE', 3, 1, ( 
 ( #5051, #389 ),
 ( #5149, #4632 ),
 ( #2520, #2555 ),
 ( #6150, #947 ),
 ( #1388, #5082 ),
 ( #5598, #872 ),
 ( #6708, #6255 ),
 ( #4144, #843 ),
 ( #4074, #1494 ),
 ( #5112, #3011 ),
 ( #3532, #5627 ),
 ( #351, #322 ),
 ( #4589, #6187 ),
 ( #6217, #5565 ),
 ( #1425, #4530 ) ),
 .UNSPECIFIED., .F., .F., .F.,
 ( 4, 1, 1, 1, 1, 1, 1, 1, 1, 1, 1, 1, 4 ),
 ( 2, 2 ),
 ( 0.000000000000000000, 0.09885430056651160757, 0.1965555249723124898, 0.2937174129259330080, 0.3929880070886399568, 0.4463344035632280105, 0.5054580898554460466, 0.5715119743414609488, 0.6438697479274759772, 0.7229617393284810678, 0.8084893041087239940, 0.9011595675577519504, 1.000000000000000000 ),
 ( 0.000000000000000000, 1.000000000000000000 ),
 .UNSPECIFIED. ) ;
#5021 = CARTESIAN_POINT ( 'NONE',  ( 22.01488476726544974, 29.18149278203010155, 159.5090000000000146 ) ) ;
#5022 = CARTESIAN_POINT ( 'NONE',  ( 23.70442646275634857, 18.89324742582504868, 154.3725333333335072 ) ) ;
#5023 = ADVANCED_FACE ( 'NONE', ( #2915 ), #5942, .F. ) ;
#5024 = CARTESIAN_POINT ( 'NONE',  ( 24.09104211057585232, 25.97004690854594955, 152.3056583333334970 ) ) ;
#5025 = ORIENTED_EDGE ( 'NONE', *, *, #100, .F. ) ;
#5026 = CARTESIAN_POINT ( 'NONE',  ( 11.05077211590996100, 26.15896500346574882, 155.7332211805555175 ) ) ;
#5027 = CARTESIAN_POINT ( 'NONE',  ( 10.71230683444334097, 24.74331595019380003, 155.6610458333335032 ) ) ;
#5028 = CARTESIAN_POINT ( 'NONE',  ( 20.16981908430925330, 29.62950438334940273, 153.4702413365855307 ) ) ;
#5029 = CARTESIAN_POINT ( 'NONE',  ( 25.57562823894499715, 24.62674595443260017, 160.1088458333335041 ) ) ;
#5030 = CARTESIAN_POINT ( 'NONE',  ( 10.19002283332251935, 23.40038708739245266, 153.3038242154269994 ) ) ;
#5031 = EDGE_CURVE ( 'NONE', #4125, #210, #1808, .T. ) ;
#5032 = CARTESIAN_POINT ( 'NONE',  ( 10.08263912089853953, 26.55220356539589943, 150.2624156913294939 ) ) ;
#5033 = ORIENTED_EDGE ( 'NONE', *, *, #2634, .T. ) ;
#5034 = AXIS2_PLACEMENT_3D ( 'NONE', #2080, #1108, #4796 ) ;
#5035 = CARTESIAN_POINT ( 'NONE',  ( 10.16157290070480101, 23.71331174968990041, 153.2900006910045079 ) ) ;
#5036 = CARTESIAN_POINT ( 'NONE',  ( 24.70498067187219249, 23.52649263152840575, 151.5613749855205015 ) ) ;
#5037 = FACE_OUTER_BOUND ( 'NONE', #2652, .T. ) ;
#5038 = CARTESIAN_POINT ( 'NONE',  ( 11.61510926992259840, 22.78369033015029999, 154.8208664072699889 ) ) ;
#5039 = VECTOR ( 'NONE', #2372, 1000.000000000000000 ) ;
#5040 = ORIENTED_EDGE ( 'NONE', *, *, #5917, .F. ) ;
#5041 = B_SPLINE_CURVE_WITH_KNOTS ( 'NONE', 3,
 ( #106, #3772, #5879, #3263, #5365, #1673, #5396, #3227 ),
 .UNSPECIFIED., .F., .F.,
 ( 4, 1, 1, 1, 1, 4 ),
 ( 0.000000000000000000, 0.02857142857142854972, 0.05714285714285709944, 0.08571428571428570120, 0.1428571428571430157, 0.1612639031798565048 ),
 .UNSPECIFIED. ) ;
#5042 = CARTESIAN_POINT ( 'NONE',  ( 13.34596773928086044, 29.62318032081559949, 151.8411000000000115 ) ) ;
#5043 = CARTESIAN_POINT ( 'NONE',  ( 23.42053279804360244, 24.98339396146265301, 145.8617041666665841 ) ) ;
#5044 = CARTESIAN_POINT ( 'NONE',  ( 12.02750129095161924, 28.27147609329939826, 153.8642018869354615 ) ) ;
#5045 = PLANE ( 'NONE',  #5597 ) ;
#5046 = CARTESIAN_POINT ( 'NONE',  ( 19.05126254572749644, 29.98994085977695079, 153.5132875000000183 ) ) ;
#5047 = CARTESIAN_POINT ( 'NONE',  ( 11.21364380507528402, 22.70560657901566159, 158.2970181374220999 ) ) ;
#5048 = EDGE_LOOP ( 'NONE', ( #5402, #5786, #6763, #6026 ) ) ;
#5049 = CARTESIAN_POINT ( 'NONE',  ( 9.997740940856449043, 24.46794274190684959, 152.3223541666665142 ) ) ;
#5050 = CARTESIAN_POINT ( 'NONE',  ( 24.62434856142230188, 25.88992898803549991, 155.4086583333335057 ) ) ;
#5051 = CARTESIAN_POINT ( 'NONE',  ( 14.97122614625594039, 23.05664715615035121, 154.6748989606155078 ) ) ;
#5052 = B_SPLINE_CURVE_WITH_KNOTS ( 'NONE', 3,
 ( #134, #5421, #654, #4804, #4898, #2261, #5933, #4307, #41, #4372, #2765, #4867, #1152, #3289, #6420, #1741, #5874, #5966, #558 ),
 .UNSPECIFIED., .F., .F.,
 ( 4, 1, 1, 1, 1, 1, 1, 1, 1, 1, 1, 1, 1, 1, 1, 1, 4 ),
 ( 0.000000000000000000, 0.06283763962145269555, 0.1234369090797339946, 0.1823232967110965108, 0.2400361514617110059, 0.2971480795018490162, 0.3544771688024335177, 0.4124352079225675483, 0.4719144264823100232, 0.5320025254487049660, 0.5928929945985009775, 0.6544330314128850024, 0.7176811136956730008, 0.7839607030917460362, 0.8527534002173670080, 0.9242798674064739428, 1.000000000000000000 ),
 .UNSPECIFIED. ) ;
#5053 = CARTESIAN_POINT ( 'NONE',  ( 12.34479451748750023, 22.87043456884515180, 155.3986799454095262 ) ) ;
#5054 = CARTESIAN_POINT ( 'NONE',  ( 24.63002330403055140, 24.88444554710380174, 152.7685141198945189 ) ) ;
#5055 = CARTESIAN_POINT ( 'NONE',  ( 23.57597682620690094, 27.43250951673640259, 155.4504333333335069 ) ) ;
#5056 = DIRECTION ( 'NONE',  ( -0.1006318910984300152, -0.05303758115645550858, -0.9935090525400490646 ) ) ;
#5057 = CARTESIAN_POINT ( 'NONE',  ( 23.57030879419594882, 18.53881829061925046, 155.9915979166665068 ) ) ;
#5058 = CARTESIAN_POINT ( 'NONE',  ( 24.70404877392930132, 26.05639306606149930, 156.9709937500000194 ) ) ;
#5059 = CARTESIAN_POINT ( 'NONE',  ( 12.26732871176394113, 20.27690850755234919, 161.1189353113474851 ) ) ;
#5060 = ORIENTED_EDGE ( 'NONE', *, *, #2687, .T. ) ;
#5061 = CARTESIAN_POINT ( 'NONE',  ( 23.94006452954925024, 24.49970962018445064, 148.3855981614131849 ) ) ;
#5062 = CARTESIAN_POINT ( 'NONE',  ( 20.01287949921454867, 29.58122144901849992, 152.1926007175505049 ) ) ;
#5063 = CARTESIAN_POINT ( 'NONE',  ( 24.07481313354439934, 24.02639805629450009, 148.5430035720443982 ) ) ;
#5064 = CARTESIAN_POINT ( 'NONE',  ( 13.50492463304782120, 22.67387832109419676, 153.3455291318849731 ) ) ;
#5065 = CARTESIAN_POINT ( 'NONE',  ( 11.02021049558605981, 26.26382955954110088, 155.3395078651594758 ) ) ;
#5066 = ORIENTED_EDGE ( 'NONE', *, *, #3055, .F. ) ;
#5067 = CARTESIAN_POINT ( 'NONE',  ( 25.16361626549834796, 25.40065249877689979, 158.5332729166665047 ) ) ;
#5068 = CARTESIAN_POINT ( 'NONE',  ( 10.40742015319854552, 23.47059491918298946, 154.4629757884857213 ) ) ;
#5069 = CARTESIAN_POINT ( 'NONE',  ( 25.09922546097926954, 23.66288074927695106, 153.8652101542554362 ) ) ;
#5070 = CARTESIAN_POINT ( 'NONE',  ( 10.72204708239343951, 27.80472768974269826, 149.8772888888890122 ) ) ;
#5071 = EDGE_CURVE ( 'NONE', #482, #80, #4897, .T. ) ;
#5072 = CARTESIAN_POINT ( 'NONE',  ( 14.38849628102541800, 23.03325373390195097, 155.2342075183824761 ) ) ;
#5073 = VERTEX_POINT ( 'NONE', #4837 ) ;
#5074 = CARTESIAN_POINT ( 'NONE',  ( 11.73940844109931980, 28.56929595740390226, 151.2314333333334844 ) ) ;
#5075 = CARTESIAN_POINT ( 'NONE',  ( 23.83833123022489886, 23.20454166655990136, 144.8862499999999898 ) ) ;
#5076 = CARTESIAN_POINT ( 'NONE',  ( 11.39318428705962027, 27.82289366195209723, 152.4425985813354885 ) ) ;
#5077 = CARTESIAN_POINT ( 'NONE',  ( 18.26896462512085151, 29.92152738927820010, 147.2796874999999943 ) ) ;
#5078 = CARTESIAN_POINT ( 'NONE',  ( 23.81416608509435306, 24.68575853818579802, 147.9701042057860150 ) ) ;
#5079 = CARTESIAN_POINT ( 'NONE',  ( 16.12569646800774947, 30.25175122475064882, 153.3433831460984891 ) ) ;
#5080 = EDGE_CURVE ( 'NONE', #3612, #2927, #1300, .T. ) ;
#5081 = CARTESIAN_POINT ( 'NONE',  ( 24.69921142043954987, 25.91734555457859912, 156.1884958333334907 ) ) ;
#5082 = CARTESIAN_POINT ( 'NONE',  ( 14.80743525129948068, 22.81449434915145247, 154.0604655970704755 ) ) ;
#5083 = CARTESIAN_POINT ( 'NONE',  ( 10.40538112989160879, 23.79720866877861951, 154.7706267843608714 ) ) ;
#5084 = CARTESIAN_POINT ( 'NONE',  ( 11.00917666322560073, 27.24650793604375210, 153.0155309734890068 ) ) ;
#5085 = CARTESIAN_POINT ( 'NONE',  ( 11.16231684865524088, 20.58079929002190056, 155.6199694444445072 ) ) ;
#5086 = CARTESIAN_POINT ( 'NONE',  ( 20.38098552619184645, 29.63891471243919895, 154.9388145833335102 ) ) ;
#5087 = CARTESIAN_POINT ( 'NONE',  ( 15.05083591872329940, 30.09669630863940171, 153.2167000000000030 ) ) ;
#5088 = CARTESIAN_POINT ( 'NONE',  ( 23.45039223640069892, 18.51126763171070166, 155.2199270833335163 ) ) ;
#5089 = CARTESIAN_POINT ( 'NONE',  ( 23.58393291799384883, 25.98637582735044660, 149.7136421686449808 ) ) ;
#5090 = CARTESIAN_POINT ( 'NONE',  ( 16.56715474917355024, 23.96044662366510281, 154.1377903985209912 ) ) ;
#5091 = VERTEX_POINT ( 'NONE', #6640 ) ;
#5092 = FACE_OUTER_BOUND ( 'NONE', #4317, .T. ) ;
#5093 = CARTESIAN_POINT ( 'NONE',  ( 9.641083097365530818, 24.57500176409725157, 149.8231145974643823 ) ) ;
#5094 = CARTESIAN_POINT ( 'NONE',  ( 9.759497904968510440, 24.48550116413525046, 150.3392468660239842 ) ) ;
#5095 = CARTESIAN_POINT ( 'NONE',  ( 25.17159244898954995, 23.11454538093130040, 153.9175833333334822 ) ) ;
#5096 = CARTESIAN_POINT ( 'NONE',  ( 14.09293311629356005, 22.74849996762860016, 153.9161590247029778 ) ) ;
#5097 = CARTESIAN_POINT ( 'NONE',  ( 12.40945280730459999, 22.70861607159235263, 156.1482123987570105 ) ) ;
#5098 = ORIENTED_EDGE ( 'NONE', *, *, #1891, .T. ) ;
#5099 = CARTESIAN_POINT ( 'NONE',  ( 23.83018334034539976, 24.70422496304784943, 148.1070955163052076 ) ) ;
#5100 = CARTESIAN_POINT ( 'NONE',  ( 13.90468782669807979, 22.89462501617889600, 153.0464797152459937 ) ) ;
#5101 = CARTESIAN_POINT ( 'NONE',  ( 24.87448474641299967, 24.83528685086939802, 154.1402239840230095 ) ) ;
#5102 = CARTESIAN_POINT ( 'NONE',  ( 24.47387871253094715, 23.45281677076336280, 150.3504609731760411 ) ) ;
#5103 = CARTESIAN_POINT ( 'NONE',  ( 14.35712642252022064, 22.83439996505165226, 155.3377179354815212 ) ) ;
#5104 = EDGE_LOOP ( 'NONE', ( #338, #1932, #6431, #5511 ) ) ;
#5105 = ADVANCED_FACE ( 'NONE', ( #1923 ), #285, .T. ) ;
#5106 = CARTESIAN_POINT ( 'NONE',  ( 11.93437770420355903, 28.41091006560865040, 152.8099062500000116 ) ) ;
#5107 = CARTESIAN_POINT ( 'NONE',  ( 23.33843400461305251, 25.01529461363089979, 145.1830243055555911 ) ) ;
#5108 = CARTESIAN_POINT ( 'NONE',  ( 20.87690671089190175, 29.84656676998285008, 164.0080321191875328 ) ) ;
#5109 = CARTESIAN_POINT ( 'NONE',  ( 24.59102653360940138, 25.16322524299560115, 153.2608483535464927 ) ) ;
#5110 = CARTESIAN_POINT ( 'NONE',  ( 23.47132686475970331, 25.85466780879174920, 148.8294151998703967 ) ) ;
#5111 = EDGE_CURVE ( 'NONE', #6402, #1091, #6861, .T. ) ;
#5112 = CARTESIAN_POINT ( 'NONE',  ( 14.31297069658283938, 22.94636246977504968, 153.4410053343374898 ) ) ;
#5113 = CARTESIAN_POINT ( 'NONE',  ( 10.09323070551189971, 24.31506632207110030, 152.7615322273479990 ) ) ;
#5114 = DIRECTION ( 'NONE',  ( 0.1006318910984300291, 0.05303758115645521715, 0.9935090525400491757 ) ) ;
#5115 = CARTESIAN_POINT ( 'NONE',  ( 11.20549930611493927, 20.45690871598664629, 155.6140059895834895 ) ) ;
#5116 = CARTESIAN_POINT ( 'NONE',  ( 20.19260024462274927, 29.54228674345300121, 152.6005833333335033 ) ) ;
#5117 = CARTESIAN_POINT ( 'NONE',  ( 13.12828292247159823, 29.16530202156205220, 154.1233694444444779 ) ) ;
#5118 = CARTESIAN_POINT ( 'NONE',  ( 24.06392195921884891, 19.26413556913835023, 161.2664868055555019 ) ) ;
#5119 = CARTESIAN_POINT ( 'NONE',  ( 23.89317514206517501, 23.86188274817722643, 147.1130197821990180 ) ) ;
#5120 = ADVANCED_FACE ( 'NONE', ( #4594 ), #290, .T. ) ;
#5121 = CARTESIAN_POINT ( 'NONE',  ( 23.15105408572385315, 27.02348465163544944, 150.9171993055554992 ) ) ;
#5122 = CARTESIAN_POINT ( 'NONE',  ( 11.74975277129301965, 22.38767196778054824, 161.0513416666665023 ) ) ;
#5123 = VERTEX_POINT ( 'NONE', #2818 ) ;
#5124 = CARTESIAN_POINT ( 'NONE',  ( 10.68086813108345901, 23.95775474551300022, 155.8037708333334876 ) ) ;
#5125 = CARTESIAN_POINT ( 'NONE',  ( 10.91350349366044092, 26.46506425503129734, 154.4239715277780078 ) ) ;
#5126 = CARTESIAN_POINT ( 'NONE',  ( 9.714510613183659160, 25.58663974790594864, 149.6023473537420045 ) ) ;
#5127 = CARTESIAN_POINT ( 'NONE',  ( 12.78934576801371925, 22.72465378757004828, 155.8010992826724816 ) ) ;
#5128 = CARTESIAN_POINT ( 'NONE',  ( 25.83755830613445070, 24.24467793179205088, 161.9485792135229758 ) ) ;
#5129 = CARTESIAN_POINT ( 'NONE',  ( 19.18826149704419848, 29.82243470272145203, 151.5462965508225182 ) ) ;
#5130 = FACE_OUTER_BOUND ( 'NONE', #1483, .T. ) ;
#5131 = VERTEX_POINT ( 'NONE', #5442 ) ;
#5132 = FACE_OUTER_BOUND ( 'NONE', #5370, .T. ) ;
#5133 = CARTESIAN_POINT ( 'NONE',  ( 25.48578431073775263, 25.26545076065579920, 161.2745605835789888 ) ) ;
#5134 = CARTESIAN_POINT ( 'NONE',  ( 14.94094104762388220, 23.04440787709770078, 154.4587173704960037 ) ) ;
#5135 = CARTESIAN_POINT ( 'NONE',  ( 27.41571450867795079, 24.79850968922499987, 152.4909408625615015 ) ) ;
#5136 = CARTESIAN_POINT ( 'NONE',  ( 10.22277366993721870, 26.69932328375109876, 150.7753611111110104 ) ) ;
#5137 = CARTESIAN_POINT ( 'NONE',  ( 10.90113769587932069, 24.76216902082838445, 156.5966376893907750 ) ) ;
#5138 = CARTESIAN_POINT ( 'NONE',  ( 9.715719005986249712, 24.26464174348440039, 150.1895830422569986 ) ) ;
#5139 = VECTOR ( 'NONE', #1892, 1000.000000000000000 ) ;
#5140 = ORIENTED_EDGE ( 'NONE', *, *, #3390, .T. ) ;
#5141 = CARTESIAN_POINT ( 'NONE',  ( 11.27248774679681986, 28.53389188548855060, 149.2802211929212035 ) ) ;
#5142 = CARTESIAN_POINT ( 'NONE',  ( 24.07638134244130157, 23.59512201256089980, 148.0370625000000189 ) ) ;
#5143 = CARTESIAN_POINT ( 'NONE',  ( 25.10291152683959837, 25.37159151898639919, 157.7514979166665228 ) ) ;
#5144 = CARTESIAN_POINT ( 'NONE',  ( 26.92733769709565195, 23.50186122569500213, 146.8954874656566005 ) ) ;
#5145 = CARTESIAN_POINT ( 'NONE',  ( 17.79802186141854747, 30.07052699219309844, 146.1839228119078200 ) ) ;
#5146 = CARTESIAN_POINT ( 'NONE',  ( 24.70365890269444975, 25.20088472240569644, 153.8564270833335001 ) ) ;
#5147 = CARTESIAN_POINT ( 'NONE',  ( 11.20325848275271063, 22.70200289287897277, 158.2360871232093018 ) ) ;
#5148 = CARTESIAN_POINT ( 'NONE',  ( 22.94186918599415037, 26.59362001801144970, 148.2984955095568012 ) ) ;
#5149 = CARTESIAN_POINT ( 'NONE',  ( 14.96109170933461918, 23.05255147189889797, 154.6025571559794969 ) ) ;
#5150 = VECTOR ( 'NONE', #6773, 1000.000000000000000 ) ;
#5151 = CARTESIAN_POINT ( 'NONE',  ( 9.599260595416474473, 24.37482827584562628, 149.7244161247722332 ) ) ;
#5152 = CARTESIAN_POINT ( 'NONE',  ( 9.313009940592495539, 23.53225186611362929, 148.6885392747126104 ) ) ;
#5153 = CARTESIAN_POINT ( 'NONE',  ( 10.66768611032319924, 21.72338646366765147, 154.6320166666665159 ) ) ;
#5154 = CARTESIAN_POINT ( 'NONE',  ( 24.94875531203319952, 25.73111992738444798, 157.7501374999999939 ) ) ;
#5155 = CARTESIAN_POINT ( 'NONE',  ( 22.61194237551104891, 27.77639873093029976, 151.6052999999999997 ) ) ;
#5156 = CARTESIAN_POINT ( 'NONE',  ( 15.26260119902775081, 30.09007708039290208, 154.7805375000000083 ) ) ;
#5157 = ADVANCED_FACE ( 'NONE', ( #3435 ), #6113, .F. ) ;
#5158 = CARTESIAN_POINT ( 'NONE',  ( 23.66553253442639715, 18.63845422316099842, 155.9728041666665206 ) ) ;
#5159 = CARTESIAN_POINT ( 'NONE',  ( 14.99341892209845994, 22.87178764182525015, 154.9905036094849891 ) ) ;
#5160 = CARTESIAN_POINT ( 'NONE',  ( 24.72152838735809866, 24.78292806306174967, 153.2679317255515059 ) ) ;
#5161 = CARTESIAN_POINT ( 'NONE',  ( 12.16544859698269931, 26.73605452002784943, 161.1174333333335085 ) ) ;
#5162 = ORIENTED_EDGE ( 'NONE', *, *, #6850, .F. ) ;
#5163 = CARTESIAN_POINT ( 'NONE',  ( 10.65852793753624006, 24.74029748307905052, 155.4047000000000196 ) ) ;
#5164 = CARTESIAN_POINT ( 'NONE',  ( 9.451618611199370079, 25.48280249938104802, 148.8860309409514002 ) ) ;
#5165 = CARTESIAN_POINT ( 'NONE',  ( 12.36137763042985860, 22.67132428658854693, 155.4076295747215113 ) ) ;
#5166 = CARTESIAN_POINT ( 'NONE',  ( 24.37015539206619863, 23.78844525752165140, 150.0045125000000041 ) ) ;
#5167 = CARTESIAN_POINT ( 'NONE',  ( 9.939931427283406506, 24.12490253956060116, 151.4199982309106360 ) ) ;
#5168 = CARTESIAN_POINT ( 'NONE',  ( 10.79225913762440037, 25.51380289936005141, 155.3783124999999927 ) ) ;
#5169 = ORIENTED_EDGE ( 'NONE', *, *, #2148, .T. ) ;
#5170 = CARTESIAN_POINT ( 'NONE',  ( 11.65201666672879988, 28.09689007602864663, 152.9050212436490028 ) ) ;
#5171 = CARTESIAN_POINT ( 'NONE',  ( 11.59531504721018003, 21.23783693403380113, 159.2507999999999981 ) ) ;
#5172 = CARTESIAN_POINT ( 'NONE',  ( 15.26729375872005079, 30.13709834195030268, 151.9266508104790034 ) ) ;
#5173 = CARTESIAN_POINT ( 'NONE',  ( 10.59588273763606026, 25.86240705938450191, 154.1378155757635113 ) ) ;
#5174 = CARTESIAN_POINT ( 'NONE',  ( 10.94463847788594180, 24.83452738099394708, 156.7880087128323225 ) ) ;
#5175 = DIRECTION ( 'NONE',  ( -0.08291556471174073295, 0.9955514112831505003, -0.04474814656117591383 ) ) ;
#5176 = VERTEX_POINT ( 'NONE', #643 ) ;
#5177 = CARTESIAN_POINT ( 'NONE',  ( 12.86873701354222099, 29.77285209662629839, 148.3397645833331921 ) ) ;
#5178 = CARTESIAN_POINT ( 'NONE',  ( 23.52288297691620045, 25.14347535891434759, 147.0947916666665947 ) ) ;
#5179 = CARTESIAN_POINT ( 'NONE',  ( 24.97231418075920217, 25.31093721329970236, 156.1894374999999968 ) ) ;
#5180 = CARTESIAN_POINT ( 'NONE',  ( 18.44043094379214764, 29.91830357669720186, 148.8493875000000060 ) ) ;
#5181 = CARTESIAN_POINT ( 'NONE',  ( 19.37213182898110020, 29.87094980049594994, 153.0348825374859700 ) ) ;
#5182 = CARTESIAN_POINT ( 'NONE',  ( 11.41416175432562063, 27.51683799597300251, 153.9666123292959981 ) ) ;
#5183 = CARTESIAN_POINT ( 'NONE',  ( 11.43175526999874059, 27.62519023510855121, 153.6769833333334816 ) ) ;
#5184 = DIRECTION ( 'NONE',  ( -0.9949093705772958929, 0.000000000000000000, 0.1007737284091881624 ) ) ;
#5185 = CARTESIAN_POINT ( 'NONE',  ( 24.99182241585959829, 25.46410685078529923, 156.9691541666665273 ) ) ;
#5186 = CARTESIAN_POINT ( 'NONE',  ( 13.74476983734091995, 22.87493171539225045, 152.9046637187514932 ) ) ;
#5187 = CARTESIAN_POINT ( 'NONE',  ( 24.64362735875977961, 25.69292215904643939, 154.8581788682424758 ) ) ;
#5188 = LINE ( 'NONE', #425, #3828 ) ;
#5189 = CARTESIAN_POINT ( 'NONE',  ( 10.68312767489920212, 23.03532396683365135, 155.6773777777775081 ) ) ;
#5190 = CARTESIAN_POINT ( 'NONE',  ( 24.81779829992165176, 25.67913318288350055, 156.1873874999999998 ) ) ;
#5191 = CARTESIAN_POINT ( 'NONE',  ( 20.77920811059784967, 28.97899642495555028, 149.9316291666665677 ) ) ;
#5192 = CARTESIAN_POINT ( 'NONE',  ( 12.58530784541111913, 28.50894678342319821, 155.3852561310154954 ) ) ;
#5193 = CARTESIAN_POINT ( 'NONE',  ( 11.65467381077636055, 27.91123188689384804, 153.6457874999999831 ) ) ;
#5194 = B_SPLINE_CURVE_WITH_KNOTS ( 'NONE', 3,
 ( #6468, #1097, #505, #570 ),
 .UNSPECIFIED., .F., .F.,
 ( 4, 4 ),
 ( 1.769077770938649889E-17, 0.0001877871292866100056 ),
 .UNSPECIFIED. ) ;
#5195 = CARTESIAN_POINT ( 'NONE',  ( 24.63667327966280141, 26.03463556328989981, 156.1895666666665079 ) ) ;
#5196 = CARTESIAN_POINT ( 'NONE',  ( 23.15484574044575083, 26.63596248968680058, 149.6094786229903946 ) ) ;
#5197 = FACE_OUTER_BOUND ( 'NONE', #5731, .T. ) ;
#5198 = EDGE_LOOP ( 'NONE', ( #4311, #3253, #5317, #803 ) ) ;
#5199 = EDGE_CURVE ( 'NONE', #1883, #713, #3632, .T. ) ;
#5200 = CARTESIAN_POINT ( 'NONE',  ( 19.73852157475855051, 29.60601576596614848, 151.0754416666665065 ) ) ;
#5201 = CARTESIAN_POINT ( 'NONE',  ( 14.06029655211897023, 29.82808785692853704, 152.0654030239417125 ) ) ;
#5202 = FACE_OUTER_BOUND ( 'NONE', #4800, .T. ) ;
#5203 = CARTESIAN_POINT ( 'NONE',  ( 25.28119215748199622, 23.15629912671860069, 154.6936999999999784 ) ) ;
#5204 = CARTESIAN_POINT ( 'NONE',  ( 13.48109784062880045, 22.80986322293504998, 156.4150545412060183 ) ) ;
#5205 = VERTEX_POINT ( 'NONE', #5537 ) ;
#5206 = CARTESIAN_POINT ( 'NONE',  ( 11.63966802344282137, 26.23689624711674995, 159.2121500000000083 ) ) ;
#5207 = CARTESIAN_POINT ( 'NONE',  ( 16.90714024991149955, 30.24735037576055063, 152.2579327896899883 ) ) ;
#5208 = CARTESIAN_POINT ( 'NONE',  ( 24.27412565414455159, 25.36274081578414652, 151.7724960483390078 ) ) ;
#5209 = CARTESIAN_POINT ( 'NONE',  ( 10.00651268308961939, 26.53010286852139998, 149.8655384188089954 ) ) ;
#5210 = CARTESIAN_POINT ( 'NONE',  ( 10.89814454989402748, 24.75661799606612945, 156.5839570551968052 ) ) ;
#5211 = CARTESIAN_POINT ( 'NONE',  ( 13.96926445613149959, 23.02065582607589889, 155.7307415717064885 ) ) ;
#5212 = CARTESIAN_POINT ( 'NONE',  ( 9.742512217820429754, 23.45904205722764857, 150.3088332416394906 ) ) ;
#5213 = ORIENTED_EDGE ( 'NONE', *, *, #4474, .F. ) ;
#5214 = CARTESIAN_POINT ( 'NONE',  ( 17.66853238256232572, 30.18864320394884970, 151.6806792233454644 ) ) ;
#5215 = CARTESIAN_POINT ( 'NONE',  ( 24.10111486307445006, 22.09527334999079784, 148.1762895833333857 ) ) ;
#5216 = CARTESIAN_POINT ( 'NONE',  ( 24.08485868629175286, 23.41007531552810050, 148.0539259959030005 ) ) ;
#5217 = CARTESIAN_POINT ( 'NONE',  ( 10.69820131449320044, 26.58526038874699893, 153.3163068437719971 ) ) ;
#5218 = CARTESIAN_POINT ( 'NONE',  ( 17.50003491959849811, 30.12780848048700122, 147.3743624999999895 ) ) ;
#5219 = CARTESIAN_POINT ( 'NONE',  ( 9.699216788542811329, 22.21608360715174868, 150.2123097865614909 ) ) ;
#5220 = CARTESIAN_POINT ( 'NONE',  ( 10.09248402281538226, 24.03661238515781307, 152.7764728696413101 ) ) ;
#5221 = EDGE_LOOP ( 'NONE', ( #3746, #2872, #6457 ) ) ;
#5222 = CARTESIAN_POINT ( 'NONE',  ( 11.46447769957214113, 27.54335678617330174, 154.4633668508124913 ) ) ;
#5223 = CARTESIAN_POINT ( 'NONE',  ( 13.71300692549031908, 22.82792417869145041, 156.3871592463939919 ) ) ;
#5224 = CARTESIAN_POINT ( 'NONE',  ( 24.62748011836558959, 25.76261905682970266, 154.9830499682145444 ) ) ;
#5225 = LINE ( 'NONE', #1389, #6699 ) ;
#5226 = CARTESIAN_POINT ( 'NONE',  ( 25.10909302109935126, 24.93575257988299754, 156.1941833333335126 ) ) ;
#5227 = CARTESIAN_POINT ( 'NONE',  ( 24.96038299342065159, 26.00861623471950423, 159.3160708333334981 ) ) ;
#5228 = DIRECTION ( 'NONE',  ( -0.4749331273209871918, 0.000000000000000000, 0.8800218886897683834 ) ) ;
#5229 = CARTESIAN_POINT ( 'NONE',  ( 15.82572370848069809, 30.22621971689004994, 153.1177999999999884 ) ) ;
#5230 = CARTESIAN_POINT ( 'NONE',  ( 24.94514607330405198, 25.15324164919540095, 155.4112333333335130 ) ) ;
#5231 = CARTESIAN_POINT ( 'NONE',  ( 11.52531228488656012, 28.17250872737714928, 152.0598999999999990 ) ) ;
#5232 = CARTESIAN_POINT ( 'NONE',  ( 10.09519577630949705, 22.29958832328212992, 151.3363879989071847 ) ) ;
#5233 = LINE ( 'NONE', #6754, #813 ) ;
#5234 = CARTESIAN_POINT ( 'NONE',  ( 10.51507142626811842, 21.18431642942180204, 153.0776000000000181 ) ) ;
#5235 = ORIENTED_EDGE ( 'NONE', *, *, #5750, .F. ) ;
#5236 = CARTESIAN_POINT ( 'NONE',  ( 12.78317193703858301, 29.18084465284032802, 152.2293146448075163 ) ) ;
#5237 = CARTESIAN_POINT ( 'NONE',  ( 23.70276941939475179, 28.02081256611944937, 160.9537500000000136 ) ) ;
#5238 = CARTESIAN_POINT ( 'NONE',  ( 24.95052994007560088, 24.43357903081714966, 153.8696062500000039 ) ) ;
#5239 = CARTESIAN_POINT ( 'NONE',  ( 25.70389953728459886, 24.01283593023764951, 160.1274500000000103 ) ) ;
#5240 = VERTEX_POINT ( 'NONE', #6053 ) ;
#5241 = CARTESIAN_POINT ( 'NONE',  ( 11.90278089438143994, 20.85817247978114963, 160.4016930342905027 ) ) ;
#5242 = CARTESIAN_POINT ( 'NONE',  ( 14.97122614625594039, 23.05664715615035121, 154.6748989606155078 ) ) ;
#5243 = CARTESIAN_POINT ( 'NONE',  ( 10.59312215633514143, 26.56260853716869974, 152.5909155387100213 ) ) ;
#5244 = CARTESIAN_POINT ( 'NONE',  ( 10.17610245004139990, 27.15379170110835005, 149.4158069365853976 ) ) ;
#5245 = CARTESIAN_POINT ( 'NONE',  ( 11.19839534119486935, 24.26553103458194016, 158.5976838242176257 ) ) ;
#5246 = CARTESIAN_POINT ( 'NONE',  ( 13.68687809824586132, 22.80273537830830222, 155.8751769395404949 ) ) ;
#5247 = EDGE_CURVE ( 'NONE', #2606, #4021, #4034, .T. ) ;
#5248 = ORIENTED_EDGE ( 'NONE', *, *, #4878, .T. ) ;
#5249 = CARTESIAN_POINT ( 'NONE',  ( 11.30427111611377988, 27.35292307582914972, 153.9864935259429899 ) ) ;
#5250 = CARTESIAN_POINT ( 'NONE',  ( 23.81948319929609781, 21.23859838461070026, 146.9793999999999983 ) ) ;
#5251 = CARTESIAN_POINT ( 'NONE',  ( 10.88108358274201848, 26.57858510163914900, 154.0706952497729958 ) ) ;
#5252 = CARTESIAN_POINT ( 'NONE',  ( 18.66662096373040214, 30.07964841132654854, 153.5581999999999994 ) ) ;
#5253 = CARTESIAN_POINT ( 'NONE',  ( 11.56222620599269924, 27.72107855273170074, 153.9407117745024891 ) ) ;
#5254 = CARTESIAN_POINT ( 'NONE',  ( 10.42719314832119970, 26.21284714270665006, 152.6263940762420077 ) ) ;
#5255 = EDGE_CURVE ( 'NONE', #5073, #3540, #340, .T. ) ;
#5256 = CARTESIAN_POINT ( 'NONE',  ( 11.31848287074982018, 27.68952954271044931, 152.9605512399174927 ) ) ;
#5257 = CIRCLE ( 'NONE', #3299, 1.749999999999996447 ) ;
#5258 = ORIENTED_EDGE ( 'NONE', *, *, #2966, .F. ) ;
#5259 = CARTESIAN_POINT ( 'NONE',  ( 10.38144901989585911, 22.43330589922191365, 153.7809109681019493 ) ) ;
#5260 = CARTESIAN_POINT ( 'NONE',  ( 14.29658333736785991, 23.06626825178415174, 156.1390195968614876 ) ) ;
#5261 = CARTESIAN_POINT ( 'NONE',  ( 24.30068109045565095, 25.18250833686684942, 151.5280458333335218 ) ) ;
#5262 = CARTESIAN_POINT ( 'NONE',  ( 9.403543494173579376, 23.57738504047113892, 149.5558024744869385 ) ) ;
#5263 = CARTESIAN_POINT ( 'NONE',  ( 24.70717417634556057, 25.91567007661916477, 156.2775584298015303 ) ) ;
#5264 = CARTESIAN_POINT ( 'NONE',  ( 19.49063332504329793, 29.76646623282495341, 152.0219240070495061 ) ) ;
#5265 = CARTESIAN_POINT ( 'NONE',  ( 24.07372587154874921, 24.60746554260440178, 149.3133430555553787 ) ) ;
#5266 = AXIS2_PLACEMENT_3D ( 'NONE', #762, #1315, #3451 ) ;
#5267 = CARTESIAN_POINT ( 'NONE',  ( 24.65548557056440160, 25.32645920024869923, 153.8552708333334920 ) ) ;
#5268 = CARTESIAN_POINT ( 'NONE',  ( 21.93235751543609879, 28.08089963973104730, 149.7139256944443844 ) ) ;
#5269 = CARTESIAN_POINT ( 'NONE',  ( 25.25747920413604675, 25.16053904118309603, 158.5352833333334956 ) ) ;
#5270 = CARTESIAN_POINT ( 'NONE',  ( 12.27761320243138066, 28.24513821474925024, 155.1590001397159995 ) ) ;
#5271 = CARTESIAN_POINT ( 'NONE',  ( 10.88108358274201848, 26.57858510163914900, 154.0706952497729958 ) ) ;
#5272 = VECTOR ( 'NONE', #368, 1000.000000000000114 ) ;
#5273 = CARTESIAN_POINT ( 'NONE',  ( 10.19360573477488074, 22.34634302609974554, 152.1942334303892324 ) ) ;
#5274 = CARTESIAN_POINT ( 'NONE',  ( 10.79194871302154013, 27.49484153531489738, 151.3549333333334914 ) ) ;
#5275 = CARTESIAN_POINT ( 'NONE',  ( 10.01846453533809900, 24.33735330297029975, 152.4545618055554996 ) ) ;
#5276 = ORIENTED_EDGE ( 'NONE', *, *, #4914, .F. ) ;
#5277 = CARTESIAN_POINT ( 'NONE',  ( 24.94177683618259778, 24.86216764718309946, 154.6373166666664929 ) ) ;
#5278 = CARTESIAN_POINT ( 'NONE',  ( 24.08875520488915001, 27.74485356529314828, 162.1123437500000080 ) ) ;
#5279 = CARTESIAN_POINT ( 'NONE',  ( 12.51194152555430072, 22.69225440146279738, 155.5942946246474889 ) ) ;
#5280 = VECTOR ( 'NONE', #5056, 1000.000000000000114 ) ;
#5281 = CARTESIAN_POINT ( 'NONE',  ( 25.37446624306580034, 21.77919031607680012, 156.3473999999999933 ) ) ;
#5282 = CARTESIAN_POINT ( 'NONE',  ( 24.40112233182654933, 27.33537642288530023, 161.9617737847220269 ) ) ;
#5283 = ORIENTED_EDGE ( 'NONE', *, *, #4788, .T. ) ;
#5284 = CARTESIAN_POINT ( 'NONE',  ( 12.14368614255858070, 27.45245690309190323, 158.3527624999999830 ) ) ;
#5285 = LINE ( 'NONE', #5872, #169 ) ;
#5286 = DIRECTION ( 'NONE',  ( 0.1006305070990614337, 0.05303747245040724839, 0.9935091985266458758 ) ) ;
#5287 = CARTESIAN_POINT ( 'NONE',  ( 10.99356563766224149, 27.24934603473105099, 152.9394104166665045 ) ) ;
#5288 = CARTESIAN_POINT ( 'NONE',  ( 11.09426467173124387, 24.85544130930853868, 157.6583310270362688 ) ) ;
#5289 = CARTESIAN_POINT ( 'NONE',  ( 10.28582721424709767, 20.76243955828945076, 150.9899713110839912 ) ) ;
#5290 = B_SPLINE_CURVE_WITH_KNOTS ( 'NONE', 3,
 ( #5492, #2904, #1317, #2308, #4519, #2870, #1817, #6104, #2437, #5007, #697, #4485, #6595, #1851, #2835, #3959, #6659, #6071, #1783 ),
 .UNSPECIFIED., .F., .F.,
 ( 4, 1, 1, 1, 1, 1, 1, 1, 1, 1, 1, 1, 1, 1, 1, 1, 4 ),
 ( 0.000000000000000000, 0.07025915895637629971, 0.1377219003498202088, 0.2027509112938419844, 0.2657326030746260392, 0.3278827700757224739, 0.3899099664200120219, 0.4522184925915190279, 0.5155656246153409450, 0.5787064022099189797, 0.6399166667712129497, 0.6998666022869609593, 0.7591673488914629786, 0.8181378102880429992, 0.8776716488128230020, 0.9379656475247249992, 1.000000000000000000 ),
 .UNSPECIFIED. ) ;
#5291 = CARTESIAN_POINT ( 'NONE',  ( 9.647553589654860318, 22.01517704472899695, 150.1023171875000060 ) ) ;
#5292 = ORIENTED_EDGE ( 'NONE', *, *, #1046, .F. ) ;
#5293 = CARTESIAN_POINT ( 'NONE',  ( 16.35500596193589828, 30.28946457927699853, 147.9239092013890229 ) ) ;
#5294 = CARTESIAN_POINT ( 'NONE',  ( 23.87105005999955054, 21.28824495201429912, 147.4907499999999914 ) ) ;
#5295 = ADVANCED_FACE ( 'NONE', ( #4093 ), #3363, .F. ) ;
#5296 = CARTESIAN_POINT ( 'NONE',  ( 20.12236308440600041, 29.99605805629640187, 164.0934864583335013 ) ) ;
#5297 = CARTESIAN_POINT ( 'NONE',  ( 13.74476983734091995, 22.87493171539225045, 152.9046637187514932 ) ) ;
#5298 = CARTESIAN_POINT ( 'NONE',  ( 9.999767753576126239, 22.27171898149622109, 150.8931764767246477 ) ) ;
#5299 = CARTESIAN_POINT ( 'NONE',  ( 24.21160421826245113, 25.72929327637819696, 152.3037499999999795 ) ) ;
#5300 = DIRECTION ( 'NONE',  ( 0.9914626728336707329, 0.07787427352598276509, -0.1045818621956693811 ) ) ;
#5301 = ORIENTED_EDGE ( 'NONE', *, *, #188, .F. ) ;
#5302 = FACE_OUTER_BOUND ( 'NONE', #3986, .T. ) ;
#5303 = CARTESIAN_POINT ( 'NONE',  ( 10.68568011998232059, 23.72883207541749684, 155.8045094351970192 ) ) ;
#5304 = EDGE_CURVE ( 'NONE', #6092, #5979, #6799, .T. ) ;
#5305 = CARTESIAN_POINT ( 'NONE',  ( 10.34646667064634151, 25.12050837581890050, 153.8582499999999982 ) ) ;
#5306 = CARTESIAN_POINT ( 'NONE',  ( 25.43438163789799944, 25.48214467580824660, 161.6652193674599971 ) ) ;
#5307 = CARTESIAN_POINT ( 'NONE',  ( 11.33326025666229775, 27.53258914734885110, 153.5438743270794930 ) ) ;
#5308 = CARTESIAN_POINT ( 'NONE',  ( 24.64038402749825352, 25.96739798415240585, 155.9146239172179378 ) ) ;
#5309 = LINE ( 'NONE', #6821, #4368 ) ;
#5310 = CARTESIAN_POINT ( 'NONE',  ( 22.44042119498070065, 27.72614425098599966, 150.4496499999999912 ) ) ;
#5311 = CARTESIAN_POINT ( 'NONE',  ( 12.15915926844587958, 28.32197191698819694, 154.2460142361109945 ) ) ;
#5312 = CARTESIAN_POINT ( 'NONE',  ( 13.59882160379661897, 22.81909592143089682, 156.4023276166454934 ) ) ;
#5313 = CARTESIAN_POINT ( 'NONE',  ( 24.70404877392930132, 26.05639306606149930, 156.9709937500000194 ) ) ;
#5314 = FACE_OUTER_BOUND ( 'NONE', #460, .T. ) ;
#5315 = CARTESIAN_POINT ( 'NONE',  ( 11.48382238945361955, 27.50340935143310261, 154.3368499999999983 ) ) ;
#5316 = CARTESIAN_POINT ( 'NONE',  ( 9.973211783882499404, 24.32784778908779799, 151.9313729166665041 ) ) ;
#5317 = ORIENTED_EDGE ( 'NONE', *, *, #901, .F. ) ;
#5318 = CARTESIAN_POINT ( 'NONE',  ( 17.82879695123455122, 30.20493179663949945, 153.1733766094614850 ) ) ;
#5319 = CARTESIAN_POINT ( 'NONE',  ( 25.18929297075665019, 24.68169237686894846, 156.1989791666665042 ) ) ;
#5320 = CARTESIAN_POINT ( 'NONE',  ( 25.43538635675365001, 21.35364258696959538, 160.3174999999999955 ) ) ;
#5321 = CARTESIAN_POINT ( 'NONE',  ( 24.70472583864274796, 26.19195579155259779, 157.7541333333334990 ) ) ;
#5322 = ORIENTED_EDGE ( 'NONE', *, *, #2055, .F. ) ;
#5323 = CARTESIAN_POINT ( 'NONE',  ( 11.61564794013449919, 26.72935054650579900, 157.6334999999999980 ) ) ;
#5324 = CARTESIAN_POINT ( 'NONE',  ( 23.57000407501564965, 25.39121438955434940, 148.1146575395699756 ) ) ;
#5325 = LINE ( 'NONE', #5358, #502 ) ;
#5326 = CARTESIAN_POINT ( 'NONE',  ( 11.21867801946559950, 27.55444919299639750, 152.9778715522604955 ) ) ;
#5327 = CARTESIAN_POINT ( 'NONE',  ( 9.902211174548149586, 24.30034132483109843, 151.1444866335720008 ) ) ;
#5328 = CARTESIAN_POINT ( 'NONE',  ( 9.950211762972008600, 22.32680249053740340, 150.7952625000000069 ) ) ;
#5329 = ORIENTED_EDGE ( 'NONE', *, *, #3898, .T. ) ;
#5330 = CARTESIAN_POINT ( 'NONE',  ( 23.58954568184270073, 20.23822902099659871, 144.9266374999999982 ) ) ;
#5331 = CARTESIAN_POINT ( 'NONE',  ( 19.73216804033170035, 30.02914370743355121, 164.1362209730224890 ) ) ;
#5332 = CARTESIAN_POINT ( 'NONE',  ( 11.44296152964939850, 27.55832737590950288, 153.9614803408460091 ) ) ;
#5333 = DIRECTION ( 'NONE',  ( 0.000000000000000000, -0.04490276582358716101, -0.9989913621355253071 ) ) ;
#5334 = CARTESIAN_POINT ( 'NONE',  ( 11.25817338239476051, 27.60879940294820400, 152.9709696545030226 ) ) ;
#5335 = EDGE_CURVE ( 'NONE', #1423, #6791, #1229, .T. ) ;
#5336 = ORIENTED_EDGE ( 'NONE', *, *, #3608, .T. ) ;
#5337 = CARTESIAN_POINT ( 'NONE',  ( 14.98780925919829876, 22.85753687389370015, 154.6838485899275213 ) ) ;
#5338 = CARTESIAN_POINT ( 'NONE',  ( 10.15834794373289895, 25.12485689102189923, 153.0888999999999953 ) ) ;
#5339 = CARTESIAN_POINT ( 'NONE',  ( 25.49266754338715302, 25.42112946291450015, 162.0557638748605029 ) ) ;
#5340 = CARTESIAN_POINT ( 'NONE',  ( 23.90472706634234967, 24.46490134454635168, 148.1159754218399769 ) ) ;
#5341 = CARTESIAN_POINT ( 'NONE',  ( 9.937381977737413052, 24.13908575705161041, 151.4015736378899248 ) ) ;
#5342 = CARTESIAN_POINT ( 'NONE',  ( 25.53697518909680042, 25.17691345085000165, 161.5377785308255056 ) ) ;
#5343 = CARTESIAN_POINT ( 'NONE',  ( 25.09862743289205156, 26.03320519238179998, 160.7515999999999963 ) ) ;
#5344 = CARTESIAN_POINT ( 'NONE',  ( 24.53843338049479783, 24.59636442638405285, 151.7866367988220020 ) ) ;
#5345 = EDGE_CURVE ( 'NONE', #6100, #6353, #3312, .T. ) ;
#5346 = CARTESIAN_POINT ( 'NONE',  ( 19.61514686850909683, 29.72080591982460263, 152.0117496450099850 ) ) ;
#5347 = CARTESIAN_POINT ( 'NONE',  ( 25.22730796221960148, 25.43012540991555070, 159.3152979166665091 ) ) ;
#5348 = CARTESIAN_POINT ( 'NONE',  ( 10.22332721938362177, 21.69741658350310232, 151.5424166666665258 ) ) ;
#5349 = ORIENTED_EDGE ( 'NONE', *, *, #694, .F. ) ;
#5350 = CARTESIAN_POINT ( 'NONE',  ( 22.96162433477820031, 28.83854173522135156, 162.0667958333334866 ) ) ;
#5351 = CARTESIAN_POINT ( 'NONE',  ( 24.54172304883524802, 24.42156902714155109, 151.5411666666664985 ) ) ;
#5352 = CARTESIAN_POINT ( 'NONE',  ( 24.74086723307199875, 20.83685622217235078, 153.3185000000000002 ) ) ;
#5353 = EDGE_CURVE ( 'NONE', #2186, #1077, #5285, .T. ) ;
#5354 = CARTESIAN_POINT ( 'NONE',  ( 24.89957002906239936, 26.12097263219795096, 159.3173166666665281 ) ) ;
#5355 = ORIENTED_EDGE ( 'NONE', *, *, #1681, .F. ) ;
#5356 = CARTESIAN_POINT ( 'NONE',  ( 11.47898265682706054, 20.58514553551435000, 157.6932500000000061 ) ) ;
#5357 = CARTESIAN_POINT ( 'NONE',  ( 23.63588421615104807, 25.50546473791000324, 148.7941380348889879 ) ) ;
#5358 = CARTESIAN_POINT ( 'NONE',  ( 19.07119735430349650, 23.14102695297099999, 153.4246348377854758 ) ) ;
#5359 = CARTESIAN_POINT ( 'NONE',  ( 27.75906796432910184, 24.45984672705279905, 155.4938420934619785 ) ) ;
#5360 = CARTESIAN_POINT ( 'NONE',  ( 23.68588624557149913, 25.73233345493060398, 149.5773184222219925 ) ) ;
#5361 = CARTESIAN_POINT ( 'NONE',  ( 10.01617070509819918, 22.33739799709200113, 151.0455874999999821 ) ) ;
#5362 = CARTESIAN_POINT ( 'NONE',  ( 25.01048868762714861, 25.75577366430260184, 158.5320874999999887 ) ) ;
#5363 = CARTESIAN_POINT ( 'NONE',  ( 9.577758970818399220, 23.41315489196069777, 149.8865063782183995 ) ) ;
#5364 = VERTEX_POINT ( 'NONE', #3765 ) ;
#5365 = CARTESIAN_POINT ( 'NONE',  ( 23.99681327062970126, 24.85455284973889789, 149.3077981382860173 ) ) ;
#5366 = CARTESIAN_POINT ( 'NONE',  ( 23.83946951145279769, 23.15267945635730129, 144.4979375000000061 ) ) ;
#5367 = CARTESIAN_POINT ( 'NONE',  ( 17.68122432358910245, 30.18301439508424977, 152.0955500000000029 ) ) ;
#5368 = CARTESIAN_POINT ( 'NONE',  ( 25.46072685492708132, 24.01950342594402343, 157.4870666019370162 ) ) ;
#5369 = CARTESIAN_POINT ( 'NONE',  ( 24.09388622397005264, 25.67689194846559886, 151.5269458333335137 ) ) ;
#5370 = EDGE_LOOP ( 'NONE', ( #96, #2047, #1987, #5754 ) ) ;
#5371 = CARTESIAN_POINT ( 'NONE',  ( 13.58223849085428014, 23.01820620368754788, 156.3933779873334800 ) ) ;
#5372 = CARTESIAN_POINT ( 'NONE',  ( 10.79225913762440037, 25.51380289936005141, 155.3783124999999927 ) ) ;
#5373 = CARTESIAN_POINT ( 'NONE',  ( 24.33570921508434992, 24.61779876381959653, 150.7578166666665140 ) ) ;
#5374 = CARTESIAN_POINT ( 'NONE',  ( 24.01489493745184944, 23.28545879376688887, 147.4775694421632863 ) ) ;
#5375 = CARTESIAN_POINT ( 'NONE',  ( 14.31354199713211983, 22.98157837316700025, 154.2234259551759976 ) ) ;
#5376 = CARTESIAN_POINT ( 'NONE',  ( 25.32872630462779995, 24.61460891080259827, 157.4725525702264974 ) ) ;
#5377 = CARTESIAN_POINT ( 'NONE',  ( 15.26879782861615098, 30.15102516369625008, 153.9388217036905075 ) ) ;
#5378 = CARTESIAN_POINT ( 'NONE',  ( 11.67398274540565950, 27.82746041640159973, 154.4269796048084800 ) ) ;
#5379 = CARTESIAN_POINT ( 'NONE',  ( 11.58123717212114023, 27.39161694604399599, 155.1218557131009845 ) ) ;
#5380 = CARTESIAN_POINT ( 'NONE',  ( 10.76581961081486050, 20.42736262598770125, 153.0416520833335028 ) ) ;
#5381 = VERTEX_POINT ( 'NONE', #522 ) ;
#5382 = EDGE_CURVE ( 'NONE', #3915, #5131, #6390, .T. ) ;
#5383 = CARTESIAN_POINT ( 'NONE',  ( 22.97355576451154846, 28.83932333745554999, 162.1983708333334846 ) ) ;
#5384 = CARTESIAN_POINT ( 'NONE',  ( 25.15104601988645072, 24.80936224839845039, 156.1963083333335192 ) ) ;
#5385 = CARTESIAN_POINT ( 'NONE',  ( 25.16852875040730098, 20.78746354467374857, 161.5651499999999885 ) ) ;
#5386 = AXIS2_PLACEMENT_3D ( 'NONE', #931, #6765, #1554 ) ;
#5387 = CARTESIAN_POINT ( 'NONE',  ( 25.03813043153590101, 26.25118990379180062, 161.2765204801254981 ) ) ;
#5388 = ORIENTED_EDGE ( 'NONE', *, *, #6401, .F. ) ;
#5389 = CARTESIAN_POINT ( 'NONE',  ( 11.20332743288227917, 26.18875918872724995, 156.5049416666664968 ) ) ;
#5390 = CARTESIAN_POINT ( 'NONE',  ( 20.04723417966985366, 29.68020752171259957, 153.4799511413765174 ) ) ;
#5391 = VECTOR ( 'NONE', #99, 1000.000000000000000 ) ;
#5392 = CARTESIAN_POINT ( 'NONE',  ( 19.18826149704419848, 29.82243470272145203, 151.5462965508225182 ) ) ;
#5393 = CARTESIAN_POINT ( 'NONE',  ( 25.10909302109935126, 24.93575257988299754, 156.1941833333335126 ) ) ;
#5394 = CARTESIAN_POINT ( 'NONE',  ( 8.237174176225719791, 21.91996383922170111, 149.4205915462763983 ) ) ;
#5395 = ORIENTED_EDGE ( 'NONE', *, *, #273, .T. ) ;
#5396 = CARTESIAN_POINT ( 'NONE',  ( 24.11852782506949922, 24.93923141408365041, 150.1350797936075310 ) ) ;
#5397 = CARTESIAN_POINT ( 'NONE',  ( 10.57336972854871959, 24.73622749794985154, 155.0203812500000140 ) ) ;
#5398 = CARTESIAN_POINT ( 'NONE',  ( 22.40006767427615131, 18.30374141591140003, 145.2491771058183758 ) ) ;
#5399 = CARTESIAN_POINT ( 'NONE',  ( 17.29037510282660151, 30.22461788882980116, 152.1430625000000134 ) ) ;
#5400 = CARTESIAN_POINT ( 'NONE',  ( 11.20102432886392130, 27.22242012315074788, 153.9069329621019904 ) ) ;
#5401 = B_SPLINE_SURFACE_WITH_KNOTS ( 'NONE', 3, 1, ( 
 ( #5014, #2937 ),
 ( #943, #6184 ),
 ( #347, #3041 ),
 ( #3007, #2517 ),
 ( #5692, #906 ),
 ( #6213, #4102 ),
 ( #3560, #802 ),
 ( #4557, #839 ),
 ( #6148, #2973 ) ),
 .UNSPECIFIED., .F., .F., .F.,
 ( 4, 3, 2, 4 ),
 ( 2, 2 ),
 ( 0.000000000000000000, 0.0003244349373844550148, 0.0005401144698079170291, 0.0007560562151286929220 ),
 ( 0.000000000000000000, 1.000000000000000000 ),
 .UNSPECIFIED. ) ;
#5402 = ORIENTED_EDGE ( 'NONE', *, *, #5199, .F. ) ;
#5403 = CARTESIAN_POINT ( 'NONE',  ( 9.813396241011439258, 22.25756147724700185, 150.4288156455664875 ) ) ;
#5404 = CARTESIAN_POINT ( 'NONE',  ( 11.74636615542045881, 28.20240634031700111, 152.8898317545715031 ) ) ;
#5405 = CARTESIAN_POINT ( 'NONE',  ( 25.40984565371810078, 25.35637990280769927, 160.7499347222220081 ) ) ;
#5406 = CARTESIAN_POINT ( 'NONE',  ( 11.14575792799768195, 22.38402196320380000, 151.2682304343465205 ) ) ;
#5407 = CARTESIAN_POINT ( 'NONE',  ( 25.18807710961715074, 26.11302028208629977, 162.0583602711400033 ) ) ;
#5408 = CARTESIAN_POINT ( 'NONE',  ( 20.11950313846070060, 29.60298559265695317, 152.9734868069720051 ) ) ;
#5409 = CARTESIAN_POINT ( 'NONE',  ( 10.36643265130543945, 27.48553766268859988, 149.3866870734849783 ) ) ;
#5410 = CARTESIAN_POINT ( 'NONE',  ( 22.93547116821615006, 27.76154261301190118, 153.2898296685949902 ) ) ;
#5411 = VERTEX_POINT ( 'NONE', #1631 ) ;
#5412 = CARTESIAN_POINT ( 'NONE',  ( 13.10787527383079976, 22.75606253224770015, 155.9096616838365037 ) ) ;
#5413 = CARTESIAN_POINT ( 'NONE',  ( 22.74978151829369821, 28.77806455380590123, 160.2348000000000070 ) ) ;
#5414 = CARTESIAN_POINT ( 'NONE',  ( 24.98347490033669871, 24.73435650998049695, 154.6395249999999919 ) ) ;
#5415 = CARTESIAN_POINT ( 'NONE',  ( 25.05282651940055061, 20.44569139288245196, 158.8447000000000173 ) ) ;
#5416 = EDGE_CURVE ( 'NONE', #6100, #5411, #4717, .T. ) ;
#5417 = CARTESIAN_POINT ( 'NONE',  ( 24.12710116710814745, 27.06188396945155006, 157.7760000000000105 ) ) ;
#5418 = VERTEX_POINT ( 'NONE', #957 ) ;
#5419 = CARTESIAN_POINT ( 'NONE',  ( 11.10014366643395967, 25.55396252361629905, 157.0508666666665079 ) ) ;
#5420 = CARTESIAN_POINT ( 'NONE',  ( 9.862430246686333390, 24.41595273608588812, 150.8722498541798984 ) ) ;
#5421 = CARTESIAN_POINT ( 'NONE',  ( 13.40499423651129973, 22.98182826740169560, 155.9124687202020141 ) ) ;
#5422 = CARTESIAN_POINT ( 'NONE',  ( 9.902565850821229532, 24.30134925332189866, 151.1476773313904971 ) ) ;
#5423 = CARTESIAN_POINT ( 'NONE',  ( 18.48307386475909908, 30.08642412188475035, 152.1068983926969622 ) ) ;
#5424 = ADVANCED_FACE ( 'NONE', ( #1900 ), #3019, .T. ) ;
#5425 = CARTESIAN_POINT ( 'NONE',  ( 8.447057956720369631, 23.81411592652814946, 148.6696734658694083 ) ) ;
#5426 = ORIENTED_EDGE ( 'NONE', *, *, #4914, .T. ) ;
#5427 = CARTESIAN_POINT ( 'NONE',  ( 19.22160391352375086, 29.84536469140639880, 151.9180312500000127 ) ) ;
#5428 = CARTESIAN_POINT ( 'NONE',  ( 23.56728559828275138, 25.42574858216995182, 148.1951698421705998 ) ) ;
#5429 = CARTESIAN_POINT ( 'NONE',  ( 18.25565141320020146, 30.21470071117090228, 159.1521124999999870 ) ) ;
#5430 = DIRECTION ( 'NONE',  ( -0.9914626728336710659, -0.07787427352598338959, 0.1045818621956672023 ) ) ;
#5431 = CARTESIAN_POINT ( 'NONE',  ( 19.23129305301414504, 29.95593885712210280, 153.5478776241281196 ) ) ;
#5432 = ORIENTED_EDGE ( 'NONE', *, *, #583, .F. ) ;
#5433 = CARTESIAN_POINT ( 'NONE',  ( 13.00695189715113997, 22.97005641926704911, 156.3881180366329886 ) ) ;
#5434 = CARTESIAN_POINT ( 'NONE',  ( 9.847447613822470913, 24.67208369295564907, 150.7645877574325084 ) ) ;
#5435 = CARTESIAN_POINT ( 'NONE',  ( 24.20945423372534933, 24.77490711732355066, 150.3377457525749890 ) ) ;
#5436 = DIRECTION ( 'NONE',  ( 0.000000000000000000, -0.5698020539616649449, -0.8217819779607410391 ) ) ;
#5437 = CARTESIAN_POINT ( 'NONE',  ( 24.47341055138184984, 25.97572265440080130, 154.6317479166665123 ) ) ;
#5438 = CARTESIAN_POINT ( 'NONE',  ( 13.51989973174119974, 29.48629116537039963, 153.6481860088765075 ) ) ;
#5439 = CARTESIAN_POINT ( 'NONE',  ( 10.52913510018554000, 25.87259207784260084, 153.8221499999999935 ) ) ;
#5440 = CARTESIAN_POINT ( 'NONE',  ( 16.31247900679530005, 30.30454081246115194, 147.5372166666665805 ) ) ;
#5441 = DIRECTION ( 'NONE',  ( -0.9914626728336708439, -0.07787427352598327857, 0.1045818621956677713 ) ) ;
#5442 = CARTESIAN_POINT ( 'NONE',  ( 13.54056968709357811, 22.81459216474009821, 156.4100657972394970 ) ) ;
#5443 = CARTESIAN_POINT ( 'NONE',  ( 13.20591656051795937, 22.96535237454629907, 155.9147937224680049 ) ) ;
#5444 = CARTESIAN_POINT ( 'NONE',  ( 23.06299552513160123, 28.31880631148164795, 158.6290500000000065 ) ) ;
#5445 = CARTESIAN_POINT ( 'NONE',  ( 25.31773661339785164, 24.75542351891504822, 157.7601166666665051 ) ) ;
#5446 = CARTESIAN_POINT ( 'NONE',  ( 24.26281284055609788, 19.20224799761319900, 159.0229166666665037 ) ) ;
#5447 = CARTESIAN_POINT ( 'NONE',  ( 23.81427350177265012, 27.36022048526244888, 157.0058062499999778 ) ) ;
#5448 = ORIENTED_EDGE ( 'NONE', *, *, #3244, .F. ) ;
#5449 = CARTESIAN_POINT ( 'NONE',  ( 11.47530173615548144, 27.02676917854649830, 155.7929529666409962 ) ) ;
#5450 = CARTESIAN_POINT ( 'NONE',  ( 11.89153460357317904, 28.38080103196589832, 152.3623376194535126 ) ) ;
#5451 = CARTESIAN_POINT ( 'NONE',  ( 23.53796360906819984, 25.57536678107170403, 148.4391267792356075 ) ) ;
#5452 = CARTESIAN_POINT ( 'NONE',  ( 24.95052994007555114, 24.43357903081714966, 153.8696062500000039 ) ) ;
#5453 = FACE_OUTER_BOUND ( 'NONE', #266, .T. ) ;
#5454 = CARTESIAN_POINT ( 'NONE',  ( 24.33457990945804994, 25.04666789517764869, 151.2799792649154824 ) ) ;
#5455 = B_SPLINE_CURVE_WITH_KNOTS ( 'NONE', 3,
 ( #4668, #6777, #4105, #1993 ),
 .UNSPECIFIED., .F., .F.,
 ( 4, 4 ),
 ( 0.000000000000000000, 1.000000000000000000 ),
 .UNSPECIFIED. ) ;
#5456 = CARTESIAN_POINT ( 'NONE',  ( 9.771336359794720039, 24.24950367869545076, 150.4110490670314846 ) ) ;
#5457 = ORIENTED_EDGE ( 'NONE', *, *, #304, .T. ) ;
#5458 = CARTESIAN_POINT ( 'NONE',  ( 22.70526045012459804, 19.12241795270600164, 148.6212124999999844 ) ) ;
#5459 = CARTESIAN_POINT ( 'NONE',  ( 11.41416175432562063, 27.51683799597300251, 153.9666123292959981 ) ) ;
#5460 = CARTESIAN_POINT ( 'NONE',  ( 18.41468660806920354, 30.20217580800810353, 157.5420000000000016 ) ) ;
#5461 = DIRECTION ( 'NONE',  ( 0.9914626728336710659, 0.07787427352598338959, -0.1045818621956666056 ) ) ;
#5462 = EDGE_CURVE ( 'NONE', #5556, #6555, #305, .T. ) ;
#5463 = CARTESIAN_POINT ( 'NONE',  ( 14.64657217331452088, 30.02563000577244878, 152.4987406132424894 ) ) ;
#5464 = ORIENTED_EDGE ( 'NONE', *, *, #574, .T. ) ;
#5465 = CARTESIAN_POINT ( 'NONE',  ( 24.97231418075920217, 25.31093721329970236, 156.1894374999999968 ) ) ;
#5466 = CARTESIAN_POINT ( 'NONE',  ( 9.838580781854449953, 25.41197450501990218, 150.3688167538619780 ) ) ;
#5467 = CARTESIAN_POINT ( 'NONE',  ( 24.25129005866025267, 25.80546776642885121, 152.7577078288259997 ) ) ;
#5468 = CARTESIAN_POINT ( 'NONE',  ( 20.03978675904210149, 29.88209453455270292, 158.1322666666664816 ) ) ;
#5469 = CARTESIAN_POINT ( 'NONE',  ( 24.15164371112404851, 24.90602028594864947, 150.2514768757399963 ) ) ;
#5470 = CARTESIAN_POINT ( 'NONE',  ( 23.56475433909639960, 25.41258542832930090, 148.1448649133974129 ) ) ;
#5471 = CARTESIAN_POINT ( 'NONE',  ( 22.97587454183794975, 27.43839899513429970, 151.7931879336914847 ) ) ;
#5472 = CARTESIAN_POINT ( 'NONE',  ( 12.69135298661134037, 22.71388382907810310, 155.7430651344884893 ) ) ;
#5473 = CARTESIAN_POINT ( 'NONE',  ( 23.72994043994575009, 27.46125267235944634, 157.0102375000000166 ) ) ;
#5474 = CARTESIAN_POINT ( 'NONE',  ( 16.08782649684435029, 30.23345102921895133, 155.0709104166665213 ) ) ;
#5475 = CARTESIAN_POINT ( 'NONE',  ( 24.77882379423400039, 20.24361806617634940, 162.4282270833335247 ) ) ;
#5476 = CARTESIAN_POINT ( 'NONE',  ( 23.96336287175409652, 26.20750362454679916, 152.3087749999999971 ) ) ;
#5477 = EDGE_LOOP ( 'NONE', ( #2125, #2039, #6196, #5448, #1694, #175, #4992, #6449, #4570, #2099, #3866, #2311, #1568, #626, #6135, #4540, #1288 ) ) ;
#5478 = CARTESIAN_POINT ( 'NONE',  ( 11.02279310352960096, 21.21276084404929918, 155.9022770833335017 ) ) ;
#5479 = CARTESIAN_POINT ( 'NONE',  ( 23.69078805775119889, 25.04425050752130133, 147.9596067759769937 ) ) ;
#5480 = CARTESIAN_POINT ( 'NONE',  ( 24.68876976506885157, 24.70012410830600302, 152.7724035618574874 ) ) ;
#5481 = CARTESIAN_POINT ( 'NONE',  ( 24.98454488188920308, 24.30368494468580209, 153.8728291666664916 ) ) ;
#5482 = CARTESIAN_POINT ( 'NONE',  ( 23.49205246148721571, 26.71909042561298264, 151.2760375642704389 ) ) ;
#5483 = CARTESIAN_POINT ( 'NONE',  ( 16.41893647266754996, 24.06355795120484942, 154.1472988272900011 ) ) ;
#5484 = CARTESIAN_POINT ( 'NONE',  ( 8.027476243344588980, 23.54184113365449704, 148.8335575146455767 ) ) ;
#5485 = CARTESIAN_POINT ( 'NONE',  ( 9.905057454071888756, 25.07956540758099706, 151.1384249999999838 ) ) ;
#5486 = ORIENTED_EDGE ( 'NONE', *, *, #5894, .T. ) ;
#5487 = VECTOR ( 'NONE', #6462, 1000.000000000000000 ) ;
#5488 = CARTESIAN_POINT ( 'NONE',  ( 22.22285562513745205, 18.65122206737024868, 148.3312192708332020 ) ) ;
#5489 = DIRECTION ( 'NONE',  ( -0.7478662363507863065, -0.09183869581607972954, -0.6574661561459353987 ) ) ;
#5490 = CARTESIAN_POINT ( 'NONE',  ( 16.29342110742980054, 30.42184991256334925, 146.0186958909927739 ) ) ;
#5491 = DIRECTION ( 'NONE',  ( -0.1001943896608486345, -0.05300321328362061352, -0.9935551034855093500 ) ) ;
#5492 = CARTESIAN_POINT ( 'NONE',  ( 13.52398657415121974, 23.01370244699669954, 156.4011161679269719 ) ) ;
#5493 = EDGE_LOOP ( 'NONE', ( #6177, #3618, #3232, #2630 ) ) ;
#5494 = ADVANCED_FACE ( 'NONE', ( #5197 ), #6107, .T. ) ;
#5495 = CARTESIAN_POINT ( 'NONE',  ( 16.37445577075554937, 30.25910998863609791, 149.2291583333332028 ) ) ;
#5496 = CARTESIAN_POINT ( 'NONE',  ( 12.39286969436223984, 22.90772635384895040, 156.1392627694449970 ) ) ;
#5497 = CARTESIAN_POINT ( 'NONE',  ( 25.56589484158484993, 25.21000014568695136, 162.0195861832490039 ) ) ;
#5498 = CARTESIAN_POINT ( 'NONE',  ( 9.896217378543090248, 24.69127274032149799, 151.1490249999999946 ) ) ;
#5499 = CARTESIAN_POINT ( 'NONE',  ( 18.45972383115449844, 29.83936675380950021, 146.5963318261078143 ) ) ;
#5500 = CARTESIAN_POINT ( 'NONE',  ( 25.29702624760669849, 25.45443962055324860, 160.0975395833335142 ) ) ;
#5501 = DIRECTION ( 'NONE',  ( 0.000000000000000000, 0.000000000000000000, 1.000000000000000000 ) ) ;
#5502 = CARTESIAN_POINT ( 'NONE',  ( 10.46255317637949922, 26.24326561418865111, 153.0275875000000099 ) ) ;
#5503 = EDGE_CURVE ( 'NONE', #2920, #2091, #2922, .T. ) ;
#5504 = CARTESIAN_POINT ( 'NONE',  ( 21.95211674033004812, 28.34571846738609935, 151.3451805950425069 ) ) ;
#5505 = CARTESIAN_POINT ( 'NONE',  ( 14.48405109838864036, 22.82711686484925195, 154.9405007717230092 ) ) ;
#5506 = CARTESIAN_POINT ( 'NONE',  ( 23.74137197868234850, 27.34739293983970043, 156.2254479166664964 ) ) ;
#5507 = CARTESIAN_POINT ( 'NONE',  ( 24.59102653360940138, 25.16322524299560115, 153.2608483535464927 ) ) ;
#5508 = CARTESIAN_POINT ( 'NONE',  ( 24.30239897042390140, 19.31156209647965127, 159.7983666666665101 ) ) ;
#5509 = B_SPLINE_CURVE_WITH_KNOTS ( 'NONE', 3,
 ( #1218, #1810, #3291, #3919, #5393, #1281, #102, #2225 ),
 .UNSPECIFIED., .F., .F.,
 ( 4, 1, 1, 1, 1, 4 ),
 ( 15.71845666329324942, 17.00000000000000000, 19.00000000000000000, 21.00000000000000000, 23.00000000000000000, 23.98273390829275087 ),
 .UNSPECIFIED. ) ;
#5510 = CARTESIAN_POINT ( 'NONE',  ( 23.85809609526729957, 26.59417998245875125, 153.0923999999999978 ) ) ;
#5511 = ORIENTED_EDGE ( 'NONE', *, *, #4316, .F. ) ;
#5512 = CARTESIAN_POINT ( 'NONE',  ( 25.52344774725775167, 25.15886203697500179, 161.2757717775614879 ) ) ;
#5513 = B_SPLINE_CURVE_WITH_KNOTS ( 'NONE', 3,
 ( #328, #6789, #2455, #6158, #1395, #3572, #2491, #4157, #6717, #6194 ),
 .UNSPECIFIED., .F., .F.,
 ( 4, 1, 1, 2, 2, 4 ),
 ( 0.000000000000000000, 0.2499999999999960032, 0.3749999999999951150, 0.4374999999999943934, 0.4999999999999936717, 1.000000000000000000 ),
 .UNSPECIFIED. ) ;
#5514 = CARTESIAN_POINT ( 'NONE',  ( 10.70759858737659975, 24.35168323107690469, 155.7968024305554877 ) ) ;
#5515 = CARTESIAN_POINT ( 'NONE',  ( 25.24866025139934678, 25.57009834023595118, 160.0971999999999866 ) ) ;
#5516 = CARTESIAN_POINT ( 'NONE',  ( 13.44581450967258007, 22.98507174335905034, 155.9089917285054980 ) ) ;
#5517 = CARTESIAN_POINT ( 'NONE',  ( 24.86517615690850036, 24.25986144376919995, 153.0979583333335086 ) ) ;
#5518 = CARTESIAN_POINT ( 'NONE',  ( 12.02750129095161924, 28.27147609329939826, 153.8642018869354615 ) ) ;
#5519 = CARTESIAN_POINT ( 'NONE',  ( 24.07070974011115183, 25.68552760760810116, 151.2726015569004971 ) ) ;
#5520 = CARTESIAN_POINT ( 'NONE',  ( 7.966455612250380014, 23.79513407152859727, 148.7111357202816180 ) ) ;
#5521 = CARTESIAN_POINT ( 'NONE',  ( 9.847447613822470913, 24.67208369295564907, 150.7645877574325084 ) ) ;
#5522 = ORIENTED_EDGE ( 'NONE', *, *, #4005, .T. ) ;
#5523 = CARTESIAN_POINT ( 'NONE',  ( 10.47286655184595894, 23.49030319960305135, 154.7801751000725119 ) ) ;
#5524 = CARTESIAN_POINT ( 'NONE',  ( 17.70666051288544907, 30.25208965041550258, 155.2585750000000075 ) ) ;
#5525 = CARTESIAN_POINT ( 'NONE',  ( 24.54071058776195002, 25.13670645226014955, 152.7640938243320079 ) ) ;
#5526 = CARTESIAN_POINT ( 'NONE',  ( 21.94572260128742514, 28.35060047070712486, 151.3455676319540828 ) ) ;
#5527 = ORIENTED_EDGE ( 'NONE', *, *, #869, .T. ) ;
#5528 = CARTESIAN_POINT ( 'NONE',  ( 16.89812009446985286, 30.24664559783899875, 152.1911687500000028 ) ) ;
#5529 = CARTESIAN_POINT ( 'NONE',  ( 11.82171590009009954, 22.83187886004380118, 155.5101296706644973 ) ) ;
#5530 = CARTESIAN_POINT ( 'NONE',  ( 24.80637165672789735, 25.24204583273440150, 154.6322312499999896 ) ) ;
#5531 = CARTESIAN_POINT ( 'NONE',  ( 10.12917072655312900, 23.37628370713363068, 152.8803303080142655 ) ) ;
#5532 = CARTESIAN_POINT ( 'NONE',  ( 18.89104268377990081, 29.86205127834490014, 150.3779124999999794 ) ) ;
#5533 = CARTESIAN_POINT ( 'NONE',  ( 24.89622703064184961, 25.27803285409954981, 155.4100791666664918 ) ) ;
#5534 = ADVANCED_FACE ( 'NONE', ( #5092 ), #2297, .T. ) ;
#5535 = CARTESIAN_POINT ( 'NONE',  ( 11.39318428705962027, 27.82289366195209723, 152.4425985813354885 ) ) ;
#5536 = CARTESIAN_POINT ( 'NONE',  ( 22.74606538491729779, 27.68500051967095033, 151.8033005558724824 ) ) ;
#5537 = CARTESIAN_POINT ( 'NONE',  ( 11.63169238286493901, 22.58458004789365248, 154.8298160365820024 ) ) ;
#5538 = CARTESIAN_POINT ( 'NONE',  ( 24.49114279747560019, 24.75651103608520032, 151.7828775497249865 ) ) ;
#5539 = CARTESIAN_POINT ( 'NONE',  ( 21.05581145990534964, 29.42971150781750111, 156.4410333333335075 ) ) ;
#5540 = CARTESIAN_POINT ( 'NONE',  ( 15.31477821748010015, 30.09083498132609691, 155.1715645833334918 ) ) ;
#5541 = ADVANCED_FACE ( 'NONE', ( #2645 ), #1796, .T. ) ;
#5542 = CARTESIAN_POINT ( 'NONE',  ( 24.04947585402199906, 18.99249272841990077, 156.6899499999999819 ) ) ;
#5543 = CARTESIAN_POINT ( 'NONE',  ( 24.29345751117105223, 26.73180116557495367, 156.9832999999999856 ) ) ;
#5544 = ORIENTED_EDGE ( 'NONE', *, *, #6433, .T. ) ;
#5545 = CARTESIAN_POINT ( 'NONE',  ( 24.02870410579279792, 24.42503864108465095, 148.7895204791466313 ) ) ;
#5546 = LINE ( 'NONE', #6061, #3834 ) ;
#5547 = ADVANCED_FACE ( 'NONE', ( #1583 ), #3212, .T. ) ;
#5548 = CARTESIAN_POINT ( 'NONE',  ( 25.64596594705025012, 24.95407573243900146, 161.9309865904550065 ) ) ;
#5549 = CARTESIAN_POINT ( 'NONE',  ( 18.04352750125769944, 22.71688733970429652, 154.0546358410950063 ) ) ;
#5550 = EDGE_LOOP ( 'NONE', ( #2967, #4120, #4661, #832 ) ) ;
#5551 = CARTESIAN_POINT ( 'NONE',  ( 20.59714210207139828, 29.29707055416285399, 151.9349047100164967 ) ) ;
#5552 = CARTESIAN_POINT ( 'NONE',  ( 18.59896623022079964, 30.08719620379109827, 162.9447569444444923 ) ) ;
#5553 = CARTESIAN_POINT ( 'NONE',  ( 24.26852374539166490, 23.38457452589820917, 149.2127258035571060 ) ) ;
#5554 = DIRECTION ( 'NONE',  ( -0.9914626728336710659, -0.07787427352598338959, 0.1045818621956666056 ) ) ;
#5555 = CARTESIAN_POINT ( 'NONE',  ( 14.46416410639441885, 23.01635743232129627, 154.7180927934180090 ) ) ;
#5556 = VERTEX_POINT ( 'NONE', #219 ) ;
#5557 = CARTESIAN_POINT ( 'NONE',  ( 13.77204475337271994, 29.98147322125739933, 149.5453333333331898 ) ) ;
#5558 = CARTESIAN_POINT ( 'NONE',  ( 23.38544468679219790, 24.90416998031500029, 145.1976590277778030 ) ) ;
#5559 = CARTESIAN_POINT ( 'NONE',  ( 23.91988320371400079, 24.79075948531534834, 148.7800916468692094 ) ) ;
#5560 = CARTESIAN_POINT ( 'NONE',  ( 18.39073654068695163, 29.86455372740644876, 145.7210975516128144 ) ) ;
#5561 = B_SPLINE_SURFACE_WITH_KNOTS ( 'NONE', 3, 3, ( 
 ( #180, #271, #2407, #4454, #3897, #728, #1881, #4972, #3990, #6559, #2963, #6139 ),
 ( #5587, #830, #5070, #307, #4024, #1380, #3520, #3144, #3530, #4558, #387, #3009 ),
 ( #4035, #5661, #1994, #908, #4629, #4106, #3596, #5183, #4669, #6778, #2974, #4142 ),
 ( #6250, #1491, #6814, #5730, #1359, #981, #3495, #840, #1016, #50, #2773, #2666 ) ),
 .UNSPECIFIED., .F., .F., .F.,
 ( 4, 4 ),
 ( 4, 1, 1, 1, 1, 1, 1, 1, 1, 4 ),
 ( 0.000000000000000000, 1.000000000000000000 ),
 ( 0.000000000000000000, 1.000000000000000000, 3.000000000000000000, 5.000000000000000000, 7.000000000000000000, 9.000000000000000000, 11.00000000000000000, 13.00000000000000000, 14.00000000000000000, 15.00000000000000000 ),
 .UNSPECIFIED. ) ;
#5562 = CARTESIAN_POINT ( 'NONE',  ( 11.98420405376626086, 28.39468886336640097, 153.1035077862430285 ) ) ;
#5563 = LINE ( 'NONE', #2415, #3615 ) ;
#5564 = CARTESIAN_POINT ( 'NONE',  ( 25.09862743289205156, 26.03320519238179998, 160.7515999999999963 ) ) ;
#5565 = CARTESIAN_POINT ( 'NONE',  ( 13.81579173725845955, 22.68252536563669963, 152.9618899106560264 ) ) ;
#5566 = CARTESIAN_POINT ( 'NONE',  ( 19.96454383577335179, 29.57122493869730206, 151.8387729166664997 ) ) ;
#5567 = CARTESIAN_POINT ( 'NONE',  ( 24.91823519467257597, 25.60657858376822205, 156.8825775492787216 ) ) ;
#5568 = CARTESIAN_POINT ( 'NONE',  ( 10.88555861292500104, 21.72813403072009919, 155.7873399305555040 ) ) ;
#5569 = B_SPLINE_SURFACE_WITH_KNOTS ( 'NONE', 3, 1, ( 
 ( #5555, #2836 ),
 ( #1882, #2377 ),
 ( #6597, #1852 ),
 ( #3960, #1318 ),
 ( #796, #6528 ),
 ( #5588, #2964 ),
 ( #5072, #308 ),
 ( #5684, #5103 ),
 ( #3000, #5652 ),
 ( #1480, #935 ),
 ( #6206, #899 ),
 ( #1985, #3105 ),
 ( #5211, #3145 ),
 ( #3586, #450 ),
 ( #2581, #3553 ),
 ( #6803, #5246 ),
 ( #2473, #4097 ),
 ( #3070, #4581 ),
 ( #490, #2509 ) ),
 .UNSPECIFIED., .F., .F., .F.,
 ( 4, 1, 1, 1, 1, 1, 1, 1, 1, 1, 1, 1, 1, 1, 1, 1, 4 ),
 ( 2, 2 ),
 ( 0.000000000000000000, 0.06211368489662579678, 0.1229850608463581990, 0.1826843667485675005, 0.2422813388823304992, 0.3021508123616890029, 0.3628091058793965207, 0.4245733901277469746, 0.4891744674270759874, 0.5537383114983850385, 0.6170787023597870125, 0.6797290741741780495, 0.7415921071292710387, 0.8044635205752319607, 0.8679351869989320178, 0.9329927743659480743, 1.000000000000000000 ),
 ( 0.000000000000000000, 1.000000000000000000 ),
 .UNSPECIFIED. ) ;
#5570 = CARTESIAN_POINT ( 'NONE',  ( 21.03297673824140190, 29.04333105600594678, 151.7331000000000074 ) ) ;
#5571 = CARTESIAN_POINT ( 'NONE',  ( 24.07159227366295084, 19.35730673853014849, 161.7804166666664969 ) ) ;
#5572 = CARTESIAN_POINT ( 'NONE',  ( 23.75535118827458803, 24.53358062126046235, 147.2694343250373095 ) ) ;
#5573 = CARTESIAN_POINT ( 'NONE',  ( 23.37430205010215190, 27.24536780244424961, 153.1167750000000183 ) ) ;
#5574 = CARTESIAN_POINT ( 'NONE',  ( 11.66066654550134096, 23.18924066364090208, 161.0555916666664871 ) ) ;
#5575 = ORIENTED_EDGE ( 'NONE', *, *, #2244, .T. ) ;
#5576 = EDGE_CURVE ( 'NONE', #6345, #4285, #4932, .T. ) ;
#5577 = CARTESIAN_POINT ( 'NONE',  ( 24.94177683618259778, 24.86216764718309946, 154.6373166666664929 ) ) ;
#5578 = CARTESIAN_POINT ( 'NONE',  ( 19.12141265098669862, 24.20674438010249929, 154.6942485155389875 ) ) ;
#5579 = CARTESIAN_POINT ( 'NONE',  ( 25.47323476038929968, 24.70761074565755067, 159.3252500000000111 ) ) ;
#5580 = CARTESIAN_POINT ( 'NONE',  ( 11.60818650674555919, 27.80592389805210018, 153.8389997683940180 ) ) ;
#5581 = ORIENTED_EDGE ( 'NONE', *, *, #4922, .T. ) ;
#5582 = CARTESIAN_POINT ( 'NONE',  ( 25.43438163789799944, 25.48214467580824660, 161.6652193674599971 ) ) ;
#5583 = EDGE_CURVE ( 'NONE', #5123, #413, #6504, .T. ) ;
#5584 = CARTESIAN_POINT ( 'NONE',  ( 25.52376033711020042, 25.23375914380384799, 161.6245314001809845 ) ) ;
#5585 = CARTESIAN_POINT ( 'NONE',  ( 14.46416410639441885, 23.01635743232129627, 154.7180927934180090 ) ) ;
#5586 = CARTESIAN_POINT ( 'NONE',  ( 25.08308395939539892, 23.65677173290098168, 153.7592066989159889 ) ) ;
#5587 = CARTESIAN_POINT ( 'NONE',  ( 10.59016242836102073, 27.80467735244580041, 149.3562107266116072 ) ) ;
#5588 = CARTESIAN_POINT ( 'NONE',  ( 14.42611185223973891, 23.03198449470255227, 155.1362702954525048 ) ) ;
#5589 = AXIS2_PLACEMENT_3D ( 'NONE', #5549, #1906, #297 ) ;
#5590 = VERTEX_POINT ( 'NONE', #2354 ) ;
#5591 = CARTESIAN_POINT ( 'NONE',  ( 15.97897207681245035, 30.27436958928524646, 149.2782583333331843 ) ) ;
#5592 = CARTESIAN_POINT ( 'NONE',  ( 23.84629624587874730, 23.27161960566450105, 145.4060166666665737 ) ) ;
#5593 = CARTESIAN_POINT ( 'NONE',  ( 11.14557011444212797, 27.04095391094992351, 154.5224891169810348 ) ) ;
#5594 = CARTESIAN_POINT ( 'NONE',  ( 20.44960480843409911, 29.97188882649374975, 163.6547571325454840 ) ) ;
#5595 = CARTESIAN_POINT ( 'NONE',  ( 24.21708170930665105, 24.99693098789469659, 150.7507145833334903 ) ) ;
#5596 = FACE_OUTER_BOUND ( 'NONE', #2659, .T. ) ;
#5597 = AXIS2_PLACEMENT_3D ( 'NONE', #6634, #6285, #6244 ) ;
#5598 = CARTESIAN_POINT ( 'NONE',  ( 14.69551371085674063, 22.99855945013419856, 153.8934488199804775 ) ) ;
#5599 = CARTESIAN_POINT ( 'NONE',  ( 12.29880310386493925, 22.66126629942554871, 155.2998074305919829 ) ) ;
#5600 = CARTESIAN_POINT ( 'NONE',  ( 24.64049083910645166, 24.85249117096699933, 152.7691597254539886 ) ) ;
#5601 = CARTESIAN_POINT ( 'NONE',  ( 22.62929626944940154, 28.26080007322894971, 154.7282833333335077 ) ) ;
#5602 = LINE ( 'NONE', #5507, #5280 ) ;
#5603 = CARTESIAN_POINT ( 'NONE',  ( 23.98098653604089847, 19.26540668661059996, 161.7971718750000036 ) ) ;
#5604 = B_SPLINE_CURVE_WITH_KNOTS ( 'NONE', 3,
 ( #5968, #5482, #4870, #6551 ),
 .UNSPECIFIED., .F., .F.,
 ( 4, 4 ),
 ( 0.000000000000000000, 1.000000000000000000 ),
 .UNSPECIFIED. ) ;
#5605 = CARTESIAN_POINT ( 'NONE',  ( 23.23746107463184885, 26.75886641234300356, 150.3903679452999995 ) ) ;
#5606 = CARTESIAN_POINT ( 'NONE',  ( 12.19287140062733954, 20.48336118241714843, 161.1622089407489682 ) ) ;
#5607 = ORIENTED_EDGE ( 'NONE', *, *, #1818, .F. ) ;
#5608 = CARTESIAN_POINT ( 'NONE',  ( 11.61688853966829882, 27.28733828070495093, 155.6444542564555036 ) ) ;
#5609 = CARTESIAN_POINT ( 'NONE',  ( 22.36150620110899823, 18.79195490869975060, 147.9105375000000038 ) ) ;
#5610 = DIRECTION ( 'NONE',  ( -0.1006318910984291826, -0.05303758115646017846, -0.9935090525400490646 ) ) ;
#5611 = CARTESIAN_POINT ( 'NONE',  ( 25.90432424411434909, 23.06532651414925184, 162.0041916666665145 ) ) ;
#5612 = ADVANCED_FACE ( 'NONE', ( #4400 ), #3146, .F. ) ;
#5613 = CARTESIAN_POINT ( 'NONE',  ( 10.69805487303680458, 26.78379598341011203, 152.5684790799860480 ) ) ;
#5614 = CARTESIAN_POINT ( 'NONE',  ( 12.70544166182149937, 22.74034895597484862, 156.3057526624814670 ) ) ;
#5615 = B_SPLINE_SURFACE_WITH_KNOTS ( 'NONE', 3, 1, ( 
 ( #546, #4791 ),
 ( #27, #2144 ),
 ( #3756, #5862 ),
 ( #3277, #5346 ),
 ( #4296, #6409 ),
 ( #3787, #433 ),
 ( #4683, #4156 ) ),
 .UNSPECIFIED., .F., .F., .F.,
 ( 4, 3, 4 ),
 ( 2, 2 ),
 ( 0.000000000000000000, 0.0003990339131564870300, 0.0007968297429974919655 ),
 ( 0.000000000000000000, 1.000000000000000000 ),
 .UNSPECIFIED. ) ;
#5616 = ORIENTED_EDGE ( 'NONE', *, *, #4014, .T. ) ;
#5617 = DIRECTION ( 'NONE',  ( 0.08291556471174026111, -0.9955514112831506113, 0.04474814656117568484 ) ) ;
#5618 = CARTESIAN_POINT ( 'NONE',  ( 24.29751078951356291, 23.39481695946535922, 149.3868870294170677 ) ) ;
#5619 = EDGE_CURVE ( 'NONE', #996, #1129, #677, .T. ) ;
#5620 = B_SPLINE_CURVE_WITH_KNOTS ( 'NONE', 3,
 ( #4764, #1470, #1548, #4689, #6759 ),
 .UNSPECIFIED., .F., .F.,
 ( 4, 1, 4 ),
 ( 9.641108459468791025, 11.00000000000000000, 12.18581649993302030 ),
 .UNSPECIFIED. ) ;
#5621 = EDGE_LOOP ( 'NONE', ( #2220, #4692, #554, #1047 ) ) ;
#5622 = CARTESIAN_POINT ( 'NONE',  ( 15.71995419584874831, 30.22550543570975279, 152.3371999999999957 ) ) ;
#5623 = CARTESIAN_POINT ( 'NONE',  ( 23.47439181809110309, 24.67949985240010236, 145.2270270833332120 ) ) ;
#5624 = CARTESIAN_POINT ( 'NONE',  ( 18.14562193671149970, 29.97044404822579722, 145.5148851826262160 ) ) ;
#5625 = CARTESIAN_POINT ( 'NONE',  ( 11.05498109083277036, 22.65078268295839337, 157.3712949125481373 ) ) ;
#5626 = CARTESIAN_POINT ( 'NONE',  ( 23.24432983194495250, 26.10892808037595003, 148.3152650096410241 ) ) ;
#5627 = CARTESIAN_POINT ( 'NONE',  ( 14.20776262074397955, 22.73149247671130269, 153.3250063887825263 ) ) ;
#5628 = CARTESIAN_POINT ( 'NONE',  ( 12.12210962744889997, 22.82577579769209919, 154.8177383593325089 ) ) ;
#5629 = CARTESIAN_POINT ( 'NONE',  ( 24.65095837625275266, 24.82053678850990153, 152.7698053311414981 ) ) ;
#5630 = CARTESIAN_POINT ( 'NONE',  ( 24.55211286866200027, 25.57499503069429991, 153.8540125000000103 ) ) ;
#5631 = CARTESIAN_POINT ( 'NONE',  ( 21.81162601587885064, 28.62589795665394732, 152.4457999999999913 ) ) ;
#5632 = CARTESIAN_POINT ( 'NONE',  ( 12.15442513310981987, 28.45674994572410199, 153.5805833333334931 ) ) ;
#5633 = CARTESIAN_POINT ( 'NONE',  ( 22.54998740776959920, 18.58434124125620102, 150.6399583333334817 ) ) ;
#5634 = CARTESIAN_POINT ( 'NONE',  ( 23.93514395368705294, 25.75024272991094776, 150.8787059027779947 ) ) ;
#5635 = CARTESIAN_POINT ( 'NONE',  ( 11.79823408297873932, 21.73238800776404744, 160.7928041666664853 ) ) ;
#5636 = ORIENTED_EDGE ( 'NONE', *, *, #5335, .T. ) ;
#5637 = CARTESIAN_POINT ( 'NONE',  ( 25.32027479773434919, 25.19315085238985219, 159.3169833333334964 ) ) ;
#5638 = CARTESIAN_POINT ( 'NONE',  ( 19.35718251657954880, 29.68477622320659748, 150.0657630208334865 ) ) ;
#5639 = CARTESIAN_POINT ( 'NONE',  ( 10.33392883426941999, 25.88108538385884927, 153.0520500000000084 ) ) ;
#5640 = CARTESIAN_POINT ( 'NONE',  ( 8.811748950694759941, 23.97763629044814948, 148.7678346012737904 ) ) ;
#5641 = LINE ( 'NONE', #5677, #6591 ) ;
#5642 = CARTESIAN_POINT ( 'NONE',  ( 24.10506272832650154, 23.22083975993830052, 148.0696614583332007 ) ) ;
#5643 = CARTESIAN_POINT ( 'NONE',  ( 14.24857632797901985, 22.76998777823905229, 154.1058199613090096 ) ) ;
#5644 = CARTESIAN_POINT ( 'NONE',  ( 10.62703531016366121, 24.34812422984460056, 155.4125322916665084 ) ) ;
#5645 = ORIENTED_EDGE ( 'NONE', *, *, #5255, .T. ) ;
#5646 = CARTESIAN_POINT ( 'NONE',  ( 10.42355654702950041, 23.48643015333734851, 154.7853764377225048 ) ) ;
#5647 = CARTESIAN_POINT ( 'NONE',  ( 24.46990809467829919, 25.10949750831915139, 152.3062395833335074 ) ) ;
#5648 = CARTESIAN_POINT ( 'NONE',  ( 14.60288491448694081, 22.98520155741054793, 153.7678994860979742 ) ) ;
#5649 = LINE ( 'NONE', #2961, #2730 ) ;
#5650 = CARTESIAN_POINT ( 'NONE',  ( 17.99792787365655045, 30.21859600906019949, 159.1868375000000242 ) ) ;
#5651 = CARTESIAN_POINT ( 'NONE',  ( 25.24199875951345362, 23.72170694450375450, 154.9094181627561113 ) ) ;
#5652 = CARTESIAN_POINT ( 'NONE',  ( 14.29969683866105967, 22.83377223700680148, 155.4301658054785094 ) ) ;
#5653 = ORIENTED_EDGE ( 'NONE', *, *, #6168, .T. ) ;
#5654 = CARTESIAN_POINT ( 'NONE',  ( 11.31511929613763989, 28.66926442252665197, 148.8706099025280025 ) ) ;
#5655 = CARTESIAN_POINT ( 'NONE',  ( 23.67877394227669896, 24.49919743416179685, 146.6028249999999957 ) ) ;
#5656 = EDGE_CURVE ( 'NONE', #196, #958, #1797, .T. ) ;
#5657 = CARTESIAN_POINT ( 'NONE',  ( 25.46370080946270065, 25.37984458943164867, 161.5356814352639674 ) ) ;
#5658 = CARTESIAN_POINT ( 'NONE',  ( 11.16836207353773958, 27.52793040253645174, 152.4811170248454744 ) ) ;
#5659 = CARTESIAN_POINT ( 'NONE',  ( 20.31922633474074757, 30.04122038686900353, 162.7424833333334959 ) ) ;
#5660 = CARTESIAN_POINT ( 'NONE',  ( 11.19290829109504948, 22.69840905913932616, 158.1753102089846550 ) ) ;
#5661 = CARTESIAN_POINT ( 'NONE',  ( 10.54515780239855971, 27.69892517248655039, 149.4965131095109996 ) ) ;
#5662 = DIRECTION ( 'NONE',  ( -0.9914626728336710659, -0.07787427352598338959, 0.1045818621956666056 ) ) ;
#5663 = ADVANCED_FACE ( 'NONE', ( #1329 ), #81, .F. ) ;
#5664 = CARTESIAN_POINT ( 'NONE',  ( 9.501858643146944061, 24.25184468365343449, 149.5082320686284163 ) ) ;
#5665 = CARTESIAN_POINT ( 'NONE',  ( 9.296929990324338533, 24.01711977248800167, 149.2453510831240067 ) ) ;
#5666 = CARTESIAN_POINT ( 'NONE',  ( 10.46368392468747821, 23.02956453874449849, 154.6540166666665073 ) ) ;
#5667 = CARTESIAN_POINT ( 'NONE',  ( 25.31522661087790027, 25.77532885176625044, 161.6598097178004991 ) ) ;
#5668 = CARTESIAN_POINT ( 'NONE',  ( 22.72305620296725337, 27.81633345702219984, 152.3771999999999878 ) ) ;
#5669 = CARTESIAN_POINT ( 'NONE',  ( 16.63601839658160131, 30.27363440304539921, 154.2062083333335067 ) ) ;
#5670 = CARTESIAN_POINT ( 'NONE',  ( 10.80726695510034041, 27.90851662912075071, 149.8665899305556195 ) ) ;
#5671 = CARTESIAN_POINT ( 'NONE',  ( 24.47341055138184984, 25.97572265440080130, 154.6317479166665123 ) ) ;
#5672 = DIRECTION ( 'NONE',  ( 0.08291556471174026111, -0.9955514112831505003, 0.04474814656117583056 ) ) ;
#5673 = CARTESIAN_POINT ( 'NONE',  ( 11.69483970424635899, 25.59329857299039901, 160.7823874999999987 ) ) ;
#5674 = ORIENTED_EDGE ( 'NONE', *, *, #4739, .F. ) ;
#5675 = CARTESIAN_POINT ( 'NONE',  ( 10.06559793126364077, 25.86906117654420001, 151.6200916666665250 ) ) ;
#5676 = CARTESIAN_POINT ( 'NONE',  ( 9.549764066347592006, 24.91152036612160003, 149.3875494703936226 ) ) ;
#5677 = CARTESIAN_POINT ( 'NONE',  ( 10.95886071713204046, 27.21998914584940366, 152.5187764472535150 ) ) ;
#5678 = CARTESIAN_POINT ( 'NONE',  ( 25.79596705004825097, 24.13455558647554966, 161.2983778040610048 ) ) ;
#5679 = ORIENTED_EDGE ( 'NONE', *, *, #2018, .T. ) ;
#5680 = CARTESIAN_POINT ( 'NONE',  ( 23.86394899181869889, 24.74010573227399945, 148.3798788391622168 ) ) ;
#5681 = CARTESIAN_POINT ( 'NONE',  ( 11.82171590009009954, 22.83187886004380118, 155.5101296706644973 ) ) ;
#5682 = CARTESIAN_POINT ( 'NONE',  ( 10.08394499813643819, 26.55273508710089914, 150.2634802083335046 ) ) ;
#5683 = CARTESIAN_POINT ( 'NONE',  ( 11.23610373859291123, 23.86347984648095277, 158.8461989439542776 ) ) ;
#5684 = CARTESIAN_POINT ( 'NONE',  ( 14.34054330957785872, 23.03351024730825003, 155.3287683061690245 ) ) ;
#5685 = AXIS2_PLACEMENT_3D ( 'NONE', #2052, #5175, #4172 ) ;
#5686 = VERTEX_POINT ( 'NONE', #252 ) ;
#5687 = CARTESIAN_POINT ( 'NONE',  ( 11.94264314407148042, 29.09678518301425143, 149.2132577224689953 ) ) ;
#5688 = CARTESIAN_POINT ( 'NONE',  ( 23.62580706351424809, 24.41322188835719942, 145.9314499999999839 ) ) ;
#5689 = B_SPLINE_CURVE_WITH_KNOTS ( 'NONE', 3,
 ( #3111, #5217, #3666, #5765, #5251 ),
 .UNSPECIFIED., .F., .F.,
 ( 4, 1, 4 ),
 ( 0.5163147448210929635, 0.6428571428571430157, 0.6980054297144719921 ),
 .UNSPECIFIED. ) ;
#5690 = CARTESIAN_POINT ( 'NONE',  ( 19.89332125554299679, 30.02043747084099934, 159.7370625000000075 ) ) ;
#5691 = CARTESIAN_POINT ( 'NONE',  ( 14.44078124098090044, 23.00671222681105021, 154.5468344272865124 ) ) ;
#5692 = CARTESIAN_POINT ( 'NONE',  ( 10.77416799677466130, 26.91320846609484718, 152.5538610625695242 ) ) ;
#5693 = CARTESIAN_POINT ( 'NONE',  ( 9.902654149471569411, 24.29871096107130057, 151.1476688649985078 ) ) ;
#5694 = CARTESIAN_POINT ( 'NONE',  ( 23.90676333787182273, 25.33389221442958217, 149.7853367969930218 ) ) ;
#5695 = EDGE_CURVE ( 'NONE', #1009, #3728, #1960, .T. ) ;
#5696 = B_SPLINE_CURVE_WITH_KNOTS ( 'NONE', 3,
 ( #1605, #5958, #3405, #6570 ),
 .UNSPECIFIED., .F., .F.,
 ( 4, 4 ),
 ( 0.000000000000000000, 1.000000000000000000 ),
 .UNSPECIFIED. ) ;
#5697 = CARTESIAN_POINT ( 'NONE',  ( 15.13712892324545400, 30.11521247787155176, 153.9540701899911710 ) ) ;
#5698 = CARTESIAN_POINT ( 'NONE',  ( 24.08087218903945015, 25.37249706775675406, 150.7468499999999949 ) ) ;
#5699 = COLOUR_RGB ( '',0.7921568627450980005, 0.8196078431372548767, 0.9333333333333333481 ) ;
#5700 = CARTESIAN_POINT ( 'NONE',  ( 25.02264323854614503, 25.41345957417637536, 157.0888576354377619 ) ) ;
#5701 = CARTESIAN_POINT ( 'NONE',  ( 10.27059667633526097, 23.94924669155454922, 153.8800875000000019 ) ) ;
#5702 = CARTESIAN_POINT ( 'NONE',  ( 24.09388622397005264, 25.67689194846559886, 151.5269458333335137 ) ) ;
#5703 = CARTESIAN_POINT ( 'NONE',  ( 22.21765969977324673, 28.15407649437679893, 151.6346500000000219 ) ) ;
#5704 = CARTESIAN_POINT ( 'NONE',  ( 12.49986809562901868, 28.55226329878245295, 154.7334076454105229 ) ) ;
#5705 = CARTESIAN_POINT ( 'NONE',  ( 11.85632583848308030, 27.67250328604340126, 155.4790671269934990 ) ) ;
#5706 = CARTESIAN_POINT ( 'NONE',  ( 14.03322351899240061, 22.85043741374819959, 156.2946893439510347 ) ) ;
#5707 = ADVANCED_FACE ( 'NONE', ( #1958 ), #5020, .T. ) ;
#5708 = CARTESIAN_POINT ( 'NONE',  ( 23.74206296384424775, 25.61297438491214962, 149.5744800013518159 ) ) ;
#5709 = CARTESIAN_POINT ( 'NONE',  ( 11.51633634216240054, 24.79367630247395127, 160.4128499999999917 ) ) ;
#5710 = EDGE_LOOP ( 'NONE', ( #5824, #6388, #5213, #2457 ) ) ;
#5711 = CARTESIAN_POINT ( 'NONE',  ( 13.95708600963627788, 29.78844831808680027, 152.0779732741046075 ) ) ;
#5712 = CARTESIAN_POINT ( 'NONE',  ( 12.15706106215252014, 22.63243474119144949, 154.9210056620249816 ) ) ;
#5713 = CARTESIAN_POINT ( 'NONE',  ( 25.51557213712370142, 23.28758092235440103, 157.0318000000000040 ) ) ;
#5714 = CARTESIAN_POINT ( 'NONE',  ( 12.02797877761751977, 22.66132400021005111, 155.8029119785120145 ) ) ;
#5715 = CARTESIAN_POINT ( 'NONE',  ( 18.47729351940754938, 30.07680715161074758, 162.9594913194445098 ) ) ;
#5716 = ORIENTED_EDGE ( 'NONE', *, *, #2634, .F. ) ;
#5717 = CARTESIAN_POINT ( 'NONE',  ( 11.04318290695534088, 23.97415763932355048, 157.7263999999999839 ) ) ;
#5718 = CARTESIAN_POINT ( 'NONE',  ( 16.44878705208205005, 30.26552642661420123, 152.3033887774344919 ) ) ;
#5719 = CARTESIAN_POINT ( 'NONE',  ( 12.68885854887914100, 22.93945923823144994, 156.2968030331689988 ) ) ;
#5720 = CARTESIAN_POINT ( 'NONE',  ( 11.01503830378884174, 26.69057930938485157, 154.4073847222220195 ) ) ;
#5721 = CARTESIAN_POINT ( 'NONE',  ( 10.86457079388688740, 24.68825669507140574, 156.4461000586154285 ) ) ;
#5722 = CARTESIAN_POINT ( 'NONE',  ( 9.789750008133248471, 21.90391107803725035, 150.3236602430554854 ) ) ;
#5723 = EDGE_LOOP ( 'NONE', ( #4834, #19, #5040, #4603, #1474 ) ) ;
#5724 = CARTESIAN_POINT ( 'NONE',  ( 12.88515936830260067, 29.76338441854839800, 148.4679083333332130 ) ) ;
#5725 = CARTESIAN_POINT ( 'NONE',  ( 23.91715598096084960, 21.63653339079320048, 144.4560166666665850 ) ) ;
#5726 = CARTESIAN_POINT ( 'NONE',  ( 18.21139971125935020, 29.92932923128554989, 146.6260159192814001 ) ) ;
#5727 = CARTESIAN_POINT ( 'NONE',  ( 25.39483517070064877, 24.35313201386485105, 157.5004439479534994 ) ) ;
#5728 = CARTESIAN_POINT ( 'NONE',  ( 23.05468702541005044, 26.40261121501264796, 148.2100586365104107 ) ) ;
#5729 = CARTESIAN_POINT ( 'NONE',  ( 11.44350023273189976, 27.84941245243029684, 152.9393531075980093 ) ) ;
#5730 = CARTESIAN_POINT ( 'NONE',  ( 10.71078819849382135, 27.59934249181470278, 150.5568666666665081 ) ) ;
#5731 = EDGE_LOOP ( 'NONE', ( #1244, #5235, #4066, #5486 ) ) ;
#5732 = CARTESIAN_POINT ( 'NONE',  ( 24.47177298487435237, 24.49957808500949952, 151.2952889609524902 ) ) ;
#5733 = CARTESIAN_POINT ( 'NONE',  ( 11.62459901190126033, 22.78729645275100069, 154.8835110829645032 ) ) ;
#5734 = CARTESIAN_POINT ( 'NONE',  ( 24.20408297974474721, 25.43196554777994933, 151.5263375000000110 ) ) ;
#5735 = CARTESIAN_POINT ( 'NONE',  ( 24.63592147860800097, 25.96873914288599750, 155.8816714120710003 ) ) ;
#5736 = CARTESIAN_POINT ( 'NONE',  ( 24.03730383221190081, 24.73146777487704639, 149.3099423611110126 ) ) ;
#5737 = EDGE_CURVE ( 'NONE', #893, #862, #6743, .T. ) ;
#5738 = CARTESIAN_POINT ( 'NONE',  ( 25.31408188026705020, 25.58311368488729798, 160.7493666666665035 ) ) ;
#5739 = CARTESIAN_POINT ( 'NONE',  ( 18.65503803857910725, 30.09609693615130510, 153.5987639107070777 ) ) ;
#5740 = CARTESIAN_POINT ( 'NONE',  ( 15.20989324723555036, 30.09082870720865088, 154.3896000000000015 ) ) ;
#5741 = CARTESIAN_POINT ( 'NONE',  ( 24.51583697436355180, 24.98350806721580142, 152.3076624999999922 ) ) ;
#5742 = CARTESIAN_POINT ( 'NONE',  ( 11.64519800979905995, 28.47735321365459882, 151.2426333333335151 ) ) ;
#5743 = CARTESIAN_POINT ( 'NONE',  ( 11.22113713036609894, 27.22066477991915079, 154.0019746079425147 ) ) ;
#5744 = CARTESIAN_POINT ( 'NONE',  ( 19.98422713003055051, 29.57562002997500272, 151.9821163593755102 ) ) ;
#5745 = FACE_OUTER_BOUND ( 'NONE', #1172, .T. ) ;
#5746 = CARTESIAN_POINT ( 'NONE',  ( 10.88108358274201848, 26.57858510163914900, 154.0706952497729958 ) ) ;
#5747 = CARTESIAN_POINT ( 'NONE',  ( 9.997166718797579676, 23.53359924004555026, 151.5471375000000194 ) ) ;
#5748 = ORIENTED_EDGE ( 'NONE', *, *, #507, .F. ) ;
#5749 = CARTESIAN_POINT ( 'NONE',  ( 9.118858546074349647, 24.03644302367399987, 148.9878335448726148 ) ) ;
#5750 = EDGE_CURVE ( 'NONE', #862, #6366, #2889, .T. ) ;
#5751 = CARTESIAN_POINT ( 'NONE',  ( 24.20013406077694995, 27.54022836962964860, 161.5793729166665003 ) ) ;
#5752 = CARTESIAN_POINT ( 'NONE',  ( 10.05664090313991998, 22.30664096678820130, 151.1673054628820125 ) ) ;
#5753 = CARTESIAN_POINT ( 'NONE',  ( 24.27782229791520052, 23.33698805730135106, 149.2458999999999776 ) ) ;
#5754 = ORIENTED_EDGE ( 'NONE', *, *, #6850, .T. ) ;
#5755 = CARTESIAN_POINT ( 'NONE',  ( 11.68032238643349885, 20.86182452159314948, 159.2449000000000012 ) ) ;
#5756 = FACE_OUTER_BOUND ( 'NONE', #76, .T. ) ;
#5757 = EDGE_CURVE ( 'NONE', #3721, #2741, #3050, .T. ) ;
#5758 = CARTESIAN_POINT ( 'NONE',  ( 11.44261496208105910, 27.01238058307719925, 155.6649768668904983 ) ) ;
#5759 = CARTESIAN_POINT ( 'NONE',  ( 10.97205779231394374, 24.86619357219871773, 156.9204653663913405 ) ) ;
#5760 = CARTESIAN_POINT ( 'NONE',  ( 10.03833028804314154, 20.47461465413390158, 150.3611603161404844 ) ) ;
#5761 = ORIENTED_EDGE ( 'NONE', *, *, #359, .F. ) ;
#5762 = CARTESIAN_POINT ( 'NONE',  ( 11.35855202576592227, 27.43533126368710029, 153.9765961611275031 ) ) ;
#5763 = CARTESIAN_POINT ( 'NONE',  ( 23.98315257494115116, 22.70323154874289884, 146.8000333333332037 ) ) ;
#5764 = CARTESIAN_POINT ( 'NONE',  ( 24.70365890269444975, 25.20088472240569644, 153.8564270833335001 ) ) ;
#5765 = CARTESIAN_POINT ( 'NONE',  ( 10.85720991602230079, 26.57849905757959874, 153.9714111532365166 ) ) ;
#5766 = CARTESIAN_POINT ( 'NONE',  ( 18.58827014381745002, 30.15619114828745140, 155.9365249999999889 ) ) ;
#5767 = B_SPLINE_CURVE_WITH_KNOTS ( 'NONE', 3,
 ( #913, #875, #4184, #1998, #4112, #1460, #3601, #391, #1922, #6710 ),
 .UNSPECIFIED., .F., .F.,
 ( 4, 1, 1, 2, 2, 4 ),
 ( 0.000000000000000000, 0.2500000000000023315, 0.3750000000000069389, 0.4375000000000070499, 0.5000000000000071054, 1.000000000000000000 ),
 .UNSPECIFIED. ) ;
#5768 = CARTESIAN_POINT ( 'NONE',  ( 10.09427124284223964, 24.70310493273525054, 152.7407117421279850 ) ) ;
#5769 = B_SPLINE_SURFACE_WITH_KNOTS ( 'NONE', 3, 3, ( 
 ( #1581, #432, #4643, #3717, #3127, #5819, #6263, #3210, #2565, #5313, #5195, #544, #5671, #4682, #2679, #4154, #4790, #3571, #2004, #4952, #1690, #2175, #5470, #4885 ),
 ( #4259, #3338, #2713, #4360, #158, #4821, #2250, #1729, #3843, #5951, #1679, #1643, #6364, #633, #4846, #5299, #5369, #2772, #2239, #15, #667, #1607, #4388, #3744 ),
 ( #5847, #1319, #2310, #3992, #730, #244, #1119, #5362, #463, #4634, #2595, #3118, #4182, #6744, #6294, #3749, #5734, #5698, #6781, #501, #4110, #3709, #6333, #2029 ),
 ( #5339, #4145, #4711, #3599, #3082, #1532, #1458, #3673, #2135, #5185, #6256, #3636, #3159, #5852, #2556, #5774, #5261, #4673, #2635, #4749, #6854, #1495, #2102, #4221 ),
 ( #1571, #5810, #5306, #4254, #1058, #3202, #2671, #6371, #1611, #1095, #3460, #2972, #6114, #5146, #1357, #3492, #279, #5595, #838, #384, #6604, #6147, #3527, #5078 ) ),
 .UNSPECIFIED., .F., .F., .F.,
 ( 4, 1, 4 ),
 ( 4, 1, 1, 1, 1, 1, 1, 1, 1, 1, 1, 1, 1, 1, 1, 1, 1, 1, 1, 1, 1, 4 ),
 ( 0.000000000000000000, 1.000000000000000000, 2.000000000000000000 ),
 ( 0.000000000000000000, 1.000000000000000000, 2.000000000000000000, 3.000000000000000000, 5.000000000000000000, 7.000000000000000000, 9.000000000000000000, 11.00000000000000000, 13.00000000000000000, 15.00000000000000000, 17.00000000000000000, 19.00000000000000000, 21.00000000000000000, 23.00000000000000000, 25.00000000000000000, 27.00000000000000000, 29.00000000000000000, 31.00000000000000000, 33.00000000000000000, 34.00000000000000000, 35.00000000000000000, 36.00000000000000000 ),
 .UNSPECIFIED. ) ;
#5770 = CARTESIAN_POINT ( 'NONE',  ( 13.33172555070373910, 22.85378495645479902, 153.1995388272704872 ) ) ;
#5771 = EDGE_LOOP ( 'NONE', ( #922, #3922, #4812, #4099 ) ) ;
#5772 = CARTESIAN_POINT ( 'NONE',  ( 10.54120440499516320, 22.48680746451502088, 154.6751904844045669 ) ) ;
#5773 = CARTESIAN_POINT ( 'NONE',  ( 10.69409572626604010, 24.06084872608690262, 155.8009217888140370 ) ) ;
#5774 = CARTESIAN_POINT ( 'NONE',  ( 24.42397921499309987, 25.23548694942254755, 152.3048166666665111 ) ) ;
#5775 = CARTESIAN_POINT ( 'NONE',  ( 9.603196836996946928, 22.69263531328678951, 150.0488207015142450 ) ) ;
#5776 = CARTESIAN_POINT ( 'NONE',  ( 23.91900936995164884, 24.32672665336350093, 147.9877849036265900 ) ) ;
#5777 = CARTESIAN_POINT ( 'NONE',  ( 23.61233524881710011, 25.29385678730410092, 148.1111078169002155 ) ) ;
#5778 = CARTESIAN_POINT ( 'NONE',  ( 25.20707051322050063, 24.98695120486830135, 157.3584364411249794 ) ) ;
#5779 = CARTESIAN_POINT ( 'NONE',  ( 25.39049302243644846, 25.22215800338020131, 160.0987083333335192 ) ) ;
#5780 = CARTESIAN_POINT ( 'NONE',  ( 11.51103072119084203, 27.94987387527075029, 152.8649249999999995 ) ) ;
#5781 = CARTESIAN_POINT ( 'NONE',  ( 10.93788253225839924, 26.70082442469024997, 154.0584164852949982 ) ) ;
#5782 = B_SPLINE_CURVE_WITH_KNOTS ( 'NONE', 3,
 ( #3359, #2270, #5307, #3160, #5459 ),
 .UNSPECIFIED., .F., .F.,
 ( 4, 1, 4 ),
 ( 9.179969109330359700, 11.00000000000000000, 11.71698052448929950 ),
 .UNSPECIFIED. ) ;
#5783 = DIRECTION ( 'NONE',  ( -0.08291556471175710874, 0.9955514112831351792, -0.04474814656148683178 ) ) ;
#5784 = CARTESIAN_POINT ( 'NONE',  ( 10.53488951492090031, 27.59031274270004985, 149.7681863732327940 ) ) ;
#5785 = CARTESIAN_POINT ( 'NONE',  ( 10.20912346312758068, 22.35978995703860051, 152.4602500000000020 ) ) ;
#5786 = ORIENTED_EDGE ( 'NONE', *, *, #6311, .F. ) ;
#5787 = B_SPLINE_CURVE_WITH_KNOTS ( 'NONE', 3,
 ( #185, #4979, #3303, #1790, #1199, #1722, #4916, #2278, #5467, #1758 ),
 .UNSPECIFIED., .F., .F.,
 ( 4, 3, 3, 4 ),
 ( 0.000000000000000000, 0.0003396610128772440296, 0.0005731098195512180455, 0.0008068054313631230212 ),
 .UNSPECIFIED. ) ;
#5788 = CARTESIAN_POINT ( 'NONE',  ( 9.779814978074719889, 22.22920750954145319, 150.3549453024529896 ) ) ;
#5789 = CARTESIAN_POINT ( 'NONE',  ( 25.29051765468219770, 24.59024778391135158, 156.9826562499999909 ) ) ;
#5790 = CARTESIAN_POINT ( 'NONE',  ( 25.54179849788165058, 21.56115672685365325, 162.1315625000000011 ) ) ;
#5791 = EDGE_CURVE ( 'NONE', #4, #4612, #422, .T. ) ;
#5792 = CARTESIAN_POINT ( 'NONE',  ( 24.33570921508434992, 24.61779876381959653, 150.7578166666665140 ) ) ;
#5793 = CARTESIAN_POINT ( 'NONE',  ( 25.11199922700914655, 26.23823937862579925, 161.9299633196790182 ) ) ;
#5794 = ORIENTED_EDGE ( 'NONE', *, *, #3004, .T. ) ;
#5795 = CARTESIAN_POINT ( 'NONE',  ( 11.19825435448884043, 23.18497062969915135, 158.4980999999999938 ) ) ;
#5796 = CARTESIAN_POINT ( 'NONE',  ( 13.81579173725845955, 22.68252536563669963, 152.9618899106560264 ) ) ;
#5797 = CARTESIAN_POINT ( 'NONE',  ( 14.99133969686447898, 22.32477137998034777, 142.8244039343670124 ) ) ;
#5798 = CARTESIAN_POINT ( 'NONE',  ( 10.81820823772019935, 27.27000004374894715, 152.1606104166665148 ) ) ;
#5799 = CARTESIAN_POINT ( 'NONE',  ( 11.17239460040160992, 24.50775522496055103, 158.3562708441295115 ) ) ;
#5800 = CARTESIAN_POINT ( 'NONE',  ( 9.368676234594449426, 22.99120960996044971, 149.6449010630364000 ) ) ;
#5801 = VERTEX_POINT ( 'NONE', #4218 ) ;
#5802 = CARTESIAN_POINT ( 'NONE',  ( 12.96670108325241877, 29.72418307387205161, 149.1111500000000092 ) ) ;
#5803 = CARTESIAN_POINT ( 'NONE',  ( 23.38332435650350050, 19.99913537561869958, 148.4556687500000010 ) ) ;
#5804 = CARTESIAN_POINT ( 'NONE',  ( 20.06845743955889816, 30.02486226531715019, 163.7016624999999976 ) ) ;
#5805 = CARTESIAN_POINT ( 'NONE',  ( 11.21867801946559950, 27.55444919299639750, 152.9778715522604955 ) ) ;
#5806 = VECTOR ( 'NONE', #5461, 1000.000000000000000 ) ;
#5807 = ORIENTED_EDGE ( 'NONE', *, *, #4351, .T. ) ;
#5808 = CARTESIAN_POINT ( 'NONE',  ( 14.88970452857136095, 22.88272038445439804, 155.4259103549935048 ) ) ;
#5809 = CARTESIAN_POINT ( 'NONE',  ( 11.11955563575954109, 26.50322602423400298, 155.3237110954790126 ) ) ;
#5810 = CARTESIAN_POINT ( 'NONE',  ( 25.51219895007050198, 25.32497604020779747, 161.8844572049960107 ) ) ;
#5811 = DIRECTION ( 'NONE',  ( 0.1006318910984302234, 0.05303758115645541837, 0.9935090525400491757 ) ) ;
#5812 = CARTESIAN_POINT ( 'NONE',  ( 14.70818771307778050, 22.88708651684675033, 151.3899281891904707 ) ) ;
#5813 = CARTESIAN_POINT ( 'NONE',  ( 24.43172247456270085, 24.80452285667204748, 151.5329000000000121 ) ) ;
#5814 = CIRCLE ( 'NONE', #4033, 7.332880782190413171 ) ;
#5815 = CARTESIAN_POINT ( 'NONE',  ( 20.76122997907049950, 28.97456843207099908, 149.8030270833332054 ) ) ;
#5816 = CARTESIAN_POINT ( 'NONE',  ( 24.90007877202845066, 24.98997878438569842, 154.6351083333335055 ) ) ;
#5817 = CARTESIAN_POINT ( 'NONE',  ( 12.22916137395182012, 28.11196247250089897, 155.5612743894135122 ) ) ;
#5818 = CARTESIAN_POINT ( 'NONE',  ( 14.48074721933678077, 22.81724715006464876, 154.7270424227305057 ) ) ;
#5819 = CARTESIAN_POINT ( 'NONE',  ( 24.97326607860295056, 26.13833706915979960, 160.1005687500000079 ) ) ;
#5820 = VECTOR ( 'NONE', #4666, 1000.000000000000114 ) ;
#5821 = CARTESIAN_POINT ( 'NONE',  ( 10.33719951315900865, 22.41717081836180370, 153.5039312352049592 ) ) ;
#5822 = CARTESIAN_POINT ( 'NONE',  ( 25.44858727276974975, 25.44229202448359572, 161.6546761346045287 ) ) ;
#5823 = CARTESIAN_POINT ( 'NONE',  ( 10.12424802152344050, 23.01992437730105223, 152.4626805555554938 ) ) ;
#5824 = ORIENTED_EDGE ( 'NONE', *, *, #919, .F. ) ;
#5825 = CARTESIAN_POINT ( 'NONE',  ( 22.92348842707074752, 28.83366112503109946, 161.6725833333335061 ) ) ;
#5826 = CARTESIAN_POINT ( 'NONE',  ( 25.11274878056559956, 24.64406775588420118, 155.4199666666664825 ) ) ;
#5827 = AXIS2_PLACEMENT_3D ( 'NONE', #5090, #4539, #2568 ) ;
#5828 = CARTESIAN_POINT ( 'NONE',  ( 25.72261170730649837, 22.22935466465255061, 161.4118499999999869 ) ) ;
#5829 = CARTESIAN_POINT ( 'NONE',  ( 24.27473972048064610, 27.32585984146125213, 160.7860354166664933 ) ) ;
#5830 = ORIENTED_EDGE ( 'NONE', *, *, #4868, .T. ) ;
#5831 = CARTESIAN_POINT ( 'NONE',  ( 11.45763611514355951, 23.19295897299209841, 159.9042666666665298 ) ) ;
#5832 = CARTESIAN_POINT ( 'NONE',  ( 14.32955380952517999, 22.74725218751845190, 153.4499549636495033 ) ) ;
#5833 = PLANE ( 'NONE',  #2837 ) ;
#5834 = CARTESIAN_POINT ( 'NONE',  ( 11.16170010017829917, 27.22500053546020027, 153.7169187500000191 ) ) ;
#5835 = B_SPLINE_SURFACE_WITH_KNOTS ( 'NONE', 3, 3, ( 
 ( #2697, #628, #4246, #2801, #5973, #5427, #2768, #1749, #4381, #2230 ),
 ( #4807, #4344, #6458, #4904, #3860, #3356, #529, #2660, #4774, #12 ),
 ( #4121, #3510, #2989, #2459, #4572, #6684, #1934, #4051, #5638, #4195 ),
 ( #1034, #6347, #4828, #4160, #2181, #959, #5200, #437, #253, #4499 ),
 ( #6151, #1863, #6084, #873, #1330, #5566, #4590, #4852, #6336, #4290 ) ),
 .UNSPECIFIED., .F., .F., .F.,
 ( 4, 1, 4 ),
 ( 4, 1, 1, 1, 1, 1, 1, 4 ),
 ( 0.000000000000000000, 1.000000000000000000, 2.000000000000000000 ),
 ( 0.000000000000000000, 1.000000000000000000, 3.000000000000000000, 5.000000000000000000, 7.000000000000000000, 9.000000000000000000, 11.00000000000000000, 12.00000000000000000 ),
 .UNSPECIFIED. ) ;
#5836 = CARTESIAN_POINT ( 'NONE',  ( 11.17393415073746432, 24.49519408303055812, 158.3714221623154970 ) ) ;
#5837 = ADVANCED_FACE ( 'NONE', ( #1019 ), #2476, .T. ) ;
#5838 = CARTESIAN_POINT ( 'NONE',  ( 9.934471437612579336, 21.65994648581274973, 150.5532090277779957 ) ) ;
#5839 = CARTESIAN_POINT ( 'NONE',  ( 9.118858546074349647, 24.03644302367399987, 148.9878335448726148 ) ) ;
#5840 = B_SPLINE_SURFACE_WITH_KNOTS ( 'NONE', 3, 3, ( 
 ( #824, #2994, #1942, #6200, #2046, #1907, #369, #2501, #2958 ),
 ( #4057, #1440, #2432, #3579, #856, #2011, #2465, #1405, #337 ),
 ( #442, #3063, #5065, #6169, #5168, #6762, #299, #3547, #5644 ),
 ( #6231, #3098, #2574, #4691, #3295, #107, #5397, #691, #4415 ),
 ( #3357, #3829, #6003, #2231, #4345, #1711, #2865, #1935, #6162 ),
 ( #336, #2464, #5952, #5439, #217, #1657, #3872, #2318, #4398 ),
 ( #6502, #6537, #5502, #740, #3044, #6669, #4072, #1826, #1918 ),
 ( #1296, #2911, #5016, #2417, #2938, #1328, #6082, #5049, #281 ),
 ( #3496, #841, #2975, #320, #4036, #2228, #2553, #1708, #1189 ),
 ( #659, #3634, #3225, #946, #4670, #5485, #2799, #3386, #6001 ),
 ( #6489, #2336, #1876, #3891, #5970, #4937, #5521, #1747, #1311 ),
 ( #6099, #4447, #3448, #174, #2863, #1221, #3354, #6554, #5456 ),
 ( #5032, #1283, #722, #689, #2829, #4477, #2401, #2370, #4512 ) ),
 .UNSPECIFIED., .F., .F., .F.,
 ( 4, 1, 1, 1, 1, 1, 1, 1, 1, 1, 4 ),
 ( 4, 1, 1, 1, 1, 1, 4 ),
 ( 0.000000000000000000, 1.000000000000000000, 2.000000000000000000, 3.000000000000000000, 5.000000000000000000, 7.000000000000000000, 9.000000000000000000, 11.00000000000000000, 12.00000000000000000, 13.00000000000000000, 14.00000000000000000 ),
 ( 0.000000000000000000, 1.000000000000000000, 2.000000000000000000, 3.000000000000000000, 4.000000000000000000, 5.000000000000000000, 6.000000000000000000 ),
 .UNSPECIFIED. ) ;
#5841 = ORIENTED_EDGE ( 'NONE', *, *, #1977, .T. ) ;
#5842 = CARTESIAN_POINT ( 'NONE',  ( 10.68959766311239790, 26.68642696762974964, 153.0778003396260090 ) ) ;
#5843 = CARTESIAN_POINT ( 'NONE',  ( 23.82242440462610134, 20.88394746242489930, 144.4410145833331853 ) ) ;
#5844 = CARTESIAN_POINT ( 'NONE',  ( 17.05110543623800012, 30.24477944856225164, 146.7743166666666070 ) ) ;
#5845 = CARTESIAN_POINT ( 'NONE',  ( 11.52191034420479987, 27.66733960299050210, 153.9476641473099789 ) ) ;
#5846 = EDGE_CURVE ( 'NONE', #4414, #6481, #4520, .T. ) ;
#5847 = CARTESIAN_POINT ( 'NONE',  ( 25.36863663777435107, 25.73591827646355057, 162.0495101334674928 ) ) ;
#5848 = CARTESIAN_POINT ( 'NONE',  ( 11.37323576392294022, 27.76101957530559972, 152.9511889240280027 ) ) ;
#5849 = ORIENTED_EDGE ( 'NONE', *, *, #3390, .F. ) ;
#5850 = CARTESIAN_POINT ( 'NONE',  ( 24.14680626341544922, 25.84715834134819801, 152.2772230612164890 ) ) ;
#5851 = CARTESIAN_POINT ( 'NONE',  ( 10.45413130811114044, 24.73264381355985009, 154.5084875000000011 ) ) ;
#5852 = CARTESIAN_POINT ( 'NONE',  ( 24.65548557056440160, 25.32645920024869923, 153.8552708333334920 ) ) ;
#5853 = PLANE ( 'NONE',  #4026 ) ;
#5854 = CARTESIAN_POINT ( 'NONE',  ( 23.83159146610099910, 26.30038726635260105, 151.7672646440690016 ) ) ;
#5855 = CARTESIAN_POINT ( 'NONE',  ( 24.13180776726665044, 24.79974871695479877, 149.9692791666665812 ) ) ;
#5856 = CARTESIAN_POINT ( 'NONE',  ( 14.45736435392323926, 22.80760194455444889, 154.5557840565984975 ) ) ;
#5857 = CARTESIAN_POINT ( 'NONE',  ( 19.72280700756754968, 29.52979717268259918, 150.0292857638889927 ) ) ;
#5858 = CARTESIAN_POINT ( 'NONE',  ( 25.23866748266430093, 25.00450330730655324, 157.7556333333334919 ) ) ;
#5859 = CARTESIAN_POINT ( 'NONE',  ( 9.976238856365766239, 23.89640478830413883, 151.6613966566439444 ) ) ;
#5860 = CARTESIAN_POINT ( 'NONE',  ( 12.30690769857254097, 28.22237745771244732, 155.4198963895364898 ) ) ;
#5861 = PLANE ( 'NONE',  #603 ) ;
#5862 = CARTESIAN_POINT ( 'NONE',  ( 19.49063332504329793, 29.76646623282495341, 152.0219240070495061 ) ) ;
#5863 = CARTESIAN_POINT ( 'NONE',  ( 11.35681718992215927, 27.31300629647444822, 154.3551097222219823 ) ) ;
#5864 = CARTESIAN_POINT ( 'NONE',  ( 10.28546880913279971, 23.55445715271324758, 153.8817500000000109 ) ) ;
#5865 = EDGE_LOOP ( 'NONE', ( #4091, #6561, #4469, #5581, #1748, #1592, #2950, #6417, #4281, #6443, #3993, #4489, #5544, #4929, #5033, #5943, #1017, #1551, #3355, #4729 ) ) ;
#5866 = CARTESIAN_POINT ( 'NONE',  ( 21.46161302499399781, 29.73445286475004679, 162.3494165994030141 ) ) ;
#5867 = CARTESIAN_POINT ( 'NONE',  ( 25.59664463338314988, 24.94532258634224675, 161.2784837488595144 ) ) ;
#5868 = CARTESIAN_POINT ( 'NONE',  ( 24.98958443074765157, 20.90837318226124708, 154.8640000000000043 ) ) ;
#5869 = CARTESIAN_POINT ( 'NONE',  ( 24.85608179014329977, 26.47767979136770222, 160.7578749999999843 ) ) ;
#5870 = ORIENTED_EDGE ( 'NONE', *, *, #4524, .T. ) ;
#5871 = CARTESIAN_POINT ( 'NONE',  ( 12.17764824719034067, 27.34235226407039931, 159.1399125000000083 ) ) ;
#5872 = CARTESIAN_POINT ( 'NONE',  ( 14.70818771307778050, 22.88708651684675033, 151.3899281891904707 ) ) ;
#5873 = CARTESIAN_POINT ( 'NONE',  ( 19.49843716773925095, 29.83231561638345042, 153.0241516062659741 ) ) ;
#5874 = CARTESIAN_POINT ( 'NONE',  ( 12.14047794921015999, 22.83154502344810410, 154.9120560327124849 ) ) ;
#5875 = CARTESIAN_POINT ( 'NONE',  ( 23.43296443106204663, 25.80595561958899964, 148.4787261116466084 ) ) ;
#5876 = CARTESIAN_POINT ( 'NONE',  ( 10.34644260048771969, 20.37150334769599880, 150.9173428761914977 ) ) ;
#5877 = CARTESIAN_POINT ( 'NONE',  ( 8.795153094396450655, 23.61401867945874855, 148.9033282460075895 ) ) ;
#5878 = ORIENTED_EDGE ( 'NONE', *, *, #3315, .F. ) ;
#5879 = CARTESIAN_POINT ( 'NONE',  ( 23.86394899181869889, 24.74010573227399945, 148.3798788391622168 ) ) ;
#5880 = CARTESIAN_POINT ( 'NONE',  ( 23.54872124113285281, 20.47030667040134944, 146.4425999999999988 ) ) ;
#5881 = CARTESIAN_POINT ( 'NONE',  ( 24.77208592486109850, 24.61343304722469938, 153.2718591231329981 ) ) ;
#5882 = CARTESIAN_POINT ( 'NONE',  ( 18.69310401375279795, 30.15454987534105058, 156.7137625000000014 ) ) ;
#5883 = CARTESIAN_POINT ( 'NONE',  ( 25.48067068936475366, 23.85554950831264875, 157.4448870964280047 ) ) ;
#5884 = PLANE ( 'NONE',  #1947 ) ;
#5885 = EDGE_LOOP ( 'NONE', ( #5522, #1522, #651, #3286 ) ) ;
#5886 = CARTESIAN_POINT ( 'NONE',  ( 14.70818771307778050, 22.88708651684675033, 151.3899281891904707 ) ) ;
#5887 = CARTESIAN_POINT ( 'NONE',  ( 24.19434485495154874, 25.86632221511134944, 152.6066302958050187 ) ) ;
#5888 = CARTESIAN_POINT ( 'NONE',  ( 9.942560300163380660, 24.71350910426264846, 151.6628499999999917 ) ) ;
#5889 = CARTESIAN_POINT ( 'NONE',  ( 24.79649254813350012, 24.94842920409945108, 153.8592666666664854 ) ) ;
#5890 = CARTESIAN_POINT ( 'NONE',  ( 23.98482917408705006, 23.27074237487800090, 147.2058703265498139 ) ) ;
#5891 = CARTESIAN_POINT ( 'NONE',  ( 14.15218294360706075, 22.95779364405125023, 153.9932545540050057 ) ) ;
#5892 = CARTESIAN_POINT ( 'NONE',  ( 24.07372587154874921, 24.60746554260440178, 149.3133430555553787 ) ) ;
#5893 = CARTESIAN_POINT ( 'NONE',  ( 16.58180831303790015, 30.27176499475390159, 153.2961154545269835 ) ) ;
#5894 = EDGE_CURVE ( 'NONE', #4027, #2328, #1705, .T. ) ;
#5895 = CARTESIAN_POINT ( 'NONE',  ( 10.15084250448761161, 22.32276928530423987, 151.7490053022748100 ) ) ;
#5896 = CARTESIAN_POINT ( 'NONE',  ( 10.23771894359801848, 27.26502842518039671, 149.4064156845694242 ) ) ;
#5897 = CARTESIAN_POINT ( 'NONE',  ( 10.46108006417479963, 20.38600900408319916, 151.2467079707315065 ) ) ;
#5898 = ORIENTED_EDGE ( 'NONE', *, *, #1003, .T. ) ;
#5899 = CARTESIAN_POINT ( 'NONE',  ( 22.33641932184765011, 29.28820699059840038, 162.1258708333334937 ) ) ;
#5900 = CARTESIAN_POINT ( 'NONE',  ( 23.96776347862039813, 24.22342200515929989, 148.1287834739465836 ) ) ;
#5901 = CARTESIAN_POINT ( 'NONE',  ( 24.10111486307445006, 22.09527334999079784, 148.1762895833333857 ) ) ;
#5902 = CARTESIAN_POINT ( 'NONE',  ( 24.55726444770590078, 27.12586770155360227, 161.9529088541664805 ) ) ;
#5903 = ORIENTED_EDGE ( 'NONE', *, *, #4758, .T. ) ;
#5904 = CARTESIAN_POINT ( 'NONE',  ( 11.22731822626390041, 21.73562558931725164, 157.7182666666664943 ) ) ;
#5905 = CARTESIAN_POINT ( 'NONE',  ( 19.37213182934184985, 29.87094980056340177, 153.0348825415829879 ) ) ;
#5906 = CARTESIAN_POINT ( 'NONE',  ( 11.14606213405854085, 27.45376072986470106, 152.9906019297094986 ) ) ;
#5907 = ORIENTED_EDGE ( 'NONE', *, *, #1681, .T. ) ;
#5908 = LINE ( 'NONE', #77, #3923 ) ;
#5909 = CARTESIAN_POINT ( 'NONE',  ( 25.46848142061350018, 25.45148398636409937, 161.9257116755970003 ) ) ;
#5910 = CARTESIAN_POINT ( 'NONE',  ( 18.64057145660235193, 30.18796524140564941, 159.1008499999999799 ) ) ;
#5911 = CARTESIAN_POINT ( 'NONE',  ( 24.26630609684075068, 25.90144053955345171, 153.2543301219760110 ) ) ;
#5912 = ORIENTED_EDGE ( 'NONE', *, *, #2539, .F. ) ;
#5913 = CARTESIAN_POINT ( 'NONE',  ( 11.64849467960359952, 28.12346315383424766, 152.4006927261935118 ) ) ;
#5914 = CARTESIAN_POINT ( 'NONE',  ( 10.64625256446407953, 23.54106431686015100, 155.5882287414629843 ) ) ;
#5915 = CARTESIAN_POINT ( 'NONE',  ( 9.771336359794720039, 24.24950367869545076, 150.4110490670314846 ) ) ;
#5916 = CARTESIAN_POINT ( 'NONE',  ( 6.357302191888869913, 40.34230082639215453, 146.7433887137667909 ) ) ;
#5917 = EDGE_CURVE ( 'NONE', #6353, #2195, #1130, .T. ) ;
#5918 = CARTESIAN_POINT ( 'NONE',  ( 9.975886593963458893, 23.89878931280317786, 151.6593167844252150 ) ) ;
#5919 = CARTESIAN_POINT ( 'NONE',  ( 23.91512398142695162, 25.74071144097745290, 150.7488749999999982 ) ) ;
#5920 = CARTESIAN_POINT ( 'NONE',  ( 10.24248210645492030, 21.16625489304200158, 151.1427791666665144 ) ) ;
#5921 = ORIENTED_EDGE ( 'NONE', *, *, #3847, .T. ) ;
#5922 = CARTESIAN_POINT ( 'NONE',  ( 20.87360901686844983, 29.64673717588950197, 158.8315729166664880 ) ) ;
#5923 = CARTESIAN_POINT ( 'NONE',  ( 25.50927998459575008, 24.86731418520859904, 160.1036458333335020 ) ) ;
#5924 = ADVANCED_FACE ( 'NONE', ( #6368 ), #1462, .T. ) ;
#5925 = CARTESIAN_POINT ( 'NONE',  ( 25.49879087727229887, 21.48903711890424972, 161.4836500000000115 ) ) ;
#5926 = VECTOR ( 'NONE', #4376, 1000.000000000000114 ) ;
#5927 = B_SPLINE_CURVE_WITH_KNOTS ( 'NONE', 3,
 ( #5376, #1101, #575, #2711, #1235, #4165, #4854, #1728, #57, #2208 ),
 .UNSPECIFIED., .F., .F.,
 ( 4, 3, 3, 4 ),
 ( 0.000000000000000000, 0.0001009125834009199930, 0.0002543565262013219516, 0.0004089385135129274592 ),
 .UNSPECIFIED. ) ;
#5928 = CARTESIAN_POINT ( 'NONE',  ( 23.95763880481880292, 27.38195926578625006, 158.5711187500000108 ) ) ;
#5929 = VERTEX_POINT ( 'NONE', #5914 ) ;
#5930 = CARTESIAN_POINT ( 'NONE',  ( 11.51438120603675941, 26.71988267562209884, 156.9873333333335097 ) ) ;
#5931 = CARTESIAN_POINT ( 'NONE',  ( 9.882889458014943784, 24.37095309444437419, 151.0058640592835957 ) ) ;
#5932 = AXIS2_PLACEMENT_3D ( 'NONE', #5359, #4275, #1703 ) ;
#5933 = CARTESIAN_POINT ( 'NONE',  ( 12.87441001170101984, 22.93438335313510024, 155.8400598948535105 ) ) ;
#5934 = DIRECTION ( 'NONE',  ( 0.1006318910984311671, 0.05303758115645423182, 0.9935090525400490646 ) ) ;
#5935 = CARTESIAN_POINT ( 'NONE',  ( 24.24443946734195166, 25.43429678540124783, 151.7716829924075057 ) ) ;
#5936 = CARTESIAN_POINT ( 'NONE',  ( 8.132147317396031028, 21.92150198324399923, 149.4408192723799687 ) ) ;
#5937 = ORIENTED_EDGE ( 'NONE', *, *, #5304, .T. ) ;
#5938 = CARTESIAN_POINT ( 'NONE',  ( 22.55707434478579998, 18.91602230598624956, 146.7071500000000128 ) ) ;
#5939 = DIRECTION ( 'NONE',  ( -0.9914626728336708439, -0.07787427352598327857, 0.1045818621956677713 ) ) ;
#5940 = CARTESIAN_POINT ( 'NONE',  ( 19.27357151246595279, 30.08542872400029822, 163.3937500000000114 ) ) ;
#5941 = DIRECTION ( 'NONE',  ( -0.9914628133064391502, -0.07787434756195101004, 0.1045804753397184261 ) ) ;
#5942 = B_SPLINE_SURFACE_WITH_KNOTS ( 'NONE', 3, 1, ( 
 ( #2189, #6452 ),
 ( #5390, #1115 ),
 ( #2727, #1668 ),
 ( #1832, #6610 ),
 ( #6391, #2157 ),
 ( #3766, #5873 ),
 ( #98, #5905 ) ),
 .UNSPECIFIED., .F., .F., .F.,
 ( 4, 3, 4 ),
 ( 2, 2 ),
 ( 0.000000000000000000, 0.0003990354953858105016, 0.0007966710756653900671 ),
 ( 0.000000000000000000, 1.000000000000000000 ),
 .UNSPECIFIED. ) ;
#5943 = ORIENTED_EDGE ( 'NONE', *, *, #441, .T. ) ;
#5944 = CARTESIAN_POINT ( 'NONE',  ( 12.53846032807606115, 22.92373042279439943, 156.2255488865359894 ) ) ;
#5945 = CARTESIAN_POINT ( 'NONE',  ( 10.10714401534291973, 26.55921611655070080, 150.3939984375000165 ) ) ;
#5946 = CARTESIAN_POINT ( 'NONE',  ( 18.64226666533130228, 29.78705761014074938, 147.2389687499999980 ) ) ;
#5947 = CARTESIAN_POINT ( 'NONE',  ( 24.97231418075920217, 25.31093721329970236, 156.1894374999999968 ) ) ;
#5948 = CARTESIAN_POINT ( 'NONE',  ( 14.45635886067216092, 23.01313784405795104, 154.6609264194085256 ) ) ;
#5949 = CARTESIAN_POINT ( 'NONE',  ( 24.76733004917809922, 26.07759436879524984, 157.7528895833335127 ) ) ;
#5950 = LINE ( 'NONE', #5535, #4373 ) ;
#5951 = CARTESIAN_POINT ( 'NONE',  ( 24.76698697239344682, 25.94068659813470035, 156.9697875000000238 ) ) ;
#5952 = CARTESIAN_POINT ( 'NONE',  ( 10.65699683989743995, 26.23332516656484970, 153.7991499999999974 ) ) ;
#5953 = CARTESIAN_POINT ( 'NONE',  ( 17.31498619636509773, 30.27218459928744920, 155.3090187500000070 ) ) ;
#5954 = CARTESIAN_POINT ( 'NONE',  ( 25.17308783383865034, 26.11774966964965117, 161.9274894909405305 ) ) ;
#5955 = CARTESIAN_POINT ( 'NONE',  ( 11.11077795317929962, 26.96708005907570183, 154.5299568812440043 ) ) ;
#5956 = CARTESIAN_POINT ( 'NONE',  ( 22.14018828065499989, 28.41564033851614823, 152.8321982669434931 ) ) ;
#5957 = EDGE_CURVE ( 'NONE', #1107, #5418, #4019, .T. ) ;
#5958 = CARTESIAN_POINT ( 'NONE',  ( 11.54870219083153060, 28.01615485801293914, 152.4165291992217988 ) ) ;
#5959 = CARTESIAN_POINT ( 'NONE',  ( 21.91351694357144808, 29.14874000627694883, 158.7247999999999877 ) ) ;
#5960 = CARTESIAN_POINT ( 'NONE',  ( 23.93624527248140055, 24.34416167485284888, 148.1223794478931950 ) ) ;
#5961 = CARTESIAN_POINT ( 'NONE',  ( 24.11204131552925389, 20.06489248246260004, 151.8766999999999996 ) ) ;
#5962 = B_SPLINE_CURVE_WITH_KNOTS ( 'NONE', 3,
 ( #2649, #5752, #1036, #4054, #479, #2009, #1437, #4123 ),
 .UNSPECIFIED., .F., .F.,
 ( 4, 1, 1, 1, 1, 4 ),
 ( 4.864945193792320488, 5.000000000000000000, 7.000000000000000000, 8.000000000000000000, 9.000000000000000000, 9.993238210526429910 ),
 .UNSPECIFIED. ) ;
#5963 = ORIENTED_EDGE ( 'NONE', *, *, #5964, .F. ) ;
#5964 = EDGE_CURVE ( 'NONE', #2466, #4521, #3133, .T. ) ;
#5965 = CARTESIAN_POINT ( 'NONE',  ( 11.06600232390105987, 21.21253705744184970, 156.1604812500000037 ) ) ;
#5966 = CARTESIAN_POINT ( 'NONE',  ( 12.12210962744889997, 22.82577579769209919, 154.8177383593325089 ) ) ;
#5967 = CARTESIAN_POINT ( 'NONE',  ( 25.44587544055410078, 24.54345277353919741, 158.5471333333335053 ) ) ;
#5968 = CARTESIAN_POINT ( 'NONE',  ( 23.13963838864519929, 27.15007279402695062, 151.2887257548860021 ) ) ;
#5969 = CARTESIAN_POINT ( 'NONE',  ( 24.27412565414455159, 25.36274081578414652, 151.7724960483390078 ) ) ;
#5970 = CARTESIAN_POINT ( 'NONE',  ( 9.893057132566791978, 25.44220851256055127, 150.7403785955845024 ) ) ;
#5971 = ORIENTED_EDGE ( 'NONE', *, *, #5382, .F. ) ;
#5972 = EDGE_CURVE ( 'NONE', #6555, #4938, #6841, .T. ) ;
#5973 = CARTESIAN_POINT ( 'NONE',  ( 19.32579464844254957, 29.86303874921945223, 152.6941312499999981 ) ) ;
#5974 = CARTESIAN_POINT ( 'NONE',  ( 22.05516061146384743, 18.46343100868839926, 147.4566836805555852 ) ) ;
#5975 = CARTESIAN_POINT ( 'NONE',  ( 23.63972549693279745, 25.58104199343222618, 148.9922493604005638 ) ) ;
#5976 = CARTESIAN_POINT ( 'NONE',  ( 16.71271155961514765, 30.26648540757244987, 147.4804875000000095 ) ) ;
#5977 = CARTESIAN_POINT ( 'NONE',  ( 14.65748150909161929, 22.86026274204480302, 150.8871115352905008 ) ) ;
#5978 = CARTESIAN_POINT ( 'NONE',  ( 20.86863347918359679, 28.99947075844360000, 150.5751499999999794 ) ) ;
#5979 = VERTEX_POINT ( 'NONE', #6012 ) ;
#5980 = CARTESIAN_POINT ( 'NONE',  ( 12.25565766662130152, 22.89165141294470018, 156.0358748596945020 ) ) ;
#5981 = CARTESIAN_POINT ( 'NONE',  ( 9.964404340873711519, 26.17883436262404828, 150.2976788637364791 ) ) ;
#5982 = CARTESIAN_POINT ( 'NONE',  ( 24.22809027466164977, 24.72946724390969919, 150.3636629643424953 ) ) ;
#5983 = CARTESIAN_POINT ( 'NONE',  ( 23.58859334865620028, 25.45775130217120363, 148.4226438016769976 ) ) ;
#5984 = CARTESIAN_POINT ( 'NONE',  ( 12.76886018569149783, 28.97297966834785043, 153.7516609895295119 ) ) ;
#5985 = CARTESIAN_POINT ( 'NONE',  ( 20.43026069694660052, 29.47445114155905088, 152.9488720729825104 ) ) ;
#5986 = CARTESIAN_POINT ( 'NONE',  ( 11.21538126409956071, 27.15532308227539815, 154.5093124960110060 ) ) ;
#5987 = CARTESIAN_POINT ( 'NONE',  ( 23.11352809082160320, 27.48875476241769888, 152.7830902525889769 ) ) ;
#5988 = CARTESIAN_POINT ( 'NONE',  ( 12.89099312464336045, 22.73527307087844918, 155.8490095241654956 ) ) ;
#5989 = CARTESIAN_POINT ( 'NONE',  ( 20.88992161367645295, 29.58261268906594665, 158.0373958333335054 ) ) ;
#5990 = CARTESIAN_POINT ( 'NONE',  ( 16.72294237811095030, 30.27826093285385056, 154.8565201388890102 ) ) ;
#5991 = CARTESIAN_POINT ( 'NONE',  ( 22.54183841390399934, 18.93732174636294729, 148.6581583333332048 ) ) ;
#5992 = VERTEX_POINT ( 'NONE', #3931 ) ;
#5993 = CARTESIAN_POINT ( 'NONE',  ( 10.90929790630839946, 21.72843578357804972, 155.9158541666665201 ) ) ;
#5994 = LINE ( 'NONE', #2188, #3499 ) ;
#5995 = CARTESIAN_POINT ( 'NONE',  ( 16.14712528135170189, 22.93392292297124868, 154.2351349506424754 ) ) ;
#5996 = CARTESIAN_POINT ( 'NONE',  ( 25.14741780634319923, 24.51471521592664615, 155.4231791666665004 ) ) ;
#5997 = EDGE_CURVE ( 'NONE', #3180, #6010, #1794, .T. ) ;
#5998 = CARTESIAN_POINT ( 'NONE',  ( 17.69718035448580196, 30.21602124061075045, 152.1795826146010029 ) ) ;
#5999 = CARTESIAN_POINT ( 'NONE',  ( 9.653893815187739591, 24.59005774406965017, 149.8613227108893966 ) ) ;
#6000 = CARTESIAN_POINT ( 'NONE',  ( 8.459940236939582192, 23.93461507878879857, 148.6107197030634097 ) ) ;
#6001 = CARTESIAN_POINT ( 'NONE',  ( 9.906655742084570448, 24.30172187256895100, 151.1513677083335097 ) ) ;
#6002 = ORIENTED_EDGE ( 'NONE', *, *, #2408, .F. ) ;
#6003 = CARTESIAN_POINT ( 'NONE',  ( 10.81720369857220021, 26.23351138549780259, 154.4400979166665024 ) ) ;
#6004 = CARTESIAN_POINT ( 'NONE',  ( 22.14672351656254889, 18.55188411427110040, 147.4376430555555828 ) ) ;
#6005 = LINE ( 'NONE', #6855, #6374 ) ;
#6006 = CARTESIAN_POINT ( 'NONE',  ( 18.97317350801679936, 30.04147664093899905, 164.2204567708424747 ) ) ;
#6007 = CARTESIAN_POINT ( 'NONE',  ( 10.47286655184595894, 23.49030319960305135, 154.7801751000725119 ) ) ;
#6008 = CARTESIAN_POINT ( 'NONE',  ( 15.31760970426929980, 30.16361713252850052, 152.4234053367489992 ) ) ;
#6009 = ADVANCED_FACE ( 'NONE', ( #3038 ), #4135, .T. ) ;
#6010 = VERTEX_POINT ( 'NONE', #6649 ) ;
#6011 = CARTESIAN_POINT ( 'NONE',  ( 12.00587720603146025, 29.05153231050219986, 149.7348250000000007 ) ) ;
#6012 = CARTESIAN_POINT ( 'NONE',  ( 11.61510926992259840, 22.78369033015029999, 154.8208664072699889 ) ) ;
#6013 = CARTESIAN_POINT ( 'NONE',  ( 10.05492538272772052, 23.33006660611695082, 151.9896698316610184 ) ) ;
#6014 = CARTESIAN_POINT ( 'NONE',  ( 19.33163524524290011, 23.79791540208190170, 156.3827879221254875 ) ) ;
#6015 = CARTESIAN_POINT ( 'NONE',  ( 18.34179161002370151, 29.89633634051354960, 145.3486599299818067 ) ) ;
#6016 = CARTESIAN_POINT ( 'NONE',  ( 24.59025923418639792, 25.15575159159810070, 153.0814291666665099 ) ) ;
#6017 = CARTESIAN_POINT ( 'NONE',  ( 13.57021567729039901, 29.51280995594864720, 154.1449405351465032 ) ) ;
#6018 = CARTESIAN_POINT ( 'NONE',  ( 10.35039923400707984, 24.04761998010000212, 154.2595612064584998 ) ) ;
#6019 = CARTESIAN_POINT ( 'NONE',  ( 20.29511971279850258, 29.44492217112440002, 151.9576034383220247 ) ) ;
#6020 = CARTESIAN_POINT ( 'NONE',  ( 10.41380414786456043, 20.34070900808224991, 151.0773668835690273 ) ) ;
#6021 = CARTESIAN_POINT ( 'NONE',  ( 12.41618168462962046, 22.88077683213629854, 155.4964973495920049 ) ) ;
#6022 = CARTESIAN_POINT ( 'NONE',  ( 22.98044216968945008, 28.30791168208579833, 157.8461666666665053 ) ) ;
#6023 = CARTESIAN_POINT ( 'NONE',  ( 25.14741780634319923, 24.51471521592664615, 155.4231791666665004 ) ) ;
#6024 = CARTESIAN_POINT ( 'NONE',  ( 24.24778966654380241, 19.45463291047964915, 155.0541000000000054 ) ) ;
#6025 = CARTESIAN_POINT ( 'NONE',  ( 24.26229292204254762, 25.89309560677299871, 153.0808749999999918 ) ) ;
#6026 = ORIENTED_EDGE ( 'NONE', *, *, #1457, .T. ) ;
#6027 = CARTESIAN_POINT ( 'NONE',  ( 10.72820335667150005, 24.74609480410784812, 155.7907791666665105 ) ) ;
#6028 = CARTESIAN_POINT ( 'NONE',  ( 25.35978807043655081, 25.58588596145670024, 161.2725674551140003 ) ) ;
#6029 = CARTESIAN_POINT ( 'NONE',  ( 13.77589662641267942, 23.00908541347470049, 155.8316231176670215 ) ) ;
#6030 = VECTOR ( 'NONE', #2591, 1000.000000000000114 ) ;
#6031 = CARTESIAN_POINT ( 'NONE',  ( 24.09903738648850080, 23.90248960672045087, 148.5500347222221933 ) ) ;
#6032 = CARTESIAN_POINT ( 'NONE',  ( 11.75795466932934019, 27.93305944930894924, 154.4128368340450095 ) ) ;
#6033 = CARTESIAN_POINT ( 'NONE',  ( 9.768423263891270025, 24.52475495566525154, 150.3746680165644989 ) ) ;
#6034 = CARTESIAN_POINT ( 'NONE',  ( 11.89153460357317904, 28.38080103196589832, 152.3623376194535126 ) ) ;
#6035 = CARTESIAN_POINT ( 'NONE',  ( 11.14575792799768195, 22.38402196320380000, 151.2682304343465205 ) ) ;
#6036 = ORIENTED_EDGE ( 'NONE', *, *, #4268, .T. ) ;
#6037 = AXIS2_PLACEMENT_3D ( 'NONE', #3855, #4375, #6485 ) ;
#6038 = CARTESIAN_POINT ( 'NONE',  ( 24.07104696435834867, 25.81363951447900007, 151.7689949390925221 ) ) ;
#6039 = EDGE_CURVE ( 'NONE', #4938, #3771, #5908, .T. ) ;
#6040 = CARTESIAN_POINT ( 'NONE',  ( 17.55044875774884972, 30.26748210623109969, 156.0710375000000170 ) ) ;
#6041 = CARTESIAN_POINT ( 'NONE',  ( 24.48087310099262837, 23.45505092087190491, 150.3872059056666899 ) ) ;
#6042 = LINE ( 'NONE', #4025, #3494 ) ;
#6043 = CARTESIAN_POINT ( 'NONE',  ( 12.07415775819058013, 28.71531566260705048, 151.9914250000000209 ) ) ;
#6044 = CARTESIAN_POINT ( 'NONE',  ( 17.02750908901460036, 30.25472976796829983, 153.1572048960784969 ) ) ;
#6045 = CARTESIAN_POINT ( 'NONE',  ( 25.29702624760674823, 25.45443962055324860, 160.0975395833335142 ) ) ;
#6046 = EDGE_CURVE ( 'NONE', #2303, #5590, #2866, .T. ) ;
#6047 = CARTESIAN_POINT ( 'NONE',  ( 9.862759975930769585, 25.05634640123219725, 150.7648893823379979 ) ) ;
#6048 = CARTESIAN_POINT ( 'NONE',  ( 20.95659754677139830, 29.83648345793049828, 163.8247730380770122 ) ) ;
#6049 = CARTESIAN_POINT ( 'NONE',  ( 24.80637165672789735, 25.24204583273440150, 154.6322312499999896 ) ) ;
#6050 = CARTESIAN_POINT ( 'NONE',  ( 16.79426279462884963, 30.24306616588715002, 151.4123812500000099 ) ) ;
#6051 = CARTESIAN_POINT ( 'NONE',  ( 24.37248979256720105, 25.93688567186040217, 153.8558729166664989 ) ) ;
#6052 = CARTESIAN_POINT ( 'NONE',  ( 10.93788253225839924, 26.70082442469024997, 154.0584164852949982 ) ) ;
#6053 = CARTESIAN_POINT ( 'NONE',  ( 24.72176997931184772, 24.58691425664650154, 152.7751045968630024 ) ) ;
#6054 = CARTESIAN_POINT ( 'NONE',  ( 12.99748127549439936, 22.74573591365069802, 155.8844696012184841 ) ) ;
#6055 = CARTESIAN_POINT ( 'NONE',  ( 24.38489585489295308, 25.07318668570360032, 151.7767337906585112 ) ) ;
#6056 = CARTESIAN_POINT ( 'NONE',  ( 20.57370183992754775, 29.62994567677839797, 156.4922645833335082 ) ) ;
#6057 = CARTESIAN_POINT ( 'NONE',  ( 24.33696263350930167, 19.63945682541494975, 161.7309666666664896 ) ) ;
#6058 = CARTESIAN_POINT ( 'NONE',  ( 23.89860656359950042, 27.25918829816539812, 157.0013749999999959 ) ) ;
#6059 = VERTEX_POINT ( 'NONE', #1155 ) ;
#6060 = CARTESIAN_POINT ( 'NONE',  ( 24.83766323899284956, 24.82046992219590109, 153.8614666666665016 ) ) ;
#6061 = CARTESIAN_POINT ( 'NONE',  ( 13.76135295028325878, 22.67582143313559939, 152.9136133480635067 ) ) ;
#6062 = CARTESIAN_POINT ( 'NONE',  ( 24.92311470293599740, 23.99889030095025078, 153.1055749999999875 ) ) ;
#6063 = CARTESIAN_POINT ( 'NONE',  ( 16.85682430481239891, 30.22083158480464959, 151.7611782633945268 ) ) ;
#6064 = DIRECTION ( 'NONE',  ( -0.1006318910984302234, -0.05303758115645541837, -0.9935090525400491757 ) ) ;
#6065 = EDGE_LOOP ( 'NONE', ( #1912, #6589, #884 ) ) ;
#6066 = CARTESIAN_POINT ( 'NONE',  ( 23.99681327062970126, 24.85455284973889789, 149.3077981382860173 ) ) ;
#6067 = CARTESIAN_POINT ( 'NONE',  ( 23.81416608509435306, 24.68575853818579802, 147.9701042057860150 ) ) ;
#6068 = CARTESIAN_POINT ( 'NONE',  ( 16.35724722674189735, 23.56429258150394901, 156.6965335087125197 ) ) ;
#6069 = CARTESIAN_POINT ( 'NONE',  ( 11.23164195975870072, 26.63739736634974875, 155.5708571731369716 ) ) ;
#6070 = CARTESIAN_POINT ( 'NONE',  ( 24.87548762476290065, 23.58332955199179182, 152.5099370904575267 ) ) ;
#6071 = CARTESIAN_POINT ( 'NONE',  ( 14.97500655586445895, 23.05929233663469802, 154.7267437529719984 ) ) ;
#6072 = ORIENTED_EDGE ( 'NONE', *, *, #237, .T. ) ;
#6073 = CARTESIAN_POINT ( 'NONE',  ( 24.46956540922474943, 24.67712728994715121, 151.5354666666665082 ) ) ;
#6074 = CARTESIAN_POINT ( 'NONE',  ( 11.59837603571475917, 28.58749903557929883, 150.4453249999999969 ) ) ;
#6075 = CARTESIAN_POINT ( 'NONE',  ( 23.71837992506719672, 23.69693992370509861, 144.0247954861110031 ) ) ;
#6076 = CARTESIAN_POINT ( 'NONE',  ( 24.59025923418639792, 25.15575159159810070, 153.0814291666665099 ) ) ;
#6077 = CARTESIAN_POINT ( 'NONE',  ( 23.83018334034539976, 24.70422496304784943, 148.1070955163052076 ) ) ;
#6078 = FACE_OUTER_BOUND ( 'NONE', #3655, .T. ) ;
#6079 = CARTESIAN_POINT ( 'NONE',  ( 19.32579464844254957, 29.86303874921945223, 152.6941312499999981 ) ) ;
#6080 = CARTESIAN_POINT ( 'NONE',  ( 10.86548256071699470, 22.58792474360238600, 156.3239681247100350 ) ) ;
#6081 = EDGE_CURVE ( 'NONE', #2927, #3625, #2952, .T. ) ;
#6082 = CARTESIAN_POINT ( 'NONE',  ( 9.996871381916038857, 24.73048803055139899, 152.3181624999999997 ) ) ;
#6083 = CARTESIAN_POINT ( 'NONE',  ( 19.98422713015795082, 29.57562003004214901, 151.9821163606330003 ) ) ;
#6084 = CARTESIAN_POINT ( 'NONE',  ( 20.26240862203739823, 29.62877690880385018, 154.0339347222220283 ) ) ;
#6085 = CARTESIAN_POINT ( 'NONE',  ( 24.93315138872078052, 25.58056724463050458, 156.9144568329708420 ) ) ;
#6086 = CARTESIAN_POINT ( 'NONE',  ( 24.61932905857115017, 24.91632709225724795, 152.7678953656995020 ) ) ;
#6087 = CARTESIAN_POINT ( 'NONE',  ( 20.55618943363554862, 29.38110537217980323, 152.5631833333334839 ) ) ;
#6088 = CARTESIAN_POINT ( 'NONE',  ( 17.26295636211855111, 30.27035614464815083, 154.9193279513889934 ) ) ;
#6089 = CARTESIAN_POINT ( 'NONE',  ( 24.35324693559154952, 19.74176103541239868, 162.3757972222220189 ) ) ;
#6090 = CARTESIAN_POINT ( 'NONE',  ( 24.47341055138184984, 25.97572265440080130, 154.6317479166665123 ) ) ;
#6091 = CARTESIAN_POINT ( 'NONE',  ( 23.73067626359316762, 26.82340758472545161, 153.2593653464197700 ) ) ;
#6092 = VERTEX_POINT ( 'NONE', #1712 ) ;
#6093 = CARTESIAN_POINT ( 'NONE',  ( 11.24410666018825999, 20.45547306272310095, 155.8733568576390098 ) ) ;
#6094 = B_SPLINE_CURVE_WITH_KNOTS ( 'NONE', 3,
 ( #6038, #2374, #373, #2505, #3583, #5208, #1595, #2656, #3067 ),
 .UNSPECIFIED., .F., .F.,
 ( 4, 3, 2, 4 ),
 ( 0.000000000000000000, 0.4221779341618244752, 0.7109396733305159977, 1.000000000000000000 ),
 .UNSPECIFIED. ) ;
#6095 = CARTESIAN_POINT ( 'NONE',  ( 20.05801366280304876, 29.59053971431089991, 152.5229992336370231 ) ) ;
#6096 = CARTESIAN_POINT ( 'NONE',  ( 25.15259967481849657, 24.08448175893585130, 154.6561499999999967 ) ) ;
#6097 = CARTESIAN_POINT ( 'NONE',  ( 9.969790755417504258, 23.94018568866964713, 151.6220588530177622 ) ) ;
#6098 = CARTESIAN_POINT ( 'NONE',  ( 11.62366679934100056, 27.80094162600684982, 153.9302250767509861 ) ) ;
#6099 = CARTESIAN_POINT ( 'NONE',  ( 10.10714401534291973, 26.55921611655070080, 150.3939984375000165 ) ) ;
#6100 = VERTEX_POINT ( 'NONE', #5428 ) ;
#6101 = CARTESIAN_POINT ( 'NONE',  ( 25.48896846724884924, 25.33552135413235007, 161.6453170678380218 ) ) ;
#6102 = CARTESIAN_POINT ( 'NONE',  ( 22.25913928603184644, 28.15180459602060026, 151.8277010734225030 ) ) ;
#6103 = CARTESIAN_POINT ( 'NONE',  ( 24.52072837607100908, 23.46776601457505507, 150.5962404145732023 ) ) ;
#6104 = CARTESIAN_POINT ( 'NONE',  ( 14.42184036140014136, 23.07247934805075218, 156.0451097581124884 ) ) ;
#6105 = CARTESIAN_POINT ( 'NONE',  ( 19.93391118459384970, 29.54910123943924916, 151.4853618343660173 ) ) ;
#6106 = B_SPLINE_CURVE_WITH_KNOTS ( 'NONE', 3,
 ( #5805, #3745, #5334, #6249, #420, #5256, #4811, #5848, #565, #5729 ),
 .UNSPECIFIED., .F., .F.,
 ( 4, 3, 3, 4 ),
 ( 0.000000000000000000, 0.0001013059764416302086, 0.0002026119387278304965, 0.0003729150161839020136 ),
 .UNSPECIFIED. ) ;
#6107 = B_SPLINE_SURFACE_WITH_KNOTS ( 'NONE', 3, 3, ( 
 ( #4009, #4119, #6790, #5161, #435, #6195, #2006, #1467, #1969, #3611, #3092, #1433, #2949, #5606, #5059 ),
 ( #3539, #4685, #4047, #850, #2492, #3472, #883, #2529, #5574, #5122, #4602, #6755, #2038, #921, #292 ),
 ( #4645, #6159, #2986, #1931, #2456, #5673, #329, #4569, #1396, #6681, #5635, #361, #6646, #3057, #6125 ),
 ( #6718, #1367, #4083, #3573, #400, #6225, #5709, #3139, #2013, #6234, #4730, #3764, #5241, #3219, #408 ),
 ( #555, #2653, #2119, #4768, #5, #37, #6389, #6798, #5831, #2155, #2048, #444, #4240, #968, #483 ),
 ( #4202, #5871, #2690, #1630, #5206, #4168, #6315, #4271, #6764, #2614, #6835, #5171, #5755, #6275, #1552 ),
 ( #5284, #521, #4126, #6355, #1593, #1040, #1515, #1475, #5795, #3691, #2540, #2084, #3181, #3656, #3729 ),
 ( #1078, #4655, #1004, #5323, #4801, #3619, #3100, #5717, #2576, #4693, #5904, #3379, #4865, #5356, #6450 ),
 ( #2763, #1113, #2725, #5930, #6418, #5419, #4836, #3316, #652, #3883, #4439, #197, #4961, #1180, #4408 ),
 ( #620, #2791, #1701, #1215, #5389, #2259, #2856, #3797, #4896, #1740, #69, #4930, #3287, #2221, #6513 ),
 ( #3821, #3254, #132, #4335, #4371, #587, #6482, #2329, #3852, #2187, #97, #5965, #4304, #168, #2825 ),
 ( #3348, #1804, #5449, #684, #1667, #1150, #2296, #3916, #1771, #1245, #5993, #5478, #714, #6547, #6093 ),
 ( #4993, #5608, #3947, #6579, #5026, #2892, #6027, #5124, #1370, #6721, #3443, #1341, #228, #2362, #819 ) ),
 .UNSPECIFIED., .F., .F., .F.,
 ( 4, 1, 1, 1, 1, 1, 1, 1, 1, 1, 4 ),
 ( 4, 1, 1, 1, 1, 1, 1, 1, 1, 1, 1, 1, 4 ),
 ( 0.000000000000000000, 1.000000000000000000, 2.000000000000000000, 3.000000000000000000, 5.000000000000000000, 7.000000000000000000, 9.000000000000000000, 11.00000000000000000, 12.00000000000000000, 13.00000000000000000, 14.00000000000000000 ),
 ( 0.000000000000000000, 1.000000000000000000, 2.000000000000000000, 3.000000000000000000, 5.000000000000000000, 7.000000000000000000, 9.000000000000000000, 11.00000000000000000, 13.00000000000000000, 15.00000000000000000, 16.00000000000000000, 17.00000000000000000, 18.00000000000000000 ),
 .UNSPECIFIED. ) ;
#6108 = ORIENTED_EDGE ( 'NONE', *, *, #4747, .F. ) ;
#6109 = CARTESIAN_POINT ( 'NONE',  ( 12.66254492526651987, 29.31534351059120169, 151.1250666666664983 ) ) ;
#6110 = CARTESIAN_POINT ( 'NONE',  ( 23.58531024282670074, 25.25020859006709983, 147.8130327495979941 ) ) ;
#6111 = LINE ( 'NONE', #6145, #1275 ) ;
#6112 = CARTESIAN_POINT ( 'NONE',  ( 20.47841039331710178, 30.02323219387520226, 162.0582583333334981 ) ) ;
#6113 = B_SPLINE_SURFACE_WITH_KNOTS ( 'NONE', 3, 1, ( 
 ( #4327, #3874 ),
 ( #6442, #5987 ),
 ( #5410, #162 ),
 ( #4462, #4889 ),
 ( #2849, #5956 ),
 ( #3308, #1693 ),
 ( #4921, #1238 ),
 ( #2290, #3342 ),
 ( #3814, #4401 ),
 ( #3404, #678 ) ),
 .UNSPECIFIED., .F., .F., .F.,
 ( 4, 2, 2, 2, 4 ),
 ( 2, 2 ),
 ( 0.000000000000000000, 0.2500000000000000000, 0.5000000000000000000, 0.7500000000000000000, 1.000000000000000000 ),
 ( 0.000000000000000000, 1.000000000000000000 ),
 .UNSPECIFIED. ) ;
#6114 = CARTESIAN_POINT ( 'NONE',  ( 24.80637165672789735, 25.24204583273440150, 154.6322312499999896 ) ) ;
#6115 = CARTESIAN_POINT ( 'NONE',  ( 27.54884537007289680, 24.86867570507335046, 153.8053026868760185 ) ) ;
#6116 = CARTESIAN_POINT ( 'NONE',  ( 23.53535777178759858, 25.41827603307810080, 147.9640234039782172 ) ) ;
#6117 = CARTESIAN_POINT ( 'NONE',  ( 14.50320484015758282, 29.92691238323487113, 154.0283321815214492 ) ) ;
#6118 = CARTESIAN_POINT ( 'NONE',  ( 12.24439038922959888, 22.65145904347824768, 155.1824401887890303 ) ) ;
#6119 = CARTESIAN_POINT ( 'NONE',  ( 24.67121244174785133, 24.75640927245135003, 152.7711771986789984 ) ) ;
#6120 = ADVANCED_FACE ( 'NONE', ( #4196 ), #976, .T. ) ;
#6121 = CARTESIAN_POINT ( 'NONE',  ( 23.18185490507924840, 27.31169483785230412, 152.3477041666665173 ) ) ;
#6122 = CARTESIAN_POINT ( 'NONE',  ( 24.17130202668185035, 24.09472957701984797, 149.2017666666666003 ) ) ;
#6123 = CARTESIAN_POINT ( 'NONE',  ( 22.89253730250004892, 18.50665912164150129, 152.1544333333335146 ) ) ;
#6124 = CARTESIAN_POINT ( 'NONE',  ( 23.58342103453789917, 25.30579338501795306, 147.9626217975307725 ) ) ;
#6125 = CARTESIAN_POINT ( 'NONE',  ( 12.08855245287661972, 20.53662033073080195, 160.7800280327660118 ) ) ;
#6126 = EDGE_LOOP ( 'NONE', ( #3394, #1448, #5937, #3378 ) ) ;
#6127 = CARTESIAN_POINT ( 'NONE',  ( 24.33570921508434992, 24.61779876381959653, 150.7578166666665140 ) ) ;
#6128 = CARTESIAN_POINT ( 'NONE',  ( 22.65221479713504849, 19.09971585979144848, 148.2383062499999937 ) ) ;
#6129 = EDGE_CURVE ( 'NONE', #6647, #492, #3132, .T. ) ;
#6130 = CARTESIAN_POINT ( 'NONE',  ( 16.90714025075699922, 30.24735037559124962, 152.2579327935679601 ) ) ;
#6131 = CARTESIAN_POINT ( 'NONE',  ( 25.31434102385565055, 23.72942388106709899, 155.4484499999999798 ) ) ;
#6132 = VECTOR ( 'NONE', #3968, 1000.000000000000000 ) ;
#6133 = CARTESIAN_POINT ( 'NONE',  ( 16.85682430436229851, 30.22083158518234924, 151.7611782634199926 ) ) ;
#6134 = CARTESIAN_POINT ( 'NONE',  ( 13.02353501009348058, 22.77094613701040160, 156.3970676659450021 ) ) ;
#6135 = ORIENTED_EDGE ( 'NONE', *, *, #2454, .T. ) ;
#6136 = CARTESIAN_POINT ( 'NONE',  ( 25.27549752804469918, 25.31229859757049994, 159.3158916666665164 ) ) ;
#6137 = DIRECTION ( 'NONE',  ( 0.9914626728336708439, 0.07787427352598337571, -0.1045818621956675770 ) ) ;
#6138 = CARTESIAN_POINT ( 'NONE',  ( 24.25939263546627700, 23.38132988211599539, 149.1574587422228149 ) ) ;
#6139 = CARTESIAN_POINT ( 'NONE',  ( 11.81034537996259992, 27.68494070239565019, 155.2105682802510103 ) ) ;
#6140 = CARTESIAN_POINT ( 'NONE',  ( 22.93038964231566368, 27.40597211002838662, 151.2962594721822995 ) ) ;
#6141 = VECTOR ( 'NONE', #3029, 1000.000000000000114 ) ;
#6142 = ORIENTED_EDGE ( 'NONE', *, *, #2539, .T. ) ;
#6143 = CARTESIAN_POINT ( 'NONE',  ( 15.91459902791474867, 30.28852236886189786, 148.7642416666666065 ) ) ;
#6144 = CARTESIAN_POINT ( 'NONE',  ( 23.53510429328515130, 25.35734313672339724, 147.7815090365330093 ) ) ;
#6145 = CARTESIAN_POINT ( 'NONE',  ( 12.32678992917509930, 22.49965570921230196, 151.6524564868589948 ) ) ;
#6146 = CARTESIAN_POINT ( 'NONE',  ( 18.05720742532844980, 30.02081016515645118, 148.8928499999999815 ) ) ;
#6147 = CARTESIAN_POINT ( 'NONE',  ( 23.86394899181869889, 24.74010573227399945, 148.3798788391622168 ) ) ;
#6148 = CARTESIAN_POINT ( 'NONE',  ( 10.95886071713204046, 27.21998914584940366, 152.5187764472535150 ) ) ;
#6149 = CARTESIAN_POINT ( 'NONE',  ( 25.31522661087790027, 25.77532885176625044, 161.6598097178004991 ) ) ;
#6150 = CARTESIAN_POINT ( 'NONE',  ( 14.87825645110575934, 23.02982636042845144, 154.2504602359350088 ) ) ;
#6151 = CARTESIAN_POINT ( 'NONE',  ( 20.33021301321399932, 29.63487219721320187, 154.5509868923610100 ) ) ;
#6152 = CARTESIAN_POINT ( 'NONE',  ( 23.32717756718734847, 27.22797777298355015, 152.7753711783859956 ) ) ;
#6153 = CARTESIAN_POINT ( 'NONE',  ( 11.10265143161510082, 20.83081037067905328, 155.7602242187499826 ) ) ;
#6154 = CARTESIAN_POINT ( 'NONE',  ( 23.11197714117859903, 27.55553722985995080, 153.1322125000000085 ) ) ;
#6155 = CARTESIAN_POINT ( 'NONE',  ( 14.29429422419186047, 29.88169178674380078, 153.3132000000000232 ) ) ;
#6156 = CARTESIAN_POINT ( 'NONE',  ( 22.81815690876720026, 18.63287440675259887, 151.3763666666665131 ) ) ;
#6157 = CARTESIAN_POINT ( 'NONE',  ( 23.77758918231767282, 24.43342383201170875, 147.2270845647636861 ) ) ;
#6158 = CARTESIAN_POINT ( 'NONE',  ( 10.64288131171428198, 25.83707512499799464, 154.6376741204516634 ) ) ;
#6159 = CARTESIAN_POINT ( 'NONE',  ( 12.42773579496719982, 27.33324079926319783, 160.6897427083335117 ) ) ;
#6160 = VERTEX_POINT ( 'NONE', #4122 ) ;
#6161 = CARTESIAN_POINT ( 'NONE',  ( 25.13524064439990013, 25.09532833728770029, 156.9725916666664887 ) ) ;
#6162 = CARTESIAN_POINT ( 'NONE',  ( 10.42495091827917975, 24.34172704168555157, 154.5163826388890129 ) ) ;
#6163 = CARTESIAN_POINT ( 'NONE',  ( 11.03280790544280165, 26.48390576622260184, 154.9380442431165363 ) ) ;
#6164 = CARTESIAN_POINT ( 'NONE',  ( 9.682833630192829943, 24.38193577494509867, 150.0401277682159957 ) ) ;
#6165 = CARTESIAN_POINT ( 'NONE',  ( 10.25715650962225922, 24.34235778495789759, 153.7929372580024960 ) ) ;
#6166 = CARTESIAN_POINT ( 'NONE',  ( 25.52686374872599728, 22.62394181815804828, 157.0698000000000150 ) ) ;
#6167 = CARTESIAN_POINT ( 'NONE',  ( 14.16876605654939958, 22.75868336179459916, 154.0022041833169908 ) ) ;
#6168 = EDGE_CURVE ( 'NONE', #3424, #1528, #4945, .T. ) ;
#6169 = CARTESIAN_POINT ( 'NONE',  ( 10.89442050954811947, 25.89307635010075259, 155.3603937499999859 ) ) ;
#6170 = ORIENTED_EDGE ( 'NONE', *, *, #6544, .T. ) ;
#6171 = CARTESIAN_POINT ( 'NONE',  ( 24.04841615907225005, 25.04944054405279985, 149.9658291666665946 ) ) ;
#6172 = CARTESIAN_POINT ( 'NONE',  ( 24.13180776726665044, 24.79974871695479877, 149.9692791666665812 ) ) ;
#6173 = CARTESIAN_POINT ( 'NONE',  ( 14.42390773770353896, 22.96079458452920008, 153.5565297794049968 ) ) ;
#6174 = DIRECTION ( 'NONE',  ( -0.1006318910984298348, -0.05303758115645511306, -0.9935090525400491757 ) ) ;
#6175 = CARTESIAN_POINT ( 'NONE',  ( 9.724722209300200149, 23.84880920800765125, 150.2511419766605059 ) ) ;
#6176 = EDGE_CURVE ( 'NONE', #6412, #1785, #152, .T. ) ;
#6177 = ORIENTED_EDGE ( 'NONE', *, *, #1898, .T. ) ;
#6178 = CARTESIAN_POINT ( 'NONE',  ( 24.59717895120954978, 24.72850928540905002, 152.3120499999999993 ) ) ;
#6179 = CARTESIAN_POINT ( 'NONE',  ( 11.86920035400151896, 29.17172264950965044, 148.5635944262137969 ) ) ;
#6180 = CARTESIAN_POINT ( 'NONE',  ( 23.59283628212820005, 24.33445875802459923, 145.2707000000000050 ) ) ;
#6181 = CARTESIAN_POINT ( 'NONE',  ( 14.90842413215274043, 23.32032279126350005, 142.7796557878060071 ) ) ;
#6182 = CARTESIAN_POINT ( 'NONE',  ( 19.45877439059859881, 29.99540898123434829, 156.6190750000000094 ) ) ;
#6183 = B_SPLINE_CURVE_WITH_KNOTS ( 'NONE', 3,
 ( #4575, #3546, #5064, #1875, #822, #2957, #855, #5096, #6167, #5643, #891, #3026, #3887, #3321, #172 ),
 .UNSPECIFIED., .F., .F.,
 ( 4, 1, 1, 1, 1, 1, 1, 1, 1, 1, 1, 1, 4 ),
 ( 0.000000000000000000, 0.1101715529067670007, 0.2114065456274079879, 0.3044953688545204984, 0.3886988138194849562, 0.4648246972172510039, 0.5321580448999250201, 0.5911314173777190151, 0.6419172662896239778, 0.7340741565462390872, 0.8228573562020700116, 0.9112417756926730616, 1.000000000000000000 ),
 .UNSPECIFIED. ) ;
#6184 = CARTESIAN_POINT ( 'NONE',  ( 10.68959766311239790, 26.68642696762974964, 153.0778003396260090 ) ) ;
#6185 = CARTESIAN_POINT ( 'NONE',  ( 23.14718644927314983, 26.60891396714809787, 149.4812080182160230 ) ) ;
#6186 = CARTESIAN_POINT ( 'NONE',  ( 24.88648614344705123, 25.70584222562799681, 156.9683625000000120 ) ) ;
#6187 = CARTESIAN_POINT ( 'NONE',  ( 13.92127093964042039, 22.69551473392224850, 153.0554293445579788 ) ) ;
#6188 = CARTESIAN_POINT ( 'NONE',  ( 10.50192055742830810, 23.49889482087294823, 154.9174851759664193 ) ) ;
#6189 = CARTESIAN_POINT ( 'NONE',  ( 10.59999011170556038, 24.34695635732860097, 155.2844506944445300 ) ) ;
#6190 = CARTESIAN_POINT ( 'NONE',  ( 24.82993425971350376, 25.96323294603789833, 157.7516458333334981 ) ) ;
#6191 = CARTESIAN_POINT ( 'NONE',  ( 23.07382199721444849, 27.27102296465145059, 151.5733041666665031 ) ) ;
#6192 = CARTESIAN_POINT ( 'NONE',  ( 17.15880048511125011, 30.26534453068434871, 154.1398125000000050 ) ) ;
#6193 = CARTESIAN_POINT ( 'NONE',  ( 23.97311398510484892, 19.17073012409730026, 161.2835687500000006 ) ) ;
#6194 = CARTESIAN_POINT ( 'NONE',  ( 10.41143060241200047, 24.36867354583230139, 154.7395069021859797 ) ) ;
#6195 = CARTESIAN_POINT ( 'NONE',  ( 11.76141842227751866, 25.59208695936149880, 161.1677041666665104 ) ) ;
#6196 = ORIENTED_EDGE ( 'NONE', *, *, #4842, .F. ) ;
#6197 = CARTESIAN_POINT ( 'NONE',  ( 9.996871381916038857, 24.73048803055139899, 152.3181624999999997 ) ) ;
#6198 = CARTESIAN_POINT ( 'NONE',  ( 12.23896668099447993, 28.73208934284910043, 152.3083932400479910 ) ) ;
#6199 = CARTESIAN_POINT ( 'NONE',  ( 25.88913680681529783, 23.67662920548050209, 161.7084854166664911 ) ) ;
#6200 = CARTESIAN_POINT ( 'NONE',  ( 10.97390591049353858, 25.90531864821625163, 155.7461510416665078 ) ) ;
#6201 = CARTESIAN_POINT ( 'NONE',  ( 11.46081819845534078, 27.90694193080969754, 152.4312611453470083 ) ) ;
#6202 = CARTESIAN_POINT ( 'NONE',  ( 14.42516466716903878, 29.96441380762625073, 152.5244348080349823 ) ) ;
#6203 = CARTESIAN_POINT ( 'NONE',  ( 13.52398657415121974, 23.01370244699669954, 156.4011161679269719 ) ) ;
#6204 = CARTESIAN_POINT ( 'NONE',  ( 10.79437053059472085, 26.92899194341759994, 152.9701625000000149 ) ) ;
#6205 = CARTESIAN_POINT ( 'NONE',  ( 11.15838062925437058, 24.61138096875255954, 158.2173782301655649 ) ) ;
#6206 = CARTESIAN_POINT ( 'NONE',  ( 14.13972257114010134, 23.02860941199460143, 155.5918435914069846 ) ) ;
#6207 = EDGE_LOOP ( 'NONE', ( #226, #4048, #2258, #4738, #2371 ) ) ;
#6208 = CARTESIAN_POINT ( 'NONE',  ( 14.37144759068049993, 30.20783842198514790, 148.1776166666666086 ) ) ;
#6209 = CARTESIAN_POINT ( 'NONE',  ( 23.67637696443425099, 25.02452469923935041, 147.8188211230953755 ) ) ;
#6210 = CARTESIAN_POINT ( 'NONE',  ( 23.83018334034539976, 24.70422496304784943, 148.1070955163052076 ) ) ;
#6211 = CARTESIAN_POINT ( 'NONE',  ( 19.30517213870394855, 29.91941578308950156, 153.4842624999999998 ) ) ;
#6212 = LINE ( 'NONE', #3593, #1939 ) ;
#6213 = CARTESIAN_POINT ( 'NONE',  ( 10.80959968052447984, 26.97542659582200031, 152.5469507516590113 ) ) ;
#6214 = ADVANCED_FACE ( 'NONE', ( #3935 ), #1976, .T. ) ;
#6215 = CARTESIAN_POINT ( 'NONE',  ( 23.93554675911178720, 25.29300446073914443, 149.8493794415844889 ) ) ;
#6216 = CARTESIAN_POINT ( 'NONE',  ( 25.14539782381455169, 25.79948742398615025, 160.0974999999999966 ) ) ;
#6217 = CARTESIAN_POINT ( 'NONE',  ( 13.79920862431612072, 22.88163564789334714, 152.9529402813434729 ) ) ;
#6218 = CARTESIAN_POINT ( 'NONE',  ( 10.48329377564132159, 23.49340107379369869, 154.8297752297682734 ) ) ;
#6219 = CARTESIAN_POINT ( 'NONE',  ( 10.27134009936442105, 24.21172060288245120, 153.8778958333334970 ) ) ;
#6220 = CARTESIAN_POINT ( 'NONE',  ( 24.32504919481394623, 25.48524272804350232, 152.3030499999999847 ) ) ;
#6221 = CARTESIAN_POINT ( 'NONE',  ( 21.34890538867220044, 29.10917433840409885, 154.0541000000000054 ) ) ;
#6222 = CARTESIAN_POINT ( 'NONE',  ( 13.74733353725833851, 29.50777781341679784, 154.5763000000000034 ) ) ;
#6223 = CARTESIAN_POINT ( 'NONE',  ( 10.95300693061416020, 27.91049365481325140, 150.5235395833335019 ) ) ;
#6224 = CARTESIAN_POINT ( 'NONE',  ( 23.74102350191209965, 25.78282246474224948, 149.9678688713219969 ) ) ;
#6225 = CARTESIAN_POINT ( 'NONE',  ( 11.62882984697717959, 25.59294392591085199, 160.3970500000000072 ) ) ;
#6226 = ORIENTED_EDGE ( 'NONE', *, *, #1634, .T. ) ;
#6227 = CARTESIAN_POINT ( 'NONE',  ( 13.45842806393721425, 29.56758249091349455, 152.1402727379709177 ) ) ;
#6228 = CARTESIAN_POINT ( 'NONE',  ( 9.378978913663249983, 24.11005242687454952, 149.3437287841620105 ) ) ;
#6229 = CARTESIAN_POINT ( 'NONE',  ( 25.69218314801180014, 23.44860451189530082, 159.3700833333334970 ) ) ;
#6230 = B_SPLINE_SURFACE_WITH_KNOTS ( 'NONE', 3, 3, ( 
 ( #519, #3688, #130, #4269, #585, #4833, #6416 ),
 ( #1628, #5793, #617, #3795, #5902, #5282, #1148 ),
 ( #1665, #2688, #2651, #3285, #67, #4894, #3762 ),
 ( #4799, #5387, #6352, #2761, #1038, #35, #4863 ),
 ( #1178, #1591, #5869, #2257, #3727, #5829, #3819 ),
 ( #3179, #2152, #1111, #3217, #1550, #4766, #3252 ),
 ( #5354, #3, #2723, #2185, #4333, #4369, #650 ),
 ( #95, #2219, #2117, #1076, #6448, #1699, #5928 ),
 ( #4238, #5321, #553, #3313, #5417, #2789, #2890 ),
 ( #5058, #2327, #1213, #5543, #1837, #6058, #5447 ),
 ( #783, #4468, #712, #682, #2360, #4991, #2948 ),
 ( #2854, #1304, #4406, #3441, #2823, #195, #2919 ),
 ( #6090, #6511, #4436, #291, #1768, #3881, #1870 ),
 ( #4928, #6545, #3914, #1243, #6480, #2294, #1802 ),
 ( #6025, #3377, #3410, #5510, #2395, #2425, #5573 ),
 ( #749, #5024, #5476, #225, #6577, #258, #4505 ),
 ( #6616, #1338, #3980, #3471, #816, #1738, #1466 ),
 ( #5634, #3091, #6265, #360, #4538, #5121, #882 ),
 ( #6645, #4082, #3646, #3018, #5605, #6680, #399 ),
 ( #3610, #6224, #1930, #1899, #849, #4008, #4046 ),
 ( #1968, #2985, #5089, #2567, #4601, #3506, #4568 ),
 ( #5708, #956, #2037, #4118, #5196, #434, #4684 ) ),
 .UNSPECIFIED., .F., .F., .F.,
 ( 4, 1, 1, 1, 1, 1, 1, 1, 1, 1, 1, 1, 1, 1, 1, 1, 1, 1, 1, 4 ),
 ( 4, 1, 1, 1, 4 ),
 ( 0.000000000000000000, 1.000000000000000000, 2.000000000000000000, 3.000000000000000000, 5.000000000000000000, 7.000000000000000000, 9.000000000000000000, 11.00000000000000000, 13.00000000000000000, 15.00000000000000000, 17.00000000000000000, 19.00000000000000000, 21.00000000000000000, 23.00000000000000000, 25.00000000000000000, 27.00000000000000000, 29.00000000000000000, 30.00000000000000000, 31.00000000000000000, 32.00000000000000000 ),
 ( 0.000000000000000000, 1.000000000000000000, 2.000000000000000000, 3.000000000000000000, 4.000000000000000000 ),
 .UNSPECIFIED. ) ;
#6231 = CARTESIAN_POINT ( 'NONE',  ( 11.08389936734204007, 26.59739505233110179, 154.9299270332234926 ) ) ;
#6232 = CARTESIAN_POINT ( 'NONE',  ( 18.11542114029904837, 30.17637038726855181, 160.7600916666664830 ) ) ;
#6233 = ORIENTED_EDGE ( 'NONE', *, *, #1212, .T. ) ;
#6234 = CARTESIAN_POINT ( 'NONE',  ( 11.63481888094323935, 22.39406053573044986, 160.4106999999999914 ) ) ;
#6235 = CARTESIAN_POINT ( 'NONE',  ( 16.39847110653279927, 30.23900763603599984, 151.8066342511644962 ) ) ;
#6236 = FACE_OUTER_BOUND ( 'NONE', #4767, .T. ) ;
#6237 = CARTESIAN_POINT ( 'NONE',  ( 10.49514754805069927, 26.71981176038304895, 152.2141541666665034 ) ) ;
#6238 = CARTESIAN_POINT ( 'NONE',  ( 10.89186697120629077, 24.74474336641392469, 156.5575947728871995 ) ) ;
#6239 = CARTESIAN_POINT ( 'NONE',  ( 8.779719378183898471, 23.26374657626710274, 149.0666879840305796 ) ) ;
#6240 = ORIENTED_EDGE ( 'NONE', *, *, #304, .F. ) ;
#6241 = ADVANCED_FACE ( 'NONE', ( #6387 ), #6230, .T. ) ;
#6242 = CARTESIAN_POINT ( 'NONE',  ( 15.25411137880974977, 30.27478255832374998, 148.8469499999999925 ) ) ;
#6243 = CARTESIAN_POINT ( 'NONE',  ( 23.76700627820694933, 21.08599746453294799, 145.7039000000000044 ) ) ;
#6244 = DIRECTION ( 'NONE',  ( 0.4662518374713559011, -0.8846520355792917290, 0.000000000000000000 ) ) ;
#6245 = CARTESIAN_POINT ( 'NONE',  ( 20.01102954726539807, 30.05061305488339940, 160.5176500000000033 ) ) ;
#6246 = CARTESIAN_POINT ( 'NONE',  ( 23.91900936995164884, 24.32672665336350093, 147.9877849036265900 ) ) ;
#6247 = CARTESIAN_POINT ( 'NONE',  ( 10.29989859370686034, 25.84546576766165060, 152.6588999816175090 ) ) ;
#6248 = VECTOR ( 'NONE', #866, 1000.000000000000000 ) ;
#6249 = CARTESIAN_POINT ( 'NONE',  ( 11.27821192264572048, 27.63575763784605144, 152.9675008227264641 ) ) ;
#6250 = CARTESIAN_POINT ( 'NONE',  ( 10.43913939910702027, 27.59264071348695069, 149.3764836469993895 ) ) ;
#6251 = B_SPLINE_CURVE_WITH_KNOTS ( 'NONE', 3,
 ( #6330, #2241, #3268, #4849 ),
 .UNSPECIFIED., .F., .F.,
 ( 4, 4 ),
 ( 0.000000000000000000, 1.000000000000000000 ),
 .UNSPECIFIED. ) ;
#6252 = ORIENTED_EDGE ( 'NONE', *, *, #2531, .F. ) ;
#6253 = EDGE_CURVE ( 'NONE', #4084, #1441, #5513, .T. ) ;
#6254 = CARTESIAN_POINT ( 'NONE',  ( 10.43572183968911382, 22.45221912483009419, 154.1011259500767778 ) ) ;
#6255 = CARTESIAN_POINT ( 'NONE',  ( 14.61946802742930096, 22.78609127515390043, 153.7768491154104993 ) ) ;
#6256 = CARTESIAN_POINT ( 'NONE',  ( 24.92314738591015200, 25.43462072379230321, 156.1883958333334874 ) ) ;
#6257 = CARTESIAN_POINT ( 'NONE',  ( 24.78465170890002511, 25.81562597648766655, 156.5414730872365681 ) ) ;
#6258 = CARTESIAN_POINT ( 'NONE',  ( 24.02870410579279792, 24.42503864108465095, 148.7895204791466313 ) ) ;
#6259 = CARTESIAN_POINT ( 'NONE',  ( 23.73674286859014870, 25.10026274618605058, 148.3798282462944087 ) ) ;
#6260 = CARTESIAN_POINT ( 'NONE',  ( 18.46228854595685931, 30.13442279132477353, 153.6162413914127001 ) ) ;
#6261 = CARTESIAN_POINT ( 'NONE',  ( 14.50936189362413842, 29.84786571179845183, 154.8766125000000216 ) ) ;
#6262 = CARTESIAN_POINT ( 'NONE',  ( 22.18352822331354801, 18.58967018185650133, 148.7334216145831931 ) ) ;
#6263 = CARTESIAN_POINT ( 'NONE',  ( 24.89957002906239936, 26.12097263219795096, 159.3173166666665281 ) ) ;
#6264 = CARTESIAN_POINT ( 'NONE',  ( 10.21391054213833449, 22.35881086963102149, 152.4339929618740541 ) ) ;
#6265 = CARTESIAN_POINT ( 'NONE',  ( 23.75400844169374892, 26.11291084786865113, 150.8834708333335186 ) ) ;
#6266 = CARTESIAN_POINT ( 'NONE',  ( 10.39644798259479863, 22.36751829348009579, 153.8773999999999944 ) ) ;
#6267 = ORIENTED_EDGE ( 'NONE', *, *, #583, .T. ) ;
#6268 = CARTESIAN_POINT ( 'NONE',  ( 8.888671046089950067, 24.70271060318730250, 148.4805409154870119 ) ) ;
#6269 = CARTESIAN_POINT ( 'NONE',  ( 9.699216788542811329, 22.21608360715174868, 150.2123097865614909 ) ) ;
#6270 = DIRECTION ( 'NONE',  ( 0.1006318910984300152, 0.05303758115645541144, 0.9935090525400490646 ) ) ;
#6271 = CARTESIAN_POINT ( 'NONE',  ( 24.14623763889049712, 22.73448399250004925, 148.2446201388890188 ) ) ;
#6272 = CARTESIAN_POINT ( 'NONE',  ( 25.20234132264885218, 26.01147218879399858, 161.6643719604479941 ) ) ;
#6273 = CARTESIAN_POINT ( 'NONE',  ( 11.83829901303244014, 22.63276857778715367, 155.5190792999769940 ) ) ;
#6274 = VERTEX_POINT ( 'NONE', #1505 ) ;
#6275 = CARTESIAN_POINT ( 'NONE',  ( 11.74885342761314000, 20.61692237771644898, 159.2397666666664975 ) ) ;
#6276 = CARTESIAN_POINT ( 'NONE',  ( 14.87825645110575934, 23.02982636042845144, 154.2504602359350088 ) ) ;
#6277 = CARTESIAN_POINT ( 'NONE',  ( 11.91090345932959949, 22.84587962807975003, 155.6563580184395050 ) ) ;
#6278 = CARTESIAN_POINT ( 'NONE',  ( 10.45222703439174161, 27.16340137622805173, 150.7323722222219828 ) ) ;
#6279 = CARTESIAN_POINT ( 'NONE',  ( 11.18391735516755681, 24.40923732966115622, 158.4687881222802730 ) ) ;
#6280 = CARTESIAN_POINT ( 'NONE',  ( 14.67406462203398121, 22.66115245978814841, 150.8960611646024859 ) ) ;
#6281 = ORIENTED_EDGE ( 'NONE', *, *, #3608, .F. ) ;
#6282 = CARTESIAN_POINT ( 'NONE',  ( 11.41416175432562063, 27.51683799597300251, 153.9666123292959981 ) ) ;
#6283 = CARTESIAN_POINT ( 'NONE',  ( 23.91317019233489916, 22.41606814415629856, 144.6032624999999996 ) ) ;
#6284 = CARTESIAN_POINT ( 'NONE',  ( 14.72477082602012111, 22.68797623459010282, 151.3988778185025126 ) ) ;
#6285 = DIRECTION ( 'NONE',  ( 0.1006318910969200148, 0.05303758115633804698, 0.9935090525402084927 ) ) ;
#6286 = CARTESIAN_POINT ( 'NONE',  ( 18.27910808539274612, 30.15201421318569786, 153.6044875000000047 ) ) ;
#6287 = CARTESIAN_POINT ( 'NONE',  ( 24.25583366106354788, 24.57517278667480198, 150.2795445338880143 ) ) ;
#6288 = CARTESIAN_POINT ( 'NONE',  ( 10.13263460539840111, 25.09030104592249799, 152.7161558279800033 ) ) ;
#6289 = B_SPLINE_CURVE_WITH_KNOTS ( 'NONE', 3,
 ( #2516, #5562, #316, #4556, #6775 ),
 .UNSPECIFIED., .F., .F.,
 ( 4, 1, 4 ),
 ( 0.5704176207379889618, 0.6875000000000000000, 0.7289916718228259818 ),
 .UNSPECIFIED. ) ;
#6290 = CYLINDRICAL_SURFACE ( 'NONE', #1473, 7.088533092083007858 ) ;
#6291 = EDGE_LOOP ( 'NONE', ( #690, #3300, #4848, #2696 ) ) ;
#6292 = CARTESIAN_POINT ( 'NONE',  ( 10.53777094812204673, 22.48569903725515928, 154.6568923118489920 ) ) ;
#6293 = CARTESIAN_POINT ( 'NONE',  ( 13.59882160379661897, 22.81909592143089682, 156.4023276166454934 ) ) ;
#6294 = CARTESIAN_POINT ( 'NONE',  ( 24.43966375868915009, 25.52982207476300047, 153.0791125000000079 ) ) ;
#6295 = CARTESIAN_POINT ( 'NONE',  ( 9.901989142284350010, 24.30115274813434922, 151.1428936755175130 ) ) ;
#6296 = CARTESIAN_POINT ( 'NONE',  ( 24.65806933681454893, 25.63592831086669221, 154.7737241549681073 ) ) ;
#6297 = CARTESIAN_POINT ( 'NONE',  ( 24.99060532101024990, 25.02707113402374972, 155.4129166666665185 ) ) ;
#6298 = CARTESIAN_POINT ( 'NONE',  ( 24.92314738591015200, 25.43462072379230321, 156.1883958333334874 ) ) ;
#6299 = CARTESIAN_POINT ( 'NONE',  ( 20.94033375317325252, 29.01593061327019996, 151.0901833333335276 ) ) ;
#6300 = CARTESIAN_POINT ( 'NONE',  ( 24.85495027197490003, 25.11669341110760101, 154.6334041666665087 ) ) ;
#6301 = EDGE_CURVE ( 'NONE', #1320, #2345, #6752, .T. ) ;
#6302 = CARTESIAN_POINT ( 'NONE',  ( 11.90602571675159993, 28.05140828658420205, 154.2787500000000023 ) ) ;
#6303 = DIRECTION ( 'NONE',  ( -0.08291556471174037213, 0.9955514112831505003, -0.04474814656117580974 ) ) ;
#6304 = CARTESIAN_POINT ( 'NONE',  ( 25.13247918638964862, 25.17460993108004885, 157.2622824693445125 ) ) ;
#6305 = CARTESIAN_POINT ( 'NONE',  ( 11.16170010017829917, 27.22500053546020027, 153.7169187500000191 ) ) ;
#6306 = CARTESIAN_POINT ( 'NONE',  ( 10.63571906879631968, 20.54311247158720022, 152.4051840277780059 ) ) ;
#6307 = ORIENTED_EDGE ( 'NONE', *, *, #4179, .T. ) ;
#6308 = CARTESIAN_POINT ( 'NONE',  ( 9.621137460797429597, 25.65545232095799832, 149.2183336988812243 ) ) ;
#6309 = FACE_OUTER_BOUND ( 'NONE', #1179, .T. ) ;
#6310 = CARTESIAN_POINT ( 'NONE',  ( 12.99748127549439936, 22.74573591365069802, 155.8844696012184841 ) ) ;
#6311 = EDGE_CURVE ( 'NONE', #528, #1883, #5233, .T. ) ;
#6312 = CARTESIAN_POINT ( 'NONE',  ( 25.48892913601769905, 21.89028885853840123, 157.9089999999999918 ) ) ;
#6313 = CARTESIAN_POINT ( 'NONE',  ( 17.99021733483284891, 30.19813186942064931, 159.9825645833335273 ) ) ;
#6314 = EDGE_LOOP ( 'NONE', ( #6851, #3670, #6617, #750 ) ) ;
#6315 = CARTESIAN_POINT ( 'NONE',  ( 11.32174510960810210, 24.78808302856585044, 159.2589000000000112 ) ) ;
#6316 = CARTESIAN_POINT ( 'NONE',  ( 23.57558016434594705, 25.35122718327714608, 148.0371563401411947 ) ) ;
#6317 = CARTESIAN_POINT ( 'NONE',  ( 10.42174299297963991, 25.11236293749234960, 154.1954945044650174 ) ) ;
#6318 = CARTESIAN_POINT ( 'NONE',  ( 11.41172366863039933, 27.21460940112250171, 154.8801628800234766 ) ) ;
#6319 = CARTESIAN_POINT ( 'NONE',  ( 11.14738755346754751, 24.67703743548618078, 158.1109853087948522 ) ) ;
#6320 = CARTESIAN_POINT ( 'NONE',  ( 10.01422463399510043, 21.13878271116860219, 150.5328270833335012 ) ) ;
#6321 = CARTESIAN_POINT ( 'NONE',  ( 9.752751707252247826, 22.29290922833564892, 150.3127255208334816 ) ) ;
#6322 = ORIENTED_EDGE ( 'NONE', *, *, #1818, .T. ) ;
#6323 = CARTESIAN_POINT ( 'NONE',  ( 11.24826918008643872, 27.26511427349544903, 153.9968535193234800 ) ) ;
#6324 = CARTESIAN_POINT ( 'NONE',  ( 23.56629805647449771, 20.30386494467595071, 145.3033000000000072 ) ) ;
#6325 = DIRECTION ( 'NONE',  ( -0.1006318910984300152, -0.05303758115645531429, -0.9935090525400490646 ) ) ;
#6326 = CARTESIAN_POINT ( 'NONE',  ( 17.39386172107135309, 30.21918246077649783, 145.6967483699069987 ) ) ;
#6327 = CARTESIAN_POINT ( 'NONE',  ( 11.47227297040304173, 27.59946217594545104, 153.9563154598654933 ) ) ;
#6328 = CARTESIAN_POINT ( 'NONE',  ( 23.96518782268658398, 25.24866836556735095, 149.9128715717639864 ) ) ;
#6329 = VERTEX_POINT ( 'NONE', #3056 ) ;
#6330 = CARTESIAN_POINT ( 'NONE',  ( 23.81416608509435306, 24.68575853818579802, 147.9701042057860150 ) ) ;
#6331 = CARTESIAN_POINT ( 'NONE',  ( 14.01664040605004047, 23.04954769600485065, 156.2857397146385097 ) ) ;
#6332 = CARTESIAN_POINT ( 'NONE',  ( 10.28536129756546025, 26.25239530242889785, 152.2524249999999881 ) ) ;
#6333 = CARTESIAN_POINT ( 'NONE',  ( 23.70519915106815034, 25.06397631580324870, 148.1003924288590099 ) ) ;
#6334 = CARTESIAN_POINT ( 'NONE',  ( 9.401256015014382683, 23.58698041413635593, 149.5493729773242819 ) ) ;
#6335 = FACE_OUTER_BOUND ( 'NONE', #3763, .T. ) ;
#6336 = CARTESIAN_POINT ( 'NONE',  ( 19.72280700756754968, 29.52979717268259918, 150.0292857638889927 ) ) ;
#6337 = CARTESIAN_POINT ( 'NONE',  ( 23.69043172902805239, 25.38949172930799847, 148.7947865248210064 ) ) ;
#6338 = CARTESIAN_POINT ( 'NONE',  ( 20.20295107264644940, 29.30632824335549813, 149.9829416666665907 ) ) ;
#6339 = CARTESIAN_POINT ( 'NONE',  ( 24.26011951449400073, 24.87124698059820460, 150.7524458333334962 ) ) ;
#6340 = CARTESIAN_POINT ( 'NONE',  ( 10.76044724001049957, 28.01335948263714926, 149.3354327338869894 ) ) ;
#6341 = FACE_OUTER_BOUND ( 'NONE', #2427, .T. ) ;
#6342 = CARTESIAN_POINT ( 'NONE',  ( 10.20640765903747749, 22.35423465040803137, 152.3460841652239424 ) ) ;
#6343 = CARTESIAN_POINT ( 'NONE',  ( 11.46938182403443918, 27.21976996161259876, 155.1373711712899990 ) ) ;
#6344 = CARTESIAN_POINT ( 'NONE',  ( 10.60572489887447922, 20.40867931869710006, 151.8846552083334984 ) ) ;
#6345 = VERTEX_POINT ( 'NONE', #5160 ) ;
#6346 = EDGE_CURVE ( 'NONE', #5091, #3759, #2528, .T. ) ;
#6347 = CARTESIAN_POINT ( 'NONE',  ( 20.19128201673239786, 29.68335378550395376, 154.4348357638889979 ) ) ;
#6348 = CARTESIAN_POINT ( 'NONE',  ( 24.33422981817564690, 27.43840984581154885, 162.0972618923610185 ) ) ;
#6349 = CARTESIAN_POINT ( 'NONE',  ( 25.64046204319499722, 24.87017989762955139, 161.5412971671450180 ) ) ;
#6350 = CARTESIAN_POINT ( 'NONE',  ( 25.75539534054345125, 22.27142470800930241, 161.8006999999999778 ) ) ;
#6351 = B_SPLINE_CURVE_WITH_KNOTS ( 'NONE', 3,
 ( #2638, #4784, #2707, #601, #4752, #1574 ),
 .UNSPECIFIED., .F., .F.,
 ( 4, 2, 4 ),
 ( 0.000000000000000000, 0.5000000000000000000, 1.000000000000000000 ),
 .UNSPECIFIED. ) ;
#6352 = CARTESIAN_POINT ( 'NONE',  ( 24.91274088504204798, 26.47657567452444738, 161.2801401600420093 ) ) ;
#6353 = VERTEX_POINT ( 'NONE', #6124 ) ;
#6354 = ADVANCED_FACE ( 'NONE', ( #2005 ), #4411, .F. ) ;
#6355 = CARTESIAN_POINT ( 'NONE',  ( 11.73304264907845962, 26.73432596728795119, 158.4085500000000195 ) ) ;
#6356 = CARTESIAN_POINT ( 'NONE',  ( 14.95752416056621925, 22.84529759484109945, 154.4676669998079888 ) ) ;
#6357 = DIRECTION ( 'NONE',  ( 0.4662561080287281889, -0.8846497847882534016, 0.000000000000000000 ) ) ;
#6358 = CARTESIAN_POINT ( 'NONE',  ( 11.13219301175795017, 24.74896089780255792, 157.9707089181207778 ) ) ;
#6359 = CARTESIAN_POINT ( 'NONE',  ( 9.792225131126810922, 23.47322318922489615, 150.4517281891089908 ) ) ;
#6360 = ORIENTED_EDGE ( 'NONE', *, *, #2794, .T. ) ;
#6361 = CARTESIAN_POINT ( 'NONE',  ( 23.92917936177944682, 22.35889328652415031, 144.2195979166666007 ) ) ;
#6362 = CARTESIAN_POINT ( 'NONE',  ( 17.00909799010999990, 30.27985944853480405, 146.2785356803553896 ) ) ;
#6363 = CARTESIAN_POINT ( 'NONE',  ( 14.15218294360706075, 22.95779364405125023, 153.9932545540050057 ) ) ;
#6364 = CARTESIAN_POINT ( 'NONE',  ( 24.53579894176894882, 25.85684752164904765, 154.6307249999999840 ) ) ;
#6365 = CARTESIAN_POINT ( 'NONE',  ( 24.02716566972019052, 25.14617519728067663, 150.0355754712284408 ) ) ;
#6366 = VERTEX_POINT ( 'NONE', #3685 ) ;
#6367 = CARTESIAN_POINT ( 'NONE',  ( 11.69605020987126132, 28.17588754973879972, 152.3930772283015074 ) ) ;
#6368 = FACE_OUTER_BOUND ( 'NONE', #1071, .T. ) ;
#6369 = B_SPLINE_CURVE_WITH_KNOTS ( 'NONE', 3,
 ( #3614, #961, #3061, #2497, #517, #6310, #404, #5127, #4608, #6724, #5279, #3544, #5165, #1510, #4087, #2534, #5712, #3577, #3024 ),
 .UNSPECIFIED., .F., .F.,
 ( 4, 1, 1, 1, 1, 1, 1, 1, 1, 1, 1, 1, 1, 1, 1, 1, 4 ),
 ( 0.000000000000000000, 0.06283763962145269555, 0.1234369090797339946, 0.1823232967110965108, 0.2400361514617110059, 0.2971480795018490162, 0.3544771688024335177, 0.4124352079225675483, 0.4719144264823100232, 0.5320025254487049660, 0.5928929945985009775, 0.6544330314128850024, 0.7176811136956730008, 0.7839607030917460362, 0.8527534002173670080, 0.9242798674064739428, 1.000000000000000000 ),
 .UNSPECIFIED. ) ;
#6370 = CARTESIAN_POINT ( 'NONE',  ( 10.81024925620999966, 25.88241345288090045, 154.9751500000000135 ) ) ;
#6371 = CARTESIAN_POINT ( 'NONE',  ( 25.16361626549834796, 25.40065249877689979, 158.5332729166665047 ) ) ;
#6372 = CARTESIAN_POINT ( 'NONE',  ( 10.35021453925605961, 25.87198455823985199, 153.1556545078874763 ) ) ;
#6373 = CARTESIAN_POINT ( 'NONE',  ( 25.50087049600839961, 25.27846952095865163, 161.5366575872114936 ) ) ;
#6374 = VECTOR ( 'NONE', #5489, 1000.000000000000000 ) ;
#6375 = CARTESIAN_POINT ( 'NONE',  ( 9.923259576811224392, 24.21171789714522760, 151.2983650372771365 ) ) ;
#6376 = CARTESIAN_POINT ( 'NONE',  ( 19.82665754115060253, 29.47292007035325057, 149.8881125868055904 ) ) ;
#6377 = CARTESIAN_POINT ( 'NONE',  ( 25.19720181037769891, 25.12832912148894948, 157.7536833333334982 ) ) ;
#6378 = CARTESIAN_POINT ( 'NONE',  ( 24.51978799016574939, 24.66095953639024785, 151.7850770246364789 ) ) ;
#6379 = CARTESIAN_POINT ( 'NONE',  ( 14.31316645031019874, 22.86715796952750068, 156.1479692261739842 ) ) ;
#6380 = MECHANICAL_DESIGN_GEOMETRIC_PRESENTATION_REPRESENTATION (  '', ( #2498 ), #3189 ) ;
#6381 = CARTESIAN_POINT ( 'NONE',  ( 25.17041375537775139, 25.08185817158534903, 157.3131248139145271 ) ) ;
#6382 = CARTESIAN_POINT ( 'NONE',  ( 10.54835982750650025, 27.48583276300469791, 150.1730083333334846 ) ) ;
#6383 = CARTESIAN_POINT ( 'NONE',  ( 10.53532824816960201, 20.39098837391635044, 151.5063241342615186 ) ) ;
#6384 = ORIENTED_EDGE ( 'NONE', *, *, #237, .F. ) ;
#6385 = CARTESIAN_POINT ( 'NONE',  ( 18.99373947740554769, 29.98669217535520204, 153.0670308569654878 ) ) ;
#6386 = CARTESIAN_POINT ( 'NONE',  ( 25.17819834718359928, 20.99928693549299652, 156.4190000000000111 ) ) ;
#6387 = FACE_OUTER_BOUND ( 'NONE', #5710, .T. ) ;
#6388 = ORIENTED_EDGE ( 'NONE', *, *, #4567, .F. ) ;
#6389 = CARTESIAN_POINT ( 'NONE',  ( 11.42997169866385931, 24.79289171621554999, 159.9001499999999965 ) ) ;
#6390 = LINE ( 'NONE', #556, #1059 ) ;
#6391 = CARTESIAN_POINT ( 'NONE',  ( 19.67422953216685144, 29.81728963267060095, 153.5104145371595052 ) ) ;
#6392 = CARTESIAN_POINT ( 'NONE',  ( 14.28311372571870130, 23.03288251926339925, 155.4212161761660127 ) ) ;
#6393 = CARTESIAN_POINT ( 'NONE',  ( 9.771336359794720039, 24.24950367869545076, 150.4110490670314846 ) ) ;
#6394 = ADVANCED_FACE ( 'NONE', ( #1662 ), #3791, .T. ) ;
#6395 = CARTESIAN_POINT ( 'NONE',  ( 9.097427077178929622, 22.58153296976350077, 149.4909506758841928 ) ) ;
#6396 = B_SPLINE_SURFACE_WITH_KNOTS ( 'NONE', 3, 1, ( 
 ( #4935, #1249 ),
 ( #5519, #2797 ),
 ( #1844, #3953 ),
 ( #3825, #1220 ),
 ( #6518, #5935 ),
 ( #1310, #5969 ),
 ( #137, #2861 ),
 ( #3447, #1187 ),
 ( #5454, #1775 ) ),
 .UNSPECIFIED., .F., .F., .F.,
 ( 4, 3, 2, 4 ),
 ( 2, 2 ),
 ( 1.245439110919654183E-14, 0.0003396652449166110343, 0.0005719898619016569943, 0.0008045547088664699396 ),
 ( 0.000000000000000000, 1.000000000000000000 ),
 .UNSPECIFIED. ) ;
#6397 = EDGE_LOOP ( 'NONE', ( #1084, #443, #4903, #937 ) ) ;
#6398 = CARTESIAN_POINT ( 'NONE',  ( 22.86889738267505123, 19.30783008338530138, 146.6347499999999968 ) ) ;
#6399 = CARTESIAN_POINT ( 'NONE',  ( 19.75432620098460035, 30.12618774254065102, 161.3457000000000221 ) ) ;
#6400 = CARTESIAN_POINT ( 'NONE',  ( 10.14354665106107944, 24.34158511264935143, 153.2582867536179947 ) ) ;
#6401 = EDGE_CURVE ( 'NONE', #4521, #2920, #4107, .T. ) ;
#6402 = VERTEX_POINT ( 'NONE', #3760 ) ;
#6403 = CARTESIAN_POINT ( 'NONE',  ( 14.97500655586445895, 23.05929233663469802, 154.7267437529719984 ) ) ;
#6404 = CARTESIAN_POINT ( 'NONE',  ( 10.26307313758091944, 26.48073418456490202, 151.5792736111110059 ) ) ;
#6405 = CARTESIAN_POINT ( 'NONE',  ( 24.79096477029817081, 25.80680382975976528, 156.5604783321946627 ) ) ;
#6406 = CARTESIAN_POINT ( 'NONE',  ( 10.42355654702950041, 23.48643015333734851, 154.7853764377225048 ) ) ;
#6407 = CARTESIAN_POINT ( 'NONE',  ( 24.46956540922474943, 24.67712728994715121, 151.5354666666665082 ) ) ;
#6408 = CARTESIAN_POINT ( 'NONE',  ( 12.14215362218044092, 28.18861617298185251, 154.7794111700285100 ) ) ;
#6409 = CARTESIAN_POINT ( 'NONE',  ( 19.73924890756595119, 29.67529650944570108, 152.0016089081869950 ) ) ;
#6410 = CARTESIAN_POINT ( 'NONE',  ( 10.32703739673222110, 27.25636853947315075, 149.8001126346780154 ) ) ;
#6411 = CARTESIAN_POINT ( 'NONE',  ( 10.36249226091695874, 20.77111805063010053, 151.2473747976669927 ) ) ;
#6412 = VERTEX_POINT ( 'NONE', #2648 ) ;
#6413 = CARTESIAN_POINT ( 'NONE',  ( 17.09030405747955328, 30.28229085336510096, 153.7473150126940027 ) ) ;
#6414 = CARTESIAN_POINT ( 'NONE',  ( 24.02246036571820298, 24.27340284979830187, 148.5299031770666147 ) ) ;
#6415 = CARTESIAN_POINT ( 'NONE',  ( 24.43356193470635063, 20.78900621071525023, 151.7830999999999904 ) ) ;
#6416 = CARTESIAN_POINT ( 'NONE',  ( 24.33422981817564690, 27.43840984581154885, 162.0972618923610185 ) ) ;
#6417 = ORIENTED_EDGE ( 'NONE', *, *, #5576, .T. ) ;
#6418 = CARTESIAN_POINT ( 'NONE',  ( 11.29738062097634099, 26.20589470705489887, 157.0197000000000003 ) ) ;
#6419 = CARTESIAN_POINT ( 'NONE',  ( 9.789019209366850660, 24.48440468856853158, 150.4767697519670264 ) ) ;
#6420 = CARTESIAN_POINT ( 'NONE',  ( 12.22780727628726005, 22.85056932573490229, 155.1734905594765053 ) ) ;
#6421 = CARTESIAN_POINT ( 'NONE',  ( 22.92650559851899672, 26.91330888799635090, 149.4628859414210069 ) ) ;
#6422 = CARTESIAN_POINT ( 'NONE',  ( 10.24248210645492030, 21.16625489304200158, 151.1427791666665144 ) ) ;
#6423 = CARTESIAN_POINT ( 'NONE',  ( 8.198218897356758461, 22.88715229117990191, 149.1452555295224158 ) ) ;
#6424 = ORIENTED_EDGE ( 'NONE', *, *, #39, .T. ) ;
#6425 = DIRECTION ( 'NONE',  ( 0.1006318910984302095, 0.05303758115645531429, 0.9935090525400490646 ) ) ;
#6426 = CARTESIAN_POINT ( 'NONE',  ( 22.88754014854835006, 19.19670416883100117, 146.0013888888890108 ) ) ;
#6427 = ADVANCED_FACE ( 'NONE', ( #6309 ), #1866, .T. ) ;
#6428 = CARTESIAN_POINT ( 'NONE',  ( 25.05394912942774965, 25.49245626232825046, 157.7506791666665151 ) ) ;
#6429 = CARTESIAN_POINT ( 'NONE',  ( 16.99250534932999557, 30.30616261569124958, 145.9342457222022063 ) ) ;
#6430 = CARTESIAN_POINT ( 'NONE',  ( 18.62721200755390072, 23.42665233398675184, 149.4282245543450074 ) ) ;
#6431 = ORIENTED_EDGE ( 'NONE', *, *, #4595, .T. ) ;
#6432 = CARTESIAN_POINT ( 'NONE',  ( 24.09788769344745063, 25.82574057385559740, 151.9476340879445218 ) ) ;
#6433 = EDGE_CURVE ( 'NONE', #3612, #1009, #2210, .T. ) ;
#6434 = CARTESIAN_POINT ( 'NONE',  ( 9.748328656511811019, 24.40913504673999768, 150.2987874459275019 ) ) ;
#6435 = CARTESIAN_POINT ( 'NONE',  ( 23.91988320371400079, 24.79075948531534834, 148.7800916468692094 ) ) ;
#6436 = CARTESIAN_POINT ( 'NONE',  ( 24.05103353036827230, 23.30129159027562480, 147.7628530136699396 ) ) ;
#6437 = CARTESIAN_POINT ( 'NONE',  ( 25.43146495763189918, 25.10429132446470391, 160.1001499999999851 ) ) ;
#6438 = CARTESIAN_POINT ( 'NONE',  ( 9.544760165522889750, 22.13654951566214990, 148.7290434610798116 ) ) ;
#6439 = CARTESIAN_POINT ( 'NONE',  ( 12.81917613124072020, 28.99949845892610156, 154.2484155157995076 ) ) ;
#6440 = B_SPLINE_SURFACE_WITH_KNOTS ( 'NONE', 3, 3, ( 
 ( #5776, #3120, #4148, #6258, #466, #2104, #5373, #6407, #2069, #3238, #2675, #1023, #4714, #5226, #1497, #2745, #6857, #3205, #541, #2138, #85, #4224, #3638 ),
 ( #4185, #5340, #3163, #4753, #5265, #4816, #3784, #5813, #571, #1062, #5889, #2598, #6297, #1535, #4785, #1575, #1135, #3712, #24, #506, #4255, #6373, #602 ),
 ( #2639, #1613, #3271, #3751, #5736, #5855, #2708, #56, #986, #2171, #153, #636, #6500, #1165, #4460, #774, #2878, #4917, #6469, #5405, #1760, #4883, #3870 ),
 ( #2351, #704, #2812, #6435, #1684, #3905, #1825, #1792, #1265, #6016, #3400, #6049, #5533, #5947, #4980, #1295, #1201, #1724, #5500, #119, #4394, #2247, #3368 ) ),
 .UNSPECIFIED., .F., .F., .F.,
 ( 4, 4 ),
 ( 4, 1, 1, 1, 1, 1, 1, 1, 1, 1, 1, 1, 1, 1, 1, 1, 1, 1, 1, 1, 4 ),
 ( 0.000000000000000000, 1.000000000000000000 ),
 ( 0.000000000000000000, 1.000000000000000000, 2.000000000000000000, 3.000000000000000000, 5.000000000000000000, 7.000000000000000000, 9.000000000000000000, 11.00000000000000000, 13.00000000000000000, 15.00000000000000000, 17.00000000000000000, 19.00000000000000000, 21.00000000000000000, 23.00000000000000000, 25.00000000000000000, 27.00000000000000000, 29.00000000000000000, 31.00000000000000000, 33.00000000000000000, 34.00000000000000000, 35.00000000000000000 ),
 .UNSPECIFIED. ) ;
#6441 = CARTESIAN_POINT ( 'NONE',  ( 10.99356563766224149, 27.24934603473105099, 152.9394104166665045 ) ) ;
#6442 = CARTESIAN_POINT ( 'NONE',  ( 23.16384403637079714, 27.51527355299595001, 153.2798447788590011 ) ) ;
#6443 = ORIENTED_EDGE ( 'NONE', *, *, #5462, .T. ) ;
#6444 = CARTESIAN_POINT ( 'NONE',  ( 13.22249967346029997, 22.76624209228965157, 155.9237433517799900 ) ) ;
#6445 = CARTESIAN_POINT ( 'NONE',  ( 24.12205716892044904, 27.41492914078209964, 160.1377708333334908 ) ) ;
#6446 = CARTESIAN_POINT ( 'NONE',  ( 24.26946525426354739, 24.29630742097684859, 149.9829124999999976 ) ) ;
#6447 = CARTESIAN_POINT ( 'NONE',  ( 24.80946264299899795, 21.57895462517354801, 152.4712000000000103 ) ) ;
#6448 = CARTESIAN_POINT ( 'NONE',  ( 24.19950617860799724, 27.07653117258719888, 158.5578375000000051 ) ) ;
#6449 = ORIENTED_EDGE ( 'NONE', *, *, #6401, .T. ) ;
#6450 = CARTESIAN_POINT ( 'NONE',  ( 11.51816188616470171, 20.46091126599899823, 157.6888645833334976 ) ) ;
#6451 = B_SPLINE_CURVE_WITH_KNOTS ( 'NONE', 3,
 ( #3223, #590, #71, #3823, #4409, #2158, #2826, #4931, #6392, #1633, #3767, #2728, #4839, #1307, #6029, #295, #754, #6582, #5516 ),
 .UNSPECIFIED., .F., .F.,
 ( 4, 1, 1, 1, 1, 1, 1, 1, 1, 1, 1, 1, 1, 1, 1, 1, 4 ),
 ( 0.000000000000000000, 0.06211368489662579678, 0.1229850608463581990, 0.1826843667485675005, 0.2422813388823304992, 0.3021508123616890029, 0.3628091058793965207, 0.4245733901277469746, 0.4891744674270759874, 0.5537383114983850385, 0.6170787023597870125, 0.6797290741741780495, 0.7415921071292710387, 0.8044635205752319607, 0.8679351869989320178, 0.9329927743659480743, 1.000000000000000000 ),
 .UNSPECIFIED. ) ;
#6452 = CARTESIAN_POINT ( 'NONE',  ( 20.11950313879864893, 29.60298559283505071, 152.9734868103080032 ) ) ;
#6453 = CARTESIAN_POINT ( 'NONE',  ( 11.07610942717670177, 27.35111254491499722, 153.0031671746749851 ) ) ;
#6454 = CARTESIAN_POINT ( 'NONE',  ( 9.947044397980260300, 23.51923421688994864, 151.1506022605059911 ) ) ;
#6455 = CARTESIAN_POINT ( 'NONE',  ( 12.15293001829724062, 28.37537315810680028, 154.3492175188819999 ) ) ;
#6456 = CARTESIAN_POINT ( 'NONE',  ( 8.184329403084641186, 23.21918111178520050, 148.9820526947272015 ) ) ;
#6457 = ORIENTED_EDGE ( 'NONE', *, *, #3683, .F. ) ;
#6458 = CARTESIAN_POINT ( 'NONE',  ( 19.64356672217634880, 29.85429422732810067, 154.1021833333334996 ) ) ;
#6459 = CARTESIAN_POINT ( 'NONE',  ( 19.35674734667504993, 29.86837840949609912, 152.9212918291504764 ) ) ;
#6460 = CARTESIAN_POINT ( 'NONE',  ( 9.460831365924924796, 23.33439181081158864, 149.7129501505719986 ) ) ;
#6461 = CARTESIAN_POINT ( 'NONE',  ( 16.52953401573329728, 30.26378858188205001, 148.2928583333331858 ) ) ;
#6462 = DIRECTION ( 'NONE',  ( 0.08291556471174026111, -0.9955514112831505003, 0.04474814656117583056 ) ) ;
#6463 = PRODUCT_DEFINITION ( 'UNKNOWN', '', #163, #2087 ) ;
#6464 = EDGE_LOOP ( 'NONE', ( #5336, #5878, #2510, #5248 ) ) ;
#6465 = CARTESIAN_POINT ( 'NONE',  ( 13.17433904441691972, 22.98494652401374694, 156.4092332118149784 ) ) ;
#6466 = CARTESIAN_POINT ( 'NONE',  ( 9.809792623593841299, 24.65101654553575017, 150.5553725528415043 ) ) ;
#6467 = CARTESIAN_POINT ( 'NONE',  ( 15.46233264665611529, 30.16165840807154197, 151.9055843304421671 ) ) ;
#6468 = CARTESIAN_POINT ( 'NONE',  ( 24.87448474641299967, 24.83528685086939802, 154.1402239840230095 ) ) ;
#6469 = CARTESIAN_POINT ( 'NONE',  ( 25.34539224381410349, 25.33878090087049983, 160.0978791666665018 ) ) ;
#6470 = LINE ( 'NONE', #1202, #4939 ) ;
#6471 = CARTESIAN_POINT ( 'NONE',  ( 9.902654149471569411, 24.29871096107130057, 151.1476688649985078 ) ) ;
#6472 = ADVANCED_FACE ( 'NONE', ( #4678, #2032 ), #1499, .F. ) ;
#6473 = CARTESIAN_POINT ( 'NONE',  ( 15.91559388563568156, 30.23945629317842787, 153.8685873324977536 ) ) ;
#6474 = CARTESIAN_POINT ( 'NONE',  ( 14.23146772523335990, 22.83202777001714878, 155.5177794654275090 ) ) ;
#6475 = VECTOR ( 'NONE', #3393, 1000.000000000000114 ) ;
#6476 = CARTESIAN_POINT ( 'NONE',  ( 23.61121436997579792, 27.99829756165830119, 160.1704000000000008 ) ) ;
#6477 = CARTESIAN_POINT ( 'NONE',  ( 25.34038025239764735, 24.91625596409284782, 158.5389166666664948 ) ) ;
#6478 = CARTESIAN_POINT ( 'NONE',  ( 24.46264533477259917, 19.53828440078284956, 156.6017000000000223 ) ) ;
#6479 = VECTOR ( 'NONE', #2300, 1000.000000000000114 ) ;
#6480 = CARTESIAN_POINT ( 'NONE',  ( 23.73118754390809926, 26.96443420917930212, 153.8778374999999983 ) ) ;
#6481 = VERTEX_POINT ( 'NONE', #3677 ) ;
#6482 = CARTESIAN_POINT ( 'NONE',  ( 10.80594954843587985, 24.75064871300815028, 156.1753375000000119 ) ) ;
#6483 = VECTOR ( 'NONE', #622, 1000.000000000000114 ) ;
#6484 = CARTESIAN_POINT ( 'NONE',  ( 25.62958676415264847, 24.83569336227229840, 161.2804481142580073 ) ) ;
#6485 = DIRECTION ( 'NONE',  ( 0.000000000000000000, -0.9996045338873433828, -0.02812073668784290797 ) ) ;
#6486 = CARTESIAN_POINT ( 'NONE',  ( 25.32872630462779995, 24.61460891080259827, 157.4725525702264974 ) ) ;
#6487 = CARTESIAN_POINT ( 'NONE',  ( 9.723807307023909274, 24.68819435763720094, 150.1211997726725258 ) ) ;
#6488 = CARTESIAN_POINT ( 'NONE',  ( 12.15293001872549894, 28.37537315732179977, 154.3492175188804936 ) ) ;
#6489 = CARTESIAN_POINT ( 'NONE',  ( 10.15354204975585972, 26.57217817545020111, 150.6550348958335235 ) ) ;
#6490 = VERTEX_POINT ( 'NONE', #5778 ) ;
#6491 = CARTESIAN_POINT ( 'NONE',  ( 13.74476983734091995, 22.87493171539225045, 152.9046637187514932 ) ) ;
#6492 = CARTESIAN_POINT ( 'NONE',  ( 22.32667907493889814, 18.49899026670235003, 146.1312041666665777 ) ) ;
#6493 = CARTESIAN_POINT ( 'NONE',  ( 19.87313768008090165, 29.70147585217339881, 152.9931831953980179 ) ) ;
#6494 = CARTESIAN_POINT ( 'NONE',  ( 19.34435551544420306, 30.04370786364664880, 164.1793391004239879 ) ) ;
#6495 = CARTESIAN_POINT ( 'NONE',  ( 19.87718618145629890, 29.55614489013624890, 151.1924361111109931 ) ) ;
#6496 = ORIENTED_EDGE ( 'NONE', *, *, #6433, .F. ) ;
#6497 = CARTESIAN_POINT ( 'NONE',  ( 12.84524990227951946, 22.95488386243144774, 156.3501846632740069 ) ) ;
#6498 = CARTESIAN_POINT ( 'NONE',  ( 9.893057132566791978, 25.44220851256055127, 150.7403785955845024 ) ) ;
#6499 = CARTESIAN_POINT ( 'NONE',  ( 19.22160391352375086, 29.84536469140639880, 151.9180312500000127 ) ) ;
#6500 = CARTESIAN_POINT ( 'NONE',  ( 24.94514607330405198, 25.15324164919540095, 155.4112333333335130 ) ) ;
#6501 = CARTESIAN_POINT ( 'NONE',  ( 23.79650207254465144, 25.66522587513324893, 149.9664999552944096 ) ) ;
#6502 = CARTESIAN_POINT ( 'NONE',  ( 10.62092559905084066, 26.59052089899349980, 152.9995583333335105 ) ) ;
#6503 = CARTESIAN_POINT ( 'NONE',  ( 11.97999897258872082, 28.19722630270421604, 154.3762438015230885 ) ) ;
#6504 = LINE ( 'NONE', #6568, #2611 ) ;
#6505 = CARTESIAN_POINT ( 'NONE',  ( 14.48312443665937899, 22.81906198083194681, 154.7630137229645015 ) ) ;
#6506 = CARTESIAN_POINT ( 'NONE',  ( 13.44581450967258007, 22.98507174335905034, 155.9089917285054980 ) ) ;
#6507 = EDGE_CURVE ( 'NONE', #5979, #5205, #468, .T. ) ;
#6508 = CARTESIAN_POINT ( 'NONE',  ( 21.09792699136600191, 29.72267114415765121, 160.3926166666665267 ) ) ;
#6509 = CARTESIAN_POINT ( 'NONE',  ( 13.30811004547883947, 29.11295378546684987, 155.4262062500000070 ) ) ;
#6510 = CARTESIAN_POINT ( 'NONE',  ( 24.54672584631414978, 19.59100211676999947, 157.3802000000000021 ) ) ;
#6511 = CARTESIAN_POINT ( 'NONE',  ( 24.41102216099469757, 26.09459778715254785, 154.6327708333335238 ) ) ;
#6512 = EDGE_LOOP ( 'NONE', ( #259, #11, #1190, #5830 ) ) ;
#6513 = CARTESIAN_POINT ( 'NONE',  ( 11.34005782528748085, 20.45341659270799894, 156.5221031250000010 ) ) ;
#6514 = B_SPLINE_CURVE_WITH_KNOTS ( 'NONE', 3,
 ( #4779, #2740, #18, #3155 ),
 .UNSPECIFIED., .F., .F.,
 ( 4, 4 ),
 ( 0.000000000000000000, 1.000000000000000000 ),
 .UNSPECIFIED. ) ;
#6515 = CARTESIAN_POINT ( 'NONE',  ( 24.72152838735809866, 24.78292806306174967, 153.2679317255515059 ) ) ;
#6516 = CARTESIAN_POINT ( 'NONE',  ( 25.18208683212079890, 24.38536267596909823, 155.4263916666664898 ) ) ;
#6517 = CARTESIAN_POINT ( 'NONE',  ( 11.67398274540565950, 27.82746041640159973, 154.4269796048084800 ) ) ;
#6518 = CARTESIAN_POINT ( 'NONE',  ( 24.19412352179275416, 25.40777799482300026, 151.2749284661375100 ) ) ;
#6519 = DIRECTION ( 'NONE',  ( 0.1006318910984300152, 0.05303758115645541144, 0.9935090525400490646 ) ) ;
#6520 = ORIENTED_EDGE ( 'NONE', *, *, #3588, .F. ) ;
#6521 = PRODUCT_DEFINITION_SHAPE ( 'NONE', 'NONE',  #6463 ) ;
#6522 = CARTESIAN_POINT ( 'NONE',  ( 22.30606374154280047, 18.62966332695449978, 146.7627875000000017 ) ) ;
#6523 = CARTESIAN_POINT ( 'NONE',  ( 9.399861253693519103, 23.59282618444636626, 149.5454456254538798 ) ) ;
#6524 = B_SPLINE_CURVE_WITH_KNOTS ( 'NONE', 3,
 ( #888, #3686, #6165, #4726, #3096 ),
 .UNSPECIFIED., .F., .F.,
 ( 4, 1, 4 ),
 ( 0.4496886661710030042, 0.5833333333333330373, 0.6628600127115059637 ),
 .UNSPECIFIED. ) ;
#6525 = CARTESIAN_POINT ( 'NONE',  ( 16.60011717162625189, 30.35381237960420364, 146.3337464200889997 ) ) ;
#6526 = CARTESIAN_POINT ( 'NONE',  ( 23.66991696775230025, 26.80963577344320115, 152.7629881344174976 ) ) ;
#6527 = PLANE ( 'NONE',  #1373 ) ;
#6528 = CARTESIAN_POINT ( 'NONE',  ( 14.46728888228144072, 22.83036967531459993, 155.0439282658079776 ) ) ;
#6529 = ORIENTED_EDGE ( 'NONE', *, *, #193, .T. ) ;
#6530 = CARTESIAN_POINT ( 'NONE',  ( 14.72610069651730136, 30.13626922183549794, 150.8761000000000081 ) ) ;
#6531 = CARTESIAN_POINT ( 'NONE',  ( 22.44534026475249533, 28.22127273163756200, 153.3149324355609906 ) ) ;
#6532 = CARTESIAN_POINT ( 'NONE',  ( 10.08354575881767445, 23.34942948218425940, 152.3674209844705558 ) ) ;
#6533 = CARTESIAN_POINT ( 'NONE',  ( 25.34539224381410349, 25.33878090087049983, 160.0978791666665018 ) ) ;
#6534 = CARTESIAN_POINT ( 'NONE',  ( 19.93633125337400003, 29.88397532553884872, 157.3528020833335290 ) ) ;
#6535 = CARTESIAN_POINT ( 'NONE',  ( 9.296929990324338533, 24.01711977248800167, 149.2453510831240067 ) ) ;
#6536 = CARTESIAN_POINT ( 'NONE',  ( 12.10261407317629967, 28.34885436674355219, 153.8524629926104978 ) ) ;
#6537 = CARTESIAN_POINT ( 'NONE',  ( 10.56562270668161929, 26.47623317745529903, 153.0091291666664972 ) ) ;
#6538 = CARTESIAN_POINT ( 'NONE',  ( 23.11352809082160320, 27.48875476241769888, 152.7830902525889769 ) ) ;
#6539 = CARTESIAN_POINT ( 'NONE',  ( 10.90896839074612146, 26.63993742411435051, 154.0645955774320157 ) ) ;
#6540 = CARTESIAN_POINT ( 'NONE',  ( 9.698287146946729109, 24.32681688891815242, 150.1103598858559849 ) ) ;
#6541 = CARTESIAN_POINT ( 'NONE',  ( 23.70672952143679879, 27.67993586425639663, 158.5858749999999873 ) ) ;
#6542 = CARTESIAN_POINT ( 'NONE',  ( 24.94177683618259778, 24.86216764718309946, 154.6373166666664929 ) ) ;
#6543 = CARTESIAN_POINT ( 'NONE',  ( 24.08636282265155160, 19.46587536104434690, 162.4240993055555009 ) ) ;
#6544 = EDGE_CURVE ( 'NONE', #1441, #2345, #181, .T. ) ;
#6545 = CARTESIAN_POINT ( 'NONE',  ( 24.31038507914530200, 26.05638001778130075, 153.8568416666664973 ) ) ;
#6546 = ORIENTED_EDGE ( 'NONE', *, *, #6253, .F. ) ;
#6547 = CARTESIAN_POINT ( 'NONE',  ( 11.20171253384495991, 20.57960059255815111, 155.8791119791665096 ) ) ;
#6548 = CARTESIAN_POINT ( 'NONE',  ( 24.99182241585959829, 25.46410685078529923, 156.9691541666665273 ) ) ;
#6549 = LINE ( 'NONE', #3381, #488 ) ;
#6550 = CARTESIAN_POINT ( 'NONE',  ( 24.73533487715890189, 24.21317424415614994, 152.3241416666664918 ) ) ;
#6551 = CARTESIAN_POINT ( 'NONE',  ( 24.02073101880914763, 25.78712072390074894, 151.2722404128224980 ) ) ;
#6552 = EDGE_CURVE ( 'NONE', #723, #4343, #6042, .T. ) ;
#6553 = CARTESIAN_POINT ( 'NONE',  ( 8.128141939909040659, 22.17241123135525172, 149.3944301150854130 ) ) ;
#6554 = CARTESIAN_POINT ( 'NONE',  ( 9.777415143190671287, 24.38047328997074814, 150.4355189683705021 ) ) ;
#6555 = VERTEX_POINT ( 'NONE', #2871 ) ;
#6556 = CARTESIAN_POINT ( 'NONE',  ( 20.29511971279850258, 29.44492217112440002, 151.9576034383220247 ) ) ;
#6557 = CARTESIAN_POINT ( 'NONE',  ( 17.13337054251405434, 30.24737443862175112, 152.9542416666665190 ) ) ;
#6558 = CARTESIAN_POINT ( 'NONE',  ( 24.95350444767374753, 23.61011010656937259, 152.9611872880133774 ) ) ;
#6559 = CARTESIAN_POINT ( 'NONE',  ( 11.77419148482080047, 27.74502871757384881, 154.8287216762389846 ) ) ;
#6560 = CARTESIAN_POINT ( 'NONE',  ( 11.94185054912236055, 28.40731982254414945, 152.8590921457235083 ) ) ;
#6561 = ORIENTED_EDGE ( 'NONE', *, *, #2956, .T. ) ;
#6562 = CARTESIAN_POINT ( 'NONE',  ( 15.31986083381750063, 30.25903552158104759, 149.3597999999999786 ) ) ;
#6563 = CARTESIAN_POINT ( 'NONE',  ( 22.18829645790685490, 28.43730494724460200, 153.3294355527429786 ) ) ;
#6564 = CARTESIAN_POINT ( 'NONE',  ( 23.82402939200585124, 24.86024133771559974, 148.3782375195380325 ) ) ;
#6565 = CARTESIAN_POINT ( 'NONE',  ( 23.58342103453789917, 25.30579338501795306, 147.9626217975307725 ) ) ;
#6566 = CARTESIAN_POINT ( 'NONE',  ( 18.60125537765140180, 29.83040998475160066, 148.0396666666665908 ) ) ;
#6567 = CARTESIAN_POINT ( 'NONE',  ( 22.88515522266695257, 27.73502382243370334, 152.7930751423250229 ) ) ;
#6568 = CARTESIAN_POINT ( 'NONE',  ( 24.45981870167875272, 24.66664131136619886, 151.2875812834990086 ) ) ;
#6569 = CARTESIAN_POINT ( 'NONE',  ( 13.50091591866185858, 22.78894344523180138, 155.9129121492954937 ) ) ;
#6570 = CARTESIAN_POINT ( 'NONE',  ( 11.89153460357317904, 28.38080103196589832, 152.3623376194535126 ) ) ;
#6571 = DIRECTION ( 'NONE',  ( 0.1006318910984300152, 0.05303758115645541144, 0.9935090525400490646 ) ) ;
#6572 = CARTESIAN_POINT ( 'NONE',  ( 22.29664554889739847, 28.70022495437675047, 156.3240999999999872 ) ) ;
#6573 = CARTESIAN_POINT ( 'NONE',  ( 25.28223364234344928, 24.58562002493669851, 156.8857751576944963 ) ) ;
#6574 = CARTESIAN_POINT ( 'NONE',  ( 24.67217549557285139, 19.74161750609284738, 158.9385000000000048 ) ) ;
#6575 =( GEOMETRIC_REPRESENTATION_CONTEXT ( 3 ) GLOBAL_UNCERTAINTY_ASSIGNED_CONTEXT ( ( #4734 ) ) GLOBAL_UNIT_ASSIGNED_CONTEXT ( ( #1793, #2317, #121 ) ) REPRESENTATION_CONTEXT ( 'NONE', 'WORKASPACE' ) );
#6576 = AXIS2_PLACEMENT_3D ( 'NONE', #4222, #5939, #1192 ) ;
#6577 = CARTESIAN_POINT ( 'NONE',  ( 23.51932807586430130, 26.88609346594700256, 152.3283125000000098 ) ) ;
#6578 = ORIENTED_EDGE ( 'NONE', *, *, #4878, .F. ) ;
#6579 = CARTESIAN_POINT ( 'NONE',  ( 11.25431461668831901, 26.64550281148064670, 155.7013887449449783 ) ) ;
#6580 = CARTESIAN_POINT ( 'NONE',  ( 11.23164195975870072, 26.63739736634974875, 155.5708571731369716 ) ) ;
#6581 = CARTESIAN_POINT ( 'NONE',  ( 24.04841615907225005, 25.04944054405279985, 149.9658291666665946 ) ) ;
#6582 = CARTESIAN_POINT ( 'NONE',  ( 13.48433280571951975, 22.98805372748844889, 155.9039625199834802 ) ) ;
#6583 = VECTOR ( 'NONE', #6519, 1000.000000000000114 ) ;
#6584 = CARTESIAN_POINT ( 'NONE',  ( 25.74717110304569800, 24.68094702459210055, 162.0602709434594999 ) ) ;
#6585 = B_SPLINE_CURVE_WITH_KNOTS ( 'NONE', 3,
 ( #1250, #3385, #721, #2862, #3920 ),
 .UNSPECIFIED., .F., .F.,
 ( 4, 1, 4 ),
 ( 0.2753409637221519990, 0.3142857142857145014, 0.3480381102888990275 ),
 .UNSPECIFIED. ) ;
#6586 = DIRECTION ( 'NONE',  ( 0.1006318910984310283, 0.05303758115645541837, 0.9935090525400491757 ) ) ;
#6587 = CARTESIAN_POINT ( 'NONE',  ( 9.734454135753610515, 24.65643565874134779, 150.1816629539890187 ) ) ;
#6588 = CARTESIAN_POINT ( 'NONE',  ( 9.682833630192829943, 24.38193577494509867, 150.0401277682159957 ) ) ;
#6589 = ORIENTED_EDGE ( 'NONE', *, *, #3362, .F. ) ;
#6590 = CARTESIAN_POINT ( 'NONE',  ( 24.70365890269444975, 25.20088472240569644, 153.8564270833335001 ) ) ;
#6591 = VECTOR ( 'NONE', #6270, 1000.000000000000114 ) ;
#6592 = DIRECTION ( 'NONE',  ( 0.000000000000000000, -0.04490276582358731366, -0.9989913621355253071 ) ) ;
#6593 = CARTESIAN_POINT ( 'NONE',  ( 16.71932573245805287, 30.23697916366694827, 149.8425291666665942 ) ) ;
#6594 = CARTESIAN_POINT ( 'NONE',  ( 24.26487283567155018, 23.38327893306730587, 149.1906665205260083 ) ) ;
#6595 = CARTESIAN_POINT ( 'NONE',  ( 14.87312141562900081, 23.08183066671104910, 155.4169607256810082 ) ) ;
#6596 = EDGE_CURVE ( 'NONE', #6092, #4912, #3361, .T. ) ;
#6597 = CARTESIAN_POINT ( 'NONE',  ( 14.47124821266674033, 23.02176562697795248, 154.8252872477025051 ) ) ;
#6598 = ORIENTED_EDGE ( 'NONE', *, *, #1414, .T. ) ;
#6599 = CARTESIAN_POINT ( 'NONE',  ( 12.06708919402041857, 28.36773902022149940, 153.5916687499999966 ) ) ;
#6600 = CARTESIAN_POINT ( 'NONE',  ( 23.47551125102719993, 25.25386618419105034, 147.0834468749999928 ) ) ;
#6601 = CARTESIAN_POINT ( 'NONE',  ( 23.87972438646599826, 24.91175734267885034, 148.7787622156586167 ) ) ;
#6602 = CARTESIAN_POINT ( 'NONE',  ( 10.79340497952020073, 25.13547195972495274, 155.7781625000000076 ) ) ;
#6603 = CARTESIAN_POINT ( 'NONE',  ( 15.38679236369787873, 30.15154777781755513, 151.9137755038188402 ) ) ;
#6604 = CARTESIAN_POINT ( 'NONE',  ( 23.91988320371400079, 24.79075948531534834, 148.7800916468692094 ) ) ;
#6605 = CARTESIAN_POINT ( 'NONE',  ( 12.42242629731049952, 28.67831251476415133, 153.8024815938024972 ) ) ;
#6606 = EDGE_CURVE ( 'NONE', #2214, #482, #46, .T. ) ;
#6607 = CARTESIAN_POINT ( 'NONE',  ( 24.55211286866200027, 25.57499503069429991, 153.8540125000000103 ) ) ;
#6608 = CARTESIAN_POINT ( 'NONE',  ( 10.99768432052341893, 26.82149969459169725, 154.0459170607220187 ) ) ;
#6609 = CARTESIAN_POINT ( 'NONE',  ( 10.60178888142654863, 23.52803655358108514, 155.3807770938866213 ) ) ;
#6610 = CARTESIAN_POINT ( 'NONE',  ( 19.74829355340354908, 29.74620649951244999, 153.0034406713575095 ) ) ;
#6611 = CARTESIAN_POINT ( 'NONE',  ( 23.11764551009159874, 27.91689090927270200, 155.4790000000000134 ) ) ;
#6612 = CARTESIAN_POINT ( 'NONE',  ( 25.05630792904744908, 24.47565179584260164, 154.6454604166664808 ) ) ;
#6613 = CARTESIAN_POINT ( 'NONE',  ( 24.87189488960104811, 20.24530854596650187, 156.5048999999999921 ) ) ;
#6614 = CARTESIAN_POINT ( 'NONE',  ( 23.73071295422947813, 24.64225885302659336, 147.3237972650049414 ) ) ;
#6615 = B_SPLINE_SURFACE_WITH_KNOTS ( 'NONE', 3, 3, ( 
 ( #2744, #2204, #4320, #3810, #2778, #2722, #5792, #6073, #6178, #798, #1041, #5277, #516, #3241, #2141, #5858, #1538, #3785, #6437, #4818, #4853, #5342, #1653 ),
 ( #4257, #6824, #1137, #4323, #5892, #1578, #4755, #510, #3273, #6860, #2207, #5816, #2072, #1026, #4188, #6377, #5269, #1065, #5779, #1616, #3754, #470, #2710 ),
 ( #4292, #3165, #606, #2107, #2747, #4227, #6339, #1687, #5741, #990, #3124, #6300, #5230, #113, #4911, #147, #2314, #4426, #6533, #1789, #6809, #5657, #1452 ),
 ( #6703, #6210, #940, #3039, #1384, #346, #3591, #1954, #3075, #2478, #5764, #2095, #2058, #5179, #381, #5143, #4210, #2513, #3525, #416, #4586, #3558, #4069 ) ),
 .UNSPECIFIED., .F., .F., .F.,
 ( 4, 4 ),
 ( 4, 1, 1, 1, 1, 1, 1, 1, 1, 1, 1, 1, 1, 1, 1, 1, 1, 1, 1, 1, 4 ),
 ( 0.000000000000000000, 1.000000000000000000 ),
 ( 0.000000000000000000, 1.000000000000000000, 2.000000000000000000, 3.000000000000000000, 5.000000000000000000, 7.000000000000000000, 9.000000000000000000, 11.00000000000000000, 13.00000000000000000, 15.00000000000000000, 17.00000000000000000, 19.00000000000000000, 21.00000000000000000, 23.00000000000000000, 25.00000000000000000, 27.00000000000000000, 29.00000000000000000, 31.00000000000000000, 33.00000000000000000, 34.00000000000000000, 35.00000000000000000 ),
 .UNSPECIFIED. ) ;
#6616 = CARTESIAN_POINT ( 'NONE',  ( 24.03524381498765194, 25.79789917457840076, 151.5278604166664991 ) ) ;
#6617 = ORIENTED_EDGE ( 'NONE', *, *, #312, .T. ) ;
#6618 = CARTESIAN_POINT ( 'NONE',  ( 24.20430832400320043, 24.54846781641860076, 149.9752166666665687 ) ) ;
#6619 = CARTESIAN_POINT ( 'NONE',  ( 9.715719005986260370, 24.26464174348440039, 150.1895830422569986 ) ) ;
#6620 = CARTESIAN_POINT ( 'NONE',  ( 25.41199357665545122, 24.66810183901684894, 158.5442083333335006 ) ) ;
#6621 = CARTESIAN_POINT ( 'NONE',  ( 11.16836207353773958, 27.52793040253645174, 152.4811170248454744 ) ) ;
#6622 = LINE ( 'NONE', #6035, #2388 ) ;
#6623 = ORIENTED_EDGE ( 'NONE', *, *, #4595, .F. ) ;
#6624 = CARTESIAN_POINT ( 'NONE',  ( 23.77550532688730200, 24.80515351513360045, 147.9655574825790154 ) ) ;
#6625 = CARTESIAN_POINT ( 'NONE',  ( 25.46370080946270065, 25.37984458943164867, 161.5356814352639674 ) ) ;
#6626 = CARTESIAN_POINT ( 'NONE',  ( 10.96427089872464222, 26.57782178220805136, 154.4156781249999995 ) ) ;
#6627 = CARTESIAN_POINT ( 'NONE',  ( 19.95073264097194965, 12.58061409248741924, 153.8993053541165068 ) ) ;
#6628 = CARTESIAN_POINT ( 'NONE',  ( 12.26440949273558090, 28.73345892663385115, 152.8090097176259974 ) ) ;
#6629 = ORIENTED_EDGE ( 'NONE', *, *, #3195, .F. ) ;
#6630 = EDGE_CURVE ( 'NONE', #3442, #6010, #4189, .T. ) ;
#6631 = CARTESIAN_POINT ( 'NONE',  ( 14.18385115886309933, 29.90319479399370195, 152.5315999999999974 ) ) ;
#6632 = CARTESIAN_POINT ( 'NONE',  ( 23.31481050349659867, 24.87660022020995143, 143.9999764756944103 ) ) ;
#6633 = CARTESIAN_POINT ( 'NONE',  ( 12.10261407237850051, 28.34885436733380359, 153.8524629889639925 ) ) ;
#6634 = CARTESIAN_POINT ( 'NONE',  ( 10.10548356617635868, 23.84378230446720082, 152.7854502135310213 ) ) ;
#6635 = CARTESIAN_POINT ( 'NONE',  ( 19.56224262239079792, 29.99123072534309742, 157.3970124999999882 ) ) ;
#6636 = DIRECTION ( 'NONE',  ( 0.9914626728336710659, 0.07787427352598338959, -0.1045818621956666056 ) ) ;
#6637 = CARTESIAN_POINT ( 'NONE',  ( 25.35155187929090204, 25.74681684726269992, 161.9185327637574972 ) ) ;
#6638 = CARTESIAN_POINT ( 'NONE',  ( 14.60559232907645466, 29.96158950433835955, 154.0161102121005854 ) ) ;
#6639 = CARTESIAN_POINT ( 'NONE',  ( 24.91505121688656743, 25.61206357761284735, 156.8756263661389028 ) ) ;
#6640 = CARTESIAN_POINT ( 'NONE',  ( 16.06420971663994735, 23.92947433425440096, 154.1903868040814984 ) ) ;
#6641 = CARTESIAN_POINT ( 'NONE',  ( 23.37430205010215190, 27.24536780244424961, 153.1167750000000183 ) ) ;
#6642 = CARTESIAN_POINT ( 'NONE',  ( 15.29739649970204951, 30.09056195825445101, 155.0412125000000003 ) ) ;
#6643 = CARTESIAN_POINT ( 'NONE',  ( 23.67753547761205013, 18.58501233602120095, 156.7644645833335062 ) ) ;
#6644 = CARTESIAN_POINT ( 'NONE',  ( 23.80246442333838885, 24.32020965104074151, 147.1842534795002280 ) ) ;
#6645 = CARTESIAN_POINT ( 'NONE',  ( 23.85581302698575001, 25.70296865805535091, 150.3576874776470049 ) ) ;
#6646 = CARTESIAN_POINT ( 'NONE',  ( 11.98789427905954064, 20.83401166695444928, 160.7820329547650147 ) ) ;
#6647 = VERTEX_POINT ( 'NONE', #1351 ) ;
#6648 = CARTESIAN_POINT ( 'NONE',  ( 25.03250599782565189, 24.89977766069594622, 155.4150999999999954 ) ) ;
#6649 = CARTESIAN_POINT ( 'NONE',  ( 16.90714025075699922, 30.24735037559124962, 152.2579327935679601 ) ) ;
#6650 = CARTESIAN_POINT ( 'NONE',  ( 10.36111465538290055, 24.34215475520799998, 154.2427523718955058 ) ) ;
#6651 = CARTESIAN_POINT ( 'NONE',  ( 25.57215600284739665, 23.90894047252179888, 158.5679500000000246 ) ) ;
#6652 = PLANE ( 'NONE',  #5589 ) ;
#6653 = CARTESIAN_POINT ( 'NONE',  ( 23.78127552055180161, 26.27386847577434992, 151.2705101177990059 ) ) ;
#6654 = VERTEX_POINT ( 'NONE', #5008 ) ;
#6655 = CARTESIAN_POINT ( 'NONE',  ( 24.46990809467829919, 25.10949750831915139, 152.3062395833335074 ) ) ;
#6656 = CARTESIAN_POINT ( 'NONE',  ( 25.04084400704624969, 25.34169530055554986, 156.9701124999999990 ) ) ;
#6657 = CARTESIAN_POINT ( 'NONE',  ( 21.18191413038330140, 28.96409641974780058, 151.8934490511190063 ) ) ;
#6658 = CARTESIAN_POINT ( 'NONE',  ( 25.22059537625980141, 23.71216084059453166, 154.7366967384330110 ) ) ;
#6659 = CARTESIAN_POINT ( 'NONE',  ( 14.98246131690846106, 23.06450848791764940, 154.8289788487460044 ) ) ;
#6660 = B_SPLINE_CURVE_WITH_KNOTS ( 'NONE', 3,
 ( #991, #6378, #1617, #5344, #576, #2712, #1656 ),
 .UNSPECIFIED., .F., .F.,
 ( 4, 3, 4 ),
 ( 1.097135458930219903E-17, 0.0001008737610197930218, 0.0001709859534103860032 ),
 .UNSPECIFIED. ) ;
#6661 = CARTESIAN_POINT ( 'NONE',  ( 20.25228218419718829, 29.41525948732617834, 151.4602592619323502 ) ) ;
#6662 = ORIENTED_EDGE ( 'NONE', *, *, #3521, .F. ) ;
#6663 = CARTESIAN_POINT ( 'NONE',  ( 15.61355388117520171, 30.23006866234879908, 151.5577999999999861 ) ) ;
#6664 = CARTESIAN_POINT ( 'NONE',  ( 23.61227214208520309, 24.91880645785819937, 147.1158750000000168 ) ) ;
#6665 = CARTESIAN_POINT ( 'NONE',  ( 11.10165774110453896, 26.28059945546944931, 155.7252630716529893 ) ) ;
#6666 = CARTESIAN_POINT ( 'NONE',  ( 18.53626172888260015, 29.92656652132595241, 149.6283625000000086 ) ) ;
#6667 = B_SPLINE_SURFACE_WITH_KNOTS ( 'NONE', 3, 3, ( 
 ( #591, #6421, #42, #419, #907, #4667, #6741 ),
 ( #2518, #4628, #2025, #3042, #4140, #5148, #4588 ),
 ( #1421, #6185, #1992, #348, #3529, #2729, #5728 ),
 ( #4103, #1489, #1956, #3561, #2694, #5626, #2159 ),
 ( #4276, #3768, #870, #5110, #5875, #1117, #3259 ),
 ( #5360, #72, #2191, #4996, #5451, #4442, #755 ),
 ( #3318, #3382, #717, #231, #2365, #1685, #3239 ) ),
 .UNSPECIFIED., .F., .F., .F.,
 ( 4, 1, 1, 1, 4 ),
 ( 4, 1, 1, 1, 4 ),
 ( 0.000000000000000000, 1.000000000000000000, 2.000000000000000000, 3.000000000000000000, 4.000000000000000000 ),
 ( 0.000000000000000000, 1.000000000000000000, 2.000000000000000000, 3.000000000000000000, 4.000000000000000000 ),
 .UNSPECIFIED. ) ;
#6668 = DIRECTION ( 'NONE',  ( -0.9914626728336710659, -0.07787427352598338959, 0.1045818621956666056 ) ) ;
#6669 = CARTESIAN_POINT ( 'NONE',  ( 10.15834794373289895, 25.12485689102189923, 153.0888999999999953 ) ) ;
#6670 = CARTESIAN_POINT ( 'NONE',  ( 24.09388622397005264, 25.67689194846559886, 151.5269458333335137 ) ) ;
#6671 = CARTESIAN_POINT ( 'NONE',  ( 13.54186470269964992, 29.47940357593930472, 154.1495955564232077 ) ) ;
#6672 = DIRECTION ( 'NONE',  ( 0.1006318910984300152, 0.05303758115645541144, 0.9935090525400490646 ) ) ;
#6673 = CARTESIAN_POINT ( 'NONE',  ( 9.406282987197656098, 22.82448285828926515, 148.4942224008495089 ) ) ;
#6674 = CARTESIAN_POINT ( 'NONE',  ( 11.10283519967451937, 20.58267475112399936, 155.2315590277779904 ) ) ;
#6675 = CARTESIAN_POINT ( 'NONE',  ( 23.47885706241135040, 27.28020325032129634, 153.8916291666665188 ) ) ;
#6676 = CARTESIAN_POINT ( 'NONE',  ( 12.33509500248748125, 28.63160541173395046, 153.5580500000000086 ) ) ;
#6677 = ADVANCED_FACE ( 'NONE', ( #243 ), #5569, .T. ) ;
#6678 = CARTESIAN_POINT ( 'NONE',  ( 22.64400309820360135, 18.67080986371099982, 150.6207875000000058 ) ) ;
#6679 = CARTESIAN_POINT ( 'NONE',  ( 23.64782681271245224, 25.00037172552255527, 147.5850296346319794 ) ) ;
#6680 = CARTESIAN_POINT ( 'NONE',  ( 23.07125737009974742, 26.98368036958560268, 150.4023389574554983 ) ) ;
#6681 = CARTESIAN_POINT ( 'NONE',  ( 11.70419972977080114, 22.38999551685394707, 160.7948250000000030 ) ) ;
#6682 = ORIENTED_EDGE ( 'NONE', *, *, #507, .T. ) ;
#6683 = CARTESIAN_POINT ( 'NONE',  ( 24.07372587154874921, 24.60746554260440178, 149.3133430555553787 ) ) ;
#6684 = CARTESIAN_POINT ( 'NONE',  ( 19.59713957167150156, 29.72010735952339999, 151.8771500000000003 ) ) ;
#6685 = CARTESIAN_POINT ( 'NONE',  ( 9.552193167040540445, 24.16998002781175003, 149.6586279624156077 ) ) ;
#6686 = LINE ( 'NONE', #2924, #6818 ) ;
#6687 = ADVANCED_FACE ( 'NONE', ( #6840 ), #4698, .F. ) ;
#6688 = CARTESIAN_POINT ( 'NONE',  ( 25.63508414160915194, 22.73817104631014985, 158.6293000000000006 ) ) ;
#6689 = AXIS2_PLACEMENT_3D ( 'NONE', #1894, #4003, #426 ) ;
#6690 = CARTESIAN_POINT ( 'NONE',  ( 10.14270263576881881, 24.02683377041734758, 153.2751749587829977 ) ) ;
#6691 = CARTESIAN_POINT ( 'NONE',  ( 12.27224077956365988, 22.69254113068804912, 156.0448244890064871 ) ) ;
#6692 = ORIENTED_EDGE ( 'NONE', *, *, #4607, .T. ) ;
#6693 = CARTESIAN_POINT ( 'NONE',  ( 25.56589484158484993, 25.21000014568695136, 162.0195861832490039 ) ) ;
#6694 = CARTESIAN_POINT ( 'NONE',  ( 23.85282684330145031, 24.56636356123794940, 147.9746509289932135 ) ) ;
#6695 = CARTESIAN_POINT ( 'NONE',  ( 14.19117950780161941, 22.93060275896795019, 153.3160567594705128 ) ) ;
#6696 = CARTESIAN_POINT ( 'NONE',  ( 27.18195175618454940, 24.67530609222015414, 150.1830699857069931 ) ) ;
#6697 = CARTESIAN_POINT ( 'NONE',  ( 24.70208131292957887, 23.52556908492596932, 151.5462003650815745 ) ) ;
#6698 = CARTESIAN_POINT ( 'NONE',  ( 10.00628126693673892, 20.73834244886549882, 150.3926676194604966 ) ) ;
#6699 = VECTOR ( 'NONE', #3048, 999.9999999999998863 ) ;
#6700 = VERTEX_POINT ( 'NONE', #6280 ) ;
#6701 = CARTESIAN_POINT ( 'NONE',  ( 16.39810088313739911, 30.27437891005449799, 148.3101942708331933 ) ) ;
#6702 = CARTESIAN_POINT ( 'NONE',  ( 23.81786396145535178, 24.68560501893979975, 147.9685328358799836 ) ) ;
#6703 = CARTESIAN_POINT ( 'NONE',  ( 23.81416608509435306, 24.68575853818579802, 147.9701042057860150 ) ) ;
#6704 = CARTESIAN_POINT ( 'NONE',  ( 19.25678342559535139, 30.00283032256010074, 155.0663125000000093 ) ) ;
#6705 = CARTESIAN_POINT ( 'NONE',  ( 11.32438633320551880, 22.74364646821900138, 158.9381259447520165 ) ) ;
#6706 = CARTESIAN_POINT ( 'NONE',  ( 15.94586149915485151, 22.82784776065835075, 152.2481168455624925 ) ) ;
#6707 = CARTESIAN_POINT ( 'NONE',  ( 24.43966375868915009, 25.52982207476300047, 153.0791125000000079 ) ) ;
#6708 = CARTESIAN_POINT ( 'NONE',  ( 14.60288491448694081, 22.98520155741054793, 153.7678994860979742 ) ) ;
#6709 = CARTESIAN_POINT ( 'NONE',  ( 23.26183114757015247, 27.20392331344249826, 152.3012245929079995 ) ) ;
#6710 = CARTESIAN_POINT ( 'NONE',  ( 10.59312215633514143, 26.56260853716869974, 152.5909155387100213 ) ) ;
#6711 = CARTESIAN_POINT ( 'NONE',  ( 10.78997334341092085, 21.72679324480274943, 155.2735027777780203 ) ) ;
#6712 = CARTESIAN_POINT ( 'NONE',  ( 23.97287527545640273, 25.61881241284509869, 150.7477166666664914 ) ) ;
#6713 = CARTESIAN_POINT ( 'NONE',  ( 20.07036260728064647, 29.59311569049400248, 152.6133875000000160 ) ) ;
#6714 = CARTESIAN_POINT ( 'NONE',  ( 17.02814540872414995, 30.26967872815844984, 154.1563645833334988 ) ) ;
#6715 = CARTESIAN_POINT ( 'NONE',  ( 24.07933893145210291, 19.42435898270930039, 162.1663479166664956 ) ) ;
#6716 = CARTESIAN_POINT ( 'NONE',  ( 23.88736917921801606, 23.89366856947591700, 147.1140700025692922 ) ) ;
#6717 = CARTESIAN_POINT ( 'NONE',  ( 10.42608545730289649, 24.77149150640607544, 154.7165184493096319 ) ) ;
#6718 = CARTESIAN_POINT ( 'NONE',  ( 12.43886802582514051, 27.45114589154214713, 160.2931312499999876 ) ) ;
#6719 = EDGE_LOOP ( 'NONE', ( #2275, #3508 ) ) ;
#6720 = EDGE_CURVE ( 'NONE', #4084, #1320, #1520, .T. ) ;
#6721 = CARTESIAN_POINT ( 'NONE',  ( 10.77374392669894121, 22.37928274189874855, 155.7998729166664873 ) ) ;
#6722 = CARTESIAN_POINT ( 'NONE',  ( 10.70759823556272039, 25.50665323778475013, 154.9935375000000022 ) ) ;
#6723 = CARTESIAN_POINT ( 'NONE',  ( 9.646425090552730452, 24.32607474638099987, 149.9181996129478023 ) ) ;
#6724 = CARTESIAN_POINT ( 'NONE',  ( 12.59893569424620097, 22.70305722135170257, 155.6734396224789805 ) ) ;
#6725 = CARTESIAN_POINT ( 'NONE',  ( 24.23702842039384819, 23.71709543135079912, 149.2213749999999948 ) ) ;
#6726 = DIRECTION ( 'NONE',  ( 0.1006318910984300152, 0.05303758115645541144, 0.9935090525400490646 ) ) ;
#6727 = CARTESIAN_POINT ( 'NONE',  ( 24.07104696435834867, 25.81363951447900007, 151.7689949390925221 ) ) ;
#6728 = ORIENTED_EDGE ( 'NONE', *, *, #4567, .T. ) ;
#6729 = CARTESIAN_POINT ( 'NONE',  ( 24.30068109045565095, 25.18250833686684942, 151.5280458333335218 ) ) ;
#6730 = ADVANCED_FACE ( 'NONE', ( #3661 ), #1710, .T. ) ;
#6731 = CARTESIAN_POINT ( 'NONE',  ( 25.40984565371810078, 25.35637990280769927, 160.7499347222220081 ) ) ;
#6732 = CARTESIAN_POINT ( 'NONE',  ( 14.59625622776530030, 29.99911121519420121, 152.0019860869725221 ) ) ;
#6733 = CARTESIAN_POINT ( 'NONE',  ( 13.34774383609511972, 22.99968839326585268, 156.4159001362820050 ) ) ;
#6734 = CARTESIAN_POINT ( 'NONE',  ( 10.61346865636751780, 26.94658035476090063, 152.1934624999999812 ) ) ;
#6735 = CARTESIAN_POINT ( 'NONE',  ( 11.09119932609242198, 24.86073902647059697, 157.6353808129062202 ) ) ;
#6736 = ORIENTED_EDGE ( 'NONE', *, *, #3847, .F. ) ;
#6737 = CARTESIAN_POINT ( 'NONE',  ( 16.22194286840915112, 30.29927833952884697, 147.9420404513890048 ) ) ;
#6738 = CARTESIAN_POINT ( 'NONE',  ( 23.36978380847724779, 24.84251290074189811, 144.6702145833332054 ) ) ;
#6739 = CARTESIAN_POINT ( 'NONE',  ( 18.35723217347300107, 30.04742238980605151, 151.2262000000000057 ) ) ;
#6740 = CARTESIAN_POINT ( 'NONE',  ( 11.06758953241048360, 22.65508472885326086, 157.4436436477982681 ) ) ;
#6741 = CARTESIAN_POINT ( 'NONE',  ( 22.87419117434005145, 26.66535715512864968, 148.1872799442791973 ) ) ;
#6742 = CARTESIAN_POINT ( 'NONE',  ( 24.81779829992165176, 25.67913318288350055, 156.1873874999999998 ) ) ;
#6743 = LINE ( 'NONE', #3563, #3722 ) ;
#6744 = CARTESIAN_POINT ( 'NONE',  ( 24.55211286866200027, 25.57499503069429991, 153.8540125000000103 ) ) ;
#6745 = LINE ( 'NONE', #5186, #1161 ) ;
#6746 = CARTESIAN_POINT ( 'NONE',  ( 10.63076724845799959, 23.53650268217000630, 155.5154353772130946 ) ) ;
#6747 = DIRECTION ( 'NONE',  ( -0.1006318910984300152, -0.05303758115645550858, -0.9935090525400490646 ) ) ;
#6748 = CARTESIAN_POINT ( 'NONE',  ( 10.66220043681659924, 23.95653514466909684, 155.6744354166665119 ) ) ;
#6749 = CARTESIAN_POINT ( 'NONE',  ( 25.07591467247344852, 25.78096398127939892, 159.3145125000000064 ) ) ;
#6750 = CARTESIAN_POINT ( 'NONE',  ( 20.96298940720635073, 29.43545146324379758, 155.6636499999999899 ) ) ;
#6751 = CARTESIAN_POINT ( 'NONE',  ( 15.13924581566464944, 30.09304922296355045, 153.8683666666665033 ) ) ;
#6752 = B_SPLINE_CURVE_WITH_KNOTS ( 'NONE', 3,
 ( #5746, #3129, #3538, #1432, #920, #994 ),
 .UNSPECIFIED., .F., .F.,
 ( 4, 2, 4 ),
 ( 0.000000000000000000, 0.5000000000000000000, 1.000000000000000000 ),
 .UNSPECIFIED. ) ;
#6753 = CARTESIAN_POINT ( 'NONE',  ( 24.05733072841890063, 19.14548513476610125, 160.6247541666664915 ) ) ;
#6754 = CARTESIAN_POINT ( 'NONE',  ( 14.46416410639441885, 23.01635743232129627, 154.7180927934180090 ) ) ;
#6755 = CARTESIAN_POINT ( 'NONE',  ( 11.94534795055728083, 21.20547518799249787, 161.0481905790965129 ) ) ;
#6756 = EDGE_LOOP ( 'NONE', ( #2689, #1853, #1629, #3574 ) ) ;
#6757 = CARTESIAN_POINT ( 'NONE',  ( 10.81720369857220021, 26.23351138549780259, 154.4400979166665024 ) ) ;
#6758 = CARTESIAN_POINT ( 'NONE',  ( 8.845803285786409731, 24.34108428237924926, 148.6199172125513996 ) ) ;
#6759 = CARTESIAN_POINT ( 'NONE',  ( 24.67121244174785133, 24.75640927245135003, 152.7711771986789984 ) ) ;
#6760 = CARTESIAN_POINT ( 'NONE',  ( 25.38912594287240054, 23.77037492974309885, 156.2279499999999928 ) ) ;
#6761 = ADVANCED_FACE ( 'NONE', ( #232 ), #2093, .T. ) ;
#6762 = CARTESIAN_POINT ( 'NONE',  ( 10.71412726970689988, 25.12914747841969998, 155.3931062499999882 ) ) ;
#6763 = ORIENTED_EDGE ( 'NONE', *, *, #3475, .T. ) ;
#6764 = CARTESIAN_POINT ( 'NONE',  ( 11.33654443804947931, 23.19050802879974782, 159.2656000000000063 ) ) ;
#6765 = DIRECTION ( 'NONE',  ( -0.9914626728336710659, -0.07787427352598338959, 0.1045818621956666056 ) ) ;
#6766 = CARTESIAN_POINT ( 'NONE',  ( 10.44982178811259921, 26.94866916670949664, 151.4095374999999990 ) ) ;
#6767 = CARTESIAN_POINT ( 'NONE',  ( 11.19848253615679567, 24.26463627309069793, 158.5984149864418953 ) ) ;
#6768 = ADVANCED_FACE ( 'NONE', ( #1365 ), #1100, .T. ) ;
#6769 = CARTESIAN_POINT ( 'NONE',  ( 9.552193167040540445, 24.16998002781175003, 149.6586279624156077 ) ) ;
#6770 = VERTEX_POINT ( 'NONE', #4258 ) ;
#6771 = CARTESIAN_POINT ( 'NONE',  ( 12.29037642270672137, 29.47078477748929970, 148.3948409722221982 ) ) ;
#6772 = CARTESIAN_POINT ( 'NONE',  ( 23.36413195393885189, 19.99233340747694854, 148.3285541666666063 ) ) ;
#6773 = DIRECTION ( 'NONE',  ( 0.08291556471174026111, -0.9955514112831505003, 0.04474814656117583056 ) ) ;
#6774 = CARTESIAN_POINT ( 'NONE',  ( 20.23513967532320024, 30.06788003571135093, 162.0862750000000005 ) ) ;
#6775 = CARTESIAN_POINT ( 'NONE',  ( 12.10261407237850051, 28.34885436733380359, 153.8524629889639925 ) ) ;
#6776 = EDGE_CURVE ( 'NONE', #413, #5590, #6660, .T. ) ;
#6777 = CARTESIAN_POINT ( 'NONE',  ( 9.701364204336590191, 24.46325214203114484, 150.0850804755665422 ) ) ;
#6778 = CARTESIAN_POINT ( 'NONE',  ( 11.64782753941092075, 27.57144429663435048, 154.8463450227869771 ) ) ;
#6779 = CARTESIAN_POINT ( 'NONE',  ( 14.19743877206287941, 29.81379640667645603, 154.0653416233166695 ) ) ;
#6780 = B_SPLINE_CURVE_WITH_KNOTS ( 'NONE', 3,
 ( #685, #6453, #5906, #5326 ),
 .UNSPECIFIED., .F., .F.,
 ( 4, 4 ),
 ( 0.000000000000000000, 1.000000000000000000 ),
 .UNSPECIFIED. ) ;
#6781 = CARTESIAN_POINT ( 'NONE',  ( 23.95780531265804925, 25.29798304516545215, 149.9639875000000018 ) ) ;
#6782 = CARTESIAN_POINT ( 'NONE',  ( 24.74125499375476167, 25.87556039650683104, 156.4082921400666635 ) ) ;
#6783 = CARTESIAN_POINT ( 'NONE',  ( 10.45486114094238062, 24.34157218488470065, 154.6444124999999872 ) ) ;
#6784 = CARTESIAN_POINT ( 'NONE',  ( 23.69078805775119889, 25.04425050752130133, 147.9596067759769937 ) ) ;
#6785 = CARTESIAN_POINT ( 'NONE',  ( 21.47457868786604962, 28.53050536608400023, 150.1352625000000103 ) ) ;
#6786 = CARTESIAN_POINT ( 'NONE',  ( 12.22921431487571908, 28.27954938784650096, 154.7681587197969861 ) ) ;
#6787 = CARTESIAN_POINT ( 'NONE',  ( 23.77254684138879881, 18.68507065685220070, 156.7456750000000056 ) ) ;
#6788 = CARTESIAN_POINT ( 'NONE',  ( 23.32717756718734847, 27.22797777298355015, 152.7753711783859956 ) ) ;
#6789 = CARTESIAN_POINT ( 'NONE',  ( 10.85043901185971116, 26.42697407632178042, 154.5851595135145260 ) ) ;
#6790 = CARTESIAN_POINT ( 'NONE',  ( 12.35145591899041939, 27.09788299891324925, 161.0944700520834942 ) ) ;
#6791 = VERTEX_POINT ( 'NONE', #3786 ) ;
#6792 = DIRECTION ( 'NONE',  ( -0.9914626728336707329, -0.07787427352598516594, 0.1045818621956683819 ) ) ;
#6793 = CARTESIAN_POINT ( 'NONE',  ( 24.29649446340100027, 24.16956370325189951, 149.9879416666665861 ) ) ;
#6794 = CARTESIAN_POINT ( 'NONE',  ( 24.30341914906815148, 22.82867077084430107, 149.2831500000000062 ) ) ;
#6795 = CARTESIAN_POINT ( 'NONE',  ( 23.53535777178759858, 25.41827603307810080, 147.9640234039782172 ) ) ;
#6796 = CARTESIAN_POINT ( 'NONE',  ( 12.14359615959405936, 22.67665368186125008, 155.9297330006414768 ) ) ;
#6797 = EDGE_LOOP ( 'NONE', ( #5395, #309, #6520, #3555 ) ) ;
#6798 = CARTESIAN_POINT ( 'NONE',  ( 11.41217759272471888, 23.99111910501484957, 159.9054833333335068 ) ) ;
#6799 = LINE ( 'NONE', #2615, #4496 ) ;
#6800 = CARTESIAN_POINT ( 'NONE',  ( 10.93139952829689854, 26.60510389222039862, 154.5674497760989823 ) ) ;
#6801 = CARTESIAN_POINT ( 'NONE',  ( 10.09151704324736087, 26.91810080235389790, 149.5642156124467874 ) ) ;
#6802 = CARTESIAN_POINT ( 'NONE',  ( 11.15414388131047652, 24.63775742239278799, 158.1760272453467167 ) ) ;
#6803 = CARTESIAN_POINT ( 'NONE',  ( 13.67029498530352072, 23.00184566056489999, 155.8662273102285099 ) ) ;
#6804 = CARTESIAN_POINT ( 'NONE',  ( 9.360220804439009612, 24.10077011821029913, 149.2895747562306212 ) ) ;
#6805 = AXIS2_PLACEMENT_3D ( 'NONE', #215, #5015, #2386 ) ;
#6806 = VERTEX_POINT ( 'NONE', #3125 ) ;
#6807 = CARTESIAN_POINT ( 'NONE',  ( 15.86755440258860084, 30.30208321804989779, 148.3796479166666131 ) ) ;
#6808 = CARTESIAN_POINT ( 'NONE',  ( 23.24145630148895236, 19.89539010212665104, 147.1827499999999986 ) ) ;
#6809 = CARTESIAN_POINT ( 'NONE',  ( 25.44599088730304715, 25.37167748106540088, 161.2736389729299731 ) ) ;
#6810 = CARTESIAN_POINT ( 'NONE',  ( 18.91001473916470133, 30.14327565773950113, 158.2712625000000060 ) ) ;
#6811 = CARTESIAN_POINT ( 'NONE',  ( 11.60297449271459769, 27.77448680492360111, 153.9337332554599982 ) ) ;
#6812 = VECTOR ( 'NONE', #6747, 1000.000000000000114 ) ;
#6813 = CARTESIAN_POINT ( 'NONE',  ( 11.67398274540565950, 27.82746041640159973, 154.4269796048084800 ) ) ;
#6814 = CARTESIAN_POINT ( 'NONE',  ( 10.56639977379759898, 27.58981306506185049, 149.8988388888890029 ) ) ;
#6815 = ORIENTED_EDGE ( 'NONE', *, *, #1503, .F. ) ;
#6816 = CARTESIAN_POINT ( 'NONE',  ( 11.68898470054699956, 22.80617706481375251, 155.1842619583815122 ) ) ;
#6817 = ADVANCED_FACE ( 'NONE', ( #4820 ), #3773, .F. ) ;
#6818 = VECTOR ( 'NONE', #1841, 1000.000000000000227 ) ;
#6819 = CARTESIAN_POINT ( 'NONE',  ( 24.72970424485616903, 25.37061233171589691, 154.4613728559291133 ) ) ;
#6820 = CARTESIAN_POINT ( 'NONE',  ( 11.28980182493969942, 23.24525447598760053, 158.9882767167014777 ) ) ;
#6821 = CARTESIAN_POINT ( 'NONE',  ( 14.67406462203398121, 22.66115245978814841, 150.8960611646024859 ) ) ;
#6822 = CARTESIAN_POINT ( 'NONE',  ( 25.05394912942774965, 25.49245626232825046, 157.7506791666665151 ) ) ;
#6823 = CARTESIAN_POINT ( 'NONE',  ( 21.41794136351445133, 28.51699076779075170, 149.7513770833331819 ) ) ;
#6824 = CARTESIAN_POINT ( 'NONE',  ( 23.90472706634234967, 24.46490134454635168, 148.1159754218399769 ) ) ;
#6825 = CARTESIAN_POINT ( 'NONE',  ( 12.21538948071269992, 28.12398705379054675, 155.4304632749149846 ) ) ;
#6826 = CARTESIAN_POINT ( 'NONE',  ( 14.88970452857136095, 22.88272038445439804, 155.4259103549935048 ) ) ;
#6827 = CARTESIAN_POINT ( 'NONE',  ( 10.26368810142121646, 22.38632092696601106, 152.9537986690135369 ) ) ;
#6828 = CARTESIAN_POINT ( 'NONE',  ( 10.26838213299149949, 27.26117066561429780, 149.5373345696102092 ) ) ;
#6829 = CARTESIAN_POINT ( 'NONE',  ( 10.62669793905009819, 20.80070789920295127, 153.0618749999999864 ) ) ;
#6830 = ORIENTED_EDGE ( 'NONE', *, *, #4179, .F. ) ;
#6831 = CARTESIAN_POINT ( 'NONE',  ( 9.698510854964990102, 25.69338114859039734, 149.4607305154279970 ) ) ;
#6832 = CARTESIAN_POINT ( 'NONE',  ( 25.14741780634319923, 24.51471521592664615, 155.4231791666665004 ) ) ;
#6833 = CARTESIAN_POINT ( 'NONE',  ( 24.09989442933839854, 20.74200710581370188, 150.2574999999999932 ) ) ;
#6834 = ORIENTED_EDGE ( 'NONE', *, *, #2359, .T. ) ;
#6835 = CARTESIAN_POINT ( 'NONE',  ( 11.50206936313066031, 21.74847229280045013, 159.2567333333335000 ) ) ;
#6836 = CARTESIAN_POINT ( 'NONE',  ( 13.74476983734091995, 22.87493171539225045, 152.9046637187514932 ) ) ;
#6837 = CARTESIAN_POINT ( 'NONE',  ( 10.42546946812543851, 24.75455981339040079, 154.7174847255564885 ) ) ;
#6838 = CARTESIAN_POINT ( 'NONE',  ( 11.63386115716264158, 27.36232048508075110, 155.4674960939680091 ) ) ;
#6839 = CARTESIAN_POINT ( 'NONE',  ( 11.19847194597280193, 24.26474232887309412, 158.5983291893861349 ) ) ;
#6840 = FACE_OUTER_BOUND ( 'NONE', #1415, .T. ) ;
#6841 = B_SPLINE_CURVE_WITH_KNOTS ( 'NONE', 3,
 ( #212, #700, #4948, #6531, #6563, #2380, #4491, #3901, #2776 ),
 .UNSPECIFIED., .F., .F.,
 ( 4, 1, 2, 2, 4 ),
 ( 0.000000000000000000, 0.2500000000000004996, 0.3750000000000007772, 0.5000000000000009992, 1.000000000000000000 ),
 .UNSPECIFIED. ) ;
#6842 = ORIENTED_EDGE ( 'NONE', *, *, #3690, .T. ) ;
#6843 = CARTESIAN_POINT ( 'NONE',  ( 15.83717651693749850, 30.31301300046379765, 148.1239159722222212 ) ) ;
#6844 = CARTESIAN_POINT ( 'NONE',  ( 23.90778859796604650, 22.47112330261849777, 144.9878500000000088 ) ) ;
#6845 = CARTESIAN_POINT ( 'NONE',  ( 19.49285179034239945, 30.13938244737205352, 162.1742624999999975 ) ) ;
#6846 = CARTESIAN_POINT ( 'NONE',  ( 11.50208173025020031, 27.64022464516694910, 153.9511200822985018 ) ) ;
#6847 = CARTESIAN_POINT ( 'NONE',  ( 10.64343810188436024, 26.58912732774695087, 153.0876700649799886 ) ) ;
#6848 = CARTESIAN_POINT ( 'NONE',  ( 24.09324495283630441, 23.31824076440409854, 148.0617210410698021 ) ) ;
#6849 = CARTESIAN_POINT ( 'NONE',  ( 11.64118212484362047, 22.58818617049434962, 154.8924607122765167 ) ) ;
#6850 = EDGE_CURVE ( 'NONE', #2741, #3587, #5950, .T. ) ;
#6851 = ORIENTED_EDGE ( 'NONE', *, *, #3597, .F. ) ;
#6852 = B_SPLINE_CURVE_WITH_KNOTS ( 'NONE', 3,
 ( #2597, #3162, #5264, #1427, #4713, #2448, #3565 ),
 .UNSPECIFIED., .F., .F.,
 ( 4, 3, 4 ),
 ( 0.000000000000000000, 0.5007768807115710041, 1.000000000000000000 ),
 .UNSPECIFIED. ) ;
#6853 = CARTESIAN_POINT ( 'NONE',  ( 14.03322351899240061, 22.85043741374819959, 156.2946893439510347 ) ) ;
#6854 = CARTESIAN_POINT ( 'NONE',  ( 23.87972438646599826, 24.91175734267885034, 148.7787622156586167 ) ) ;
#6855 = CARTESIAN_POINT ( 'NONE',  ( 13.74476983734091995, 22.87493171539225045, 152.9046637187514932 ) ) ;
#6856 = CARTESIAN_POINT ( 'NONE',  ( 24.76916745862504854, 25.22713799200259999, 154.3562518232390062 ) ) ;
#6857 = CARTESIAN_POINT ( 'NONE',  ( 25.29892972826685238, 25.03839750263794883, 158.5370999999999810 ) ) ;
#6858 = CARTESIAN_POINT ( 'NONE',  ( 24.62434856142230188, 25.88992898803549991, 155.4086583333335057 ) ) ;
#6859 = CARTESIAN_POINT ( 'NONE',  ( 19.75700886721400096, 29.53583818933419991, 150.2878802083334904 ) ) ;
#6860 = CARTESIAN_POINT ( 'NONE',  ( 24.68230752191425026, 24.90356415495730147, 153.0842083333334926 ) ) ;
#6861 = B_SPLINE_CURVE_WITH_KNOTS ( 'NONE', 3,
 ( #6119, #2449, #5629, #5600, #5054, #6086, #1332, #2421, #4041, #2559 ),
 .UNSPECIFIED., .F., .F.,
 ( 4, 3, 3, 4 ),
 ( 0.000000000000000000, 0.0001008940944360669985, 0.0002017881557821945171, 0.0004021880149707394840 ),
 .UNSPECIFIED. ) ;
#6862 = CARTESIAN_POINT ( 'NONE',  ( 11.67238765522113830, 28.13874192641524985, 152.8430749999999989 ) ) ;
#6863 = CARTESIAN_POINT ( 'NONE',  ( 10.99768432052341893, 26.82149969459169725, 154.0459170607220187 ) ) ;
#6864 = ADVANCED_FACE ( 'NONE', ( #3401 ), #1205, .T. ) ;
#6865 = CARTESIAN_POINT ( 'NONE',  ( 10.15195893277323336, 22.32330736130562343, 151.7589076797996199 ) ) ;
#6866 = CARTESIAN_POINT ( 'NONE',  ( 10.73715714865572046, 27.59922869206519991, 150.6880055555554918 ) ) ;
#6867 = CARTESIAN_POINT ( 'NONE',  ( 9.942445871622039633, 24.31701580169140087, 151.5400299479165085 ) ) ;
#6868 = ORIENTED_EDGE ( 'NONE', *, *, #3315, .T. ) ;
#6869 = B_SPLINE_CURVE_WITH_KNOTS ( 'NONE', 3,
 ( #2819, #1831, #164, #4923 ),
 .UNSPECIFIED., .F., .F.,
 ( 4, 4 ),
 ( 0.000000000000000000, 1.000000000000000000 ),
 .UNSPECIFIED. ) ;
ENDSEC;
END-ISO-10303-21;
