ISO-10303-21;
HEADER;
FILE_DESCRIPTION (( 'STEP AP214' ),
    '1' );
FILE_NAME ('H9 RH60.STEP',
    '2025-05-13T04:39:21',
    ( '' ),
    ( '' ),
    'SwSTEP 2.0',
    'SolidWorks 2023',
    '' );
FILE_SCHEMA (( 'AUTOMOTIVE_DESIGN' ));
ENDSEC;

DATA;
#1 = CARTESIAN_POINT ( 'NONE',  ( -34.68057734118740143, 16.59374070770825327, 151.8092125000000010 ) ) ;
#2 = CARTESIAN_POINT ( 'NONE',  ( -40.90684413675011655, 11.40409159416718232, 147.7597068866135714 ) ) ;
#3 = CARTESIAN_POINT ( 'NONE',  ( -33.45176844755570045, 12.15390376773293823, 156.3656598646385021 ) ) ;
#4 = CARTESIAN_POINT ( 'NONE',  ( -41.71562905842384339, 13.68218824225244035, 152.9234999999999900 ) ) ;
#5 = CARTESIAN_POINT ( 'NONE',  ( -36.70462380612185882, 12.10605171086039888, 155.2170671594105045 ) ) ;
#6 = B_SPLINE_CURVE_WITH_KNOTS ( 'NONE', 3,
 ( #4303, #4713, #1016, #1442, #2198, #1092, #3953, #674, #2150, #4023, #1780, #4686, #3423, #1308, #2368, #42, #2731, #3848, #2059, #134, #3111, #562, #2033 ),
 .UNSPECIFIED., .F., .F.,
 ( 4, 1, 1, 2, 2, 1, 1, 2, 2, 1, 1, 1, 2, 2, 4 ),
 ( 0.000000000000000000, 0.1250000000000013878, 0.1875000000000026090, 0.2187500000000042744, 0.2500000000000058842, 0.3750000000000144884, 0.4375000000000182632, 0.4687500000000197620, 0.5000000000000213163, 0.6250000000000212053, 0.6875000000000212053, 0.7187500000000212053, 0.7343750000000197620, 0.7500000000000184297, 1.000000000000000000 ),
 .UNSPECIFIED. ) ;
#7 = CARTESIAN_POINT ( 'NONE',  ( -42.71180054156869943, 10.05195239224140025, 152.8258708623005191 ) ) ;
#8 = ADVANCED_FACE ( 'NONE', ( #1492 ), #2568, .T. ) ;
#9 = CARTESIAN_POINT ( 'NONE',  ( -34.95077135274140545, 11.09727359167739991, 161.1771999999999991 ) ) ;
#10 = ORIENTED_EDGE ( 'NONE', *, *, #2669, .F. ) ;
#11 = DIRECTION ( 'NONE',  ( 0.3656150866411370104, 0.01415353698374980512, -0.9306585226662051902 ) ) ;
#12 = EDGE_CURVE ( 'NONE', #3962, #4533, #4359, .T. ) ;
#13 = CARTESIAN_POINT ( 'NONE',  ( -41.23988796023549952, 9.893769458929748239, 148.8533874999999966 ) ) ;
#14 = CARTESIAN_POINT ( 'NONE',  ( -31.93987930497296901, 12.27758908897023815, 153.1497075665003536 ) ) ;
#15 = CARTESIAN_POINT ( 'NONE',  ( -37.83827642493740484, 16.36447309622645108, 153.0704125000000033 ) ) ;
#16 = CARTESIAN_POINT ( 'NONE',  ( -42.21975287255686737, 9.041623526639781971, 151.7674459862276990 ) ) ;
#17 = CARTESIAN_POINT ( 'NONE',  ( -41.21446281445384585, 9.339257542531198553, 151.7199521107250177 ) ) ;
#18 = CARTESIAN_POINT ( 'NONE',  ( -39.48756231459415034, 10.26752454330573983, 153.6488666590499861 ) ) ;
#19 = CARTESIAN_POINT ( 'NONE',  ( -37.18327276881210253, 16.60541077371019725, 152.5154625000000124 ) ) ;
#20 = CARTESIAN_POINT ( 'NONE',  ( -33.47440582004135479, 13.11935888756109847, 155.6172239124049952 ) ) ;
#21 = ORIENTED_EDGE ( 'NONE', *, *, #3592, .T. ) ;
#22 = CARTESIAN_POINT ( 'NONE',  ( -40.93094838474254971, 9.615525395929340746, 148.1092348958619880 ) ) ;
#23 = CARTESIAN_POINT ( 'NONE',  ( -35.39700888088169251, 16.87395073744725238, 151.5569685025729996 ) ) ;
#24 = CARTESIAN_POINT ( 'NONE',  ( -31.51282418693415011, 12.69489719022753960, 152.1039973355850066 ) ) ;
#25 = CARTESIAN_POINT ( 'NONE',  ( -39.12733192378439639, 10.15130643859219894, 151.4683906970620058 ) ) ;
#26 = ORIENTED_EDGE ( 'NONE', *, *, #4546, .T. ) ;
#27 = CARTESIAN_POINT ( 'NONE',  ( -42.02207562234595173, 13.48168247714734136, 153.9208305555555114 ) ) ;
#28 = CARTESIAN_POINT ( 'NONE',  ( -35.43185899922569604, 16.28400315102425111, 152.7473383001950253 ) ) ;
#29 = DIRECTION ( 'NONE',  ( -0.3656150866427085311, -0.01415353698378406071, 0.9306585226655872400 ) ) ;
#30 = CARTESIAN_POINT ( 'NONE',  ( -42.77892789428157982, 10.58737435947692873, 153.0704898542490184 ) ) ;
#31 = CARTESIAN_POINT ( 'NONE',  ( -35.56901890469389826, 10.72975621711574057, 163.4326999999999828 ) ) ;
#32 = CARTESIAN_POINT ( 'NONE',  ( -43.74223360442464781, 12.27321462951443998, 157.9492999999999938 ) ) ;
#33 = CARTESIAN_POINT ( 'NONE',  ( -43.03380557769140324, 13.58648660328809932, 161.7748979166665038 ) ) ;
#34 = B_SPLINE_SURFACE_WITH_KNOTS ( 'NONE', 3, 1, ( 
 ( #4585, #4494 ),
 ( #2710, #2343 ),
 ( #1220, #4137 ),
 ( #1670, #3109 ),
 ( #494, #4181 ),
 ( #1964, #2367 ),
 ( #912, #4562 ),
 ( #2408, #1307 ),
 ( #1945, #3807 ),
 ( #518, #852 ) ),
 .UNSPECIFIED., .F., .F., .F.,
 ( 4, 2, 2, 2, 4 ),
 ( 2, 2 ),
 ( 0.000000000000000000, 0.2500000000000000000, 0.5000000000000000000, 0.7500000000000000000, 1.000000000000000000 ),
 ( 0.000000000000000000, 1.000000000000000000 ),
 .UNSPECIFIED. ) ;
#35 = CARTESIAN_POINT ( 'NONE',  ( -37.71468101904749659, 14.37079587983189910, 160.9473999999999876 ) ) ;
#36 = CARTESIAN_POINT ( 'NONE',  ( -41.50520242994800668, 12.78156389472174048, 150.3246249999999975 ) ) ;
#37 = CARTESIAN_POINT ( 'NONE',  ( -36.80091545191194768, 17.09565875962354653, 150.5212634464764960 ) ) ;
#38 = EDGE_CURVE ( 'NONE', #1276, #372, #4502, .T. ) ;
#39 = CARTESIAN_POINT ( 'NONE',  ( -41.56070913455225480, 9.325391451045089042, 149.9360226355346128 ) ) ;
#40 = CARTESIAN_POINT ( 'NONE',  ( -32.70250910789059873, 13.46609367792883916, 153.7767256508915068 ) ) ;
#41 = CARTESIAN_POINT ( 'NONE',  ( -36.24512007778015032, 16.11840501145714910, 154.0370870659084801 ) ) ;
#42 = CARTESIAN_POINT ( 'NONE',  ( -41.50514793411331738, 12.55637431800112047, 150.3047182227869882 ) ) ;
#43 = CARTESIAN_POINT ( 'NONE',  ( -37.10182358029944538, 16.39193535611930130, 153.3841999999999928 ) ) ;
#44 = AXIS2_PLACEMENT_3D ( 'NONE', #1386, #566, #2850 ) ;
#45 = CARTESIAN_POINT ( 'NONE',  ( -41.10051447370874911, 9.510678967513600313, 151.0138166213354793 ) ) ;
#46 = CARTESIAN_POINT ( 'NONE',  ( -41.27428359274895087, 10.26630496376493973, 148.8730000000000189 ) ) ;
#47 = VERTEX_POINT ( 'NONE', #22 ) ;
#48 = CARTESIAN_POINT ( 'NONE',  ( -39.64630256814635345, 15.54099493760519834, 149.6450638529825881 ) ) ;
#49 =( GEOMETRIC_REPRESENTATION_CONTEXT ( 3 ) GLOBAL_UNCERTAINTY_ASSIGNED_CONTEXT ( ( #579 ) ) GLOBAL_UNIT_ASSIGNED_CONTEXT ( ( #1935, #3777, #3734 ) ) REPRESENTATION_CONTEXT ( 'NONE', 'WORKASPACE' ) );
#50 = EDGE_LOOP ( 'NONE', ( #247, #4690 ) ) ;
#51 = CARTESIAN_POINT ( 'NONE',  ( -32.70919233041644958, 15.05277855927394981, 152.0934206750690123 ) ) ;
#52 = CARTESIAN_POINT ( 'NONE',  ( -37.40823210849195135, 16.54853213078230212, 151.9749306045969774 ) ) ;
#53 = CARTESIAN_POINT ( 'NONE',  ( -39.06997652959014999, 9.960715598173170093, 151.4880246040904979 ) ) ;
#54 = ORIENTED_EDGE ( 'NONE', *, *, #834, .T. ) ;
#55 = CARTESIAN_POINT ( 'NONE',  ( -41.95882110765560213, 11.09457168312409969, 150.8084000000000060 ) ) ;
#56 = CARTESIAN_POINT ( 'NONE',  ( -37.64221058133058762, 16.32219711924650341, 154.0285844989920179 ) ) ;
#57 = B_SPLINE_CURVE_WITH_KNOTS ( 'NONE', 3,
 ( #481, #1591, #3050, #4545, #1228, #2698, #1269, #2717, #3075, #1637 ),
 .UNSPECIFIED., .F., .F.,
 ( 4, 2, 2, 2, 4 ),
 ( 0.000000000000000000, 0.2500000000000000000, 0.5000000000000000000, 0.7500000000000000000, 1.000000000000000000 ),
 .UNSPECIFIED. ) ;
#58 = CARTESIAN_POINT ( 'NONE',  ( -35.13822028257385455, 9.606778563195378595, 161.7165333333335013 ) ) ;
#59 = CARTESIAN_POINT ( 'NONE',  ( -43.77112340717724948, 11.69620528897990042, 157.0066999999999950 ) ) ;
#60 = ORIENTED_EDGE ( 'NONE', *, *, #4670, .F. ) ;
#61 = DIRECTION ( 'NONE',  ( -0.9422284690014876007, -0.2620555318293874003, 0.2086442197635239026 ) ) ;
#62 = CARTESIAN_POINT ( 'NONE',  ( -37.11931281336004673, 15.46395425153469994, 156.6185182692325100 ) ) ;
#63 = CARTESIAN_POINT ( 'NONE',  ( -41.58478165362185308, 12.22141661259832190, 150.2683395460709903 ) ) ;
#64 = CARTESIAN_POINT ( 'NONE',  ( -42.22596746783574417, 9.041384622830928919, 151.7832812289952074 ) ) ;
#65 = B_SPLINE_SURFACE_WITH_KNOTS ( 'NONE', 3, 3, ( 
 ( #3951, #3976, #2901, #2562 ),
 ( #4001, #4374, #4427, #1535 ),
 ( #1144, #1872, #4021, #2972 ),
 ( #39, #1824, #1511, #738 ) ),
 .UNSPECIFIED., .F., .F., .F.,
 ( 4, 4 ),
 ( 4, 4 ),
 ( 0.000000000000000000, 1.000000000000000000 ),
 ( 0.000000000000000000, 1.000000000000000000 ),
 .UNSPECIFIED. ) ;
#66 = CARTESIAN_POINT ( 'NONE',  ( -31.03121555046865154, 10.75548195171045940, 151.1967846567519871 ) ) ;
#67 = CARTESIAN_POINT ( 'NONE',  ( -38.09449978390860281, 15.96672807480119971, 154.8714156911055113 ) ) ;
#68 = CARTESIAN_POINT ( 'NONE',  ( -41.36999183658949875, 9.443042101360539675, 151.1444586380949886 ) ) ;
#69 = ADVANCED_FACE ( 'NONE', ( #2257 ), #3894, .F. ) ;
#70 = ORIENTED_EDGE ( 'NONE', *, *, #1786, .T. ) ;
#71 = B_SPLINE_CURVE_WITH_KNOTS ( 'NONE', 3,
 ( #3452, #3769, #163, #3382 ),
 .UNSPECIFIED., .F., .F.,
 ( 4, 4 ),
 ( 8.496868851696660224E-05, 0.0004125738681525349498 ),
 .UNSPECIFIED. ) ;
#72 = CARTESIAN_POINT ( 'NONE',  ( -30.41586468444564773, 11.99419197097473955, 150.1759993055555071 ) ) ;
#73 = CARTESIAN_POINT ( 'NONE',  ( -33.10172604603599922, 15.34181101895979893, 152.2616133925104975 ) ) ;
#74 = CARTESIAN_POINT ( 'NONE',  ( -32.07877232027620096, 14.20790191341773934, 152.0858028427405202 ) ) ;
#75 = VERTEX_POINT ( 'NONE', #390 ) ;
#76 = CARTESIAN_POINT ( 'NONE',  ( -41.91026434987300320, 13.55791342132062027, 153.5469722222219957 ) ) ;
#77 = CARTESIAN_POINT ( 'NONE',  ( -35.61466654254630271, 16.27692638253234847, 153.2126675615280078 ) ) ;
#78 = CARTESIAN_POINT ( 'NONE',  ( -41.35715751088734748, 9.457192861555700603, 153.2816230551425178 ) ) ;
#79 = CARTESIAN_POINT ( 'NONE',  ( -36.10706408064474715, 8.722964755779948121, 164.0478676215280132 ) ) ;
#80 = ORIENTED_EDGE ( 'NONE', *, *, #213, .F. ) ;
#81 = DIRECTION ( 'NONE',  ( 0.000000000000000000, -0.9998843770813125031, -0.01520632988973699348 ) ) ;
#82 = CARTESIAN_POINT ( 'NONE',  ( -31.95944676754929858, 14.36202023825502039, 151.7290452743989704 ) ) ;
#83 = CARTESIAN_POINT ( 'NONE',  ( -40.05060288905045240, 14.94674227906001995, 148.9447909288480218 ) ) ;
#84 = CARTESIAN_POINT ( 'NONE',  ( -41.93594300555545829, 13.79920632480270015, 155.3962833333334856 ) ) ;
#85 = CARTESIAN_POINT ( 'NONE',  ( -40.13219513919690229, 9.644305240243840061, 151.5195542959924921 ) ) ;
#86 = CARTESIAN_POINT ( 'NONE',  ( -38.87974337798055302, 13.63770105187933979, 164.9749437499999942 ) ) ;
#87 = CARTESIAN_POINT ( 'NONE',  ( -35.35422511087516284, 13.21357820613084755, 159.2540804078167298 ) ) ;
#88 = CARTESIAN_POINT ( 'NONE',  ( -41.76758919694240291, 12.21433984410643880, 150.7336688074040012 ) ) ;
#89 = CARTESIAN_POINT ( 'NONE',  ( -32.52525377150285379, 14.27707464863483899, 152.7697500000000161 ) ) ;
#90 = DIRECTION ( 'NONE',  ( 0.3656150866411370104, 0.01415353698374996472, -0.9306585226662051902 ) ) ;
#91 = CARTESIAN_POINT ( 'NONE',  ( -31.03434001730605019, 11.91586004010244082, 151.3757749999999760 ) ) ;
#92 = CARTESIAN_POINT ( 'NONE',  ( -41.62634783765295055, 9.064084140113848775, 150.2519966416990087 ) ) ;
#93 = CARTESIAN_POINT ( 'NONE',  ( -41.40129778914265302, 10.20230376737409905, 149.2395874999999990 ) ) ;
#94 = FACE_OUTER_BOUND ( 'NONE', #796, .T. ) ;
#95 = CARTESIAN_POINT ( 'NONE',  ( -35.07418505609714998, 16.35713825387905018, 152.6289583333335145 ) ) ;
#96 = CARTESIAN_POINT ( 'NONE',  ( -42.93651923410718041, 11.25501937680534503, 153.8272035354202103 ) ) ;
#97 = CARTESIAN_POINT ( 'NONE',  ( 0.000000000000000000, 0.000000000000000000, 0.000000000000000000 ) ) ;
#98 = ORIENTED_EDGE ( 'NONE', *, *, #2829, .F. ) ;
#99 = CARTESIAN_POINT ( 'NONE',  ( -41.77153379280365186, 11.94891043224241933, 150.5507312500000126 ) ) ;
#100 = CARTESIAN_POINT ( 'NONE',  ( -42.42823622657540028, 10.05729302651399948, 152.0530368035470019 ) ) ;
#101 = ADVANCED_FACE ( 'NONE', ( #411 ), #4229, .T. ) ;
#102 = CARTESIAN_POINT ( 'NONE',  ( -35.15004021883200380, 10.97666681489032214, 161.9324000000000012 ) ) ;
#103 = UNCERTAINTY_MEASURE_WITH_UNIT (LENGTH_MEASURE( 1.000000000000000082E-05 ), #711, 'distance_accuracy_value', 'NONE');
#104 = VERTEX_POINT ( 'NONE', #3386 ) ;
#105 = CARTESIAN_POINT ( 'NONE',  ( -34.92701411710523018, 12.37267983403989469, 159.5919602945835152 ) ) ;
#106 = CARTESIAN_POINT ( 'NONE',  ( -30.74892388280010280, 12.38595343770504087, 150.7225561421084876 ) ) ;
#107 = CARTESIAN_POINT ( 'NONE',  ( -40.56556572588725373, 14.63488297119776149, 150.4752343750000136 ) ) ;
#108 = CARTESIAN_POINT ( 'NONE',  ( -41.64075608360775504, 14.01146547117087948, 154.4047062500000038 ) ) ;
#109 = APPLICATION_CONTEXT ( 'automotive_design' ) ;
#110 = B_SPLINE_CURVE_WITH_KNOTS ( 'NONE', 3,
 ( #3928, #647, #598, #2119, #901, #3839, #4211, #2043, #3502, #211, #1681, #2069, #3166, #1337, #2807, #673, #1560, #831, #1195 ),
 .UNSPECIFIED., .F., .F.,
 ( 4, 1, 1, 1, 1, 1, 1, 1, 1, 1, 1, 1, 1, 1, 1, 1, 4 ),
 ( 0.000000000000000000, 0.06442586240342630666, 0.1270616057900524065, 0.1888037580978284835, 0.2499147371362890058, 0.3105739008191275019, 0.3719591850856455162, 0.4349036618558350109, 0.4993295242592760141, 0.5639128058730299431, 0.6266986950844769533, 0.6882371762077430510, 0.7490786824772840413, 0.8099201887468230332, 0.8720587682248690520, 0.9348446574363149519, 1.000000000000000000 ),
 .UNSPECIFIED. ) ;
#111 = CARTESIAN_POINT ( 'NONE',  ( -39.72134549914265023, 13.86409976713775904, 164.7584479166664835 ) ) ;
#112 = LINE ( 'NONE', #2395, #4250 ) ;
#113 = CARTESIAN_POINT ( 'NONE',  ( -33.04253172564484942, 14.10021797281043909, 153.8228500000000167 ) ) ;
#114 = CARTESIAN_POINT ( 'NONE',  ( -40.64022685699340087, 9.484444398241919316, 151.4518320241120080 ) ) ;
#115 = CARTESIAN_POINT ( 'NONE',  ( -40.48482737780321372, 10.79704364204757638, 146.6058829569574584 ) ) ;
#116 = CARTESIAN_POINT ( 'NONE',  ( -43.38921691196888730, 8.988347039445695685, 154.6663189831664056 ) ) ;
#117 = CARTESIAN_POINT ( 'NONE',  ( -33.63486042078974947, 13.62353217098069891, 155.5618558195045296 ) ) ;
#118 = CARTESIAN_POINT ( 'NONE',  ( -41.02826804918609582, 9.976233364669779391, 148.2418973958332060 ) ) ;
#119 = CARTESIAN_POINT ( 'NONE',  ( -31.89646073972839702, 12.28090397519622101, 153.0550497905122711 ) ) ;
#120 = B_SPLINE_CURVE_WITH_KNOTS ( 'NONE', 3,
 ( #2345, #4538, #1514, #1222, #3870, #4516, #1966, #2431, #4202, #2692, #4159, #937, #587, #2974, #2711 ),
 .UNSPECIFIED., .F., .F.,
 ( 4, 1, 1, 1, 1, 1, 1, 1, 1, 1, 1, 1, 4 ),
 ( 0.000000000000000000, 0.08621767173616749769, 0.1695748194560074973, 0.2513212080089204936, 0.3326286391338085235, 0.4137188378703735014, 0.4949991466973279741, 0.5769630977868960287, 0.6616144346113439489, 0.7470823002075349661, 0.8308828482346459765, 0.9147228534787480436, 1.000000000000000000 ),
 .UNSPECIFIED. ) ;
#121 = CARTESIAN_POINT ( 'NONE',  ( -30.47894912634300013, 11.46096995726328061, 150.2742662320045213 ) ) ;
#122 = CARTESIAN_POINT ( 'NONE',  ( -36.06281035520989775, 16.45681614526365166, 152.9619875000000206 ) ) ;
#123 = CARTESIAN_POINT ( 'NONE',  ( -43.41816820819762768, 11.16207663416721196, 155.3062170518193739 ) ) ;
#124 = ORIENTED_EDGE ( 'NONE', *, *, #627, .F. ) ;
#125 = AXIS2_PLACEMENT_3D ( 'NONE', #2806, #966, #4326 ) ;
#126 = CARTESIAN_POINT ( 'NONE',  ( -41.83584758387290492, 9.149473523077398696, 151.6928903869070098 ) ) ;
#127 = CARTESIAN_POINT ( 'NONE',  ( -35.86309489761289626, 9.787659218207741318, 164.4363104166665153 ) ) ;
#128 = ORIENTED_EDGE ( 'NONE', *, *, #12, .F. ) ;
#129 = CARTESIAN_POINT ( 'NONE',  ( -41.41960136167290329, 9.302597083000780032, 151.9633399622244951 ) ) ;
#130 = ADVANCED_FACE ( 'NONE', ( #94 ), #2349, .T. ) ;
#131 = CARTESIAN_POINT ( 'NONE',  ( -31.63443168826249874, 14.52267381803303792, 151.0219714171105068 ) ) ;
#132 = CARTESIAN_POINT ( 'NONE',  ( -41.32050079834179712, 14.37123347994095823, 155.6800999999999817 ) ) ;
#133 = CARTESIAN_POINT ( 'NONE',  ( -40.76533354725340530, 9.396119904729928862, 150.9599128203610121 ) ) ;
#134 = CARTESIAN_POINT ( 'NONE',  ( -41.44188868650465452, 12.79264685918752953, 150.3331632719652191 ) ) ;
#135 = CARTESIAN_POINT ( 'NONE',  ( -38.76937483896580261, 14.55695129358761974, 161.5212625000000060 ) ) ;
#136 = CARTESIAN_POINT ( 'NONE',  ( -42.03066175635194668, 9.328263328929789822, 151.9602514885659730 ) ) ;
#137 = CARTESIAN_POINT ( 'NONE',  ( -38.81968387101805007, 16.17282305123119812, 151.9519730210389810 ) ) ;
#138 = FACE_OUTER_BOUND ( 'NONE', #2269, .T. ) ;
#139 = ADVANCED_FACE ( 'NONE', ( #2120 ), #1599, .T. ) ;
#140 = CARTESIAN_POINT ( 'NONE',  ( -31.28445631363144841, 10.96071313787820145, 151.8253203283645121 ) ) ;
#141 = CARTESIAN_POINT ( 'NONE',  ( -40.58921466968470781, 11.03416983074252755, 146.8474711461663276 ) ) ;
#142 = CARTESIAN_POINT ( 'NONE',  ( -38.13483718850039850, 15.93721373674334885, 154.9829784193594833 ) ) ;
#143 = CARTESIAN_POINT ( 'NONE',  ( -33.72348706880595159, 14.07501374065589950, 154.9966504668554705 ) ) ;
#144 = CARTESIAN_POINT ( 'NONE',  ( -33.32885328407995473, 14.95568815879129865, 153.1216111111110081 ) ) ;
#145 = CARTESIAN_POINT ( 'NONE',  ( -42.94265954968555832, 11.26847293068146350, 153.8555962141613804 ) ) ;
#146 = ORIENTED_EDGE ( 'NONE', *, *, #2800, .F. ) ;
#147 = CARTESIAN_POINT ( 'NONE',  ( -42.84853258121680142, 9.245336284706519692, 153.2415520833335165 ) ) ;
#148 = CARTESIAN_POINT ( 'NONE',  ( -40.12862021161640058, 9.804592774498338770, 151.0277670269345265 ) ) ;
#149 = ORIENTED_EDGE ( 'NONE', *, *, #2011, .F. ) ;
#150 = CARTESIAN_POINT ( 'NONE',  ( -40.64022685699340087, 9.484444398241910434, 151.4518320241120080 ) ) ;
#151 = CARTESIAN_POINT ( 'NONE',  ( -31.50094828689989512, 14.53539260552093992, 150.7742463709685126 ) ) ;
#152 = CARTESIAN_POINT ( 'NONE',  ( -41.07512883022645411, 13.52817154671359923, 149.7246979166666279 ) ) ;
#153 = CARTESIAN_POINT ( 'NONE',  ( -42.32652054568825406, 13.33547820536750095, 155.2016999999999882 ) ) ;
#154 = CARTESIAN_POINT ( 'NONE',  ( -41.62986192818519982, 9.064018942735890150, 150.2616292158620013 ) ) ;
#155 = EDGE_CURVE ( 'NONE', #1518, #4171, #4351, .T. ) ;
#156 = CARTESIAN_POINT ( 'NONE',  ( -41.16069918815490070, 9.073533589340993188, 148.9834521639495506 ) ) ;
#157 = B_SPLINE_CURVE_WITH_KNOTS ( 'NONE', 3,
 ( #3663, #1816, #1427, #2213, #4017, #732, #2867, #2574, #4342, #1106, #4656, #1053, #1380, #1005, #2504, #4676, #2135, #2595, #374 ),
 .UNSPECIFIED., .F., .F.,
 ( 4, 1, 1, 1, 1, 1, 1, 1, 1, 1, 1, 1, 1, 1, 1, 1, 4 ),
 ( 0.000000000000000000, 0.06457807666956150161, 0.1273618049392171991, 0.1892498309078450014, 0.2496451899320434875, 0.3113080094601959891, 0.3723449477913000072, 0.4354381388662874608, 0.5000162155358230942, 0.5647520833385429873, 0.6276863121715869909, 0.6887688197335779527, 0.7497540717735220461, 0.8107393238135049973, 0.8723299033642389899, 0.9352641321972819943, 1.000000000000000000 ),
 .UNSPECIFIED. ) ;
#158 = CARTESIAN_POINT ( 'NONE',  ( -39.36600242186180054, 14.48987333725191995, 162.1799166666665144 ) ) ;
#159 = CARTESIAN_POINT ( 'NONE',  ( -40.79150280666495121, 14.49155754190602075, 151.1517626486169945 ) ) ;
#160 = CARTESIAN_POINT ( 'NONE',  ( -40.19432849306270583, 9.827758185317680528, 146.2254225900066160 ) ) ;
#161 = EDGE_CURVE ( 'NONE', #3391, #1906, #1304, .T. ) ;
#162 = CARTESIAN_POINT ( 'NONE',  ( -38.04219059699690320, 10.28470113637406058, 151.6306151080640063 ) ) ;
#163 = CARTESIAN_POINT ( 'NONE',  ( -40.08805171290575231, 9.339429256783370548, 146.2677119240996149 ) ) ;
#164 = CARTESIAN_POINT ( 'NONE',  ( -40.09141181652584862, 9.817452287355299845, 151.0439025416119989 ) ) ;
#165 = CARTESIAN_POINT ( 'NONE',  ( -39.59797571359255386, 9.854418147603428935, 151.9985842639595148 ) ) ;
#166 = CARTESIAN_POINT ( 'NONE',  ( -30.48533793272719805, 11.09071706212349895, 150.2079015557179957 ) ) ;
#167 = CARTESIAN_POINT ( 'NONE',  ( -34.88793174350760040, 14.87163196978105972, 155.4033000000000015 ) ) ;
#168 = CARTESIAN_POINT ( 'NONE',  ( -43.94155627704667211, 9.534925718382995186, 156.0166185839188699 ) ) ;
#169 = ORIENTED_EDGE ( 'NONE', *, *, #3904, .T. ) ;
#170 = CARTESIAN_POINT ( 'NONE',  ( -44.16166181240220112, 8.817230096546810003, 156.4854333333335035 ) ) ;
#171 = CARTESIAN_POINT ( 'NONE',  ( -38.74911117473489242, 16.15220893745499708, 153.5911464049284803 ) ) ;
#172 = CARTESIAN_POINT ( 'NONE',  ( -45.61797939101860067, 10.41367587859929955, 161.1140333333334809 ) ) ;
#173 = ORIENTED_EDGE ( 'NONE', *, *, #2669, .T. ) ;
#174 = LINE ( 'NONE', #1648, #4175 ) ;
#175 = CARTESIAN_POINT ( 'NONE',  ( -30.72577878364670312, 12.38840656888614156, 150.6787568131769888 ) ) ;
#176 = CARTESIAN_POINT ( 'NONE',  ( -40.89113242419090000, 14.37168370083043989, 151.1793189236109924 ) ) ;
#177 = CARTESIAN_POINT ( 'NONE',  ( -39.67265830366854829, 9.700630987097680347, 148.6866110189102130 ) ) ;
#178 = CARTESIAN_POINT ( 'NONE',  ( -41.01580930816556503, 9.077926175800852704, 148.6028336031192794 ) ) ;
#179 = CARTESIAN_POINT ( 'NONE',  ( -40.02189378951064924, 13.96899794757911906, 164.4112976562500137 ) ) ;
#180 = CARTESIAN_POINT ( 'NONE',  ( -38.97036916254109684, 10.06883342229675904, 152.2465719039654743 ) ) ;
#181 = CARTESIAN_POINT ( 'NONE',  ( -35.19610377564824688, 14.06620121909766752, 157.3323860949760729 ) ) ;
#182 = CARTESIAN_POINT ( 'NONE',  ( -41.78828889778309730, 10.07458825484881970, 150.3478013312579833 ) ) ;
#183 = CARTESIAN_POINT ( 'NONE',  ( -32.69454969802718125, 12.21657558217937201, 154.7620103190141094 ) ) ;
#184 = CARTESIAN_POINT ( 'NONE',  ( -31.44212071731839586, 13.68267951643484004, 151.4056249999999864 ) ) ;
#185 = CARTESIAN_POINT ( 'NONE',  ( -36.82821089099654444, 12.60950555561644038, 164.1086520833335101 ) ) ;
#186 = CARTESIAN_POINT ( 'NONE',  ( -37.43290859505174950, 16.58275024410220055, 152.4073874999999987 ) ) ;
#187 = CARTESIAN_POINT ( 'NONE',  ( -41.60876316207159675, 9.185237996280259054, 150.1368750279200128 ) ) ;
#188 = EDGE_CURVE ( 'NONE', #3312, #3635, #2443, .T. ) ;
#189 = B_SPLINE_CURVE_WITH_KNOTS ( 'NONE', 3,
 ( #4673, #2864, #2158, #1813, #4311, #1023, #705 ),
 .UNSPECIFIED., .F., .F.,
 ( 4, 3, 4 ),
 ( 0.000000000000000000, 9.884597641565119293E-05, 0.0001796760686204280032 ),
 .UNSPECIFIED. ) ;
#190 = CARTESIAN_POINT ( 'NONE',  ( -35.58827458419920475, 15.02424119429070082, 156.0651208333335092 ) ) ;
#191 = CARTESIAN_POINT ( 'NONE',  ( -42.95480034265138869, 11.29234221461941168, 153.9104506359655886 ) ) ;
#192 = ORIENTED_EDGE ( 'NONE', *, *, #1123, .T. ) ;
#193 = LINE ( 'NONE', #4599, #4110 ) ;
#194 = CARTESIAN_POINT ( 'NONE',  ( -42.81330197460929554, 10.79447578966820487, 153.2278051539547619 ) ) ;
#195 = CARTESIAN_POINT ( 'NONE',  ( -32.82815379966389457, 13.73300665217345617, 153.7314245751759074 ) ) ;
#196 = AXIS2_PLACEMENT_3D ( 'NONE', #708, #4365, #1078 ) ;
#197 = EDGE_LOOP ( 'NONE', ( #2125, #3179, #2791, #3914, #3842 ) ) ;
#198 = CARTESIAN_POINT ( 'NONE',  ( -35.18727640588029715, 12.88216034906736596, 159.4738300226430852 ) ) ;
#199 = CARTESIAN_POINT ( 'NONE',  ( -41.98320595985315151, 9.262059742353780933, 153.2162601293985063 ) ) ;
#200 = VECTOR ( 'NONE', #4079, 999.9999999999998863 ) ;
#201 = CARTESIAN_POINT ( 'NONE',  ( -39.76407227437834990, 15.34837638675325167, 149.1362095717310012 ) ) ;
#202 = CARTESIAN_POINT ( 'NONE',  ( -40.47604282881628990, 9.102975839514405365, 147.2692079167529471 ) ) ;
#203 = CARTESIAN_POINT ( 'NONE',  ( -34.01163389791280878, 13.25034525174761946, 156.4756354166665062 ) ) ;
#204 = CARTESIAN_POINT ( 'NONE',  ( -34.34727221721779955, 15.42728884966260061, 153.6976500753359858 ) ) ;
#205 = CARTESIAN_POINT ( 'NONE',  ( -34.24645959036860177, 13.55445762578158053, 156.5018440708385015 ) ) ;
#206 = CARTESIAN_POINT ( 'NONE',  ( -42.71180054156869943, 10.05195239224140025, 152.8258708623005191 ) ) ;
#207 = CARTESIAN_POINT ( 'NONE',  ( -31.29279761527204684, 14.32544321443464064, 150.6061805419089978 ) ) ;
#208 = LINE ( 'NONE', #987, #3275 ) ;
#209 = CARTESIAN_POINT ( 'NONE',  ( -41.10595632668155730, 13.88445972760540137, 150.6114000000000033 ) ) ;
#210 = DIRECTION ( 'NONE',  ( -0.2867769709712604254, 0.9529542020951187187, -0.09816953514102255696 ) ) ;
#211 = CARTESIAN_POINT ( 'NONE',  ( -40.18293971131600273, 10.04689032590916042, 153.5384853573085024 ) ) ;
#212 = CARTESIAN_POINT ( 'NONE',  ( -39.66500117507029444, 9.761569843472759800, 151.2930820665749820 ) ) ;
#213 = EDGE_CURVE ( 'NONE', #3957, #1398, #4730, .T. ) ;
#214 = CARTESIAN_POINT ( 'NONE',  ( -34.65364668060899334, 14.18020036907394044, 156.2552939236110205 ) ) ;
#215 = CARTESIAN_POINT ( 'NONE',  ( -30.55288079338890128, 11.14445694676726006, 150.3539979488384972 ) ) ;
#216 = EDGE_LOOP ( 'NONE', ( #4357, #2966, #4106, #173, #1425, #4507, #1210, #1833, #4086, #3691, #3079 ) ) ;
#217 = CARTESIAN_POINT ( 'NONE',  ( -41.48977315991319870, 9.073541804799988952, 149.8709617808709993 ) ) ;
#218 = CARTESIAN_POINT ( 'NONE',  ( -41.69843650254485112, 9.062388599040980708, 150.4461260235537168 ) ) ;
#219 = CARTESIAN_POINT ( 'NONE',  ( -40.96165098467249521, 10.13206334387860075, 148.0008354166666038 ) ) ;
#220 = PLANE ( 'NONE',  #1737 ) ;
#221 = ORIENTED_EDGE ( 'NONE', *, *, #1634, .T. ) ;
#222 = DIRECTION ( 'NONE',  ( 0.000000000000000000, -0.7585504031575242001, 0.6516143689864102306 ) ) ;
#223 = CARTESIAN_POINT ( 'NONE',  ( -42.05113946720810247, 9.221539626494930530, 153.0213722837665102 ) ) ;
#224 = CARTESIAN_POINT ( 'NONE',  ( -41.02049986428379924, 9.329458183977790142, 148.4717166666665946 ) ) ;
#225 = CARTESIAN_POINT ( 'NONE',  ( -41.25387430402634692, 14.31912655088814113, 153.4517151041665102 ) ) ;
#226 = CARTESIAN_POINT ( 'NONE',  ( -39.18535261755674526, 10.11537490326761990, 153.3263794404784903 ) ) ;
#227 = CARTESIAN_POINT ( 'NONE',  ( -34.37619359976135058, 13.49105147293691864, 156.8181326388889829 ) ) ;
#228 = CARTESIAN_POINT ( 'NONE',  ( -41.16748219787615426, 9.803306926299889312, 154.0500522889210231 ) ) ;
#229 = CARTESIAN_POINT ( 'NONE',  ( -34.73059486069462309, 13.90159896025395803, 156.8288819069537965 ) ) ;
#230 = CARTESIAN_POINT ( 'NONE',  ( -41.69539448508995605, 9.286121470813101908, 150.3173901984563656 ) ) ;
#231 = B_SPLINE_CURVE_WITH_KNOTS ( 'NONE', 3,
 ( #3980, #2227, #3360, #2949, #764, #2927, #4380, #363, #45, #2586, #68, #3335, #4024, #3676, #4006, #698, #342, #2174, #4407 ),
 .UNSPECIFIED., .F., .F.,
 ( 4, 1, 1, 1, 1, 1, 1, 1, 1, 1, 1, 1, 1, 1, 1, 1, 4 ),
 ( 0.000000000000000000, 0.06373568578189550693, 0.1252514892284154191, 0.1859002543788650097, 0.2455328042205625061, 0.3056748104573699942, 0.3660953455038309934, 0.4279517697594674708, 0.4917325994632810171, 0.5557926114094899894, 0.6187558984627989922, 0.6806123227184389668, 0.7422714472140879982, 0.8043724559978029376, 0.8678214843840960091, 0.9329671225891329467, 1.000000000000000000 ),
 .UNSPECIFIED. ) ;
#232 = CARTESIAN_POINT ( 'NONE',  ( -30.91180407010304876, 13.24288016494272036, 150.7069812500000126 ) ) ;
#233 = CARTESIAN_POINT ( 'NONE',  ( -34.22578909897414690, 13.56459973510019879, 156.4509503472220047 ) ) ;
#234 = CARTESIAN_POINT ( 'NONE',  ( -45.96470788333749624, 9.644115176247639809, 161.2947458333335078 ) ) ;
#235 = CARTESIAN_POINT ( 'NONE',  ( -40.50746022308608474, 15.11564938809542902, 152.8846037713418866 ) ) ;
#236 = DIRECTION ( 'NONE',  ( 0.3656150866411352895, 0.01415353698374996298, -0.9306585226662058563 ) ) ;
#237 = CARTESIAN_POINT ( 'NONE',  ( -39.59687755028755163, 10.15616302862711962, 152.8871911445019975 ) ) ;
#238 = CARTESIAN_POINT ( 'NONE',  ( -39.95765389155175029, 9.653266760158640380, 151.0966685994305010 ) ) ;
#239 = B_SPLINE_CURVE_WITH_KNOTS ( 'NONE', 3,
 ( #3867, #2030, #3462, #582, #4603, #2727, #632, #2817, #2105, #2387 ),
 .UNSPECIFIED., .F., .F.,
 ( 4, 2, 2, 2, 4 ),
 ( 0.000000000000000000, 0.2500000000000000000, 0.5000000000000000000, 0.7500000000000000000, 1.000000000000000000 ),
 .UNSPECIFIED. ) ;
#240 = DIRECTION ( 'NONE',  ( -0.3656150866411370104, -0.01415353698375004451, 0.9306585226662051902 ) ) ;
#241 = CARTESIAN_POINT ( 'NONE',  ( -30.58643442780084953, 12.63390582799831918, 150.3921500000000151 ) ) ;
#242 = CARTESIAN_POINT ( 'NONE',  ( -31.91692887409375246, 10.44096974445471915, 153.0445069444444925 ) ) ;
#243 = ORIENTED_EDGE ( 'NONE', *, *, #4091, .F. ) ;
#244 = CARTESIAN_POINT ( 'NONE',  ( -36.40141588327280431, 16.56132320436954686, 152.3706592541270197 ) ) ;
#245 = CARTESIAN_POINT ( 'NONE',  ( -40.25861340681694855, 9.945811169297149590, 146.3054083333331903 ) ) ;
#246 = CARTESIAN_POINT ( 'NONE',  ( -41.21493903100829925, 9.145198714681448848, 149.0827000000000169 ) ) ;
#247 = ORIENTED_EDGE ( 'NONE', *, *, #2410, .F. ) ;
#248 = CARTESIAN_POINT ( 'NONE',  ( -31.61901815071344757, 14.40447456239460067, 151.1079762613079822 ) ) ;
#249 = EDGE_CURVE ( 'NONE', #950, #2787, #3693, .T. ) ;
#250 = CARTESIAN_POINT ( 'NONE',  ( -41.35798131686280499, 9.737286048320759946, 153.9656665090694787 ) ) ;
#251 = CARTESIAN_POINT ( 'NONE',  ( -39.78213350319704489, 9.772837275048228634, 151.7446294887560043 ) ) ;
#252 = CARTESIAN_POINT ( 'NONE',  ( -40.72475337313264987, 9.278735187684072017, 147.7409666666665942 ) ) ;
#253 = CARTESIAN_POINT ( 'NONE',  ( -41.26937329912635022, 9.706348550599090075, 153.4065036556694963 ) ) ;
#254 = CARTESIAN_POINT ( 'NONE',  ( -33.27438269514539826, 10.48301477740312038, 156.3315381944445051 ) ) ;
#255 = CARTESIAN_POINT ( 'NONE',  ( -35.54442110164934121, 13.68792303003820443, 158.7199652506618293 ) ) ;
#256 = CARTESIAN_POINT ( 'NONE',  ( -40.60869526293934939, 14.49863431099259969, 150.6864333857945155 ) ) ;
#257 = CARTESIAN_POINT ( 'NONE',  ( -32.91891273606189827, 14.83824801513565816, 152.6957687500000134 ) ) ;
#258 = CARTESIAN_POINT ( 'NONE',  ( -34.24863871787950131, 13.69267251507437955, 156.3195336805555087 ) ) ;
#259 = CARTESIAN_POINT ( 'NONE',  ( -37.94617992408115015, 16.22249447395514821, 153.7195208333335188 ) ) ;
#260 = CARTESIAN_POINT ( 'NONE',  ( -42.85302622358114633, 11.44304033539780008, 153.6339208333334909 ) ) ;
#261 = CARTESIAN_POINT ( 'NONE',  ( -40.91461332497694769, 14.22975964112190006, 150.7244562500000029 ) ) ;
#262 = CARTESIAN_POINT ( 'NONE',  ( -31.26836453363755197, 14.26531774536874053, 150.6141119552384851 ) ) ;
#263 = CARTESIAN_POINT ( 'NONE',  ( -39.77836212973869578, 9.935312500930729485, 153.3107966908669937 ) ) ;
#264 = CARTESIAN_POINT ( 'NONE',  ( -37.27438012025365310, 15.82446848653419913, 155.4934462687824919 ) ) ;
#265 = CARTESIAN_POINT ( 'NONE',  ( -41.64814779125779864, 9.292051965194390917, 150.1909340230990040 ) ) ;
#266 = CARTESIAN_POINT ( 'NONE',  ( -43.95553848684715348, 9.322608422007292006, 156.0126371779151384 ) ) ;
#267 = ORIENTED_EDGE ( 'NONE', *, *, #4670, .T. ) ;
#268 = CARTESIAN_POINT ( 'NONE',  ( -41.45691328510714868, 8.817627399374510233, 149.9371263938807886 ) ) ;
#269 = CARTESIAN_POINT ( 'NONE',  ( -35.36187892819864942, 15.66533558063159681, 154.3771836177320154 ) ) ;
#270 = CARTESIAN_POINT ( 'NONE',  ( -40.88293071093470132, 11.84288511945780087, 147.7680131944444213 ) ) ;
#271 = CARTESIAN_POINT ( 'NONE',  ( -40.10172997830949981, 9.374753527335778713, 148.8139578634986151 ) ) ;
#272 = ORIENTED_EDGE ( 'NONE', *, *, #2355, .F. ) ;
#273 = CARTESIAN_POINT ( 'NONE',  ( -33.24360045890424686, 13.14284807227009999, 155.1710004988414937 ) ) ;
#274 = CARTESIAN_POINT ( 'NONE',  ( -42.03066175635194668, 9.328263328929789822, 151.9602514885659730 ) ) ;
#275 = CARTESIAN_POINT ( 'NONE',  ( -30.92073572731209907, 13.90129447365764115, 150.2820275155534944 ) ) ;
#276 = FACE_OUTER_BOUND ( 'NONE', #1936, .T. ) ;
#277 = VECTOR ( 'NONE', #605, 1000.000000000000000 ) ;
#278 = CARTESIAN_POINT ( 'NONE',  ( -41.21201790493204697, 9.515757710180068329, 153.4261375626980168 ) ) ;
#279 = EDGE_CURVE ( 'NONE', #441, #4409, #2740, .T. ) ;
#280 = CARTESIAN_POINT ( 'NONE',  ( -35.58104284552344865, 12.88179041655581969, 160.4485687499999926 ) ) ;
#281 = VERTEX_POINT ( 'NONE', #3637 ) ;
#282 = CARTESIAN_POINT ( 'NONE',  ( -39.55312325959584996, 9.878187542062100590, 152.0982943564920049 ) ) ;
#283 = VECTOR ( 'NONE', #3021, 1000.000000000000000 ) ;
#284 = CARTESIAN_POINT ( 'NONE',  ( -34.40240594078314729, 13.89470549030670021, 156.2978427083334907 ) ) ;
#285 = EDGE_CURVE ( 'NONE', #4067, #950, #3346, .T. ) ;
#286 = CARTESIAN_POINT ( 'NONE',  ( -34.95179898249049444, 14.02634159080414022, 157.0012499999999989 ) ) ;
#287 = CARTESIAN_POINT ( 'NONE',  ( -37.19495261299824307, 16.75603772509935041, 151.8090472222220058 ) ) ;
#288 = CARTESIAN_POINT ( 'NONE',  ( -44.60205815910875060, 11.40848657970209956, 159.2096999999999980 ) ) ;
#289 = CARTESIAN_POINT ( 'NONE',  ( -33.45205287746914991, 13.63060893947255892, 155.0965265581714903 ) ) ;
#290 = CARTESIAN_POINT ( 'NONE',  ( -37.95997166940340151, 16.34851213291714700, 153.0172833333334950 ) ) ;
#291 = CARTESIAN_POINT ( 'NONE',  ( -38.04219059699455130, 10.28470113637412098, 151.6306151080580094 ) ) ;
#292 = CARTESIAN_POINT ( 'NONE',  ( -40.32818171193454759, 9.802694376981978763, 153.6295981991650024 ) ) ;
#293 = CARTESIAN_POINT ( 'NONE',  ( -35.51895309550379665, 16.90999027306240166, 151.5121948176465025 ) ) ;
#294 = CARTESIAN_POINT ( 'NONE',  ( -41.20905532020604767, 9.650520340537569908, 148.8449625000000083 ) ) ;
#295 = CARTESIAN_POINT ( 'NONE',  ( -32.19644939105723580, 14.19871703210240454, 152.2914996777680869 ) ) ;
#296 = FACE_OUTER_BOUND ( 'NONE', #4369, .T. ) ;
#297 = ORIENTED_EDGE ( 'NONE', *, *, #567, .F. ) ;
#298 = CARTESIAN_POINT ( 'NONE',  ( -38.91026968478719539, 16.20497409926899834, 150.4481499999999983 ) ) ;
#299 = CARTESIAN_POINT ( 'NONE',  ( -37.34085450762599834, 16.57846039736465116, 152.5391094579770197 ) ) ;
#300 = CARTESIAN_POINT ( 'NONE',  ( -45.03130469749640241, 8.162019024247777921, 158.5765749999999912 ) ) ;
#301 = CARTESIAN_POINT ( 'NONE',  ( -40.83596550141980686, 10.17648586472209971, 147.6332666666666000 ) ) ;
#302 = CARTESIAN_POINT ( 'NONE',  ( -41.42887983336567714, 10.35266401587707463, 149.3065915117733198 ) ) ;
#303 = ORIENTED_EDGE ( 'NONE', *, *, #3330, .T. ) ;
#304 = CARTESIAN_POINT ( 'NONE',  ( -41.75747422029019873, 13.84561805346425878, 154.2018929687500020 ) ) ;
#305 = CARTESIAN_POINT ( 'NONE',  ( -40.26525970947630384, 9.758368092941701377, 150.9782104795635007 ) ) ;
#306 = CARTESIAN_POINT ( 'NONE',  ( -41.06108560337684565, 9.575851537445650763, 148.4758999999999958 ) ) ;
#307 = CARTESIAN_POINT ( 'NONE',  ( -41.12899376999539669, 9.547000779682360161, 153.4868876154035320 ) ) ;
#308 = CARTESIAN_POINT ( 'NONE',  ( -34.73795569789965043, 12.49703874642812096, 158.9489499999999964 ) ) ;
#309 = ORIENTED_EDGE ( 'NONE', *, *, #3204, .F. ) ;
#310 = EDGE_CURVE ( 'NONE', #3550, #1214, #330, .T. ) ;
#311 = CARTESIAN_POINT ( 'NONE',  ( -35.61466654254630271, 16.27692638253234847, 153.2126675615280078 ) ) ;
#312 = CARTESIAN_POINT ( 'NONE',  ( -36.94035589496049710, 14.17161522485072034, 160.2880999999999858 ) ) ;
#313 = CARTESIAN_POINT ( 'NONE',  ( -45.11944086382940355, 11.19221281839031867, 160.7030999999999779 ) ) ;
#314 = CARTESIAN_POINT ( 'NONE',  ( -40.55926376662329602, 14.42332889278575969, 149.5971995351218027 ) ) ;
#315 = EDGE_CURVE ( 'NONE', #1398, #4443, #897, .T. ) ;
#316 = CARTESIAN_POINT ( 'NONE',  ( -39.04349417759910068, 10.23117218614835977, 151.9987554864875108 ) ) ;
#317 = CARTESIAN_POINT ( 'NONE',  ( -41.03068287632020628, 9.792726352215460395, 153.5477203024219932 ) ) ;
#318 = CARTESIAN_POINT ( 'NONE',  ( -42.70424897563544420, 8.738221752493771532, 153.1098210069445145 ) ) ;
#319 = CARTESIAN_POINT ( 'NONE',  ( -42.12905484008000201, 11.93470653651477953, 151.6619200254025088 ) ) ;
#320 = CARTESIAN_POINT ( 'NONE',  ( -43.92016472591915033, 8.959601517313240393, 155.9385540766415090 ) ) ;
#321 = EDGE_LOOP ( 'NONE', ( #1664, #928, #581 ) ) ;
#322 = CARTESIAN_POINT ( 'NONE',  ( -39.14964000716669545, 15.75364084320084856, 154.4187708333334967 ) ) ;
#323 = CARTESIAN_POINT ( 'NONE',  ( -41.49221301534660000, 9.023696859658629776, 149.9046831379649802 ) ) ;
#324 = ORIENTED_EDGE ( 'NONE', *, *, #3470, .F. ) ;
#325 = DIRECTION ( 'NONE',  ( -0.8854855037440999554, -0.3027836952349064470, -0.3524733416287719745 ) ) ;
#326 = CARTESIAN_POINT ( 'NONE',  ( -40.17569684992270140, 12.19316414299184004, 145.8201079861109974 ) ) ;
#327 = CARTESIAN_POINT ( 'NONE',  ( -36.08927122051830594, 16.44001907488319958, 153.0286964452345160 ) ) ;
#328 = EDGE_LOOP ( 'NONE', ( #1421, #3823, #365, #3996, #1110, #1957, #3650, #3415, #3276, #3190, #378 ) ) ;
#329 = FACE_OUTER_BOUND ( 'NONE', #4382, .T. ) ;
#330 = LINE ( 'NONE', #4035, #3496 ) ;
#331 = FACE_OUTER_BOUND ( 'NONE', #2029, .T. ) ;
#332 = CARTESIAN_POINT ( 'NONE',  ( -39.98708779123780488, 10.15565780212079972, 154.0221853467194819 ) ) ;
#333 = CARTESIAN_POINT ( 'NONE',  ( -34.75450436515409791, 11.92900959915082026, 159.6949999999999932 ) ) ;
#334 = ORIENTED_EDGE ( 'NONE', *, *, #2140, .F. ) ;
#335 = CARTESIAN_POINT ( 'NONE',  ( -34.54227936966505297, 15.59705770232329947, 153.6236221418620005 ) ) ;
#336 = CARTESIAN_POINT ( 'NONE',  ( -36.91819154627260247, 12.98009795974409997, 163.4467999999999961 ) ) ;
#337 = CARTESIAN_POINT ( 'NONE',  ( -41.42923020729764971, 10.70899262792873863, 149.2764333333332161 ) ) ;
#338 = PLANE ( 'NONE',  #431 ) ;
#339 = CARTESIAN_POINT ( 'NONE',  ( -41.65857801523015524, 9.502713174617229086, 152.5667295083570139 ) ) ;
#340 = CARTESIAN_POINT ( 'NONE',  ( -39.15982809539760012, 10.31086785985520038, 153.1122192057380005 ) ) ;
#341 = CARTESIAN_POINT ( 'NONE',  ( -42.13648699985179746, 12.65360456897660058, 152.2071873042079915 ) ) ;
#342 = CARTESIAN_POINT ( 'NONE',  ( -41.96885366465650691, 9.331576549480811167, 151.8118572861235123 ) ) ;
#343 = EDGE_CURVE ( 'NONE', #3056, #1402, #2181, .T. ) ;
#344 = CARTESIAN_POINT ( 'NONE',  ( -31.41642257769800040, 10.68355758595913940, 152.0105996527779837 ) ) ;
#345 = CARTESIAN_POINT ( 'NONE',  ( -32.49017110541169728, 13.74311616732264163, 153.2733305555555035 ) ) ;
#346 = EDGE_LOOP ( 'NONE', ( #3945, #3653, #1555, #3702, #1530 ) ) ;
#347 = ORIENTED_EDGE ( 'NONE', *, *, #3066, .F. ) ;
#348 = CARTESIAN_POINT ( 'NONE',  ( -35.56982584656185509, 16.77167690286240287, 151.9063987078079947 ) ) ;
#349 = CARTESIAN_POINT ( 'NONE',  ( -34.85527026768997416, 15.11443776866533995, 155.1050839165535820 ) ) ;
#350 = CARTESIAN_POINT ( 'NONE',  ( -41.40452206877490227, 10.51697842352738022, 149.2254144288345117 ) ) ;
#351 = ORIENTED_EDGE ( 'NONE', *, *, #4687, .T. ) ;
#352 = CARTESIAN_POINT ( 'NONE',  ( -33.79144213229015037, 15.07012067999999338, 153.3733256095142679 ) ) ;
#353 = CARTESIAN_POINT ( 'NONE',  ( -40.96198415177300234, 9.547714950965998426, 150.9686528131704790 ) ) ;
#354 = B_SPLINE_CURVE_WITH_KNOTS ( 'NONE', 3,
 ( #1248, #3751, #2020, #4189, #3474, #458 ),
 .UNSPECIFIED., .F., .F.,
 ( 4, 1, 1, 4 ),
 ( 0.6054248181008999863, 0.6666666665991489715, 0.8333333332995750409, 1.000000000000000000 ),
 .UNSPECIFIED. ) ;
#355 = CARTESIAN_POINT ( 'NONE',  ( -41.47163530555955191, 9.404496263237010822, 153.1045024282660165 ) ) ;
#356 = CARTESIAN_POINT ( 'NONE',  ( -35.78314333386420287, 12.77470424476097932, 161.2103437500000211 ) ) ;
#357 = EDGE_LOOP ( 'NONE', ( #2358, #631, #3507, #3614, #4696 ) ) ;
#358 = CARTESIAN_POINT ( 'NONE',  ( -30.92073572731209907, 13.90129447365764115, 150.2820275155534944 ) ) ;
#359 = CARTESIAN_POINT ( 'NONE',  ( -35.27123674849634938, 13.04733241459241988, 159.3713227205475107 ) ) ;
#360 = CARTESIAN_POINT ( 'NONE',  ( -41.30342519255655276, 10.77094746621054000, 148.9086749999999881 ) ) ;
#361 = CARTESIAN_POINT ( 'NONE',  ( -41.78076894755770354, 9.528076093335180019, 150.4343273453854977 ) ) ;
#362 = CARTESIAN_POINT ( 'NONE',  ( -40.99443700654175160, 9.726315284611178669, 148.2338824652777873 ) ) ;
#363 = CARTESIAN_POINT ( 'NONE',  ( -40.96198415177300234, 9.547714950965998426, 150.9686528131704790 ) ) ;
#364 = CARTESIAN_POINT ( 'NONE',  ( -33.59515392803794498, 12.60246031414910028, 156.3804979166665134 ) ) ;
#365 = ORIENTED_EDGE ( 'NONE', *, *, #2171, .F. ) ;
#366 = CARTESIAN_POINT ( 'NONE',  ( -37.64497416017655240, 16.34733159736649810, 154.0278810569255086 ) ) ;
#367 = EDGE_CURVE ( 'NONE', #1357, #1031, #157, .T. ) ;
#368 = CARTESIAN_POINT ( 'NONE',  ( -32.80454976278669932, 15.17426641888859962, 152.0724099838325003 ) ) ;
#369 = CARTESIAN_POINT ( 'NONE',  ( -40.47175208572330263, 10.76346990712987761, 146.5785757493705717 ) ) ;
#370 = CARTESIAN_POINT ( 'NONE',  ( -31.44216499400529585, 12.31765687333542125, 152.0847107843494825 ) ) ;
#371 = CARTESIAN_POINT ( 'NONE',  ( -41.07966799372183431, 11.31770772244191470, 148.2850496317788043 ) ) ;
#372 = VERTEX_POINT ( 'NONE', #1841 ) ;
#373 = CARTESIAN_POINT ( 'NONE',  ( -41.23102259406365278, 13.97369142578000023, 151.4319749999999942 ) ) ;
#374 = CARTESIAN_POINT ( 'NONE',  ( -41.51632894884700420, 9.293953034396698953, 152.1619948910755227 ) ) ;
#375 = CARTESIAN_POINT ( 'NONE',  ( -33.87076281985004300, 13.11516985454136197, 156.3579207984583093 ) ) ;
#376 = CARTESIAN_POINT ( 'NONE',  ( -40.80677994983510359, 14.48183551618326170, 151.1979004575879912 ) ) ;
#377 = CARTESIAN_POINT ( 'NONE',  ( -33.69238627026975053, 10.33700663903359995, 157.2821000000000140 ) ) ;
#378 = ORIENTED_EDGE ( 'NONE', *, *, #1328, .T. ) ;
#379 = CARTESIAN_POINT ( 'NONE',  ( -40.93912140214280271, 14.65131684285703884, 155.1475076388890102 ) ) ;
#380 = CARTESIAN_POINT ( 'NONE',  ( -35.00426793040929851, 14.54553562678517942, 156.1911374999999964 ) ) ;
#381 = CARTESIAN_POINT ( 'NONE',  ( -41.68477082856064442, 9.240973437511859956, 150.3121999912085016 ) ) ;
#382 = DIRECTION ( 'NONE',  ( 0.000000000000000000, -0.6435884971928915732, -0.7653717046514035838 ) ) ;
#383 = SURFACE_STYLE_USAGE ( .BOTH. , #3358 ) ;
#384 = CARTESIAN_POINT ( 'NONE',  ( -42.94239580474025075, 8.668209050598790100, 153.7136451388890066 ) ) ;
#385 = CARTESIAN_POINT ( 'NONE',  ( -42.77875609125459988, 9.129592125491740262, 153.1166927083334883 ) ) ;
#386 = CARTESIAN_POINT ( 'NONE',  ( -36.52180952678510550, 17.02439405075634937, 151.1073518307449888 ) ) ;
#387 = CARTESIAN_POINT ( 'NONE',  ( -31.32127857659051884, 14.30693597773516146, 150.6721841875637153 ) ) ;
#388 = VERTEX_POINT ( 'NONE', #686 ) ;
#389 = CARTESIAN_POINT ( 'NONE',  ( -41.36592657154979946, 8.996703340415249883, 149.5759208333332140 ) ) ;
#390 = CARTESIAN_POINT ( 'NONE',  ( -31.51279227411355066, 14.41794255854719964, 150.9082159634054960 ) ) ;
#391 = CARTESIAN_POINT ( 'NONE',  ( -40.49370764859689587, 9.735786935820200938, 151.4263617250115033 ) ) ;
#392 = DIRECTION ( 'NONE',  ( 0.3656150866411370104, 0.01415353698374996472, -0.9306585226662051902 ) ) ;
#393 = CARTESIAN_POINT ( 'NONE',  ( -39.04615565559540613, 10.12105020606950134, 152.9748428928425312 ) ) ;
#394 = EDGE_LOOP ( 'NONE', ( #3602, #1796, #1807, #4437 ) ) ;
#395 = CARTESIAN_POINT ( 'NONE',  ( -41.21702162320885066, 14.21684259336264056, 152.4600861111109964 ) ) ;
#396 = CARTESIAN_POINT ( 'NONE',  ( -36.08927121879955280, 16.44001907494974901, 153.0286964408595054 ) ) ;
#397 = FACE_OUTER_BOUND ( 'NONE', #1760, .T. ) ;
#398 = CARTESIAN_POINT ( 'NONE',  ( -42.77569375015947628, 10.56583583067199505, 153.0566193491860645 ) ) ;
#399 = CARTESIAN_POINT ( 'NONE',  ( -36.50678488120394860, 12.22055993786875838, 164.1169513888890208 ) ) ;
#400 = ADVANCED_FACE ( 'NONE', ( #660 ), #1250, .T. ) ;
#401 = CARTESIAN_POINT ( 'NONE',  ( -41.61178608176544458, 9.483891861330489448, 152.2473361396770031 ) ) ;
#402 = CARTESIAN_POINT ( 'NONE',  ( -37.61583543466200297, 13.13014330398709895, 164.5704833333334989 ) ) ;
#403 = CARTESIAN_POINT ( 'NONE',  ( -41.11234373815254628, 9.945208380714600338, 148.4868296875000055 ) ) ;
#404 = CARTESIAN_POINT ( 'NONE',  ( -42.78026119033344798, 8.853385722114969880, 153.2311981770835132 ) ) ;
#405 = CARTESIAN_POINT ( 'NONE',  ( -38.13491101910265257, 16.27868633300074919, 153.8343623000164939 ) ) ;
#406 = CARTESIAN_POINT ( 'NONE',  ( -43.55122557177379861, 10.42258489343775985, 155.2278000000000020 ) ) ;
#407 = CARTESIAN_POINT ( 'NONE',  ( -43.34715926312679102, 8.990465446039722863, 154.5640128507717179 ) ) ;
#408 = CARTESIAN_POINT ( 'NONE',  ( -41.56512620132384939, 9.065104193637438357, 150.0830552699815144 ) ) ;
#409 = CARTESIAN_POINT ( 'NONE',  ( -41.55681793741430141, 10.64067063524093903, 149.6437250000000176 ) ) ;
#410 = ORIENTED_EDGE ( 'NONE', *, *, #1786, .F. ) ;
#411 = FACE_OUTER_BOUND ( 'NONE', #3844, .T. ) ;
#412 = CARTESIAN_POINT ( 'NONE',  ( -32.91397860061389480, 15.12329611001210061, 152.3021642278309855 ) ) ;
#413 = CARTESIAN_POINT ( 'NONE',  ( -42.89918676771595329, 9.903242544436439587, 153.2913958333335245 ) ) ;
#414 = CARTESIAN_POINT ( 'NONE',  ( -38.97954240258280123, 10.10585488576449897, 152.6327449984800069 ) ) ;
#415 = ORIENTED_EDGE ( 'NONE', *, *, #1273, .T. ) ;
#416 = CARTESIAN_POINT ( 'NONE',  ( -41.40611746256669790, 13.46613539734456033, 150.8767124999999965 ) ) ;
#417 = CARTESIAN_POINT ( 'NONE',  ( -37.27293155554408344, 16.29737190960445048, 154.1732805558218331 ) ) ;
#418 = DIRECTION ( 'NONE',  ( -0.3238696751739559287, 0.000000000000000000, 0.9461017035724627045 ) ) ;
#419 = CARTESIAN_POINT ( 'NONE',  ( -35.76303033063659598, 12.35794323083460000, 161.9812124999999980 ) ) ;
#420 = CARTESIAN_POINT ( 'NONE',  ( -43.61607715595025070, 12.78630584565513928, 158.9188000000000045 ) ) ;
#421 = CARTESIAN_POINT ( 'NONE',  ( -40.79914717390560241, 9.646619212371549068, 151.4530529498150031 ) ) ;
#422 = CARTESIAN_POINT ( 'NONE',  ( -41.12992003934574825, 14.51512511551194073, 155.7629000000000019 ) ) ;
#423 = B_SPLINE_SURFACE_WITH_KNOTS ( 'NONE', 3, 1, ( 
 ( #2361, #535 ),
 ( #3800, #1622 ),
 ( #171, #2725 ),
 ( #511, #1982 ),
 ( #2450, #2053 ),
 ( #4174, #1666 ),
 ( #886, #4555 ),
 ( #3128, #3150 ),
 ( #1645, #2028 ),
 ( #3081, #2006 ) ),
 .UNSPECIFIED., .F., .F., .F.,
 ( 4, 2, 2, 2, 4 ),
 ( 2, 2 ),
 ( 0.000000000000000000, 0.2500000000000000000, 0.5000000000000000000, 0.7500000000000000000, 1.000000000000000000 ),
 ( 0.000000000000000000, 1.000000000000000000 ),
 .UNSPECIFIED. ) ;
#424 = EDGE_CURVE ( 'NONE', #1446, #2104, #2245, .T. ) ;
#425 = CARTESIAN_POINT ( 'NONE',  ( -38.70290128154034903, 13.75682261756627867, 164.3421500000000037 ) ) ;
#426 = CARTESIAN_POINT ( 'NONE',  ( -35.29882791303232636, 13.10172347587382724, 159.3365791867966834 ) ) ;
#427 = CARTESIAN_POINT ( 'NONE',  ( -36.42792762110074989, 16.11132824296530330, 154.5024163272419742 ) ) ;
#428 = CARTESIAN_POINT ( 'NONE',  ( -42.35289792727158442, 9.036321360053110041, 152.1049255669786362 ) ) ;
#429 = ADVANCED_FACE ( 'NONE', ( #2660 ), #2192, .F. ) ;
#430 = CARTESIAN_POINT ( 'NONE',  ( -45.00494144119179651, 8.035406799887459428, 158.5724999999999909 ) ) ;
#431 = AXIS2_PLACEMENT_3D ( 'NONE', #4074, #786, #382 ) ;
#432 = CARTESIAN_POINT ( 'NONE',  ( -44.40879948059859572, 10.13330271237764002, 157.3947000000000003 ) ) ;
#433 = CARTESIAN_POINT ( 'NONE',  ( -30.75885238157655266, 12.46038843299809962, 150.7232240293569703 ) ) ;
#434 = DIRECTION ( 'NONE',  ( 0.8854855037440999554, 0.3027836952349064470, 0.3524733416287719745 ) ) ;
#435 = CARTESIAN_POINT ( 'NONE',  ( -32.25497145399194920, 12.28999794101486032, 153.8662000000000205 ) ) ;
#436 = VERTEX_POINT ( 'NONE', #1915 ) ;
#437 = CARTESIAN_POINT ( 'NONE',  ( -39.78488349949135028, 15.44072625287309997, 150.0098807501049976 ) ) ;
#438 = VECTOR ( 'NONE', #533, 1000.000000000000000 ) ;
#439 = CARTESIAN_POINT ( 'NONE',  ( -35.21800330740960305, 16.97463158223125035, 151.2099970401590099 ) ) ;
#440 = CARTESIAN_POINT ( 'NONE',  ( -41.57368434304125060, 9.484543874815729581, 152.1423609840474853 ) ) ;
#441 = VERTEX_POINT ( 'NONE', #3413 ) ;
#442 = CARTESIAN_POINT ( 'NONE',  ( -41.91760131724770844, 9.892354790961601196, 150.7044293383364959 ) ) ;
#443 = CARTESIAN_POINT ( 'NONE',  ( -41.75040397265894399, 9.162045616870940989, 151.5653291186875151 ) ) ;
#444 = CARTESIAN_POINT ( 'NONE',  ( -41.51683847168669672, 9.380649217107450255, 153.0050630681589894 ) ) ;
#445 = CARTESIAN_POINT ( 'NONE',  ( -35.06068445418594592, 9.274096071846489764, 160.8483458333334966 ) ) ;
#446 = ORIENTED_EDGE ( 'NONE', *, *, #1480, .F. ) ;
#447 = CARTESIAN_POINT ( 'NONE',  ( -40.90104963277360639, 9.619062714277648141, 151.4832374447384780 ) ) ;
#448 = CARTESIAN_POINT ( 'NONE',  ( -32.22044283216300187, 14.45876711433301942, 152.0635473026819966 ) ) ;
#449 = CARTESIAN_POINT ( 'NONE',  ( -41.40516712797275289, 14.26994815198943911, 154.9391333333335012 ) ) ;
#450 = CARTESIAN_POINT ( 'NONE',  ( -37.79000358219149547, 15.07291194802684942, 158.5127375000000143 ) ) ;
#451 = CARTESIAN_POINT ( 'NONE',  ( -41.63690080625550394, 9.063884914314771279, 150.2808904347064924 ) ) ;
#452 = CARTESIAN_POINT ( 'NONE',  ( -36.24512007778015032, 16.11840501145714910, 154.0370870659084801 ) ) ;
#453 = CARTESIAN_POINT ( 'NONE',  ( -32.43862629410072174, 12.23806363849922541, 154.2229856110147068 ) ) ;
#454 = EDGE_CURVE ( 'NONE', #3991, #1913, #2967, .T. ) ;
#455 = CARTESIAN_POINT ( 'NONE',  ( -30.74822059642989913, 11.04662972255499831, 150.7202053044274805 ) ) ;
#456 = CARTESIAN_POINT ( 'NONE',  ( -40.24635928016917319, 10.04214450129997260, 146.2470701705790930 ) ) ;
#457 = CARTESIAN_POINT ( 'NONE',  ( -31.06295802258085104, 13.73221446551990077, 150.6752437499999928 ) ) ;
#458 = CARTESIAN_POINT ( 'NONE',  ( -40.81440546313005058, 14.47697857468510030, 151.2209657543589856 ) ) ;
#459 = CARTESIAN_POINT ( 'NONE',  ( -41.06146613932824607, 11.51917621985939988, 148.2303437500000030 ) ) ;
#460 = EDGE_CURVE ( 'NONE', #4409, #2312, #1004, .T. ) ;
#461 = CARTESIAN_POINT ( 'NONE',  ( -30.39904273386519762, 11.20548641577648041, 150.0720579746510168 ) ) ;
#462 = CARTESIAN_POINT ( 'NONE',  ( -36.13276277917355372, 15.71188293536684988, 155.0360500000000172 ) ) ;
#463 = CARTESIAN_POINT ( 'NONE',  ( -43.71625550107939517, 10.55622439013329128, 155.8028685401278608 ) ) ;
#464 = B_SPLINE_CURVE_WITH_KNOTS ( 'NONE', 3,
 ( #1158, #4457, #2307, #349, #4386, #2285, #2234, #2908, #2209, #4361, #2638, #3273, #4722 ),
 .UNSPECIFIED., .F., .F.,
 ( 4, 2, 1, 1, 1, 2, 2, 4 ),
 ( 0.000000000000000000, 0.2499999999999520384, 0.3749999999999257816, 0.4374999999999145683, 0.4687499999999157896, 0.4843749999999145683, 0.4999999999999134026, 1.000000000000000000 ),
 .UNSPECIFIED. ) ;
#465 = VERTEX_POINT ( 'NONE', #798 ) ;
#466 = CARTESIAN_POINT ( 'NONE',  ( -41.52954727924705480, 13.40047855692800027, 151.2501000000000033 ) ) ;
#467 = CARTESIAN_POINT ( 'NONE',  ( -41.78828889778309730, 10.07458825484881970, 150.3478013312579833 ) ) ;
#468 = CARTESIAN_POINT ( 'NONE',  ( -36.10697831076164732, 8.818281005153201235, 164.2032161458334940 ) ) ;
#469 = ORIENTED_EDGE ( 'NONE', *, *, #1484, .F. ) ;
#470 = CARTESIAN_POINT ( 'NONE',  ( -34.86490447600188247, 12.24780836000545747, 159.5948562734251652 ) ) ;
#471 = CARTESIAN_POINT ( 'NONE',  ( -31.74592061407084742, 14.95960851218893950, 150.7364796694445204 ) ) ;
#472 = CARTESIAN_POINT ( 'NONE',  ( -42.96189657180855193, 13.34747491056660174, 158.3728000000000122 ) ) ;
#473 = CARTESIAN_POINT ( 'NONE',  ( -41.11488523538364603, 13.66567260789402027, 150.4749056985619688 ) ) ;
#474 = B_SPLINE_CURVE_WITH_KNOTS ( 'NONE', 3,
 ( #1948, #2714, #1994, #1633, #1266, #2734, #4186, #615, #3138, #282, #2414, #1748, #1312, #3833, #1698, #2825, #1010, #3852, #2088 ),
 .UNSPECIFIED., .F., .F.,
 ( 4, 1, 1, 1, 1, 1, 1, 1, 1, 1, 1, 1, 1, 1, 1, 1, 4 ),
 ( 0.000000000000000000, 0.06492905897034109697, 0.1283499713500216022, 0.1896903594158154960, 0.2511628432236300279, 0.3117776417785689813, 0.3734746368781345360, 0.4363730770795110070, 0.5007518194527359467, 0.5654960610381430941, 0.6282360296691349433, 0.6897295025460020712, 0.7505265103252259928, 0.8113235181044580191, 0.8727239849192929277, 0.9354639535502989878, 1.000000000000000000 ),
 .UNSPECIFIED. ) ;
#475 = CARTESIAN_POINT ( 'NONE',  ( -39.28544663957025307, 13.83703035259432035, 164.6038812500000006 ) ) ;
#476 = CARTESIAN_POINT ( 'NONE',  ( -41.86041608251394308, 11.60568869997673858, 150.6879447579775047 ) ) ;
#477 = CARTESIAN_POINT ( 'NONE',  ( -32.43683762727481223, 12.23821204566677245, 154.2192011047527274 ) ) ;
#478 = CARTESIAN_POINT ( 'NONE',  ( -38.77342077027749667, 10.25639406240662055, 153.4919321533920140 ) ) ;
#479 = CARTESIAN_POINT ( 'NONE',  ( -40.38217396581612206, 10.50880138424026988, 146.4137234006435619 ) ) ;
#480 = CARTESIAN_POINT ( 'NONE',  ( -45.73210178630200318, 10.34871109755582097, 161.4948208333335060 ) ) ;
#481 = CARTESIAN_POINT ( 'NONE',  ( -37.95210347614409585, 16.28576310144184802, 153.3690330385404934 ) ) ;
#482 = CARTESIAN_POINT ( 'NONE',  ( -41.13404248251914908, 12.23965038265783889, 148.7008500000000026 ) ) ;
#483 = EDGE_CURVE ( 'NONE', #2953, #729, #1063, .T. ) ;
#484 = CARTESIAN_POINT ( 'NONE',  ( -33.79332051974540008, 15.01667879320094912, 153.6640874999999937 ) ) ;
#485 = CARTESIAN_POINT ( 'NONE',  ( -43.69422811080188751, 10.61365301809505546, 155.7724136169260589 ) ) ;
#486 = CARTESIAN_POINT ( 'NONE',  ( -39.08385576205660783, 10.12053261467105969, 153.0799496494684888 ) ) ;
#487 = VERTEX_POINT ( 'NONE', #3393 ) ;
#488 = CARTESIAN_POINT ( 'NONE',  ( -34.34727221721779955, 15.42728884966260061, 153.6976500753359858 ) ) ;
#489 = CARTESIAN_POINT ( 'NONE',  ( -36.46291786079715536, 11.95616273554720088, 164.4960751389945131 ) ) ;
#490 = VERTEX_POINT ( 'NONE', #1577 ) ;
#491 = CARTESIAN_POINT ( 'NONE',  ( -40.13219513919690229, 9.644305240243840061, 151.5195542959924921 ) ) ;
#492 = CARTESIAN_POINT ( 'NONE',  ( -34.23893177430849732, 14.47021021801382190, 155.3374189222805057 ) ) ;
#493 = CARTESIAN_POINT ( 'NONE',  ( -30.70260316361260067, 12.39087060894759951, 150.6349742203809967 ) ) ;
#494 = CARTESIAN_POINT ( 'NONE',  ( -39.45644817941954585, 15.67280780783060123, 151.1569578742299882 ) ) ;
#495 = CARTESIAN_POINT ( 'NONE',  ( -41.92912701483688664, 9.053294790783839474, 151.0317531580067794 ) ) ;
#496 = CARTESIAN_POINT ( 'NONE',  ( -40.18955053339114869, 9.834896080662870688, 151.4999203889640000 ) ) ;
#497 = CARTESIAN_POINT ( 'NONE',  ( -41.48991770345064367, 9.066334024738299746, 149.8752913434854008 ) ) ;
#498 = CARTESIAN_POINT ( 'NONE',  ( -38.38178015832184542, 13.97301882845203913, 163.2065833333335263 ) ) ;
#499 = CARTESIAN_POINT ( 'NONE',  ( -31.86183922264012480, 14.48605281494062247, 151.4402923523769857 ) ) ;
#500 = CARTESIAN_POINT ( 'NONE',  ( -36.66561410660640519, 16.17896788408474862, 154.4100683577815118 ) ) ;
#501 = CARTESIAN_POINT ( 'NONE',  ( -30.73798931338204810, 11.43474099412349965, 150.7774125117930168 ) ) ;
#502 = CARTESIAN_POINT ( 'NONE',  ( -32.94556041650127298, 12.19548760435878521, 155.2905675376355816 ) ) ;
#503 = DIRECTION ( 'NONE',  ( 0.8854855037441022869, 0.3027836952349071686, 0.3524733416287650911 ) ) ;
#504 = CARTESIAN_POINT ( 'NONE',  ( -41.00946503044815472, 13.00685208081540090, 148.8340625000000159 ) ) ;
#505 = CARTESIAN_POINT ( 'NONE',  ( -30.47250046407300061, 11.98907988183277951, 150.2841986111110089 ) ) ;
#506 = CARTESIAN_POINT ( 'NONE',  ( -43.93467679944588156, 9.617236518203773343, 156.0166827808332073 ) ) ;
#507 = EDGE_LOOP ( 'NONE', ( #2861, #2525, #2724, #907 ) ) ;
#508 = AXIS2_PLACEMENT_3D ( 'NONE', #3724, #2222, #2630 ) ;
#509 = ADVANCED_FACE ( 'NONE', ( #4256, #2875 ), #946, .T. ) ;
#510 = CARTESIAN_POINT ( 'NONE',  ( -43.27298141745129811, 9.106652590354819665, 154.3318333333334920 ) ) ;
#511 = CARTESIAN_POINT ( 'NONE',  ( -39.33693861037615136, 15.91912378148159846, 153.3566698994510205 ) ) ;
#512 = CARTESIAN_POINT ( 'NONE',  ( -44.56118519811484902, 10.79238303916723929, 158.2772999999999968 ) ) ;
#513 = ORIENTED_EDGE ( 'NONE', *, *, #2919, .T. ) ;
#514 = CARTESIAN_POINT ( 'NONE',  ( -40.28952308020490136, 9.801051170312049976, 151.4634240830820318 ) ) ;
#515 = CARTESIAN_POINT ( 'NONE',  ( -30.59023414334324897, 12.40285007655060134, 150.4230045574620078 ) ) ;
#516 = CARTESIAN_POINT ( 'NONE',  ( -40.17470046875139644, 14.77444195105026026, 148.9203027887586188 ) ) ;
#517 = CARTESIAN_POINT ( 'NONE',  ( -41.81169685659865110, 14.11062226467332081, 157.1691624999999988 ) ) ;
#518 = CARTESIAN_POINT ( 'NONE',  ( -37.40823210849195135, 16.54853213078230212, 151.9749306045969774 ) ) ;
#519 = CARTESIAN_POINT ( 'NONE',  ( -41.16209843079579400, 9.073494447732558754, 148.9871597337719891 ) ) ;
#520 = CARTESIAN_POINT ( 'NONE',  ( -37.48294226629469961, 14.49150240145129942, 160.1918499999999881 ) ) ;
#521 = CARTESIAN_POINT ( 'NONE',  ( -31.87291582417673652, 14.48459803180747940, 151.4602816320239356 ) ) ;
#522 = FACE_OUTER_BOUND ( 'NONE', #197, .T. ) ;
#523 = B_SPLINE_CURVE_WITH_KNOTS ( 'NONE', 3,
 ( #1523, #2259, #3705, #413, #1883, #1911, #1547 ),
 .UNSPECIFIED., .F., .F.,
 ( 4, 1, 1, 1, 4 ),
 ( 0.5852179678647418948, 0.6428571428445539748, 0.7857142857067319630, 0.9285714285689110614, 0.9465284433560861022 ),
 .UNSPECIFIED. ) ;
#524 = CARTESIAN_POINT ( 'NONE',  ( -32.51141270796759386, 12.23195934994452827, 154.3763566119670543 ) ) ;
#525 = CARTESIAN_POINT ( 'NONE',  ( -31.33948288825974515, 10.94964418900116065, 151.9411700600154802 ) ) ;
#526 = CARTESIAN_POINT ( 'NONE',  ( -40.74340363480629179, 11.27789507384145473, 147.2667902669932118 ) ) ;
#527 = CARTESIAN_POINT ( 'NONE',  ( -39.90415911852439734, 9.883749990544828279, 151.1404591086880203 ) ) ;
#528 = CARTESIAN_POINT ( 'NONE',  ( -39.54641937522020356, 10.10950498877653914, 152.2868703050579882 ) ) ;
#529 = CARTESIAN_POINT ( 'NONE',  ( -30.53117298578160188, 11.10833682614116036, 150.3038624147374662 ) ) ;
#530 = CARTESIAN_POINT ( 'NONE',  ( -33.24257234104464942, 14.85334524511351972, 153.1407718749999844 ) ) ;
#531 = CARTESIAN_POINT ( 'NONE',  ( -43.07408657388506867, 11.41197120118915898, 154.3866514949725115 ) ) ;
#532 = ORIENTED_EDGE ( 'NONE', *, *, #4638, .T. ) ;
#533 = DIRECTION ( 'NONE',  ( -0.3656150866411370104, -0.01415353698375004451, 0.9306585226662051902 ) ) ;
#534 = CARTESIAN_POINT ( 'NONE',  ( -43.85880366636499872, 8.913432146370350750, 155.7729833333335137 ) ) ;
#535 = CARTESIAN_POINT ( 'NONE',  ( -37.95210347614404611, 16.28576310144149986, 153.3690330385404934 ) ) ;
#536 = CARTESIAN_POINT ( 'NONE',  ( -43.44624181387524686, 11.18048557415160005, 155.3653000000000191 ) ) ;
#537 = EDGE_LOOP ( 'NONE', ( #4384, #513, #2211, #1601 ) ) ;
#538 = LINE ( 'NONE', #2008, #3116 ) ;
#539 = CARTESIAN_POINT ( 'NONE',  ( -32.63384703601279568, 15.08117275997440032, 151.9456768794400148 ) ) ;
#540 = CARTESIAN_POINT ( 'NONE',  ( -41.18727899563169359, 13.83802245127615826, 150.8608666666665101 ) ) ;
#541 = CARTESIAN_POINT ( 'NONE',  ( -43.54188468245004628, 13.10707039350361924, 162.7902814583334816 ) ) ;
#542 = CARTESIAN_POINT ( 'NONE',  ( -41.91149827046224630, 9.140985709061789422, 151.8314911931514928 ) ) ;
#543 = CARTESIAN_POINT ( 'NONE',  ( -42.12905484008000201, 11.93470653651477953, 151.6619200254025088 ) ) ;
#544 = ADVANCED_FACE ( 'NONE', ( #597 ), #2149, .T. ) ;
#545 = CARTESIAN_POINT ( 'NONE',  ( -39.24292949714195089, 14.46515776241207973, 162.2103208333334976 ) ) ;
#546 = CARTESIAN_POINT ( 'NONE',  ( -33.80273982338560046, 14.87604888721953778, 153.9031897641644946 ) ) ;
#547 = CARTESIAN_POINT ( 'NONE',  ( -35.43487997316174187, 13.38629771307712524, 159.0990615401263142 ) ) ;
#548 = CARTESIAN_POINT ( 'NONE',  ( -41.44595239889244453, 9.423948472215540662, 149.5781869791665883 ) ) ;
#549 = CARTESIAN_POINT ( 'NONE',  ( -30.84273863081394751, 11.42195348262004018, 150.9838712809455217 ) ) ;
#550 = CARTESIAN_POINT ( 'NONE',  ( -34.39980875128940596, 13.61806641652124128, 156.6869750000000181 ) ) ;
#551 = DIRECTION ( 'NONE',  ( 0.3656150866411370104, 0.01415353698374996472, -0.9306585226662051902 ) ) ;
#552 = CARTESIAN_POINT ( 'NONE',  ( -42.08461576892109690, 10.35560209509364071, 151.1077500000000100 ) ) ;
#553 = CARTESIAN_POINT ( 'NONE',  ( -39.76765716605049761, 10.13798930247410190, 153.2096632043055138 ) ) ;
#554 = CARTESIAN_POINT ( 'NONE',  ( -38.89223942234521303, 16.09237235738993377, 153.5340075676389233 ) ) ;
#555 = CARTESIAN_POINT ( 'NONE',  ( -36.50337236491650827, 16.06338088711619960, 154.3214451388890041 ) ) ;
#556 = CARTESIAN_POINT ( 'NONE',  ( -43.24697956797228926, 11.35852233734812344, 154.9137371002650241 ) ) ;
#557 = EDGE_LOOP ( 'NONE', ( #4577, #1125, #4050, #303 ) ) ;
#558 = CARTESIAN_POINT ( 'NONE',  ( -33.36307448274163079, 14.56740044275219503, 153.5339671361249714 ) ) ;
#559 = ORIENTED_EDGE ( 'NONE', *, *, #1869, .T. ) ;
#560 = FACE_OUTER_BOUND ( 'NONE', #346, .T. ) ;
#561 = CARTESIAN_POINT ( 'NONE',  ( -41.94715660605215390, 9.499906143956989624, 153.3824889227715005 ) ) ;
#562 = CARTESIAN_POINT ( 'NONE',  ( -41.24048740273026681, 13.40581373765909312, 150.4216101360985647 ) ) ;
#563 = CARTESIAN_POINT ( 'NONE',  ( -33.55514832452055174, 12.48194514421681944, 156.3769732638889991 ) ) ;
#564 = CARTESIAN_POINT ( 'NONE',  ( -31.86428325196199296, 14.48575319383448168, 151.4446818515155258 ) ) ;
#565 = CARTESIAN_POINT ( 'NONE',  ( -34.76127752559402495, 13.91748537321541335, 156.8552307257003804 ) ) ;
#566 = DIRECTION ( 'NONE',  ( 0.2867769709712615356, -0.9529542020951189407, 0.09816953514101758871 ) ) ;
#567 = EDGE_CURVE ( 'NONE', #3267, #2104, #3819, .T. ) ;
#568 = CARTESIAN_POINT ( 'NONE',  ( -31.58913086055924779, 14.04063897213470113, 151.3955124999999953 ) ) ;
#569 = CARTESIAN_POINT ( 'NONE',  ( -37.16717451367630076, 12.40762272765012142, 165.3527804677904953 ) ) ;
#570 = CARTESIAN_POINT ( 'NONE',  ( -41.09075214955738176, 14.53786570065025430, 152.6466668636261659 ) ) ;
#571 = CARTESIAN_POINT ( 'NONE',  ( -40.99789280226969623, 9.804056031941058791, 153.5619123609539827 ) ) ;
#572 = CARTESIAN_POINT ( 'NONE',  ( -39.52987443018019320, 10.14717824215692055, 152.6042414309090134 ) ) ;
#573 = CARTESIAN_POINT ( 'NONE',  ( -36.62128359797129207, 16.09752920077259830, 154.2746246527779874 ) ) ;
#574 = FACE_OUTER_BOUND ( 'NONE', #792, .T. ) ;
#575 = VERTEX_POINT ( 'NONE', #262 ) ;
#576 = CARTESIAN_POINT ( 'NONE',  ( -36.33388918496360276, 16.50997860512934778, 152.9336606764614999 ) ) ;
#577 = B_SPLINE_CURVE_WITH_KNOTS ( 'NONE', 3,
 ( #497, #872, #1605, #1287, #3134, #1241, #3808, #519, #156, #1991, #1629, #3830, #178, #3089, #2774, #4587, #2012, #3466, #1653, #4565, #4223, #914, #2409, #202, #1673, #1384, #2163, #3895 ),
 .UNSPECIFIED., .F., .F.,
 ( 4, 1, 1, 1, 1, 1, 1, 2, 2, 1, 1, 1, 1, 2, 2, 1, 1, 2, 2, 4 ),
 ( 0.000000000000000000, 0.1250000000001568468, 0.1875000000002352563, 0.2187500000002622902, 0.2343750000002743361, 0.2421875000002819966, 0.2460937500003043676, 0.2480468750003173573, 0.2500000000003303469, 0.3750000000002124967, 0.4375000000001526002, 0.4687500000001226796, 0.4843750000001179057, 0.4921875000001155187, 0.5000000000001131317, 0.6250000000000988098, 0.6875000000001005862, 0.7187500000001025846, 0.7500000000001045830, 1.000000000000000000 ),
 .UNSPECIFIED. ) ;
#578 = CARTESIAN_POINT ( 'NONE',  ( -40.02708591299015239, 12.22734983155053889, 145.4589129340278078 ) ) ;
#579 = UNCERTAINTY_MEASURE_WITH_UNIT (LENGTH_MEASURE( 1.000000000000000082E-05 ), #1935, 'distance_accuracy_value', 'NONE');
#580 = VECTOR ( 'NONE', #4248, 999.9999999999998863 ) ;
#581 = ORIENTED_EDGE ( 'NONE', *, *, #2723, .F. ) ;
#582 = CARTESIAN_POINT ( 'NONE',  ( -41.88813562774060273, 11.29678662379471987, 150.6723571492725000 ) ) ;
#583 = CARTESIAN_POINT ( 'NONE',  ( -41.23134063099124802, 9.781175643787641150, 154.0217647897075040 ) ) ;
#584 = CARTESIAN_POINT ( 'NONE',  ( -40.13979722875230038, 9.437585139626840203, 146.3123166666665895 ) ) ;
#585 =( GEOMETRIC_REPRESENTATION_CONTEXT ( 3 ) GLOBAL_UNCERTAINTY_ASSIGNED_CONTEXT ( ( #103 ) ) GLOBAL_UNIT_ASSIGNED_CONTEXT ( ( #711, #1112, #2600 ) ) REPRESENTATION_CONTEXT ( 'NONE', 'WORKASPACE' ) );
#586 = CARTESIAN_POINT ( 'NONE',  ( -40.99292692246089587, 14.58530079637560029, 153.5782104166665079 ) ) ;
#587 = CARTESIAN_POINT ( 'NONE',  ( -41.30062592266854438, 9.546695207901739977, 153.9853004160979992 ) ) ;
#588 = CARTESIAN_POINT ( 'NONE',  ( -33.34656589501899759, 9.990015801466670453, 156.2356908854164885 ) ) ;
#589 = CARTESIAN_POINT ( 'NONE',  ( -31.98692574906145936, 14.45123977120539038, 151.6842589298650807 ) ) ;
#590 = CARTESIAN_POINT ( 'NONE',  ( -34.98653281404405391, 14.01334878389397609, 157.0737116369256796 ) ) ;
#591 = PLANE ( 'NONE',  #44 ) ;
#592 = B_SPLINE_CURVE_WITH_KNOTS ( 'NONE', 3,
 ( #2973, #1849, #1147, #998, #3552, #3308, #17, #2946, #4428, #4402, #4097, #876, #114, #2736, #1226, #1588, #4142, #4187, #4498 ),
 .UNSPECIFIED., .F., .F.,
 ( 4, 1, 1, 1, 1, 1, 1, 1, 1, 1, 1, 1, 1, 1, 1, 1, 4 ),
 ( 0.000000000000000000, 0.06454134702343800045, 0.1272893662066680032, 0.1891421925315295016, 0.2503627141966379699, 0.3111306106182654685, 0.3724932140248959911, 0.4355505200023259693, 0.5000918670257569199, 0.5649996364212450661, 0.6278980705686320052, 0.6889458366362560815, 0.7498964024972319953, 0.8108469683582110177, 0.8724025174418480466, 0.9353009515892299897, 1.000000000000000000 ),
 .UNSPECIFIED. ) ;
#593 = CARTESIAN_POINT ( 'NONE',  ( -31.74558963811875145, 13.63799569225894004, 151.9944687500000100 ) ) ;
#594 = CARTESIAN_POINT ( 'NONE',  ( -36.91282096251689637, 12.26580006269610124, 165.0360361361875050 ) ) ;
#595 = CARTESIAN_POINT ( 'NONE',  ( -33.72348706880595159, 14.07501374065589950, 154.9966504668554705 ) ) ;
#596 = CARTESIAN_POINT ( 'NONE',  ( -37.41037992518549515, 16.90272706357420063, 150.7184255173590088 ) ) ;
#597 = FACE_OUTER_BOUND ( 'NONE', #3129, .T. ) ;
#598 = CARTESIAN_POINT ( 'NONE',  ( -39.65319924275280528, 10.15341478667786035, 153.0250426239019816 ) ) ;
#599 = CARTESIAN_POINT ( 'NONE',  ( -40.01500928574600380, 9.843857600577660349, 151.0770346924024921 ) ) ;
#600 = CARTESIAN_POINT ( 'NONE',  ( -36.75100724375894856, 15.69678442804354646, 155.6122307878544859 ) ) ;
#601 = CARTESIAN_POINT ( 'NONE',  ( -30.99879578532760149, 13.74025938164507998, 150.5518375000000049 ) ) ;
#602 = EDGE_CURVE ( 'NONE', #3391, #1357, #672, .T. ) ;
#603 = CARTESIAN_POINT ( 'NONE',  ( -33.07363794997910134, 10.07542174361780063, 155.6463520833334826 ) ) ;
#604 = ORIENTED_EDGE ( 'NONE', *, *, #2330, .T. ) ;
#605 = DIRECTION ( 'NONE',  ( 0.1831155668463159691, 0.1551114542971244736, 0.9707775882890907759 ) ) ;
#606 = CARTESIAN_POINT ( 'NONE',  ( -39.91550551992614970, 10.44065664169779950, 145.3771437499999877 ) ) ;
#607 = LINE ( 'NONE', #2078, #3499 ) ;
#608 = ORIENTED_EDGE ( 'NONE', *, *, #3127, .T. ) ;
#609 = DIRECTION ( 'NONE',  ( -0.2867769709712615356, 0.9529542020951189407, -0.09816953514101772749 ) ) ;
#610 = CARTESIAN_POINT ( 'NONE',  ( -42.14679154050430299, 9.336492584500378555, 152.3793779655910043 ) ) ;
#611 = CARTESIAN_POINT ( 'NONE',  ( -39.78959058927970460, 9.801675180067990212, 145.3840184027779969 ) ) ;
#612 = DIRECTION ( 'NONE',  ( -0.3656150866411370104, -0.01415353698375004451, 0.9306585226662051902 ) ) ;
#613 = CARTESIAN_POINT ( 'NONE',  ( -33.22124270234050414, 10.50135989404217973, 156.2131527777779922 ) ) ;
#614 = CARTESIAN_POINT ( 'NONE',  ( -35.37680274987540230, 13.26018431424291499, 159.2162748226744498 ) ) ;
#615 = CARTESIAN_POINT ( 'NONE',  ( -39.65226530380385839, 9.828573535142670181, 151.9062977129745207 ) ) ;
#616 = CARTESIAN_POINT ( 'NONE',  ( -32.75127938960535090, 14.61962282961018111, 152.7307562500000131 ) ) ;
#617 = CARTESIAN_POINT ( 'NONE',  ( -35.36904534714795290, 12.99596712181520175, 159.6873895833334984 ) ) ;
#618 = CARTESIAN_POINT ( 'NONE',  ( -43.87588001913769631, 12.67466714862468002, 159.6605000000000132 ) ) ;
#619 = CARTESIAN_POINT ( 'NONE',  ( -40.64416567575789685, 14.52622607224605922, 150.4326979166664842 ) ) ;
#620 = CARTESIAN_POINT ( 'NONE',  ( -40.15783999893059786, 9.669059780733348930, 146.2239085893360198 ) ) ;
#621 = CARTESIAN_POINT ( 'NONE',  ( -39.73591219420574561, 9.734294483281409782, 151.2354621356689961 ) ) ;
#622 = CARTESIAN_POINT ( 'NONE',  ( -35.39873153765449842, 16.97777296527669932, 151.2812875119964815 ) ) ;
#623 = CARTESIAN_POINT ( 'NONE',  ( -41.61140752037945134, 9.172977672258330273, 150.1502737557575244 ) ) ;
#624 = CARTESIAN_POINT ( 'NONE',  ( -32.17012298993482489, 14.26217899173228432, 152.1829439869662792 ) ) ;
#625 = ORIENTED_EDGE ( 'NONE', *, *, #4091, .T. ) ;
#626 = CARTESIAN_POINT ( 'NONE',  ( -39.62850447919215213, 9.775608007611499062, 151.3227380653240175 ) ) ;
#627 = EDGE_CURVE ( 'NONE', #2451, #2587, #2001, .T. ) ;
#628 = CARTESIAN_POINT ( 'NONE',  ( -34.39409756732364798, 14.85928323157411945, 154.7451241308559986 ) ) ;
#629 = CARTESIAN_POINT ( 'NONE',  ( -40.41169685553395396, 12.13222516136577944, 146.4273562500000025 ) ) ;
#630 = CARTESIAN_POINT ( 'NONE',  ( -41.40283206149599948, 10.52654835414490897, 149.2200846777298864 ) ) ;
#631 = ORIENTED_EDGE ( 'NONE', *, *, #4194, .T. ) ;
#632 = CARTESIAN_POINT ( 'NONE',  ( -41.70299224526379334, 12.51274985137919948, 150.7635843741570056 ) ) ;
#633 = CARTESIAN_POINT ( 'NONE',  ( -40.79150280625989922, 14.49155754250072015, 151.1517626471274980 ) ) ;
#634 = CARTESIAN_POINT ( 'NONE',  ( -32.78271816062734700, 13.18957736374315992, 154.2782637177405149 ) ) ;
#635 = CARTESIAN_POINT ( 'NONE',  ( -40.93806088444615199, 14.54028867777792122, 152.4599125000000015 ) ) ;
#636 = CARTESIAN_POINT ( 'NONE',  ( -41.18634916418964309, 9.737591620101389012, 153.4672537083754946 ) ) ;
#637 = CARTESIAN_POINT ( 'NONE',  ( -39.91540392523479852, 14.06100371640790136, 164.0412677083334927 ) ) ;
#638 = VERTEX_POINT ( 'NONE', #3185 ) ;
#639 = CARTESIAN_POINT ( 'NONE',  ( -41.50169211431840210, 9.294804108522939146, 152.1274987268535028 ) ) ;
#640 = CARTESIAN_POINT ( 'NONE',  ( -41.63830809747339856, 9.486909081620540363, 152.3541022160135014 ) ) ;
#641 = CARTESIAN_POINT ( 'NONE',  ( -34.19731663900515173, 13.99731985948074175, 155.8082500000000152 ) ) ;
#642 = CARTESIAN_POINT ( 'NONE',  ( -34.80271700243394406, 14.10424360089336027, 156.6274125000000197 ) ) ;
#643 = CARTESIAN_POINT ( 'NONE',  ( -42.81296437867419513, 13.08792420683188062, 156.6945999999999799 ) ) ;
#644 = CARTESIAN_POINT ( 'NONE',  ( -40.98468282786294736, 13.95222034642211995, 150.2369000000000199 ) ) ;
#645 = CARTESIAN_POINT ( 'NONE',  ( -38.56937925927484656, 15.90485945064305184, 154.6704170138889936 ) ) ;
#646 = CARTESIAN_POINT ( 'NONE',  ( -39.02772455673535035, 10.25942426271578078, 152.2269379969369822 ) ) ;
#647 = CARTESIAN_POINT ( 'NONE',  ( -39.62433328857194681, 10.15509283514029981, 152.9570073870949898 ) ) ;
#648 = CARTESIAN_POINT ( 'NONE',  ( -39.83571752393294929, 10.12590334134976189, 153.2911627838385016 ) ) ;
#649 = CARTESIAN_POINT ( 'NONE',  ( -36.49072662217910334, 16.29100747006954819, 153.6294083333334868 ) ) ;
#650 = CARTESIAN_POINT ( 'NONE',  ( -33.00933071716574574, 13.72298491942071941, 154.1973496508815060 ) ) ;
#651 = CARTESIAN_POINT ( 'NONE',  ( -30.58246502843289960, 11.45142597080582014, 150.4742246796110123 ) ) ;
#652 = CARTESIAN_POINT ( 'NONE',  ( -31.52644891113939707, 10.66044290186514054, 152.2442239583335208 ) ) ;
#653 = ORIENTED_EDGE ( 'NONE', *, *, #1221, .T. ) ;
#654 = CARTESIAN_POINT ( 'NONE',  ( -33.88128966303200684, 13.13093024401297981, 156.3604131306769887 ) ) ;
#655 = CARTESIAN_POINT ( 'NONE',  ( -41.06060520104514922, 11.39111897467094003, 148.2184829861110131 ) ) ;
#656 = CARTESIAN_POINT ( 'NONE',  ( -41.15519829670682839, 11.22673945529155759, 148.5061818531357005 ) ) ;
#657 = ORIENTED_EDGE ( 'NONE', *, *, #279, .T. ) ;
#658 = CARTESIAN_POINT ( 'NONE',  ( -47.35747375419009586, 8.123825911498119723, 152.7734702886410219 ) ) ;
#659 = EDGE_CURVE ( 'NONE', #4129, #4533, #1014, .T. ) ;
#660 = FACE_OUTER_BOUND ( 'NONE', #3640, .T. ) ;
#661 = CARTESIAN_POINT ( 'NONE',  ( -41.37691352116080168, 14.11164586052712089, 152.9565472222219853 ) ) ;
#662 = VECTOR ( 'NONE', #1127, 1000.000000000000000 ) ;
#663 = FACE_OUTER_BOUND ( 'NONE', #4214, .T. ) ;
#664 = CARTESIAN_POINT ( 'NONE',  ( -33.96367332102704495, 10.84168694123246013, 158.1026999999999987 ) ) ;
#665 = ORIENTED_EDGE ( 'NONE', *, *, #3506, .T. ) ;
#666 = ADVANCED_FACE ( 'NONE', ( #3927 ), #1412, .T. ) ;
#667 = AXIS2_PLACEMENT_3D ( 'NONE', #1631, #2713, #4567 ) ;
#668 = CARTESIAN_POINT ( 'NONE',  ( -40.07126481742214708, 9.614001934079318801, 151.0474009339624786 ) ) ;
#669 = CARTESIAN_POINT ( 'NONE',  ( -35.97333200972499867, 14.68388378044786080, 157.3683499999999924 ) ) ;
#670 = CARTESIAN_POINT ( 'NONE',  ( -45.04429278651880253, 11.60213922392343910, 162.0722208333334891 ) ) ;
#671 = CARTESIAN_POINT ( 'NONE',  ( -40.56556572588725373, 14.63488297119776149, 150.4752343750000136 ) ) ;
#672 = LINE ( 'NONE', #571, #1506 ) ;
#673 = CARTESIAN_POINT ( 'NONE',  ( -40.79444892352199759, 9.871527526084289406, 153.6225648286159924 ) ) ;
#674 = CARTESIAN_POINT ( 'NONE',  ( -41.71166958701633831, 11.15841158184440296, 150.2023245445612361 ) ) ;
#675 = CARTESIAN_POINT ( 'NONE',  ( -35.95321632191620154, 15.33121761057314814, 155.8279812499999935 ) ) ;
#676 = CARTESIAN_POINT ( 'NONE',  ( -41.95367945653124764, 12.66068133746848012, 151.7418580428745258 ) ) ;
#677 = CARTESIAN_POINT ( 'NONE',  ( -30.58519139448195290, 11.97743384359441876, 150.5005180555555171 ) ) ;
#678 = ORIENTED_EDGE ( 'NONE', *, *, #3364, .F. ) ;
#679 = CARTESIAN_POINT ( 'NONE',  ( -38.77951388125434562, 16.29916723831044933, 150.0789624999999887 ) ) ;
#680 = B_SPLINE_CURVE_WITH_KNOTS ( 'NONE', 3,
 ( #4018, #754, #733, #1862 ),
 .UNSPECIFIED., .F., .F.,
 ( 4, 4 ),
 ( 0.000000000000000000, 1.000000000000000000 ),
 .UNSPECIFIED. ) ;
#681 = CARTESIAN_POINT ( 'NONE',  ( -40.55524085229004783, 9.861600645423990841, 147.0159874999999943 ) ) ;
#682 = CARTESIAN_POINT ( 'NONE',  ( -41.28209430521589240, 10.97548008570367450, 148.8686579035350235 ) ) ;
#683 = VERTEX_POINT ( 'NONE', #990 ) ;
#684 = CARTESIAN_POINT ( 'NONE',  ( -43.49795387657633938, 8.982786849188997280, 154.9298086717678871 ) ) ;
#685 = CARTESIAN_POINT ( 'NONE',  ( -41.79852616426544643, 13.77691456308240170, 154.0379873263890147 ) ) ;
#686 = CARTESIAN_POINT ( 'NONE',  ( -35.90646367517354776, 16.44709584579414852, 152.5633671796825297 ) ) ;
#687 = CARTESIAN_POINT ( 'NONE',  ( -40.80127615982220135, 9.655764492297649326, 147.7423479166666027 ) ) ;
#688 = FACE_OUTER_BOUND ( 'NONE', #1790, .T. ) ;
#689 = CARTESIAN_POINT ( 'NONE',  ( -33.99154293966149964, 10.22788708408442027, 158.0015333333334979 ) ) ;
#690 = CARTESIAN_POINT ( 'NONE',  ( -40.84114781964599672, 14.72076656069053868, 155.1898940972220089 ) ) ;
#691 = B_SPLINE_SURFACE_WITH_KNOTS ( 'NONE', 3, 3, ( 
 ( #3888, #2863, #2500, #2475, #1400, #3223, #4672 ),
 ( #3959, #3149, #606, #4600, #3912, #1423, #578 ),
 ( #2077, #1321, #1788, #3581, #2052, #3531, #326 ),
 ( #4215, #245, #2814, #4694, #930, #2156, #629 ),
 ( #974, #681, #2789, #3605, #3553, #2425, #1706 ),
 ( #4239, #3508, #301, #4264, #3250, #270, #1735 ),
 ( #3864, #3192, #219, #4625, #1346, #4652, #951 ),
 ( #1375, #2841, #4288, #3936, #655, #1764, #4310 ) ),
 .UNSPECIFIED., .F., .F., .F.,
 ( 4, 1, 1, 1, 1, 4 ),
 ( 4, 1, 1, 1, 4 ),
 ( 0.000000000000000000, 1.000000000000000000, 3.000000000000000000, 5.000000000000000000, 7.000000000000000000, 8.000000000000000000 ),
 ( 0.000000000000000000, 1.000000000000000000, 3.000000000000000000, 5.000000000000000000, 6.000000000000000000 ),
 .UNSPECIFIED. ) ;
#692 = ADVANCED_FACE ( 'NONE', ( #1391, #1680 ), #3142, .F. ) ;
#693 = CARTESIAN_POINT ( 'NONE',  ( -36.70361085357660613, 13.10672836218403958, 162.6845500000000015 ) ) ;
#694 = CARTESIAN_POINT ( 'NONE',  ( -41.13404248251914908, 12.23965038265783889, 148.7008500000000026 ) ) ;
#695 = CARTESIAN_POINT ( 'NONE',  ( -37.90290391077250121, 16.69411930098515029, 150.9262945073649860 ) ) ;
#696 = CARTESIAN_POINT ( 'NONE',  ( -40.97583334599545424, 9.868089404745139959, 154.1190579923129746 ) ) ;
#697 = CARTESIAN_POINT ( 'NONE',  ( -42.43284051409879964, 10.05610381594424041, 152.0512599310340249 ) ) ;
#698 = CARTESIAN_POINT ( 'NONE',  ( -41.89320297806715132, 9.340064363496431099, 151.6732564798790008 ) ) ;
#699 = CARTESIAN_POINT ( 'NONE',  ( -33.68711586766390553, 13.26132817022084076, 155.8787722222219827 ) ) ;
#700 = EDGE_LOOP ( 'NONE', ( #1738, #2363, #1783, #1002 ) ) ;
#701 = CARTESIAN_POINT ( 'NONE',  ( -40.13081195917155242, 15.28163097494859990, 153.9818374999999833 ) ) ;
#702 = CARTESIAN_POINT ( 'NONE',  ( -40.71905050235404389, 9.740964997106878798, 154.1721992794539915 ) ) ;
#703 = CARTESIAN_POINT ( 'NONE',  ( -33.28837583365145036, 15.71074920285179743, 151.9589478967944842 ) ) ;
#704 = CARTESIAN_POINT ( 'NONE',  ( -35.53256370426541366, 13.64382977471665548, 158.7866037344759889 ) ) ;
#705 = CARTESIAN_POINT ( 'NONE',  ( -40.14688383246775061, 9.619350822114260069, 146.2269954801911922 ) ) ;
#706 = EDGE_LOOP ( 'NONE', ( #678, #124, #3577, #3338, #793, #309, #1185, #469 ) ) ;
#707 = CARTESIAN_POINT ( 'NONE',  ( -41.05758482405584431, 14.32079224645711868, 151.9650270833334957 ) ) ;
#708 = CARTESIAN_POINT ( 'NONE',  ( -37.17439046113300094, 11.60583840669954014, 156.8269137173719798 ) ) ;
#709 = CARTESIAN_POINT ( 'NONE',  ( -40.91847795180114389, 9.677498564326118213, 154.1386918993415236 ) ) ;
#710 = CARTESIAN_POINT ( 'NONE',  ( -34.81469370505485728, 9.519978813508039650, 160.1313708333335057 ) ) ;
#711 =( LENGTH_UNIT ( ) NAMED_UNIT ( * ) SI_UNIT ( .MILLI., .METRE. ) );
#712 = CARTESIAN_POINT ( 'NONE',  ( -37.34750864077344801, 12.73267376561813968, 165.0153932914614927 ) ) ;
#713 = CARTESIAN_POINT ( 'NONE',  ( -41.09800387325114457, 10.86214739821519970, 148.2940993055556191 ) ) ;
#714 = EDGE_CURVE ( 'NONE', #4482, #1131, #3654, .T. ) ;
#715 = CARTESIAN_POINT ( 'NONE',  ( -38.11200569753849976, 16.17502162723214809, 153.7861812500000269 ) ) ;
#716 = CARTESIAN_POINT ( 'NONE',  ( -32.78271816062734700, 13.18957736374315992, 154.2782637177405149 ) ) ;
#717 = CARTESIAN_POINT ( 'NONE',  ( -42.73286838047494740, 8.867641970263610673, 153.1101975694444945 ) ) ;
#718 = CARTESIAN_POINT ( 'NONE',  ( -39.83948889739130550, 9.963428115467261037, 151.7249955817279954 ) ) ;
#719 = CARTESIAN_POINT ( 'NONE',  ( -41.52022992635129839, 9.065764686241340797, 149.9583139383187813 ) ) ;
#720 = CARTESIAN_POINT ( 'NONE',  ( -32.81017184342075410, 12.92668642652255961, 154.5932999999999993 ) ) ;
#721 = ORIENTED_EDGE ( 'NONE', *, *, #3010, .F. ) ;
#722 = CARTESIAN_POINT ( 'NONE',  ( -39.58957145717315029, 15.67938479423069964, 150.6891416666665009 ) ) ;
#723 = CARTESIAN_POINT ( 'NONE',  ( -40.66231455425784702, 9.029700871890721459, 147.7454583333332039 ) ) ;
#724 = ORIENTED_EDGE ( 'NONE', *, *, #1422, .T. ) ;
#725 = CARTESIAN_POINT ( 'NONE',  ( -34.91705408222095741, 16.81975595774204990, 151.4560005208334985 ) ) ;
#726 = CARTESIAN_POINT ( 'NONE',  ( -40.44956180131559620, 10.70443670882375464, 146.5340376428524962 ) ) ;
#727 = CARTESIAN_POINT ( 'NONE',  ( -34.78431945355414712, 12.08352051877023925, 159.5751375081470087 ) ) ;
#728 = CARTESIAN_POINT ( 'NONE',  ( -35.56854162908285133, 11.18597545358699996, 153.1533643942775029 ) ) ;
#729 = VERTEX_POINT ( 'NONE', #3212 ) ;
#730 = DIRECTION ( 'NONE',  ( 0.8854855037441001775, 0.3027836952349070576, 0.3524733416287705867 ) ) ;
#731 = B_SPLINE_SURFACE_WITH_KNOTS ( 'NONE', 3, 3, ( 
 ( #268, #2788, #1731, #3125, #2768, #4261, #1373, #2838, #1216, #2688, #970, #2472 ),
 ( #827, #2314, #2423, #3863, #1832, #723, #4383, #3603, #1099, #2589, #4029, #2230 ),
 ( #323, #3679, #389, #3985, #1785, #3220, #3247, #2496, #1855, #3313, #1420, #3934 ),
 ( #1399, #2885, #4333, #2179, #3026, #4124, #1519, #1180, #3385, #3433, #1570, #1204 ) ),
 .UNSPECIFIED., .F., .F., .F.,
 ( 4, 4 ),
 ( 4, 1, 1, 1, 1, 1, 1, 1, 1, 4 ),
 ( 0.000000000000000000, 1.000000000000000000 ),
 ( 0.000000000000000000, 1.000000000000000000, 2.000000000000000000, 4.000000000000000000, 6.000000000000000000, 8.000000000000000000, 10.00000000000000000, 11.00000000000000000, 12.00000000000000000, 13.00000000000000000 ),
 .UNSPECIFIED. ) ;
#732 = CARTESIAN_POINT ( 'NONE',  ( -41.28860648321889215, 9.485683104727488768, 153.3579302401239772 ) ) ;
#733 = CARTESIAN_POINT ( 'NONE',  ( -33.97692325933581969, 13.27133848836105123, 156.3821190676607671 ) ) ;
#734 = CARTESIAN_POINT ( 'NONE',  ( -41.61048959861710017, 9.549666858687858806, 152.8820417897015034 ) ) ;
#735 = CARTESIAN_POINT ( 'NONE',  ( -34.66527229834535007, 10.48224151126293968, 160.3310999999999922 ) ) ;
#736 = CARTESIAN_POINT ( 'NONE',  ( -41.46364901017710025, 9.533003269542021485, 149.5800906249999969 ) ) ;
#737 = VECTOR ( 'NONE', #856, 1000.000000000000000 ) ;
#738 = CARTESIAN_POINT ( 'NONE',  ( -41.48961010441649933, 9.076872941627080138, 149.8687081831560022 ) ) ;
#739 = CARTESIAN_POINT ( 'NONE',  ( -35.57453145610605105, 15.79937932730270056, 154.2956802763434894 ) ) ;
#740 = CARTESIAN_POINT ( 'NONE',  ( -40.57584269382009978, 9.992940059109189477, 154.1625424404849980 ) ) ;
#741 = CARTESIAN_POINT ( 'NONE',  ( -37.77236758152675122, 15.94117124233885008, 155.1234449274384986 ) ) ;
#742 = CARTESIAN_POINT ( 'NONE',  ( -39.60969697116799892, 10.15594368004089887, 152.9225105083729943 ) ) ;
#743 = CARTESIAN_POINT ( 'NONE',  ( -33.74309096183223033, 13.09258447364994637, 156.1422128592149647 ) ) ;
#744 = CARTESIAN_POINT ( 'NONE',  ( -33.15100503742354476, 11.96248511874424025, 155.8807500000000061 ) ) ;
#745 = ORIENTED_EDGE ( 'NONE', *, *, #1060, .T. ) ;
#746 = VERTEX_POINT ( 'NONE', #4301 ) ;
#747 = ADVANCED_FACE ( 'NONE', ( #4665 ), #65, .T. ) ;
#748 = DIRECTION ( 'NONE',  ( 0.2867769709712615356, -0.9529542020951189407, 0.09816953514101768585 ) ) ;
#749 = CARTESIAN_POINT ( 'NONE',  ( -39.68585987338644827, 9.966198848030527913, 151.3031041582954970 ) ) ;
#750 = B_SPLINE_CURVE_WITH_KNOTS ( 'NONE', 3,
 ( #4511, #1237, #826, #2706, #1984 ),
 .UNSPECIFIED., .F., .F.,
 ( 4, 1, 4 ),
 ( 0.1577988064993385009, 0.2999999999999999889, 0.4236832581011544807 ),
 .UNSPECIFIED. ) ;
#751 = CARTESIAN_POINT ( 'NONE',  ( -39.07723111790799919, 10.19490360034217957, 151.7452417700305034 ) ) ;
#752 = VERTEX_POINT ( 'NONE', #3672 ) ;
#753 = CARTESIAN_POINT ( 'NONE',  ( -33.45519647589414802, 14.68063522172561974, 153.4994985129839904 ) ) ;
#754 = CARTESIAN_POINT ( 'NONE',  ( -34.09883384509683424, 13.41796012609412436, 156.4250550714772601 ) ) ;
#755 = CARTESIAN_POINT ( 'NONE',  ( -35.67251105673349798, 12.14600642417399889, 152.5898655978034810 ) ) ;
#756 = CARTESIAN_POINT ( 'NONE',  ( -35.77485003963799670, 11.91100227361184061, 162.7378999999999962 ) ) ;
#757 = ORIENTED_EDGE ( 'NONE', *, *, #2559, .F. ) ;
#758 = CARTESIAN_POINT ( 'NONE',  ( -36.87303418415494605, 13.56005301825621956, 161.8772999999999911 ) ) ;
#759 = CARTESIAN_POINT ( 'NONE',  ( -41.61756593426484585, 9.660859858388720411, 149.9486321566962204 ) ) ;
#760 = CARTESIAN_POINT ( 'NONE',  ( -45.31077941120020114, 7.958816354536379478, 159.2772937499999841 ) ) ;
#761 = CARTESIAN_POINT ( 'NONE',  ( -42.75179037658825365, 8.724300313779249194, 153.2306477864585190 ) ) ;
#762 = CARTESIAN_POINT ( 'NONE',  ( -42.80675570236954286, 9.016305490753049767, 153.2364553192385017 ) ) ;
#763 = B_SPLINE_SURFACE_WITH_KNOTS ( 'NONE', 3, 3, ( 
 ( #83, #1626, #3464, #2665, #4114, #107, #3419, #3040, #829 ),
 ( #516, #3086, #1943, #3786, #4513, #911, #870, #1584, #176 ),
 ( #1218, #1558, #3015, #1987, #2690, #4179, #1239, #4136, #851 ),
 ( #3827, #2342, #2407, #1603, #2708, #4155, #2390, #540, #1650 ),
 ( #3805, #3108, #3442, #4561, #152, #890, #1285, #2751, #4200 ),
 ( #3025, #3051, #504, #1592, #3752, #2327, #2979, #2255, #1878 ),
 ( #3773, #2281, #482, #1151, #4101, #3729, #1953, #4501, #1179 ),
 ( #459, #3362, #1930, #3384, #1051, #2699, #4455, #1203, #2892 ),
 ( #1542, #4145, #2552, #3701, #3001, #409, #1975, #4339, #4049 ),
 ( #1229, #2677, #3337, #46, #93, #4697, #1517, #1569, #4123 ),
 ( #840, #118, #861, #2353, #765, #1094, #3930, #2173, #3647 ),
 ( #1757, #362, #2834, #294, #1369, #3599, #3906, #265, #2926 ),
 ( #2492, #1466, #3264, #1727, #3216, #4736, #4379, #623, #4667 ) ),
 .UNSPECIFIED., .F., .F., .F.,
 ( 4, 1, 1, 1, 1, 1, 1, 1, 1, 1, 4 ),
 ( 4, 1, 1, 1, 1, 1, 4 ),
 ( 0.000000000000000000, 1.000000000000000000, 2.000000000000000000, 3.000000000000000000, 5.000000000000000000, 7.000000000000000000, 9.000000000000000000, 11.00000000000000000, 12.00000000000000000, 13.00000000000000000, 14.00000000000000000 ),
 ( 0.000000000000000000, 1.000000000000000000, 2.000000000000000000, 3.000000000000000000, 4.000000000000000000, 5.000000000000000000, 6.000000000000000000 ),
 .UNSPECIFIED. ) ;
#764 = CARTESIAN_POINT ( 'NONE',  ( -40.54397482422400145, 9.669386407356780566, 150.9286391455500222 ) ) ;
#765 = CARTESIAN_POINT ( 'NONE',  ( -41.36782358330244591, 9.832583875311369681, 149.2197085937499992 ) ) ;
#766 = ORIENTED_EDGE ( 'NONE', *, *, #2166, .F. ) ;
#767 = CARTESIAN_POINT ( 'NONE',  ( -38.53325589453775279, 16.38140657889879748, 151.2033361111110139 ) ) ;
#768 = DIRECTION ( 'NONE',  ( 0.3656150866411352895, 0.01415353698374996298, -0.9306585226662058563 ) ) ;
#769 = CARTESIAN_POINT ( 'NONE',  ( -42.11709516094614258, 13.19725350409152220, 152.2230733717754276 ) ) ;
#770 = DIRECTION ( 'NONE',  ( -0.8854855037441000665, -0.3027836952349065025, -0.3524733416287715304 ) ) ;
#771 = CARTESIAN_POINT ( 'NONE',  ( -39.10247270120340346, 10.12027701943615909, 153.1318531127660094 ) ) ;
#772 = ORIENTED_EDGE ( 'NONE', *, *, #2076, .F. ) ;
#773 = CARTESIAN_POINT ( 'NONE',  ( -42.20993286189325033, 11.74134642848805932, 151.7801166666664869 ) ) ;
#774 = ADVANCED_FACE ( 'NONE', ( #1090 ), #2581, .F. ) ;
#775 = CARTESIAN_POINT ( 'NONE',  ( -36.90494220630357347, 16.24030989681423520, 154.3169796949152612 ) ) ;
#776 = DIRECTION ( 'NONE',  ( 0.2867769709712615356, -0.9529542020951189407, 0.09816953514101768585 ) ) ;
#777 = CARTESIAN_POINT ( 'NONE',  ( -42.79238695862130726, 10.67348289344070800, 153.1305288616109408 ) ) ;
#778 = CARTESIAN_POINT ( 'NONE',  ( -35.75228130672070392, 8.882452115903609169, 163.0744249999999909 ) ) ;
#779 = CARTESIAN_POINT ( 'NONE',  ( -43.01298137102210006, 12.02779057585271971, 154.7870000000000061 ) ) ;
#780 = ORIENTED_EDGE ( 'NONE', *, *, #3364, .T. ) ;
#781 = CARTESIAN_POINT ( 'NONE',  ( -40.16583136036769730, 9.632917965173337649, 151.5072749467539666 ) ) ;
#782 = CARTESIAN_POINT ( 'NONE',  ( -32.93022349015169681, 12.19677614426134227, 155.2582728164344417 ) ) ;
#783 = CARTESIAN_POINT ( 'NONE',  ( -42.44665868352230120, 13.98723735035064131, 159.4839291666665133 ) ) ;
#784 = CARTESIAN_POINT ( 'NONE',  ( -37.36487340597019369, 15.52177039656129942, 156.5783176875599736 ) ) ;
#785 = CARTESIAN_POINT ( 'NONE',  ( -41.08011437443484226, 9.697494061672411902, 148.4784932291666166 ) ) ;
#786 = DIRECTION ( 'NONE',  ( 0.9403338014232502928, 0.2604202861819452375, -0.2189831419215028663 ) ) ;
#787 = PRESENTATION_STYLE_ASSIGNMENT (( #383 ) ) ;
#788 = CARTESIAN_POINT ( 'NONE',  ( -43.50324411425939530, 8.628182441692388238, 155.0390874999999937 ) ) ;
#789 = CARTESIAN_POINT ( 'NONE',  ( -39.52479044777430062, 10.13777812180441984, 152.4981407628145007 ) ) ;
#790 = CARTESIAN_POINT ( 'NONE',  ( -41.62634783765295055, 9.064084140113848775, 150.2519966416990087 ) ) ;
#791 = CARTESIAN_POINT ( 'NONE',  ( -33.54440127619039913, 12.62429281009499960, 156.2602083333335088 ) ) ;
#792 = EDGE_LOOP ( 'NONE', ( #3369, #2519, #1137, #2802 ) ) ;
#793 = ORIENTED_EDGE ( 'NONE', *, *, #2839, .F. ) ;
#794 = CARTESIAN_POINT ( 'NONE',  ( -40.90104963277360639, 9.619062714277648141, 151.4832374447384780 ) ) ;
#795 = CARTESIAN_POINT ( 'NONE',  ( -31.65943179421489617, 13.26070724962964142, 152.1179479166665089 ) ) ;
#796 = EDGE_LOOP ( 'NONE', ( #410, #1647, #1490, #2477 ) ) ;
#797 = CARTESIAN_POINT ( 'NONE',  ( -41.65364872536384411, 13.33372679499082025, 151.6230000000000189 ) ) ;
#798 = CARTESIAN_POINT ( 'NONE',  ( -37.59103965236099754, 16.54145536122159754, 152.4402598680215135 ) ) ;
#799 = B_SPLINE_CURVE_WITH_KNOTS ( 'NONE', 3,
 ( #1102, #3733, #3682, #2570, #3658, #1836, #4084, #3296, #1472, #2955, #2656, #4055, #52 ),
 .UNSPECIFIED., .F., .F.,
 ( 4, 2, 1, 1, 1, 2, 2, 4 ),
 ( 0.000000000000000000, 0.2500000000000235367, 0.3750000000000353051, 0.4375000000000385247, 0.4687500000000445755, 0.4843750000000481282, 0.5000000000000516254, 1.000000000000000000 ),
 .UNSPECIFIED. ) ;
#800 = CARTESIAN_POINT ( 'NONE',  ( -30.44950314311889983, 12.41786176157651944, 150.1576171172285115 ) ) ;
#801 = ADVANCED_FACE ( 'NONE', ( #3621 ), #338, .T. ) ;
#802 = CARTESIAN_POINT ( 'NONE',  ( -35.81288882946234509, 9.251356095515838263, 163.8138416666665194 ) ) ;
#803 = CARTESIAN_POINT ( 'NONE',  ( -43.45695136166304451, 13.23009837413338019, 162.2806354166665130 ) ) ;
#804 = CARTESIAN_POINT ( 'NONE',  ( -45.10309524808409520, 9.197227019707559847, 158.6805999999999983 ) ) ;
#805 = EDGE_CURVE ( 'NONE', #1457, #2386, #3718, .T. ) ;
#806 = CARTESIAN_POINT ( 'NONE',  ( -38.56180782552105057, 13.85245415882726050, 163.8368888888890069 ) ) ;
#807 = CARTESIAN_POINT ( 'NONE',  ( -39.89558614188484853, 15.45853504440040105, 151.5184350542385232 ) ) ;
#808 = CARTESIAN_POINT ( 'NONE',  ( -41.70532808442004580, 11.30386339228659942, 150.2070278879394891 ) ) ;
#809 = B_SPLINE_CURVE_WITH_KNOTS ( 'NONE', 3,
 ( #4219, #1739, #888, #273 ),
 .UNSPECIFIED., .F., .F.,
 ( 4, 4 ),
 ( 0.0008271596819960020438, 0.001330084511977357902 ),
 .UNSPECIFIED. ) ;
#810 = CARTESIAN_POINT ( 'NONE',  ( -30.71183902860089887, 10.79549791537322001, 150.5560153993365304 ) ) ;
#811 = CARTESIAN_POINT ( 'NONE',  ( -40.68693461006615308, 11.20713233125432851, 147.1043521316872500 ) ) ;
#812 = VECTOR ( 'NONE', #210, 1000.000000000000114 ) ;
#813 = DIRECTION ( 'NONE',  ( 0.000000000000000000, -0.1024736996026324037, -0.9947357140918131613 ) ) ;
#814 = COLOUR_RGB ( '',0.7921568627450980005, 0.8196078431372548767, 0.9333333333333333481 ) ;
#815 = CARTESIAN_POINT ( 'NONE',  ( -30.40517516281974864, 12.65288447622553925, 150.0535125000000107 ) ) ;
#816 = CARTESIAN_POINT ( 'NONE',  ( -38.96766364867460908, 16.06491950670683977, 153.5039591779228942 ) ) ;
#817 = CARTESIAN_POINT ( 'NONE',  ( -34.67789659793465518, 14.98012183246603968, 154.9112916666665001 ) ) ;
#818 = FACE_OUTER_BOUND ( 'NONE', #4308, .T. ) ;
#819 = CARTESIAN_POINT ( 'NONE',  ( -39.02716265219504521, 10.28358548451139853, 152.4598350614184881 ) ) ;
#820 = B_SPLINE_CURVE_WITH_KNOTS ( 'NONE', 3,
 ( #3126, #1278, #3397, #3551, #576, #4623 ),
 .UNSPECIFIED., .F., .F.,
 ( 4, 2, 4 ),
 ( 0.000000000000000000, 0.5000000000000000000, 1.000000000000000000 ),
 .UNSPECIFIED. ) ;
#821 = ORIENTED_EDGE ( 'NONE', *, *, #627, .T. ) ;
#822 = CARTESIAN_POINT ( 'NONE',  ( -41.95048036355684928, 10.42018947217122005, 150.7423895833335052 ) ) ;
#823 = CARTESIAN_POINT ( 'NONE',  ( -42.25003297077824982, 10.06318058443610219, 151.5859306697009856 ) ) ;
#824 = CARTESIAN_POINT ( 'NONE',  ( -35.98578964259299795, 9.170909575710739503, 164.3004302083335233 ) ) ;
#825 = VERTEX_POINT ( 'NONE', #1733 ) ;
#826 = CARTESIAN_POINT ( 'NONE',  ( -33.61505764847244393, 12.61994911081550086, 156.3764627089744863 ) ) ;
#827 = CARTESIAN_POINT ( 'NONE',  ( -41.47926458361850166, 8.923308545960288996, 149.9254410361282055 ) ) ;
#828 = CARTESIAN_POINT ( 'NONE',  ( -31.82346332974904968, 14.49235978279756054, 151.3737790541115089 ) ) ;
#829 = CARTESIAN_POINT ( 'NONE',  ( -40.81440546341080022, 14.47697857450628156, 151.2209657552084821 ) ) ;
#830 = CARTESIAN_POINT ( 'NONE',  ( -42.34744374922825472, 13.77698576541444098, 157.7916500000000042 ) ) ;
#831 = CARTESIAN_POINT ( 'NONE',  ( -40.96391477599044606, 9.815545862561279478, 153.5741887449995033 ) ) ;
#832 = CARTESIAN_POINT ( 'NONE',  ( -38.63598479849745360, 14.29507043288213985, 162.3513000000000090 ) ) ;
#833 = CARTESIAN_POINT ( 'NONE',  ( -41.71959692796665564, 10.07826054041539976, 150.1827832061239860 ) ) ;
#834 = EDGE_CURVE ( 'NONE', #1045, #3730, #4559, .T. ) ;
#835 = CARTESIAN_POINT ( 'NONE',  ( -30.85380465746805001, 10.78787608287603916, 150.8351492625509707 ) ) ;
#836 = CARTESIAN_POINT ( 'NONE',  ( -40.57227109306197832, 10.99963560546252062, 146.8052503155113584 ) ) ;
#837 = CARTESIAN_POINT ( 'NONE',  ( -42.93598182371074756, 10.67114969408804015, 153.5087541666665061 ) ) ;
#838 = CARTESIAN_POINT ( 'NONE',  ( -37.40823210849195135, 16.54853213078230212, 151.9749306045969774 ) ) ;
#839 = PLANE ( 'NONE',  #3348 ) ;
#840 = CARTESIAN_POINT ( 'NONE',  ( -40.98607660453674839, 9.991200996339570040, 148.1194671875000211 ) ) ;
#841 = CARTESIAN_POINT ( 'NONE',  ( -39.62433328857194681, 10.15509283514029981, 152.9570073870949898 ) ) ;
#842 = CARTESIAN_POINT ( 'NONE',  ( -34.47300363650250432, 15.63104533953174879, 153.4878833333334853 ) ) ;
#843 = CARTESIAN_POINT ( 'NONE',  ( -43.03503032202777945, 11.39273943328839245, 154.2426339930410109 ) ) ;
#844 = EDGE_LOOP ( 'NONE', ( #3707, #766, #2154, #1349, #1642 ) ) ;
#845 = CARTESIAN_POINT ( 'NONE',  ( -42.05911703573410421, 13.45630405708903865, 154.0454027777780084 ) ) ;
#846 = CARTESIAN_POINT ( 'NONE',  ( -33.80273982338560046, 14.87604888721953778, 153.9031897641644946 ) ) ;
#847 = CARTESIAN_POINT ( 'NONE',  ( -36.72606724059174610, 12.23642118381540023, 164.6293696788274872 ) ) ;
#848 = EDGE_LOOP ( 'NONE', ( #3677, #932, #4581, #2743 ) ) ;
#849 = CARTESIAN_POINT ( 'NONE',  ( -34.99502923756323725, 12.50817577161781635, 159.5771122591711446 ) ) ;
#850 = CARTESIAN_POINT ( 'NONE',  ( -32.45510641379554784, 14.91465595258253884, 151.8945602956640073 ) ) ;
#851 = CARTESIAN_POINT ( 'NONE',  ( -41.03657529048690122, 14.15525684558491903, 151.0984609375000218 ) ) ;
#852 = CARTESIAN_POINT ( 'NONE',  ( -37.59103965181255091, 16.54145536229044922, 152.4402598659300168 ) ) ;
#853 = CARTESIAN_POINT ( 'NONE',  ( -41.95367945653124764, 12.66068133746848012, 151.7418580428745258 ) ) ;
#854 = CARTESIAN_POINT ( 'NONE',  ( -36.94834874154724957, 15.22973200783054892, 157.1827499999999986 ) ) ;
#855 = CARTESIAN_POINT ( 'NONE',  ( -38.37329916306980238, 15.91086363944160098, 154.8846553064529985 ) ) ;
#856 = DIRECTION ( 'NONE',  ( 0.3656150866411370104, 0.01415353698374996472, -0.9306585226662051902 ) ) ;
#857 = CARTESIAN_POINT ( 'NONE',  ( -41.02457057040620469, 10.37030982406476021, 148.1376937499999826 ) ) ;
#858 = CARTESIAN_POINT ( 'NONE',  ( -40.59938372728468181, 11.05424536705058536, 146.8731989961664794 ) ) ;
#859 = CARTESIAN_POINT ( 'NONE',  ( -34.24645959036860177, 13.55445762578158053, 156.5018440708385015 ) ) ;
#860 = ADVANCED_FACE ( 'NONE', ( #397 ), #1842, .F. ) ;
#861 = CARTESIAN_POINT ( 'NONE',  ( -41.11234373815254628, 9.945208380714600338, 148.4868296875000055 ) ) ;
#862 = CARTESIAN_POINT ( 'NONE',  ( -39.55234157697374542, 9.965352839621868242, 152.9421444154015148 ) ) ;
#863 = CARTESIAN_POINT ( 'NONE',  ( -36.69941095420344368, 15.94232083160339997, 154.8119687500000055 ) ) ;
#864 = CARTESIAN_POINT ( 'NONE',  ( -43.88303121054966738, 9.972237363580969571, 155.9879416185504510 ) ) ;
#865 = ORIENTED_EDGE ( 'NONE', *, *, #1687, .F. ) ;
#866 = B_SPLINE_CURVE_WITH_KNOTS ( 'NONE', 3,
 ( #1389, #289, #595, #1294 ),
 .UNSPECIFIED., .F., .F.,
 ( 4, 4 ),
 ( 0.000000000000000000, 1.000000000000000000 ),
 .UNSPECIFIED. ) ;
#867 = FACE_OUTER_BOUND ( 'NONE', #700, .T. ) ;
#868 = ORIENTED_EDGE ( 'NONE', *, *, #4604, .T. ) ;
#869 = FACE_OUTER_BOUND ( 'NONE', #1814, .T. ) ;
#870 = CARTESIAN_POINT ( 'NONE',  ( -40.76804532593860131, 14.44896982029821864, 150.8060020833335102 ) ) ;
#871 = CARTESIAN_POINT ( 'NONE',  ( -42.14233404267869787, 13.46054801320024019, 154.5804500000000132 ) ) ;
#872 = CARTESIAN_POINT ( 'NONE',  ( -41.40880637432437794, 9.067925113933744896, 149.6537905436175322 ) ) ;
#873 = CARTESIAN_POINT ( 'NONE',  ( -36.30672460054039874, 15.12826435172154937, 156.7462333333335209 ) ) ;
#874 = LINE ( 'NONE', #3158, #2376 ) ;
#875 = CARTESIAN_POINT ( 'NONE',  ( -41.35250465315414914, 13.10412609791059957, 150.3730153585459846 ) ) ;
#876 = CARTESIAN_POINT ( 'NONE',  ( -40.74179177971134891, 9.456028371952518441, 151.4726868568430120 ) ) ;
#877 = CARTESIAN_POINT ( 'NONE',  ( -41.05629723062349967, 11.33612942033169979, 148.2153326997670035 ) ) ;
#878 = CARTESIAN_POINT ( 'NONE',  ( -39.68585987338644827, 9.966198848030527913, 151.3031041582954970 ) ) ;
#879 = CARTESIAN_POINT ( 'NONE',  ( -30.88434115168644922, 14.37178020463865913, 149.8110419918725995 ) ) ;
#880 = AXIS2_PLACEMENT_3D ( 'NONE', #2830, #2465, #2440 ) ;
#881 = CARTESIAN_POINT ( 'NONE',  ( -36.46989878464530221, 15.86177618450894755, 154.9077562500000056 ) ) ;
#882 = CARTESIAN_POINT ( 'NONE',  ( -43.93743991550891792, 9.588159316685491262, 156.0170221803553829 ) ) ;
#883 = EDGE_LOOP ( 'NONE', ( #1853, #3715, #3862, #2054, #1690, #3172, #4332, #2048, #1980, #2074, #2308, #3555, #3291, #4027, #334, #2293, #757, #3583, #1058, #2934 ) ) ;
#884 = ADVANCED_FACE ( 'NONE', ( #4366 ), #1107, .T. ) ;
#885 = CARTESIAN_POINT ( 'NONE',  ( -45.41342727198590268, 9.118515611125170395, 159.3954999999999984 ) ) ;
#886 = CARTESIAN_POINT ( 'NONE',  ( -40.39483562691079754, 15.22288774074664985, 152.9304799465844837 ) ) ;
#887 = ORIENTED_EDGE ( 'NONE', *, *, #834, .F. ) ;
#888 = CARTESIAN_POINT ( 'NONE',  ( -33.32080581203754832, 13.13492226374343907, 155.3195983785489886 ) ) ;
#889 = DIRECTION ( 'NONE',  ( -0.8854855037441005106, -0.3027836952349068911, -0.3524733416287698096 ) ) ;
#890 = CARTESIAN_POINT ( 'NONE',  ( -41.19687535323959793, 13.46831239865396057, 150.0993249999999932 ) ) ;
#891 = CARTESIAN_POINT ( 'NONE',  ( -41.59260570571544946, 14.13635337676920045, 155.5572999999999979 ) ) ;
#892 = CARTESIAN_POINT ( 'NONE',  ( -41.55147292300175366, 9.198966450888010016, 151.3426023847779902 ) ) ;
#893 = LINE ( 'NONE', #2392, #4556 ) ;
#894 = CARTESIAN_POINT ( 'NONE',  ( -33.40582341564444846, 11.85864209498125987, 156.4791500000000042 ) ) ;
#895 = CARTESIAN_POINT ( 'NONE',  ( -35.39488448035067591, 14.06402817023928620, 157.6794620182930373 ) ) ;
#896 = CARTESIAN_POINT ( 'NONE',  ( -35.54468647151924898, 15.65825881213970128, 154.8425128790655094 ) ) ;
#897 = B_SPLINE_CURVE_WITH_KNOTS ( 'NONE', 3,
 ( #2237, #3197, #4291, #3964 ),
 .UNSPECIFIED., .F., .F.,
 ( 4, 4 ),
 ( 0.000000000000000000, 1.000000000000000000 ),
 .UNSPECIFIED. ) ;
#898 = CARTESIAN_POINT ( 'NONE',  ( -41.05327397548325052, 10.81822604314866076, 148.1670623648236074 ) ) ;
#899 = CARTESIAN_POINT ( 'NONE',  ( -36.40807279326670454, 12.41971775278016032, 163.4838499999999897 ) ) ;
#900 = CARTESIAN_POINT ( 'NONE',  ( -33.45205287746914991, 13.63060893947255892, 155.0965265581714903 ) ) ;
#901 = CARTESIAN_POINT ( 'NONE',  ( -39.76765716605049761, 10.13798930247410190, 153.2096632043055138 ) ) ;
#902 = CARTESIAN_POINT ( 'NONE',  ( -35.70036620052010079, 16.34279429704439934, 153.0949999999999989 ) ) ;
#903 = CARTESIAN_POINT ( 'NONE',  ( -42.85602890610284987, 11.00083091037505945, 153.4370681394480016 ) ) ;
#904 = CARTESIAN_POINT ( 'NONE',  ( -31.40297570391105353, 11.71472227203834038, 152.1629833333335000 ) ) ;
#905 = VERTEX_POINT ( 'NONE', #1080 ) ;
#906 = CARTESIAN_POINT ( 'NONE',  ( -33.63386514135650174, 13.62120330205792129, 155.5622114036805215 ) ) ;
#907 = ORIENTED_EDGE ( 'NONE', *, *, #1638, .T. ) ;
#908 = CARTESIAN_POINT ( 'NONE',  ( -30.58107897067299774, 12.48019326364329906, 150.3883792460289897 ) ) ;
#909 = EDGE_CURVE ( 'NONE', #3007, #1045, #680, .T. ) ;
#910 = CARTESIAN_POINT ( 'NONE',  ( -42.10400060845010017, 9.327526575601998715, 152.1673401912919985 ) ) ;
#911 = CARTESIAN_POINT ( 'NONE',  ( -40.64416567575789685, 14.52622607224605922, 150.4326979166664842 ) ) ;
#912 = CARTESIAN_POINT ( 'NONE',  ( -38.63687632769744340, 16.17989981972304747, 151.4866437597054869 ) ) ;
#913 = CARTESIAN_POINT ( 'NONE',  ( -41.09982817439839664, 14.34417916822900096, 152.3765708333334885 ) ) ;
#914 = CARTESIAN_POINT ( 'NONE',  ( -40.54788927242990582, 9.098684349719675879, 147.4374302906056755 ) ) ;
#915 = CARTESIAN_POINT ( 'NONE',  ( -39.13587200694725254, 14.64841029368492009, 161.4325249999999983 ) ) ;
#916 = CARTESIAN_POINT ( 'NONE',  ( -33.24360045890424686, 13.14284807227009999, 155.1710004988414937 ) ) ;
#917 = CARTESIAN_POINT ( 'NONE',  ( -35.56507848673316374, 13.85217740026930677, 158.4210707398069076 ) ) ;
#918 = LINE ( 'NONE', #2037, #2372 ) ;
#919 = ADVANCED_FACE ( 'NONE', ( #2596 ), #3321, .F. ) ;
#920 = CARTESIAN_POINT ( 'NONE',  ( -32.81253692397564237, 12.20666345338811531, 155.0104602526155020 ) ) ;
#921 = CARTESIAN_POINT ( 'NONE',  ( -31.62554266512165313, 13.65654138573359866, 151.7606062500000235 ) ) ;
#922 = CARTESIAN_POINT ( 'NONE',  ( -37.01069893352769924, 12.21617942472870055, 165.3732541536469967 ) ) ;
#923 = CARTESIAN_POINT ( 'NONE',  ( -40.87288318252752362, 14.77716139574764043, 152.7358972953097691 ) ) ;
#924 = CARTESIAN_POINT ( 'NONE',  ( -41.96885366465650691, 9.331576549480811167, 151.8118572861235123 ) ) ;
#925 = CARTESIAN_POINT ( 'NONE',  ( -39.53952215609324838, 9.965572188208101423, 152.9068250515300065 ) ) ;
#926 = CARTESIAN_POINT ( 'NONE',  ( -35.64163832221110084, 17.03843213431050074, 151.1900167026570330 ) ) ;
#927 = CARTESIAN_POINT ( 'NONE',  ( -43.48341468963231193, 11.05860828588226674, 155.4320322276794855 ) ) ;
#928 = ORIENTED_EDGE ( 'NONE', *, *, #3355, .T. ) ;
#929 = FACE_OUTER_BOUND ( 'NONE', #3458, .T. ) ;
#930 = CARTESIAN_POINT ( 'NONE',  ( -40.42429206185924784, 11.61881836667521917, 146.3775166666665939 ) ) ;
#931 = DIRECTION ( 'NONE',  ( -0.8854855037441003995, -0.3027836952349066135, -0.3524733416287706422 ) ) ;
#932 = ORIENTED_EDGE ( 'NONE', *, *, #2497, .F. ) ;
#933 = CARTESIAN_POINT ( 'NONE',  ( -31.76391767550594381, 14.38172692414364029, 151.3797166103889822 ) ) ;
#934 = CARTESIAN_POINT ( 'NONE',  ( -41.47418993208034976, 9.482610901789129798, 153.8702418300164823 ) ) ;
#935 = CARTESIAN_POINT ( 'NONE',  ( -41.65522053721284834, 9.178706282797060467, 151.4490041744629991 ) ) ;
#936 = CARTESIAN_POINT ( 'NONE',  ( -40.09841519417395261, 14.98640641088080017, 149.3990403377068219 ) ) ;
#937 = CARTESIAN_POINT ( 'NONE',  ( -41.47418993208034976, 9.482610901789129798, 153.8702418300164823 ) ) ;
#938 = CARTESIAN_POINT ( 'NONE',  ( -33.21635729928044611, 11.13155821816140012, 156.3036770833334970 ) ) ;
#939 = CARTESIAN_POINT ( 'NONE',  ( -35.56207750401599554, 13.88355875927168270, 158.3501620241305829 ) ) ;
#940 = CARTESIAN_POINT ( 'NONE',  ( -32.78271816062734700, 13.18957736374315992, 154.2782637177405149 ) ) ;
#941 = EDGE_CURVE ( 'NONE', #3762, #1236, #2961, .T. ) ;
#942 = CARTESIAN_POINT ( 'NONE',  ( -31.09677176808665067, 13.21849746089838185, 151.0600083333334851 ) ) ;
#943 = CARTESIAN_POINT ( 'NONE',  ( -36.27249056466174437, 12.64167426995233789, 162.7238458333334847 ) ) ;
#944 = CARTESIAN_POINT ( 'NONE',  ( -41.28429584290225307, 14.28505837457782057, 152.5667872834775096 ) ) ;
#945 = CARTESIAN_POINT ( 'NONE',  ( -38.23191172227389956, 16.15913669762525018, 153.7336458333335258 ) ) ;
#946 = PLANE ( 'NONE',  #125 ) ;
#947 = CARTESIAN_POINT ( 'NONE',  ( -39.57159548088500145, 10.15659562119370030, 152.8175353763530211 ) ) ;
#948 = CARTESIAN_POINT ( 'NONE',  ( -36.97261787327420279, 15.88487901602469954, 155.1479361945779942 ) ) ;
#949 = CARTESIAN_POINT ( 'NONE',  ( -30.76767079222274859, 12.61191906562134157, 150.7296687500000303 ) ) ;
#950 = VERTEX_POINT ( 'NONE', #5 ) ;
#951 = CARTESIAN_POINT ( 'NONE',  ( -40.99532877605224712, 11.92174659267010028, 148.1560352430555838 ) ) ;
#952 = CARTESIAN_POINT ( 'NONE',  ( -41.38726014567585310, 9.102694496409680980, 149.5757749999999930 ) ) ;
#953 = AXIS2_PLACEMENT_3D ( 'NONE', #2220, #1111, #3969 ) ;
#954 = ORIENTED_EDGE ( 'NONE', *, *, #161, .T. ) ;
#955 = PLANE ( 'NONE',  #2959 ) ;
#956 = CARTESIAN_POINT ( 'NONE',  ( -40.48180653838075216, 14.68789945558865995, 150.2267239583335083 ) ) ;
#957 = LINE ( 'NONE', #3994, #3737 ) ;
#958 = CARTESIAN_POINT ( 'NONE',  ( -30.48912084957869695, 12.92173482647975824, 150.0713316967004971 ) ) ;
#959 = FACE_OUTER_BOUND ( 'NONE', #4082, .T. ) ;
#960 = CARTESIAN_POINT ( 'NONE',  ( -35.27123674849634938, 13.04733241459241988, 159.3713227205475107 ) ) ;
#961 = CARTESIAN_POINT ( 'NONE',  ( -41.51632894884700420, 9.293953034396698953, 152.1619948910755227 ) ) ;
#962 = B_SPLINE_CURVE_WITH_KNOTS ( 'NONE', 3,
 ( #106, #175, #493, #1583, #2707, #1259, #3039, #4154, #515, #2009 ),
 .UNSPECIFIED., .F., .F.,
 ( 4, 3, 3, 4 ),
 ( 0.000000000000000000, 0.0001487980246526550063, 0.0002631651542685280111, 0.0003775322895116469996 ),
 .UNSPECIFIED. ) ;
#963 = CARTESIAN_POINT ( 'NONE',  ( -32.61383489804619984, 14.93129069965936040, 152.1144313663054675 ) ) ;
#964 = CARTESIAN_POINT ( 'NONE',  ( -40.44402169047570084, 14.47579753389526225, 149.2134187837571915 ) ) ;
#965 = EDGE_CURVE ( 'NONE', #4286, #3410, #1946, .T. ) ;
#966 = DIRECTION ( 'NONE',  ( 0.2867769709721985083, -0.9529542020949710590, 0.09816953513971679590 ) ) ;
#967 = CARTESIAN_POINT ( 'NONE',  ( -35.14550685565374977, 14.73637004514135995, 156.0258624999999881 ) ) ;
#968 = CARTESIAN_POINT ( 'NONE',  ( -30.69725859312995198, 11.96380062079395934, 150.7171774305555232 ) ) ;
#969 = ORIENTED_EDGE ( 'NONE', *, *, #454, .T. ) ;
#970 = CARTESIAN_POINT ( 'NONE',  ( -39.59865645154975056, 9.171242197346199276, 145.4122633784300263 ) ) ;
#971 = EDGE_CURVE ( 'NONE', #3683, #4067, #2155, .T. ) ;
#972 = CARTESIAN_POINT ( 'NONE',  ( -36.33388918496360276, 16.50997860512934778, 152.9336606764614999 ) ) ;
#973 = CARTESIAN_POINT ( 'NONE',  ( -46.01884486692379994, 7.755993529714140244, 161.0896449652780120 ) ) ;
#974 = CARTESIAN_POINT ( 'NONE',  ( -40.53063212522334879, 9.734294562506921267, 147.0150854166666079 ) ) ;
#975 = CARTESIAN_POINT ( 'NONE',  ( -40.44478287182865017, 9.354602871989198931, 147.0175999999999874 ) ) ;
#976 = ORIENTED_EDGE ( 'NONE', *, *, #1221, .F. ) ;
#977 = CARTESIAN_POINT ( 'NONE',  ( -39.36108031735415125, 11.19770062515568121, 154.1596471345239934 ) ) ;
#978 = CARTESIAN_POINT ( 'NONE',  ( -41.77090264362384886, 9.362938465494400120, 153.5753236730205060 ) ) ;
#979 = CARTESIAN_POINT ( 'NONE',  ( -39.19936685183490255, 0.01358515054791611942, 163.3608334338100008 ) ) ;
#980 = CARTESIAN_POINT ( 'NONE',  ( -36.08927122051830594, 16.44001907488319958, 153.0286964452345160 ) ) ;
#981 = CARTESIAN_POINT ( 'NONE',  ( -40.37479135241629535, 10.05127761554373933, 154.1415188596939743 ) ) ;
#982 = CARTESIAN_POINT ( 'NONE',  ( -38.77597721059154878, 14.76254231261035876, 160.7148416666665014 ) ) ;
#983 = CARTESIAN_POINT ( 'NONE',  ( -35.31151146633231264, 14.07314872482637114, 157.5168485437771722 ) ) ;
#984 = ORIENTED_EDGE ( 'NONE', *, *, #3967, .F. ) ;
#985 = CARTESIAN_POINT ( 'NONE',  ( -42.52282679252756736, 10.05574252480722564, 152.3106244926873671 ) ) ;
#986 = CARTESIAN_POINT ( 'NONE',  ( -32.82439126514154992, 15.01115117911180086, 152.3219655023589780 ) ) ;
#987 = CARTESIAN_POINT ( 'NONE',  ( -42.52815971270590012, 11.07509798377019905, 162.2213205690714801 ) ) ;
#988 = CARTESIAN_POINT ( 'NONE',  ( -44.32345380569839932, 11.50382987660745826, 158.4745999999999810 ) ) ;
#989 = CARTESIAN_POINT ( 'NONE',  ( -40.77332829330009645, 14.50314198205951932, 151.0967174479164896 ) ) ;
#990 = CARTESIAN_POINT ( 'NONE',  ( -33.42640800222479669, 13.13577130377823998, 155.6363297601745046 ) ) ;
#991 = CARTESIAN_POINT ( 'NONE',  ( -40.73709352932775118, 9.680936685665260555, 153.6421987356440013 ) ) ;
#992 = EDGE_CURVE ( 'NONE', #2191, #1402, #1908, .T. ) ;
#993 = CARTESIAN_POINT ( 'NONE',  ( -36.97744682650005643, 16.18821669890120063, 154.1312125000000037 ) ) ;
#994 = CARTESIAN_POINT ( 'NONE',  ( -32.22594841794202125, 13.52904161478092782, 152.9546551223598954 ) ) ;
#995 = CARTESIAN_POINT ( 'NONE',  ( -32.15827144262049586, 10.49006112859035866, 153.6620791666665014 ) ) ;
#996 = ORIENTED_EDGE ( 'NONE', *, *, #3529, .F. ) ;
#997 = CARTESIAN_POINT ( 'NONE',  ( -41.51632894884700420, 9.293953034396698953, 152.1619948910755227 ) ) ;
#998 = CARTESIAN_POINT ( 'NONE',  ( -41.41960136167290329, 9.302597083000780032, 151.9633399622244951 ) ) ;
#999 = EDGE_CURVE ( 'NONE', #1190, #2558, #3148, .T. ) ;
#1000 = CARTESIAN_POINT ( 'NONE',  ( -36.11696425904489871, 11.16474514811134000, 154.5493521782775019 ) ) ;
#1001 = CARTESIAN_POINT ( 'NONE',  ( -41.34736597962172766, 10.77694931750232321, 149.0542216127845734 ) ) ;
#1002 = ORIENTED_EDGE ( 'NONE', *, *, #2527, .T. ) ;
#1003 = CARTESIAN_POINT ( 'NONE',  ( -40.73709352932775118, 9.680936685665260555, 153.6421987356440013 ) ) ;
#1004 = B_SPLINE_CURVE_WITH_KNOTS ( 'NONE', 3,
 ( #1187, #2290, #3009, #4109 ),
 .UNSPECIFIED., .F., .F.,
 ( 4, 4 ),
 ( 0.000000000000000000, 1.000000000000000000 ),
 .UNSPECIFIED. ) ;
#1005 = CARTESIAN_POINT ( 'NONE',  ( -41.60122262103590174, 9.312122334198202012, 152.5863634153849944 ) ) ;
#1006 = CARTESIAN_POINT ( 'NONE',  ( -40.20521987895035210, 9.690797445713529967, 146.3064374999999870 ) ) ;
#1007 = CARTESIAN_POINT ( 'NONE',  ( -33.27517377106294560, 14.45935439080894014, 153.5668563127280208 ) ) ;
#1008 = CARTESIAN_POINT ( 'NONE',  ( -39.80726051285294176, 10.19937798787105976, 153.9212682195079935 ) ) ;
#1009 = CARTESIAN_POINT ( 'NONE',  ( -34.67333037211039937, 12.93735174395560072, 158.1967124999999896 ) ) ;
#1010 = CARTESIAN_POINT ( 'NONE',  ( -39.51424008669074794, 9.966004780774669669, 152.8371692833815132 ) ) ;
#1011 = CARTESIAN_POINT ( 'NONE',  ( -34.65364668060899334, 14.18020036907394044, 156.2552939236110205 ) ) ;
#1012 = CARTESIAN_POINT ( 'NONE',  ( -39.84710234460888501, 15.61960480429229925, 153.1516937388441875 ) ) ;
#1013 = B_SPLINE_CURVE_WITH_KNOTS ( 'NONE', 3,
 ( #370, #3342, #3367, #4104 ),
 .UNSPECIFIED., .F., .F.,
 ( 4, 4 ),
 ( 0.000000000000000000, 1.000000000000000000 ),
 .UNSPECIFIED. ) ;
#1014 = LINE ( 'NONE', #291, #812 ) ;
#1015 = CARTESIAN_POINT ( 'NONE',  ( -40.99789280226969623, 9.804056031941058791, 153.5619123609539827 ) ) ;
#1016 = CARTESIAN_POINT ( 'NONE',  ( -41.73071176895072654, 10.45787830821237918, 150.1841899310768156 ) ) ;
#1017 = CARTESIAN_POINT ( 'NONE',  ( -32.13892755620814512, 14.31506628709022166, 152.0765472333744981 ) ) ;
#1018 = B_SPLINE_SURFACE_WITH_KNOTS ( 'NONE', 3, 1, ( 
 ( #1327, #4271 ),
 ( #3919, #2796 ),
 ( #2139, #3589 ),
 ( #636, #307 ),
 ( #253, #278 ),
 ( #3230, #1745 ),
 ( #4678, #78 ),
 ( #4367, #2938 ),
 ( #2661, #355 ),
 ( #1108, #444 ),
 ( #734, #2216 ),
 ( #1863, #3011 ),
 ( #1163, #1527 ),
 ( #4440, #1553 ),
 ( #4111, #1476 ),
 ( #2598, #3281 ),
 ( #4728, #2644 ),
 ( #3638, #3322 ),
 ( #1135, #1888 ) ),
 .UNSPECIFIED., .F., .F., .F.,
 ( 4, 1, 1, 1, 1, 1, 1, 1, 1, 1, 1, 1, 1, 1, 1, 1, 4 ),
 ( 2, 2 ),
 ( 0.000000000000000000, 0.06457807666956150161, 0.1273618049392171991, 0.1892498309078450014, 0.2496451899320434875, 0.3113080094601959891, 0.3723449477913000072, 0.4354381388662874608, 0.5000162155358230942, 0.5647520833385429873, 0.6276863121715869909, 0.6887688197335779527, 0.7497540717735220461, 0.8107393238135049973, 0.8723299033642389899, 0.9352641321972819943, 1.000000000000000000 ),
 ( 0.000000000000000000, 1.000000000000000000 ),
 .UNSPECIFIED. ) ;
#1019 = CARTESIAN_POINT ( 'NONE',  ( -31.22019875192914995, 14.33466851492915950, 150.4665644430220084 ) ) ;
#1020 = CARTESIAN_POINT ( 'NONE',  ( -31.38355290548309995, 11.06608406720659943, 152.0802298611110075 ) ) ;
#1021 = ORIENTED_EDGE ( 'NONE', *, *, #4168, .T. ) ;
#1022 = CARTESIAN_POINT ( 'NONE',  ( -41.57368434304125060, 9.484543874815729581, 152.1423609840474853 ) ) ;
#1023 = CARTESIAN_POINT ( 'NONE',  ( -40.14112633051774992, 9.593095340216549971, 146.2288580555591864 ) ) ;
#1024 = ORIENTED_EDGE ( 'NONE', *, *, #3967, .T. ) ;
#1025 = CARTESIAN_POINT ( 'NONE',  ( -41.41688649564875391, 14.08534667731822054, 153.0806624999999883 ) ) ;
#1026 = ADVANCED_FACE ( 'NONE', ( #3579 ), #3480, .F. ) ;
#1027 = CARTESIAN_POINT ( 'NONE',  ( -40.62615423697259587, 9.436531565925688980, 150.9456216385594871 ) ) ;
#1028 = AXIS2_PLACEMENT_3D ( 'NONE', #1317, #3597, #3546 ) ;
#1029 = CARTESIAN_POINT ( 'NONE',  ( -40.31743595822204895, 9.860686775124710479, 154.1611527667224948 ) ) ;
#1030 = CARTESIAN_POINT ( 'NONE',  ( -33.48776531810140256, 10.05999829015230063, 156.6151381944445120 ) ) ;
#1031 = VERTEX_POINT ( 'NONE', #997 ) ;
#1032 = CARTESIAN_POINT ( 'NONE',  ( -41.53018053445124735, 9.487073449486519650, 152.0398309921650082 ) ) ;
#1033 = CARTESIAN_POINT ( 'NONE',  ( -30.68646889594823435, 13.51398331342873682, 150.1228531542313362 ) ) ;
#1034 = CARTESIAN_POINT ( 'NONE',  ( -35.22668221152979839, 13.07075113143550027, 159.2246208280984945 ) ) ;
#1035 = CARTESIAN_POINT ( 'NONE',  ( -34.95078932248219417, 15.90496565644869698, 153.4678191146020083 ) ) ;
#1036 = CARTESIAN_POINT ( 'NONE',  ( -36.28546772900824635, 13.33483461571790052, 161.1649500000000046 ) ) ;
#1037 = B_SPLINE_CURVE_WITH_KNOTS ( 'NONE', 3,
 ( #1880, #2952, #2678, #2329, #3339, #119, #3794, #1143, #3671, #14, #4397, #3723, #3354, #1117, #2602, #3045, #1171, #477, #453, #4043, #1922, #1565, #524, #183, #920, #1611, #2780, #782, #3717, #2375, #502, #1174, #2652, #1589, #4012 ),
 .UNSPECIFIED., .F., .F.,
 ( 4, 1, 1, 1, 1, 1, 2, 2, 1, 1, 1, 1, 1, 1, 1, 2, 2, 1, 1, 1, 1, 1, 1, 1, 2, 2, 4 ),
 ( 0.000000000000000000, 0.1250000000083874296, 0.1875000000125891242, 0.2187500000146891665, 0.2343750000157319158, 0.2421875000162533043, 0.2460937500165077951, 0.2500000000167622582, 0.3750000000247586396, 0.4375000000287489477, 0.4687500000307356918, 0.4843750000317195159, 0.4921875000322201710, 0.4960937500324694160, 0.4980468750325863225, 0.4990234375326535465, 0.5000000000327207150, 0.6250000000242469378, 0.6875000000200101047, 0.7187500000178863591, 0.7343750000168285386, 0.7421875000162952984, 0.7460937500160287339, 0.7480468750158995039, 0.7490234375158348890, 0.7500000000157702740, 1.000000000000000000 ),
 .UNSPECIFIED. ) ;
#1038 = CARTESIAN_POINT ( 'NONE',  ( -43.47665110750799755, 12.37459566760900032, 157.2091999999999814 ) ) ;
#1039 = CARTESIAN_POINT ( 'NONE',  ( -41.27428359274895087, 10.26630496376493973, 148.8730000000000189 ) ) ;
#1040 = CARTESIAN_POINT ( 'NONE',  ( -37.78698191133855033, 16.79104998709495078, 150.5517730110470040 ) ) ;
#1041 = CARTESIAN_POINT ( 'NONE',  ( -42.28196512478106683, 9.039191422190095082, 151.9255740355517048 ) ) ;
#1042 = CARTESIAN_POINT ( 'NONE',  ( -41.68477082856064442, 9.240973437511859956, 150.3121999912085016 ) ) ;
#1043 = CARTESIAN_POINT ( 'NONE',  ( -42.44355978102180416, 10.43246226221230089, 152.0527724917095043 ) ) ;
#1044 = LINE ( 'NONE', #4047, #4253 ) ;
#1045 = VERTEX_POINT ( 'NONE', #654 ) ;
#1046 = CARTESIAN_POINT ( 'NONE',  ( -38.55721007122480160, 16.20317262871525088, 152.7503000000000100 ) ) ;
#1047 = CARTESIAN_POINT ( 'NONE',  ( -40.11971384209449809, 9.915560458421118994, 154.1162300473774849 ) ) ;
#1048 = CARTESIAN_POINT ( 'NONE',  ( -40.79914717390560241, 9.646619212371549068, 151.4530529498150031 ) ) ;
#1049 = CARTESIAN_POINT ( 'NONE',  ( -41.40565822119181405, 10.51043267405222537, 149.2290140673158874 ) ) ;
#1050 = ORIENTED_EDGE ( 'NONE', *, *, #3476, .F. ) ;
#1051 = CARTESIAN_POINT ( 'NONE',  ( -41.43237254515245382, 11.35403199562565923, 149.3409749999999860 ) ) ;
#1052 = CARTESIAN_POINT ( 'NONE',  ( -40.53230479054170132, 9.744209861897799030, 153.6581685064120109 ) ) ;
#1053 = CARTESIAN_POINT ( 'NONE',  ( -41.57955388459839696, 9.340335772622889721, 152.7969381122329935 ) ) ;
#1054 = CARTESIAN_POINT ( 'NONE',  ( -40.99477935379360360, 9.207222088543870697, 148.4721999999999866 ) ) ;
#1055 = CARTESIAN_POINT ( 'NONE',  ( -39.18755505753939872, 10.30922788728521944, 153.1772967825669980 ) ) ;
#1056 = EDGE_CURVE ( 'NONE', #1913, #638, #4073, .T. ) ;
#1057 = CARTESIAN_POINT ( 'NONE',  ( -33.42083696998825104, 11.05345001516123915, 156.7809333333335076 ) ) ;
#1058 = ORIENTED_EDGE ( 'NONE', *, *, #2580, .T. ) ;
#1059 = B_SPLINE_SURFACE_WITH_KNOTS ( 'NONE', 3, 3, ( 
 ( #1293, #233, #2737, #2761, #3140, #1334, #1722, #617, #1314, #3543, #2114, #4188, #899, #2039, #4640, #4592, #3837, #4571 ),
 ( #258, #2397, #550, #2437, #3567, #1700, #2460, #2782, #4231, #3498, #3182, #943, #1751, #3899, #3877, #594, #922, #2019 ),
 ( #3206, #2416, #4208, #3855, #2064, #2089, #3472, #3162, #1361, #3521, #4615, #2803, #4252, #185, #1658, #2827, #569, #4276 ),
 ( #2486, #3924, #642, #286, #2510, #3669, #2920, #3972, #4395, #1036, #1870, #693, #336, #3643, #3947, #712, #1114, #1774 ),
 ( #380, #4372, #2169, #4041, #2536, #3328, #3618, #1799, #1822, #3304, #758, #3694, #1086, #3260, #402, #4682, #1387, #4707 ),
 ( #4323, #4299, #2578, #4349, #669, #2146, #3594, #1438, #312, #3233, #2899, #1409, #1061, #3285, #4731, #3809, #4447, #1895 ),
 ( #4139, #1140, #4093, #873, #2369, #1992, #2649, #3378, #520, #35, #2712, #4469, #498, #806, #425, #1242, #86, #1198 ),
 ( #2299, #3068, #3352, #4070, #854, #1562, #4160, #2670, #3018, #4117, #1507, #832, #2969, #3746, #2994, #475, #4424, #2627 ),
 ( #3720, #2318, #3766, #62, #4517, #2693, #450, #1947, #2346, #1223, #135, #1168, #3400, #3789, #1967, #1586, #111, #1533 ),
 ( #3424, #3042, #1920, #784, #4495, #2273, #1607, #1716, #2754, #982, #2732, #545, #1288, #2393, #1309, #3516, #4610, #2013 ),
 ( #2775, #3920, #3871, #4566, #3177, #3447, #3112, #4539, #3090, #4634, #915, #158, #4225, #3896, #637, #179, #1695, #1355 ) ),
 .UNSPECIFIED., .F., .F., .F.,
 ( 4, 1, 1, 1, 1, 1, 1, 1, 4 ),
 ( 4, 1, 1, 1, 1, 1, 1, 1, 1, 1, 1, 1, 1, 1, 1, 4 ),
 ( 0.000000000000000000, 1.000000000000000000, 2.000000000000000000, 3.000000000000000000, 5.000000000000000000, 7.000000000000000000, 8.000000000000000000, 9.000000000000000000, 10.00000000000000000 ),
 ( 0.000000000000000000, 1.000000000000000000, 2.000000000000000000, 3.000000000000000000, 5.000000000000000000, 7.000000000000000000, 9.000000000000000000, 11.00000000000000000, 13.00000000000000000, 15.00000000000000000, 17.00000000000000000, 19.00000000000000000, 21.00000000000000000, 22.00000000000000000, 23.00000000000000000, 24.00000000000000000 ),
 .UNSPECIFIED. ) ;
#1060 = EDGE_CURVE ( 'NONE', #3437, #2382, #866, .T. ) ;
#1061 = CARTESIAN_POINT ( 'NONE',  ( -37.81493752035319744, 13.68580412563060023, 163.3189999999999884 ) ) ;
#1062 = CARTESIAN_POINT ( 'NONE',  ( -41.13051104572610228, 12.95408440465059918, 149.2085500000000025 ) ) ;
#1063 = B_SPLINE_CURVE_WITH_KNOTS ( 'NONE', 3,
 ( #823, #2684, #2310, #100 ),
 .UNSPECIFIED., .F., .F.,
 ( 4, 4 ),
 ( 0.000000000000000000, 1.000000000000000000 ),
 .UNSPECIFIED. ) ;
#1064 = CARTESIAN_POINT ( 'NONE',  ( -42.24138274173460417, 10.12214378167508144, 162.3194901042124911 ) ) ;
#1065 = CARTESIAN_POINT ( 'NONE',  ( -33.00933071716574574, 13.72298491942071941, 154.1973496508815060 ) ) ;
#1066 = CARTESIAN_POINT ( 'NONE',  ( -41.91564570338334761, 8.959178234924779716, 151.0472133797784977 ) ) ;
#1067 = CARTESIAN_POINT ( 'NONE',  ( -39.99991909180240413, 9.901826582460699910, 151.5956707916054995 ) ) ;
#1068 = CARTESIAN_POINT ( 'NONE',  ( -44.04162452171975417, 7.770159772450099922, 144.7471836071569840 ) ) ;
#1069 = CARTESIAN_POINT ( 'NONE',  ( -33.89087547951015011, 13.16806125356615986, 156.3622201388890005 ) ) ;
#1070 = ORIENTED_EDGE ( 'NONE', *, *, #4053, .F. ) ;
#1071 = CARTESIAN_POINT ( 'NONE',  ( -39.28025652568160098, 15.90082101359319822, 149.8305458333331899 ) ) ;
#1072 = CARTESIAN_POINT ( 'NONE',  ( -40.91847795180114389, 9.677498564326118213, 154.1386918993415236 ) ) ;
#1073 = CARTESIAN_POINT ( 'NONE',  ( -41.18900271414189973, 9.547935989267200441, 151.6339746460035087 ) ) ;
#1074 = CARTESIAN_POINT ( 'NONE',  ( -39.12733192378439639, 10.15130643859219894, 151.4683906970620058 ) ) ;
#1075 = CARTESIAN_POINT ( 'NONE',  ( -41.31444022782820724, 10.88334527335348945, 148.9605100666982764 ) ) ;
#1076 = VERTEX_POINT ( 'NONE', #3163 ) ;
#1077 = CARTESIAN_POINT ( 'NONE',  ( -40.43016132693635001, 9.774123627374049050, 153.6501625136665155 ) ) ;
#1078 = DIRECTION ( 'NONE',  ( 0.3656150866411352895, 0.01415353698374798019, -0.9306585226662058563 ) ) ;
#1079 = B_SPLINE_CURVE_WITH_KNOTS ( 'NONE', 3,
 ( #4715, #1540, #2200, #4355, #2999, #3728, #1444 ),
 .UNSPECIFIED., .F., .F.,
 ( 4, 1, 1, 1, 4 ),
 ( 0.3456401526788764889, 0.3750000000000000000, 0.6250000000000000000, 0.8750000000000000000, 1.000000000000000000 ),
 .UNSPECIFIED. ) ;
#1080 = CARTESIAN_POINT ( 'NONE',  ( -31.44216499400529585, 12.31765687333542125, 152.0847107843494825 ) ) ;
#1081 = LINE ( 'NONE', #755, #2296 ) ;
#1082 = CARTESIAN_POINT ( 'NONE',  ( -35.56235371133444545, 12.47106679058984113, 161.2215499999999793 ) ) ;
#1083 = ORIENTED_EDGE ( 'NONE', *, *, #1328, .F. ) ;
#1084 = PRODUCT_DEFINITION_FORMATION_WITH_SPECIFIED_SOURCE ( 'ANY', '', #2289, .NOT_KNOWN. ) ;
#1085 = CARTESIAN_POINT ( 'NONE',  ( -41.03257390163095408, 14.58388882554994126, 155.8044375000000059 ) ) ;
#1086 = CARTESIAN_POINT ( 'NONE',  ( -37.29740608540979707, 13.31619340892856052, 163.4021666666665169 ) ) ;
#1087 = CARTESIAN_POINT ( 'NONE',  ( -41.36782358330244591, 9.832583875311369681, 149.2197085937499992 ) ) ;
#1088 = B_SPLINE_CURVE_WITH_KNOTS ( 'NONE', 3,
 ( #4242, #2080, #3173, #3636, #4313, #1474, #3195, #1403, #4290, #2844, #3277, #3939, #1077, #1052, #2160, #1003, #1791, #1768, #3608 ),
 .UNSPECIFIED., .F., .F.,
 ( 4, 1, 1, 1, 1, 1, 1, 1, 1, 1, 1, 1, 1, 1, 1, 1, 4 ),
 ( 0.000000000000000000, 0.06442586240342630666, 0.1270616057900524065, 0.1888037580978284835, 0.2499147371362890058, 0.3105739008191275019, 0.3719591850856455162, 0.4349036618558350109, 0.4993295242592760141, 0.5639128058730299431, 0.6266986950844769533, 0.6882371762077430510, 0.7490786824772840413, 0.8099201887468230332, 0.8720587682248690520, 0.9348446574363149519, 1.000000000000000000 ),
 .UNSPECIFIED. ) ;
#1089 = ADVANCED_FACE ( 'NONE', ( #3184 ), #2871, .T. ) ;
#1090 = FACE_OUTER_BOUND ( 'NONE', #3013, .T. ) ;
#1091 = CARTESIAN_POINT ( 'NONE',  ( -42.75179037658825365, 8.724300313779249194, 153.2306477864585190 ) ) ;
#1092 = CARTESIAN_POINT ( 'NONE',  ( -41.72182346361780247, 10.91977418200377592, 150.1947063112725402 ) ) ;
#1093 = CARTESIAN_POINT ( 'NONE',  ( -37.65308490834900113, 16.02472344209125055, 154.8004820325854780 ) ) ;
#1094 = CARTESIAN_POINT ( 'NONE',  ( -41.49511131970400157, 9.756806413878051032, 149.5863968749999913 ) ) ;
#1095 = CARTESIAN_POINT ( 'NONE',  ( -41.58007529056479257, 9.064889542304509717, 150.1246415078680059 ) ) ;
#1096 = CARTESIAN_POINT ( 'NONE',  ( -32.21480835140980048, 14.33649138924105948, 152.1925562499999955 ) ) ;
#1097 = ORIENTED_EDGE ( 'NONE', *, *, #343, .T. ) ;
#1098 = CARTESIAN_POINT ( 'NONE',  ( -39.08490946379514952, 16.07781872869495388, 150.9390166666665039 ) ) ;
#1099 = CARTESIAN_POINT ( 'NONE',  ( -39.90816782125700257, 9.226120738557771261, 145.9755583333331970 ) ) ;
#1100 = CARTESIAN_POINT ( 'NONE',  ( -38.13491101910265257, 16.27868633300074919, 153.8343623000164939 ) ) ;
#1101 = CARTESIAN_POINT ( 'NONE',  ( -34.85898268080019591, 16.85245631810939670, 151.3397510416664886 ) ) ;
#1102 = CARTESIAN_POINT ( 'NONE',  ( -40.60869526293934939, 14.49863431099259969, 150.6864333857945155 ) ) ;
#1103 = PRODUCT_CONTEXT ( 'NONE', #2749, 'mechanical' ) ;
#1104 = VERTEX_POINT ( 'NONE', #4449 ) ;
#1105 = CARTESIAN_POINT ( 'NONE',  ( -34.65906174714120169, 15.82844173242080643, 153.0440083700203502 ) ) ;
#1106 = CARTESIAN_POINT ( 'NONE',  ( -41.51683847168669672, 9.380649217107450255, 153.0050630681589894 ) ) ;
#1107 = CYLINDRICAL_SURFACE ( 'NONE', #2126, 1.750000000000005551 ) ;
#1108 = CARTESIAN_POINT ( 'NONE',  ( -41.57419386588094312, 9.571240057526480882, 152.9854291611304689 ) ) ;
#1109 = CARTESIAN_POINT ( 'NONE',  ( -34.92946795093889278, 9.739510543446579405, 160.9677166666665187 ) ) ;
#1110 = ORIENTED_EDGE ( 'NONE', *, *, #483, .F. ) ;
#1111 = DIRECTION ( 'NONE',  ( 0.8854855037440991783, 0.3027836952349070576, 0.3524733416287735288 ) ) ;
#1112 =( NAMED_UNIT ( * ) PLANE_ANGLE_UNIT ( ) SI_UNIT ( $, .RADIAN. ) );
#1113 = VECTOR ( 'NONE', #776, 999.9999999999998863 ) ;
#1114 = CARTESIAN_POINT ( 'NONE',  ( -37.42956576586480111, 12.68640202086883839, 165.3050894714509980 ) ) ;
#1115 = CARTESIAN_POINT ( 'NONE',  ( -41.06104494605450128, 9.574328684391140598, 148.4757794270832107 ) ) ;
#1116 = VECTOR ( 'NONE', #11, 1000.000000000000000 ) ;
#1117 = CARTESIAN_POINT ( 'NONE',  ( -32.37355711399337110, 12.24343171386207096, 154.0850119272121503 ) ) ;
#1118 = CARTESIAN_POINT ( 'NONE',  ( -41.93181394535279338, 9.053182773412313367, 151.0385149540029772 ) ) ;
#1119 = CARTESIAN_POINT ( 'NONE',  ( -42.13050670208954784, 9.046231908195750293, 151.5320402777780089 ) ) ;
#1120 = CARTESIAN_POINT ( 'NONE',  ( -37.70431754587424678, 16.24214779054405255, 153.8244958333334864 ) ) ;
#1121 = CARTESIAN_POINT ( 'NONE',  ( -42.89343456448711578, 9.012332363189518247, 153.4510971920192333 ) ) ;
#1122 = LINE ( 'NONE', #1068, #1665 ) ;
#1123 = EDGE_CURVE ( 'NONE', #1300, #4669, #112, .T. ) ;
#1124 = CARTESIAN_POINT ( 'NONE',  ( -31.62695792684110074, 12.46702249447575994, 152.4484750000000020 ) ) ;
#1125 = ORIENTED_EDGE ( 'NONE', *, *, #1638, .F. ) ;
#1126 = CARTESIAN_POINT ( 'NONE',  ( -40.66262932036295297, 14.88480121957750058, 153.8755697916664928 ) ) ;
#1127 = DIRECTION ( 'NONE',  ( -0.3656150866411374545, -0.01415353698374987972, 0.9306585226662049681 ) ) ;
#1128 = CARTESIAN_POINT ( 'NONE',  ( -34.22607546154410585, 16.33677539388144950, 151.9570916666665141 ) ) ;
#1129 = CARTESIAN_POINT ( 'NONE',  ( -38.32896756796579751, 11.23765533846925990, 151.5324455729169983 ) ) ;
#1130 = CARTESIAN_POINT ( 'NONE',  ( -39.02366636169710290, 10.27139156243760176, 152.3312523513064889 ) ) ;
#1131 = VERTEX_POINT ( 'NONE', #160 ) ;
#1132 = CARTESIAN_POINT ( 'NONE',  ( -42.48811177586444643, 10.18876805742995906, 152.2065833333334979 ) ) ;
#1133 = CARTESIAN_POINT ( 'NONE',  ( -33.79525460721849583, 15.07378708643669896, 153.3718836136440018 ) ) ;
#1134 = DIRECTION ( 'NONE',  ( -0.2867769709712619242, 0.9529542020951188297, -0.09816953514101769973 ) ) ;
#1135 = CARTESIAN_POINT ( 'NONE',  ( -41.57368434304125060, 9.484543874815729581, 152.1423609840474853 ) ) ;
#1136 = CARTESIAN_POINT ( 'NONE',  ( -35.46383545748459909, 9.122280961054238801, 162.3695249999999817 ) ) ;
#1137 = ORIENTED_EDGE ( 'NONE', *, *, #1687, .T. ) ;
#1138 = CARTESIAN_POINT ( 'NONE',  ( -40.84369423857940262, 9.428471873858619290, 151.5028713517665153 ) ) ;
#1139 = CARTESIAN_POINT ( 'NONE',  ( -34.24645959036860177, 13.55445762578158053, 156.5018440708385015 ) ) ;
#1140 = CARTESIAN_POINT ( 'NONE',  ( -36.05607678665710125, 15.27263625475795017, 156.0892104166665035 ) ) ;
#1141 = CARTESIAN_POINT ( 'NONE',  ( -37.59103965236099754, 16.54145536122159754, 152.4402598680215135 ) ) ;
#1142 = CARTESIAN_POINT ( 'NONE',  ( -41.02457057040620469, 10.37030982406476021, 148.1376937499999826 ) ) ;
#1143 = CARTESIAN_POINT ( 'NONE',  ( -31.92935262011089392, 12.27839124843574581, 153.1267433183506910 ) ) ;
#1144 = CARTESIAN_POINT ( 'NONE',  ( -41.59158820702570125, 9.267765082653101061, 150.0483566207939816 ) ) ;
#1145 = CARTESIAN_POINT ( 'NONE',  ( -40.81440546313005058, 14.47697857468510030, 151.2209657543589856 ) ) ;
#1146 = B_SPLINE_CURVE_WITH_KNOTS ( 'NONE', 3,
 ( #1516, #2976, #387, #4431 ),
 .UNSPECIFIED., .F., .F.,
 ( 4, 4 ),
 ( 0.000000000000000000, 1.000000000000000000 ),
 .UNSPECIFIED. ) ;
#1147 = CARTESIAN_POINT ( 'NONE',  ( -41.47282514025695122, 9.296482609067489022, 152.0594648991929887 ) ) ;
#1148 = CARTESIAN_POINT ( 'NONE',  ( -43.28431449121915620, 10.52682660626510014, 154.4943000000000097 ) ) ;
#1149 = CARTESIAN_POINT ( 'NONE',  ( -41.53523601334655524, 9.065530794380141089, 149.9998799082175935 ) ) ;
#1150 = CARTESIAN_POINT ( 'NONE',  ( -31.83092260999879741, 13.22805000951669996, 152.4687749999999937 ) ) ;
#1151 = CARTESIAN_POINT ( 'NONE',  ( -41.25748635497235028, 12.18606483499965876, 149.0727500000000134 ) ) ;
#1152 = ORIENTED_EDGE ( 'NONE', *, *, #3476, .T. ) ;
#1153 = CARTESIAN_POINT ( 'NONE',  ( -39.48906398102595006, 9.918914148357519167, 152.3065042120859971 ) ) ;
#1154 = CARTESIAN_POINT ( 'NONE',  ( -30.52884592927744833, 11.98325686271359913, 150.3923583333335046 ) ) ;
#1155 = EDGE_CURVE ( 'NONE', #638, #487, #4471, .T. ) ;
#1156 = CARTESIAN_POINT ( 'NONE',  ( -38.51446747206973242, 16.21103354639844341, 153.6842222773878461 ) ) ;
#1157 = CARTESIAN_POINT ( 'NONE',  ( -32.76906909272614854, 15.22511724626449947, 151.9530539542894871 ) ) ;
#1158 = CARTESIAN_POINT ( 'NONE',  ( -34.23893177430849732, 14.47021021801382190, 155.3374189222805057 ) ) ;
#1159 = ORIENTED_EDGE ( 'NONE', *, *, #460, .F. ) ;
#1160 = CARTESIAN_POINT ( 'NONE',  ( -42.89237064359720364, 10.68945899677935962, 153.3853833333335217 ) ) ;
#1161 = CARTESIAN_POINT ( 'NONE',  ( -35.84731822303395177, 16.37082171556945198, 153.1226968459430111 ) ) ;
#1162 = ADVANCED_FACE ( 'NONE', ( #138 ), #1298, .F. ) ;
#1163 = CARTESIAN_POINT ( 'NONE',  ( -41.65389307357119719, 9.515001358772250839, 152.6723278829810226 ) ) ;
#1164 = CARTESIAN_POINT ( 'NONE',  ( -36.15898173129690463, 11.69294747803902013, 164.1116000000000099 ) ) ;
#1165 = CARTESIAN_POINT ( 'NONE',  ( -40.30061362737644970, 10.19727401683396018, 157.3793402504470009 ) ) ;
#1166 = CARTESIAN_POINT ( 'NONE',  ( -43.72527047274875400, 13.01630347351709993, 162.1600999999999999 ) ) ;
#1167 = CARTESIAN_POINT ( 'NONE',  ( -44.48276630376165031, 9.368148067188078798, 157.2650999999999897 ) ) ;
#1168 = CARTESIAN_POINT ( 'NONE',  ( -38.99790488891209606, 14.40699022310394106, 162.2690625000000182 ) ) ;
#1169 = CARTESIAN_POINT ( 'NONE',  ( -35.32183189494340070, 13.14776822191454464, 159.3040471971846159 ) ) ;
#1170 = CARTESIAN_POINT ( 'NONE',  ( -34.40226560500095587, 14.66773724655919864, 155.2762562023679891 ) ) ;
#1171 = CARTESIAN_POINT ( 'NONE',  ( -32.43265970248074836, 12.23855849304050025, 154.2103594194423408 ) ) ;
#1172 = CARTESIAN_POINT ( 'NONE',  ( -38.32802511295960102, 16.01696070647710002, 154.3758947916664965 ) ) ;
#1173 = CARTESIAN_POINT ( 'NONE',  ( -41.05836977543415145, 11.14093258049094182, 148.1955715383944039 ) ) ;
#1174 = CARTESIAN_POINT ( 'NONE',  ( -32.94734303403096476, 12.19533783648425818, 155.2943211637444847 ) ) ;
#1175 = CARTESIAN_POINT ( 'NONE',  ( -45.61705637967679650, 9.791273750875989279, 160.2867999999999995 ) ) ;
#1176 = CARTESIAN_POINT ( 'NONE',  ( -30.74892388280010280, 12.38595343770504087, 150.7225561421084876 ) ) ;
#1177 = CARTESIAN_POINT ( 'NONE',  ( -33.85854122866265214, 11.25217226765152034, 148.8006270358879704 ) ) ;
#1178 = CARTESIAN_POINT ( 'NONE',  ( -33.09644028417924488, 13.51692801838995983, 154.5713000000000079 ) ) ;
#1179 = CARTESIAN_POINT ( 'NONE',  ( -41.77153379280365186, 11.94891043224241933, 150.5507312500000126 ) ) ;
#1180 = CARTESIAN_POINT ( 'NONE',  ( -40.19062816926500403, 9.423754761687240133, 146.4298638888890025 ) ) ;
#1181 = CARTESIAN_POINT ( 'NONE',  ( -30.74149877587115043, 13.77077823341962137, 150.0583041666665167 ) ) ;
#1182 = CARTESIAN_POINT ( 'NONE',  ( -36.01375137205835131, 16.14407298920050238, 153.8103124999999807 ) ) ;
#1183 = CARTESIAN_POINT ( 'NONE',  ( -38.77342077027679323, 10.25639406240664009, 153.4919321533904792 ) ) ;
#1184 = APPLICATION_PROTOCOL_DEFINITION ( 'draft international standard', 'automotive_design', 1998, #2749 ) ;
#1185 = ORIENTED_EDGE ( 'NONE', *, *, #999, .F. ) ;
#1186 = CARTESIAN_POINT ( 'NONE',  ( -41.67596346417109743, 12.69897846666163943, 150.8200249999999869 ) ) ;
#1187 = CARTESIAN_POINT ( 'NONE',  ( -30.48912084957869695, 12.92173482647975824, 150.0713316967004971 ) ) ;
#1188 = CARTESIAN_POINT ( 'NONE',  ( -42.74532187409911899, 10.34694738849699647, 152.9352034281818362 ) ) ;
#1189 = CARTESIAN_POINT ( 'NONE',  ( -36.49766718444504932, 11.93538736487992047, 164.6221518620699840 ) ) ;
#1190 = VERTEX_POINT ( 'NONE', #1610 ) ;
#1191 = CARTESIAN_POINT ( 'NONE',  ( -40.69758225118769701, 9.675035238660949943, 151.4321981170839990 ) ) ;
#1192 = ADVANCED_FACE ( 'NONE', ( #522 ), #1720, .F. ) ;
#1193 = FACE_OUTER_BOUND ( 'NONE', #1549, .T. ) ;
#1194 = CARTESIAN_POINT ( 'NONE',  ( -42.63199893601260726, 13.83466604133706035, 159.4013874999999985 ) ) ;
#1195 = CARTESIAN_POINT ( 'NONE',  ( -40.99789280226969623, 9.804056031941058791, 153.5619123609539827 ) ) ;
#1196 = B_SPLINE_SURFACE_WITH_KNOTS ( 'NONE', 3, 3, ( 
 ( #2795, #1742, #2555, #1693, #1054, #252, #3893, #584, #4677, #4607, #4631 ),
 ( #2057, #3513, #3175, #3917, #224, #1326, #3254, #3198, #3965, #3559, #1793 ),
 ( #1429, #2845, #4244, #1352, #1405, #4292, #2819, #1006, #4269, #611, #3536 ),
 ( #1713, #2505, #2136, #3587, #306, #687, #3229, #2162, #3610, #2344, #2297 ) ),
 .UNSPECIFIED., .F., .F., .F.,
 ( 4, 4 ),
 ( 4, 1, 1, 1, 1, 1, 1, 1, 4 ),
 ( 0.000000000000000000, 1.000000000000000000 ),
 ( 0.000000000000000000, 1.000000000000000000, 2.000000000000000000, 4.000000000000000000, 6.000000000000000000, 8.000000000000000000, 10.00000000000000000, 12.00000000000000000, 13.00000000000000000 ),
 .UNSPECIFIED. ) ;
#1197 = CARTESIAN_POINT ( 'NONE',  ( -39.94256369760815062, 9.711235742041671060, 151.6153046986334800 ) ) ;
#1198 = CARTESIAN_POINT ( 'NONE',  ( -38.91540185121195350, 13.61398627435359998, 165.1013715277780136 ) ) ;
#1199 = CARTESIAN_POINT ( 'NONE',  ( -34.95670852548895624, 15.36917132032039923, 154.5318532807435190 ) ) ;
#1200 = CARTESIAN_POINT ( 'NONE',  ( -30.64637839172399936, 10.84250295188819813, 150.4441852663440216 ) ) ;
#1201 = VECTOR ( 'NONE', #1494, 999.9999999999998863 ) ;
#1202 = LINE ( 'NONE', #3771, #1277 ) ;
#1203 = CARTESIAN_POINT ( 'NONE',  ( -41.78316631432065265, 11.18304284253732028, 150.3193083333335096 ) ) ;
#1204 = CARTESIAN_POINT ( 'NONE',  ( -39.67042736387364954, 9.562249293231509739, 145.2794781249999971 ) ) ;
#1205 = VECTOR ( 'NONE', #1689, 1000.000000000000227 ) ;
#1206 = CARTESIAN_POINT ( 'NONE',  ( -30.92906941621009764, 14.48701204708154044, 149.7780690893775954 ) ) ;
#1207 = CARTESIAN_POINT ( 'NONE',  ( -36.63167688430629454, 15.76753681316425038, 155.3087510688660018 ) ) ;
#1208 = CARTESIAN_POINT ( 'NONE',  ( -43.69274816910071024, 10.61750176525895917, 155.7703632925777413 ) ) ;
#1209 = CARTESIAN_POINT ( 'NONE',  ( -38.97601179120184867, 10.05573997764993877, 152.1359543164944910 ) ) ;
#1210 = ORIENTED_EDGE ( 'NONE', *, *, #2642, .T. ) ;
#1211 = CARTESIAN_POINT ( 'NONE',  ( -42.71560782389684618, 10.10231809353241950, 152.8169722222220059 ) ) ;
#1212 = CARTESIAN_POINT ( 'NONE',  ( -34.54227936966505297, 15.59705770232329947, 153.6236221418620005 ) ) ;
#1213 = CARTESIAN_POINT ( 'NONE',  ( -35.27585013482959653, 10.09564052161830006, 162.5878000000000156 ) ) ;
#1214 = VERTEX_POINT ( 'NONE', #1244 ) ;
#1215 = CARTESIAN_POINT ( 'NONE',  ( -34.95829107081186748, 12.43526186506390019, 159.5875346064428300 ) ) ;
#1216 = CARTESIAN_POINT ( 'NONE',  ( -39.86245836052295033, 9.102026360527389670, 145.9838311326223845 ) ) ;
#1217 = CARTESIAN_POINT ( 'NONE',  ( -31.57341271270834682, 14.41163411662712157, 151.0224491509794973 ) ) ;
#1218 = CARTESIAN_POINT ( 'NONE',  ( -40.33851413334030411, 14.51748527881485984, 148.8244588294435857 ) ) ;
#1219 = CARTESIAN_POINT ( 'NONE',  ( -43.48682793596469764, 13.12973715462299928, 159.8595833333334895 ) ) ;
#1220 = CARTESIAN_POINT ( 'NONE',  ( -40.18906897091664376, 15.01292127324225056, 150.8591075501000205 ) ) ;
#1221 = EDGE_CURVE ( 'NONE', #2551, #1236, #474, .T. ) ;
#1222 = CARTESIAN_POINT ( 'NONE',  ( -42.08943614631005659, 9.145901744081349705, 152.3990118726194964 ) ) ;
#1223 = CARTESIAN_POINT ( 'NONE',  ( -38.53366742829844327, 14.69821716024149971, 160.7730250000000183 ) ) ;
#1224 = CARTESIAN_POINT ( 'NONE',  ( -38.36904943126644696, 15.98568801138119966, 154.4908622721910092 ) ) ;
#1225 = CARTESIAN_POINT ( 'NONE',  ( -41.91538674703340206, 10.37720124803276001, 150.6476662391190189 ) ) ;
#1226 = CARTESIAN_POINT ( 'NONE',  ( -40.43635225440264946, 9.545196095401179193, 151.4459956320399954 ) ) ;
#1227 = CARTESIAN_POINT ( 'NONE',  ( -40.44028459691266164, 10.67890343903556527, 146.5161653705595199 ) ) ;
#1228 = CARTESIAN_POINT ( 'NONE',  ( -39.43427731662254843, 15.77827805105054892, 152.7790337937475158 ) ) ;
#1229 = CARTESIAN_POINT ( 'NONE',  ( -41.02457057040620469, 10.37030982406476021, 148.1376937499999826 ) ) ;
#1230 = CARTESIAN_POINT ( 'NONE',  ( -30.67765140694284653, 13.77779593750311982, 149.9359812500000260 ) ) ;
#1231 = CARTESIAN_POINT ( 'NONE',  ( -35.66952767062674923, 15.98872746165305081, 153.9305500000000109 ) ) ;
#1232 = CARTESIAN_POINT ( 'NONE',  ( -42.91581597091793299, 11.20485720068355739, 153.7297589383202592 ) ) ;
#1233 = ORIENTED_EDGE ( 'NONE', *, *, #4604, .F. ) ;
#1234 = CARTESIAN_POINT ( 'NONE',  ( -41.36999183658949875, 9.443042101360539675, 151.1444586380949886 ) ) ;
#1235 = CARTESIAN_POINT ( 'NONE',  ( -35.27251910509470179, 9.137915944177938954, 161.5949562499999956 ) ) ;
#1236 = VERTEX_POINT ( 'NONE', #3898 ) ;
#1237 = CARTESIAN_POINT ( 'NONE',  ( -33.76496017620314660, 12.92355921788239925, 156.3695017559854819 ) ) ;
#1238 = CARTESIAN_POINT ( 'NONE',  ( -32.09001674020689876, 14.35013753014135851, 151.9589968886805025 ) ) ;
#1239 = CARTESIAN_POINT ( 'NONE',  ( -40.91461332497694769, 14.22975964112190006, 150.7244562500000029 ) ) ;
#1240 = CARTESIAN_POINT ( 'NONE',  ( -41.62634783765295055, 9.064084140113848775, 150.2519966416990087 ) ) ;
#1241 = CARTESIAN_POINT ( 'NONE',  ( -41.17235850358068205, 9.073213592503051927, 149.0144055633484754 ) ) ;
#1242 = CARTESIAN_POINT ( 'NONE',  ( -38.80855439038909793, 13.68532938129905929, 164.7216145833335190 ) ) ;
#1243 = CARTESIAN_POINT ( 'NONE',  ( -41.63690080625550394, 9.063884914314771279, 150.2808904347064924 ) ) ;
#1244 = CARTESIAN_POINT ( 'NONE',  ( -41.97330636215770028, 9.137672488510769853, 151.9798853955940103 ) ) ;
#1245 = LINE ( 'NONE', #4450, #2962 ) ;
#1246 = CARTESIAN_POINT ( 'NONE',  ( -34.12105723812804570, 13.61628358572595943, 156.2083708333335039 ) ) ;
#1247 = CARTESIAN_POINT ( 'NONE',  ( -40.81807799469950027, 11.34607859497243787, 147.4902582740656101 ) ) ;
#1248 = CARTESIAN_POINT ( 'NONE',  ( -41.10148830037014989, 14.29213514174296051, 152.1014580269929866 ) ) ;
#1249 = EDGE_CURVE ( 'NONE', #4622, #1104, #2205, .T. ) ;
#1250 = B_SPLINE_SURFACE_WITH_KNOTS ( 'NONE', 3, 1, ( 
 ( #3586, #1792 ),
 ( #2554, #2913 ),
 ( #305, #1404 ),
 ( #3609, #1769 ),
 ( #3228, #4315 ),
 ( #2187, #1027 ),
 ( #2528, #2161 ),
 ( #353, #3278 ),
 ( #4727, #1454 ),
 ( #2763, #3347 ),
 ( #1234, #3033 ),
 ( #4508, #4210 ),
 ( #3780, #4060 ),
 ( #3686, #1598 ),
 ( #4131, #443 ),
 ( #2617, #126 ),
 ( #924, #1526 ),
 ( #2264, #2960 ),
 ( #3738, #3057 ) ),
 .UNSPECIFIED., .F., .F., .F.,
 ( 4, 1, 1, 1, 1, 1, 1, 1, 1, 1, 1, 1, 1, 1, 1, 1, 4 ),
 ( 2, 2 ),
 ( 0.000000000000000000, 0.06373568578189550693, 0.1252514892284154191, 0.1859002543788650097, 0.2455328042205625061, 0.3056748104573699942, 0.3660953455038309934, 0.4279517697594674708, 0.4917325994632810171, 0.5557926114094899894, 0.6187558984627989922, 0.6806123227184389668, 0.7422714472140879982, 0.8043724559978029376, 0.8678214843840960091, 0.9329671225891329467, 1.000000000000000000 ),
 ( 0.000000000000000000, 1.000000000000000000 ),
 .UNSPECIFIED. ) ;
#1251 = CARTESIAN_POINT ( 'NONE',  ( -34.40984391608265014, 15.11744482729285011, 154.3060000000000116 ) ) ;
#1252 = CARTESIAN_POINT ( 'NONE',  ( -43.19894811488988751, 11.39155369180912736, 154.7829356328969368 ) ) ;
#1253 = ORIENTED_EDGE ( 'NONE', *, *, #1458, .F. ) ;
#1254 = CARTESIAN_POINT ( 'NONE',  ( -44.46479920306400402, 8.722066854959079407, 157.1939333333335185 ) ) ;
#1255 = LINE ( 'NONE', #4195, #1205 ) ;
#1256 = ORIENTED_EDGE ( 'NONE', *, *, #2383, .T. ) ;
#1257 = CARTESIAN_POINT ( 'NONE',  ( -32.06396265154080538, 14.35252131215952076, 151.9130790471870114 ) ) ;
#1258 = B_SPLINE_CURVE_WITH_KNOTS ( 'NONE', 3,
 ( #159, #4071, #3449, #807, #2995, #4425, #137, #2274, #2300, #1141 ),
 .UNSPECIFIED., .F., .F.,
 ( 4, 2, 2, 2, 4 ),
 ( 0.000000000000000000, 0.2500000000000000000, 0.5000000000000000000, 0.7500000000000000000, 1.000000000000000000 ),
 .UNSPECIFIED. ) ;
#1259 = CARTESIAN_POINT ( 'NONE',  ( -30.64375109286520171, 12.39714049545537833, 150.5239163053725235 ) ) ;
#1260 = CARTESIAN_POINT ( 'NONE',  ( -43.81547252025969641, 12.89698347426541858, 162.6700572916664953 ) ) ;
#1261 = CARTESIAN_POINT ( 'NONE',  ( -41.31263644239519550, 9.252451260941519706, 151.1640925451229975 ) ) ;
#1262 = CARTESIAN_POINT ( 'NONE',  ( -41.10148830037014989, 14.29213514174296051, 152.1014580269929866 ) ) ;
#1263 = CARTESIAN_POINT ( 'NONE',  ( -33.82317915533899821, 12.91912163484130005, 156.4903458333335209 ) ) ;
#1264 = CARTESIAN_POINT ( 'NONE',  ( -39.06107434026944247, 9.968288598173190351, 151.5355320031769963 ) ) ;
#1265 = CARTESIAN_POINT ( 'NONE',  ( -34.62916609103454846, 13.84354899660598193, 156.7474851713505188 ) ) ;
#1266 = CARTESIAN_POINT ( 'NONE',  ( -39.85758724004915621, 9.742950884457890481, 151.6749340645515076 ) ) ;
#1267 = CARTESIAN_POINT ( 'NONE',  ( -31.28182391660759620, 11.34777940100187976, 151.8829362832760239 ) ) ;
#1268 = CARTESIAN_POINT ( 'NONE',  ( -40.38377890622422228, 10.51372472389703283, 146.4163226815305450 ) ) ;
#1269 = CARTESIAN_POINT ( 'NONE',  ( -40.21202808359024772, 15.22996450923854894, 152.4651506852515013 ) ) ;
#1270 = CARTESIAN_POINT ( 'NONE',  ( -39.60969697116799892, 10.15594368004089887, 152.9225105083729943 ) ) ;
#1271 = CARTESIAN_POINT ( 'NONE',  ( -30.79845705310060211, 14.13748634514739955, 149.8706766653222076 ) ) ;
#1272 = CIRCLE ( 'NONE', #3950, 1.750000000000005773 ) ;
#1273 = EDGE_CURVE ( 'NONE', #729, #1323, #4401, .T. ) ;
#1274 = CARTESIAN_POINT ( 'NONE',  ( -34.50008403055365136, 14.25899285480675971, 155.8859947916665192 ) ) ;
#1275 = CARTESIAN_POINT ( 'NONE',  ( -43.68737670878508794, 10.63138077437896989, 155.7628828311846689 ) ) ;
#1276 = VERTEX_POINT ( 'NONE', #3519 ) ;
#1277 = VECTOR ( 'NONE', #3431, 1000.000000000000000 ) ;
#1278 = CARTESIAN_POINT ( 'NONE',  ( -37.34085450762599834, 16.57846039736465116, 152.5391094579770197 ) ) ;
#1279 = EDGE_CURVE ( 'NONE', #3629, #1859, #2760, .T. ) ;
#1280 = B_SPLINE_CURVE_WITH_KNOTS ( 'NONE', 3,
 ( #2746, #906, #2403, #3843 ),
 .UNSPECIFIED., .F., .F.,
 ( 4, 4 ),
 ( 0.000000000000000000, 1.000000000000000000 ),
 .UNSPECIFIED. ) ;
#1281 = CARTESIAN_POINT ( 'NONE',  ( -38.32896756796800020, 11.23765533846917997, 151.5324455729225122 ) ) ;
#1282 = ORIENTED_EDGE ( 'NONE', *, *, #1900, .T. ) ;
#1283 = DIRECTION ( 'NONE',  ( -0.3656150866411352340, -0.01415353698375293630, 0.9306585226662057453 ) ) ;
#1284 = FACE_OUTER_BOUND ( 'NONE', #844, .T. ) ;
#1285 = CARTESIAN_POINT ( 'NONE',  ( -41.32007109662440314, 13.40602522554775966, 150.4732500000000073 ) ) ;
#1286 = CARTESIAN_POINT ( 'NONE',  ( -41.41605423472584846, 14.12982844181325959, 153.3703050347220085 ) ) ;
#1287 = CARTESIAN_POINT ( 'NONE',  ( -41.22137663984218392, 9.071972503520187914, 149.1455518671364757 ) ) ;
#1288 = CARTESIAN_POINT ( 'NONE',  ( -39.46726241969729898, 14.30315580780023943, 162.9574291666665147 ) ) ;
#1289 = DIRECTION ( 'NONE',  ( -0.8854855037440999554, -0.3027836952349064470, -0.3524733416287719745 ) ) ;
#1290 = CARTESIAN_POINT ( 'NONE',  ( -35.53696141925605190, 13.65917500337620716, 158.7640636519726058 ) ) ;
#1291 = CARTESIAN_POINT ( 'NONE',  ( -39.61530290947435162, 9.510040146678651496, 148.7062449259383925 ) ) ;
#1292 = CARTESIAN_POINT ( 'NONE',  ( -32.08858492539864926, 14.22657615655854002, 152.0846544270835068 ) ) ;
#1293 = CARTESIAN_POINT ( 'NONE',  ( -34.17508695878889569, 13.58921492452980040, 156.3289365451389870 ) ) ;
#1294 = CARTESIAN_POINT ( 'NONE',  ( -34.05612423098810382, 14.47728698650555934, 154.8720896609480064 ) ) ;
#1295 = CARTESIAN_POINT ( 'NONE',  ( -39.47251903598594680, 9.956587401737888143, 152.6238753379369655 ) ) ;
#1296 = CARTESIAN_POINT ( 'NONE',  ( -39.90415911852439734, 9.883749990544828279, 151.1404591086880203 ) ) ;
#1297 = CARTESIAN_POINT ( 'NONE',  ( -30.44950314311889983, 12.41786176157651944, 150.1576171172285115 ) ) ;
#1298 = B_SPLINE_SURFACE_WITH_KNOTS ( 'NONE', 3, 1, ( 
 ( #3020, #4141 ),
 ( #1170, #3093 ),
 ( #3427, #1897 ),
 ( #2320, #4542 ),
 ( #2650, #1199 ),
 ( #896, #3353 ),
 ( #4118, #3450 ),
 ( #2301, #3747 ),
 ( #427, #452 ),
 ( #500, #4163 ) ),
 .UNSPECIFIED., .F., .F., .F.,
 ( 4, 2, 2, 2, 4 ),
 ( 2, 2 ),
 ( 0.000000000000000000, 0.2500000000000000000, 0.5000000000000000000, 0.7500000000000000000, 1.000000000000000000 ),
 ( 0.000000000000000000, 1.000000000000000000 ),
 .UNSPECIFIED. ) ;
#1299 = CARTESIAN_POINT ( 'NONE',  ( -43.62605154397336804, 10.77967970241160955, 155.6730632428083254 ) ) ;
#1300 = VERTEX_POINT ( 'NONE', #1291 ) ;
#1301 = EDGE_CURVE ( 'NONE', #1597, #3146, #4297, .T. ) ;
#1302 = ORIENTED_EDGE ( 'NONE', *, *, #3412, .F. ) ;
#1303 = LINE ( 'NONE', #2405, #1973 ) ;
#1304 = B_SPLINE_CURVE_WITH_KNOTS ( 'NONE', 3,
 ( #1015, #317, #1441, #1779, #4002, #2197, #3645, #3239, #3977, #2877, #1802, #3622, #4327, #339, #1825, #640, #401, #1867, #4680 ),
 .UNSPECIFIED., .F., .F.,
 ( 4, 1, 1, 1, 1, 1, 1, 1, 1, 1, 1, 1, 1, 1, 1, 1, 4 ),
 ( 0.000000000000000000, 0.06457807666956150161, 0.1273618049392171991, 0.1892498309078450014, 0.2496451899320434875, 0.3113080094601959891, 0.3723449477913000072, 0.4354381388662874608, 0.5000162155358230942, 0.5647520833385429873, 0.6276863121715869909, 0.6887688197335779527, 0.7497540717735220461, 0.8107393238135049973, 0.8723299033642389899, 0.9352641321972819943, 1.000000000000000000 ),
 .UNSPECIFIED. ) ;
#1305 = EDGE_CURVE ( 'NONE', #47, #3056, #3615, .T. ) ;
#1306 = CARTESIAN_POINT ( 'NONE',  ( -41.99802602865860734, 9.137424157700630545, 152.0496869199025127 ) ) ;
#1307 = CARTESIAN_POINT ( 'NONE',  ( -38.22115558276254887, 16.40903371973540104, 152.1907009572145171 ) ) ;
#1308 = CARTESIAN_POINT ( 'NONE',  ( -41.60784146232911951, 12.07035758556597393, 150.2569830353562281 ) ) ;
#1309 = CARTESIAN_POINT ( 'NONE',  ( -39.79148951702769921, 14.04569108775014108, 164.0740895833334889 ) ) ;
#1310 = CARTESIAN_POINT ( 'NONE',  ( -36.11696425904454344, 11.16474514811134000, 154.5493521782770188 ) ) ;
#1311 = CARTESIAN_POINT ( 'NONE',  ( -35.48994098566883793, 13.51662730632418175, 158.9571534877397028 ) ) ;
#1312 = CARTESIAN_POINT ( 'NONE',  ( -39.47219645074250138, 9.934840949433450419, 152.4118351862414897 ) ) ;
#1313 = CARTESIAN_POINT ( 'NONE',  ( -31.57341271270834682, 14.41163411662712157, 151.0224491509794973 ) ) ;
#1314 = CARTESIAN_POINT ( 'NONE',  ( -35.58104284552344865, 12.88179041655581969, 160.4485687499999926 ) ) ;
#1315 = CARTESIAN_POINT ( 'NONE',  ( -45.83855811551490689, 9.702610926829299487, 160.9146333333335122 ) ) ;
#1316 = CARTESIAN_POINT ( 'NONE',  ( -40.79301360635679430, 14.30288334391405947, 150.3503437500000075 ) ) ;
#1317 = CARTESIAN_POINT ( 'NONE',  ( -44.79816814770220645, 8.222900670384369448, 146.2588606299774199 ) ) ;
#1318 = LINE ( 'NONE', #1684, #2045 ) ;
#1319 = CARTESIAN_POINT ( 'NONE',  ( -32.23468251649071448, 14.05177027939035206, 152.5018351061223711 ) ) ;
#1320 = ORIENTED_EDGE ( 'NONE', *, *, #2611, .T. ) ;
#1321 = CARTESIAN_POINT ( 'NONE',  ( -40.00123985723480047, 10.01456141418661971, 145.7235125000000266 ) ) ;
#1322 = CARTESIAN_POINT ( 'NONE',  ( -34.61508485464505469, 11.70491316558579875, 150.3123040587085200 ) ) ;
#1323 = VERTEX_POINT ( 'NONE', #206 ) ;
#1324 = CARTESIAN_POINT ( 'NONE',  ( -30.90436647135600268, 13.85271242834465966, 150.2891861436040131 ) ) ;
#1325 = CARTESIAN_POINT ( 'NONE',  ( -41.63236930228869426, 9.420970305818348933, 153.7339626444999965 ) ) ;
#1326 = CARTESIAN_POINT ( 'NONE',  ( -40.75398913504894693, 9.403670519078879408, 147.7396666666666079 ) ) ;
#1327 = CARTESIAN_POINT ( 'NONE',  ( -40.99789280226969623, 9.804056031941058791, 153.5619123609539827 ) ) ;
#1328 = EDGE_CURVE ( 'NONE', #2104, #2386, #3280, .T. ) ;
#1329 = CARTESIAN_POINT ( 'NONE',  ( -34.16145707236475459, 13.17969750316250099, 156.8409541666665064 ) ) ;
#1330 = CARTESIAN_POINT ( 'NONE',  ( -38.97601179120184867, 10.05573997764993877, 152.1359543164944910 ) ) ;
#1331 = CARTESIAN_POINT ( 'NONE',  ( -43.92016472591915033, 8.959601517313240393, 155.9385540766415090 ) ) ;
#1332 = CARTESIAN_POINT ( 'NONE',  ( -41.48961010441649933, 9.076872941627080138, 149.8687081831560022 ) ) ;
#1333 = CARTESIAN_POINT ( 'NONE',  ( -31.80504293059739496, 13.62803351928294049, 152.1111479166664822 ) ) ;
#1334 = CARTESIAN_POINT ( 'NONE',  ( -34.89021464962134900, 13.23987723854476073, 158.1787604166665062 ) ) ;
#1335 = CARTESIAN_POINT ( 'NONE',  ( -40.69065937336250016, 14.55562498522441928, 150.8480690104165092 ) ) ;
#1336 = CARTESIAN_POINT ( 'NONE',  ( -41.45093967172019944, 10.07888902542642029, 149.4040711888594046 ) ) ;
#1337 = CARTESIAN_POINT ( 'NONE',  ( -40.58966018473594772, 9.934800702316829657, 153.6385345993840019 ) ) ;
#1338 = CARTESIAN_POINT ( 'NONE',  ( -40.09141181652584862, 9.817452287355299845, 151.0439025416119989 ) ) ;
#1339 = DIRECTION ( 'NONE',  ( 0.8854855037440999554, 0.3027836952349064470, 0.3524733416287719745 ) ) ;
#1340 = CARTESIAN_POINT ( 'NONE',  ( -30.69592619262814992, 11.18044968209077972, 150.6435326449014838 ) ) ;
#1341 = ORIENTED_EDGE ( 'NONE', *, *, #1710, .T. ) ;
#1342 = CARTESIAN_POINT ( 'NONE',  ( -37.91401010368009850, 16.31239247122444880, 153.2695028430635205 ) ) ;
#1343 = CARTESIAN_POINT ( 'NONE',  ( -36.58422342659334703, 16.55424643587770106, 152.8359885154599738 ) ) ;
#1344 = CARTESIAN_POINT ( 'NONE',  ( -39.85758724004915621, 9.742950884457879823, 151.6749340645515076 ) ) ;
#1345 = CARTESIAN_POINT ( 'NONE',  ( -45.94507878251660316, 8.320404561960989653, 160.6388055555555070 ) ) ;
#1346 = CARTESIAN_POINT ( 'NONE',  ( -41.01983590028375204, 11.40805578779780127, 148.0950194444444037 ) ) ;
#1347 = DIRECTION ( 'NONE',  ( 0.8854855037440998444, 0.3027836952349069466, 0.3524733416287719190 ) ) ;
#1348 = AXIS2_PLACEMENT_3D ( 'NONE', #4391, #1134, #418 ) ;
#1349 = ORIENTED_EDGE ( 'NONE', *, *, #3176, .F. ) ;
#1350 = CARTESIAN_POINT ( 'NONE',  ( -30.72461189351569644, 13.26604971695125990, 150.3538722222219803 ) ) ;
#1351 = CARTESIAN_POINT ( 'NONE',  ( -42.10388138441199857, 9.163274582220481079, 152.6098520350494709 ) ) ;
#1352 = CARTESIAN_POINT ( 'NONE',  ( -41.25948726634905483, 9.380252878539039330, 149.0836527777778144 ) ) ;
#1353 = CARTESIAN_POINT ( 'NONE',  ( -40.18667296624434471, 14.86035999830671983, 149.3511727324180072 ) ) ;
#1354 = DIRECTION ( 'NONE',  ( -0.1899874260112673630, -0.1570117862519289087, -0.9691501828589785816 ) ) ;
#1355 = CARTESIAN_POINT ( 'NONE',  ( -40.12701878224230256, 13.87653912963079961, 164.7803043836805159 ) ) ;
#1356 = CARTESIAN_POINT ( 'NONE',  ( -35.42879254843779080, 13.37268346796897234, 159.1126801390379910 ) ) ;
#1357 = VERTEX_POINT ( 'NONE', #3115 ) ;
#1358 = CARTESIAN_POINT ( 'NONE',  ( -41.78085249205885532, 9.926395595431108276, 150.3360565347342686 ) ) ;
#1359 = ADVANCED_FACE ( 'NONE', ( #3203 ), #591, .F. ) ;
#1360 = CARTESIAN_POINT ( 'NONE',  ( -32.56420203320190154, 14.66894143355795954, 152.3804210396795042 ) ) ;
#1361 = CARTESIAN_POINT ( 'NONE',  ( -35.81431592972030131, 13.17402040906767979, 160.4311374999999771 ) ) ;
#1362 = CARTESIAN_POINT ( 'NONE',  ( -38.12256139322660431, 16.09674085497010054, 154.1923708333335128 ) ) ;
#1363 = CARTESIAN_POINT ( 'NONE',  ( -44.11851129938290228, 12.55947408255052089, 160.4153000000000020 ) ) ;
#1364 = CARTESIAN_POINT ( 'NONE',  ( -40.00786574494161130, 15.51395974647419607, 153.0869301608976798 ) ) ;
#1365 = CARTESIAN_POINT ( 'NONE',  ( -40.14816740227509229, 9.625204184237770022, 146.2265802401224164 ) ) ;
#1366 = CARTESIAN_POINT ( 'NONE',  ( -39.47219645074250138, 9.934840949433439761, 152.4118351862414897 ) ) ;
#1367 = CARTESIAN_POINT ( 'NONE',  ( -40.08578982533844481, 10.07099057670106035, 153.4886336924295165 ) ) ;
#1368 = CARTESIAN_POINT ( 'NONE',  ( -36.16632812519220153, 16.72732072397565162, 152.2341604166665263 ) ) ;
#1369 = CARTESIAN_POINT ( 'NONE',  ( -41.33728043906734939, 9.596718740539579073, 149.2118674479166032 ) ) ;
#1370 = CARTESIAN_POINT ( 'NONE',  ( -30.93433864288104829, 13.74814096423012089, 150.4279999999999973 ) ) ;
#1371 = CARTESIAN_POINT ( 'NONE',  ( -32.17692776471070459, 10.36418587923790113, 153.6377604166664810 ) ) ;
#1372 = ORIENTED_EDGE ( 'NONE', *, *, #188, .T. ) ;
#1373 = CARTESIAN_POINT ( 'NONE',  ( -40.33233151826450325, 8.981146233171141802, 147.0318479166666350 ) ) ;
#1374 = CARTESIAN_POINT ( 'NONE',  ( -46.07947886380139835, 8.271541439221159919, 161.0125013888890066 ) ) ;
#1375 = CARTESIAN_POINT ( 'NONE',  ( -40.93094838473240316, 9.615525395932509767, 148.1092348958331968 ) ) ;
#1376 = CARTESIAN_POINT ( 'NONE',  ( -41.23634233536670024, 11.08409644863232657, 148.7389196735500434 ) ) ;
#1377 = ORIENTED_EDGE ( 'NONE', *, *, #714, .T. ) ;
#1378 = CARTESIAN_POINT ( 'NONE',  ( -40.93204524223595087, 14.34595326493169942, 151.3037024305554894 ) ) ;
#1379 = B_SPLINE_SURFACE_WITH_KNOTS ( 'NONE', 3, 3, ( 
 ( #4389, #2134, #3684, #707, #395, #1025, #4654, #4675, #304 ),
 ( #2186, #1378, #1815, #1453, #2911, #3963, #4364, #685, #2573 ),
 ( #2212, #3662, #373, #1839, #3299, #4, #76, #27, #845 ),
 ( #416, #4130, #466, #797, #3345, #2958, #1525, #1860, #3759 ),
 ( #1497, #1186, #2288, #2021, #1550, #1937, #2616, #3008, #3392 ),
 ( #99, #2659, #4438, #3318, #773, #4459, #1886, #3708, #3475 ),
 ( #4107, #2336, #55, #4058, #4483, #1575, #2641, #3779, #1160 ),
 ( #4087, #3736, #822, #552, #4417, #1132, #1211, #1914, #2263 ),
 ( #2986, #3031, #442, #3370, #2309, #2683, #1414, #4377, #4403 ),
 ( #2947, #361, #3674, #4329, #3598, #3240, #3332, #385, #3623 ),
 ( #1042, #4003, #2540, #3309, #1119, #2564, #1464, #717, #3978 ),
 ( #1874, #1393, #4045, #1066, #1850, #2902, #2604, #318, #761 ) ),
 .UNSPECIFIED., .F., .F., .F.,
 ( 4, 1, 1, 1, 1, 1, 1, 1, 1, 4 ),
 ( 4, 1, 1, 1, 1, 1, 4 ),
 ( 0.000000000000000000, 1.000000000000000000, 3.000000000000000000, 5.000000000000000000, 7.000000000000000000, 9.000000000000000000, 11.00000000000000000, 12.00000000000000000, 13.00000000000000000, 14.00000000000000000 ),
 ( 0.000000000000000000, 1.000000000000000000, 2.000000000000000000, 3.000000000000000000, 5.000000000000000000, 7.000000000000000000, 8.000000000000000000 ),
 .UNSPECIFIED. ) ;
#1380 = CARTESIAN_POINT ( 'NONE',  ( -41.59653767937694369, 9.324410518353230870, 152.6919617900094863 ) ) ;
#1381 = CARTESIAN_POINT ( 'NONE',  ( -31.13536930575160966, 14.16095562131805252, 150.4684727281467360 ) ) ;
#1382 = B_SPLINE_CURVE_WITH_KNOTS ( 'NONE', 3,
 ( #4470, #1609, #426, #1169, #1896, #3379, #87, #3540, #614, #2086, #4205, #1356, #547, #2756, #3832, #1311, #3633, #2733, #704, #1290, #3468, #4568, #255, #3178, #2777, #1697, #4227, #917, #3873, #939, #4185, #4272, #2433, #4612, #3092, #895, #3493, #983, #2394, #2015, #2413, #4635, #181, #1655, #2457, #1675, #2549, #590, #3137, #2061, #3989, #3518, #2183, #3851, #565, #229, #1632, #4541, #1265, #3114, #3159, #2036, #1717, #205 ),
 .UNSPECIFIED., .F., .F.,
 ( 4, 2, 1, 2, 2, 1, 1, 2, 2, 2, 2, 1, 1, 2, 2, 2, 2, 2, 2, 2, 2, 1, 1, 2, 2, 2, 2, 1, 1, 2, 2, 2, 2, 1, 2, 2, 4 ),
 ( 0.000000000000000000, 0.03125000000014251794, 0.04687500000021326690, 0.05468750000025325575, 0.06250000000029325153, 0.09375000000048717974, 0.1093750000005768719, 0.1171875000006217249, 0.1250000000006665779, 0.1875000000009396095, 0.2187500000010766665, 0.2343750000011443346, 0.2421875000011682877, 0.2460937500011696477, 0.2500000000011710077, 0.3125000000010318413, 0.3437500000009720558, 0.3593750000009524048, 0.3750000000009326984, 0.5000000000007510659, 0.5625000000006593615, 0.5937500000006039613, 0.6093750000005867529, 0.6171875000005780931, 0.6250000000005694334, 0.6875000000005444534, 0.7187500000005221379, 0.7343750000005019318, 0.7421875000004919398, 0.7460937500004867218, 0.7500000000004815037, 0.8125000000003637091, 0.8437500000003069767, 0.8593750000002730038, 0.8671875000002544631, 0.8750000000002359224, 1.000000000000000000 ),
 .UNSPECIFIED. ) ;
#1383 = CARTESIAN_POINT ( 'NONE',  ( -37.95210347614409585, 16.28576310144184802, 153.3690330385404934 ) ) ;
#1384 = CARTESIAN_POINT ( 'NONE',  ( -40.34084360466299302, 9.111578261881046359, 146.9577639500076884 ) ) ;
#1385 = CARTESIAN_POINT ( 'NONE',  ( -35.36904534714795290, 12.99596712181520175, 159.6873895833334984 ) ) ;
#1386 = CARTESIAN_POINT ( 'NONE',  ( -46.88770709917899637, 8.624039215658969582, 151.1636237306794897 ) ) ;
#1387 = CARTESIAN_POINT ( 'NONE',  ( -37.80042899682300117, 13.02145744548401929, 165.2305548611110169 ) ) ;
#1388 = CARTESIAN_POINT ( 'NONE',  ( -42.37452908254034867, 12.91994694204651850, 153.8602604166665060 ) ) ;
#1389 = CARTESIAN_POINT ( 'NONE',  ( -33.24360045890424686, 13.14284807227009999, 155.1710004988414937 ) ) ;
#1390 = CARTESIAN_POINT ( 'NONE',  ( -38.44651435241019755, 15.99995769256345035, 154.3236493055555059 ) ) ;
#1391 = FACE_BOUND ( 'NONE', #3102, .T. ) ;
#1392 = CARTESIAN_POINT ( 'NONE',  ( -40.89719437572239968, 9.838107682123530040, 153.5982950674394942 ) ) ;
#1393 = CARTESIAN_POINT ( 'NONE',  ( -41.68565186584395121, 9.022280654367611064, 150.4342468807240039 ) ) ;
#1394 = CARTESIAN_POINT ( 'NONE',  ( -37.04284052755895118, 15.73014879492944829, 155.6970460042195157 ) ) ;
#1395 = FACE_OUTER_BOUND ( 'NONE', #4488, .T. ) ;
#1396 = CARTESIAN_POINT ( 'NONE',  ( -30.54846096218249940, 11.19349990703472031, 150.3576661143584943 ) ) ;
#1397 = EDGE_CURVE ( 'NONE', #3482, #1276, #3160, .T. ) ;
#1398 = VERTEX_POINT ( 'NONE', #4206 ) ;
#1399 = CARTESIAN_POINT ( 'NONE',  ( -41.48961010441649933, 9.076872941627080138, 149.8687081831560022 ) ) ;
#1400 = CARTESIAN_POINT ( 'NONE',  ( -39.98105018512039521, 11.73197424122361987, 145.3006343750000156 ) ) ;
#1401 = CARTESIAN_POINT ( 'NONE',  ( -41.26693402460181659, 11.01310598846074562, 148.8256927488591543 ) ) ;
#1402 = VERTEX_POINT ( 'NONE', #1332 ) ;
#1403 = CARTESIAN_POINT ( 'NONE',  ( -39.93828355420079390, 9.901428772462990580, 153.4490487489535155 ) ) ;
#1404 = CARTESIAN_POINT ( 'NONE',  ( -40.20790431528205033, 9.567777252522679632, 150.9978443865915096 ) ) ;
#1405 = CARTESIAN_POINT ( 'NONE',  ( -41.04226927928469593, 9.452338069855551694, 148.4730833333331930 ) ) ;
#1406 = LINE ( 'NONE', #3966, #1661 ) ;
#1407 = CARTESIAN_POINT ( 'NONE',  ( -33.99396133166170131, 12.29106194728126056, 157.4688166666664983 ) ) ;
#1408 = CARTESIAN_POINT ( 'NONE',  ( -34.47324584111355250, 13.44314195882959950, 157.0648187500000006 ) ) ;
#1409 = CARTESIAN_POINT ( 'NONE',  ( -37.60319968562129844, 13.80945769105860066, 162.5568000000000097 ) ) ;
#1410 = CARTESIAN_POINT ( 'NONE',  ( -44.48648295167365063, 12.28554599900506084, 161.8012500000000102 ) ) ;
#1411 = CARTESIAN_POINT ( 'NONE',  ( -41.69539532491239697, 11.22753870952963950, 150.0748250000000041 ) ) ;
#1412 = CYLINDRICAL_SURFACE ( 'NONE', #4405, 1.750000000000005551 ) ;
#1413 = DIRECTION ( 'NONE',  ( 0.3656150866411370104, 0.01415353698374990400, -0.9306585226662051902 ) ) ;
#1414 = CARTESIAN_POINT ( 'NONE',  ( -42.68300030205700324, 9.571738196941700139, 152.7737333333334959 ) ) ;
#1415 = CARTESIAN_POINT ( 'NONE',  ( -42.25064819082235346, 10.81882794676347892, 151.5971809284204710 ) ) ;
#1416 = CARTESIAN_POINT ( 'NONE',  ( -30.64688512802209885, 12.62706249214950027, 150.5047749999999951 ) ) ;
#1417 = CARTESIAN_POINT ( 'NONE',  ( -31.68773702557030347, 10.62233436307291967, 152.5965666666665186 ) ) ;
#1418 = ORIENTED_EDGE ( 'NONE', *, *, #3066, .T. ) ;
#1419 = CARTESIAN_POINT ( 'NONE',  ( -39.18941155226369943, 15.72079143407714774, 154.5363354166665033 ) ) ;
#1420 = CARTESIAN_POINT ( 'NONE',  ( -39.68677647781984774, 9.421141782369279127, 145.3977826388889980 ) ) ;
#1421 = ORIENTED_EDGE ( 'NONE', *, *, #805, .F. ) ;
#1422 = EDGE_CURVE ( 'NONE', #2177, #4067, #918, .T. ) ;
#1423 = CARTESIAN_POINT ( 'NONE',  ( -40.03039735282995082, 12.10075677503433944, 145.4481475694444157 ) ) ;
#1424 = CARTESIAN_POINT ( 'NONE',  ( -36.31582820089804642, 16.29299186641394925, 153.5485778908670227 ) ) ;
#1425 = ORIENTED_EDGE ( 'NONE', *, *, #1929, .T. ) ;
#1426 = CARTESIAN_POINT ( 'NONE',  ( -32.18316626931225244, 13.24791964819289980, 153.0931694821600217 ) ) ;
#1427 = CARTESIAN_POINT ( 'NONE',  ( -41.03799653438854733, 9.579790955661419360, 153.5393644289604822 ) ) ;
#1428 = ADVANCED_FACE ( 'NONE', ( #2062 ), #4314, .T. ) ;
#1429 = CARTESIAN_POINT ( 'NONE',  ( -41.53879804065600467, 9.220026212197529603, 149.9252474522878060 ) ) ;
#1430 = AXIS2_PLACEMENT_3D ( 'NONE', #3440, #4444, #81 ) ;
#1431 = CARTESIAN_POINT ( 'NONE',  ( -41.04569954026189293, 9.634494237760378610, 154.0928840840990119 ) ) ;
#1432 = CARTESIAN_POINT ( 'NONE',  ( -34.37986371807284769, 9.647533901995270611, 158.6196374999999819 ) ) ;
#1433 = ORIENTED_EDGE ( 'NONE', *, *, #714, .F. ) ;
#1434 = B_SPLINE_CURVE_WITH_KNOTS ( 'NONE', 3,
 ( #3188, #4646, #3979, #650, #1804, #1781 ),
 .UNSPECIFIED., .F., .F.,
 ( 4, 2, 4 ),
 ( 0.000000000000000000, 0.5000000000000000000, 1.000000000000000000 ),
 .UNSPECIFIED. ) ;
#1435 = VECTOR ( 'NONE', #4406, 1000.000000000000000 ) ;
#1436 = CARTESIAN_POINT ( 'NONE',  ( -30.66412475241396862, 13.46626385574246321, 150.1115773317179958 ) ) ;
#1437 = CARTESIAN_POINT ( 'NONE',  ( -36.08927122051830594, 16.44001907488319958, 153.0286964452345160 ) ) ;
#1438 = CARTESIAN_POINT ( 'NONE',  ( -36.70229947261360337, 14.29541693194484075, 159.5320000000000107 ) ) ;
#1439 = B_SPLINE_CURVE_WITH_KNOTS ( 'NONE', 3,
 ( #4714, #1443, #4353, #1067, #4005, #718, #1829, #4078, #3049, #2585, #1951, #2278, #3023, #789, #2324, #1487, #3770, #3727, #742 ),
 .UNSPECIFIED., .F., .F.,
 ( 4, 1, 1, 1, 1, 1, 1, 1, 1, 1, 1, 1, 1, 1, 1, 1, 4 ),
 ( 0.000000000000000000, 0.06492905897034109697, 0.1283499713500216022, 0.1896903594158154960, 0.2511628432236300279, 0.3117776417785689813, 0.3734746368781345360, 0.4363730770795110070, 0.5007518194527359467, 0.5654960610381430941, 0.6282360296691349433, 0.6897295025460020712, 0.7505265103252259928, 0.8113235181044580191, 0.8727239849192929277, 0.9354639535502989878, 1.000000000000000000 ),
 .UNSPECIFIED. ) ;
#1440 = CARTESIAN_POINT ( 'NONE',  ( -41.74354612995569624, 9.992491135915459566, 150.2165625858350211 ) ) ;
#1441 = CARTESIAN_POINT ( 'NONE',  ( -41.09535192858280084, 9.770381796080439329, 153.5197305219325301 ) ) ;
#1442 = CARTESIAN_POINT ( 'NONE',  ( -41.72756397564206310, 10.72673516516697134, 150.1895153604054371 ) ) ;
#1443 = CARTESIAN_POINT ( 'NONE',  ( -40.15636262573835324, 9.846333365608840538, 151.5139948278244901 ) ) ;
#1444 = CARTESIAN_POINT ( 'NONE',  ( -40.93094838474254971, 9.615525395929340746, 148.1092348958619880 ) ) ;
#1445 = CARTESIAN_POINT ( 'NONE',  ( -33.84039008671235393, 13.19133832786564042, 156.2410555555555050 ) ) ;
#1446 = VERTEX_POINT ( 'NONE', #3060 ) ;
#1447 = CARTESIAN_POINT ( 'NONE',  ( -38.23690328406694761, 16.60452204358454864, 150.3406291666665311 ) ) ;
#1448 = CARTESIAN_POINT ( 'NONE',  ( -36.66561410660640519, 16.17896788408464914, 154.4100683577815118 ) ) ;
#1449 = CARTESIAN_POINT ( 'NONE',  ( -34.84995847312914918, 16.49328179187370225, 152.1602499999999907 ) ) ;
#1450 = CARTESIAN_POINT ( 'NONE',  ( -38.13491101910265257, 16.27868633300074919, 153.8343623000164939 ) ) ;
#1451 = CARTESIAN_POINT ( 'NONE',  ( -41.39420989084270985, 10.57338868845788049, 149.1931855282381889 ) ) ;
#1452 = EDGE_LOOP ( 'NONE', ( #2087, #3298, #821, #2228 ) ) ;
#1453 = CARTESIAN_POINT ( 'NONE',  ( -41.13426408733445072, 14.21818425890119997, 151.9241104166665082 ) ) ;
#1454 = CARTESIAN_POINT ( 'NONE',  ( -41.04315907951450271, 9.320088127094580344, 151.0334505283635167 ) ) ;
#1455 = CARTESIAN_POINT ( 'NONE',  ( -30.46667890754109820, 12.41602815947025817, 150.1899924855979975 ) ) ;
#1456 = CARTESIAN_POINT ( 'NONE',  ( -34.61882420314179853, 13.37127768766860036, 157.4348479166665129 ) ) ;
#1457 = VERTEX_POINT ( 'NONE', #3374 ) ;
#1458 = EDGE_CURVE ( 'NONE', #3730, #1496, #750, .T. ) ;
#1459 = CARTESIAN_POINT ( 'NONE',  ( -43.24812089052314690, 13.31847201221916066, 162.7800197048609903 ) ) ;
#1460 = B_SPLINE_SURFACE_WITH_KNOTS ( 'NONE', 3, 3, ( 
 ( #3122, #2467, #3905, #2515, #3573, #2072, #4575, #573, #3144, #948, #4596, #3167 ),
 ( #2765, #622, #293, #1726, #2095, #1756, #649, #3954, #3548, #4212, #2046, #264 ),
 ( #3187, #926, #2420, #4645, #1368, #2833, #4281, #993, #2491, #4004, #4430, #2879 ),
 ( #2199, #1828, #3624, #3288, #4735, #1465, #43, #2925, #4378, #1093, #2584, #741 ),
 ( #2226, #3675, #386, #1851, #4404, #19, #2948, #1120, #2605, #3430, #67, #142 ),
 ( #1537, #2065, #2461, #3473, #287, #186, #3900, #259, #1362, #2115, #3207, #855 ),
 ( #3019, #2347, #4140, #4518, #4094, #3401, #1969, #3426, #4496, #1224, #4448, #4162 ) ),
 .UNSPECIFIED., .F., .F., .F.,
 ( 4, 1, 1, 1, 4 ),
 ( 4, 1, 1, 1, 1, 1, 1, 1, 1, 4 ),
 ( 0.000000000000000000, 1.000000000000000000, 2.000000000000000000, 3.000000000000000000, 4.000000000000000000 ),
 ( 0.000000000000000000, 1.000000000000000000, 2.000000000000000000, 3.000000000000000000, 5.000000000000000000, 7.000000000000000000, 9.000000000000000000, 10.00000000000000000, 11.00000000000000000, 12.00000000000000000 ),
 .UNSPECIFIED. ) ;
#1461 = CARTESIAN_POINT ( 'NONE',  ( -34.17175510642769609, 13.59165602745822099, 156.3303791666665177 ) ) ;
#1462 = CARTESIAN_POINT ( 'NONE',  ( -41.81784135598364571, 10.49315044988403933, 150.3765968750000184 ) ) ;
#1463 = CARTESIAN_POINT ( 'NONE',  ( -43.77791188864055272, 8.405164337826779075, 155.7503250000000037 ) ) ;
#1464 = CARTESIAN_POINT ( 'NONE',  ( -42.59109419240670036, 8.910063845550059369, 152.7469152777780153 ) ) ;
#1465 = CARTESIAN_POINT ( 'NONE',  ( -36.80615449994104438, 16.59602650982279926, 152.6724999999999852 ) ) ;
#1466 = CARTESIAN_POINT ( 'NONE',  ( -40.97446890308449952, 9.601981571378148672, 148.2313424479165747 ) ) ;
#1467 = CARTESIAN_POINT ( 'NONE',  ( -41.59535443681340183, 9.064670151741282211, 150.1671459173579990 ) ) ;
#1468 = CARTESIAN_POINT ( 'NONE',  ( -32.34164913900330163, 14.31822878984533887, 152.4226187500000265 ) ) ;
#1469 = ORIENTED_EDGE ( 'NONE', *, *, #992, .T. ) ;
#1470 = CARTESIAN_POINT ( 'NONE',  ( -37.14424963562539972, 16.31517560889874829, 154.2241048221490303 ) ) ;
#1471 = FACE_OUTER_BOUND ( 'NONE', #1708, .T. ) ;
#1472 = CARTESIAN_POINT ( 'NONE',  ( -39.22091219567870723, 15.82892913030498150, 151.2518639819671193 ) ) ;
#1473 = ORIENTED_EDGE ( 'NONE', *, *, #4664, .F. ) ;
#1474 = CARTESIAN_POINT ( 'NONE',  ( -39.77836212973869578, 9.935312500930740143, 153.3107966908669937 ) ) ;
#1475 = CARTESIAN_POINT ( 'NONE',  ( -39.66500117507029444, 9.761569843472759800, 151.2930820665749820 ) ) ;
#1476 = CARTESIAN_POINT ( 'NONE',  ( -41.59615496746940266, 9.302717459784458853, 152.4802642990194670 ) ) ;
#1477 = CARTESIAN_POINT ( 'NONE',  ( -34.86310085592169372, 10.35248885500015881, 161.0858000000000061 ) ) ;
#1478 = CARTESIAN_POINT ( 'NONE',  ( -30.81730611230345218, 13.75286023366719412, 150.2028389463235385 ) ) ;
#1479 = CARTESIAN_POINT ( 'NONE',  ( -41.37072077907695444, 14.37300293260800110, 156.5035791666665261 ) ) ;
#1480 = EDGE_CURVE ( 'NONE', #2558, #4286, #2313, .T. ) ;
#1481 = CARTESIAN_POINT ( 'NONE',  ( -40.93094838473240316, 9.615525395932509767, 148.1092348958331968 ) ) ;
#1482 = CARTESIAN_POINT ( 'NONE',  ( -37.12250206625885340, 16.87252014740925077, 151.2760983491419893 ) ) ;
#1483 = CARTESIAN_POINT ( 'NONE',  ( -42.17394379635538115, 9.043375951442330418, 151.6506377776511272 ) ) ;
#1484 = EDGE_CURVE ( 'NONE', #3607, #1190, #3716, .T. ) ;
#1485 = CARTESIAN_POINT ( 'NONE',  ( -36.01637428451474676, 16.02632330746959965, 154.1255509108264903 ) ) ;
#1486 = CARTESIAN_POINT ( 'NONE',  ( -41.10305493445615355, 9.825085078179409237, 154.0732501770704914 ) ) ;
#1487 = CARTESIAN_POINT ( 'NONE',  ( -39.54507226368115624, 10.15357875071325822, 152.7107691858380178 ) ) ;
#1488 = CARTESIAN_POINT ( 'NONE',  ( -41.50514371572059247, 9.066025657171890018, 149.9167767706281893 ) ) ;
#1489 = CARTESIAN_POINT ( 'NONE',  ( -31.66855038786989951, 11.65237038851394047, 152.7441499999999905 ) ) ;
#1490 = ORIENTED_EDGE ( 'NONE', *, *, #3712, .T. ) ;
#1491 = CARTESIAN_POINT ( 'NONE',  ( -39.59823021382054975, 15.57563127087269805, 154.2212958333334996 ) ) ;
#1492 = FACE_OUTER_BOUND ( 'NONE', #537, .T. ) ;
#1493 = CARTESIAN_POINT ( 'NONE',  ( -35.03276290902335433, 16.75347593404135083, 151.6885890625000286 ) ) ;
#1494 = DIRECTION ( 'NONE',  ( 0.2867769709712615356, -0.9529542020951189407, 0.09816953514101768585 ) ) ;
#1495 = DIRECTION ( 'NONE',  ( 0.000000000000000000, 0.000000000000000000, 1.000000000000000000 ) ) ;
#1496 = VERTEX_POINT ( 'NONE', #1531 ) ;
#1497 = CARTESIAN_POINT ( 'NONE',  ( -41.63314445496400396, 12.71969926054861943, 150.6962000000000046 ) ) ;
#1498 = CARTESIAN_POINT ( 'NONE',  ( -34.35947182634450314, 15.60413447081520033, 153.1582928805290180 ) ) ;
#1499 = CARTESIAN_POINT ( 'NONE',  ( -33.85133228831565333, 13.08189017748890137, 156.3585247715379865 ) ) ;
#1500 = CARTESIAN_POINT ( 'NONE',  ( -42.75106029234238036, 10.39131333733081242, 152.9566510759345022 ) ) ;
#1501 = CARTESIAN_POINT ( 'NONE',  ( -35.87079198064959229, 10.56674624437851939, 164.4167083333335029 ) ) ;
#1502 = CARTESIAN_POINT ( 'NONE',  ( -44.00964672686009749, 12.17125318824107971, 158.6885000000000048 ) ) ;
#1503 = ORIENTED_EDGE ( 'NONE', *, *, #2330, .F. ) ;
#1504 = CARTESIAN_POINT ( 'NONE',  ( -40.81440546313005058, 14.47697857468510030, 151.2209657543589856 ) ) ;
#1505 = CARTESIAN_POINT ( 'NONE',  ( -43.26981607026029764, 13.28378026708261928, 162.9064052864584937 ) ) ;
#1506 = VECTOR ( 'NONE', #1702, 999.9999999999998863 ) ;
#1507 = CARTESIAN_POINT ( 'NONE',  ( -38.40951281298044506, 14.43763469173057779, 161.6022000000000105 ) ) ;
#1508 = CARTESIAN_POINT ( 'NONE',  ( -41.72801911429575483, 11.96955941912040089, 150.4278708333335146 ) ) ;
#1509 = VECTOR ( 'NONE', #3822, 999.9999999999998863 ) ;
#1510 = ADVANCED_FACE ( 'NONE', ( #2991 ), #3396, .F. ) ;
#1511 = CARTESIAN_POINT ( 'NONE',  ( -41.51227022794675037, 9.123614929439900934, 149.9046069949629896 ) ) ;
#1512 = B_SPLINE_CURVE_WITH_KNOTS ( 'NONE', 3,
 ( #327, #4695, #1424, #2184, #3274 ),
 .UNSPECIFIED., .F., .F.,
 ( 4, 1, 4 ),
 ( 5.184019739396919846, 7.000000000000000000, 7.748001196714080052 ),
 .UNSPECIFIED. ) ;
#1513 = DIRECTION ( 'NONE',  ( 0.3656150866411370104, 0.01415353698374996472, -0.9306585226662051902 ) ) ;
#1514 = CARTESIAN_POINT ( 'NONE',  ( -42.04664521425585377, 9.136935735182980522, 152.1869740983200074 ) ) ;
#1515 = LINE ( 'NONE', #838, #1435 ) ;
#1516 = CARTESIAN_POINT ( 'NONE',  ( -31.51279227411355066, 14.41794255854719964, 150.9082159634054960 ) ) ;
#1517 = CARTESIAN_POINT ( 'NONE',  ( -41.65708926512834154, 10.04401199452590099, 149.9723986397227975 ) ) ;
#1518 = VERTEX_POINT ( 'NONE', #1165 ) ;
#1519 = CARTESIAN_POINT ( 'NONE',  ( -40.44478287182865017, 9.354602871989198931, 147.0175999999999874 ) ) ;
#1520 = EDGE_CURVE ( 'NONE', #3683, #2447, #3214, .T. ) ;
#1521 = CARTESIAN_POINT ( 'NONE',  ( -30.54846096218249940, 11.19349990703472031, 150.3576661143584943 ) ) ;
#1522 = CARTESIAN_POINT ( 'NONE',  ( -33.96239561199550394, 15.91728184914354927, 152.4356666666664921 ) ) ;
#1523 = CARTESIAN_POINT ( 'NONE',  ( -42.85602890610284987, 11.00083091037505945, 153.4370681394480016 ) ) ;
#1524 = ORIENTED_EDGE ( 'NONE', *, *, #909, .T. ) ;
#1525 = CARTESIAN_POINT ( 'NONE',  ( -42.22025894605520335, 13.01370701637065963, 153.3618333333334931 ) ) ;
#1526 = CARTESIAN_POINT ( 'NONE',  ( -41.91149827046224630, 9.140985709061789422, 151.8314911931514928 ) ) ;
#1527 = CARTESIAN_POINT ( 'NONE',  ( -41.59653767937694369, 9.324410518353230870, 152.6919617900094863 ) ) ;
#1528 = CARTESIAN_POINT ( 'NONE',  ( -35.36193166887149886, 9.477213759260939341, 162.4615500000000168 ) ) ;
#1529 = CARTESIAN_POINT ( 'NONE',  ( -43.35154088762719482, 12.88904253818200019, 158.1748000000000047 ) ) ;
#1530 = ORIENTED_EDGE ( 'NONE', *, *, #4693, .T. ) ;
#1531 = CARTESIAN_POINT ( 'NONE',  ( -33.45176844755570045, 12.15390376773293823, 156.3656598646385021 ) ) ;
#1532 = CARTESIAN_POINT ( 'NONE',  ( -42.89616015468730126, 13.59107414530332036, 159.2789500000000089 ) ) ;
#1533 = CARTESIAN_POINT ( 'NONE',  ( -39.75645784356220247, 13.83557098302085997, 164.8822067708335055 ) ) ;
#1534 = CARTESIAN_POINT ( 'NONE',  ( -41.63002525125024533, 9.038088189899710301, 150.2765026809369999 ) ) ;
#1535 = CARTESIAN_POINT ( 'NONE',  ( -41.47926458361850166, 8.923308545960288996, 149.9254410361282055 ) ) ;
#1536 = CARTESIAN_POINT ( 'NONE',  ( -40.95139525842944295, 9.740347240441021626, 148.1116612847222029 ) ) ;
#1537 = CARTESIAN_POINT ( 'NONE',  ( -36.61857125081819220, 17.10987694860105179, 150.6423953918215091 ) ) ;
#1538 = CARTESIAN_POINT ( 'NONE',  ( -44.71251198764974788, 10.04727307773531919, 158.1098000000000070 ) ) ;
#1539 = PRODUCT_DEFINITION_SHAPE ( 'NONE', 'NONE',  #2247 ) ;
#1540 = CARTESIAN_POINT ( 'NONE',  ( -40.20628189297489996, 9.824511104007651596, 146.2528935153126213 ) ) ;
#1541 = CARTESIAN_POINT ( 'NONE',  ( -32.44217836209509898, 11.41489919026811961, 154.5215000000000032 ) ) ;
#1542 = CARTESIAN_POINT ( 'NONE',  ( -41.05716144791290390, 10.87888999391712019, 148.1710399305556223 ) ) ;
#1543 = ORIENTED_EDGE ( 'NONE', *, *, #1155, .T. ) ;
#1544 = CARTESIAN_POINT ( 'NONE',  ( -30.46562252010495087, 12.64706309219856095, 150.1666625000000010 ) ) ;
#1545 = EDGE_CURVE ( 'NONE', #3344, #3437, #809, .T. ) ;
#1546 = CARTESIAN_POINT ( 'NONE',  ( -34.19012427226149953, 15.78960472194084907, 152.9021749999999997 ) ) ;
#1547 = CARTESIAN_POINT ( 'NONE',  ( -42.80675570236954286, 9.016305490753049767, 153.2364553192385017 ) ) ;
#1548 = CARTESIAN_POINT ( 'NONE',  ( -39.06107434026944247, 9.968288598173179693, 151.5355320031769963 ) ) ;
#1549 = EDGE_LOOP ( 'NONE', ( #1050, #1686 ) ) ;
#1550 = CARTESIAN_POINT ( 'NONE',  ( -42.06826225535499475, 12.51147567261331872, 151.9314666666665232 ) ) ;
#1551 = CARTESIAN_POINT ( 'NONE',  ( -34.76798177916165145, 15.91204242494060139, 153.0024898532689974 ) ) ;
#1552 = B_SPLINE_CURVE_WITH_KNOTS ( 'NONE', 3,
 ( #1437, #2144, #311, #3232, #1035, #335, #204, #3831, #546, #4540 ),
 .UNSPECIFIED., .F., .F.,
 ( 4, 2, 2, 2, 4 ),
 ( 0.000000000000000000, 0.2500000000000000000, 0.5000000000000000000, 0.7500000000000000000, 1.000000000000000000 ),
 .UNSPECIFIED. ) ;
#1553 = CARTESIAN_POINT ( 'NONE',  ( -41.60122262103590174, 9.312122334198202012, 152.5863634153849944 ) ) ;
#1554 = CARTESIAN_POINT ( 'NONE',  ( -36.61221709624360443, 12.15953972128689919, 164.4985167325475004 ) ) ;
#1555 = ORIENTED_EDGE ( 'NONE', *, *, #4579, .T. ) ;
#1556 = CARTESIAN_POINT ( 'NONE',  ( -34.82408838422585973, 12.16495647414077830, 159.5888364726037594 ) ) ;
#1557 = CARTESIAN_POINT ( 'NONE',  ( -31.46428280500120067, 14.57884765913934189, 150.6646774038495096 ) ) ;
#1558 = CARTESIAN_POINT ( 'NONE',  ( -40.37190997796410130, 14.50593071794619959, 148.9539567557371811 ) ) ;
#1559 = CARTESIAN_POINT ( 'NONE',  ( -43.34071789302864630, 13.25974314986208036, 162.7409126736110068 ) ) ;
#1560 = CARTESIAN_POINT ( 'NONE',  ( -40.89719437572239968, 9.838107682123530040, 153.5982950674394942 ) ) ;
#1561 = CARTESIAN_POINT ( 'NONE',  ( -40.09900723154409974, 9.655742525189809911, 151.5336287348525275 ) ) ;
#1562 = CARTESIAN_POINT ( 'NONE',  ( -37.17793436956350206, 15.09763356160510028, 157.8275000000000148 ) ) ;
#1563 = CARTESIAN_POINT ( 'NONE',  ( -34.05612423098810382, 14.47728698650555934, 154.8720896609480064 ) ) ;
#1564 = CARTESIAN_POINT ( 'NONE',  ( -41.44595239889244453, 9.423948472215540662, 149.5781869791665883 ) ) ;
#1565 = CARTESIAN_POINT ( 'NONE',  ( -32.44501665106631805, 12.23753316834207183, 154.2365039947655134 ) ) ;
#1566 = LINE ( 'NONE', #2563, #283 ) ;
#1567 = CARTESIAN_POINT ( 'NONE',  ( -31.21119335408139861, 10.60031667983139947, 151.5178202770169946 ) ) ;
#1568 = CARTESIAN_POINT ( 'NONE',  ( -36.90418696791785891, 16.62308575161901558, 152.1740817439960551 ) ) ;
#1569 = CARTESIAN_POINT ( 'NONE',  ( -41.74354612995569624, 9.992491135915459566, 150.2165625858350211 ) ) ;
#1570 = CARTESIAN_POINT ( 'NONE',  ( -39.72268312470755092, 9.547778725628131014, 145.3926347222221978 ) ) ;
#1571 = CARTESIAN_POINT ( 'NONE',  ( -33.79136741799980115, 15.43694315151535079, 153.0088666666665063 ) ) ;
#1572 = CARTESIAN_POINT ( 'NONE',  ( -43.04687350727314055, 11.40033762313943022, 154.2875339670900985 ) ) ;
#1573 = DIRECTION ( 'NONE',  ( 1.000000000000000000, 0.000000000000000000, 0.000000000000000000 ) ) ;
#1574 = EDGE_LOOP ( 'NONE', ( #2242, #772, #2609, #1891 ) ) ;
#1575 = CARTESIAN_POINT ( 'NONE',  ( -42.49455061506439790, 10.85378681637779863, 152.2779999999999916 ) ) ;
#1576 = ADVANCED_FACE ( 'NONE', ( #560 ), #955, .F. ) ;
#1577 = CARTESIAN_POINT ( 'NONE',  ( -30.57239658298350093, 12.40475275796937993, 150.3893665238095139 ) ) ;
#1578 = CARTESIAN_POINT ( 'NONE',  ( -42.80556703404731422, 10.75140439142488979, 153.1912361071473185 ) ) ;
#1579 = CARTESIAN_POINT ( 'NONE',  ( -35.92896876078454937, 8.898442280940640714, 163.7174479166665151 ) ) ;
#1580 = ORIENTED_EDGE ( 'NONE', *, *, #2559, .T. ) ;
#1581 = CARTESIAN_POINT ( 'NONE',  ( -41.21446281445384585, 9.339257542531198553, 151.7199521107250177 ) ) ;
#1582 = CARTESIAN_POINT ( 'NONE',  ( -37.95210347614409585, 16.28576310144184802, 153.3690330385404934 ) ) ;
#1583 = CARTESIAN_POINT ( 'NONE',  ( -30.67941137350454994, 12.39334043276152109, 150.5912005350869833 ) ) ;
#1584 = CARTESIAN_POINT ( 'NONE',  ( -40.85021960614590597, 14.39741413672919990, 151.0549354166664955 ) ) ;
#1585 = CARTESIAN_POINT ( 'NONE',  ( -41.55863171219360197, 14.22775980021405928, 156.4223374999999976 ) ) ;
#1586 = CARTESIAN_POINT ( 'NONE',  ( -39.65091029278799795, 13.92107842207530055, 164.5105312500000139 ) ) ;
#1587 = CARTESIAN_POINT ( 'NONE',  ( -41.73257920371285223, 10.38427801652463955, 150.1823369777859796 ) ) ;
#1588 = CARTESIAN_POINT ( 'NONE',  ( -40.33420687759189605, 9.577238736229640281, 151.4586495318615107 ) ) ;
#1589 = CARTESIAN_POINT ( 'NONE',  ( -33.31917631942079083, 12.16441318920935721, 156.0803435342346006 ) ) ;
#1590 = CARTESIAN_POINT ( 'NONE',  ( -30.80866780024310358, 12.79138849578913906, 150.7232155586679880 ) ) ;
#1591 = CARTESIAN_POINT ( 'NONE',  ( -38.26403582281629667, 16.24205812593945097, 153.2458237741874996 ) ) ;
#1592 = CARTESIAN_POINT ( 'NONE',  ( -41.13051104572610228, 12.95408440465059918, 149.2085500000000025 ) ) ;
#1593 = AXIS2_PLACEMENT_3D ( 'NONE', #1322, #931, #3889 ) ;
#1594 = CARTESIAN_POINT ( 'NONE',  ( -30.94764134396719868, 14.36603057664890137, 149.9352982169992288 ) ) ;
#1595 = CARTESIAN_POINT ( 'NONE',  ( -33.94594210919000687, 14.66715136030346045, 154.4159416666664981 ) ) ;
#1596 = CARTESIAN_POINT ( 'NONE',  ( -43.08333100910049041, 11.41420263167923821, 154.4190578401823188 ) ) ;
#1597 = VERTEX_POINT ( 'NONE', #4177 ) ;
#1598 = CARTESIAN_POINT ( 'NONE',  ( -41.65522053721284834, 9.178706282797060467, 151.4490041744629991 ) ) ;
#1599 = B_SPLINE_SURFACE_WITH_KNOTS ( 'NONE', 3, 1, ( 
 ( #4666, #3478 ),
 ( #2855, #212 ),
 ( #2399, #621 ),
 ( #1296, #4595 ),
 ( #599, #238 ),
 ( #1338, #2808 ),
 ( #4257, #2466 ) ),
 .UNSPECIFIED., .F., .F., .F.,
 ( 4, 1, 1, 1, 4 ),
 ( 2, 2 ),
 ( 0.000000000000000000, 0.2686220076527334744, 0.5219173918781340182, 0.7671715008999040464, 1.000000000000000000 ),
 ( 0.000000000000000000, 1.000000000000000000 ),
 .UNSPECIFIED. ) ;
#1600 = CARTESIAN_POINT ( 'NONE',  ( -35.23483571007950133, 9.253402922128881158, 161.6266958333335140 ) ) ;
#1601 = ORIENTED_EDGE ( 'NONE', *, *, #2944, .F. ) ;
#1602 = CARTESIAN_POINT ( 'NONE',  ( -31.67036434676720447, 14.74619274334846075, 150.8542842288699717 ) ) ;
#1603 = CARTESIAN_POINT ( 'NONE',  ( -40.75187350981825318, 14.06552233119504081, 149.4827362317302004 ) ) ;
#1604 = CARTESIAN_POINT ( 'NONE',  ( -44.16970790227549770, 12.59088922112582054, 162.5084118055555109 ) ) ;
#1605 = CARTESIAN_POINT ( 'NONE',  ( -41.30659012493867266, 9.070024855470551373, 149.3755748138311219 ) ) ;
#1606 = ADVANCED_FACE ( 'NONE', ( #3130 ), #2452, .F. ) ;
#1607 = CARTESIAN_POINT ( 'NONE',  ( -38.02829911913255501, 15.13210731690145039, 158.4563458333335007 ) ) ;
#1608 = CARTESIAN_POINT ( 'NONE',  ( -39.08385576205660783, 10.12053261467107923, 153.0799496494684888 ) ) ;
#1609 = CARTESIAN_POINT ( 'NONE',  ( -35.28442269878226512, 13.07327264514385767, 159.3552239750293325 ) ) ;
#1610 = CARTESIAN_POINT ( 'NONE',  ( -40.15908537250380306, 9.565344367754800459, 148.7943239564704072 ) ) ;
#1611 = CARTESIAN_POINT ( 'NONE',  ( -32.87813521967954955, 12.20115232776532821, 155.1485909894357746 ) ) ;
#1612 = CARTESIAN_POINT ( 'NONE',  ( -30.86644281924689892, 10.66148516195693929, 150.8002599263029992 ) ) ;
#1613 = CARTESIAN_POINT ( 'NONE',  ( -33.37229705704415039, 13.96155183163998004, 154.5307499999999834 ) ) ;
#1614 = CARTESIAN_POINT ( 'NONE',  ( -40.59927344718037290, 11.05402908324027500, 146.8729189581425771 ) ) ;
#1615 = CARTESIAN_POINT ( 'NONE',  ( -34.23893177430849732, 14.47021021801382190, 155.3374189222805057 ) ) ;
#1616 = CARTESIAN_POINT ( 'NONE',  ( -39.70962069799810479, 10.01916437556170081, 151.8866638059459717 ) ) ;
#1617 = CARTESIAN_POINT ( 'NONE',  ( -30.86267226102939887, 14.13120047352778208, 149.9958395565439844 ) ) ;
#1618 = CARTESIAN_POINT ( 'NONE',  ( -35.69556286501374842, 15.47598714058559821, 155.1864500000000078 ) ) ;
#1619 = CARTESIAN_POINT ( 'NONE',  ( -42.97789502001453599, 11.33465144145105974, 154.0131231193643373 ) ) ;
#1620 = ORIENTED_EDGE ( 'NONE', *, *, #4687, .F. ) ;
#1621 = CARTESIAN_POINT ( 'NONE',  ( -44.18424211438330218, 9.460857748516350085, 156.5531000000000006 ) ) ;
#1622 = CARTESIAN_POINT ( 'NONE',  ( -38.26403582281629667, 16.24205812593945097, 153.2458237741874996 ) ) ;
#1623 = ORIENTED_EDGE ( 'NONE', *, *, #4579, .F. ) ;
#1624 = CARTESIAN_POINT ( 'NONE',  ( -40.39156227178615666, 9.767829576648670908, 151.4390156248329902 ) ) ;
#1625 = CARTESIAN_POINT ( 'NONE',  ( -32.25861847691724904, 14.84910200698100091, 151.6821535649630164 ) ) ;
#1626 = CARTESIAN_POINT ( 'NONE',  ( -40.10312294341740369, 14.91248172347714096, 149.1054731976954031 ) ) ;
#1627 = CARTESIAN_POINT ( 'NONE',  ( -43.23051018710140170, 13.24781329345326064, 159.1174666666665019 ) ) ;
#1628 = CARTESIAN_POINT ( 'NONE',  ( -40.62615423697259587, 9.436531565925688980, 150.9456216385594871 ) ) ;
#1629 = CARTESIAN_POINT ( 'NONE',  ( -41.15974732345387110, 9.073560264224090233, 148.9809304759997417 ) ) ;
#1630 = CARTESIAN_POINT ( 'NONE',  ( -33.77258685892124390, 12.94182087779934065, 156.3695312499999943 ) ) ;
#1631 = CARTESIAN_POINT ( 'NONE',  ( -46.88770709917899637, 8.624039215658969582, 151.1636237306794897 ) ) ;
#1632 = CARTESIAN_POINT ( 'NONE',  ( -34.68130263429990379, 13.87419639953453476, 156.7884923356972706 ) ) ;
#1633 = CARTESIAN_POINT ( 'NONE',  ( -39.94256369760815062, 9.711235742041679941, 151.6153046986334800 ) ) ;
#1634 = EDGE_CURVE ( 'NONE', #3146, #1859, #2748, .T. ) ;
#1635 = CARTESIAN_POINT ( 'NONE',  ( -30.82791626345559877, 12.60414838243941915, 150.8421749999999975 ) ) ;
#1636 = CARTESIAN_POINT ( 'NONE',  ( -40.19432849306270583, 9.827758185317680528, 146.2254225900066160 ) ) ;
#1637 = CARTESIAN_POINT ( 'NONE',  ( -41.10148830037014989, 14.29213514174296051, 152.1014580269929866 ) ) ;
#1638 = EDGE_CURVE ( 'NONE', #388, #3890, #1303, .T. ) ;
#1639 = CARTESIAN_POINT ( 'NONE',  ( -30.66185340503315260, 13.27352904465576167, 150.2361777777780105 ) ) ;
#1640 = CARTESIAN_POINT ( 'NONE',  ( -34.60625855203835499, 14.61539324934619977, 155.4666124999999965 ) ) ;
#1641 = CARTESIAN_POINT ( 'NONE',  ( -43.94170162578094363, 9.532879027850450271, 156.0165898722953841 ) ) ;
#1642 = ORIENTED_EDGE ( 'NONE', *, *, #4255, .T. ) ;
#1643 = CARTESIAN_POINT ( 'NONE',  ( -43.08392190481440309, 9.836593992945118714, 153.7804999999999893 ) ) ;
#1644 = CARTESIAN_POINT ( 'NONE',  ( -42.80224056779254482, 10.73218988795006368, 153.1757683080269317 ) ) ;
#1645 = CARTESIAN_POINT ( 'NONE',  ( -41.08543574760879835, 14.54481000008748026, 152.6488610552725049 ) ) ;
#1646 = CARTESIAN_POINT ( 'NONE',  ( -45.41279461239120252, 10.51096851397029930, 160.4831999999999823 ) ) ;
#1647 = ORIENTED_EDGE ( 'NONE', *, *, #941, .F. ) ;
#1648 = CARTESIAN_POINT ( 'NONE',  ( -45.55471177368460189, 8.675641568318640751, 147.7705376527977990 ) ) ;
#1649 = CARTESIAN_POINT ( 'NONE',  ( -32.59991061730674744, 13.19665413223504125, 153.8129344564074756 ) ) ;
#1650 = CARTESIAN_POINT ( 'NONE',  ( -41.22802501920764939, 13.81468020971511912, 150.9855041666665159 ) ) ;
#1651 = CARTESIAN_POINT ( 'NONE',  ( -41.83584758387290492, 9.149473523077398696, 151.6928903869070098 ) ) ;
#1652 = CARTESIAN_POINT ( 'NONE',  ( -40.05370477920615002, 15.13525306068479814, 149.8703801830900204 ) ) ;
#1653 = CARTESIAN_POINT ( 'NONE',  ( -40.81751001700051518, 9.085570376275601490, 148.0977573894979287 ) ) ;
#1654 = CARTESIAN_POINT ( 'NONE',  ( -39.04362095157269863, 9.983136014672590264, 151.6286737093749935 ) ) ;
#1655 = CARTESIAN_POINT ( 'NONE',  ( -35.15127324792251073, 14.05896368222819426, 157.2702297174403157 ) ) ;
#1656 = CARTESIAN_POINT ( 'NONE',  ( -41.72131737383050876, 9.456340346196855151, 150.3126550834100499 ) ) ;
#1657 = CARTESIAN_POINT ( 'NONE',  ( -31.96427298947895324, 13.99080385155404116, 152.0992945312500240 ) ) ;
#1658 = CARTESIAN_POINT ( 'NONE',  ( -36.96855255890069714, 12.52799917120715989, 164.6235450219860184 ) ) ;
#1659 = CARTESIAN_POINT ( 'NONE',  ( -36.40359749014537982, 16.58927365662295372, 152.3702272690252926 ) ) ;
#1660 = EDGE_CURVE ( 'NONE', #1879, #75, #1671, .T. ) ;
#1661 = VECTOR ( 'NONE', #3612, 999.9999999999998863 ) ;
#1662 = CARTESIAN_POINT ( 'NONE',  ( -43.52459587539730990, 10.98774723511547968, 155.5073069702778810 ) ) ;
#1663 = EDGE_CURVE ( 'NONE', #3248, #1398, #239, .T. ) ;
#1664 = ORIENTED_EDGE ( 'NONE', *, *, #2696, .T. ) ;
#1665 = VECTOR ( 'NONE', #3289, 1000.000000000000000 ) ;
#1666 = CARTESIAN_POINT ( 'NONE',  ( -39.96195986779139986, 15.43086355252920150, 152.5664468557895077 ) ) ;
#1667 = VERTEX_POINT ( 'NONE', #977 ) ;
#1668 = CARTESIAN_POINT ( 'NONE',  ( -35.02134272799293058, 12.56013919423831382, 159.5675343051487118 ) ) ;
#1669 = CARTESIAN_POINT ( 'NONE',  ( -41.82825803781810237, 9.553529305913421865, 153.5556897659924971 ) ) ;
#1670 = CARTESIAN_POINT ( 'NONE',  ( -39.71277859856424186, 15.46561181289225040, 151.0531057929054839 ) ) ;
#1671 = B_SPLINE_CURVE_WITH_KNOTS ( 'NONE', 3,
 ( #4534, #1257, #2478, #933, #248, #2428, #4267 ),
 .UNSPECIFIED., .F., .F.,
 ( 4, 1, 1, 1, 4 ),
 ( 0.1995577619057574970, 1.000000000000000000, 2.000000000000000000, 3.000000000000000000, 3.281822835446555064 ),
 .UNSPECIFIED. ) ;
#1672 = CARTESIAN_POINT ( 'NONE',  ( -39.81512735934389724, 15.30825957163624906, 149.2561836503199970 ) ) ;
#1673 = CARTESIAN_POINT ( 'NONE',  ( -40.46136116636272106, 9.103889987282913765, 147.2351930696303270 ) ) ;
#1674 = CARTESIAN_POINT ( 'NONE',  ( -39.00202244132714924, 10.02311968850455948, 151.8952850892769959 ) ) ;
#1675 = CARTESIAN_POINT ( 'NONE',  ( -35.04952714916333889, 14.03343115257512252, 157.1445877984818367 ) ) ;
#1676 = CARTESIAN_POINT ( 'NONE',  ( -41.06104494605450128, 9.574328684391140598, 148.4757794270832107 ) ) ;
#1677 = CARTESIAN_POINT ( 'NONE',  ( -31.35812752062974695, 14.47094856797962059, 150.5818793713074797 ) ) ;
#1678 = FACE_OUTER_BOUND ( 'NONE', #50, .T. ) ;
#1679 = CARTESIAN_POINT ( 'NONE',  ( -41.32007109662440314, 13.40602522554775966, 150.4732500000000073 ) ) ;
#1680 = FACE_OUTER_BOUND ( 'NONE', #883, .T. ) ;
#1681 = CARTESIAN_POINT ( 'NONE',  ( -40.28357095216555450, 10.02080757981513948, 153.5792623655489990 ) ) ;
#1682 = B_SPLINE_CURVE_WITH_KNOTS ( 'NONE', 3,
 ( #4022, #3725, #628, #1734, #3935, #269, #739, #1485, #41, #2840 ),
 .UNSPECIFIED., .F., .F.,
 ( 4, 2, 2, 2, 4 ),
 ( 0.000000000000000000, 0.2500000000000000000, 0.5000000000000000000, 0.7500000000000000000, 1.000000000000000000 ),
 .UNSPECIFIED. ) ;
#1683 = CARTESIAN_POINT ( 'NONE',  ( -40.22621555797130100, 9.830216739396119507, 153.5988962725770079 ) ) ;
#1684 = CARTESIAN_POINT ( 'NONE',  ( -40.60869526293934939, 14.49863431099259969, 150.6864333857945155 ) ) ;
#1685 = CARTESIAN_POINT ( 'NONE',  ( -32.23018289831204441, 13.56683957821064723, 152.9310909933290361 ) ) ;
#1686 = ORIENTED_EDGE ( 'NONE', *, *, #1660, .T. ) ;
#1687 = EDGE_CURVE ( 'NONE', #490, #441, #3047, .T. ) ;
#1688 = FACE_OUTER_BOUND ( 'NONE', #2747, .T. ) ;
#1689 = DIRECTION ( 'NONE',  ( 0.2867769709712645887, -0.9529542020951172754, 0.09816953514102391698 ) ) ;
#1690 = ORIENTED_EDGE ( 'NONE', *, *, #3355, .F. ) ;
#1691 = CARTESIAN_POINT ( 'NONE',  ( -30.92073572731209907, 13.90129447365764115, 150.2820275155534944 ) ) ;
#1692 = CARTESIAN_POINT ( 'NONE',  ( -40.60869526293934939, 14.49863431099259969, 150.6864333857945155 ) ) ;
#1693 = CARTESIAN_POINT ( 'NONE',  ( -41.21493903100829925, 9.145198714681448848, 149.0827000000000169 ) ) ;
#1694 = CARTESIAN_POINT ( 'NONE',  ( -41.10305493445615355, 9.825085078179409237, 154.0732501770704914 ) ) ;
#1695 = CARTESIAN_POINT ( 'NONE',  ( -40.09207085111965085, 13.90739438003189932, 164.6574339409720267 ) ) ;
#1696 = CARTESIAN_POINT ( 'NONE',  ( -31.88484667281924700, 14.48275719268303519, 151.4820829083535898 ) ) ;
#1697 = CARTESIAN_POINT ( 'NONE',  ( -35.56295851320969348, 13.78055272270773735, 158.5656138341094277 ) ) ;
#1698 = CARTESIAN_POINT ( 'NONE',  ( -39.47251903598594680, 9.956587401737898801, 152.6238753379369655 ) ) ;
#1699 = CARTESIAN_POINT ( 'NONE',  ( -30.97378050927349946, 13.23491400027807963, 150.8246749999999849 ) ) ;
#1700 = CARTESIAN_POINT ( 'NONE',  ( -34.96475932486355021, 13.33903460465374025, 158.1720500000000129 ) ) ;
#1701 = CARTESIAN_POINT ( 'NONE',  ( -41.00946503044815472, 13.00685208081540090, 148.8340625000000159 ) ) ;
#1702 = DIRECTION ( 'NONE',  ( 0.2867769709712615356, -0.9529542020951189407, 0.09816953514101768585 ) ) ;
#1703 = FACE_OUTER_BOUND ( 'NONE', #2906, .T. ) ;
#1704 = CARTESIAN_POINT ( 'NONE',  ( -30.87001439051689999, 13.75577067717376067, 150.3046166666665044 ) ) ;
#1705 = ORIENTED_EDGE ( 'NONE', *, *, #315, .F. ) ;
#1706 = CARTESIAN_POINT ( 'NONE',  ( -40.67399235875500096, 12.04850430850570042, 147.1637854166665988 ) ) ;
#1707 = CARTESIAN_POINT ( 'NONE',  ( -40.99477935379360360, 9.207222088543870697, 148.4721999999999866 ) ) ;
#1708 = EDGE_LOOP ( 'NONE', ( #1302, #351, #1070, #1418 ) ) ;
#1709 = CARTESIAN_POINT ( 'NONE',  ( -30.62558068309395054, 12.81299484175965908, 150.3813057450904864 ) ) ;
#1710 = EDGE_CURVE ( 'NONE', #4482, #3635, #538, .T. ) ;
#1711 = CARTESIAN_POINT ( 'NONE',  ( -42.14768094970929724, 9.379381024437050129, 152.7983040721235000 ) ) ;
#1712 = CARTESIAN_POINT ( 'NONE',  ( -39.77030475386405328, 9.992135340499270768, 151.8015595747629902 ) ) ;
#1713 = CARTESIAN_POINT ( 'NONE',  ( -41.56070913455225480, 9.325391451045089042, 149.9360226355346128 ) ) ;
#1714 = CARTESIAN_POINT ( 'NONE',  ( -40.70189930471149609, 14.70519685725138004, 151.7200499999999863 ) ) ;
#1715 = CARTESIAN_POINT ( 'NONE',  ( -40.11971384209449809, 9.915560458421118994, 154.1162300473774849 ) ) ;
#1716 = CARTESIAN_POINT ( 'NONE',  ( -38.28373871757125357, 15.00670000480224964, 159.2114791666664928 ) ) ;
#1717 = CARTESIAN_POINT ( 'NONE',  ( -34.30921189140361349, 13.61247956616313104, 156.5344853042176112 ) ) ;
#1718 = ORIENTED_EDGE ( 'NONE', *, *, #3071, .T. ) ;
#1719 = CARTESIAN_POINT ( 'NONE',  ( -41.11488528297174838, 13.66567250944050116, 150.4749056783689980 ) ) ;
#1720 = B_SPLINE_SURFACE_WITH_KNOTS ( 'NONE', 3, 1, ( 
 ( #833, #3767 ),
 ( #1587, #1225 ),
 ( #2371, #2671 ),
 ( #808, #1921 ),
 ( #3380, #476 ),
 ( #63, #88 ),
 ( #1970, #3402 ),
 ( #875, #3811 ),
 ( #4519, #2348 ),
 ( #4095, #3070 ) ),
 .UNSPECIFIED., .F., .F., .F.,
 ( 4, 2, 2, 2, 4 ),
 ( 2, 2 ),
 ( 0.000000000000000000, 0.2500000000000000000, 0.5000000000000000000, 0.7500000000000000000, 1.000000000000000000 ),
 ( 0.000000000000000000, 1.000000000000000000 ),
 .UNSPECIFIED. ) ;
#1721 = CARTESIAN_POINT ( 'NONE',  ( -33.77123474696590222, 14.47546871567428006, 154.4540374999999983 ) ) ;
#1722 = CARTESIAN_POINT ( 'NONE',  ( -35.13723260234859680, 13.11814076729920053, 158.9313333333334981 ) ) ;
#1723 = CARTESIAN_POINT ( 'NONE',  ( -40.56243306371550261, 14.14654633205214118, 148.8493339370185993 ) ) ;
#1724 = CARTESIAN_POINT ( 'NONE',  ( -39.05937783552140274, 10.21371052892360076, 151.8756511822485322 ) ) ;
#1725 = CARTESIAN_POINT ( 'NONE',  ( -40.02843443114419841, 9.880399736282029721, 153.5082675994574970 ) ) ;
#1726 = CARTESIAN_POINT ( 'NONE',  ( -35.69269146746374588, 16.80743818090684982, 151.8611474156160170 ) ) ;
#1727 = CARTESIAN_POINT ( 'NONE',  ( -41.19082769586469794, 9.529803647801610822, 148.8421937499999785 ) ) ;
#1728 = CARTESIAN_POINT ( 'NONE',  ( -30.68477819429740094, 11.06345537514747868, 150.5896613549245160 ) ) ;
#1729 = CARTESIAN_POINT ( 'NONE',  ( -31.37719856520430284, 10.56823410868697977, 151.8683494732529766 ) ) ;
#1730 = ORIENTED_EDGE ( 'NONE', *, *, #4194, .F. ) ;
#1731 = CARTESIAN_POINT ( 'NONE',  ( -41.31516071315844840, 8.783975663111830201, 149.5798911458331872 ) ) ;
#1732 = VECTOR ( 'NONE', #61, 1000.000000000000000 ) ;
#1733 = CARTESIAN_POINT ( 'NONE',  ( -37.95210347614409585, 16.28576310144184802, 153.3690330385404934 ) ) ;
#1734 = CARTESIAN_POINT ( 'NONE',  ( -34.76242287951350107, 15.20622359568599968, 154.6057015021540053 ) ) ;
#1735 = CARTESIAN_POINT ( 'NONE',  ( -40.87529195638644808, 11.97118661239895943, 147.7837003472221795 ) ) ;
#1736 = CARTESIAN_POINT ( 'NONE',  ( -41.17231388049462737, 11.20000913822150856, 148.5556258001562924 ) ) ;
#1737 = AXIS2_PLACEMENT_3D ( 'NONE', #3532, #1347, #4151 ) ;
#1738 = ORIENTED_EDGE ( 'NONE', *, *, #3176, .T. ) ;
#1739 = CARTESIAN_POINT ( 'NONE',  ( -33.39778018623599820, 13.12707857895186159, 155.4683187068260111 ) ) ;
#1740 = CARTESIAN_POINT ( 'NONE',  ( -41.94715660605215390, 9.499906143956989624, 153.3824889227715005 ) ) ;
#1741 = CARTESIAN_POINT ( 'NONE',  ( -41.53879804065600467, 9.220026212197529603, 149.9252474522878060 ) ) ;
#1742 = CARTESIAN_POINT ( 'NONE',  ( -41.47347927279599844, 9.081097800595740566, 149.8224717109759752 ) ) ;
#1743 = CARTESIAN_POINT ( 'NONE',  ( -36.48280656328579852, 16.18604465257664771, 153.9447390964479894 ) ) ;
#1744 = B_SPLINE_CURVE_WITH_KNOTS ( 'NONE', 3,
 ( #1582, #1342, #3147, #4578, #3038 ),
 .UNSPECIFIED., .F., .F.,
 ( 4, 1, 4 ),
 ( 4.165172249960765072, 5.000000000000000000, 6.756186085123750296 ),
 .UNSPECIFIED. ) ;
#1745 = CARTESIAN_POINT ( 'NONE',  ( -41.28860648321889215, 9.485683104727488768, 153.3579302401239772 ) ) ;
#1746 = CARTESIAN_POINT ( 'NONE',  ( -34.32999818717165397, 11.45669342489270193, 158.9134999999999991 ) ) ;
#1747 = EDGE_LOOP ( 'NONE', ( #3778, #415, #868, #2590 ) ) ;
#1748 = CARTESIAN_POINT ( 'NONE',  ( -39.48906398102595006, 9.918914148357529825, 152.3065042120859971 ) ) ;
#1749 = EDGE_CURVE ( 'NONE', #3267, #3962, #174, .T. ) ;
#1750 = CARTESIAN_POINT ( 'NONE',  ( -33.44001876022930020, 14.62655995948635912, 153.7451791666665031 ) ) ;
#1751 = CARTESIAN_POINT ( 'NONE',  ( -36.48683150586129642, 12.51834079660507903, 163.4803041666665138 ) ) ;
#1752 = CARTESIAN_POINT ( 'NONE',  ( -42.56064466751045217, 13.20253932625007920, 155.9506000000000085 ) ) ;
#1753 = CARTESIAN_POINT ( 'NONE',  ( -40.83745141563520065, 13.63797673346889994, 148.9722916666665924 ) ) ;
#1754 = CARTESIAN_POINT ( 'NONE',  ( -40.18690619446744705, 9.796367590554881488, 146.2236744698361974 ) ) ;
#1755 = CARTESIAN_POINT ( 'NONE',  ( -40.12558431712174922, 9.856299485490129797, 153.5581192643365114 ) ) ;
#1756 = CARTESIAN_POINT ( 'NONE',  ( -36.18454094591749737, 16.49087833446325035, 152.9165749999999946 ) ) ;
#1757 = CARTESIAN_POINT ( 'NONE',  ( -40.95139525842944295, 9.740347240441021626, 148.1116612847222029 ) ) ;
#1758 = CARTESIAN_POINT ( 'NONE',  ( -32.15522720715034666, 14.29026381909568499, 152.1292146907445613 ) ) ;
#1759 = CARTESIAN_POINT ( 'NONE',  ( -33.21598518345034989, 10.14693557092919818, 156.0250934027775145 ) ) ;
#1760 = EDGE_LOOP ( 'NONE', ( #3202, #984, #1961 ) ) ;
#1761 = CARTESIAN_POINT ( 'NONE',  ( -38.82071266970105228, 16.01384861228769907, 153.4706499999999778 ) ) ;
#1762 = CARTESIAN_POINT ( 'NONE',  ( -37.59103965157055427, 16.54145536125219706, 152.4402598660095123 ) ) ;
#1763 = CARTESIAN_POINT ( 'NONE',  ( -46.12289807035130451, 8.254247726916089434, 161.1373975694445164 ) ) ;
#1764 = CARTESIAN_POINT ( 'NONE',  ( -41.04379718101964869, 11.77648453783340088, 148.2637605902778262 ) ) ;
#1765 = CARTESIAN_POINT ( 'NONE',  ( -41.43072584121798485, 10.33733154208516325, 149.3132644572070262 ) ) ;
#1766 = ORIENTED_EDGE ( 'NONE', *, *, #1520, .T. ) ;
#1767 = CARTESIAN_POINT ( 'NONE',  ( -43.62235469898536877, 8.976192089576910504, 155.2295186821522464 ) ) ;
#1768 = CARTESIAN_POINT ( 'NONE',  ( -40.90655938179619966, 9.624955022142259509, 153.5938226520279954 ) ) ;
#1769 = CARTESIAN_POINT ( 'NONE',  ( -40.34735451664855077, 9.522407053605409288, 150.9647932434419886 ) ) ;
#1770 = DIRECTION ( 'NONE',  ( -0.3698335882557143295, 0.000000000000000000, 0.9290980125895774711 ) ) ;
#1771 = CARTESIAN_POINT ( 'NONE',  ( -39.43020692039984709, 10.07693370288672163, 153.6685005660785066 ) ) ;
#1772 = CARTESIAN_POINT ( 'NONE',  ( -34.96380808477999835, 11.80753094503289979, 160.4513833333334958 ) ) ;
#1773 = CARTESIAN_POINT ( 'NONE',  ( -32.53447065592084897, 14.92297332612095850, 152.0044958309844958 ) ) ;
#1774 = CARTESIAN_POINT ( 'NONE',  ( -37.47121809831060091, 12.66319761591521953, 165.4493016213855014 ) ) ;
#1775 = CARTESIAN_POINT ( 'NONE',  ( -41.25339490775744622, 12.89873410465073889, 149.5817499999999995 ) ) ;
#1776 = EDGE_CURVE ( 'NONE', #3635, #3962, #1272, .T. ) ;
#1777 = CARTESIAN_POINT ( 'NONE',  ( -39.11842973446375282, 10.15887943859219966, 151.5158980961485042 ) ) ;
#1778 = CARTESIAN_POINT ( 'NONE',  ( -41.29769277870420296, 13.65859583940214073, 150.9402349598950082 ) ) ;
#1779 = CARTESIAN_POINT ( 'NONE',  ( -41.18634916418964309, 9.737591620101389012, 153.4672537083754946 ) ) ;
#1780 = CARTESIAN_POINT ( 'NONE',  ( -41.65217175331398636, 11.77041890596805551, 150.2350061062507791 ) ) ;
#1781 = CARTESIAN_POINT ( 'NONE',  ( -32.78271816062734700, 13.18957736374315992, 154.2782637177405149 ) ) ;
#1782 = CARTESIAN_POINT ( 'NONE',  ( -32.19202239992246461, 13.29695147853433568, 153.0740524593941245 ) ) ;
#1783 = ORIENTED_EDGE ( 'NONE', *, *, #1056, .F. ) ;
#1784 = CARTESIAN_POINT ( 'NONE',  ( -38.75330623225904958, 16.21966806764234903, 151.8122666666664884 ) ) ;
#1785 = CARTESIAN_POINT ( 'NONE',  ( -40.96905884330340086, 9.084985993109960134, 148.4726833333331797 ) ) ;
#1786 = EDGE_CURVE ( 'NONE', #1236, #1357, #1088, .T. ) ;
#1787 = CARTESIAN_POINT ( 'NONE',  ( -44.79816814770220645, 8.222900670384369448, 146.2588606299774199 ) ) ;
#1788 = CARTESIAN_POINT ( 'NONE',  ( -40.07191309484100117, 10.39906965750670054, 145.7234749999999792 ) ) ;
#1789 = CARTESIAN_POINT ( 'NONE',  ( -40.10979757563335113, 9.444960058626110211, 146.2487709598357810 ) ) ;
#1790 = EDGE_LOOP ( 'NONE', ( #2165, #2686, #559, #2262 ) ) ;
#1791 = CARTESIAN_POINT ( 'NONE',  ( -40.83983898152815328, 9.647516841704510071, 153.6179289744679863 ) ) ;
#1792 = CARTESIAN_POINT ( 'NONE',  ( -40.07126481742214708, 9.614001934079318801, 151.0474009339624786 ) ) ;
#1793 = CARTESIAN_POINT ( 'NONE',  ( -39.70630679758564696, 9.688894201927057637, 145.2741067708331855 ) ) ;
#1794 = CARTESIAN_POINT ( 'NONE',  ( -40.71905050235404389, 9.740964997106869916, 154.1721992794539915 ) ) ;
#1795 = CARTESIAN_POINT ( 'NONE',  ( -33.75648137530189530, 12.39550619638252016, 156.8587750000000085 ) ) ;
#1796 = ORIENTED_EDGE ( 'NONE', *, *, #310, .F. ) ;
#1797 = CARTESIAN_POINT ( 'NONE',  ( -35.10278798887335228, 13.13511591283659996, 158.8263932553339828 ) ) ;
#1798 = CARTESIAN_POINT ( 'NONE',  ( -32.98990403904324609, 14.54066401729796176, 153.1948645833334979 ) ) ;
#1799 = CARTESIAN_POINT ( 'NONE',  ( -36.21617686783085333, 13.90449923512280073, 159.5978333333334831 ) ) ;
#1800 = CARTESIAN_POINT ( 'NONE',  ( -41.52874834366095058, 10.12537122953748003, 149.6060499999999820 ) ) ;
#1801 = CARTESIAN_POINT ( 'NONE',  ( -42.10510657029167447, 9.046080269652213346, 151.4757990178052864 ) ) ;
#1802 = CARTESIAN_POINT ( 'NONE',  ( -41.61048959861710017, 9.549666858687858806, 152.8820417897015034 ) ) ;
#1803 = CARTESIAN_POINT ( 'NONE',  ( -39.83084697236530047, 10.69748732099482069, 155.7694936924854971 ) ) ;
#1804 = CARTESIAN_POINT ( 'NONE',  ( -32.88531665121115566, 13.45901690943696138, 154.2420549122245177 ) ) ;
#1805 = B_SPLINE_SURFACE_WITH_KNOTS ( 'NONE', 3, 3, ( 
 ( #4164, #2374, #1612, #2350, #1567, #4543, #3812 ),
 ( #1200, #810, #835, #66, #2715, #3094, #2321 ),
 ( #2303, #455, #2673, #3749, #3791, #140, #525 ),
 ( #3404, #501, #549, #1971, #3768, #1267, #2997 ),
 ( #1925, #3381, #4521, #91, #1996, #3451, #1949 ),
 ( #3046, #1635, #4473, #2018, #2396, #3836, #3022 ),
 ( #232, #1699, #942, #3854, #3161, #2759, #4614 ),
 ( #3471, #4591, #3520, #184, #921, #593, #1333 ),
 ( #2801, #4230, #4251, #568, #4207, #2415, #1657 ),
 ( #207, #3117, #2038, #2436, #3497, #4570, #1292 ),
 ( #1677, #3139, #1313, #2781, #3876, #2063, #2448 ) ),
 .UNSPECIFIED., .F., .F., .F.,
 ( 4, 1, 1, 1, 1, 1, 1, 1, 4 ),
 ( 4, 1, 1, 1, 4 ),
 ( 0.000000000000000000, 1.000000000000000000, 2.000000000000000000, 3.000000000000000000, 5.000000000000000000, 7.000000000000000000, 8.000000000000000000, 9.000000000000000000, 10.00000000000000000 ),
 ( 0.000000000000000000, 1.000000000000000000, 2.000000000000000000, 3.000000000000000000, 4.000000000000000000 ),
 .UNSPECIFIED. ) ;
#1806 = CARTESIAN_POINT ( 'NONE',  ( -40.12862021161640058, 9.804592774498338770, 151.0277670269345265 ) ) ;
#1807 = ORIENTED_EDGE ( 'NONE', *, *, #3772, .T. ) ;
#1808 = CARTESIAN_POINT ( 'NONE',  ( -40.06702959725024726, 15.34004371848899773, 152.0386499999999899 ) ) ;
#1809 = CARTESIAN_POINT ( 'NONE',  ( -39.43020692039984709, 10.07693370288672163, 153.6685005660785066 ) ) ;
#1810 = EDGE_CURVE ( 'NONE', #388, #281, #1965, .T. ) ;
#1811 = CARTESIAN_POINT ( 'NONE',  ( -40.69758225118769701, 9.675035238660949943, 151.4321981170839990 ) ) ;
#1812 = LINE ( 'NONE', #440, #1201 ) ;
#1813 = CARTESIAN_POINT ( 'NONE',  ( -40.12986984967304949, 9.540685340816279947, 146.2344775621271822 ) ) ;
#1814 = EDGE_LOOP ( 'NONE', ( #4033, #4649, #780, #4739 ) ) ;
#1815 = CARTESIAN_POINT ( 'NONE',  ( -41.01352223420879994, 14.29458720490565860, 151.5523031250000088 ) ) ;
#1816 = CARTESIAN_POINT ( 'NONE',  ( -40.97332748212595277, 9.602135511796440426, 153.5673542094505137 ) ) ;
#1817 = VECTOR ( 'NONE', #2592, 1000.000000000000227 ) ;
#1818 = CARTESIAN_POINT ( 'NONE',  ( -30.53848014531695299, 12.40836975396194042, 150.3253993789049900 ) ) ;
#1819 = CARTESIAN_POINT ( 'NONE',  ( -33.43343353449684940, 10.42783288963414101, 156.6870027777779910 ) ) ;
#1820 = CIRCLE ( 'NONE', #1593, 1.750000000000007772 ) ;
#1821 = CARTESIAN_POINT ( 'NONE',  ( -42.60198903168419804, 13.93007211041626192, 160.2747937500000148 ) ) ;
#1822 = CARTESIAN_POINT ( 'NONE',  ( -36.44420821359100415, 13.78397126493315916, 160.3571833333335235 ) ) ;
#1823 = CARTESIAN_POINT ( 'NONE',  ( -41.01492287602734876, 12.29070323124902053, 148.3273624999999925 ) ) ;
#1824 = CARTESIAN_POINT ( 'NONE',  ( -41.53879804065600467, 9.220026212197529603, 149.9252474522878060 ) ) ;
#1825 = CARTESIAN_POINT ( 'NONE',  ( -41.65351036166370591, 9.493308300203489480, 152.4606303919910033 ) ) ;
#1826 = FILL_AREA_STYLE_COLOUR ( '', #814 ) ;
#1827 = CARTESIAN_POINT ( 'NONE',  ( -40.77640589654829739, 9.931555837525898767, 154.1525653724254994 ) ) ;
#1828 = CARTESIAN_POINT ( 'NONE',  ( -36.00378487651460091, 17.08969944560050180, 151.0469938939610017 ) ) ;
#1829 = CARTESIAN_POINT ( 'NONE',  ( -39.77030475386405328, 9.992135340499270768, 151.8015595747629902 ) ) ;
#1830 = CARTESIAN_POINT ( 'NONE',  ( -44.15834174608020390, 8.247669360105939873, 144.6302082153116260 ) ) ;
#1831 = EDGE_LOOP ( 'NONE', ( #745, #721, #2623, #1024 ) ) ;
#1832 = CARTESIAN_POINT ( 'NONE',  ( -40.93938723732385654, 8.963393688119900560, 148.4750166666665905 ) ) ;
#1833 = ORIENTED_EDGE ( 'NONE', *, *, #3037, .T. ) ;
#1834 = CARTESIAN_POINT ( 'NONE',  ( -42.49841429736616050, 11.78799816837447167, 152.0518376577813342 ) ) ;
#1835 = CARTESIAN_POINT ( 'NONE',  ( -40.81235305955249970, 11.34204235787457549, 147.4728960633508734 ) ) ;
#1836 = CARTESIAN_POINT ( 'NONE',  ( -39.41693470488962703, 15.69128337060988976, 151.1727619705990833 ) ) ;
#1837 = DIRECTION ( 'NONE',  ( -0.3656150866411370104, -0.01415353698374980512, 0.9306585226662051902 ) ) ;
#1838 = EDGE_LOOP ( 'NONE', ( #4458, #4432, #1282, #2985 ) ) ;
#1839 = CARTESIAN_POINT ( 'NONE',  ( -41.35295146770835117, 13.90155013381806093, 151.8046666666664919 ) ) ;
#1840 = ADVANCED_FACE ( 'NONE', ( #329 ), #3585, .T. ) ;
#1841 = CARTESIAN_POINT ( 'NONE',  ( -39.10247270120340346, 10.12027701943615909, 153.1318531127660094 ) ) ;
#1842 = PLANE ( 'NONE',  #1348 ) ;
#1843 = CARTESIAN_POINT ( 'NONE',  ( -40.79914556987559848, 14.48669514894334043, 151.1748325447464936 ) ) ;
#1844 = CARTESIAN_POINT ( 'NONE',  ( -35.06346558960034798, 13.01933314624176141, 158.9367833333334943 ) ) ;
#1845 = CARTESIAN_POINT ( 'NONE',  ( -40.89113242419090000, 14.37168370083043989, 151.1793189236109924 ) ) ;
#1846 = CARTESIAN_POINT ( 'NONE',  ( -41.38384344035850404, 12.13002487872489965, 149.4434125000000222 ) ) ;
#1847 = CARTESIAN_POINT ( 'NONE',  ( -37.32173351494760283, 16.73769467519660026, 151.7535253472219949 ) ) ;
#1848 = CARTESIAN_POINT ( 'NONE',  ( -42.51284122842771751, 9.029576614152997394, 152.5066858628634634 ) ) ;
#1849 = CARTESIAN_POINT ( 'NONE',  ( -41.50169211431840210, 9.294804108522949804, 152.1274987268535028 ) ) ;
#1850 = CARTESIAN_POINT ( 'NONE',  ( -42.10123387840599207, 8.910403450570079542, 151.5323815972220132 ) ) ;
#1851 = CARTESIAN_POINT ( 'NONE',  ( -36.70713718086085464, 16.91798432498449856, 151.4561833579294898 ) ) ;
#1852 = DIRECTION ( 'NONE',  ( -0.8854855037440995114, -0.3027836952349068911, -0.3524733416287725851 ) ) ;
#1853 = ORIENTED_EDGE ( 'NONE', *, *, #1422, .F. ) ;
#1854 = CARTESIAN_POINT ( 'NONE',  ( -39.27577068994860099, 15.83609674650585042, 153.2629166666665128 ) ) ;
#1855 = CARTESIAN_POINT ( 'NONE',  ( -39.94841631796909809, 9.351776386789579121, 145.9694916666665847 ) ) ;
#1856 = CARTESIAN_POINT ( 'NONE',  ( -34.11550460998900292, 16.40006143875620026, 151.7223861111110068 ) ) ;
#1857 = CARTESIAN_POINT ( 'NONE',  ( -31.89827462516035084, 13.86322466899895822, 152.1067940221859942 ) ) ;
#1858 = CARTESIAN_POINT ( 'NONE',  ( -39.00751032849190381, 10.11549367300431967, 152.8080119981160010 ) ) ;
#1859 = VERTEX_POINT ( 'NONE', #1426 ) ;
#1860 = CARTESIAN_POINT ( 'NONE',  ( -42.33607348473775289, 12.94333828170235989, 153.7356083333334880 ) ) ;
#1861 = CARTESIAN_POINT ( 'NONE',  ( -35.90646367547899587, 16.44709584344164810, 152.5633671795265229 ) ) ;
#1862 = CARTESIAN_POINT ( 'NONE',  ( -33.88128966303200684, 13.13093024401297981, 156.3604131306769887 ) ) ;
#1863 = CARTESIAN_POINT ( 'NONE',  ( -41.63690927879265757, 9.530926613041920348, 152.7773042052049846 ) ) ;
#1864 = ADVANCED_FACE ( 'NONE', ( #3992 ), #1379, .T. ) ;
#1865 = CARTESIAN_POINT ( 'NONE',  ( -35.98578860971765181, 12.66341739488716023, 161.9703020833335074 ) ) ;
#1866 = CARTESIAN_POINT ( 'NONE',  ( -42.52790372847604772, 12.82657629912396047, 154.3590499999999963 ) ) ;
#1867 = CARTESIAN_POINT ( 'NONE',  ( -41.58650384751089746, 9.484324501892920978, 152.1776803558625204 ) ) ;
#1868 = CARTESIAN_POINT ( 'NONE',  ( -34.66405594422175085, 13.34937761281463864, 157.5588333333334958 ) ) ;
#1869 = EDGE_CURVE ( 'NONE', #3482, #2451, #3444, .T. ) ;
#1870 = CARTESIAN_POINT ( 'NONE',  ( -36.49256623675890410, 13.22539694527266008, 161.9250999999999863 ) ) ;
#1871 = CARTESIAN_POINT ( 'NONE',  ( -41.49511131970400157, 9.756806413878051032, 149.5863968749999913 ) ) ;
#1872 = CARTESIAN_POINT ( 'NONE',  ( -41.56483813647579950, 9.159010050991518881, 150.0277754796034912 ) ) ;
#1873 = CARTESIAN_POINT ( 'NONE',  ( -44.38203025235669941, 8.213920626601719732, 157.1698291666664886 ) ) ;
#1874 = CARTESIAN_POINT ( 'NONE',  ( -41.63002525125024533, 9.038088189899710301, 150.2765026809369999 ) ) ;
#1875 = CARTESIAN_POINT ( 'NONE',  ( -43.35681095225957904, 8.989979475276284049, 154.5874944840847149 ) ) ;
#1876 = CARTESIAN_POINT ( 'NONE',  ( -41.48991770345064367, 9.066334024738299746, 149.8752913434854008 ) ) ;
#1877 = CARTESIAN_POINT ( 'NONE',  ( -32.57564872259965227, 12.18160703088723906, 154.5745000000000005 ) ) ;
#1878 = CARTESIAN_POINT ( 'NONE',  ( -41.63314445496400396, 12.71969926054861943, 150.6962000000000046 ) ) ;
#1879 = VERTEX_POINT ( 'NONE', #2856 ) ;
#1880 = CARTESIAN_POINT ( 'NONE',  ( -31.44216499400529585, 12.31765687333542125, 152.0847107843494825 ) ) ;
#1881 = CARTESIAN_POINT ( 'NONE',  ( -30.55288079338890128, 11.14445694676726006, 150.3539979488384972 ) ) ;
#1882 = CARTESIAN_POINT ( 'NONE',  ( -32.82439126514154992, 15.01115117911180086, 152.3219655023589780 ) ) ;
#1883 = CARTESIAN_POINT ( 'NONE',  ( -42.85611654418394778, 9.343838245836940004, 153.2490147074574907 ) ) ;
#1884 = CARTESIAN_POINT ( 'NONE',  ( -39.10097634576695214, 10.17372685509160135, 151.6090398023470129 ) ) ;
#1885 = VERTEX_POINT ( 'NONE', #3287 ) ;
#1886 = CARTESIAN_POINT ( 'NONE',  ( -42.64262683484624716, 11.54278359465127934, 153.0141999999999882 ) ) ;
#1887 = CARTESIAN_POINT ( 'NONE',  ( -36.78458781431940139, 16.21282483171549771, 154.3638436836988035 ) ) ;
#1888 = CARTESIAN_POINT ( 'NONE',  ( -41.51632894884700420, 9.293953034396698953, 152.1619948910755227 ) ) ;
#1889 = CARTESIAN_POINT ( 'NONE',  ( -35.94222044746825162, 9.190980181746422062, 164.1789604166664844 ) ) ;
#1890 = CARTESIAN_POINT ( 'NONE',  ( -43.25839716802799728, 11.91197545880859998, 155.5304000000000144 ) ) ;
#1891 = ORIENTED_EDGE ( 'NONE', *, *, #1985, .T. ) ;
#1892 = CARTESIAN_POINT ( 'NONE',  ( -40.53838056192564920, 9.514273348708400135, 151.4438708138249865 ) ) ;
#1893 = CARTESIAN_POINT ( 'NONE',  ( -42.92468863459594530, 13.69835685985959906, 160.9812499999999886 ) ) ;
#1894 = AXIS2_PLACEMENT_3D ( 'NONE', #1803, #4734, #3697 ) ;
#1895 = CARTESIAN_POINT ( 'NONE',  ( -38.34681150281375039, 13.36153714471263854, 165.2438020833334917 ) ) ;
#1896 = CARTESIAN_POINT ( 'NONE',  ( -35.33368143748888457, 13.17163027773031203, 159.2866383589391717 ) ) ;
#1897 = CARTESIAN_POINT ( 'NONE',  ( -34.39409756732364798, 14.85928323157411945, 154.7451241308559986 ) ) ;
#1898 = VECTOR ( 'NONE', #4076, 1000.000000000000000 ) ;
#1899 = CARTESIAN_POINT ( 'NONE',  ( -36.86611833071305000, 17.04749688062469914, 150.6747880447399837 ) ) ;
#1900 = EDGE_CURVE ( 'NONE', #1667, #1518, #2735, .T. ) ;
#1901 = CARTESIAN_POINT ( 'NONE',  ( -36.66561410660640519, 16.17896788408474862, 154.4100683577815118 ) ) ;
#1902 = CARTESIAN_POINT ( 'NONE',  ( -45.01883642652099837, 9.963431594862791840, 158.8260999999999967 ) ) ;
#1903 = CARTESIAN_POINT ( 'NONE',  ( -30.91180407010304876, 13.24288016494272036, 150.7069812500000126 ) ) ;
#1904 = CARTESIAN_POINT ( 'NONE',  ( -33.61741197453465446, 13.10495165430447706, 155.8951251809012319 ) ) ;
#1905 = CARTESIAN_POINT ( 'NONE',  ( -33.13153158204829651, 12.79724571272192080, 155.3027999999999906 ) ) ;
#1906 = VERTEX_POINT ( 'NONE', #3263 ) ;
#1907 = CARTESIAN_POINT ( 'NONE',  ( -40.18634444008409901, 15.16071860036375085, 151.1130499999999870 ) ) ;
#1908 = B_SPLINE_CURVE_WITH_KNOTS ( 'NONE', 3,
 ( #3910, #2050, #217, #4692 ),
 .UNSPECIFIED., .F., .F.,
 ( 4, 4 ),
 ( 0.9373564823925110145, 1.000000000000000000 ),
 .UNSPECIFIED. ) ;
#1909 = CARTESIAN_POINT ( 'NONE',  ( -30.52598372757959666, 12.64074916384716119, 150.2795250000000067 ) ) ;
#1910 = CARTESIAN_POINT ( 'NONE',  ( -41.00125398793060327, 9.593273744017800198, 151.5256191659844944 ) ) ;
#1911 = CARTESIAN_POINT ( 'NONE',  ( -42.81197463633800027, 9.049169575668440046, 153.2375829483000018 ) ) ;
#1912 = CARTESIAN_POINT ( 'NONE',  ( -39.14121115625084713, 10.31112345509009920, 153.0603157424405083 ) ) ;
#1913 = VERTEX_POINT ( 'NONE', #405 ) ;
#1914 = CARTESIAN_POINT ( 'NONE',  ( -42.85237585712214781, 10.05124958313927941, 153.1845680555555020 ) ) ;
#1915 = CARTESIAN_POINT ( 'NONE',  ( -36.48280656328579852, 16.18604465257664771, 153.9447390964479894 ) ) ;
#1916 = CARTESIAN_POINT ( 'NONE',  ( -42.77358273570444425, 10.55167227257738638, 153.0476268612901265 ) ) ;
#1917 = CARTESIAN_POINT ( 'NONE',  ( -35.35391174424579930, 10.85395727155550105, 162.6852000000000089 ) ) ;
#1918 = CARTESIAN_POINT ( 'NONE',  ( -34.78431945355414712, 12.08352051877023925, 159.5751375081470087 ) ) ;
#1919 = CARTESIAN_POINT ( 'NONE',  ( -31.62617950621769580, 14.75219551615237989, 150.7711174105060081 ) ) ;
#1920 = CARTESIAN_POINT ( 'NONE',  ( -37.22938815552814873, 15.61347917131099905, 156.1865850239649944 ) ) ;
#1921 = CARTESIAN_POINT ( 'NONE',  ( -41.88813562774060273, 11.29678662379471987, 150.6723571492725000 ) ) ;
#1922 = CARTESIAN_POINT ( 'NONE',  ( -32.44097842281801292, 12.23786841575389595, 154.2279616762743615 ) ) ;
#1923 = CARTESIAN_POINT ( 'NONE',  ( -37.11492889426990160, 16.95698239797540197, 150.8459619514534893 ) ) ;
#1924 = CARTESIAN_POINT ( 'NONE',  ( -32.59991061730674744, 13.19665413223504125, 153.8129344564074756 ) ) ;
#1925 = CARTESIAN_POINT ( 'NONE',  ( -30.69725859312995198, 11.96380062079395934, 150.7171774305555232 ) ) ;
#1926 = CARTESIAN_POINT ( 'NONE',  ( -40.41393990998219721, 10.60466901333316514, 146.4669699429365437 ) ) ;
#1927 = CARTESIAN_POINT ( 'NONE',  ( -43.23756888358458639, 8.995939357721752572, 154.2967998322258438 ) ) ;
#1928 = CARTESIAN_POINT ( 'NONE',  ( -37.40823210849195135, 16.54853213078230212, 151.9749306045969774 ) ) ;
#1929 = EDGE_CURVE ( 'NONE', #1446, #4622, #6, .T. ) ;
#1930 = CARTESIAN_POINT ( 'NONE',  ( -41.18387500714744931, 11.46740421122323994, 148.6010249999999928 ) ) ;
#1931 = CARTESIAN_POINT ( 'NONE',  ( -30.42700803736969917, 11.46536833325541949, 150.1742870082014747 ) ) ;
#1932 = CARTESIAN_POINT ( 'NONE',  ( -39.18717062847693455, 15.97854923890340295, 153.4164109459623546 ) ) ;
#1933 = CARTESIAN_POINT ( 'NONE',  ( -36.97261787327420279, 15.88487901602469954, 155.1479361945779942 ) ) ;
#1934 = CARTESIAN_POINT ( 'NONE',  ( -43.31227582668304166, 11.29837776452802522, 155.0771194275540381 ) ) ;
#1935 =( LENGTH_UNIT ( ) NAMED_UNIT ( * ) SI_UNIT ( .MILLI., .METRE. ) );
#1936 = EDGE_LOOP ( 'NONE', ( #4691, #1730, #2593, #2495 ) ) ;
#1937 = CARTESIAN_POINT ( 'NONE',  ( -42.28032874970200083, 12.40520765177375928, 152.5507999999999811 ) ) ;
#1938 = CARTESIAN_POINT ( 'NONE',  ( -33.63800401921474759, 14.67355845323374020, 153.9648277743170013 ) ) ;
#1939 = CARTESIAN_POINT ( 'NONE',  ( -35.71125439192130102, 8.998370763659840676, 163.1075625000000002 ) ) ;
#1940 = ORIENTED_EDGE ( 'NONE', *, *, #3243, .F. ) ;
#1941 = CARTESIAN_POINT ( 'NONE',  ( -39.67265830366854829, 9.700630987097680347, 148.6866110189102130 ) ) ;
#1942 = CARTESIAN_POINT ( 'NONE',  ( -31.79278223310544860, 14.95063995612302143, 150.8266201937805135 ) ) ;
#1943 = CARTESIAN_POINT ( 'NONE',  ( -40.27493073831475101, 14.73431358573263950, 149.3033051271289935 ) ) ;
#1944 = CARTESIAN_POINT ( 'NONE',  ( -43.36128270475215629, 13.22667996905149934, 162.8678438194444880 ) ) ;
#1945 = CARTESIAN_POINT ( 'NONE',  ( -37.72634776442335180, 16.50147945147974937, 151.8492412759194963 ) ) ;
#1946 = B_SPLINE_CURVE_WITH_KNOTS ( 'NONE', 3,
 ( #3664, #1475, #4419, #3710, #2575, #2937, #4238 ),
 .UNSPECIFIED., .F., .F.,
 ( 4, 1, 1, 1, 4 ),
 ( 0.000000000000000000, 0.2686220076527334744, 0.5219173918781340182, 0.7671715008999040464, 1.000000000000000000 ),
 .UNSPECIFIED. ) ;
#1947 = CARTESIAN_POINT ( 'NONE',  ( -38.04511128241620099, 14.94372384798533915, 159.2694375000000093 ) ) ;
#1948 = CARTESIAN_POINT ( 'NONE',  ( -40.13219513919690229, 9.644305240243840061, 151.5195542959924921 ) ) ;
#1949 = CARTESIAN_POINT ( 'NONE',  ( -31.36755536975125480, 11.85513773527771875, 152.0567232638890118 ) ) ;
#1950 = CARTESIAN_POINT ( 'NONE',  ( -40.78644471837137786, 11.32106102720655372, 147.3946848506683693 ) ) ;
#1951 = CARTESIAN_POINT ( 'NONE',  ( -39.57262059608704874, 10.09076873337095925, 152.1815332822280027 ) ) ;
#1952 = DIRECTION ( 'NONE',  ( 0.8854855037441022869, 0.3027836952349071686, 0.3524733416287650911 ) ) ;
#1953 = CARTESIAN_POINT ( 'NONE',  ( -41.64126563317344676, 12.01063264542913878, 150.1821124999999881 ) ) ;
#1954 = CARTESIAN_POINT ( 'NONE',  ( -33.50758969725494296, 15.15472149936455004, 153.0798999999999808 ) ) ;
#1955 = CARTESIAN_POINT ( 'NONE',  ( -43.44589748799447193, 11.11970342542486279, 155.3608947889735816 ) ) ;
#1956 = CARTESIAN_POINT ( 'NONE',  ( -39.01987572371375279, 10.00431275992314006, 151.7648756770589955 ) ) ;
#1957 = ORIENTED_EDGE ( 'NONE', *, *, #1995, .F. ) ;
#1958 = CARTESIAN_POINT ( 'NONE',  ( -33.45519647589414802, 14.68063522172561974, 153.4994985129839904 ) ) ;
#1959 = EDGE_CURVE ( 'NONE', #1214, #1276, #120, .T. ) ;
#1960 = CARTESIAN_POINT ( 'NONE',  ( -35.50309542315544320, 9.006289317060240052, 162.3371104166665191 ) ) ;
#1961 = ORIENTED_EDGE ( 'NONE', *, *, #2977, .F. ) ;
#1962 = CARTESIAN_POINT ( 'NONE',  ( -41.35834700334895331, 9.311917053351239204, 151.8748722474945225 ) ) ;
#1963 = CARTESIAN_POINT ( 'NONE',  ( -44.07230469667054962, 12.70898744540060044, 161.9999444444445089 ) ) ;
#1964 = CARTESIAN_POINT ( 'NONE',  ( -38.91940667103534679, 16.02911097327059764, 151.3733567173530048 ) ) ;
#1965 = B_SPLINE_CURVE_WITH_KNOTS ( 'NONE', 3,
 ( #2935, #3227, #2503, #4016, #3253, #1105, #4340, #4698, #2553, #2594, #2893, #4034, #2526, #2866, #352, #2236, #753 ),
 .UNSPECIFIED., .F., .F.,
 ( 4, 1, 1, 1, 1, 2, 2, 1, 2, 2, 4 ),
 ( 0.000000000000000000, 0.2499999999999256151, 0.3749999999998890887, 0.4374999999998733791, 0.4687499999998671063, 0.4843749999998684941, 0.4999999999998698819, 0.6249999999998931965, 0.6874999999999065192, 0.7499999999999199529, 1.000000000000000000 ),
 .UNSPECIFIED. ) ;
#1966 = CARTESIAN_POINT ( 'NONE',  ( -42.05113946720810247, 9.221539626494930530, 153.0213722837665102 ) ) ;
#1967 = CARTESIAN_POINT ( 'NONE',  ( -39.54453468674184791, 14.00579596817365946, 164.1381187500000181 ) ) ;
#1968 = CARTESIAN_POINT ( 'NONE',  ( -38.96980725800079881, 10.09299464409236080, 152.4794689684464970 ) ) ;
#1969 = CARTESIAN_POINT ( 'NONE',  ( -37.83827642493740484, 16.36447309622645108, 153.0704125000000033 ) ) ;
#1970 = CARTESIAN_POINT ( 'NONE',  ( -41.52018470194320088, 12.51982661987105949, 150.2982551128239948 ) ) ;
#1971 = CARTESIAN_POINT ( 'NONE',  ( -31.00576050812805207, 11.39752504706594038, 151.3130603993130023 ) ) ;
#1972 = CARTESIAN_POINT ( 'NONE',  ( -40.52013937971268831, 10.88598794043589280, 146.6811558069794899 ) ) ;
#1973 = VECTOR ( 'NONE', #2771, 1000.000000000000000 ) ;
#1974 = CARTESIAN_POINT ( 'NONE',  ( -46.03840189311119957, 8.656917160480679385, 149.0017514304053918 ) ) ;
#1975 = CARTESIAN_POINT ( 'NONE',  ( -41.68624798375015672, 10.56792448769985882, 150.0104916666664963 ) ) ;
#1976 = CARTESIAN_POINT ( 'NONE',  ( -31.08036030252254989, 14.35314788198867930, 150.1930808107684925 ) ) ;
#1977 = CARTESIAN_POINT ( 'NONE',  ( -34.80460479960464681, 15.44807361807865043, 154.2020500000000141 ) ) ;
#1978 = CARTESIAN_POINT ( 'NONE',  ( -43.60889049072378754, 10.81766350108159358, 155.6463751135065365 ) ) ;
#1979 = CARTESIAN_POINT ( 'NONE',  ( -32.74443900210810199, 10.66346623532359850, 155.1489333333335026 ) ) ;
#1980 = ORIENTED_EDGE ( 'NONE', *, *, #2011, .T. ) ;
#1981 = CARTESIAN_POINT ( 'NONE',  ( -42.94527439958205406, 9.886539248999881124, 153.4137125000000026 ) ) ;
#1982 = CARTESIAN_POINT ( 'NONE',  ( -39.15413106705555180, 15.92620054997344958, 152.8913406381180096 ) ) ;
#1983 = EDGE_LOOP ( 'NONE', ( #3363, #1623, #221, #4217, #4598, #1152, #3283, #4416, #657 ) ) ;
#1984 = CARTESIAN_POINT ( 'NONE',  ( -33.45176844755570045, 12.15390376773293823, 156.3656598646385021 ) ) ;
#1985 = EDGE_CURVE ( 'NONE', #1190, #4669, #893, .T. ) ;
#1986 = DIRECTION ( 'NONE',  ( -0.9389695132847292181, -0.2592789765623776388, 0.2260766804307885736 ) ) ;
#1987 = CARTESIAN_POINT ( 'NONE',  ( -40.55926376662329602, 14.42332889278575969, 149.5971995351218027 ) ) ;
#1988 = CARTESIAN_POINT ( 'NONE',  ( -41.13108266429694737, 14.50634312735038023, 155.0633395833335157 ) ) ;
#1989 = CARTESIAN_POINT ( 'NONE',  ( -40.34735451664855077, 9.522407053605409288, 150.9647932434419886 ) ) ;
#1990 = CARTESIAN_POINT ( 'NONE',  ( -39.99991909180240413, 9.901826582460699910, 151.5956707916054995 ) ) ;
#1991 = CARTESIAN_POINT ( 'NONE',  ( -41.15977269135078132, 9.073559590359268512, 148.9809980404056660 ) ) ;
#1992 = CARTESIAN_POINT ( 'NONE',  ( -36.72611811164425433, 14.89524888460950081, 157.9163500000000226 ) ) ;
#1993 = CARTESIAN_POINT ( 'NONE',  ( -31.59766049368483465, 14.45713805601237922, 151.0198654058331726 ) ) ;
#1994 = CARTESIAN_POINT ( 'NONE',  ( -40.03340229187679711, 9.678351434334910408, 151.5614506970545108 ) ) ;
#1995 = EDGE_CURVE ( 'NONE', #487, #2953, #3155, .T. ) ;
#1996 = CARTESIAN_POINT ( 'NONE',  ( -31.20266050706424821, 11.88743886946799933, 151.7132187500000100 ) ) ;
#1997 = CARTESIAN_POINT ( 'NONE',  ( -40.33722805116502741, 10.36550821375990949, 146.3466315332029524 ) ) ;
#1998 = CARTESIAN_POINT ( 'NONE',  ( -35.90646367517354776, 16.44709584579414852, 152.5633671796825297 ) ) ;
#1999 = CARTESIAN_POINT ( 'NONE',  ( -31.12047838271175237, 14.46847625762184109, 150.1528894975594710 ) ) ;
#2000 = CARTESIAN_POINT ( 'NONE',  ( -35.28104273253065060, 15.19012951502980080, 155.3056499999999858 ) ) ;
#2001 = B_SPLINE_CURVE_WITH_KNOTS ( 'NONE', 3,
 ( #3501, #3165, #3237, #4685, #4594, #2513, #2784, #646, #2418, #316, #1724, #2854, #3903, #1777, #4233 ),
 .UNSPECIFIED., .F., .F.,
 ( 4, 1, 1, 1, 1, 1, 1, 1, 1, 1, 1, 1, 4 ),
 ( 0.000000000000000000, 0.09857291052510350204, 0.1996144044776149984, 0.3059347542038389767, 0.4162400323667405089, 0.4750460346997589789, 0.5370283473132749785, 0.6041463145823089409, 0.6746020878660939912, 0.7497992027626531053, 0.8283851165129719751, 0.9124669593055270145, 1.000000000000000000 ),
 .UNSPECIFIED. ) ;
#2002 = CARTESIAN_POINT ( 'NONE',  ( -43.55790929920574683, 10.92500938977818947, 155.5644255535633818 ) ) ;
#2003 = CARTESIAN_POINT ( 'NONE',  ( -33.16810270953560291, 10.51970501068126040, 156.0947673611109963 ) ) ;
#2004 = ORIENTED_EDGE ( 'NONE', *, *, #3712, .F. ) ;
#2005 = CARTESIAN_POINT ( 'NONE',  ( -44.77588226934160076, 8.632228762897838692, 157.8963666666665233 ) ) ;
#2006 = CARTESIAN_POINT ( 'NONE',  ( -41.10148829958169614, 14.29213514306970190, 152.1014580221440156 ) ) ;
#2007 = EDGE_LOOP ( 'NONE', ( #4465, #446, #2203, #4557 ) ) ;
#2008 = CARTESIAN_POINT ( 'NONE',  ( -44.15834174608020390, 8.247669360105939873, 144.6302082153116260 ) ) ;
#2009 = CARTESIAN_POINT ( 'NONE',  ( -30.57239658298350093, 12.40475275796937993, 150.3893665238095139 ) ) ;
#2010 = CARTESIAN_POINT ( 'NONE',  ( -41.95250848423179946, 9.138787358015260764, 151.9299520547865257 ) ) ;
#2011 = EDGE_CURVE ( 'NONE', #2191, #2567, #577, .T. ) ;
#2012 = CARTESIAN_POINT ( 'NONE',  ( -40.82790440568001600, 9.085137488788586069, 148.1239197763028983 ) ) ;
#2013 = CARTESIAN_POINT ( 'NONE',  ( -40.00318932409830097, 13.86603926855274160, 164.8147383680555151 ) ) ;
#2014 = CARTESIAN_POINT ( 'NONE',  ( -39.10247270120340346, 10.12027701943615909, 153.1318531127660094 ) ) ;
#2015 = CARTESIAN_POINT ( 'NONE',  ( -35.25810532688527843, 14.07156575004369081, 157.4281275361104520 ) ) ;
#2016 = CARTESIAN_POINT ( 'NONE',  ( -42.71180054156869943, 10.05195239224140025, 152.8258708623005191 ) ) ;
#2017 = EDGE_CURVE ( 'NONE', #3225, #1300, #2529, .T. ) ;
#2018 = CARTESIAN_POINT ( 'NONE',  ( -31.12359639364605002, 12.56170643430750111, 151.4081499999999778 ) ) ;
#2019 = CARTESIAN_POINT ( 'NONE',  ( -37.05929409640999950, 12.19016829084019804, 165.5411012022555042 ) ) ;
#2020 = CARTESIAN_POINT ( 'NONE',  ( -41.03218536448895293, 14.33720737422050107, 151.8867031422939817 ) ) ;
#2021 = CARTESIAN_POINT ( 'NONE',  ( -41.89345538001455083, 12.59491338897396062, 151.4378500000000258 ) ) ;
#2022 = CARTESIAN_POINT ( 'NONE',  ( -39.52479044777430062, 10.13777812180441984, 152.4981407628145007 ) ) ;
#2023 = CARTESIAN_POINT ( 'NONE',  ( -40.94053740807544983, 9.613465191522029940, 153.5815462679825032 ) ) ;
#2024 = CARTESIAN_POINT ( 'NONE',  ( -36.81530341979345167, 15.97673488614185011, 154.7625270833335094 ) ) ;
#2025 = CARTESIAN_POINT ( 'NONE',  ( -43.21473515315265956, 11.38196261543854959, 154.8270952599867201 ) ) ;
#2026 = ORIENTED_EDGE ( 'NONE', *, *, #3417, .T. ) ;
#2027 = CARTESIAN_POINT ( 'NONE',  ( -32.13160256646074942, 14.32621240453859990, 152.0528787151575045 ) ) ;
#2028 = CARTESIAN_POINT ( 'NONE',  ( -40.90262820428824853, 14.55188676857935981, 152.1835317939394940 ) ) ;
#2029 = EDGE_LOOP ( 'NONE', ( #60, #2098, #4039, #3735, #3921, #1433 ) ) ;
#2030 = CARTESIAN_POINT ( 'NONE',  ( -41.91538674703340206, 10.37720124803276001, 150.6476662391190189 ) ) ;
#2031 = CARTESIAN_POINT ( 'NONE',  ( -33.85133228831565333, 13.08189017748890137, 156.3585247715379865 ) ) ;
#2032 = CARTESIAN_POINT ( 'NONE',  ( -41.45444864918064809, 14.10284685729222076, 153.4948904513890113 ) ) ;
#2033 = CARTESIAN_POINT ( 'NONE',  ( -41.11488528297174838, 13.66567250944050116, 150.4749056783689980 ) ) ;
#2034 = CARTESIAN_POINT ( 'NONE',  ( -33.35512030693369923, 11.87936929455530155, 156.3593500000000063 ) ) ;
#2035 = CARTESIAN_POINT ( 'NONE',  ( -31.92720618766068696, 14.47317952207743552, 151.5624964468225926 ) ) ;
#2036 = CARTESIAN_POINT ( 'NONE',  ( -34.42437823534262265, 13.71477295733659219, 156.5950292702896718 ) ) ;
#2037 = CARTESIAN_POINT ( 'NONE',  ( -39.58492623050230463, 11.03049486737979912, 163.3769101290990022 ) ) ;
#2038 = CARTESIAN_POINT ( 'NONE',  ( -31.51239373715425529, 14.30059441522120167, 151.0229268848484878 ) ) ;
#2039 = CARTESIAN_POINT ( 'NONE',  ( -36.58527277140935041, 12.31928864536878088, 164.1155565972220245 ) ) ;
#2040 = CARTESIAN_POINT ( 'NONE',  ( -40.52443838306925272, 14.16252840093268084, 148.7222378470750073 ) ) ;
#2041 = EDGE_CURVE ( 'NONE', #281, #4724, #957, .T. ) ;
#2042 = CARTESIAN_POINT ( 'NONE',  ( -41.78828889778309730, 10.07458825484881970, 150.3478013312579833 ) ) ;
#2043 = CARTESIAN_POINT ( 'NONE',  ( -39.99563894839504741, 10.09201961288201943, 153.4294148419254782 ) ) ;
#2044 = CARTESIAN_POINT ( 'NONE',  ( -39.99563894839504741, 10.09201961288201943, 153.4294148419254782 ) ) ;
#2045 = VECTOR ( 'NONE', #240, 1000.000000000000000 ) ;
#2046 = CARTESIAN_POINT ( 'NONE',  ( -37.19000501064789432, 15.84742987606760067, 155.3842414098359939 ) ) ;
#2047 = CARTESIAN_POINT ( 'NONE',  ( -30.63403984154949811, 11.44628036034051988, 150.5742039034140021 ) ) ;
#2048 = ORIENTED_EDGE ( 'NONE', *, *, #2829, .T. ) ;
#2049 = MECHANICAL_DESIGN_GEOMETRIC_PRESENTATION_REPRESENTATION (  '', ( #3572 ), #585 ) ;
#2050 = CARTESIAN_POINT ( 'NONE',  ( -41.48987518867084390, 9.070025397246938681, 149.8731556636556093 ) ) ;
#2051 = CARTESIAN_POINT ( 'NONE',  ( -32.12389520396730092, 14.33685331692895915, 152.0290818026115005 ) ) ;
#2052 = CARTESIAN_POINT ( 'NONE',  ( -40.18293839213019680, 11.68312949805629941, 145.7765861111109871 ) ) ;
#2053 = CARTESIAN_POINT ( 'NONE',  ( -39.43427731662254843, 15.77827805105054892, 152.7790337937475158 ) ) ;
#2054 = ORIENTED_EDGE ( 'NONE', *, *, #3470, .T. ) ;
#2055 = CARTESIAN_POINT ( 'NONE',  ( -30.57239658298350093, 12.40475275796937993, 150.3893665238095139 ) ) ;
#2056 = CARTESIAN_POINT ( 'NONE',  ( -42.03066175635194668, 9.328263328929789822, 151.9602514885659730 ) ) ;
#2057 = CARTESIAN_POINT ( 'NONE',  ( -41.51227022794675037, 9.123614929439900934, 149.9046069949629896 ) ) ;
#2058 = CARTESIAN_POINT ( 'NONE',  ( -40.45153075143715427, 14.86853574258663890, 150.9767375000000129 ) ) ;
#2059 = CARTESIAN_POINT ( 'NONE',  ( -41.44667254271746515, 12.77568703899434155, 150.3310259773531925 ) ) ;
#2060 = CARTESIAN_POINT ( 'NONE',  ( -31.78324065657801256, 14.49195671021178811, 151.3032935559119778 ) ) ;
#2061 = CARTESIAN_POINT ( 'NONE',  ( -34.94955405138836113, 14.00002628916112002, 157.0344614344549541 ) ) ;
#2062 = FACE_OUTER_BOUND ( 'NONE', #848, .T. ) ;
#2063 = CARTESIAN_POINT ( 'NONE',  ( -32.09001674020689876, 14.35013753014135851, 151.9589968886805025 ) ) ;
#2064 = CARTESIAN_POINT ( 'NONE',  ( -34.89400047527165327, 13.64635105949289873, 157.5339187499999980 ) ) ;
#2065 = CARTESIAN_POINT ( 'NONE',  ( -36.70705241193400781, 17.06914427837314818, 150.7444590253400065 ) ) ;
#2066 = CARTESIAN_POINT ( 'NONE',  ( -40.89011844709875021, 13.05622156113780008, 148.4583229166666172 ) ) ;
#2067 = CARTESIAN_POINT ( 'NONE',  ( -37.34008167812614687, 16.97014995634154744, 150.4617966568490033 ) ) ;
#2068 = CARTESIAN_POINT ( 'NONE',  ( -41.67583915529603900, 10.07602184349261165, 150.0332246172846169 ) ) ;
#2069 = CARTESIAN_POINT ( 'NONE',  ( -40.38553710612880110, 9.993285217401009390, 153.6099642921365103 ) ) ;
#2070 = CARTESIAN_POINT ( 'NONE',  ( -40.58966018473594772, 9.934800702316829657, 153.6385345993840019 ) ) ;
#2071 = ADVANCED_FACE ( 'NONE', ( #688 ), #3860, .T. ) ;
#2072 = CARTESIAN_POINT ( 'NONE',  ( -36.06281035520989775, 16.45681614526365166, 152.9619875000000206 ) ) ;
#2073 = CARTESIAN_POINT ( 'NONE',  ( -31.14849965451305280, 14.34530736655873895, 150.3258973672739955 ) ) ;
#2074 = ORIENTED_EDGE ( 'NONE', *, *, #2355, .T. ) ;
#2075 = CARTESIAN_POINT ( 'NONE',  ( -37.08817940063634921, 16.58925777877639973, 152.6385386793484997 ) ) ;
#2076 = EDGE_CURVE ( 'NONE', #3607, #1300, #1406, .T. ) ;
#2077 = CARTESIAN_POINT ( 'NONE',  ( -39.97398774186304848, 9.886828561390970549, 145.7249368055556147 ) ) ;
#2078 = CARTESIAN_POINT ( 'NONE',  ( -46.88770709917899637, 8.624039215658969582, 151.1636237306794897 ) ) ;
#2079 = ORIENTED_EDGE ( 'NONE', *, *, #992, .F. ) ;
#2080 = CARTESIAN_POINT ( 'NONE',  ( -39.56697789437770041, 9.964501994721279843, 152.9766412941229987 ) ) ;
#2081 = CARTESIAN_POINT ( 'NONE',  ( -42.14679154050430299, 9.336492584500378555, 152.3793779655910043 ) ) ;
#2082 = CARTESIAN_POINT ( 'NONE',  ( -34.78431945355414712, 12.08352051877023925, 159.5751375081470087 ) ) ;
#2083 = CARTESIAN_POINT ( 'NONE',  ( -39.91447505805334117, 15.23207600933974959, 149.5006244154909893 ) ) ;
#2084 = CARTESIAN_POINT ( 'NONE',  ( -39.29856539381314917, 10.09961346696244000, 153.5041014808945192 ) ) ;
#2085 = CARTESIAN_POINT ( 'NONE',  ( -34.10153519969829716, 13.48575733398519994, 156.3383394097220105 ) ) ;
#2086 = CARTESIAN_POINT ( 'NONE',  ( -35.39723274434798839, 13.30335988692907456, 159.1789714005570602 ) ) ;
#2087 = ORIENTED_EDGE ( 'NONE', *, *, #3417, .F. ) ;
#2088 = CARTESIAN_POINT ( 'NONE',  ( -39.55234157697374542, 9.965352839621868242, 152.9421444154015148 ) ) ;
#2089 = CARTESIAN_POINT ( 'NONE',  ( -35.12059842356350003, 13.53229594060949914, 158.1564500000000066 ) ) ;
#2090 = CARTESIAN_POINT ( 'NONE',  ( -42.81094360434200041, 11.46290527715724039, 153.5099479166665049 ) ) ;
#2091 = CARTESIAN_POINT ( 'NONE',  ( -40.33851413334030411, 14.51748527881485984, 148.8244588294435857 ) ) ;
#2092 = CARTESIAN_POINT ( 'NONE',  ( -37.26018516764950306, 16.85320369775109839, 151.2158432491364977 ) ) ;
#2093 = CARTESIAN_POINT ( 'NONE',  ( -41.56338941350810501, 10.07745543445951242, 149.7186479030719113 ) ) ;
#2094 = CARTESIAN_POINT ( 'NONE',  ( -40.69213494182600499, 9.903777935158339929, 153.6367430467934980 ) ) ;
#2095 = CARTESIAN_POINT ( 'NONE',  ( -35.91670087183349835, 16.66885227393904856, 152.3289256944445071 ) ) ;
#2096 = CARTESIAN_POINT ( 'NONE',  ( -41.45093967172019944, 10.07888902542642029, 149.4040711888594046 ) ) ;
#2097 = CARTESIAN_POINT ( 'NONE',  ( -31.29279761527204684, 14.32544321443464064, 150.6061805419089978 ) ) ;
#2098 = ORIENTED_EDGE ( 'NONE', *, *, #4638, .F. ) ;
#2099 = CARTESIAN_POINT ( 'NONE',  ( -35.90646367517354776, 16.44709584579414852, 152.5633671796825297 ) ) ;
#2100 = CARTESIAN_POINT ( 'NONE',  ( -41.63690080625550394, 9.063884914314771279, 150.2808904347064924 ) ) ;
#2101 = LINE ( 'NONE', #1901, #2524 ) ;
#2102 = CARTESIAN_POINT ( 'NONE',  ( -42.84471983271579631, 10.95322319730364669, 153.3807769957504092 ) ) ;
#2103 = CARTESIAN_POINT ( 'NONE',  ( -41.10308845947689349, 11.29401125149619389, 148.3541298782911610 ) ) ;
#2104 = VERTEX_POINT ( 'NONE', #3156 ) ;
#2105 = CARTESIAN_POINT ( 'NONE',  ( -41.43110734436104536, 13.38257386432841933, 150.8836244374195132 ) ) ;
#2106 = ADVANCED_FACE ( 'NONE', ( #663 ), #1018, .T. ) ;
#2107 = CARTESIAN_POINT ( 'NONE',  ( -40.80199007859214788, 14.23829226681110072, 150.6065369901649831 ) ) ;
#2108 = CARTESIAN_POINT ( 'NONE',  ( -31.26836453363755197, 14.26531774536874053, 150.6141119552384851 ) ) ;
#2109 = CARTESIAN_POINT ( 'NONE',  ( -40.93812099939084703, 14.39844271634274087, 151.5940833333334865 ) ) ;
#2110 = CARTESIAN_POINT ( 'NONE',  ( -33.80120638388824972, 11.69698770630679974, 157.4419000000000040 ) ) ;
#2111 = ORIENTED_EDGE ( 'NONE', *, *, #285, .T. ) ;
#2112 = CARTESIAN_POINT ( 'NONE',  ( -42.42823622657540028, 10.05729302651399948, 152.0530368035470019 ) ) ;
#2113 = CARTESIAN_POINT ( 'NONE',  ( -33.85858842807795099, 14.57131003798888003, 154.4349895833335040 ) ) ;
#2114 = CARTESIAN_POINT ( 'NONE',  ( -35.98578860971765181, 12.66341739488716023, 161.9703020833335074 ) ) ;
#2115 = CARTESIAN_POINT ( 'NONE',  ( -38.25062954116779679, 16.00311774417244948, 154.5424860027154921 ) ) ;
#2116 = CARTESIAN_POINT ( 'NONE',  ( -43.21229868763820292, 12.47902595270378079, 156.4714000000000169 ) ) ;
#2117 = CARTESIAN_POINT ( 'NONE',  ( -41.18727899563169359, 13.83802245127615826, 150.8608666666665101 ) ) ;
#2118 = CARTESIAN_POINT ( 'NONE',  ( -40.17959495797334313, 9.764887777008198100, 146.2228201704520245 ) ) ;
#2119 = CARTESIAN_POINT ( 'NONE',  ( -39.70643047233184575, 10.14729700994464068, 153.1211572659934745 ) ) ;
#2120 = FACE_OUTER_BOUND ( 'NONE', #2007, .T. ) ;
#2121 = CARTESIAN_POINT ( 'NONE',  ( -34.68835146566139827, 14.29998825274484098, 156.1166125000000022 ) ) ;
#2122 = CARTESIAN_POINT ( 'NONE',  ( -41.28429584192315360, 14.28505837329839956, 152.5667872838424728 ) ) ;
#2123 = CARTESIAN_POINT ( 'NONE',  ( -32.24276388600563337, 13.68817746275369451, 152.8523593527452533 ) ) ;
#2124 = CARTESIAN_POINT ( 'NONE',  ( -32.78841983001980509, 10.28580086480531897, 155.0803958333334833 ) ) ;
#2125 = ORIENTED_EDGE ( 'NONE', *, *, #1663, .T. ) ;
#2126 = AXIS2_PLACEMENT_3D ( 'NONE', #3687, #2265, #4036 ) ;
#2127 = CARTESIAN_POINT ( 'NONE',  ( -38.13491101910265257, 16.27868633300074919, 153.8343623000164939 ) ) ;
#2128 = CARTESIAN_POINT ( 'NONE',  ( -44.40748498097180175, 8.339752988126651445, 157.1734333333334916 ) ) ;
#2129 = B_SPLINE_CURVE_WITH_KNOTS ( 'NONE', 3,
 ( #1928, #1568, #1659, #1998 ),
 .UNSPECIFIED., .F., .F.,
 ( 4, 4 ),
 ( 0.000000000000000000, 1.000000000000000000 ),
 .UNSPECIFIED. ) ;
#2130 = CARTESIAN_POINT ( 'NONE',  ( -42.83053867104848678, 10.88835346467308973, 153.3101599154536245 ) ) ;
#2131 = CARTESIAN_POINT ( 'NONE',  ( -41.05629723062349967, 11.33612942033169979, 148.2153326997670035 ) ) ;
#2132 = VECTOR ( 'NONE', #551, 1000.000000000000000 ) ;
#2133 = ORIENTED_EDGE ( 'NONE', *, *, #1749, .F. ) ;
#2134 = CARTESIAN_POINT ( 'NONE',  ( -40.85548263352144716, 14.45081516695301893, 151.3452140625000197 ) ) ;
#2135 = CARTESIAN_POINT ( 'NONE',  ( -41.55443068757119818, 9.293301020911471255, 152.2669700467050120 ) ) ;
#2136 = CARTESIAN_POINT ( 'NONE',  ( -41.44595239889244453, 9.423948472215540662, 149.5781869791665883 ) ) ;
#2137 = CARTESIAN_POINT ( 'NONE',  ( -33.11233362113145517, 14.22577174003820133, 153.6272767499455085 ) ) ;
#2138 = CARTESIAN_POINT ( 'NONE',  ( -39.40001758578912927, 15.88093985770849770, 153.3313082205302464 ) ) ;
#2139 = CARTESIAN_POINT ( 'NONE',  ( -41.09535192858280084, 9.770381796080439329, 153.5197305219325301 ) ) ;
#2140 = EDGE_CURVE ( 'NONE', #490, #2312, #4573, .T. ) ;
#2141 = CARTESIAN_POINT ( 'NONE',  ( -35.15353723392394869, 12.69453680881979984, 159.7002750000000049 ) ) ;
#2142 = EDGE_LOOP ( 'NONE', ( #3105, #1580, #2287, #2980, #2705, #2824 ) ) ;
#2143 = CARTESIAN_POINT ( 'NONE',  ( -41.29769277870550326, 13.65859583940209987, 150.9402349598979924 ) ) ;
#2144 = CARTESIAN_POINT ( 'NONE',  ( -35.84731822303395177, 16.37082171556945198, 153.1226968459430111 ) ) ;
#2145 = EDGE_CURVE ( 'NONE', #1597, #3194, #1081, .T. ) ;
#2146 = CARTESIAN_POINT ( 'NONE',  ( -36.19943772319420106, 14.56540842546058023, 158.0075999999999965 ) ) ;
#2147 = CARTESIAN_POINT ( 'NONE',  ( -43.19465955980970051, 11.29046411314580034, 154.6248999999999967 ) ) ;
#2148 = CARTESIAN_POINT ( 'NONE',  ( -40.85021960614590597, 14.39741413672919990, 151.0549354166664955 ) ) ;
#2149 = CYLINDRICAL_SURFACE ( 'NONE', #1028, 1.750000000000005551 ) ;
#2150 = CARTESIAN_POINT ( 'NONE',  ( -41.69548972018147026, 11.39427475153821412, 150.2122679354878301 ) ) ;
#2151 = CARTESIAN_POINT ( 'NONE',  ( -34.73923284055474880, 14.27356243682241832, 156.2402374999999779 ) ) ;
#2152 = CARTESIAN_POINT ( 'NONE',  ( -42.31186238340060157, 11.92762976802289998, 152.1272492867355197 ) ) ;
#2153 = CARTESIAN_POINT ( 'NONE',  ( -31.08036030252254989, 14.35314788198867930, 150.1930808107684925 ) ) ;
#2154 = ORIENTED_EDGE ( 'NONE', *, *, #3121, .F. ) ;
#2155 = LINE ( 'NONE', #3170, #3186 ) ;
#2156 = CARTESIAN_POINT ( 'NONE',  ( -40.41687612555434583, 12.00410855616063976, 146.4140666666665993 ) ) ;
#2157 = PRODUCT_RELATED_PRODUCT_CATEGORY ( 'part', '', ( #2289 ) ) ;
#2158 = CARTESIAN_POINT ( 'NONE',  ( -40.12304294170530028, 9.508679025485241354, 146.2382989785654104 ) ) ;
#2159 = EDGE_LOOP ( 'NONE', ( #2816, #2185, #1372, #2180, #3938 ) ) ;
#2160 = CARTESIAN_POINT ( 'NONE',  ( -40.63477954763175859, 9.713187094739319960, 153.6563769538215070 ) ) ;
#2161 = CARTESIAN_POINT ( 'NONE',  ( -40.76533354725340530, 9.396119904729928862, 150.9599128203610121 ) ) ;
#2162 = CARTESIAN_POINT ( 'NONE',  ( -40.23191664288364677, 9.818304307505339779, 146.3059229166666171 ) ) ;
#2163 = CARTESIAN_POINT ( 'NONE',  ( -40.20818884096858170, 9.121682622966762466, 146.6683326318267007 ) ) ;
#2164 = CARTESIAN_POINT ( 'NONE',  ( -35.29466144554470475, 12.89721562916017916, 159.6925916666664875 ) ) ;
#2165 = ORIENTED_EDGE ( 'NONE', *, *, #38, .F. ) ;
#2166 = EDGE_CURVE ( 'NONE', #3957, #4443, #2868, .T. ) ;
#2167 = CARTESIAN_POINT ( 'NONE',  ( -41.53024029186379806, 14.32900916687063919, 157.2898520833335283 ) ) ;
#2168 = CARTESIAN_POINT ( 'NONE',  ( -33.15629139800935121, 14.75100233143576034, 153.1599326388889892 ) ) ;
#2169 = CARTESIAN_POINT ( 'NONE',  ( -35.15596595837740068, 14.46468232231043949, 156.5655458333335162 ) ) ;
#2170 = CARTESIAN_POINT ( 'NONE',  ( -41.82707061144454741, 11.16088167146971877, 150.4415708333335147 ) ) ;
#2171 = EDGE_CURVE ( 'NONE', #1323, #1076, #3495, .T. ) ;
#2172 = CARTESIAN_POINT ( 'NONE',  ( -39.24270801175100587, 10.30596574368663987, 153.3067455334499982 ) ) ;
#2173 = CARTESIAN_POINT ( 'NONE',  ( -41.69777452137164886, 9.591036373578388563, 150.1900642661865106 ) ) ;
#2174 = CARTESIAN_POINT ( 'NONE',  ( -42.00986387842604586, 9.329378198434278957, 151.9103181477579767 ) ) ;
#2175 = CARTESIAN_POINT ( 'NONE',  ( -43.84995142650566891, 8.963667914900758760, 155.7729174905450122 ) ) ;
#2176 = CARTESIAN_POINT ( 'NONE',  ( -31.46267138705225008, 12.50133998534090018, 152.0992250000000183 ) ) ;
#2177 = VERTEX_POINT ( 'NONE', #1000 ) ;
#2178 = CARTESIAN_POINT ( 'NONE',  ( -39.41370518758954944, 15.80525911095954861, 150.1986499999999864 ) ) ;
#2179 = CARTESIAN_POINT ( 'NONE',  ( -41.21493903100829925, 9.145198714681448848, 149.0827000000000169 ) ) ;
#2180 = ORIENTED_EDGE ( 'NONE', *, *, #1776, .T. ) ;
#2181 = B_SPLINE_CURVE_WITH_KNOTS ( 'NONE', 3,
 ( #3993, #1741, #4390, #2895 ),
 .UNSPECIFIED., .F., .F.,
 ( 4, 4 ),
 ( 0.000000000000000000, 1.000000000000000000 ),
 .UNSPECIFIED. ) ;
#2182 = CARTESIAN_POINT ( 'NONE',  ( -33.39275795025984905, 15.64366209088359838, 152.1935326322649757 ) ) ;
#2183 = CARTESIAN_POINT ( 'NONE',  ( -34.89491329511440654, 13.97922402637873063, 156.9781378607566467 ) ) ;
#2184 = CARTESIAN_POINT ( 'NONE',  ( -36.44526476863214981, 16.21001579615365173, 153.8550891189890137 ) ) ;
#2185 = ORIENTED_EDGE ( 'NONE', *, *, #3097, .T. ) ;
#2186 = CARTESIAN_POINT ( 'NONE',  ( -40.89113242419090000, 14.37168370083043989, 151.1793189236109924 ) ) ;
#2187 = CARTESIAN_POINT ( 'NONE',  ( -40.68350963116679964, 9.627122406344708949, 150.9259877315315066 ) ) ;
#2188 = CARTESIAN_POINT ( 'NONE',  ( -30.55543680447454946, 12.40656181210991882, 150.3573838098284909 ) ) ;
#2189 = CARTESIAN_POINT ( 'NONE',  ( -34.26942687862255355, 12.16711166901614050, 158.2037333333335027 ) ) ;
#2190 = CARTESIAN_POINT ( 'NONE',  ( -41.63337950911424912, 9.063952558332740495, 150.2712605095415199 ) ) ;
#2191 = VERTEX_POINT ( 'NONE', #2449 ) ;
#2192 = B_SPLINE_SURFACE_WITH_KNOTS ( 'NONE', 3, 1, ( 
 ( #1861, #396 ),
 ( #3760, #1161 ),
 ( #28, #77 ),
 ( #4418, #3319 ),
 ( #1551, #2337 ),
 ( #1498, #1212 ),
 ( #2988, #488 ),
 ( #1133, #4439 ),
 ( #4462, #846 ),
 ( #1958, #1938 ) ),
 .UNSPECIFIED., .F., .F., .F.,
 ( 4, 2, 2, 2, 4 ),
 ( 2, 2 ),
 ( 0.000000000000000000, 0.2500000000000000000, 0.5000000000000000000, 0.7500000000000000000, 1.000000000000000000 ),
 ( 0.000000000000000000, 1.000000000000000000 ),
 .UNSPECIFIED. ) ;
#2193 = CARTESIAN_POINT ( 'NONE',  ( -40.69043855307110391, 14.84061015688111951, 154.7003954861110060 ) ) ;
#2194 = CARTESIAN_POINT ( 'NONE',  ( -41.55681793741430141, 10.64067063524093903, 149.6437250000000176 ) ) ;
#2195 = CARTESIAN_POINT ( 'NONE',  ( -37.01246412402300479, 17.05633222560804896, 150.4697092639274842 ) ) ;
#2196 = CARTESIAN_POINT ( 'NONE',  ( -42.22149266842548343, 9.041556737870804383, 151.7718800171174394 ) ) ;
#2197 = CARTESIAN_POINT ( 'NONE',  ( -41.34596187741315276, 9.676273945146510513, 153.3382963330955135 ) ) ;
#2198 = CARTESIAN_POINT ( 'NONE',  ( -41.72436616877333648, 10.84248809964130977, 150.1925320199062526 ) ) ;
#2199 = CARTESIAN_POINT ( 'NONE',  ( -35.93980735286045558, 17.12531490326229999, 150.9329133388105220 ) ) ;
#2200 = CARTESIAN_POINT ( 'NONE',  ( -40.31979481572495416, 9.793589743554720783, 146.5145492130321827 ) ) ;
#2201 = ADVANCED_FACE ( 'NONE', ( #1688 ), #691, .T. ) ;
#2202 = CARTESIAN_POINT ( 'NONE',  ( -33.01068571832610132, 11.20970594917823959, 155.8271833333334939 ) ) ;
#2203 = ORIENTED_EDGE ( 'NONE', *, *, #3204, .T. ) ;
#2204 = CARTESIAN_POINT ( 'NONE',  ( -39.80953550668350260, 15.52251579261845116, 151.3020999999999958 ) ) ;
#2205 = B_SPLINE_CURVE_WITH_KNOTS ( 'NONE', 3,
 ( #1719, #4569, #2799, #256 ),
 .UNSPECIFIED., .F., .F.,
 ( 4, 4 ),
 ( 0.000000000000000000, 1.000000000000000000 ),
 .UNSPECIFIED. ) ;
#2206 = CARTESIAN_POINT ( 'NONE',  ( -36.48280656328584826, 16.18604465257649849, 153.9447390964479894 ) ) ;
#2207 = CARTESIAN_POINT ( 'NONE',  ( -41.27181820864809936, 9.529848382950230956, 151.7003182036969804 ) ) ;
#2208 = CARTESIAN_POINT ( 'NONE',  ( -40.35093931664886213, 10.41065545094321187, 146.3655907237937868 ) ) ;
#2209 = CARTESIAN_POINT ( 'NONE',  ( -35.31725303378558323, 15.49192937294080608, 154.9293319907001489 ) ) ;
#2210 = CARTESIAN_POINT ( 'NONE',  ( -33.63800401921485417, 14.67355845323366026, 153.9648277743170013 ) ) ;
#2211 = ORIENTED_EDGE ( 'NONE', *, *, #460, .T. ) ;
#2212 = CARTESIAN_POINT ( 'NONE',  ( -41.10929672363489829, 14.04704341796213996, 151.0580319444445081 ) ) ;
#2213 = CARTESIAN_POINT ( 'NONE',  ( -41.12899376999539669, 9.547000779682360161, 153.4868876154035320 ) ) ;
#2214 = CARTESIAN_POINT ( 'NONE',  ( -41.63119509640760185, 11.91709104053346024, 150.2454775213575147 ) ) ;
#2215 = AXIS2_PLACEMENT_3D ( 'NONE', #1787, #2930, #768 ) ;
#2216 = CARTESIAN_POINT ( 'NONE',  ( -41.55313420442285377, 9.359076018268840613, 152.9016756967295123 ) ) ;
#2217 = CARTESIAN_POINT ( 'NONE',  ( -34.85090082259859656, 9.406476869188161061, 160.1008479166665097 ) ) ;
#2218 = ORIENTED_EDGE ( 'NONE', *, *, #2977, .T. ) ;
#2219 = VECTOR ( 'NONE', #503, 1000.000000000000227 ) ;
#2220 = CARTESIAN_POINT ( 'NONE',  ( -37.27154136587735422, 10.79656207988107930, 149.2548840338220089 ) ) ;
#2221 = CARTESIAN_POINT ( 'NONE',  ( -41.06146613932824607, 11.51917621985939988, 148.2303437500000030 ) ) ;
#2222 = DIRECTION ( 'NONE',  ( 0.2867769709712615356, -0.9529542020951189407, 0.09816953514101758871 ) ) ;
#2223 = LINE ( 'NONE', #2631, #3878 ) ;
#2224 = CARTESIAN_POINT ( 'NONE',  ( -37.64415711614415017, 11.10562510253867963, 158.4367602753330004 ) ) ;
#2225 = CARTESIAN_POINT ( 'NONE',  ( -40.37479135241629535, 10.05127761554373933, 154.1415188596939743 ) ) ;
#2226 = CARTESIAN_POINT ( 'NONE',  ( -36.31492647032680310, 17.13798877736620341, 150.7687719761594849 ) ) ;
#2227 = CARTESIAN_POINT ( 'NONE',  ( -40.17470170947740371, 9.789003559098400586, 151.0110541440019745 ) ) ;
#2228 = ORIENTED_EDGE ( 'NONE', *, *, #2271, .T. ) ;
#2229 = CARTESIAN_POINT ( 'NONE',  ( -38.28691534650385364, 16.39809824501034896, 152.0266999999999769 ) ) ;
#2230 = CARTESIAN_POINT ( 'NONE',  ( -39.59375569465579758, 9.309528216810267764, 145.2918773437500022 ) ) ;
#2231 = EDGE_LOOP ( 'NONE', ( #976, #4413, #4196, #2703 ) ) ;
#2232 = EDGE_CURVE ( 'NONE', #638, #729, #3604, .T. ) ;
#2233 = CARTESIAN_POINT ( 'NONE',  ( -41.53018053445124735, 9.487073449486519650, 152.0398309921650082 ) ) ;
#2234 = CARTESIAN_POINT ( 'NONE',  ( -35.25534871136203208, 15.44565393835952882, 154.9529477343873225 ) ) ;
#2235 = ORIENTED_EDGE ( 'NONE', *, *, #4255, .F. ) ;
#2236 = CARTESIAN_POINT ( 'NONE',  ( -33.61655441073568085, 14.87897363647666538, 153.4391243759014287 ) ) ;
#2237 = CARTESIAN_POINT ( 'NONE',  ( -41.29769277870550326, 13.65859583940209987, 150.9402349598979924 ) ) ;
#2238 = EDGE_CURVE ( 'NONE', #1906, #1885, #3324, .T. ) ;
#2239 = CARTESIAN_POINT ( 'NONE',  ( -33.88128966303200684, 13.13093024401297981, 156.3604131306769887 ) ) ;
#2240 = CARTESIAN_POINT ( 'NONE',  ( -42.72918870359669086, 10.21601804480088127, 152.8776328914509293 ) ) ;
#2241 = CARTESIAN_POINT ( 'NONE',  ( -35.98066231569065110, 11.79411361611663978, 163.4901000000000124 ) ) ;
#2242 = ORIENTED_EDGE ( 'NONE', *, *, #1123, .F. ) ;
#2243 = CARTESIAN_POINT ( 'NONE',  ( -41.21930273587315696, 13.82816413865626082, 150.9904123653919896 ) ) ;
#2244 = CARTESIAN_POINT ( 'NONE',  ( -41.15471672062535191, 13.95439961091419789, 151.0009026184474692 ) ) ;
#2245 = B_SPLINE_CURVE_WITH_KNOTS ( 'NONE', 1,
 ( #4485, #467 ),
 .UNSPECIFIED., .F., .F.,
 ( 2, 2 ),
 ( 0.000000000000000000, 1.000000000000000000 ),
 .UNSPECIFIED. ) ;
#2246 = CARTESIAN_POINT ( 'NONE',  ( -41.69777452137164886, 9.591036373578388563, 150.1900642661865106 ) ) ;
#2247 = PRODUCT_DEFINITION ( 'UNKNOWN', '', #1084, #2621 ) ;
#2248 = CARTESIAN_POINT ( 'NONE',  ( -32.82652317384515328, 13.73006168791260073, 153.7320203895484951 ) ) ;
#2249 = CARTESIAN_POINT ( 'NONE',  ( -43.20997961319420000, 8.721784381204120251, 154.3169583333335027 ) ) ;
#2250 = CARTESIAN_POINT ( 'NONE',  ( -39.64050394536124600, 10.23645301991948031, 153.7940277704875029 ) ) ;
#2251 = CARTESIAN_POINT ( 'NONE',  ( -43.06643213486155730, 10.61633235747610016, 153.8789666666665141 ) ) ;
#2252 = CARTESIAN_POINT ( 'NONE',  ( -33.47440582004135479, 13.11935888756109847, 155.6172239124049952 ) ) ;
#2253 = CARTESIAN_POINT ( 'NONE',  ( -41.55024198247259903, 9.065296904356101138, 150.0414455516260261 ) ) ;
#2254 = CARTESIAN_POINT ( 'NONE',  ( -32.22014105119249905, 13.13028365432033873, 153.2900666666664904 ) ) ;
#2255 = CARTESIAN_POINT ( 'NONE',  ( -41.59032544575690338, 12.74042005443557990, 150.5723750000000223 ) ) ;
#2256 = ORIENTED_EDGE ( 'NONE', *, *, #2171, .T. ) ;
#2257 = FACE_OUTER_BOUND ( 'NONE', #3314, .T. ) ;
#2258 = CARTESIAN_POINT ( 'NONE',  ( -40.22318675456195791, 9.823508805592370052, 151.4876410397260145 ) ) ;
#2259 = CARTESIAN_POINT ( 'NONE',  ( -42.86604320724955386, 10.89674539301756084, 153.4207025059820069 ) ) ;
#2260 = B_SPLINE_CURVE_WITH_KNOTS ( 'NONE', 3,
 ( #3600, #1782, #2835, #2493, #4283, #3168, #994, #3931, #1685, #3242, #2123, #3575, #3145, #1319, #4236, #295, #624, #1758, #3217 ),
 .UNSPECIFIED., .F., .F.,
 ( 4, 2, 2, 1, 2, 2, 2, 2, 2, 4 ),
 ( 0.000000000000000000, 0.1249999999999668321, 0.1874999999999631128, 0.2187499999999493738, 0.2343749999999437950, 0.2499999999999382161, 0.4999999999999733546, 0.7500000000000084377, 0.8750000000000043299, 1.000000000000000000 ),
 .UNSPECIFIED. ) ;
#2261 = CARTESIAN_POINT ( 'NONE',  ( -38.98613878340485428, 10.04058134572934158, 152.0183893935160029 ) ) ;
#2262 = ORIENTED_EDGE ( 'NONE', *, *, #2435, .T. ) ;
#2263 = CARTESIAN_POINT ( 'NONE',  ( -42.89805074702950094, 10.03427861982692093, 153.3070604166665021 ) ) ;
#2264 = CARTESIAN_POINT ( 'NONE',  ( -42.00986387842604586, 9.329378198434278957, 151.9103181477579767 ) ) ;
#2265 = DIRECTION ( 'NONE',  ( 0.8854855037441001775, 0.3027836952349070576, 0.3524733416287705867 ) ) ;
#2266 = CARTESIAN_POINT ( 'NONE',  ( -42.77639477732540740, 10.57051114603794595, 153.0596219680729178 ) ) ;
#2267 = CARTESIAN_POINT ( 'NONE',  ( -36.35728354976419752, 12.01713331061630186, 164.1170208333335268 ) ) ;
#2268 = CARTESIAN_POINT ( 'NONE',  ( -44.59372020541915305, 12.17112822532632066, 162.3083562500000028 ) ) ;
#2269 = EDGE_LOOP ( 'NONE', ( #4296, #243, #2726, #3245 ) ) ;
#2270 = CARTESIAN_POINT ( 'NONE',  ( -40.22318675456195791, 9.823508805592370052, 151.4876410397260145 ) ) ;
#2271 = EDGE_CURVE ( 'NONE', #2587, #3225, #4083, .T. ) ;
#2272 = CARTESIAN_POINT ( 'NONE',  ( -42.69747005388850170, 13.85859967747019894, 160.2328124999999943 ) ) ;
#2273 = CARTESIAN_POINT ( 'NONE',  ( -37.76752055851744672, 15.27983542237605086, 157.6987333333335073 ) ) ;
#2274 = CARTESIAN_POINT ( 'NONE',  ( -38.22115558276254887, 16.40903371973540104, 152.1907009572145171 ) ) ;
#2275 = CARTESIAN_POINT ( 'NONE',  ( -41.77380262601590033, 10.51777295247214106, 150.2546138888889971 ) ) ;
#2276 = CARTESIAN_POINT ( 'NONE',  ( -42.68092582286179493, 9.022073194879501656, 152.9248642302460155 ) ) ;
#2277 = CARTESIAN_POINT ( 'NONE',  ( -42.79933177754109863, 8.710378875064730408, 153.3514745659720120 ) ) ;
#2278 = CARTESIAN_POINT ( 'NONE',  ( -39.54641937522020356, 10.10950498877653914, 152.2868703050579882 ) ) ;
#2279 = PLANE ( 'NONE',  #4412 ) ;
#2280 = CARTESIAN_POINT ( 'NONE',  ( -31.90211702151909989, 13.87291769905179883, 152.1066145833334815 ) ) ;
#2281 = CARTESIAN_POINT ( 'NONE',  ( -41.05448074814654547, 12.27392010061351968, 148.4519166666665910 ) ) ;
#2282 = ORIENTED_EDGE ( 'NONE', *, *, #3529, .T. ) ;
#2283 = CARTESIAN_POINT ( 'NONE',  ( -40.51848729962585338, 9.802349218690169508, 154.1821763475130069 ) ) ;
#2284 = CARTESIAN_POINT ( 'NONE',  ( -41.47695675586714970, 9.493187923419808882, 151.9437060551964862 ) ) ;
#2285 = CARTESIAN_POINT ( 'NONE',  ( -35.16917286862238967, 15.37937876280674843, 154.9857945405108808 ) ) ;
#2286 = CARTESIAN_POINT ( 'NONE',  ( -39.06486572268615021, 10.30608451342333964, 152.7883780910875089 ) ) ;
#2287 = ORIENTED_EDGE ( 'NONE', *, *, #3327, .T. ) ;
#2288 = CARTESIAN_POINT ( 'NONE',  ( -41.76211648519070252, 12.65723913139993861, 151.0675750000000050 ) ) ;
#2289 = PRODUCT ( 'H9 RH60', 'H9 RH60', '', ( #1103 ) ) ;
#2290 = CARTESIAN_POINT ( 'NONE',  ( -30.45819304310553832, 12.76049937247792698, 150.0810297980581254 ) ) ;
#2291 = CARTESIAN_POINT ( 'NONE',  ( -40.81440546313005058, 14.47697857468510030, 151.2209657543589856 ) ) ;
#2292 = CARTESIAN_POINT ( 'NONE',  ( -35.97261394057449735, 8.782996681862629273, 163.6836298611110010 ) ) ;
#2293 = ORIENTED_EDGE ( 'NONE', *, *, #3825, .F. ) ;
#2294 = CARTESIAN_POINT ( 'NONE',  ( -41.27181820864809936, 9.529848382950230956, 151.7003182036969804 ) ) ;
#2295 = CARTESIAN_POINT ( 'NONE',  ( -32.15468385480155433, 14.46531536511096050, 151.9488703398605196 ) ) ;
#2296 = VECTOR ( 'NONE', #3301, 1000.000000000000114 ) ;
#2298 = ADVANCED_FACE ( 'NONE', ( #1471 ), #3061, .T. ) ;
#2297 = CARTESIAN_POINT ( 'NONE',  ( -39.76462730774210286, 9.943622776885549186, 145.2679564670140167 ) ) ;
#2299 = CARTESIAN_POINT ( 'NONE',  ( -36.45297473797805310, 15.52337744377985018, 155.8530377553730091 ) ) ;
#2300 = CARTESIAN_POINT ( 'NONE',  ( -37.90915530774390163, 16.49440268298785028, 152.3145705372525072 ) ) ;
#2301 = CARTESIAN_POINT ( 'NONE',  ( -36.19918182783535343, 16.01924653897770057, 154.5908801721599843 ) ) ;
#2302 = AXIS2_PLACEMENT_3D ( 'NONE', #3123, #3436, #4576 ) ;
#2303 = CARTESIAN_POINT ( 'NONE',  ( -30.70088200020934721, 11.05041918452016070, 150.6273948635505064 ) ) ;
#2304 = CARTESIAN_POINT ( 'NONE',  ( -43.26136518936066722, 8.994760217408032332, 154.3549178976941789 ) ) ;
#2305 = CARTESIAN_POINT ( 'NONE',  ( -41.56070913455220506, 9.325391451045099700, 149.9360226355346128 ) ) ;
#2306 = CARTESIAN_POINT ( 'NONE',  ( -34.39482434823565171, 14.72190058450046202, 154.9779187499999864 ) ) ;
#2307 = CARTESIAN_POINT ( 'NONE',  ( -34.57266276483755263, 14.84815439808373583, 155.2120584004082389 ) ) ;
#2308 = ORIENTED_EDGE ( 'NONE', *, *, #3097, .F. ) ;
#2309 = CARTESIAN_POINT ( 'NONE',  ( -42.22668505882619883, 9.731794726647541083, 151.5559416666665129 ) ) ;
#2310 = CARTESIAN_POINT ( 'NONE',  ( -42.37191351713365606, 10.05917310462787206, 151.8961241457470521 ) ) ;
#2311 = CARTESIAN_POINT ( 'NONE',  ( -43.70832267422314743, 11.07445284792260054, 156.0983999999999980 ) ) ;
#2312 = VERTEX_POINT ( 'NONE', #1297 ) ;
#2313 = LINE ( 'NONE', #4134, #3801 ) ;
#2314 = CARTESIAN_POINT ( 'NONE',  ( -41.43252909443560128, 8.881370094278450367, 149.8230239969799982 ) ) ;
#2315 = CARTESIAN_POINT ( 'NONE',  ( -32.31324428490515288, 14.92459900487175872, 151.6721366971744942 ) ) ;
#2316 = B_SPLINE_CURVE_WITH_KNOTS ( 'NONE', 3,
 ( #274, #2429, #3868, #610, #3512, #1711, #3174, #4630, #1740, #3196, #4655, #4467, #4113, #4199, #4535 ),
 .UNSPECIFIED., .F., .F.,
 ( 4, 1, 1, 1, 1, 1, 1, 1, 1, 1, 1, 1, 4 ),
 ( 0.000000000000000000, 0.08621767173616749769, 0.1695748194560074973, 0.2513212080089204936, 0.3326286391338085235, 0.4137188378703735014, 0.4949991466973279741, 0.5769630977868960287, 0.6616144346113439489, 0.7470823002075349661, 0.8308828482346459765, 0.9147228534787480436, 1.000000000000000000 ),
 .UNSPECIFIED. ) ;
#2317 = CARTESIAN_POINT ( 'NONE',  ( -43.37895821397534490, 13.32566217635204175, 160.7762000000000171 ) ) ;
#2318 = CARTESIAN_POINT ( 'NONE',  ( -36.86616128758099364, 15.62590599673600167, 155.9160295458684971 ) ) ;
#2319 = CARTESIAN_POINT ( 'NONE',  ( -39.67265830366854829, 9.700630987097680347, 148.6866110189102130 ) ) ;
#2320 = CARTESIAN_POINT ( 'NONE',  ( -34.94523042283410064, 15.19914682719410060, 155.0710307634874994 ) ) ;
#2321 = CARTESIAN_POINT ( 'NONE',  ( -31.36124831739750007, 10.69459769712159947, 151.8940281801424987 ) ) ;
#2322 = CARTESIAN_POINT ( 'NONE',  ( -40.59701108440059159, 11.04961596053959738, 146.8671772541992482 ) ) ;
#2323 = CARTESIAN_POINT ( 'NONE',  ( -42.89237064359720364, 10.68945899677935962, 153.3853833333335217 ) ) ;
#2324 = CARTESIAN_POINT ( 'NONE',  ( -39.52987443018019320, 10.14717824215692055, 152.6042414309090134 ) ) ;
#2325 = B_SPLINE_SURFACE_WITH_KNOTS ( 'NONE', 3, 1, ( 
 ( #473, #1778 ),
 ( #3238, #2244 ),
 ( #2107, #4605 ),
 ( #1692, #633 ) ),
 .UNSPECIFIED., .F., .F., .F.,
 ( 4, 4 ),
 ( 2, 2 ),
 ( 0.000000000000000000, 1.000000000000000000 ),
 ( 0.000000000000000000, 1.000000000000000000 ),
 .UNSPECIFIED. ) ;
#2326 = CARTESIAN_POINT ( 'NONE',  ( -34.05612423098795460, 14.47728698650570145, 154.8720896609475233 ) ) ;
#2327 = CARTESIAN_POINT ( 'NONE',  ( -41.37849855857239589, 12.84120990975779897, 149.9534499999999753 ) ) ;
#2328 = CARTESIAN_POINT ( 'NONE',  ( -39.50596328004014879, 15.64362618726639731, 149.2785484671803999 ) ) ;
#2329 = CARTESIAN_POINT ( 'NONE',  ( -31.76556411994813800, 12.29101678694588884, 152.7708364687414360 ) ) ;
#2330 = EDGE_CURVE ( 'NONE', #1104, #4443, #1318, .T. ) ;
#2331 = CARTESIAN_POINT ( 'NONE',  ( -30.43377985305720301, 11.08402119122052021, 150.1070628683349923 ) ) ;
#2332 = CARTESIAN_POINT ( 'NONE',  ( -33.85858842807795099, 14.57131003798888003, 154.4349895833335040 ) ) ;
#2333 = CARTESIAN_POINT ( 'NONE',  ( -43.34647014382019137, 11.25955822660661099, 155.1553367108732004 ) ) ;
#2334 = CARTESIAN_POINT ( 'NONE',  ( -39.15982809539764986, 10.31086785985520038, 153.1122192057380005 ) ) ;
#2335 = ORIENTED_EDGE ( 'NONE', *, *, #4341, .T. ) ;
#2336 = CARTESIAN_POINT ( 'NONE',  ( -41.87097490856840665, 11.13872050040211903, 150.5638333333335197 ) ) ;
#2337 = CARTESIAN_POINT ( 'NONE',  ( -34.95078932248219417, 15.90496565644869698, 153.4678191146020083 ) ) ;
#2338 = CARTESIAN_POINT ( 'NONE',  ( -36.29902715175529693, 11.61304573598220102, 164.6081844960054923 ) ) ;
#2339 = VERTEX_POINT ( 'NONE', #1017 ) ;
#2340 = CARTESIAN_POINT ( 'NONE',  ( -41.29038846746415459, 9.323957879874249954, 151.7932319827284857 ) ) ;
#2341 = CARTESIAN_POINT ( 'NONE',  ( -32.29070469379004749, 14.69107963757191904, 151.9223860195820066 ) ) ;
#2342 = CARTESIAN_POINT ( 'NONE',  ( -40.56243306371550261, 14.14654633205214118, 148.8493339370185993 ) ) ;
#2343 = CARTESIAN_POINT ( 'NONE',  ( -40.59214465689759521, 14.76006607854169950, 151.2341652584819940 ) ) ;
#2344 = CARTESIAN_POINT ( 'NONE',  ( -39.81695526224219606, 9.929270179464600332, 145.3818584201389967 ) ) ;
#2345 = CARTESIAN_POINT ( 'NONE',  ( -41.97330636215770028, 9.137672488510769853, 151.9798853955940103 ) ) ;
#2346 = CARTESIAN_POINT ( 'NONE',  ( -38.29314590328669965, 14.82596765197162192, 160.0215374999999938 ) ) ;
#2347 = CARTESIAN_POINT ( 'NONE',  ( -36.86611833071305000, 17.04749688062469914, 150.6747880447399837 ) ) ;
#2348 = CARTESIAN_POINT ( 'NONE',  ( -41.43110734436104536, 13.38257386432841933, 150.8836244374195132 ) ) ;
#2349 = B_SPLINE_SURFACE_WITH_KNOTS ( 'NONE', 3, 1, ( 
 ( #3027, #862 ),
 ( #841, #2354 ),
 ( #4527, #4167 ),
 ( #2378, #2419 ),
 ( #553, #3120 ),
 ( #648, #263 ),
 ( #3858, #4619 ),
 ( #2044, #2785 ),
 ( #1367, #1725 ),
 ( #4644, #1755 ),
 ( #4302, #1683 ),
 ( #2442, #292 ),
 ( #2832, #4280 ),
 ( #2070, #3213 ),
 ( #2094, #4234 ),
 ( #3143, #991 ),
 ( #1392, #2490 ),
 ( #3524, #3503 ),
 ( #4574, #2023 ) ),
 .UNSPECIFIED., .F., .F., .F.,
 ( 4, 1, 1, 1, 1, 1, 1, 1, 1, 1, 1, 1, 1, 1, 1, 1, 4 ),
 ( 2, 2 ),
 ( 0.000000000000000000, 0.06442586240342630666, 0.1270616057900524065, 0.1888037580978284835, 0.2499147371362890058, 0.3105739008191275019, 0.3719591850856455162, 0.4349036618558350109, 0.4993295242592760141, 0.5639128058730299431, 0.6266986950844769533, 0.6882371762077430510, 0.7490786824772840413, 0.8099201887468230332, 0.8720587682248690520, 0.9348446574363149519, 1.000000000000000000 ),
 ( 0.000000000000000000, 1.000000000000000000 ),
 .UNSPECIFIED. ) ;
#2350 = CARTESIAN_POINT ( 'NONE',  ( -31.04689278744754688, 10.62912034873531830, 151.1682654830675006 ) ) ;
#2351 = CARTESIAN_POINT ( 'NONE',  ( -40.64511843300687133, 11.14289436289110924, 146.9892855347772809 ) ) ;
#2352 = DIRECTION ( 'NONE',  ( 0.2867769709712615356, -0.9529542020951189407, 0.09816953514101758871 ) ) ;
#2353 = CARTESIAN_POINT ( 'NONE',  ( -41.23988796023549952, 9.893769458929748239, 148.8533874999999966 ) ) ;
#2354 = CARTESIAN_POINT ( 'NONE',  ( -39.56697789437770041, 9.964501994721279843, 152.9766412941229987 ) ) ;
#2355 = EDGE_CURVE ( 'NONE', #2567, #3312, #3859, .T. ) ;
#2356 = CARTESIAN_POINT ( 'NONE',  ( -35.04331216275745220, 14.79053343324802050, 155.7756875000000036 ) ) ;
#2357 = CARTESIAN_POINT ( 'NONE',  ( -43.45986941357173805, 11.09768201950670630, 155.3879322377912047 ) ) ;
#2358 = ORIENTED_EDGE ( 'NONE', *, *, #3853, .F. ) ;
#2359 = ADVANCED_FACE ( 'NONE', ( #1703 ), #1460, .T. ) ;
#2360 = CARTESIAN_POINT ( 'NONE',  ( -45.70976376185070222, 9.034709830449928702, 160.1245000000000118 ) ) ;
#2361 = CARTESIAN_POINT ( 'NONE',  ( -38.13491101946459594, 16.27868633294959722, 153.8343622998739875 ) ) ;
#2362 = CARTESIAN_POINT ( 'NONE',  ( -44.27054431902929821, 10.88114509806825936, 157.5515000000000043 ) ) ;
#2363 = ORIENTED_EDGE ( 'NONE', *, *, #1155, .F. ) ;
#2364 = CARTESIAN_POINT ( 'NONE',  ( -41.04119535851560130, 9.378515423632309833, 151.5948811973954946 ) ) ;
#2365 = PLANE ( 'NONE',  #3739 ) ;
#2366 = CARTESIAN_POINT ( 'NONE',  ( -42.08323970585079365, 14.01818975667925926, 157.9116874999999993 ) ) ;
#2367 = CARTESIAN_POINT ( 'NONE',  ( -39.10221421435594635, 16.02203420477875184, 151.8386859786859873 ) ) ;
#2368 = CARTESIAN_POINT ( 'NONE',  ( -41.56596993441289101, 12.29716815913508299, 150.2768818851461390 ) ) ;
#2369 = CARTESIAN_POINT ( 'NONE',  ( -36.49826405871895929, 15.01873582656865125, 157.2700861111109987 ) ) ;
#2370 = FACE_OUTER_BOUND ( 'NONE', #1574, .T. ) ;
#2371 = CARTESIAN_POINT ( 'NONE',  ( -41.73200093077570472, 10.69060951458471997, 150.1872228724359957 ) ) ;
#2372 = VECTOR ( 'NONE', #3922, 1000.000000000000000 ) ;
#2373 = B_SPLINE_CURVE_WITH_KNOTS ( 'NONE', 3,
 ( #3793, #4524, #2654, #2398, #2739 ),
 .UNSPECIFIED., .F., .F.,
 ( 4, 1, 4 ),
 ( 3.785495313887929925, 5.000000000000000000, 6.326916988613530357 ),
 .UNSPECIFIED. ) ;
#2374 = CARTESIAN_POINT ( 'NONE',  ( -30.71462423912999995, 10.67036522742908033, 150.5036069063314983 ) ) ;
#2375 = CARTESIAN_POINT ( 'NONE',  ( -32.94299156709698195, 12.19570342790517081, 155.2851583555014656 ) ) ;
#2376 = VECTOR ( 'NONE', #1289, 1000.000000000000000 ) ;
#2377 = CARTESIAN_POINT ( 'NONE',  ( -39.72235656926455505, 9.952160683891779769, 151.2734481595465184 ) ) ;
#2378 = CARTESIAN_POINT ( 'NONE',  ( -39.70643047233184575, 10.14729700994464068, 153.1211572659934745 ) ) ;
#2379 = CARTESIAN_POINT ( 'NONE',  ( -35.94107976450230524, 16.42275395606404942, 153.0073999999999899 ) ) ;
#2380 = CARTESIAN_POINT ( 'NONE',  ( -43.94094782670132560, 9.543511134544576890, 156.0167390611018163 ) ) ;
#2381 = CARTESIAN_POINT ( 'NONE',  ( -33.00831359205759696, 10.57459382274666027, 155.7399194444445243 ) ) ;
#2382 = VERTEX_POINT ( 'NONE', #1563 ) ;
#2383 = EDGE_CURVE ( 'NONE', #4443, #465, #1258, .T. ) ;
#2384 = CARTESIAN_POINT ( 'NONE',  ( -45.95195234791280114, 8.959240549332680104, 160.7444166666664955 ) ) ;
#2385 = LINE ( 'NONE', #148, #1509 ) ;
#2386 = VERTEX_POINT ( 'NONE', #451 ) ;
#2387 = CARTESIAN_POINT ( 'NONE',  ( -41.29769277870550326, 13.65859583940209987, 150.9402349598979924 ) ) ;
#2388 = ADVANCED_FACE ( 'NONE', ( #2370 ), #2628, .T. ) ;
#2389 = DIRECTION ( 'NONE',  ( 0.3656150866411352895, 0.01415353698374798019, -0.9306585226662058563 ) ) ;
#2390 = CARTESIAN_POINT ( 'NONE',  ( -41.10595632668155730, 13.88445972760540137, 150.6114000000000033 ) ) ;
#2391 = CARTESIAN_POINT ( 'NONE',  ( -41.25671272740870421, 14.38250368658908052, 154.4448437500000182 ) ) ;
#2392 = CARTESIAN_POINT ( 'NONE',  ( -40.15908537250380306, 9.565344367754800459, 148.7943239564704072 ) ) ;
#2393 = CARTESIAN_POINT ( 'NONE',  ( -39.64827547490375537, 14.16305039102617869, 163.5786930555555045 ) ) ;
#2394 = CARTESIAN_POINT ( 'NONE',  ( -35.27458644768071849, 14.07249001291998880, 157.4546085471815502 ) ) ;
#2395 = CARTESIAN_POINT ( 'NONE',  ( -39.61530290947435162, 9.510040146678651496, 148.7062449259383925 ) ) ;
#2396 = CARTESIAN_POINT ( 'NONE',  ( -31.29542127644630156, 12.53330951060649845, 151.7518750000000125 ) ) ;
#2397 = CARTESIAN_POINT ( 'NONE',  ( -34.29939824882585242, 13.66773207349084096, 156.4417638888889996 ) ) ;
#2398 = CARTESIAN_POINT ( 'NONE',  ( -33.71175271837800125, 14.63949276857854009, 154.1214500792044930 ) ) ;
#2399 = CARTESIAN_POINT ( 'NONE',  ( -39.79326758839999911, 9.924885323700431528, 151.2158282286410156 ) ) ;
#2400 = CARTESIAN_POINT ( 'NONE',  ( -35.22575621169409743, 15.74191625791155147, 154.0758499999999742 ) ) ;
#2401 = CARTESIAN_POINT ( 'NONE',  ( -43.00019930578779537, 11.36325106320664169, 154.1062718139772016 ) ) ;
#2402 = ORIENTED_EDGE ( 'NONE', *, *, #1458, .T. ) ;
#2403 = CARTESIAN_POINT ( 'NONE',  ( -33.90470639871769976, 14.06601627346977956, 155.4625744577159878 ) ) ;
#2404 = ORIENTED_EDGE ( 'NONE', *, *, #3971, .T. ) ;
#2405 = CARTESIAN_POINT ( 'NONE',  ( -35.90646367517354776, 16.44709584579414852, 152.5633671796825297 ) ) ;
#2406 = CARTESIAN_POINT ( 'NONE',  ( -42.14768094970929724, 9.379381024437050129, 152.7983040721235000 ) ) ;
#2407 = CARTESIAN_POINT ( 'NONE',  ( -40.63899732932645037, 14.11319211538956075, 149.1029293475953921 ) ) ;
#2408 = CARTESIAN_POINT ( 'NONE',  ( -38.03834803944194931, 16.41611048822724683, 151.7253716958814778 ) ) ;
#2409 = CARTESIAN_POINT ( 'NONE',  ( -40.50459109917516543, 9.101244442286871461, 147.3357972535276019 ) ) ;
#2410 = EDGE_CURVE ( 'NONE', #2447, #3007, #1382, .T. ) ;
#2411 = FACE_OUTER_BOUND ( 'NONE', #2483, .T. ) ;
#2412 = CARTESIAN_POINT ( 'NONE',  ( -32.08638301511139446, 14.38382981796082127, 151.9182267683546286 ) ) ;
#2413 = CARTESIAN_POINT ( 'NONE',  ( -35.24697299529000105, 14.07080579394815167, 157.4105196670810187 ) ) ;
#2414 = CARTESIAN_POINT ( 'NONE',  ( -39.51526520189274549, 9.900177892951930403, 152.2011671892560116 ) ) ;
#2415 = CARTESIAN_POINT ( 'NONE',  ( -31.90270200622214603, 14.00001262775430000, 151.9831453124999996 ) ) ;
#2416 = CARTESIAN_POINT ( 'NONE',  ( -34.45328879702295666, 13.86913928209158087, 156.4205166666665150 ) ) ;
#2417 = CARTESIAN_POINT ( 'NONE',  ( -41.03657529048690122, 14.15525684558491903, 151.0984609375000218 ) ) ;
#2418 = CARTESIAN_POINT ( 'NONE',  ( -39.03336718539610217, 10.24633081806896051, 152.1163204094665105 ) ) ;
#2419 = CARTESIAN_POINT ( 'NONE',  ( -39.64907507813759935, 9.956706169525610051, 153.1407911730220235 ) ) ;
#2420 = CARTESIAN_POINT ( 'NONE',  ( -35.76442819675590101, 16.96971314773220030, 151.4199469529389717 ) ) ;
#2421 = CARTESIAN_POINT ( 'NONE',  ( -43.94641897095971927, 9.131221373742931746, 155.9842187806522702 ) ) ;
#2422 = VERTEX_POINT ( 'NONE', #1331 ) ;
#2423 = CARTESIAN_POINT ( 'NONE',  ( -41.34292149110355297, 8.890929050911330123, 149.5768666666665752 ) ) ;
#2424 = B_SPLINE_CURVE_WITH_KNOTS ( 'NONE', 3,
 ( #3, #3316, #2932, #727 ),
 .UNSPECIFIED., .F., .F.,
 ( 4, 4 ),
 ( 0.000000000000000000, 1.000000000000000000 ),
 .UNSPECIFIED. ) ;
#2425 = CARTESIAN_POINT ( 'NONE',  ( -40.68097306695324988, 11.92027151508544058, 147.1489541666665843 ) ) ;
#2426 = DIRECTION ( 'NONE',  ( 0.8854855037440999554, 0.3027836952349064470, 0.3524733416287719745 ) ) ;
#2427 = ORIENTED_EDGE ( 'NONE', *, *, #2642, .F. ) ;
#2428 = CARTESIAN_POINT ( 'NONE',  ( -31.53218294271419708, 14.41488424669856094, 150.9453642264029725 ) ) ;
#2429 = CARTESIAN_POINT ( 'NONE',  ( -42.05538142285285375, 9.328014998119650514, 152.0300530128745038 ) ) ;
#2430 = CARTESIAN_POINT ( 'NONE',  ( -40.69120450714694925, 14.55535824461142091, 150.8480000000000132 ) ) ;
#2431 = CARTESIAN_POINT ( 'NONE',  ( -41.98320595985315151, 9.262059742353780933, 153.2162601293985063 ) ) ;
#2432 = CARTESIAN_POINT ( 'NONE',  ( -33.32459365219030190, 10.11213828063903897, 156.2610767361109936 ) ) ;
#2433 = CARTESIAN_POINT ( 'NONE',  ( -35.54136274528357831, 13.97276011328097489, 158.1264348137013371 ) ) ;
#2434 = CARTESIAN_POINT ( 'NONE',  ( -41.52983006207875150, 9.383017819437089457, 149.8236886502753862 ) ) ;
#2435 = EDGE_CURVE ( 'NONE', #2451, #372, #2798, .T. ) ;
#2436 = CARTESIAN_POINT ( 'NONE',  ( -31.70437202126290188, 14.27109406548972004, 151.3856541666664839 ) ) ;
#2437 = CARTESIAN_POINT ( 'NONE',  ( -34.54728965145895359, 13.54481940424896003, 157.0566166666665140 ) ) ;
#2438 = CARTESIAN_POINT ( 'NONE',  ( -40.67386777270359488, 14.36921789462683918, 149.9749983212803954 ) ) ;
#2439 = CARTESIAN_POINT ( 'NONE',  ( -37.71075084576624903, 16.85608238058384956, 150.3006706752589707 ) ) ;
#2440 = DIRECTION ( 'NONE',  ( -0.3238696751739564283, 0.000000000000000000, 0.9461017035724625934 ) ) ;
#2441 = CARTESIAN_POINT ( 'NONE',  ( -39.51424008669074794, 9.966004780774659011, 152.8371692833815132 ) ) ;
#2442 = CARTESIAN_POINT ( 'NONE',  ( -40.38553710612880110, 9.993285217401009390, 153.6099642921365103 ) ) ;
#2443 = CIRCLE ( 'NONE', #953, 1.749999999999988898 ) ;
#2444 = CARTESIAN_POINT ( 'NONE',  ( -34.60275686197670097, 14.20642731889172161, 156.1319246527779967 ) ) ;
#2445 = CARTESIAN_POINT ( 'NONE',  ( -30.70742532098990196, 12.61968974880326044, 150.6171625000000063 ) ) ;
#2446 = LINE ( 'NONE', #3527, #3044 ) ;
#2447 = VERTEX_POINT ( 'NONE', #960 ) ;
#2448 = CARTESIAN_POINT ( 'NONE',  ( -32.15451387878084688, 14.34267163544577883, 152.0741008648824959 ) ) ;
#2449 = CARTESIAN_POINT ( 'NONE',  ( -41.48991770345064367, 9.066334024738299746, 149.8752913434854008 ) ) ;
#2450 = CARTESIAN_POINT ( 'NONE',  ( -39.61708485994314799, 15.77120128255865161, 153.2443630550809814 ) ) ;
#2451 = VERTEX_POINT ( 'NONE', #3897 ) ;
#2452 = PLANE ( 'NONE',  #3570 ) ;
#2453 = CARTESIAN_POINT ( 'NONE',  ( -41.16748219787615426, 9.803306926299889312, 154.0500522889210231 ) ) ;
#2454 = CARTESIAN_POINT ( 'NONE',  ( -41.17704864872090553, 14.24314177657151959, 152.3359708333335050 ) ) ;
#2455 = CARTESIAN_POINT ( 'NONE',  ( -41.16748219787615426, 9.803306926299899970, 154.0500522889210231 ) ) ;
#2456 = CARTESIAN_POINT ( 'NONE',  ( -31.66830335278129738, 14.47552656632240620, 151.1238083246735471 ) ) ;
#2457 = CARTESIAN_POINT ( 'NONE',  ( -35.07596932129887790, 14.04073592208801813, 157.1761052688466407 ) ) ;
#2458 = CARTESIAN_POINT ( 'NONE',  ( -41.55904750851264851, 9.485394948941969773, 152.1078648198254939 ) ) ;
#2459 = CARTESIAN_POINT ( 'NONE',  ( -32.73480392966924768, 14.89900624821149933, 152.3417667768874821 ) ) ;
#2460 = CARTESIAN_POINT ( 'NONE',  ( -35.21099961509680298, 13.21694838835661834, 158.9258833333335019 ) ) ;
#2461 = CARTESIAN_POINT ( 'NONE',  ( -36.81873876146980251, 16.99753806036945036, 150.9756040559155110 ) ) ;
#2462 = CARTESIAN_POINT ( 'NONE',  ( -42.81377467076610088, 12.13041085517737905, 154.1633333333335258 ) ) ;
#2463 = CARTESIAN_POINT ( 'NONE',  ( -40.05060288905045240, 14.94674227906001995, 148.9447909288480218 ) ) ;
#2464 = CARTESIAN_POINT ( 'NONE',  ( -37.44851441689699811, 16.71935162529380037, 151.6980034722220125 ) ) ;
#2465 = DIRECTION ( 'NONE',  ( -0.2867769709712615356, 0.9529542020951189407, -0.09816953514101772749 ) ) ;
#2466 = CARTESIAN_POINT ( 'NONE',  ( -40.07126481742214708, 9.614001934079318801, 151.0474009339624786 ) ) ;
#2467 = CARTESIAN_POINT ( 'NONE',  ( -35.27796749765614237, 16.94132693584860050, 151.3256181483595242 ) ) ;
#2468 = CARTESIAN_POINT ( 'NONE',  ( -31.06295802258085104, 13.73221446551990077, 150.6752437499999928 ) ) ;
#2469 = EDGE_CURVE ( 'NONE', #905, #2339, #3887, .T. ) ;
#2470 = CARTESIAN_POINT ( 'NONE',  ( -43.75540471116462271, 8.969034124508846517, 155.5487661254464626 ) ) ;
#2471 = EDGE_LOOP ( 'NONE', ( #1473, #1021, #2502, #3885, #3083, #1083, #297 ) ) ;
#2472 = CARTESIAN_POINT ( 'NONE',  ( -39.54688451432969742, 9.186316963335679375, 145.2995193298636138 ) ) ;
#2473 = CARTESIAN_POINT ( 'NONE',  ( -36.08927121849410469, 16.44001907730229917, 153.0286964410154837 ) ) ;
#2474 = CARTESIAN_POINT ( 'NONE',  ( -45.33790785451920158, 8.084905120358049757, 159.2820041666665247 ) ) ;
#2475 = CARTESIAN_POINT ( 'NONE',  ( -39.94721959895789354, 11.09417446382521888, 145.2698062499999878 ) ) ;
#2476 = CARTESIAN_POINT ( 'NONE',  ( -41.37788426920152318, 10.65216824286246755, 149.1436909702949265 ) ) ;
#2477 = ORIENTED_EDGE ( 'NONE', *, *, #602, .T. ) ;
#2478 = CARTESIAN_POINT ( 'NONE',  ( -31.94644031821739816, 14.36333111229852122, 151.7058081922789938 ) ) ;
#2479 = CARTESIAN_POINT ( 'NONE',  ( -41.68972469648294776, 9.611561146237370679, 153.7143287374720160 ) ) ;
#2480 = CARTESIAN_POINT ( 'NONE',  ( -36.63171496425535167, 10.82133076960263907, 147.6262316191561865 ) ) ;
#2481 = CARTESIAN_POINT ( 'NONE',  ( -41.29216300607370016, 14.29127600736556047, 153.5761484374999952 ) ) ;
#2482 = CARTESIAN_POINT ( 'NONE',  ( -34.15217994912249821, 13.46146739670954062, 156.4601368055555213 ) ) ;
#2483 = EDGE_LOOP ( 'NONE', ( #3983, #3797, #1253, #887, #3510, #4052 ) ) ;
#2484 = CARTESIAN_POINT ( 'NONE',  ( -41.19082769586469794, 9.529803647801610822, 148.8421937499999785 ) ) ;
#2485 = CARTESIAN_POINT ( 'NONE',  ( -33.24257234104464942, 14.85334524511351972, 153.1407718749999844 ) ) ;
#2486 = CARTESIAN_POINT ( 'NONE',  ( -34.65088781060325118, 14.18290470683484017, 156.2566041666665058 ) ) ;
#2487 = CARTESIAN_POINT ( 'NONE',  ( -44.87008240277229731, 11.30589788468856050, 159.9521999999999764 ) ) ;
#2488 = CARTESIAN_POINT ( 'NONE',  ( -40.27493073831475101, 14.73431358573263950, 149.3033051271289935 ) ) ;
#2489 = CARTESIAN_POINT ( 'NONE',  ( -40.17240344109954719, 9.733394990343320785, 146.2228686808872169 ) ) ;
#2490 = CARTESIAN_POINT ( 'NONE',  ( -40.83983898152815328, 9.647516841704499413, 153.6179289744679863 ) ) ;
#2491 = CARTESIAN_POINT ( 'NONE',  ( -37.16525357818505171, 16.06826051173955250, 154.6111062499999775 ) ) ;
#2492 = CARTESIAN_POINT ( 'NONE',  ( -40.93094838473240316, 9.615525395932509767, 148.1092348958331968 ) ) ;
#2493 = CARTESIAN_POINT ( 'NONE',  ( -32.21351810873255772, 13.43381629495377894, 153.0085309446160693 ) ) ;
#2494 = CARTESIAN_POINT ( 'NONE',  ( -31.89900311304979397, 10.56709982806095915, 153.0685652777780206 ) ) ;
#2495 = ORIENTED_EDGE ( 'NONE', *, *, #2041, .T. ) ;
#2496 = CARTESIAN_POINT ( 'NONE',  ( -40.15597294159215380, 9.297615789580440548, 146.4335125000000062 ) ) ;
#2497 = EDGE_CURVE ( 'NONE', #1906, #1031, #1812, .T. ) ;
#2498 = CARTESIAN_POINT ( 'NONE',  ( -36.15108164164300319, 16.51705537362124687, 152.4683314151284890 ) ) ;
#2499 = CARTESIAN_POINT ( 'NONE',  ( -40.10172997830949981, 9.374753527335778713, 148.8139578634986151 ) ) ;
#2500 = CARTESIAN_POINT ( 'NONE',  ( -39.86320455965559972, 10.45458630494072061, 145.2620527777778250 ) ) ;
#2501 = CARTESIAN_POINT ( 'NONE',  ( -41.42267356489032437, 10.40088769554123083, 149.2847736700831831 ) ) ;
#2502 = ORIENTED_EDGE ( 'NONE', *, *, #1305, .T. ) ;
#2503 = CARTESIAN_POINT ( 'NONE',  ( -35.33601204739668589, 16.24582558691664147, 152.7844117736580358 ) ) ;
#2504 = CARTESIAN_POINT ( 'NONE',  ( -41.59615496746940266, 9.302717459784458853, 152.4802642990194670 ) ) ;
#2505 = CARTESIAN_POINT ( 'NONE',  ( -41.52983006207875150, 9.383017819437089457, 149.8236886502753862 ) ) ;
#2506 = CARTESIAN_POINT ( 'NONE',  ( -40.05060288905045240, 14.94674227906001995, 148.9447909288480218 ) ) ;
#2507 = CARTESIAN_POINT ( 'NONE',  ( -39.64050394536124600, 10.23645301991948031, 153.7940277704875029 ) ) ;
#2508 = CARTESIAN_POINT ( 'NONE',  ( -34.89021464962134900, 13.23987723854476073, 158.1787604166665062 ) ) ;
#2509 = CARTESIAN_POINT ( 'NONE',  ( -40.99789280226969623, 9.804056031941058791, 153.5619123609539827 ) ) ;
#2510 = CARTESIAN_POINT ( 'NONE',  ( -35.14479574056679922, 13.92544382480391896, 157.5017250000000217 ) ) ;
#2511 = CARTESIAN_POINT ( 'NONE',  ( -40.57014038163492131, 15.05939147590055427, 152.8591238993352874 ) ) ;
#2512 = CARTESIAN_POINT ( 'NONE',  ( -37.53323578920474546, 16.80208562703539954, 151.0946527578954885 ) ) ;
#2513 = CARTESIAN_POINT ( 'NONE',  ( -39.02716265219504521, 10.28358548451139853, 152.4598350614184881 ) ) ;
#2514 = CARTESIAN_POINT ( 'NONE',  ( -39.18755505753939872, 10.30922788728521944, 153.1772967825669980 ) ) ;
#2515 = CARTESIAN_POINT ( 'NONE',  ( -35.56982584656185509, 16.77167690286240287, 151.9063987078079947 ) ) ;
#2516 = CARTESIAN_POINT ( 'NONE',  ( -41.51775293235590425, 13.68773646702534030, 151.9287340800360084 ) ) ;
#2517 = CARTESIAN_POINT ( 'NONE',  ( -30.99478511425025218, 14.11872259216752035, 150.2507652782484797 ) ) ;
#2518 = CARTESIAN_POINT ( 'NONE',  ( -31.65232068294884726, 11.00458677183372025, 152.6630666666665093 ) ) ;
#2519 = ORIENTED_EDGE ( 'NONE', *, *, #3825, .T. ) ;
#2520 = CARTESIAN_POINT ( 'NONE',  ( -38.69218481190700487, 16.36123555409799835, 149.8321208333331924 ) ) ;
#2521 = VECTOR ( 'NONE', #1354, 1000.000000000000227 ) ;
#2522 = CARTESIAN_POINT ( 'NONE',  ( -41.28429584290225307, 14.28505837457782057, 152.5667872834775096 ) ) ;
#2523 = CARTESIAN_POINT ( 'NONE',  ( -40.23195242443625119, 9.412511017988499873, 146.5254267755241813 ) ) ;
#2524 = VECTOR ( 'NONE', #1513, 1000.000000000000000 ) ;
#2525 = ORIENTED_EDGE ( 'NONE', *, *, #2041, .F. ) ;
#2526 = CARTESIAN_POINT ( 'NONE',  ( -34.07593439224086040, 15.34650039905320540, 153.2657642330718204 ) ) ;
#2527 = EDGE_CURVE ( 'NONE', #1913, #825, #2983, .T. ) ;
#2528 = CARTESIAN_POINT ( 'NONE',  ( -40.82268894144765170, 9.586710745148950608, 150.9402789133330032 ) ) ;
#2529 = LINE ( 'NONE', #2556, #2521 ) ;
#2530 = CARTESIAN_POINT ( 'NONE',  ( -34.96776145842534333, 12.37454817605965829, 159.7029500000000155 ) ) ;
#2531 = CARTESIAN_POINT ( 'NONE',  ( -41.47282514025695122, 9.296482609067478364, 152.0594648991929887 ) ) ;
#2532 = EDGE_CURVE ( 'NONE', #4171, #2177, #4436, .T. ) ;
#2533 = CARTESIAN_POINT ( 'NONE',  ( -30.86662209067290874, 13.82843461287560949, 150.2384512732331814 ) ) ;
#2534 = CARTESIAN_POINT ( 'NONE',  ( -34.89021464962134900, 13.23987723854476073, 158.1787604166665062 ) ) ;
#2535 = CARTESIAN_POINT ( 'NONE',  ( -33.27228610894939465, 14.42314107860899952, 153.7809374999999932 ) ) ;
#2536 = CARTESIAN_POINT ( 'NONE',  ( -35.49916796054150581, 14.27799965848079822, 157.4501277777779933 ) ) ;
#2537 = CARTESIAN_POINT ( 'NONE',  ( -41.59032544575690338, 12.74042005443557990, 150.5723750000000223 ) ) ;
#2538 = CARTESIAN_POINT ( 'NONE',  ( -42.80675570236954286, 9.016305490753049767, 153.2364553192385017 ) ) ;
#2539 = FACE_OUTER_BOUND ( 'NONE', #2910, .T. ) ;
#2540 = CARTESIAN_POINT ( 'NONE',  ( -41.80826698771035410, 9.154517097339789800, 150.6745373095229752 ) ) ;
#2541 = CARTESIAN_POINT ( 'NONE',  ( -42.26075223770120459, 10.43953903070416089, 151.5874432303760102 ) ) ;
#2542 = CARTESIAN_POINT ( 'NONE',  ( -33.85133228831565333, 13.08189017748890137, 156.3585247715379865 ) ) ;
#2543 = CARTESIAN_POINT ( 'NONE',  ( -32.11787320135859858, 10.87126109302396060, 153.7290666666664833 ) ) ;
#2544 = ORIENTED_EDGE ( 'NONE', *, *, #4347, .F. ) ;
#2545 = CARTESIAN_POINT ( 'NONE',  ( -38.11507018353739795, 16.69738443543315043, 149.9658104166666135 ) ) ;
#2546 = B_SPLINE_CURVE_WITH_KNOTS ( 'NONE', 3,
 ( #878, #2377, #3814, #527, #3453, #164, #3376 ),
 .UNSPECIFIED., .F., .F.,
 ( 4, 1, 1, 1, 4 ),
 ( 0.000000000000000000, 0.2686220076527334744, 0.5219173918781340182, 0.7671715008999040464, 1.000000000000000000 ),
 .UNSPECIFIED. ) ;
#2547 = CARTESIAN_POINT ( 'NONE',  ( -41.04569954026189293, 9.634494237760378610, 154.0928840840990119 ) ) ;
#2548 = CARTESIAN_POINT ( 'NONE',  ( -39.12733192378439639, 10.15130643859219894, 151.4683906970620058 ) ) ;
#2549 = CARTESIAN_POINT ( 'NONE',  ( -35.00786405306468652, 14.02039014990569754, 157.0973330534602894 ) ) ;
#2550 = CARTESIAN_POINT ( 'NONE',  ( -41.44938564996183317, 10.11761042440099168, 149.3932520287886518 ) ) ;
#2551 = VERTEX_POINT ( 'NONE', #4032 ) ;
#2552 = CARTESIAN_POINT ( 'NONE',  ( -41.17943423854219276, 10.82746800402489917, 148.5402645833331974 ) ) ;
#2553 = CARTESIAN_POINT ( 'NONE',  ( -34.57606733654468201, 15.76738555260794072, 153.0756847013536515 ) ) ;
#2554 = CARTESIAN_POINT ( 'NONE',  ( -40.17470170947740371, 9.789003559098400586, 151.0110541440019745 ) ) ;
#2555 = CARTESIAN_POINT ( 'NONE',  ( -41.38726014567585310, 9.102694496409680980, 149.5757749999999930 ) ) ;
#2556 = CARTESIAN_POINT ( 'NONE',  ( -39.06997652959014999, 9.960715598173170093, 151.4880246040904979 ) ) ;
#2557 = CARTESIAN_POINT ( 'NONE',  ( -35.17770184589594606, 12.25557747122570085, 160.4612500000000068 ) ) ;
#2558 = VERTEX_POINT ( 'NONE', #749 ) ;
#2559 = EDGE_CURVE ( 'NONE', #905, #104, #1013, .T. ) ;
#2560 = ADVANCED_BREP_SHAPE_REPRESENTATION ( 'H9 RH60', ( #3986, #4182 ), #49 ) ;
#2561 = CARTESIAN_POINT ( 'NONE',  ( -41.65708926512834154, 10.04401199452590099, 149.9723986397227975 ) ) ;
#2562 = CARTESIAN_POINT ( 'NONE',  ( -41.45691328510714868, 8.817627399374510233, 149.9371263938807886 ) ) ;
#2563 = CARTESIAN_POINT ( 'NONE',  ( -46.88770709917899637, 8.624039215658969582, 151.1636237306794897 ) ) ;
#2564 = CARTESIAN_POINT ( 'NONE',  ( -42.35674113725099943, 8.979668402580550435, 152.1411374999999850 ) ) ;
#2565 = CARTESIAN_POINT ( 'NONE',  ( -41.90240447128719836, 10.07118377192352021, 150.6481124674570253 ) ) ;
#2566 = FACE_OUTER_BOUND ( 'NONE', #2159, .T. ) ;
#2567 = VERTEX_POINT ( 'NONE', #2613 ) ;
#2568 = CYLINDRICAL_SURFACE ( 'NONE', #2215, 1.750000000000005551 ) ;
#2569 = CARTESIAN_POINT ( 'NONE',  ( -35.27796749765614237, 16.94132693584860050, 151.3256181483595242 ) ) ;
#2570 = CARTESIAN_POINT ( 'NONE',  ( -39.82868471514870379, 15.35548917491148302, 151.0058965871511418 ) ) ;
#2571 = CARTESIAN_POINT ( 'NONE',  ( -41.44617614713225606, 10.19276702345552366, 149.3721300423542289 ) ) ;
#2572 = ORIENTED_EDGE ( 'NONE', *, *, #4316, .F. ) ;
#2573 = CARTESIAN_POINT ( 'NONE',  ( -41.83537198751645292, 13.75057266377729981, 154.1623475694445062 ) ) ;
#2574 = CARTESIAN_POINT ( 'NONE',  ( -41.41764896110589689, 9.430208697254560235, 153.1963917470239949 ) ) ;
#2575 = CARTESIAN_POINT ( 'NONE',  ( -39.95765389155175029, 9.653266760158640380, 151.0966685994305010 ) ) ;
#2576 = CARTESIAN_POINT ( 'NONE',  ( -35.37493517587645186, 12.14531933288743915, 161.2214999999999918 ) ) ;
#2577 = CARTESIAN_POINT ( 'NONE',  ( -42.82897567807104622, 13.76724111293155950, 161.0231062499999837 ) ) ;
#2578 = CARTESIAN_POINT ( 'NONE',  ( -35.63522955826894645, 14.87249862178241955, 156.4737125000000049 ) ) ;
#2579 = CARTESIAN_POINT ( 'NONE',  ( -41.73927173446470107, 9.559556233456779850, 150.3121958057859899 ) ) ;
#2580 = EDGE_CURVE ( 'NONE', #1496, #3683, #2424, .T. ) ;
#2581 = PLANE ( 'NONE',  #508 ) ;
#2582 = CARTESIAN_POINT ( 'NONE',  ( -45.84648326933140794, 7.818705856843159552, 160.5976142361109851 ) ) ;
#2583 = CARTESIAN_POINT ( 'NONE',  ( -41.16748219787615426, 9.803306926299889312, 154.0500522889210231 ) ) ;
#2584 = CARTESIAN_POINT ( 'NONE',  ( -37.73325432093115239, 15.96873976087809943, 155.0170794310890017 ) ) ;
#2585 = CARTESIAN_POINT ( 'NONE',  ( -39.61047865379009636, 10.06877838248112056, 152.0786604494639960 ) ) ;
#2586 = CARTESIAN_POINT ( 'NONE',  ( -41.23768205855034807, 9.475420350735449304, 151.0722528507550066 ) ) ;
#2587 = VERTEX_POINT ( 'NONE', #1074 ) ;
#2588 = CARTESIAN_POINT ( 'NONE',  ( -38.36222671992925370, 16.50958598733360105, 150.7119000000000142 ) ) ;
#2589 = CARTESIAN_POINT ( 'NONE',  ( -39.75098649847145538, 9.267002260046130147, 145.6313552083333889 ) ) ;
#2590 = ORIENTED_EDGE ( 'NONE', *, *, #4371, .F. ) ;
#2591 = CARTESIAN_POINT ( 'NONE',  ( -41.41570239754320681, 9.502507893770269831, 151.8552383404660020 ) ) ;
#2592 = DIRECTION ( 'NONE',  ( 0.8854855037441031751, 0.3027836952349035604, 0.3524733416287660903 ) ) ;
#2593 = ORIENTED_EDGE ( 'NONE', *, *, #4551, .F. ) ;
#2594 = CARTESIAN_POINT ( 'NONE',  ( -34.46500253246292544, 15.68371161003580205, 153.1180446913676292 ) ) ;
#2595 = CARTESIAN_POINT ( 'NONE',  ( -41.52914845331665106, 9.293733661473890351, 152.1973142628905009 ) ) ;
#2596 = FACE_OUTER_BOUND ( 'NONE', #216, .T. ) ;
#2597 = VECTOR ( 'NONE', #4613, 999.9999999999998863 ) ;
#2598 = CARTESIAN_POINT ( 'NONE',  ( -41.63830809747339856, 9.486909081620540363, 152.3541022160135014 ) ) ;
#2599 = CARTESIAN_POINT ( 'NONE',  ( -34.09401622686965538, 9.755828383458410968, 157.8945250000000158 ) ) ;
#2600 =( NAMED_UNIT ( * ) SI_UNIT ( $, .STERADIAN. ) SOLID_ANGLE_UNIT ( ) );
#2601 = CARTESIAN_POINT ( 'NONE',  ( -41.19082769586469794, 9.529803647801610822, 148.8421937499999785 ) ) ;
#2602 = CARTESIAN_POINT ( 'NONE',  ( -32.40746982544228416, 12.24064176880074406, 154.1569965280029066 ) ) ;
#2603 = CARTESIAN_POINT ( 'NONE',  ( -43.18304803984945295, 8.595098960151210221, 154.3150583333334964 ) ) ;
#2604 = CARTESIAN_POINT ( 'NONE',  ( -42.56206459711775381, 8.779580560314981241, 152.7470309027779933 ) ) ;
#2605 = CARTESIAN_POINT ( 'NONE',  ( -37.88312476568849974, 16.11797597844169871, 154.2973125000000039 ) ) ;
#2606 = CARTESIAN_POINT ( 'NONE',  ( -42.98255490711255078, 9.008231643290852020, 153.6712776298387837 ) ) ;
#2607 = CARTESIAN_POINT ( 'NONE',  ( -42.25003297077824982, 10.06318058443610219, 151.5859306697009856 ) ) ;
#2608 = CARTESIAN_POINT ( 'NONE',  ( -31.78544674096444567, 12.42805972557692051, 152.8007500000000221 ) ) ;
#2609 = ORIENTED_EDGE ( 'NONE', *, *, #1484, .T. ) ;
#2610 = CARTESIAN_POINT ( 'NONE',  ( -39.58314855116699960, 10.04586217950043903, 153.8136616775155119 ) ) ;
#2611 = EDGE_CURVE ( 'NONE', #4241, #3991, #464, .T. ) ;
#2612 = CARTESIAN_POINT ( 'NONE',  ( -33.79427607827774693, 16.01401969320065177, 152.0854083333335041 ) ) ;
#2613 = CARTESIAN_POINT ( 'NONE',  ( -40.05000603509054713, 9.135057323273191088, 146.3360736573515908 ) ) ;
#2614 = B_SPLINE_CURVE_WITH_KNOTS ( 'NONE', 3,
 ( #3104, #558, #4216, #4601, #3485, #195, #4580, #2769 ),
 .UNSPECIFIED., .F., .F.,
 ( 4, 2, 2, 4 ),
 ( 0.000000000000000000, 0.2500000000000006661, 0.5000000000000013323, 1.000000000000000000 ),
 .UNSPECIFIED. ) ;
#2615 = ORIENTED_EDGE ( 'NONE', *, *, #310, .T. ) ;
#2616 = CARTESIAN_POINT ( 'NONE',  ( -42.48885542432314821, 12.29867711918234008, 153.1693833333334851 ) ) ;
#2617 = CARTESIAN_POINT ( 'NONE',  ( -41.89320297806715132, 9.340064363496431099, 151.6732564798790008 ) ) ;
#2618 = CARTESIAN_POINT ( 'NONE',  ( -39.60969697116799892, 10.15594368004089887, 152.9225105083729943 ) ) ;
#2619 = CARTESIAN_POINT ( 'NONE',  ( -42.71989034315926403, 10.13166826936671860, 152.8482795962755176 ) ) ;
#2620 = CARTESIAN_POINT ( 'NONE',  ( -35.57439462948880049, 12.03010937936931946, 161.9803499999999872 ) ) ;
#2621 = PRODUCT_DEFINITION_CONTEXT ( 'detailed design', #109, 'design' ) ;
#2622 = CARTESIAN_POINT ( 'NONE',  ( -42.96018370032550138, 12.59032898982459869, 155.7276999999999987 ) ) ;
#2623 = ORIENTED_EDGE ( 'NONE', *, *, #4546, .F. ) ;
#2624 = CARTESIAN_POINT ( 'NONE',  ( -40.23216768601064786, 9.610460329893010467, 151.4830579901100123 ) ) ;
#2625 = CARTESIAN_POINT ( 'NONE',  ( -32.59991061731274442, 13.19665413223479966, 153.8129344564224823 ) ) ;
#2626 = B_SPLINE_SURFACE_WITH_KNOTS ( 'NONE', 3, 1, ( 
 ( #2846, #4293 ),
 ( #1007, #3942 ),
 ( #2137, #4400 ),
 ( #2248, #1065 ),
 ( #40, #2922 ),
 ( #1924, #716 ) ),
 .UNSPECIFIED., .F., .F., .F.,
 ( 4, 2, 4 ),
 ( 2, 2 ),
 ( 0.000000000000000000, 0.5000000000000000000, 1.000000000000000000 ),
 ( 0.000000000000000000, 1.000000000000000000 ),
 .UNSPECIFIED. ) ;
#2627 = CARTESIAN_POINT ( 'NONE',  ( -39.39150323033309320, 13.75799254426567941, 164.9787187500000130 ) ) ;
#2628 = PLANE ( 'NONE',  #2667 ) ;
#2629 = CARTESIAN_POINT ( 'NONE',  ( -41.77153379280365186, 11.94891043224241933, 150.5507312500000126 ) ) ;
#2630 = DIRECTION ( 'NONE',  ( 0.000000000000000000, -0.1024736996026324037, -0.9947357140918131613 ) ) ;
#2631 = CARTESIAN_POINT ( 'NONE',  ( -33.42640800222479669, 13.13577130377823998, 155.6363297601745046 ) ) ;
#2632 = LINE ( 'NONE', #2499, #1898 ) ;
#2633 = DIRECTION ( 'NONE',  ( -0.3698335882557150511, 0.000000000000000000, 0.9290980125895772490 ) ) ;
#2634 = CARTESIAN_POINT ( 'NONE',  ( -31.99890139668475086, 13.18922342344441923, 152.8202499999999873 ) ) ;
#2635 = ORIENTED_EDGE ( 'NONE', *, *, #1480, .T. ) ;
#2636 = CARTESIAN_POINT ( 'NONE',  ( -30.58643442780084953, 12.63390582799831918, 150.3921500000000151 ) ) ;
#2637 = CARTESIAN_POINT ( 'NONE',  ( -40.28952308020490136, 9.801051170312049976, 151.4634240830820318 ) ) ;
#2638 = CARTESIAN_POINT ( 'NONE',  ( -35.77816569053513973, 15.82903805434150790, 154.7533863170146446 ) ) ;
#2639 = CARTESIAN_POINT ( 'NONE',  ( -39.11842973446375282, 10.15887943859219966, 151.5158980961485042 ) ) ;
#2640 = ORIENTED_EDGE ( 'NONE', *, *, #249, .F. ) ;
#2641 = CARTESIAN_POINT ( 'NONE',  ( -42.71754269395319881, 10.76280677900663818, 152.8919999999999959 ) ) ;
#2642 = EDGE_CURVE ( 'NONE', #1104, #752, #799, .T. ) ;
#2643 = CARTESIAN_POINT ( 'NONE',  ( -37.88850606631839213, 16.31321023708503759, 153.9316890867050915 ) ) ;
#2644 = CARTESIAN_POINT ( 'NONE',  ( -41.55443068757119818, 9.293301020911471255, 152.2669700467050120 ) ) ;
#2645 = CARTESIAN_POINT ( 'NONE',  ( -36.04377108259190265, 11.17781385288659912, 164.4624965277780007 ) ) ;
#2646 = CARTESIAN_POINT ( 'NONE',  ( -41.09855075270984770, 9.569106264051340460, 151.5752472903675141 ) ) ;
#2647 = CARTESIAN_POINT ( 'NONE',  ( -43.79408689927505094, 12.92669145236360073, 162.5422624999999925 ) ) ;
#2648 = CARTESIAN_POINT ( 'NONE',  ( -42.89918676771595329, 9.903242544436439587, 153.2913958333335245 ) ) ;
#2649 = CARTESIAN_POINT ( 'NONE',  ( -36.98611817555425318, 14.75450721956081956, 158.6792333333335137 ) ) ;
#2650 = CARTESIAN_POINT ( 'NONE',  ( -35.13951606880954870, 15.36209455182850014, 154.9971825420770131 ) ) ;
#2651 = CARTESIAN_POINT ( 'NONE',  ( -40.93094838474254971, 9.615525395929340746, 148.1092348958619880 ) ) ;
#2652 = CARTESIAN_POINT ( 'NONE',  ( -33.15129904930325466, 12.17820232040643802, 155.7237876592226087 ) ) ;
#2653 = CARTESIAN_POINT ( 'NONE',  ( -31.24344356807669953, 14.20623291990762027, 150.6226567393249809 ) ) ;
#2654 = CARTESIAN_POINT ( 'NONE',  ( -33.85185091818419778, 14.57415647695463967, 154.4225674271514777 ) ) ;
#2655 = CARTESIAN_POINT ( 'NONE',  ( -33.61369689716135412, 14.82440586435032159, 153.7062291666665033 ) ) ;
#2656 = CARTESIAN_POINT ( 'NONE',  ( -38.62657923888423994, 16.22354669287869555, 151.4913528216770544 ) ) ;
#2657 = CARTESIAN_POINT ( 'NONE',  ( -38.96980725800079881, 10.09299464409236080, 152.4794689684464970 ) ) ;
#2658 = ORIENTED_EDGE ( 'NONE', *, *, #454, .F. ) ;
#2659 = CARTESIAN_POINT ( 'NONE',  ( -41.81504847131149916, 11.92826144536444133, 150.6735916666664821 ) ) ;
#2660 = FACE_OUTER_BOUND ( 'NONE', #507, .T. ) ;
#2661 = CARTESIAN_POINT ( 'NONE',  ( -41.52899069975380542, 9.595087103656041450, 153.0848685212375244 ) ) ;
#2662 = CARTESIAN_POINT ( 'NONE',  ( -35.90947136477569757, 10.54695064898550072, 164.5381958333335035 ) ) ;
#2663 = CARTESIAN_POINT ( 'NONE',  ( -41.00125398793060327, 9.593273744017800198, 151.5256191659844944 ) ) ;
#2664 = CARTESIAN_POINT ( 'NONE',  ( -31.94640478601765210, 14.70443612405822087, 151.3598871623345019 ) ) ;
#2665 = CARTESIAN_POINT ( 'NONE',  ( -40.31495222141694512, 14.78510579555777937, 149.7310079409253945 ) ) ;
#2666 = CARTESIAN_POINT ( 'NONE',  ( -43.31607078874979777, 13.38372304839831983, 161.6506875000000036 ) ) ;
#2667 = AXIS2_PLACEMENT_3D ( 'NONE', #2319, #3721, #2694 ) ;
#2668 = CARTESIAN_POINT ( 'NONE',  ( -39.91494263424340261, 9.933541724876908674, 151.6553001575235271 ) ) ;
#2669 = EDGE_CURVE ( 'NONE', #4533, #1446, #4415, .T. ) ;
#2670 = CARTESIAN_POINT ( 'NONE',  ( -37.69369939618755438, 14.82067260165493927, 159.3476500000000158 ) ) ;
#2671 = CARTESIAN_POINT ( 'NONE',  ( -41.91480847409630428, 10.68353274609283865, 150.6525521337694897 ) ) ;
#2672 = AXIS2_PLACEMENT_3D ( 'NONE', #979, #4343, #1770 ) ;
#2673 = CARTESIAN_POINT ( 'NONE',  ( -30.84141526638519792, 11.03950751105291950, 150.9062390888960010 ) ) ;
#2674 = CARTESIAN_POINT ( 'NONE',  ( -40.39836440686070063, 10.55836039043036223, 146.4400575493669407 ) ) ;
#2675 = CARTESIAN_POINT ( 'NONE',  ( -43.35171449485467576, 8.990236126091327051, 154.5750961084814037 ) ) ;
#2676 = FACE_OUTER_BOUND ( 'NONE', #357, .T. ) ;
#2677 = CARTESIAN_POINT ( 'NONE',  ( -41.06597462874989901, 10.35437092577263840, 148.2603979166666193 ) ) ;
#2678 = CARTESIAN_POINT ( 'NONE',  ( -31.60919903219897620, 12.30339646990141844, 152.4342286271150897 ) ) ;
#2679 = CARTESIAN_POINT ( 'NONE',  ( -30.99153179041340067, 14.48130666263381983, 149.9013115925359898 ) ) ;
#2680 = CARTESIAN_POINT ( 'NONE',  ( -36.28868338410824634, 15.62062173931949971, 155.4292402840105183 ) ) ;
#2681 = CARTESIAN_POINT ( 'NONE',  ( -43.92828977103810217, 9.678007345172893849, 156.0152001583418553 ) ) ;
#2682 = EDGE_LOOP ( 'NONE', ( #267, #1341, #4636, #272, #2335 ) ) ;
#2683 = CARTESIAN_POINT ( 'NONE',  ( -42.45210447417694866, 9.651093593586240971, 152.1658999999999935 ) ) ;
#2684 = CARTESIAN_POINT ( 'NONE',  ( -42.31097325321742630, 10.06117684322862793, 151.7410274040657896 ) ) ;
#2685 = CARTESIAN_POINT ( 'NONE',  ( -35.75584676539855167, 10.62659204418904046, 164.0502833333334820 ) ) ;
#2686 = ORIENTED_EDGE ( 'NONE', *, *, #1397, .F. ) ;
#2687 = CARTESIAN_POINT ( 'NONE',  ( -41.13164731994764622, 9.357345148848171590, 151.6536085530315177 ) ) ;
#2688 = CARTESIAN_POINT ( 'NONE',  ( -39.70370146487334750, 9.142450515254440191, 145.6394045140883975 ) ) ;
#2689 = CARTESIAN_POINT ( 'NONE',  ( -31.89087240387650368, 14.93104872783331949, 151.0128018085935082 ) ) ;
#2690 = CARTESIAN_POINT ( 'NONE',  ( -40.67386777270359488, 14.36921789462683918, 149.9749983212803954 ) ) ;
#2691 = CARTESIAN_POINT ( 'NONE',  ( -43.71970531048904718, 13.00104002840113893, 160.6155499999999847 ) ) ;
#2692 = CARTESIAN_POINT ( 'NONE',  ( -41.77090264362384886, 9.362938465494400120, 153.5753236730205060 ) ) ;
#2693 = CARTESIAN_POINT ( 'NONE',  ( -37.52845429042779557, 15.21899710860244959, 157.7532000000000210 ) ) ;
#2694 = DIRECTION ( 'NONE',  ( 0.6606334524185618617, -0.7507086262629008022, 0.000000000000000000 ) ) ;
#2695 = CARTESIAN_POINT ( 'NONE',  ( -41.57176889367189432, 9.362552493047870072, 149.9464394858300125 ) ) ;
#2696 = EDGE_CURVE ( 'NONE', #1076, #1457, #523, .T. ) ;
#2697 = CARTESIAN_POINT ( 'NONE',  ( -41.05629723062349967, 11.33612942033169979, 148.2153326997670035 ) ) ;
#2698 = CARTESIAN_POINT ( 'NONE',  ( -39.96195986779139986, 15.43086355252920150, 152.5664468557895077 ) ) ;
#2699 = CARTESIAN_POINT ( 'NONE',  ( -41.56287188723004533, 11.29219333757250077, 149.7083499999999958 ) ) ;
#2700 = CARTESIAN_POINT ( 'NONE',  ( -39.57262059608704874, 10.09076873337095925, 152.1815332822280027 ) ) ;
#2701 = CARTESIAN_POINT ( 'NONE',  ( -35.48925245008484808, 15.59136275317660036, 154.6865999999999985 ) ) ;
#2702 = CARTESIAN_POINT ( 'NONE',  ( -43.26416760019332486, 11.34398061612051301, 154.9580279777907492 ) ) ;
#2703 = ORIENTED_EDGE ( 'NONE', *, *, #941, .T. ) ;
#2704 = CARTESIAN_POINT ( 'NONE',  ( -35.96834860982890092, 12.23684711661327995, 162.7390750000000139 ) ) ;
#2705 = ORIENTED_EDGE ( 'NONE', *, *, #1660, .F. ) ;
#2706 = CARTESIAN_POINT ( 'NONE',  ( -33.49898017330409772, 12.30326938209580057, 156.3707336235445098 ) ) ;
#2707 = CARTESIAN_POINT ( 'NONE',  ( -30.66158601097885139, 12.39523875560130151, 150.5575557924514953 ) ) ;
#2708 = CARTESIAN_POINT ( 'NONE',  ( -40.86602137509414945, 14.01395232810440028, 149.8610340579326135 ) ) ;
#2709 = CARTESIAN_POINT ( 'NONE',  ( -41.82626535224009956, 13.99197386883609973, 156.3027500000000032 ) ) ;
#2710 = CARTESIAN_POINT ( 'NONE',  ( -40.40933711357699565, 14.76714284703355951, 150.7688359971490115 ) ) ;
#2711 = CARTESIAN_POINT ( 'NONE',  ( -41.11012680368190075, 9.612716085880871120, 154.0696861959494868 ) ) ;
#2712 = CARTESIAN_POINT ( 'NONE',  ( -37.94160110525499618, 14.24476114087947920, 161.6998833333335028 ) ) ;
#2713 = DIRECTION ( 'NONE',  ( 0.2867769709712615356, -0.9529542020951189407, 0.09816953514101758871 ) ) ;
#2714 = CARTESIAN_POINT ( 'NONE',  ( -40.09900723154409974, 9.655742525189820569, 151.5336287348525275 ) ) ;
#2715 = CARTESIAN_POINT ( 'NONE',  ( -31.19540334933629921, 10.72668356883992047, 151.5447951225214922 ) ) ;
#2716 = CARTESIAN_POINT ( 'NONE',  ( -40.82186599028791818, 11.34868199511822873, 147.5017506715541629 ) ) ;
#2717 = CARTESIAN_POINT ( 'NONE',  ( -40.68373471339414493, 14.79007994748522137, 152.2731479491389734 ) ) ;
#2718 = ADVANCED_FACE ( 'NONE', ( #818 ), #3078, .T. ) ;
#2719 = CARTESIAN_POINT ( 'NONE',  ( -40.44007949521915180, 14.98908747790740037, 151.8534500000000094 ) ) ;
#2720 = CARTESIAN_POINT ( 'NONE',  ( -30.72461189351569644, 13.26604971695125990, 150.3538722222219803 ) ) ;
#2721 = CARTESIAN_POINT ( 'NONE',  ( -35.67051967600784934, 16.59808360745909894, 152.4201222222220053 ) ) ;
#2722 = CARTESIAN_POINT ( 'NONE',  ( -43.67985095864203515, 10.65059949263933525, 155.7523045299292335 ) ) ;
#2723 = EDGE_CURVE ( 'NONE', #1076, #2422, #3946, .T. ) ;
#2724 = ORIENTED_EDGE ( 'NONE', *, *, #1810, .F. ) ;
#2725 = CARTESIAN_POINT ( 'NONE',  ( -38.56630363141429996, 16.15928570594685354, 153.1258171435949862 ) ) ;
#2726 = ORIENTED_EDGE ( 'NONE', *, *, #2611, .F. ) ;
#2727 = CARTESIAN_POINT ( 'NONE',  ( -41.76758919694240291, 12.21433984410643880, 150.7336688074040012 ) ) ;
#2728 = CARTESIAN_POINT ( 'NONE',  ( -34.61508485464505469, 11.70491316558579875, 150.3123040587085200 ) ) ;
#2729 = CARTESIAN_POINT ( 'NONE',  ( -42.16575962164534985, 13.65644598859549852, 156.1453499999999792 ) ) ;
#2730 = CARTESIAN_POINT ( 'NONE',  ( -41.43668617086564865, 9.223780247880560168, 151.2481557220944808 ) ) ;
#2731 = CARTESIAN_POINT ( 'NONE',  ( -41.47174396286418840, 12.68462585319298697, 150.3197916448288538 ) ) ;
#2732 = CARTESIAN_POINT ( 'NONE',  ( -39.01327334275804759, 14.62090679507224067, 161.4628541666664887 ) ) ;
#2733 = CARTESIAN_POINT ( 'NONE',  ( -35.52299899902058655, 13.61203873196014236, 158.8321361265642508 ) ) ;
#2734 = CARTESIAN_POINT ( 'NONE',  ( -39.78213350319704489, 9.772837275048239292, 151.7446294887560043 ) ) ;
#2735 = CIRCLE ( 'NONE', #1894, 1.750000000000007994 ) ;
#2736 = CARTESIAN_POINT ( 'NONE',  ( -40.53838056192564920, 9.514273348708400135, 151.4438708138249865 ) ) ;
#2737 = CARTESIAN_POINT ( 'NONE',  ( -34.32605876616560181, 13.51556756032467987, 156.6957385416664863 ) ) ;
#2738 = VECTOR ( 'NONE', #434, 1000.000000000000000 ) ;
#2739 = CARTESIAN_POINT ( 'NONE',  ( -33.63800401921485417, 14.67355845323366026, 153.9648277743170013 ) ) ;
#2740 = B_SPLINE_CURVE_WITH_KNOTS ( 'NONE', 3,
 ( #358, #2533, #1478, #3325, #2941, #4320, #1033, #4704, #1436, #2898, #4606, #2936, #4699 ),
 .UNSPECIFIED., .F., .F.,
 ( 4, 2, 2, 1, 2, 2, 4 ),
 ( 0.000000000000000000, 0.2500000000000036082, 0.3750000000000054401, 0.4375000000000062728, 0.4687500000000088818, 0.5000000000000115463, 1.000000000000000000 ),
 .UNSPECIFIED. ) ;
#2741 = CARTESIAN_POINT ( 'NONE',  ( -35.84971898053715478, 15.38983511429525031, 155.5681604166665011 ) ) ;
#2742 = CARTESIAN_POINT ( 'NONE',  ( -43.65186209679762896, 10.71931707230898034, 155.7117679127255201 ) ) ;
#2743 = ORIENTED_EDGE ( 'NONE', *, *, #2779, .T. ) ;
#2744 = ADVANCED_FACE ( 'NONE', ( #574 ), #3411, .T. ) ;
#2745 = CARTESIAN_POINT ( 'NONE',  ( -32.13892755620814512, 14.31506628709022166, 152.0765472333744981 ) ) ;
#2746 = CARTESIAN_POINT ( 'NONE',  ( -33.42640800222479669, 13.13577130377823998, 155.6363297601745046 ) ) ;
#2747 = EDGE_LOOP ( 'NONE', ( #2544, #4015, #2849 ) ) ;
#2748 = LINE ( 'NONE', #3891, #3422 ) ;
#2749 = APPLICATION_CONTEXT ( 'automotive_design' ) ;
#2750 = CARTESIAN_POINT ( 'NONE',  ( -31.35812752062974695, 14.47094856797962059, 150.5818793713074797 ) ) ;
#2751 = CARTESIAN_POINT ( 'NONE',  ( -41.40258234180844710, 13.36329935891319920, 150.7222222222220012 ) ) ;
#2752 = CARTESIAN_POINT ( 'NONE',  ( -40.61405457342040393, 14.66170803222179941, 150.8900458333335166 ) ) ;
#2753 = CARTESIAN_POINT ( 'NONE',  ( -42.25003297077824982, 10.06318058443610219, 151.5859306697009856 ) ) ;
#2754 = CARTESIAN_POINT ( 'NONE',  ( -38.53353815876794641, 14.88955073940385887, 159.9637458333334905 ) ) ;
#2755 = CARTESIAN_POINT ( 'NONE',  ( -32.11581373349599744, 14.34697373958388056, 152.0051996535484875 ) ) ;
#2756 = CARTESIAN_POINT ( 'NONE',  ( -35.43743590504716678, 13.39204189739492357, 159.0932468367910246 ) ) ;
#2757 = CARTESIAN_POINT ( 'NONE',  ( -41.16748219787615426, 9.803306926299889312, 154.0500522889210231 ) ) ;
#2758 = B_SPLINE_CURVE_WITH_KNOTS ( 'NONE', 3,
 ( #2755, #2412, #3872, #589, #3517, #2035, #3850, #1696, #521, #4611, #564, #499, #3492, #2060, #2456, #1993, #3136 ),
 .UNSPECIFIED., .F., .F.,
 ( 4, 2, 2, 1, 1, 1, 2, 2, 2, 4 ),
 ( 0.000000000000000000, 0.2500000000013821722, 0.3750000000020447533, 0.4375000000024003577, 0.4687500000025546787, 0.4843750000026354474, 0.4921875000026457725, 0.5000000000026560976, 0.7500000000013280488, 1.000000000000000000 ),
 .UNSPECIFIED. ) ;
#2759 = CARTESIAN_POINT ( 'NONE',  ( -31.56949154686409997, 13.14471512820962040, 151.9979687500000125 ) ) ;
#2760 = B_SPLINE_CURVE_WITH_KNOTS ( 'NONE', 3,
 ( #940, #4590, #4274, #4228 ),
 .UNSPECIFIED., .F., .F.,
 ( 4, 4 ),
 ( 0.000000000000000000, 1.000000000000000000 ),
 .UNSPECIFIED. ) ;
#2761 = CARTESIAN_POINT ( 'NONE',  ( -34.47324584111355250, 13.44314195882959950, 157.0648187500000006 ) ) ;
#2762 = CARTESIAN_POINT ( 'NONE',  ( -40.18667296624434471, 14.86035999830671983, 149.3511727324180072 ) ) ;
#2763 = CARTESIAN_POINT ( 'NONE',  ( -41.23768205855034807, 9.475420350735449304, 151.0722528507550066 ) ) ;
#2764 = CARTESIAN_POINT ( 'NONE',  ( -39.55234157697374542, 9.965352839621868242, 152.9421444154015148 ) ) ;
#2765 = CARTESIAN_POINT ( 'NONE',  ( -35.33811561958010117, 17.01130500880615060, 151.1658860942065132 ) ) ;
#2766 = CARTESIAN_POINT ( 'NONE',  ( -43.74188962898718813, 10.48629896970125586, 155.8362842666969925 ) ) ;
#2767 = ORIENTED_EDGE ( 'NONE', *, *, #1060, .F. ) ;
#2768 = CARTESIAN_POINT ( 'NONE',  ( -40.90478183866810014, 8.843226281664760435, 148.4797187500000177 ) ) ;
#2769 = CARTESIAN_POINT ( 'NONE',  ( -32.59991061731274442, 13.19665413223479966, 153.8129344564224823 ) ) ;
#2770 = ORIENTED_EDGE ( 'NONE', *, *, #971, .F. ) ;
#2771 = DIRECTION ( 'NONE',  ( -0.3656150866411370104, -0.01415353698375004451, 0.9306585226662051902 ) ) ;
#2772 = EDGE_CURVE ( 'NONE', #1859, #2339, #2260, .T. ) ;
#2773 = CARTESIAN_POINT ( 'NONE',  ( -42.04664521425585377, 9.136935735182980522, 152.1869740983200074 ) ) ;
#2774 = CARTESIAN_POINT ( 'NONE',  ( -40.86416073253387538, 9.083653294880932094, 148.2154258709356327 ) ) ;
#2775 = CARTESIAN_POINT ( 'NONE',  ( -37.19661704077224584, 15.76687493117895045, 155.6513824871195197 ) ) ;
#2776 = CARTESIAN_POINT ( 'NONE',  ( -38.97954240258280123, 10.10585488576449897, 152.6327449984800069 ) ) ;
#2777 = CARTESIAN_POINT ( 'NONE',  ( -35.55682313050957077, 13.73921651579686021, 158.6391902833523773 ) ) ;
#2778 = CARTESIAN_POINT ( 'NONE',  ( -42.61731366704812984, 10.05384745852430939, 152.5682476774938152 ) ) ;
#2779 = EDGE_CURVE ( 'NONE', #1885, #2551, #4689, .T. ) ;
#2780 = CARTESIAN_POINT ( 'NONE',  ( -32.91258553821390365, 12.19825799964713653, 155.2211328003507447 ) ) ;
#2781 = CARTESIAN_POINT ( 'NONE',  ( -31.76391767550599354, 14.38172692414365983, 151.3797166103889822 ) ) ;
#2782 = CARTESIAN_POINT ( 'NONE',  ( -35.44342924875115131, 13.09471861447024033, 159.6821874999999977 ) ) ;
#2783 = CARTESIAN_POINT ( 'NONE',  ( -40.17470046875139644, 14.77444195105026026, 148.9203027887586188 ) ) ;
#2784 = CARTESIAN_POINT ( 'NONE',  ( -39.02366636169710290, 10.27139156243760176, 152.3312523513064889 ) ) ;
#2785 = CARTESIAN_POINT ( 'NONE',  ( -39.93828355420079390, 9.901428772462990580, 153.4490487489535155 ) ) ;
#2786 = CARTESIAN_POINT ( 'NONE',  ( -30.64124654526359848, 11.97089989449801983, 150.6086381944444952 ) ) ;
#2787 = VERTEX_POINT ( 'NONE', #3648 ) ;
#2788 = CARTESIAN_POINT ( 'NONE',  ( -41.40711090222025348, 8.781216360888491224, 149.8249502065918080 ) ) ;
#2789 = CARTESIAN_POINT ( 'NONE',  ( -40.61778968604830453, 10.24538758374009895, 147.0236000000000161 ) ) ;
#2790 = CARTESIAN_POINT ( 'NONE',  ( -41.48961010441649933, 9.076872941627080138, 149.8687081831560022 ) ) ;
#2791 = ORIENTED_EDGE ( 'NONE', *, *, #1929, .F. ) ;
#2792 = CARTESIAN_POINT ( 'NONE',  ( -43.60671534955370277, 8.977031685216555701, 155.1919464574114045 ) ) ;
#2793 = DIRECTION ( 'NONE',  ( 0.8854855037441001775, 0.3027836952349070576, 0.3524733416287710308 ) ) ;
#2794 = CARTESIAN_POINT ( 'NONE',  ( -41.17398523679694478, 9.590584803368608746, 154.0413986967359961 ) ) ;
#2795 = CARTESIAN_POINT ( 'NONE',  ( -41.48961010441649933, 9.076872941627080138, 149.8687081831560022 ) ) ;
#2796 = CARTESIAN_POINT ( 'NONE',  ( -40.97332748212595277, 9.602135511796440426, 153.5673542094505137 ) ) ;
#2797 = LINE ( 'NONE', #4247, #4328 ) ;
#2798 = LINE ( 'NONE', #4589, #580 ) ;
#2799 = CARTESIAN_POINT ( 'NONE',  ( -40.80655792528729364, 14.23213999344588920, 150.6046489183859762 ) ) ;
#2800 = EDGE_CURVE ( 'NONE', #3730, #3344, #3268, .T. ) ;
#2801 = CARTESIAN_POINT ( 'NONE',  ( -31.19650409655184831, 14.09704210963760040, 150.6391699698154980 ) ) ;
#2802 = ORIENTED_EDGE ( 'NONE', *, *, #3655, .F. ) ;
#2803 = CARTESIAN_POINT ( 'NONE',  ( -36.43678307655070370, 12.83505865698769988, 162.7115374999999915 ) ) ;
#2804 = CARTESIAN_POINT ( 'NONE',  ( -39.86505868435140343, 15.60793581915090833, 153.1444620142539748 ) ) ;
#2805 = CARTESIAN_POINT ( 'NONE',  ( -38.68223574777094598, 15.95424883166824870, 154.2196812499999794 ) ) ;
#2806 = CARTESIAN_POINT ( 'NONE',  ( -39.89650628876120209, 9.886753607993869153, 151.1472601445670136 ) ) ;
#2807 = CARTESIAN_POINT ( 'NONE',  ( -40.69213494182600499, 9.903777935158339929, 153.6367430467934980 ) ) ;
#2808 = CARTESIAN_POINT ( 'NONE',  ( -40.03405642233160222, 9.626861446936279876, 151.0635364486400078 ) ) ;
#2809 = VECTOR ( 'NONE', #1413, 1000.000000000000000 ) ;
#2810 = CARTESIAN_POINT ( 'NONE',  ( -30.91180407010304876, 13.24288016494270082, 150.7069812500000126 ) ) ;
#2811 = CARTESIAN_POINT ( 'NONE',  ( -31.43244727727925181, 10.55719788055128028, 151.9853123263890211 ) ) ;
#2812 = ORIENTED_EDGE ( 'NONE', *, *, #2232, .F. ) ;
#2813 = CARTESIAN_POINT ( 'NONE',  ( -44.10454228996155024, 8.435320621926649665, 156.4655333333334966 ) ) ;
#2814 = CARTESIAN_POINT ( 'NONE',  ( -40.32756124937660047, 10.32989426864927829, 146.3084333333333973 ) ) ;
#2815 = CARTESIAN_POINT ( 'NONE',  ( -41.33160034959144014, 10.83062344018043532, 149.0093384028073160 ) ) ;
#2816 = ORIENTED_EDGE ( 'NONE', *, *, #659, .F. ) ;
#2817 = CARTESIAN_POINT ( 'NONE',  ( -41.53531219647474870, 13.09704932941872002, 150.8383446198789954 ) ) ;
#2818 = CARTESIAN_POINT ( 'NONE',  ( -42.08943614631005659, 9.145901744081349705, 152.3990118726194964 ) ) ;
#2819 = CARTESIAN_POINT ( 'NONE',  ( -40.50602339815664976, 9.606988479589869456, 147.0141833333331931 ) ) ;
#2820 = CARTESIAN_POINT ( 'NONE',  ( -41.49360447637800320, 14.03215964636961921, 153.3303711805555167 ) ) ;
#2821 = CARTESIAN_POINT ( 'NONE',  ( -39.74990511865870246, 10.00878714745203979, 153.9409021265364856 ) ) ;
#2822 = CARTESIAN_POINT ( 'NONE',  ( -33.29188792119854412, 10.00707000439826011, 156.1178203124999868 ) ) ;
#2823 = CARTESIAN_POINT ( 'NONE',  ( -31.44216499400529585, 12.31765687333542125, 152.0847107843494825 ) ) ;
#2824 = ORIENTED_EDGE ( 'NONE', *, *, #4198, .F. ) ;
#2825 = CARTESIAN_POINT ( 'NONE',  ( -39.48771686948690274, 9.962987910294240024, 152.7304030928664815 ) ) ;
#2826 = CARTESIAN_POINT ( 'NONE',  ( -32.70919233041644958, 15.05277855927394981, 152.0934206750690123 ) ) ;
#2827 = CARTESIAN_POINT ( 'NONE',  ( -37.08023215549394536, 12.45886510934438007, 165.0389811779384956 ) ) ;
#2828 = CARTESIAN_POINT ( 'NONE',  ( -40.63899732932645037, 14.11319211538956075, 149.1029293475953921 ) ) ;
#2829 = EDGE_CURVE ( 'NONE', #3866, #2191, #3098, .T. ) ;
#2830 = CARTESIAN_POINT ( 'NONE',  ( -45.75162492214000309, 7.703962958385559112, 149.0999209655465734 ) ) ;
#2831 = CARTESIAN_POINT ( 'NONE',  ( -39.48771686948690274, 9.962987910294240024, 152.7304030928664815 ) ) ;
#2832 = CARTESIAN_POINT ( 'NONE',  ( -40.48751672113059641, 9.964714467793069019, 153.6305286066385065 ) ) ;
#2833 = CARTESIAN_POINT ( 'NONE',  ( -36.43074974476569849, 16.54716743224200215, 152.8225249999999846 ) ) ;
#2834 = CARTESIAN_POINT ( 'NONE',  ( -41.08011437443484226, 9.697494061672411902, 148.4784932291666166 ) ) ;
#2835 = CARTESIAN_POINT ( 'NONE',  ( -32.20097895534193100, 13.34982285201126295, 153.0509299189269257 ) ) ;
#2836 = CARTESIAN_POINT ( 'NONE',  ( -33.23720994737810486, 10.02412420732986043, 155.9999497395835135 ) ) ;
#2837 = ORIENTED_EDGE ( 'NONE', *, *, #4116, .T. ) ;
#2838 = CARTESIAN_POINT ( 'NONE',  ( -40.07265057826234766, 9.048495791874259453, 146.4466100694444037 ) ) ;
#2839 = EDGE_CURVE ( 'NONE', #2887, #3550, #231, .T. ) ;
#2840 = CARTESIAN_POINT ( 'NONE',  ( -36.48280656328579852, 16.18604465257664771, 153.9447390964479894 ) ) ;
#2841 = CARTESIAN_POINT ( 'NONE',  ( -40.95139525842944295, 9.740347240441021626, 148.1116612847222029 ) ) ;
#2842 = CARTESIAN_POINT ( 'NONE',  ( -41.40027984238122372, 10.54080533781271534, 149.2120646405222431 ) ) ;
#2843 = ORIENTED_EDGE ( 'NONE', *, *, #4224, .F. ) ;
#2844 = CARTESIAN_POINT ( 'NONE',  ( -40.12558431712174922, 9.856299485490129797, 153.5581192643365114 ) ) ;
#2845 = CARTESIAN_POINT ( 'NONE',  ( -41.51275794483625248, 9.281042373403527890, 149.8227194249720071 ) ) ;
#2846 = CARTESIAN_POINT ( 'NONE',  ( -33.45519647589419776, 14.68063522172553981, 153.4994985129839904 ) ) ;
#2847 = CARTESIAN_POINT ( 'NONE',  ( -40.17706923628875160, 10.10615129884014074, 154.0965961403495044 ) ) ;
#2848 = CARTESIAN_POINT ( 'NONE',  ( -34.26542449208055530, 10.11434914226122039, 158.7303833333334921 ) ) ;
#2849 = ORIENTED_EDGE ( 'NONE', *, *, #4168, .F. ) ;
#2850 = DIRECTION ( 'NONE',  ( 0.000000000000000000, -0.1024736996026324037, -0.9947357140918131613 ) ) ;
#2851 = CARTESIAN_POINT ( 'NONE',  ( -45.44534301118969921, 10.98920394691885960, 161.8410958333334975 ) ) ;
#2852 = CARTESIAN_POINT ( 'NONE',  ( -41.07512883022645411, 13.52817154671359923, 149.7246979166666279 ) ) ;
#2853 = CARTESIAN_POINT ( 'NONE',  ( -38.20176950393980064, 16.30442309651504829, 152.9104499999999973 ) ) ;
#2854 = CARTESIAN_POINT ( 'NONE',  ( -39.07723111790799919, 10.19490360034217957, 151.7452417700305034 ) ) ;
#2855 = CARTESIAN_POINT ( 'NONE',  ( -39.72235656926455505, 9.952160683891779769, 151.2734481595465184 ) ) ;
#2856 = CARTESIAN_POINT ( 'NONE',  ( -32.11581373349599744, 14.34697373958388056, 152.0051996535484875 ) ) ;
#2857 = EDGE_CURVE ( 'NONE', #75, #575, #1146, .T. ) ;
#2858 = CARTESIAN_POINT ( 'NONE',  ( -36.45297473797805310, 15.52337744377985018, 155.8530377553730091 ) ) ;
#2859 = CARTESIAN_POINT ( 'NONE',  ( -41.50819942909549809, 13.99259486716434076, 152.4743775327050059 ) ) ;
#2860 = CARTESIAN_POINT ( 'NONE',  ( -30.52884592927744833, 11.98325686271359913, 150.3923583333335046 ) ) ;
#2861 = ORIENTED_EDGE ( 'NONE', *, *, #3412, .T. ) ;
#2862 = ADVANCED_FACE ( 'NONE', ( #2566 ), #2279, .F. ) ;
#2863 = CARTESIAN_POINT ( 'NONE',  ( -39.79198118598040423, 10.07113770217861948, 145.2655210069443967 ) ) ;
#2864 = CARTESIAN_POINT ( 'NONE',  ( -40.11634689948449761, 9.476743364085269405, 146.2430664030392222 ) ) ;
#2865 = ORIENTED_EDGE ( 'NONE', *, *, #4461, .F. ) ;
#2866 = CARTESIAN_POINT ( 'NONE',  ( -34.02696401763121514, 15.30006527036925412, 153.2842963649167700 ) ) ;
#2867 = CARTESIAN_POINT ( 'NONE',  ( -41.35715751088734748, 9.457192861555700603, 153.2816230551425178 ) ) ;
#2868 = B_SPLINE_CURVE_WITH_KNOTS ( 'NONE', 3,
 ( #2291, #376, #1843, #4420 ),
 .UNSPECIFIED., .F., .F.,
 ( 4, 4 ),
 ( 0.000000000000000000, 0.03093978693639454908 ),
 .UNSPECIFIED. ) ;
#2869 = CARTESIAN_POINT ( 'NONE',  ( -33.75612976857334502, 9.974130809305879808, 157.2070999999999970 ) ) ;
#2870 = CARTESIAN_POINT ( 'NONE',  ( -34.34920130159375162, 13.50417992965739877, 156.7537698042634986 ) ) ;
#2871 = B_SPLINE_SURFACE_WITH_KNOTS ( 'NONE', 3, 3, ( 
 ( #2463, #3902, #2762, #3949, #4616, #671, #1335, #989, #4278 ),
 ( #2783, #3545, #2488, #3925, #4642, #619, #4593, #2148, #4254 ),
 ( #2091, #3595, #964, #314, #2438, #1316, #261, #3119, #2417 ),
 ( #2040, #1723, #2828, #3856, #3500, #644, #209, #2117, #3569 ),
 ( #3209, #4232, #1753, #4663, #2852, #4300, #1679, #3879, #3141 ),
 ( #2066, #3522, #1701, #1062, #1775, #2942, #36, #2537, #3974 ),
 ( #1823, #4350, #694, #2921, #1846, #4683, #4426, #1508, #2629 ),
 ( #2221, #2900, #2970, #3235, #4708, #2873, #1411, #3305, #2170 ),
 ( #4373, #713, #4324, #360, #337, #2194, #3286, #2275, #1462 ),
 ( #1142, #3695, #3998, #1039, #3619, #1800, #2561, #1440, #4732 ),
 ( #3722, #3644, #403, #13, #1087, #1871, #759, #2246, #2579 ),
 ( #4072, #4020, #785, #3261, #4042, #736, #3329, #3670, #381 ),
 ( #1481, #4396, #1115, #2601, #3043, #1564, #2695, #4497, #1534 ) ),
 .UNSPECIFIED., .F., .F., .F.,
 ( 4, 1, 1, 1, 1, 1, 1, 1, 1, 1, 4 ),
 ( 4, 1, 1, 1, 1, 1, 4 ),
 ( 0.000000000000000000, 1.000000000000000000, 2.000000000000000000, 3.000000000000000000, 5.000000000000000000, 7.000000000000000000, 9.000000000000000000, 11.00000000000000000, 12.00000000000000000, 13.00000000000000000, 14.00000000000000000 ),
 ( 0.000000000000000000, 1.000000000000000000, 2.000000000000000000, 3.000000000000000000, 4.000000000000000000, 5.000000000000000000, 6.000000000000000000 ),
 .UNSPECIFIED. ) ;
#2872 = CARTESIAN_POINT ( 'NONE',  ( -43.07894746863169644, 12.98512434470822008, 157.4345000000000141 ) ) ;
#2873 = CARTESIAN_POINT ( 'NONE',  ( -41.56287188723004533, 11.29219333757250077, 149.7083499999999958 ) ) ;
#2874 = CARTESIAN_POINT ( 'NONE',  ( -38.84440282047899728, 15.82480981854675051, 154.6852072916665293 ) ) ;
#2875 = FACE_OUTER_BOUND ( 'NONE', #706, .T. ) ;
#2876 = B_SPLINE_CURVE_WITH_KNOTS ( 'NONE', 3,
 ( #2790, #4240, #952, #246, #1707, #4265, #975, #2523, #3659, #1789 ),
 .UNSPECIFIED., .F., .F.,
 ( 4, 1, 1, 1, 1, 1, 1, 4 ),
 ( 0.000000000000000000, 1.000000000000000000, 2.000000000000000000, 4.000000000000000000, 6.000000000000000000, 8.000000000000000000, 10.00000000000000000, 10.18702556446126017 ),
 .UNSPECIFIED. ) ;
#2877 = CARTESIAN_POINT ( 'NONE',  ( -41.57419386588094312, 9.571240057526480882, 152.9854291611304689 ) ) ;
#2878 = CARTESIAN_POINT ( 'NONE',  ( -39.80726051285294176, 10.19937798787105976, 153.9212682195079935 ) ) ;
#2879 = CARTESIAN_POINT ( 'NONE',  ( -37.41263126440269815, 15.90588522048699893, 155.2621657445309893 ) ) ;
#2880 = CARTESIAN_POINT ( 'NONE',  ( -41.32539188577489853, 13.99967163565622030, 152.0090482713714835 ) ) ;
#2881 = CARTESIAN_POINT ( 'NONE',  ( -31.19650409655184831, 14.09704210963760040, 150.6391699698154980 ) ) ;
#2882 = CARTESIAN_POINT ( 'NONE',  ( -31.49288824977254819, 11.04285670806107866, 152.3120395833335010 ) ) ;
#2883 = ORIENTED_EDGE ( 'NONE', *, *, #4061, .F. ) ;
#2884 = CARTESIAN_POINT ( 'NONE',  ( -39.81689476527099458, 15.54304766139035010, 153.0120000000000005 ) ) ;
#2885 = CARTESIAN_POINT ( 'NONE',  ( -41.47347927279599844, 9.081097800595740566, 149.8224717109759752 ) ) ;
#2886 = VECTOR ( 'NONE', #3564, 1000.000000000000000 ) ;
#2887 = VERTEX_POINT ( 'NONE', #1806 ) ;
#2888 = CARTESIAN_POINT ( 'NONE',  ( -33.23743237858405308, 15.74503326924469881, 151.8414873415310069 ) ) ;
#2889 = CARTESIAN_POINT ( 'NONE',  ( -41.18978884857759226, 11.17114421299759286, 148.6059475992224179 ) ) ;
#2890 = VECTOR ( 'NONE', #3107, 1000.000000000000114 ) ;
#2891 = ORIENTED_EDGE ( 'NONE', *, *, #1279, .F. ) ;
#2892 = CARTESIAN_POINT ( 'NONE',  ( -41.82707061144454741, 11.16088167146971877, 150.4415708333335147 ) ) ;
#2893 = CARTESIAN_POINT ( 'NONE',  ( -34.31797593446737693, 15.56492746970658558, 153.1739985405760081 ) ) ;
#2894 = EDGE_CURVE ( 'NONE', #2104, #3248, #4062, .T. ) ;
#2895 = CARTESIAN_POINT ( 'NONE',  ( -41.48961010441649933, 9.076872941627080138, 149.8687081831560022 ) ) ;
#2896 = CARTESIAN_POINT ( 'NONE',  ( -34.45958362941725284, 10.60643172655626110, 159.5790000000000077 ) ) ;
#2897 = ORIENTED_EDGE ( 'NONE', *, *, #367, .T. ) ;
#2898 = CARTESIAN_POINT ( 'NONE',  ( -30.66032944239720948, 13.45795626661375977, 150.1097259752930881 ) ) ;
#2899 = CARTESIAN_POINT ( 'NONE',  ( -37.38638837229729717, 13.93543476998453912, 161.8003000000000213 ) ) ;
#2900 = CARTESIAN_POINT ( 'NONE',  ( -41.10221715894545014, 11.50219085237634076, 148.3539083333332087 ) ) ;
#2901 = CARTESIAN_POINT ( 'NONE',  ( -41.50671566799400125, 8.854038437860531019, 150.0493025811699965 ) ) ;
#2902 = CARTESIAN_POINT ( 'NONE',  ( -42.32727668655149955, 8.847283873131088328, 152.1414875000000109 ) ) ;
#2903 = CARTESIAN_POINT ( 'NONE',  ( -42.01465071244670924, 13.01318730382613964, 152.2605200262570122 ) ) ;
#2904 = CARTESIAN_POINT ( 'NONE',  ( -41.90240447128719836, 10.07118377192352021, 150.6481124674570253 ) ) ;
#2905 = CARTESIAN_POINT ( 'NONE',  ( -31.51792749545134598, 12.49029214931911902, 152.2153250000000071 ) ) ;
#2906 = EDGE_LOOP ( 'NONE', ( #2843, #2235, #4266, #1620 ) ) ;
#2907 = CARTESIAN_POINT ( 'NONE',  ( -34.39395238812375055, 16.23799618927614929, 152.3083333333334792 ) ) ;
#2908 = CARTESIAN_POINT ( 'NONE',  ( -35.29246658841348960, 15.47349430333379239, 154.9387891403618482 ) ) ;
#2909 = CARTESIAN_POINT ( 'NONE',  ( -41.41528010909751600, 10.45272889549430140, 149.2598102832888287 ) ) ;
#2910 = EDGE_LOOP ( 'NONE', ( #3661, #1503, #4260, #665 ) ) ;
#2911 = CARTESIAN_POINT ( 'NONE',  ( -41.29426463041254891, 14.11621780598700227, 152.4195965277779976 ) ) ;
#2912 = B_SPLINE_SURFACE_WITH_KNOTS ( 'NONE', 3, 3, ( 
 ( #2193, #3970, #690, #1085, #3257, #2167, #4705, #3616, #4069, #1821, #2577, #33, #3284, #1459, #1505 ),
 ( #2917, #3668, #379, #422, #1479, #4040, #2968, #4423, #783, #2272, #1893, #3377, #4468, #1559, #1944 ),
 ( #3828, #3016, #1988, #132, #1585, #517, #2366, #3806, #1194, #3087, #3744, #2666, #803, #3041, #541 ),
 ( #2391, #4115, #449, #891, #2709, #4445, #830, #4180, #1532, #2992, #2317, #3399, #1166, #2647, #1260 ),
 ( #3443, #108, #4536, #84, #2729, #4493, #3765, #472, #1627, #1219, #2691, #4156, #1963, #3420, #1604 ),
 ( #3063, #4514, #871, #153, #1752, #643, #2872, #1529, #420, #618, #1363, #3234, #1410, #4277, #2268 ),
 ( #1388, #3948, #1866, #3690, #2622, #2116, #1038, #32, #1502, #3973, #2965, #3568, #3714, #4066, #670 ),
 ( #3544, #3208, #2462, #779, #1890, #4662, #59, #3183, #988, #288, #2487, #313, #4442, #3901, #2851 ),
 ( #2090, #260, #4641, #2147, #536, #2311, #3782, #2362, #512, #3082, #3460, #1646, #172, #480, #4475 ),
 ( #2323, #837, #2251, #1148, #406, #4077, #3726, #432, #1538, #1902, #4452, #1175, #1315, #234, #3103 ),
 ( #2648, #1981, #1643, #4554, #4446, #3438, #1621, #1167, #4092, #804, #885, #2360, #2384, #3799, #3080 ),
 ( #147, #4173, #4531, #510, #3821, #534, #170, #1254, #2005, #3459, #4651, #3673, #1345, #1374, #1763 ),
 ( #404, #4044, #4671, #2249, #788, #3359, #2813, #2128, #3331, #300, #2474, #3191, #3911, #3696, #4263 ),
 ( #1091, #2277, #384, #2603, #3222, #1463, #3580, #1873, #2923, #430, #760, #4376, #2582, #4287, #973 ) ),
 .UNSPECIFIED., .F., .F., .F.,
 ( 4, 1, 1, 1, 1, 1, 1, 1, 1, 1, 1, 4 ),
 ( 4, 1, 1, 1, 1, 1, 1, 1, 1, 1, 1, 1, 4 ),
 ( 0.000000000000000000, 1.000000000000000000, 2.000000000000000000, 3.000000000000000000, 5.000000000000000000, 7.000000000000000000, 9.000000000000000000, 11.00000000000000000, 13.00000000000000000, 15.00000000000000000, 17.00000000000000000, 18.00000000000000000 ),
 ( 0.000000000000000000, 1.000000000000000000, 3.000000000000000000, 5.000000000000000000, 7.000000000000000000, 9.000000000000000000, 11.00000000000000000, 13.00000000000000000, 15.00000000000000000, 17.00000000000000000, 19.00000000000000000, 21.00000000000000000, 22.00000000000000000 ),
 .UNSPECIFIED. ) ;
#2913 = CARTESIAN_POINT ( 'NONE',  ( -40.11734631528315020, 9.598412718679380617, 151.0306880510300118 ) ) ;
#2914 = CARTESIAN_POINT ( 'NONE',  ( -30.45522906953684839, 12.41725032065409984, 150.1684085367474779 ) ) ;
#2915 = EDGE_CURVE ( 'NONE', #1131, #47, #1079, .T. ) ;
#2916 = CARTESIAN_POINT ( 'NONE',  ( -34.34724229072515556, 9.762582996583089923, 158.6486833333335085 ) ) ;
#2917 = CARTESIAN_POINT ( 'NONE',  ( -40.78869067299014262, 14.76987514770053878, 154.6569381944445070 ) ) ;
#2918 = CARTESIAN_POINT ( 'NONE',  ( -34.35152308454330239, 13.92027169852181956, 156.1751687500000116 ) ) ;
#2919 = EDGE_CURVE ( 'NONE', #4273, #4409, #3311, .T. ) ;
#2920 = CARTESIAN_POINT ( 'NONE',  ( -35.61801601731770717, 13.68453128421973908, 158.8847499999999968 ) ) ;
#2921 = CARTESIAN_POINT ( 'NONE',  ( -41.25748635497235028, 12.18606483499965876, 149.0727500000000134 ) ) ;
#2922 = CARTESIAN_POINT ( 'NONE',  ( -32.88531665121115566, 13.45901690943696138, 154.2420549122245177 ) ) ;
#2923 = CARTESIAN_POINT ( 'NONE',  ( -44.69309992995324876, 8.121541116346230993, 157.8709520833335205 ) ) ;
#2924 = CARTESIAN_POINT ( 'NONE',  ( -40.17706923628875160, 10.10615129884014074, 154.0965961403495044 ) ) ;
#2925 = CARTESIAN_POINT ( 'NONE',  ( -37.33997959050395110, 16.23423036998790181, 153.9799500000000023 ) ) ;
#2926 = CARTESIAN_POINT ( 'NONE',  ( -41.68477082856064442, 9.240973437511859956, 150.3121999912085016 ) ) ;
#2927 = CARTESIAN_POINT ( 'NONE',  ( -40.68350963116679964, 9.627122406344708949, 150.9259877315315066 ) ) ;
#2928 = ORIENTED_EDGE ( 'NONE', *, *, #4520, .T. ) ;
#2929 = CARTESIAN_POINT ( 'NONE',  ( -40.62441932497640096, 14.91576231482530090, 153.7527194444444945 ) ) ;
#2930 = DIRECTION ( 'NONE',  ( 0.8854855037441001775, 0.3027836952349070576, 0.3524733416287705867 ) ) ;
#2931 = CARTESIAN_POINT ( 'NONE',  ( -42.42823622657540028, 10.05729302651399948, 152.0530368035470019 ) ) ;
#2932 = CARTESIAN_POINT ( 'NONE',  ( -34.41521884676944865, 12.08928494026568856, 158.5528618686970219 ) ) ;
#2933 = CARTESIAN_POINT ( 'NONE',  ( -39.00202244132714924, 10.02311968850455948, 151.8952850892769959 ) ) ;
#2934 = ORIENTED_EDGE ( 'NONE', *, *, #971, .T. ) ;
#2935 = CARTESIAN_POINT ( 'NONE',  ( -35.90646367517354776, 16.44709584579414852, 152.5633671796825297 ) ) ;
#2936 = CARTESIAN_POINT ( 'NONE',  ( -30.52274819458537891, 13.09704374286673101, 150.0607870950154563 ) ) ;
#2937 = CARTESIAN_POINT ( 'NONE',  ( -40.03405642233160222, 9.626861446936279876, 151.0635364486400078 ) ) ;
#2938 = CARTESIAN_POINT ( 'NONE',  ( -41.41764896110589689, 9.430208697254560235, 153.1963917470239949 ) ) ;
#2939 = CARTESIAN_POINT ( 'NONE',  ( -33.55662990710925442, 11.79666752215195835, 156.8391500000000178 ) ) ;
#2940 = ORIENTED_EDGE ( 'NONE', *, *, #367, .F. ) ;
#2941 = CARTESIAN_POINT ( 'NONE',  ( -30.73007071036726501, 13.60013178143221602, 150.1471553617062114 ) ) ;
#2942 = CARTESIAN_POINT ( 'NONE',  ( -41.37849855857239589, 12.84120990975779897, 149.9534499999999753 ) ) ;
#2943 = CARTESIAN_POINT ( 'NONE',  ( -38.45109806788015305, 15.92314262118939894, 154.7207972332400061 ) ) ;
#2944 = EDGE_CURVE ( 'NONE', #3030, #2312, #1122, .T. ) ;
#2945 = CARTESIAN_POINT ( 'NONE',  ( -41.97188430814301796, 9.051518140861592343, 151.1394112113634378 ) ) ;
#2946 = CARTESIAN_POINT ( 'NONE',  ( -41.13164731994764622, 9.357345148848180472, 151.6536085530315177 ) ) ;
#2947 = CARTESIAN_POINT ( 'NONE',  ( -41.73927173446470107, 9.559556233456779850, 150.3121958057859899 ) ) ;
#2948 = CARTESIAN_POINT ( 'NONE',  ( -37.47159803714405513, 16.40018887637079814, 153.2292249999999854 ) ) ;
#2949 = CARTESIAN_POINT ( 'NONE',  ( -40.40470991084280428, 9.712997894024429257, 150.9451593364134965 ) ) ;
#2950 = CARTESIAN_POINT ( 'NONE',  ( -32.12763764772000030, 11.51711655180929839, 153.8119000000000085 ) ) ;
#2951 = ORIENTED_EDGE ( 'NONE', *, *, #1710, .F. ) ;
#2952 = CARTESIAN_POINT ( 'NONE',  ( -31.50186138925004897, 12.31238532559453169, 152.2079262790454379 ) ) ;
#2953 = VERTEX_POINT ( 'NONE', #2607 ) ;
#2954 = CARTESIAN_POINT ( 'NONE',  ( -33.68624072739940090, 16.07954171368699647, 151.8507138888890040 ) ) ;
#2955 = CARTESIAN_POINT ( 'NONE',  ( -39.20546955605283301, 15.83931603735249460, 151.2580886856116251 ) ) ;
#2956 = CARTESIAN_POINT ( 'NONE',  ( -39.03336718539610217, 10.24633081806896051, 152.1163204094665105 ) ) ;
#2957 = EDGE_LOOP ( 'NONE', ( #2883, #3758, #3783, #2635 ) ) ;
#2958 = CARTESIAN_POINT ( 'NONE',  ( -42.02237236008944876, 13.12894839227276123, 152.7409999999999854 ) ) ;
#2959 = AXIS2_PLACEMENT_3D ( 'NONE', #4629, #4197, #222 ) ;
#2960 = CARTESIAN_POINT ( 'NONE',  ( -41.95250848423179946, 9.138787358015260764, 151.9299520547865257 ) ) ;
#2961 = LINE ( 'NONE', #2618, #1113 ) ;
#2962 = VECTOR ( 'NONE', #4119, 1000.000000000000114 ) ;
#2963 = CARTESIAN_POINT ( 'NONE',  ( -42.78308813325921989, 10.61534595387062474, 153.0886644314747116 ) ) ;
#2964 = CARTESIAN_POINT ( 'NONE',  ( -35.02388017552230082, 9.388745989918561463, 160.8795041666664929 ) ) ;
#2965 = CARTESIAN_POINT ( 'NONE',  ( -44.53019671886765707, 11.95984590360571964, 160.1788999999999987 ) ) ;
#2966 = ORIENTED_EDGE ( 'NONE', *, *, #4284, .T. ) ;
#2967 = B_SPLINE_CURVE_WITH_KNOTS ( 'NONE', 3,
 ( #3371, #1887, #775, #3709, #417, #56, #2643, #4088 ),
 .UNSPECIFIED., .F., .F.,
 ( 4, 2, 2, 4 ),
 ( 0.000000000000000000, 0.2499999999999969469, 0.4999999999999938938, 1.000000000000000000 ),
 .UNSPECIFIED. ) ;
#2968 = CARTESIAN_POINT ( 'NONE',  ( -41.89778568824915084, 14.16758800800947959, 157.9924958333334928 ) ) ;
#2969 = CARTESIAN_POINT ( 'NONE',  ( -38.85747674581259758, 14.14676793872060045, 163.1021499999999946 ) ) ;
#2970 = CARTESIAN_POINT ( 'NONE',  ( -41.18387500714744931, 11.46740421122323994, 148.6010249999999928 ) ) ;
#2971 = CARTESIAN_POINT ( 'NONE',  ( -38.49156010173290099, 15.89212965307550185, 154.8350267851710100 ) ) ;
#2972 = CARTESIAN_POINT ( 'NONE',  ( -41.49221301534660000, 9.023696859658629776, 149.9046831379649802 ) ) ;
#2973 = CARTESIAN_POINT ( 'NONE',  ( -41.51632894884700420, 9.293953034396698953, 152.1619948910755227 ) ) ;
#2974 = CARTESIAN_POINT ( 'NONE',  ( -41.17398523679694478, 9.590584803368608746, 154.0413986967359961 ) ) ;
#2975 = CARTESIAN_POINT ( 'NONE',  ( -43.29732663409949112, 8.992966089326017709, 154.4426349443354525 ) ) ;
#2976 = CARTESIAN_POINT ( 'NONE',  ( -31.40427839539723820, 14.36782132635549303, 150.7654480191685877 ) ) ;
#2977 = EDGE_CURVE ( 'NONE', #3344, #683, #1044, .T. ) ;
#2978 = CARTESIAN_POINT ( 'NONE',  ( -33.35512030693369923, 11.87936929455530155, 156.3593500000000063 ) ) ;
#2979 = CARTESIAN_POINT ( 'NONE',  ( -41.50520242994800668, 12.78156389472174048, 150.3246249999999975 ) ) ;
#2980 = ORIENTED_EDGE ( 'NONE', *, *, #2857, .F. ) ;
#2981 = CARTESIAN_POINT ( 'NONE',  ( -30.53070707738795164, 11.45619796403453883, 150.3742454558079942 ) ) ;
#2982 = CARTESIAN_POINT ( 'NONE',  ( -33.27430292317185234, 15.25914880051529998, 152.6149125000000026 ) ) ;
#2983 = LINE ( 'NONE', #1450, #3875 ) ;
#2984 = CARTESIAN_POINT ( 'NONE',  ( -39.04349417759910068, 10.23117218614835977, 151.9987554864875108 ) ) ;
#2985 = ORIENTED_EDGE ( 'NONE', *, *, #155, .T. ) ;
#2986 = CARTESIAN_POINT ( 'NONE',  ( -41.78696480530894775, 9.967214935321409897, 150.3385677022704954 ) ) ;
#2987 = B_SPLINE_CURVE_WITH_KNOTS ( 'NONE', 3,
 ( #2014, #1608, #3810, #3069, #2776, #1968, #3425, #180, #1330, #4204, #1674, #3467, #1654, #1264, #4226 ),
 .UNSPECIFIED., .F., .F.,
 ( 4, 1, 1, 1, 1, 1, 1, 1, 1, 1, 1, 1, 4 ),
 ( 0.000000000000000000, 0.09857291052510350204, 0.1996144044776149984, 0.3059347542038389767, 0.4162400323667405089, 0.4750460346997589789, 0.5370283473132749785, 0.6041463145823089409, 0.6746020878660939912, 0.7497992027626531053, 0.8283851165129719751, 0.9124669593055270145, 1.000000000000000000 ),
 .UNSPECIFIED. ) ;
#2988 = CARTESIAN_POINT ( 'NONE',  ( -34.16446467389724972, 15.43436561815449970, 153.2323208140029749 ) ) ;
#2989 = CARTESIAN_POINT ( 'NONE',  ( -36.32931408067205581, 12.32109470895523984, 163.4873958333334940 ) ) ;
#2990 = ORIENTED_EDGE ( 'NONE', *, *, #161, .F. ) ;
#2991 = FACE_OUTER_BOUND ( 'NONE', #4552, .T. ) ;
#2992 = CARTESIAN_POINT ( 'NONE',  ( -43.14945366410319849, 13.46895941143074005, 160.0240499999999884 ) ) ;
#2993 = B_SPLINE_SURFACE_WITH_KNOTS ( 'NONE', 3, 3, ( 
 ( #3418, #471, #1919, #1557, #2750 ),
 ( #3764, #1942, #1602, #151, #3014 ),
 ( #3085, #2689, #4491, #131, #1217 ),
 ( #3375, #3062, #2664, #828, #3463 ),
 ( #2315, #1625, #4512, #4135, #82 ),
 ( #3398, #850, #2341, #2295, #1238 ),
 ( #539, #4178, #3785, #448, #3743 ) ),
 .UNSPECIFIED., .F., .F., .F.,
 ( 4, 1, 1, 1, 4 ),
 ( 4, 1, 4 ),
 ( 0.000000000000000000, 1.000000000000000000, 2.000000000000000000, 3.000000000000000000, 4.000000000000000000 ),
 ( 0.000000000000000000, 1.000000000000000000, 2.000000000000000000 ),
 .UNSPECIFIED. ) ;
#2994 = CARTESIAN_POINT ( 'NONE',  ( -39.17942778626904499, 13.91555456767771837, 164.2287000000000035 ) ) ;
#2995 = CARTESIAN_POINT ( 'NONE',  ( -39.63925572274015252, 15.66573103933870037, 151.6222871355635107 ) ) ;
#2996 = DIRECTION ( 'NONE',  ( -0.9422284690014876007, -0.2620555318293874003, 0.2086442197635239026 ) ) ;
#2997 = CARTESIAN_POINT ( 'NONE',  ( -31.33657297073094838, 11.33665937507059951, 151.9981337666380057 ) ) ;
#2998 = CARTESIAN_POINT ( 'NONE',  ( -40.36757819152924043, 10.46349481237339063, 146.3906457220394373 ) ) ;
#2999 = CARTESIAN_POINT ( 'NONE',  ( -40.75616882072240088, 9.668852837332540417, 147.6211375000000032 ) ) ;
#3000 = CARTESIAN_POINT ( 'NONE',  ( -33.21635729928044611, 11.13155821816140012, 156.3036770833334970 ) ) ;
#3001 = CARTESIAN_POINT ( 'NONE',  ( -41.42923020729764971, 10.70899262792873863, 149.2764333333332161 ) ) ;
#3002 = ORIENTED_EDGE ( 'NONE', *, *, #2140, .T. ) ;
#3003 = ADVANCED_FACE ( 'NONE', ( #2676 ), #839, .F. ) ;
#3004 = CARTESIAN_POINT ( 'NONE',  ( -34.89796942954939851, 15.93766709462349951, 153.3630166666665104 ) ) ;
#3005 = CARTESIAN_POINT ( 'NONE',  ( -31.45281697751214978, 12.37812097982745918, 152.0880779517265182 ) ) ;
#3006 = CARTESIAN_POINT ( 'NONE',  ( -38.97036916254109684, 10.06883342229675904, 152.2465719039654743 ) ) ;
#3007 = VERTEX_POINT ( 'NONE', #859 ) ;
#3008 = CARTESIAN_POINT ( 'NONE',  ( -42.61139913981665472, 12.23528400118546067, 153.5417333333335250 ) ) ;
#3009 = CARTESIAN_POINT ( 'NONE',  ( -30.44379583019174973, 12.59011331077156015, 150.1088848227469441 ) ) ;
#3010 = EDGE_CURVE ( 'NONE', #4241, #2382, #3838, .T. ) ;
#3011 = CARTESIAN_POINT ( 'NONE',  ( -41.57955388459839696, 9.340335772622889721, 152.7969381122329935 ) ) ;
#3012 = CARTESIAN_POINT ( 'NONE',  ( -36.58527277140935041, 12.31928864536875956, 164.1155565972220245 ) ) ;
#3013 = EDGE_LOOP ( 'NONE', ( #4530, #4338, #10, #128, #2133 ) ) ;
#3014 = CARTESIAN_POINT ( 'NONE',  ( -31.43317238275739811, 14.42580525973053973, 150.7600215058824915 ) ) ;
#3015 = CARTESIAN_POINT ( 'NONE',  ( -40.44402169047570084, 14.47579753389526225, 149.2134187837571915 ) ) ;
#3016 = CARTESIAN_POINT ( 'NONE',  ( -41.01870604618640215, 14.59286634001302119, 154.6940192708335076 ) ) ;
#3017 = CARTESIAN_POINT ( 'NONE',  ( -40.09075768607105061, 9.868942274753941035, 151.5418167900259903 ) ) ;
#3018 = CARTESIAN_POINT ( 'NONE',  ( -37.94035368155224575, 14.69869759966184120, 160.0992999999999995 ) ) ;
#3019 = CARTESIAN_POINT ( 'NONE',  ( -36.80091545191194768, 17.09565875962354653, 150.5212634464764960 ) ) ;
#3020 = CARTESIAN_POINT ( 'NONE',  ( -34.23893177430855417, 14.47021021801370111, 155.3374189222805057 ) ) ;
#3021 = DIRECTION ( 'NONE',  ( 0.8854855037440999554, 0.3027836952349064470, 0.3524733416287719745 ) ) ;
#3022 = CARTESIAN_POINT ( 'NONE',  ( -31.46267138705225008, 12.50133998534090018, 152.0992250000000183 ) ) ;
#3023 = CARTESIAN_POINT ( 'NONE',  ( -39.52955184493674778, 10.12543178985245973, 152.3922012792129976 ) ) ;
#3024 = CARTESIAN_POINT ( 'NONE',  ( -33.42640800222479669, 13.13577130377826130, 155.6363297601745046 ) ) ;
#3025 = CARTESIAN_POINT ( 'NONE',  ( -40.89011844709875021, 13.05622156113780008, 148.4583229166666172 ) ) ;
#3026 = CARTESIAN_POINT ( 'NONE',  ( -40.99477935379360360, 9.207222088543870697, 148.4721999999999866 ) ) ;
#3027 = CARTESIAN_POINT ( 'NONE',  ( -39.60969697116799892, 10.15594368004089887, 152.9225105083729943 ) ) ;
#3028 = CARTESIAN_POINT ( 'NONE',  ( -33.52685782869529874, 14.72548291191834124, 153.7257041666665032 ) ) ;
#3029 = CARTESIAN_POINT ( 'NONE',  ( -43.82678867177927629, 10.21001415212694496, 155.9358366890002969 ) ) ;
#3030 = VERTEX_POINT ( 'NONE', #1177 ) ;
#3031 = CARTESIAN_POINT ( 'NONE',  ( -41.83038348066214951, 9.941938734727362004, 150.4605728187059981 ) ) ;
#3032 = B_SPLINE_SURFACE_WITH_KNOTS ( 'NONE', 3, 3, ( 
 ( #1729, #2811, #3266, #3244, #242, #1371, #4716, #3884, #603, #2836, #4285 ),
 ( #3908, #344, #652, #1417, #2494, #995, #3932, #2124, #3576, #1759, #3218 ),
 ( #4307, #1020, #2882, #2518, #3601, #2543, #3981, #1979, #2381, #2003, #3457 ),
 ( #3101, #904, #4026, #1489, #3361, #2950, #1541, #3290, #2202, #4408, #3000 ),
 ( #2176, #2905, #1124, #2608, #4356, #435, #1877, #4381, #744, #3336, #2978 ),
 ( #3649, #4048, #1150, #2634, #2254, #3700, #720, #1905, #4080, #791, #364 ),
 ( #2280, #4738, #3628, #4717, #345, #4454, #1178, #3982, #699, #1445, #1069 ),
 ( #4007, #1096, #1468, #89, #3403, #113, #1613, #3073, #4522, #1246, #1461 ),
 ( #3593, #4348, #1360, #616, #1798, #2535, #3566, #3997, #641, #2918, #284 ),
 ( #1773, #963, #2459, #257, #2168, #1750, #1721, #4275, #3181, #3205, #4639 ),
 ( #4706, #2826, #986, #3617, #2485, #3923, #2113, #4681, #3259, #4298, #1011 ) ),
 .UNSPECIFIED., .F., .F., .F.,
 ( 4, 1, 1, 1, 1, 1, 1, 1, 4 ),
 ( 4, 1, 1, 1, 1, 1, 1, 1, 4 ),
 ( 0.000000000000000000, 1.000000000000000000, 3.000000000000000000, 5.000000000000000000, 7.000000000000000000, 9.000000000000000000, 10.00000000000000000, 11.00000000000000000, 12.00000000000000000 ),
 ( 0.000000000000000000, 1.000000000000000000, 2.000000000000000000, 3.000000000000000000, 5.000000000000000000, 7.000000000000000000, 9.000000000000000000, 11.00000000000000000, 12.00000000000000000 ),
 .UNSPECIFIED. ) ;
#3033 = CARTESIAN_POINT ( 'NONE',  ( -41.31263644239519550, 9.252451260941519706, 151.1640925451229975 ) ) ;
#3034 = CARTESIAN_POINT ( 'NONE',  ( -36.15224570153515060, 8.702981842892979714, 164.1691373263890057 ) ) ;
#3035 = EDGE_LOOP ( 'NONE', ( #2837, #653, #70, #2897 ) ) ;
#3036 = CARTESIAN_POINT ( 'NONE',  ( -40.33420687759189605, 9.577238736229640281, 151.4586495318615107 ) ) ;
#3037 = EDGE_CURVE ( 'NONE', #752, #388, #2129, .T. ) ;
#3038 = CARTESIAN_POINT ( 'NONE',  ( -37.59103965236099754, 16.54145536122159754, 152.4402598680215135 ) ) ;
#3039 = CARTESIAN_POINT ( 'NONE',  ( -30.62591312665234966, 12.39904332562532119, 150.4902784980044999 ) ) ;
#3040 = CARTESIAN_POINT ( 'NONE',  ( -40.77332829330009645, 14.50314198205951932, 151.0967174479164896 ) ) ;
#3041 = CARTESIAN_POINT ( 'NONE',  ( -43.52394232599790058, 13.13641835669126046, 162.6623588541664844 ) ) ;
#3042 = CARTESIAN_POINT ( 'NONE',  ( -37.10439996228215165, 15.69083097543895100, 155.8607295503874752 ) ) ;
#3043 = CARTESIAN_POINT ( 'NONE',  ( -41.31947991786555008, 9.480315909083069315, 149.2093389322916153 ) ) ;
#3044 = VECTOR ( 'NONE', #3627, 1000.000000000000227 ) ;
#3045 = CARTESIAN_POINT ( 'NONE',  ( -32.42428637742489883, 12.23925204371908215, 154.1926313660247558 ) ) ;
#3046 = CARTESIAN_POINT ( 'NONE',  ( -30.76767079222274859, 12.61191906562134157, 150.7296687500000303 ) ) ;
#3047 = B_SPLINE_CURVE_WITH_KNOTS ( 'NONE', 3,
 ( #2055, #908, #1709, #1350, #3511, #1324, #1691 ),
 .UNSPECIFIED., .F., .F.,
 ( 4, 1, 1, 1, 4 ),
 ( 3.416520960583655064, 4.000000000000000000, 6.000000000000000000, 7.000000000000000000, 7.401708580135320403 ),
 .UNSPECIFIED. ) ;
#3048 = CARTESIAN_POINT ( 'NONE',  ( -40.48749061971169283, 10.80380006144118887, 146.6115174115559228 ) ) ;
#3049 = CARTESIAN_POINT ( 'NONE',  ( -39.65533110778680026, 10.04500898802245956, 151.9789503569309943 ) ) ;
#3050 = CARTESIAN_POINT ( 'NONE',  ( -38.56630363141429996, 16.15928570594685354, 153.1258171435949862 ) ) ;
#3051 = CARTESIAN_POINT ( 'NONE',  ( -40.92973829007834752, 13.04003629640719808, 148.5836874999999964 ) ) ;
#3052 = CARTESIAN_POINT ( 'NONE',  ( -39.65533110778680026, 10.04500898802245956, 151.9789503569309943 ) ) ;
#3053 = CARTESIAN_POINT ( 'NONE',  ( -30.35843211330420033, 11.99861489585387986, 150.0675038194445108 ) ) ;
#3054 = CARTESIAN_POINT ( 'NONE',  ( -36.62128359797129207, 16.09752920077259830, 154.2746246527779874 ) ) ;
#3055 = CARTESIAN_POINT ( 'NONE',  ( -43.48892774966466845, 11.04922348484090300, 155.4421839806425965 ) ) ;
#3056 = VERTEX_POINT ( 'NONE', #4144 ) ;
#3057 = CARTESIAN_POINT ( 'NONE',  ( -41.97330636215770028, 9.137672488510769853, 151.9798853955940103 ) ) ;
#3058 = CARTESIAN_POINT ( 'NONE',  ( -35.35888370909940193, 11.57337512388005862, 161.9673999999999978 ) ) ;
#3059 = ORIENTED_EDGE ( 'NONE', *, *, #1959, .T. ) ;
#3060 = CARTESIAN_POINT ( 'NONE',  ( -41.71959692796655617, 10.07826054041539976, 150.1827832061239860 ) ) ;
#3061 = B_SPLINE_SURFACE_WITH_KNOTS ( 'NONE', 3, 3, ( 
 ( #439, #3704, #1101, #4011, #3988, #3656, #2888, #4054, #1157, #3632 ),
 ( #2569, #4031, #725, #4721, #1856, #2954, #703, #3366, #368, #51 ),
 ( #23, #4414, #1493, #1, #1128, #2612, #2182, #73, #412, #1882 ),
 ( #348, #3341, #4335, #1449, #2907, #1522, #4360, #2982, #4435, #4103 ),
 ( #4549, #2721, #3388, #95, #3795, #1546, #1571, #1954, #144, #530 ),
 ( #122, #2379, #902, #3479, #3004, #842, #3455, #484, #2655, #3028 ),
 ( #3816, #4456, #1182, #1231, #2400, #1977, #1251, #3408, #1595, #2332 ),
 ( #3054, #555, #4169, #4505, #2701, #4479, #817, #2306, #3755, #3435 ),
 ( #2024, #863, #881, #462, #1618, #2000, #167, #1640, #3077, #3775 ),
 ( #1933, #4148, #1207, #2680, #2741, #4127, #2356, #3099, #4528, #1274 ),
 ( #4191, #3840, #600, #3525, #675, #4620, #967, #3215, #2121, #2444 ),
 ( #4235, #1394, #3504, #2858, #3882, #190, #4258, #3929, #2151, #214 ) ),
 .UNSPECIFIED., .F., .F., .F.,
 ( 4, 1, 1, 1, 1, 1, 1, 1, 1, 4 ),
 ( 4, 1, 1, 1, 1, 1, 1, 4 ),
 ( 0.000000000000000000, 1.000000000000000000, 2.000000000000000000, 3.000000000000000000, 5.000000000000000000, 7.000000000000000000, 9.000000000000000000, 10.00000000000000000, 11.00000000000000000, 12.00000000000000000 ),
 ( 0.000000000000000000, 1.000000000000000000, 2.000000000000000000, 3.000000000000000000, 5.000000000000000000, 6.000000000000000000, 7.000000000000000000, 8.000000000000000000 ),
 .UNSPECIFIED. ) ;
#3062 = CARTESIAN_POINT ( 'NONE',  ( -32.06751243487295255, 14.88793950490824081, 151.3410448203370038 ) ) ;
#3063 = CARTESIAN_POINT ( 'NONE',  ( -41.99603462637285389, 13.56357548009753877, 154.0824312500000133 ) ) ;
#3064 = CARTESIAN_POINT ( 'NONE',  ( -41.79448522064274130, 9.058915331089009371, 150.6929917657326996 ) ) ;
#3066 = EDGE_CURVE ( 'NONE', #2382, #4724, #2373, .T. ) ;
#3065 = CARTESIAN_POINT ( 'NONE',  ( -40.15636262573835324, 9.846333365608840538, 151.5139948278244901 ) ) ;
#3067 = CARTESIAN_POINT ( 'NONE',  ( -41.32539188577489853, 13.99967163565622030, 152.0090482713714835 ) ) ;
#3068 = CARTESIAN_POINT ( 'NONE',  ( -36.50741608086214995, 15.49109958743415127, 155.9943879920485017 ) ) ;
#3069 = CARTESIAN_POINT ( 'NONE',  ( -39.00751032849190381, 10.11549367300431967, 152.8080119981160010 ) ) ;
#3070 = CARTESIAN_POINT ( 'NONE',  ( -41.29769282629230531, 13.65859574094863937, 150.9402349397024921 ) ) ;
#3071 = EDGE_CURVE ( 'NONE', #3866, #3056, #3835, .T. ) ;
#3072 = CARTESIAN_POINT ( 'NONE',  ( -40.98607660453674839, 9.991200996339570040, 148.1194671875000211 ) ) ;
#3073 = CARTESIAN_POINT ( 'NONE',  ( -33.70174439033370106, 13.81434142910869944, 155.2421500000000094 ) ) ;
#3074 = CARTESIAN_POINT ( 'NONE',  ( -40.59968925969157283, 11.05483710513872531, 146.8739744746407609 ) ) ;
#3075 = CARTESIAN_POINT ( 'NONE',  ( -40.90262820428824853, 14.55188676857935981, 152.1835317939394940 ) ) ;
#3076 = CARTESIAN_POINT ( 'NONE',  ( -39.55304202160910165, 15.60954546611104909, 149.4007890585979794 ) ) ;
#3077 = CARTESIAN_POINT ( 'NONE',  ( -34.42888677696954858, 14.43229332695609912, 155.5027708333334999 ) ) ;
#3078 = CYLINDRICAL_SURFACE ( 'NONE', #2302, 1.750000000000005551 ) ;
#3079 = ORIENTED_EDGE ( 'NONE', *, *, #3853, .T. ) ;
#3080 = CARTESIAN_POINT ( 'NONE',  ( -46.12618679956040069, 8.886807025295629714, 161.2490520833335097 ) ) ;
#3081 = CARTESIAN_POINT ( 'NONE',  ( -41.28429584290225307, 14.28505837457782057, 152.5667872834775096 ) ) ;
#3082 = CARTESIAN_POINT ( 'NONE',  ( -44.85385833766179786, 10.70413282146930101, 159.0045000000000073 ) ) ;
#3083 = ORIENTED_EDGE ( 'NONE', *, *, #3557, .F. ) ;
#3084 = CARTESIAN_POINT ( 'NONE',  ( -41.34774386165840099, 9.514548720293278805, 151.7735980757000220 ) ) ;
#3085 = CARTESIAN_POINT ( 'NONE',  ( -31.95442869428709898, 15.02549901297065027, 151.0030319148640103 ) ) ;
#3086 = CARTESIAN_POINT ( 'NONE',  ( -40.19592004652080419, 14.77876024786213982, 149.0551020485983997 ) ) ;
#3087 = CARTESIAN_POINT ( 'NONE',  ( -42.88343074726415693, 13.70915428038082062, 160.1490375000000199 ) ) ;
#3088 = CARTESIAN_POINT ( 'NONE',  ( -40.90462875757874883, 9.357124110546971352, 150.9882867201989995 ) ) ;
#3089 = CARTESIAN_POINT ( 'NONE',  ( -40.91482265097117477, 9.081653607253427296, 148.3440101691846849 ) ) ;
#3090 = CARTESIAN_POINT ( 'NONE',  ( -38.65452628347539843, 14.91643223008166075, 159.9334499999999935 ) ) ;
#3091 = DIRECTION ( 'NONE',  ( -0.2867769709712608694, 0.9529542020951213832, -0.09816953514099492628 ) ) ;
#3092 = CARTESIAN_POINT ( 'NONE',  ( -35.42631768707798301, 14.05493321801691664, 157.7526461583763080 ) ) ;
#3093 = CARTESIAN_POINT ( 'NONE',  ( -34.21945806168034920, 14.67481401505106042, 154.8109269410350066 ) ) ;
#3094 = CARTESIAN_POINT ( 'NONE',  ( -31.30607405709700330, 10.70563780828408085, 151.7774567075070138 ) ) ;
#3095 = CARTESIAN_POINT ( 'NONE',  ( -40.31055204994117247, 10.27566657198526912, 146.3118750962993886 ) ) ;
#3096 = CARTESIAN_POINT ( 'NONE',  ( -36.40374123001580386, 12.11769935020650024, 154.4511826431359793 ) ) ;
#3097 = EDGE_CURVE ( 'NONE', #4129, #3312, #1202, .T. ) ;
#3098 = B_SPLINE_CURVE_WITH_KNOTS ( 'NONE', 3,
 ( #790, #3699, #1467, #1095, #408, #2253, #1149, #719, #1488, #1876 ),
 .UNSPECIFIED., .F., .F.,
 ( 4, 3, 3, 4 ),
 ( 5.832599158539919900E-14, 0.0001355032376574918105, 0.0002680785102713070236, 0.0004006550978812490368 ),
 .UNSPECIFIED. ) ;
#3099 = CARTESIAN_POINT ( 'NONE',  ( -34.76266055655455034, 14.53512907101380058, 155.8357625000000155 ) ) ;
#3100 = CARTESIAN_POINT ( 'NONE',  ( -42.87322173597996766, 11.07320742467181240, 153.5226458012122634 ) ) ;
#3101 = CARTESIAN_POINT ( 'NONE',  ( -31.34853216629104722, 11.72589728526510022, 152.0482229166665036 ) ) ;
#3102 = EDGE_LOOP ( 'NONE', ( #4628, #192, #4057, #4602, #21, #3059, #3124, #2026 ) ) ;
#3103 = CARTESIAN_POINT ( 'NONE',  ( -46.00566238914370132, 9.623809439232269725, 161.4216874999999902 ) ) ;
#3104 = CARTESIAN_POINT ( 'NONE',  ( -33.45519647589414802, 14.68063522172561974, 153.4994985129839904 ) ) ;
#3105 = ORIENTED_EDGE ( 'NONE', *, *, #2469, .F. ) ;
#3106 = DIRECTION ( 'NONE',  ( 0.8854855037440999554, 0.3027836952349064470, 0.3524733416287719745 ) ) ;
#3107 = DIRECTION ( 'NONE',  ( -0.8854855037441000665, -0.3027836952349075017, -0.3524733416287704757 ) ) ;
#3108 = CARTESIAN_POINT ( 'NONE',  ( -40.75860906442205334, 13.67027430643796038, 148.7199861111110124 ) ) ;
#3109 = CARTESIAN_POINT ( 'NONE',  ( -39.89558614188484853, 15.45853504440040105, 151.5184350542385232 ) ) ;
#3110 = CARTESIAN_POINT ( 'NONE',  ( -40.01032584031405293, 15.04620319909214921, 149.1558443467926054 ) ) ;
#3111 = CARTESIAN_POINT ( 'NONE',  ( -41.34764053425585217, 13.12124835414251756, 150.3751866552036631 ) ) ;
#3112 = CARTESIAN_POINT ( 'NONE',  ( -38.14817478832910069, 15.15625347878020079, 158.4267645833335223 ) ) ;
#3113 = CARTESIAN_POINT ( 'NONE',  ( -39.06019774124810340, 11.20934826450175947, 153.3937626182495251 ) ) ;
#3114 = CARTESIAN_POINT ( 'NONE',  ( -34.61111614279878523, 13.83251048259586291, 156.7337275041206226 ) ) ;
#3115 = CARTESIAN_POINT ( 'NONE',  ( -40.94053740807544983, 9.613465191522038822, 153.5815462679825032 ) ) ;
#3116 = VECTOR ( 'NONE', #3152, 1000.000000000000000 ) ;
#3117 = CARTESIAN_POINT ( 'NONE',  ( -31.36539647861495084, 14.31621791394012000, 150.7457966407960157 ) ) ;
#3118 = DIRECTION ( 'NONE',  ( -0.3656150866411370104, -0.01415353698374974441, 0.9306585226662051902 ) ) ;
#3119 = CARTESIAN_POINT ( 'NONE',  ( -40.99592376563109752, 14.18010733819046010, 150.9738562500000114 ) ) ;
#3120 = CARTESIAN_POINT ( 'NONE',  ( -39.71030177185625121, 9.947398462055058843, 153.2292971113334943 ) ) ;
#3121 = EDGE_CURVE ( 'NONE', #487, #3957, #354, .T. ) ;
#3122 = CARTESIAN_POINT ( 'NONE',  ( -35.21800330740960305, 16.97463158223125035, 151.2099970401590099 ) ) ;
#3123 = CARTESIAN_POINT ( 'NONE',  ( -47.35747375419009586, 8.123825911498119723, 152.7734702886410219 ) ) ;
#3124 = ORIENTED_EDGE ( 'NONE', *, *, #38, .T. ) ;
#3125 = CARTESIAN_POINT ( 'NONE',  ( -41.13129101260244624, 8.795182307491829832, 149.0892916666665826 ) ) ;
#3126 = CARTESIAN_POINT ( 'NONE',  ( -37.59103965236099754, 16.54145536122159754, 152.4402598680215135 ) ) ;
#3127 = EDGE_CURVE ( 'NONE', #2787, #3344, #3407, .T. ) ;
#3128 = CARTESIAN_POINT ( 'NONE',  ( -40.86654225671475160, 14.78300317899335958, 152.7384772104720128 ) ) ;
#3129 = EDGE_LOOP ( 'NONE', ( #2951, #1377, #4388, #3219, #3395, #3667 ) ) ;
#3130 = FACE_OUTER_BOUND ( 'NONE', #3035, .T. ) ;
#3131 = FACE_OUTER_BOUND ( 'NONE', #394, .T. ) ;
#3132 = CARTESIAN_POINT ( 'NONE',  ( -41.18032666435609457, 9.284829510316420453, 151.0918867577830156 ) ) ;
#3133 = CARTESIAN_POINT ( 'NONE',  ( -40.23466934426325281, 15.01235073431609912, 150.3581125000000043 ) ) ;
#3134 = CARTESIAN_POINT ( 'NONE',  ( -41.18727959875729283, 9.072820814942511802, 149.0541809116366210 ) ) ;
#3135 = CARTESIAN_POINT ( 'NONE',  ( -33.26762620573824591, 11.11202622640930038, 156.4228958333334845 ) ) ;
#3136 = CARTESIAN_POINT ( 'NONE',  ( -31.51279227411355066, 14.41794255854719964, 150.9082159634054960 ) ) ;
#3137 = CARTESIAN_POINT ( 'NONE',  ( -34.96077745469796128, 14.00417118549249551, 157.0462216179388122 ) ) ;
#3138 = CARTESIAN_POINT ( 'NONE',  ( -39.59797571359255386, 9.854418147603439593, 151.9985842639595148 ) ) ;
#3139 = CARTESIAN_POINT ( 'NONE',  ( -31.43317238275739811, 14.42580525973053973, 150.7600215058824915 ) ) ;
#3140 = CARTESIAN_POINT ( 'NONE',  ( -34.66405594422175085, 13.34937761281463864, 157.5588333333334958 ) ) ;
#3141 = CARTESIAN_POINT ( 'NONE',  ( -41.44395529463290018, 13.34172937454523833, 150.8466270833335159 ) ) ;
#3142 = PLANE ( 'NONE',  #880 ) ;
#3143 = CARTESIAN_POINT ( 'NONE',  ( -40.79444892352199759, 9.871527526084289406, 153.6225648286159924 ) ) ;
#3144 = CARTESIAN_POINT ( 'NONE',  ( -36.81530341979345167, 15.97673488614185011, 154.7625270833335094 ) ) ;
#3145 = CARTESIAN_POINT ( 'NONE',  ( -32.24426007519197412, 13.96869983635786028, 152.5976059528724420 ) ) ;
#3146 = VERTEX_POINT ( 'NONE', #3383 ) ;
#3147 = CARTESIAN_POINT ( 'NONE',  ( -37.79482875803405051, 16.39562567020999850, 152.9602063360390218 ) ) ;
#3148 = LINE ( 'NONE', #3886, #277 ) ;
#3149 = CARTESIAN_POINT ( 'NONE',  ( -39.84431993520465198, 10.05686517886119979, 145.3796984374999965 ) ) ;
#3150 = CARTESIAN_POINT ( 'NONE',  ( -40.68373471339414493, 14.79007994748522137, 152.2731479491389734 ) ) ;
#3151 = EDGE_LOOP ( 'NONE', ( #1256, #3317, #2427, #604 ) ) ;
#3152 = DIRECTION ( 'NONE',  ( 0.8854855037440999554, 0.3027836952349064470, 0.3524733416287719745 ) ) ;
#3153 = ADVANCED_FACE ( 'NONE', ( #4122 ), #4059, .F. ) ;
#3154 = CARTESIAN_POINT ( 'NONE',  ( -42.16123677860625207, 9.353865422639499272, 152.5902181280215189 ) ) ;
#3155 = B_SPLINE_CURVE_WITH_KNOTS ( 'NONE', 3,
 ( #1262, #3067, #4429, #4138, #853, #543, #3445, #3788, #4183, #2753 ),
 .UNSPECIFIED., .F., .F.,
 ( 4, 2, 2, 2, 4 ),
 ( 0.000000000000000000, 0.2500000000000000000, 0.5000000000000000000, 0.7500000000000000000, 1.000000000000000000 ),
 .UNSPECIFIED. ) ;
#3156 = CARTESIAN_POINT ( 'NONE',  ( -41.78828889778309730, 10.07458825484881970, 150.3478013312579833 ) ) ;
#3157 = CARTESIAN_POINT ( 'NONE',  ( -34.30237319700149357, 13.38886935783738075, 156.8266847222220122 ) ) ;
#3158 = CARTESIAN_POINT ( 'NONE',  ( -47.82724040920129482, 7.623612607337260094, 154.3833168466024972 ) ) ;
#3159 = CARTESIAN_POINT ( 'NONE',  ( -34.60318448592987295, 13.82759698280393046, 156.7277464596420771 ) ) ;
#3160 = LINE ( 'NONE', #2757, #2597 ) ;
#3161 = CARTESIAN_POINT ( 'NONE',  ( -31.45404741919714908, 13.16462662611180079, 151.7642395833335058 ) ) ;
#3162 = CARTESIAN_POINT ( 'NONE',  ( -35.59984064354330258, 13.28704576474996024, 159.6690624999999955 ) ) ;
#3163 = CARTESIAN_POINT ( 'NONE',  ( -42.85602890610284987, 11.00083091037505945, 153.4370681394480016 ) ) ;
#3164 = CARTESIAN_POINT ( 'NONE',  ( -37.69949794759109096, 16.67024463847589999, 151.5864770833335058 ) ) ;
#3165 = CARTESIAN_POINT ( 'NONE',  ( -39.14121115625084713, 10.31112345509009920, 153.0603157424405083 ) ) ;
#3166 = CARTESIAN_POINT ( 'NONE',  ( -40.48751672113059641, 9.964714467793069019, 153.6305286066385065 ) ) ;
#3167 = CARTESIAN_POINT ( 'NONE',  ( -37.19661704077224584, 15.76687493117895045, 155.6513824871195197 ) ) ;
#3168 = CARTESIAN_POINT ( 'NONE',  ( -32.22321080665386717, 13.50672852633123533, 152.9678318252356917 ) ) ;
#3169 = ORIENTED_EDGE ( 'NONE', *, *, #2839, .T. ) ;
#3170 = CARTESIAN_POINT ( 'NONE',  ( -47.82724040920129482, 7.623612607337260094, 154.3833168466024972 ) ) ;
#3171 = CARTESIAN_POINT ( 'NONE',  ( -42.85602890610284987, 11.00083091037505945, 153.4370681394480016 ) ) ;
#3172 = ORIENTED_EDGE ( 'NONE', *, *, #805, .T. ) ;
#3173 = CARTESIAN_POINT ( 'NONE',  ( -39.59584384855855888, 9.962823946258840380, 153.0446765309305022 ) ) ;
#3174 = CARTESIAN_POINT ( 'NONE',  ( -42.10849486140234887, 9.412130466913959381, 153.0017383767379897 ) ) ;
#3175 = CARTESIAN_POINT ( 'NONE',  ( -41.40859371980190673, 9.208685652404119182, 149.5756291666665732 ) ) ;
#3176 = EDGE_CURVE ( 'NONE', #825, #487, #57, .T. ) ;
#3177 = CARTESIAN_POINT ( 'NONE',  ( -37.66419066027565066, 15.43553941604575108, 157.0434854166664991 ) ) ;
#3178 = CARTESIAN_POINT ( 'NONE',  ( -35.54484116377290803, 13.68962372917605386, 158.7173070460637234 ) ) ;
#3179 = ORIENTED_EDGE ( 'NONE', *, *, #3506, .F. ) ;
#3180 = CARTESIAN_POINT ( 'NONE',  ( -35.85531860005409754, 12.13892965568209981, 153.0551948591364919 ) ) ;
#3181 = CARTESIAN_POINT ( 'NONE',  ( -34.36305947442534858, 14.19118310672763883, 155.7790722222219983 ) ) ;
#3182 = CARTESIAN_POINT ( 'NONE',  ( -36.06293178295109669, 12.76308064759763994, 161.9655999999999949 ) ) ;
#3183 = CARTESIAN_POINT ( 'NONE',  ( -44.04622684521759624, 11.59821217782214120, 157.7400999999999840 ) ) ;
#3184 = FACE_OUTER_BOUND ( 'NONE', #4718, .T. ) ;
#3185 = CARTESIAN_POINT ( 'NONE',  ( -41.28429584290225307, 14.28505837457782057, 152.5667872834775096 ) ) ;
#3186 = VECTOR ( 'NONE', #325, 1000.000000000000000 ) ;
#3187 = CARTESIAN_POINT ( 'NONE',  ( -35.57965655382325565, 17.07249687755890122, 151.0750853659524751 ) ) ;
#3188 = CARTESIAN_POINT ( 'NONE',  ( -33.63800401921485417, 14.67355845323366026, 153.9648277743170013 ) ) ;
#3189 = CARTESIAN_POINT ( 'NONE',  ( -31.35812752062974695, 14.47094856797962059, 150.5818793713074797 ) ) ;
#3190 = ORIENTED_EDGE ( 'NONE', *, *, #2894, .F. ) ;
#3191 = CARTESIAN_POINT ( 'NONE',  ( -45.63974764291379671, 8.009642420292179210, 159.9973166666665065 ) ) ;
#3192 = CARTESIAN_POINT ( 'NONE',  ( -40.90835351031710587, 9.754379196270869912, 147.9894401041666185 ) ) ;
#3193 = CARTESIAN_POINT ( 'NONE',  ( -41.13788401667973460, 11.25049116359843993, 148.4558202899334844 ) ) ;
#3194 = VERTEX_POINT ( 'NONE', #4166 ) ;
#3195 = CARTESIAN_POINT ( 'NONE',  ( -39.85396467810814869, 9.920169347309450103, 153.3846519651360154 ) ) ;
#3196 = CARTESIAN_POINT ( 'NONE',  ( -41.82825803781810237, 9.553529305913421865, 153.5556897659924971 ) ) ;
#3197 = CARTESIAN_POINT ( 'NONE',  ( -41.15471672062535191, 13.95439961091419789, 151.0009026184474692 ) ) ;
#3198 = CARTESIAN_POINT ( 'NONE',  ( -40.17480896527024470, 9.563811421913960942, 146.3084749999999872 ) ) ;
#3199 = CARTESIAN_POINT ( 'NONE',  ( -36.96144209230480016, 16.32225237739064738, 153.7587755608159910 ) ) ;
#3200 = CARTESIAN_POINT ( 'NONE',  ( -39.48756231459415034, 10.26752454330573983, 153.6488666590499861 ) ) ;
#3201 = CARTESIAN_POINT ( 'NONE',  ( -34.21183796380464770, 12.74011903824700020, 157.4668499999999938 ) ) ;
#3202 = ORIENTED_EDGE ( 'NONE', *, *, #1545, .T. ) ;
#3203 = FACE_OUTER_BOUND ( 'NONE', #1747, .T. ) ;
#3204 = EDGE_CURVE ( 'NONE', #2558, #2887, #2546, .T. ) ;
#3205 = CARTESIAN_POINT ( 'NONE',  ( -34.51716225829200368, 14.11286638503862001, 156.1472368055555080 ) ) ;
#3206 = CARTESIAN_POINT ( 'NONE',  ( -34.40240594078314729, 13.89470549030670021, 156.2978427083334907 ) ) ;
#3207 = CARTESIAN_POINT ( 'NONE',  ( -38.33281687648545244, 15.94142579173575136, 154.7711774525904787 ) ) ;
#3208 = CARTESIAN_POINT ( 'NONE',  ( -42.69262895142735204, 12.19321743518421997, 153.7902208333334784 ) ) ;
#3209 = CARTESIAN_POINT ( 'NONE',  ( -40.71940949859685333, 13.68575306650068057, 148.5936093750000282 ) ) ;
#3210 = CARTESIAN_POINT ( 'NONE',  ( -37.30872540115824876, 17.00285797404904997, 150.3332592938155301 ) ) ;
#3211 = ADVANCED_FACE ( 'NONE', ( #4492 ), #763, .T. ) ;
#3212 = CARTESIAN_POINT ( 'NONE',  ( -42.42823622657540028, 10.05729302651399948, 152.0530368035470019 ) ) ;
#3213 = CARTESIAN_POINT ( 'NONE',  ( -40.53230479054170132, 9.744209861897799030, 153.6581685064120109 ) ) ;
#3214 = B_SPLINE_CURVE_WITH_KNOTS ( 'NONE', 3,
 ( #1918, #1556, #470, #105, #1215, #849, #3487, #1668, #3845, #3534, #198, #3556 ),
 .UNSPECIFIED., .F., .F.,
 ( 4, 2, 1, 1, 2, 2, 4 ),
 ( 0.000000000000000000, 0.2500000000000056066, 0.3750000000000021649, 0.4375000000000025535, 0.4687500000000047184, 0.5000000000000068834, 1.000000000000000000 ),
 .UNSPECIFIED. ) ;
#3215 = CARTESIAN_POINT ( 'NONE',  ( -34.86509070665159982, 14.48163730164054108, 156.0832958333334943 ) ) ;
#3216 = CARTESIAN_POINT ( 'NONE',  ( -41.31947991786555008, 9.480315909083069315, 149.2093389322916153 ) ) ;
#3217 = CARTESIAN_POINT ( 'NONE',  ( -32.13892755620814512, 14.31506628709022166, 152.0765472333744981 ) ) ;
#3218 = CARTESIAN_POINT ( 'NONE',  ( -33.27028941782035076, 10.12953692578411946, 156.1430850694444814 ) ) ;
#3219 = ORIENTED_EDGE ( 'NONE', *, *, #4664, .T. ) ;
#3220 = CARTESIAN_POINT ( 'NONE',  ( -40.69551761121634570, 9.153799856289269954, 147.7422666666665805 ) ) ;
#3221 = CARTESIAN_POINT ( 'NONE',  ( -38.28693514412303500, 16.25738616733746156, 153.7743147262168293 ) ) ;
#3222 = CARTESIAN_POINT ( 'NONE',  ( -43.47701030312414616, 8.502217270197379051, 155.0364687500000116 ) ) ;
#3223 = CARTESIAN_POINT ( 'NONE',  ( -39.98003202608644813, 12.11215263370259976, 145.3283976562499902 ) ) ;
#3224 = CARTESIAN_POINT ( 'NONE',  ( -41.45093967172019944, 10.07888902542642029, 149.4040711888594046 ) ) ;
#3225 = VERTEX_POINT ( 'NONE', #4282 ) ;
#3226 = CARTESIAN_POINT ( 'NONE',  ( -43.52311589567474925, 8.981473828373079726, 154.9906074937336484 ) ) ;
#3227 = CARTESIAN_POINT ( 'NONE',  ( -35.67640109304697660, 16.38129908342953556, 152.6527480771569003 ) ) ;
#3228 = CARTESIAN_POINT ( 'NONE',  ( -40.54397482422400145, 9.669386407356780566, 150.9286391455500222 ) ) ;
#3229 = CARTESIAN_POINT ( 'NONE',  ( -40.53063212522334879, 9.734294562506930149, 147.0150854166666079 ) ) ;
#3230 = CARTESIAN_POINT ( 'NONE',  ( -41.34596187741315276, 9.676273945146510513, 153.3382963330955135 ) ) ;
#3231 = CARTESIAN_POINT ( 'NONE',  ( -34.40240735527055449, 13.06363943787487969, 157.4554750000000070 ) ) ;
#3232 = CARTESIAN_POINT ( 'NONE',  ( -35.16637388775284734, 16.04396683865854811, 153.3852392969085088 ) ) ;
#3233 = CARTESIAN_POINT ( 'NONE',  ( -37.16663564491719995, 14.05273189019225910, 161.0433999999999912 ) ) ;
#3234 = CARTESIAN_POINT ( 'NONE',  ( -44.33274888270625524, 12.41879527536273997, 161.1700000000000159 ) ) ;
#3235 = CARTESIAN_POINT ( 'NONE',  ( -41.30678834785420150, 11.41232788614501992, 148.9715500000000077 ) ) ;
#3236 = CARTESIAN_POINT ( 'NONE',  ( -38.47029759603285015, 16.11522999573740123, 153.6283374999999864 ) ) ;
#3237 = CARTESIAN_POINT ( 'NONE',  ( -39.10351104978970227, 10.31164104648850000, 152.9552089858144939 ) ) ;
#3238 = CARTESIAN_POINT ( 'NONE',  ( -40.97190917730480209, 13.96147637940605968, 150.5355733571145151 ) ) ;
#3239 = CARTESIAN_POINT ( 'NONE',  ( -41.47500435530015039, 9.620799537673580204, 153.1767578399955028 ) ) ;
#3240 = CARTESIAN_POINT ( 'NONE',  ( -42.40488579126940039, 9.247431546782520329, 152.1459125000000085 ) ) ;
#3241 = CARTESIAN_POINT ( 'NONE',  ( -42.36762579968814890, 11.55856837398729908, 152.0997295577015223 ) ) ;
#3242 = CARTESIAN_POINT ( 'NONE',  ( -32.23110147183093943, 13.57546778439955659, 152.9255651125972406 ) ) ;
#3243 = EDGE_CURVE ( 'NONE', #4724, #3629, #1434, .T. ) ;
#3244 = CARTESIAN_POINT ( 'NONE',  ( -31.70465451908229682, 10.49606062274934182, 152.5723864583335114 ) ) ;
#3245 = ORIENTED_EDGE ( 'NONE', *, *, #3010, .T. ) ;
#3246 = CARTESIAN_POINT ( 'NONE',  ( -38.64838694806709896, 16.39190017601190164, 149.7085291666665796 ) ) ;
#3247 = CARTESIAN_POINT ( 'NONE',  ( -40.41191018838134852, 9.228900450783950049, 147.0202833333331967 ) ) ;
#3248 = VERTEX_POINT ( 'NONE', #2565 ) ;
#3249 = CARTESIAN_POINT ( 'NONE',  ( -37.15804696430539877, 16.58553716585650051, 152.0737801966440088 ) ) ;
#3250 = CARTESIAN_POINT ( 'NONE',  ( -40.89763862314499931, 11.45752887891804050, 147.7246277777778118 ) ) ;
#3251 = CARTESIAN_POINT ( 'NONE',  ( -41.30669114437765188, 10.90649442017562265, 148.9384791999061974 ) ) ;
#3252 = ORIENTED_EDGE ( 'NONE', *, *, #2497, .T. ) ;
#3253 = CARTESIAN_POINT ( 'NONE',  ( -34.75473975186644537, 15.89611326206013686, 153.0074498153397826 ) ) ;
#3254 = CARTESIAN_POINT ( 'NONE',  ( -40.47765555527595183, 9.480305293194449590, 147.0149166666665792 ) ) ;
#3255 = CARTESIAN_POINT ( 'NONE',  ( -34.48454975011330248, 12.61545486453086085, 158.2051999999999907 ) ) ;
#3256 = CARTESIAN_POINT ( 'NONE',  ( -41.06845381089985381, 14.10781988220158034, 151.0807382878684848 ) ) ;
#3257 = CARTESIAN_POINT ( 'NONE',  ( -41.27449228785329893, 14.44229964889460049, 156.5443874999999991 ) ) ;
#3258 = B_SPLINE_SURFACE_WITH_KNOTS ( 'NONE', 3, 1, ( 
 ( #2122, #3574 ),
 ( #2859, #2880 ),
 ( #4305, #2516 ),
 ( #2903, #3955 ),
 ( #341, #676 ),
 ( #2152, #319 ),
 ( #3241, #4330 ),
 ( #4688, #1415 ),
 ( #1043, #2541 ),
 ( #697, #3625 ) ),
 .UNSPECIFIED., .F., .F., .F.,
 ( 4, 2, 2, 2, 4 ),
 ( 2, 2 ),
 ( 0.000000000000000000, 0.2500000000000000000, 0.5000000000000000000, 0.7500000000000000000, 1.000000000000000000 ),
 ( 0.000000000000000000, 1.000000000000000000 ),
 .UNSPECIFIED. ) ;
#3259 = CARTESIAN_POINT ( 'NONE',  ( -34.44874761484214787, 14.28527562276425833, 155.7630298611110220 ) ) ;
#3260 = CARTESIAN_POINT ( 'NONE',  ( -37.47262894075154804, 13.21453687416359912, 164.0471249999999941 ) ) ;
#3261 = CARTESIAN_POINT ( 'NONE',  ( -41.20905532020604767, 9.650520340537569908, 148.8449625000000083 ) ) ;
#3262 = CARTESIAN_POINT ( 'NONE',  ( -42.01750669233897639, 9.049638344330654505, 151.2544376208165886 ) ) ;
#3263 = CARTESIAN_POINT ( 'NONE',  ( -41.57368434304125060, 9.484543874815729581, 152.1423609840474853 ) ) ;
#3264 = CARTESIAN_POINT ( 'NONE',  ( -41.06104494605450128, 9.574328684391140598, 148.4757794270832107 ) ) ;
#3265 = CARTESIAN_POINT ( 'NONE',  ( -41.78828889778309730, 10.07458825484881970, 150.3478013312579833 ) ) ;
#3266 = CARTESIAN_POINT ( 'NONE',  ( -31.54268562653104979, 10.53409931101721853, 152.2195973958335173 ) ) ;
#3267 = VERTEX_POINT ( 'NONE', #2096 ) ;
#3268 = B_SPLINE_CURVE_WITH_KNOTS ( 'NONE', 3,
 ( #2542, #743, #1904, #20 ),
 .UNSPECIFIED., .F., .F.,
 ( 4, 4 ),
 ( 0.000000000000000000, 1.000000000000000000 ),
 .UNSPECIFIED. ) ;
#3269 = VECTOR ( 'NONE', #748, 999.9999999999998863 ) ;
#3270 = CARTESIAN_POINT ( 'NONE',  ( -39.29856539381314917, 10.09961346696244000, 153.5041014808945192 ) ) ;
#3271 = ADVANCED_FACE ( 'NONE', ( #1395 ), #3258, .F. ) ;
#3272 = CARTESIAN_POINT ( 'NONE',  ( -40.39156227178615666, 9.767829576648670908, 151.4390156248329902 ) ) ;
#3273 = CARTESIAN_POINT ( 'NONE',  ( -36.21933663601583930, 16.05196845504173453, 154.5834598660848087 ) ) ;
#3274 = CARTESIAN_POINT ( 'NONE',  ( -36.48280656328579852, 16.18604465257664771, 153.9447390964479894 ) ) ;
#3275 = VECTOR ( 'NONE', #3118, 1000.000000000000000 ) ;
#3276 = ORIENTED_EDGE ( 'NONE', *, *, #1663, .F. ) ;
#3277 = CARTESIAN_POINT ( 'NONE',  ( -40.22621555797130100, 9.830216739396119507, 153.5988962725770079 ) ) ;
#3278 = CARTESIAN_POINT ( 'NONE',  ( -40.90462875757874883, 9.357124110546971352, 150.9882867201989995 ) ) ;
#3279 = CARTESIAN_POINT ( 'NONE',  ( -39.81317318973438546, 15.64134264715080036, 153.1653536129572899 ) ) ;
#3280 = B_SPLINE_CURVE_WITH_KNOTS ( 'NONE', 3,
 ( #182, #1358, #3469, #1656, #230, #4661 ),
 .UNSPECIFIED., .F., .F.,
 ( 4, 2, 4 ),
 ( 0.000000000000000000, 0.5000000000000000000, 1.000000000000000000 ),
 .UNSPECIFIED. ) ;
#3281 = CARTESIAN_POINT ( 'NONE',  ( -41.58095270327914506, 9.296318241201520394, 152.3737361230419936 ) ) ;
#3282 = CARTESIAN_POINT ( 'NONE',  ( -33.67436911225689045, 10.95771664815210045, 157.3786000000000058 ) ) ;
#3283 = ORIENTED_EDGE ( 'NONE', *, *, #2857, .T. ) ;
#3284 = CARTESIAN_POINT ( 'NONE',  ( -43.17873945708469563, 13.42334273277879930, 162.4014569444445044 ) ) ;
#3285 = CARTESIAN_POINT ( 'NONE',  ( -37.99175930962424985, 13.57698769838279951, 163.9570833333335145 ) ) ;
#3286 = CARTESIAN_POINT ( 'NONE',  ( -41.68624798375015672, 10.56792448769985882, 150.0104916666664963 ) ) ;
#3287 = CARTESIAN_POINT ( 'NONE',  ( -40.18955053339114869, 9.834896080662870688, 151.4999203889640000 ) ) ;
#3288 = CARTESIAN_POINT ( 'NONE',  ( -36.31662882825865069, 16.91358410844090088, 151.6184189873920047 ) ) ;
#3289 = DIRECTION ( 'NONE',  ( 0.8854855037440999554, 0.3027836952349064470, 0.3524733416287719745 ) ) ;
#3290 = CARTESIAN_POINT ( 'NONE',  ( -32.74920750774695222, 11.30570283629843864, 155.2346000000000004 ) ) ;
#3291 = ORIENTED_EDGE ( 'NONE', *, *, #4693, .F. ) ;
#3292 = CARTESIAN_POINT ( 'NONE',  ( -39.01837129178009889, 16.02452035475260317, 152.5388166666664915 ) ) ;
#3293 = CARTESIAN_POINT ( 'NONE',  ( -37.46216661685594573, 16.35440836585834745, 153.5625517955924977 ) ) ;
#3294 = CARTESIAN_POINT ( 'NONE',  ( -40.18955053339114869, 9.834896080662870688, 151.4999203889640000 ) ) ;
#3295 = CARTESIAN_POINT ( 'NONE',  ( -40.82307270563257617, 11.34950144237490832, 147.5054128211680222 ) ) ;
#3296 = CARTESIAN_POINT ( 'NONE',  ( -39.25378148979210380, 15.80656432731133343, 151.2386109459920078 ) ) ;
#3297 = CARTESIAN_POINT ( 'NONE',  ( -41.29938381214262222, 10.92776709415138114, 148.9177190186293842 ) ) ;
#3298 = ORIENTED_EDGE ( 'NONE', *, *, #2435, .F. ) ;
#3299 = CARTESIAN_POINT ( 'NONE',  ( -41.51505570477880269, 13.80540162311922003, 152.3012361111109954 ) ) ;
#3300 = DIRECTION ( 'NONE',  ( -0.03868260434810971010, 0.9992515479702033243, 0.000000000000000000 ) ) ;
#3301 = DIRECTION ( 'NONE',  ( 0.2867769709712604254, -0.9529542020951187187, 0.09816953514102255696 ) ) ;
#3302 = CARTESIAN_POINT ( 'NONE',  ( -34.59173747939485111, 9.644009577284769819, 159.3866333333334921 ) ) ;
#3303 = EDGE_CURVE ( 'NONE', #1885, #3762, #1439, .T. ) ;
#3304 = CARTESIAN_POINT ( 'NONE',  ( -36.66194926168304846, 13.67088256509392075, 161.1176499999999976 ) ) ;
#3305 = CARTESIAN_POINT ( 'NONE',  ( -41.78316631432065265, 11.18304284253732028, 150.3193083333335096 ) ) ;
#3306 = CARTESIAN_POINT ( 'NONE',  ( -36.96683382786985561, 16.97726022917245103, 150.9107830036844859 ) ) ;
#3307 = CARTESIAN_POINT ( 'NONE',  ( -42.23272001895151817, 9.041124207812112346, 151.8004791567068992 ) ) ;
#3308 = CARTESIAN_POINT ( 'NONE',  ( -41.29038846746415459, 9.323957879874258836, 151.7932319827284857 ) ) ;
#3309 = CARTESIAN_POINT ( 'NONE',  ( -41.94735045974484677, 9.106521513697439119, 151.0466412655964916 ) ) ;
#3310 = CARTESIAN_POINT ( 'NONE',  ( -31.17346343485340299, 14.03409851214794024, 150.6453937676454871 ) ) ;
#3311 = LINE ( 'NONE', #1830, #2738 ) ;
#3312 = VERTEX_POINT ( 'NONE', #3406 ) ;
#3313 = CARTESIAN_POINT ( 'NONE',  ( -39.79170562713479598, 9.392861531738308400, 145.6248479166665959 ) ) ;
#3314 = EDGE_LOOP ( 'NONE', ( #169, #3591, #2658, #625 ) ) ;
#3315 = CARTESIAN_POINT ( 'NONE',  ( -41.09855075270984770, 9.569106264051340460, 151.5752472903675141 ) ) ;
#3316 = CARTESIAN_POINT ( 'NONE',  ( -33.97103517810330686, 12.11274602325328686, 157.4830359875274723 ) ) ;
#3317 = ORIENTED_EDGE ( 'NONE', *, *, #3330, .F. ) ;
#3318 = CARTESIAN_POINT ( 'NONE',  ( -42.03417653971854406, 11.82409156662359884, 151.2879499999999950 ) ) ;
#3319 = CARTESIAN_POINT ( 'NONE',  ( -35.16637388775284734, 16.04396683865854811, 153.3852392969085088 ) ) ;
#3320 = B_SPLINE_CURVE_WITH_KNOTS ( 'NONE', 3,
 ( #359, #1034, #1797, #2534, #1868, #1408, #2870, #4370, #1139 ),
 .UNSPECIFIED., .F., .F.,
 ( 4, 1, 1, 1, 1, 1, 4 ),
 ( 0.6289386567349090074, 0.6818181818187070142, 0.7727272727276480735, 0.8636363636365890217, 0.9090909090910590518, 0.9545454545455299700, 0.9785592567366180328 ),
 .UNSPECIFIED. ) ;
#3321 = PLANE ( 'NONE',  #3652 ) ;
#3322 = CARTESIAN_POINT ( 'NONE',  ( -41.52914845331665106, 9.293733661473890351, 152.1973142628905009 ) ) ;
#3323 = CARTESIAN_POINT ( 'NONE',  ( -35.06969655258914287, 10.22385484620581941, 161.8367000000000075 ) ) ;
#3324 = B_SPLINE_CURVE_WITH_KNOTS ( 'NONE', 3,
 ( #1022, #4385, #2233, #2284, #2591, #3732, #2207, #1073, #3315, #1910, #794, #1048, #1811, #3681, #391, #3272, #2637, #2258, #3294 ),
 .UNSPECIFIED., .F., .F.,
 ( 4, 1, 1, 1, 1, 1, 1, 1, 1, 1, 1, 1, 1, 1, 1, 1, 4 ),
 ( 0.000000000000000000, 0.06454134702343800045, 0.1272893662066680032, 0.1891421925315295016, 0.2503627141966379699, 0.3111306106182654685, 0.3724932140248959911, 0.4355505200023259693, 0.5000918670257569199, 0.5649996364212450661, 0.6278980705686320052, 0.6889458366362560815, 0.7498964024972319953, 0.8108469683582110177, 0.8724025174418480466, 0.9353009515892299897, 1.000000000000000000 ),
 .UNSPECIFIED. ) ;
#3325 = CARTESIAN_POINT ( 'NONE',  ( -30.75093284968166785, 13.63845038225428397, 150.1597845463601004 ) ) ;
#3326 = FACE_OUTER_BOUND ( 'NONE', #321, .T. ) ;
#3327 = EDGE_CURVE ( 'NONE', #104, #575, #4220, .T. ) ;
#3328 = CARTESIAN_POINT ( 'NONE',  ( -35.72285627835110233, 14.15956033866423880, 158.0828500000000076 ) ) ;
#3329 = CARTESIAN_POINT ( 'NONE',  ( -41.58852876389335051, 9.460988263434970236, 149.9469415008686326 ) ) ;
#3330 = EDGE_CURVE ( 'NONE', #752, #465, #1515, .T. ) ;
#3331 = CARTESIAN_POINT ( 'NONE',  ( -44.71862809230105285, 8.248060511974291131, 157.8747916666665105 ) ) ;
#3332 = CARTESIAN_POINT ( 'NONE',  ( -42.63804468869420106, 9.174076897812971865, 152.7522458333334896 ) ) ;
#3333 = CARTESIAN_POINT ( 'NONE',  ( -43.42815915410105987, 8.986391041339443220, 154.7609101998324945 ) ) ;
#3334 = B_SPLINE_SURFACE_WITH_KNOTS ( 'NONE', 3, 3, ( 
 ( #37, #1899, #3306, #1482, #1847, #3356, #15, #715, #1172, #2943, #2971 ),
 ( #2195, #4733, #1923, #2092, #2464, #3926, #290, #945, #1390, #645, #3975 ),
 ( #3210, #2067, #596, #2512, #3164, #3596, #2853, #3236, #2805, #4684, #2874 ),
 ( #4325, #2439, #1040, #695, #4710, #2229, #1046, #1761, #3958, #322, #1419 ),
 ( #2545, #3578, #1447, #2588, #767, #1784, #3292, #1854, #4051, #1491, #4009 ),
 ( #3246, #2520, #679, #298, #1098, #3984, #4028, #2884, #4358, #701, #3678 ),
 ( #4719, #3651, #1071, #2178, #722, #2204, #1808, #4410, #4740, #2929, #1126 ),
 ( #2328, #3076, #48, #437, #3432, #1907, #2719, #4564, #4201, #586, #4658 ),
 ( #201, #1672, #2083, #1652, #3133, #2058, #1714, #635, #4270, #225, #2481 ),
 ( #3588, #3110, #936, #3560, #3514, #2752, #4586, #913, #3918, #1286, #2032 ),
 ( #2506, #3537, #1353, #4608, #956, #2430, #2109, #2454, #661, #2820, #4632 ) ),
 .UNSPECIFIED., .F., .F., .F.,
 ( 4, 1, 1, 1, 1, 1, 1, 1, 4 ),
 ( 4, 1, 1, 1, 1, 1, 1, 1, 4 ),
 ( 0.000000000000000000, 1.000000000000000000, 2.000000000000000000, 3.000000000000000000, 5.000000000000000000, 7.000000000000000000, 8.000000000000000000, 9.000000000000000000, 10.00000000000000000 ),
 ( 0.000000000000000000, 1.000000000000000000, 2.000000000000000000, 3.000000000000000000, 5.000000000000000000, 7.000000000000000000, 9.000000000000000000, 11.00000000000000000, 12.00000000000000000 ),
 .UNSPECIFIED. ) ;
#3335 = CARTESIAN_POINT ( 'NONE',  ( -41.49404156505990215, 9.414371088299578361, 151.2285218150665003 ) ) ;
#3336 = CARTESIAN_POINT ( 'NONE',  ( -33.30441719822299973, 11.90009649412933790, 156.2395500000000084 ) ) ;
#3337 = CARTESIAN_POINT ( 'NONE',  ( -41.14849348593529754, 10.32123162917550019, 148.5058437499999968 ) ) ;
#3338 = ORIENTED_EDGE ( 'NONE', *, *, #3772, .F. ) ;
#3339 = CARTESIAN_POINT ( 'NONE',  ( -31.85153112323321878, 12.28435377430639974, 152.9572874984409339 ) ) ;
#3340 = CARTESIAN_POINT ( 'NONE',  ( -39.74990511865870246, 10.00878714745203979, 153.9409021265364856 ) ) ;
#3341 = CARTESIAN_POINT ( 'NONE',  ( -35.44696022565990035, 16.73591562481799855, 151.9516500000000008 ) ) ;
#3342 = CARTESIAN_POINT ( 'NONE',  ( -31.23863375605556669, 12.33562989554070555, 151.6646150303744776 ) ) ;
#3343 = CARTESIAN_POINT ( 'NONE',  ( -39.04362095157269863, 9.983136014672590264, 151.6286737093749935 ) ) ;
#3344 = VERTEX_POINT ( 'NONE', #2252 ) ;
#3345 = CARTESIAN_POINT ( 'NONE',  ( -41.81876317517305353, 13.24360549500329931, 152.1199166666664837 ) ) ;
#3346 = CIRCLE ( 'NONE', #196, 1.750000000000005551 ) ;
#3347 = CARTESIAN_POINT ( 'NONE',  ( -41.18032666435609457, 9.284829510316420453, 151.0918867577830156 ) ) ;
#3348 = AXIS2_PLACEMENT_3D ( 'NONE', #1974, #2352, #813 ) ;
#3349 = CARTESIAN_POINT ( 'NONE',  ( -36.19441815354144865, 12.54197234655660154, 162.7284354166665139 ) ) ;
#3350 = EDGE_LOOP ( 'NONE', ( #98, #1718, #1097, #2079 ) ) ;
#3351 = CARTESIAN_POINT ( 'NONE',  ( -40.18955053339114869, 9.834896080662870688, 151.4999203889640000 ) ) ;
#3352 = CARTESIAN_POINT ( 'NONE',  ( -36.61533144141294827, 15.42695460124525120, 156.2773417040619961 ) ) ;
#3353 = CARTESIAN_POINT ( 'NONE',  ( -35.36187892819864942, 15.66533558063159681, 154.3771836177320154 ) ) ;
#3354 = CARTESIAN_POINT ( 'NONE',  ( -32.30461326116084564, 12.24905358357672469, 153.9381830266425482 ) ) ;
#3355 = EDGE_CURVE ( 'NONE', #1457, #2422, #4336, .T. ) ;
#3356 = CARTESIAN_POINT ( 'NONE',  ( -37.55679387609240649, 16.56522351247470226, 152.3530374999999992 ) ) ;
#3357 = CARTESIAN_POINT ( 'NONE',  ( -42.24875843555771837, 9.040500875555320448, 151.8412804239670209 ) ) ;
#3358 = SURFACE_SIDE_STYLE ('',( #4375 ) ) ;
#3359 = CARTESIAN_POINT ( 'NONE',  ( -43.80285988867080249, 8.531058444643319305, 155.7536083333335171 ) ) ;
#3360 = CARTESIAN_POINT ( 'NONE',  ( -40.26525970947630384, 9.758368092941701377, 150.9782104795635007 ) ) ;
#3361 = CARTESIAN_POINT ( 'NONE',  ( -31.87491977050749981, 11.59596499703804007, 153.2153166666665243 ) ) ;
#3362 = CARTESIAN_POINT ( 'NONE',  ( -41.10221715894545014, 11.50219085237634076, 148.3539083333332087 ) ) ;
#3363 = ORIENTED_EDGE ( 'NONE', *, *, #2919, .F. ) ;
#3364 = EDGE_CURVE ( 'NONE', #2587, #3607, #2446, .T. ) ;
#3365 = CARTESIAN_POINT ( 'NONE',  ( -30.44969656992759965, 11.20172697906241943, 150.1675413124635270 ) ) ;
#3366 = CARTESIAN_POINT ( 'NONE',  ( -33.00113331997525279, 15.41260096987075023, 152.0234961490909882 ) ) ;
#3367 = CARTESIAN_POINT ( 'NONE',  ( -31.00638798422591336, 12.35866501646599858, 151.2097761272868013 ) ) ;
#3368 = CARTESIAN_POINT ( 'NONE',  ( -38.96631096750284939, 10.08080072201858002, 152.3508862583344978 ) ) ;
#3369 = ORIENTED_EDGE ( 'NONE', *, *, #3327, .F. ) ;
#3370 = CARTESIAN_POINT ( 'NONE',  ( -42.04936661162669509, 9.819711672751159526, 151.0693945588910196 ) ) ;
#3371 = CARTESIAN_POINT ( 'NONE',  ( -36.66561410660640519, 16.17896788408474862, 154.4100683577815118 ) ) ;
#3372 = CARTESIAN_POINT ( 'NONE',  ( -42.77484773400381357, 10.56016985480409609, 153.0530095381797082 ) ) ;
#3373 = CARTESIAN_POINT ( 'NONE',  ( -36.69064197643150038, 12.25824189324730007, 164.4983078406024788 ) ) ;
#3374 = CARTESIAN_POINT ( 'NONE',  ( -42.80675570236954286, 9.016305490753049767, 153.2364553192385017 ) ) ;
#3375 = CARTESIAN_POINT ( 'NONE',  ( -32.12768729383549982, 14.97472602936394104, 151.3305445205090223 ) ) ;
#3376 = CARTESIAN_POINT ( 'NONE',  ( -40.12862021161640058, 9.804592774498338770, 151.0277670269345265 ) ) ;
#3377 = CARTESIAN_POINT ( 'NONE',  ( -43.12925768436524976, 13.52072711908106051, 161.7333624999999984 ) ) ;
#3378 = CARTESIAN_POINT ( 'NONE',  ( -37.23834336477799667, 14.61867603013413941, 159.4399166666665053 ) ) ;
#3379 = CARTESIAN_POINT ( 'NONE',  ( -35.34595762933103202, 13.19665221871274952, 159.2673629972053675 ) ) ;
#3380 = CARTESIAN_POINT ( 'NONE',  ( -41.67760853919339326, 11.61276546846861990, 150.2226154966444938 ) ) ;
#3381 = CARTESIAN_POINT ( 'NONE',  ( -30.75327064099634811, 11.95670134708990062, 150.8257166666664943 ) ) ;
#3382 = CARTESIAN_POINT ( 'NONE',  ( -40.10979757563335113, 9.444960058626110211, 146.2487709598357810 ) ) ;
#3383 = CARTESIAN_POINT ( 'NONE',  ( -35.37162848062745013, 12.15765406352005940, 151.8239810815285011 ) ) ;
#3384 = CARTESIAN_POINT ( 'NONE',  ( -41.30678834785420150, 11.41232788614501992, 148.9715500000000077 ) ) ;
#3385 = CARTESIAN_POINT ( 'NONE',  ( -39.98390669452354729, 9.478190303010789464, 145.9651999999999816 ) ) ;
#3386 = CARTESIAN_POINT ( 'NONE',  ( -30.74892388280010280, 12.38595343770504087, 150.7225561421084876 ) ) ;
#3387 = ADVANCED_FACE ( 'NONE', ( #296 ), #3032, .T. ) ;
#3388 = CARTESIAN_POINT ( 'NONE',  ( -35.42778453771519764, 16.51501472453564645, 152.5077499999999873 ) ) ;
#3389 = CARTESIAN_POINT ( 'NONE',  ( -42.95549381290723545, 11.29364098849245579, 153.9135499616618858 ) ) ;
#3390 = APPLICATION_PROTOCOL_DEFINITION ( 'draft international standard', 'automotive_design', 1998, #109 ) ;
#3391 = VERTEX_POINT ( 'NONE', #2509 ) ;
#3392 = CARTESIAN_POINT ( 'NONE',  ( -42.65201404562205312, 12.21425071818483943, 153.6659770833335301 ) ) ;
#3393 = CARTESIAN_POINT ( 'NONE',  ( -41.10148830037014989, 14.29213514174296051, 152.1014580269929866 ) ) ;
#3394 = CARTESIAN_POINT ( 'NONE',  ( -35.69868759061240127, 9.866728737546189620, 163.9483833333335099 ) ) ;
#3395 = ORIENTED_EDGE ( 'NONE', *, *, #1749, .T. ) ;
#3396 = PLANE ( 'NONE',  #1430 ) ;
#3397 = CARTESIAN_POINT ( 'NONE',  ( -37.08817940063634921, 16.58925777877639973, 152.6385386793484997 ) ) ;
#3398 = CARTESIAN_POINT ( 'NONE',  ( -32.50432896458154630, 15.01370912957709969, 151.8432548807074909 ) ) ;
#3399 = CARTESIAN_POINT ( 'NONE',  ( -43.58481465380580033, 13.16402900559783973, 161.5288500000000056 ) ) ;
#3400 = CARTESIAN_POINT ( 'NONE',  ( -39.22177333039504532, 14.25058885939350084, 163.0174875000000156 ) ) ;
#3401 = CARTESIAN_POINT ( 'NONE',  ( -37.55679387609240649, 16.56522351247470226, 152.3530374999999992 ) ) ;
#3402 = CARTESIAN_POINT ( 'NONE',  ( -41.70299224526379334, 12.51274985137919948, 150.7635843741570056 ) ) ;
#3403 = CARTESIAN_POINT ( 'NONE',  ( -32.76169706223829792, 14.20756998410668004, 153.2353916666664873 ) ) ;
#3404 = CARTESIAN_POINT ( 'NONE',  ( -30.68601457746574823, 11.44051067723199822, 150.6758082076035237 ) ) ;
#3405 = CARTESIAN_POINT ( 'NONE',  ( -40.37605550514594199, 10.48992512403184918, 146.4039272225938646 ) ) ;
#3406 = CARTESIAN_POINT ( 'NONE',  ( -36.51499773989495168, 10.34382118194680089, 147.7432070110015729 ) ) ;
#3407 = LINE ( 'NONE', #3096, #2219 ) ;
#3408 = CARTESIAN_POINT ( 'NONE',  ( -34.12655530022969685, 14.85305005792858069, 154.3748249999999871 ) ) ;
#3409 = CARTESIAN_POINT ( 'NONE',  ( -43.09230356124801631, 11.41590403269509046, 154.4501471928008982 ) ) ;
#3410 = VERTEX_POINT ( 'NONE', #668 ) ;
#3411 = B_SPLINE_SURFACE_WITH_KNOTS ( 'NONE', 3, 3, ( 
 ( #1728, #1340, #3505, #968, #949, #2810, #2468, #2881, #2097, #3189 ),
 ( #4306, #4621, #2047, #2786, #2445, #3526, #601, #3907, #1019, #4331 ),
 ( #3861, #3883, #651, #677, #1416, #3956, #1370, #4668, #2073, #4597 ),
 ( #215, #1396, #4259, #2860, #241, #4647, #1704, #2517, #2153, #3549 ) ),
 .UNSPECIFIED., .F., .F., .F.,
 ( 4, 4 ),
 ( 4, 1, 1, 1, 1, 1, 1, 4 ),
 ( 0.000000000000000000, 1.000000000000000000 ),
 ( 0.000000000000000000, 1.000000000000000000, 2.000000000000000000, 4.000000000000000000, 6.000000000000000000, 7.000000000000000000, 8.000000000000000000, 9.000000000000000000 ),
 .UNSPECIFIED. ) ;
#3412 = EDGE_CURVE ( 'NONE', #3890, #4724, #1552, .T. ) ;
#3413 = CARTESIAN_POINT ( 'NONE',  ( -30.92073572731209907, 13.90129447365764115, 150.2820275155534944 ) ) ;
#3414 = CARTESIAN_POINT ( 'NONE',  ( -35.55531865220415000, 11.45591161944289915, 162.7238666666664813 ) ) ;
#3415 = ORIENTED_EDGE ( 'NONE', *, *, #213, .T. ) ;
#3416 = CARTESIAN_POINT ( 'NONE',  ( -41.18900271414189973, 9.547935989267200441, 151.6339746460035087 ) ) ;
#3417 = EDGE_CURVE ( 'NONE', #372, #3225, #2987, .T. ) ;
#3418 = CARTESIAN_POINT ( 'NONE',  ( -31.80701639965824512, 15.06002632839529909, 150.7173591773635053 ) ) ;
#3419 = CARTESIAN_POINT ( 'NONE',  ( -40.69065937336250016, 14.55562498522441928, 150.8480690104165092 ) ) ;
#3420 = CARTESIAN_POINT ( 'NONE',  ( -44.14618547548260352, 12.62050142533987973, 162.3811048611110266 ) ) ;
#3421 = CARTESIAN_POINT ( 'NONE',  ( -40.20790431528205033, 9.567777252522679632, 150.9978443865915096 ) ) ;
#3422 = VECTOR ( 'NONE', #3824, 1000.000000000000000 ) ;
#3423 = CARTESIAN_POINT ( 'NONE',  ( -41.63703350492723132, 11.87877440427525322, 150.2426011428578079 ) ) ;
#3424 = CARTESIAN_POINT ( 'NONE',  ( -37.04284052755895118, 15.73014879492944829, 155.6970460042195157 ) ) ;
#3425 = CARTESIAN_POINT ( 'NONE',  ( -38.96631096750284939, 10.08080072201859956, 152.3508862583344978 ) ) ;
#3426 = CARTESIAN_POINT ( 'NONE',  ( -38.06638415210500170, 16.20659687206454791, 153.6668864583335221 ) ) ;
#3427 = CARTESIAN_POINT ( 'NONE',  ( -34.57690511064424754, 14.85220646308225945, 155.2104533921890095 ) ) ;
#3428 = FACE_OUTER_BOUND ( 'NONE', #2142, .T. ) ;
#3429 = CARTESIAN_POINT ( 'NONE',  ( -40.57996061768637475, 11.01546087407992935, 146.8243076903580402 ) ) ;
#3430 = CARTESIAN_POINT ( 'NONE',  ( -38.01236680201440521, 16.02642063503394709, 154.6459080081465061 ) ) ;
#3431 = DIRECTION ( 'NONE',  ( 0.3656150866411374545, 0.01415353698374987972, -0.9306585226662049681 ) ) ;
#3432 = CARTESIAN_POINT ( 'NONE',  ( -39.96673197885224482, 15.31156653518924848, 150.4970916666665062 ) ) ;
#3433 = CARTESIAN_POINT ( 'NONE',  ( -39.82754748937210110, 9.519433183164990098, 145.6200708333331875 ) ) ;
#3434 = CARTESIAN_POINT ( 'NONE',  ( -30.59879367700250086, 13.28076364042532020, 150.1185097222220293 ) ) ;
#3435 = CARTESIAN_POINT ( 'NONE',  ( -34.13020157839849844, 14.44244395348012056, 155.0340711805555145 ) ) ;
#3436 = DIRECTION ( 'NONE',  ( 0.8854855037441001775, 0.3027836952349070576, 0.3524733416287705867 ) ) ;
#3437 = VERTEX_POINT ( 'NONE', #916 ) ;
#3438 = CARTESIAN_POINT ( 'NONE',  ( -43.88478623278295032, 9.555910299581400480, 155.8383999999999787 ) ) ;
#3439 = VERTEX_POINT ( 'NONE', #3113 ) ;
#3440 = CARTESIAN_POINT ( 'NONE',  ( -33.78610060941024784, 13.83504861890327930, 155.5056569156920148 ) ) ;
#3441 = DIRECTION ( 'NONE',  ( -0.2661702552924926080, 0.9639260320156984863, 0.000000000000000000 ) ) ;
#3442 = CARTESIAN_POINT ( 'NONE',  ( -40.83745141563520065, 13.63797673346889994, 148.9722916666665924 ) ) ;
#3443 = CARTESIAN_POINT ( 'NONE',  ( -41.60396075704684904, 14.03872001216839926, 154.2805944444444890 ) ) ;
#3444 = B_SPLINE_CURVE_WITH_KNOTS ( 'NONE', 3,
 ( #2583, #1486, #696, #1827, #740, #2225, #2924, #3646, #2878, #2250, #18, #4352, #2172, #2514, #340 ),
 .UNSPECIFIED., .F., .F.,
 ( 4, 1, 1, 1, 1, 1, 1, 1, 1, 1, 1, 1, 4 ),
 ( 0.000000000000000000, 0.08505097580952919456, 0.1679462958418944940, 0.2502627123142365240, 0.3333863537747605021, 0.4166112703646074888, 0.4986169106449850341, 0.5814264478425260618, 0.6656792919116899521, 0.7505298874553699706, 0.8334082697673289575, 0.9162495887424420005, 1.000000000000000000 ),
 .UNSPECIFIED. ) ;
#3445 = CARTESIAN_POINT ( 'NONE',  ( -42.18481825636754934, 11.56564514247919995, 151.6344002963684829 ) ) ;
#3446 = ADVANCED_FACE ( 'NONE', ( #959 ), #4161, .F. ) ;
#3447 = CARTESIAN_POINT ( 'NONE',  ( -37.88785327729455332, 15.30427651207134865, 157.6702458333334960 ) ) ;
#3448 = DIRECTION ( 'NONE',  ( -0.3656150866411370104, -0.01415353698375004451, 0.9306585226662051902 ) ) ;
#3449 = CARTESIAN_POINT ( 'NONE',  ( -40.37187651423720069, 15.00584450475034970, 151.3244368114329745 ) ) ;
#3450 = CARTESIAN_POINT ( 'NONE',  ( -35.57453145610605105, 15.79937932730270056, 154.2956802763434894 ) ) ;
#3451 = CARTESIAN_POINT ( 'NONE',  ( -31.31297640366799939, 11.86629155230363963, 151.9417395833335149 ) ) ;
#3452 = CARTESIAN_POINT ( 'NONE',  ( -40.05000603509054713, 9.135057323273191088, 146.3360736573515908 ) ) ;
#3453 = CARTESIAN_POINT ( 'NONE',  ( -40.01500928574600380, 9.843857600577660349, 151.0770346924024921 ) ) ;
#3454 = CARTESIAN_POINT ( 'NONE',  ( -30.80569013815280144, 13.76340039011739869, 150.1812333333334948 ) ) ;
#3455 = CARTESIAN_POINT ( 'NONE',  ( -34.07658427391875477, 15.28944511487924807, 153.5934499999999900 ) ) ;
#3456 = CARTESIAN_POINT ( 'NONE',  ( -43.93999093694575464, 9.556556043515421095, 156.0168908198269548 ) ) ;
#3457 = CARTESIAN_POINT ( 'NONE',  ( -33.22124270234050414, 10.50135989404220105, 156.2131527777779922 ) ) ;
#3458 = EDGE_LOOP ( 'NONE', ( #3541, #149, #1469, #532 ) ) ;
#3459 = CARTESIAN_POINT ( 'NONE',  ( -45.09148925142569908, 8.546447201318798648, 158.5988500000000272 ) ) ;
#3460 = CARTESIAN_POINT ( 'NONE',  ( -45.14652959445649572, 10.61318011372416059, 159.7360999999999933 ) ) ;
#3461 = ORIENTED_EDGE ( 'NONE', *, *, #2410, .T. ) ;
#3462 = CARTESIAN_POINT ( 'NONE',  ( -41.91480847409630428, 10.68353274609283865, 150.6525521337694897 ) ) ;
#3463 = CARTESIAN_POINT ( 'NONE',  ( -31.76391767550594381, 14.38172692414364029, 151.3797166103889822 ) ) ;
#3464 = CARTESIAN_POINT ( 'NONE',  ( -40.18667296624434471, 14.86035999830671983, 149.3511727324180072 ) ) ;
#3465 = CARTESIAN_POINT ( 'NONE',  ( -41.97330636215770028, 9.137672488510769853, 151.9798853955940103 ) ) ;
#3466 = CARTESIAN_POINT ( 'NONE',  ( -40.82064691854133542, 9.085439345580752502, 148.1056490930671146 ) ) ;
#3467 = CARTESIAN_POINT ( 'NONE',  ( -39.01987572371375279, 10.00431275992314006, 151.7648756770589955 ) ) ;
#3468 = CARTESIAN_POINT ( 'NONE',  ( -35.54145793348398996, 13.67615674001893034, 158.7382244060626988 ) ) ;
#3469 = CARTESIAN_POINT ( 'NONE',  ( -41.76553133063811885, 9.777893118080754675, 150.3253428780417096 ) ) ;
#3470 = EDGE_CURVE ( 'NONE', #1518, #2422, #874, .T. ) ;
#3471 = CARTESIAN_POINT ( 'NONE',  ( -31.06295802258085104, 13.73221446551990077, 150.6752437499999928 ) ) ;
#3472 = CARTESIAN_POINT ( 'NONE',  ( -35.36594332336790103, 13.40958985738505937, 158.9123500000000035 ) ) ;
#3473 = CARTESIAN_POINT ( 'NONE',  ( -36.98481896486820375, 16.89183659706745289, 151.3363534491479925 ) ) ;
#3474 = CARTESIAN_POINT ( 'NONE',  ( -40.85548263352144716, 14.45081516695301893, 151.3452140625000197 ) ) ;
#3475 = CARTESIAN_POINT ( 'NONE',  ( -42.81094360434200041, 11.46290527715724039, 153.5099479166665049 ) ) ;
#3476 = EDGE_CURVE ( 'NONE', #1879, #75, #2758, .T. ) ;
#3477 = CARTESIAN_POINT ( 'NONE',  ( -39.46743505358005422, 9.947187281385390989, 152.5177746698424812 ) ) ;
#3478 = CARTESIAN_POINT ( 'NONE',  ( -39.62850447919215213, 9.775608007611499062, 151.3227380653240175 ) ) ;
#3479 = CARTESIAN_POINT ( 'NONE',  ( -35.34969000224185720, 16.18741769387930063, 153.2159999999999798 ) ) ;
#3480 = B_SPLINE_SURFACE_WITH_KNOTS ( 'NONE', 3, 1, ( 
 ( #4624, #1762 ),
 ( #3249, #299 ),
 ( #3530, #2075 ),
 ( #244, #1343 ),
 ( #2498, #972 ),
 ( #2099, #2473 ) ),
 .UNSPECIFIED., .F., .F., .F.,
 ( 4, 2, 4 ),
 ( 2, 2 ),
 ( 0.000000000000000000, 0.5000000000000000000, 1.000000000000000000 ),
 ( 0.000000000000000000, 1.000000000000000000 ),
 .UNSPECIFIED. ) ;
#3481 = CARTESIAN_POINT ( 'NONE',  ( -43.47397963214135075, 11.07440520355774183, 155.4144634473805979 ) ) ;
#3482 = VERTEX_POINT ( 'NONE', #228 ) ;
#3483 = CARTESIAN_POINT ( 'NONE',  ( -32.11581373349599744, 14.34697373958388056, 152.0051996535484875 ) ) ;
#3484 = CARTESIAN_POINT ( 'NONE',  ( -42.80921001318073849, 10.77184505128542114, 153.2083974125793873 ) ) ;
#3485 = CARTESIAN_POINT ( 'NONE',  ( -33.04006569640915103, 14.10037174487602840, 153.6537605670539790 ) ) ;
#3486 = ORIENTED_EDGE ( 'NONE', *, *, #3303, .F. ) ;
#3487 = CARTESIAN_POINT ( 'NONE',  ( -35.01081308219348642, 12.53936445640165331, 159.5715161819619539 ) ) ;
#3488 = CARTESIAN_POINT ( 'NONE',  ( -41.88980121185789329, 9.309315303537960773, 153.4021228297995094 ) ) ;
#3489 = CARTESIAN_POINT ( 'NONE',  ( -40.48661943002974795, 9.478795566937758821, 150.9482730525784859 ) ) ;
#3490 = DIRECTION ( 'NONE',  ( 0.2867769709712615356, -0.9529542020951189407, 0.09816953514101768585 ) ) ;
#3491 = CARTESIAN_POINT ( 'NONE',  ( -34.22578909897414690, 13.56459973510019879, 156.4509503472220047 ) ) ;
#3492 = CARTESIAN_POINT ( 'NONE',  ( -31.82764173494290105, 14.49010128296294830, 151.3790153265950380 ) ) ;
#3493 = CARTESIAN_POINT ( 'NONE',  ( -35.34050622548414822, 14.07118778999703501, 157.5708564901376860 ) ) ;
#3494 = CARTESIAN_POINT ( 'NONE',  ( -41.31947991786555008, 9.480315909083069315, 149.2093389322916153 ) ) ;
#3495 = B_SPLINE_CURVE_WITH_KNOTS ( 'NONE', 3,
 ( #7, #2619, #2240, #1188, #1500, #3740, #3688, #4064, #1916, #3372, #398, #2266, #30, #2963, #777, #3711, #1644, #1578, #3484, #4487, #194, #2130, #2102, #3171 ),
 .UNSPECIFIED., .F., .F.,
 ( 4, 2, 2, 1, 1, 1, 2, 2, 2, 2, 1, 2, 2, 4 ),
 ( 0.000000000000000000, 0.2500000000008921752, 0.3750000000013382628, 0.4375000000015613066, 0.4687500000016720514, 0.4843750000017426061, 0.4921875000017618684, 0.5000000000017811308, 0.6250000000013845591, 0.6875000000011832757, 0.7187500000010825785, 0.7343750000010323964, 0.7500000000009821033, 1.000000000000000000 ),
 .UNSPECIFIED. ) ;
#3496 = VECTOR ( 'NONE', #3941, 999.9999999999998863 ) ;
#3497 = CARTESIAN_POINT ( 'NONE',  ( -31.89761396219790157, 14.24961796742621978, 151.7375994791665050 ) ) ;
#3498 = CARTESIAN_POINT ( 'NONE',  ( -35.85959188189404756, 12.87381810703266005, 161.2055708333334962 ) ) ;
#3499 = VECTOR ( 'NONE', #2426, 1000.000000000000000 ) ;
#3500 = CARTESIAN_POINT ( 'NONE',  ( -40.86602137509414945, 14.01395232810440028, 149.8610340579326135 ) ) ;
#3501 = CARTESIAN_POINT ( 'NONE',  ( -39.15982809539760012, 10.31086785985520038, 153.1122192057380005 ) ) ;
#3502 = CARTESIAN_POINT ( 'NONE',  ( -40.08578982533844481, 10.07099057670106035, 153.4886336924295165 ) ) ;
#3503 = CARTESIAN_POINT ( 'NONE',  ( -40.90655938179619966, 9.624955022142248851, 153.5938226520279954 ) ) ;
#3504 = CARTESIAN_POINT ( 'NONE',  ( -36.80858426566999952, 15.66134521238975097, 155.7641301668614915 ) ) ;
#3505 = CARTESIAN_POINT ( 'NONE',  ( -30.68601457746574823, 11.44051067723199822, 150.6758082076035237 ) ) ;
#3506 = EDGE_CURVE ( 'NONE', #4622, #1398, #2797, .T. ) ;
#3507 = ORIENTED_EDGE ( 'NONE', *, *, #1279, .T. ) ;
#3508 = CARTESIAN_POINT ( 'NONE',  ( -40.77861907348280823, 9.795339096841811255, 147.6230291666665835 ) ) ;
#3509 = CARTESIAN_POINT ( 'NONE',  ( -40.79150280666495121, 14.49155754190602075, 151.1517626486169945 ) ) ;
#3510 = ORIENTED_EDGE ( 'NONE', *, *, #909, .F. ) ;
#3511 = CARTESIAN_POINT ( 'NONE',  ( -30.84826612392125256, 13.68252171501649883, 150.3119839607340111 ) ) ;
#3512 = CARTESIAN_POINT ( 'NONE',  ( -42.16123677860625207, 9.353865422639499272, 152.5902181280215189 ) ) ;
#3513 = CARTESIAN_POINT ( 'NONE',  ( -41.49353648539619854, 9.181015870377008170, 149.8223955679739845 ) ) ;
#3514 = CARTESIAN_POINT ( 'NONE',  ( -40.40223991108064894, 14.79809442876791969, 150.2695875000000001 ) ) ;
#3515 = CARTESIAN_POINT ( 'NONE',  ( -40.51848729962585338, 9.802349218690169508, 154.1821763475130069 ) ) ;
#3516 = CARTESIAN_POINT ( 'NONE',  ( -39.89795251545755406, 13.95612136144915993, 164.4448729166665260 ) ) ;
#3517 = CARTESIAN_POINT ( 'NONE',  ( -31.96404173355987766, 14.46131680553087584, 151.6359365967357178 ) ) ;
#3518 = CARTESIAN_POINT ( 'NONE',  ( -34.93691647948145373, 13.99527709209167270, 157.0213421388128552 ) ) ;
#3519 = CARTESIAN_POINT ( 'NONE',  ( -41.11012680368190075, 9.612716085880871120, 154.0696861959494868 ) ) ;
#3520 = CARTESIAN_POINT ( 'NONE',  ( -31.25485492395379339, 13.70775305006405986, 151.0446000000000026 ) ) ;
#3521 = CARTESIAN_POINT ( 'NONE',  ( -36.02104499951330041, 13.06574996421997881, 161.1929125000000056 ) ) ;
#3522 = CARTESIAN_POINT ( 'NONE',  ( -40.92973829007834752, 13.04003629640719808, 148.5836874999999964 ) ) ;
#3523 = CARTESIAN_POINT ( 'NONE',  ( -40.14945523510505154, 9.631058921637508874, 146.2261963582149917 ) ) ;
#3524 = CARTESIAN_POINT ( 'NONE',  ( -40.96391477599044606, 9.815545862561279478, 153.5741887449995033 ) ) ;
#3525 = CARTESIAN_POINT ( 'NONE',  ( -36.39853339509394914, 15.55565530012555087, 155.7116875186979996 ) ) ;
#3526 = CARTESIAN_POINT ( 'NONE',  ( -30.84982763093260161, 13.25084632960733977, 150.5892875000000117 ) ) ;
#3527 = CARTESIAN_POINT ( 'NONE',  ( -39.12733192378439639, 10.15130643859219894, 151.4683906970620058 ) ) ;
#3528 = ORIENTED_EDGE ( 'NONE', *, *, #2772, .F. ) ;
#3529 = EDGE_CURVE ( 'NONE', #2177, #2787, #4588, .T. ) ;
#3530 = CARTESIAN_POINT ( 'NONE',  ( -36.90537185731579939, 16.59633454726824908, 152.1732094180150057 ) ) ;
#3531 = CARTESIAN_POINT ( 'NONE',  ( -40.17960152402559970, 12.06591646190299905, 145.8083652777778241 ) ) ;
#3532 = CARTESIAN_POINT ( 'NONE',  ( -36.54291034060260301, 0.9219362362526369870, 164.4182534586959719 ) ) ;
#3533 = ORIENTED_EDGE ( 'NONE', *, *, #285, .F. ) ;
#3534 = CARTESIAN_POINT ( 'NONE',  ( -35.10407818254145695, 12.72288295726016827, 159.5324658560510898 ) ) ;
#3535 = CARTESIAN_POINT ( 'NONE',  ( -41.53154532627460327, 9.673201742208160425, 153.8506079229879902 ) ) ;
#3536 = CARTESIAN_POINT ( 'NONE',  ( -39.73727342950385122, 9.816107851592489553, 145.2703919270831818 ) ) ;
#3537 = CARTESIAN_POINT ( 'NONE',  ( -40.10312294341740369, 14.91248172347714096, 149.1054731976954031 ) ) ;
#3538 = CARTESIAN_POINT ( 'NONE',  ( -39.13019966334514521, 10.11863704686619947, 153.1969306895950069 ) ) ;
#3539 = CARTESIAN_POINT ( 'NONE',  ( -33.27028941782035076, 10.12953692578411946, 156.1430850694444814 ) ) ;
#3540 = CARTESIAN_POINT ( 'NONE',  ( -35.35906414838642320, 13.22353465003095785, 159.2461069862669945 ) ) ;
#3541 = ORIENTED_EDGE ( 'NONE', *, *, #4341, .F. ) ;
#3542 = CARTESIAN_POINT ( 'NONE',  ( -40.97446890308449952, 9.601981571378148672, 148.2313424479165747 ) ) ;
#3543 = CARTESIAN_POINT ( 'NONE',  ( -35.78314333386420287, 12.77470424476097932, 161.2103437500000211 ) ) ;
#3544 = CARTESIAN_POINT ( 'NONE',  ( -42.65201404562200338, 12.21425071818483943, 153.6659770833335301 ) ) ;
#3545 = CARTESIAN_POINT ( 'NONE',  ( -40.19592004652080419, 14.77876024786213982, 149.0551020485983997 ) ) ;
#3546 = DIRECTION ( 'NONE',  ( 0.3656150866411352895, 0.01415353698374996298, -0.9306585226662058563 ) ) ;
#3547 = B_SPLINE_CURVE_WITH_KNOTS ( 'NONE', 3,
 ( #1743, #3199, #3869, #1383 ),
 .UNSPECIFIED., .F., .F.,
 ( 4, 4 ),
 ( 0.000000000000000000, 1.000000000000000000 ),
 .UNSPECIFIED. ) ;
#3548 = CARTESIAN_POINT ( 'NONE',  ( -36.93119588538339571, 16.01114894068025052, 154.7130854166665017 ) ) ;
#3549 = CARTESIAN_POINT ( 'NONE',  ( -31.12047838271175237, 14.46847625762184109, 150.1528894975594710 ) ) ;
#3550 = VERTEX_POINT ( 'NONE', #136 ) ;
#3551 = CARTESIAN_POINT ( 'NONE',  ( -36.58422342659334703, 16.55424643587770106, 152.8359885154599738 ) ) ;
#3552 = CARTESIAN_POINT ( 'NONE',  ( -41.35834700334895331, 9.311917053351239204, 151.8748722474945225 ) ) ;
#3553 = CARTESIAN_POINT ( 'NONE',  ( -40.69330690618889435, 11.53465399814382053, 147.1080166666666003 ) ) ;
#3554 = CARTESIAN_POINT ( 'NONE',  ( -41.42517005871245317, 10.38236745955904361, 149.2933870671272700 ) ) ;
#3555 = ORIENTED_EDGE ( 'NONE', *, *, #4284, .F. ) ;
#3556 = CARTESIAN_POINT ( 'NONE',  ( -35.27123674849634938, 13.04733241459241988, 159.3713227205475107 ) ) ;
#3557 = EDGE_CURVE ( 'NONE', #2386, #3866, #4626, .T. ) ;
#3558 = CARTESIAN_POINT ( 'NONE',  ( -42.10849486140234887, 9.412130466913959381, 153.0017383767379897 ) ) ;
#3559 = CARTESIAN_POINT ( 'NONE',  ( -39.75858977159524699, 9.674415668886959807, 145.3874868055555964 ) ) ;
#3560 = CARTESIAN_POINT ( 'NONE',  ( -40.23069239018075649, 14.90375982354093942, 149.7765380489200027 ) ) ;
#3561 = CARTESIAN_POINT ( 'NONE',  ( -39.10247270120340346, 10.12027701943615909, 153.1318531127660094 ) ) ;
#3562 = CARTESIAN_POINT ( 'NONE',  ( -34.92334124687839392, 12.81674413104052057, 158.9450500000000090 ) ) ;
#3563 = ORIENTED_EDGE ( 'NONE', *, *, #483, .T. ) ;
#3564 = DIRECTION ( 'NONE',  ( 0.3656150866411370104, 0.01415353698374980512, -0.9306585226662051902 ) ) ;
#3565 = ADVANCED_FACE ( 'NONE', ( #4157 ), #34, .F. ) ;
#3566 = CARTESIAN_POINT ( 'NONE',  ( -33.60243321355724788, 14.27800212404099867, 154.4891125000000045 ) ) ;
#3567 = CARTESIAN_POINT ( 'NONE',  ( -34.73846249153195487, 13.45000420791540030, 157.5513173611109892 ) ) ;
#3568 = CARTESIAN_POINT ( 'NONE',  ( -44.75911786143134918, 11.83344019338520070, 160.9347000000000207 ) ) ;
#3569 = CARTESIAN_POINT ( 'NONE',  ( -41.22802501920764939, 13.81468020971511912, 150.9855041666665159 ) ) ;
#3570 = AXIS2_PLACEMENT_3D ( 'NONE', #4582, #609, #3915 ) ;
#3571 = CARTESIAN_POINT ( 'NONE',  ( -40.19432849306270583, 9.827758185317680528, 146.2254225900066160 ) ) ;
#3572 = STYLED_ITEM ( 'NONE', ( #787 ), #3986 ) ;
#3573 = CARTESIAN_POINT ( 'NONE',  ( -35.79361027392069872, 16.63346794069904888, 152.3745239583334978 ) ) ;
#3574 = CARTESIAN_POINT ( 'NONE',  ( -41.10148829860259667, 14.29213514179026134, 152.1014580225094903 ) ) ;
#3575 = CARTESIAN_POINT ( 'NONE',  ( -32.24744733755724013, 13.78957032715313069, 152.7712535375101197 ) ) ;
#3576 = CARTESIAN_POINT ( 'NONE',  ( -33.05333144314174376, 10.19918745131283977, 155.6712048611109935 ) ) ;
#3577 = ORIENTED_EDGE ( 'NONE', *, *, #1869, .F. ) ;
#3578 = CARTESIAN_POINT ( 'NONE',  ( -38.15561522176125209, 16.66661854784170060, 150.0909541666665064 ) ) ;
#3579 = FACE_OUTER_BOUND ( 'NONE', #557, .T. ) ;
#3580 = CARTESIAN_POINT ( 'NONE',  ( -44.07909533020570336, 8.309631808154488652, 156.4621374999999830 ) ) ;
#3581 = CARTESIAN_POINT ( 'NONE',  ( -40.15181551465479970, 11.04165429442799962, 145.7394333333333805 ) ) ;
#3582 = CARTESIAN_POINT ( 'NONE',  ( -41.41048560176116666, 10.48233282126043875, 149.2443511271349337 ) ) ;
#3583 = ORIENTED_EDGE ( 'NONE', *, *, #4316, .T. ) ;
#3584 = CARTESIAN_POINT ( 'NONE',  ( -43.56372094807063178, 8.979326316883218695, 155.0884936859526704 ) ) ;
#3585 = CYLINDRICAL_SURFACE ( 'NONE', #4108, 1.750000000000005551 ) ;
#3586 = CARTESIAN_POINT ( 'NONE',  ( -40.12862021161640058, 9.804592774498338770, 151.0277670269345265 ) ) ;
#3587 = CARTESIAN_POINT ( 'NONE',  ( -41.27732242418989728, 9.499105054705578866, 149.0863895833331867 ) ) ;
#3588 = CARTESIAN_POINT ( 'NONE',  ( -39.94835433202050012, 15.10209323666749981, 149.0430237302481942 ) ) ;
#3589 = CARTESIAN_POINT ( 'NONE',  ( -41.03799653438854733, 9.579790955661419360, 153.5393644289604822 ) ) ;
#3590 = CARTESIAN_POINT ( 'NONE',  ( -35.36407284397750317, 12.57808003344523939, 160.4600750000000176 ) ) ;
#3591 = ORIENTED_EDGE ( 'NONE', *, *, #2527, .F. ) ;
#3592 = EDGE_CURVE ( 'NONE', #3410, #1214, #4460, .T. ) ;
#3593 = CARTESIAN_POINT ( 'NONE',  ( -32.35984670977190092, 14.68737672487752022, 152.0359731580460050 ) ) ;
#3594 = CARTESIAN_POINT ( 'NONE',  ( -36.45370533272870261, 14.42958815730584021, 158.7698999999999785 ) ) ;
#3595 = CARTESIAN_POINT ( 'NONE',  ( -40.37190997796410130, 14.50593071794619959, 148.9539567557371811 ) ) ;
#3596 = CARTESIAN_POINT ( 'NONE',  ( -37.92658445505639264, 16.50025038394535315, 152.1893625000000156 ) ) ;
#3597 = DIRECTION ( 'NONE',  ( 0.8854855037441001775, 0.3027836952349070576, 0.3524733416287705867 ) ) ;
#3598 = CARTESIAN_POINT ( 'NONE',  ( -42.17848971723140039, 9.320689029725180319, 151.5367041666665102 ) ) ;
#3599 = CARTESIAN_POINT ( 'NONE',  ( -41.46364901017710025, 9.533003269542021485, 149.5800906249999969 ) ) ;
#3600 = CARTESIAN_POINT ( 'NONE',  ( -32.18316626931225244, 13.24791964819289980, 153.0931694821600217 ) ) ;
#3601 = CARTESIAN_POINT ( 'NONE',  ( -31.86086872063994946, 10.94904550454722170, 153.1346361111110070 ) ) ;
#3602 = ORIENTED_EDGE ( 'NONE', *, *, #1959, .F. ) ;
#3603 = CARTESIAN_POINT ( 'NONE',  ( -40.11673288812664850, 9.172273396265719470, 146.4389895833332105 ) ) ;
#3604 = B_SPLINE_CURVE_WITH_KNOTS ( 'NONE', 3,
 ( #2522, #769, #1834, #2931 ),
 .UNSPECIFIED., .F., .F.,
 ( 4, 4 ),
 ( 0.000000000000000000, 1.000000000000000000 ),
 .UNSPECIFIED. ) ;
#3605 = CARTESIAN_POINT ( 'NONE',  ( -40.67683687639210177, 10.88900789873028074, 147.0560999999999865 ) ) ;
#3606 = CARTESIAN_POINT ( 'NONE',  ( -41.43254177114125270, 10.32126648741273023, 149.3200112243459614 ) ) ;
#3607 = VERTEX_POINT ( 'NONE', #177 ) ;
#3608 = CARTESIAN_POINT ( 'NONE',  ( -40.94053740807544983, 9.613465191522038822, 153.5815462679825032 ) ) ;
#3609 = CARTESIAN_POINT ( 'NONE',  ( -40.40470991084280428, 9.712997894024429257, 150.9451593364134965 ) ) ;
#3610 = CARTESIAN_POINT ( 'NONE',  ( -39.97398774186304848, 9.886828561390970549, 145.7249368055556147 ) ) ;
#3611 = CARTESIAN_POINT ( 'NONE',  ( -39.64243865449060422, 15.74617827070601983, 153.2340221043690178 ) ) ;
#3612 = DIRECTION ( 'NONE',  ( 0.2867769709712615356, -0.9529542020951189407, 0.09816953514101768585 ) ) ;
#3613 = CARTESIAN_POINT ( 'NONE',  ( -34.54444528141799964, 13.27035724676950146, 157.4425249999999892 ) ) ;
#3614 = ORIENTED_EDGE ( 'NONE', *, *, #1634, .F. ) ;
#3615 = B_SPLINE_CURVE_WITH_KNOTS ( 'NONE', 3,
 ( #4637, #3542, #1676, #2484, #3494, #548, #2434, #3874 ),
 .UNSPECIFIED., .F., .F.,
 ( 4, 1, 1, 1, 1, 4 ),
 ( 0.000000000000000000, 0.2000000000000000111, 0.4000000000000000222, 0.5999999999999999778, 0.8000000000000000444, 1.000000000000000000 ),
 .UNSPECIFIED. ) ;
#3616 = CARTESIAN_POINT ( 'NONE',  ( -42.08117589259550329, 14.15822556200637905, 158.7788187499999992 ) ) ;
#3617 = CARTESIAN_POINT ( 'NONE',  ( -33.00608332498970299, 14.94483567695317916, 152.6764614583335060 ) ) ;
#3618 = CARTESIAN_POINT ( 'NONE',  ( -35.97554861965399908, 14.03198329513469922, 158.8395666666665136 ) ) ;
#3619 = CARTESIAN_POINT ( 'NONE',  ( -41.40129778914265302, 10.20230376737409905, 149.2395874999999990 ) ) ;
#3620 = ADVANCED_FACE ( 'NONE', ( #4657 ), #4317, .F. ) ;
#3621 = FACE_OUTER_BOUND ( 'NONE', #2957, .T. ) ;
#3622 = CARTESIAN_POINT ( 'NONE',  ( -41.63690927879265757, 9.530926613041920348, 152.7773042052049846 ) ) ;
#3623 = CARTESIAN_POINT ( 'NONE',  ( -42.82577545092235027, 9.114686097175999535, 153.2381007812500116 ) ) ;
#3624 = CARTESIAN_POINT ( 'NONE',  ( -36.13089381266305367, 17.01824260502100117, 151.2750190617560122 ) ) ;
#3625 = CARTESIAN_POINT ( 'NONE',  ( -42.25003297077824982, 10.06318058443611996, 151.5859306697009856 ) ) ;
#3626 = CARTESIAN_POINT ( 'NONE',  ( -35.18298225041539951, 0.1690657367550975065, 153.1372876989885299 ) ) ;
#3627 = DIRECTION ( 'NONE',  ( -0.1899874260112673630, -0.1570117862519289087, -0.9691501828589785816 ) ) ;
#3628 = CARTESIAN_POINT ( 'NONE',  ( -32.08315562665650589, 13.84258057345149950, 152.4552854166664986 ) ) ;
#3629 = VERTEX_POINT ( 'NONE', #634 ) ;
#3630 = ORIENTED_EDGE ( 'NONE', *, *, #1900, .F. ) ;
#3631 = CARTESIAN_POINT ( 'NONE',  ( -38.77904010040322191, 16.13175133685907170, 153.5790775161970885 ) ) ;
#3632 = CARTESIAN_POINT ( 'NONE',  ( -32.63384703601279568, 15.08117275997440032, 151.9456768794400148 ) ) ;
#3633 = CARTESIAN_POINT ( 'NONE',  ( -35.51559733395307461, 13.58937633533000700, 158.8630960849083920 ) ) ;
#3634 = CARTESIAN_POINT ( 'NONE',  ( -41.05629723062349967, 11.33612942033169979, 148.2153326997670035 ) ) ;
#3635 = VERTEX_POINT ( 'NONE', #2480 ) ;
#3636 = CARTESIAN_POINT ( 'NONE',  ( -39.64907507813759935, 9.956706169525610051, 153.1407911730220235 ) ) ;
#3637 = CARTESIAN_POINT ( 'NONE',  ( -33.45519647589414802, 14.68063522172561974, 153.4994985129839904 ) ) ;
#3638 = CARTESIAN_POINT ( 'NONE',  ( -41.58650384751089746, 9.484324501892920978, 152.1776803558625204 ) ) ;
#3639 = CARTESIAN_POINT ( 'NONE',  ( -34.22503429339529646, 10.72527573806572043, 158.8358000000000061 ) ) ;
#3640 = EDGE_LOOP ( 'NONE', ( #4081, #2865, #3169, #2615 ) ) ;
#3641 = CARTESIAN_POINT ( 'NONE',  ( -39.87170320147359348, 11.98344906947492028, 163.2787405939579912 ) ) ;
#3642 = B_SPLINE_SURFACE_WITH_KNOTS ( 'NONE', 3, 1, ( 
 ( #496, #85 ),
 ( #3065, #1561 ),
 ( #3017, #4158 ),
 ( #1990, #1197 ),
 ( #2668, #1344 ),
 ( #4262, #251 ),
 ( #1712, #4125 ),
 ( #1616, #3774 ),
 ( #3052, #165 ),
 ( #4526, #4503 ),
 ( #2700, #3815 ),
 ( #528, #1153 ),
 ( #4547, #1366 ),
 ( #2022, #3477 ),
 ( #572, #1295 ),
 ( #4618, #2831 ),
 ( #947, #2441 ),
 ( #237, #925 ),
 ( #1270, #2764 ) ),
 .UNSPECIFIED., .F., .F., .F.,
 ( 4, 1, 1, 1, 1, 1, 1, 1, 1, 1, 1, 1, 1, 1, 1, 1, 4 ),
 ( 2, 2 ),
 ( 0.000000000000000000, 0.06492905897034109697, 0.1283499713500216022, 0.1896903594158154960, 0.2511628432236300279, 0.3117776417785689813, 0.3734746368781345360, 0.4363730770795110070, 0.5007518194527359467, 0.5654960610381430941, 0.6282360296691349433, 0.6897295025460020712, 0.7505265103252259928, 0.8113235181044580191, 0.8727239849192929277, 0.9354639535502989878, 1.000000000000000000 ),
 ( 0.000000000000000000, 1.000000000000000000 ),
 .UNSPECIFIED. ) ;
#3643 = CARTESIAN_POINT ( 'NONE',  ( -37.09378275020330307, 12.87996847792207866, 164.0895916666665073 ) ) ;
#3644 = CARTESIAN_POINT ( 'NONE',  ( -41.02826804918609582, 9.976233364669779391, 148.2418973958332060 ) ) ;
#3645 = CARTESIAN_POINT ( 'NONE',  ( -41.41451290508160099, 9.647783701974720572, 153.2619891481145089 ) ) ;
#3646 = CARTESIAN_POINT ( 'NONE',  ( -39.98708779123780488, 10.15565780212079972, 154.0221853467194819 ) ) ;
#3647 = CARTESIAN_POINT ( 'NONE',  ( -41.73927173446470107, 9.559556233456779850, 150.3121958057859899 ) ) ;
#3648 = CARTESIAN_POINT ( 'NONE',  ( -36.40374123001614493, 12.11769935020645939, 154.4511826431364909 ) ) ;
#3649 = CARTESIAN_POINT ( 'NONE',  ( -31.65943179421489617, 13.26070724962964142, 152.1179479166665089 ) ) ;
#3650 = ORIENTED_EDGE ( 'NONE', *, *, #3121, .T. ) ;
#3651 = CARTESIAN_POINT ( 'NONE',  ( -39.18919048144094575, 15.96594413031870019, 149.5848708333331842 ) ) ;
#3652 = AXIS2_PLACEMENT_3D ( 'NONE', #2214, #29, #3300 ) ;
#3653 = ORIENTED_EDGE ( 'NONE', *, *, #1301, .T. ) ;
#3654 = B_SPLINE_CURVE_WITH_KNOTS ( 'NONE', 3,
 ( #3881, #1365, #3523, #4617, #620, #4279, #2489, #2118, #1754, #3571 ),
 .UNSPECIFIED., .F., .F.,
 ( 4, 3, 3, 4 ),
 ( 0.0001796760686204280032, 0.0001976914206500279955, 0.0002966168057659840265, 0.0003935267723887300143 ),
 .UNSPECIFIED. ) ;
#3655 = EDGE_CURVE ( 'NONE', #575, #441, #4000, .T. ) ;
#3656 = CARTESIAN_POINT ( 'NONE',  ( -33.63314105586504610, 16.11240409709144927, 151.7331888888890035 ) ) ;
#3657 = CARTESIAN_POINT ( 'NONE',  ( -40.46423006575095371, 10.74364181619340464, 146.5633177127697024 ) ) ;
#3658 = CARTESIAN_POINT ( 'NONE',  ( -39.64163086801483615, 15.51911775473025124, 151.0818703519217650 ) ) ;
#3659 = CARTESIAN_POINT ( 'NONE',  ( -40.11942956353589551, 9.442405269092429165, 146.2705502056201965 ) ) ;
#3660 = PRESENTATION_LAYER_ASSIGNMENT (  '', '', ( #3572 ) ) ;
#3661 = ORIENTED_EDGE ( 'NONE', *, *, #315, .T. ) ;
#3662 = CARTESIAN_POINT ( 'NONE',  ( -41.14981760189614590, 14.02263289700319859, 151.1827472222219910 ) ) ;
#3663 = CARTESIAN_POINT ( 'NONE',  ( -40.94053740807544983, 9.613465191522038822, 153.5815462679825032 ) ) ;
#3664 = CARTESIAN_POINT ( 'NONE',  ( -39.62850447919215213, 9.775608007611499062, 151.3227380653240175 ) ) ;
#3665 = CARTESIAN_POINT ( 'NONE',  ( -30.46095427551944823, 12.41663913742110026, 150.1792003531515149 ) ) ;
#3666 = CARTESIAN_POINT ( 'NONE',  ( -35.70669478583440082, 12.67559038248930037, 161.2151166666665176 ) ) ;
#3667 = ORIENTED_EDGE ( 'NONE', *, *, #1776, .F. ) ;
#3668 = CARTESIAN_POINT ( 'NONE',  ( -40.82629449648379705, 14.73983972502895945, 154.7795300347220007 ) ) ;
#3669 = CARTESIAN_POINT ( 'NONE',  ( -35.37012677950104944, 13.80871225367443955, 158.1283500000000117 ) ) ;
#3670 = CARTESIAN_POINT ( 'NONE',  ( -41.64814779125779864, 9.292051965194390917, 150.1909340230990040 ) ) ;
#3671 = CARTESIAN_POINT ( 'NONE',  ( -31.93600281709263555, 12.27788433751637953, 153.1412494526014711 ) ) ;
#3672 = CARTESIAN_POINT ( 'NONE',  ( -37.40823210849195135, 16.54853213078230212, 151.9749306045969774 ) ) ;
#3673 = CARTESIAN_POINT ( 'NONE',  ( -45.70498493843179943, 8.391472727273889376, 160.0254166666665014 ) ) ;
#3674 = CARTESIAN_POINT ( 'NONE',  ( -41.86654921282299568, 9.471979017659108990, 150.6814213942934941 ) ) ;
#3675 = CARTESIAN_POINT ( 'NONE',  ( -36.38568616545195056, 17.10003434283224877, 150.8798225404490267 ) ) ;
#3676 = CARTESIAN_POINT ( 'NONE',  ( -41.71257593140714448, 9.369297123216080436, 151.4293702674345070 ) ) ;
#3677 = ORIENTED_EDGE ( 'NONE', *, *, #4116, .F. ) ;
#3678 = CARTESIAN_POINT ( 'NONE',  ( -40.16916948278740307, 15.24918112486735033, 154.1029604166664910 ) ) ;
#3679 = CARTESIAN_POINT ( 'NONE',  ( -41.45342206019584808, 8.981179730814460527, 149.8225478539779942 ) ) ;
#3680 = CARTESIAN_POINT ( 'NONE',  ( -37.95210347578210275, 16.28576310149260209, 153.3690330386834830 ) ) ;
#3681 = CARTESIAN_POINT ( 'NONE',  ( -40.59573595611990271, 9.704864189127428986, 151.4242369067965228 ) ) ;
#3682 = CARTESIAN_POINT ( 'NONE',  ( -40.19540192392801004, 15.00682127937806420, 150.8565268402137463 ) ) ;
#3683 = VERTEX_POINT ( 'NONE', #2082 ) ;
#3684 = CARTESIAN_POINT ( 'NONE',  ( -40.93712239402660202, 14.39864453990492166, 151.5935588541665027 ) ) ;
#3685 = ADVANCED_FACE ( 'NONE', ( #331 ), #1196, .T. ) ;
#3686 = CARTESIAN_POINT ( 'NONE',  ( -41.71257593140714448, 9.369297123216080436, 151.4293702674345070 ) ) ;
#3687 = CARTESIAN_POINT ( 'NONE',  ( -44.79816814770220645, 8.222900670384369448, 146.2588606299774199 ) ) ;
#3688 = CARTESIAN_POINT ( 'NONE',  ( -42.76492736765809610, 10.49228436636207284, 153.0115003669897931 ) ) ;
#3689 = CARTESIAN_POINT ( 'NONE',  ( -35.75748754503389648, 11.33894847986804066, 163.4758666666664908 ) ) ;
#3690 = CARTESIAN_POINT ( 'NONE',  ( -42.71982037744565019, 12.71393113256559992, 154.9822999999999809 ) ) ;
#3691 = ORIENTED_EDGE ( 'NONE', *, *, #4551, .T. ) ;
#3692 = ADVANCED_FACE ( 'NONE', ( #3745 ), #3642, .T. ) ;
#3693 = LINE ( 'NONE', #3641, #1116 ) ;
#3694 = CARTESIAN_POINT ( 'NONE',  ( -37.08439422693589904, 13.44257180659480078, 162.6372166666664896 ) ) ;
#3695 = CARTESIAN_POINT ( 'NONE',  ( -41.06597462874989901, 10.35437092577263840, 148.2603979166666193 ) ) ;
#3696 = CARTESIAN_POINT ( 'NONE',  ( -46.00789963249739856, 7.895795638027780505, 160.9752253472219934 ) ) ;
#3697 = DIRECTION ( 'NONE',  ( -0.3656150866411387312, -0.01415353698374498780, 0.9306585226662045240 ) ) ;
#3698 = CARTESIAN_POINT ( 'NONE',  ( -43.31537384074685093, 8.992062857950175569, 154.4866271468559944 ) ) ;
#3699 = CARTESIAN_POINT ( 'NONE',  ( -41.61074070996799890, 9.064414599075121259, 150.2096122857945204 ) ) ;
#3700 = CARTESIAN_POINT ( 'NONE',  ( -32.49387025636944770, 13.04359457862851990, 153.8798999999999921 ) ) ;
#3701 = CARTESIAN_POINT ( 'NONE',  ( -41.30342519255655276, 10.77094746621054000, 148.9086749999999881 ) ) ;
#3702 = ORIENTED_EDGE ( 'NONE', *, *, #3847, .T. ) ;
#3703 = CARTESIAN_POINT ( 'NONE',  ( -36.96144209230480016, 16.32225237739064738, 153.7587755608159910 ) ) ;
#3704 = CARTESIAN_POINT ( 'NONE',  ( -35.09789099523909783, 16.93795815565630036, 151.2541079861109949 ) ) ;
#3705 = CARTESIAN_POINT ( 'NONE',  ( -42.89372597483834681, 10.53312620388805954, 153.3666946779024727 ) ) ;
#3706 = CARTESIAN_POINT ( 'NONE',  ( -39.05937783552140274, 10.21371052892360076, 151.8756511822485322 ) ) ;
#3707 = ORIENTED_EDGE ( 'NONE', *, *, #2383, .F. ) ;
#3708 = CARTESIAN_POINT ( 'NONE',  ( -42.76886098510279766, 11.48277021891670024, 153.3859750000000020 ) ) ;
#3709 = CARTESIAN_POINT ( 'NONE',  ( -37.14841235881457493, 16.28253626194768344, 154.2219730879474184 ) ) ;
#3710 = CARTESIAN_POINT ( 'NONE',  ( -39.84680372433015094, 9.693159150125810086, 151.1600930157165124 ) ) ;
#3711 = CARTESIAN_POINT ( 'NONE',  ( -42.79599907601863151, 10.69553922189201067, 153.1469409072724943 ) ) ;
#3712 = EDGE_CURVE ( 'NONE', #3762, #3391, #110, .T. ) ;
#3713 = CARTESIAN_POINT ( 'NONE',  ( -35.82144045486285222, 9.807317786749470301, 164.3146583333335116 ) ) ;
#3714 = CARTESIAN_POINT ( 'NONE',  ( -44.92561652046600074, 11.70922606622215945, 161.5653666666665060 ) ) ;
#3715 = ORIENTED_EDGE ( 'NONE', *, *, #2532, .F. ) ;
#3716 = LINE ( 'NONE', #1941, #1732 ) ;
#3717 = CARTESIAN_POINT ( 'NONE',  ( -32.93914566428825452, 12.19602654373677986, 155.2770601021328787 ) ) ;
#3718 = B_SPLINE_CURVE_WITH_KNOTS ( 'NONE', 3,
 ( #2538, #2276, #1848, #428, #1041, #3357, #3307, #64, #2196, #16, #1483, #1801, #3262, #2945, #4711, #4399, #1118, #495, #3064, #218, #2100 ),
 .UNSPECIFIED., .F., .F.,
 ( 4, 1, 1, 1, 1, 1, 2, 2, 1, 1, 1, 1, 2, 2, 4 ),
 ( 0.000000000000000000, 0.2499999999999485412, 0.3749999999999348854, 0.4374999999999267253, 0.4687499999999226175, 0.4843749999999046318, 0.4921874999998972489, 0.4999999999998898659, 0.6249999999998911981, 0.6874999999999040767, 0.7187499999999116262, 0.7343749999999154010, 0.7421874999999173994, 0.7499999999999192868, 1.000000000000000000 ),
 .UNSPECIFIED. ) ;
#3719 = ADVANCED_FACE ( 'NONE', ( #2539 ), #2325, .F. ) ;
#3720 = CARTESIAN_POINT ( 'NONE',  ( -36.80858426566999952, 15.66134521238975097, 155.7641301668614915 ) ) ;
#3721 = DIRECTION ( 'NONE',  ( 0.1731025162256844552, 0.1523324881529544705, 0.9730520705129128700 ) ) ;
#3722 = CARTESIAN_POINT ( 'NONE',  ( -40.98607660453674839, 9.991200996339570040, 148.1194671875000211 ) ) ;
#3723 = CARTESIAN_POINT ( 'NONE',  ( -32.16225183575699020, 12.26046524137401761, 153.6330864295502749 ) ) ;
#3724 = CARTESIAN_POINT ( 'NONE',  ( -46.03840189311119957, 8.656917160480679385, 149.0017514304053918 ) ) ;
#3725 = CARTESIAN_POINT ( 'NONE',  ( -34.21945806168034920, 14.67481401505106042, 154.8109269410350066 ) ) ;
#3726 = CARTESIAN_POINT ( 'NONE',  ( -44.11252792156975033, 10.22421242217602000, 156.6779000000000224 ) ) ;
#3727 = CARTESIAN_POINT ( 'NONE',  ( -39.59687755028755163, 10.15616302862711962, 152.8871911445019975 ) ) ;
#3728 = CARTESIAN_POINT ( 'NONE',  ( -40.88742786638024995, 9.629069220486869085, 147.9871273437499894 ) ) ;
#3729 = CARTESIAN_POINT ( 'NONE',  ( -41.51192568071639499, 12.07125707594174102, 149.8130999999999915 ) ) ;
#3730 = VERTEX_POINT ( 'NONE', #2031 ) ;
#3731 = CARTESIAN_POINT ( 'NONE',  ( -30.87001439051689999, 13.75577067717376067, 150.3046166666665044 ) ) ;
#3732 = CARTESIAN_POINT ( 'NONE',  ( -41.34774386165840099, 9.514548720293278805, 151.7735980757000220 ) ) ;
#3733 = CARTESIAN_POINT ( 'NONE',  ( -40.41473735704722969, 14.75986944749088003, 150.7666038628472904 ) ) ;
#3734 =( NAMED_UNIT ( * ) SI_UNIT ( $, .STERADIAN. ) SOLID_ANGLE_UNIT ( ) );
#3735 = ORIENTED_EDGE ( 'NONE', *, *, #1305, .F. ) ;
#3736 = CARTESIAN_POINT ( 'NONE',  ( -41.86188008595144794, 10.46852794729593938, 150.4985798611110113 ) ) ;
#3737 = VECTOR ( 'NONE', #612, 1000.000000000000000 ) ;
#3738 = CARTESIAN_POINT ( 'NONE',  ( -42.03066175635194668, 9.328263328929789822, 151.9602514885659730 ) ) ;
#3739 = AXIS2_PLACEMENT_3D ( 'NONE', #3804, #1986, #3441 ) ;
#3740 = CARTESIAN_POINT ( 'NONE',  ( -42.76021428453814366, 10.45851874564169037, 152.9925895849127642 ) ) ;
#3741 = CARTESIAN_POINT ( 'NONE',  ( -36.06218820179634577, 8.838297002226989107, 164.0818963541665028 ) ) ;
#3742 = CARTESIAN_POINT ( 'NONE',  ( -40.94389859373634977, 9.402682903598771347, 151.5452530730125034 ) ) ;
#3743 = CARTESIAN_POINT ( 'NONE',  ( -32.15451387878084688, 14.34267163544577883, 152.0741008648824959 ) ) ;
#3744 = CARTESIAN_POINT ( 'NONE',  ( -43.11154128807780239, 13.55491994142380108, 160.8981499999999869 ) ) ;
#3745 = FACE_OUTER_BOUND ( 'NONE', #2231, .T. ) ;
#3746 = CARTESIAN_POINT ( 'NONE',  ( -39.03745863039724640, 14.01929591405616016, 163.7282333333334918 ) ) ;
#3747 = CARTESIAN_POINT ( 'NONE',  ( -36.01637428451474676, 16.02632330746959965, 154.1255509108264903 ) ) ;
#3748 = ADVANCED_FACE ( 'NONE', ( #3131 ), #4515, .T. ) ;
#3749 = CARTESIAN_POINT ( 'NONE',  ( -31.00947741828159820, 11.01054814230499979, 151.2493064403765004 ) ) ;
#3750 = CARTESIAN_POINT ( 'NONE',  ( -43.33654483846459016, 8.990999428761783818, 154.5381799747451907 ) ) ;
#3751 = CARTESIAN_POINT ( 'NONE',  ( -41.08681843081555485, 14.30168670781950091, 152.0559704725984886 ) ) ;
#3752 = CARTESIAN_POINT ( 'NONE',  ( -41.25339490775744622, 12.89873410465073889, 149.5817499999999995 ) ) ;
#3753 = CARTESIAN_POINT ( 'NONE',  ( -30.99478511425025218, 14.11872259216752035, 150.2507652782484797 ) ) ;
#3754 = CARTESIAN_POINT ( 'NONE',  ( -39.00698845857584018, 16.04994563960944021, 153.4882824537478712 ) ) ;
#3755 = CARTESIAN_POINT ( 'NONE',  ( -34.21645977614454637, 14.53759281770801870, 155.0163618055555048 ) ) ;
#3756 = CARTESIAN_POINT ( 'NONE',  ( -42.92416066351291448, 11.22633998956862555, 153.7694854667213633 ) ) ;
#3757 = CARTESIAN_POINT ( 'NONE',  ( -39.02772455673535035, 10.25942426271578078, 152.2269379969369822 ) ) ;
#3758 = ORIENTED_EDGE ( 'NONE', *, *, #1985, .F. ) ;
#3759 = CARTESIAN_POINT ( 'NONE',  ( -42.37452908254034867, 12.91994694204651850, 153.8602604166665060 ) ) ;
#3760 = CARTESIAN_POINT ( 'NONE',  ( -35.66451067971340194, 16.37789848406130133, 152.6573675846095171 ) ) ;
#3761 = CARTESIAN_POINT ( 'NONE',  ( -36.07937922879060011, 11.15826704313253792, 164.5842878472220150 ) ) ;
#3762 = VERTEX_POINT ( 'NONE', #3892 ) ;
#3763 = DIRECTION ( 'NONE',  ( 0.2867769709712615356, -0.9529542020951189407, 0.09816953514101768585 ) ) ;
#3764 = CARTESIAN_POINT ( 'NONE',  ( -31.85478300991044520, 15.04941523001754966, 150.8105565643964781 ) ) ;
#3765 = CARTESIAN_POINT ( 'NONE',  ( -42.68370732901620102, 13.43687777996377974, 157.6325833333334856 ) ) ;
#3766 = CARTESIAN_POINT ( 'NONE',  ( -36.97713901577245110, 15.55490151924160003, 156.2201473429070120 ) ) ;
#3767 = CARTESIAN_POINT ( 'NONE',  ( -41.90240447128719836, 10.07118377192352021, 150.6481124674570253 ) ) ;
#3768 = CARTESIAN_POINT ( 'NONE',  ( -31.17154645668670199, 11.36892004517631882, 151.6536588498285028 ) ) ;
#3769 = CARTESIAN_POINT ( 'NONE',  ( -40.06787637963959980, 9.235478572143179576, 146.2970544086897746 ) ) ;
#3770 = CARTESIAN_POINT ( 'NONE',  ( -39.57159548088500145, 10.15659562119370030, 152.8175353763530211 ) ) ;
#3771 = CARTESIAN_POINT ( 'NONE',  ( -38.22499814031514376, 10.27762436788226097, 152.0959443693909918 ) ) ;
#3772 = EDGE_CURVE ( 'NONE', #3550, #3482, #2316, .T. ) ;
#3773 = CARTESIAN_POINT ( 'NONE',  ( -41.01492287602734876, 12.29070323124902053, 148.3273624999999925 ) ) ;
#3774 = CARTESIAN_POINT ( 'NONE',  ( -39.65226530380385839, 9.828573535142661299, 151.9062977129745207 ) ) ;
#3775 = CARTESIAN_POINT ( 'NONE',  ( -34.34305825229034781, 14.33783366828989969, 155.5193729166664980 ) ) ;
#3776 = CARTESIAN_POINT ( 'NONE',  ( -43.39996807144537883, 11.18809817770630488, 155.2689622933179407 ) ) ;
#3777 =( NAMED_UNIT ( * ) PLANE_ANGLE_UNIT ( ) SI_UNIT ( $, .RADIAN. ) );
#3778 = ORIENTED_EDGE ( 'NONE', *, *, #4146, .F. ) ;
#3779 = CARTESIAN_POINT ( 'NONE',  ( -42.84875946348364550, 10.70776829947067910, 153.2620124999999973 ) ) ;
#3780 = CARTESIAN_POINT ( 'NONE',  ( -41.60882831719600006, 9.389557291307028208, 151.3229684777494981 ) ) ;
#3781 = CARTESIAN_POINT ( 'NONE',  ( -35.60358834721695587, 9.352804432886930641, 163.2018000000000200 ) ) ;
#3782 = CARTESIAN_POINT ( 'NONE',  ( -43.97880000961695401, 10.97255781075923942, 156.8278999999999996 ) ) ;
#3783 = ORIENTED_EDGE ( 'NONE', *, *, #999, .T. ) ;
#3784 = CARTESIAN_POINT ( 'NONE',  ( -40.59573595611990271, 9.704864189127428986, 151.4242369067965228 ) ) ;
#3785 = CARTESIAN_POINT ( 'NONE',  ( -32.35984670977190092, 14.68737672487752022, 152.0359731580460050 ) ) ;
#3786 = CARTESIAN_POINT ( 'NONE',  ( -40.39921205265314796, 14.66645176757459978, 149.6854778329307862 ) ) ;
#3787 = CARTESIAN_POINT ( 'NONE',  ( -40.11734631528315020, 9.598412718679380617, 151.0306880510300118 ) ) ;
#3788 = CARTESIAN_POINT ( 'NONE',  ( -42.25064819082235346, 10.81882794676347892, 151.5971809284204710 ) ) ;
#3789 = CARTESIAN_POINT ( 'NONE',  ( -39.40179362376469641, 14.11688005666394119, 163.6407791666665048 ) ) ;
#3790 = CARTESIAN_POINT ( 'NONE',  ( -41.28429584290225307, 14.28505837457782057, 152.5667872834775096 ) ) ;
#3791 = CARTESIAN_POINT ( 'NONE',  ( -31.17391568912495003, 10.98179913259130203, 151.5943359850939771 ) ) ;
#3792 = CARTESIAN_POINT ( 'NONE',  ( -40.79869040140168579, 11.33167631268646680, 147.4315351230794136 ) ) ;
#3793 = CARTESIAN_POINT ( 'NONE',  ( -34.05612423098810382, 14.47728698650555934, 154.8720896609480064 ) ) ;
#3794 = CARTESIAN_POINT ( 'NONE',  ( -31.91941207668916292, 12.27914950244353065, 153.1050651308532906 ) ) ;
#3795 = CARTESIAN_POINT ( 'NONE',  ( -34.61869460436394519, 16.10402111245749879, 152.7764750000000049 ) ) ;
#3796 = CARTESIAN_POINT ( 'NONE',  ( -43.92288793435808714, 9.722016164117661674, 156.0131443318857691 ) ) ;
#3797 = ORIENTED_EDGE ( 'NONE', *, *, #2580, .F. ) ;
#3798 = ADVANCED_FACE ( 'NONE', ( #1193 ), #2993, .T. ) ;
#3799 = CARTESIAN_POINT ( 'NONE',  ( -46.08363045282670356, 8.905658332669510457, 161.1225916666665228 ) ) ;
#3800 = CARTESIAN_POINT ( 'NONE',  ( -38.44684336613690334, 16.23498135744754833, 153.7111530355204820 ) ) ;
#3801 = VECTOR ( 'NONE', #3763, 999.9999999999998863 ) ;
#3802 = ORIENTED_EDGE ( 'NONE', *, *, #1545, .F. ) ;
#3803 = CARTESIAN_POINT ( 'NONE',  ( -40.49370764859689587, 9.735786935820200938, 151.4263617250115033 ) ) ;
#3804 = CARTESIAN_POINT ( 'NONE',  ( -39.12733192378439639, 10.15130643859219894, 151.4683906970620058 ) ) ;
#3805 = CARTESIAN_POINT ( 'NONE',  ( -40.71940949859685333, 13.68575306650068057, 148.5936093750000282 ) ) ;
#3806 = CARTESIAN_POINT ( 'NONE',  ( -42.36275875644300726, 13.93485549118009992, 158.6553499999999985 ) ) ;
#3807 = CARTESIAN_POINT ( 'NONE',  ( -37.90915530774390163, 16.49440268298785028, 152.3145705372525072 ) ) ;
#3808 = CARTESIAN_POINT ( 'NONE',  ( -41.16542981233383358, 9.073402136745665203, 148.9959954215698872 ) ) ;
#3809 = CARTESIAN_POINT ( 'NONE',  ( -38.23866220860554677, 13.42577402327799874, 164.8563749999999857 ) ) ;
#3810 = CARTESIAN_POINT ( 'NONE',  ( -39.04615565559540613, 10.12105020606950134, 152.9748428928425312 ) ) ;
#3811 = CARTESIAN_POINT ( 'NONE',  ( -41.53531219647474870, 13.09704932941872002, 150.8383446198789954 ) ) ;
#3812 = CARTESIAN_POINT ( 'NONE',  ( -31.37719856520430284, 10.56823410868697977, 151.8683494732529766 ) ) ;
#3813 = CARTESIAN_POINT ( 'NONE',  ( -40.48830447409361710, 10.80586198220936645, 146.6132416576853643 ) ) ;
#3814 = CARTESIAN_POINT ( 'NONE',  ( -39.79326758839999911, 9.924885323700431528, 151.2158282286410156 ) ) ;
#3815 = CARTESIAN_POINT ( 'NONE',  ( -39.51526520189274549, 9.900177892951919745, 152.2011671892560116 ) ) ;
#3816 = CARTESIAN_POINT ( 'NONE',  ( -36.37080696127679857, 16.25731872799354960, 153.6754562499999963 ) ) ;
#3817 = CARTESIAN_POINT ( 'NONE',  ( -42.89050474599338258, 11.13233907376022636, 153.6077778542851320 ) ) ;
#3818 = ORIENTED_EDGE ( 'NONE', *, *, #2238, .F. ) ;
#3819 = B_SPLINE_CURVE_WITH_KNOTS ( 'NONE', 3,
 ( #1336, #2093, #2068, #2042 ),
 .UNSPECIFIED., .F., .F.,
 ( 4, 4 ),
 ( 0.000000000000000000, 1.000000000000000000 ),
 .UNSPECIFIED. ) ;
#3820 = CARTESIAN_POINT ( 'NONE',  ( -32.59991061730674744, 13.19665413223504125, 153.8129344564074756 ) ) ;
#3821 = CARTESIAN_POINT ( 'NONE',  ( -43.56364823985595081, 9.010849364858339428, 155.0561500000000024 ) ) ;
#3822 = DIRECTION ( 'NONE',  ( 0.2867769709712615356, -0.9529542020951189407, 0.09816953514101768585 ) ) ;
#3823 = ORIENTED_EDGE ( 'NONE', *, *, #2696, .F. ) ;
#3824 = DIRECTION ( 'NONE',  ( 0.8854855037440999554, 0.3027836952349064470, 0.3524733416287719745 ) ) ;
#3825 = EDGE_CURVE ( 'NONE', #104, #490, #962, .T. ) ;
#3826 = LINE ( 'NONE', #1649, #2890 ) ;
#3827 = CARTESIAN_POINT ( 'NONE',  ( -40.52443838306925272, 14.16252840093268084, 148.7222378470750073 ) ) ;
#3828 = CARTESIAN_POINT ( 'NONE',  ( -40.98122392892565102, 14.62218518162912062, 154.5709270833335154 ) ) ;
#3829 = CARTESIAN_POINT ( 'NONE',  ( -41.75040397265894399, 9.162045616870940989, 151.5653291186875151 ) ) ;
#3830 = CARTESIAN_POINT ( 'NONE',  ( -41.10179127773741925, 9.075197423931417262, 148.8275191249547333 ) ) ;
#3831 = CARTESIAN_POINT ( 'NONE',  ( -33.97806215053909540, 15.06671031794479987, 153.8372128749770127 ) ) ;
#3832 = CARTESIAN_POINT ( 'NONE',  ( -35.46824010453443066, 13.46175285489706042, 159.0214637282931847 ) ) ;
#3833 = CARTESIAN_POINT ( 'NONE',  ( -39.46743505358005422, 9.947187281385401647, 152.5177746698424812 ) ) ;
#3834 = ADVANCED_FACE ( 'NONE', ( #869 ), #2365, .T. ) ;
#3835 = B_SPLINE_CURVE_WITH_KNOTS ( 'NONE', 3,
 ( #92, #187, #4100, #2305 ),
 .UNSPECIFIED., .F., .F.,
 ( 4, 4 ),
 ( 0.06551409492839449511, 1.000000000000000000 ),
 .UNSPECIFIED. ) ;
#3836 = CARTESIAN_POINT ( 'NONE',  ( -31.40741527865309379, 12.51238782136269911, 151.9831250000000011 ) ) ;
#3837 = CARTESIAN_POINT ( 'NONE',  ( -36.92627693039524672, 12.12213984496580110, 165.3478724553730217 ) ) ;
#3838 = LINE ( 'NONE', #4453, #2132 ) ;
#3839 = CARTESIAN_POINT ( 'NONE',  ( -39.83571752393294929, 10.12590334134976189, 153.2911627838385016 ) ) ;
#3840 = CARTESIAN_POINT ( 'NONE',  ( -36.98128109283569387, 15.76946661442000064, 155.5333624580520109 ) ) ;
#3841 = CARTESIAN_POINT ( 'NONE',  ( -43.08952039874005635, 11.41544491944457285, 154.4405572520608985 ) ) ;
#3842 = ORIENTED_EDGE ( 'NONE', *, *, #2894, .T. ) ;
#3843 = CARTESIAN_POINT ( 'NONE',  ( -34.23893177430849732, 14.47021021801382190, 155.3374189222805057 ) ) ;
#3844 = EDGE_LOOP ( 'NONE', ( #865, #3002, #1159, #4133 ) ) ;
#3845 = CARTESIAN_POINT ( 'NONE',  ( -35.02736997383667017, 12.57201030765522631, 159.5650949764043389 ) ) ;
#3846 = CARTESIAN_POINT ( 'NONE',  ( -42.09032555551505084, 9.188790184018030160, 152.8179379791515089 ) ) ;
#3847 = EDGE_CURVE ( 'NONE', #4273, #3030, #3952, .T. ) ;
#3848 = CARTESIAN_POINT ( 'NONE',  ( -41.45678662423614469, 12.73930118022354563, 150.3264992371085782 ) ) ;
#3849 = CARTESIAN_POINT ( 'NONE',  ( -33.96109538623954904, 13.27395994703917914, 156.3542598958335077 ) ) ;
#3850 = CARTESIAN_POINT ( 'NONE',  ( -31.90816148350414494, 14.47829776539445668, 151.5255382578753824 ) ) ;
#3851 = CARTESIAN_POINT ( 'NONE',  ( -34.84673786704085074, 13.95923289068369932, 156.9313557066359124 ) ) ;
#3852 = CARTESIAN_POINT ( 'NONE',  ( -39.53952215609324838, 9.965572188208110305, 152.9068250515300065 ) ) ;
#3853 = EDGE_CURVE ( 'NONE', #4008, #1597, #3826, .T. ) ;
#3854 = CARTESIAN_POINT ( 'NONE',  ( -31.27729637642839933, 13.19243578313569998, 151.4125249999999880 ) ) ;
#3855 = CARTESIAN_POINT ( 'NONE',  ( -34.70210004759955069, 13.74333894956366109, 157.0375500000000102 ) ) ;
#3856 = CARTESIAN_POINT ( 'NONE',  ( -40.75187350981825318, 14.06552233119504081, 149.4827362317302004 ) ) ;
#3857 = DIRECTION ( 'NONE',  ( 0.8854855037441001775, 0.3027836952349070576, 0.3524733416287705867 ) ) ;
#3858 = CARTESIAN_POINT ( 'NONE',  ( -39.91132007230240220, 10.11076018772847895, 153.3650180581074949 ) ) ;
#3859 = LINE ( 'NONE', #4304, #4709 ) ;
#3860 = B_SPLINE_SURFACE_WITH_KNOTS ( 'NONE', 3, 1, ( 
 ( #2455, #4659 ),
 ( #1694, #1431 ),
 ( #4344, #709 ),
 ( #4633, #1794 ),
 ( #4245, #3515 ),
 ( #981, #1029 ),
 ( #2847, #1715 ),
 ( #332, #4294 ),
 ( #1008, #2821 ),
 ( #2507, #4609 ),
 ( #3200, #1771 ),
 ( #4702, #2084 ),
 ( #3943, #226 ),
 ( #1055, #3538 ),
 ( #4318, #3561 ) ),
 .UNSPECIFIED., .F., .F., .F.,
 ( 4, 1, 1, 1, 1, 1, 1, 1, 1, 1, 1, 1, 4 ),
 ( 2, 2 ),
 ( 0.000000000000000000, 0.08505097580952919456, 0.1679462958418944940, 0.2502627123142365240, 0.3333863537747605021, 0.4166112703646074888, 0.4986169106449850341, 0.5814264478425260618, 0.6656792919116899521, 0.7505298874553699706, 0.8334082697673289575, 0.9162495887424420005, 1.000000000000000000 ),
 ( 0.000000000000000000, 1.000000000000000000 ),
 .UNSPECIFIED. ) ;
#3861 = CARTESIAN_POINT ( 'NONE',  ( -30.58050939742694752, 11.10412988581816052, 150.3989248156850067 ) ) ;
#3862 = ORIENTED_EDGE ( 'NONE', *, *, #155, .F. ) ;
#3863 = CARTESIAN_POINT ( 'NONE',  ( -41.16350207610379641, 8.911082035940159685, 149.0850305555555906 ) ) ;
#3864 = CARTESIAN_POINT ( 'NONE',  ( -40.88742786638024995, 9.629069220486869085, 147.9871273437499894 ) ) ;
#3865 = CARTESIAN_POINT ( 'NONE',  ( -41.11488528297174838, 13.66567250944050116, 150.4749056783689980 ) ) ;
#3866 = VERTEX_POINT ( 'NONE', #4560 ) ;
#3867 = CARTESIAN_POINT ( 'NONE',  ( -41.90240447128719836, 10.07118377192352021, 150.6481124674570253 ) ) ;
#3868 = CARTESIAN_POINT ( 'NONE',  ( -42.10400060845010017, 9.327526575601998715, 152.1673401912919985 ) ) ;
#3869 = CARTESIAN_POINT ( 'NONE',  ( -37.46216661685594573, 16.35440836585834745, 153.5625517955924977 ) ) ;
#3870 = CARTESIAN_POINT ( 'NONE',  ( -42.10388138441199857, 9.163274582220481079, 152.6098520350494709 ) ) ;
#3871 = CARTESIAN_POINT ( 'NONE',  ( -37.35614757282254317, 15.63550280415434912, 156.1718271530374977 ) ) ;
#3872 = CARTESIAN_POINT ( 'NONE',  ( -32.05059494258664188, 14.41533199427394152, 151.8266914224563493 ) ) ;
#3873 = CARTESIAN_POINT ( 'NONE',  ( -35.56302516838161409, 13.87592951299876276, 158.3678116047168487 ) ) ;
#3874 = CARTESIAN_POINT ( 'NONE',  ( -41.56070913455220506, 9.325391451045099700, 149.9360226355346128 ) ) ;
#3875 = VECTOR ( 'NONE', #392, 1000.000000000000000 ) ;
#3876 = CARTESIAN_POINT ( 'NONE',  ( -31.95944676754929858, 14.36202023825502039, 151.7290452743989704 ) ) ;
#3877 = CARTESIAN_POINT ( 'NONE',  ( -36.80416892162094911, 12.33658630265393974, 164.6260779963575089 ) ) ;
#3878 = VECTOR ( 'NONE', #90, 1000.000000000000000 ) ;
#3879 = CARTESIAN_POINT ( 'NONE',  ( -41.40258234180844710, 13.36329935891319920, 150.7222222222220012 ) ) ;
#3880 = ADVANCED_FACE ( 'NONE', ( #1284 ), #3334, .T. ) ;
#3881 = CARTESIAN_POINT ( 'NONE',  ( -40.14688383246775061, 9.619350822114260069, 146.2269954801911922 ) ) ;
#3882 = CARTESIAN_POINT ( 'NONE',  ( -36.00464655428665139, 15.30192693266555004, 155.9585958333335043 ) ) ;
#3883 = CARTESIAN_POINT ( 'NONE',  ( -30.59779737382784859, 11.18929296671170093, 150.4527285153060063 ) ) ;
#3884 = CARTESIAN_POINT ( 'NONE',  ( -32.80822576554370329, 10.16127675600560032, 155.0556124999999952 ) ) ;
#3885 = ORIENTED_EDGE ( 'NONE', *, *, #3071, .F. ) ;
#3886 = CARTESIAN_POINT ( 'NONE',  ( -40.15908537250380306, 9.565344367754800459, 148.7943239564704072 ) ) ;
#3887 = B_SPLINE_CURVE_WITH_KNOTS ( 'NONE', 3,
 ( #2823, #3005, #24, #795, #1857, #74, #4013 ),
 .UNSPECIFIED., .F., .F.,
 ( 4, 1, 1, 1, 4 ),
 ( 0.4529356457586539708, 0.5000000000000000000, 0.6999999999999999556, 0.9000000000000000222, 0.9920835800320079167 ),
 .UNSPECIFIED. ) ;
#3888 = CARTESIAN_POINT ( 'NONE',  ( -39.76462730774210286, 9.943622776885549186, 145.2679564670140167 ) ) ;
#3889 = DIRECTION ( 'NONE',  ( 0.3656150866411387312, 0.01415353698373904116, -0.9306585226662046351 ) ) ;
#3890 = VERTEX_POINT ( 'NONE', #980 ) ;
#3891 = CARTESIAN_POINT ( 'NONE',  ( -45.55471177368460189, 8.675641568318640751, 147.7705376527977990 ) ) ;
#3892 = CARTESIAN_POINT ( 'NONE',  ( -39.60969697116799892, 10.15594368004089887, 152.9225105083729943 ) ) ;
#3893 = CARTESIAN_POINT ( 'NONE',  ( -40.44478287182865017, 9.354602871989198931, 147.0175999999999874 ) ) ;
#3894 = B_SPLINE_SURFACE_WITH_KNOTS ( 'NONE', 3, 1, ( 
 ( #1448, #2206 ),
 ( #1470, #3703 ),
 ( #366, #3293 ),
 ( #1100, #3680 ) ),
 .UNSPECIFIED., .F., .F., .F.,
 ( 4, 4 ),
 ( 2, 2 ),
 ( 0.000000000000000000, 1.000000000000000000 ),
 ( 0.000000000000000000, 1.000000000000000000 ),
 .UNSPECIFIED. ) ;
#3895 = CARTESIAN_POINT ( 'NONE',  ( -40.05000603509054713, 9.135057323273191088, 146.3360736573515908 ) ) ;
#3896 = CARTESIAN_POINT ( 'NONE',  ( -39.77199786797405068, 14.18151467271967903, 163.5467656250000061 ) ) ;
#3897 = CARTESIAN_POINT ( 'NONE',  ( -39.15982809539760012, 10.31086785985520038, 153.1122192057380005 ) ) ;
#3898 = CARTESIAN_POINT ( 'NONE',  ( -39.55234157697374542, 9.965352839621868242, 152.9421444154015148 ) ) ;
#3899 = CARTESIAN_POINT ( 'NONE',  ( -36.66376066161474512, 12.41801735286879982, 164.1141618055554829 ) ) ;
#3900 = CARTESIAN_POINT ( 'NONE',  ( -37.71658118047145081, 16.38043405953569831, 153.1235416666665117 ) ) ;
#3901 = CARTESIAN_POINT ( 'NONE',  ( -45.41168659522860196, 11.01339504372785960, 161.7143791666665038 ) ) ;
#3902 = CARTESIAN_POINT ( 'NONE',  ( -40.10312294341740369, 14.91248172347714096, 149.1054731976954031 ) ) ;
#3903 = CARTESIAN_POINT ( 'NONE',  ( -39.10097634576695214, 10.17372685509160135, 151.6090398023470129 ) ) ;
#3904 = EDGE_CURVE ( 'NONE', #436, #825, #3547, .T. ) ;
#3905 = CARTESIAN_POINT ( 'NONE',  ( -35.39700888088174935, 16.87395073744725238, 151.5569685025729996 ) ) ;
#3906 = CARTESIAN_POINT ( 'NONE',  ( -41.58852876389335051, 9.460988263434970236, 149.9469415008686326 ) ) ;
#3907 = CARTESIAN_POINT ( 'NONE',  ( -31.12929927119129658, 14.10541555066920161, 150.5094049012785149 ) ) ;
#3908 = CARTESIAN_POINT ( 'NONE',  ( -31.36124831739750007, 10.69459769712159947, 151.8940281801424987 ) ) ;
#3909 = ORIENTED_EDGE ( 'NONE', *, *, #3971, .F. ) ;
#3910 = CARTESIAN_POINT ( 'NONE',  ( -41.48991770345064367, 9.066334024738299746, 149.8752913434854008 ) ) ;
#3911 = CARTESIAN_POINT ( 'NONE',  ( -45.87623986705870038, 7.942818728566260589, 160.6051638888890238 ) ) ;
#3912 = CARTESIAN_POINT ( 'NONE',  ( -40.03189279120874744, 11.71981126087622016, 145.4193902777778078 ) ) ;
#3913 = CARTESIAN_POINT ( 'NONE',  ( -41.37034065683411654, 10.68481465480196313, 149.1213536375342699 ) ) ;
#3914 = ORIENTED_EDGE ( 'NONE', *, *, #424, .T. ) ;
#3915 = DIRECTION ( 'NONE',  ( -0.3238696751739564283, 0.000000000000000000, 0.9461017035724625934 ) ) ;
#3916 = CARTESIAN_POINT ( 'NONE',  ( -41.97330636215770028, 9.137672488510769853, 151.9798853955940103 ) ) ;
#3917 = CARTESIAN_POINT ( 'NONE',  ( -41.23893532856959609, 9.262491425331168315, 149.0823555555556084 ) ) ;
#3918 = CARTESIAN_POINT ( 'NONE',  ( -41.29958038243229623, 14.21062023077548098, 152.9965951388890062 ) ) ;
#3919 = CARTESIAN_POINT ( 'NONE',  ( -41.03068287632020628, 9.792726352215460395, 153.5477203024219932 ) ) ;
#3920 = CARTESIAN_POINT ( 'NONE',  ( -37.23738150582200035, 15.70890740438820110, 155.8646245784339897 ) ) ;
#3921 = ORIENTED_EDGE ( 'NONE', *, *, #2915, .F. ) ;
#3922 = DIRECTION ( 'NONE',  ( -0.3656150866411370104, -0.01415353698374996472, 0.9306585226662051902 ) ) ;
#3923 = CARTESIAN_POINT ( 'NONE',  ( -33.52685782869529874, 14.72548291191834124, 153.7257041666665032 ) ) ;
#3924 = CARTESIAN_POINT ( 'NONE',  ( -34.70179377604019777, 14.15664568537266099, 156.3799375000000111 ) ) ;
#3925 = CARTESIAN_POINT ( 'NONE',  ( -40.39921205265314796, 14.66645176757459978, 149.6854778329307862 ) ) ;
#3926 = CARTESIAN_POINT ( 'NONE',  ( -37.68067915713315585, 16.54769678084720042, 152.2986874999999998 ) ) ;
#3927 = FACE_OUTER_BOUND ( 'NONE', #1983, .T. ) ;
#3928 = CARTESIAN_POINT ( 'NONE',  ( -39.60969697116799892, 10.15594368004089887, 152.9225105083729943 ) ) ;
#3929 = CARTESIAN_POINT ( 'NONE',  ( -34.91592290045780089, 14.45487789679760127, 156.2075041666665243 ) ) ;
#3930 = CARTESIAN_POINT ( 'NONE',  ( -41.61756593426484585, 9.660859858388720411, 149.9486321566962204 ) ) ;
#3931 = CARTESIAN_POINT ( 'NONE',  ( -32.22851409754103713, 13.55167997129163560, 152.9406321429240450 ) ) ;
#3932 = CARTESIAN_POINT ( 'NONE',  ( -32.47114685305425041, 10.38867553157572132, 154.3715250000000196 ) ) ;
#3933 = EDGE_LOOP ( 'NONE', ( #2990, #2004, #3486, #3818 ) ) ;
#3934 = CARTESIAN_POINT ( 'NONE',  ( -39.63454793016164501, 9.435604384535949407, 145.2848494791665814 ) ) ;
#3935 = CARTESIAN_POINT ( 'NONE',  ( -34.95670852548895624, 15.36917132032039923, 154.5318532807435190 ) ) ;
#3936 = CARTESIAN_POINT ( 'NONE',  ( -41.05630050962984967, 10.75083274872866035, 148.1591791666666040 ) ) ;
#3937 = CARTESIAN_POINT ( 'NONE',  ( -41.31153801658591362, 10.89212884485997535, 148.9522559355009719 ) ) ;
#3938 = ORIENTED_EDGE ( 'NONE', *, *, #12, .T. ) ;
#3939 = CARTESIAN_POINT ( 'NONE',  ( -40.32818171193454759, 9.802694376981989421, 153.6295981991650024 ) ) ;
#3940 = ADVANCED_FACE ( 'NONE', ( #276 ), #2626, .F. ) ;
#3941 = DIRECTION ( 'NONE',  ( 0.2867769709712615356, -0.9529542020951189407, 0.09816953514101768585 ) ) ;
#3942 = CARTESIAN_POINT ( 'NONE',  ( -33.45798131438350254, 14.45227762231706059, 154.0321855740610033 ) ) ;
#3943 = CARTESIAN_POINT ( 'NONE',  ( -39.24270801175100587, 10.30596574368663987, 153.3067455334499982 ) ) ;
#3944 = CARTESIAN_POINT ( 'NONE',  ( -35.50600233123294913, 12.78246702061873918, 160.4533916666665050 ) ) ;
#3945 = ORIENTED_EDGE ( 'NONE', *, *, #2145, .F. ) ;
#3946 = B_SPLINE_CURVE_WITH_KNOTS ( 'NONE', 3,
 ( #903, #3100, #3817, #1232, #3756, #96, #145, #4128, #4480, #191, #3389, #1619, #2401, #843, #1572, #4550, #531, #1596, #3841, #3409, #4213, #4529, #1252, #2025, #556, #2702, #1934, #2333, #3776, #123, #1955, #2357, #3481, #927, #3055, #1662, #2002, #1978, #1299, #2742, #4192, #2722, #1275, #4506, #1208, #485, #463, #2766, #4149, #3029, #864, #4170, #3796, #2681, #506, #882, #3456, #2380, #168, #1641, #266, #2421, #320 ),
 .UNSPECIFIED., .F., .F.,
 ( 4, 2, 2, 1, 1, 2, 2, 2, 2, 1, 2, 2, 2, 2, 2, 2, 2, 1, 2, 2, 2, 2, 1, 1, 1, 2, 2, 2, 2, 2, 2, 1, 1, 2, 2, 4 ),
 ( 0.000000000000000000, 0.06250000000008663903, 0.09375000000013007651, 0.1093750000001522532, 0.1171875000001641326, 0.1210937500001703221, 0.1250000000001765255, 0.1875000000001600942, 0.2187500000001524336, 0.2343750000001575684, 0.2421875000001601497, 0.2500000000001627032, 0.3125000000001689759, 0.3437500000001726952, 0.3750000000001764144, 0.4375000000001672551, 0.4687500000001695311, 0.4843750000001642020, 0.4921875000001607603, 0.5000000000001573186, 0.5625000000001632028, 0.5937500000001717515, 0.6093750000001720846, 0.6171875000001688649, 0.6210937500001666445, 0.6230468750001694200, 0.6250000000001723066, 0.6875000000001330047, 0.7500000000000937028, 0.8125000000000545120, 0.8437500000000354161, 0.8593750000000268674, 0.8671875000000236478, 0.8710937500000226485, 0.8750000000000217604, 1.000000000000000000 ),
 .UNSPECIFIED. ) ;
#3947 = CARTESIAN_POINT ( 'NONE',  ( -37.23544844333245152, 12.79746281541871866, 164.6095871208800077 ) ) ;
#3948 = CARTESIAN_POINT ( 'NONE',  ( -42.41298468034295155, 12.89655560239070020, 153.9849124999999788 ) ) ;
#3949 = CARTESIAN_POINT ( 'NONE',  ( -40.31495222141694512, 14.78510579555777937, 149.7310079409253945 ) ) ;
#3950 = AXIS2_PLACEMENT_3D ( 'NONE', #4558, #2793, #1283 ) ;
#3951 = CARTESIAN_POINT ( 'NONE',  ( -41.63002525125024533, 9.038088189899710301, 150.2765026809369999 ) ) ;
#3952 = CIRCLE ( 'NONE', #4712, 1.750000000000005551 ) ;
#3953 = CARTESIAN_POINT ( 'NONE',  ( -41.72041323774315202, 10.95694267133341171, 150.1958255890939142 ) ) ;
#3954 = CARTESIAN_POINT ( 'NONE',  ( -36.73919483102609718, 16.13167751442900055, 154.2278041666665160 ) ) ;
#3955 = CARTESIAN_POINT ( 'NONE',  ( -41.83184316912610257, 13.02026407231802096, 151.7951907649240013 ) ) ;
#3956 = CARTESIAN_POINT ( 'NONE',  ( -30.78737038199819764, 13.25857038924675813, 150.4715666666664902 ) ) ;
#3957 = VERTEX_POINT ( 'NONE', #1145 ) ;
#3958 = CARTESIAN_POINT ( 'NONE',  ( -39.02922210491569643, 15.85247496651040144, 154.0653583333335064 ) ) ;
#3959 = CARTESIAN_POINT ( 'NONE',  ( -39.81695526224214632, 9.929270179464600332, 145.3818584201389967 ) ) ;
#3960 = B_SPLINE_CURVE_WITH_KNOTS ( 'NONE', 3,
 ( #2745, #2027, #2051, #3483 ),
 .UNSPECIFIED., .F., .F.,
 ( 4, 4 ),
 ( 0.000000000000000000, 8.150344454100298935E-05 ),
 .UNSPECIFIED. ) ;
#3961 = CARTESIAN_POINT ( 'NONE',  ( -41.18367225074878490, 11.18152951531958195, 148.5883626113797504 ) ) ;
#3962 = VERTEX_POINT ( 'NONE', #4096 ) ;
#3963 = CARTESIAN_POINT ( 'NONE',  ( -41.49424216725839898, 13.98678491135169999, 153.0407249999999806 ) ) ;
#3964 = CARTESIAN_POINT ( 'NONE',  ( -40.79150280666495121, 14.49155754190602075, 151.1517626486169945 ) ) ;
#3965 = CARTESIAN_POINT ( 'NONE',  ( -39.91578914161654978, 9.631799417444028677, 145.7291972222221830 ) ) ;
#3966 = CARTESIAN_POINT ( 'NONE',  ( -39.67265830366854829, 9.700630987097680347, 148.6866110189102130 ) ) ;
#3967 = EDGE_CURVE ( 'NONE', #683, #3437, #2223, .T. ) ;
#3968 = CARTESIAN_POINT ( 'NONE',  ( -33.51106174054259412, 9.938988120164989226, 156.5893166666665195 ) ) ;
#3969 = DIRECTION ( 'NONE',  ( -0.3656150866411546074, -0.01415353698370747267, 0.9306585226661988619 ) ) ;
#3970 = CARTESIAN_POINT ( 'NONE',  ( -40.72810465594245244, 14.81024144867115844, 154.8227016493055146 ) ) ;
#3971 = EDGE_CURVE ( 'NONE', #950, #3730, #1566, .T. ) ;
#3972 = CARTESIAN_POINT ( 'NONE',  ( -35.85440874331334982, 13.56045188223725972, 159.6418999999999926 ) ) ;
#3973 = CARTESIAN_POINT ( 'NONE',  ( -44.27644592387040490, 12.07112026636394120, 159.4319999999999879 ) ) ;
#3974 = CARTESIAN_POINT ( 'NONE',  ( -41.63314445496400396, 12.71969926054861943, 150.6962000000000046 ) ) ;
#3975 = CARTESIAN_POINT ( 'NONE',  ( -38.60982104039599960, 15.87339566670940094, 154.7853982638890216 ) ) ;
#3976 = CARTESIAN_POINT ( 'NONE',  ( -41.56034533923685359, 8.928240165944240303, 150.1511254253685195 ) ) ;
#3977 = CARTESIAN_POINT ( 'NONE',  ( -41.52899069975380542, 9.595087103656041450, 153.0848685212375244 ) ) ;
#3978 = CARTESIAN_POINT ( 'NONE',  ( -42.78026119033344798, 8.853385722114969880, 153.2311981770835132 ) ) ;
#3979 = CARTESIAN_POINT ( 'NONE',  ( -33.29514116445199789, 14.21869497154632001, 154.0926060112784910 ) ) ;
#3980 = CARTESIAN_POINT ( 'NONE',  ( -40.12862021161640058, 9.804592774498338770, 151.0277670269345265 ) ) ;
#3981 = CARTESIAN_POINT ( 'NONE',  ( -32.42964835837960180, 10.76874741470573937, 154.4392499999999870 ) ) ;
#3982 = CARTESIAN_POINT ( 'NONE',  ( -33.42248594344690105, 13.37827413870929938, 155.2810499999999934 ) ) ;
#3983 = ORIENTED_EDGE ( 'NONE', *, *, #1520, .F. ) ;
#3984 = CARTESIAN_POINT ( 'NONE',  ( -39.30492384239120440, 15.91573423443209911, 151.5500999999999863 ) ) ;
#3985 = CARTESIAN_POINT ( 'NONE',  ( -41.19094273344694557, 9.027906004031731158, 149.0830444444443970 ) ) ;
#3986 = MANIFOLD_SOLID_BREP ( 'NONE', #4322 ) ;
#3987 = CARTESIAN_POINT ( 'NONE',  ( -39.13019966334514521, 10.11863704686619947, 153.1969306895950069 ) ) ;
#3988 = CARTESIAN_POINT ( 'NONE',  ( -34.06055132464020119, 16.43132120587965161, 151.6049777777780037 ) ) ;
#3989 = CARTESIAN_POINT ( 'NONE',  ( -34.94203067988470934, 13.99721540410371112, 157.0266267819205268 ) ) ;
#3990 = CARTESIAN_POINT ( 'NONE',  ( -41.21558803147744499, 11.12573359302247589, 148.6799583405183114 ) ) ;
#3991 = VERTEX_POINT ( 'NONE', #4321 ) ;
#3992 = FACE_OUTER_BOUND ( 'NONE', #328, .T. ) ;
#3993 = CARTESIAN_POINT ( 'NONE',  ( -41.56070913455220506, 9.325391451045099700, 149.9360226355346128 ) ) ;
#3994 = CARTESIAN_POINT ( 'NONE',  ( -33.45519647589414802, 14.68063522172561974, 153.4994985129839904 ) ) ;
#3995 = CARTESIAN_POINT ( 'NONE',  ( -34.75988618760339222, 11.21961632881468063, 160.4183000000000163 ) ) ;
#3996 = ORIENTED_EDGE ( 'NONE', *, *, #1273, .F. ) ;
#3997 = CARTESIAN_POINT ( 'NONE',  ( -33.93224355139994941, 14.12560845415148059, 155.2031875000000127 ) ) ;
#3998 = CARTESIAN_POINT ( 'NONE',  ( -41.14849348593529754, 10.32123162917550019, 148.5058437499999968 ) ) ;
#3999 = EDGE_CURVE ( 'NONE', #2447, #3007, #3320, .T. ) ;
#4000 = B_SPLINE_CURVE_WITH_KNOTS ( 'NONE', 3,
 ( #2108, #1381, #4700, #275 ),
 .UNSPECIFIED., .F., .F.,
 ( 4, 4 ),
 ( 0.000000000000000000, 1.000000000000000000 ),
 .UNSPECIFIED. ) ;
#4001 = CARTESIAN_POINT ( 'NONE',  ( -41.61140752037945134, 9.172977672258330273, 150.1502737557575244 ) ) ;
#4002 = CARTESIAN_POINT ( 'NONE',  ( -41.26937329912635022, 9.706348550599090075, 153.4065036556694963 ) ) ;
#4003 = CARTESIAN_POINT ( 'NONE',  ( -41.72139386586344756, 9.189894909829330771, 150.4334659593175161 ) ) ;
#4004 = CARTESIAN_POINT ( 'NONE',  ( -37.30719484081939896, 15.98049437978775167, 154.9694657545850021 ) ) ;
#4005 = CARTESIAN_POINT ( 'NONE',  ( -39.91494263424340261, 9.933541724876908674, 151.6553001575235271 ) ) ;
#4006 = CARTESIAN_POINT ( 'NONE',  ( -41.80775936685319039, 9.352636457289960958, 151.5456952116595062 ) ) ;
#4007 = CARTESIAN_POINT ( 'NONE',  ( -32.15074089335855234, 14.34446230906077879, 152.0773343750000208 ) ) ;
#4008 = VERTEX_POINT ( 'NONE', #2625 ) ;
#4009 = CARTESIAN_POINT ( 'NONE',  ( -39.63735184286330337, 15.54253289039024999, 154.3406357638889972 ) ) ;
#4010 = CARTESIAN_POINT ( 'NONE',  ( -39.92973239704354427, 9.965066961701777970, 154.0418192537480309 ) ) ;
#4011 = CARTESIAN_POINT ( 'NONE',  ( -34.51067867088205077, 16.69024343283220091, 151.4587135416664978 ) ) ;
#4012 = CARTESIAN_POINT ( 'NONE',  ( -33.45176844755570045, 12.15390376773293823, 156.3656598646385021 ) ) ;
#4013 = CARTESIAN_POINT ( 'NONE',  ( -32.13892755620814512, 14.31506628709022166, 152.0765472333744981 ) ) ;
#4014 = LINE ( 'NONE', #728, #4486 ) ;
#4015 = ORIENTED_EDGE ( 'NONE', *, *, #2915, .T. ) ;
#4016 = CARTESIAN_POINT ( 'NONE',  ( -34.94712494234242683, 16.02341105662744880, 152.9338060326073219 ) ) ;
#4017 = CARTESIAN_POINT ( 'NONE',  ( -41.21201790493204697, 9.515757710180068329, 153.4261375626980168 ) ) ;
#4018 = CARTESIAN_POINT ( 'NONE',  ( -34.24645959036860177, 13.55445762578158053, 156.5018440708385015 ) ) ;
#4019 = CARTESIAN_POINT ( 'NONE',  ( -34.62739605242369834, 9.530729688154570667, 159.3565666666665095 ) ) ;
#4020 = CARTESIAN_POINT ( 'NONE',  ( -40.99443700654175160, 9.726315284611178669, 148.2338824652777873 ) ) ;
#4021 = CARTESIAN_POINT ( 'NONE',  ( -41.53100397049735193, 9.066213988502790144, 149.9868184219519947 ) ) ;
#4022 = CARTESIAN_POINT ( 'NONE',  ( -34.05612423098810382, 14.47728698650555934, 154.8720896609480064 ) ) ;
#4023 = CARTESIAN_POINT ( 'NONE',  ( -41.66666010843944434, 11.65912428440544168, 150.2276216858759028 ) ) ;
#4024 = CARTESIAN_POINT ( 'NONE',  ( -41.60882831719600006, 9.389557291307028208, 151.3229684777494981 ) ) ;
#4025 = ADVANCED_FACE ( 'NONE', ( #3326 ), #2912, .T. ) ;
#4026 = CARTESIAN_POINT ( 'NONE',  ( -31.51076957890800045, 11.69121466187990066, 152.3940499999999929 ) ) ;
#4027 = ORIENTED_EDGE ( 'NONE', *, *, #2944, .T. ) ;
#4028 = CARTESIAN_POINT ( 'NONE',  ( -39.56511501943089826, 15.72530360693040130, 152.2819000000000074 ) ) ;
#4029 = CARTESIAN_POINT ( 'NONE',  ( -39.64596400172899848, 9.295127407032630629, 145.4046100694443737 ) ) ;
#4030 = CARTESIAN_POINT ( 'NONE',  ( -39.18535261755674526, 10.11537490326761990, 153.3263794404784903 ) ) ;
#4031 = CARTESIAN_POINT ( 'NONE',  ( -35.15720345765780763, 16.90488090642055141, 151.3699487847220269 ) ) ;
#4032 = CARTESIAN_POINT ( 'NONE',  ( -40.13219513919690229, 9.644305240243840061, 151.5195542959924921 ) ) ;
#4033 = ORIENTED_EDGE ( 'NONE', *, *, #2017, .F. ) ;
#4034 = CARTESIAN_POINT ( 'NONE',  ( -34.17253904764211114, 15.43531500402782619, 153.2291631835688008 ) ) ;
#4035 = CARTESIAN_POINT ( 'NONE',  ( -42.03066175635194668, 9.328263328929789822, 151.9602514885659730 ) ) ;
#4036 = DIRECTION ( 'NONE',  ( 0.3656150866411352895, 0.01415353698374996298, -0.9306585226662058563 ) ) ;
#4037 = CARTESIAN_POINT ( 'NONE',  ( -30.48496439196919994, 12.41407658812664039, 150.2244644602239987 ) ) ;
#4038 = CARTESIAN_POINT ( 'NONE',  ( -34.55232142145945318, 11.34118588403148031, 159.6639999999999873 ) ) ;
#4039 = ORIENTED_EDGE ( 'NONE', *, *, #343, .F. ) ;
#4040 = CARTESIAN_POINT ( 'NONE',  ( -41.62555822298229913, 14.25838215250900021, 157.2495208333334915 ) ) ;
#4041 = CARTESIAN_POINT ( 'NONE',  ( -35.30561882122994888, 14.38330627081244018, 156.9437333333335118 ) ) ;
#4042 = CARTESIAN_POINT ( 'NONE',  ( -41.33728043906734939, 9.596718740539579073, 149.2118674479166032 ) ) ;
#4043 = CARTESIAN_POINT ( 'NONE',  ( -32.43981832256875464, 12.23796471600493163, 154.2255075513131715 ) ) ;
#4044 = CARTESIAN_POINT ( 'NONE',  ( -42.82765400019194857, 8.839129473966330863, 153.3521987847219918 ) ) ;
#4045 = CARTESIAN_POINT ( 'NONE',  ( -41.77438269783340274, 8.996934119975209754, 150.6752827203794993 ) ) ;
#4046 = CARTESIAN_POINT ( 'NONE',  ( -43.16670891932388088, 8.999422128883077576, 154.1235300822918930 ) ) ;
#4047 = CARTESIAN_POINT ( 'NONE',  ( -36.40374123001580386, 12.11769935020650024, 154.4511826431359793 ) ) ;
#4048 = CARTESIAN_POINT ( 'NONE',  ( -31.71695678792350037, 13.25023390968030057, 152.2349583333335090 ) ) ;
#4049 = CARTESIAN_POINT ( 'NONE',  ( -41.81784135598364571, 10.49315044988403933, 150.3765968750000184 ) ) ;
#4050 = ORIENTED_EDGE ( 'NONE', *, *, #3037, .F. ) ;
#4051 = CARTESIAN_POINT ( 'NONE',  ( -39.47991943207020427, 15.67495519906264967, 153.8629583333334949 ) ) ;
#4052 = ORIENTED_EDGE ( 'NONE', *, *, #3999, .F. ) ;
#4053 = EDGE_CURVE ( 'NONE', #2382, #436, #1682, .T. ) ;
#4054 = CARTESIAN_POINT ( 'NONE',  ( -32.95455706738115254, 15.45115713691984993, 151.9054306777319994 ) ) ;
#4055 = CARTESIAN_POINT ( 'NONE',  ( -38.03334746663934851, 16.45607093962268408, 151.7279439246132711 ) ) ;
#4056 = FACE_OUTER_BOUND ( 'NONE', #1452, .T. ) ;
#4057 = ORIENTED_EDGE ( 'NONE', *, *, #4061, .T. ) ;
#4058 = CARTESIAN_POINT ( 'NONE',  ( -42.09168298889285609, 11.03147877879563943, 151.1752500000000055 ) ) ;
#4059 = B_SPLINE_SURFACE_WITH_KNOTS ( 'NONE', 3, 1, ( 
 ( #3024, #4478 ),
 ( #117, #900 ),
 ( #4500, #143 ),
 ( #1615, #2326 ) ),
 .UNSPECIFIED., .F., .F., .F.,
 ( 4, 4 ),
 ( 2, 2 ),
 ( 0.000000000000000000, 1.000000000000000000 ),
 ( 0.000000000000000000, 1.000000000000000000 ),
 .UNSPECIFIED. ) ;
#4060 = CARTESIAN_POINT ( 'NONE',  ( -41.55147292300175366, 9.198966450888010016, 151.3426023847779902 ) ) ;
#4061 = EDGE_CURVE ( 'NONE', #4669, #4286, #2632, .T. ) ;
#4062 = B_SPLINE_CURVE_WITH_KNOTS ( 'NONE', 1,
 ( #3265, #2904 ),
 .UNSPECIFIED., .F., .F.,
 ( 2, 2 ),
 ( 0.000000000000000000, 1.000000000000000000 ),
 .UNSPECIFIED. ) ;
#4063 = CARTESIAN_POINT ( 'NONE',  ( -33.86031269002896238, 13.09931486331701045, 156.3557024513210649 ) ) ;
#4064 = CARTESIAN_POINT ( 'NONE',  ( -42.77065941893350498, 10.53185609839487213, 153.0352903858758964 ) ) ;
#4065 = CARTESIAN_POINT ( 'NONE',  ( -36.17931558961280558, 12.11791917315089862, 163.4916875000000118 ) ) ;
#4066 = CARTESIAN_POINT ( 'NONE',  ( -45.01529176500640261, 11.62921333260044143, 161.9454166666665174 ) ) ;
#4067 = VERTEX_POINT ( 'NONE', #2224 ) ;
#4068 = CARTESIAN_POINT ( 'NONE',  ( -40.74179177971134891, 9.456028371952509559, 151.4726868568430120 ) ) ;
#4069 = CARTESIAN_POINT ( 'NONE',  ( -42.35145723609939949, 14.06024905346014009, 159.5254145833334860 ) ) ;
#4070 = CARTESIAN_POINT ( 'NONE',  ( -36.76254611939059913, 15.33938994372075015, 156.6728111360415028 ) ) ;
#4071 = CARTESIAN_POINT ( 'NONE',  ( -40.59214465689759521, 14.76006607854169950, 151.2341652584819940 ) ) ;
#4072 = CARTESIAN_POINT ( 'NONE',  ( -40.95139525842944295, 9.740347240441021626, 148.1116612847222029 ) ) ;
#4073 = B_SPLINE_CURVE_WITH_KNOTS ( 'NONE', 3,
 ( #2127, #3221, #1156, #3631, #554, #816, #3754, #1932, #2138, #3611, #4701, #3279, #1012, #2804, #1364, #4572, #4209, #235, #2511, #923, #570, #944 ),
 .UNSPECIFIED., .F., .F.,
 ( 4, 1, 1, 2, 2, 1, 1, 1, 2, 2, 1, 2, 2, 4 ),
 ( 0.000000000000000000, 0.1250000000000220379, 0.1875000000000296707, 0.2187500000000276168, 0.2500000000000255906, 0.3750000000000118794, 0.4375000000000100475, 0.4687500000000086042, 0.4843750000000111022, 0.5000000000000136557, 0.6250000000000193179, 0.6875000000000186517, 0.7500000000000178746, 1.000000000000000000 ),
 .UNSPECIFIED. ) ;
#4074 = CARTESIAN_POINT ( 'NONE',  ( -40.15908537250380306, 9.565344367754800459, 148.7943239564704072 ) ) ;
#4075 = FILL_AREA_STYLE ('',( #1826 ) ) ;
#4076 = DIRECTION ( 'NONE',  ( 0.1831155668463159691, 0.1551114542971244736, 0.9707775882890907759 ) ) ;
#4077 = CARTESIAN_POINT ( 'NONE',  ( -43.82139024066314903, 10.32030312651471959, 155.9577000000000169 ) ) ;
#4078 = CARTESIAN_POINT ( 'NONE',  ( -39.70962069799810479, 10.01916437556170081, 151.8866638059459717 ) ) ;
#4079 = DIRECTION ( 'NONE',  ( 0.2867769709712615356, -0.9529542020951189407, 0.09816953514101768585 ) ) ;
#4080 = CARTESIAN_POINT ( 'NONE',  ( -33.39043045416009647, 12.68993389879566003, 155.9003833333335081 ) ) ;
#4081 = ORIENTED_EDGE ( 'NONE', *, *, #3592, .F. ) ;
#4082 = EDGE_LOOP ( 'NONE', ( #4510, #2640, #2404, #4289 ) ) ;
#4083 = LINE ( 'NONE', #2548, #3269 ) ;
#4084 = CARTESIAN_POINT ( 'NONE',  ( -39.30296995462644816, 15.77268258007247503, 151.2187716698823863 ) ) ;
#4085 = B_SPLINE_CURVE_WITH_KNOTS ( 'NONE', 3,
 ( #1636, #4474, #456, #4499, #3095, #1997, #2208, #2998, #3405, #4544, #479, #1268, #2674, #1926, #1227, #726, #3657, #369, #4451, #115, #3048, #3813, #1972, #4120, #836, #3429, #141, #4165, #2322, #4143, #1614, #3074, #858, #2351, #811, #526, #4523, #1950, #3792, #1835, #1247, #2716, #3295, #2, #4098, #877 ),
 .UNSPECIFIED., .F., .F.,
 ( 4, 2, 2, 1, 1, 1, 2, 2, 2, 2, 1, 1, 2, 2, 2, 2, 1, 1, 1, 2, 2, 2, 2, 1, 1, 2, 2, 4 ),
 ( 0.000000000000000000, 0.1249999999988735677, 0.1874999999983060217, 0.2187499999980267729, 0.2343749999978864684, 0.2421874999978215759, 0.2460937499977846055, 0.2499999999977476350, 0.3124999999971105336, 0.3437499999967936759, 0.3593749999966285857, 0.3671874999965387132, 0.3710937499964874209, 0.3749999999964361286, 0.4374999999956089569, 0.4687499999952058904, 0.4843749999950036078, 0.4921874999949242824, 0.4960937499948871454, 0.4980468749948991913, 0.4999999999949112373, 0.6249999999959920949, 0.6874999999965325514, 0.7187499999968157693, 0.7343749999969431119, 0.7421874999970213826, 0.7499999999970996534, 1.000000000000000000 ),
 .UNSPECIFIED. ) ;
#4086 = ORIENTED_EDGE ( 'NONE', *, *, #1810, .T. ) ;
#4087 = CARTESIAN_POINT ( 'NONE',  ( -41.81784135598364571, 10.49315044988403933, 150.3765968750000184 ) ) ;
#4088 = CARTESIAN_POINT ( 'NONE',  ( -38.13491101910265257, 16.27868633300074919, 153.8343623000164939 ) ) ;
#4089 = CARTESIAN_POINT ( 'NONE',  ( -30.50324401048209921, 12.41212711480025987, 150.2589396650270146 ) ) ;
#4090 = CARTESIAN_POINT ( 'NONE',  ( -36.11634574242119555, 12.44227042316085985, 162.7330249999999978 ) ) ;
#4091 = EDGE_CURVE ( 'NONE', #3991, #436, #2101, .T. ) ;
#4092 = CARTESIAN_POINT ( 'NONE',  ( -44.78707328867104565, 9.280190666980109526, 157.9746999999999844 ) ) ;
#4093 = CARTESIAN_POINT ( 'NONE',  ( -36.15830037475999603, 15.21409104684970082, 156.3518479166665145 ) ) ;
#4094 = CARTESIAN_POINT ( 'NONE',  ( -37.32173351494760283, 16.73769467519660026, 151.7535253472219949 ) ) ;
#4095 = CARTESIAN_POINT ( 'NONE',  ( -41.11488528297174838, 13.66567250944050116, 150.4749056783689980 ) ) ;
#4096 = CARTESIAN_POINT ( 'NONE',  ( -38.02808499185974966, 11.24930297781533994, 150.7665610566425016 ) ) ;
#4097 = CARTESIAN_POINT ( 'NONE',  ( -40.84369423857940262, 9.428471873858629948, 151.5028713517665153 ) ) ;
#4098 = CARTESIAN_POINT ( 'NONE',  ( -40.98451544789858048, 11.39271047033072470, 148.0012016658287166 ) ) ;
#4099 = CARTESIAN_POINT ( 'NONE',  ( -43.12017215368994982, 9.001672578996840812, 154.0094485817792815 ) ) ;
#4100 = CARTESIAN_POINT ( 'NONE',  ( -41.58956519254035555, 9.271540422022310324, 150.0409971614199947 ) ) ;
#4101 = CARTESIAN_POINT ( 'NONE',  ( -41.38384344035850404, 12.13002487872489965, 149.4434125000000222 ) ) ;
#4102 = CARTESIAN_POINT ( 'NONE',  ( -30.49912455053715021, 11.19770684735772015, 150.2626037134109822 ) ) ;
#4103 = CARTESIAN_POINT ( 'NONE',  ( -33.00608332498970299, 14.94483567695317916, 152.6764614583335060 ) ) ;
#4104 = CARTESIAN_POINT ( 'NONE',  ( -30.74892388280010280, 12.38595343770504087, 150.7225561421084876 ) ) ;
#4105 = CARTESIAN_POINT ( 'NONE',  ( -39.03689779677705474, 10.29644572618354026, 152.6131110914519979 ) ) ;
#4106 = ORIENTED_EDGE ( 'NONE', *, *, #659, .T. ) ;
#4107 = CARTESIAN_POINT ( 'NONE',  ( -41.82707061144454741, 11.16088167146971877, 150.4415708333335147 ) ) ;
#4108 = AXIS2_PLACEMENT_3D ( 'NONE', #658, #730, #4725 ) ;
#4109 = CARTESIAN_POINT ( 'NONE',  ( -30.44950314311889983, 12.41786176157651944, 150.1576171172285115 ) ) ;
#4110 = VECTOR ( 'NONE', #4650, 1000.000000000000114 ) ;
#4111 = CARTESIAN_POINT ( 'NONE',  ( -41.65351036166370591, 9.493308300203489480, 152.4606303919910033 ) ) ;
#4112 = CARTESIAN_POINT ( 'NONE',  ( -35.93735362937954392, 11.23713092370853950, 164.0945611111110054 ) ) ;
#4113 = CARTESIAN_POINT ( 'NONE',  ( -41.35798131686280499, 9.737286048320759946, 153.9656665090694787 ) ) ;
#4114 = CARTESIAN_POINT ( 'NONE',  ( -40.44009295913979685, 14.71220104058093980, 150.1027949539815154 ) ) ;
#4115 = CARTESIAN_POINT ( 'NONE',  ( -41.29388655652410023, 14.35410724314836095, 154.5684583333334956 ) ) ;
#4116 = EDGE_CURVE ( 'NONE', #1031, #2551, #592, .T. ) ;
#4117 = CARTESIAN_POINT ( 'NONE',  ( -38.17722355984054872, 14.57339622153815917, 160.8525500000000079 ) ) ;
#4118 = CARTESIAN_POINT ( 'NONE',  ( -35.75733899942664351, 15.79230255881080147, 154.7610095376765003 ) ) ;
#4119 = DIRECTION ( 'NONE',  ( 0.8854855037440990673, 0.3027836952349075017, 0.3524733416287729737 ) ) ;
#4120 = CARTESIAN_POINT ( 'NONE',  ( -40.54466902915029891, 10.94062606171643992, 146.7385685461988487 ) ) ;
#4121 = CARTESIAN_POINT ( 'NONE',  ( -43.35475269149279853, 8.990083143404799415, 154.5824876109479078 ) ) ;
#4122 = FACE_OUTER_BOUND ( 'NONE', #1831, .T. ) ;
#4123 = CARTESIAN_POINT ( 'NONE',  ( -41.78696480530894775, 9.967214935321409897, 150.3385677022704954 ) ) ;
#4124 = CARTESIAN_POINT ( 'NONE',  ( -40.72475337313264987, 9.278735187684072017, 147.7409666666665942 ) ) ;
#4125 = CARTESIAN_POINT ( 'NONE',  ( -39.71294935966979978, 9.801544500080240141, 151.8211934817909992 ) ) ;
#4126 = CARTESIAN_POINT ( 'NONE',  ( -30.37343657902910010, 11.46903973982021974, 150.0728287266864811 ) ) ;
#4127 = CARTESIAN_POINT ( 'NONE',  ( -35.43522371505994784, 15.10754646759954944, 155.6827520833335257 ) ) ;
#4128 = CARTESIAN_POINT ( 'NONE',  ( -42.94975677157413685, 11.28272452442327101, 153.8878176900464894 ) ) ;
#4129 = VERTEX_POINT ( 'NONE', #162 ) ;
#4130 = CARTESIAN_POINT ( 'NONE',  ( -41.44720120411454900, 13.44439557488039938, 151.0012333333335164 ) ) ;
#4131 = CARTESIAN_POINT ( 'NONE',  ( -41.80775936685319039, 9.352636457289960958, 151.5456952116595062 ) ) ;
#4132 = CARTESIAN_POINT ( 'NONE',  ( -36.26430770703655071, 11.63269549544170012, 164.4855742719975069 ) ) ;
#4133 = ORIENTED_EDGE ( 'NONE', *, *, #279, .F. ) ;
#4134 = CARTESIAN_POINT ( 'NONE',  ( -39.68585987338644827, 9.966198848030527913, 151.3031041582954970 ) ) ;
#4135 = CARTESIAN_POINT ( 'NONE',  ( -32.02127957290069560, 14.47442250908384054, 151.7204910696320042 ) ) ;
#4136 = CARTESIAN_POINT ( 'NONE',  ( -40.99592376563109752, 14.18010733819046010, 150.9738562500000114 ) ) ;
#4137 = CARTESIAN_POINT ( 'NONE',  ( -40.37187651423720069, 15.00584450475034970, 151.3244368114329745 ) ) ;
#4138 = CARTESIAN_POINT ( 'NONE',  ( -41.83184316912610257, 13.02026407231802096, 151.7951907649240013 ) ) ;
#4139 = CARTESIAN_POINT ( 'NONE',  ( -36.00464655428665139, 15.30192693266555004, 155.9585958333335043 ) ) ;
#4140 = CARTESIAN_POINT ( 'NONE',  ( -36.96683382786985561, 16.97726022917245103, 150.9107830036844859 ) ) ;
#4141 = CARTESIAN_POINT ( 'NONE',  ( -34.05612423098795460, 14.47728698650555934, 154.8720896609475233 ) ) ;
#4142 = CARTESIAN_POINT ( 'NONE',  ( -40.23216768601064786, 9.610460329893021125, 151.4830579901100123 ) ) ;
#4143 = CARTESIAN_POINT ( 'NONE',  ( -40.59863199281743107, 11.05278106646336234, 146.8712906782574237 ) ) ;
#4144 = CARTESIAN_POINT ( 'NONE',  ( -41.56070913455220506, 9.325391451045099700, 149.9360226355346128 ) ) ;
#4145 = CARTESIAN_POINT ( 'NONE',  ( -41.09800387325114457, 10.86214739821519970, 148.2940993055556191 ) ) ;
#4146 = EDGE_CURVE ( 'NONE', #729, #3439, #1245, .T. ) ;
#4147 = CARTESIAN_POINT ( 'NONE',  ( -31.05496723235924961, 14.47632551100280018, 150.0245715330759992 ) ) ;
#4148 = CARTESIAN_POINT ( 'NONE',  ( -36.86003154718864749, 15.84938608825409823, 155.2044837469584877 ) ) ;
#4149 = CARTESIAN_POINT ( 'NONE',  ( -43.79701561441235924, 10.31387926417383305, 155.9026164804513996 ) ) ;
#4150 = ORIENTED_EDGE ( 'NONE', *, *, #4146, .T. ) ;
#4151 = DIRECTION ( 'NONE',  ( 0.000000000000000000, -0.7585504031575242001, 0.6516143689864102306 ) ) ;
#4152 = ORIENTED_EDGE ( 'NONE', *, *, #249, .T. ) ;
#4153 = CARTESIAN_POINT ( 'NONE',  ( -40.43635225440264946, 9.545196095401170311, 151.4459956320399954 ) ) ;
#4154 = CARTESIAN_POINT ( 'NONE',  ( -30.60807515932205192, 12.40094615591443983, 150.4566406885289780 ) ) ;
#4155 = CARTESIAN_POINT ( 'NONE',  ( -40.98468282786294736, 13.95222034642211995, 150.2369000000000199 ) ) ;
#4156 = CARTESIAN_POINT ( 'NONE',  ( -43.92864199970220085, 12.85083337456813979, 161.3684166666665192 ) ) ;
#4157 = FACE_OUTER_BOUND ( 'NONE', #3151, .T. ) ;
#4158 = CARTESIAN_POINT ( 'NONE',  ( -40.03340229187679711, 9.678351434334901526, 151.5614506970545108 ) ) ;
#4159 = CARTESIAN_POINT ( 'NONE',  ( -41.63236930228869426, 9.420970305818348933, 153.7339626444999965 ) ) ;
#4160 = CARTESIAN_POINT ( 'NONE',  ( -37.43955378588035643, 14.95378497095842008, 158.5889999999999986 ) ) ;
#4161 = PLANE ( 'NONE',  #667 ) ;
#4162 = CARTESIAN_POINT ( 'NONE',  ( -38.49156010173290099, 15.89212965307550185, 154.8350267851710100 ) ) ;
#4163 = CARTESIAN_POINT ( 'NONE',  ( -36.48280656328579852, 16.18604465257664771, 153.9447390964479894 ) ) ;
#4164 = CARTESIAN_POINT ( 'NONE',  ( -30.60670388211480031, 10.71520574317796104, 150.3136800781134923 ) ) ;
#4165 = CARTESIAN_POINT ( 'NONE',  ( -40.59327229081814181, 11.04226322016289075, 146.8577021743717523 ) ) ;
#4166 = CARTESIAN_POINT ( 'NONE',  ( -35.38573408576635160, 11.19305222207870010, 152.6880351329550081 ) ) ;
#4167 = CARTESIAN_POINT ( 'NONE',  ( -39.59584384855855888, 9.962823946258840380, 153.0446765309305022 ) ) ;
#4168 = EDGE_CURVE ( 'NONE', #4653, #47, #4584, .T. ) ;
#4169 = CARTESIAN_POINT ( 'NONE',  ( -36.26997942817129683, 15.98332681696285107, 154.4121354166665014 ) ) ;
#4170 = CARTESIAN_POINT ( 'NONE',  ( -43.90237777007653364, 9.864048570423841866, 156.0019923050914770 ) ) ;
#4171 = VERTEX_POINT ( 'NONE', #478 ) ;
#4172 = ADVANCED_FACE ( 'NONE', ( #3428 ), #1805, .T. ) ;
#4173 = CARTESIAN_POINT ( 'NONE',  ( -42.89536521578914829, 9.230105366307229886, 153.3631638888890052 ) ) ;
#4174 = CARTESIAN_POINT ( 'NONE',  ( -40.14476741111195679, 15.42378678403730063, 153.0317761171229733 ) ) ;
#4175 = VECTOR ( 'NONE', #3106, 1000.000000000000000 ) ;
#4176 = ORIENTED_EDGE ( 'NONE', *, *, #2532, .T. ) ;
#4177 = CARTESIAN_POINT ( 'NONE',  ( -35.67251105673349798, 12.14600642417399889, 152.5898655978034810 ) ) ;
#4178 = CARTESIAN_POINT ( 'NONE',  ( -32.53447065592089871, 14.92297332612095850, 152.0044958309844958 ) ) ;
#4179 = CARTESIAN_POINT ( 'NONE',  ( -40.79301360635679430, 14.30288334391405947, 150.3503437500000075 ) ) ;
#4180 = CARTESIAN_POINT ( 'NONE',  ( -42.62707745009365112, 13.69125671964042112, 158.5335000000000036 ) ) ;
#4181 = CARTESIAN_POINT ( 'NONE',  ( -39.63925572274015252, 15.66573103933870037, 151.6222871355635107 ) ) ;
#4182 = AXIS2_PLACEMENT_3D ( 'NONE', #97, #1495, #1573 ) ;
#4183 = CARTESIAN_POINT ( 'NONE',  ( -42.26075223770120459, 10.43953903070416089, 151.5874432303760102 ) ) ;
#4184 = CARTESIAN_POINT ( 'NONE',  ( -33.60589271917865517, 12.46029686433289996, 156.4971812500000112 ) ) ;
#4185 = CARTESIAN_POINT ( 'NONE',  ( -35.55967401689231622, 13.89826052713904225, 158.3150989715668118 ) ) ;
#4186 = CARTESIAN_POINT ( 'NONE',  ( -39.71294935966979978, 9.801544500080250799, 151.8211934817909992 ) ) ;
#4187 = CARTESIAN_POINT ( 'NONE',  ( -40.16583136036769730, 9.632917965173348307, 151.5072749467539666 ) ) ;
#4188 = CARTESIAN_POINT ( 'NONE',  ( -36.19441815354144865, 12.54197234655660154, 162.7284354166665139 ) ) ;
#4189 = CARTESIAN_POINT ( 'NONE',  ( -40.93712239402660202, 14.39864453990492166, 151.5935588541665027 ) ) ;
#4190 = CARTESIAN_POINT ( 'NONE',  ( -31.01222095053205408, 14.36098839741860012, 150.0602642542625063 ) ) ;
#4191 = CARTESIAN_POINT ( 'NONE',  ( -37.08564305174179765, 15.80844824524379710, 155.4588019339439882 ) ) ;
#4192 = CARTESIAN_POINT ( 'NONE',  ( -43.66478457735009755, 10.68828967241887362, 155.7307877116469967 ) ) ;
#4193 = ORIENTED_EDGE ( 'NONE', *, *, #2469, .T. ) ;
#4194 = EDGE_CURVE ( 'NONE', #4008, #3629, #4553, .T. ) ;
#4195 = CARTESIAN_POINT ( 'NONE',  ( -39.06019774124810340, 11.20934826450175947, 153.3937626182495251 ) ) ;
#4196 = ORIENTED_EDGE ( 'NONE', *, *, #3303, .T. ) ;
#4197 = DIRECTION ( 'NONE',  ( 0.8854855037440998444, 0.3027836952349069466, 0.3524733416287719190 ) ) ;
#4198 = EDGE_CURVE ( 'NONE', #2339, #1879, #3960, .T. ) ;
#4199 = CARTESIAN_POINT ( 'NONE',  ( -41.23134063099124802, 9.781175643787641150, 154.0217647897075040 ) ) ;
#4200 = CARTESIAN_POINT ( 'NONE',  ( -41.44395529463290018, 13.34172937454523833, 150.8466270833335159 ) ) ;
#4201 = CARTESIAN_POINT ( 'NONE',  ( -40.87715915234389996, 14.67304653008035942, 153.2066916666665009 ) ) ;
#4202 = CARTESIAN_POINT ( 'NONE',  ( -41.88980121185789329, 9.309315303537960773, 153.4021228297995094 ) ) ;
#4203 = CARTESIAN_POINT ( 'NONE',  ( -34.17508695878889569, 13.58921492452980040, 156.3289365451389870 ) ) ;
#4204 = CARTESIAN_POINT ( 'NONE',  ( -38.98613878340485428, 10.04058134572934158, 152.0183893935160029 ) ) ;
#4205 = CARTESIAN_POINT ( 'NONE',  ( -35.41955265598776492, 13.35213875420546792, 159.1329352499031984 ) ) ;
#4206 = CARTESIAN_POINT ( 'NONE',  ( -41.29769277870550326, 13.65859583940209987, 150.9402349598979924 ) ) ;
#4207 = CARTESIAN_POINT ( 'NONE',  ( -31.77835310520234913, 14.01674528475147952, 151.7502234375000114 ) ) ;
#4208 = CARTESIAN_POINT ( 'NONE',  ( -34.55401592495680063, 13.81823988987033935, 156.6665999999999883 ) ) ;
#4209 = CARTESIAN_POINT ( 'NONE',  ( -40.38348932622151466, 15.22251938804055271, 152.9349318106323778 ) ) ;
#4210 = CARTESIAN_POINT ( 'NONE',  ( -41.43668617086564865, 9.223780247880560168, 151.2481557220944808 ) ) ;
#4211 = CARTESIAN_POINT ( 'NONE',  ( -39.91132007230240220, 10.11076018772847895, 153.3650180581074949 ) ) ;
#4212 = CARTESIAN_POINT ( 'NONE',  ( -37.08520419935970125, 15.92037194379530085, 155.0913886421979839 ) ) ;
#4213 = CARTESIAN_POINT ( 'NONE',  ( -43.12331607103416786, 11.41966291402930089, 154.5558972814130527 ) ) ;
#4214 = EDGE_LOOP ( 'NONE', ( #2940, #4346, #954, #3252 ) ) ;
#4215 = CARTESIAN_POINT ( 'NONE',  ( -40.23191664288364677, 9.818304307505339779, 146.3059229166666171 ) ) ;
#4216 = CARTESIAN_POINT ( 'NONE',  ( -33.27653281296218069, 14.45222317761973585, 153.5662139524190195 ) ) ;
#4217 = ORIENTED_EDGE ( 'NONE', *, *, #2772, .T. ) ;
#4218 = CARTESIAN_POINT ( 'NONE',  ( -43.57773296857575929, 8.978580800005763862, 155.1222365796450333 ) ) ;
#4219 = CARTESIAN_POINT ( 'NONE',  ( -33.47440582004135479, 13.11935888756109847, 155.6172239124049952 ) ) ;
#4220 = B_SPLINE_CURVE_WITH_KNOTS ( 'NONE', 3,
 ( #1176, #433, #1590, #1903, #457, #3310, #2653, #4476 ),
 .UNSPECIFIED., .F., .F.,
 ( 4, 1, 1, 1, 1, 4 ),
 ( 0.3802434363499254677, 0.4444444444444444753, 0.6666666666666670737, 0.7777777777777779011, 0.8888888888888888395, 0.9424901059404158232 ),
 .UNSPECIFIED. ) ;
#4221 = CARTESIAN_POINT ( 'NONE',  ( -42.04056135404739791, 9.452650582772799126, 153.1966262223704973 ) ) ;
#4222 = CARTESIAN_POINT ( 'NONE',  ( -40.07126481742214708, 9.614001934079318801, 151.0474009339624786 ) ) ;
#4223 = CARTESIAN_POINT ( 'NONE',  ( -40.65224871737283507, 9.092969823314939859, 147.6868172672010076 ) ) ;
#4224 = EDGE_CURVE ( 'NONE', #465, #3890, #820, .T. ) ;
#4225 = CARTESIAN_POINT ( 'NONE',  ( -39.59047758270544648, 14.32503956636482023, 162.9264687499999980 ) ) ;
#4226 = CARTESIAN_POINT ( 'NONE',  ( -39.06997652959014999, 9.960715598173170093, 151.4880246040904979 ) ) ;
#4227 = CARTESIAN_POINT ( 'NONE',  ( -35.56539464030024078, 13.83518952610748798, 158.4569916700317549 ) ) ;
#4228 = CARTESIAN_POINT ( 'NONE',  ( -32.18316626931225244, 13.24791964819289980, 153.0931694821600217 ) ) ;
#4229 = B_SPLINE_SURFACE_WITH_KNOTS ( 'NONE', 3, 3, ( 
 ( #1881, #1521, #2981, #1154, #2636, #2720, #3731, #3753, #1976, #1999 ),
 ( #529, #4102, #121, #505, #1909, #1639, #3454, #4548, #4190, #4147 ),
 ( #166, #3365, #1931, #72, #1544, #3434, #1181, #1617, #1594, #2679 ),
 ( #2331, #461, #4126, #3053, #815, #4504, #1230, #1271, #879, #1206 ) ),
 .UNSPECIFIED., .F., .F., .F.,
 ( 4, 4 ),
 ( 4, 1, 1, 1, 1, 1, 1, 4 ),
 ( 0.000000000000000000, 1.000000000000000000 ),
 ( 0.000000000000000000, 1.000000000000000000, 2.000000000000000000, 4.000000000000000000, 6.000000000000000000, 7.000000000000000000, 8.000000000000000000, 9.000000000000000000 ),
 .UNSPECIFIED. ) ;
#4230 = CARTESIAN_POINT ( 'NONE',  ( -31.26370892191234674, 14.08866866860597966, 150.7689350383524811 ) ) ;
#4231 = CARTESIAN_POINT ( 'NONE',  ( -35.65608335981389843, 12.98111381249290019, 160.4437458333335087 ) ) ;
#4232 = CARTESIAN_POINT ( 'NONE',  ( -40.75860906442205334, 13.67027430643796038, 148.7199861111110124 ) ) ;
#4233 = CARTESIAN_POINT ( 'NONE',  ( -39.12733192378439639, 10.15130643859219894, 151.4683906970620058 ) ) ;
#4234 = CARTESIAN_POINT ( 'NONE',  ( -40.63477954763175859, 9.713187094739319960, 153.6563769538215070 ) ) ;
#4235 = CARTESIAN_POINT ( 'NONE',  ( -37.19661704077224584, 15.76687493117895045, 155.6513824871195197 ) ) ;
#4236 = CARTESIAN_POINT ( 'NONE',  ( -32.20794254788725652, 14.16261058686400354, 152.3472156766157468 ) ) ;
#4237 = ORIENTED_EDGE ( 'NONE', *, *, #1995, .T. ) ;
#4238 = CARTESIAN_POINT ( 'NONE',  ( -40.07126481742214708, 9.614001934079318801, 151.0474009339624786 ) ) ;
#4239 = CARTESIAN_POINT ( 'NONE',  ( -40.75616882072240088, 9.668852837332540417, 147.6211375000000032 ) ) ;
#4240 = CARTESIAN_POINT ( 'NONE',  ( -41.47347927279599844, 9.081097800595740566, 149.8224717109759752 ) ) ;
#4241 = VERTEX_POINT ( 'NONE', #492 ) ;
#4242 = CARTESIAN_POINT ( 'NONE',  ( -39.55234157697374542, 9.965352839621868242, 152.9421444154015148 ) ) ;
#4243 = CARTESIAN_POINT ( 'NONE',  ( -41.11012680368190075, 9.612716085880871120, 154.0696861959494868 ) ) ;
#4244 = CARTESIAN_POINT ( 'NONE',  ( -41.42825578760780303, 9.314893674889059838, 149.5762833333332082 ) ) ;
#4245 = CARTESIAN_POINT ( 'NONE',  ( -40.57584269382009978, 9.992940059109189477, 154.1625424404849980 ) ) ;
#4246 = CARTESIAN_POINT ( 'NONE',  ( -33.97318007360399861, 12.85117651798651828, 156.8539333333334866 ) ) ;
#4247 = CARTESIAN_POINT ( 'NONE',  ( -41.11488528297174838, 13.66567250944050116, 150.4749056783689980 ) ) ;
#4248 = DIRECTION ( 'NONE',  ( 0.2867769709712615356, -0.9529542020951189407, 0.09816953514101768585 ) ) ;
#4249 = CARTESIAN_POINT ( 'NONE',  ( -41.57368434304125060, 9.484543874815729581, 152.1423609840474853 ) ) ;
#4250 = VECTOR ( 'NONE', #2996, 1000.000000000000000 ) ;
#4251 = CARTESIAN_POINT ( 'NONE',  ( -31.39681341455325025, 14.06889652604684038, 151.0274987388070258 ) ) ;
#4252 = CARTESIAN_POINT ( 'NONE',  ( -36.65186786518059847, 12.70965743610040022, 163.4704125000000090 ) ) ;
#4253 = VECTOR ( 'NONE', #1952, 1000.000000000000227 ) ;
#4254 = CARTESIAN_POINT ( 'NONE',  ( -40.89113242419090000, 14.37168370083043989, 151.1793189236109924 ) ) ;
#4255 = EDGE_CURVE ( 'NONE', #825, #465, #1744, .T. ) ;
#4256 = FACE_BOUND ( 'NONE', #3933, .T. ) ;
#4257 = CARTESIAN_POINT ( 'NONE',  ( -40.12862021161640058, 9.804592774498338770, 151.0277670269345265 ) ) ;
#4258 = CARTESIAN_POINT ( 'NONE',  ( -35.19623339491649716, 14.70924927994990128, 156.1513833333335128 ) ) ;
#4259 = CARTESIAN_POINT ( 'NONE',  ( -30.53070707738795164, 11.45619796403453883, 150.3742454558079942 ) ) ;
#4260 = ORIENTED_EDGE ( 'NONE', *, *, #1249, .F. ) ;
#4261 = CARTESIAN_POINT ( 'NONE',  ( -40.62426211923980190, 8.907283765167109735, 147.7510354166666104 ) ) ;
#4262 = CARTESIAN_POINT ( 'NONE',  ( -39.83948889739130550, 9.963428115467261037, 151.7249955817279954 ) ) ;
#4263 = CARTESIAN_POINT ( 'NONE',  ( -46.05023494948299856, 7.879192830659879299, 161.0988306423610084 ) ) ;
#4264 = CARTESIAN_POINT ( 'NONE',  ( -40.89235286731609165, 10.81570412095175904, 147.6674333333332072 ) ) ;
#4265 = CARTESIAN_POINT ( 'NONE',  ( -40.72475337313264987, 9.278735187684072017, 147.7409666666665942 ) ) ;
#4266 = ORIENTED_EDGE ( 'NONE', *, *, #3904, .F. ) ;
#4267 = CARTESIAN_POINT ( 'NONE',  ( -31.51279227411355066, 14.41794255854719964, 150.9082159634054960 ) ) ;
#4268 = CARTESIAN_POINT ( 'NONE',  ( -41.30062592266854438, 9.546695207901739977, 153.9853004160979992 ) ) ;
#4269 = CARTESIAN_POINT ( 'NONE',  ( -39.94673562649130361, 9.759095708595308949, 145.7263611111110038 ) ) ;
#4270 = CARTESIAN_POINT ( 'NONE',  ( -41.13775964605554236, 14.40262399720032072, 153.0784854166664957 ) ) ;
#4271 = CARTESIAN_POINT ( 'NONE',  ( -40.94053740807544983, 9.613465191522038822, 153.5815462679825032 ) ) ;
#4272 = CARTESIAN_POINT ( 'NONE',  ( -35.55841153543484978, 13.90455963209106116, 158.2996498270326811 ) ) ;
#4273 = VERTEX_POINT ( 'NONE', #4490 ) ;
#4274 = CARTESIAN_POINT ( 'NONE',  ( -32.41366269309867931, 13.22570797976288404, 153.5508915585935199 ) ) ;
#4275 = CARTESIAN_POINT ( 'NONE',  ( -34.09848510738979854, 14.32166036396779951, 155.1713291666665100 ) ) ;
#4276 = CARTESIAN_POINT ( 'NONE',  ( -37.21217331987834598, 12.38328246869311933, 165.5086170468814828 ) ) ;
#4277 = CARTESIAN_POINT ( 'NONE',  ( -44.56768568057614743, 12.20003509828812049, 162.1814625000000092 ) ) ;
#4278 = CARTESIAN_POINT ( 'NONE',  ( -40.81440546341080022, 14.47697857450628156, 151.2209657552084821 ) ) ;
#4279 = CARTESIAN_POINT ( 'NONE',  ( -40.16506237019734726, 9.701247282999851507, 146.2229182001401853 ) ) ;
#4280 = CARTESIAN_POINT ( 'NONE',  ( -40.43016132693635001, 9.774123627374040169, 153.6501625136665155 ) ) ;
#4281 = CARTESIAN_POINT ( 'NONE',  ( -36.73326933747205914, 16.34620544165665024, 153.5340249999999855 ) ) ;
#4282 = CARTESIAN_POINT ( 'NONE',  ( -39.06997652959014999, 9.960715598173170093, 151.4880246040904979 ) ) ;
#4283 = CARTESIAN_POINT ( 'NONE',  ( -32.21754629702523687, 13.46259006731199470, 152.9931108272167251 ) ) ;
#4284 = EDGE_CURVE ( 'NONE', #3194, #4129, #193, .T. ) ;
#4285 = CARTESIAN_POINT ( 'NONE',  ( -33.29188792119854412, 10.00707000439826011, 156.1178203124999868 ) ) ;
#4286 = VERTEX_POINT ( 'NONE', #626 ) ;
#4287 = CARTESIAN_POINT ( 'NONE',  ( -45.97697222870059619, 7.772347750315569570, 160.9664652777779850 ) ) ;
#4288 = CARTESIAN_POINT ( 'NONE',  ( -41.00341727759040111, 10.11662787428883981, 148.1233701388890154 ) ) ;
#4289 = ORIENTED_EDGE ( 'NONE', *, *, #2800, .T. ) ;
#4290 = CARTESIAN_POINT ( 'NONE',  ( -40.02843443114419841, 9.880399736282040379, 153.5082675994574970 ) ) ;
#4291 = CARTESIAN_POINT ( 'NONE',  ( -40.98479762191274745, 14.23121549831922117, 151.0718662514979940 ) ) ;
#4292 = CARTESIAN_POINT ( 'NONE',  ( -40.77925760192304949, 9.529442197469938591, 147.7402583333332018 ) ) ;
#4293 = CARTESIAN_POINT ( 'NONE',  ( -33.63800401921474759, 14.67355845323368158, 153.9648277743170013 ) ) ;
#4294 = CARTESIAN_POINT ( 'NONE',  ( -39.92973239704354427, 9.965066961701777970, 154.0418192537480309 ) ) ;
#4295 = CARTESIAN_POINT ( 'NONE',  ( -34.72217306165570250, 9.867758016030990120, 160.2176833333334969 ) ) ;
#4296 = ORIENTED_EDGE ( 'NONE', *, *, #4053, .T. ) ;
#4297 = LINE ( 'NONE', #3180, #2886 ) ;
#4298 = CARTESIAN_POINT ( 'NONE',  ( -34.60275686197670097, 14.20642731889173938, 156.1319246527779967 ) ) ;
#4299 = CARTESIAN_POINT ( 'NONE',  ( -35.53478653494034489, 14.92740714567313987, 156.2188041666665015 ) ) ;
#4300 = CARTESIAN_POINT ( 'NONE',  ( -41.19687535323959793, 13.46831239865396057, 150.0993249999999932 ) ) ;
#4301 = CARTESIAN_POINT ( 'NONE',  ( -40.10979757563335113, 9.444960058626110211, 146.2487709598357810 ) ) ;
#4302 = CARTESIAN_POINT ( 'NONE',  ( -40.28357095216555450, 10.02080757981513948, 153.5792623655489990 ) ) ;
#4303 = CARTESIAN_POINT ( 'NONE',  ( -41.71959692796655617, 10.07826054041539976, 150.1827832061239860 ) ) ;
#4304 = CARTESIAN_POINT ( 'NONE',  ( -44.04162452171975417, 7.770159772450099922, 144.7471836071569840 ) ) ;
#4305 = CARTESIAN_POINT ( 'NONE',  ( -41.70056047567650381, 13.68065969853345898, 152.3940633413689909 ) ) ;
#4306 = CARTESIAN_POINT ( 'NONE',  ( -30.63213639796349952, 11.07837876760731888, 150.4906303471329920 ) ) ;
#4307 = CARTESIAN_POINT ( 'NONE',  ( -31.32860017369090144, 11.07716743494093947, 151.9647409999524825 ) ) ;
#4308 = EDGE_LOOP ( 'NONE', ( #2770, #1766, #3461, #1524, #54, #3909, #3533 ) ) ;
#4309 = ADVANCED_FACE ( 'NONE', ( #929 ), #731, .T. ) ;
#4310 = CARTESIAN_POINT ( 'NONE',  ( -41.03548679812305267, 11.90488086844502114, 148.2800988715278265 ) ) ;
#4311 = CARTESIAN_POINT ( 'NONE',  ( -40.13545256071245149, 9.566858538225059050, 146.2313525948893869 ) ) ;
#4312 = ORIENTED_EDGE ( 'NONE', *, *, #2166, .T. ) ;
#4313 = CARTESIAN_POINT ( 'NONE',  ( -39.71030177185625121, 9.947398462055069501, 153.2292971113334943 ) ) ;
#4314 = B_SPLINE_SURFACE_WITH_KNOTS ( 'NONE', 3, 1, ( 
 ( #4249, #961 ),
 ( #2458, #639 ),
 ( #1032, #2531 ),
 ( #4489, #129 ),
 ( #4466, #1962 ),
 ( #3084, #2340 ),
 ( #2294, #1581 ),
 ( #3416, #2687 ),
 ( #2646, #2364 ),
 ( #2663, #3742 ),
 ( #447, #1138 ),
 ( #421, #4068 ),
 ( #1191, #150 ),
 ( #3784, #1892 ),
 ( #3803, #4153 ),
 ( #1624, #3036 ),
 ( #514, #2624 ),
 ( #2270, #781 ),
 ( #3351, #491 ) ),
 .UNSPECIFIED., .F., .F., .F.,
 ( 4, 1, 1, 1, 1, 1, 1, 1, 1, 1, 1, 1, 1, 1, 1, 1, 4 ),
 ( 2, 2 ),
 ( 0.000000000000000000, 0.06454134702343800045, 0.1272893662066680032, 0.1891421925315295016, 0.2503627141966379699, 0.3111306106182654685, 0.3724932140248959911, 0.4355505200023259693, 0.5000918670257569199, 0.5649996364212450661, 0.6278980705686320052, 0.6889458366362560815, 0.7498964024972319953, 0.8108469683582110177, 0.8724025174418480466, 0.9353009515892299897, 1.000000000000000000 ),
 ( 0.000000000000000000, 1.000000000000000000 ),
 .UNSPECIFIED. ) ;
#4315 = CARTESIAN_POINT ( 'NONE',  ( -40.48661943002974795, 9.478795566937758821, 150.9482730525784859 ) ) ;
#4316 = EDGE_CURVE ( 'NONE', #905, #1496, #1037, .T. ) ;
#4317 = PLANE ( 'NONE',  #2672 ) ;
#4318 = CARTESIAN_POINT ( 'NONE',  ( -39.15982809539760012, 10.31086785985520038, 153.1122192057380005 ) ) ;
#4319 = CARTESIAN_POINT ( 'NONE',  ( -35.13723260234859680, 13.11814076729920053, 158.9313333333334981 ) ) ;
#4320 = CARTESIAN_POINT ( 'NONE',  ( -30.70068512611138090, 13.54269334612160414, 150.1305622917490155 ) ) ;
#4321 = CARTESIAN_POINT ( 'NONE',  ( -36.66561410660640519, 16.17896788408474862, 154.4100683577815118 ) ) ;
#4322 = CLOSED_SHELL ( 'NONE', ( #1510, #3271, #4525, #69, #1162, #3153, #860, #919, #3940, #429, #1026, #3565, #3719, #1192, #1606, #3692, #130, #2106, #1428, #509, #4726, #2071, #3748, #400, #139, #801, #2388, #3834, #3798, #2359, #3880, #3211, #747, #2298, #4398, #3685, #2201, #1089, #3003, #774, #1840, #2718, #101, #2744, #4172, #4411, #3387, #1864, #4025, #4309, #666, #544, #692, #1576, #2862, #1359, #3446, #4434, #3620, #884, #8 ) ) ;
#4323 = CARTESIAN_POINT ( 'NONE',  ( -35.48418159167729868, 14.95481975969700095, 156.0917520833335175 ) ) ;
#4324 = CARTESIAN_POINT ( 'NONE',  ( -41.17943423854219276, 10.82746800402489917, 148.5402645833331974 ) ) ;
#4325 = CARTESIAN_POINT ( 'NONE',  ( -37.67267867357625022, 16.88830624247960088, 150.1747780695580161 ) ) ;
#4326 = DIRECTION ( 'NONE',  ( 0.000000000000000000, -0.1024736996013045770, -0.9947357140919499408 ) ) ;
#4327 = CARTESIAN_POINT ( 'NONE',  ( -41.65389307357119719, 9.515001358772250839, 152.6723278829810226 ) ) ;
#4328 = VECTOR ( 'NONE', #3448, 1000.000000000000000 ) ;
#4329 = CARTESIAN_POINT ( 'NONE',  ( -42.00032313286605046, 9.403886026132310505, 151.0507632650779897 ) ) ;
#4330 = CARTESIAN_POINT ( 'NONE',  ( -42.18481825636754934, 11.56564514247919995, 151.6344002963684829 ) ) ;
#4331 = CARTESIAN_POINT ( 'NONE',  ( -31.25357639182335134, 14.44990964910993902, 150.4145834504704737 ) ) ;
#4332 = ORIENTED_EDGE ( 'NONE', *, *, #3557, .T. ) ;
#4333 = CARTESIAN_POINT ( 'NONE',  ( -41.38726014567585310, 9.102694496409680980, 149.5757749999999930 ) ) ;
#4334 = CARTESIAN_POINT ( 'NONE',  ( -40.31743595822204895, 9.860686775124719361, 154.1611527667224948 ) ) ;
#4335 = CARTESIAN_POINT ( 'NONE',  ( -35.20367767551644533, 16.65198507732819877, 152.0390500000000031 ) ) ;
#4336 = B_SPLINE_CURVE_WITH_KNOTS ( 'NONE', 3,
 ( #762, #1121, #2606, #4099, #4046, #1927, #2304, #2975, #3698, #3750, #407, #2675, #4121, #1875, #116, #3333, #684, #3226, #3584, #4218, #2792, #1767, #2470, #2175, #4648 ),
 .UNSPECIFIED., .F., .F.,
 ( 4, 2, 2, 2, 1, 1, 1, 2, 2, 2, 2, 2, 2, 4 ),
 ( 0.000000000000000000, 0.2499999999996223021, 0.3749999999994347855, 0.4374999999993423594, 0.4687499999992960631, 0.4843749999992729705, 0.4921874999992502109, 0.4960937499992513211, 0.4999999999992524868, 0.6249999999993967048, 0.6874999999994818589, 0.7187499999995244915, 0.7499999999995671240, 1.000000000000000000 ),
 .UNSPECIFIED. ) ;
#4337 = CARTESIAN_POINT ( 'NONE',  ( -41.38882977494082382, 10.60015542240253161, 149.1767606081621125 ) ) ;
#4338 = ORIENTED_EDGE ( 'NONE', *, *, #424, .F. ) ;
#4339 = CARTESIAN_POINT ( 'NONE',  ( -41.77380262601590033, 10.51777295247214106, 150.2546138888889971 ) ) ;
#4340 = CARTESIAN_POINT ( 'NONE',  ( -34.61816715736883765, 15.79857765564202410, 153.0596198927366629 ) ) ;
#4341 = EDGE_CURVE ( 'NONE', #2567, #746, #71, .T. ) ;
#4342 = CARTESIAN_POINT ( 'NONE',  ( -41.47163530555955191, 9.404496263237010822, 153.1045024282660165 ) ) ;
#4343 = DIRECTION ( 'NONE',  ( -0.8854855037440997334, -0.3027836952349069466, -0.3524733416287719745 ) ) ;
#4344 = CARTESIAN_POINT ( 'NONE',  ( -40.97583334599545424, 9.868089404745139959, 154.1190579923129746 ) ) ;
#4345 = CARTESIAN_POINT ( 'NONE',  ( -34.50137754195489492, 9.991356619816940565, 159.4713333333334901 ) ) ;
#4346 = ORIENTED_EDGE ( 'NONE', *, *, #602, .F. ) ;
#4347 = EDGE_CURVE ( 'NONE', #1131, #4653, #4085, .T. ) ;
#4348 = CARTESIAN_POINT ( 'NONE',  ( -32.42898872575375435, 14.68367381218312140, 152.1495602965100034 ) ) ;
#4349 = CARTESIAN_POINT ( 'NONE',  ( -35.78251498877244785, 14.79005815648035949, 156.8568999999999960 ) ) ;
#4350 = CARTESIAN_POINT ( 'NONE',  ( -41.05448074814654547, 12.27392010061351968, 148.4519166666665910 ) ) ;
#4351 = LINE ( 'NONE', #1064, #2809 ) ;
#4352 = CARTESIAN_POINT ( 'NONE',  ( -39.35592078800739557, 10.29020430738145997, 153.4844675738664819 ) ) ;
#4353 = CARTESIAN_POINT ( 'NONE',  ( -40.09075768607105061, 9.868942274753941035, 151.5418167900259903 ) ) ;
#4354 = B_SPLINE_SURFACE_WITH_KNOTS ( 'NONE', 3, 3, ( 
 ( #4203, #2085, #3849, #1630, #563, #2034, #938, #613, #3539, #2822 ),
 ( #3491, #2482, #203, #1263, #4184, #894, #3135, #254, #2432, #588 ),
 ( #227, #3157, #1329, #4246, #1795, #2939, #1057, #1819, #1030, #3968 ),
 ( #1456, #3613, #3231, #3201, #1407, #2110, #3282, #377, #2869, #4393 ),
 ( #2508, #4679, #1009, #3255, #2189, #4729, #664, #689, #4703, #2599 ),
 ( #4319, #1844, #3562, #308, #4660, #1746, #3639, #2848, #2916, #1432 ),
 ( #1385, #2164, #2141, #2530, #333, #4038, #2896, #4345, #3302, #4019 ),
 ( #280, #3944, #3590, #2557, #1772, #3995, #735, #4295, #710, #2217 ),
 ( #356, #3666, #1082, #2576, #4368, #9, #1477, #1109, #2964, #445 ),
 ( #1865, #4509, #419, #2620, #3058, #102, #3323, #58, #1600, #1235 ),
 ( #3349, #4090, #2704, #756, #3414, #1917, #1213, #1528, #1136, #1960 ),
 ( #4421, #2989, #4065, #2241, #3689, #31, #4441, #3781, #1939, #778 ),
 ( #3012, #399, #2267, #1164, #4112, #2685, #3394, #802, #1579, #2292 ),
 ( #3373, #1554, #489, #4132, #2645, #1501, #3713, #1889, #3741, #79 ),
 ( #847, #4464, #1189, #2338, #3761, #2662, #127, #824, #468, #3034 ) ),
 .UNSPECIFIED., .F., .F., .F.,
 ( 4, 1, 1, 1, 1, 1, 1, 1, 1, 1, 1, 1, 4 ),
 ( 4, 1, 1, 1, 1, 1, 1, 4 ),
 ( 0.000000000000000000, 1.000000000000000000, 3.000000000000000000, 5.000000000000000000, 7.000000000000000000, 9.000000000000000000, 11.00000000000000000, 13.00000000000000000, 15.00000000000000000, 17.00000000000000000, 19.00000000000000000, 21.00000000000000000, 22.00000000000000000 ),
 ( 0.000000000000000000, 1.000000000000000000, 2.000000000000000000, 3.000000000000000000, 5.000000000000000000, 7.000000000000000000, 9.000000000000000000, 10.00000000000000000 ),
 .UNSPECIFIED. ) ;
#4355 = CARTESIAN_POINT ( 'NONE',  ( -40.53063212522334879, 9.734294562506921267, 147.0150854166666079 ) ) ;
#4356 = CARTESIAN_POINT ( 'NONE',  ( -31.99366785783804801, 12.37088950130341836, 153.2729499999999803 ) ) ;
#4357 = ORIENTED_EDGE ( 'NONE', *, *, #2145, .T. ) ;
#4358 = CARTESIAN_POINT ( 'NONE',  ( -40.01496362185915245, 15.37925212215055204, 153.6184999999999832 ) ) ;
#4359 = LINE ( 'NONE', #4741, #662 ) ;
#4360 = CARTESIAN_POINT ( 'NONE',  ( -33.56069902386484927, 15.55264822447674966, 152.5432749999999942 ) ) ;
#4361 = CARTESIAN_POINT ( 'NONE',  ( -35.32847425702784250, 15.50021226409791097, 154.9250496291200818 ) ) ;
#4362 = CARTESIAN_POINT ( 'NONE',  ( -41.43422908364886581, 10.30592828670490313, 149.3263564582420599 ) ) ;
#4363 = ORIENTED_EDGE ( 'NONE', *, *, #2723, .T. ) ;
#4364 = CARTESIAN_POINT ( 'NONE',  ( -41.68737867306735012, 13.85619445544620021, 153.6646555555554983 ) ) ;
#4365 = DIRECTION ( 'NONE',  ( -0.8854855037441005106, -0.3027836952349068911, -0.3524733416287698096 ) ) ;
#4366 = FACE_OUTER_BOUND ( 'NONE', #2682, .T. ) ;
#4367 = CARTESIAN_POINT ( 'NONE',  ( -41.47500435530015039, 9.620799537673580204, 153.1767578399955028 ) ) ;
#4368 = CARTESIAN_POINT ( 'NONE',  ( -35.16018120759390087, 11.69128796549487959, 161.2100333333335129 ) ) ;
#4369 = EDGE_LOOP ( 'NONE', ( #2402, #2572, #4193, #3528, #2891, #1940, #347, #2767, #3802, #146 ) ) ;
#4370 = CARTESIAN_POINT ( 'NONE',  ( -34.27296662367749747, 13.54151306866032023, 156.5664864257734905 ) ) ;
#4371 = EDGE_CURVE ( 'NONE', #3439, #1667, #208, .T. ) ;
#4372 = CARTESIAN_POINT ( 'NONE',  ( -35.05507553367189644, 14.51860942748199967, 156.3156374999999798 ) ) ;
#4373 = CARTESIAN_POINT ( 'NONE',  ( -41.05716144791290390, 10.87888999391712019, 148.1710399305556223 ) ) ;
#4374 = CARTESIAN_POINT ( 'NONE',  ( -41.57466724950115378, 9.053903379322258971, 150.1096134884160165 ) ) ;
#4375 = SURFACE_STYLE_FILL_AREA ( #4075 ) ;
#4376 = CARTESIAN_POINT ( 'NONE',  ( -45.61124850963269495, 7.884093123248340440, 159.9916333333334819 ) ) ;
#4377 = CARTESIAN_POINT ( 'NONE',  ( -42.82225962232659811, 9.524318657812679945, 153.1395958333335159 ) ) ;
#4378 = CARTESIAN_POINT ( 'NONE',  ( -37.52284443825264759, 16.11270491872334887, 154.4549499999999966 ) ) ;
#4379 = CARTESIAN_POINT ( 'NONE',  ( -41.57176889367189432, 9.362552493047870072, 149.9464394858300125 ) ) ;
#4380 = CARTESIAN_POINT ( 'NONE',  ( -40.82268894144765170, 9.586710745148950608, 150.9402789133330032 ) ) ;
#4381 = CARTESIAN_POINT ( 'NONE',  ( -32.88905743174709784, 12.06492527982680052, 155.2860000000000014 ) ) ;
#4382 = EDGE_LOOP ( 'NONE', ( #324, #3630, #1233, #2256, #4363 ) ) ;
#4383 = CARTESIAN_POINT ( 'NONE',  ( -40.37453266436745025, 9.104178794768870375, 147.0249166666665985 ) ) ;
#4384 = ORIENTED_EDGE ( 'NONE', *, *, #3847, .F. ) ;
#4385 = CARTESIAN_POINT ( 'NONE',  ( -41.55904750851264851, 9.485394948941969773, 152.1078648198254939 ) ) ;
#4386 = CARTESIAN_POINT ( 'NONE',  ( -34.99855133133124951, 15.24157111591648572, 155.0507284996815827 ) ) ;
#4387 = CARTESIAN_POINT ( 'NONE',  ( -39.10351104978970227, 10.31164104648850000, 152.9552089858144939 ) ) ;
#4388 = ORIENTED_EDGE ( 'NONE', *, *, #4347, .T. ) ;
#4389 = CARTESIAN_POINT ( 'NONE',  ( -40.81440546341080022, 14.47697857450628156, 151.2209657552084821 ) ) ;
#4390 = CARTESIAN_POINT ( 'NONE',  ( -41.51227022794675037, 9.123614929439900934, 149.9046069949629896 ) ) ;
#4391 = CARTESIAN_POINT ( 'NONE',  ( -36.40374123001580386, 12.11769935020650024, 154.4511826431359793 ) ) ;
#4392 = CARTESIAN_POINT ( 'NONE',  ( -30.52152263578765101, 12.41017799662304100, 150.2934154159454749 ) ) ;
#4393 = CARTESIAN_POINT ( 'NONE',  ( -33.78263291247495204, 9.854932141019020264, 157.1802437500000167 ) ) ;
#4394 = EDGE_LOOP ( 'NONE', ( #996, #724, #2111, #4152 ) ) ;
#4395 = CARTESIAN_POINT ( 'NONE',  ( -36.07405079973095496, 13.44486121359290109, 160.4033000000000015 ) ) ;
#4396 = CARTESIAN_POINT ( 'NONE',  ( -40.97446890308449952, 9.601981571378148672, 148.2313424479165747 ) ) ;
#4397 = CARTESIAN_POINT ( 'NONE',  ( -32.03255852300145534, 12.27053452240255105, 153.3519656961230737 ) ) ;
#4398 = ADVANCED_FACE ( 'NONE', ( #1678 ), #1059, .T. ) ;
#4399 = CARTESIAN_POINT ( 'NONE',  ( -41.93854838657358641, 9.052902235908875994, 151.0554646447532150 ) ) ;
#4400 = CARTESIAN_POINT ( 'NONE',  ( -33.29514116445199789, 14.21869497154632001, 154.0926060112784910 ) ) ;
#4401 = B_SPLINE_CURVE_WITH_KNOTS ( 'NONE', 3,
 ( #2112, #985, #2778, #2016 ),
 .UNSPECIFIED., .F., .F.,
 ( 4, 4 ),
 ( 0.000000000000000000, 1.000000000000000000 ),
 .UNSPECIFIED. ) ;
#4402 = CARTESIAN_POINT ( 'NONE',  ( -40.94389859373634977, 9.402682903598780229, 151.5452530730125034 ) ) ;
#4403 = CARTESIAN_POINT ( 'NONE',  ( -42.86879425581644654, 9.508498788598489071, 153.2614895833334856 ) ) ;
#4404 = CARTESIAN_POINT ( 'NONE',  ( -36.93881253589494662, 16.78030293789264960, 151.9196083333335139 ) ) ;
#4405 = AXIS2_PLACEMENT_3D ( 'NONE', #4643, #3857, #236 ) ;
#4406 = DIRECTION ( 'NONE',  ( -0.3656150866411370104, -0.01415353698375004451, 0.9306585226662051902 ) ) ;
#4407 = CARTESIAN_POINT ( 'NONE',  ( -42.03066175635194668, 9.328263328929789822, 151.9602514885659730 ) ) ;
#4408 = CARTESIAN_POINT ( 'NONE',  ( -33.16508839282270316, 11.15109020991354072, 156.1844583333335095 ) ) ;
#4409 = VERTEX_POINT ( 'NONE', #958 ) ;
#4410 = CARTESIAN_POINT ( 'NONE',  ( -40.30910755186435068, 15.15929572771064926, 152.7732499999999902 ) ) ;
#4411 = ADVANCED_FACE ( 'NONE', ( #2411 ), #4354, .T. ) ;
#4412 = AXIS2_PLACEMENT_3D ( 'NONE', #3626, #1852, #2633 ) ;
#4413 = ORIENTED_EDGE ( 'NONE', *, *, #2779, .F. ) ;
#4414 = CARTESIAN_POINT ( 'NONE',  ( -35.27506466625965231, 16.83791120183214929, 151.6017421875000082 ) ) ;
#4415 = LINE ( 'NONE', #1129, #4484 ) ;
#4416 = ORIENTED_EDGE ( 'NONE', *, *, #3655, .T. ) ;
#4417 = CARTESIAN_POINT ( 'NONE',  ( -42.26415918661364657, 10.27727374775568059, 151.5952083333335167 ) ) ;
#4418 = CARTESIAN_POINT ( 'NONE',  ( -34.98356634443224777, 16.05104360715039746, 152.9199100355754695 ) ) ;
#4419 = CARTESIAN_POINT ( 'NONE',  ( -39.73591219420574561, 9.734294483281409782, 151.2354621356689961 ) ) ;
#4420 = CARTESIAN_POINT ( 'NONE',  ( -40.79150280666495121, 14.49155754190602075, 151.1517626486169945 ) ) ;
#4421 = CARTESIAN_POINT ( 'NONE',  ( -36.40807279326670454, 12.41971775278016032, 163.4838499999999897 ) ) ;
#4422 = ORIENTED_EDGE ( 'NONE', *, *, #1056, .T. ) ;
#4423 = CARTESIAN_POINT ( 'NONE',  ( -42.17664171387665561, 14.08592592146360012, 158.7375833333335038 ) ) ;
#4424 = CARTESIAN_POINT ( 'NONE',  ( -39.35618730756619499, 13.78431117768830028, 164.8539104166665084 ) ) ;
#4425 = CARTESIAN_POINT ( 'NONE',  ( -39.10221421435594635, 16.02203420477875184, 151.8386859786859873 ) ) ;
#4426 = CARTESIAN_POINT ( 'NONE',  ( -41.64126563317344676, 12.01063264542913878, 150.1821124999999881 ) ) ;
#4427 = CARTESIAN_POINT ( 'NONE',  ( -41.52600007280139494, 8.965246997642140059, 150.0278580752764981 ) ) ;
#4428 = CARTESIAN_POINT ( 'NONE',  ( -41.04119535851560130, 9.378515423632320491, 151.5948811973954946 ) ) ;
#4429 = CARTESIAN_POINT ( 'NONE',  ( -41.51775293235590425, 13.68773646702534030, 151.9287340800360084 ) ) ;
#4430 = CARTESIAN_POINT ( 'NONE',  ( -37.37717899719554993, 15.93067421298635011, 155.1648676432060086 ) ) ;
#4431 = CARTESIAN_POINT ( 'NONE',  ( -31.26836453363755197, 14.26531774536874053, 150.6141119552384851 ) ) ;
#4432 = ORIENTED_EDGE ( 'NONE', *, *, #4371, .T. ) ;
#4433 = CARTESIAN_POINT ( 'NONE',  ( -41.11012680368190075, 9.612716085880871120, 154.0696861959494868 ) ) ;
#4434 = ADVANCED_FACE ( 'NONE', ( #4627 ), #220, .F. ) ;
#4435 = CARTESIAN_POINT ( 'NONE',  ( -33.09325391391745086, 15.05142333877070016, 152.6571541666665155 ) ) ;
#4436 = LINE ( 'NONE', #1183, #1817 ) ;
#4437 = ORIENTED_EDGE ( 'NONE', *, *, #1397, .T. ) ;
#4438 = CARTESIAN_POINT ( 'NONE',  ( -41.90235370422070105, 11.88673872416126009, 150.9192749999999990 ) ) ;
#4439 = CARTESIAN_POINT ( 'NONE',  ( -33.97806215053909540, 15.06671031794479987, 153.8372128749770127 ) ) ;
#4440 = CARTESIAN_POINT ( 'NONE',  ( -41.65857801523015524, 9.502713174617229086, 152.5667295083570139 ) ) ;
#4441 = CARTESIAN_POINT ( 'NONE',  ( -35.50326697832799283, 9.969100299976338064, 163.3327999999999918 ) ) ;
#4442 = CARTESIAN_POINT ( 'NONE',  ( -45.30758144603299797, 11.08415339282692003, 161.3345166666665023 ) ) ;
#4443 = VERTEX_POINT ( 'NONE', #3509 ) ;
#4444 = DIRECTION ( 'NONE',  ( 0.3656150866409009770, 0.01415353698361482802, -0.9306585226663000032 ) ) ;
#4445 = CARTESIAN_POINT ( 'NONE',  ( -42.07877215662695392, 13.87359700818199926, 157.0491499999999974 ) ) ;
#4446 = CARTESIAN_POINT ( 'NONE',  ( -43.59714530683275058, 9.654250618745928492, 155.1163999999999987 ) ) ;
#4447 = CARTESIAN_POINT ( 'NONE',  ( -38.31051852288469917, 13.38306571268919853, 165.1148916666665230 ) ) ;
#4448 = CARTESIAN_POINT ( 'NONE',  ( -38.45109806788015305, 15.92314262118939894, 154.7207972332400061 ) ) ;
#4449 = CARTESIAN_POINT ( 'NONE',  ( -40.60869526293934939, 14.49863431099259969, 150.6864333857945155 ) ) ;
#4450 = CARTESIAN_POINT ( 'NONE',  ( -42.43284051409879964, 10.05610381594424041, 152.0512599310340249 ) ) ;
#4451 = CARTESIAN_POINT ( 'NONE',  ( -40.48085579006495038, 10.78692826108933289, 146.5975156787269782 ) ) ;
#4452 = CARTESIAN_POINT ( 'NONE',  ( -45.32474253174380152, 9.879408186294760696, 159.5496000000000265 ) ) ;
#4453 = CARTESIAN_POINT ( 'NONE',  ( -34.23893177430849732, 14.47021021801382190, 155.3374189222805057 ) ) ;
#4454 = CARTESIAN_POINT ( 'NONE',  ( -32.76872807535154664, 13.64759699208024024, 153.8624000000000080 ) ) ;
#4455 = CARTESIAN_POINT ( 'NONE',  ( -41.69539532491239697, 11.22753870952963950, 150.0748250000000041 ) ) ;
#4456 = CARTESIAN_POINT ( 'NONE',  ( -36.25088730037450091, 16.22362998591750127, 153.7215041666665059 ) ) ;
#4457 = CARTESIAN_POINT ( 'NONE',  ( -34.39739536243218510, 14.66184744076187130, 155.2780799352768213 ) ) ;
#4458 = ORIENTED_EDGE ( 'NONE', *, *, #4520, .F. ) ;
#4459 = CARTESIAN_POINT ( 'NONE',  ( -42.42743782994215707, 11.64176421483105983, 152.3971999999999980 ) ) ;
#4460 = B_SPLINE_CURVE_WITH_KNOTS ( 'NONE', 3,
 ( #4222, #3787, #3421, #1989, #3489, #1628, #133, #3088, #4537, #3132, #1261, #2730, #892, #935, #3829, #1651, #542, #2010, #3465 ),
 .UNSPECIFIED., .F., .F.,
 ( 4, 1, 1, 1, 1, 1, 1, 1, 1, 1, 1, 1, 1, 1, 1, 1, 4 ),
 ( 0.000000000000000000, 0.06373568578189550693, 0.1252514892284154191, 0.1859002543788650097, 0.2455328042205625061, 0.3056748104573699942, 0.3660953455038309934, 0.4279517697594674708, 0.4917325994632810171, 0.5557926114094899894, 0.6187558984627989922, 0.6806123227184389668, 0.7422714472140879982, 0.8043724559978029376, 0.8678214843840960091, 0.9329671225891329467, 1.000000000000000000 ),
 .UNSPECIFIED. ) ;
#4461 = EDGE_CURVE ( 'NONE', #2887, #3410, #2385, .T. ) ;
#4462 = CARTESIAN_POINT ( 'NONE',  ( -33.61993228006505063, 14.88312565571140134, 153.4378605028315121 ) ) ;
#4463 = CARTESIAN_POINT ( 'NONE',  ( -30.57239658298350093, 12.40475275796937993, 150.3893665238095139 ) ) ;
#4464 = CARTESIAN_POINT ( 'NONE',  ( -36.64740791858069713, 12.13787489035962075, 164.6283245285090118 ) ) ;
#4465 = ORIENTED_EDGE ( 'NONE', *, *, #965, .F. ) ;
#4466 = CARTESIAN_POINT ( 'NONE',  ( -41.41570239754320681, 9.502507893770269831, 151.8552383404660020 ) ) ;
#4467 = CARTESIAN_POINT ( 'NONE',  ( -41.53154532627460327, 9.673201742208160425, 153.8506079229879902 ) ) ;
#4468 = CARTESIAN_POINT ( 'NONE',  ( -43.27257790338649812, 13.36085119024942003, 162.3611506944445182 ) ) ;
#4469 = CARTESIAN_POINT ( 'NONE',  ( -38.16459421347669689, 14.11058995020188078, 162.4516333333335183 ) ) ;
#4470 = CARTESIAN_POINT ( 'NONE',  ( -35.27123674849634938, 13.04733241459241988, 159.3713227205475107 ) ) ;
#4471 = LINE ( 'NONE', #3790, #737 ) ;
#4472 = B_SPLINE_CURVE_WITH_KNOTS ( 'NONE', 3,
 ( #2131, #371, #2103, #3193, #656, #1736, #3961, #2889, #3990, #1376, #1401, #682, #3297, #3251, #3937, #1075, #2815, #1001, #3913, #2476, #4337, #1451, #2842, #630, #350, #1049, #3582, #2909, #2501, #3554, #302, #1765, #3606, #4723, #4362, #2571, #2550, #3224 ),
 .UNSPECIFIED., .F., .F.,
 ( 4, 2, 1, 2, 2, 2, 1, 1, 2, 2, 2, 2, 1, 1, 2, 2, 2, 2, 1, 2, 2, 4 ),
 ( 0.000000000000000000, 0.1249999999999539257, 0.1874999999999505673, 0.2187499999999693856, 0.2499999999999881761, 0.3750000000001371125, 0.4375000000002092215, 0.4687500000002466360, 0.4843750000002495226, 0.5000000000002523537, 0.6250000000000109912, 0.6874999999999042988, 0.7187499999998401279, 0.7343749999997970512, 0.7421874999997851718, 0.7499999999997732925, 0.8124999999997868372, 0.8437499999997957190, 0.8593749999998011591, 0.8671874999998128164, 0.8749999999998244737, 1.000000000000000000 ),
 .UNSPECIFIED. ) ;
#4473 = CARTESIAN_POINT ( 'NONE',  ( -30.94781776245135063, 12.58781113640420024, 151.0674250000000143 ) ) ;
#4474 = CARTESIAN_POINT ( 'NONE',  ( -40.21871884976332012, 9.930910570464536846, 146.2311670738664873 ) ) ;
#4475 = CARTESIAN_POINT ( 'NONE',  ( -45.76914040056610133, 10.32637840678634156, 161.6218979166665122 ) ) ;
#4476 = CARTESIAN_POINT ( 'NONE',  ( -31.26836453363755197, 14.26531774536874053, 150.6141119552384851 ) ) ;
#4477 = B_SPLINE_SURFACE_WITH_KNOTS ( 'NONE', 3, 1, ( 
 ( #2334, #771 ),
 ( #1912, #486 ),
 ( #4387, #393 ),
 ( #2286, #1858 ),
 ( #4105, #414 ),
 ( #819, #2657 ),
 ( #1130, #3368 ),
 ( #3757, #3006 ),
 ( #2956, #1209 ),
 ( #2984, #2261 ),
 ( #3706, #2933 ),
 ( #751, #1956 ),
 ( #1884, #3343 ),
 ( #2639, #1548 ),
 ( #25, #53 ) ),
 .UNSPECIFIED., .F., .F., .F.,
 ( 4, 1, 1, 1, 1, 1, 1, 1, 1, 1, 1, 1, 4 ),
 ( 2, 2 ),
 ( 0.000000000000000000, 0.09857291052510350204, 0.1996144044776149984, 0.3059347542038389767, 0.4162400323667405089, 0.4750460346997589789, 0.5370283473132749785, 0.6041463145823089409, 0.6746020878660939912, 0.7497992027626531053, 0.8283851165129719751, 0.9124669593055270145, 1.000000000000000000 ),
 ( 0.000000000000000000, 1.000000000000000000 ),
 .UNSPECIFIED. ) ;
#4478 = CARTESIAN_POINT ( 'NONE',  ( -33.24360045890424686, 13.14284807227011953, 155.1710004988414937 ) ) ;
#4479 = CARTESIAN_POINT ( 'NONE',  ( -35.07283572474884892, 15.30165085409140069, 154.8094666666665091 ) ) ;
#4480 = CARTESIAN_POINT ( 'NONE',  ( -42.95278470683763317, 11.28853415109018243, 153.9014249318627208 ) ) ;
#4481 = SHAPE_DEFINITION_REPRESENTATION ( #1539, #2560 ) ;
#4482 = VERTEX_POINT ( 'NONE', #4532 ) ;
#4483 = CARTESIAN_POINT ( 'NONE',  ( -42.27000107037184762, 10.95059033211421884, 151.6647499999999980 ) ) ;
#4484 = VECTOR ( 'NONE', #770, 1000.000000000000114 ) ;
#4485 = CARTESIAN_POINT ( 'NONE',  ( -41.71959692796655617, 10.07826054041539976, 150.1827832061239860 ) ) ;
#4486 = VECTOR ( 'NONE', #1837, 1000.000000000000000 ) ;
#4487 = CARTESIAN_POINT ( 'NONE',  ( -42.81170961229270944, 10.78573092543472356, 153.2202279290897593 ) ) ;
#4488 = EDGE_LOOP ( 'NONE', ( #4237, #3563, #2812, #1543 ) ) ;
#4489 = CARTESIAN_POINT ( 'NONE',  ( -41.47695675586714970, 9.493187923419808882, 151.9437060551964862 ) ) ;
#4490 = CARTESIAN_POINT ( 'NONE',  ( -33.97525845302305214, 11.72968185530736029, 148.6836516440424134 ) ) ;
#4491 = CARTESIAN_POINT ( 'NONE',  ( -31.76292726787800191, 14.73513473448236155, 151.0246323355920026 ) ) ;
#4492 = FACE_OUTER_BOUND ( 'NONE', #2471, .T. ) ;
#4493 = CARTESIAN_POINT ( 'NONE',  ( -42.41864500599334775, 13.53871990057344021, 156.8902666666664913 ) ) ;
#4494 = CARTESIAN_POINT ( 'NONE',  ( -40.79150280610089396, 14.49155754192783974, 151.1517626471814992 ) ) ;
#4495 = CARTESIAN_POINT ( 'NONE',  ( -37.54198825203464907, 15.41273352073550029, 157.0678756944444956 ) ) ;
#4496 = CARTESIAN_POINT ( 'NONE',  ( -38.24161734679115199, 16.08018507477914838, 154.1400093750000053 ) ) ;
#4497 = CARTESIAN_POINT ( 'NONE',  ( -41.61140752037945134, 9.172977672258330273, 150.1502737557575244 ) ) ;
#4498 = CARTESIAN_POINT ( 'NONE',  ( -40.13219513919690229, 9.644305240243840061, 151.5195542959924921 ) ) ;
#4499 = CARTESIAN_POINT ( 'NONE',  ( -40.29376709200555240, 10.21638460722929587, 146.2929218218224605 ) ) ;
#4500 = CARTESIAN_POINT ( 'NONE',  ( -33.90629461212654405, 14.06793697216401995, 155.4619797281885099 ) ) ;
#4501 = CARTESIAN_POINT ( 'NONE',  ( -41.72801911429575483, 11.96955941912040089, 150.4278708333335146 ) ) ;
#4502 = B_SPLINE_CURVE_WITH_KNOTS ( 'NONE', 3,
 ( #4433, #2547, #1072, #702, #2283, #4334, #1047, #4010, #3340, #2610, #1809, #3270, #4030, #3987, #4720 ),
 .UNSPECIFIED., .F., .F.,
 ( 4, 1, 1, 1, 1, 1, 1, 1, 1, 1, 1, 1, 4 ),
 ( 0.000000000000000000, 0.08505097580952919456, 0.1679462958418944940, 0.2502627123142365240, 0.3333863537747605021, 0.4166112703646074888, 0.4986169106449850341, 0.5814264478425260618, 0.6656792919116899521, 0.7505298874553699706, 0.8334082697673289575, 0.9162495887424420005, 1.000000000000000000 ),
 .UNSPECIFIED. ) ;
#4503 = CARTESIAN_POINT ( 'NONE',  ( -39.55312325959584996, 9.878187542062089932, 152.0982943564920049 ) ) ;
#4504 = CARTESIAN_POINT ( 'NONE',  ( -30.53572693186000109, 13.28764647136373966, 150.0008805555554829 ) ) ;
#4505 = CARTESIAN_POINT ( 'NONE',  ( -35.92931242844675666, 15.83149616031084861, 154.5368416666665041 ) ) ;
#4506 = CARTESIAN_POINT ( 'NONE',  ( -43.69059990390456960, 10.62306405538545562, 155.7673765113411832 ) ) ;
#4507 = ORIENTED_EDGE ( 'NONE', *, *, #1249, .T. ) ;
#4508 = CARTESIAN_POINT ( 'NONE',  ( -41.49404156505990215, 9.414371088299578361, 151.2285218150665003 ) ) ;
#4509 = CARTESIAN_POINT ( 'NONE',  ( -35.90864543648419982, 12.56375414217665920, 161.9750041666664799 ) ) ;
#4510 = ORIENTED_EDGE ( 'NONE', *, *, #3127, .F. ) ;
#4511 = CARTESIAN_POINT ( 'NONE',  ( -33.85133228831565333, 13.08189017748890137, 156.3585247715379865 ) ) ;
#4512 = CARTESIAN_POINT ( 'NONE',  ( -32.14934993731075252, 14.69115890972433824, 151.6988982088954856 ) ) ;
#4513 = CARTESIAN_POINT ( 'NONE',  ( -40.52083288742390721, 14.59989130370069965, 150.0592647707325114 ) ) ;
#4514 = CARTESIAN_POINT ( 'NONE',  ( -42.03279320287810350, 13.53779964395876156, 154.2069874999999968 ) ) ;
#4515 = B_SPLINE_SURFACE_WITH_KNOTS ( 'NONE', 3, 1, ( 
 ( #2056, #3916 ),
 ( #4583, #1306 ),
 ( #910, #2773 ),
 ( #2081, #2818 ),
 ( #3154, #1351 ),
 ( #2406, #3846 ),
 ( #3558, #223 ),
 ( #4221, #199 ),
 ( #561, #3488 ),
 ( #1669, #978 ),
 ( #2479, #1325 ),
 ( #3535, #934 ),
 ( #250, #4268 ),
 ( #583, #2794 ),
 ( #2453, #4243 ) ),
 .UNSPECIFIED., .F., .F., .F.,
 ( 4, 1, 1, 1, 1, 1, 1, 1, 1, 1, 1, 1, 4 ),
 ( 2, 2 ),
 ( 0.000000000000000000, 0.08621767173616749769, 0.1695748194560074973, 0.2513212080089204936, 0.3326286391338085235, 0.4137188378703735014, 0.4949991466973279741, 0.5769630977868960287, 0.6616144346113439489, 0.7470823002075349661, 0.8308828482346459765, 0.9147228534787480436, 1.000000000000000000 ),
 ( 0.000000000000000000, 1.000000000000000000 ),
 .UNSPECIFIED. ) ;
#4516 = CARTESIAN_POINT ( 'NONE',  ( -42.09032555551505084, 9.188790184018030160, 152.8179379791515089 ) ) ;
#4517 = CARTESIAN_POINT ( 'NONE',  ( -37.29960558861169773, 15.35474396637125061, 157.1143770833334941 ) ) ;
#4518 = CARTESIAN_POINT ( 'NONE',  ( -37.12250206625885340, 16.87252014740925077, 151.2760983491419893 ) ) ;
#4519 = CARTESIAN_POINT ( 'NONE',  ( -41.24829980104050264, 13.38965063282029888, 150.4182951760864739 ) ) ;
#4520 = EDGE_CURVE ( 'NONE', #3439, #4171, #1255, .T. ) ;
#4521 = CARTESIAN_POINT ( 'NONE',  ( -30.86520853089860239, 11.94137215046644052, 151.0436333333335028 ) ) ;
#4522 = CARTESIAN_POINT ( 'NONE',  ( -33.96724831292294766, 13.69047575131672012, 155.8434833333334950 ) ) ;
#4523 = CARTESIAN_POINT ( 'NONE',  ( -40.76121418696089904, 11.29723632479733730, 147.3193016219003368 ) ) ;
#4524 = CARTESIAN_POINT ( 'NONE',  ( -33.99038962979179956, 14.50869466145286069, 154.7262716687205000 ) ) ;
#4525 = ADVANCED_FACE ( 'NONE', ( #867 ), #423, .F. ) ;
#4526 = CARTESIAN_POINT ( 'NONE',  ( -39.61047865379009636, 10.06877838248112056, 152.0786604494639960 ) ) ;
#4527 = CARTESIAN_POINT ( 'NONE',  ( -39.65319924275280528, 10.15341478667786035, 153.0250426239019816 ) ) ;
#4528 = CARTESIAN_POINT ( 'NONE',  ( -34.58574099205974761, 14.35290817678222020, 155.8701958333334971 ) ) ;
#4529 = CARTESIAN_POINT ( 'NONE',  ( -43.15269035074323511, 11.41371566496271583, 154.6483789131492586 ) ) ;
#4530 = ORIENTED_EDGE ( 'NONE', *, *, #567, .T. ) ;
#4531 = CARTESIAN_POINT ( 'NONE',  ( -43.03618101341690050, 9.184236076750151412, 153.7278055555555056 ) ) ;
#4532 = CARTESIAN_POINT ( 'NONE',  ( -40.14688383246775061, 9.619350822114260069, 146.2269954801911922 ) ) ;
#4533 = VERTEX_POINT ( 'NONE', #1281 ) ;
#4534 = CARTESIAN_POINT ( 'NONE',  ( -32.11581373349599744, 14.34697373958388056, 152.0051996535484875 ) ) ;
#4535 = CARTESIAN_POINT ( 'NONE',  ( -41.16748219787615426, 9.803306926299889312, 154.0500522889210231 ) ) ;
#4536 = CARTESIAN_POINT ( 'NONE',  ( -41.75065807117215400, 13.93016298184840096, 154.7766999999999769 ) ) ;
#4537 = CARTESIAN_POINT ( 'NONE',  ( -41.04315907951450271, 9.320088127094580344, 151.0334505283635167 ) ) ;
#4538 = CARTESIAN_POINT ( 'NONE',  ( -41.99802602865860734, 9.137424157700630545, 152.0496869199025127 ) ) ;
#4539 = CARTESIAN_POINT ( 'NONE',  ( -38.40379791275405097, 15.03300062862695086, 159.1811520833335010 ) ) ;
#4540 = CARTESIAN_POINT ( 'NONE',  ( -33.63800401921485417, 14.67355845323366026, 153.9648277743170013 ) ) ;
#4541 = CARTESIAN_POINT ( 'NONE',  ( -34.65584021294619532, 13.85960149409884501, 156.7680831810017992 ) ) ;
#4542 = CARTESIAN_POINT ( 'NONE',  ( -34.76242287951350107, 15.20622359568599968, 154.6057015021540053 ) ) ;
#4543 = CARTESIAN_POINT ( 'NONE',  ( -31.32194985312934676, 10.57927033682265971, 151.7513866201165058 ) ) ;
#4544 = CARTESIAN_POINT ( 'NONE',  ( -40.37972213933676358, 10.50125126373888662, 146.4097829682753229 ) ) ;
#4545 = CARTESIAN_POINT ( 'NONE',  ( -39.15413106705555180, 15.92620054997344958, 152.8913406381180096 ) ) ;
#4546 = EDGE_CURVE ( 'NONE', #683, #4241, #1280, .T. ) ;
#4547 = CARTESIAN_POINT ( 'NONE',  ( -39.52955184493674778, 10.12543178985245973, 152.3922012792129976 ) ) ;
#4548 = CARTESIAN_POINT ( 'NONE',  ( -30.92812836170979907, 14.12516882288216102, 150.1223739420649963 ) ) ;
#4549 = CARTESIAN_POINT ( 'NONE',  ( -35.79361027392069872, 16.63346794069904888, 152.3745239583334978 ) ) ;
#4550 = CARTESIAN_POINT ( 'NONE',  ( -43.06496148464938045, 11.40861344138042988, 154.3537936525129339 ) ) ;
#4551 = EDGE_CURVE ( 'NONE', #281, #4008, #2614, .T. ) ;
#4552 = EDGE_LOOP ( 'NONE', ( #2928, #4176, #2282, #608, #2218, #26, #1320, #969, #4422, #4674, #4150 ) ) ;
#4553 = LINE ( 'NONE', #3820, #438 ) ;
#4554 = CARTESIAN_POINT ( 'NONE',  ( -43.31744687512900072, 9.753245113807819777, 154.3880000000000052 ) ) ;
#4555 = CARTESIAN_POINT ( 'NONE',  ( -40.21202808359024772, 15.22996450923854894, 152.4651506852515013 ) ) ;
#4556 = VECTOR ( 'NONE', #3490, 999.9999999999998863 ) ;
#4557 = ORIENTED_EDGE ( 'NONE', *, *, #4461, .T. ) ;
#4558 = CARTESIAN_POINT ( 'NONE',  ( -37.27154136587735422, 10.79656207988107930, 149.2548840338220089 ) ) ;
#4559 = B_SPLINE_CURVE_WITH_KNOTS ( 'NONE', 3,
 ( #2239, #375, #4063, #1499 ),
 .UNSPECIFIED., .F., .F.,
 ( 4, 4 ),
 ( 0.000000000000000000, 1.000000000000000000 ),
 .UNSPECIFIED. ) ;
#4560 = CARTESIAN_POINT ( 'NONE',  ( -41.62634783765295055, 9.064084140113848775, 150.2519966416990087 ) ) ;
#4561 = CARTESIAN_POINT ( 'NONE',  ( -40.95570962356524802, 13.58497627152557996, 149.3491333333331852 ) ) ;
#4562 = CARTESIAN_POINT ( 'NONE',  ( -38.81968387101805007, 16.17282305123119812, 151.9519730210389810 ) ) ;
#4563 = VECTOR ( 'NONE', #3091, 1000.000000000000227 ) ;
#4564 = CARTESIAN_POINT ( 'NONE',  ( -40.67732638735519402, 14.81602419592132058, 152.5911499999999990 ) ) ;
#4565 = CARTESIAN_POINT ( 'NONE',  ( -40.74740888277839446, 9.088515697114400993, 147.9215659158481060 ) ) ;
#4566 = CARTESIAN_POINT ( 'NONE',  ( -37.48862399818259661, 15.54454391176174965, 156.5567489635269851 ) ) ;
#4567 = DIRECTION ( 'NONE',  ( 0.000000000000000000, -0.1024736996026324037, -0.9947357140918131613 ) ) ;
#4568 = CARTESIAN_POINT ( 'NONE',  ( -35.54325314984459538, 13.68324190071646917, 158.7272546206674519 ) ) ;
#4569 = CARTESIAN_POINT ( 'NONE',  ( -40.97528793196464392, 13.95448605959519739, 150.5341396825772620 ) ) ;
#4570 = CARTESIAN_POINT ( 'NONE',  ( -32.02534962561225029, 14.23495969517176007, 151.9691234375000022 ) ) ;
#4571 = CARTESIAN_POINT ( 'NONE',  ( -36.96537518370020337, 12.06042581995570018, 165.5604250017134973 ) ) ;
#4572 = CARTESIAN_POINT ( 'NONE',  ( -40.19679080278740457, 15.37699045967789502, 153.0106267160468008 ) ) ;
#4573 = B_SPLINE_CURVE_WITH_KNOTS ( 'NONE', 3,
 ( #4463, #2188, #1818, #4392, #4089, #4037, #1455, #3665, #2914, #800 ),
 .UNSPECIFIED., .F., .F.,
 ( 4, 3, 3, 4 ),
 ( 0.000000000000000000, 0.0001087391687391093994, 0.0002259499256682499790, 0.0002626450680608994627 ),
 .UNSPECIFIED. ) ;
#4574 = CARTESIAN_POINT ( 'NONE',  ( -40.99789280226969623, 9.804056031941058791, 153.5619123609539827 ) ) ;
#4575 = CARTESIAN_POINT ( 'NONE',  ( -36.37080696127679857, 16.25731872799354960, 153.6754562499999963 ) ) ;
#4576 = DIRECTION ( 'NONE',  ( 0.3656150866411352895, 0.01415353698374996298, -0.9306585226662058563 ) ) ;
#4577 = ORIENTED_EDGE ( 'NONE', *, *, #4224, .T. ) ;
#4578 = CARTESIAN_POINT ( 'NONE',  ( -37.67347864247299327, 16.48201944494504900, 152.6504605238989996 ) ) ;
#4579 = EDGE_CURVE ( 'NONE', #3146, #4273, #1820, .T. ) ;
#4580 = CARTESIAN_POINT ( 'NONE',  ( -32.70498120627011929, 13.47258579159333358, 153.7758532040629404 ) ) ;
#4581 = ORIENTED_EDGE ( 'NONE', *, *, #2238, .T. ) ;
#4582 = CARTESIAN_POINT ( 'NONE',  ( -45.75162492214000309, 7.703962958385559112, 149.0999209655465734 ) ) ;
#4583 = CARTESIAN_POINT ( 'NONE',  ( -42.05538142285285375, 9.328014998119650514, 152.0300530128745038 ) ) ;
#4584 = B_SPLINE_CURVE_WITH_KNOTS ( 'NONE', 3,
 ( #2697, #1173, #898, #857, #3072, #1536, #2651 ),
 .UNSPECIFIED., .F., .F.,
 ( 4, 1, 1, 1, 4 ),
 ( 0.2461873363172800144, 0.5000000023893720336, 0.6666666682595809856, 0.8333333341297908259, 1.000000000000000000 ),
 .UNSPECIFIED. ) ;
#4585 = CARTESIAN_POINT ( 'NONE',  ( -40.60869526278035124, 14.49863431041971928, 150.6864333858480052 ) ) ;
#4586 = CARTESIAN_POINT ( 'NONE',  ( -40.86198294715610047, 14.50262129979710046, 151.6353166666664833 ) ) ;
#4587 = CARTESIAN_POINT ( 'NONE',  ( -40.83878762585517563, 9.084687131669992866, 148.1513405764908100 ) ) ;
#4588 = LINE ( 'NONE', #1310, #4563 ) ;
#4589 = CARTESIAN_POINT ( 'NONE',  ( -39.15982809539760012, 10.31086785985520038, 153.1122192057380005 ) ) ;
#4590 = CARTESIAN_POINT ( 'NONE',  ( -32.61351332353705601, 13.20626055161296541, 153.9459229704536369 ) ) ;
#4591 = CARTESIAN_POINT ( 'NONE',  ( -31.12712025983405084, 13.72416954939470024, 150.7986500000000092 ) ) ;
#4592 = CARTESIAN_POINT ( 'NONE',  ( -36.83294742471169769, 12.16801547140362061, 165.0295113743649722 ) ) ;
#4593 = CARTESIAN_POINT ( 'NONE',  ( -40.76804532593860131, 14.44896982029821864, 150.8060020833335102 ) ) ;
#4594 = CARTESIAN_POINT ( 'NONE',  ( -39.03689779677705474, 10.29644572618354026, 152.6131110914519979 ) ) ;
#4595 = CARTESIAN_POINT ( 'NONE',  ( -39.84680372433015094, 9.693159150125810086, 151.1600930157165124 ) ) ;
#4596 = CARTESIAN_POINT ( 'NONE',  ( -37.08564305174179765, 15.80844824524379710, 155.4588019339439882 ) ) ;
#4597 = CARTESIAN_POINT ( 'NONE',  ( -31.18598953306424804, 14.46062700424088021, 150.2812074620430280 ) ) ;
#4598 = ORIENTED_EDGE ( 'NONE', *, *, #4198, .T. ) ;
#4599 = CARTESIAN_POINT ( 'NONE',  ( -35.38573408576225177, 11.19305222207885819, 152.6880351329445205 ) ) ;
#4600 = CARTESIAN_POINT ( 'NONE',  ( -39.99865125751784944, 11.08103520739362047, 145.3869458333331863 ) ) ;
#4601 = CARTESIAN_POINT ( 'NONE',  ( -33.11461012016032157, 14.21798367503632576, 153.6262639713402507 ) ) ;
#4602 = ORIENTED_EDGE ( 'NONE', *, *, #965, .T. ) ;
#4603 = CARTESIAN_POINT ( 'NONE',  ( -41.86041608251394308, 11.60568869997673858, 150.6879447579775047 ) ) ;
#4604 = EDGE_CURVE ( 'NONE', #1323, #1667, #607, .T. ) ;
#4605 = CARTESIAN_POINT ( 'NONE',  ( -40.98479762191274745, 14.23121549831922117, 151.0718662514979940 ) ) ;
#4606 = CARTESIAN_POINT ( 'NONE',  ( -30.57856919291899089, 13.27545804511966487, 150.0709214266657625 ) ) ;
#4607 = CARTESIAN_POINT ( 'NONE',  ( -39.72268312470755092, 9.547778725628131014, 145.3926347222221978 ) ) ;
#4608 = CARTESIAN_POINT ( 'NONE',  ( -40.31495222141694512, 14.78510579555777937, 149.7310079409253945 ) ) ;
#4609 = CARTESIAN_POINT ( 'NONE',  ( -39.58314855116699960, 10.04586217950043903, 153.8136616775155119 ) ) ;
#4610 = CARTESIAN_POINT ( 'NONE',  ( -39.96819660420700160, 13.89609953540877996, 164.6915812499999845 ) ) ;
#4611 = CARTESIAN_POINT ( 'NONE',  ( -31.86774407873722126, 14.48530247153735395, 151.4509236303660487 ) ) ;
#4612 = CARTESIAN_POINT ( 'NONE',  ( -35.50573971355176894, 14.01591920428703553, 157.9724208961037846 ) ) ;
#4613 = DIRECTION ( 'NONE',  ( 0.2867769709712615356, -0.9529542020951189407, 0.09816953514101768585 ) ) ;
#4614 = CARTESIAN_POINT ( 'NONE',  ( -31.62663839302109992, 13.13414603891486010, 152.1148274305555219 ) ) ;
#4615 = CARTESIAN_POINT ( 'NONE',  ( -36.22588937003735055, 12.95592274709749958, 161.9530000000000030 ) ) ;
#4616 = CARTESIAN_POINT ( 'NONE',  ( -40.44009295913979685, 14.71220104058093980, 150.1027949539815154 ) ) ;
#4617 = CARTESIAN_POINT ( 'NONE',  ( -40.15074725720185000, 9.636914536735559977, 146.2258438321324263 ) ) ;
#4618 = CARTESIAN_POINT ( 'NONE',  ( -39.54507226368115624, 10.15357875071325822, 152.7107691858380178 ) ) ;
#4619 = CARTESIAN_POINT ( 'NONE',  ( -39.85396467810814869, 9.920169347309450103, 153.3846519651360154 ) ) ;
#4620 = CARTESIAN_POINT ( 'NONE',  ( -35.53750458311464655, 15.05202942109134945, 155.9373562499999935 ) ) ;
#4621 = CARTESIAN_POINT ( 'NONE',  ( -30.64704221650904969, 11.18489921777040053, 150.5477909162535184 ) ) ;
#4622 = VERTEX_POINT ( 'NONE', #3865 ) ;
#4623 = CARTESIAN_POINT ( 'NONE',  ( -36.08927122051830594, 16.44001907488319958, 153.0286964452345160 ) ) ;
#4624 = CARTESIAN_POINT ( 'NONE',  ( -37.40823210824994760, 16.54853212974410326, 151.9749306046765014 ) ) ;
#4625 = CARTESIAN_POINT ( 'NONE',  ( -41.01543980314739457, 10.76752679007434033, 148.0362208333332035 ) ) ;
#4626 = B_SPLINE_CURVE_WITH_KNOTS ( 'NONE', 3,
 ( #1243, #2190, #154, #1240 ),
 .UNSPECIFIED., .F., .F.,
 ( 4, 4 ),
 ( 0.000000000000000000, 3.076127616985959698E-05 ),
 .UNSPECIFIED. ) ;
#4627 = FACE_OUTER_BOUND ( 'NONE', #4394, .T. ) ;
#4628 = ORIENTED_EDGE ( 'NONE', *, *, #2017, .T. ) ;
#4629 = CARTESIAN_POINT ( 'NONE',  ( -32.52652573918310708, 1.077416822459819956, 154.1947077238750126 ) ) ;
#4630 = CARTESIAN_POINT ( 'NONE',  ( -42.04056135404739791, 9.452650582772799126, 153.1966262223704973 ) ) ;
#4631 = CARTESIAN_POINT ( 'NONE',  ( -39.67042736387364954, 9.562249293231509739, 145.2794781249999971 ) ) ;
#4632 = CARTESIAN_POINT ( 'NONE',  ( -41.53206933562185554, 14.00559856640052203, 153.4549934027780012 ) ) ;
#4633 = CARTESIAN_POINT ( 'NONE',  ( -40.77640589654829739, 9.931555837525898767, 154.1525653724254994 ) ) ;
#4634 = CARTESIAN_POINT ( 'NONE',  ( -38.89792429185925471, 14.79010971035534183, 160.6845395833335033 ) ) ;
#4635 = CARTESIAN_POINT ( 'NONE',  ( -35.24056373301245770, 14.07028316779081401, 157.4005571732692772 ) ) ;
#4636 = ORIENTED_EDGE ( 'NONE', *, *, #188, .F. ) ;
#4637 = CARTESIAN_POINT ( 'NONE',  ( -40.93094838474254971, 9.615525395929340746, 148.1092348958619880 ) ) ;
#4638 = EDGE_CURVE ( 'NONE', #1402, #746, #2876, .T. ) ;
#4639 = CARTESIAN_POINT ( 'NONE',  ( -34.56806052066319523, 14.08683830132546078, 156.2703503472220063 ) ) ;
#4640 = CARTESIAN_POINT ( 'NONE',  ( -36.72576504477220283, 12.23789297587344116, 164.6258915883955183 ) ) ;
#4641 = CARTESIAN_POINT ( 'NONE',  ( -42.97928778875965605, 11.38386406057569999, 154.0059833333335177 ) ) ;
#4642 = CARTESIAN_POINT ( 'NONE',  ( -40.52083288742390721, 14.59989130370069965, 150.0592647707325114 ) ) ;
#4643 = CARTESIAN_POINT ( 'NONE',  ( -44.79816814770220645, 8.222900670384369448, 146.2588606299774199 ) ) ;
#4644 = CARTESIAN_POINT ( 'NONE',  ( -40.18293971131600273, 10.04689032590916042, 153.5384853573085024 ) ) ;
#4645 = CARTESIAN_POINT ( 'NONE',  ( -35.94087140092799615, 16.86655274559474904, 151.7675422468479951 ) ) ;
#4646 = CARTESIAN_POINT ( 'NONE',  ( -33.45798131438350254, 14.45227762231706059, 154.0321855740610033 ) ) ;
#4647 = CARTESIAN_POINT ( 'NONE',  ( -30.72461189351569644, 13.26604971695125990, 150.3538722222219803 ) ) ;
#4648 = CARTESIAN_POINT ( 'NONE',  ( -43.92016472591915033, 8.959601517313240393, 155.9385540766415090 ) ) ;
#4649 = ORIENTED_EDGE ( 'NONE', *, *, #2271, .F. ) ;
#4650 = DIRECTION ( 'NONE',  ( -0.8854855037440988452, -0.3027836952349074462, -0.3524733416287734178 ) ) ;
#4651 = CARTESIAN_POINT ( 'NONE',  ( -45.40018738555770028, 8.468140780799419787, 159.3069166666664955 ) ) ;
#4652 = CARTESIAN_POINT ( 'NONE',  ( -41.00348902142810203, 11.79338192790959994, 148.1398501736109949 ) ) ;
#4653 = VERTEX_POINT ( 'NONE', #3634 ) ;
#4654 = CARTESIAN_POINT ( 'NONE',  ( -41.60957810531819945, 13.95254261787193961, 153.7045236111110000 ) ) ;
#4655 = CARTESIAN_POINT ( 'NONE',  ( -41.68972469648294776, 9.611561146237370679, 153.7143287374720160 ) ) ;
#4656 = CARTESIAN_POINT ( 'NONE',  ( -41.55313420442285377, 9.359076018268840613, 152.9016756967295123 ) ) ;
#4657 = FACE_OUTER_BOUND ( 'NONE', #1838, .T. ) ;
#4658 = CARTESIAN_POINT ( 'NONE',  ( -41.03114062586335820, 14.55606444484913986, 153.7021031249999794 ) ) ;
#4659 = CARTESIAN_POINT ( 'NONE',  ( -41.11012680368190075, 9.612716085880871120, 154.0696861959494868 ) ) ;
#4660 = CARTESIAN_POINT ( 'NONE',  ( -34.52580855742274224, 12.05063426324083942, 158.9427499999999895 ) ) ;
#4661 = CARTESIAN_POINT ( 'NONE',  ( -41.63690080625550394, 9.063884914314771279, 150.2808904347064924 ) ) ;
#4662 = CARTESIAN_POINT ( 'NONE',  ( -43.50870840936559603, 11.80035079386380126, 156.2707000000000050 ) ) ;
#4663 = CARTESIAN_POINT ( 'NONE',  ( -40.95570962356524802, 13.58497627152557996, 149.3491333333331852 ) ) ;
#4664 = EDGE_CURVE ( 'NONE', #4653, #3267, #4472, .T. ) ;
#4665 = FACE_OUTER_BOUND ( 'NONE', #3350, .T. ) ;
#4666 = CARTESIAN_POINT ( 'NONE',  ( -39.68585987338644827, 9.966198848030527913, 151.3031041582954970 ) ) ;
#4667 = CARTESIAN_POINT ( 'NONE',  ( -41.63002525125024533, 9.038088189899710301, 150.2765026809369999 ) ) ;
#4668 = CARTESIAN_POINT ( 'NONE',  ( -31.06144186679074792, 14.11227636145287967, 150.3791566144320200 ) ) ;
#4669 = VERTEX_POINT ( 'NONE', #271 ) ;
#4670 = EDGE_CURVE ( 'NONE', #746, #4482, #189, .T. ) ;
#4671 = CARTESIAN_POINT ( 'NONE',  ( -42.97023667127475477, 8.796013860360940129, 153.7149201388890276 ) ) ;
#4672 = CARTESIAN_POINT ( 'NONE',  ( -39.97687392867400291, 12.23847051043920153, 145.3388427951390156 ) ) ;
#4673 = CARTESIAN_POINT ( 'NONE',  ( -40.10979757563335113, 9.444960058626110211, 146.2487709598357810 ) ) ;
#4674 = ORIENTED_EDGE ( 'NONE', *, *, #2232, .T. ) ;
#4675 = CARTESIAN_POINT ( 'NONE',  ( -41.72064277445190328, 13.87226669223621833, 154.0776184027780005 ) ) ;
#4676 = CARTESIAN_POINT ( 'NONE',  ( -41.58095270327914506, 9.296318241201520394, 152.3737361230419936 ) ) ;
#4677 = CARTESIAN_POINT ( 'NONE',  ( -39.87997967170439750, 9.505260411933420528, 145.7337888888890234 ) ) ;
#4678 = CARTESIAN_POINT ( 'NONE',  ( -41.41451290508160099, 9.647783701974720572, 153.2619891481145089 ) ) ;
#4679 = CARTESIAN_POINT ( 'NONE',  ( -34.81566997437919753, 13.14071987243577944, 158.1854708333335111 ) ) ;
#4680 = CARTESIAN_POINT ( 'NONE',  ( -41.57368434304125060, 9.484543874815729581, 152.1423609840474853 ) ) ;
#4681 = CARTESIAN_POINT ( 'NONE',  ( -34.18452420846264062, 14.41667073657837861, 155.1538874999999962 ) ) ;
#4682 = CARTESIAN_POINT ( 'NONE',  ( -37.72543858775659942, 13.06544256749785937, 164.9657812499999920 ) ) ;
#4683 = CARTESIAN_POINT ( 'NONE',  ( -41.51192568071639499, 12.07125707594174102, 149.8130999999999915 ) ) ;
#4684 = CARTESIAN_POINT ( 'NONE',  ( -38.80418693227670701, 15.85702905152304787, 154.5691343750000044 ) ) ;
#4685 = CARTESIAN_POINT ( 'NONE',  ( -39.06486572268615021, 10.30608451342333964, 152.7883780910875089 ) ) ;
#4686 = CARTESIAN_POINT ( 'NONE',  ( -41.64203889273346704, 11.84412369343318971, 150.2401077735312924 ) ) ;
#4687 = EDGE_CURVE ( 'NONE', #3890, #436, #1512, .T. ) ;
#4688 = CARTESIAN_POINT ( 'NONE',  ( -42.43345573414289618, 10.81175117827159937, 152.0625101897535103 ) ) ;
#4689 = LINE ( 'NONE', #4737, #200 ) ;
#4690 = ORIENTED_EDGE ( 'NONE', *, *, #3999, .T. ) ;
#4691 = ORIENTED_EDGE ( 'NONE', *, *, #3243, .T. ) ;
#4692 = CARTESIAN_POINT ( 'NONE',  ( -41.48961010441649933, 9.076872941627080138, 149.8687081831560022 ) ) ;
#4693 = EDGE_CURVE ( 'NONE', #3030, #3194, #4014, .T. ) ;
#4694 = CARTESIAN_POINT ( 'NONE',  ( -40.40006217047459813, 10.97426178464929869, 146.3320999999999970 ) ) ;
#4695 = CARTESIAN_POINT ( 'NONE',  ( -36.18435789968435046, 16.37809078691890008, 153.2435823351779902 ) ) ;
#4696 = ORIENTED_EDGE ( 'NONE', *, *, #1301, .F. ) ;
#4697 = CARTESIAN_POINT ( 'NONE',  ( -41.52874834366095058, 10.12537122953748003, 149.6060499999999820 ) ) ;
#4698 = CARTESIAN_POINT ( 'NONE',  ( -34.59092860183071139, 15.77847671720113532, 153.0700150347053352 ) ) ;
#4699 = CARTESIAN_POINT ( 'NONE',  ( -30.48912084957869695, 12.92173482647975824, 150.0713316967004971 ) ) ;
#4700 = CARTESIAN_POINT ( 'NONE',  ( -31.01800228097634005, 14.03225642703695186, 150.3603536302888983 ) ) ;
#4701 = CARTESIAN_POINT ( 'NONE',  ( -39.76217409346737242, 15.67357648330267672, 153.1858791454992286 ) ) ;
#4702 = CARTESIAN_POINT ( 'NONE',  ( -39.35592078800739557, 10.29020430738145997, 153.4844675738664819 ) ) ;
#4703 = CARTESIAN_POINT ( 'NONE',  ( -34.06449540312244295, 9.872466660833239871, 157.9226083333334998 ) ) ;
#4704 = CARTESIAN_POINT ( 'NONE',  ( -30.67296725864174078, 13.48533955157584074, 150.1159793914443696 ) ) ;
#4705 = CARTESIAN_POINT ( 'NONE',  ( -41.80264774041015130, 14.23895579332722150, 158.0330395833335047 ) ) ;
#4706 = CARTESIAN_POINT ( 'NONE',  ( -32.63384703601279568, 15.08117275997440032, 151.9456768794400148 ) ) ;
#4707 = CARTESIAN_POINT ( 'NONE',  ( -37.83850569954735477, 12.99930186472360027, 165.3626093750000052 ) ) ;
#4708 = CARTESIAN_POINT ( 'NONE',  ( -41.43237254515245382, 11.35403199562565923, 149.3409749999999860 ) ) ;
#4709 = VECTOR ( 'NONE', #1339, 1000.000000000000000 ) ;
#4710 = CARTESIAN_POINT ( 'NONE',  ( -38.06416390003740702, 16.56426434661599956, 151.4209083333335002 ) ) ;
#4711 = CARTESIAN_POINT ( 'NONE',  ( -41.94861750474015594, 9.052483228925002123, 151.0808115788973112 ) ) ;
#4712 = AXIS2_PLACEMENT_3D ( 'NONE', #2728, #889, #2389 ) ;
#4713 = CARTESIAN_POINT ( 'NONE',  ( -41.72601486712672170, 10.22954384251222315, 150.1825626079494214 ) ) ;
#4714 = CARTESIAN_POINT ( 'NONE',  ( -40.18955053339114869, 9.834896080662870688, 151.4999203889640000 ) ) ;
#4715 = CARTESIAN_POINT ( 'NONE',  ( -40.19432849306270583, 9.827758185317680528, 146.2254225900066160 ) ) ;
#4716 = CARTESIAN_POINT ( 'NONE',  ( -32.49029383393435211, 10.26329184784902004, 154.3469395833335227 ) ) ;
#4717 = CARTESIAN_POINT ( 'NONE',  ( -32.25976719460705766, 13.80422162583737844, 152.8050416666665114 ) ) ;
#4718 = EDGE_LOOP ( 'NONE', ( #1705, #80, #4312 ) ) ;
#4719 = CARTESIAN_POINT ( 'NONE',  ( -39.14315911936909487, 15.99820596013410245, 149.4620031249999954 ) ) ;
#4720 = CARTESIAN_POINT ( 'NONE',  ( -39.10247270120340346, 10.12027701943615909, 153.1318531127660094 ) ) ;
#4721 = CARTESIAN_POINT ( 'NONE',  ( -34.56731586895604380, 16.65839263805105119, 151.5755374999999958 ) ) ;
#4722 = CARTESIAN_POINT ( 'NONE',  ( -36.66561410660640519, 16.17896788408474862, 154.4100683577815118 ) ) ;
#4723 = CARTESIAN_POINT ( 'NONE',  ( -41.43374376615768995, 10.31039243168388886, 149.3245216489108884 ) ) ;
#4724 = VERTEX_POINT ( 'NONE', #2210 ) ;
#4725 = DIRECTION ( 'NONE',  ( 0.3656150866411352895, 0.01415353698374996298, -0.9306585226662058563 ) ) ;
#4726 = ADVANCED_FACE ( 'NONE', ( #4056 ), #4477, .T. ) ;
#4727 = CARTESIAN_POINT ( 'NONE',  ( -41.10051447370874911, 9.510678967513600313, 151.0138166213354793 ) ) ;
#4728 = CARTESIAN_POINT ( 'NONE',  ( -41.61178608176544458, 9.483891861330489448, 152.2473361396770031 ) ) ;
#4729 = CARTESIAN_POINT ( 'NONE',  ( -34.07589367763909394, 11.57699180532751981, 158.1749000000000080 ) ) ;
#4730 = B_SPLINE_CURVE_WITH_KNOTS ( 'NONE', 3,
 ( #1504, #1845, #3256, #2243, #2143 ),
 .UNSPECIFIED., .F., .F.,
 ( 4, 1, 4 ),
 ( 0.000000000000000000, 1.000000000000000000, 2.438364853839555035 ),
 .UNSPECIFIED. ) ;
#4731 = CARTESIAN_POINT ( 'NONE',  ( -38.13248989787094700, 13.49036667231671949, 164.4701500000000181 ) ) ;
#4732 = CARTESIAN_POINT ( 'NONE',  ( -41.78696480530894775, 9.967214935321409897, 150.3385677022704954 ) ) ;
#4733 = CARTESIAN_POINT ( 'NONE',  ( -37.02518424949204956, 17.02584948287625366, 150.6051170641400176 ) ) ;
#4734 = DIRECTION ( 'NONE',  ( 0.8854855037440997334, 0.3027836952349064470, 0.3524733416287724186 ) ) ;
#4735 = CARTESIAN_POINT ( 'NONE',  ( -36.55094212460744529, 16.77449524664159952, 152.0808333333334872 ) ) ;
#4736 = CARTESIAN_POINT ( 'NONE',  ( -41.44595239889244453, 9.423948472215540662, 149.5781869791665883 ) ) ;
#4737 = CARTESIAN_POINT ( 'NONE',  ( -40.18955053339114869, 9.834896080662870688, 151.4999203889640000 ) ) ;
#4738 = CARTESIAN_POINT ( 'NONE',  ( -31.96285584651105438, 13.86329630405803925, 152.2230729166664958 ) ) ;
#4739 = ORIENTED_EDGE ( 'NONE', *, *, #2076, .T. ) ;
#4740 = CARTESIAN_POINT ( 'NONE',  ( -40.50884724035900319, 15.00877327417659934, 153.3844027777780070 ) ) ;
#4741 = CARTESIAN_POINT ( 'NONE',  ( -38.51177511128640418, 11.23057856997739989, 151.9977748342500092 ) ) ;
ENDSEC;
END-ISO-10303-21;
