ISO-10303-21;
HEADER;
FILE_DESCRIPTION (( 'STEP AP214' ),
    '1' );
FILE_NAME ('H3 RH60.STEP',
    '2025-05-13T04:37:05',
    ( '' ),
    ( '' ),
    'SwSTEP 2.0',
    'SolidWorks 2023',
    '' );
FILE_SCHEMA (( 'AUTOMOTIVE_DESIGN' ));
ENDSEC;

DATA;
#1 = ORIENTED_EDGE ( 'NONE', *, *, #1491, .F. ) ;
#2 = CARTESIAN_POINT ( 'NONE',  ( 25.21150487756234782, 25.80874436706309893, 160.7497500000000059 ) ) ;
#3 = CARTESIAN_POINT ( 'NONE',  ( 24.92311470293599740, 23.99889030095025078, 153.1055749999999875 ) ) ;
#4 = DIRECTION ( 'NONE',  ( -0.9914626728336710659, -0.07787427352598338959, 0.1045818621956658007 ) ) ;
#5 = CARTESIAN_POINT ( 'NONE',  ( 25.37568093449761975, 26.47222227305569930, 169.5101482431154238 ) ) ;
#6 = CARTESIAN_POINT ( 'NONE',  ( 12.66051524279146001, 24.53504294330315005, 167.0815237801895137 ) ) ;
#7 = CARTESIAN_POINT ( 'NONE',  ( 25.89655102840444911, 21.39933339216610264, 169.3616135416665145 ) ) ;
#8 = CARTESIAN_POINT ( 'NONE',  ( 14.06099562761456134, 23.41379490904040139, 168.7767394923709787 ) ) ;
#9 = DIRECTION ( 'NONE',  ( -0.1006318910984300152, -0.05303758115645541144, -0.9935090525400490646 ) ) ;
#10 = CARTESIAN_POINT ( 'NONE',  ( 15.81527790477900020, 23.69664899455860052, 167.3496072744420076 ) ) ;
#11 = CARTESIAN_POINT ( 'NONE',  ( 12.80967748721622002, 25.90306734463234761, 165.8953175347220110 ) ) ;
#12 = LINE ( 'NONE', #1498, #6264 ) ;
#13 = ORIENTED_EDGE ( 'NONE', *, *, #5409, .T. ) ;
#14 = CARTESIAN_POINT ( 'NONE',  ( 24.33422981817564690, 27.43840984581154885, 162.0972618923610185 ) ) ;
#15 = CARTESIAN_POINT ( 'NONE',  ( 15.64819030445974768, 23.44465704479095081, 166.5223824320505059 ) ) ;
#17 = CARTESIAN_POINT ( 'NONE',  ( 17.82370450713414911, 29.86405369975184954, 164.7642632234160089 ) ) ;
#16 = PRODUCT_DEFINITION_SHAPE ( 'NONE', 'NONE',  #5401 ) ;
#18 = CARTESIAN_POINT ( 'NONE',  ( 25.62023805803129761, 21.65156217503370328, 163.0379875000000141 ) ) ;
#19 = CARTESIAN_POINT ( 'NONE',  ( 24.88297962726240087, 27.03658858454645042, 165.7099754974909729 ) ) ;
#20 = CARTESIAN_POINT ( 'NONE',  ( 25.15646074777714958, 26.78706158302830076, 171.5194811631945129 ) ) ;
#21 = B_SPLINE_SURFACE_WITH_KNOTS ( 'NONE', 3, 3, ( 
 ( #774, #746, #4692, #246, #2226, #4175, #2633, #6185, #162, #6218, #2751, #4723, #2169, #5728 ),
 ( #278, #1767, #4608, #2138, #4116, #5610, #682, #2666, #4632, #2926, #2520, #4492, #4982, #1991 ),
 ( #1441, #447, #5399, #572, #2554, #4002, #1573, #5962, #6386, #1513, #3970, #3941, #2942, #3495 ),
 ( #1930, #4912, #1546, #1066, #4524, #964, #3526, #6020, #5432, #3042, #3906, #5892, #5367, #5926 ),
 ( #483, #2051, #5508, #5471, #3010, #4029, #930, #4433, #2909, #6417, #1963, #1474, #4878, #1001 ),
 ( #102, #4578, #133, #2143, #4123, #6102, #1664, #2892, #392, #1948, #5801, #811, #5771, #4347 ),
 ( #5385, #1361, #3336, #880, #3923, #1294, #2857, #320, #1391, #2294, #4862, #3271, #4825, #1327 ),
 ( #5281, #4271, #6260, #3303, #2370, #2331, #1914, #3371, #2409, #4384, #847, #1812, #3786, #2821 ),
 ( #4790, #6371, #4310, #432, #357, #6334, #5873, #6108, #5562, #5073, #4097, #6077, #3611, #2147 ),
 ( #5132, #698, #195, #1548, #3793, #3245, #293, #1778, #2829, #1695, #6231, #1209, #2702, #2729 ) ),
 .UNSPECIFIED., .F., .F., .F.,
 ( 4, 1, 1, 1, 1, 1, 1, 4 ),
 ( 4, 1, 1, 1, 1, 1, 1, 1, 1, 1, 1, 4 ),
 ( 0.000000000000000000, 1.000000000000000000, 3.000000000000000000, 5.000000000000000000, 7.000000000000000000, 8.000000000000000000, 9.000000000000000000, 10.00000000000000000 ),
 ( 0.000000000000000000, 1.000000000000000000, 3.000000000000000000, 5.000000000000000000, 7.000000000000000000, 9.000000000000000000, 11.00000000000000000, 13.00000000000000000, 15.00000000000000000, 16.00000000000000000, 17.00000000000000000, 18.00000000000000000 ),
 .UNSPECIFIED. ) ;
#22 = CARTESIAN_POINT ( 'NONE',  ( 25.29254702771255126, 26.57056731398500204, 169.1524904877649931 ) ) ;
#23 = VERTEX_POINT ( 'NONE', #2450 ) ;
#24 = CARTESIAN_POINT ( 'NONE',  ( 16.46265870598730174, 23.44628777419749710, 165.0495028257344927 ) ) ;
#25 = CARTESIAN_POINT ( 'NONE',  ( 25.71061327295879906, 25.19767822836429971, 163.3706049998324943 ) ) ;
#26 = CARTESIAN_POINT ( 'NONE',  ( 24.07159227366295084, 19.35730673853014849, 161.7804166666664969 ) ) ;
#27 = CARTESIAN_POINT ( 'NONE',  ( 13.62290062665113943, 26.20195371405614893, 169.1955375000000004 ) ) ;
#28 = ADVANCED_FACE ( 'NONE', ( #5005 ), #43, .F. ) ;
#29 = ORIENTED_EDGE ( 'NONE', *, *, #4248, .F. ) ;
#30 = CARTESIAN_POINT ( 'NONE',  ( 25.50087049600839961, 25.27846952095865163, 161.5366575872114936 ) ) ;
#31 = CARTESIAN_POINT ( 'NONE',  ( 24.81779829992165176, 25.67913318288350055, 156.1873874999999998 ) ) ;
#32 = CARTESIAN_POINT ( 'NONE',  ( 24.86517615690850036, 24.25986144376919995, 153.0979583333335086 ) ) ;
#33 = CARTESIAN_POINT ( 'NONE',  ( 25.55576171787815909, 25.54694671655439109, 163.1937768713004004 ) ) ;
#34 = FACE_OUTER_BOUND ( 'NONE', #363, .T. ) ;
#35 = CARTESIAN_POINT ( 'NONE',  ( 14.20623625874476126, 23.60158143606544812, 168.2160108616280070 ) ) ;
#36 = CARTESIAN_POINT ( 'NONE',  ( 13.66427743657746063, 25.48897824091385189, 170.8247897398335056 ) ) ;
#37 = CARTESIAN_POINT ( 'NONE',  ( 15.59506072334274940, 23.54425396763529932, 164.3671898465925096 ) ) ;
#38 = CARTESIAN_POINT ( 'NONE',  ( 17.40472795826084962, 23.59673670209329899, 166.6510761634114886 ) ) ;
#39 = CARTESIAN_POINT ( 'NONE',  ( 12.76148559246817982, 25.78113034990189689, 165.9022644097219938 ) ) ;
#40 = CARTESIAN_POINT ( 'NONE',  ( 12.60174560545847555, 23.20774209998009852, 166.8964018318792455 ) ) ;
#41 = ORIENTED_EDGE ( 'NONE', *, *, #6114, .F. ) ;
#42 = CARTESIAN_POINT ( 'NONE',  ( 20.94378705904635041, 29.77398032531529637, 164.9563072373450154 ) ) ;
#43 = PLANE ( 'NONE',  #875 ) ;
#44 = CARTESIAN_POINT ( 'NONE',  ( 15.70578635601799888, 23.44796778743504717, 166.4893174954644905 ) ) ;
#45 = CARTESIAN_POINT ( 'NONE',  ( 19.20994902250570036, 29.51112986136920213, 170.1006583333335129 ) ) ;
#46 = CARTESIAN_POINT ( 'NONE',  ( 23.16167675002030180, 18.75702669724655181, 163.3618208333334962 ) ) ;
#47 = CARTESIAN_POINT ( 'NONE',  ( 15.80269939039885152, 23.65360206786024833, 166.4152116130329944 ) ) ;
#48 = CARTESIAN_POINT ( 'NONE',  ( 25.31448980689850004, 26.56607916496760069, 169.9436782535805150 ) ) ;
#49 = LINE ( 'NONE', #997, #3756 ) ;
#50 = VECTOR ( 'NONE', #5670, 1000.000000000000114 ) ;
#51 = ORIENTED_EDGE ( 'NONE', *, *, #1838, .T. ) ;
#52 = CARTESIAN_POINT ( 'NONE',  ( 24.85106732198120483, 20.28082970182949651, 165.1799166666665144 ) ) ;
#53 = CARTESIAN_POINT ( 'NONE',  ( 25.81981514421114809, 24.89066926748970232, 163.3727291666665167 ) ) ;
#54 = CARTESIAN_POINT ( 'NONE',  ( 22.70986086703789653, 28.68443620935064686, 168.9550750000000221 ) ) ;
#55 = CARTESIAN_POINT ( 'NONE',  ( 23.26481673752439860, 18.88349597103970012, 152.0785833333334836 ) ) ;
#56 = CARTESIAN_POINT ( 'NONE',  ( 19.02291645974739964, 29.61941426165289926, 168.5476687499999855 ) ) ;
#57 =( LENGTH_UNIT ( ) NAMED_UNIT ( * ) SI_UNIT ( .MILLI., .METRE. ) );
#58 = VERTEX_POINT ( 'NONE', #5037 ) ;
#59 = DIRECTION ( 'NONE',  ( -0.1006318910984290438, -0.05303758115645542531, -0.9935090525400493977 ) ) ;
#60 = CARTESIAN_POINT ( 'NONE',  ( 24.32504919481394623, 25.48524272804350232, 152.3030499999999847 ) ) ;
#61 = ADVANCED_FACE ( 'NONE', ( #4424 ), #2745, .T. ) ;
#62 = CARTESIAN_POINT ( 'NONE',  ( 25.38528614612730294, 24.50262521351159961, 157.7663333333335061 ) ) ;
#63 = CARTESIAN_POINT ( 'NONE',  ( 19.09828241678336269, 29.96131307274192324, 164.6299699455189511 ) ) ;
#64 = CARTESIAN_POINT ( 'NONE',  ( 25.11809502371760061, 26.72940031359160074, 165.6126624999999990 ) ) ;
#65 = CARTESIAN_POINT ( 'NONE',  ( 15.06612533786874941, 23.50846596279285095, 169.0205262070159904 ) ) ;
#66 = CARTESIAN_POINT ( 'NONE',  ( 15.09792283687455061, 23.28928945904625181, 164.0853947617490007 ) ) ;
#67 = EDGE_CURVE ( 'NONE', #1749, #58, #4724, .T. ) ;
#68 = B_SPLINE_SURFACE_WITH_KNOTS ( 'NONE', 3, 3, ( 
 ( #5427, #3381, #2867, #5921, #401, #5359, #4394, #996, #4458 ),
 ( #20, #1986, #1508, #5466, #3490, #1029, #1401, #3005, #4488 ),
 ( #536, #2515, #2381, #3998, #923, #48, #5990, #4358, #6343 ),
 ( #2902, #6380, #440, #2418, #1924, #3899, #5885, #166, #4583 ),
 ( #1601, #5616, #1118, #2112, #3069, #1637, #5099, #1665, #3637 ),
 ( #4639, #1692, #3691, #2787, #3664, #783, #5282, #5675, #2725 ),
 ( #4215, #3179, #4699, #4791, #358, #1295, #285, #2332, #6192 ),
 ( #2995, #2893, #5836, #4863, #5911, #5874, #2507, #3445, #3411 ),
 ( #3924, #5386, #4895, #1497, #2662, #2601, #5490, #2071, #127 ),
 ( #2165, #4660, #5666, #6184, #3198, #426, #3955, #4446, #4377 ),
 ( #3405, #350, #2438, #1974, #5343, #874, #5381, #387, #7 ),
 ( #494, #1354, #1942, #2472, #2403, #3846, #5796, #944, #5448 ),
 ( #2886, #3331, #460, #3365, #2924, #5305, #2816, #1422, #4786 ),
 ( #6327, #912, #6364, #3472, #3886, #5869, #4890, #980, #4413 ),
 ( #2324, #4854, #6398, #3918, #4303, #2852, #6295, #1843, #3440 ) ),
 .UNSPECIFIED., .F., .F., .F.,
 ( 4, 1, 1, 1, 1, 1, 1, 1, 1, 1, 1, 1, 4 ),
 ( 4, 1, 1, 1, 1, 1, 4 ),
 ( 0.000000000000000000, 1.000000000000000000, 2.000000000000000000, 3.000000000000000000, 5.000000000000000000, 7.000000000000000000, 9.000000000000000000, 11.00000000000000000, 13.00000000000000000, 15.00000000000000000, 16.00000000000000000, 17.00000000000000000, 18.00000000000000000 ),
 ( 0.000000000000000000, 1.000000000000000000, 2.000000000000000000, 3.000000000000000000, 4.000000000000000000, 5.000000000000000000, 6.000000000000000000 ),
 .UNSPECIFIED. ) ;
#69 = CARTESIAN_POINT ( 'NONE',  ( 15.83186101772135146, 23.49753871230195301, 167.3585569037540211 ) ) ;
#70 = CARTESIAN_POINT ( 'NONE',  ( 14.11940109710652180, 25.81850731884640027, 172.6995001778019798 ) ) ;
#71 = ORIENTED_EDGE ( 'NONE', *, *, #2453, .F. ) ;
#72 = CARTESIAN_POINT ( 'NONE',  ( 13.13807950020166082, 26.16858099797009984, 166.9459466547004922 ) ) ;
#73 = CARTESIAN_POINT ( 'NONE',  ( 24.77843312480590043, 26.80331315162715100, 161.9417791666664925 ) ) ;
#74 = CARTESIAN_POINT ( 'NONE',  ( 12.88026275427614031, 25.48814717847224998, 167.0083850881825072 ) ) ;
#75 = CARTESIAN_POINT ( 'NONE',  ( 13.92866935456057931, 26.17524073380490179, 170.7320250000000215 ) ) ;
#76 = CARTESIAN_POINT ( 'NONE',  ( 18.45989337814005182, 17.63443732041470113, 164.1264390575075254 ) ) ;
#77 = CARTESIAN_POINT ( 'NONE',  ( 15.76258261360079871, 23.72351386161469833, 168.0449347578889956 ) ) ;
#78 = CARTESIAN_POINT ( 'NONE',  ( 25.29079318652631159, 26.58359787615676950, 168.4983068597512670 ) ) ;
#79 = ORIENTED_EDGE ( 'NONE', *, *, #89, .F. ) ;
#80 = CARTESIAN_POINT ( 'NONE',  ( 23.26578126485375009, 28.38354665300790103, 168.5088499999999954 ) ) ;
#81 = CARTESIAN_POINT ( 'NONE',  ( 22.96945518916185236, 19.40661037024424829, 148.6931708333331983 ) ) ;
#82 = CARTESIAN_POINT ( 'NONE',  ( 17.57102204111769694, 29.49939011353260199, 167.9214833333334980 ) ) ;
#83 = PLANE ( 'NONE',  #1283 ) ;
#84 = EDGE_LOOP ( 'NONE', ( #5704, #2621, #4372, #1347 ) ) ;
#85 = CARTESIAN_POINT ( 'NONE',  ( 25.42388425155530030, 25.48102369095919784, 161.5345139829805134 ) ) ;
#86 = CARTESIAN_POINT ( 'NONE',  ( 25.09087332950354821, 24.34585472938789863, 154.6486833333335085 ) ) ;
#87 = CARTESIAN_POINT ( 'NONE',  ( 26.14885519175394180, 24.27753773707212659, 165.5951259189567395 ) ) ;
#88 = CARTESIAN_POINT ( 'NONE',  ( 25.07456381612035301, 26.82719608959800084, 168.9922404580954947 ) ) ;
#89 = EDGE_CURVE ( 'NONE', #1329, #3118, #3407, .T. ) ;
#90 = CARTESIAN_POINT ( 'NONE',  ( 15.04954222492639992, 23.70757624504945227, 169.0115765777040338 ) ) ;
#91 = CARTESIAN_POINT ( 'NONE',  ( 25.54665017821194795, 25.18904876664905146, 161.7124052131505039 ) ) ;
#92 = CARTESIAN_POINT ( 'NONE',  ( 18.48969500176865211, 29.95358970997800441, 165.1952923545219960 ) ) ;
#93 = CARTESIAN_POINT ( 'NONE',  ( 14.53899209226271871, 23.34484682795875088, 166.3570927685754839 ) ) ;
#94 = DIRECTION ( 'NONE',  ( 0.1006318910984296128, 0.05303758115645521021, 0.9935090525400491757 ) ) ;
#95 = CARTESIAN_POINT ( 'NONE',  ( 25.93465661954890322, 24.13717020652410028, 162.8691425700114905 ) ) ;
#96 = FACE_OUTER_BOUND ( 'NONE', #2603, .T. ) ;
#97 = CARTESIAN_POINT ( 'NONE',  ( 12.65173753815964020, 25.53479225467030034, 165.7870038194444930 ) ) ;
#98 = ORIENTED_EDGE ( 'NONE', *, *, #206, .F. ) ;
#99 = EDGE_CURVE ( 'NONE', #5803, #3132, #239, .T. ) ;
#100 = CARTESIAN_POINT ( 'NONE',  ( 13.27808123857290035, 26.44218229764715034, 166.9171600112850058 ) ) ;
#101 = CARTESIAN_POINT ( 'NONE',  ( 24.91400312794844751, 26.25053592734390051, 160.1018708333334928 ) ) ;
#102 = CARTESIAN_POINT ( 'NONE',  ( 12.82224698675324071, 27.41313941764945383, 162.3523295138890035 ) ) ;
#103 = CARTESIAN_POINT ( 'NONE',  ( 17.90684187736124855, 29.35571829198229921, 170.2390333333335093 ) ) ;
#104 = CARTESIAN_POINT ( 'NONE',  ( 15.65857653717904796, 23.41780206615555215, 165.9056710294040045 ) ) ;
#105 = CARTESIAN_POINT ( 'NONE',  ( 14.52209002426733875, 23.21730659420429888, 163.5509113991354866 ) ) ;
#106 = CARTESIAN_POINT ( 'NONE',  ( 25.62430024932899641, 26.11580552193634830, 168.3567377959050191 ) ) ;
#107 = CARTESIAN_POINT ( 'NONE',  ( 15.04792863806884995, 23.48402554180369606, 168.5104960108590149 ) ) ;
#108 = VERTEX_POINT ( 'NONE', #3810 ) ;
#109 = CARTESIAN_POINT ( 'NONE',  ( 25.50417665803900036, 20.74390555155065030, 169.4459121527780212 ) ) ;
#110 = CARTESIAN_POINT ( 'NONE',  ( 25.29051765468219770, 24.59024778391135158, 156.9826562499999909 ) ) ;
#111 = CARTESIAN_POINT ( 'NONE',  ( 24.35724985391935249, 27.62574708691914793, 165.6605124999999816 ) ) ;
#112 = B_SPLINE_SURFACE_WITH_KNOTS ( 'NONE', 3, 1, ( 
 ( #2070, #4047 ),
 ( #5860, #2916 ),
 ( #833, #6353 ),
 ( #866, #4882 ),
 ( #6246, #1446 ),
 ( #801, #3291 ),
 ( #1899, #5335 ),
 ( #6320, #1865 ),
 ( #902, #2876 ),
 ( #3324, #3430 ) ),
 .UNSPECIFIED., .F., .F., .F.,
 ( 4, 2, 2, 2, 4 ),
 ( 2, 2 ),
 ( 0.000000000000000000, 0.2500000000000000000, 0.5000000000000000000, 0.7500000000000000000, 1.000000000000000000 ),
 ( 0.000000000000000000, 1.000000000000000000 ),
 .UNSPECIFIED. ) ;
#113 = CARTESIAN_POINT ( 'NONE',  ( 12.21723954655742084, 24.08650753391399846, 164.8122418784855086 ) ) ;
#114 = CARTESIAN_POINT ( 'NONE',  ( 18.45632832672605161, 29.90207796375925042, 165.8622674645430095 ) ) ;
#115 = CARTESIAN_POINT ( 'NONE',  ( 25.91971605220989971, 25.35969829560024991, 166.3813333333334867 ) ) ;
#116 = ORIENTED_EDGE ( 'NONE', *, *, #4974, .F. ) ;
#117 = CARTESIAN_POINT ( 'NONE',  ( 24.46990809467829919, 25.10949750831915139, 152.3062395833335074 ) ) ;
#118 = CARTESIAN_POINT ( 'NONE',  ( 24.60297903632105232, 24.16399582317150063, 151.5485749999999996 ) ) ;
#119 = CARTESIAN_POINT ( 'NONE',  ( 21.61647028155735129, 29.53208966762744581, 166.4108847340490343 ) ) ;
#120 = CARTESIAN_POINT ( 'NONE',  ( 14.83674893876895950, 23.66755854817235161, 168.5155605229745106 ) ) ;
#121 = CARTESIAN_POINT ( 'NONE',  ( 13.65817648421635155, 25.03527243231538080, 171.4039117244153658 ) ) ;
#122 = CARTESIAN_POINT ( 'NONE',  ( 25.55986503019860123, 25.13220307369525131, 161.6256523437949966 ) ) ;
#123 = CARTESIAN_POINT ( 'NONE',  ( 18.71894137962905091, 29.91085122389520023, 166.6841537248444922 ) ) ;
#124 = CARTESIAN_POINT ( 'NONE',  ( 19.27364633782390158, 23.24772677025854861, 155.4233540868190175 ) ) ;
#125 = EDGE_CURVE ( 'NONE', #1128, #2631, #4073, .T. ) ;
#126 = CARTESIAN_POINT ( 'NONE',  ( 13.80395478489286099, 25.49310985656650175, 171.5550333333334834 ) ) ;
#127 = CARTESIAN_POINT ( 'NONE',  ( 26.33968675328614850, 22.75176623684309973, 169.2387229166664895 ) ) ;
#128 = CARTESIAN_POINT ( 'NONE',  ( 12.91758215945877986, 25.64317298584879978, 166.9344000000000108 ) ) ;
#129 = ORIENTED_EDGE ( 'NONE', *, *, #3376, .T. ) ;
#130 = CARTESIAN_POINT ( 'NONE',  ( 24.51117256623680163, 27.34961180007474724, 164.2211251012710136 ) ) ;
#131 = CARTESIAN_POINT ( 'NONE',  ( 23.74137197868234850, 27.34739293983970043, 156.2254479166664964 ) ) ;
#132 = CARTESIAN_POINT ( 'NONE',  ( 14.99777964169054023, 23.68052187121190144, 168.5055869898560275 ) ) ;
#133 = CARTESIAN_POINT ( 'NONE',  ( 12.52529785063009982, 26.96177235460159949, 162.3887027777774961 ) ) ;
#134 = EDGE_CURVE ( 'NONE', #1798, #3048, #292, .T. ) ;
#135 = CARTESIAN_POINT ( 'NONE',  ( 13.05399304447091957, 24.63291542318254912, 168.9139055555554876 ) ) ;
#136 = CARTESIAN_POINT ( 'NONE',  ( 14.35985905669089924, 23.20467139057230099, 163.5704089101984948 ) ) ;
#137 = CARTESIAN_POINT ( 'NONE',  ( 25.92390320044635388, 25.56574941050114802, 168.7480850648154842 ) ) ;
#138 = CARTESIAN_POINT ( 'NONE',  ( 25.96407223885969984, 25.38674588174205127, 167.3880304936445214 ) ) ;
#139 = VERTEX_POINT ( 'NONE', #4247 ) ;
#140 = CARTESIAN_POINT ( 'NONE',  ( 26.04283124282925144, 23.22818978098814924, 163.4322333333334996 ) ) ;
#141 = MECHANICAL_DESIGN_GEOMETRIC_PRESENTATION_REPRESENTATION (  '', ( #4086 ), #1092 ) ;
#142 = CARTESIAN_POINT ( 'NONE',  ( 25.71982942034174968, 21.19379768221304872, 167.4027999999999849 ) ) ;
#143 = CARTESIAN_POINT ( 'NONE',  ( 14.75494103289455872, 28.55861106010515016, 165.1447861695585004 ) ) ;
#144 = CARTESIAN_POINT ( 'NONE',  ( 21.44740086010694924, 29.25246745048454855, 168.6899083333335057 ) ) ;
#145 = CARTESIAN_POINT ( 'NONE',  ( 25.91636097633680080, 23.08117705190110414, 162.1338000000000079 ) ) ;
#146 = CARTESIAN_POINT ( 'NONE',  ( 17.03004122282315080, 29.71304273939825080, 165.3735881944444941 ) ) ;
#147 = VECTOR ( 'NONE', #4577, 1000.000000000000000 ) ;
#148 = CARTESIAN_POINT ( 'NONE',  ( 12.46305372922300059, 24.80121550529225161, 165.5775151156399829 ) ) ;
#149 = VERTEX_POINT ( 'NONE', #4642 ) ;
#150 = CIRCLE ( 'NONE', #5319, 5.525738028430748017 ) ;
#151 = CARTESIAN_POINT ( 'NONE',  ( 21.23684753161249716, 29.60742982756335095, 165.9420478337455052 ) ) ;
#152 = CARTESIAN_POINT ( 'NONE',  ( 13.64583990974665895, 24.62479618108680768, 171.6469011049183564 ) ) ;
#153 = CARTESIAN_POINT ( 'NONE',  ( 13.97423607640937959, 23.56720060252695248, 167.8809922659804954 ) ) ;
#154 = CARTESIAN_POINT ( 'NONE',  ( 25.44858727276974975, 25.44229202448359572, 161.6546761346045287 ) ) ;
#155 = B_SPLINE_CURVE_WITH_KNOTS ( 'NONE', 3,
 ( #1703, #1186, #1157, #1215, #5627, #704, #736, #3253, #5136, #4225, #2182, #2709, #1733, #1757, #5108, #2125, #1646 ),
 .UNSPECIFIED., .F., .F.,
 ( 4, 2, 2, 1, 1, 1, 2, 2, 2, 4 ),
 ( 0.000000000000000000, 0.2499999999997516986, 0.3749999999996267985, 0.4374999999995651256, 0.4687499999995052846, 0.4843749999994728661, 0.4921874999994575450, 0.4999999999994422240, 0.7499999999997211120, 1.000000000000000000 ),
 .UNSPECIFIED. ) ;
#156 = CARTESIAN_POINT ( 'NONE',  ( 24.60921164494849833, 27.34820176915165035, 165.4052355553405107 ) ) ;
#157 = CARTESIAN_POINT ( 'NONE',  ( 13.26301502732130011, 25.25525467697979920, 169.2643000000000200 ) ) ;
#158 = CARTESIAN_POINT ( 'NONE',  ( 14.07611075560773983, 25.51154974011529930, 173.0300594551799804 ) ) ;
#159 = CARTESIAN_POINT ( 'NONE',  ( 20.38019058499330072, 23.25348822705619867, 164.8582174495275012 ) ) ;
#160 = ORIENTED_EDGE ( 'NONE', *, *, #1409, .F. ) ;
#161 = CARTESIAN_POINT ( 'NONE',  ( 24.51117256623680163, 27.34961180007474724, 164.2211251012710136 ) ) ;
#162 = CARTESIAN_POINT ( 'NONE',  ( 12.35380027642552037, 22.42813366045984935, 165.0859812500000032 ) ) ;
#163 = CARTESIAN_POINT ( 'NONE',  ( 23.24665249402280054, 27.05897657052540239, 151.5623000000000218 ) ) ;
#164 = CARTESIAN_POINT ( 'NONE',  ( 14.11786593786322008, 23.41217504733334920, 164.1658649566830093 ) ) ;
#165 = CARTESIAN_POINT ( 'NONE',  ( 15.83450691091355189, 23.72274133436359733, 167.8944763626110159 ) ) ;
#166 = CARTESIAN_POINT ( 'NONE',  ( 25.59152191969939949, 26.17738739204829912, 169.2781065719355240 ) ) ;
#167 = CARTESIAN_POINT ( 'NONE',  ( 25.13355955767199745, 26.63622159826500280, 164.8215166666664970 ) ) ;
#168 = CARTESIAN_POINT ( 'NONE',  ( 25.17183892197040151, 26.75328534842514827, 166.1991076901445012 ) ) ;
#169 = ORIENTED_EDGE ( 'NONE', *, *, #4885, .T. ) ;
#170 = ADVANCED_FACE ( 'NONE', ( #1726 ), #4930, .F. ) ;
#171 = CARTESIAN_POINT ( 'NONE',  ( 24.80054085352464810, 27.13775931681965048, 165.7129247597750066 ) ) ;
#172 = CARTESIAN_POINT ( 'NONE',  ( 18.15302614474630261, 29.87048411439590012, 165.8967700185729939 ) ) ;
#173 = ORIENTED_EDGE ( 'NONE', *, *, #4984, .F. ) ;
#174 = EDGE_CURVE ( 'NONE', #5035, #2266, #200, .T. ) ;
#175 = CARTESIAN_POINT ( 'NONE',  ( 18.71894137962905091, 29.91085122389520023, 166.6841537248444922 ) ) ;
#176 = CARTESIAN_POINT ( 'NONE',  ( 25.91979751396964815, 23.73867322834914972, 162.0979788194444779 ) ) ;
#177 = CARTESIAN_POINT ( 'NONE',  ( 25.96779991975353497, 24.15755470455484399, 163.2612420543391636 ) ) ;
#178 = CARTESIAN_POINT ( 'NONE',  ( 17.51476326230614688, 29.74900324567190069, 166.8147642573945006 ) ) ;
#179 = CARTESIAN_POINT ( 'NONE',  ( 13.66940642576563469, 25.46868363034896632, 170.8837728561722429 ) ) ;
#180 = CARTESIAN_POINT ( 'NONE',  ( 25.59621200836924970, 26.16871235682695129, 169.1466225011405129 ) ) ;
#181 = CARTESIAN_POINT ( 'NONE',  ( 18.18167188932244827, 29.92721915807929634, 165.2278995849354999 ) ) ;
#182 = CARTESIAN_POINT ( 'NONE',  ( 13.71520318193683963, 25.13892020595250187, 171.5753395833335162 ) ) ;
#183 = CARTESIAN_POINT ( 'NONE',  ( 14.76067677907201947, 23.38421739838015156, 166.8222364125224999 ) ) ;
#184 = PLANE ( 'NONE',  #3360 ) ;
#185 = ORIENTED_EDGE ( 'NONE', *, *, #4021, .T. ) ;
#186 = CARTESIAN_POINT ( 'NONE',  ( 16.41355544994725335, 23.56859199643530189, 167.8614978451579987 ) ) ;
#187 = CARTESIAN_POINT ( 'NONE',  ( 23.62606600275670132, 26.92681306496225346, 153.1030374999999992 ) ) ;
#188 = CARTESIAN_POINT ( 'NONE',  ( 12.27676306777465953, 23.13497234560804827, 165.0794760792795159 ) ) ;
#189 = CARTESIAN_POINT ( 'NONE',  ( 13.64386563674769981, 24.01675634854775154, 171.7906225504664803 ) ) ;
#190 = CARTESIAN_POINT ( 'NONE',  ( 13.39208318212910065, 23.51659648109065159, 167.8338513518430091 ) ) ;
#191 = CARTESIAN_POINT ( 'NONE',  ( 14.46734128197582159, 23.21304254081309892, 163.5574913032340021 ) ) ;
#192 = CARTESIAN_POINT ( 'NONE',  ( 14.74409366612965933, 23.58332768063679907, 166.8132867832100033 ) ) ;
#193 = ORIENTED_EDGE ( 'NONE', *, *, #5762, .F. ) ;
#194 = CARTESIAN_POINT ( 'NONE',  ( 25.43070617225049901, 26.30068357458090134, 165.6937822516455014 ) ) ;
#195 = CARTESIAN_POINT ( 'NONE',  ( 12.27842299947912075, 26.98270673584185175, 161.1035333333335018 ) ) ;
#196 = CARTESIAN_POINT ( 'NONE',  ( 21.43506101794919871, 29.46417027163900215, 166.7265999999999906 ) ) ;
#197 = CARTESIAN_POINT ( 'NONE',  ( 25.84574682472899809, 24.26796858592659945, 162.0786682428949916 ) ) ;
#198 = CARTESIAN_POINT ( 'NONE',  ( 13.46683115330216118, 27.05894297312354979, 166.0687666666665052 ) ) ;
#199 = CARTESIAN_POINT ( 'NONE',  ( 18.88757682127469906, 29.95895123023495188, 164.6514382641994985 ) ) ;
#200 = B_SPLINE_CURVE_WITH_KNOTS ( 'NONE', 3,
 ( #1300, #5103, #2177, #4901 ),
 .UNSPECIFIED., .F., .F.,
 ( 4, 4 ),
 ( 0.000000000000000000, 1.000000000000000000 ),
 .UNSPECIFIED. ) ;
#201 = ORIENTED_EDGE ( 'NONE', *, *, #1797, .F. ) ;
#202 = CARTESIAN_POINT ( 'NONE',  ( 15.92066638642145016, 23.61563593595575128, 165.3519600607930045 ) ) ;
#203 = CARTESIAN_POINT ( 'NONE',  ( 22.04914984711410142, 29.46960104563185112, 162.6876313260539746 ) ) ;
#204 = EDGE_CURVE ( 'NONE', #360, #1499, #3752, .T. ) ;
#205 = CARTESIAN_POINT ( 'NONE',  ( 25.90432424411434909, 23.06532651414925184, 162.0041916666665145 ) ) ;
#206 = EDGE_CURVE ( 'NONE', #1214, #1299, #1822, .T. ) ;
#207 = CARTESIAN_POINT ( 'NONE',  ( 13.74149187456702137, 24.43994955410494896, 172.2517333333334761 ) ) ;
#208 = CARTESIAN_POINT ( 'NONE',  ( 26.27763779033410074, 24.53661232385314861, 169.1573598813039894 ) ) ;
#209 = CARTESIAN_POINT ( 'NONE',  ( 16.55753582436526017, 29.54771954449460125, 164.9093998450314587 ) ) ;
#210 = CARTESIAN_POINT ( 'NONE',  ( 13.60138405398327421, 25.68313345247642943, 170.1918411957445585 ) ) ;
#211 = CARTESIAN_POINT ( 'NONE',  ( 12.59234227316785848, 25.15416291729820131, 166.0488444619805080 ) ) ;
#212 = CARTESIAN_POINT ( 'NONE',  ( 14.02015993568199903, 25.25802264884794823, 173.1156736350000074 ) ) ;
#213 = B_SPLINE_SURFACE_WITH_KNOTS ( 'NONE', 3, 3, ( 
 ( #4296, #2809, #6355, #3359, #868, #3772, #4815, #453, #2396, #5267, #5761, #5822, #4407, #488, #2357, #1416, #2466, #3293, #4779, #6394, #1901, #3879, #5862 ),
 ( #3397, #1380, #835, #939, #383, #344, #4884, #5337, #6287, #1937, #904, #3326, #1449, #5302, #2846, #2879, #5406, #4848, #4373, #972, #2950, #30, #5023 ),
 ( #577, #3557, #5539, #1581, #3050, #1099, #4470, #3466, #1998, #3589, #1616, #606, #4593, #2562, #5442, #4530, #3533, #4067, #6052, #519, #5050, #5569, #1553 ),
 ( #3977, #2092, #4959, #5935, #4561, #2496, #2590, #4990, #117, #5478, #1129, #4035, #3106, #3017, #550, #5514, #2531, #2983, #1072, #1039, #4503, #85, #5079 ) ),
 .UNSPECIFIED., .F., .F., .F.,
 ( 4, 4 ),
 ( 4, 1, 1, 1, 1, 1, 1, 1, 1, 1, 1, 1, 1, 1, 1, 1, 1, 1, 1, 1, 4 ),
 ( 0.000000000000000000, 1.000000000000000000 ),
 ( 0.000000000000000000, 1.000000000000000000, 2.000000000000000000, 3.000000000000000000, 5.000000000000000000, 7.000000000000000000, 9.000000000000000000, 11.00000000000000000, 13.00000000000000000, 15.00000000000000000, 17.00000000000000000, 19.00000000000000000, 21.00000000000000000, 23.00000000000000000, 25.00000000000000000, 27.00000000000000000, 29.00000000000000000, 31.00000000000000000, 33.00000000000000000, 34.00000000000000000, 35.00000000000000000 ),
 .UNSPECIFIED. ) ;
#214 = CARTESIAN_POINT ( 'NONE',  ( 13.53478919094056110, 22.03657708162835149, 170.1274291666665022 ) ) ;
#215 = DIRECTION ( 'NONE',  ( -0.9914626728336708439, -0.07787427352598297325, 0.1045818621956685762 ) ) ;
#216 = ORIENTED_EDGE ( 'NONE', *, *, #4654, .F. ) ;
#217 = CARTESIAN_POINT ( 'NONE',  ( 13.54611097007630072, 23.15402813383479952, 163.9515289727785046 ) ) ;
#218 = CARTESIAN_POINT ( 'NONE',  ( 13.22195047358424169, 21.02721430872979980, 167.0293375000000253 ) ) ;
#219 = B_SPLINE_CURVE_WITH_KNOTS ( 'NONE', 3,
 ( #4340, #5767, #1420, #3329, #3814, #872, #2435, #458, #2850, #6253, #1870, #1807, #910, #4411, #5794, #5273, #3844, #840, #6396, #4784, #348, #2322, #2401, #4301, #4820, #6293, #1841, #3363, #2362, #5341, #4852, #5867, #4474, #3953, #523, #4925, #554, #2988, #5904, #492, #5, #1013, #1972 ),
 .UNSPECIFIED., .F., .F.,
 ( 4, 2, 2, 1, 1, 1, 2, 2, 2, 2, 2, 2, 2, 2, 1, 1, 2, 2, 2, 2, 1, 1, 2, 2, 4 ),
 ( 0.000000000000000000, 0.1250000000004141965, 0.1875000000006240841, 0.2187500000007308321, 0.2343750000007842338, 0.2421875000008134049, 0.2460937500008263390, 0.2500000000008392731, 0.3125000000009303669, 0.3437500000009721668, 0.3593750000009853229, 0.3750000000009984236, 0.4375000000010337287, 0.4687500000010620393, 0.4843750000010780821, 0.4921875000010839663, 0.4960937500010868528, 0.5000000000010896839, 0.6250000000009988677, 0.6875000000009546808, 0.7187500000009193757, 0.7343750000009012791, 0.7421875000008932854, 0.7500000000008852918, 1.000000000000000000 ),
 .UNSPECIFIED. ) ;
#220 = CARTESIAN_POINT ( 'NONE',  ( 23.75091366126959969, 26.55246504697614895, 152.3170000000000073 ) ) ;
#221 = CARTESIAN_POINT ( 'NONE',  ( 24.97326607860295056, 26.13833706915979960, 160.1005687500000079 ) ) ;
#222 = CARTESIAN_POINT ( 'NONE',  ( 21.15777047144180045, 29.71240650822689844, 164.9097877386755044 ) ) ;
#223 = CARTESIAN_POINT ( 'NONE',  ( 14.85333205171129833, 23.46844826591569699, 168.5245101522864957 ) ) ;
#224 = CARTESIAN_POINT ( 'NONE',  ( 25.64046204319499722, 24.87017989762955139, 161.5412971671450180 ) ) ;
#225 = DIRECTION ( 'NONE',  ( 0.000000000000000000, -0.8020645525478484750, -0.5972373510977186939 ) ) ;
#226 = CARTESIAN_POINT ( 'NONE',  ( 25.58882895633264809, 26.06722194226154699, 166.3815499999999759 ) ) ;
#227 = ORIENTED_EDGE ( 'NONE', *, *, #1058, .F. ) ;
#228 = CARTESIAN_POINT ( 'NONE',  ( 24.28612082620573531, 27.61453368121776464, 164.2297778321203907 ) ) ;
#229 = CARTESIAN_POINT ( 'NONE',  ( 20.39721447147783451, 29.84316818839534591, 166.5177757234549745 ) ) ;
#230 = CARTESIAN_POINT ( 'NONE',  ( 20.99123709223784928, 29.76989297246855060, 164.7936473499540284 ) ) ;
#231 = DIRECTION ( 'NONE',  ( 0.1006318910984300291, 0.05303758115645521715, 0.9935090525400491757 ) ) ;
#232 = ORIENTED_EDGE ( 'NONE', *, *, #89, .T. ) ;
#233 = CARTESIAN_POINT ( 'NONE',  ( 26.17352278159547296, 24.29804772070943031, 166.0057220536727129 ) ) ;
#234 = CARTESIAN_POINT ( 'NONE',  ( 16.16916514261970050, 23.38626506296515117, 164.2579502575825074 ) ) ;
#235 = AXIS2_PLACEMENT_3D ( 'NONE', #3027, #2504, #1457 ) ;
#236 = CARTESIAN_POINT ( 'NONE',  ( 25.75539534054345125, 22.27142470800930241, 161.8006999999999778 ) ) ;
#237 = CARTESIAN_POINT ( 'NONE',  ( 13.26512791739366115, 22.56908186530739968, 169.4809166666665021 ) ) ;
#238 = CARTESIAN_POINT ( 'NONE',  ( 15.77964891177339979, 29.03344751005694846, 166.5254454882305026 ) ) ;
#239 = LINE ( 'NONE', #1620, #763 ) ;
#240 = AXIS2_PLACEMENT_3D ( 'NONE', #3993, #5582, #5609 ) ;
#241 = EDGE_CURVE ( 'NONE', #2420, #2375, #5620, .T. ) ;
#242 = CARTESIAN_POINT ( 'NONE',  ( 25.14249120358744705, 26.12781188958314971, 161.6664032817215002 ) ) ;
#243 = CARTESIAN_POINT ( 'NONE',  ( 15.05000543553610015, 27.34974559506665059, 172.5508000000000095 ) ) ;
#244 = DIRECTION ( 'NONE',  ( 0.9914626728336708439, 0.07787427352598327857, -0.1045818621956675770 ) ) ;
#245 = DIRECTION ( 'NONE',  ( -0.9914626728336710659, -0.07787427352598338959, 0.1045818621956658007 ) ) ;
#246 = CARTESIAN_POINT ( 'NONE',  ( 12.76279307144890041, 26.29478720634434907, 164.9819645833335073 ) ) ;
#247 = CARTESIAN_POINT ( 'NONE',  ( 24.56191494063584813, 26.00821617160094945, 155.4096812500000055 ) ) ;
#248 = ADVANCED_FACE ( 'NONE', ( #6376 ), #5394, .F. ) ;
#249 = CARTESIAN_POINT ( 'NONE',  ( 24.56191494063584813, 26.00821617160094945, 155.4096812500000055 ) ) ;
#250 = DIRECTION ( 'NONE',  ( 0.1006318910984311810, 0.05303758115645225424, 0.9935090525400491757 ) ) ;
#251 = CARTESIAN_POINT ( 'NONE',  ( 12.65173753815964020, 25.53479225467030034, 165.7870038194444930 ) ) ;
#252 = CARTESIAN_POINT ( 'NONE',  ( 25.18807710961715074, 26.11302028208629977, 162.0583602711400033 ) ) ;
#253 = CARTESIAN_POINT ( 'NONE',  ( 23.77550532688730200, 24.80515351513360045, 147.9655574825790154 ) ) ;
#254 = CARTESIAN_POINT ( 'NONE',  ( 12.83616531257140103, 23.27734714226712498, 168.0106011790698233 ) ) ;
#255 = CARTESIAN_POINT ( 'NONE',  ( 19.54664817100174901, 29.54549344930774879, 169.5409625000000062 ) ) ;
#256 = CARTESIAN_POINT ( 'NONE',  ( 12.58739527677407821, 25.02622907574454914, 166.1959916666665151 ) ) ;
#257 = ORIENTED_EDGE ( 'NONE', *, *, #3896, .T. ) ;
#258 = CARTESIAN_POINT ( 'NONE',  ( 25.87747777553759931, 25.34614475208839934, 165.6994862348379911 ) ) ;
#259 = CARTESIAN_POINT ( 'NONE',  ( 13.62274493750618554, 23.50440980386086665, 171.6047804192595265 ) ) ;
#260 = CARTESIAN_POINT ( 'NONE',  ( 23.11022218370969838, 28.76207153300079966, 164.5746999999999787 ) ) ;
#261 = CARTESIAN_POINT ( 'NONE',  ( 18.06558084577569900, 17.57904897898070118, 163.7965932437174956 ) ) ;
#262 = CARTESIAN_POINT ( 'NONE',  ( 25.09263510197549962, 26.81356058853619828, 168.7515576961309876 ) ) ;
#263 = CARTESIAN_POINT ( 'NONE',  ( 25.03332419463384895, 26.65425231827595098, 163.7737954861109984 ) ) ;
#264 = ORIENTED_EDGE ( 'NONE', *, *, #1359, .F. ) ;
#265 = CARTESIAN_POINT ( 'NONE',  ( 13.04571359679886022, 23.33725494584560067, 168.9551427372529986 ) ) ;
#266 = CARTESIAN_POINT ( 'NONE',  ( 20.45760832223805181, 29.89054100140639747, 166.5091295145394952 ) ) ;
#267 = CARTESIAN_POINT ( 'NONE',  ( 21.39034955086919965, 29.75004273326339899, 163.1576952289784970 ) ) ;
#268 = B_SPLINE_SURFACE_WITH_KNOTS ( 'NONE', 3, 1, ( 
 ( #4637, #658 ),
 ( #3122, #5039 ),
 ( #4612, #5554 ),
 ( #2636, #6131 ),
 ( #2697, #5153 ),
 ( #4547, #3662 ),
 ( #5643, #1568 ),
 ( #3091, #104 ),
 ( #3548, #5067 ),
 ( #1202, #626 ),
 ( #1811, #846 ),
 ( #2293, #2369 ),
 ( #6222, #2724 ),
 ( #2757, #1326 ),
 ( #1360, #3785 ),
 ( #781, #4728 ),
 ( #283, #751 ),
 ( #5214, #2261 ),
 ( #2856, #4241 ) ),
 .UNSPECIFIED., .F., .F., .F.,
 ( 4, 1, 1, 1, 1, 1, 1, 1, 1, 1, 1, 1, 1, 1, 1, 1, 4 ),
 ( 2, 2 ),
 ( 0.000000000000000000, 0.07011897031377530010, 0.1396727653236596034, 0.2098490443790640148, 0.2823746246323365350, 0.3554290581924799963, 0.4270435639565355324, 0.4986631727102079914, 0.5717759464810080461, 0.6110907886149120616, 0.6537407794093970104, 0.7007676540249340169, 0.7515028917522380558, 0.8073058684848890554, 0.8670559117062129895, 0.9314304814724609916, 1.000000000000000000 ),
 ( 0.000000000000000000, 1.000000000000000000 ),
 .UNSPECIFIED. ) ;
#269 = CARTESIAN_POINT ( 'NONE',  ( 25.39149599986789951, 22.52854636454990001, 155.5093999999999994 ) ) ;
#270 = CARTESIAN_POINT ( 'NONE',  ( 11.70071859023897431, 24.10775863880316194, 161.5648967092645876 ) ) ;
#271 = CARTESIAN_POINT ( 'NONE',  ( 13.69054050788425947, 25.01888643967134840, 171.5815874999999835 ) ) ;
#272 = CARTESIAN_POINT ( 'NONE',  ( 16.36777333345605356, 29.33667486931570068, 166.9529539044685293 ) ) ;
#273 = CARTESIAN_POINT ( 'NONE',  ( 13.81474777871831883, 23.19670418429585013, 164.4032131457965136 ) ) ;
#274 = CARTESIAN_POINT ( 'NONE',  ( 13.64415716005773938, 23.35853234475924722, 163.8501817716220330 ) ) ;
#275 = CARTESIAN_POINT ( 'NONE',  ( 14.23935124512425965, 26.48276017790685088, 171.4771999999999821 ) ) ;
#276 = CARTESIAN_POINT ( 'NONE',  ( 17.87538844345645117, 23.84479617318364930, 171.2977686543375171 ) ) ;
#277 = DIRECTION ( 'NONE',  ( 0.08291556471174016396, -0.9955514112831505003, 0.04474814656117568484 ) ) ;
#278 = CARTESIAN_POINT ( 'NONE',  ( 13.33610192513565806, 27.33313920514169837, 164.7796647569444985 ) ) ;
#279 = DIRECTION ( 'NONE',  ( -0.1006318910984296128, -0.05303758115645521021, -0.9935090525400491757 ) ) ;
#280 = CARTESIAN_POINT ( 'NONE',  ( 13.64386563674769981, 24.01675634854775154, 171.7906225504664803 ) ) ;
#281 = CARTESIAN_POINT ( 'NONE',  ( 25.62958676415264847, 24.83569336227229840, 161.2804481142580073 ) ) ;
#282 = ADVANCED_FACE ( 'NONE', ( #2339 ), #1291, .T. ) ;
#283 = CARTESIAN_POINT ( 'NONE',  ( 14.66432396612029976, 23.55471650280779983, 166.3245570720690125 ) ) ;
#284 = CARTESIAN_POINT ( 'NONE',  ( 24.89622703064184961, 25.27803285409959955, 155.4100791666664918 ) ) ;
#285 = CARTESIAN_POINT ( 'NONE',  ( 26.34485687113025065, 24.33844150082224544, 169.5558624999999893 ) ) ;
#286 = CARTESIAN_POINT ( 'NONE',  ( 21.09528870882924778, 29.78880653951350155, 163.9457101909480059 ) ) ;
#287 = ORIENTED_EDGE ( 'NONE', *, *, #5374, .F. ) ;
#288 = CARTESIAN_POINT ( 'NONE',  ( 19.15721885909145072, 29.62625395991114985, 168.5335833333335245 ) ) ;
#289 = CARTESIAN_POINT ( 'NONE',  ( 12.25814417817526092, 23.20484420639120060, 165.0798541666665074 ) ) ;
#290 = EDGE_LOOP ( 'NONE', ( #3282, #2154, #5351 ) ) ;
#291 = CARTESIAN_POINT ( 'NONE',  ( 12.06566465349958150, 23.01610653799034267, 163.6262418236203757 ) ) ;
#292 = LINE ( 'NONE', #6167, #5309 ) ;
#293 = CARTESIAN_POINT ( 'NONE',  ( 11.63238577840011878, 23.99158114092265137, 161.1859520833334898 ) ) ;
#294 = CARTESIAN_POINT ( 'NONE',  ( 22.56237278048469719, 29.04164076562565100, 165.8215833333335070 ) ) ;
#295 = CARTESIAN_POINT ( 'NONE',  ( 25.65652210345379913, 25.08329806611169843, 162.4469260471634868 ) ) ;
#296 = B_SPLINE_CURVE_WITH_KNOTS ( 'NONE', 3,
 ( #113, #5681, #5133, #1182 ),
 .UNSPECIFIED., .F., .F.,
 ( 4, 4 ),
 ( 0.000000000000000000, 0.0002546508788339499861 ),
 .UNSPECIFIED. ) ;
#297 = CARTESIAN_POINT ( 'NONE',  ( 25.11809502371760061, 26.72940031359160074, 165.6126624999999990 ) ) ;
#298 = CARTESIAN_POINT ( 'NONE',  ( 25.24045960634695263, 26.60769903240154832, 166.3951375000000041 ) ) ;
#299 = ORIENTED_EDGE ( 'NONE', *, *, #2267, .F. ) ;
#300 = CARTESIAN_POINT ( 'NONE',  ( 16.37502994671750400, 23.66724340431184714, 165.6582090972650008 ) ) ;
#301 = CARTESIAN_POINT ( 'NONE',  ( 25.85949769864629744, 24.15408606925705470, 162.0826449826444957 ) ) ;
#302 = CARTESIAN_POINT ( 'NONE',  ( 23.00778897470679851, 28.83997760849949898, 162.5934374999999932 ) ) ;
#303 = B_SPLINE_CURVE_WITH_KNOTS ( 'NONE', 3,
 ( #5724, #3776, #907, #2812, #4719, #4849, #5764, #274, #4374, #5865, #312, #2284, #6358, #1349, #6250, #3296, #4781, #346, #3327 ),
 .UNSPECIFIED., .F., .F.,
 ( 4, 1, 1, 1, 1, 1, 1, 1, 1, 1, 1, 1, 1, 1, 1, 1, 4 ),
 ( 0.000000000000000000, 0.06539096776391169208, 0.1283749440557873933, 0.1896014962093970080, 0.2490671803728430056, 0.3075967584547770195, 0.3653447447704750162, 0.4230609444511874706, 0.4816039582187779944, 0.5405975211100559896, 0.6004323789124420552, 0.6608948617782479662, 0.7235895875114539688, 0.7881060713077500113, 0.8558378780524670271, 0.9259482941615300167, 1.000000000000000000 ),
 .UNSPECIFIED. ) ;
#304 = CARTESIAN_POINT ( 'NONE',  ( 25.29680497223725055, 21.73075668093255075, 155.5680999999999869 ) ) ;
#305 = CARTESIAN_POINT ( 'NONE',  ( 11.99929503198715075, 25.21794296400397428, 162.8195242603681550 ) ) ;
#306 = CARTESIAN_POINT ( 'NONE',  ( 14.09583807444697889, 25.31502324549139971, 173.5160684464364920 ) ) ;
#307 = CARTESIAN_POINT ( 'NONE',  ( 15.86683333011490049, 23.38269561363230054, 164.7387398387540145 ) ) ;
#308 = CARTESIAN_POINT ( 'NONE',  ( 15.57478880026809875, 28.90039548027730021, 167.0565651764804898 ) ) ;
#309 = B_SPLINE_SURFACE_WITH_KNOTS ( 'NONE', 3, 3, ( 
 ( #6357, #1902, #5177, #940, #1717, #221, #2919, #1228, #3882, #1258, #418, #249, #2432, #4886, #4409, #1768, #1938, #3741, #5210, #2721, #1289, #4209, #5241, #808 ),
 ( #3915, #1450, #2201, #4694, #2230, #489, #3534, #973, #4991, #3467, #5444, #1483, #3978, #5970, #2951, #1010, #2467, #1040, #2984, #4921, #1521, #4440, #2000, #3502 ),
 ( #5998, #551, #520, #2031, #2, #4960, #2497, #5479, #4471, #1969, #31, #3950, #5936, #3018, #5408, #60, #2532, #4504, #4010, #1554, #3434, #2301, #4834, #3421 ),
 ( #3900, #5886, #3382, #3862, #959, #2833, #4281, #402, #1821, #2382, #2938, #4359, #6272, #6412, #1337, #3189, #5163, #735, #2708, #4182, #3237, #1746, #5735, #253 ),
 ( #2234, #1721, #3690, #3717, #3746, #4671, #4214, #6223, #782, #2758, #4729, #284, #5702, #6162, #1261, #2262, #5140, #2742, #4198, #708, #6145, #2713, #3259, #4685 ) ),
 .UNSPECIFIED., .F., .F., .F.,
 ( 4, 1, 4 ),
 ( 4, 1, 1, 1, 1, 1, 1, 1, 1, 1, 1, 1, 1, 1, 1, 1, 1, 1, 1, 1, 1, 4 ),
 ( 0.000000000000000000, 1.000000000000000000, 2.000000000000000000 ),
 ( 0.000000000000000000, 1.000000000000000000, 2.000000000000000000, 3.000000000000000000, 5.000000000000000000, 7.000000000000000000, 9.000000000000000000, 11.00000000000000000, 13.00000000000000000, 15.00000000000000000, 17.00000000000000000, 19.00000000000000000, 21.00000000000000000, 23.00000000000000000, 25.00000000000000000, 27.00000000000000000, 29.00000000000000000, 31.00000000000000000, 33.00000000000000000, 34.00000000000000000, 35.00000000000000000, 36.00000000000000000 ),
 .UNSPECIFIED. ) ;
#310 = CARTESIAN_POINT ( 'NONE',  ( 25.07879358052949925, 26.14036583479050080, 161.1082545998689852 ) ) ;
#311 = CARTESIAN_POINT ( 'NONE',  ( 24.07792868491484839, 27.96237461062266405, 166.2453630170186045 ) ) ;
#312 = CARTESIAN_POINT ( 'NONE',  ( 13.32480412611214149, 23.34582863315570123, 164.1592926555250074 ) ) ;
#313 = CARTESIAN_POINT ( 'NONE',  ( 13.70219477888830006, 22.04616750544125381, 170.8942395833335013 ) ) ;
#314 = CARTESIAN_POINT ( 'NONE',  ( 12.78345952963806020, 25.90569802540440136, 165.7675195312500023 ) ) ;
#315 = CARTESIAN_POINT ( 'NONE',  ( 15.16017221997005038, 23.39009754840819966, 166.2128167936440093 ) ) ;
#316 = CARTESIAN_POINT ( 'NONE',  ( 23.67657678744225080, 26.06555306981510256, 150.3632061158834858 ) ) ;
#317 = CARTESIAN_POINT ( 'NONE',  ( 16.41490474946744982, 23.63300910022844903, 164.8226828373960018 ) ) ;
#318 = CARTESIAN_POINT ( 'NONE',  ( 24.01934258341259820, 23.97873322037450095, 148.1444067191810063 ) ) ;
#319 = CARTESIAN_POINT ( 'NONE',  ( 24.91239259756295255, 27.02021499325450193, 168.3886731632539977 ) ) ;
#320 = CARTESIAN_POINT ( 'NONE',  ( 11.79877532343829927, 23.18956936344030240, 161.9576500000000010 ) ) ;
#321 = ORIENTED_EDGE ( 'NONE', *, *, #6198, .F. ) ;
#322 = CARTESIAN_POINT ( 'NONE',  ( 12.39362393264305950, 25.03377000321660262, 165.1662388888890121 ) ) ;
#323 = ORIENTED_EDGE ( 'NONE', *, *, #2227, .T. ) ;
#324 = CARTESIAN_POINT ( 'NONE',  ( 14.41675046600520638, 28.25636802912400469, 165.1951762444701615 ) ) ;
#325 = CARTESIAN_POINT ( 'NONE',  ( 15.11608634606185042, 23.71271015136600013, 169.0024929455399842 ) ) ;
#326 = EDGE_CURVE ( 'NONE', #2940, #3132, #3000, .T. ) ;
#327 = CARTESIAN_POINT ( 'NONE',  ( 24.25737677014710059, 27.70415750103065022, 164.0818078125000170 ) ) ;
#328 = CARTESIAN_POINT ( 'NONE',  ( 25.21646496175264929, 20.89380570702030226, 162.4712666666665086 ) ) ;
#329 = CARTESIAN_POINT ( 'NONE',  ( 13.60379505717321891, 26.96329946547598411, 167.3596159781156132 ) ) ;
#330 = CARTESIAN_POINT ( 'NONE',  ( 25.72184026602234752, 25.71279898197839842, 165.5937749999999937 ) ) ;
#331 = ORIENTED_EDGE ( 'NONE', *, *, #5197, .T. ) ;
#332 = CARTESIAN_POINT ( 'NONE',  ( 25.03410296369910171, 20.25974353502875047, 167.5395020833335025 ) ) ;
#333 = LINE ( 'NONE', #4711, #2109 ) ;
#334 = CARTESIAN_POINT ( 'NONE',  ( 13.59019062875217898, 25.24881558101585100, 170.7980041666665159 ) ) ;
#335 = CARTESIAN_POINT ( 'NONE',  ( 25.41773516177890357, 25.70993742697130102, 162.4456739360589950 ) ) ;
#336 = DIRECTION ( 'NONE',  ( 0.1006318910984300291, 0.05303758115645541144, 0.9935090525400491757 ) ) ;
#337 = ADVANCED_FACE ( 'NONE', ( #4455 ), #3518, .T. ) ;
#338 = CARTESIAN_POINT ( 'NONE',  ( 24.87189488960104811, 20.24530854596650187, 156.5048999999999921 ) ) ;
#339 = CARTESIAN_POINT ( 'NONE',  ( 12.16252503806541085, 25.12849017089911996, 163.8189439891727091 ) ) ;
#340 = CARTESIAN_POINT ( 'NONE',  ( 13.75777090998725960, 23.28934785112144823, 172.2843833333335226 ) ) ;
#341 = CARTESIAN_POINT ( 'NONE',  ( 20.42943192231109961, 23.85687831324944952, 166.8340851030945089 ) ) ;
#342 = CARTESIAN_POINT ( 'NONE',  ( 14.84931219757129917, 23.26681393929534991, 164.0460223186070152 ) ) ;
#343 = VERTEX_POINT ( 'NONE', #591 ) ;
#344 = CARTESIAN_POINT ( 'NONE',  ( 24.16989395225395043, 24.67432814041305278, 149.9718083333332004 ) ) ;
#345 = CARTESIAN_POINT ( 'NONE',  ( 14.03745069009909940, 23.20718958916710051, 164.2238363747020173 ) ) ;
#346 = CARTESIAN_POINT ( 'NONE',  ( 12.96089426734789996, 23.36162894058595185, 165.1851186021200135 ) ) ;
#347 = CARTESIAN_POINT ( 'NONE',  ( 14.03329268911901906, 25.83396458973840026, 172.1785201388890130 ) ) ;
#348 = CARTESIAN_POINT ( 'NONE',  ( 25.80300947938619061, 25.84711797040887049, 170.2213998887002617 ) ) ;
#349 = CARTESIAN_POINT ( 'NONE',  ( 13.40067707729435931, 25.12730638283804652, 170.0377187500000105 ) ) ;
#350 = CARTESIAN_POINT ( 'NONE',  ( 25.95126055802225196, 21.46932425134249911, 171.6081312500000138 ) ) ;
#351 = CIRCLE ( 'NONE', #6050, 5.276816639669589470 ) ;
#352 = CARTESIAN_POINT ( 'NONE',  ( 13.83579314204730082, 23.58780949382330050, 168.5960226606870265 ) ) ;
#353 = CARTESIAN_POINT ( 'NONE',  ( 23.87724414049870347, 25.87199312437340026, 150.8798236111109929 ) ) ;
#354 = VECTOR ( 'NONE', #620, 1000.000000000000114 ) ;
#355 = CARTESIAN_POINT ( 'NONE',  ( 23.93624527248140055, 24.34416167485284888, 148.1223794478931950 ) ) ;
#356 = CARTESIAN_POINT ( 'NONE',  ( 24.98612851043580108, 26.93221053556935018, 168.6477181171599966 ) ) ;
#357 = CARTESIAN_POINT ( 'NONE',  ( 11.78373194294008108, 25.59159521009310012, 161.2961458333335258 ) ) ;
#358 = CARTESIAN_POINT ( 'NONE',  ( 26.35922970783640196, 24.37118710171029790, 170.3431874999999991 ) ) ;
#359 = CARTESIAN_POINT ( 'NONE',  ( 16.40698956080565196, 23.75310082115484889, 167.5091354354950113 ) ) ;
#360 = VERTEX_POINT ( 'NONE', #2999 ) ;
#361 = CARTESIAN_POINT ( 'NONE',  ( 19.12686742446889809, 29.89246884317439878, 166.3130833333335090 ) ) ;
#362 = CARTESIAN_POINT ( 'NONE',  ( 13.07539778399305952, 25.13559688381155155, 168.5027119791664916 ) ) ;
#363 = EDGE_LOOP ( 'NONE', ( #2073, #2675, #2316, #2997 ) ) ;
#364 = CARTESIAN_POINT ( 'NONE',  ( 14.88179254358557024, 28.64955975460974003, 165.1270822481603204 ) ) ;
#365 = CARTESIAN_POINT ( 'NONE',  ( 15.43811624876910038, 23.73613713656069635, 168.9269920963664902 ) ) ;
#366 = CARTESIAN_POINT ( 'NONE',  ( 24.51311816817829836, 27.40043959740749813, 164.0653236979165115 ) ) ;
#367 = CARTESIAN_POINT ( 'NONE',  ( 18.92506841969679954, 17.42390334933975282, 163.3210354166665184 ) ) ;
#368 = CARTESIAN_POINT ( 'NONE',  ( 15.39111530678953166, 28.76606184550700718, 167.0823406256164958 ) ) ;
#369 = ADVANCED_FACE ( 'NONE', ( #3546 ), #1009, .T. ) ;
#370 = CARTESIAN_POINT ( 'NONE',  ( 25.91111086267915198, 25.50066961596505166, 167.1682125000000099 ) ) ;
#371 = ORIENTED_EDGE ( 'NONE', *, *, #5762, .T. ) ;
#372 = CARTESIAN_POINT ( 'NONE',  ( 19.37389174053044982, 29.43897085665910041, 172.8404145833335122 ) ) ;
#373 = DIRECTION ( 'NONE',  ( 0.1006318910984274478, 0.05303758115645542531, 0.9935090525400493977 ) ) ;
#374 = CARTESIAN_POINT ( 'NONE',  ( 13.23454137319835944, 25.13123421696694848, 169.2714249999999936 ) ) ;
#375 = CARTESIAN_POINT ( 'NONE',  ( 23.57371375239164735, 28.32781293331259675, 162.2794666666665080 ) ) ;
#376 = CARTESIAN_POINT ( 'NONE',  ( 25.97660516704724998, 25.46456311814990059, 169.1424290191449984 ) ) ;
#377 = CARTESIAN_POINT ( 'NONE',  ( 23.40251675906820239, 20.00593734376044708, 148.5827833333331967 ) ) ;
#378 = CARTESIAN_POINT ( 'NONE',  ( 12.11965761321488166, 25.23117324705249942, 163.4760046197683039 ) ) ;
#379 = CARTESIAN_POINT ( 'NONE',  ( 25.12152297642115073, 26.72676655784690070, 165.7023531638745055 ) ) ;
#380 = CARTESIAN_POINT ( 'NONE',  ( 14.62628365463156044, 23.24851312165489858, 164.0521260966640114 ) ) ;
#381 = EDGE_CURVE ( 'NONE', #5313, #6375, #1597, .T. ) ;
#382 = VERTEX_POINT ( 'NONE', #4485 ) ;
#383 = CARTESIAN_POINT ( 'NONE',  ( 24.07372587154874921, 24.60746554260440178, 149.3133430555553787 ) ) ;
#384 = CARTESIAN_POINT ( 'NONE',  ( 12.95345205075633821, 25.26513196391289995, 167.7251583333335248 ) ) ;
#385 = CARTESIAN_POINT ( 'NONE',  ( 25.65083694677507609, 25.34038184716622411, 163.3106722774131754 ) ) ;
#386 = CARTESIAN_POINT ( 'NONE',  ( 13.56308704809441856, 25.12732604164385108, 170.8047875000000033 ) ) ;
#387 = CARTESIAN_POINT ( 'NONE',  ( 25.90264507141524675, 21.40514328198320015, 169.4934680555555246 ) ) ;
#388 = CARTESIAN_POINT ( 'NONE',  ( 13.95351308622022124, 23.40120034433094887, 168.6956956652335009 ) ) ;
#389 = CARTESIAN_POINT ( 'NONE',  ( 23.07125737009974742, 26.98368036958560268, 150.4023389574554983 ) ) ;
#390 = CARTESIAN_POINT ( 'NONE',  ( 24.76309740096889911, 24.64802827978925492, 153.0886250000000075 ) ) ;
#391 = CARTESIAN_POINT ( 'NONE',  ( 15.64819030445974768, 23.44465704479095081, 166.5223824320505059 ) ) ;
#392 = CARTESIAN_POINT ( 'NONE',  ( 11.97463683245280031, 22.38692639647124949, 162.4734166666665089 ) ) ;
#393 = CARTESIAN_POINT ( 'NONE',  ( 16.07255982267939842, 23.69341350018239822, 166.8008968050224894 ) ) ;
#394 = ORIENTED_EDGE ( 'NONE', *, *, #1398, .T. ) ;
#395 = CARTESIAN_POINT ( 'NONE',  ( 22.44110856861304981, 29.18350724866854762, 164.8361663779720061 ) ) ;
#396 = ORIENTED_EDGE ( 'NONE', *, *, #1170, .F. ) ;
#397 = CARTESIAN_POINT ( 'NONE',  ( 15.76045292892735006, 23.36523818169855105, 164.5474653253259874 ) ) ;
#398 = CARTESIAN_POINT ( 'NONE',  ( 13.77111203364601799, 23.19522994725229736, 164.4512688495584882 ) ) ;
#399 = CARTESIAN_POINT ( 'NONE',  ( 22.05128889766584876, 29.43553676741475300, 164.0188973043859733 ) ) ;
#400 = CARTESIAN_POINT ( 'NONE',  ( 25.63882587840170046, 25.05281603437894944, 162.1891494571680141 ) ) ;
#401 = CARTESIAN_POINT ( 'NONE',  ( 25.01652246736155050, 26.90897846212969924, 170.3505489137664881 ) ) ;
#402 = CARTESIAN_POINT ( 'NONE',  ( 25.11492291476314875, 25.51998793887879913, 158.5325291666665066 ) ) ;
#403 = CARTESIAN_POINT ( 'NONE',  ( 25.97717484237539765, 25.44433514996865142, 168.7485542511579979 ) ) ;
#404 = ORIENTED_EDGE ( 'NONE', *, *, #1268, .T. ) ;
#405 = CARTESIAN_POINT ( 'NONE',  ( 14.21075519437790113, 25.72527434871589946, 173.4895748293639883 ) ) ;
#406 = CARTESIAN_POINT ( 'NONE',  ( 14.21981361984262016, 23.41869674772040355, 164.1220561791419925 ) ) ;
#407 = CARTESIAN_POINT ( 'NONE',  ( 15.87923241238854999, 23.61877635833265288, 165.4986024088855174 ) ) ;
#408 = CARTESIAN_POINT ( 'NONE',  ( 25.49266754338715302, 25.42112946291450015, 162.0557638748605029 ) ) ;
#409 = CARTESIAN_POINT ( 'NONE',  ( 21.10952948780684935, 29.68321150991624791, 164.4410982270999853 ) ) ;
#410 = CARTESIAN_POINT ( 'NONE',  ( 14.60339611533630055, 23.22381950920649984, 163.5451547644299808 ) ) ;
#411 = CARTESIAN_POINT ( 'NONE',  ( 12.21169400026341023, 24.45610473082813385, 164.6296416668169513 ) ) ;
#412 = CARTESIAN_POINT ( 'NONE',  ( 25.34204835123784960, 21.18741302664315285, 158.7614000000000090 ) ) ;
#413 = CARTESIAN_POINT ( 'NONE',  ( 12.16926494661556291, 25.09929569614396527, 163.8855737068597591 ) ) ;
#414 = CARTESIAN_POINT ( 'NONE',  ( 14.97651023321392039, 23.27807713073844909, 164.0609143137494925 ) ) ;
#415 = DIRECTION ( 'NONE',  ( 0.08291556471173769371, -0.9955514112831500562, 0.04474814656119050632 ) ) ;
#416 = ORIENTED_EDGE ( 'NONE', *, *, #2078, .F. ) ;
#417 = CARTESIAN_POINT ( 'NONE',  ( 16.45325192564399686, 23.46241738743229988, 165.4257827170279995 ) ) ;
#418 = CARTESIAN_POINT ( 'NONE',  ( 24.63667327966280141, 26.03463556328989981, 156.1895666666665079 ) ) ;
#419 = B_SPLINE_CURVE_WITH_KNOTS ( 'NONE', 3,
 ( #2406, #1976, #2927, #1492 ),
 .UNSPECIFIED., .F., .F.,
 ( 4, 4 ),
 ( 0.000000000000000000, 1.000000000000000000 ),
 .UNSPECIFIED. ) ;
#420 = ADVANCED_FACE ( 'NONE', ( #5986 ), #779, .T. ) ;
#421 = EDGE_CURVE ( 'NONE', #2266, #1950, #873, .T. ) ;
#422 = CARTESIAN_POINT ( 'NONE',  ( 14.03950279655889943, 25.41126052771805277, 172.9871625515935136 ) ) ;
#423 = CARTESIAN_POINT ( 'NONE',  ( 15.77916572654309846, 23.52440357935805082, 168.0538843872015207 ) ) ;
#424 = CARTESIAN_POINT ( 'NONE',  ( 13.38062129227350106, 27.07706125472339664, 165.6880177083334900 ) ) ;
#425 = CARTESIAN_POINT ( 'NONE',  ( 15.91927620363969886, 23.35267457358099819, 163.9736619104895112 ) ) ;
#426 = CARTESIAN_POINT ( 'NONE',  ( 26.17688475572175122, 22.02667687237249794, 170.0903500000000008 ) ) ;
#427 = CARTESIAN_POINT ( 'NONE',  ( 13.59613901496123844, 23.35222743584090210, 168.2683444406629860 ) ) ;
#428 = CARTESIAN_POINT ( 'NONE',  ( 23.56656486710874887, 25.96780362526185115, 149.5849520908189731 ) ) ;
#429 = CARTESIAN_POINT ( 'NONE',  ( 26.29373589270379696, 24.44983606862279757, 169.1599435541239984 ) ) ;
#430 = CARTESIAN_POINT ( 'NONE',  ( 24.02246036571820298, 24.27340284979830187, 148.5299031770666147 ) ) ;
#431 = CARTESIAN_POINT ( 'NONE',  ( 16.41738972354540138, 23.76166096912524850, 167.6803097212415139 ) ) ;
#432 = CARTESIAN_POINT ( 'NONE',  ( 12.01960815255609916, 26.36510352770689991, 161.2667666666665127 ) ) ;
#433 = CARTESIAN_POINT ( 'NONE',  ( 14.08327922784704000, 25.71506430212915006, 172.7066533025980277 ) ) ;
#434 = VERTEX_POINT ( 'NONE', #4302 ) ;
#435 = CARTESIAN_POINT ( 'NONE',  ( 18.91851075141174832, 29.70524392277030046, 167.7753708333334828 ) ) ;
#436 = ORIENTED_EDGE ( 'NONE', *, *, #762, .T. ) ;
#437 = CARTESIAN_POINT ( 'NONE',  ( 16.41046391183260056, 23.75596048399244964, 167.5663191133230043 ) ) ;
#438 = CARTESIAN_POINT ( 'NONE',  ( 25.04495886884429723, 26.83227896552769920, 165.7044756086020243 ) ) ;
#439 = CARTESIAN_POINT ( 'NONE',  ( 20.69292208849545034, 29.83879408611159789, 164.9589169780240070 ) ) ;
#440 = CARTESIAN_POINT ( 'NONE',  ( 25.57796215556174957, 26.24977168597560251, 171.1106562500000052 ) ) ;
#441 = CARTESIAN_POINT ( 'NONE',  ( 25.35525798667932307, 26.50200805387591529, 168.1686119297384607 ) ) ;
#442 = ORIENTED_EDGE ( 'NONE', *, *, #3577, .F. ) ;
#443 = CARTESIAN_POINT ( 'NONE',  ( 17.58849555856784974, 29.12325263145455168, 172.8999124999999992 ) ) ;
#444 = CARTESIAN_POINT ( 'NONE',  ( 16.37502994671750400, 23.66724340431184714, 165.6582090972650008 ) ) ;
#445 = CARTESIAN_POINT ( 'NONE',  ( 14.92453902368904117, 23.57388972636214675, 166.2689581508255117 ) ) ;
#446 = CARTESIAN_POINT ( 'NONE',  ( 25.53528400203144955, 25.69815487614054916, 163.6288221985574864 ) ) ;
#447 = CARTESIAN_POINT ( 'NONE',  ( 13.17325510943395983, 27.24047125175390249, 164.4075645833335102 ) ) ;
#448 = CARTESIAN_POINT ( 'NONE',  ( 22.25508901408804974, 28.88413837027410125, 169.3938843749999990 ) ) ;
#449 = CARTESIAN_POINT ( 'NONE',  ( 23.38332435650350050, 19.99913537561869958, 148.4556687500000010 ) ) ;
#450 = CARTESIAN_POINT ( 'NONE',  ( 18.22116452519709995, 29.53820253788284944, 168.6328499999999906 ) ) ;
#451 = CARTESIAN_POINT ( 'NONE',  ( 15.09792283687455061, 23.28928945904625181, 164.0853947617490007 ) ) ;
#452 = ORIENTED_EDGE ( 'NONE', *, *, #6290, .T. ) ;
#453 = CARTESIAN_POINT ( 'NONE',  ( 24.46956540922474943, 24.67712728994715121, 151.5354666666665082 ) ) ;
#454 = CARTESIAN_POINT ( 'NONE',  ( 25.11382041610094973, 26.25567242196814988, 162.0609862187195063 ) ) ;
#455 = CARTESIAN_POINT ( 'NONE',  ( 25.31451349572759923, 25.45792785952944826, 160.2669446305919791 ) ) ;
#456 = CARTESIAN_POINT ( 'NONE',  ( 25.66252889492215061, 24.72606413820239979, 161.2824124796565002 ) ) ;
#457 = CARTESIAN_POINT ( 'NONE',  ( 25.36880965740735761, 25.89855428025105510, 162.8745187659754663 ) ) ;
#458 = CARTESIAN_POINT ( 'NONE',  ( 25.98384315907749098, 25.50496327656758311, 170.3813387149357936 ) ) ;
#459 = CARTESIAN_POINT ( 'NONE',  ( 15.74399766719560034, 23.33181889560984956, 163.8344476349269883 ) ) ;
#460 = CARTESIAN_POINT ( 'NONE',  ( 25.44025985484424979, 20.67899627168820231, 171.4425864418445258 ) ) ;
#461 = EDGE_CURVE ( 'NONE', #58, #139, #4207, .T. ) ;
#462 = CARTESIAN_POINT ( 'NONE',  ( 12.97287102064239939, 23.35717774897059584, 165.0638968359855028 ) ) ;
#463 = VECTOR ( 'NONE', #2671, 1000.000000000000114 ) ;
#464 = B_SPLINE_CURVE_WITH_KNOTS ( 'NONE', 3,
 ( #1377, #380, #2279, #342, #1414, #451, #2428, #2807, #5373, #2777, #2844, #4405, #4262, #1796, #307, #1346, #5759, #4777, #6392 ),
 .UNSPECIFIED., .F., .F.,
 ( 4, 1, 1, 1, 1, 1, 1, 1, 1, 1, 1, 1, 1, 1, 1, 1, 4 ),
 ( 0.000000000000000000, 0.07315860281818099831, 0.1428455409333980186, 0.2101901311745004997, 0.2756750156029295074, 0.3387896106465670409, 0.4014446812520360286, 0.4643620427038839815, 0.5278031815077020017, 0.5902048181838720486, 0.6509256845492119581, 0.7096909880779980195, 0.7675370070823960278, 0.8246260589272660368, 0.8821083560809780399, 0.9402437141475579185, 1.000000000000000000 ),
 .UNSPECIFIED. ) ;
#465 = FACE_OUTER_BOUND ( 'NONE', #1684, .T. ) ;
#466 = FACE_OUTER_BOUND ( 'NONE', #3305, .T. ) ;
#467 = CARTESIAN_POINT ( 'NONE',  ( 15.11608634606185042, 23.71271015136600013, 169.0024929455399842 ) ) ;
#468 = CARTESIAN_POINT ( 'NONE',  ( 12.64779538997765407, 23.22187578761917592, 167.1255190037703073 ) ) ;
#469 = ORIENTED_EDGE ( 'NONE', *, *, #4942, .T. ) ;
#470 = EDGE_CURVE ( 'NONE', #1668, #5678, #6076, .T. ) ;
#471 = CARTESIAN_POINT ( 'NONE',  ( 12.52298075395956012, 21.79734547755404961, 165.2173791666665181 ) ) ;
#472 = CARTESIAN_POINT ( 'NONE',  ( 24.89957002906239936, 26.12097263219795096, 159.3173166666665281 ) ) ;
#473 = CARTESIAN_POINT ( 'NONE',  ( 13.48676306920240009, 23.20342305309419828, 165.1604292390814805 ) ) ;
#474 = AXIS2_PLACEMENT_3D ( 'NONE', #1946, #5909, #3819 ) ;
#475 = CARTESIAN_POINT ( 'NONE',  ( 25.78687742186675180, 24.82371835514904745, 162.8497308606615093 ) ) ;
#476 = CARTESIAN_POINT ( 'NONE',  ( 21.02874372757074894, 29.41882880532770272, 168.3407249999999920 ) ) ;
#477 = VECTOR ( 'NONE', #215, 1000.000000000000000 ) ;
#478 = CARTESIAN_POINT ( 'NONE',  ( 12.82789975982583996, 25.90129708162915279, 165.9850999152559723 ) ) ;
#479 = CARTESIAN_POINT ( 'NONE',  ( 25.27043349788109694, 26.60546062228673492, 168.7102678503535742 ) ) ;
#480 = ORIENTED_EDGE ( 'NONE', *, *, #204, .F. ) ;
#481 = CARTESIAN_POINT ( 'NONE',  ( 17.55889425922379843, 29.12875000652820034, 172.6401375000000087 ) ) ;
#482 = CARTESIAN_POINT ( 'NONE',  ( 13.46286059185977990, 23.40381692819899939, 165.1935991621734843 ) ) ;
#483 = CARTESIAN_POINT ( 'NONE',  ( 12.95111890384104036, 27.39739505212965298, 162.9935187500000211 ) ) ;
#484 = CARTESIAN_POINT ( 'NONE',  ( 21.63586780551075250, 29.13098818002820067, 169.4566944444445085 ) ) ;
#485 = CARTESIAN_POINT ( 'NONE',  ( 23.93111704336314816, 18.81368063345015074, 158.2998791666665284 ) ) ;
#486 = CARTESIAN_POINT ( 'NONE',  ( 15.17825289421094936, 27.96242280358955057, 169.7698000000000036 ) ) ;
#487 = ORIENTED_EDGE ( 'NONE', *, *, #2965, .T. ) ;
#488 = CARTESIAN_POINT ( 'NONE',  ( 25.10909302109935126, 24.93575257988299754, 156.1941833333335126 ) ) ;
#489 = CARTESIAN_POINT ( 'NONE',  ( 25.03252902925749979, 26.02613821097569868, 160.0992666666665230 ) ) ;
#490 = CARTESIAN_POINT ( 'NONE',  ( 25.38558369035115092, 24.20484643946450021, 156.9934250000000020 ) ) ;
#491 = CARTESIAN_POINT ( 'NONE',  ( 18.43937905619939954, 29.92707091948189913, 164.6985378282494992 ) ) ;
#492 = CARTESIAN_POINT ( 'NONE',  ( 25.45929678944373364, 26.36270956484059624, 169.6939049446345962 ) ) ;
#493 = CARTESIAN_POINT ( 'NONE',  ( 12.78360664315150075, 25.14616207671985038, 167.0364318900685134 ) ) ;
#494 = CARTESIAN_POINT ( 'NONE',  ( 25.66142408368074967, 21.00438232160369978, 171.8010054666260089 ) ) ;
#495 = CARTESIAN_POINT ( 'NONE',  ( 14.17380088805863991, 23.42635261524629797, 168.8471006247424953 ) ) ;
#496 = CARTESIAN_POINT ( 'NONE',  ( 25.56589484158484993, 25.21000014568695136, 162.0195861832490039 ) ) ;
#497 = CARTESIAN_POINT ( 'NONE',  ( 15.62264404373724958, 23.46752386851144934, 167.0784564412074928 ) ) ;
#498 = CARTESIAN_POINT ( 'NONE',  ( 24.83581947517905064, 27.10148517130184942, 168.3929210306035031 ) ) ;
#499 = CARTESIAN_POINT ( 'NONE',  ( 25.44049836903474926, 25.07287206130655122, 160.0762868726599777 ) ) ;
#500 = VERTEX_POINT ( 'NONE', #4376 ) ;
#501 = CARTESIAN_POINT ( 'NONE',  ( 21.21635433727699649, 29.63729379853555201, 165.6859966651010154 ) ) ;
#502 = CARTESIAN_POINT ( 'NONE',  ( 13.41307708995440073, 21.33116692408080084, 168.5870425277705067 ) ) ;
#503 = CARTESIAN_POINT ( 'NONE',  ( 24.03627929591610268, 27.39674108484634729, 159.3540958333335027 ) ) ;
#504 = CARTESIAN_POINT ( 'NONE',  ( 12.85133956903511887, 25.39433150663389682, 167.0163229653940107 ) ) ;
#505 = ADVANCED_FACE ( 'NONE', ( #979 ), #3433, .F. ) ;
#506 = CARTESIAN_POINT ( 'NONE',  ( 19.07847466399370262, 29.50872399054074791, 170.1143583333334846 ) ) ;
#507 = CARTESIAN_POINT ( 'NONE',  ( 17.74418051758269854, 17.72015894177440032, 164.2113872628845002 ) ) ;
#508 = CARTESIAN_POINT ( 'NONE',  ( 13.26223065721191929, 25.13057957794555008, 169.3991406249885188 ) ) ;
#509 = LINE ( 'NONE', #5956, #2115 ) ;
#510 = CARTESIAN_POINT ( 'NONE',  ( 25.61506983169340046, 26.09497817430169064, 167.4913388406761499 ) ) ;
#511 = ORIENTED_EDGE ( 'NONE', *, *, #1751, .T. ) ;
#512 = CARTESIAN_POINT ( 'NONE',  ( 14.34521253894047987, 23.22714169188860112, 164.0974645826715346 ) ) ;
#513 = FACE_OUTER_BOUND ( 'NONE', #3071, .T. ) ;
#514 = CARTESIAN_POINT ( 'NONE',  ( 12.21071284954550507, 24.50679148950836250, 164.5955816457200456 ) ) ;
#515 = CARTESIAN_POINT ( 'NONE',  ( 23.09448899283415102, 18.90869035863940084, 151.3189666666665119 ) ) ;
#516 = CARTESIAN_POINT ( 'NONE',  ( 13.16446920023185996, 25.87252492287294814, 167.6874124999999935 ) ) ;
#517 = DIRECTION ( 'NONE',  ( 1.000000000000000000, 0.000000000000000000, 0.000000000000000000 ) ) ;
#518 = VERTEX_POINT ( 'NONE', #5942 ) ;
#519 = CARTESIAN_POINT ( 'NONE',  ( 25.40984565371810078, 25.35637990280769927, 160.7499347222220081 ) ) ;
#520 = CARTESIAN_POINT ( 'NONE',  ( 25.31522661087790027, 25.77532885176625044, 161.6598097178004991 ) ) ;
#521 = CARTESIAN_POINT ( 'NONE',  ( 24.41757365830304849, 23.40419789489784819, 150.0254500000000064 ) ) ;
#522 = CARTESIAN_POINT ( 'NONE',  ( 25.67052887385409932, 25.29430105878445190, 163.3312103048999973 ) ) ;
#523 = CARTESIAN_POINT ( 'NONE',  ( 25.49622780471705141, 26.31375899258940620, 169.7705612688935446 ) ) ;
#524 = CARTESIAN_POINT ( 'NONE',  ( 13.93791229917690089, 23.35904863358400263, 167.7868167466644991 ) ) ;
#525 = DIRECTION ( 'NONE',  ( 0.08291556471174016396, -0.9955514112831505003, 0.04474814656117568484 ) ) ;
#526 = CARTESIAN_POINT ( 'NONE',  ( 25.83855089146614858, 25.21610048041915064, 164.7038380543814924 ) ) ;
#527 = CARTESIAN_POINT ( 'NONE',  ( 12.73549913314905879, 25.78346685544105199, 165.7743615451389871 ) ) ;
#528 = CARTESIAN_POINT ( 'NONE',  ( 12.27981938169011933, 23.09928105013305100, 165.0798829549464983 ) ) ;
#529 = ORIENTED_EDGE ( 'NONE', *, *, #4754, .T. ) ;
#530 = CARTESIAN_POINT ( 'NONE',  ( 23.30814711828965002, 28.59303998508059763, 164.7798661627365107 ) ) ;
#531 = CARTESIAN_POINT ( 'NONE',  ( 25.03939025165555066, 26.14469442976590230, 160.7529541666665125 ) ) ;
#532 = CARTESIAN_POINT ( 'NONE',  ( 15.97218305123755400, 23.46179935763104751, 166.3034239147955020 ) ) ;
#533 = B_SPLINE_SURFACE_WITH_KNOTS ( 'NONE', 3, 3, ( 
 ( #4451, #5491, #3514, #2963, #4934, #4420, #4968, #1052, #917, #2477, #4512, #70, #3960, #6372 ),
 ( #3446, #4019, #2041, #1019, #6009, #3891, #5420, #2996, #2894, #4864, #1915, #433, #5387, #5875 ),
 ( #4896, #2602, #6154, #128, #2166, #4113, #587, #1713, #1140, #4144, #2196, #4081, #3144, #4172 ),
 ( #97, #1683, #1656, #5607, #1168, #3627, #1629, #5522, #3599, #5034, #715, #5118, #6093, #5062 ) ),
 .UNSPECIFIED., .F., .F., .F.,
 ( 4, 4 ),
 ( 4, 1, 1, 1, 1, 1, 1, 1, 1, 1, 1, 4 ),
 ( 0.000000000000000000, 1.000000000000000000 ),
 ( 0.000000000000000000, 1.000000000000000000, 3.000000000000000000, 5.000000000000000000, 7.000000000000000000, 9.000000000000000000, 11.00000000000000000, 13.00000000000000000, 15.00000000000000000, 17.00000000000000000, 18.00000000000000000, 19.00000000000000000 ),
 .UNSPECIFIED. ) ;
#534 = CARTESIAN_POINT ( 'NONE',  ( 23.76331350633655148, 19.24009825105284932, 163.3916458333335129 ) ) ;
#535 = CARTESIAN_POINT ( 'NONE',  ( 14.66309402118570127, 23.47468669347809822, 169.0158013181579975 ) ) ;
#536 = CARTESIAN_POINT ( 'NONE',  ( 25.33952063106114849, 26.58132694447724731, 171.5109559895835218 ) ) ;
#537 = B_SPLINE_SURFACE_WITH_KNOTS ( 'NONE', 3, 3, ( 
 ( #610, #88, #2501, #2566, #2005, #4508, #6029, #64, #1213, #4534, #2593, #4564 ),
 ( #2095, #4158, #3671, #6171, #5654, #1856, #298, #2269, #822, #4251, #263, #4766 ),
 ( #6235, #6273, #2383, #1783, #3347, #1302, #1823, #858, #890, #4222, #1889, #756 ),
 ( #3758, #5747, #5712, #2834, #3831, #5812, #3281, #6202, #4803, #5253, #2242, #3797 ),
 ( #5781, #1338, #4739, #2734, #1754, #2797, #1370, #330, #2302, #3250, #3314, #4283 ),
 ( #5225, #4322, #5325, #2869, #1271, #370, #6344, #5290, #4835, #4709, #3725, #5684 ),
 ( #1242, #794, #403, #2344, #6310, #4360, #3216, #5192, #2768, #5011, #960, #2903 ) ),
 .UNSPECIFIED., .F., .F., .F.,
 ( 4, 1, 1, 1, 4 ),
 ( 4, 1, 1, 1, 1, 1, 1, 1, 1, 4 ),
 ( 0.000000000000000000, 1.000000000000000000, 2.000000000000000000, 3.000000000000000000, 4.000000000000000000 ),
 ( 0.000000000000000000, 1.000000000000000000, 2.000000000000000000, 3.000000000000000000, 5.000000000000000000, 7.000000000000000000, 9.000000000000000000, 11.00000000000000000, 13.00000000000000000, 14.00000000000000000 ),
 .UNSPECIFIED. ) ;
#538 = CARTESIAN_POINT ( 'NONE',  ( 25.27717822386982149, 26.59878804832723986, 168.6203258447003464 ) ) ;
#539 = VERTEX_POINT ( 'NONE', #4341 ) ;
#540 = CARTESIAN_POINT ( 'NONE',  ( 17.78647428116902773, 29.85692228881304189, 164.7684149529071931 ) ) ;
#541 = CARTESIAN_POINT ( 'NONE',  ( 26.38194127350800144, 23.51428718744609725, 168.6672166666665191 ) ) ;
#542 = ADVANCED_FACE ( 'NONE', ( #1489 ), #3262, .T. ) ;
#543 = CARTESIAN_POINT ( 'NONE',  ( 25.49706395633339895, 20.73724347292595027, 169.3142201388889987 ) ) ;
#544 = LINE ( 'NONE', #5437, #4391 ) ;
#545 = CARTESIAN_POINT ( 'NONE',  ( 24.26281284055609788, 19.20224799761319900, 159.0229166666665037 ) ) ;
#546 = CARTESIAN_POINT ( 'NONE',  ( 18.78206889527489665, 29.69687402964424905, 167.7897999999999854 ) ) ;
#547 = CARTESIAN_POINT ( 'NONE',  ( 25.74416284216249906, 25.31423743401660076, 164.1541784722219859 ) ) ;
#548 = VERTEX_POINT ( 'NONE', #1224 ) ;
#549 = ADVANCED_FACE ( 'NONE', ( #1321 ), #6212, .F. ) ;
#550 = CARTESIAN_POINT ( 'NONE',  ( 25.04084400704624969, 25.34169530055554986, 156.9701124999999990 ) ) ;
#551 = CARTESIAN_POINT ( 'NONE',  ( 25.35155187929090204, 25.74681684726269992, 161.9185327637574972 ) ) ;
#552 = CARTESIAN_POINT ( 'NONE',  ( 25.24407872338214887, 24.12478537910674703, 155.4338750000000005 ) ) ;
#553 = CARTESIAN_POINT ( 'NONE',  ( 19.55962456259229754, 29.95265680982105039, 164.5837030039029969 ) ) ;
#554 = CARTESIAN_POINT ( 'NONE',  ( 25.46986693045931816, 26.34881545000049741, 169.7166532401408574 ) ) ;
#555 = DIRECTION ( 'NONE',  ( 0.08291556471174016396, -0.9955514112831505003, 0.04474814656117568484 ) ) ;
#556 = CARTESIAN_POINT ( 'NONE',  ( 15.79690794462445069, 23.66116806977814946, 166.5942703115435108 ) ) ;
#557 = CARTESIAN_POINT ( 'NONE',  ( 15.94608925287839973, 23.40377986429464841, 165.0609633724230036 ) ) ;
#558 = CARTESIAN_POINT ( 'NONE',  ( 15.70578635601799888, 23.44796778743504717, 166.4893174954644905 ) ) ;
#559 = CARTESIAN_POINT ( 'NONE',  ( 14.16374442066750206, 25.76393841745184687, 173.0839763708569876 ) ) ;
#560 = CARTESIAN_POINT ( 'NONE',  ( 12.63014561814492609, 23.21648595686614769, 167.0383106361818761 ) ) ;
#561 = ORIENTED_EDGE ( 'NONE', *, *, #125, .F. ) ;
#562 = CARTESIAN_POINT ( 'NONE',  ( 16.31745738790679923, 29.31015607873749929, 166.4561993781979936 ) ) ;
#563 = CARTESIAN_POINT ( 'NONE',  ( 24.98015307041900357, 26.25618366715005081, 160.7543083333335119 ) ) ;
#564 = CARTESIAN_POINT ( 'NONE',  ( 16.36565138670109931, 23.41891601357475139, 164.6202877691675042 ) ) ;
#565 = CARTESIAN_POINT ( 'NONE',  ( 21.82218716510800149, 18.08922588376855245, 163.6935604166664859 ) ) ;
#566 = CARTESIAN_POINT ( 'NONE',  ( 16.20099560711190279, 23.66824667484155142, 166.0030046726135140 ) ) ;
#567 = CARTESIAN_POINT ( 'NONE',  ( 25.30265108493883375, 26.56957698991267591, 168.4154553167462609 ) ) ;
#568 = VECTOR ( 'NONE', #3817, 1000.000000000000000 ) ;
#569 = VERTEX_POINT ( 'NONE', #2749 ) ;
#570 = CARTESIAN_POINT ( 'NONE',  ( 12.24450356304770438, 23.08636928850409475, 164.8580615858452632 ) ) ;
#571 = CARTESIAN_POINT ( 'NONE',  ( 26.10341513425660054, 23.28872336110485008, 164.0838999999999999 ) ) ;
#572 = CARTESIAN_POINT ( 'NONE',  ( 12.65559969456715983, 26.30762788506270056, 164.4711333333334835 ) ) ;
#573 = CARTESIAN_POINT ( 'NONE',  ( 26.05338402075019744, 24.98970999695404771, 166.3858249999999828 ) ) ;
#574 = CARTESIAN_POINT ( 'NONE',  ( 23.42234527275450162, 18.59464651522749890, 154.4293583333335107 ) ) ;
#575 = CARTESIAN_POINT ( 'NONE',  ( 15.50797202361979998, 28.53314815408829830, 168.1642999999999972 ) ) ;
#576 = ORIENTED_EDGE ( 'NONE', *, *, #3387, .F. ) ;
#577 = CARTESIAN_POINT ( 'NONE',  ( 23.85282684330145031, 24.56636356123794940, 147.9746509289932135 ) ) ;
#578 = EDGE_CURVE ( 'NONE', #5803, #2825, #2199, .T. ) ;
#579 = CARTESIAN_POINT ( 'NONE',  ( 25.31974778136819992, 24.16468649407875091, 156.2130499999999813 ) ) ;
#580 = CARTESIAN_POINT ( 'NONE',  ( 20.66796857583016944, 29.80317434159630707, 164.4794195399179841 ) ) ;
#581 = LINE ( 'NONE', #1075, #1908 ) ;
#582 = CARTESIAN_POINT ( 'NONE',  ( 16.07255982267939842, 23.69341350018239822, 166.8008968050224894 ) ) ;
#583 = CARTESIAN_POINT ( 'NONE',  ( 25.60094121328885208, 25.07627191324520055, 161.8870946624249996 ) ) ;
#584 = FACE_OUTER_BOUND ( 'NONE', #4173, .T. ) ;
#585 = CARTESIAN_POINT ( 'NONE',  ( 15.24819349269130164, 23.42781685032025152, 166.8888933027675137 ) ) ;
#586 = CARTESIAN_POINT ( 'NONE',  ( 15.39055378558800058, 23.44199767800034806, 166.9406017892604837 ) ) ;
#587 = CARTESIAN_POINT ( 'NONE',  ( 13.37414281350211986, 25.61964882541844801, 169.2404833333334864 ) ) ;
#588 = VERTEX_POINT ( 'NONE', #276 ) ;
#589 = CARTESIAN_POINT ( 'NONE',  ( 20.72551043308405028, 29.82827103396459734, 164.9755180756739890 ) ) ;
#590 = CARTESIAN_POINT ( 'NONE',  ( 28.48987037864295147, 25.36463866192039873, 163.0957657247455188 ) ) ;
#591 = CARTESIAN_POINT ( 'NONE',  ( 16.83343558196680334, 23.29563964984644997, 161.0108746199454686 ) ) ;
#592 = CARTESIAN_POINT ( 'NONE',  ( 16.92228882002510204, 29.66942262255449947, 164.8659572407514986 ) ) ;
#593 = FILL_AREA_STYLE_COLOUR ( '', #1806 ) ;
#594 = CARTESIAN_POINT ( 'NONE',  ( 25.62958676415264847, 24.83569336227229840, 161.2804481142580073 ) ) ;
#595 = CARTESIAN_POINT ( 'NONE',  ( 15.20970826527529951, 23.49609318461650176, 168.4792077805490180 ) ) ;
#596 = ORIENTED_EDGE ( 'NONE', *, *, #3777, .F. ) ;
#597 = CARTESIAN_POINT ( 'NONE',  ( 25.92916401853890207, 24.47077268322350108, 163.3821166666664908 ) ) ;
#598 = CARTESIAN_POINT ( 'NONE',  ( 25.64891948158975055, 21.16267501224099945, 166.6194000000000131 ) ) ;
#599 = CARTESIAN_POINT ( 'NONE',  ( 25.41199357665545122, 24.66810183901684894, 158.5442083333335006 ) ) ;
#600 = CARTESIAN_POINT ( 'NONE',  ( 24.57825633717889957, 27.39218578905339996, 166.4354958333335048 ) ) ;
#601 = CARTESIAN_POINT ( 'NONE',  ( 21.28716347716169821, 29.63394861814155234, 166.4388023600154725 ) ) ;
#602 = CARTESIAN_POINT ( 'NONE',  ( 12.96217098897531983, 26.26592418609460111, 165.8737953124999933 ) ) ;
#603 = CARTESIAN_POINT ( 'NONE',  ( 25.95928942974270015, 25.38013349519950168, 167.1690500000000270 ) ) ;
#604 = CARTESIAN_POINT ( 'NONE',  ( 20.23329391194234717, 29.88632570550765166, 164.5190084959764931 ) ) ;
#605 = ORIENTED_EDGE ( 'NONE', *, *, #5057, .F. ) ;
#606 = CARTESIAN_POINT ( 'NONE',  ( 24.85495027197490003, 25.11669341110760101, 154.6334041666665087 ) ) ;
#607 = EDGE_CURVE ( 'NONE', #1645, #6065, #1586, .T. ) ;
#608 = CARTESIAN_POINT ( 'NONE',  ( 24.10506272832650154, 23.22083975993830052, 148.0696614583332007 ) ) ;
#609 = DIRECTION ( 'NONE',  ( 0.9949093705772957819, 0.000000000000000000, -0.1007737284091892171 ) ) ;
#610 = CARTESIAN_POINT ( 'NONE',  ( 24.98881446256260119, 26.91936961166640074, 169.1310605924795141 ) ) ;
#611 = CARTESIAN_POINT ( 'NONE',  ( 25.92779372108685010, 25.37266354266665047, 166.1962407611080152 ) ) ;
#612 = EDGE_CURVE ( 'NONE', #569, #3413, #2741, .T. ) ;
#613 = CARTESIAN_POINT ( 'NONE',  ( 25.48896846724884924, 25.33552135413235007, 161.6453170678380218 ) ) ;
#614 = CARTESIAN_POINT ( 'NONE',  ( 29.06698658678750036, 25.14917929675300101, 168.4065378325010158 ) ) ;
#615 = CARTESIAN_POINT ( 'NONE',  ( 13.36336576016515387, 23.42692690621315776, 170.3615638524296969 ) ) ;
#616 = CARTESIAN_POINT ( 'NONE',  ( 14.76067677907201947, 23.38421739838015156, 166.8222364125224999 ) ) ;
#617 = DIRECTION ( 'NONE',  ( -0.08291556471174475751, 0.9955514112831495011, -0.04474814656119058265 ) ) ;
#618 = CARTESIAN_POINT ( 'NONE',  ( 15.96171340469250133, 23.47878866902320283, 166.7007996935775225 ) ) ;
#619 = ORIENTED_EDGE ( 'NONE', *, *, #2643, .F. ) ;
#620 = DIRECTION ( 'NONE',  ( 0.1006318910984300152, 0.05303758115645531429, 0.9935090525400490646 ) ) ;
#621 = B_SPLINE_CURVE_WITH_KNOTS ( 'NONE', 3,
 ( #1470, #4907, #4489, #5957 ),
 .UNSPECIFIED., .F., .F.,
 ( 4, 4 ),
 ( 0.000000000000000000, 1.000000000000000000 ),
 .UNSPECIFIED. ) ;
#622 = CARTESIAN_POINT ( 'NONE',  ( 24.57313004882094987, 26.41728846392850016, 157.7575999999999965 ) ) ;
#623 = CARTESIAN_POINT ( 'NONE',  ( 24.77070989538689716, 27.12010228570600034, 164.7103555677759914 ) ) ;
#624 = CARTESIAN_POINT ( 'NONE',  ( 16.11026416295549879, 29.38804475960580120, 165.4664944744845059 ) ) ;
#625 = CARTESIAN_POINT ( 'NONE',  ( 25.09638208269375070, 26.85727183818084995, 166.2011994401265156 ) ) ;
#626 = CARTESIAN_POINT ( 'NONE',  ( 15.43536298596159995, 23.40730207365719906, 166.0856694409424961 ) ) ;
#627 = CARTESIAN_POINT ( 'NONE',  ( 15.44939448725569875, 23.71166958209440168, 168.3617429891635027 ) ) ;
#628 = CARTESIAN_POINT ( 'NONE',  ( 25.35232874325244978, 26.50686187296685148, 169.1469523308124678 ) ) ;
#629 = CARTESIAN_POINT ( 'NONE',  ( 15.88567370549294822, 23.51935222393255032, 167.7441496985310039 ) ) ;
#630 = VERTEX_POINT ( 'NONE', #5481 ) ;
#631 = CARTESIAN_POINT ( 'NONE',  ( 16.59621174715571712, 29.56094909494292367, 164.9047761381873158 ) ) ;
#632 = CARTESIAN_POINT ( 'NONE',  ( 25.01286840797074973, 20.53021222297689974, 164.3566666666665128 ) ) ;
#633 = CARTESIAN_POINT ( 'NONE',  ( 25.62958676415264847, 24.83569336227229840, 161.2804481142580073 ) ) ;
#634 = CARTESIAN_POINT ( 'NONE',  ( 23.76672948739224722, 18.64202176776454678, 157.5406604166664977 ) ) ;
#635 = CARTESIAN_POINT ( 'NONE',  ( 13.01559344435250054, 26.25893320367019967, 166.1288359374999857 ) ) ;
#636 = EDGE_LOOP ( 'NONE', ( #1980, #5996, #3456, #3543 ) ) ;
#637 = CARTESIAN_POINT ( 'NONE',  ( 20.38019058499330072, 23.25348822705619867, 164.8582174495275012 ) ) ;
#638 = CARTESIAN_POINT ( 'NONE',  ( 21.35976246396730005, 29.77543957462635049, 162.4938429183869744 ) ) ;
#639 = B_SPLINE_SURFACE_WITH_KNOTS ( 'NONE', 3, 1, ( 
 ( #5263, #3876 ),
 ( #3911, #970 ),
 ( #5932, #4499 ),
 ( #2028, #901 ),
 ( #4845, #414 ),
 ( #2007, #66 ),
 ( #4966, #2036 ),
 ( #4275, #3508 ),
 ( #5354, #2503 ),
 ( #5317, #6003 ),
 ( #37, #6304 ),
 ( #2826, #3277 ),
 ( #5485, #397 ),
 ( #886, #3987 ),
 ( #2338, #5776 ),
 ( #1884, #1046 ),
 ( #3025, #4352 ),
 ( #1332, #4761 ),
 ( #4997, #557 ) ),
 .UNSPECIFIED., .F., .F., .F.,
 ( 4, 1, 1, 1, 1, 1, 1, 1, 1, 1, 1, 1, 1, 1, 1, 1, 4 ),
 ( 2, 2 ),
 ( 0.000000000000000000, 0.07315860281818099831, 0.1428455409333980186, 0.2101901311745004997, 0.2756750156029295074, 0.3387896106465670409, 0.4014446812520360286, 0.4643620427038839815, 0.5278031815077020017, 0.5902048181838720486, 0.6509256845492119581, 0.7096909880779980195, 0.7675370070823960278, 0.8246260589272660368, 0.8821083560809780399, 0.9402437141475579185, 1.000000000000000000 ),
 ( 0.000000000000000000, 1.000000000000000000 ),
 .UNSPECIFIED. ) ;
#640 = CARTESIAN_POINT ( 'NONE',  ( 25.04965409362284845, 22.40742014470174936, 153.1817000000000064 ) ) ;
#641 = CARTESIAN_POINT ( 'NONE',  ( 23.68246331865280396, 28.30968175212395010, 166.2668787716185079 ) ) ;
#642 = LINE ( 'NONE', #611, #1504 ) ;
#643 = CARTESIAN_POINT ( 'NONE',  ( 16.36565138670109931, 23.41891601357475139, 164.6202877691675042 ) ) ;
#644 = CARTESIAN_POINT ( 'NONE',  ( 14.26940066475620128, 23.60958887192990119, 168.2771195754329767 ) ) ;
#645 = CARTESIAN_POINT ( 'NONE',  ( 13.46301436077798463, 25.63115563044879508, 169.6304972165216043 ) ) ;
#646 = CARTESIAN_POINT ( 'NONE',  ( 13.73986585598940025, 25.25895397223364824, 171.5690916666665089 ) ) ;
#647 = CARTESIAN_POINT ( 'NONE',  ( 25.89086916955420037, 24.11032353784444737, 162.3529966586770001 ) ) ;
#648 = EDGE_CURVE ( 'NONE', #1950, #5063, #5726, .T. ) ;
#649 = CARTESIAN_POINT ( 'NONE',  ( 18.48969500180595205, 29.95358970999765091, 165.1952923548905119 ) ) ;
#650 = CARTESIAN_POINT ( 'NONE',  ( 20.22816814011419950, 23.75080315093654804, 164.8470669980145260 ) ) ;
#651 = ORIENTED_EDGE ( 'NONE', *, *, #4885, .F. ) ;
#652 = CARTESIAN_POINT ( 'NONE',  ( 13.02303710046282070, 25.88407819196239856, 166.9727871498490117 ) ) ;
#653 = CARTESIAN_POINT ( 'NONE',  ( 13.12487902400074091, 20.64227693092420424, 165.5896378472220078 ) ) ;
#654 = CARTESIAN_POINT ( 'NONE',  ( 24.17948458813045320, 26.29196110621975180, 153.8598250000000007 ) ) ;
#655 = CARTESIAN_POINT ( 'NONE',  ( 13.61981099316446020, 23.39237124929885070, 164.6481376221144899 ) ) ;
#656 = CARTESIAN_POINT ( 'NONE',  ( 13.79816466577598177, 23.39581446655245145, 164.3942635164845001 ) ) ;
#657 = EDGE_CURVE ( 'NONE', #1732, #1303, #2820, .T. ) ;
#658 = CARTESIAN_POINT ( 'NONE',  ( 15.94608925287839973, 23.40377986429464841, 165.0609633724230036 ) ) ;
#659 = CARTESIAN_POINT ( 'NONE',  ( 13.43954651838822123, 23.14978355123940190, 164.0545533849844730 ) ) ;
#660 = CARTESIAN_POINT ( 'NONE',  ( 25.35584160534345344, 26.07218451695515071, 163.6312686869199808 ) ) ;
#661 = CARTESIAN_POINT ( 'NONE',  ( 25.97681557989520229, 25.45794279623439849, 169.0111943095979825 ) ) ;
#662 = ORIENTED_EDGE ( 'NONE', *, *, #5124, .F. ) ;
#663 = CARTESIAN_POINT ( 'NONE',  ( 25.78371548797150226, 21.22531435022865054, 168.1886999999999830 ) ) ;
#664 = CARTESIAN_POINT ( 'NONE',  ( 13.75452892070369870, 23.39434022950894843, 164.4423192202465032 ) ) ;
#665 = CARTESIAN_POINT ( 'NONE',  ( 24.18151649377499979, 27.72259471622680138, 167.9092249999999922 ) ) ;
#666 = CARTESIAN_POINT ( 'NONE',  ( 25.56589484158484993, 25.21000014568695136, 162.0195861832490039 ) ) ;
#667 = CARTESIAN_POINT ( 'NONE',  ( 12.51336967477222117, 24.82773429587044944, 166.0742696419100071 ) ) ;
#668 = ORIENTED_EDGE ( 'NONE', *, *, #1017, .T. ) ;
#669 = VECTOR ( 'NONE', #1387, 1000.000000000000000 ) ;
#670 = CARTESIAN_POINT ( 'NONE',  ( 25.58467323420995143, 22.67771461228369745, 157.8498999999999910 ) ) ;
#671 = CARTESIAN_POINT ( 'NONE',  ( 19.33504299279835337, 29.96122327758015302, 164.6059934131231728 ) ) ;
#672 = CARTESIAN_POINT ( 'NONE',  ( 13.13807950020166082, 26.16858099797009984, 166.9459466547004922 ) ) ;
#673 = CARTESIAN_POINT ( 'NONE',  ( 15.71928143672806577, 29.18900663919048100, 165.0134556549022591 ) ) ;
#674 = CARTESIAN_POINT ( 'NONE',  ( 25.47329029398424893, 25.40356035800800072, 161.7748382862280039 ) ) ;
#675 = CARTESIAN_POINT ( 'NONE',  ( 18.48969500180595205, 29.95358970999765091, 165.1952923548905119 ) ) ;
#676 = CARTESIAN_POINT ( 'NONE',  ( 12.21723954655742084, 24.08650753391399846, 164.8122418784855086 ) ) ;
#677 = CARTESIAN_POINT ( 'NONE',  ( 12.82789975982583996, 25.90129708162915279, 165.9850999152559723 ) ) ;
#678 = CARTESIAN_POINT ( 'NONE',  ( 14.58758553774946165, 23.37040023442185088, 166.8355612312720098 ) ) ;
#679 = CARTESIAN_POINT ( 'NONE',  ( 25.80090973058850068, 25.32707034774779942, 164.7376682607219891 ) ) ;
#680 = ORIENTED_EDGE ( 'NONE', *, *, #2710, .T. ) ;
#681 = CARTESIAN_POINT ( 'NONE',  ( 15.89581552533089770, 23.41966607607605155, 165.5075520381975025 ) ) ;
#682 = CARTESIAN_POINT ( 'NONE',  ( 12.22054277314392046, 23.99083339368500134, 164.9364124999999888 ) ) ;
#683 = CARTESIAN_POINT ( 'NONE',  ( 24.44256945526104730, 26.38287323515135085, 156.1938125000000070 ) ) ;
#684 = CARTESIAN_POINT ( 'NONE',  ( 13.46286059185977990, 23.40381692819899939, 165.1935991621734843 ) ) ;
#685 = CARTESIAN_POINT ( 'NONE',  ( 21.30052389366595023, 29.50736378869050114, 166.7406145833334961 ) ) ;
#686 = EDGE_CURVE ( 'NONE', #518, #1128, #1524, .T. ) ;
#687 = CARTESIAN_POINT ( 'NONE',  ( 13.77343609127494162, 23.39493226226374745, 164.4204568693870101 ) ) ;
#688 = CARTESIAN_POINT ( 'NONE',  ( 13.45960166885972065, 25.37295001906774772, 170.0234250000000031 ) ) ;
#689 = DIRECTION ( 'NONE',  ( 0.9914626728336710659, 0.07787427352598332020, -0.1045818621956666195 ) ) ;
#690 = CARTESIAN_POINT ( 'NONE',  ( 25.63194124559879938, 24.92601371845314873, 161.6603526725760105 ) ) ;
#691 = CARTESIAN_POINT ( 'NONE',  ( 25.39020650171740101, 26.46010325480810010, 168.7543434030435208 ) ) ;
#692 = ORIENTED_EDGE ( 'NONE', *, *, #6082, .F. ) ;
#693 = B_SPLINE_SURFACE_WITH_KNOTS ( 'NONE', 3, 1, ( 
 ( #5596, #4160 ),
 ( #266, #2245 ),
 ( #2650, #4623 ),
 ( #175, #2155 ) ),
 .UNSPECIFIED., .F., .F., .F.,
 ( 4, 4 ),
 ( 2, 2 ),
 ( 0.000000000000000000, 1.000000000000000000 ),
 ( 0.000000000000000000, 1.000000000000000000 ),
 .UNSPECIFIED. ) ;
#694 = CARTESIAN_POINT ( 'NONE',  ( 15.85109002385590138, 23.52363105210694982, 167.9034259919234842 ) ) ;
#695 = ORIENTED_EDGE ( 'NONE', *, *, #4716, .T. ) ;
#696 = CARTESIAN_POINT ( 'NONE',  ( 23.51964145900865688, 28.34294678654640265, 164.2685283587723006 ) ) ;
#697 = ADVANCED_FACE ( 'NONE', ( #3559 ), #5224, .F. ) ;
#698 = CARTESIAN_POINT ( 'NONE',  ( 12.49752175801300069, 27.32823552505599807, 161.0763434895835076 ) ) ;
#699 = CARTESIAN_POINT ( 'NONE',  ( 25.56589484158484993, 25.21000014568695136, 162.0195861832490039 ) ) ;
#700 = CARTESIAN_POINT ( 'NONE',  ( 23.70487549050704956, 28.18310890180075035, 166.5013999999999896 ) ) ;
#701 = DIRECTION ( 'NONE',  ( -0.9949093705772958929, 0.000000000000000000, 0.1007737284091889257 ) ) ;
#702 = CARTESIAN_POINT ( 'NONE',  ( 14.40934618240079956, 28.17362207879140001, 165.9533874999999910 ) ) ;
#703 = ORIENTED_EDGE ( 'NONE', *, *, #2527, .T. ) ;
#704 = CARTESIAN_POINT ( 'NONE',  ( 25.14463350122009544, 25.93592260219344681, 160.7323913342651736 ) ) ;
#705 = CARTESIAN_POINT ( 'NONE',  ( 21.46161302499399781, 29.73445286475004679, 162.3494165994030141 ) ) ;
#706 = CARTESIAN_POINT ( 'NONE',  ( 25.37628313007800074, 23.19793656630359990, 155.4721499999999992 ) ) ;
#707 = CARTESIAN_POINT ( 'NONE',  ( 13.77338745509312012, 24.80827263174339947, 172.2373333333334813 ) ) ;
#708 = CARTESIAN_POINT ( 'NONE',  ( 23.99681327062970126, 24.85455284973889789, 149.3077981382860173 ) ) ;
#709 = CARTESIAN_POINT ( 'NONE',  ( 16.28714252525394812, 23.46992355812874820, 165.9005696121319886 ) ) ;
#710 = CARTESIAN_POINT ( 'NONE',  ( 16.12144060599235118, 29.38291573452563199, 164.9623695505768524 ) ) ;
#711 = CARTESIAN_POINT ( 'NONE',  ( 25.95760415421014855, 25.29315169806160313, 166.1974659493920115 ) ) ;
#712 = CARTESIAN_POINT ( 'NONE',  ( 28.72363313113629957, 25.48784225892524802, 165.4036366015999988 ) ) ;
#713 = DIRECTION ( 'NONE',  ( -0.9914626728336708439, -0.07787427352598327857, 0.1045818621956677713 ) ) ;
#714 = CARTESIAN_POINT ( 'NONE',  ( 13.98802301413515892, 25.20929307981255008, 172.9984778813154946 ) ) ;
#715 = CARTESIAN_POINT ( 'NONE',  ( 13.92286300596007997, 25.50290310354550272, 172.2005749999999864 ) ) ;
#716 = ORIENTED_EDGE ( 'NONE', *, *, #6146, .F. ) ;
#717 = CARTESIAN_POINT ( 'NONE',  ( 14.68090707906264036, 23.35560622055115232, 166.3335067013809976 ) ) ;
#718 = CARTESIAN_POINT ( 'NONE',  ( 12.97870957082021981, 20.72516611216989801, 165.2011135416665013 ) ) ;
#719 = CARTESIAN_POINT ( 'NONE',  ( 23.56480748601779851, 27.17642024338324802, 153.8867458333334923 ) ) ;
#720 = CARTESIAN_POINT ( 'NONE',  ( 16.44924352571959858, 23.64756387376370128, 165.0828680563199953 ) ) ;
#721 = LINE ( 'NONE', #4667, #50 ) ;
#722 = DIRECTION ( 'NONE',  ( 0.9914626728336710659, 0.07787427352598329244, -0.1045818621956674105 ) ) ;
#723 = CARTESIAN_POINT ( 'NONE',  ( 24.14689420088529914, 24.22027608173199908, 149.1957416666665779 ) ) ;
#724 = LINE ( 'NONE', #190, #3066 ) ;
#725 = CARTESIAN_POINT ( 'NONE',  ( 15.86914208566209794, 23.71226628843729856, 167.5972519443854765 ) ) ;
#726 = CARTESIAN_POINT ( 'NONE',  ( 25.27941774239340234, 26.60150741953934883, 168.3695666020200008 ) ) ;
#727 = CARTESIAN_POINT ( 'NONE',  ( 15.23161037974895038, 23.62692713257689903, 166.8799436734555002 ) ) ;
#728 = ORIENTED_EDGE ( 'NONE', *, *, #5458, .T. ) ;
#729 = CARTESIAN_POINT ( 'NONE',  ( 22.02911629034884911, 29.36391217518974983, 165.2158166666665124 ) ) ;
#730 = CARTESIAN_POINT ( 'NONE',  ( 23.67753547761205013, 18.58501233602120095, 156.7644645833335062 ) ) ;
#731 = CARTESIAN_POINT ( 'NONE',  ( 14.34968260983037958, 28.19154498227389993, 165.7005625000000180 ) ) ;
#732 = ADVANCED_FACE ( 'NONE', ( #1101 ), #1132, .T. ) ;
#733 = CARTESIAN_POINT ( 'NONE',  ( 14.85333205171129833, 23.46844826591569699, 168.5245101522864957 ) ) ;
#734 = ORIENTED_EDGE ( 'NONE', *, *, #612, .F. ) ;
#735 = CARTESIAN_POINT ( 'NONE',  ( 24.17404390411925164, 25.12261499519119923, 150.7489833333335127 ) ) ;
#736 = CARTESIAN_POINT ( 'NONE',  ( 25.15216566282168742, 25.91433153649632715, 160.7021692704345242 ) ) ;
#737 = CARTESIAN_POINT ( 'NONE',  ( 21.50047038462325233, 29.71263216607379931, 163.1457796356675090 ) ) ;
#738 = CARTESIAN_POINT ( 'NONE',  ( 24.90938487619819952, 22.36926537248274727, 152.4098000000000184 ) ) ;
#739 = CARTESIAN_POINT ( 'NONE',  ( 13.14419353878300178, 22.57537457662339619, 168.9686368055554908 ) ) ;
#740 = EDGE_CURVE ( 'NONE', #4349, #5003, #2684, .T. ) ;
#741 = DIRECTION ( 'NONE',  ( 0.08291556471174016396, -0.9955514112831506113, 0.04474814656117568484 ) ) ;
#742 = CARTESIAN_POINT ( 'NONE',  ( 15.85025021717255100, 23.58180589588895160, 164.7297902094415178 ) ) ;
#743 = B_SPLINE_SURFACE_WITH_KNOTS ( 'NONE', 3, 3, ( 
 ( #1472, #372, #2871, #1825, #2905, #5814, #3385, #3316, #5255, #3866, #824, #860, #2346, #405, #2385 ),
 ( #6346, #1891, #5363, #3424, #4874, #443, #3799, #4362, #2459, #926, #2304, #4324, #2421, #1960, #5783 ),
 ( #6383, #5397, #1439, #1927, #5889, #481, #6415, #3939, #2799, #4285, #6291, #5765, #1284, #3680, #3265 ),
 ( #5303, #4782, #2781, #5793, #2716, #2748, #6215, #6251, #4751, #243, #5203, #2222, #1223, #2285, #1804 ),
 ( #2849, #3228, #5271, #3779, #5664, #4818, #1320, #838, #871, #772, #3297, #2194, #4169, #4202, #347 ),
 ( #2813, #2321, #4299, #6182, #1840, #4720, #3813, #1254, #1350, #3328, #6152, #275, #1711, #3002, #5951 ),
 ( #45, #506, #1539, #3519, #103, #5501, #5527, #1059, #3035, #4519, #2579, #1433, #75, #2452, #2077 ),
 ( #4053, #2969, #3418, #956, #3931, #5917, #4941, #3014, #486, #4881, #1996, #4404, #4467, #5967, #2946 ),
 ( #56, #3463, #1070, #450, #4437, #5931, #1517, #3945, #2427, #2464, #6390, #2915, #27, #5439, #969 ),
 ( #4917, #546, #2494, #5372, #82, #1479, #2525, #575, #6422, #3498, #2559, #3875, #1934, #2027, #3974 ),
 ( #5476, #1037, #1966, #5859, #1005, #3394, #5511, #4987, #4498, #3429, #4528, #2981, #4006, #4956, #516 ),
 ( #1413, #3910, #5995, #5897, #1551, #3530, #3047, #5018, #935, #1445, #5404, #3554, #2647, #6023, #3644 ),
 ( #4590, #114, #172, #6049, #5652, #2055, #4064, #6080, #3103, #2679, #5624, #3159, #5134, #2089, #2180 ),
 ( #1578, #4647, #6138, #4100, #2151, #1183, #1212, #4032, #702, #5535, #198, #5076, #635, #1613, #4157 ),
 ( #1698, #2619, #2587, #3186, #146, #3074, #5160, #4557, #731, #1095, #1127, #5047, #602, #2123, #3585 ),
 ( #1644, #5566, #3613, #5593, #1154, #3131, #6361, #3403, #2922, #1322, #424, #4752, #1351, #4888, #314 ) ),
 .UNSPECIFIED., .F., .F., .F.,
 ( 4, 1, 1, 1, 1, 1, 1, 1, 1, 1, 1, 1, 1, 4 ),
 ( 4, 1, 1, 1, 1, 1, 1, 1, 1, 1, 1, 1, 4 ),
 ( 0.000000000000000000, 1.000000000000000000, 2.000000000000000000, 3.000000000000000000, 5.000000000000000000, 7.000000000000000000, 9.000000000000000000, 11.00000000000000000, 13.00000000000000000, 15.00000000000000000, 17.00000000000000000, 18.00000000000000000, 19.00000000000000000, 20.00000000000000000 ),
 ( 0.000000000000000000, 1.000000000000000000, 2.000000000000000000, 3.000000000000000000, 5.000000000000000000, 7.000000000000000000, 9.000000000000000000, 11.00000000000000000, 13.00000000000000000, 15.00000000000000000, 16.00000000000000000, 17.00000000000000000, 18.00000000000000000 ),
 .UNSPECIFIED. ) ;
#744 = CARTESIAN_POINT ( 'NONE',  ( 13.26193220737753897, 22.18988937566635400, 169.1003854166665121 ) ) ;
#745 = CARTESIAN_POINT ( 'NONE',  ( 13.43954651838822123, 23.14978355123940190, 164.0545533849844730 ) ) ;
#746 = CARTESIAN_POINT ( 'NONE',  ( 13.28814813142224160, 27.21850513727854803, 164.9161673611110075 ) ) ;
#747 = CARTESIAN_POINT ( 'NONE',  ( 24.41102216099469757, 26.09459778715254785, 154.6327708333335238 ) ) ;
#748 = CARTESIAN_POINT ( 'NONE',  ( 25.36639285699639856, 25.47072457785800026, 160.8063001261974705 ) ) ;
#749 = CARTESIAN_POINT ( 'NONE',  ( 14.28598377769854011, 23.41047858967325368, 168.2860692047450186 ) ) ;
#750 = CARTESIAN_POINT ( 'NONE',  ( 14.06779234123907862, 25.51078383914349956, 172.9809486731839741 ) ) ;
#751 = CARTESIAN_POINT ( 'NONE',  ( 14.68090707906264036, 23.35560622055115232, 166.3335067013809976 ) ) ;
#752 = CARTESIAN_POINT ( 'NONE',  ( 15.50036662241035046, 23.65443068991634945, 166.9938507307575151 ) ) ;
#753 = ORIENTED_EDGE ( 'NONE', *, *, #3049, .T. ) ;
#754 = CARTESIAN_POINT ( 'NONE',  ( 25.88640684734770048, 24.38028510834494966, 162.7297220695595001 ) ) ;
#755 = CARTESIAN_POINT ( 'NONE',  ( 24.88732100781960099, 26.87719142345374834, 163.7805788194444858 ) ) ;
#756 = CARTESIAN_POINT ( 'NONE',  ( 25.16122008029850221, 26.42932725539645133, 163.6369137863134995 ) ) ;
#757 = VECTOR ( 'NONE', #415, 1000.000000000000114 ) ;
#758 = VERTEX_POINT ( 'NONE', #1161 ) ;
#759 = CARTESIAN_POINT ( 'NONE',  ( 18.33806018907274904, 23.66578465184545266, 165.0430534488085073 ) ) ;
#760 = CARTESIAN_POINT ( 'NONE',  ( 21.72131759030325071, 29.62905731667675013, 163.1220379943519845 ) ) ;
#761 = CARTESIAN_POINT ( 'NONE',  ( 16.45225537100059654, 23.44215293384804966, 164.9767881324989958 ) ) ;
#762 = EDGE_CURVE ( 'NONE', #5301, #1273, #3108, .T. ) ;
#763 = VECTOR ( 'NONE', #1763, 1000.000000000000114 ) ;
#764 = CARTESIAN_POINT ( 'NONE',  ( 25.45000429878185244, 23.24032591712095197, 156.2521000000000129 ) ) ;
#765 = CARTESIAN_POINT ( 'NONE',  ( 12.05984927270633378, 25.25267512577798712, 163.1220293451049770 ) ) ;
#766 = CARTESIAN_POINT ( 'NONE',  ( 13.18783657615825966, 24.75606490427809803, 169.4193708333334882 ) ) ;
#767 = B_SPLINE_CURVE_WITH_KNOTS ( 'NONE', 3,
 ( #4201, #4658, #2221, #5604, #3141, #4142, #5115, #1137, #1682, #677 ),
 .UNSPECIFIED., .F., .F.,
 ( 4, 3, 3, 4 ),
 ( 0.000000000000000000, 9.861481130047089754E-05, 0.0001972295142041355072, 0.0003934702656868144938 ),
 .UNSPECIFIED. ) ;
#768 = AXIS2_PLACEMENT_3D ( 'NONE', #6147, #741, #3676 ) ;
#769 = EDGE_CURVE ( 'NONE', #5119, #434, #2529, .T. ) ;
#770 = CARTESIAN_POINT ( 'NONE',  ( 25.08496496166409884, 26.13965121220510213, 161.1638875782575155 ) ) ;
#771 = CARTESIAN_POINT ( 'NONE',  ( 12.63719375850002002, 25.40824158237955288, 165.9214309027780132 ) ) ;
#772 = CARTESIAN_POINT ( 'NONE',  ( 14.98220572332949985, 27.36163286053270127, 172.0303833333335035 ) ) ;
#773 = DIRECTION ( 'NONE',  ( 0.1006318910984291964, 0.05303758115645621635, 0.9935090525400491757 ) ) ;
#774 = CARTESIAN_POINT ( 'NONE',  ( 13.36507629547256037, 27.32727038027094935, 164.9067312934029985 ) ) ;
#775 = CARTESIAN_POINT ( 'NONE',  ( 22.99093735165974905, 26.86925843101609956, 149.6270891814990023 ) ) ;
#776 = CARTESIAN_POINT ( 'NONE',  ( 13.51214139340786069, 23.39705956346015014, 164.9519478241159902 ) ) ;
#777 = B_SPLINE_CURVE_WITH_KNOTS ( 'NONE', 3,
 ( #1305, #301, #3761, #6348, #1341, #5294 ),
 .UNSPECIFIED., .F., .F.,
 ( 4, 1, 1, 4 ),
 ( 0.8479030018617750297, 0.8749999999734280332, 0.9374999999867140721, 1.000000000000000000 ),
 .UNSPECIFIED. ) ;
#778 = CARTESIAN_POINT ( 'NONE',  ( 15.63299828412385217, 23.52034860887225065, 163.7650503167940030 ) ) ;
#779 = B_SPLINE_SURFACE_WITH_KNOTS ( 'NONE', 3, 1, ( 
 ( #3995, #2577 ),
 ( #1537, #3034 ),
 ( #4546, #5006 ),
 ( #1464, #564 ),
 ( #2546, #990 ),
 ( #5423, #4939 ),
 ( #3330, #3471 ),
 ( #1421, #4853 ),
 ( #841, #425 ),
 ( #1906, #3885 ),
 ( #5413, #459 ),
 ( #4926, #2884 ),
 ( #1941, #5905 ),
 ( #5868, #2323 ),
 ( #3845, #5827 ),
 ( #3404, #5380 ),
 ( #1384, #1352 ),
 ( #3364, #1842 ),
 ( #5304, #943 ) ),
 .UNSPECIFIED., .F., .F., .F.,
 ( 4, 1, 1, 1, 1, 1, 1, 1, 1, 1, 1, 1, 1, 1, 1, 1, 4 ),
 ( 2, 2 ),
 ( 0.000000000000000000, 0.08033134795247209858, 0.1603603037724145031, 0.2414045058051015047, 0.3250970307164425255, 0.3672076464439419929, 0.4088138825349335037, 0.4497877407508195091, 0.4908888529256529853, 0.5317569719763249880, 0.5725812567787199603, 0.6138905780211160179, 0.6558965400905569787, 0.7399368754321949959, 0.8243280078377839271, 0.9106878513628290372, 1.000000000000000000 ),
 ( 0.000000000000000000, 1.000000000000000000 ),
 .UNSPECIFIED. ) ;
#780 = FACE_OUTER_BOUND ( 'NONE', #3007, .T. ) ;
#781 = CARTESIAN_POINT ( 'NONE',  ( 14.79923620471473988, 23.56473831652319717, 166.2975371001930114 ) ) ;
#782 = CARTESIAN_POINT ( 'NONE',  ( 25.10291152683959837, 25.37159151898639919, 157.7514979166665228 ) ) ;
#783 = CARTESIAN_POINT ( 'NONE',  ( 26.15701940920324731, 25.13186580994259955, 169.9292000000000087 ) ) ;
#784 = DIRECTION ( 'NONE',  ( 0.000000000000000000, -0.8028453199249742100, -0.5961873801705012133 ) ) ;
#785 = ORIENTED_EDGE ( 'NONE', *, *, #3512, .T. ) ;
#786 = CARTESIAN_POINT ( 'NONE',  ( 18.84161175643480135, 29.88073861222270011, 166.3445000000000107 ) ) ;
#787 = CARTESIAN_POINT ( 'NONE',  ( 12.83433679535353988, 23.99595742317629998, 168.1692500000000052 ) ) ;
#788 = EDGE_LOOP ( 'NONE', ( #2933, #41, #2295, #3172 ) ) ;
#789 = CARTESIAN_POINT ( 'NONE',  ( 23.72039967854086484, 28.16626245584475541, 164.2576258212174594 ) ) ;
#790 = CARTESIAN_POINT ( 'NONE',  ( 12.97132528569092003, 23.16480510034109841, 165.2563361728699931 ) ) ;
#791 = CARTESIAN_POINT ( 'NONE',  ( 23.67519379337594998, 28.25234677013144946, 165.7147499999999809 ) ) ;
#792 = CARTESIAN_POINT ( 'NONE',  ( 20.32230247409575341, 17.55584417122535257, 163.2652291666665008 ) ) ;
#793 = CARTESIAN_POINT ( 'NONE',  ( 24.76814667389579938, 27.08291599956325157, 164.1823638888890287 ) ) ;
#794 = CARTESIAN_POINT ( 'NONE',  ( 25.97681557989520229, 25.45794279623439849, 169.0111943095979825 ) ) ;
#795 = VERTEX_POINT ( 'NONE', #2271 ) ;
#796 = CARTESIAN_POINT ( 'NONE',  ( 16.34614797608914927, 23.46965552876145011, 165.7852730537624950 ) ) ;
#797 = DIRECTION ( 'NONE',  ( -0.9949093705772956708, 0.000000000000000000, 0.1007737284091899249 ) ) ;
#798 = CARTESIAN_POINT ( 'NONE',  ( 25.09634623861684943, 26.54837483487689909, 163.6387954861110074 ) ) ;
#799 = CARTESIAN_POINT ( 'NONE',  ( 24.80946264299899795, 21.57895462517354801, 152.4712000000000103 ) ) ;
#800 = CARTESIAN_POINT ( 'NONE',  ( 12.20170980628476443, 24.79452811298816428, 164.3442479264438418 ) ) ;
#801 = CARTESIAN_POINT ( 'NONE',  ( 23.25783117274040279, 28.56652119450239624, 164.2831116364664865 ) ) ;
#802 = FACE_OUTER_BOUND ( 'NONE', #84, .T. ) ;
#803 = CARTESIAN_POINT ( 'NONE',  ( 23.14837311335443815, 28.70982103902965221, 166.2996153505053769 ) ) ;
#804 = CARTESIAN_POINT ( 'NONE',  ( 13.89026975509312045, 25.39078441598555003, 172.2074791666665021 ) ) ;
#805 = CARTESIAN_POINT ( 'NONE',  ( 13.50183843403575956, 22.16860503448840092, 170.1257166666665057 ) ) ;
#806 = EDGE_CURVE ( 'NONE', #1071, #5626, #3826, .T. ) ;
#807 = CARTESIAN_POINT ( 'NONE',  ( 15.63590368957060228, 23.54859255883709679, 168.8574936563815072 ) ) ;
#808 = CARTESIAN_POINT ( 'NONE',  ( 23.53535777178759858, 25.41827603307810080, 147.9640234039782172 ) ) ;
#809 = CARTESIAN_POINT ( 'NONE',  ( 12.61197217644869895, 25.40980594217930033, 165.7931543402779937 ) ) ;
#810 = CARTESIAN_POINT ( 'NONE',  ( 24.98734355288734932, 26.93827133293455134, 168.3846044625715024 ) ) ;
#811 = CARTESIAN_POINT ( 'NONE',  ( 12.33522249511942093, 20.77566927908575067, 162.4698416666664968 ) ) ;
#812 = CARTESIAN_POINT ( 'NONE',  ( 15.70448413104664986, 23.45058293669005067, 166.5499119660474889 ) ) ;
#813 = ORIENTED_EDGE ( 'NONE', *, *, #1534, .T. ) ;
#814 = CARTESIAN_POINT ( 'NONE',  ( 12.97183136865012010, 24.63464607563820152, 168.5293354166664983 ) ) ;
#815 = VERTEX_POINT ( 'NONE', #1372 ) ;
#816 = CARTESIAN_POINT ( 'NONE',  ( 13.36886465478711195, 27.02701273325306985, 165.3669439416805744 ) ) ;
#817 = CARTESIAN_POINT ( 'NONE',  ( 15.78914992337294976, 23.75737011166985013, 168.7489369669520158 ) ) ;
#818 = CARTESIAN_POINT ( 'NONE',  ( 24.49454584515299871, 27.46542631965380110, 164.9904104166665206 ) ) ;
#819 = CARTESIAN_POINT ( 'NONE',  ( 25.67577367099720220, 25.10973992213834904, 162.7134766493544760 ) ) ;
#820 = CARTESIAN_POINT ( 'NONE',  ( 21.50957820157664813, 29.17314884255214835, 169.4696585503470203 ) ) ;
#821 = CARTESIAN_POINT ( 'NONE',  ( 24.94794401953934937, 26.76874468858465050, 163.6460506918160149 ) ) ;
#822 = CARTESIAN_POINT ( 'NONE',  ( 25.13355955767199745, 26.63622159826500280, 164.8215166666664970 ) ) ;
#823 = ORIENTED_EDGE ( 'NONE', *, *, #1236, .T. ) ;
#824 = CARTESIAN_POINT ( 'NONE',  ( 14.74097336564635974, 26.83498871823809750, 173.3959579861110285 ) ) ;
#825 = CARTESIAN_POINT ( 'NONE',  ( 26.17095015761090693, 24.29580732808055643, 165.9606449805860962 ) ) ;
#826 = CARTESIAN_POINT ( 'NONE',  ( 15.64199342423670203, 23.61691234841220322, 165.8967214000915078 ) ) ;
#827 = CARTESIAN_POINT ( 'NONE',  ( 22.52596129706689965, 29.19576170801265036, 163.4378624999999943 ) ) ;
#828 = FACE_OUTER_BOUND ( 'NONE', #2012, .T. ) ;
#829 = CARTESIAN_POINT ( 'NONE',  ( 25.17819834718359928, 20.99928693549299652, 156.4190000000000111 ) ) ;
#830 = CARTESIAN_POINT ( 'NONE',  ( 11.93410714160004815, 25.12478817655207664, 162.5360967889896529 ) ) ;
#831 = CARTESIAN_POINT ( 'NONE',  ( 13.01399332761826066, 23.86449867255925028, 168.9418572916665084 ) ) ;
#832 = CARTESIAN_POINT ( 'NONE',  ( 15.92950613993604847, 23.60289014655129947, 165.0520137431104786 ) ) ;
#833 = CARTESIAN_POINT ( 'NONE',  ( 21.76865782682925143, 29.46120305546779861, 164.3861872631055121 ) ) ;
#834 = VERTEX_POINT ( 'NONE', #6173 ) ;
#835 = CARTESIAN_POINT ( 'NONE',  ( 23.94006452954925024, 24.49970962018445064, 148.3855981614131849 ) ) ;
#836 = CARTESIAN_POINT ( 'NONE',  ( 15.30625801035805011, 23.51088127515374993, 164.1598518499630188 ) ) ;
#837 = CARTESIAN_POINT ( 'NONE',  ( 13.45960166885972065, 25.37295001906774772, 170.0234250000000031 ) ) ;
#838 = CARTESIAN_POINT ( 'NONE',  ( 16.09926708463530076, 28.39791136694659812, 171.8889333333334832 ) ) ;
#839 = CARTESIAN_POINT ( 'NONE',  ( 13.38590671024719825, 22.05053505308499950, 169.4865074682560362 ) ) ;
#840 = CARTESIAN_POINT ( 'NONE',  ( 25.86104710384182681, 25.74372443891403250, 170.2794170391621549 ) ) ;
#841 = CARTESIAN_POINT ( 'NONE',  ( 15.90269309069739911, 23.55178485583759951, 163.9647122811774977 ) ) ;
#842 = CARTESIAN_POINT ( 'NONE',  ( 15.80573303631530102, 23.55825982941319907, 168.7578865962640009 ) ) ;
#843 = CARTESIAN_POINT ( 'NONE',  ( 12.25350728771289965, 23.43098492772105246, 165.0759160555234928 ) ) ;
#844 = EDGE_CURVE ( 'NONE', #3823, #2136, #333, .T. ) ;
#845 = CARTESIAN_POINT ( 'NONE',  ( 25.59664463338314988, 24.94532258634224675, 161.2784837488595144 ) ) ;
#846 = CARTESIAN_POINT ( 'NONE',  ( 15.33818732270694873, 23.40161960730919688, 166.1393071396429946 ) ) ;
#847 = CARTESIAN_POINT ( 'NONE',  ( 12.04426134452571873, 21.18881387641295078, 161.5645777863649926 ) ) ;
#848 = CARTESIAN_POINT ( 'NONE',  ( 20.06243765955675329, 24.70270733694955112, 163.9847115534089994 ) ) ;
#849 = EDGE_LOOP ( 'NONE', ( #4082, #299, #4980, #3938 ) ) ;
#850 = CARTESIAN_POINT ( 'NONE',  ( 12.36972876262412058, 25.03479361534690284, 165.0375181423609945 ) ) ;
#851 = VERTEX_POINT ( 'NONE', #1340 ) ;
#852 = CARTESIAN_POINT ( 'NONE',  ( 14.58821457478233263, 28.41256673138373756, 165.1694702292062971 ) ) ;
#853 = CARTESIAN_POINT ( 'NONE',  ( 13.73230379740092033, 23.19401476029835152, 164.4961427916335026 ) ) ;
#854 = EDGE_CURVE ( 'NONE', #1415, #1071, #351, .T. ) ;
#855 = CARTESIAN_POINT ( 'NONE',  ( 23.12644502160669902, 28.72369263504440084, 165.1027499999999861 ) ) ;
#856 = CARTESIAN_POINT ( 'NONE',  ( 19.58113894804250066, 17.53768945968539938, 163.6133624999999938 ) ) ;
#857 = CARTESIAN_POINT ( 'NONE',  ( 24.90326981102879955, 26.96013479418909853, 164.8329166666665060 ) ) ;
#858 = CARTESIAN_POINT ( 'NONE',  ( 25.34122538066194963, 26.40664468121889996, 165.6019124999999974 ) ) ;
#859 = ORIENTED_EDGE ( 'NONE', *, *, #4892, .F. ) ;
#860 = CARTESIAN_POINT ( 'NONE',  ( 14.47928981768576051, 26.39886070595605005, 173.4401641699114691 ) ) ;
#861 = CARTESIAN_POINT ( 'NONE',  ( 20.40729237668885077, 29.86402221082814989, 166.0123749882694995 ) ) ;
#862 = CARTESIAN_POINT ( 'NONE',  ( 13.98802301413515892, 25.20929307981255008, 172.9984778813154946 ) ) ;
#863 = CARTESIAN_POINT ( 'NONE',  ( 22.53393018583905061, 29.18162779815295238, 163.8356239583335139 ) ) ;
#864 = CARTESIAN_POINT ( 'NONE',  ( 24.67388950011345017, 20.15628694334190030, 154.9523999999999830 ) ) ;
#865 = CARTESIAN_POINT ( 'NONE',  ( 12.18667274698800007, 24.99565467635481042, 164.0861884169039797 ) ) ;
#866 = CARTESIAN_POINT ( 'NONE',  ( 22.39079262306384877, 29.15698845809030004, 164.3394118517020104 ) ) ;
#867 = ORIENTED_EDGE ( 'NONE', *, *, #4129, .T. ) ;
#868 = CARTESIAN_POINT ( 'NONE',  ( 24.10623059094119824, 24.48283559178665314, 149.3175916666665728 ) ) ;
#869 = CARTESIAN_POINT ( 'NONE',  ( 21.45811629836651235, 29.57955104638517341, 164.4113239138898734 ) ) ;
#870 = VECTOR ( 'NONE', #279, 1000.000000000000227 ) ;
#871 = CARTESIAN_POINT ( 'NONE',  ( 15.51512849906619884, 27.90079178535195226, 171.9613999999999976 ) ) ;
#872 = CARTESIAN_POINT ( 'NONE',  ( 26.01989525094897715, 25.42755153573693505, 170.4052644982162974 ) ) ;
#873 = LINE ( 'NONE', #2923, #5958 ) ;
#874 = CARTESIAN_POINT ( 'NONE',  ( 25.92916569386949988, 21.43213898365785042, 170.1529749999999979 ) ) ;
#875 = AXIS2_PLACEMENT_3D ( 'NONE', #590, #2576, #3449 ) ;
#876 = DIRECTION ( 'NONE',  ( 0.08291556471173457121, -0.9955514112831514995, 0.04474814656116293810 ) ) ;
#877 = VECTOR ( 'NONE', #2364, 1000.000000000000000 ) ;
#878 = CARTESIAN_POINT ( 'NONE',  ( 25.25635632138479991, 24.71800219804219978, 156.9794375000000173 ) ) ;
#879 = CARTESIAN_POINT ( 'NONE',  ( 24.95028732414975181, 26.96915180652595012, 168.7372914573680021 ) ) ;
#880 = CARTESIAN_POINT ( 'NONE',  ( 12.13763756845176012, 26.35926717693995158, 161.9095000000000084 ) ) ;
#881 = CARTESIAN_POINT ( 'NONE',  ( 15.64819030445974768, 23.44465704479095081, 166.5223824320505059 ) ) ;
#882 = VERTEX_POINT ( 'NONE', #1244 ) ;
#883 = CARTESIAN_POINT ( 'NONE',  ( 12.89036060903919889, 25.51927068521339947, 167.0057007845044836 ) ) ;
#884 = CARTESIAN_POINT ( 'NONE',  ( 15.85035561212729682, 23.70441619517394827, 167.4574141891745001 ) ) ;
#885 = VERTEX_POINT ( 'NONE', #265 ) ;
#886 = CARTESIAN_POINT ( 'NONE',  ( 15.80195556990205219, 23.57338113670304836, 164.6318441874705059 ) ) ;
#887 = CARTESIAN_POINT ( 'NONE',  ( 13.55970254502210004, 23.19559593019254962, 164.8511399803750237 ) ) ;
#888 = CARTESIAN_POINT ( 'NONE',  ( 13.41136426613876331, 23.44058174950770024, 170.5764168915710854 ) ) ;
#889 = CARTESIAN_POINT ( 'NONE',  ( 24.78516671166254781, 20.26001451279935139, 162.5575874999999826 ) ) ;
#890 = CARTESIAN_POINT ( 'NONE',  ( 25.27944920923910033, 26.41420724034820111, 164.8153499999999951 ) ) ;
#891 = VERTEX_POINT ( 'NONE', #4253 ) ;
#892 = CARTESIAN_POINT ( 'NONE',  ( 20.42933127344509714, 24.89607694980275099, 167.6069442545779964 ) ) ;
#893 = CARTESIAN_POINT ( 'NONE',  ( 16.20099560711190279, 23.66824667484155142, 166.0030046726135140 ) ) ;
#894 = EDGE_CURVE ( 'NONE', #2264, #1950, #1382, .T. ) ;
#895 = CARTESIAN_POINT ( 'NONE',  ( 15.52727835654419941, 23.61206895554910190, 166.0015261435015077 ) ) ;
#896 = CARTESIAN_POINT ( 'NONE',  ( 24.57761769117225015, 27.12979569447670158, 162.0824729166664895 ) ) ;
#897 = EDGE_CURVE ( 'NONE', #139, #2029, #2367, .T. ) ;
#898 = CARTESIAN_POINT ( 'NONE',  ( 26.31381178197385040, 24.50759075454465119, 170.4076635087554905 ) ) ;
#899 = CARTESIAN_POINT ( 'NONE',  ( 25.52353938594949767, 21.53288336560224892, 161.8724875000000054 ) ) ;
#900 = CARTESIAN_POINT ( 'NONE',  ( 12.10254185419262996, 25.24714272381664060, 163.3639422620300650 ) ) ;
#901 = CARTESIAN_POINT ( 'NONE',  ( 14.84931219757129917, 23.26681393929534991, 164.0460223186070152 ) ) ;
#902 = CARTESIAN_POINT ( 'NONE',  ( 24.28425162869305254, 27.61673402555200241, 164.2298496985360146 ) ) ;
#903 = ORIENTED_EDGE ( 'NONE', *, *, #1353, .F. ) ;
#904 = CARTESIAN_POINT ( 'NONE',  ( 24.79649254813350012, 24.94842920409945108, 153.8592666666664854 ) ) ;
#905 = CARTESIAN_POINT ( 'NONE',  ( 21.78206682147596140, 29.45457603317618478, 164.3851828522752783 ) ) ;
#906 = CARTESIAN_POINT ( 'NONE',  ( 26.19426185246405225, 22.63396285237595151, 166.4838999999999771 ) ) ;
#907 = CARTESIAN_POINT ( 'NONE',  ( 14.34327594374854087, 23.40378167282895205, 163.5614592808865098 ) ) ;
#908 = CARTESIAN_POINT ( 'NONE',  ( 24.01934258341259820, 23.97873322037450095, 148.1444067191810063 ) ) ;
#909 = CARTESIAN_POINT ( 'NONE',  ( 25.52899228204528015, 25.60114677624170554, 163.1556171659334211 ) ) ;
#910 = CARTESIAN_POINT ( 'NONE',  ( 25.94817646726539806, 25.57811281067438358, 170.3551558865636082 ) ) ;
#911 = CARTESIAN_POINT ( 'NONE',  ( 25.68869311736915151, 25.83772884066245012, 165.6923653396505074 ) ) ;
#912 = CARTESIAN_POINT ( 'NONE',  ( 25.19831286791085034, 20.41479468161595179, 171.7519945812085211 ) ) ;
#913 = CARTESIAN_POINT ( 'NONE',  ( 12.98945413358473999, 23.15806746671394833, 165.0728464652979994 ) ) ;
#914 = CARTESIAN_POINT ( 'NONE',  ( 13.92132918623456028, 23.55815891584065369, 167.7778671173520024 ) ) ;
#915 = CARTESIAN_POINT ( 'NONE',  ( 25.52344774725775167, 25.15886203697500179, 161.2757717775614879 ) ) ;
#916 = CARTESIAN_POINT ( 'NONE',  ( 24.48064831073940084, 27.41238247895620006, 163.6712456163194815 ) ) ;
#917 = CARTESIAN_POINT ( 'NONE',  ( 13.78241138129897969, 25.83599024265144806, 170.7585395833335156 ) ) ;
#918 = ORIENTED_EDGE ( 'NONE', *, *, #762, .F. ) ;
#919 = CARTESIAN_POINT ( 'NONE',  ( 18.45939675616304854, 29.96238064575545224, 165.0300841091334973 ) ) ;
#920 = ORIENTED_EDGE ( 'NONE', *, *, #1277, .F. ) ;
#921 = CARTESIAN_POINT ( 'NONE',  ( 13.79001920421729999, 23.19582198000714968, 164.4294064986995068 ) ) ;
#922 = CARTESIAN_POINT ( 'NONE',  ( 20.35196761771049978, 17.67268268432444955, 163.7666624999999954 ) ) ;
#923 = CARTESIAN_POINT ( 'NONE',  ( 25.30985184869840054, 26.58267158227969773, 170.3364711258950024 ) ) ;
#924 = CARTESIAN_POINT ( 'NONE',  ( 25.51896444666214236, 26.25848921286587156, 167.6917631360308292 ) ) ;
#925 = ORIENTED_EDGE ( 'NONE', *, *, #5671, .T. ) ;
#926 = CARTESIAN_POINT ( 'NONE',  ( 15.12689486147860052, 27.33724173047935224, 173.2038208333334808 ) ) ;
#927 = CARTESIAN_POINT ( 'NONE',  ( 16.32956486314679978, 23.66876581101810118, 165.7763234244499984 ) ) ;
#928 = CARTESIAN_POINT ( 'NONE',  ( 12.54541767265011920, 25.15628149827805160, 165.8044000868054866 ) ) ;
#929 = CARTESIAN_POINT ( 'NONE',  ( 22.46334201102500217, 29.21413319537010267, 162.3796784722219968 ) ) ;
#930 = CARTESIAN_POINT ( 'NONE',  ( 11.93462910888321993, 23.99025729983020128, 163.1206999999999994 ) ) ;
#931 = CARTESIAN_POINT ( 'NONE',  ( 26.03136932501989875, 25.33601353503584974, 169.0115994791665059 ) ) ;
#932 = CARTESIAN_POINT ( 'NONE',  ( 24.55061090706509574, 27.37680206051054910, 168.7990149945889868 ) ) ;
#933 = EDGE_CURVE ( 'NONE', #4192, #2975, #6316, .T. ) ;
#934 = CARTESIAN_POINT ( 'NONE',  ( 24.94370413600344705, 20.29939229704879722, 157.2855999999999881 ) ) ;
#935 = CARTESIAN_POINT ( 'NONE',  ( 14.60993394078454166, 28.11361030935140448, 166.8391833333334944 ) ) ;
#936 = CARTESIAN_POINT ( 'NONE',  ( 12.51336967477222117, 24.82773429587044944, 166.0742696419100071 ) ) ;
#937 = B_SPLINE_CURVE_WITH_KNOTS ( 'NONE', 3,
 ( #4656, #3677, #613, #154 ),
 .UNSPECIFIED., .F., .F.,
 ( 4, 4 ),
 ( 0.000000000000000000, 1.000000000000000000 ),
 .UNSPECIFIED. ) ;
#938 = ORIENTED_EDGE ( 'NONE', *, *, #3520, .T. ) ;
#939 = CARTESIAN_POINT ( 'NONE',  ( 23.99643685885475008, 24.54790546401915208, 148.7849057187199833 ) ) ;
#940 = CARTESIAN_POINT ( 'NONE',  ( 25.09716849795774962, 26.13873553827439977, 161.2752083935814937 ) ) ;
#941 = ADVANCED_FACE ( 'NONE', ( #4224 ), #4239, .T. ) ;
#942 = CARTESIAN_POINT ( 'NONE',  ( 25.62383373002357700, 25.40139502075103906, 163.2802372053614590 ) ) ;
#943 = CARTESIAN_POINT ( 'NONE',  ( 14.52209002426733875, 23.21730659420429888, 163.5509113991354866 ) ) ;
#944 = CARTESIAN_POINT ( 'NONE',  ( 25.64764058760109933, 20.96481215607245119, 169.5490208333335147 ) ) ;
#945 = CARTESIAN_POINT ( 'NONE',  ( 13.09988155126321985, 23.34535216650565204, 164.5654599867074808 ) ) ;
#946 = B_SPLINE_CURVE_WITH_KNOTS ( 'NONE', 3,
 ( #3516, #2043, #4607, #5120, #681, #5983, #6011, #1535, #5493, #1564, #3544, #5239, #315, #4267, #4631, #4174, #717, #6156, #2289 ),
 .UNSPECIFIED., .F., .F.,
 ( 4, 1, 1, 1, 1, 1, 1, 1, 1, 1, 1, 1, 1, 1, 1, 1, 4 ),
 ( 0.000000000000000000, 0.07011897031377530010, 0.1396727653236596034, 0.2098490443790640148, 0.2823746246323365350, 0.3554290581924799963, 0.4270435639565355324, 0.4986631727102079914, 0.5717759464810080461, 0.6110907886149120616, 0.6537407794093970104, 0.7007676540249340169, 0.7515028917522380558, 0.8073058684848890554, 0.8670559117062129895, 0.9314304814724609916, 1.000000000000000000 ),
 .UNSPECIFIED. ) ;
#947 = CARTESIAN_POINT ( 'NONE',  ( 17.25378012161344898, 23.51718033035870192, 165.1608125846034909 ) ) ;
#948 = CARTESIAN_POINT ( 'NONE',  ( 25.23866748266430093, 25.00450330730655324, 157.7556333333334919 ) ) ;
#949 = CARTESIAN_POINT ( 'NONE',  ( 13.41800935884159784, 25.73867554431420146, 169.2319666666665228 ) ) ;
#950 = CARTESIAN_POINT ( 'NONE',  ( 12.62900376397715085, 23.21613518082716254, 167.0326223984093588 ) ) ;
#951 = ORIENTED_EDGE ( 'NONE', *, *, #5880, .T. ) ;
#952 = CARTESIAN_POINT ( 'NONE',  ( 12.97530433581989939, 25.76208868992685197, 166.9841342698969981 ) ) ;
#953 = CARTESIAN_POINT ( 'NONE',  ( 13.06217266312361858, 21.36939557927135169, 167.0347000000000151 ) ) ;
#954 = ORIENTED_EDGE ( 'NONE', *, *, #4248, .T. ) ;
#955 = CARTESIAN_POINT ( 'NONE',  ( 15.61932057662824924, 23.74770284109370166, 168.8485440270690106 ) ) ;
#956 = CARTESIAN_POINT ( 'NONE',  ( 18.32708721672049634, 29.48497215726770193, 169.4066499999999849 ) ) ;
#957 = CARTESIAN_POINT ( 'NONE',  ( 13.66758983751921974, 23.39260966722704893, 164.5649106542454945 ) ) ;
#958 = CARTESIAN_POINT ( 'NONE',  ( 24.96131453094870167, 26.98043599155329986, 167.2010833333334858 ) ) ;
#959 = CARTESIAN_POINT ( 'NONE',  ( 25.31408188026705020, 25.58311368488729798, 160.7493666666665035 ) ) ;
#960 = CARTESIAN_POINT ( 'NONE',  ( 25.70812646655359757, 25.30682229390270166, 163.7613024305555030 ) ) ;
#961 = ORIENTED_EDGE ( 'NONE', *, *, #470, .F. ) ;
#962 = CARTESIAN_POINT ( 'NONE',  ( 24.76508754165289972, 20.18678772602945060, 165.1952958333335175 ) ) ;
#963 = CARTESIAN_POINT ( 'NONE',  ( 14.58019088300147992, 23.24484019548610192, 164.0558183469734956 ) ) ;
#964 = CARTESIAN_POINT ( 'NONE',  ( 12.09911124712148123, 24.78518850830084830, 163.8865999999999872 ) ) ;
#965 = CARTESIAN_POINT ( 'NONE',  ( 25.64121459082979726, 25.27709820109335226, 162.9762348841800019 ) ) ;
#966 = CARTESIAN_POINT ( 'NONE',  ( 24.92084199388910193, 26.82770180185119813, 164.2074916418650048 ) ) ;
#967 = CARTESIAN_POINT ( 'NONE',  ( 12.21264932269228964, 24.39996519136703768, 164.6645679530325594 ) ) ;
#968 = CARTESIAN_POINT ( 'NONE',  ( 22.29344799099379770, 18.68175758311090107, 148.8422515624999960 ) ) ;
#969 = CARTESIAN_POINT ( 'NONE',  ( 13.46678008525632109, 25.85556414556980087, 169.2230562500000133 ) ) ;
#970 = CARTESIAN_POINT ( 'NONE',  ( 14.62628365463156044, 23.24851312165489858, 164.0521260966640114 ) ) ;
#971 = ORIENTED_EDGE ( 'NONE', *, *, #3696, .T. ) ;
#972 = CARTESIAN_POINT ( 'NONE',  ( 25.45432092581680195, 25.24246146181599926, 160.7506944444445196 ) ) ;
#973 = CARTESIAN_POINT ( 'NONE',  ( 24.89274061291555284, 25.98547285481910052, 158.5336291666664863 ) ) ;
#974 = CARTESIAN_POINT ( 'NONE',  ( 16.43567225805825061, 23.64126321610464743, 164.9678385031870107 ) ) ;
#975 = B_SPLINE_CURVE_WITH_KNOTS ( 'NONE', 3,
 ( #6159, #6188, #2880, #3231 ),
 .UNSPECIFIED., .F., .F.,
 ( 4, 4 ),
 ( 1.936995682212374813E-16, 5.103312759017280626E-05 ),
 .UNSPECIFIED. ) ;
#976 = CARTESIAN_POINT ( 'NONE',  ( 25.50593997543019853, 24.29186663082530018, 158.5541000000000054 ) ) ;
#977 = CARTESIAN_POINT ( 'NONE',  ( 25.44785768877903820, 25.75822113486253784, 163.0270152688007386 ) ) ;
#978 = CARTESIAN_POINT ( 'NONE',  ( 24.71539516463359831, 27.23671220411720029, 165.7162666013944943 ) ) ;
#979 = FACE_OUTER_BOUND ( 'NONE', #6262, .T. ) ;
#980 = CARTESIAN_POINT ( 'NONE',  ( 25.28230156471230217, 20.45316918208405355, 169.6209213541665122 ) ) ;
#981 = CARTESIAN_POINT ( 'NONE',  ( 25.72987791107575006, 25.14785550483524901, 163.3868963540804771 ) ) ;
#982 = EDGE_CURVE ( 'NONE', #630, #3413, #1633, .T. ) ;
#983 = VECTOR ( 'NONE', #3475, 1000.000000000000000 ) ;
#984 = CARTESIAN_POINT ( 'NONE',  ( 25.29892972826685238, 25.03839750263794883, 158.5370999999999810 ) ) ;
#985 = CARTESIAN_POINT ( 'NONE',  ( 24.82461584015285183, 27.12913008000925075, 167.8672131944445027 ) ) ;
#986 = CARTESIAN_POINT ( 'NONE',  ( 12.50455470590745577, 23.17648249992315002, 166.3810307516449711 ) ) ;
#987 = VERTEX_POINT ( 'NONE', #6416 ) ;
#988 = CARTESIAN_POINT ( 'NONE',  ( 12.56522279852841883, 22.45209942477980292, 166.2588000000000079 ) ) ;
#989 = CARTESIAN_POINT ( 'NONE',  ( 24.83875706470410094, 26.23332902967635150, 159.3185625000000130 ) ) ;
#990 = CARTESIAN_POINT ( 'NONE',  ( 16.27007731371704935, 23.40186213835665185, 164.4179680754224933 ) ) ;
#991 = AXIS2_PLACEMENT_3D ( 'NONE', #759, #1674, #797 ) ;
#992 = CARTESIAN_POINT ( 'NONE',  ( 25.98239467647049850, 23.85098279427144519, 162.8784888888889952 ) ) ;
#993 = CARTESIAN_POINT ( 'NONE',  ( 14.57100242480709795, 23.56951051667850194, 166.8266116019599963 ) ) ;
#994 = CARTESIAN_POINT ( 'NONE',  ( 20.14844310025834773, 29.67302256740374844, 167.6457000000000050 ) ) ;
#995 = VECTOR ( 'NONE', #3143, 1000.000000000000114 ) ;
#996 = CARTESIAN_POINT ( 'NONE',  ( 24.99153275528285079, 26.91545782417639998, 169.2994010837184931 ) ) ;
#997 = CARTESIAN_POINT ( 'NONE',  ( 24.93329557281165165, 27.06310737512470155, 166.2067300237609970 ) ) ;
#998 = ORIENTED_EDGE ( 'NONE', *, *, #3947, .F. ) ;
#999 = CARTESIAN_POINT ( 'NONE',  ( 26.13707538467109970, 24.01519971178504775, 164.8377666666664823 ) ) ;
#1000 = CARTESIAN_POINT ( 'NONE',  ( 16.43040772354180135, 23.46600960057055119, 165.5480307473379753 ) ) ;
#1001 = CARTESIAN_POINT ( 'NONE',  ( 12.62719289197612049, 20.43950364372879847, 163.1078604166665116 ) ) ;
#1002 = CARTESIAN_POINT ( 'NONE',  ( 25.72987791107575006, 25.14785550483524901, 163.3868963540804771 ) ) ;
#1003 = B_SPLINE_SURFACE_WITH_KNOTS ( 'NONE', 3, 3, ( 
 ( #3270, #4213, #1745, #3820, #3335, #5674, #3716, #5244, #810, #356, #2330 ),
 ( #4309, #5701, #6299, #1260, #1232, #1846, #3235, #5800, #319, #5311, #879 ),
 ( #3206, #5180, #1426, #4894, #1947, #5489, #5419, #985, #498, #2506, #3959 ),
 ( #916, #2444, #1531, #6401, #5835, #5872, #3922, #1051, #2891, #1459, #3444 ) ),
 .UNSPECIFIED., .F., .F., .F.,
 ( 4, 4 ),
 ( 4, 1, 1, 1, 1, 1, 1, 1, 4 ),
 ( 0.000000000000000000, 1.000000000000000000 ),
 ( 0.000000000000000000, 1.000000000000000000, 3.000000000000000000, 5.000000000000000000, 7.000000000000000000, 9.000000000000000000, 11.00000000000000000, 12.00000000000000000, 13.00000000000000000 ),
 .UNSPECIFIED. ) ;
#1004 = CARTESIAN_POINT ( 'NONE',  ( 24.61358095238325205, 19.65768175978414689, 158.1599999999999966 ) ) ;
#1005 = CARTESIAN_POINT ( 'NONE',  ( 17.43199743625759623, 29.57563184400689593, 167.1557166666665069 ) ) ;
#1006 = EDGE_LOOP ( 'NONE', ( #129, #4649, #5022, #4334 ) ) ;
#1007 = B_SPLINE_CURVE_WITH_KNOTS ( 'NONE', 3,
 ( #1955, #5918, #5392, #2513, #5502, #1060, #3451, #957, #3036, #4943, #4392 ),
 .UNSPECIFIED., .F., .F.,
 ( 4, 1, 1, 1, 1, 1, 1, 1, 4 ),
 ( 0.000000000000000000, 0.1519205415111284929, 0.2950382490915224865, 0.4297143724518650010, 0.5568109173366390108, 0.6759917724890560642, 0.7895108388527970478, 0.8974507769928310452, 1.000000000000000000 ),
 .UNSPECIFIED. ) ;
#1008 = DIRECTION ( 'NONE',  ( 0.9914626728336710659, 0.07787427352598338959, -0.1045818621956666056 ) ) ;
#1009 = B_SPLINE_SURFACE_WITH_KNOTS ( 'NONE', 3, 1, ( 
 ( #5526, #15 ),
 ( #1083, #44 ),
 ( #3963, #1057 ),
 ( #5949, #532 ),
 ( #4024, #4973 ),
 ( #1503, #3065 ),
 ( #5038, #2015 ) ),
 .UNSPECIFIED., .F., .F., .F.,
 ( 4, 1, 1, 1, 4 ),
 ( 2, 2 ),
 ( 0.000000000000000000, 0.2577648264557724778, 0.5079395883340290796, 0.7542507076510069908, 1.000000000000000000 ),
 ( 0.000000000000000000, 1.000000000000000000 ),
 .UNSPECIFIED. ) ;
#1010 = CARTESIAN_POINT ( 'NONE',  ( 24.21160421826245113, 25.72929327637819696, 152.3037499999999795 ) ) ;
#1011 = CARTESIAN_POINT ( 'NONE',  ( 25.57215600284739665, 23.90894047252179888, 158.5679500000000246 ) ) ;
#1012 = CARTESIAN_POINT ( 'NONE',  ( 19.06164597643147829, 29.96072267752616369, 164.6337123446448345 ) ) ;
#1013 = CARTESIAN_POINT ( 'NONE',  ( 25.32068666344997965, 26.53588881825239199, 169.3257488982066548 ) ) ;
#1014 = CARTESIAN_POINT ( 'NONE',  ( 24.99481124974575152, 26.72058120571355033, 164.2057178796735002 ) ) ;
#1015 = LINE ( 'NONE', #5028, #3985 ) ;
#1016 = DIRECTION ( 'NONE',  ( -0.9914626728336710659, -0.07787427352598338959, 0.1045818621956666056 ) ) ;
#1017 = EDGE_CURVE ( 'NONE', #2334, #5003, #5215, .T. ) ;
#1018 = CARTESIAN_POINT ( 'NONE',  ( 16.21757872005424872, 23.46913639258490036, 166.0119543019254706 ) ) ;
#1019 = CARTESIAN_POINT ( 'NONE',  ( 12.96258119670889997, 25.76491835756964832, 166.9270750000000021 ) ) ;
#1020 = EDGE_LOOP ( 'NONE', ( #4662, #1448, #169, #404 ) ) ;
#1021 = CARTESIAN_POINT ( 'NONE',  ( 22.74020547719645080, 29.00016931293000155, 164.8156583747140189 ) ) ;
#1022 = B_SPLINE_CURVE_WITH_KNOTS ( 'NONE', 3,
 ( #211, #5632, #3195, #1192, #3169, #5143 ),
 .UNSPECIFIED., .F., .F.,
 ( 4, 1, 1, 4 ),
 ( 0.07922099962270148787, 0.1250000000013772039, 0.3750000000041314729, 0.3993304198527214410 ),
 .UNSPECIFIED. ) ;
#1023 = CARTESIAN_POINT ( 'NONE',  ( 24.19950617860799724, 27.07653117258719888, 158.5578375000000051 ) ) ;
#1024 = DIRECTION ( 'NONE',  ( 0.1006318910984311671, 0.05303758115645620941, 0.9935090525400490646 ) ) ;
#1025 = ADVANCED_FACE ( 'NONE', ( #3940 ), #5170, .T. ) ;
#1026 = CARTESIAN_POINT ( 'NONE',  ( 25.17183892202920248, 26.75328534846494932, 166.1991076901365147 ) ) ;
#1027 = CARTESIAN_POINT ( 'NONE',  ( 13.15477812646403954, 25.13339650415359827, 168.8871392795024917 ) ) ;
#1028 = CARTESIAN_POINT ( 'NONE',  ( 20.35155727822269967, 29.46057226529930162, 169.5892445312500172 ) ) ;
#1029 = CARTESIAN_POINT ( 'NONE',  ( 25.11187446281600089, 26.79791766070989922, 169.9531636416735125 ) ) ;
#1030 = CARTESIAN_POINT ( 'NONE',  ( 25.45423272951854088, 26.36020961660438999, 167.8527519107137493 ) ) ;
#1031 = ORIENTED_EDGE ( 'NONE', *, *, #6280, .F. ) ;
#1032 = CARTESIAN_POINT ( 'NONE',  ( 26.07865866803969723, 23.96845712180535060, 164.0528166666665300 ) ) ;
#1033 = CARTESIAN_POINT ( 'NONE',  ( 25.19281601232329848, 20.38412655271509877, 168.3088791666665145 ) ) ;
#1034 = DIRECTION ( 'NONE',  ( 0.1006318910984300152, 0.05303758115645531429, 0.9935090525400490646 ) ) ;
#1035 = CARTESIAN_POINT ( 'NONE',  ( 23.30985429815325105, 28.32599765115514856, 169.1615041666665036 ) ) ;
#1036 = CARTESIAN_POINT ( 'NONE',  ( 24.07933893145210291, 19.42435898270930039, 162.1663479166664956 ) ) ;
#1037 = CARTESIAN_POINT ( 'NONE',  ( 18.66722342541445201, 29.79007407973684707, 167.0188250000000210 ) ) ;
#1038 = ORIENTED_EDGE ( 'NONE', *, *, #5416, .T. ) ;
#1039 = CARTESIAN_POINT ( 'NONE',  ( 25.36196376699259858, 25.46974679384749862, 160.7496506944444832 ) ) ;
#1040 = CARTESIAN_POINT ( 'NONE',  ( 23.97287527545640273, 25.61881241284509869, 150.7477166666664914 ) ) ;
#1041 = CARTESIAN_POINT ( 'NONE',  ( 25.45494715084345216, 23.81373728186139971, 157.0080000000000098 ) ) ;
#1042 = CARTESIAN_POINT ( 'NONE',  ( 24.39601364810649997, 27.58982138023520037, 165.7297661355665070 ) ) ;
#1043 = DIRECTION ( 'NONE',  ( -0.4749331273209911330, 0.000000000000000000, 0.8800218886897661630 ) ) ;
#1044 = CARTESIAN_POINT ( 'NONE',  ( 13.92132918623456028, 23.55815891584065369, 167.7778671173520024 ) ) ;
#1045 = CARTESIAN_POINT ( 'NONE',  ( 26.03174771667399767, 25.34239583700750131, 169.1428085069445046 ) ) ;
#1046 = CARTESIAN_POINT ( 'NONE',  ( 15.90321747270795072, 23.39036144111669913, 164.8418706720009936 ) ) ;
#1047 = B_SPLINE_CURVE_WITH_KNOTS ( 'NONE', 3,
 ( #5633, #1588, #3539, #5547, #3624, #4569, #5144, #3140, #1107, #2038, #2658, #3170, #4016, #5030, #181, #3596 ),
 .UNSPECIFIED., .F., .F.,
 ( 4, 2, 2, 2, 2, 2, 2, 4 ),
 ( 0.000000000000000000, 0.2500000000000000000, 0.3750000000000000000, 0.5000000000000000000, 0.6250000000000000000, 0.7500000000000000000, 0.8750000000000000000, 1.000000000000000000 ),
 .UNSPECIFIED. ) ;
#1048 = CARTESIAN_POINT ( 'NONE',  ( 21.35694583325784990, 29.40081930572334912, 167.5205375000000174 ) ) ;
#1049 = CARTESIAN_POINT ( 'NONE',  ( 25.64121459082979726, 25.27709820109335226, 162.9762348841800019 ) ) ;
#1050 = CARTESIAN_POINT ( 'NONE',  ( 14.64600076713573884, 23.37506328262649902, 166.8310643408585179 ) ) ;
#1051 = CARTESIAN_POINT ( 'NONE',  ( 24.73797148458615069, 27.21533379480274917, 167.8724642361110000 ) ) ;
#1052 = CARTESIAN_POINT ( 'NONE',  ( 13.62444314355871811, 25.84686011060374966, 169.9904875000000004 ) ) ;
#1053 = VERTEX_POINT ( 'NONE', #5066 ) ;
#1054 = CARTESIAN_POINT ( 'NONE',  ( 25.92520571078490121, 25.28308640361100146, 166.0335668066010157 ) ) ;
#1055 = CARTESIAN_POINT ( 'NONE',  ( 12.49988762293824074, 21.79305422389279911, 165.0867086805554891 ) ) ;
#1056 = CARTESIAN_POINT ( 'NONE',  ( 24.48742465673049651, 27.12422914811774888, 161.2997750000000110 ) ) ;
#1057 = CARTESIAN_POINT ( 'NONE',  ( 15.81928250334119923, 23.45449178560365056, 166.4241612423449794 ) ) ;
#1058 = EDGE_CURVE ( 'NONE', #5301, #4641, #2607, .T. ) ;
#1059 = CARTESIAN_POINT ( 'NONE',  ( 15.90824956351595176, 28.41859898973220311, 170.4670000000000130 ) ) ;
#1060 = CARTESIAN_POINT ( 'NONE',  ( 13.58083672116386076, 23.39333478257120191, 164.7417911251829992 ) ) ;
#1061 = CARTESIAN_POINT ( 'NONE',  ( 13.18142789639786017, 25.13267679877774796, 169.0152148437275059 ) ) ;
#1062 = B_SPLINE_SURFACE_WITH_KNOTS ( 'NONE', 3, 1, ( 
 ( #2620, #2588 ),
 ( #4591, #4559 ),
 ( #148, #667 ),
 ( #3614, #1579 ) ),
 .UNSPECIFIED., .F., .F., .F.,
 ( 4, 4 ),
 ( 2, 2 ),
 ( 0.000000000000000000, 1.000000000000000000 ),
 ( 0.000000000000000000, 1.000000000000000000 ),
 .UNSPECIFIED. ) ;
#1063 = CARTESIAN_POINT ( 'NONE',  ( 20.42943192231109961, 23.85687831324944952, 166.8340851030945089 ) ) ;
#1064 = ORIENTED_EDGE ( 'NONE', *, *, #897, .T. ) ;
#1065 = CARTESIAN_POINT ( 'NONE',  ( 26.16753170935269779, 23.34247124290445186, 164.8676000000000101 ) ) ;
#1066 = CARTESIAN_POINT ( 'NONE',  ( 12.51955479575829955, 26.32479336098534972, 163.8327999999999918 ) ) ;
#1067 = EDGE_CURVE ( 'NONE', #1273, #1214, #1892, .T. ) ;
#1068 = CARTESIAN_POINT ( 'NONE',  ( 12.21258054978124896, 24.40429798452093024, 164.6619736449991649 ) ) ;
#1069 = CARTESIAN_POINT ( 'NONE',  ( 23.99960311056979734, 19.40305807714245034, 153.5111999999999739 ) ) ;
#1070 = CARTESIAN_POINT ( 'NONE',  ( 18.62060192873260078, 29.59133882668874804, 168.5900624999999877 ) ) ;
#1071 = VERTEX_POINT ( 'NONE', #5853 ) ;
#1072 = CARTESIAN_POINT ( 'NONE',  ( 25.29702624760669849, 25.45443962055324860, 160.0975395833335142 ) ) ;
#1073 = CARTESIAN_POINT ( 'NONE',  ( 25.74717110304569800, 24.68094702459210055, 162.0602709434594999 ) ) ;
#1074 = CARTESIAN_POINT ( 'NONE',  ( 26.06459977818499851, 24.21824315566293251, 164.4320672672174908 ) ) ;
#1075 = CARTESIAN_POINT ( 'NONE',  ( 16.44607559304495226, 23.64539805645415171, 165.0405531964219961 ) ) ;
#1076 = CARTESIAN_POINT ( 'NONE',  ( 14.58758553774946165, 23.37040023442185088, 166.8355612312720098 ) ) ;
#1077 = CARTESIAN_POINT ( 'NONE',  ( 24.89167023646215071, 26.96298781303605097, 164.7064909867085021 ) ) ;
#1078 = CARTESIAN_POINT ( 'NONE',  ( 18.64876149415269779, 29.89468262822505196, 166.0732929963245113 ) ) ;
#1079 = DIRECTION ( 'NONE',  ( -0.08291556471174019172, 0.9955514112831505003, -0.04474814656117561545 ) ) ;
#1080 = ORIENTED_EDGE ( 'NONE', *, *, #3151, .F. ) ;
#1081 = CARTESIAN_POINT ( 'NONE',  ( 14.80519066301710041, 28.32159822810479710, 166.6621491650454914 ) ) ;
#1082 = CARTESIAN_POINT ( 'NONE',  ( 24.70769198189454841, 26.80481431175029883, 161.2886500000000183 ) ) ;
#1083 = CARTESIAN_POINT ( 'NONE',  ( 15.68920324307565295, 23.64707806969164849, 166.4803678661519939 ) ) ;
#1084 = CARTESIAN_POINT ( 'NONE',  ( 20.15318162449234762, 12.68731390977499984, 155.8980246031495085 ) ) ;
#1085 = CARTESIAN_POINT ( 'NONE',  ( 15.36892116176774969, 23.70690384524150218, 168.4048275708844926 ) ) ;
#1086 = EDGE_CURVE ( 'NONE', #2091, #3156, #3527, .T. ) ;
#1087 = CARTESIAN_POINT ( 'NONE',  ( 15.71328305446554729, 23.72264879697739914, 168.1170379557459853 ) ) ;
#1088 = VECTOR ( 'NONE', #2061, 1000.000000000000114 ) ;
#1089 = EDGE_LOOP ( 'NONE', ( #1936, #3188, #4284, #1918 ) ) ;
#1090 = CARTESIAN_POINT ( 'NONE',  ( 13.73230379740092033, 23.19401476029835152, 164.4961427916335026 ) ) ;
#1091 = CARTESIAN_POINT ( 'NONE',  ( 25.87747777553759931, 25.34614475208839934, 165.6994862348379911 ) ) ;
#1092 =( GEOMETRIC_REPRESENTATION_CONTEXT ( 3 ) GLOBAL_UNCERTAINTY_ASSIGNED_CONTEXT ( ( #1873 ) ) GLOBAL_UNIT_ASSIGNED_CONTEXT ( ( #1116, #5097, #5528 ) ) REPRESENTATION_CONTEXT ( 'NONE', 'WORKASPACE' ) );
#1093 = CARTESIAN_POINT ( 'NONE',  ( 22.16566954369804776, 29.01643782585705011, 168.0914833333335139 ) ) ;
#1094 = CARTESIAN_POINT ( 'NONE',  ( 24.33696263350930167, 19.63945682541494975, 161.7309666666664896 ) ) ;
#1095 = CARTESIAN_POINT ( 'NONE',  ( 13.80268482670349961, 27.60517718186619973, 165.7659666666665146 ) ) ;
#1096 = CARTESIAN_POINT ( 'NONE',  ( 19.61234131004014714, 29.98172394018349962, 165.0800783136824919 ) ) ;
#1097 = ADVANCED_FACE ( 'NONE', ( #1174 ), #4190, .T. ) ;
#1098 = EDGE_LOOP ( 'NONE', ( #5685, #1080, #2762, #1371 ) ) ;
#1099 = CARTESIAN_POINT ( 'NONE',  ( 24.13180776726665044, 24.79974871695479877, 149.9692791666665812 ) ) ;
#1100 = CARTESIAN_POINT ( 'NONE',  ( 25.75951520637950054, 24.06393548710690311, 160.7781166666665058 ) ) ;
#1101 = FACE_OUTER_BOUND ( 'NONE', #4093, .T. ) ;
#1102 = CARTESIAN_POINT ( 'NONE',  ( 14.04702857890251977, 23.37709430848969916, 167.9861090046140077 ) ) ;
#1103 = CARTESIAN_POINT ( 'NONE',  ( 13.39558405680265984, 25.49664031929235009, 169.5344041629625167 ) ) ;
#1104 = CARTESIAN_POINT ( 'NONE',  ( 12.60756749224444206, 25.37936608233230018, 165.5320133647525154 ) ) ;
#1105 = CARTESIAN_POINT ( 'NONE',  ( 13.43444935228366965, 25.60457312150709797, 169.5413286392079328 ) ) ;
#1106 = CARTESIAN_POINT ( 'NONE',  ( 12.02386142596753515, 22.99905701590011020, 163.3243849066514031 ) ) ;
#1107 = CARTESIAN_POINT ( 'NONE',  ( 15.56058110587115095, 29.10970301621965106, 165.5370305387145038 ) ) ;
#1108 = CARTESIAN_POINT ( 'NONE',  ( 13.36669689593661303, 23.42786981346964126, 170.3763691504630060 ) ) ;
#1109 = CARTESIAN_POINT ( 'NONE',  ( 14.06779234123907862, 25.51078383914349956, 172.9809486731839741 ) ) ;
#1110 = CARTESIAN_POINT ( 'NONE',  ( 16.19794412354859858, 23.50871674878825246, 166.9289150318720090 ) ) ;
#1111 = ORIENTED_EDGE ( 'NONE', *, *, #854, .T. ) ;
#1112 = CARTESIAN_POINT ( 'NONE',  ( 15.03786936804899987, 28.51803218143000151, 166.6280948403664866 ) ) ;
#1113 = CARTESIAN_POINT ( 'NONE',  ( 24.27631333530665003, 27.09237153021819822, 159.3408124999999984 ) ) ;
#1114 = CARTESIAN_POINT ( 'NONE',  ( 24.56148851186035031, 27.37613059042170249, 164.7178796293125060 ) ) ;
#1115 = CARTESIAN_POINT ( 'NONE',  ( 16.96074261151125029, 23.88236208310905084, 162.6546658799704801 ) ) ;
#1116 =( LENGTH_UNIT ( ) NAMED_UNIT ( * ) SI_UNIT ( .MILLI., .METRE. ) );
#1117 = CARTESIAN_POINT ( 'NONE',  ( 15.86717976420309917, 23.71085073658354858, 167.5693949771230109 ) ) ;
#1118 = CARTESIAN_POINT ( 'NONE',  ( 25.87561608482785047, 25.78581983866174809, 171.1040791666665086 ) ) ;
#1119 = CARTESIAN_POINT ( 'NONE',  ( 25.24045960634695263, 26.60769903240154832, 166.3951375000000041 ) ) ;
#1120 = CARTESIAN_POINT ( 'NONE',  ( 15.86909059255059695, 23.71846250618914809, 167.7352000692189904 ) ) ;
#1121 = EDGE_LOOP ( 'NONE', ( #3251, #5286, #998, #4836 ) ) ;
#1122 = CARTESIAN_POINT ( 'NONE',  ( 17.38974361234486921, 29.77924729428989892, 164.8127461557015465 ) ) ;
#1123 = CARTESIAN_POINT ( 'NONE',  ( 26.35299488246365129, 23.48950097261795023, 168.0097999999999843 ) ) ;
#1124 = CARTESIAN_POINT ( 'NONE',  ( 25.36382238592885230, 20.65317098331659906, 167.4784666666664918 ) ) ;
#1125 = CARTESIAN_POINT ( 'NONE',  ( 21.48785790206530066, 29.35783453131620035, 167.5068875000000048 ) ) ;
#1126 = CARTESIAN_POINT ( 'NONE',  ( 24.62786991035624951, 27.33348039147150033, 165.7199660958859795 ) ) ;
#1127 = CARTESIAN_POINT ( 'NONE',  ( 13.40943884003941911, 27.07104690917799772, 165.8149388888890030 ) ) ;
#1128 = VERTEX_POINT ( 'NONE', #5378 ) ;
#1129 = CARTESIAN_POINT ( 'NONE',  ( 24.70365890269444975, 25.20088472240569644, 153.8564270833335001 ) ) ;
#1130 = EDGE_CURVE ( 'NONE', #5063, #3500, #4238, .T. ) ;
#1131 = CARTESIAN_POINT ( 'NONE',  ( 24.14623763889049712, 22.73448399250004925, 148.2446201388890188 ) ) ;
#1132 = CYLINDRICAL_SURFACE ( 'NONE', #6254, 8.195573199401932740 ) ;
#1133 = CARTESIAN_POINT ( 'NONE',  ( 16.39930585236129801, 23.75000549788924786, 167.4545084931849885 ) ) ;
#1134 = EDGE_CURVE ( 'NONE', #758, #360, #975, .T. ) ;
#1135 = CARTESIAN_POINT ( 'NONE',  ( 13.58867479428794489, 25.68737526964768847, 170.1241734831190513 ) ) ;
#1136 = PLANE ( 'NONE',  #4178 ) ;
#1137 = CARTESIAN_POINT ( 'NONE',  ( 12.78155879713109933, 25.77946554606165108, 165.9962976276864879 ) ) ;
#1138 = LINE ( 'NONE', #2039, #1188 ) ;
#1139 = CARTESIAN_POINT ( 'NONE',  ( 13.33539423062205920, 25.49879360858485100, 169.2485666666665054 ) ) ;
#1140 = CARTESIAN_POINT ( 'NONE',  ( 13.69558346552330086, 25.60509768694100075, 170.7752583333335110 ) ) ;
#1141 = ORIENTED_EDGE ( 'NONE', *, *, #3947, .T. ) ;
#1142 = CARTESIAN_POINT ( 'NONE',  ( 18.66862543407984987, 29.88433243331699884, 166.1873991985744965 ) ) ;
#1143 = CARTESIAN_POINT ( 'NONE',  ( 24.06232544192080169, 27.05274979829574988, 156.9933249999999987 ) ) ;
#1144 = CARTESIAN_POINT ( 'NONE',  ( 16.43666881270165092, 23.66152766968890120, 165.4168330877155029 ) ) ;
#1145 = CARTESIAN_POINT ( 'NONE',  ( 14.10376018411947996, 23.38578968379755096, 168.0744424972734805 ) ) ;
#1146 = CARTESIAN_POINT ( 'NONE',  ( 17.45504390381005067, 23.62325549267150038, 167.1478306896815127 ) ) ;
#1147 = LINE ( 'NONE', #5040, #3979 ) ;
#1148 = CARTESIAN_POINT ( 'NONE',  ( 25.38831941239505241, 26.39806572876985058, 166.3880124999999737 ) ) ;
#1149 = CARTESIAN_POINT ( 'NONE',  ( 15.52345493175015001, 23.71548650056244867, 168.3094318837810022 ) ) ;
#1150 = ORIENTED_EDGE ( 'NONE', *, *, #5374, .T. ) ;
#1151 = CARTESIAN_POINT ( 'NONE',  ( 25.24049421278335359, 20.41658436147394795, 168.9639763888890229 ) ) ;
#1152 = CARTESIAN_POINT ( 'NONE',  ( 21.53595068698659887, 29.27134304395569941, 168.1567798611110049 ) ) ;
#1153 = CARTESIAN_POINT ( 'NONE',  ( 20.23456198753587998, 29.86607360613457729, 166.5330279036538457 ) ) ;
#1154 = CARTESIAN_POINT ( 'NONE',  ( 16.99756884487635133, 29.71720944661459995, 165.2463611111109856 ) ) ;
#1155 = CARTESIAN_POINT ( 'NONE',  ( 18.71894137962905091, 29.91085122389520023, 166.6841537248444922 ) ) ;
#1156 = ORIENTED_EDGE ( 'NONE', *, *, #241, .F. ) ;
#1157 = CARTESIAN_POINT ( 'NONE',  ( 25.09871104539115549, 26.07206298768862496, 160.9533620460958332 ) ) ;
#1158 = CARTESIAN_POINT ( 'NONE',  ( 22.05379639444809925, 29.44095041831804593, 163.8856984107009964 ) ) ;
#1159 = B_SPLINE_CURVE_WITH_KNOTS ( 'NONE', 3,
 ( #2541, #6063, #4628, #6008 ),
 .UNSPECIFIED., .F., .F.,
 ( 4, 4 ),
 ( 0.000000000000000000, 1.000000000000000000 ),
 .UNSPECIFIED. ) ;
#1160 = CARTESIAN_POINT ( 'NONE',  ( 24.12830590568880140, 22.72134348109490176, 148.1145986111110062 ) ) ;
#1161 = CARTESIAN_POINT ( 'NONE',  ( 25.95048455096004858, 25.37702631049210211, 167.0367141869305101 ) ) ;
#1162 = EDGE_CURVE ( 'NONE', #6010, #2103, #2810, .T. ) ;
#1163 = CARTESIAN_POINT ( 'NONE',  ( 16.65190114522410170, 29.45550684016374987, 166.9178310445199998 ) ) ;
#1164 = CARTESIAN_POINT ( 'NONE',  ( 13.66935155820634407, 25.33266378170392130, 171.0901366387705025 ) ) ;
#1165 = LINE ( 'NONE', #4626, #3248 ) ;
#1166 = CARTESIAN_POINT ( 'NONE',  ( 24.56471328244655083, 27.37435479989744991, 164.7630448996480084 ) ) ;
#1167 = CARTESIAN_POINT ( 'NONE',  ( 13.92286300596007997, 25.50290310354550272, 172.2005749999999864 ) ) ;
#1168 = CARTESIAN_POINT ( 'NONE',  ( 13.02999504166222167, 25.51083374260024783, 167.7105999999999995 ) ) ;
#1169 = ORIENTED_EDGE ( 'NONE', *, *, #2528, .F. ) ;
#1170 = EDGE_CURVE ( 'NONE', #4155, #139, #721, .T. ) ;
#1171 = CARTESIAN_POINT ( 'NONE',  ( 21.15984543337375001, 29.70973030048945063, 164.9378527533675083 ) ) ;
#1172 = CARTESIAN_POINT ( 'NONE',  ( 13.05722637764447924, 20.75062561565405161, 165.5931479166664815 ) ) ;
#1173 = CARTESIAN_POINT ( 'NONE',  ( 23.47885706241135040, 27.28020325032129634, 153.8916291666665188 ) ) ;
#1174 = FACE_OUTER_BOUND ( 'NONE', #2116, .T. ) ;
#1175 = CARTESIAN_POINT ( 'NONE',  ( 14.95976796966106015, 23.47701658961024762, 168.5179179799035012 ) ) ;
#1176 = CARTESIAN_POINT ( 'NONE',  ( 24.17130202668185035, 24.09472957701979823, 149.2017666666666003 ) ) ;
#1177 = DIRECTION ( 'NONE',  ( -0.9914626728336710659, -0.07787427352598338959, 0.1045818621956666056 ) ) ;
#1178 = CARTESIAN_POINT ( 'NONE',  ( 25.54804477351010306, 25.69759584655195184, 163.7598348958335066 ) ) ;
#1179 = CARTESIAN_POINT ( 'NONE',  ( 14.57100242480709795, 23.56951051667850194, 166.8266116019599963 ) ) ;
#1180 = EDGE_LOOP ( 'NONE', ( #3902, #753, #5959, #3695 ) ) ;
#1181 = CARTESIAN_POINT ( 'NONE',  ( 21.57516530306740066, 29.20978942051899807, 168.6766687500000046 ) ) ;
#1182 = CARTESIAN_POINT ( 'NONE',  ( 12.25972247058921916, 24.10131180370834869, 165.0628872551685049 ) ) ;
#1183 = CARTESIAN_POINT ( 'NONE',  ( 16.42919446834005015, 29.49010462326865323, 165.7107624999999871 ) ) ;
#1184 = B_SPLINE_CURVE_WITH_KNOTS ( 'NONE', 3,
 ( #4141, #2100, #6032, #6121 ),
 .UNSPECIFIED., .F., .F.,
 ( 4, 4 ),
 ( 0.000000000000000000, 1.000000000000000000 ),
 .UNSPECIFIED. ) ;
#1185 = EDGE_LOOP ( 'NONE', ( #1064, #1847, #1967, #6274 ) ) ;
#1186 = CARTESIAN_POINT ( 'NONE',  ( 25.08707053791266972, 26.10971320115814720, 161.0323263315369218 ) ) ;
#1187 = CARTESIAN_POINT ( 'NONE',  ( 21.35128803824224875, 29.71994177113290192, 163.8251042209359980 ) ) ;
#1188 = VECTOR ( 'NONE', #4448, 1000.000000000000114 ) ;
#1189 = CARTESIAN_POINT ( 'NONE',  ( 13.07119373894275860, 23.21824877163874845, 169.0874416666665070 ) ) ;
#1190 = CARTESIAN_POINT ( 'NONE',  ( 16.24101611703320103, 23.46940160394424879, 165.9744266367185048 ) ) ;
#1191 = CARTESIAN_POINT ( 'NONE',  ( 13.53655150969604470, 25.67967117103860986, 169.8924443320658213 ) ) ;
#1192 = CARTESIAN_POINT ( 'NONE',  ( 12.72326027216234046, 25.14863827014050202, 166.7294582750715222 ) ) ;
#1193 = CARTESIAN_POINT ( 'NONE',  ( 18.66862543407984987, 29.88433243331699884, 166.1873991985744965 ) ) ;
#1194 = CARTESIAN_POINT ( 'NONE',  ( 14.04440681132155966, 25.36429771929634924, 173.0993736651974757 ) ) ;
#1195 = DIRECTION ( 'NONE',  ( 0.9949093705772960039, 0.000000000000000000, -0.1007737284091881763 ) ) ;
#1196 = ORIENTED_EDGE ( 'NONE', *, *, #5487, .F. ) ;
#1197 = CARTESIAN_POINT ( 'NONE',  ( 13.76769124242619924, 23.36523049463364998, 163.7703003482560007 ) ) ;
#1198 = CARTESIAN_POINT ( 'NONE',  ( 24.37248979256720105, 25.93688567186040217, 153.8558729166664989 ) ) ;
#1199 = CARTESIAN_POINT ( 'NONE',  ( 13.03894115074980853, 24.86277919209006271, 168.6188517305109258 ) ) ;
#1200 = EDGE_CURVE ( 'NONE', #5221, #3105, #2259, .T. ) ;
#1201 = CARTESIAN_POINT ( 'NONE',  ( 13.62232407530794021, 25.36872718487849809, 170.7907083333335265 ) ) ;
#1202 = CARTESIAN_POINT ( 'NONE',  ( 15.41877987301924868, 23.60641235591385012, 166.0767198116299994 ) ) ;
#1203 = CARTESIAN_POINT ( 'NONE',  ( 13.91528784458025925, 23.17388272727309939, 163.7091895387814873 ) ) ;
#1204 = CARTESIAN_POINT ( 'NONE',  ( 25.34122538066194963, 26.40664468121889996, 165.6019124999999974 ) ) ;
#1205 = B_SPLINE_SURFACE_WITH_KNOTS ( 'NONE', 3, 1, ( 
 ( #5454, #2067 ),
 ( #4045, #1050 ),
 ( #2571, #616 ),
 ( #3028, #4017 ),
 ( #2993, #6006 ),
 ( #5000, #585 ),
 ( #1560, #4570 ),
 ( #6033, #2599 ),
 ( #2505, #497 ),
 ( #6062, #3540 ),
 ( #1627, #5578 ),
 ( #10, #1977 ),
 ( #3958, #2278 ),
 ( #3839, #4261 ),
 ( #3258, #2776 ) ),
 .UNSPECIFIED., .F., .F., .F.,
 ( 4, 1, 1, 1, 1, 1, 1, 1, 1, 1, 1, 1, 4 ),
 ( 2, 2 ),
 ( 0.000000000000000000, 0.1055165427441035891, 0.2071414670852509965, 0.3052508276931845121, 0.4020789006127410414, 0.4940483075310750372, 0.5780700581724500520, 0.6553953054395539324, 0.7276547067720759987, 0.7972328979797850268, 0.8648108494220770881, 0.9316485184721760016, 1.000000000000000000 ),
 ( 0.000000000000000000, 1.000000000000000000 ),
 .UNSPECIFIED. ) ;
#1206 = CARTESIAN_POINT ( 'NONE',  ( 14.91372746331283849, 23.59771470461464915, 166.8190465734475083 ) ) ;
#1207 = ORIENTED_EDGE ( 'NONE', *, *, #1086, .F. ) ;
#1208 = ADVANCED_FACE ( 'NONE', ( #6220 ), #309, .T. ) ;
#1209 = CARTESIAN_POINT ( 'NONE',  ( 12.07655335843741895, 20.79651721035320122, 161.1649917580140254 ) ) ;
#1210 = CARTESIAN_POINT ( 'NONE',  ( 25.54245411177040026, 24.74703006982059961, 160.1062458333335030 ) ) ;
#1211 = CARTESIAN_POINT ( 'NONE',  ( 23.96578489452754823, 19.05059122693575091, 160.6421833333334916 ) ) ;
#1212 = CARTESIAN_POINT ( 'NONE',  ( 15.68714821023865014, 29.14169290934359680, 165.8021249999999895 ) ) ;
#1213 = CARTESIAN_POINT ( 'NONE',  ( 25.05775091456530035, 26.74495169198560163, 164.8251374999999825 ) ) ;
#1214 = VERTEX_POINT ( 'NONE', #1707 ) ;
#1215 = CARTESIAN_POINT ( 'NONE',  ( 25.12170732787554783, 26.00264917706012469, 160.8331903120874813 ) ) ;
#1216 = FACE_OUTER_BOUND ( 'NONE', #3161, .T. ) ;
#1217 = CARTESIAN_POINT ( 'NONE',  ( 24.75982886903184976, 22.98971569563379802, 151.5996166666664919 ) ) ;
#1218 = CARTESIAN_POINT ( 'NONE',  ( 13.90663266757753824, 23.36062561709569962, 173.1951250000000186 ) ) ;
#1219 = CARTESIAN_POINT ( 'NONE',  ( 15.08818531359825066, 28.54455097200820290, 167.1248493666364823 ) ) ;
#1220 = CARTESIAN_POINT ( 'NONE',  ( 23.16336563711385921, 28.69926935390467904, 166.2986600596001665 ) ) ;
#1221 = CARTESIAN_POINT ( 'NONE',  ( 25.42069877734845207, 26.41206531553614667, 169.1468598666334913 ) ) ;
#1222 = CARTESIAN_POINT ( 'NONE',  ( 25.56589484158484993, 25.21000014568695136, 162.0195861832490039 ) ) ;
#1223 = CARTESIAN_POINT ( 'NONE',  ( 14.23645457766810019, 26.12898878706235095, 172.6770169452765060 ) ) ;
#1224 = CARTESIAN_POINT ( 'NONE',  ( 13.66230920796960113, 25.13567240591694940, 171.3092088962389994 ) ) ;
#1225 = CARTESIAN_POINT ( 'NONE',  ( 13.52952785713394057, 23.35313841609140084, 163.9425793434665195 ) ) ;
#1226 = CARTESIAN_POINT ( 'NONE',  ( 13.96160018464940045, 20.46033425725279997, 168.9216587635090150 ) ) ;
#1227 = CARTESIAN_POINT ( 'NONE',  ( 23.45998352703179890, 27.14058044162795014, 153.1119125000000167 ) ) ;
#1228 = CARTESIAN_POINT ( 'NONE',  ( 24.83078055867554923, 26.09874050091304909, 158.5348729166665009 ) ) ;
#1229 = CARTESIAN_POINT ( 'NONE',  ( 21.17632422402884984, 29.68900529395475019, 165.1724294777064870 ) ) ;
#1230 = CARTESIAN_POINT ( 'NONE',  ( 13.00724182934905393, 24.74707508594421768, 168.5590812052968204 ) ) ;
#1231 = CARTESIAN_POINT ( 'NONE',  ( 14.07611075560773983, 25.51154974011529930, 173.0300594551799804 ) ) ;
#1232 = CARTESIAN_POINT ( 'NONE',  ( 24.79793034626515080, 27.14195467017135144, 165.6310249999999940 ) ) ;
#1233 = CARTESIAN_POINT ( 'NONE',  ( 25.25986464683550281, 26.62068736118704848, 168.7635394121354864 ) ) ;
#1234 = CARTESIAN_POINT ( 'NONE',  ( 12.61945972317624154, 25.15283153807749983, 166.1900708333335217 ) ) ;
#1235 = VERTEX_POINT ( 'NONE', #3675 ) ;
#1236 = EDGE_CURVE ( 'NONE', #5678, #4349, #3907, .T. ) ;
#1237 = CARTESIAN_POINT ( 'NONE',  ( 22.93655790233260561, 28.79668476193152671, 164.3033661251667183 ) ) ;
#1238 = CARTESIAN_POINT ( 'NONE',  ( 13.64928106754166137, 23.51285726034329926, 171.7435486028134903 ) ) ;
#1239 = CARTESIAN_POINT ( 'NONE',  ( 23.99546382625644725, 19.37606911088655437, 162.4404202256944814 ) ) ;
#1240 = CARTESIAN_POINT ( 'NONE',  ( 21.11067542392930108, 29.63449885805244932, 166.1031118055554998 ) ) ;
#1241 = CARTESIAN_POINT ( 'NONE',  ( 24.96233596833755186, 26.93908285366894972, 165.6211416666664888 ) ) ;
#1242 = CARTESIAN_POINT ( 'NONE',  ( 25.97660516704724998, 25.46456311814990059, 169.1424290191449984 ) ) ;
#1243 = ORIENTED_EDGE ( 'NONE', *, *, #1398, .F. ) ;
#1244 = CARTESIAN_POINT ( 'NONE',  ( 14.52240897932039942, 23.54395711021534865, 166.3481431392635272 ) ) ;
#1245 = EDGE_CURVE ( 'NONE', #4778, #3447, #6391, .T. ) ;
#1246 = CARTESIAN_POINT ( 'NONE',  ( 13.57955590201890139, 23.55133771809749987, 168.2593948113510010 ) ) ;
#1247 = CARTESIAN_POINT ( 'NONE',  ( 16.00056783631844937, 23.36295965560815091, 164.0518547869845065 ) ) ;
#1248 = CARTESIAN_POINT ( 'NONE',  ( 25.48892913601769905, 21.89028885853840123, 157.9089999999999918 ) ) ;
#1249 = CARTESIAN_POINT ( 'NONE',  ( 12.19817787232538819, 24.85739997271329216, 164.2734934071860380 ) ) ;
#1250 = CARTESIAN_POINT ( 'NONE',  ( 14.09210184695381862, 25.39440560302620042, 173.3371936658764980 ) ) ;
#1251 = CARTESIAN_POINT ( 'NONE',  ( 16.31745738790679923, 29.31015607873749929, 166.4561993781979936 ) ) ;
#1252 = CARTESIAN_POINT ( 'NONE',  ( 15.92950613993604847, 23.60289014655129947, 165.0520137431104786 ) ) ;
#1253 = CARTESIAN_POINT ( 'NONE',  ( 12.57006021840377841, 25.15514928042030007, 165.9329666666665162 ) ) ;
#1254 = CARTESIAN_POINT ( 'NONE',  ( 16.01603277701995154, 28.40528775813054807, 171.2416000000000054 ) ) ;
#1255 = CARTESIAN_POINT ( 'NONE',  ( 25.60538123841415015, 25.82826106304130320, 164.6947760197425055 ) ) ;
#1256 = CARTESIAN_POINT ( 'NONE',  ( 14.35985905669089924, 23.20467139057230099, 163.5704089101984948 ) ) ;
#1257 = CARTESIAN_POINT ( 'NONE',  ( 23.74102350191209965, 25.78282246474224948, 149.9678688713219969 ) ) ;
#1258 = CARTESIAN_POINT ( 'NONE',  ( 24.70404877392930132, 26.05639306606149930, 156.9709937500000194 ) ) ;
#1259 = CARTESIAN_POINT ( 'NONE',  ( 12.83621266892235901, 25.39692265610540289, 166.9484666666665191 ) ) ;
#1260 = CARTESIAN_POINT ( 'NONE',  ( 24.74109725518844982, 27.16879285622945162, 164.8422833333335120 ) ) ;
#1261 = CARTESIAN_POINT ( 'NONE',  ( 24.59025923418639792, 25.15575159159810070, 153.0814291666665099 ) ) ;
#1262 = CARTESIAN_POINT ( 'NONE',  ( 12.78549024179348059, 23.26265368557605839, 167.7776007033784538 ) ) ;
#1263 = ORIENTED_EDGE ( 'NONE', *, *, #5458, .F. ) ;
#1264 = CARTESIAN_POINT ( 'NONE',  ( 19.56112128302275011, 29.53687931926095089, 169.6706307291665041 ) ) ;
#1265 = CARTESIAN_POINT ( 'NONE',  ( 15.86153000421199799, 23.70868993736744912, 167.5317904326159919 ) ) ;
#1266 = EDGE_LOOP ( 'NONE', ( #2057, #3338, #287, #2356, #1378, #3515, #6321, #5042, #3325, #4252, #3341 ) ) ;
#1267 = CARTESIAN_POINT ( 'NONE',  ( 25.68869311736915151, 25.83772884066245012, 165.6923653396505074 ) ) ;
#1268 = EDGE_CURVE ( 'NONE', #3039, #4185, #5919, .T. ) ;
#1269 = CARTESIAN_POINT ( 'NONE',  ( 20.31507848725704690, 17.52366301935259685, 163.1403958333335140 ) ) ;
#1270 = CARTESIAN_POINT ( 'NONE',  ( 24.72178604272614777, 27.09684279634724646, 163.6573913194445140 ) ) ;
#1271 = CARTESIAN_POINT ( 'NONE',  ( 25.92440729608289729, 25.51987551689520117, 167.8265875000000165 ) ) ;
#1272 =( GEOMETRIC_REPRESENTATION_CONTEXT ( 3 ) GLOBAL_UNCERTAINTY_ASSIGNED_CONTEXT ( ( #4266 ) ) GLOBAL_UNIT_ASSIGNED_CONTEXT ( ( #57, #4988, #3464 ) ) REPRESENTATION_CONTEXT ( 'NONE', 'WORKASPACE' ) );
#1273 = VERTEX_POINT ( 'NONE', #4776 ) ;
#1274 = CARTESIAN_POINT ( 'NONE',  ( 26.29373589270379696, 24.44983606862279757, 169.1599435541239984 ) ) ;
#1275 = CARTESIAN_POINT ( 'NONE',  ( 22.45198108418049898, 29.21369798836949627, 162.2478517361110164 ) ) ;
#1276 = VECTOR ( 'NONE', #4929, 1000.000000000000000 ) ;
#1277 = EDGE_CURVE ( 'NONE', #4482, #3500, #4521, .T. ) ;
#1278 = CARTESIAN_POINT ( 'NONE',  ( 25.09440108800700031, 20.53659136672834862, 159.6227000000000089 ) ) ;
#1279 = CARTESIAN_POINT ( 'NONE',  ( 11.89663175557179642, 25.05248760263595997, 162.3825564564492367 ) ) ;
#1280 = CARTESIAN_POINT ( 'NONE',  ( 13.45899579310300176, 24.38192201874259979, 170.8393499999999960 ) ) ;
#1281 = CARTESIAN_POINT ( 'NONE',  ( 14.02162245562551846, 25.50743767410419593, 172.7197336107165313 ) ) ;
#1282 = CARTESIAN_POINT ( 'NONE',  ( 18.05801543622134986, 29.83982485421699948, 166.2516234882104982 ) ) ;
#1283 = AXIS2_PLACEMENT_3D ( 'NONE', #2648, #1672, #5594 ) ;
#1284 = CARTESIAN_POINT ( 'NONE',  ( 14.27836965173128014, 26.08624225566535060, 173.0675797343145064 ) ) ;
#1285 = VECTOR ( 'NONE', #5912, 1000.000000000000114 ) ;
#1286 = CARTESIAN_POINT ( 'NONE',  ( 14.45075816903345967, 23.41215282306974999, 163.5485416739220170 ) ) ;
#1287 = CARTESIAN_POINT ( 'NONE',  ( 13.67617838636490113, 20.79457667630639861, 168.5794248988364927 ) ) ;
#1288 = CARTESIAN_POINT ( 'NONE',  ( 23.76031895100240021, 25.62974100602670191, 149.7046857373837838 ) ) ;
#1289 = CARTESIAN_POINT ( 'NONE',  ( 23.63700640761145166, 25.50659695672874960, 148.8029534294501843 ) ) ;
#1290 = CARTESIAN_POINT ( 'NONE',  ( 15.21205336151515120, 23.47731736177360062, 163.5876813436040322 ) ) ;
#1291 = B_SPLINE_SURFACE_WITH_KNOTS ( 'NONE', 3, 1, ( 
 ( #2827, #3857 ),
 ( #325, #4798 ),
 ( #5391, #3930 ),
 ( #365, #3792 ),
 ( #955, #2298 ),
 ( #817, #5808 ),
 ( #1333, #2793 ),
 ( #1397, #1885 ),
 ( #4353, #3310 ),
 ( #4316, #6305 ),
 ( #5287, #1366 ),
 ( #4830, #2376 ),
 ( #3377, #4868 ),
 ( #437, #2414 ),
 ( #4390, #1431 ) ),
 .UNSPECIFIED., .F., .F., .F.,
 ( 4, 1, 1, 1, 1, 1, 1, 1, 1, 1, 1, 1, 4 ),
 ( 2, 2 ),
 ( 0.000000000000000000, 0.08984970130681550760, 0.1778217558533485010, 0.2651381278697325095, 0.3535332640409595273, 0.4404674329557715096, 0.5245677817645320040, 0.6069813377876660532, 0.6889939181491629983, 0.7694476848518739809, 0.8475184377631909127, 0.9235072372288080089, 1.000000000000000000 ),
 ( 0.000000000000000000, 1.000000000000000000 ),
 .UNSPECIFIED. ) ;
#1292 = CARTESIAN_POINT ( 'NONE',  ( 13.13818247064295974, 25.38299780715524889, 168.4886083333335023 ) ) ;
#1293 = CARTESIAN_POINT ( 'NONE',  ( 19.19073077311215059, 24.24327818154170089, 155.3786059402574722 ) ) ;
#1294 = CARTESIAN_POINT ( 'NONE',  ( 11.77524396859860012, 24.79341945005669601, 161.9537500000000136 ) ) ;
#1295 = CARTESIAN_POINT ( 'NONE',  ( 26.35229193481849919, 24.35499406812165191, 169.9496000000000038 ) ) ;
#1296 = CARTESIAN_POINT ( 'NONE',  ( 21.31776308136924669, 29.72205294407010356, 163.9605189518009922 ) ) ;
#1297 = VERTEX_POINT ( 'NONE', #3488 ) ;
#1298 = CARTESIAN_POINT ( 'NONE',  ( 13.15477812646640032, 25.13339650415354853, 168.8871392795140025 ) ) ;
#1299 = VERTEX_POINT ( 'NONE', #3934 ) ;
#1300 = CARTESIAN_POINT ( 'NONE',  ( 26.31381178197385040, 24.50759075454465119, 170.4076635087554905 ) ) ;
#1301 = CARTESIAN_POINT ( 'NONE',  ( 17.86784295883730067, 17.60649719550950110, 163.8251994195329928 ) ) ;
#1302 = CARTESIAN_POINT ( 'NONE',  ( 25.42250094434020014, 26.39379013683640096, 167.1776499999999999 ) ) ;
#1303 = VERTEX_POINT ( 'NONE', #3452 ) ;
#1304 = DIRECTION ( 'NONE',  ( 0.9949093705772960039, 0.000000000000000000, -0.1007737284091867053 ) ) ;
#1305 = CARTESIAN_POINT ( 'NONE',  ( 25.86800018169175175, 24.09636808505930006, 162.0848922449144993 ) ) ;
#1306 = CARTESIAN_POINT ( 'NONE',  ( 24.94994105964554976, 26.58210729482375001, 162.1965791666664813 ) ) ;
#1307 = PLANE ( 'NONE',  #4914 ) ;
#1308 = CARTESIAN_POINT ( 'NONE',  ( 25.05282651940055061, 20.44569139288245196, 158.8447000000000173 ) ) ;
#1309 = CARTESIAN_POINT ( 'NONE',  ( 11.79708010288548081, 24.76806174413299999, 161.9965993725193414 ) ) ;
#1310 = CARTESIAN_POINT ( 'NONE',  ( 13.30842917023874072, 23.21554426171909924, 170.1100000000000136 ) ) ;
#1311 = CARTESIAN_POINT ( 'NONE',  ( 12.54202632751090007, 25.12764412627479871, 165.5520899357454994 ) ) ;
#1312 = CARTESIAN_POINT ( 'NONE',  ( 25.04512719526200115, 26.74709999633955348, 164.7024724059439791 ) ) ;
#1313 = B_SPLINE_CURVE_WITH_KNOTS ( 'NONE', 3,
 ( #6118, #1190, #709, #4335, #1315, #1837, #417, #3809, #3914, #3842, #6322 ),
 .UNSPECIFIED., .F., .F.,
 ( 4, 1, 1, 1, 1, 1, 1, 1, 4 ),
 ( 0.000000000000000000, 0.1308896622943173937, 0.2575998520776530132, 0.3824328788467895035, 0.5051108615621899833, 0.6277220031422220403, 0.7498776550595189772, 0.8743292168483930427, 1.000000000000000000 ),
 .UNSPECIFIED. ) ;
#1314 = ORIENTED_EDGE ( 'NONE', *, *, #2001, .F. ) ;
#1315 = CARTESIAN_POINT ( 'NONE',  ( 16.39161305965984994, 23.46813312205524937, 165.6671587265774974 ) ) ;
#1316 = CARTESIAN_POINT ( 'NONE',  ( 25.56589484158484993, 25.21000014568695136, 162.0195861832490039 ) ) ;
#1317 = CARTESIAN_POINT ( 'NONE',  ( 13.79001920421729999, 23.19582198000714968, 164.4294064986995068 ) ) ;
#1318 = CARTESIAN_POINT ( 'NONE',  ( 12.71280748751845913, 25.40367817189344990, 166.3062861111110067 ) ) ;
#1319 = CARTESIAN_POINT ( 'NONE',  ( 25.64596594705025012, 24.95407573243900146, 161.9309865904550065 ) ) ;
#1320 = CARTESIAN_POINT ( 'NONE',  ( 16.74924811908535105, 28.81792957239824915, 171.8117666666665002 ) ) ;
#1321 = FACE_OUTER_BOUND ( 'NONE', #5838, .T. ) ;
#1322 = CARTESIAN_POINT ( 'NONE',  ( 13.77233662101956035, 27.61297541725209825, 165.6393562500000201 ) ) ;
#1323 = CARTESIAN_POINT ( 'NONE',  ( 15.45469936171145164, 23.53702685430409858, 168.9359417256785036 ) ) ;
#1324 = EDGE_CURVE ( 'NONE', #6373, #815, #2445, .T. ) ;
#1325 = CARTESIAN_POINT ( 'NONE',  ( 24.23872269575239713, 24.42260749242409901, 149.9786249999999939 ) ) ;
#1326 = CARTESIAN_POINT ( 'NONE',  ( 15.05538948665670063, 23.38283777550010001, 166.2454581978739725 ) ) ;
#1327 = CARTESIAN_POINT ( 'NONE',  ( 12.41199178004191950, 20.34455680051920012, 161.9390086904205077 ) ) ;
#1328 = CARTESIAN_POINT ( 'NONE',  ( 12.54202632751090007, 25.12764412627479871, 165.5520899357454994 ) ) ;
#1329 = VERTEX_POINT ( 'NONE', #993 ) ;
#1330 = CARTESIAN_POINT ( 'NONE',  ( 12.44164901971745962, 23.99627892897949977, 166.2332000000000107 ) ) ;
#1331 = VERTEX_POINT ( 'NONE', #4944 ) ;
#1332 = CARTESIAN_POINT ( 'NONE',  ( 15.92470856490920283, 23.60080254544845246, 165.0144586551199950 ) ) ;
#1333 = CARTESIAN_POINT ( 'NONE',  ( 15.94442316100274937, 23.76503052178100006, 168.6316530906619846 ) ) ;
#1334 = CARTESIAN_POINT ( 'NONE',  ( 21.61836517628480081, 29.53627826756139996, 165.2585187500000075 ) ) ;
#1335 = CARTESIAN_POINT ( 'NONE',  ( 19.56525304256249953, 17.47321015621115237, 163.3645208333335006 ) ) ;
#1336 = CARTESIAN_POINT ( 'NONE',  ( 17.01069771622599802, 29.57721452631346892, 166.8749915166544611 ) ) ;
#1337 = CARTESIAN_POINT ( 'NONE',  ( 24.54244608405024763, 25.28124378537615158, 153.0803041666665081 ) ) ;
#1338 = CARTESIAN_POINT ( 'NONE',  ( 25.80305102113485205, 25.81906446572490310, 169.0112382534199753 ) ) ;
#1339 = ORIENTED_EDGE ( 'NONE', *, *, #3072, .T. ) ;
#1340 = CARTESIAN_POINT ( 'NONE',  ( 24.93329557281165165, 27.06310737512470155, 166.2067300237609970 ) ) ;
#1341 = CARTESIAN_POINT ( 'NONE',  ( 25.64239591272600194, 25.00344588340899676, 162.0600680238115103 ) ) ;
#1342 = CARTESIAN_POINT ( 'NONE',  ( 25.35584160534345344, 26.07218451695515071, 163.6312686869199808 ) ) ;
#1343 = CARTESIAN_POINT ( 'NONE',  ( 24.09989442933839854, 20.74200710581370188, 150.2574999999999932 ) ) ;
#1344 = CARTESIAN_POINT ( 'NONE',  ( 11.70880157793019372, 24.22816334817316175, 161.6153732549969959 ) ) ;
#1345 = CARTESIAN_POINT ( 'NONE',  ( 14.53539176425176116, 23.46292043533570038, 168.9906514463299914 ) ) ;
#1346 = CARTESIAN_POINT ( 'NONE',  ( 15.90321747270795072, 23.39036144111669913, 164.8418706720009936 ) ) ;
#1347 = ORIENTED_EDGE ( 'NONE', *, *, #5240, .F. ) ;
#1348 = CARTESIAN_POINT ( 'NONE',  ( 12.65936802584356080, 25.40698138349329938, 166.0285589818320204 ) ) ;
#1349 = CARTESIAN_POINT ( 'NONE',  ( 13.09988155126321985, 23.34535216650565204, 164.5654599867074808 ) ) ;
#1350 = CARTESIAN_POINT ( 'NONE',  ( 15.42177942135614899, 27.91439957403740024, 171.3154000000000110 ) ) ;
#1351 = CARTESIAN_POINT ( 'NONE',  ( 12.93526904552606105, 26.26947729866159875, 165.7462929687500264 ) ) ;
#1352 = CARTESIAN_POINT ( 'NONE',  ( 14.76332064084550133, 23.23663004809375110, 163.5338317865129909 ) ) ;
#1353 = EDGE_CURVE ( 'NONE', #500, #4680, #5009, .T. ) ;
#1354 = CARTESIAN_POINT ( 'NONE',  ( 25.66669367102554844, 21.00485976915460284, 171.6678263849889845 ) ) ;
#1355 = CARTESIAN_POINT ( 'NONE',  ( 14.64651090824333934, 23.67379697573474573, 169.0068516888455008 ) ) ;
#1356 = CARTESIAN_POINT ( 'NONE',  ( 23.54646961831105045, 26.46438015243689890, 150.8930833333335215 ) ) ;
#1357 = CARTESIAN_POINT ( 'NONE',  ( 16.44607559304495226, 23.64539805645415171, 165.0405531964219961 ) ) ;
#1358 = CARTESIAN_POINT ( 'NONE',  ( 25.28013315495095270, 24.88067749312419963, 157.7575833333335140 ) ) ;
#1359 = EDGE_CURVE ( 'NONE', #3892, #23, #4500, .T. ) ;
#1360 = CARTESIAN_POINT ( 'NONE',  ( 14.92453902368904117, 23.57388972636214675, 166.2689581508255117 ) ) ;
#1361 = CARTESIAN_POINT ( 'NONE',  ( 12.64330833199519866, 27.31455011020004875, 161.8483041666665088 ) ) ;
#1362 = CARTESIAN_POINT ( 'NONE',  ( 12.95474217274855988, 23.36391538259774947, 165.2473865435580080 ) ) ;
#1363 = ORIENTED_EDGE ( 'NONE', *, *, #6369, .T. ) ;
#1364 = CARTESIAN_POINT ( 'NONE',  ( 12.95281134669376044, 23.22137548014770303, 168.5748250000000041 ) ) ;
#1365 = ORIENTED_EDGE ( 'NONE', *, *, #2185, .F. ) ;
#1366 = CARTESIAN_POINT ( 'NONE',  ( 16.36838498946250198, 23.57247385435034914, 168.0315590420999854 ) ) ;
#1367 = CARTESIAN_POINT ( 'NONE',  ( 22.53393018583905061, 29.18162779815295238, 163.8356239583335139 ) ) ;
#1368 = CARTESIAN_POINT ( 'NONE',  ( 20.96137722292510119, 29.52147551659054869, 167.5617624999999862 ) ) ;
#1369 = CARTESIAN_POINT ( 'NONE',  ( 25.05775091456530035, 26.74495169198560163, 164.8251374999999825 ) ) ;
#1370 = CARTESIAN_POINT ( 'NONE',  ( 25.76763620349794692, 25.72134220396920057, 166.3791750000000036 ) ) ;
#1371 = ORIENTED_EDGE ( 'NONE', *, *, #2840, .T. ) ;
#1372 = CARTESIAN_POINT ( 'NONE',  ( 25.79760597260975175, 25.32631611242520009, 164.7021015770864949 ) ) ;
#1373 = CARTESIAN_POINT ( 'NONE',  ( 12.92196542435172013, 25.14043568666675199, 167.7319458333334978 ) ) ;
#1374 = CARTESIAN_POINT ( 'NONE',  ( 24.69582756555455205, 27.11495447789484814, 163.2617750000000001 ) ) ;
#1375 = CARTESIAN_POINT ( 'NONE',  ( 25.20038377433539623, 20.86503520566814984, 162.2123458333335009 ) ) ;
#1376 = CARTESIAN_POINT ( 'NONE',  ( 12.20620762514834645, 24.68727750340279670, 164.4507525176060483 ) ) ;
#1377 = CARTESIAN_POINT ( 'NONE',  ( 14.58019088300147992, 23.24484019548610192, 164.0558183469734956 ) ) ;
#1378 = ORIENTED_EDGE ( 'NONE', *, *, #4426, .F. ) ;
#1379 = B_SPLINE_CURVE_WITH_KNOTS ( 'NONE', 3,
 ( #5280, #1771, #4698, #4270, #252 ),
 .UNSPECIFIED., .F., .F.,
 ( 4, 1, 4 ),
 ( 0.000000000000000000, 0.5000000000000000000, 1.000000000000000000 ),
 .UNSPECIFIED. ) ;
#1380 = CARTESIAN_POINT ( 'NONE',  ( 23.90472706634234967, 24.46490134454635168, 148.1159754218399769 ) ) ;
#1381 = CARTESIAN_POINT ( 'NONE',  ( 25.87747777553759931, 25.34614475208839934, 165.6994862348379911 ) ) ;
#1382 = CIRCLE ( 'NONE', #2728, 1.749999999999996891 ) ;
#1383 = CARTESIAN_POINT ( 'NONE',  ( 25.53528461630150304, 25.58852137538587357, 163.1647537327328621 ) ) ;
#1384 = CARTESIAN_POINT ( 'NONE',  ( 14.74673752790314118, 23.43574033035039861, 163.5248821572004942 ) ) ;
#1385 = CARTESIAN_POINT ( 'NONE',  ( 29.06698658678750036, 25.14917929675300101, 168.4065378325010158 ) ) ;
#1386 = VECTOR ( 'NONE', #5732, 1000.000000000000114 ) ;
#1387 = DIRECTION ( 'NONE',  ( -0.9914626728336710659, -0.07787427352598338959, 0.1045818621956666056 ) ) ;
#1388 = CARTESIAN_POINT ( 'NONE',  ( 26.31381178197385040, 24.50759075454465119, 170.4076635087554905 ) ) ;
#1389 = CARTESIAN_POINT ( 'NONE',  ( 24.46956540922474943, 24.67712728994715121, 151.5354666666665082 ) ) ;
#1390 = CARTESIAN_POINT ( 'NONE',  ( 15.94442316100274937, 23.76503052178100006, 168.6316530906619846 ) ) ;
#1391 = CARTESIAN_POINT ( 'NONE',  ( 11.89844770375906080, 22.38425052651845348, 161.9539999999999793 ) ) ;
#1392 = CARTESIAN_POINT ( 'NONE',  ( 29.27720918104369829, 24.74035031873244961, 170.0950772390870043 ) ) ;
#1393 = ORIENTED_EDGE ( 'NONE', *, *, #3577, .T. ) ;
#1394 = CARTESIAN_POINT ( 'NONE',  ( 12.95267180081941838, 25.70061372145434930, 166.9897084902954987 ) ) ;
#1395 = ORIENTED_EDGE ( 'NONE', *, *, #5832, .F. ) ;
#1396 = CARTESIAN_POINT ( 'NONE',  ( 13.87488262726006383, 27.70094518495369584, 165.2797124339464006 ) ) ;
#1397 = CARTESIAN_POINT ( 'NONE',  ( 16.07959625312885166, 23.77027219126379975, 168.4978016962090237 ) ) ;
#1398 = EDGE_CURVE ( 'NONE', #3239, #548, #5451, .T. ) ;
#1399 = CARTESIAN_POINT ( 'NONE',  ( 18.93324465554965030, 17.45794030404419672, 163.4445659722220228 ) ) ;
#1400 = CARTESIAN_POINT ( 'NONE',  ( 19.64314539320509923, 29.81038753199370106, 166.9141000000000190 ) ) ;
#1401 = CARTESIAN_POINT ( 'NONE',  ( 25.10968616127565056, 26.79113517425424718, 169.5521758917365105 ) ) ;
#1402 = CARTESIAN_POINT ( 'NONE',  ( 25.45829465637215705, 26.35401319115751662, 167.8418557788851615 ) ) ;
#1403 = EDGE_LOOP ( 'NONE', ( #4246, #79, #2495, #954 ) ) ;
#1404 = FACE_OUTER_BOUND ( 'NONE', #4361, .T. ) ;
#1405 = CARTESIAN_POINT ( 'NONE',  ( 24.58295290438990222, 27.35086356851644851, 164.7170543719234956 ) ) ;
#1406 = CARTESIAN_POINT ( 'NONE',  ( 15.23701486836420038, 23.59533988313485153, 166.1671801416185019 ) ) ;
#1407 = CARTESIAN_POINT ( 'NONE',  ( 24.93573590180589861, 26.58381012859515025, 162.0658305555555216 ) ) ;
#1408 = CARTESIAN_POINT ( 'NONE',  ( 15.63160719151744971, 23.64376732704755213, 166.5134328027380093 ) ) ;
#1409 = EDGE_CURVE ( 'NONE', #5049, #2091, #6219, .T. ) ;
#1410 = B_SPLINE_CURVE_WITH_KNOTS ( 'NONE', 3,
 ( #2142, #1600, #3152, #5127, #594, #3575, #690 ),
 .UNSPECIFIED., .F., .F.,
 ( 4, 1, 1, 1, 4 ),
 ( 0.8778708357001689944, 0.8857142857142860093, 0.9428571428571430602, 0.9714285714285709750, 1.000000000000000000 ),
 .UNSPECIFIED. ) ;
#1411 = CARTESIAN_POINT ( 'NONE',  ( 22.73656579605740191, 28.65154440906619726, 169.3464197916665057 ) ) ;
#1412 = CARTESIAN_POINT ( 'NONE',  ( 24.87126852233415164, 20.86947529264885048, 154.0908000000000015 ) ) ;
#1413 = CARTESIAN_POINT ( 'NONE',  ( 18.69947310916845140, 29.87062655651610044, 166.3602579861110087 ) ) ;
#1414 = CARTESIAN_POINT ( 'NONE',  ( 14.97651023321392039, 23.27807713073844909, 164.0609143137494925 ) ) ;
#1415 = VERTEX_POINT ( 'NONE', #2549 ) ;
#1416 = CARTESIAN_POINT ( 'NONE',  ( 25.23866748266430093, 25.00450330730655324, 157.7556333333334919 ) ) ;
#1417 = CARTESIAN_POINT ( 'NONE',  ( 26.07046393614630020, 22.54868169434340075, 164.9175999999999931 ) ) ;
#1418 = CARTESIAN_POINT ( 'NONE',  ( 13.62232407530794021, 25.36872718487849809, 170.7907083333335265 ) ) ;
#1419 = CARTESIAN_POINT ( 'NONE',  ( 15.88567370549294822, 23.51935222393255032, 167.7441496985310039 ) ) ;
#1420 = CARTESIAN_POINT ( 'NONE',  ( 26.12671596676278796, 25.17304191527004065, 170.4582724543230370 ) ) ;
#1421 = CARTESIAN_POINT ( 'NONE',  ( 15.98398472337610166, 23.56206993786480197, 164.0429051576720099 ) ) ;
#1422 = CARTESIAN_POINT ( 'NONE',  ( 25.43496009473379971, 20.65143481414489912, 169.5920432291664781 ) ) ;
#1423 = CARTESIAN_POINT ( 'NONE',  ( 25.83855089146614858, 25.21610048041915064, 164.7038380543814924 ) ) ;
#1424 = CARTESIAN_POINT ( 'NONE',  ( 26.29664596243736341, 24.45706535952694693, 169.3153877729581893 ) ) ;
#1425 = CARTESIAN_POINT ( 'NONE',  ( 24.63612817877475081, 24.60061149649860113, 152.3144750000000158 ) ) ;
#1426 = CARTESIAN_POINT ( 'NONE',  ( 24.60775388904740169, 27.29393936203245019, 164.1914673611110231 ) ) ;
#1427 = CARTESIAN_POINT ( 'NONE',  ( 12.45397703804352396, 23.15974141406584863, 166.1022943856177392 ) ) ;
#1428 = VERTEX_POINT ( 'NONE', #1311 ) ;
#1429 = CARTESIAN_POINT ( 'NONE',  ( 19.14939808901710094, 29.54210695215584792, 169.5822617187499759 ) ) ;
#1430 = ORIENTED_EDGE ( 'NONE', *, *, #3376, .F. ) ;
#1431 = CARTESIAN_POINT ( 'NONE',  ( 16.42357267374799790, 23.55399053889820138, 167.5180850648075079 ) ) ;
#1432 = CARTESIAN_POINT ( 'NONE',  ( 24.22760468281115109, 27.71785914132934892, 163.6873958333335111 ) ) ;
#1433 = CARTESIAN_POINT ( 'NONE',  ( 14.10743820644652047, 26.49852121298729912, 170.7027499999999804 ) ) ;
#1434 = CARTESIAN_POINT ( 'NONE',  ( 25.68547005035319941, 25.12160308635069939, 162.8454423547069894 ) ) ;
#1435 = CARTESIAN_POINT ( 'NONE',  ( 20.55703590519434698, 29.61046059009715137, 167.6034499999999809 ) ) ;
#1436 = PLANE ( 'NONE',  #4695 ) ;
#1437 = FACE_OUTER_BOUND ( 'NONE', #5934, .T. ) ;
#1438 = ORIENTED_EDGE ( 'NONE', *, *, #3041, .F. ) ;
#1439 = CARTESIAN_POINT ( 'NONE',  ( 19.07403245139184733, 29.43693741987320323, 172.4780078125000102 ) ) ;
#1440 = CARTESIAN_POINT ( 'NONE',  ( 24.62543173627064874, 27.29994746081835189, 164.7154698269804953 ) ) ;
#1441 = CARTESIAN_POINT ( 'NONE',  ( 13.24989546441005928, 27.34997959587505179, 164.3982215277779915 ) ) ;
#1442 = CARTESIAN_POINT ( 'NONE',  ( 26.13174245642175109, 25.09349599602029812, 169.1448484375000021 ) ) ;
#1443 = CARTESIAN_POINT ( 'NONE',  ( 21.88645882519940145, 29.03990485870234650, 169.4310770833335198 ) ) ;
#1444 = CARTESIAN_POINT ( 'NONE',  ( 23.56861705693610176, 18.87750852279645031, 153.6051999999999964 ) ) ;
#1445 = CARTESIAN_POINT ( 'NONE',  ( 14.06422760329691890, 27.53864302510985240, 166.9056999999999960 ) ) ;
#1446 = CARTESIAN_POINT ( 'NONE',  ( 22.74020547719645080, 29.00016931293000155, 164.8156583747140189 ) ) ;
#1447 = EDGE_CURVE ( 'NONE', #1815, #2940, #4595, .T. ) ;
#1448 = ORIENTED_EDGE ( 'NONE', *, *, #1527, .F. ) ;
#1449 = CARTESIAN_POINT ( 'NONE',  ( 24.99060532101024990, 25.02707113402374972, 155.4129166666665185 ) ) ;
#1450 = CARTESIAN_POINT ( 'NONE',  ( 25.23417644066814702, 25.99725996067349953, 161.9250156622015027 ) ) ;
#1451 = CARTESIAN_POINT ( 'NONE',  ( 24.46261843111449963, 24.10691905512615207, 150.7726624999999956 ) ) ;
#1452 = CARTESIAN_POINT ( 'NONE',  ( 25.35278571007439652, 25.92570281008840993, 162.8402635786679582 ) ) ;
#1453 = CARTESIAN_POINT ( 'NONE',  ( 20.34651635759935218, 24.85242972453260180, 166.7893369565335036 ) ) ;
#1454 = CARTESIAN_POINT ( 'NONE',  ( 22.50134059061874936, 29.07102867403694901, 165.8426034372970150 ) ) ;
#1455 = CARTESIAN_POINT ( 'NONE',  ( 15.86717976420309917, 23.71085073658354858, 167.5693949771230109 ) ) ;
#1456 = CARTESIAN_POINT ( 'NONE',  ( 20.14525257540250180, 24.74635456221970387, 164.8023188514535207 ) ) ;
#1457 = DIRECTION ( 'NONE',  ( -0.4749331273209859705, 0.000000000000000000, 0.8800218886897689385 ) ) ;
#1458 = LINE ( 'NONE', #3443, #4801 ) ;
#1459 = CARTESIAN_POINT ( 'NONE',  ( 24.76690776155469820, 27.16457338259585086, 168.6592665426724977 ) ) ;
#1460 = CARTESIAN_POINT ( 'NONE',  ( 18.71894137962905091, 29.91085122389520023, 166.6841537248444922 ) ) ;
#1461 = ORIENTED_EDGE ( 'NONE', *, *, #2225, .T. ) ;
#1462 = CARTESIAN_POINT ( 'NONE',  ( 12.96385079454083922, 25.73140135411160045, 166.9869326073409752 ) ) ;
#1463 = CARTESIAN_POINT ( 'NONE',  ( 24.25148883137810074, 27.43429330099395003, 161.3133718750000014 ) ) ;
#1464 = CARTESIAN_POINT ( 'NONE',  ( 16.34906827375874983, 23.61802629583134916, 164.6113381398555191 ) ) ;
#1465 = B_SPLINE_CURVE_WITH_KNOTS ( 'NONE', 3,
 ( #2320, #4298, #3115, #647, #4111, #5605, #2660, #3059, #5032, #95 ),
 .UNSPECIFIED., .F., .F.,
 ( 4, 3, 3, 4 ),
 ( 0.000000000000000000, 0.0002694396443496645060, 0.0005287872195249959098, 0.0007881348444702828858 ),
 .UNSPECIFIED. ) ;
#1466 = CARTESIAN_POINT ( 'NONE',  ( 22.51485147631105121, 18.39382939171800047, 163.5922729166665022 ) ) ;
#1467 = CARTESIAN_POINT ( 'NONE',  ( 14.29061803476369974, 23.43876104626549761, 168.9067069220055259 ) ) ;
#1468 = CARTESIAN_POINT ( 'NONE',  ( 19.83118773148970249, 29.61750624334059978, 168.4639999999999986 ) ) ;
#1469 = FACE_OUTER_BOUND ( 'NONE', #6303, .T. ) ;
#1470 = CARTESIAN_POINT ( 'NONE',  ( 12.74220433263428021, 24.25515027989494854, 167.5914580389284936 ) ) ;
#1471 = ORIENTED_EDGE ( 'NONE', *, *, #3427, .T. ) ;
#1472 = CARTESIAN_POINT ( 'NONE',  ( 19.50313455751059877, 29.43995659639070084, 172.8268514322915053 ) ) ;
#1473 = CARTESIAN_POINT ( 'NONE',  ( 13.79816466577598177, 23.39581446655245145, 164.3942635164845001 ) ) ;
#1474 = CARTESIAN_POINT ( 'NONE',  ( 12.45062782502560061, 20.81116405537030190, 163.1202374999999734 ) ) ;
#1475 = CARTESIAN_POINT ( 'NONE',  ( 25.92048099531000105, 25.21976514326194874, 165.5964625000000012 ) ) ;
#1476 = CARTESIAN_POINT ( 'NONE',  ( 15.64958139706619811, 23.32123832661565288, 163.7739999461064997 ) ) ;
#1477 = CARTESIAN_POINT ( 'NONE',  ( 24.89908116716735265, 27.01805117139019785, 169.0015236668695309 ) ) ;
#1478 = CARTESIAN_POINT ( 'NONE',  ( 24.67217549557285139, 19.74161750609284738, 158.9385000000000048 ) ) ;
#1479 = CARTESIAN_POINT ( 'NONE',  ( 16.91833474911164714, 29.29839565819609959, 167.9969000000000108 ) ) ;
#1480 = CARTESIAN_POINT ( 'NONE',  ( 25.13588387310189987, 26.75760385318340084, 169.1617353527425109 ) ) ;
#1481 = ORIENTED_EDGE ( 'NONE', *, *, #612, .T. ) ;
#1482 = CARTESIAN_POINT ( 'NONE',  ( 29.27720918104369829, 24.74035031873244961, 170.0950772390870043 ) ) ;
#1483 = CARTESIAN_POINT ( 'NONE',  ( 24.62434856142230188, 25.88992898803549991, 155.4086583333335057 ) ) ;
#1484 = EDGE_CURVE ( 'NONE', #3048, #4641, #3127, .T. ) ;
#1485 = CARTESIAN_POINT ( 'NONE',  ( 15.81746025522164700, 23.54141685495104852, 163.8919774423185061 ) ) ;
#1486 = CARTESIAN_POINT ( 'NONE',  ( 24.51339639695860129, 23.84966410918240243, 150.7821874999999920 ) ) ;
#1487 = CARTESIAN_POINT ( 'NONE',  ( 15.46597760019805001, 23.51255929983775061, 168.3706926184759993 ) ) ;
#1488 = CARTESIAN_POINT ( 'NONE',  ( 24.67818585590545055, 27.35999918204970172, 166.2167206221554920 ) ) ;
#1489 = FACE_OUTER_BOUND ( 'NONE', #5477, .T. ) ;
#1490 = CARTESIAN_POINT ( 'NONE',  ( 12.97132528569092003, 23.16480510034109841, 165.2563361728699931 ) ) ;
#1491 = EDGE_CURVE ( 'NONE', #1640, #630, #4450, .T. ) ;
#1492 = CARTESIAN_POINT ( 'NONE',  ( 25.86800018169175175, 24.09636808505930006, 162.0848922449144993 ) ) ;
#1493 = B_SPLINE_CURVE_WITH_KNOTS ( 'NONE', 3,
 ( #3442, #2441, #5417, #1049, #1529 ),
 .UNSPECIFIED., .F., .F.,
 ( 4, 1, 4 ),
 ( 0.3809319574839334921, 0.5000000000000000000, 1.000000000000000000 ),
 .UNSPECIFIED. ) ;
#1494 = VECTOR ( 'NONE', #2489, 1000.000000000000000 ) ;
#1495 = LINE ( 'NONE', #1530, #3155 ) ;
#1496 = CARTESIAN_POINT ( 'NONE',  ( 13.16446920023185996, 25.87252492287294814, 167.6874124999999935 ) ) ;
#1497 = CARTESIAN_POINT ( 'NONE',  ( 26.38780707746814969, 22.81367622382654758, 170.8196499999999958 ) ) ;
#1498 = CARTESIAN_POINT ( 'NONE',  ( 28.48987037864295147, 25.36463866192039873, 163.0957657247455188 ) ) ;
#1499 = VERTEX_POINT ( 'NONE', #3068 ) ;
#1500 = DIRECTION ( 'NONE',  ( -0.9949093705772960039, 0.000000000000000000, 0.1007737284091867053 ) ) ;
#1501 = CARTESIAN_POINT ( 'NONE',  ( 13.07427501006850079, 22.45226662952600094, 168.5855999999999995 ) ) ;
#1502 = CARTESIAN_POINT ( 'NONE',  ( 24.55726444770590078, 27.12586770155360227, 161.9529088541664805 ) ) ;
#1503 = CARTESIAN_POINT ( 'NONE',  ( 16.16431571982594662, 23.66751664009624889, 166.0547285232034938 ) ) ;
#1504 = VECTOR ( 'NONE', #5519, 1000.000000000000114 ) ;
#1505 = CARTESIAN_POINT ( 'NONE',  ( 16.39336905768355024, 29.50326290168410281, 165.4316681461200176 ) ) ;
#1506 = FACE_OUTER_BOUND ( 'NONE', #5362, .T. ) ;
#1507 = CARTESIAN_POINT ( 'NONE',  ( 20.34717138068310049, 29.85323749792954828, 165.6554250000000081 ) ) ;
#1508 = CARTESIAN_POINT ( 'NONE',  ( 25.14201552828695085, 26.79138708401670144, 171.1282869791665178 ) ) ;
#1509 = CARTESIAN_POINT ( 'NONE',  ( 25.32885488978727295, 26.53675316104434145, 168.2800247963199070 ) ) ;
#1510 = ORIENTED_EDGE ( 'NONE', *, *, #2643, .T. ) ;
#1511 = CARTESIAN_POINT ( 'NONE',  ( 26.23438612306749818, 24.68745918863940148, 168.6272916666665083 ) ) ;
#1512 = CARTESIAN_POINT ( 'NONE',  ( 24.60426859683229850, 27.32546872436570240, 164.7162509981784808 ) ) ;
#1513 = CARTESIAN_POINT ( 'NONE',  ( 12.40866795560380176, 21.77561006380179975, 164.5638527777780098 ) ) ;
#1514 = CARTESIAN_POINT ( 'NONE',  ( 25.97654051862864932, 25.40398367721660122, 167.9588895833335300 ) ) ;
#1515 = CARTESIAN_POINT ( 'NONE',  ( 24.80994832278920015, 27.11090604792324754, 169.0488623570234950 ) ) ;
#1516 = CARTESIAN_POINT ( 'NONE',  ( 24.13661495455314920, 19.04584446162889932, 157.4673666666664928 ) ) ;
#1517 = CARTESIAN_POINT ( 'NONE',  ( 16.32690555710434666, 28.89871747410095182, 168.8477000000000032 ) ) ;
#1518 = ORIENTED_EDGE ( 'NONE', *, *, #2405, .T. ) ;
#1519 = CARTESIAN_POINT ( 'NONE',  ( 15.01436275463289860, 23.48141158895525038, 168.5145366191679841 ) ) ;
#1520 = B_SPLINE_SURFACE_WITH_KNOTS ( 'NONE', 3, 1, ( 
 ( #4475, #3561 ),
 ( #3187, #5161 ),
 ( #120, #733 ),
 ( #2034, #3984 ),
 ( #3699, #4995 ),
 ( #5975, #3506 ),
 ( #5483, #4679 ),
 ( #6140, #2989 ),
 ( #35, #5543 ),
 ( #3022, #5027 ),
 ( #1701, #3079 ),
 ( #1526, #1102 ),
 ( #2535, #3053 ),
 ( #5054, #5518 ),
 ( #1044, #524 ) ),
 .UNSPECIFIED., .F., .F., .F.,
 ( 4, 1, 1, 1, 1, 1, 1, 1, 1, 1, 1, 1, 4 ),
 ( 2, 2 ),
 ( 0.000000000000000000, 0.1170545021900040034, 0.2282050089065049969, 0.3366064674684340341, 0.4459997066639425078, 0.5023426402777799726, 0.5617913897895140396, 0.6242509014455109861, 0.6906597913806249434, 0.7613222425377920155, 0.8360764526884569836, 0.9155783752575910039, 1.000000000000000000 ),
 ( 0.000000000000000000, 1.000000000000000000 ),
 .UNSPECIFIED. ) ;
#1521 = CARTESIAN_POINT ( 'NONE',  ( 23.69043172902805239, 25.38949172930799847, 148.7947865248210064 ) ) ;
#1522 = CARTESIAN_POINT ( 'NONE',  ( 24.23702842039384819, 23.71709543135079912, 149.2213749999999948 ) ) ;
#1523 = CARTESIAN_POINT ( 'NONE',  ( 25.11382041610094973, 26.25567242196814988, 162.0609862187195063 ) ) ;
#1524 = B_SPLINE_CURVE_WITH_KNOTS ( 'NONE', 3,
 ( #491, #1971, #5940, #3469, #5446, #1012, #4070, #63, #2033, #671, #553, #2653, #5572, #1618, #580, #4136, #5053 ),
 .UNSPECIFIED., .F., .F.,
 ( 4, 1, 1, 1, 2, 2, 2, 2, 2, 4 ),
 ( 0.000000000000000000, 0.1249999999999859279, 0.1874999999999785727, 0.2187499999999765465, 0.2343749999999755196, 0.2499999999999745204, 0.3749999999999809597, 0.4999999999999874545, 0.7499999999999936717, 1.000000000000000000 ),
 .UNSPECIFIED. ) ;
#1525 = FACE_OUTER_BOUND ( 'NONE', #6228, .T. ) ;
#1526 = CARTESIAN_POINT ( 'NONE',  ( 14.03044546596018094, 23.57620459074635022, 167.9771593753015111 ) ) ;
#1527 = EDGE_CURVE ( 'NONE', #2664, #4312, #3663, .T. ) ;
#1528 = CARTESIAN_POINT ( 'NONE',  ( 25.97660516704600298, 25.46456311815265039, 169.1424290191449984 ) ) ;
#1529 = CARTESIAN_POINT ( 'NONE',  ( 25.63064881779384763, 25.26852810487180179, 162.8442068918594998 ) ) ;
#1530 = CARTESIAN_POINT ( 'NONE',  ( 28.85676399253129887, 25.55800827477359860, 166.7179984259145158 ) ) ;
#1531 = CARTESIAN_POINT ( 'NONE',  ( 24.52383356090520294, 27.39635232484585003, 164.1966812500000117 ) ) ;
#1532 = CARTESIAN_POINT ( 'NONE',  ( 25.46794593040864996, 24.98016958265915122, 160.0473128457895200 ) ) ;
#1533 = EDGE_LOOP ( 'NONE', ( #4674, #71, #5185, #728, #371, #4760 ) ) ;
#1534 = EDGE_CURVE ( 'NONE', #1297, #2213, #1147, .T. ) ;
#1535 = CARTESIAN_POINT ( 'NONE',  ( 15.65857653717904796, 23.41780206615555215, 165.9056710294040045 ) ) ;
#1536 = CARTESIAN_POINT ( 'NONE',  ( 25.18807710961715074, 26.11302028208629977, 162.0583602711400033 ) ) ;
#1537 = CARTESIAN_POINT ( 'NONE',  ( 16.43567225805825061, 23.64126321610464743, 164.9678385031870107 ) ) ;
#1538 = CARTESIAN_POINT ( 'NONE',  ( 17.21826720790005183, 29.74732482175825155, 164.8318190423904923 ) ) ;
#1539 = CARTESIAN_POINT ( 'NONE',  ( 18.81570679328535078, 29.49575820978419927, 170.1418749999999989 ) ) ;
#1540 = CARTESIAN_POINT ( 'NONE',  ( 24.82800132163089657, 20.33155936041945111, 163.2051187500000253 ) ) ;
#1541 = CARTESIAN_POINT ( 'NONE',  ( 14.92930457271349987, 23.49758481277419619, 169.0319641500154830 ) ) ;
#1542 = FACE_OUTER_BOUND ( 'NONE', #5841, .T. ) ;
#1543 = CARTESIAN_POINT ( 'NONE',  ( 25.68855002255732956, 25.95909330333839549, 167.3631089861786734 ) ) ;
#1544 = EDGE_LOOP ( 'NONE', ( #3550, #5405, #3358, #5492, #331, #2384, #5254, #785, #6301, #3771 ) ) ;
#1545 = CARTESIAN_POINT ( 'NONE',  ( 17.48343614491176368, 29.79836338440995291, 164.8022356043499030 ) ) ;
#1546 = CARTESIAN_POINT ( 'NONE',  ( 12.81780471225540019, 26.92545787247660272, 163.7965500000000247 ) ) ;
#1547 = CARTESIAN_POINT ( 'NONE',  ( 25.99779044185445187, 22.49375944723519893, 164.1355999999999824 ) ) ;
#1548 = CARTESIAN_POINT ( 'NONE',  ( 11.99598699323800055, 26.36607619630689925, 161.1382833333335043 ) ) ;
#1549 = CARTESIAN_POINT ( 'NONE',  ( 21.47813651727790329, 29.21011129693109964, 169.0797013020834925 ) ) ;
#1550 = CARTESIAN_POINT ( 'NONE',  ( 23.33597102075339791, 19.41682395401319638, 150.4663999999999930 ) ) ;
#1551 = CARTESIAN_POINT ( 'NONE',  ( 17.30152597116284952, 29.63804182577115043, 166.5187861111110124 ) ) ;
#1552 = ORIENTED_EDGE ( 'NONE', *, *, #3427, .F. ) ;
#1553 = CARTESIAN_POINT ( 'NONE',  ( 25.48896846724884924, 25.33552135413235007, 161.6453170678380218 ) ) ;
#1554 = CARTESIAN_POINT ( 'NONE',  ( 23.86720454139264902, 25.22197375950289810, 149.3038784130490058 ) ) ;
#1555 = CARTESIAN_POINT ( 'NONE',  ( 24.04327591031350053, 23.85597138358365044, 148.1526071180553856 ) ) ;
#1556 = CARTESIAN_POINT ( 'NONE',  ( 26.06401852854573065, 24.21786451565898446, 164.4247203495574752 ) ) ;
#1557 = DIRECTION ( 'NONE',  ( 0.1006318910984311671, 0.05303758115645620941, 0.9935090525400490646 ) ) ;
#1558 = CARTESIAN_POINT ( 'NONE',  ( 16.38426133199619983, 23.74394492775665100, 167.3475502253095044 ) ) ;
#1559 = CARTESIAN_POINT ( 'NONE',  ( 24.84135429091294966, 26.93646902245779984, 164.2097364604384779 ) ) ;
#1560 = CARTESIAN_POINT ( 'NONE',  ( 15.37397067264564932, 23.64110796025699912, 166.9316521599484986 ) ) ;
#1561 = CARTESIAN_POINT ( 'NONE',  ( 15.51694973535269995, 23.45532040765969839, 167.0028003600695001 ) ) ;
#1562 = CARTESIAN_POINT ( 'NONE',  ( 12.55973677516834286, 23.19446666674037161, 166.6788913614174135 ) ) ;
#1563 = ORIENTED_EDGE ( 'NONE', *, *, #3687, .T. ) ;
#1564 = CARTESIAN_POINT ( 'NONE',  ( 15.43536298596159995, 23.40730207365719906, 166.0856694409424961 ) ) ;
#1565 = CARTESIAN_POINT ( 'NONE',  ( 24.36129214615790062, 27.11104602787040108, 160.1240250000000174 ) ) ;
#1566 = CARTESIAN_POINT ( 'NONE',  ( 12.86088841985852049, 25.42563175879809734, 167.0136848328340307 ) ) ;
#1567 = CARTESIAN_POINT ( 'NONE',  ( 18.48969500174860059, 29.95358971006015381, 165.1952923545194949 ) ) ;
#1568 = CARTESIAN_POINT ( 'NONE',  ( 15.75517606439924911, 23.42037634755175191, 165.7839503483940291 ) ) ;
#1569 = CARTESIAN_POINT ( 'NONE',  ( 13.54611097007630072, 23.15402813383479952, 163.9515289727785046 ) ) ;
#1570 = CARTESIAN_POINT ( 'NONE',  ( 15.11418745368340133, 23.48918546616985026, 168.5025198787410261 ) ) ;
#1571 = ORIENTED_EDGE ( 'NONE', *, *, #2991, .F. ) ;
#1572 = CARTESIAN_POINT ( 'NONE',  ( 16.99892485997807867, 29.68709900678192426, 164.8572511879318370 ) ) ;
#1573 = CARTESIAN_POINT ( 'NONE',  ( 12.15711096993983986, 23.99017841389409966, 164.5470500000000129 ) ) ;
#1574 = CARTESIAN_POINT ( 'NONE',  ( 25.67335606893150057, 21.69729976551209916, 163.5561000000000149 ) ) ;
#1575 = CARTESIAN_POINT ( 'NONE',  ( 13.30727671808968005, 26.98059047659065257, 165.3756603542000221 ) ) ;
#1576 = CARTESIAN_POINT ( 'NONE',  ( 24.73797148458615069, 27.21533379480274917, 167.8724642361110000 ) ) ;
#1577 = CARTESIAN_POINT ( 'NONE',  ( 23.28657046814894827, 18.58270023121569992, 153.6624999999999943 ) ) ;
#1578 = CARTESIAN_POINT ( 'NONE',  ( 18.53673724552475122, 29.94025749889319954, 165.4504317864980010 ) ) ;
#1579 = CARTESIAN_POINT ( 'NONE',  ( 12.59234227306011888, 25.15416291685304984, 166.0488444620155235 ) ) ;
#1580 = ORIENTED_EDGE ( 'NONE', *, *, #4463, .F. ) ;
#1581 = CARTESIAN_POINT ( 'NONE',  ( 23.96004202096205304, 24.66976162795189964, 148.7814210780799726 ) ) ;
#1582 = CARTESIAN_POINT ( 'NONE',  ( 24.37015539206619863, 23.78844525752165140, 150.0045125000000041 ) ) ;
#1583 = CARTESIAN_POINT ( 'NONE',  ( 22.79724377306154892, 28.89301619815394773, 165.8221346296475076 ) ) ;
#1584 = CARTESIAN_POINT ( 'NONE',  ( 18.16875957743910419, 23.81084854189149880, 167.0655244043919936 ) ) ;
#1585 = CARTESIAN_POINT ( 'NONE',  ( 16.18136101060624910, 23.70782703104485023, 166.9199654025600239 ) ) ;
#1586 = B_SPLINE_CURVE_WITH_KNOTS ( 'NONE', 3,
 ( #1905, #6325, #3843, #3884 ),
 .UNSPECIFIED., .F., .F.,
 ( 4, 4 ),
 ( 0.000000000000000000, 1.000000000000000000 ),
 .UNSPECIFIED. ) ;
#1587 = LINE ( 'NONE', #711, #6148 ) ;
#1588 = CARTESIAN_POINT ( 'NONE',  ( 13.05292278187289945, 26.47889684149144784, 165.9314728383290003 ) ) ;
#1589 = CARTESIAN_POINT ( 'NONE',  ( 13.38629000444571382, 23.43342950389799029, 170.4637556523910860 ) ) ;
#1590 = CARTESIAN_POINT ( 'NONE',  ( 24.67818585590545055, 27.35999918204970172, 166.2167206221554920 ) ) ;
#1591 = CARTESIAN_POINT ( 'NONE',  ( 12.75351620342416048, 25.52768716800560256, 166.2996277777775163 ) ) ;
#1592 = AXIS2_PLACEMENT_3D ( 'NONE', #3395, #3770, #3877 ) ;
#1593 = CARTESIAN_POINT ( 'NONE',  ( 16.35335054596604820, 23.53396817156639997, 167.2027471176854760 ) ) ;
#1594 = VERTEX_POINT ( 'NONE', #4613 ) ;
#1595 = CARTESIAN_POINT ( 'NONE',  ( 18.05801543622134986, 29.83982485421699948, 166.2516234882104982 ) ) ;
#1596 = CARTESIAN_POINT ( 'NONE',  ( 25.11199922700914655, 26.23823937862579925, 161.9299633196790182 ) ) ;
#1597 = CIRCLE ( 'NONE', #5429, 1.749999999999996447 ) ;
#1598 = CARTESIAN_POINT ( 'NONE',  ( 14.69659265307965867, 23.45449644692575220, 168.5045402227149793 ) ) ;
#1599 = CARTESIAN_POINT ( 'NONE',  ( 13.15477812646403954, 25.13339650415359827, 168.8871392795024917 ) ) ;
#1600 = CARTESIAN_POINT ( 'NONE',  ( 25.53656077719890050, 24.74354357772180180, 160.0348834656304859 ) ) ;
#1601 = CARTESIAN_POINT ( 'NONE',  ( 25.88525389195169879, 25.79620428426189704, 171.4957149305555220 ) ) ;
#1602 = CARTESIAN_POINT ( 'NONE',  ( 25.76763620349794692, 25.72134220396920057, 166.3791750000000036 ) ) ;
#1603 = CARTESIAN_POINT ( 'NONE',  ( 15.83450691091355189, 23.72274133436359733, 167.8944763626110159 ) ) ;
#1604 = CIRCLE ( 'NONE', #4078, 5.780949497268990989 ) ;
#1605 = ORIENTED_EDGE ( 'NONE', *, *, #4806, .T. ) ;
#1606 = CARTESIAN_POINT ( 'NONE',  ( 25.98239467647049850, 23.85098279427144519, 162.8784888888889952 ) ) ;
#1607 = EDGE_CURVE ( 'NONE', #1235, #5923, #1410, .T. ) ;
#1608 = CARTESIAN_POINT ( 'NONE',  ( 25.82714849784959910, 21.79635237317714669, 164.9846000000000004 ) ) ;
#1609 = CARTESIAN_POINT ( 'NONE',  ( 14.52347368707170006, 28.36022432931140003, 165.1788220437015013 ) ) ;
#1610 = VECTOR ( 'NONE', #5826, 1000.000000000000114 ) ;
#1611 = CARTESIAN_POINT ( 'NONE',  ( 22.65172367198444903, 28.77674162704590088, 168.0423749999999927 ) ) ;
#1612 = CARTESIAN_POINT ( 'NONE',  ( 25.79252047350690091, 22.31278136260300116, 162.1897729166664988 ) ) ;
#1613 = CARTESIAN_POINT ( 'NONE',  ( 12.91043860811206123, 26.01927873284839876, 166.1437953125000035 ) ) ;
#1614 = ORIENTED_EDGE ( 'NONE', *, *, #1797, .T. ) ;
#1615 = ADVANCED_FACE ( 'NONE', ( #2581 ), #2672, .F. ) ;
#1616 = CARTESIAN_POINT ( 'NONE',  ( 24.75183223482455119, 25.07531024456270075, 153.8575833333334799 ) ) ;
#1617 = CARTESIAN_POINT ( 'NONE',  ( 25.76323952804935047, 23.51037941034275036, 160.1486500000000035 ) ) ;
#1618 = CARTESIAN_POINT ( 'NONE',  ( 20.24051982364763447, 29.88490360729801054, 164.5183525054688971 ) ) ;
#1619 = CARTESIAN_POINT ( 'NONE',  ( 15.68790101810430038, 23.64969321894669818, 166.5409623367350207 ) ) ;
#1620 = CARTESIAN_POINT ( 'NONE',  ( 12.83392258690185983, 25.17268086846890185, 167.5331864164585056 ) ) ;
#1621 = CARTESIAN_POINT ( 'NONE',  ( 16.43148786240974957, 23.43389881797179797, 164.8316324667080153 ) ) ;
#1622 = B_SPLINE_CURVE_WITH_KNOTS ( 'NONE', 3,
 ( #5545, #5662, #1652, #5029, #1105, #2098, #3594, #645, #6149, #4109, #6089, #5601, #1191, #2656, #4625, #6031, #1135, #210, #5085, #4538, #4567, #4075, #1709, #5631, #4599 ),
 .UNSPECIFIED., .F., .F.,
 ( 4, 2, 2, 1, 2, 2, 2, 2, 2, 2, 2, 2, 4 ),
 ( 0.000000000000000000, 0.1249999999999946709, 0.1874999999999914235, 0.2187499999999902578, 0.2343749999999900635, 0.2499999999999898415, 0.3749999999999995559, 0.4375000000000044409, 0.5000000000000093259, 0.6250000000000197620, 0.6875000000000249800, 0.7500000000000301981, 1.000000000000000000 ),
 .UNSPECIFIED. ) ;
#1623 = CARTESIAN_POINT ( 'NONE',  ( 13.66950385902219445, 25.33953949434838293, 171.0810361781859399 ) ) ;
#1624 = CARTESIAN_POINT ( 'NONE',  ( 24.81089004042985025, 27.06791259934104943, 164.7090718459510015 ) ) ;
#1625 = CARTESIAN_POINT ( 'NONE',  ( 14.68000954013732162, 23.65360672918234997, 168.4955905934029943 ) ) ;
#1626 = CARTESIAN_POINT ( 'NONE',  ( 25.63064881779384763, 25.26852810487180179, 162.8442068918594998 ) ) ;
#1627 = CARTESIAN_POINT ( 'NONE',  ( 15.76060475060320165, 23.68762146581065053, 167.2500698885470172 ) ) ;
#1628 = CARTESIAN_POINT ( 'NONE',  ( 14.12848079802540013, 25.66049939911550126, 173.0808446469609976 ) ) ;
#1629 = CARTESIAN_POINT ( 'NONE',  ( 13.33539423062205920, 25.49879360858485100, 169.2485666666665054 ) ) ;
#1630 = ORIENTED_EDGE ( 'NONE', *, *, #5124, .T. ) ;
#1631 = CARTESIAN_POINT ( 'NONE',  ( 18.71369335244360244, 29.97222721929644962, 165.1716087595070235 ) ) ;
#1632 = CARTESIAN_POINT ( 'NONE',  ( 24.27940523827714969, 26.32862948393485070, 154.6359124999999892 ) ) ;
#1633 = LINE ( 'NONE', #132, #1494 ) ;
#1634 = CARTESIAN_POINT ( 'NONE',  ( 12.63856837813150058, 24.22444347793170039, 167.1003278351685140 ) ) ;
#1635 = B_SPLINE_CURVE_WITH_KNOTS ( 'NONE', 3,
 ( #6113, #3162, #4650, #202, #407, #3868, #5854, #826, #895, #4876, #3318, #1406, #4254, #1787, #445, #5785, #4742, #5257, #3388 ),
 .UNSPECIFIED., .F., .F.,
 ( 4, 1, 1, 1, 1, 1, 1, 1, 1, 1, 1, 1, 1, 1, 1, 1, 4 ),
 ( 0.000000000000000000, 0.07011897031377530010, 0.1396727653236596034, 0.2098490443790640148, 0.2823746246323365350, 0.3554290581924799963, 0.4270435639565355324, 0.4986631727102079914, 0.5717759464810080461, 0.6110907886149120616, 0.6537407794093970104, 0.7007676540249340169, 0.7515028917522380558, 0.8073058684848890554, 0.8670559117062129895, 0.9314304814724609916, 1.000000000000000000 ),
 .UNSPECIFIED. ) ;
#1636 = CARTESIAN_POINT ( 'NONE',  ( 13.66074027300010130, 23.15942206250264945, 163.8591314009339897 ) ) ;
#1637 = CARTESIAN_POINT ( 'NONE',  ( 25.86394433646350066, 25.75000371847169944, 169.9278250000000128 ) ) ;
#1638 = CARTESIAN_POINT ( 'NONE',  ( 25.16091362069520088, 26.72919588433884996, 169.0302959394755078 ) ) ;
#1639 = CARTESIAN_POINT ( 'NONE',  ( 15.87080634971455062, 23.52172138108159771, 167.8244067196475271 ) ) ;
#1640 = VERTEX_POINT ( 'NONE', #1117 ) ;
#1641 = CARTESIAN_POINT ( 'NONE',  ( 24.90109318218090095, 20.43613183464434968, 163.1907013888890106 ) ) ;
#1642 = CARTESIAN_POINT ( 'NONE',  ( 24.47145964917539729, 27.47173851618554963, 167.8890958333334993 ) ) ;
#1643 = CARTESIAN_POINT ( 'NONE',  ( 23.97311398510484892, 19.17073012409730026, 161.2835687500000006 ) ) ;
#1644 = CARTESIAN_POINT ( 'NONE',  ( 18.45939675616304854, 29.96238064575545224, 165.0300841091334973 ) ) ;
#1645 = VERTEX_POINT ( 'NONE', #5166 ) ;
#1646 = CARTESIAN_POINT ( 'NONE',  ( 25.31451349572759923, 25.45792785952944826, 160.2669446305919791 ) ) ;
#1647 = CARTESIAN_POINT ( 'NONE',  ( 21.38046105277480180, 29.76863850202880002, 162.7584808384945063 ) ) ;
#1648 = ADVANCED_FACE ( 'NONE', ( #1216 ), #5746, .T. ) ;
#1649 = CARTESIAN_POINT ( 'NONE',  ( 24.11864677534200041, 22.10710350761859999, 148.3053458333331776 ) ) ;
#1650 = CARTESIAN_POINT ( 'NONE',  ( 24.81089004042985025, 27.06791259934104943, 164.7090718459510015 ) ) ;
#1651 = CARTESIAN_POINT ( 'NONE',  ( 16.44607559304495226, 23.64539805645415171, 165.0405531964219961 ) ) ;
#1652 = CARTESIAN_POINT ( 'NONE',  ( 13.39259558062145494, 25.55949437985671224, 169.4191746081732219 ) ) ;
#1653 = DIRECTION ( 'NONE',  ( 0.08291556471174016396, -0.9955514112831506113, 0.04474814656117568484 ) ) ;
#1654 = CARTESIAN_POINT ( 'NONE',  ( 13.04571359679886022, 23.33725494584560067, 168.9551427372529986 ) ) ;
#1655 = LINE ( 'NONE', #3626, #995 ) ;
#1656 = CARTESIAN_POINT ( 'NONE',  ( 12.75351620342416048, 25.52768716800560256, 166.2996277777775163 ) ) ;
#1657 = ORIENTED_EDGE ( 'NONE', *, *, #1688, .T. ) ;
#1658 = CARTESIAN_POINT ( 'NONE',  ( 15.52447285471890126, 28.87387668969905263, 166.5598106502104940 ) ) ;
#1659 = CARTESIAN_POINT ( 'NONE',  ( 12.95250211521210026, 20.71632530841450404, 165.0704482638890056 ) ) ;
#1660 = CARTESIAN_POINT ( 'NONE',  ( 23.93514395368705294, 25.75024272991094776, 150.8787059027779947 ) ) ;
#1661 = CARTESIAN_POINT ( 'NONE',  ( 12.96285187810575223, 24.56376763869455004, 168.4766916442902129 ) ) ;
#1662 = CARTESIAN_POINT ( 'NONE',  ( 25.41199357665545122, 24.66810183901684894, 158.5442083333335006 ) ) ;
#1663 = CARTESIAN_POINT ( 'NONE',  ( 13.25670061125320132, 23.14532740450184889, 164.2942157910509877 ) ) ;
#1664 = CARTESIAN_POINT ( 'NONE',  ( 11.83175845737149956, 23.99268912625994687, 162.4747000000000128 ) ) ;
#1665 = CARTESIAN_POINT ( 'NONE',  ( 25.86779042168349818, 25.71945073601679965, 169.2725041666664936 ) ) ;
#1666 = CARTESIAN_POINT ( 'NONE',  ( 25.16122008029850221, 26.42932725539645133, 163.6369137863134995 ) ) ;
#1667 = CARTESIAN_POINT ( 'NONE',  ( 25.78823494591694754, 25.18958168984094925, 164.2070835281114967 ) ) ;
#1668 = VERTEX_POINT ( 'NONE', #1381 ) ;
#1669 = CARTESIAN_POINT ( 'NONE',  ( 23.31816474567417785, 28.51306016106764574, 164.2798544566466035 ) ) ;
#1670 = CARTESIAN_POINT ( 'NONE',  ( 25.14741780634319923, 24.51471521592664615, 155.4231791666665004 ) ) ;
#1671 = CARTESIAN_POINT ( 'NONE',  ( 24.27402694113139958, 19.66349907529789931, 162.5203520833335062 ) ) ;
#1672 = DIRECTION ( 'NONE',  ( 0.9914626728336710659, 0.07787427352598336183, -0.1045818621956662309 ) ) ;
#1673 = ORIENTED_EDGE ( 'NONE', *, *, #3777, .T. ) ;
#1674 = DIRECTION ( 'NONE',  ( -0.1006318910984306259, -0.05303758115645541837, -0.9935090525400491757 ) ) ;
#1675 = CARTESIAN_POINT ( 'NONE',  ( 21.31776308136924669, 29.72205294407010356, 163.9605189518009922 ) ) ;
#1676 = CARTESIAN_POINT ( 'NONE',  ( 24.20227853807834961, 22.77269191099560075, 148.6345805555554023 ) ) ;
#1677 = CARTESIAN_POINT ( 'NONE',  ( 24.44632959365570102, 27.61634017081340176, 166.2265206618365312 ) ) ;
#1678 = CARTESIAN_POINT ( 'NONE',  ( 16.60158519967485091, 29.42898804958549874, 166.4210765182500040 ) ) ;
#1679 = EDGE_CURVE ( 'NONE', #1303, #4847, #5056, .T. ) ;
#1680 = CARTESIAN_POINT ( 'NONE',  ( 25.62342044800250207, 24.98184753927669988, 161.7794081780064914 ) ) ;
#1681 = LINE ( 'NONE', #124, #3244 ) ;
#1682 = CARTESIAN_POINT ( 'NONE',  ( 12.80424477864534083, 25.84057835457544883, 165.9907373273059932 ) ) ;
#1683 = CARTESIAN_POINT ( 'NONE',  ( 12.67722318248882019, 25.53297893309329680, 165.9151506944445202 ) ) ;
#1684 = EDGE_LOOP ( 'NONE', ( #1773, #4468, #6336 ) ) ;
#1685 = CARTESIAN_POINT ( 'NONE',  ( 16.09617936607120114, 23.57116190900719843, 168.5067513255210088 ) ) ;
#1686 = CARTESIAN_POINT ( 'NONE',  ( 13.80603888693873849, 20.67374619363215160, 168.8348749358644909 ) ) ;
#1687 = CARTESIAN_POINT ( 'NONE',  ( 24.07171253956195045, 26.24999521325490193, 153.0847375000000170 ) ) ;
#1688 = EDGE_CURVE ( 'NONE', #851, #1749, #4195, .T. ) ;
#1689 = CARTESIAN_POINT ( 'NONE',  ( 13.00315239533799527, 24.73193275691470205, 168.5513843341521749 ) ) ;
#1690 = CARTESIAN_POINT ( 'NONE',  ( 25.47323476038929968, 24.70761074565755067, 159.3252500000000111 ) ) ;
#1691 = CARTESIAN_POINT ( 'NONE',  ( 13.78427435536854162, 23.16612021237705221, 163.7792499775680142 ) ) ;
#1692 = CARTESIAN_POINT ( 'NONE',  ( 26.18080623814799779, 25.18512907167150061, 171.3678208333334965 ) ) ;
#1693 = CARTESIAN_POINT ( 'NONE',  ( 15.80097649560885031, 23.72333850027535007, 167.9698918366719909 ) ) ;
#1694 = VERTEX_POINT ( 'NONE', #3920 ) ;
#1695 = CARTESIAN_POINT ( 'NONE',  ( 11.86861946375776000, 21.72352056844909995, 161.1787388888890007 ) ) ;
#1696 = CARTESIAN_POINT ( 'NONE',  ( 21.82846829151474921, 29.11705007438474624, 168.6504562499999906 ) ) ;
#1697 = CARTESIAN_POINT ( 'NONE',  ( 23.89732321788764935, 18.80439564690299648, 159.0946020833335126 ) ) ;
#1698 = CARTESIAN_POINT ( 'NONE',  ( 18.48971770969685124, 29.95357091921394854, 165.1957422364895081 ) ) ;
#1699 = VECTOR ( 'NONE', #231, 1000.000000000000000 ) ;
#1700 = CARTESIAN_POINT ( 'NONE',  ( 19.38709090915880040, 29.99050937071579881, 165.1024247792429946 ) ) ;
#1701 = CARTESIAN_POINT ( 'NONE',  ( 14.08717707117711981, 23.58489996605420203, 168.0654928679614954 ) ) ;
#1702 = VERTEX_POINT ( 'NONE', #947 ) ;
#1703 = CARTESIAN_POINT ( 'NONE',  ( 25.07879358052949925, 26.14036583479050080, 161.1082545998689852 ) ) ;
#1704 = VECTOR ( 'NONE', #525, 1000.000000000000000 ) ;
#1705 = CARTESIAN_POINT ( 'NONE',  ( 25.85025904347885017, 22.98874533490609906, 161.3555000000000064 ) ) ;
#1706 = CARTESIAN_POINT ( 'NONE',  ( 13.37372300292294014, 25.00377767400119922, 170.0446249999999964 ) ) ;
#1707 = CARTESIAN_POINT ( 'NONE',  ( 13.47944370480212051, 23.20470664594239807, 165.2025487914855262 ) ) ;
#1708 = DIRECTION ( 'NONE',  ( -0.9949093705772957819, 0.000000000000000000, 0.1007737284091891061 ) ) ;
#1709 = CARTESIAN_POINT ( 'NONE',  ( 13.65543491080605243, 25.60536063127386441, 170.5862106352640239 ) ) ;
#1710 = CARTESIAN_POINT ( 'NONE',  ( 18.43937905621944751, 29.92707091939974973, 164.6985378282520003 ) ) ;
#1711 = CARTESIAN_POINT ( 'NONE',  ( 14.06568477332375977, 26.16469472496735094, 171.5057625000000030 ) ) ;
#1712 = ADVANCED_FACE ( 'NONE', ( #465 ), #3408, .F. ) ;
#1713 = CARTESIAN_POINT ( 'NONE',  ( 13.53419823967418090, 25.61308242863114870, 170.0076750000000061 ) ) ;
#1714 = FACE_OUTER_BOUND ( 'NONE', #4452, .T. ) ;
#1715 = CARTESIAN_POINT ( 'NONE',  ( 12.82746250843203839, 20.94378070005880232, 165.0768739583335218 ) ) ;
#1716 = CARTESIAN_POINT ( 'NONE',  ( 24.36794858802450037, 26.35937094966975280, 155.4138125000000059 ) ) ;
#1717 = CARTESIAN_POINT ( 'NONE',  ( 25.03939025165555066, 26.14469442976590230, 160.7529541666665125 ) ) ;
#1718 = CARTESIAN_POINT ( 'NONE',  ( 24.54172304883524802, 24.42156902714155109, 151.5411666666664985 ) ) ;
#1719 = EDGE_CURVE ( 'NONE', #1732, #1850, #1493, .T. ) ;
#1720 = CARTESIAN_POINT ( 'NONE',  ( 25.52344774725775167, 25.15886203697500179, 161.2757717775614879 ) ) ;
#1721 = CARTESIAN_POINT ( 'NONE',  ( 25.51219895007050198, 25.32497604020779747, 161.8844572049960107 ) ) ;
#1722 = CARTESIAN_POINT ( 'NONE',  ( 25.27593275123559735, 26.59504680713455116, 167.1843500000000233 ) ) ;
#1723 = B_SPLINE_SURFACE_WITH_KNOTS ( 'NONE', 3, 3, ( 
 ( #376, #2424, #3459, #1514, #5368, #4434, #5473, #2350, #4366, #2977, #965, #4913 ),
 ( #2943, #931, #1894, #2910, #3870, #1992, #1475, #5433, #6387, #1931, #5893, #4951 ),
 ( #1442, #2490, #5963, #3098, #4616, #573, #2555, #4127, #3641, #53, #5043, #3551 ),
 ( #5960, #4461, #1511, #5071, #2614, #4059, #3457, #5531, #1989, #597, #5014, #5559 ),
 ( #3493, #2583, #4587, #3040, #4491, #5469, #6046, #999, #1032, #5507, #3009, #1606 ),
 ( #3580, #4981, #541, #1123, #2519, #2022, #4001, #1065, #571, #140, #2117, #4094 ),
 ( #2553, #4816, #2358, #3735, #4336, #906, #5692, #1417, #1547, #6021, #3128, #4983 ),
 ( #5533, #4588, #2616, #2052, #4030, #3043, #4060, #1608, #6356, #1574, #4096, #3581 ),
 ( #3399, #5044, #5015, #663, #142, #598, #3610, #3011, #4525, #2584, #2084, #4552 ),
 ( #109, #543, #5472, #5560, #1124, #3097, #2642, #5072, #632, #2118, #6075, #1641 ),
 ( #2521, #5590, #1151, #1033, #3881, #4493, #5863, #52, #2023, #4003, #6275, #6312 ),
 ( #3833, #2836, #5852, #4837, #332, #4805, #3903, #962, #4910, #5292, #4398, #5924 ) ),
 .UNSPECIFIED., .F., .F., .F.,
 ( 4, 1, 1, 1, 1, 1, 1, 1, 1, 4 ),
 ( 4, 1, 1, 1, 1, 1, 1, 1, 1, 4 ),
 ( 0.000000000000000000, 1.000000000000000000, 2.000000000000000000, 3.000000000000000000, 5.000000000000000000, 7.000000000000000000, 9.000000000000000000, 11.00000000000000000, 13.00000000000000000, 14.00000000000000000 ),
 ( 0.000000000000000000, 1.000000000000000000, 3.000000000000000000, 5.000000000000000000, 7.000000000000000000, 9.000000000000000000, 11.00000000000000000, 13.00000000000000000, 15.00000000000000000, 16.00000000000000000 ),
 .UNSPECIFIED. ) ;
#1724 = CARTESIAN_POINT ( 'NONE',  ( 12.31889127095863934, 24.64604274235874826, 165.1792868055554777 ) ) ;
#1725 = ORIENTED_EDGE ( 'NONE', *, *, #4716, .F. ) ;
#1726 = FACE_OUTER_BOUND ( 'NONE', #2835, .T. ) ;
#1727 = CARTESIAN_POINT ( 'NONE',  ( 21.33070715171924903, 29.63360537904780045, 165.2885673611110064 ) ) ;
#1728 = CARTESIAN_POINT ( 'NONE',  ( 19.15900606498718872, 29.94292769550971300, 166.6378674833230207 ) ) ;
#1729 = CARTESIAN_POINT ( 'NONE',  ( 21.02819543069000119, 29.73333479668904999, 165.1879794780240047 ) ) ;
#1730 = CARTESIAN_POINT ( 'NONE',  ( 14.74987390088972283, 28.26065203103142665, 167.1742723993082507 ) ) ;
#1731 = CARTESIAN_POINT ( 'NONE',  ( 14.58019088300147992, 23.24484019548610192, 164.0558183469734956 ) ) ;
#1732 = VERTEX_POINT ( 'NONE', #3848 ) ;
#1733 = CARTESIAN_POINT ( 'NONE',  ( 25.18245589573587750, 25.82889824405918233, 160.5941100166757565 ) ) ;
#1734 = CARTESIAN_POINT ( 'NONE',  ( 25.64535539414324816, 22.10401549648705100, 160.2450000000000045 ) ) ;
#1735 = CARTESIAN_POINT ( 'NONE',  ( 13.94273087539206024, 24.05750062217330054, 173.5766579861110017 ) ) ;
#1736 = CARTESIAN_POINT ( 'NONE',  ( 15.91524355217159936, 23.59668397076879742, 164.9403671851160027 ) ) ;
#1737 = CARTESIAN_POINT ( 'NONE',  ( 13.40067707729438062, 25.12730638283804652, 170.0377187500000105 ) ) ;
#1738 = CARTESIAN_POINT ( 'NONE',  ( 25.30016389116270048, 26.27837644643085113, 164.1983956082449652 ) ) ;
#1739 = CARTESIAN_POINT ( 'NONE',  ( 25.12152297642115073, 26.72676655784690070, 165.7023531638745055 ) ) ;
#1740 = CARTESIAN_POINT ( 'NONE',  ( 16.30095769269719952, 23.57438623694514845, 168.1990441371349903 ) ) ;
#1741 = CARTESIAN_POINT ( 'NONE',  ( 13.53218221410461908, 20.71113552077934727, 167.6731291666665129 ) ) ;
#1742 = CARTESIAN_POINT ( 'NONE',  ( 24.12710116710814745, 27.06188396945155006, 157.7760000000000105 ) ) ;
#1743 = CARTESIAN_POINT ( 'NONE',  ( 13.77111203364601799, 23.19522994725229736, 164.4512688495584882 ) ) ;
#1744 = CARTESIAN_POINT ( 'NONE',  ( 13.33539423062204143, 25.49879360858485100, 169.2485666666665054 ) ) ;
#1745 = CARTESIAN_POINT ( 'NONE',  ( 24.76814667389579938, 27.08291599956325157, 164.1823638888890287 ) ) ;
#1746 = CARTESIAN_POINT ( 'NONE',  ( 23.82402939200585124, 24.86024133771559974, 148.3782375195380325 ) ) ;
#1747 = CARTESIAN_POINT ( 'NONE',  ( 12.89242836701398076, 23.29359936376832252, 168.2679266775628264 ) ) ;
#1748 = CARTESIAN_POINT ( 'NONE',  ( 12.27900539301698046, 23.20614081054880273, 165.2101874999999893 ) ) ;
#1749 = VERTEX_POINT ( 'NONE', #2889 ) ;
#1750 = CARTESIAN_POINT ( 'NONE',  ( 12.10738199977912366, 23.03294969606747955, 163.9236667113961232 ) ) ;
#1751 = EDGE_CURVE ( 'NONE', #500, #539, #4999, .T. ) ;
#1752 = CARTESIAN_POINT ( 'NONE',  ( 25.93003976804019928, 23.75936503042980164, 162.2278458333335038 ) ) ;
#1753 = CARTESIAN_POINT ( 'NONE',  ( 25.06229450821179938, 26.85632767261465048, 168.3805357618890071 ) ) ;
#1754 = CARTESIAN_POINT ( 'NONE',  ( 25.81714445384784895, 25.75437691524425077, 167.8264458333335085 ) ) ;
#1755 = ORIENTED_EDGE ( 'NONE', *, *, #2069, .F. ) ;
#1756 = CARTESIAN_POINT ( 'NONE',  ( 16.22443300409084799, 23.66851188620089985, 165.9654770074059797 ) ) ;
#1757 = CARTESIAN_POINT ( 'NONE',  ( 25.19915729614809408, 25.78343583256377158, 160.5406118510301212 ) ) ;
#1758 = CARTESIAN_POINT ( 'NONE',  ( 25.39287254776160196, 21.26820684477124956, 159.5396000000000072 ) ) ;
#1759 = CARTESIAN_POINT ( 'NONE',  ( 11.70567809033098072, 24.18724107967226900, 161.5971265509075749 ) ) ;
#1760 = CARTESIAN_POINT ( 'NONE',  ( 13.91440674436235803, 25.08133812714260102, 172.7442770897555135 ) ) ;
#1761 = CARTESIAN_POINT ( 'NONE',  ( 15.62264404373724958, 23.46752386851149907, 167.0784564412074928 ) ) ;
#1762 = DIRECTION ( 'NONE',  ( 0.4653514095963179331, -0.8851260167833278070, 0.000000000000000000 ) ) ;
#1763 = DIRECTION ( 'NONE',  ( -0.1006318910984300152, -0.05303758115645541144, -0.9935090525400490646 ) ) ;
#1764 = CARTESIAN_POINT ( 'NONE',  ( 14.58019088300147992, 23.24484019548610192, 164.0558183469734956 ) ) ;
#1765 = CARTESIAN_POINT ( 'NONE',  ( 12.98955915655596094, 25.38869537206589655, 167.7180166666665002 ) ) ;
#1766 = CARTESIAN_POINT ( 'NONE',  ( 14.18742015320475858, 23.39245435999774969, 163.5982417788870293 ) ) ;
#1767 = CARTESIAN_POINT ( 'NONE',  ( 13.25927272443929894, 27.22416505920755014, 164.7890739583335176 ) ) ;
#1768 = CARTESIAN_POINT ( 'NONE',  ( 24.15132316441914995, 25.84967009246204839, 152.3047041666665109 ) ) ;
#1769 = CARTESIAN_POINT ( 'NONE',  ( 16.15258202967735102, 23.58537534522174894, 164.2490006282704940 ) ) ;
#1770 = CARTESIAN_POINT ( 'NONE',  ( 12.75351620342413916, 25.52768716800560256, 166.2996277777775163 ) ) ;
#1771 = CARTESIAN_POINT ( 'NONE',  ( 25.49266754338715302, 25.42112946291450015, 162.0557638748605029 ) ) ;
#1772 = CARTESIAN_POINT ( 'NONE',  ( 21.65209805849519853, 29.61465984641754901, 163.9202042056139987 ) ) ;
#1773 = ORIENTED_EDGE ( 'NONE', *, *, #1162, .T. ) ;
#1774 = CARTESIAN_POINT ( 'NONE',  ( 12.72197473859288053, 23.99645673433089854, 167.6548499999999819 ) ) ;
#1775 = B_SPLINE_CURVE_WITH_KNOTS ( 'NONE', 3,
 ( #4083, #2575, #2104, #2544, #2665, #5064 ),
 .UNSPECIFIED., .F., .F.,
 ( 4, 1, 1, 4 ),
 ( 0.000000000000000000, 0.07142857142998350339, 0.1428571428599670068, 0.1884493003627365215 ),
 .UNSPECIFIED. ) ;
#1776 = EDGE_LOOP ( 'NONE', ( #5291, #227, #436, #2083 ) ) ;
#1777 = CARTESIAN_POINT ( 'NONE',  ( 25.12152297642115073, 26.72676655784690070, 165.7023531638745055 ) ) ;
#1778 = CARTESIAN_POINT ( 'NONE',  ( 11.68117799232609855, 23.18909146838455015, 161.1841104166664991 ) ) ;
#1779 = CARTESIAN_POINT ( 'NONE',  ( 24.28413007303860027, 27.68679074691100084, 164.4764812500000062 ) ) ;
#1780 = CARTESIAN_POINT ( 'NONE',  ( 24.28974981953514956, 19.71781367642000049, 162.9080624999999998 ) ) ;
#1781 = CARTESIAN_POINT ( 'NONE',  ( 25.04383190955020311, 26.88688797874189973, 167.1963416666664841 ) ) ;
#1782 = EDGE_CURVE ( 'NONE', #434, #5035, #4518, .T. ) ;
#1783 = CARTESIAN_POINT ( 'NONE',  ( 25.42034905769679654, 26.42233548375875074, 168.3631864183454923 ) ) ;
#1784 = VECTOR ( 'NONE', #2786, 1000.000000000000000 ) ;
#1785 = VERTEX_POINT ( 'NONE', #496 ) ;
#1786 = CARTESIAN_POINT ( 'NONE',  ( 26.24596391989501853, 24.36754402495372318, 167.4176385403705183 ) ) ;
#1787 = CARTESIAN_POINT ( 'NONE',  ( 15.03880637371434936, 23.58194805775669778, 166.2365085685619874 ) ) ;
#1788 = CARTESIAN_POINT ( 'NONE',  ( 23.07989542193300281, 28.80711031517220277, 163.7821395833335032 ) ) ;
#1789 = CARTESIAN_POINT ( 'NONE',  ( 16.46265870598730174, 23.44628777419749710, 165.0495028257344927 ) ) ;
#1790 = CARTESIAN_POINT ( 'NONE',  ( 23.80989847486734945, 20.68438615089325339, 148.8619833333331997 ) ) ;
#1791 = CARTESIAN_POINT ( 'NONE',  ( 11.69697018819796952, 24.02683445446924182, 161.5359091860798344 ) ) ;
#1792 = CARTESIAN_POINT ( 'NONE',  ( 14.02072894281680071, 24.99662302915919909, 173.5306280401339905 ) ) ;
#1793 = CARTESIAN_POINT ( 'NONE',  ( 12.39687658851759977, 24.13775963724859963, 165.6196361462990012 ) ) ;
#1794 = CARTESIAN_POINT ( 'NONE',  ( 24.45141725864830562, 27.60301365093135217, 166.2267167597278501 ) ) ;
#1795 = CARTESIAN_POINT ( 'NONE',  ( 15.02002565470700013, 23.50479972420889752, 169.0243800485559973 ) ) ;
#1796 = CARTESIAN_POINT ( 'NONE',  ( 15.81853868284439990, 23.37427085444639729, 164.6407938167829741 ) ) ;
#1797 = EDGE_CURVE ( 'NONE', #2769, #1694, #419, .T. ) ;
#1798 = VERTEX_POINT ( 'NONE', #4478 ) ;
#1799 = CARTESIAN_POINT ( 'NONE',  ( 15.03786936804899987, 28.51803218143000151, 166.6280948403664866 ) ) ;
#1800 = VECTOR ( 'NONE', #5352, 1000.000000000000114 ) ;
#1801 = CARTESIAN_POINT ( 'NONE',  ( 14.95992712027156202, 23.47718741299510015, 164.0519646844369959 ) ) ;
#1802 = CARTESIAN_POINT ( 'NONE',  ( 13.02999504166222167, 25.51083374260024783, 167.7105999999999995 ) ) ;
#1803 = CARTESIAN_POINT ( 'NONE',  ( 24.00153862316454934, 23.96239815719845012, 148.0113338768422011 ) ) ;
#1804 = CARTESIAN_POINT ( 'NONE',  ( 14.11940109710652180, 25.81850731884640027, 172.6995001778019798 ) ) ;
#1805 = CARTESIAN_POINT ( 'NONE',  ( 13.81746521793566096, 22.20554096959740065, 171.6608666666664931 ) ) ;
#1806 = COLOUR_RGB ( '',0.7921568627450980005, 0.8196078431372548767, 0.9333333333333333481 ) ;
#1807 = CARTESIAN_POINT ( 'NONE',  ( 25.96444319681984325, 25.54498076970904208, 170.3672657925650640 ) ) ;
#1808 = DIRECTION ( 'NONE',  ( 0.08291556471174016396, -0.9955514112831505003, 0.04474814656117568484 ) ) ;
#1809 = CARTESIAN_POINT ( 'NONE',  ( 22.98532854721169727, 27.09401202322315072, 150.4086515692194723 ) ) ;
#1810 = DIRECTION ( 'NONE',  ( -0.1006318910984300152, -0.05303758115645541144, -0.9935090525400490646 ) ) ;
#1811 = CARTESIAN_POINT ( 'NONE',  ( 15.32160420976460102, 23.60072988956580176, 166.1303575103304695 ) ) ;
#1812 = CARTESIAN_POINT ( 'NONE',  ( 12.16078574597144168, 20.77238822504954996, 161.5555653417559938 ) ) ;
#1813 = ORIENTED_EDGE ( 'NONE', *, *, #2360, .F. ) ;
#1814 = CARTESIAN_POINT ( 'NONE',  ( 12.96775168362226083, 25.01346200443544987, 168.1243937500000243 ) ) ;
#1815 = VERTEX_POINT ( 'NONE', #4381 ) ;
#1816 = CARTESIAN_POINT ( 'NONE',  ( 12.77758381427677925, 25.87477829105095140, 165.4883453889870282 ) ) ;
#1817 = CARTESIAN_POINT ( 'NONE',  ( 12.64726217291866028, 25.50506448769919743, 165.5212824205995048 ) ) ;
#1818 = CARTESIAN_POINT ( 'NONE',  ( 24.03829604603970083, 27.94269868491219810, 165.0241833333334966 ) ) ;
#1819 = CARTESIAN_POINT ( 'NONE',  ( 25.83140422365740108, 22.35340569666075083, 162.5789374999999950 ) ) ;
#1820 = CARTESIAN_POINT ( 'NONE',  ( 15.76668784711289106, 29.01547932612627889, 167.0309841989013933 ) ) ;
#1821 = CARTESIAN_POINT ( 'NONE',  ( 25.05394912942774965, 25.49245626232825046, 157.7506791666665151 ) ) ;
#1822 = B_SPLINE_CURVE_WITH_KNOTS ( 'NONE', 3,
 ( #5741, #473, #6267, #3825, #887, #5355, #3342, #4276, #853, #398, #921 ),
 .UNSPECIFIED., .F., .F.,
 ( 4, 1, 1, 1, 1, 1, 1, 1, 4 ),
 ( 0.000000000000000000, 0.1519205415111284929, 0.2950382490915224865, 0.4297143724518650010, 0.5568109173366390108, 0.6759917724890560642, 0.7895108388527970478, 0.8974507769928310452, 1.000000000000000000 ),
 .UNSPECIFIED. ) ;
#1823 = CARTESIAN_POINT ( 'NONE',  ( 25.38831941239505241, 26.39806572876985058, 166.3880124999999737 ) ) ;
#1824 = ORIENTED_EDGE ( 'NONE', *, *, #4892, .T. ) ;
#1825 = CARTESIAN_POINT ( 'NONE',  ( 18.72961669454189959, 29.38934131044399933, 172.9083124999999939 ) ) ;
#1826 = CARTESIAN_POINT ( 'NONE',  ( 16.27055941231165193, 23.66903384038534952, 165.8916199828195204 ) ) ;
#1827 = CARTESIAN_POINT ( 'NONE',  ( 13.10386725550075937, 25.25985045616914704, 168.4960541666664824 ) ) ;
#1828 = CARTESIAN_POINT ( 'NONE',  ( 22.97355576451154846, 28.83932333745554999, 162.1983708333334846 ) ) ;
#1829 = DIRECTION ( 'NONE',  ( -0.9914626728336710659, -0.07787427352598338959, 0.1045818621956664113 ) ) ;
#1830 = EDGE_CURVE ( 'NONE', #588, #5899, #5486, .T. ) ;
#1831 = CARTESIAN_POINT ( 'NONE',  ( 24.31941759081924914, 21.47988486775905059, 150.1749000000000080 ) ) ;
#1832 = CARTESIAN_POINT ( 'NONE',  ( 11.92153893564227296, 25.10205337053678321, 162.4839254033259124 ) ) ;
#1833 = CARTESIAN_POINT ( 'NONE',  ( 13.72922584348523856, 23.93549549997324632, 172.2681333333334806 ) ) ;
#1834 = CARTESIAN_POINT ( 'NONE',  ( 15.95559993829520273, 23.66090963988769857, 166.2944742854834885 ) ) ;
#1835 = CARTESIAN_POINT ( 'NONE',  ( 24.99710945011549867, 26.75698119232059824, 164.1704517361110049 ) ) ;
#1836 = EDGE_LOOP ( 'NONE', ( #6382, #6166, #5913, #5070 ) ) ;
#1837 = CARTESIAN_POINT ( 'NONE',  ( 16.43040772354180135, 23.46600960057055119, 165.5480307473379753 ) ) ;
#1838 = EDGE_CURVE ( 'NONE', #6074, #6155, #2108, .T. ) ;
#1839 = CARTESIAN_POINT ( 'NONE',  ( 12.79984221563609914, 25.27241769808285099, 166.9552083333335020 ) ) ;
#1840 = CARTESIAN_POINT ( 'NONE',  ( 18.00204062088564783, 29.33833759361249705, 171.0157499999999970 ) ) ;
#1841 = CARTESIAN_POINT ( 'NONE',  ( 25.70777048474396764, 26.00378349455677451, 170.1079018086705048 ) ) ;
#1842 = CARTESIAN_POINT ( 'NONE',  ( 14.60339611533630055, 23.22381950920649984, 163.5451547644299808 ) ) ;
#1843 = CARTESIAN_POINT ( 'NONE',  ( 25.20297071648214882, 20.35647286200340034, 169.6354640625000059 ) ) ;
#1844 = CARTESIAN_POINT ( 'NONE',  ( 13.02193860178006091, 23.15285142922025230, 164.8966089645520015 ) ) ;
#1845 = CARTESIAN_POINT ( 'NONE',  ( 25.43146495763189918, 25.10429132446470391, 160.1001499999999851 ) ) ;
#1846 = CARTESIAN_POINT ( 'NONE',  ( 24.84037462738554680, 27.10843249135800193, 166.4182166666664955 ) ) ;
#1847 = ORIENTED_EDGE ( 'NONE', *, *, #5449, .F. ) ;
#1848 = CARTESIAN_POINT ( 'NONE',  ( 24.33456757424229977, 27.64325281613020024, 164.7266042248059819 ) ) ;
#1849 = CARTESIAN_POINT ( 'NONE',  ( 12.50481544333884010, 24.64340012566880134, 166.2126166666665199 ) ) ;
#1850 = VERTEX_POINT ( 'NONE', #5347 ) ;
#1851 = CARTESIAN_POINT ( 'NONE',  ( 14.96947784841630202, 28.71603375871874775, 165.1146520056749694 ) ) ;
#1852 = CARTESIAN_POINT ( 'NONE',  ( 12.60773811212638051, 25.21780071809535428, 166.0438877810109943 ) ) ;
#1853 = CARTESIAN_POINT ( 'NONE',  ( 21.28965758454864954, 29.70786709340584864, 164.3575705011964772 ) ) ;
#1854 = CARTESIAN_POINT ( 'NONE',  ( 25.59892317267465245, 25.24076606670779910, 162.4454876556179954 ) ) ;
#1855 = CARTESIAN_POINT ( 'NONE',  ( 24.79970932836415187, 26.98962217733489766, 163.6531960069445120 ) ) ;
#1856 = CARTESIAN_POINT ( 'NONE',  ( 25.27593275123559735, 26.59504680713455116, 167.1843500000000233 ) ) ;
#1857 = EDGE_LOOP ( 'NONE', ( #680, #5513, #2530, #5246 ) ) ;
#1858 = LINE ( 'NONE', #3350, #6248 ) ;
#1859 = DIRECTION ( 'NONE',  ( -0.9914626728336710659, -0.07787427352598338959, 0.1045818621956662031 ) ) ;
#1860 = CARTESIAN_POINT ( 'NONE',  ( 12.60136789651297917, 25.28218094704685015, 165.9273852430555110 ) ) ;
#1861 = CARTESIAN_POINT ( 'NONE',  ( 25.19012331613510014, 26.11866960461365039, 162.0591243709894798 ) ) ;
#1862 = CARTESIAN_POINT ( 'NONE',  ( 15.41094780298550049, 23.29613105817940166, 163.6575898215960194 ) ) ;
#1863 = CARTESIAN_POINT ( 'NONE',  ( 24.74086723307199875, 20.83685622217235078, 153.3185000000000002 ) ) ;
#1864 = CARTESIAN_POINT ( 'NONE',  ( 11.70462108155822634, 23.51975374967108223, 161.4495354832891678 ) ) ;
#1865 = CARTESIAN_POINT ( 'NONE',  ( 24.09228022270234959, 27.89523146864464920, 164.7376937021629715 ) ) ;
#1866 = ORIENTED_EDGE ( 'NONE', *, *, #1200, .F. ) ;
#1867 = LINE ( 'NONE', #5376, #6257 ) ;
#1868 = CARTESIAN_POINT ( 'NONE',  ( 14.07611075560773983, 25.51154974011529930, 173.0300594551799804 ) ) ;
#1869 = CARTESIAN_POINT ( 'NONE',  ( 15.88572519860445276, 23.51315600618069723, 167.6062015736980015 ) ) ;
#1870 = CARTESIAN_POINT ( 'NONE',  ( 25.96642933432980271, 25.54092631824663684, 170.3687377167134116 ) ) ;
#1871 = CARTESIAN_POINT ( 'NONE',  ( 13.18142789640261903, 25.13267679877764849, 169.0152148437500159 ) ) ;
#1872 = CARTESIAN_POINT ( 'NONE',  ( 18.33806018907274904, 23.66578465184545266, 165.0430534488085073 ) ) ;
#1873 = UNCERTAINTY_MEASURE_WITH_UNIT (LENGTH_MEASURE( 1.000000000000000082E-05 ), #1116, 'distance_accuracy_value', 'NONE');
#1874 = EDGE_CURVE ( 'NONE', #58, #2334, #2655, .T. ) ;
#1875 = CARTESIAN_POINT ( 'NONE',  ( 14.39494912972062046, 23.65004864876149782, 168.9446302624479870 ) ) ;
#1876 = CARTESIAN_POINT ( 'NONE',  ( 16.10745520139389697, 23.46694461935864950, 166.1672441036974988 ) ) ;
#1877 = CARTESIAN_POINT ( 'NONE',  ( 25.57307988218519768, 25.07535738074140141, 161.5388994744400009 ) ) ;
#1878 = CARTESIAN_POINT ( 'NONE',  ( 16.19402611002784909, 23.77317457012680180, 168.3503419836040109 ) ) ;
#1879 = CARTESIAN_POINT ( 'NONE',  ( 12.95418969592680547, 23.31132106802317594, 168.5477570879687335 ) ) ;
#1880 = ORIENTED_EDGE ( 'NONE', *, *, #5600, .T. ) ;
#1881 = ADVANCED_FACE ( 'NONE', ( #6091 ), #2626, .T. ) ;
#1882 = LINE ( 'NONE', #3927, #1800 ) ;
#1883 = ORIENTED_EDGE ( 'NONE', *, *, #1968, .F. ) ;
#1884 = CARTESIAN_POINT ( 'NONE',  ( 15.88663435976560301, 23.58947172337334663, 164.8329210426884970 ) ) ;
#1885 = CARTESIAN_POINT ( 'NONE',  ( 16.09617936607120114, 23.57116190900719843, 168.5067513255210088 ) ) ;
#1886 = CARTESIAN_POINT ( 'NONE',  ( 23.95907858453450245, 28.00969349031595002, 163.7073374999999942 ) ) ;
#1887 = CARTESIAN_POINT ( 'NONE',  ( 20.33686255096744944, 17.61782993623849691, 163.5152874999999995 ) ) ;
#1888 = CARTESIAN_POINT ( 'NONE',  ( 20.29477512727125088, 29.89399079356275379, 165.2651562500000182 ) ) ;
#1889 = CARTESIAN_POINT ( 'NONE',  ( 25.17408537268289948, 26.42669718033585013, 163.7679239583335118 ) ) ;
#1890 = ORIENTED_EDGE ( 'NONE', *, *, #2158, .T. ) ;
#1891 = CARTESIAN_POINT ( 'NONE',  ( 19.36028980640940134, 29.44151842821050025, 172.7105522569445100 ) ) ;
#1892 = LINE ( 'NONE', #482, #4171 ) ;
#1893 = CARTESIAN_POINT ( 'NONE',  ( 25.60993524219064810, 25.42989623668855259, 163.2365909398039889 ) ) ;
#1894 = CARTESIAN_POINT ( 'NONE',  ( 26.02998506394679623, 25.31637456663624874, 168.6177354166665054 ) ) ;
#1895 = CARTESIAN_POINT ( 'NONE',  ( 15.00067465823030055, 23.25712995288465024, 163.5501088127959974 ) ) ;
#1896 = CARTESIAN_POINT ( 'NONE',  ( 12.21199121471073923, 24.43969187966663270, 164.6402239450854665 ) ) ;
#1897 = CARTESIAN_POINT ( 'NONE',  ( 23.98843933323020039, 21.36670674510385126, 148.3869791666666060 ) ) ;
#1898 = CARTESIAN_POINT ( 'NONE',  ( 12.06478807096290495, 25.25338469004562114, 163.1486042215175871 ) ) ;
#1899 = CARTESIAN_POINT ( 'NONE',  ( 23.52831944497020089, 28.34402142389239643, 164.2675920026254914 ) ) ;
#1900 = ORIENTED_EDGE ( 'NONE', *, *, #4763, .F. ) ;
#1901 = CARTESIAN_POINT ( 'NONE',  ( 25.52344774725775167, 25.15886203697500179, 161.2757717775614879 ) ) ;
#1902 = CARTESIAN_POINT ( 'NONE',  ( 25.17308783383865034, 26.11774966964965117, 161.9274894909405305 ) ) ;
#1903 = AXIS2_PLACEMENT_3D ( 'NONE', #1115, #722, #250 ) ;
#1904 = CARTESIAN_POINT ( 'NONE',  ( 13.49689995426695965, 25.49301622384944821, 170.0155499999999904 ) ) ;
#1905 = CARTESIAN_POINT ( 'NONE',  ( 12.25972247058921916, 24.10131180370834869, 165.0628872551685049 ) ) ;
#1906 = CARTESIAN_POINT ( 'NONE',  ( 15.81746025522164700, 23.54141685495104852, 163.8919774423185061 ) ) ;
#1907 = DIRECTION ( 'NONE',  ( 0.1006318910984306259, 0.05303758115645531429, 0.9935090525400491757 ) ) ;
#1908 = VECTOR ( 'NONE', #555, 1000.000000000000000 ) ;
#1909 = CARTESIAN_POINT ( 'NONE',  ( 13.93692997327785932, 23.60031062658759993, 168.6867460359214874 ) ) ;
#1910 = VECTOR ( 'NONE', #5146, 1000.000000000000114 ) ;
#1911 = CARTESIAN_POINT ( 'NONE',  ( 24.62786991035624951, 27.33348039147150033, 165.7199660958859795 ) ) ;
#1912 = CARTESIAN_POINT ( 'NONE',  ( 25.21848600597584777, 24.84468756114589993, 156.9767750000000035 ) ) ;
#1913 = CARTESIAN_POINT ( 'NONE',  ( 13.99206993496787987, 25.72526336620039800, 172.1863395833335062 ) ) ;
#1914 = CARTESIAN_POINT ( 'NONE',  ( 11.69199501114079887, 23.99176268192295325, 161.5719499999999869 ) ) ;
#1915 = CARTESIAN_POINT ( 'NONE',  ( 13.99206993496787987, 25.72526336620039800, 172.1863395833335062 ) ) ;
#1916 = ORIENTED_EDGE ( 'NONE', *, *, #2569, .T. ) ;
#1917 = CYLINDRICAL_SURFACE ( 'NONE', #4279, 5.276816639669589470 ) ;
#1918 = ORIENTED_EDGE ( 'NONE', *, *, #5057, .T. ) ;
#1919 = CARTESIAN_POINT ( 'NONE',  ( 25.93315906590975217, 25.29123166259799760, 166.2000444759730158 ) ) ;
#1920 = B_SPLINE_SURFACE_WITH_KNOTS ( 'NONE', 3, 1, ( 
 ( #1026, #2548 ),
 ( #3487, #438 ),
 ( #1983, #3964 ),
 ( #5008, #2046 ) ),
 .UNSPECIFIED., .F., .F., .F.,
 ( 4, 4 ),
 ( 2, 2 ),
 ( 0.000000000000000000, 0.0003911456501652064727 ),
 ( 0.000000000000000000, 1.000000000000000000 ),
 .UNSPECIFIED. ) ;
#1921 = ADVANCED_FACE ( 'NONE', ( #584 ), #3204, .F. ) ;
#1922 = CARTESIAN_POINT ( 'NONE',  ( 24.39786652207860129, 27.51554173460854713, 163.6763124999999945 ) ) ;
#1923 = CARTESIAN_POINT ( 'NONE',  ( 18.96214990523159827, 17.58263092227744906, 163.9404937500000017 ) ) ;
#1924 = CARTESIAN_POINT ( 'NONE',  ( 25.56634048259619973, 26.23864982463914686, 170.3271515839300037 ) ) ;
#1925 = CARTESIAN_POINT ( 'NONE',  ( 25.59458480377922385, 26.13127935635521837, 167.5308375306469202 ) ) ;
#1926 = VERTEX_POINT ( 'NONE', #676 ) ;
#1927 = CARTESIAN_POINT ( 'NONE',  ( 18.68733825417055172, 29.39824103801154820, 172.5187562500000240 ) ) ;
#1928 = CARTESIAN_POINT ( 'NONE',  ( 13.93235659403159943, 23.40168010681034971, 164.2761121855235160 ) ) ;
#1929 = CARTESIAN_POINT ( 'NONE',  ( 22.98548719424494990, 28.84010493968969868, 162.3299458333334826 ) ) ;
#1930 = CARTESIAN_POINT ( 'NONE',  ( 13.11133481149171942, 27.37425738326700042, 163.7612354166665227 ) ) ;
#1931 = CARTESIAN_POINT ( 'NONE',  ( 25.72446735453030087, 25.16498245179690230, 163.3693763888890089 ) ) ;
#1932 = CARTESIAN_POINT ( 'NONE',  ( 24.22145253846959889, 27.67373186208680025, 168.4318250000000035 ) ) ;
#1933 = CARTESIAN_POINT ( 'NONE',  ( 22.47821028613460115, 18.69453816690590031, 149.8610916666665958 ) ) ;
#1934 = CARTESIAN_POINT ( 'NONE',  ( 13.46837864900533965, 26.21398751356740320, 168.4295124999999871 ) ) ;
#1935 = CARTESIAN_POINT ( 'NONE',  ( 24.98881446256260119, 26.91936961166640074, 169.1310605924795141 ) ) ;
#1936 = ORIENTED_EDGE ( 'NONE', *, *, #2528, .T. ) ;
#1937 = CARTESIAN_POINT ( 'NONE',  ( 24.68230752191425026, 24.90356415495730147, 153.0842083333334926 ) ) ;
#1938 = CARTESIAN_POINT ( 'NONE',  ( 24.03524381498765194, 25.79789917457840076, 151.5278604166664991 ) ) ;
#1939 = CARTESIAN_POINT ( 'NONE',  ( 25.39563056981354450, 25.85210120838702963, 162.9290545913566177 ) ) ;
#1940 = B_SPLINE_CURVE_WITH_KNOTS ( 'NONE', 3,
 ( #1528, #1045, #4040, #4510, #208, #3707 ),
 .UNSPECIFIED., .F., .F.,
 ( 4, 1, 1, 4 ),
 ( 0.000000000000000000, 0.07142857142857139685, 0.1428571428571430157, 0.1905818921599095050 ),
 .UNSPECIFIED. ) ;
#1941 = CARTESIAN_POINT ( 'NONE',  ( 15.53338316222585114, 23.50963918622795035, 163.7113690601125029 ) ) ;
#1942 = CARTESIAN_POINT ( 'NONE',  ( 25.67600638546459990, 21.00616911061409908, 171.4015155724429746 ) ) ;
#1943 = PRODUCT_DEFINITION_CONTEXT ( 'detailed design', #4949, 'design' ) ;
#1944 = CARTESIAN_POINT ( 'NONE',  ( 13.39208318212910065, 23.51659648109065159, 167.8338513518430091 ) ) ;
#1945 = CARTESIAN_POINT ( 'NONE',  ( 25.06178502245357365, 26.20335481433735225, 161.2642817849507537 ) ) ;
#1946 = CARTESIAN_POINT ( 'NONE',  ( 18.16875957743910419, 23.81084854189149880, 167.0655244043919936 ) ) ;
#1947 = CARTESIAN_POINT ( 'NONE',  ( 24.71290542704355175, 27.24116119124315105, 165.6363875000000121 ) ) ;
#1948 = CARTESIAN_POINT ( 'NONE',  ( 12.08265267576839896, 21.71452578276770140, 162.4743611111109942 ) ) ;
#1949 = CARTESIAN_POINT ( 'NONE',  ( 25.29254702771255126, 26.57056731398500204, 169.1524904877649931 ) ) ;
#1950 = VERTEX_POINT ( 'NONE', #6005 ) ;
#1951 = CARTESIAN_POINT ( 'NONE',  ( 13.23417959211080053, 21.82725085957745037, 168.5885583333335092 ) ) ;
#1952 = CARTESIAN_POINT ( 'NONE',  ( 24.32088387062009716, 27.43853220389370051, 161.9665444444445086 ) ) ;
#1953 = CARTESIAN_POINT ( 'NONE',  ( 12.57393898789474029, 25.25464313434630270, 165.5420777959100178 ) ) ;
#1954 = B_SPLINE_CURVE_WITH_KNOTS ( 'NONE', 3,
 ( #3871, #4952, #966, #5927 ),
 .UNSPECIFIED., .F., .F.,
 ( 4, 4 ),
 ( 0.000000000000000000, 1.000000000000000000 ),
 .UNSPECIFIED. ) ;
#1955 = CARTESIAN_POINT ( 'NONE',  ( 13.46286059185977990, 23.40381692819899939, 165.1935991621734843 ) ) ;
#1956 = DIRECTION ( 'NONE',  ( -0.08291556471174198195, 0.9955514112831497231, -0.04474814656119094347 ) ) ;
#1957 = CARTESIAN_POINT ( 'NONE',  ( 19.73870382635470477, 29.71026043349385048, 167.6887499999999989 ) ) ;
#1958 = CARTESIAN_POINT ( 'NONE',  ( 25.44213523212189187, 26.37852984983789995, 167.8857985529102166 ) ) ;
#1959 = ORIENTED_EDGE ( 'NONE', *, *, #5929, .T. ) ;
#1960 = CARTESIAN_POINT ( 'NONE',  ( 14.20468920879570085, 25.76017018644050083, 173.3560701837685087 ) ) ;
#1961 = CARTESIAN_POINT ( 'NONE',  ( 24.81089004042985025, 27.06791259934104943, 164.7090718459510015 ) ) ;
#1962 = EDGE_CURVE ( 'NONE', #4192, #4000, #1047, .T. ) ;
#1963 = CARTESIAN_POINT ( 'NONE',  ( 12.31629733228630030, 21.20009982224144807, 163.1251000000000033 ) ) ;
#1964 = CARTESIAN_POINT ( 'NONE',  ( 24.77257363431739989, 27.15549667941045087, 168.7901019504919873 ) ) ;
#1965 = CARTESIAN_POINT ( 'NONE',  ( 24.13287714711724874, 19.42719438138184884, 154.2796999999999912 ) ) ;
#1966 = CARTESIAN_POINT ( 'NONE',  ( 18.38879617497099872, 29.76265315500235076, 167.0489749999999844 ) ) ;
#1967 = ORIENTED_EDGE ( 'NONE', *, *, #5753, .F. ) ;
#1968 = EDGE_CURVE ( 'NONE', #6112, #3118, #2162, .T. ) ;
#1969 = CARTESIAN_POINT ( 'NONE',  ( 24.88648614344705123, 25.70584222562799681, 156.9683625000000120 ) ) ;
#1970 = CARTESIAN_POINT ( 'NONE',  ( 25.83755830613445070, 24.24467793179205088, 161.9485792135229758 ) ) ;
#1971 = CARTESIAN_POINT ( 'NONE',  ( 18.56352322388753961, 29.93740018331983421, 164.6854119271855552 ) ) ;
#1972 = CARTESIAN_POINT ( 'NONE',  ( 25.29254702771255126, 26.57056731398500204, 169.1524904877649931 ) ) ;
#1973 = CARTESIAN_POINT ( 'NONE',  ( 12.68888432368069985, 24.25096226850995151, 167.5970823614385097 ) ) ;
#1974 = CARTESIAN_POINT ( 'NONE',  ( 25.94859469662369733, 21.45654302542875058, 170.9457416666665210 ) ) ;
#1975 = LINE ( 'NONE', #1456, #5323 ) ;
#1976 = CARTESIAN_POINT ( 'NONE',  ( 25.75418894813619630, 24.02668877638734202, 160.7455605393102473 ) ) ;
#1977 = CARTESIAN_POINT ( 'NONE',  ( 15.83186101772135146, 23.49753871230195301, 167.3585569037540211 ) ) ;
#1978 = CARTESIAN_POINT ( 'NONE',  ( 12.88790096436503951, 25.89535826536454977, 166.2787670138889951 ) ) ;
#1979 = DIRECTION ( 'NONE',  ( -0.9914626728336710659, -0.07787427352598338959, 0.1045818621956666056 ) ) ;
#1980 = ORIENTED_EDGE ( 'NONE', *, *, #461, .F. ) ;
#1981 = CARTESIAN_POINT ( 'NONE',  ( 24.41460904582894997, 27.33517727596055025, 162.0924689236110225 ) ) ;
#1982 = CARTESIAN_POINT ( 'NONE',  ( 12.87043726516825970, 25.45693199288895059, 167.0110467017965163 ) ) ;
#1983 = CARTESIAN_POINT ( 'NONE',  ( 25.01562993461354978, 26.96206477854899930, 166.2037844968864988 ) ) ;
#1984 = CARTESIAN_POINT ( 'NONE',  ( 14.17380088805863991, 23.42635261524629797, 168.8471006247424953 ) ) ;
#1985 = CARTESIAN_POINT ( 'NONE',  ( 19.83852275132850096, 29.96676412356784880, 165.0497981821345093 ) ) ;
#1986 = CARTESIAN_POINT ( 'NONE',  ( 25.15166442695154814, 26.78825567710415001, 171.3890873263889887 ) ) ;
#1987 = CARTESIAN_POINT ( 'NONE',  ( 25.36109260618164640, 26.49414566871680421, 168.1462008564095356 ) ) ;
#1988 = ORIENTED_EDGE ( 'NONE', *, *, #5240, .T. ) ;
#1989 = CARTESIAN_POINT ( 'NONE',  ( 25.98143275137975294, 24.51446920273259877, 164.0357000000000198 ) ) ;
#1990 = CARTESIAN_POINT ( 'NONE',  ( 24.64659488350845251, 27.27442618786539796, 164.7146886554949958 ) ) ;
#1991 = CARTESIAN_POINT ( 'NONE',  ( 12.99337390438079964, 20.59634434955914628, 164.9356822048609956 ) ) ;
#1992 = CARTESIAN_POINT ( 'NONE',  ( 25.96734068841859866, 25.23775959443105066, 166.3824416666664945 ) ) ;
#1993 = CARTESIAN_POINT ( 'NONE',  ( 28.85676399253129887, 25.55800827477359860, 166.7179984259145158 ) ) ;
#1994 = EDGE_CURVE ( 'NONE', #4804, #5740, #1184, .T. ) ;
#1995 = CARTESIAN_POINT ( 'NONE',  ( 24.36141524979210260, 19.48862153845249878, 155.8277000000000214 ) ) ;
#1996 = CARTESIAN_POINT ( 'NONE',  ( 14.24215738907150097, 26.93087575358709884, 169.8900999999999897 ) ) ;
#1997 = ORIENTED_EDGE ( 'NONE', *, *, #1994, .T. ) ;
#1998 = CARTESIAN_POINT ( 'NONE',  ( 24.51583697436355180, 24.98350806721580142, 152.3076624999999922 ) ) ;
#1999 = CARTESIAN_POINT ( 'NONE',  ( 13.68417295046156035, 23.19349938497045116, 164.5738602835575080 ) ) ;
#2000 = CARTESIAN_POINT ( 'NONE',  ( 23.61233524881710011, 25.29385678730410092, 148.1111078169002155 ) ) ;
#2001 = EDGE_CURVE ( 'NONE', #6375, #987, #1681, .T. ) ;
#2002 = CARTESIAN_POINT ( 'NONE',  ( 25.04524251232414755, 24.04218364684829723, 153.8802874999999801 ) ) ;
#2003 = CARTESIAN_POINT ( 'NONE',  ( 25.50953230616110545, 25.63971703821564319, 163.1265480221929067 ) ) ;
#2004 = PLANE ( 'NONE',  #3572 ) ;
#2005 = CARTESIAN_POINT ( 'NONE',  ( 25.21924752861045249, 26.68110579431544949, 167.8458173611110169 ) ) ;
#2006 = CARTESIAN_POINT ( 'NONE',  ( 13.64628151101400810, 24.64756788290403122, 171.6368186055797480 ) ) ;
#2007 = CARTESIAN_POINT ( 'NONE',  ( 15.08133972393219935, 23.48839974130289932, 164.0764451324365041 ) ) ;
#2008 = CARTESIAN_POINT ( 'NONE',  ( 26.30333792552696792, 24.47631692150599747, 169.7312944245018400 ) ) ;
#2009 = VECTOR ( 'NONE', #9, 1000.000000000000114 ) ;
#2010 = CARTESIAN_POINT ( 'NONE',  ( 16.40698956080565196, 23.75310082115484889, 167.5091354354950113 ) ) ;
#2011 = CARTESIAN_POINT ( 'NONE',  ( 25.51797647061765062, 24.80086566771155177, 160.0067065060670188 ) ) ;
#2012 = EDGE_LOOP ( 'NONE', ( #4758, #2337, #3913, #2465, #4592, #4829, #2237, #1111, #6338, #4865, #1657, #1605, #4132, #867, #5396, #5162, #3217 ) ) ;
#2013 = CARTESIAN_POINT ( 'NONE',  ( 13.77570492931941892, 27.20811671046274682, 166.8258673135450181 ) ) ;
#2014 = CARTESIAN_POINT ( 'NONE',  ( 24.75006420926895245, 26.80465616182599931, 161.6805374999999856 ) ) ;
#2015 = CARTESIAN_POINT ( 'NONE',  ( 16.21757872005424872, 23.46913639258490036, 166.0119543019254706 ) ) ;
#2016 = VECTOR ( 'NONE', #2019, 1000.000000000000114 ) ;
#2017 = CARTESIAN_POINT ( 'NONE',  ( 18.45388574151269978, 17.60636620066290092, 164.0021754942815164 ) ) ;
#2018 = CARTESIAN_POINT ( 'NONE',  ( 13.76027394370679957, 23.37641731354965202, 168.5023860131234983 ) ) ;
#2019 = DIRECTION ( 'NONE',  ( 0.9914626728336707329, 0.07787427352598357000, -0.1045818621956689648 ) ) ;
#2020 = CARTESIAN_POINT ( 'NONE',  ( 25.35890063051395060, 26.49710750995572539, 168.1545308520630329 ) ) ;
#2021 = EDGE_LOOP ( 'NONE', ( #4989, #2518, #4513, #3556 ) ) ;
#2022 = CARTESIAN_POINT ( 'NONE',  ( 26.27356879678879764, 23.42417427888275228, 166.4360000000000070 ) ) ;
#2023 = CARTESIAN_POINT ( 'NONE',  ( 24.76190976016360068, 20.24180355936389830, 164.4022541666665234 ) ) ;
#2024 = CARTESIAN_POINT ( 'NONE',  ( 15.29730610223904819, 28.94620405053454704, 165.5724257382510132 ) ) ;
#2025 = CARTESIAN_POINT ( 'NONE',  ( 22.22712379593165011, 28.91871916617914806, 169.0030812499999797 ) ) ;
#2026 = CARTESIAN_POINT ( 'NONE',  ( 23.54581521327710192, 18.60958808612249626, 155.2012249999999938 ) ) ;
#2027 = CARTESIAN_POINT ( 'NONE',  ( 13.36006968659305905, 25.98200067624904719, 168.4475374999999815 ) ) ;
#2028 = CARTESIAN_POINT ( 'NONE',  ( 14.83272908462894080, 23.46592422155195123, 164.0370726892950017 ) ) ;
#2029 = VERTEX_POINT ( 'NONE', #1193 ) ;
#2030 = DIRECTION ( 'NONE',  ( -0.9949093705772960039, 0.000000000000000000, 0.1007737284091881763 ) ) ;
#2031 = CARTESIAN_POINT ( 'NONE',  ( 25.26696928357295135, 25.80184948142014889, 161.2722676407789777 ) ) ;
#2032 = CARTESIAN_POINT ( 'NONE',  ( 24.17919642266544855, 23.27658690186169821, 148.5936083333332078 ) ) ;
#2033 = CARTESIAN_POINT ( 'NONE',  ( 19.22332369771401872, 29.96273356474208072, 164.6172287631484323 ) ) ;
#2034 = CARTESIAN_POINT ( 'NONE',  ( 14.68000954013732162, 23.65360672918234997, 168.4955905934029943 ) ) ;
#2035 = CARTESIAN_POINT ( 'NONE',  ( 14.92930457271349987, 23.49758481277419619, 169.0319641500154830 ) ) ;
#2036 = CARTESIAN_POINT ( 'NONE',  ( 15.21345617121994920, 23.30052107868804967, 164.1211983256550013 ) ) ;
#2037 = CARTESIAN_POINT ( 'NONE',  ( 14.33242059997069973, 23.61727531568520178, 168.3313545907010109 ) ) ;
#2038 = CARTESIAN_POINT ( 'NONE',  ( 16.11026416295549879, 29.38804475960580120, 165.4664944744845059 ) ) ;
#2039 = CARTESIAN_POINT ( 'NONE',  ( 25.74729002706049741, 25.29979732184695251, 164.2053470508164992 ) ) ;
#2040 = CARTESIAN_POINT ( 'NONE',  ( 15.86693872506964986, 23.50530591291729721, 167.4663638184869683 ) ) ;
#2041 = CARTESIAN_POINT ( 'NONE',  ( 12.83907870754411995, 25.77430060113785260, 166.2860263888890131 ) ) ;
#2042 = ORIENTED_EDGE ( 'NONE', *, *, #1324, .T. ) ;
#2043 = CARTESIAN_POINT ( 'NONE',  ( 15.94894901817170130, 23.40627078961354712, 165.1110822116314978 ) ) ;
#2044 = CARTESIAN_POINT ( 'NONE',  ( 24.37369176428664730, 27.33482592215720075, 161.7005505208335023 ) ) ;
#2045 = CARTESIAN_POINT ( 'NONE',  ( 12.79900876524481923, 25.20822061282030191, 167.0315588803005085 ) ) ;
#2046 = CARTESIAN_POINT ( 'NONE',  ( 24.88297962726240087, 27.03658858454645042, 165.7099754974909729 ) ) ;
#2047 = CARTESIAN_POINT ( 'NONE',  ( 15.52345493175015001, 23.71548650056244867, 168.3094318837810022 ) ) ;
#2048 = CARTESIAN_POINT ( 'NONE',  ( 15.67303520915545256, 23.52192076476920235, 168.1953003496669794 ) ) ;
#2049 = VERTEX_POINT ( 'NONE', #3083 ) ;
#2050 = CARTESIAN_POINT ( 'NONE',  ( 17.25898603103084383, 29.75066826313928914, 164.8275161724714053 ) ) ;
#2051 = CARTESIAN_POINT ( 'NONE',  ( 12.87421799248162202, 27.28727128472985441, 163.0029666666665094 ) ) ;
#2052 = CARTESIAN_POINT ( 'NONE',  ( 26.08977350894535263, 21.94364810816960087, 168.1141999999999825 ) ) ;
#2053 = CARTESIAN_POINT ( 'NONE',  ( 23.73817415953634935, 28.10935784134294835, 167.2876666666664960 ) ) ;
#2054 = CARTESIAN_POINT ( 'NONE',  ( 23.68979347534969904, 19.39193378279099989, 151.9834999999999923 ) ) ;
#2055 = CARTESIAN_POINT ( 'NONE',  ( 16.52005022279974966, 29.46473104559320078, 166.0912500000000023 ) ) ;
#2056 = CARTESIAN_POINT ( 'NONE',  ( 20.06013178470605141, 29.94285664479075137, 165.0367968007079753 ) ) ;
#2057 = ORIENTED_EDGE ( 'NONE', *, *, #5416, .F. ) ;
#2058 = CARTESIAN_POINT ( 'NONE',  ( 15.06612533786874941, 23.50846596279285095, 169.0205262070159904 ) ) ;
#2059 = CARTESIAN_POINT ( 'NONE',  ( 25.70389953728459886, 24.01283593023764951, 160.1274500000000103 ) ) ;
#2060 = CARTESIAN_POINT ( 'NONE',  ( 26.16190086951391436, 24.28813179747046647, 165.8066484683728277 ) ) ;
#2061 = DIRECTION ( 'NONE',  ( 0.1006318910984300152, 0.05303758115645531429, 0.9935090525400490646 ) ) ;
#2062 = CARTESIAN_POINT ( 'NONE',  ( 13.64916631040665429, 24.76304996183558060, 171.5799259520665032 ) ) ;
#2063 = CARTESIAN_POINT ( 'NONE',  ( 25.53969128280899881, 25.18032466830525351, 161.5868971640974792 ) ) ;
#2064 = DIRECTION ( 'NONE',  ( -0.9914329489890039149, -0.07785862705001639350, 0.1048748866643193778 ) ) ;
#2065 = CARTESIAN_POINT ( 'NONE',  ( 24.99481124974575152, 26.72058120571355033, 164.2057178796735002 ) ) ;
#2066 = CARTESIAN_POINT ( 'NONE',  ( 13.49164152811197148, 23.46395529489804943, 170.9476799017006385 ) ) ;
#2067 = CARTESIAN_POINT ( 'NONE',  ( 14.58758553774946165, 23.37040023442185088, 166.8355612312720098 ) ) ;
#2068 = CARTESIAN_POINT ( 'NONE',  ( 13.40866629507146079, 23.31748619883400053, 167.8428009811549941 ) ) ;
#2069 = EDGE_CURVE ( 'NONE', #630, #500, #4979, .T. ) ;
#2070 = CARTESIAN_POINT ( 'NONE',  ( 21.10952948782465199, 29.68321150991130253, 164.4410982270984789 ) ) ;
#2071 = CARTESIAN_POINT ( 'NONE',  ( 26.34481345597070145, 22.75709284689254730, 169.3702749999999924 ) ) ;
#2072 = CARTESIAN_POINT ( 'NONE',  ( 25.85486334470309799, 25.33965254361499930, 165.3679322258295201 ) ) ;
#2073 = ORIENTED_EDGE ( 'NONE', *, *, #5720, .T. ) ;
#2074 = CARTESIAN_POINT ( 'NONE',  ( 20.06013178470605141, 29.94285664479075137, 165.0367968007079753 ) ) ;
#2075 = CARTESIAN_POINT ( 'NONE',  ( 24.33159826620349975, 27.33196731713349692, 161.3086250000000064 ) ) ;
#2076 = CARTESIAN_POINT ( 'NONE',  ( 21.14869130104969841, 29.72362073586594988, 164.7769664486005183 ) ) ;
#2077 = CARTESIAN_POINT ( 'NONE',  ( 13.78241138129897969, 25.83599024265144806, 170.7585395833335156 ) ) ;
#2078 = EDGE_CURVE ( 'NONE', #5626, #851, #4735, .T. ) ;
#2079 = FACE_OUTER_BOUND ( 'NONE', #2931, .T. ) ;
#2080 = CARTESIAN_POINT ( 'NONE',  ( 13.06340825987842003, 23.14884294196155068, 164.7305878924395017 ) ) ;
#2081 = CARTESIAN_POINT ( 'NONE',  ( 25.63535938694615268, 26.08645320837615245, 167.8295250000000181 ) ) ;
#2082 = CARTESIAN_POINT ( 'NONE',  ( 15.81755960855120158, 23.52422821801874875, 167.9788414659840043 ) ) ;
#2083 = ORIENTED_EDGE ( 'NONE', *, *, #1067, .T. ) ;
#2084 = CARTESIAN_POINT ( 'NONE',  ( 25.27788485796829931, 20.97110838028135049, 163.2480958333335082 ) ) ;
#2085 = CARTESIAN_POINT ( 'NONE',  ( 13.71572068445859927, 23.39312504255500258, 164.4871931623215175 ) ) ;
#2086 = CARTESIAN_POINT ( 'NONE',  ( 13.87671686636006108, 27.70319034627859978, 165.2794067891464920 ) ) ;
#2087 = CARTESIAN_POINT ( 'NONE',  ( 24.95052994007555114, 24.43357903081714966, 153.8696062500000039 ) ) ;
#2088 = CARTESIAN_POINT ( 'NONE',  ( 20.77148719802690735, 29.77658940843925350, 166.4834201282777428 ) ) ;
#2089 = CARTESIAN_POINT ( 'NONE',  ( 12.98652791392479955, 26.01182289711610096, 166.5275895833335085 ) ) ;
#2090 = CARTESIAN_POINT ( 'NONE',  ( 25.97681557989520229, 25.45794279623439849, 169.0111943095979825 ) ) ;
#2091 = VERTEX_POINT ( 'NONE', #5151 ) ;
#2092 = CARTESIAN_POINT ( 'NONE',  ( 23.83018334034539976, 24.70422496304784943, 148.1070955163052076 ) ) ;
#2093 = CARTESIAN_POINT ( 'NONE',  ( 25.57562823894499715, 24.62674595443260017, 160.1088458333335041 ) ) ;
#2094 = CARTESIAN_POINT ( 'NONE',  ( 24.81430177339260013, 27.06667073908450050, 164.7520287608464855 ) ) ;
#2095 = CARTESIAN_POINT ( 'NONE',  ( 25.13588387310189987, 26.75760385318340084, 169.1617353527425109 ) ) ;
#2096 = CARTESIAN_POINT ( 'NONE',  ( 13.65466236632241426, 24.93685823232883081, 171.4751404798360284 ) ) ;
#2097 = CARTESIAN_POINT ( 'NONE',  ( 21.03043250952415022, 23.50038407278879760, 166.7922412634979992 ) ) ;
#2098 = CARTESIAN_POINT ( 'NONE',  ( 13.44901981112393763, 25.61855381934705633, 169.5861842997739757 ) ) ;
#2099 = PLANE ( 'NONE',  #3872 ) ;
#2100 = CARTESIAN_POINT ( 'NONE',  ( 25.30669976303852309, 26.26891134524227667, 164.1982388798604120 ) ) ;
#2101 = CARTESIAN_POINT ( 'NONE',  ( 13.07043092676848062, 25.63297211313454937, 167.7031833333334987 ) ) ;
#2102 = LINE ( 'NONE', #3171, #1910 ) ;
#2103 = VERTEX_POINT ( 'NONE', #2171 ) ;
#2104 = CARTESIAN_POINT ( 'NONE',  ( 25.78687742186675180, 24.82371835514904745, 162.8497308606615093 ) ) ;
#2105 = CARTESIAN_POINT ( 'NONE',  ( 23.74842210587869928, 27.22880842922419831, 155.4408083333335071 ) ) ;
#2106 = CARTESIAN_POINT ( 'NONE',  ( 24.68846198779365153, 27.22300317128044966, 164.7131931346839906 ) ) ;
#2107 = EDGE_CURVE ( 'NONE', #3016, #2664, #2340, .T. ) ;
#2108 = B_SPLINE_CURVE_WITH_KNOTS ( 'NONE', 3,
 ( #6367, #558, #2538, #6331, #1876, #5831, #3368 ),
 .UNSPECIFIED., .F., .F.,
 ( 4, 1, 1, 1, 4 ),
 ( 0.000000000000000000, 0.2577648264557724778, 0.5079395883340290796, 0.7542507076510069908, 1.000000000000000000 ),
 .UNSPECIFIED. ) ;
#2109 = VECTOR ( 'NONE', #2736, 1000.000000000000000 ) ;
#2110 = CARTESIAN_POINT ( 'NONE',  ( 12.99096071347598880, 24.68525090332566307, 168.5285361418627019 ) ) ;
#2111 = CARTESIAN_POINT ( 'NONE',  ( 13.11646466420557999, 23.14624188424900098, 164.5744096160194943 ) ) ;
#2112 = CARTESIAN_POINT ( 'NONE',  ( 25.86890889342459943, 25.77556960246154816, 170.7123166666665099 ) ) ;
#2113 = CARTESIAN_POINT ( 'NONE',  ( 25.91111086267915198, 25.50066961596505166, 167.1682125000000099 ) ) ;
#2114 = CARTESIAN_POINT ( 'NONE',  ( 15.77916572654309846, 23.52440357935805082, 168.0538843872015207 ) ) ;
#2115 = VECTOR ( 'NONE', #3454, 1000.000000000000114 ) ;
#2116 = EDGE_LOOP ( 'NONE', ( #98, #4159, #5791, #5581 ) ) ;
#2117 = CARTESIAN_POINT ( 'NONE',  ( 26.00452062260440300, 23.18690440067040015, 163.0421333333335099 ) ) ;
#2118 = CARTESIAN_POINT ( 'NONE',  ( 24.94484078245429970, 20.48446524753289921, 163.7089583333335270 ) ) ;
#2119 = EDGE_CURVE ( 'NONE', #3808, #2420, #3510, .T. ) ;
#2120 = CARTESIAN_POINT ( 'NONE',  ( 24.57235104257814839, 24.29278242515655251, 151.5448708333335048 ) ) ;
#2121 = AXIS2_PLACEMENT_3D ( 'NONE', #5216, #4216, #784 ) ;
#2122 = CARTESIAN_POINT ( 'NONE',  ( 22.54998740776959920, 18.58434124125620102, 150.6399583333334817 ) ) ;
#2123 = CARTESIAN_POINT ( 'NONE',  ( 12.85786938196426021, 26.02500433936275215, 165.8883706597219998 ) ) ;
#2124 = ORIENTED_EDGE ( 'NONE', *, *, #4763, .T. ) ;
#2125 = CARTESIAN_POINT ( 'NONE',  ( 25.27610257575865305, 25.56826988883155849, 160.3399312972525479 ) ) ;
#2126 = CARTESIAN_POINT ( 'NONE',  ( 21.47368124308059834, 29.73301242485265306, 162.4815035113055330 ) ) ;
#2127 = CARTESIAN_POINT ( 'NONE',  ( 25.88913680681529783, 23.67662920548050209, 161.7084854166664911 ) ) ;
#2128 = CARTESIAN_POINT ( 'NONE',  ( 24.88123458126040077, 27.03757131725810225, 165.6819342248014948 ) ) ;
#2129 = CARTESIAN_POINT ( 'NONE',  ( 14.52209002426733875, 23.21730659420429888, 163.5509113991354866 ) ) ;
#2130 = CARTESIAN_POINT ( 'NONE',  ( 14.14658326873173877, 23.59339765332185124, 168.1444723655709765 ) ) ;
#2131 = CARTESIAN_POINT ( 'NONE',  ( 25.55591647952745049, 25.19846809405145294, 161.8432027343949926 ) ) ;
#2132 = CARTESIAN_POINT ( 'NONE',  ( 11.81153422949193121, 22.91253146525214746, 161.7928040496319682 ) ) ;
#2133 = CARTESIAN_POINT ( 'NONE',  ( 24.81089004024014955, 27.06791259860795051, 164.7090718460094934 ) ) ;
#2134 = CARTESIAN_POINT ( 'NONE',  ( 18.54530336028225079, 29.93710140037810064, 165.4975792655044984 ) ) ;
#2135 = DIRECTION ( 'NONE',  ( -0.9948721914682537859, 0.000000000000000000, 0.1011401139170515634 ) ) ;
#2136 = VERTEX_POINT ( 'NONE', #4088 ) ;
#2137 = LINE ( 'NONE', #3146, #5024 ) ;
#2138 = CARTESIAN_POINT ( 'NONE',  ( 12.73599506144603843, 26.29802554241044987, 164.8542833333334841 ) ) ;
#2139 = CARTESIAN_POINT ( 'NONE',  ( 23.16023724561859964, 27.16499976758845136, 151.5678020833335040 ) ) ;
#2140 = CARTESIAN_POINT ( 'NONE',  ( 21.24864752931920364, 29.59187585466390047, 166.0888020833335190 ) ) ;
#2141 = CARTESIAN_POINT ( 'NONE',  ( 24.93329557281165165, 27.06310737512470155, 166.2067300237609970 ) ) ;
#2142 = CARTESIAN_POINT ( 'NONE',  ( 25.53333669844255027, 24.74172340841359841, 159.9991358893999802 ) ) ;
#2143 = CARTESIAN_POINT ( 'NONE',  ( 12.23308470217746091, 26.35339159685520016, 162.4237166666665075 ) ) ;
#2144 = CARTESIAN_POINT ( 'NONE',  ( 25.03332419463384895, 26.65425231827595098, 163.7737954861109984 ) ) ;
#2145 = CARTESIAN_POINT ( 'NONE',  ( 15.30045230204394890, 23.50236856866450097, 168.4506786524019901 ) ) ;
#2146 = ORIENTED_EDGE ( 'NONE', *, *, #4687, .F. ) ;
#2147 = CARTESIAN_POINT ( 'NONE',  ( 12.29846941666463955, 20.29153653976874949, 161.2847928546080141 ) ) ;
#2148 = CARTESIAN_POINT ( 'NONE',  ( 25.35151137976259861, 24.62902436621329727, 157.7632250000000056 ) ) ;
#2149 = CARTESIAN_POINT ( 'NONE',  ( 21.35694583325784990, 29.40081930572334912, 167.5205375000000174 ) ) ;
#2150 = CARTESIAN_POINT ( 'NONE',  ( 25.55162312186105211, 21.57489626459489784, 162.2610750000000053 ) ) ;
#2151 = CARTESIAN_POINT ( 'NONE',  ( 17.09439688758945053, 29.70224934336970080, 165.6279812500000048 ) ) ;
#2152 = EDGE_CURVE ( 'NONE', #343, #4034, #4908, .T. ) ;
#2153 = B_SPLINE_CURVE_WITH_KNOTS ( 'NONE', 3,
 ( #1317, #273, #6249, #5202, #345, #2282, #5269, #4232, #6213, #5723, #1764 ),
 .UNSPECIFIED., .F., .F.,
 ( 4, 1, 1, 1, 1, 1, 1, 1, 4 ),
 ( 0.000000000000000000, 0.1205234751772081975, 0.2401250842232909855, 0.3596212192905685057, 0.4808517190435930289, 0.6039515596735419711, 0.7316160205097190783, 0.8625688420528129230, 1.000000000000000000 ),
 .UNSPECIFIED. ) ;
#2154 = ORIENTED_EDGE ( 'NONE', *, *, #2405, .F. ) ;
#2155 = CARTESIAN_POINT ( 'NONE',  ( 18.66862543407984987, 29.88433243331699884, 166.1873991985744965 ) ) ;
#2156 = CARTESIAN_POINT ( 'NONE',  ( 25.57071819363144982, 23.33740044336644814, 157.8119000000000085 ) ) ;
#2157 = CARTESIAN_POINT ( 'NONE',  ( 22.55165653616795041, 29.09754746461520014, 166.3393579635670108 ) ) ;
#2158 = EDGE_CURVE ( 'NONE', #3132, #6010, #2885, .T. ) ;
#2159 = CARTESIAN_POINT ( 'NONE',  ( 17.66516584920025323, 24.25362515120420071, 169.6092292477509886 ) ) ;
#2160 = CARTESIAN_POINT ( 'NONE',  ( 13.66963024596688037, 25.34556702265488326, 171.0729863898787642 ) ) ;
#2161 = CARTESIAN_POINT ( 'NONE',  ( 25.92146261742049873, 25.58673039929229986, 169.1420495313450090 ) ) ;
#2162 = LINE ( 'NONE', #93, #4690 ) ;
#2163 = CARTESIAN_POINT ( 'NONE',  ( 12.92196542435172013, 25.14043568666675199, 167.7319458333334978 ) ) ;
#2164 = CARTESIAN_POINT ( 'NONE',  ( 14.93031057625520042, 23.39860442235804783, 166.8279962027599765 ) ) ;
#2165 = CARTESIAN_POINT ( 'NONE',  ( 26.21373353446684717, 22.07589145156750021, 171.6766749999999888 ) ) ;
#2166 = CARTESIAN_POINT ( 'NONE',  ( 13.07043092676848062, 25.63297211313454937, 167.7031833333334987 ) ) ;
#2167 = ORIENTED_EDGE ( 'NONE', *, *, #844, .F. ) ;
#2168 = CARTESIAN_POINT ( 'NONE',  ( 16.42357267374799790, 23.55399053889820138, 167.5180850648075079 ) ) ;
#2169 = CARTESIAN_POINT ( 'NONE',  ( 12.95250211521210026, 20.71632530841450404, 165.0704482638890056 ) ) ;
#2170 = CARTESIAN_POINT ( 'NONE',  ( 24.70404877392930132, 26.05639306606149930, 156.9709937500000194 ) ) ;
#2171 = CARTESIAN_POINT ( 'NONE',  ( 12.74220433263428021, 24.25515027989494854, 167.5914580389284936 ) ) ;
#2172 = CARTESIAN_POINT ( 'NONE',  ( 13.64700914975509249, 23.67805862068805922, 171.7838299912748425 ) ) ;
#2173 = CARTESIAN_POINT ( 'NONE',  ( 15.03134552512649869, 23.68313582406035067, 168.5015463815464898 ) ) ;
#2174 = CARTESIAN_POINT ( 'NONE',  ( 25.07077195499289957, 26.64614158869030192, 164.1669194444445168 ) ) ;
#2175 = CARTESIAN_POINT ( 'NONE',  ( 15.01436275463289860, 23.48141158895525038, 168.5145366191679841 ) ) ;
#2176 = EDGE_LOOP ( 'NONE', ( #576, #3210, #3976, #6025, #5530 ) ) ;
#2177 = CARTESIAN_POINT ( 'NONE',  ( 26.23787193794669648, 24.84143630260270896, 170.4709589829988090 ) ) ;
#2178 = CARTESIAN_POINT ( 'NONE',  ( 24.62528785844899915, 27.33832768087975040, 165.6421958333335169 ) ) ;
#2179 = CARTESIAN_POINT ( 'NONE',  ( 22.72376613533090151, 18.54334275808475141, 151.3954729166665061 ) ) ;
#2180 = CARTESIAN_POINT ( 'NONE',  ( 12.93750380856741877, 25.89118530041335120, 166.5350177083334984 ) ) ;
#2181 = ORIENTED_EDGE ( 'NONE', *, *, #3049, .F. ) ;
#2182 = CARTESIAN_POINT ( 'NONE',  ( 25.17004595123494326, 25.86376513118869624, 160.6370285290429081 ) ) ;
#2183 = CARTESIAN_POINT ( 'NONE',  ( 22.03067428204349909, 29.47093680642835167, 162.4230271086844937 ) ) ;
#2184 = B_SPLINE_SURFACE_WITH_KNOTS ( 'NONE', 3, 3, ( 
 ( #2756, #318, #2232, #1176, #4211, #6190, #6221, #3744, #2670, #4727, #3269, #3688, #5152, #4636, #5700, #1662, #1690, #4180, #6130, #281, #224, #4240 ),
 ( #2784, #4755, #3150, #723, #2696, #5125, #1718, #3661, #5641, #3176, #2855, #2890, #5418, #878, #6400, #4345, #4859, #3889, #3921, #845, #4931, #3784 ),
 ( #4823, #3334, #430, #2407, #1325, #5310, #2818, #1425, #390, #3301, #4382, #4788, #6368, #1912, #1358, #5769, #5278, #2368, #2442, #6332, #1877, #6298 ),
 ( #3849, #355, #5834, #2329, #4308, #5871, #1389, #5799, #3409, #3369, #2961, #5383, #5348, #6258, #948, #984, #2292, #1845, #2928, #915, #4269, #4893 ) ),
 .UNSPECIFIED., .F., .F., .F.,
 ( 4, 4 ),
 ( 4, 1, 1, 1, 1, 1, 1, 1, 1, 1, 1, 1, 1, 1, 1, 1, 1, 1, 1, 4 ),
 ( 0.000000000000000000, 1.000000000000000000 ),
 ( 0.000000000000000000, 1.000000000000000000, 3.000000000000000000, 5.000000000000000000, 7.000000000000000000, 9.000000000000000000, 11.00000000000000000, 13.00000000000000000, 15.00000000000000000, 17.00000000000000000, 19.00000000000000000, 21.00000000000000000, 23.00000000000000000, 25.00000000000000000, 27.00000000000000000, 29.00000000000000000, 31.00000000000000000, 33.00000000000000000, 34.00000000000000000, 35.00000000000000000 ),
 .UNSPECIFIED. ) ;
#2185 = EDGE_CURVE ( 'NONE', #3413, #539, #6195, .T. ) ;
#2186 = CARTESIAN_POINT ( 'NONE',  ( 25.90955525989910058, 23.71798142626845163, 161.9681118055555089 ) ) ;
#2187 = CARTESIAN_POINT ( 'NONE',  ( 13.06405346663341938, 24.37666278746119985, 169.0517312500000173 ) ) ;
#2188 = PLANE ( 'NONE',  #768 ) ;
#2189 = CARTESIAN_POINT ( 'NONE',  ( 15.65026970928236949, 29.15225333401912522, 165.0224078501780127 ) ) ;
#2190 = EDGE_CURVE ( 'NONE', #382, #1645, #2717, .T. ) ;
#2191 = DIRECTION ( 'NONE',  ( -0.1006318910984300152, -0.05303758115645541144, -0.9935090525400490646 ) ) ;
#2192 = FACE_OUTER_BOUND ( 'NONE', #2176, .T. ) ;
#2193 = CARTESIAN_POINT ( 'NONE',  ( 13.96376387043289924, 25.29802502077024684, 172.7324097521685076 ) ) ;
#2194 = CARTESIAN_POINT ( 'NONE',  ( 14.33486094255811949, 26.47124862928615130, 172.1258666666665249 ) ) ;
#2195 = CARTESIAN_POINT ( 'NONE',  ( 14.08463125232979962, 22.17918773506929853, 173.2122760416665130 ) ) ;
#2196 = CARTESIAN_POINT ( 'NONE',  ( 13.95545625682703950, 25.61502179110545185, 172.1936708333334991 ) ) ;
#2197 = ORIENTED_EDGE ( 'NONE', *, *, #1751, .F. ) ;
#2198 = CARTESIAN_POINT ( 'NONE',  ( 13.47047167243195886, 20.81411919294975377, 167.6753749999999741 ) ) ;
#2199 = B_SPLINE_CURVE_WITH_KNOTS ( 'NONE', 3,
 ( #3437, #2434, #3982, #3504 ),
 .UNSPECIFIED., .F., .F.,
 ( 4, 4 ),
 ( 0.000000000000000000, 1.000000000000000000 ),
 .UNSPECIFIED. ) ;
#2200 = CARTESIAN_POINT ( 'NONE',  ( 24.06175776946579958, 26.66713301503904887, 154.6438499999999863 ) ) ;
#2201 = CARTESIAN_POINT ( 'NONE',  ( 25.20234132264885218, 26.01147218879399858, 161.6643719604479941 ) ) ;
#2202 = CARTESIAN_POINT ( 'NONE',  ( 13.92132918623456028, 23.55815891584065369, 167.7778671173520024 ) ) ;
#2203 = CARTESIAN_POINT ( 'NONE',  ( 13.29664564774200031, 25.37793839175120070, 169.2566500000000076 ) ) ;
#2204 = DIRECTION ( 'NONE',  ( 0.9914626728336707329, 0.07787427352598498553, -0.1045818621956679795 ) ) ;
#2205 = CARTESIAN_POINT ( 'NONE',  ( 25.65690842358055335, 25.70523449507519942, 164.8068749999999909 ) ) ;
#2206 = CARTESIAN_POINT ( 'NONE',  ( 13.00848077215399989, 23.99359080759739626, 168.9383604166664838 ) ) ;
#2207 = ORIENTED_EDGE ( 'NONE', *, *, #2681, .F. ) ;
#2208 = VECTOR ( 'NONE', #5989, 999.9999999999998863 ) ;
#2209 = CARTESIAN_POINT ( 'NONE',  ( 23.99968527322609901, 19.39622594828495039, 162.5693278211805080 ) ) ;
#2210 = AXIS2_PLACEMENT_3D ( 'NONE', #6255, #245, #773 ) ;
#2211 = CARTESIAN_POINT ( 'NONE',  ( 13.07335304601203951, 25.91059698254064969, 167.4695416761190074 ) ) ;
#2212 = FACE_OUTER_BOUND ( 'NONE', #2551, .T. ) ;
#2213 = VERTEX_POINT ( 'NONE', #280 ) ;
#2214 = CARTESIAN_POINT ( 'NONE',  ( 16.21757872005424872, 23.46913639258490036, 166.0119543019254706 ) ) ;
#2215 = CARTESIAN_POINT ( 'NONE',  ( 13.41000738197089959, 23.52038403139699696, 167.8849038775110216 ) ) ;
#2216 = CARTESIAN_POINT ( 'NONE',  ( 25.72261170730649837, 22.22935466465255061, 161.4118499999999869 ) ) ;
#2217 = CARTESIAN_POINT ( 'NONE',  ( 13.83573947576389962, 24.49073853406810031, 172.7700008092029975 ) ) ;
#2218 = CARTESIAN_POINT ( 'NONE',  ( 13.59793882488122030, 26.96249588328549862, 166.8569853730520265 ) ) ;
#2219 = B_SPLINE_SURFACE_WITH_KNOTS ( 'NONE', 3, 1, ( 
 ( #4367, #2491 ),
 ( #2911, #4464 ),
 ( #1575, #2522 ),
 ( #2086, #4553 ),
 ( #4617, #4061 ),
 ( #1609, #3582 ),
 ( #143, #5561 ),
 ( #4494, #2024 ),
 ( #3099, #5104 ),
 ( #3971, #624 ),
 ( #4087, #1505 ),
 ( #592, #4517 ),
 ( #1538, #4940 ),
 ( #17, #5950 ),
 ( #5462, #5007 ),
 ( #3485, #1567 ) ),
 .UNSPECIFIED., .F., .F., .F.,
 ( 4, 2, 2, 2, 2, 2, 2, 4 ),
 ( 2, 2 ),
 ( 0.000000000000000000, 0.2500000000000000000, 0.3750000000000000000, 0.5000000000000000000, 0.6250000000000000000, 0.7500000000000000000, 0.8750000000000000000, 1.000000000000000000 ),
 ( 0.000000000000000000, 1.000000000000000000 ),
 .UNSPECIFIED. ) ;
#2220 = CARTESIAN_POINT ( 'NONE',  ( 15.88663435976560301, 23.58947172337334663, 164.8329210426884970 ) ) ;
#2221 = CARTESIAN_POINT ( 'NONE',  ( 12.71757195251353956, 25.59398479619390088, 166.0126805357850230 ) ) ;
#2222 = CARTESIAN_POINT ( 'NONE',  ( 14.39858467023269917, 26.44581904862224775, 172.6490911348469979 ) ) ;
#2223 = CARTESIAN_POINT ( 'NONE',  ( 13.35296838029863942, 22.18004938977105311, 169.4853104166664934 ) ) ;
#2224 = FACE_OUTER_BOUND ( 'NONE', #4560, .T. ) ;
#2225 = EDGE_CURVE ( 'NONE', #4641, #1214, #5768, .T. ) ;
#2226 = CARTESIAN_POINT ( 'NONE',  ( 12.48178766713479959, 25.55105330288365195, 165.0196249999999907 ) ) ;
#2227 = EDGE_CURVE ( 'NONE', #3156, #1798, #3790, .T. ) ;
#2228 = CARTESIAN_POINT ( 'NONE',  ( 23.82597416938220292, 26.99374664265445034, 154.6544624999999940 ) ) ;
#2229 = CARTESIAN_POINT ( 'NONE',  ( 16.45554865670809974, 23.65187449625365090, 165.1670872496609945 ) ) ;
#2230 = CARTESIAN_POINT ( 'NONE',  ( 25.09862743289205156, 26.03320519238179998, 160.7515999999999963 ) ) ;
#2231 = CARTESIAN_POINT ( 'NONE',  ( 25.01686763295454696, 26.96054584706745061, 166.2037402180014851 ) ) ;
#2232 = CARTESIAN_POINT ( 'NONE',  ( 24.07481313354439934, 24.02639805629450009, 148.5430035720443982 ) ) ;
#2233 = CARTESIAN_POINT ( 'NONE',  ( 25.49455807915325067, 25.12773238513474894, 160.7520388888889897 ) ) ;
#2234 = CARTESIAN_POINT ( 'NONE',  ( 25.56589484158484993, 25.21000014568695136, 162.0195861832490039 ) ) ;
#2235 = CARTESIAN_POINT ( 'NONE',  ( 12.83402184433842841, 23.27672589746652321, 168.0007515139355974 ) ) ;
#2236 = CARTESIAN_POINT ( 'NONE',  ( 12.73602895730934037, 25.02124931286719800, 166.9680083333335006 ) ) ;
#2237 = ORIENTED_EDGE ( 'NONE', *, *, #4177, .T. ) ;
#2238 = CARTESIAN_POINT ( 'NONE',  ( 13.59798549476852259, 23.49660765497911896, 171.4770768696631933 ) ) ;
#2239 = CARTESIAN_POINT ( 'NONE',  ( 21.62353735044379732, 29.59965240515645135, 164.3252368542484874 ) ) ;
#2240 = CARTESIAN_POINT ( 'NONE',  ( 25.85853583070969819, 22.37925543062414846, 162.8384458333335090 ) ) ;
#2241 = CARTESIAN_POINT ( 'NONE',  ( 17.08216067331334287, 29.60022112174957343, 166.8665248935610066 ) ) ;
#2242 = CARTESIAN_POINT ( 'NONE',  ( 25.36891808172205032, 26.07002806878005075, 163.7622729166665181 ) ) ;
#2243 = VERTEX_POINT ( 'NONE', #1789 ) ;
#2244 = CARTESIAN_POINT ( 'NONE',  ( 12.87614019295240020, 25.89665264235330255, 166.2235935445415009 ) ) ;
#2245 = CARTESIAN_POINT ( 'NONE',  ( 20.40729237668885077, 29.86402221082814989, 166.0123749882694995 ) ) ;
#2246 = CARTESIAN_POINT ( 'NONE',  ( 21.69912607246144987, 29.63918332809069867, 162.4573646245294753 ) ) ;
#2247 = CARTESIAN_POINT ( 'NONE',  ( 25.85799786477640083, 23.62535547600974795, 161.3187500000000227 ) ) ;
#2248 = CARTESIAN_POINT ( 'NONE',  ( 11.75135102440901846, 24.56097541240498217, 161.8129500294501213 ) ) ;
#2249 = CARTESIAN_POINT ( 'NONE',  ( 13.98862147227034036, 25.12027411091829876, 173.1333820165640134 ) ) ;
#2250 = CARTESIAN_POINT ( 'NONE',  ( 13.07335304601203951, 25.91059698254064969, 167.4695416761190074 ) ) ;
#2251 = B_SPLINE_CURVE_WITH_KNOTS ( 'NONE', 3,
 ( #3063, #1054, #3087, #2632 ),
 .UNSPECIFIED., .F., .F.,
 ( 4, 4 ),
 ( 0.0008243777544456090114, 0.001324976116714891936 ),
 .UNSPECIFIED. ) ;
#2252 = CARTESIAN_POINT ( 'NONE',  ( 23.59966112721482290, 28.37341512405957289, 166.2718634038294567 ) ) ;
#2253 = CARTESIAN_POINT ( 'NONE',  ( 12.57643768630532044, 25.28352160547710170, 165.7989636284719950 ) ) ;
#2254 = CARTESIAN_POINT ( 'NONE',  ( 13.73665252611747967, 22.59810210070134673, 171.6537166666665257 ) ) ;
#2255 = CARTESIAN_POINT ( 'NONE',  ( 16.21060922297020213, 23.57406428787020047, 168.3592916129164792 ) ) ;
#2256 = CARTESIAN_POINT ( 'NONE',  ( 13.40915049804081960, 20.70575515122294874, 167.0219729166664990 ) ) ;
#2257 = CARTESIAN_POINT ( 'NONE',  ( 13.59741983410619959, 23.19422450031459704, 164.7507407544950127 ) ) ;
#2258 = ADVANCED_FACE ( 'NONE', ( #5752 ), #1307, .F. ) ;
#2259 = B_SPLINE_CURVE_WITH_KNOTS ( 'NONE', 3,
 ( #455, #5901, #748, #4726, #3713, #5864 ),
 .UNSPECIFIED., .F., .F.,
 ( 4, 1, 1, 4 ),
 ( 0.8980825913955300388, 0.9428571428571430602, 0.9714285714285709750, 1.000000000000000000 ),
 .UNSPECIFIED. ) ;
#2260 = CARTESIAN_POINT ( 'NONE',  ( 14.02162245562551846, 25.50743767410419593, 172.7197336107165313 ) ) ;
#2261 = CARTESIAN_POINT ( 'NONE',  ( 14.58728184534794181, 23.34850795229344911, 166.3490670808965035 ) ) ;
#2262 = CARTESIAN_POINT ( 'NONE',  ( 24.46990809467829919, 25.10949750831915139, 152.3062395833335074 ) ) ;
#2263 = CARTESIAN_POINT ( 'NONE',  ( 16.40084444493854932, 23.54483464549999994, 167.3564998546220011 ) ) ;
#2264 = VERTEX_POINT ( 'NONE', #6206 ) ;
#2265 = CARTESIAN_POINT ( 'NONE',  ( 12.74988465230389956, 23.22195365902315345, 167.6746833333334905 ) ) ;
#2266 = VERTEX_POINT ( 'NONE', #4194 ) ;
#2267 = EDGE_CURVE ( 'NONE', #1428, #1053, #3286, .T. ) ;
#2268 = CARTESIAN_POINT ( 'NONE',  ( 23.74171386912510329, 19.18712858939625221, 163.0041625000000067 ) ) ;
#2269 = CARTESIAN_POINT ( 'NONE',  ( 25.19447337624684735, 26.62338306894485029, 165.6087041666665129 ) ) ;
#2270 = ORIENTED_EDGE ( 'NONE', *, *, #657, .F. ) ;
#2271 = CARTESIAN_POINT ( 'NONE',  ( 25.53969128280899881, 25.18032466830525351, 161.5868971640974792 ) ) ;
#2272 = FACE_OUTER_BOUND ( 'NONE', #2413, .T. ) ;
#2273 = CARTESIAN_POINT ( 'NONE',  ( 24.20245061709610113, 27.73497379867125190, 163.2915874999999915 ) ) ;
#2274 = APPLICATION_CONTEXT ( 'automotive_design' ) ;
#2275 = CARTESIAN_POINT ( 'NONE',  ( 24.64733876207905183, 21.54845385083174847, 151.7057000000000073 ) ) ;
#2276 = CARTESIAN_POINT ( 'NONE',  ( 11.72199879426791469, 23.29783077822187565, 161.4566540285933058 ) ) ;
#2277 = CARTESIAN_POINT ( 'NONE',  ( 13.27540378837773893, 23.86305333328794731, 170.0924166666665087 ) ) ;
#2278 = CARTESIAN_POINT ( 'NONE',  ( 15.86693872506964986, 23.50530591291729721, 167.4663638184869683 ) ) ;
#2279 = CARTESIAN_POINT ( 'NONE',  ( 14.71628191379710060, 23.25568467913655013, 164.0449168079084927 ) ) ;
#2280 = CARTESIAN_POINT ( 'NONE',  ( 25.39287437405929992, 25.22817831386225151, 160.1331926091399964 ) ) ;
#2281 = CARTESIAN_POINT ( 'NONE',  ( 25.59892317267465245, 25.24076606670779910, 162.4454876556179954 ) ) ;
#2282 = CARTESIAN_POINT ( 'NONE',  ( 14.13444905080555891, 23.21306476507670169, 164.1748145859949659 ) ) ;
#2283 = CARTESIAN_POINT ( 'NONE',  ( 23.80380878869102901, 28.20314588472868067, 166.2602750880423343 ) ) ;
#2284 = CARTESIAN_POINT ( 'NONE',  ( 13.24011749831086071, 23.34443768675845021, 164.2852661617384911 ) ) ;
#2285 = CARTESIAN_POINT ( 'NONE',  ( 14.15552296636603913, 25.92195033556370021, 172.6923470530064719 ) ) ;
#2286 = CARTESIAN_POINT ( 'NONE',  ( 13.95317432600110052, 22.11126558013675236, 172.3055927083335064 ) ) ;
#2287 = LINE ( 'NONE', #2883, #1610 ) ;
#2288 = CARTESIAN_POINT ( 'NONE',  ( 15.70448413104664986, 23.45058293669005067, 166.5499119660474889 ) ) ;
#2289 = CARTESIAN_POINT ( 'NONE',  ( 14.53899209226271871, 23.34484682795875088, 166.3570927685754839 ) ) ;
#2290 = CARTESIAN_POINT ( 'NONE',  ( 23.06488967541089963, 27.13064834782700174, 150.9230642361110029 ) ) ;
#2291 = CARTESIAN_POINT ( 'NONE',  ( 14.58681300239395995, 23.42292979146315091, 163.5362051351179957 ) ) ;
#2292 = CARTESIAN_POINT ( 'NONE',  ( 25.36130946393605257, 25.07270111793255296, 159.3186333333335085 ) ) ;
#2293 = CARTESIAN_POINT ( 'NONE',  ( 15.23701486836420038, 23.59533988313485153, 166.1671801416185019 ) ) ;
#2294 = CARTESIAN_POINT ( 'NONE',  ( 12.00118522354603989, 21.71238407286719863, 161.9543333333334942 ) ) ;
#2295 = ORIENTED_EDGE ( 'NONE', *, *, #2107, .T. ) ;
#2296 = CARTESIAN_POINT ( 'NONE',  ( 13.05399304447091957, 24.63291542318254912, 168.9139055555554876 ) ) ;
#2297 = ORIENTED_EDGE ( 'NONE', *, *, #1962, .F. ) ;
#2298 = CARTESIAN_POINT ( 'NONE',  ( 15.63590368957060228, 23.54859255883709679, 168.8574936563815072 ) ) ;
#2299 = CARTESIAN_POINT ( 'NONE',  ( 22.53855028640774805, 29.16462286139975291, 164.2336145833335195 ) ) ;
#2300 = CARTESIAN_POINT ( 'NONE',  ( 25.87021911802165164, 24.33785148771934814, 162.4690359185854902 ) ) ;
#2301 = CARTESIAN_POINT ( 'NONE',  ( 23.73674286859014870, 25.10026274618605058, 148.3798282462944087 ) ) ;
#2302 = CARTESIAN_POINT ( 'NONE',  ( 25.65690842358055335, 25.70523449507519942, 164.8068749999999909 ) ) ;
#2303 = ORIENTED_EDGE ( 'NONE', *, *, #1086, .T. ) ;
#2304 = CARTESIAN_POINT ( 'NONE',  ( 14.72812418272694046, 26.83961702487334833, 173.2641472222219932 ) ) ;
#2305 = CARTESIAN_POINT ( 'NONE',  ( 12.83913146027020069, 25.90020299164764950, 166.0404030609400081 ) ) ;
#2306 = ADVANCED_FACE ( 'NONE', ( #828 ), #4771, .T. ) ;
#2307 = CARTESIAN_POINT ( 'NONE',  ( 14.01216279863595915, 25.31129070996535191, 172.9932753883360022 ) ) ;
#2308 = CARTESIAN_POINT ( 'NONE',  ( 24.16860602210154951, 27.74356819813590036, 162.8974499999999921 ) ) ;
#2309 = B_SPLINE_CURVE_WITH_KNOTS ( 'NONE', 3,
 ( #5236, #3736, #2779, #4263, #1801, #3775, #4200, #836, #5171, #2811, #2319, #6180, #4297, #6288, #742, #2220, #1736, #3708, #1252 ),
 .UNSPECIFIED., .F., .F.,
 ( 4, 1, 1, 1, 1, 1, 1, 1, 1, 1, 1, 1, 1, 1, 1, 1, 4 ),
 ( 0.000000000000000000, 0.07315860281818099831, 0.1428455409333980186, 0.2101901311745004997, 0.2756750156029295074, 0.3387896106465670409, 0.4014446812520360286, 0.4643620427038839815, 0.5278031815077020017, 0.5902048181838720486, 0.6509256845492119581, 0.7096909880779980195, 0.7675370070823960278, 0.8246260589272660368, 0.8821083560809780399, 0.9402437141475579185, 1.000000000000000000 ),
 .UNSPECIFIED. ) ;
#2310 = CARTESIAN_POINT ( 'NONE',  ( 24.56148851186035031, 27.37613059042170249, 164.7178796293125060 ) ) ;
#2311 = CARTESIAN_POINT ( 'NONE',  ( 25.16852875040730098, 20.78746354467374857, 161.5651499999999885 ) ) ;
#2312 = CARTESIAN_POINT ( 'NONE',  ( 12.14872953987847559, 25.17336611809128399, 163.6969580045280850 ) ) ;
#2313 = CARTESIAN_POINT ( 'NONE',  ( 13.99731662217354078, 24.97286198444255234, 173.3990510898240132 ) ) ;
#2314 = CARTESIAN_POINT ( 'NONE',  ( 25.79760597260975175, 25.32631611242520009, 164.7021015770864949 ) ) ;
#2315 = CARTESIAN_POINT ( 'NONE',  ( 25.11809502371760061, 26.72940031359160074, 165.6126624999999990 ) ) ;
#2316 = ORIENTED_EDGE ( 'NONE', *, *, #1688, .F. ) ;
#2317 = FACE_OUTER_BOUND ( 'NONE', #3878, .T. ) ;
#2318 = CIRCLE ( 'NONE', #5211, 1.749999999999996669 ) ;
#2319 = CARTESIAN_POINT ( 'NONE',  ( 15.59506072334274940, 23.54425396763529932, 164.3671898465925096 ) ) ;
#2320 = CARTESIAN_POINT ( 'NONE',  ( 25.86800018169175175, 24.09636808505930006, 162.0848922449144993 ) ) ;
#2321 = CARTESIAN_POINT ( 'NONE',  ( 19.16621188474599791, 29.48093708738434771, 170.8927083333335020 ) ) ;
#2322 = CARTESIAN_POINT ( 'NONE',  ( 25.77632101789982144, 25.89221660944421188, 170.1913373307544362 ) ) ;
#2323 = CARTESIAN_POINT ( 'NONE',  ( 15.41094780298550049, 23.29613105817940166, 163.6575898215960194 ) ) ;
#2324 = CARTESIAN_POINT ( 'NONE',  ( 25.01741342727684980, 20.22327559221455218, 171.8757589382499873 ) ) ;
#2325 = CARTESIAN_POINT ( 'NONE',  ( 15.81349105756680018, 23.46205778752150195, 166.6032199408554959 ) ) ;
#2326 = CARTESIAN_POINT ( 'NONE',  ( 14.51880865130939924, 23.66203071759229815, 168.9817018170180063 ) ) ;
#2327 = CARTESIAN_POINT ( 'NONE',  ( 23.31738379146184670, 26.80475528071684721, 150.9063145833335113 ) ) ;
#2328 = CARTESIAN_POINT ( 'NONE',  ( 12.25972247058921916, 24.10131180370834869, 165.0628872551685049 ) ) ;
#2329 = CARTESIAN_POINT ( 'NONE',  ( 24.08661504432879852, 24.46970914686025012, 149.1860666666665907 ) ) ;
#2330 = CARTESIAN_POINT ( 'NONE',  ( 24.98614038871225063, 26.93104261964665014, 168.6970149376849974 ) ) ;
#2331 = CARTESIAN_POINT ( 'NONE',  ( 11.70988541128730098, 24.79448206119804965, 161.5682250000000124 ) ) ;
#2332 = CARTESIAN_POINT ( 'NONE',  ( 26.33963447613544773, 24.32737817331565111, 169.2933208333335244 ) ) ;
#2333 = CARTESIAN_POINT ( 'NONE',  ( 13.15477812646403954, 25.13339650415359827, 168.8871392795024917 ) ) ;
#2334 = VERTEX_POINT ( 'NONE', #2310 ) ;
#2335 = CARTESIAN_POINT ( 'NONE',  ( 19.50274577318209879, 29.57371312498925064, 169.1521437500000218 ) ) ;
#2336 = CARTESIAN_POINT ( 'NONE',  ( 12.24202060612084075, 23.99118933237615181, 165.0661604166664915 ) ) ;
#2337 = ORIENTED_EDGE ( 'NONE', *, *, #6280, .T. ) ;
#2338 = CARTESIAN_POINT ( 'NONE',  ( 15.85025021717255100, 23.58180589588895160, 164.7297902094415178 ) ) ;
#2339 = FACE_OUTER_BOUND ( 'NONE', #1098, .T. ) ;
#2340 = B_SPLINE_CURVE_WITH_KNOTS ( 'NONE', 3,
 ( #687, #656, #4119, #4149, #4696, #164, #5672, #3632, #6129, #3175, #3203 ),
 .UNSPECIFIED., .F., .F.,
 ( 4, 1, 1, 1, 1, 1, 1, 1, 4 ),
 ( 0.000000000000000000, 0.1205234751772081975, 0.2401250842232909855, 0.3596212192905685057, 0.4808517190435930289, 0.6039515596735419711, 0.7316160205097190783, 0.8625688420528129230, 1.000000000000000000 ),
 .UNSPECIFIED. ) ;
#2341 = CARTESIAN_POINT ( 'NONE',  ( 23.09688016755280060, 28.78738865872369956, 164.1785625000000266 ) ) ;
#2342 = CARTESIAN_POINT ( 'NONE',  ( 18.42122113400424510, 17.44499696976550140, 163.3844831293120023 ) ) ;
#2343 = CARTESIAN_POINT ( 'NONE',  ( 16.64575654101332347, 29.45346726015925753, 166.9185623086489443 ) ) ;
#2344 = CARTESIAN_POINT ( 'NONE',  ( 25.97702889162080098, 25.42411226698810012, 168.3538963664960022 ) ) ;
#2345 = ORIENTED_EDGE ( 'NONE', *, *, #769, .F. ) ;
#2346 = CARTESIAN_POINT ( 'NONE',  ( 14.31049050792261923, 26.03306622489609978, 173.4633497117509933 ) ) ;
#2347 = CARTESIAN_POINT ( 'NONE',  ( 26.24946607945189925, 24.37169276036045318, 167.5034498230031375 ) ) ;
#2348 = CARTESIAN_POINT ( 'NONE',  ( 12.76793558647272064, 25.14683350547499785, 166.9616083333335155 ) ) ;
#2349 = CARTESIAN_POINT ( 'NONE',  ( 23.56135069490664691, 28.32736490456174749, 162.1481895833335045 ) ) ;
#2350 = CARTESIAN_POINT ( 'NONE',  ( 25.81006844299635006, 25.32902383877429742, 164.8085187499999904 ) ) ;
#2351 = EDGE_CURVE ( 'NONE', #1428, #834, #6053, .T. ) ;
#2352 = CARTESIAN_POINT ( 'NONE',  ( 24.77882379423400039, 20.24361806617634940, 162.4282270833335247 ) ) ;
#2353 = CARTESIAN_POINT ( 'NONE',  ( 12.03367872226194280, 25.24315482138371536, 162.9866111487394278 ) ) ;
#2354 = CARTESIAN_POINT ( 'NONE',  ( 13.67474336970200000, 23.36426449683134976, 168.3904944963565242 ) ) ;
#2355 = CARTESIAN_POINT ( 'NONE',  ( 12.46643023647120074, 24.49760604889500115, 166.0966477048754655 ) ) ;
#2356 = ORIENTED_EDGE ( 'NONE', *, *, #2119, .F. ) ;
#2357 = CARTESIAN_POINT ( 'NONE',  ( 25.17686332518790238, 24.97000794921680011, 156.9746833333335019 ) ) ;
#2358 = CARTESIAN_POINT ( 'NONE',  ( 26.31805628591979840, 22.73040448078310050, 168.7125833333334981 ) ) ;
#2360 = EDGE_CURVE ( 'NONE', #2243, #3048, #4800, .T. ) ;
#2359 = CARTESIAN_POINT ( 'NONE',  ( 13.10386725550075937, 25.25985045616914704, 168.4960541666664824 ) ) ;
#2361 = CARTESIAN_POINT ( 'NONE',  ( 25.52036150007294424, 25.61833054790441011, 163.1428624122545727 ) ) ;
#2362 = CARTESIAN_POINT ( 'NONE',  ( 25.70353850012363139, 26.01049008482331359, 170.1024182085030532 ) ) ;
#2363 = CARTESIAN_POINT ( 'NONE',  ( 13.71520318193683963, 25.13892020595250187, 171.5753395833335162 ) ) ;
#2364 = DIRECTION ( 'NONE',  ( 0.08291556471174016396, -0.9955514112831505003, 0.04474814656117568484 ) ) ;
#2365 = CARTESIAN_POINT ( 'NONE',  ( 14.04441251467219942, 23.61290519129705245, 168.7677898630585105 ) ) ;
#2366 = CARTESIAN_POINT ( 'NONE',  ( 23.41360829508380093, 26.36925424726869949, 149.9864773340835882 ) ) ;
#2367 = B_SPLINE_CURVE_WITH_KNOTS ( 'NONE', 3,
 ( #5256, #861, #3351, #5227 ),
 .UNSPECIFIED., .F., .F.,
 ( 4, 4 ),
 ( 0.000000000000000000, 1.000000000000000000 ),
 .UNSPECIFIED. ) ;
#2368 = CARTESIAN_POINT ( 'NONE',  ( 25.47243689282730372, 24.98642464554919940, 160.1015916666665078 ) ) ;
#2369 = CARTESIAN_POINT ( 'NONE',  ( 15.25359798130654987, 23.39622960087820047, 166.1761297709305154 ) ) ;
#2370 = CARTESIAN_POINT ( 'NONE',  ( 11.82872082822171933, 25.59034807737999984, 161.5530374999999879 ) ) ;
#2371 = CARTESIAN_POINT ( 'NONE',  ( 13.15054136476052093, 25.13351092240869988, 168.8667779162709905 ) ) ;
#2372 = ORIENTED_EDGE ( 'NONE', *, *, #2868, .F. ) ;
#2373 = CARTESIAN_POINT ( 'NONE',  ( 19.28170053098780201, 29.54595474294909963, 169.5684569444445060 ) ) ;
#2374 = CARTESIAN_POINT ( 'NONE',  ( 13.02889102349313966, 21.84605586284419942, 167.6857555555555166 ) ) ;
#2375 = VERTEX_POINT ( 'NONE', #2390 ) ;
#2376 = CARTESIAN_POINT ( 'NONE',  ( 16.41355544994725335, 23.56859199643530189, 167.8614978451579987 ) ) ;
#2377 = CARTESIAN_POINT ( 'NONE',  ( 13.53112754169322152, 23.47587713041641422, 171.1397503162671967 ) ) ;
#2378 = CARTESIAN_POINT ( 'NONE',  ( 21.10523805674264963, 29.77515099837984636, 164.1151586323880167 ) ) ;
#2379 = CARTESIAN_POINT ( 'NONE',  ( 22.48703138638350296, 18.27518630784555143, 162.9532041666664952 ) ) ;
#2380 = CARTESIAN_POINT ( 'NONE',  ( 20.23691077266505189, 29.93095613534569921, 164.8750520833335145 ) ) ;
#2381 = CARTESIAN_POINT ( 'NONE',  ( 25.32688751355305001, 26.58225829248459959, 171.1196859375000088 ) ) ;
#2382 = CARTESIAN_POINT ( 'NONE',  ( 24.99182241585959829, 25.46410685078529923, 156.9691541666665273 ) ) ;
#2383 = CARTESIAN_POINT ( 'NONE',  ( 25.39020650171740101, 26.46010325480810010, 168.7543434030435208 ) ) ;
#2384 = ORIENTED_EDGE ( 'NONE', *, *, #657, .T. ) ;
#2385 = CARTESIAN_POINT ( 'NONE',  ( 14.14629128196706098, 25.51974687860055013, 173.4644263443489933 ) ) ;
#2386 = CARTESIAN_POINT ( 'NONE',  ( 14.13444905080555891, 23.21306476507670169, 164.1748145859949659 ) ) ;
#2387 = CARTESIAN_POINT ( 'NONE',  ( 13.96376387043289924, 25.29802502077024684, 172.7324097521685076 ) ) ;
#2388 = CARTESIAN_POINT ( 'NONE',  ( 23.65966509915999794, 28.31227228715024680, 163.3332374999999956 ) ) ;
#2389 = CARTESIAN_POINT ( 'NONE',  ( 28.23525631955400073, 24.19119379539525028, 159.8081832046954958 ) ) ;
#2390 = CARTESIAN_POINT ( 'NONE',  ( 13.34543776272660054, 25.49844951637389912, 169.2937197753070109 ) ) ;
#2391 = DIRECTION ( 'NONE',  ( -0.9914626728336710659, -0.07787427352598338959, 0.1045818621956666056 ) ) ;
#2392 = CARTESIAN_POINT ( 'NONE',  ( 24.59371120795200127, 20.80971153077799940, 152.5501999999999896 ) ) ;
#2393 = CARTESIAN_POINT ( 'NONE',  ( 12.17131465583546124, 25.08942723942046271, 163.9067894800182614 ) ) ;
#2394 = LINE ( 'NONE', #5300, #757 ) ;
#2395 = EDGE_LOOP ( 'NONE', ( #6125, #216, #5748, #487 ) ) ;
#2396 = CARTESIAN_POINT ( 'NONE',  ( 24.59717895120954978, 24.72850928540905002, 152.3120499999999993 ) ) ;
#2397 = EDGE_CURVE ( 'NONE', #3431, #4804, #1954, .T. ) ;
#2398 = CARTESIAN_POINT ( 'NONE',  ( 12.67233316745102023, 24.23462181292185136, 167.2642101354135207 ) ) ;
#2399 = CARTESIAN_POINT ( 'NONE',  ( 14.06850714962859961, 25.46235944067369772, 173.0713129970614830 ) ) ;
#2400 = CARTESIAN_POINT ( 'NONE',  ( 15.54003804469250127, 23.51637621830580116, 168.3183815130934988 ) ) ;
#2401 = CARTESIAN_POINT ( 'NONE',  ( 25.74320798161317114, 25.94684753366765406, 170.1521883204465553 ) ) ;
#2402 = CARTESIAN_POINT ( 'NONE',  ( 22.79724377306154892, 28.89301619815394773, 165.8221346296475076 ) ) ;
#2403 = CARTESIAN_POINT ( 'NONE',  ( 25.68780649379835168, 21.00594393913799962, 170.6044815249254896 ) ) ;
#2404 = CARTESIAN_POINT ( 'NONE',  ( 16.20099560711190279, 23.66824667484155142, 166.0030046726135140 ) ) ;
#2405 = EDGE_CURVE ( 'NONE', #3600, #1303, #3044, .T. ) ;
#2406 = CARTESIAN_POINT ( 'NONE',  ( 25.69728333136139753, 23.99184912201569730, 160.0758946865094856 ) ) ;
#2407 = CARTESIAN_POINT ( 'NONE',  ( 24.11873783324990228, 24.34532527067790042, 149.1904833333332192 ) ) ;
#2408 = CARTESIAN_POINT ( 'NONE',  ( 13.46678008525632109, 25.85556414556980087, 169.2230562500000133 ) ) ;
#2409 = CARTESIAN_POINT ( 'NONE',  ( 11.83791085448599922, 22.38434753857409731, 161.5657500000000084 ) ) ;
#2410 = CARTESIAN_POINT ( 'NONE',  ( 12.67088328344476444, 23.22884818662800654, 167.2378596555014951 ) ) ;
#2411 = ORIENTED_EDGE ( 'NONE', *, *, #4806, .F. ) ;
#2412 = CARTESIAN_POINT ( 'NONE',  ( 12.91008800732995887, 25.58007428115545068, 167.0004566641439965 ) ) ;
#2413 = EDGE_LOOP ( 'NONE', ( #4897, #3798, #1430, #4421 ) ) ;
#2414 = CARTESIAN_POINT ( 'NONE',  ( 16.42704702477495005, 23.55685020173579858, 167.5752687426350178 ) ) ;
#2415 = CARTESIAN_POINT ( 'NONE',  ( 25.51219895007050198, 25.32497604020779747, 161.8844572049960107 ) ) ;
#2416 = B_SPLINE_CURVE_WITH_KNOTS ( 'NONE', 3,
 ( #6126, #4663, #3782, #1323, #807, #842, #4722, #1685, #2255, #1740, #3299, #186, #3173, #5727, #2168 ),
 .UNSPECIFIED., .F., .F.,
 ( 4, 1, 1, 1, 1, 1, 1, 1, 1, 1, 1, 1, 4 ),
 ( 0.000000000000000000, 0.08984970130681550760, 0.1778217558533485010, 0.2651381278697325095, 0.3535332640409595273, 0.4404674329557715096, 0.5245677817645320040, 0.6069813377876660532, 0.6889939181491629983, 0.7694476848518739809, 0.8475184377631909127, 0.9235072372288080089, 1.000000000000000000 ),
 .UNSPECIFIED. ) ;
#2417 = CARTESIAN_POINT ( 'NONE',  ( 20.23450586659780015, 29.57746061874609822, 168.4227624999999762 ) ) ;
#2418 = CARTESIAN_POINT ( 'NONE',  ( 25.56948186915064980, 26.24669885642479628, 170.7191249999999911 ) ) ;
#2419 = CARTESIAN_POINT ( 'NONE',  ( 25.52915186965591587, 26.24186352611746642, 167.6685812247216916 ) ) ;
#2420 = VERTEX_POINT ( 'NONE', #5434 ) ;
#2421 = CARTESIAN_POINT ( 'NONE',  ( 14.29961173329413882, 26.04837640580899816, 173.3302117246344665 ) ) ;
#2422 = CARTESIAN_POINT ( 'NONE',  ( 16.41382461059944831, 23.66511988282719869, 165.5390811180255071 ) ) ;
#2423 = CARTESIAN_POINT ( 'NONE',  ( 24.23417135249890109, 27.72368002187664970, 163.6857375000000161 ) ) ;
#2424 = CARTESIAN_POINT ( 'NONE',  ( 25.97681557989520229, 25.45794279623439849, 169.0111943095979825 ) ) ;
#2425 = CARTESIAN_POINT ( 'NONE',  ( 24.75557601602940139, 27.18272678896665084, 168.3975957270340018 ) ) ;
#2426 = CARTESIAN_POINT ( 'NONE',  ( 22.91899959633574824, 18.93709598787319592, 150.5631500000000074 ) ) ;
#2427 = CARTESIAN_POINT ( 'NONE',  ( 15.04319624827750168, 27.99516287672934922, 169.0013999999999896 ) ) ;
#2428 = CARTESIAN_POINT ( 'NONE',  ( 15.21345617121994920, 23.30052107868804967, 164.1211983256550013 ) ) ;
#2429 = EDGE_LOOP ( 'NONE', ( #4918, #2197, #6311, #5316 ) ) ;
#2430 = CARTESIAN_POINT ( 'NONE',  ( 12.59234227316785848, 25.15416291729820131, 166.0488444619805080 ) ) ;
#2431 = CARTESIAN_POINT ( 'NONE',  ( 13.66758983751921974, 23.39260966722704893, 164.5649106542454945 ) ) ;
#2432 = CARTESIAN_POINT ( 'NONE',  ( 24.47341055138184984, 25.97572265440080130, 154.6317479166665123 ) ) ;
#2433 = AXIS2_PLACEMENT_3D ( 'NONE', #614, #713, #2597 ) ;
#2434 = CARTESIAN_POINT ( 'NONE',  ( 12.75944540808183980, 24.87259595325654615, 167.5567499233364970 ) ) ;
#2435 = CARTESIAN_POINT ( 'NONE',  ( 26.00364192849761835, 25.46314737777165860, 170.3949861041650138 ) ) ;
#2436 = CARTESIAN_POINT ( 'NONE',  ( 21.23684753161249716, 29.60742982756335095, 165.9420478337455052 ) ) ;
#2437 = ADVANCED_FACE ( 'NONE', ( #513 ), #2219, .F. ) ;
#2438 = CARTESIAN_POINT ( 'NONE',  ( 25.95195863652974921, 21.46498946423140097, 171.3429937500000051 ) ) ;
#2439 = VECTOR ( 'NONE', #4535, 1000.000000000000114 ) ;
#2440 = CARTESIAN_POINT ( 'NONE',  ( 28.48987037864295147, 25.36463866192039873, 163.0957657247455188 ) ) ;
#2441 = CARTESIAN_POINT ( 'NONE',  ( 25.66789044674699838, 25.29310501999694694, 163.3000516427505033 ) ) ;
#2442 = CARTESIAN_POINT ( 'NONE',  ( 25.53479523248965322, 25.01300330845344888, 160.7533833333334883 ) ) ;
#2443 = ADVANCED_FACE ( 'NONE', ( #2578 ), #3774, .T. ) ;
#2444 = CARTESIAN_POINT ( 'NONE',  ( 24.49168738272444656, 27.40861414253089734, 163.8026085937500227 ) ) ;
#2445 = B_SPLINE_CURVE_WITH_KNOTS ( 'NONE', 3,
 ( #5954, #5464, #2971, #2314 ),
 .UNSPECIFIED., .F., .F.,
 ( 4, 4 ),
 ( 0.000000000000000000, 1.000000000000000000 ),
 .UNSPECIFIED. ) ;
#2446 = CARTESIAN_POINT ( 'NONE',  ( 25.45883328917529909, 25.01116688839415048, 160.0566718474564993 ) ) ;
#2447 = ORIENTED_EDGE ( 'NONE', *, *, #4177, .F. ) ;
#2448 = CARTESIAN_POINT ( 'NONE',  ( 19.29662087534364900, 29.53803074303154830, 169.6980720486110101 ) ) ;
#2449 = CARTESIAN_POINT ( 'NONE',  ( 12.67060765992149918, 21.30092037216029865, 165.0827937500000075 ) ) ;
#2450 = CARTESIAN_POINT ( 'NONE',  ( 12.94067655458840171, 25.54578947579165060, 167.5024553107744794 ) ) ;
#2451 = CARTESIAN_POINT ( 'NONE',  ( 13.20645860121864956, 25.28182035122823024, 168.9601042915092819 ) ) ;
#2452 = CARTESIAN_POINT ( 'NONE',  ( 13.82811335341512127, 25.95042390016205047, 170.7499750000000063 ) ) ;
#2453 = EDGE_CURVE ( 'NONE', #5336, #3832, #1882, .T. ) ;
#2454 = CARTESIAN_POINT ( 'NONE',  ( 19.60417695468740007, 17.62013950426105069, 163.9882729166665172 ) ) ;
#2455 = CARTESIAN_POINT ( 'NONE',  ( 21.34049224788700272, 29.26509048220014719, 168.9628409722220113 ) ) ;
#2456 = CARTESIAN_POINT ( 'NONE',  ( 12.44705087205794136, 24.63528900679380129, 165.5879938705975007 ) ) ;
#2457 = DIRECTION ( 'NONE',  ( -0.1006318910984300152, -0.05303758115645541144, -0.9935090525400490646 ) ) ;
#2458 = ORIENTED_EDGE ( 'NONE', *, *, #99, .T. ) ;
#2459 = CARTESIAN_POINT ( 'NONE',  ( 15.65529300336010188, 27.88689661670465014, 173.1318249999999921 ) ) ;
#2460 = CARTESIAN_POINT ( 'NONE',  ( 16.45249778071354996, 23.65728196696225183, 165.2930450967340050 ) ) ;
#2461 = CARTESIAN_POINT ( 'NONE',  ( 25.18807710961715074, 26.11302028208629977, 162.0583602711400033 ) ) ;
#2462 = CARTESIAN_POINT ( 'NONE',  ( 22.24566400121574716, 28.89527639958929939, 169.2636104166664950 ) ) ;
#2463 = CARTESIAN_POINT ( 'NONE',  ( 23.51885338625559996, 19.40058571555140077, 151.2222999999999900 ) ) ;
#2464 = CARTESIAN_POINT ( 'NONE',  ( 14.49937562798952051, 27.44501813854709837, 169.0683999999999969 ) ) ;
#2465 = ORIENTED_EDGE ( 'NONE', *, *, #5891, .T. ) ;
#2466 = CARTESIAN_POINT ( 'NONE',  ( 25.29892972826685238, 25.03839750263794883, 158.5370999999999810 ) ) ;
#2467 = CARTESIAN_POINT ( 'NONE',  ( 24.09388622397005264, 25.67689194846559886, 151.5269458333335137 ) ) ;
#2468 = CARTESIAN_POINT ( 'NONE',  ( 24.32352367253849934, 24.04281998552695043, 149.9929708333331746 ) ) ;
#2469 = DIRECTION ( 'NONE',  ( -0.1006318910984291964, -0.05303758115645621635, -0.9935090525400491757 ) ) ;
#2470 = DIRECTION ( 'NONE',  ( 0.1006318910984291964, 0.05303758115645621635, 0.9935090525400491757 ) ) ;
#2471 = CARTESIAN_POINT ( 'NONE',  ( 12.75852424398261853, 24.86888438083615327, 167.5570413663864997 ) ) ;
#2472 = CARTESIAN_POINT ( 'NONE',  ( 25.68591610455839813, 21.00832936942110152, 171.0024760997019939 ) ) ;
#2473 = CARTESIAN_POINT ( 'NONE',  ( 14.27403492182136091, 23.63787132852209893, 168.8977572926930009 ) ) ;
#2474 = B_SPLINE_CURVE_WITH_KNOTS ( 'NONE', 3,
 ( #5482, #3021, #4994, #2276, #4259, #5717, #2842, #1864, #3838, #6243, #6208, #4811, #1791, #270, #3805, #1759, #6282, #1344, #4745, #2739, #2248, #5261, #2875, #4229, #3766, #1309, #3322, #5755, #3730, #3288, #1279, #4714, #1832, #830, #2773, #6352, #305, #2353, #4290, #765, #1898, #5689, #3256, #900, #378, #5788, #2312, #4774, #339, #5231, #413, #2804, #2393, #5298, #865, #4370, #1249, #800, #5819, #4331, #6318, #1376, #3356, #5334, #4844, #3223, #5199, #3426, #4368, #514, #5509, #411, #1896, #4465, #5928, #1068, #967, #6350, #4879, #3461 ),
 .UNSPECIFIED., .F., .F.,
 ( 4, 2, 2, 2, 2, 2, 2, 1, 2, 2, 2, 2, 1, 2, 2, 2, 2, 2, 2, 2, 2, 2, 2, 2, 2, 1, 1, 2, 2, 2, 2, 1, 1, 1, 1, 2, 2, 2, 2, 2, 1, 1, 2, 2, 4 ),
 ( 0.000000000000000000, 0.06249999999411592899, 0.09374999999117292204, 0.1093749999897014186, 0.1249999999882299151, 0.1874999999823484531, 0.2187499999794068062, 0.2343749999779343174, 0.2421874999771972403, 0.2499999999764601355, 0.3124999999705563303, 0.3437499999676036921, 0.3593749999661229877, 0.3671874999653831906, 0.3749999999646433935, 0.4374999999587445565, 0.4687499999557951380, 0.4843749999543275342, 0.4999999999528598749, 0.5624999999469891820, 0.5937499999440537524, 0.6093749999425936981, 0.6249999999411336438, 0.6874999999352778834, 0.7187499999323425648, 0.7343749999308817333, 0.7421874999301508735, 0.7460937499297853881, 0.7499999999294200137, 0.8124999999234193693, 0.8437499999204196577, 0.8593749999189197464, 0.8671874999181645727, 0.8710937499177868748, 0.8730468749175943621, 0.8740234374175029908, 0.8749999999174116194, 0.9062499999380918547, 0.9218749999484273649, 0.9296874999535980066, 0.9335937499561828279, 0.9355468749574752385, 0.9365234374581218324, 0.9374999999587684263, 1.000000000000000000 ),
 .UNSPECIFIED. ) ;
#2475 = CARTESIAN_POINT ( 'NONE',  ( 25.82530121378369969, 25.25290958577500078, 164.7032150849279901 ) ) ;
#2476 = CARTESIAN_POINT ( 'NONE',  ( 16.39697233700494650, 23.76770227869194940, 167.8525482158459852 ) ) ;
#2477 = CARTESIAN_POINT ( 'NONE',  ( 13.92278390694859880, 25.83414269776984895, 171.5315895833334991 ) ) ;
#2478 = ORIENTED_EDGE ( 'NONE', *, *, #4682, .F. ) ;
#2479 = CARTESIAN_POINT ( 'NONE',  ( 12.89977511161065848, 21.35089428843540205, 166.2571499999999958 ) ) ;
#2480 = CARTESIAN_POINT ( 'NONE',  ( 24.43134117463925037, 27.12004759107185237, 160.7771395833335077 ) ) ;
#2481 = CARTESIAN_POINT ( 'NONE',  ( 12.81550873896889975, 25.27000911029060148, 167.0265890856159956 ) ) ;
#2482 = EDGE_CURVE ( 'NONE', #2975, #2940, #5987, .T. ) ;
#2483 = CARTESIAN_POINT ( 'NONE',  ( 17.53262182785339718, 17.74693659422880287, 164.2022000445594756 ) ) ;
#2484 = CARTESIAN_POINT ( 'NONE',  ( 13.40866629507146079, 23.31748619883400053, 167.8428009811549941 ) ) ;
#2485 = CARTESIAN_POINT ( 'NONE',  ( 19.98541722837880030, 29.85265119539909762, 166.2205187499999965 ) ) ;
#2486 = CARTESIAN_POINT ( 'NONE',  ( 12.68888432368069985, 24.25096226850995151, 167.5970823614385097 ) ) ;
#2487 = CARTESIAN_POINT ( 'NONE',  ( 25.28137824468582195, 26.59434834839266060, 168.5749400224821670 ) ) ;
#2488 = ORIENTED_EDGE ( 'NONE', *, *, #3687, .F. ) ;
#2489 = DIRECTION ( 'NONE',  ( 0.08291556471174016396, -0.9955514112831505003, 0.04474814656117568484 ) ) ;
#2490 = CARTESIAN_POINT ( 'NONE',  ( 26.13037349188309832, 25.08748889853339747, 169.0136692708335033 ) ) ;
#2491 = CARTESIAN_POINT ( 'NONE',  ( 12.82789975982593944, 25.90129708162919897, 165.9850999152569671 ) ) ;
#2492 = EDGE_CURVE ( 'NONE', #4008, #139, #5658, .T. ) ;
#2493 = CARTESIAN_POINT ( 'NONE',  ( 23.03210351106010378, 19.42205775415149915, 149.0749833333333925 ) ) ;
#2494 = CARTESIAN_POINT ( 'NONE',  ( 18.50977450175929917, 29.67208145130845054, 167.8186999999999784 ) ) ;
#2495 = ORIENTED_EDGE ( 'NONE', *, *, #4571, .T. ) ;
#2496 = CARTESIAN_POINT ( 'NONE',  ( 24.09011196316944847, 24.92459463050380108, 149.9675541666665879 ) ) ;
#2497 = CARTESIAN_POINT ( 'NONE',  ( 25.07591467247344852, 25.78096398127939892, 159.3145125000000064 ) ) ;
#2498 = CARTESIAN_POINT ( 'NONE',  ( 25.50683332792710090, 24.58472183157364910, 159.3280083333334858 ) ) ;
#2499 = CARTESIAN_POINT ( 'NONE',  ( 15.30045230204394890, 23.50236856866450097, 168.4506786524019901 ) ) ;
#2500 = CARTESIAN_POINT ( 'NONE',  ( 28.36256334909850096, 24.77791622865785115, 161.4519744647205073 ) ) ;
#2501 = CARTESIAN_POINT ( 'NONE',  ( 25.19248465171174800, 26.69889490329484971, 168.7676872037589817 ) ) ;
#2502 = CARTESIAN_POINT ( 'NONE',  ( 15.92950613993604847, 23.60289014655129947, 165.0520137431104786 ) ) ;
#2503 = CARTESIAN_POINT ( 'NONE',  ( 15.42685325819365083, 23.32308181095424970, 164.2277151143765082 ) ) ;
#2504 = DIRECTION ( 'NONE',  ( -0.08291556471174066356, 0.9955514112831505003, -0.04474814656117587219 ) ) ;
#2505 = CARTESIAN_POINT ( 'NONE',  ( 15.60606093079490009, 23.66663415076810040, 167.0695068118955078 ) ) ;
#2506 = CARTESIAN_POINT ( 'NONE',  ( 24.84202398392795175, 27.08777578192360025, 168.6555099947734959 ) ) ;
#2507 = CARTESIAN_POINT ( 'NONE',  ( 26.40833108253765005, 23.55263729555385055, 169.5874625000000151 ) ) ;
#2508 = CARTESIAN_POINT ( 'NONE',  ( 12.38378041113247541, 23.13631254618681510, 165.7111217703091484 ) ) ;
#2509 = EDGE_LOOP ( 'NONE', ( #2345, #619, #5595, #3615, #1571, #5012, #5813, #4274, #4323, #480, #2917, #2589, #4243 ) ) ;
#2510 = CARTESIAN_POINT ( 'NONE',  ( 23.57863539051945168, 28.37054021447059782, 164.7643465288954872 ) ) ;
#2511 = CARTESIAN_POINT ( 'NONE',  ( 23.95763880481880292, 27.38195926578625006, 158.5711187500000108 ) ) ;
#2512 = DIRECTION ( 'NONE',  ( -0.1006318910984311948, -0.05303758115645027665, -0.9935090525400492867 ) ) ;
#2513 = CARTESIAN_POINT ( 'NONE',  ( 13.51214139340786069, 23.39705956346015014, 164.9519478241159902 ) ) ;
#2514 = CARTESIAN_POINT ( 'NONE',  ( 13.62924606358429891, 25.13261464326444994, 171.1410266909109907 ) ) ;
#2515 = CARTESIAN_POINT ( 'NONE',  ( 25.33528973069184786, 26.58145944839279906, 171.3805369791664930 ) ) ;
#2516 = ADVANCED_FACE ( 'NONE', ( #6337 ), #1917, .T. ) ;
#2517 = CARTESIAN_POINT ( 'NONE',  ( 25.29415890782501108, 26.57964862878180412, 168.4739591168327593 ) ) ;
#2518 = ORIENTED_EDGE ( 'NONE', *, *, #5571, .F. ) ;
#2519 = CARTESIAN_POINT ( 'NONE',  ( 26.31595309819210016, 23.45755482702914918, 167.2221000000000117 ) ) ;
#2520 = CARTESIAN_POINT ( 'NONE',  ( 12.64593421387995953, 21.29480602038504955, 164.9522104166665031 ) ) ;
#2521 = CARTESIAN_POINT ( 'NONE',  ( 25.27412127865034819, 20.44577051209535057, 169.4894975694444952 ) ) ;
#2522 = CARTESIAN_POINT ( 'NONE',  ( 13.35759266363890063, 27.00710926716890015, 165.8724148804699894 ) ) ;
#2523 = CARTESIAN_POINT ( 'NONE',  ( 23.83879497351810173, 27.96382709658299959, 168.8541479166665056 ) ) ;
#2524 = CARTESIAN_POINT ( 'NONE',  ( 22.54183841390399934, 18.93732174636294729, 148.6581583333332048 ) ) ;
#2525 = CARTESIAN_POINT ( 'NONE',  ( 16.18659337729599912, 28.95324904474979988, 168.0829999999999984 ) ) ;
#2526 = APPLICATION_PROTOCOL_DEFINITION ( 'draft international standard', 'automotive_design', 1998, #4949 ) ;
#2527 = EDGE_CURVE ( 'NONE', #4008, #2334, #5346, .T. ) ;
#2528 = EDGE_CURVE ( 'NONE', #4000, #4008, #4585, .T. ) ;
#2529 = B_SPLINE_CURVE_WITH_KNOTS ( 'NONE', 3,
 ( #4507, #177, #3020, #4993, #3078, #4012, #5517, #1556, #1074, #3536, #2592, #3052, #5026, #4533, #87, #2060, #4037, #825, #4193, #6276, #5815, #233, #2800, #3701, #4768, #1786, #2347, #4325, #5194, #5784, #6313, #6237, #1274 ),
 .UNSPECIFIED., .F., .F.,
 ( 4, 1, 1, 1, 1, 1, 1, 1, 2, 2, 1, 1, 1, 1, 1, 1, 2, 2, 1, 1, 1, 1, 2, 2, 4 ),
 ( 0.000000000000000000, 0.1249999999990369925, 0.1874999999985554888, 0.2187499999983060217, 0.2343749999981917798, 0.2421874999981345755, 0.2460937499981060983, 0.2480468749980918597, 0.2490234374980846710, 0.2499999999980774823, 0.3749999999984917620, 0.4374999999986988741, 0.4687499999987954080, 0.4843749999988508637, 0.4921874999988786192, 0.4960937499988924415, 0.4980468749988918864, 0.4999999999988913313, 0.6249999999990085708, 0.6874999999990671906, 0.7187499999991042721, 0.7343749999991314725, 0.7421874999991451283, 0.7499999999991587840, 1.000000000000000000 ),
 .UNSPECIFIED. ) ;
#2530 = ORIENTED_EDGE ( 'NONE', *, *, #4129, .F. ) ;
#2531 = CARTESIAN_POINT ( 'NONE',  ( 25.16361626549834796, 25.40065249877689979, 158.5332729166665047 ) ) ;
#2532 = CARTESIAN_POINT ( 'NONE',  ( 24.20408297974474721, 25.43196554777994933, 151.5263375000000110 ) ) ;
#2533 = CARTESIAN_POINT ( 'NONE',  ( 24.56597521767514891, 23.46127540514414633, 150.8002500000000055 ) ) ;
#2534 = CARTESIAN_POINT ( 'NONE',  ( 21.56615433600810050, 29.50557087704919823, 165.9141302077790101 ) ) ;
#2535 = CARTESIAN_POINT ( 'NONE',  ( 13.97423607640937959, 23.56720060252695248, 167.8809922659804954 ) ) ;
#2536 = CARTESIAN_POINT ( 'NONE',  ( 14.77770900615145955, 23.68529182991154869, 169.0194858192965057 ) ) ;
#2537 = CARTESIAN_POINT ( 'NONE',  ( 13.59226234737515426, 27.33992937557440683, 165.3276113618873353 ) ) ;
#2538 = CARTESIAN_POINT ( 'NONE',  ( 15.81928250334119923, 23.45449178560365056, 166.4241612423449794 ) ) ;
#2539 = CIRCLE ( 'NONE', #2847, 8.195573199401941622 ) ;
#2540 = FACE_OUTER_BOUND ( 'NONE', #1403, .T. ) ;
#2541 = CARTESIAN_POINT ( 'NONE',  ( 25.63194124559879938, 24.92601371845314873, 161.6603526725760105 ) ) ;
#2542 = CARTESIAN_POINT ( 'NONE',  ( 25.48584040092159952, 24.91730681675545256, 160.0312931198565138 ) ) ;
#2543 = ORIENTED_EDGE ( 'NONE', *, *, #3547, .T. ) ;
#2544 = CARTESIAN_POINT ( 'NONE',  ( 25.88177607955005044, 24.45069402423069960, 162.8588938068600100 ) ) ;
#2545 = CARTESIAN_POINT ( 'NONE',  ( 25.14249120358744705, 26.12781188958314971, 161.6664032817215002 ) ) ;
#2546 = CARTESIAN_POINT ( 'NONE',  ( 16.25349420077469986, 23.60097242061329936, 164.4090184461099966 ) ) ;
#2547 = AXIS2_PLACEMENT_3D ( 'NONE', #2500, #3438, #2470 ) ;
#2548 = CARTESIAN_POINT ( 'NONE',  ( 25.12152297647999788, 26.72676655788669819, 165.7023531638664906 ) ) ;
#2549 = CARTESIAN_POINT ( 'NONE',  ( 25.95760415421014855, 25.29315169806160313, 166.1974659493920115 ) ) ;
#2550 = CARTESIAN_POINT ( 'NONE',  ( 25.33798189365763776, 26.52496963479072889, 168.2386214713465336 ) ) ;
#2551 = EDGE_LOOP ( 'NONE', ( #961, #6036, #4767, #5608 ) ) ;
#2552 = CARTESIAN_POINT ( 'NONE',  ( 12.18582468992268275, 23.06407661370379714, 164.4708251685067353 ) ) ;
#2553 = CARTESIAN_POINT ( 'NONE',  ( 26.33968675328614850, 22.75176623684309973, 169.2387229166664895 ) ) ;
#2554 = CARTESIAN_POINT ( 'NONE',  ( 12.38073945467890091, 25.55907619444370127, 164.5067833333334875 ) ) ;
#2555 = CARTESIAN_POINT ( 'NONE',  ( 26.00620655097809930, 24.96753103516800110, 165.5994875000000093 ) ) ;
#2556 = B_SPLINE_CURVE_WITH_KNOTS ( 'NONE', 3,
 ( #3379, #2900, #2415, #2935 ),
 .UNSPECIFIED., .F., .F.,
 ( 4, 4 ),
 ( 0.000000000000000000, 1.000000000000000000 ),
 .UNSPECIFIED. ) ;
#2557 = CARTESIAN_POINT ( 'NONE',  ( 21.74684963576979868, 29.26356687014765257, 167.4798624999999959 ) ) ;
#2558 = CARTESIAN_POINT ( 'NONE',  ( 24.70196708066064772, 19.84791817146219728, 159.7152000000000100 ) ) ;
#2559 = CARTESIAN_POINT ( 'NONE',  ( 13.94417159174371967, 26.97410227106384895, 168.3581000000000074 ) ) ;
#2560 = CARTESIAN_POINT ( 'NONE',  ( 25.97660516704724998, 25.46456311814990059, 169.1424290191449984 ) ) ;
#2561 = ORIENTED_EDGE ( 'NONE', *, *, #2785, .F. ) ;
#2562 = CARTESIAN_POINT ( 'NONE',  ( 25.02148097560834827, 25.18725370280709797, 156.1904791666665062 ) ) ;
#2563 = EDGE_CURVE ( 'NONE', #834, #1815, #5524, .T. ) ;
#2564 = CARTESIAN_POINT ( 'NONE',  ( 24.98755089966849852, 23.60400012042455131, 153.1199500000000171 ) ) ;
#2565 = CARTESIAN_POINT ( 'NONE',  ( 18.31923065089580049, 22.05812843887685304, 165.1307839517960190 ) ) ;
#2566 = CARTESIAN_POINT ( 'NONE',  ( 25.20752051943509997, 26.68760897478075123, 168.3731064149464771 ) ) ;
#2567 = CARTESIAN_POINT ( 'NONE',  ( 15.00344254176464887, 23.70391000646555213, 169.0154304192439838 ) ) ;
#2568 = CARTESIAN_POINT ( 'NONE',  ( 14.03044546596018094, 23.57620459074635022, 167.9771593753015111 ) ) ;
#2569 = EDGE_CURVE ( 'NONE', #2631, #2334, #6037, .T. ) ;
#2570 = CARTESIAN_POINT ( 'NONE',  ( 25.56589484158484993, 25.21000014568695136, 162.0195861832490039 ) ) ;
#2571 = CARTESIAN_POINT ( 'NONE',  ( 14.74409366612965933, 23.58332768063679907, 166.8132867832100033 ) ) ;
#2572 = CARTESIAN_POINT ( 'NONE',  ( 15.87811311715435103, 23.50957965511085135, 167.5407400619284886 ) ) ;
#2573 = FACE_OUTER_BOUND ( 'NONE', #1776, .T. ) ;
#2574 = ORIENTED_EDGE ( 'NONE', *, *, #5188, .T. ) ;
#2575 = CARTESIAN_POINT ( 'NONE',  ( 25.68547005035319941, 25.12160308635069939, 162.8454423547069894 ) ) ;
#2576 = DIRECTION ( 'NONE',  ( 0.08291556471174016396, -0.9955514112831506113, 0.04474814656117583750 ) ) ;
#2577 = CARTESIAN_POINT ( 'NONE',  ( 16.46265870598730174, 23.44628777419749710, 165.0495028257344927 ) ) ;
#2578 = FACE_OUTER_BOUND ( 'NONE', #6225, .T. ) ;
#2579 = CARTESIAN_POINT ( 'NONE',  ( 14.37892516515456087, 26.91167320361854820, 170.6613833333335037 ) ) ;
#2580 = CARTESIAN_POINT ( 'NONE',  ( 12.63856837813150058, 24.22444347793170039, 167.1003278351685140 ) ) ;
#2581 = FACE_OUTER_BOUND ( 'NONE', #3182, .T. ) ;
#2582 = ORIENTED_EDGE ( 'NONE', *, *, #3041, .T. ) ;
#2583 = CARTESIAN_POINT ( 'NONE',  ( 26.34408268230994921, 24.18547325041190277, 169.0358583333335218 ) ) ;
#2584 = CARTESIAN_POINT ( 'NONE',  ( 25.31424690526934995, 21.00572742016300154, 163.6365833333335047 ) ) ;
#2585 = CARTESIAN_POINT ( 'NONE',  ( 21.70107851021184686, 29.36908328994289974, 166.6989000000000090 ) ) ;
#2586 = CARTESIAN_POINT ( 'NONE',  ( 18.17174534952514975, 23.81186916420685407, 167.0651674924650081 ) ) ;
#2587 = CARTESIAN_POINT ( 'NONE',  ( 17.97776309616845225, 29.90279471724769778, 165.2516365594279932 ) ) ;
#2588 = CARTESIAN_POINT ( 'NONE',  ( 12.44719253406682036, 24.16427842782684721, 166.1163906725689969 ) ) ;
#2589 = ORIENTED_EDGE ( 'NONE', *, *, #4531, .T. ) ;
#2590 = CARTESIAN_POINT ( 'NONE',  ( 24.21708170930665105, 24.99693098789469659, 150.7507145833334903 ) ) ;
#2591 = CARTESIAN_POINT ( 'NONE',  ( 24.06575181087235293, 23.59357902574100052, 148.0386036458332057 ) ) ;
#2592 = CARTESIAN_POINT ( 'NONE',  ( 26.06500904693703902, 24.21851007968115610, 164.4372474110035967 ) ) ;
#2593 = CARTESIAN_POINT ( 'NONE',  ( 24.96032260122670010, 26.76572187086484789, 163.7771871527779979 ) ) ;
#2594 = CARTESIAN_POINT ( 'NONE',  ( 13.66833433572322143, 25.48900512980515032, 170.8453154282009905 ) ) ;
#2595 = CARTESIAN_POINT ( 'NONE',  ( 25.63194124559875320, 24.92601371845314873, 161.6603526725760105 ) ) ;
#2596 = CARTESIAN_POINT ( 'NONE',  ( 25.04512719526200115, 26.74709999633955348, 164.7024724059439791 ) ) ;
#2597 = DIRECTION ( 'NONE',  ( 0.1006318910984311671, 0.05303758115645620941, 0.9935090525400490646 ) ) ;
#2598 = CARTESIAN_POINT ( 'NONE',  ( 13.83745441090115946, 25.16070401858284811, 172.2200114583335164 ) ) ;
#2599 = CARTESIAN_POINT ( 'NONE',  ( 15.51694973535269995, 23.45532040765969839, 167.0028003600695001 ) ) ;
#2600 = CARTESIAN_POINT ( 'NONE',  ( 13.95545625682703950, 25.61502179110545185, 172.1936708333334991 ) ) ;
#2601 = CARTESIAN_POINT ( 'NONE',  ( 26.36624814977734843, 22.78360721757719887, 170.0284000000000049 ) ) ;
#2602 = CARTESIAN_POINT ( 'NONE',  ( 12.71725260647762035, 25.65771628380705138, 165.9088704861109989 ) ) ;
#2603 = EDGE_LOOP ( 'NONE', ( #703, #4406, #561, #3667 ) ) ;
#2604 = ADVANCED_FACE ( 'NONE', ( #5551 ), #4575, .T. ) ;
#2605 = CARTESIAN_POINT ( 'NONE',  ( 12.64726217291866028, 25.50506448769919743, 165.5212824205995048 ) ) ;
#2606 = CARTESIAN_POINT ( 'NONE',  ( 24.29345751117105223, 26.73180116557495367, 156.9832999999999856 ) ) ;
#2607 = LINE ( 'NONE', #2941, #147 ) ;
#2608 = CARTESIAN_POINT ( 'NONE',  ( 12.97093161787720206, 24.60112901416173514, 168.4914524564433407 ) ) ;
#2609 = SURFACE_STYLE_FILL_AREA ( #6100 ) ;
#2610 = CARTESIAN_POINT ( 'NONE',  ( 12.88614768723886073, 25.51952698782299933, 166.9842237819579793 ) ) ;
#2611 = CARTESIAN_POINT ( 'NONE',  ( 25.92146261742049873, 25.58673039929229986, 169.1420495313450090 ) ) ;
#2612 = CARTESIAN_POINT ( 'NONE',  ( 15.65645209621309775, 23.72103104702584986, 168.1863507203544827 ) ) ;
#2613 = ORIENTED_EDGE ( 'NONE', *, *, #3696, .F. ) ;
#2614 = CARTESIAN_POINT ( 'NONE',  ( 26.19284610167485283, 24.63340412324384943, 167.1804000000000201 ) ) ;
#2615 = CARTESIAN_POINT ( 'NONE',  ( 25.68484883119720052, 25.30029593503329721, 163.4994477031804934 ) ) ;
#2616 = CARTESIAN_POINT ( 'NONE',  ( 26.12717874552529906, 21.97147285133014805, 168.7715333333335082 ) ) ;
#2617 = CARTESIAN_POINT ( 'NONE',  ( 25.47323476038929968, 24.70761074565755067, 159.3252500000000111 ) ) ;
#2618 = CARTESIAN_POINT ( 'NONE',  ( 23.98865973625525072, 19.33369362051634965, 162.1828440104164883 ) ) ;
#2619 = CARTESIAN_POINT ( 'NONE',  ( 18.31903981191134889, 29.93910260559989922, 165.2153676035114813 ) ) ;
#2620 = CARTESIAN_POINT ( 'NONE',  ( 12.39687658851759977, 24.13775963724859963, 165.6196361462990012 ) ) ;
#2621 = ORIENTED_EDGE ( 'NONE', *, *, #6014, .F. ) ;
#2622 = CARTESIAN_POINT ( 'NONE',  ( 24.76057409499454920, 27.04139380885095179, 164.2123173196649759 ) ) ;
#2623 = CARTESIAN_POINT ( 'NONE',  ( 24.60421728656500306, 22.94149878859480296, 150.8291833333335035 ) ) ;
#2624 = CARTESIAN_POINT ( 'NONE',  ( 23.63214737310359936, 28.28316296154569898, 165.7701242453485122 ) ) ;
#2625 = CARTESIAN_POINT ( 'NONE',  ( 14.79429211909381792, 23.48618154765490118, 169.0284354486085192 ) ) ;
#2626 = CYLINDRICAL_SURFACE ( 'NONE', #2433, 1.749999999999996891 ) ;
#2627 = CARTESIAN_POINT ( 'NONE',  ( 25.57783977228125138, 25.22179548692190210, 162.1874827656459956 ) ) ;
#2628 = B_SPLINE_CURVE_WITH_KNOTS ( 'NONE', 3,
 ( #6161, #3745, #6259, #2233, #1720, #4756, #3689 ),
 .UNSPECIFIED., .F., .F.,
 ( 4, 1, 1, 1, 4 ),
 ( 30.96708628583320078, 31.00000000000000000, 33.00000000000000000, 34.00000000000000000, 35.00000000000000000 ),
 .UNSPECIFIED. ) ;
#2629 = CARTESIAN_POINT ( 'NONE',  ( 18.50659424396474861, 29.94866146042324928, 165.2872909095860052 ) ) ;
#2630 = CYLINDRICAL_SURFACE ( 'NONE', #2960, 5.780949497268990989 ) ;
#2631 = VERTEX_POINT ( 'NONE', #130 ) ;
#2632 = CARTESIAN_POINT ( 'NONE',  ( 25.90728820866095106, 25.26663290748334845, 165.7007114231220157 ) ) ;
#2633 = CARTESIAN_POINT ( 'NONE',  ( 12.24202060612084075, 23.99118933237615181, 165.0661604166664915 ) ) ;
#2634 = CARTESIAN_POINT ( 'NONE',  ( 23.64353880007319830, 26.50598718468609860, 151.5402499999999861 ) ) ;
#2635 = CARTESIAN_POINT ( 'NONE',  ( 13.93931417701044140, 23.56123251648349992, 167.8129231344555023 ) ) ;
#2636 = CARTESIAN_POINT ( 'NONE',  ( 15.92066638642145016, 23.61563593595575128, 165.3519600607930045 ) ) ;
#2637 = CARTESIAN_POINT ( 'NONE',  ( 13.02193860178006091, 23.15285142922025230, 164.8966089645520015 ) ) ;
#2638 = CARTESIAN_POINT ( 'NONE',  ( 25.80088715866114768, 25.82649968287480036, 169.1425715107019982 ) ) ;
#2639 = CARTESIAN_POINT ( 'NONE',  ( 15.85422323677219936, 23.72083166333824877, 167.8154570903350020 ) ) ;
#2640 = VECTOR ( 'NONE', #5618, 1000.000000000000114 ) ;
#2641 = ORIENTED_EDGE ( 'NONE', *, *, #982, .T. ) ;
#2642 = CARTESIAN_POINT ( 'NONE',  ( 25.19706692914089885, 20.59731071251814782, 165.9109333333335030 ) ) ;
#2643 = EDGE_CURVE ( 'NONE', #1850, #5119, #1775, .T. ) ;
#2644 = CARTESIAN_POINT ( 'NONE',  ( 25.89757864780045082, 25.29317685417025174, 165.7002778737204949 ) ) ;
#2645 = CARTESIAN_POINT ( 'NONE',  ( 24.14349526260635059, 27.77765532558264994, 167.2556000000000154 ) ) ;
#2646 = DIRECTION ( 'NONE',  ( -0.1006318910984296267, -0.05303758115645541837, -0.9935090525400491757 ) ) ;
#2647 = CARTESIAN_POINT ( 'NONE',  ( 13.19400497876070055, 26.23877642905024743, 167.0234312499999874 ) ) ;
#2648 = CARTESIAN_POINT ( 'NONE',  ( 21.25865126343030198, 13.26994666218769936, 166.8120010931550041 ) ) ;
#2649 = ORIENTED_EDGE ( 'NONE', *, *, #6229, .T. ) ;
#2650 = CARTESIAN_POINT ( 'NONE',  ( 19.58286898401830101, 29.97382321460749921, 166.5932853523430026 ) ) ;
#2651 = CARTESIAN_POINT ( 'NONE',  ( 22.06027512137294622, 29.46464989062669915, 163.0864003042169657 ) ) ;
#2652 = CARTESIAN_POINT ( 'NONE',  ( 25.18107498149394985, 22.44648982900005052, 153.9550000000000125 ) ) ;
#2653 = CARTESIAN_POINT ( 'NONE',  ( 19.67097710294115842, 29.94573144892560634, 164.5727938810362900 ) ) ;
#2654 = CARTESIAN_POINT ( 'NONE',  ( 13.02303710046282070, 25.88407819196239856, 166.9727871498490117 ) ) ;
#2655 = B_SPLINE_CURVE_WITH_KNOTS ( 'NONE', 3,
 ( #1911, #5114, #156, #5603, #1166, #4540 ),
 .UNSPECIFIED., .F., .F.,
 ( 4, 1, 1, 4 ),
 ( 0.6001515218631370274, 0.6153846153846149747, 0.7692307692307689404, 0.7956768212062210743 ),
 .UNSPECIFIED. ) ;
#2656 = CARTESIAN_POINT ( 'NONE',  ( 13.54469504541629554, 25.68263376971721357, 169.9255210395071742 ) ) ;
#2657 = CARTESIAN_POINT ( 'NONE',  ( 12.04418198005787488, 23.00736503413699552, 163.4715679649272886 ) ) ;
#2658 = CARTESIAN_POINT ( 'NONE',  ( 16.39336905768355024, 29.50326290168410281, 165.4316681461200176 ) ) ;
#2659 = CARTESIAN_POINT ( 'NONE',  ( 13.93908530739763840, 25.18968157395644880, 172.7383434209619963 ) ) ;
#2660 = CARTESIAN_POINT ( 'NONE',  ( 25.91282099982845111, 24.12375147546184806, 162.6110644163265135 ) ) ;
#2661 = CARTESIAN_POINT ( 'NONE',  ( 14.64600076713573884, 23.37506328262649902, 166.8310643408585179 ) ) ;
#2662 = CARTESIAN_POINT ( 'NONE',  ( 26.37702156348584737, 22.79906686143839778, 170.4237624999999809 ) ) ;
#2663 = CARTESIAN_POINT ( 'NONE',  ( 25.82822248135889964, 25.33333133601330189, 165.0352323560979926 ) ) ;
#2664 = VERTEX_POINT ( 'NONE', #3570 ) ;
#2665 = CARTESIAN_POINT ( 'NONE',  ( 25.92182608130004695, 24.22475684754344982, 162.8660755195870138 ) ) ;
#2666 = CARTESIAN_POINT ( 'NONE',  ( 12.23728296333353960, 23.20354760223354873, 164.9495208333335086 ) ) ;
#2667 = CARTESIAN_POINT ( 'NONE',  ( 23.65808498411999850, 27.20399853245914912, 154.6629541666665091 ) ) ;
#2668 = CARTESIAN_POINT ( 'NONE',  ( 13.48676306920240009, 23.20342305309419828, 165.1604292390814805 ) ) ;
#2669 = CARTESIAN_POINT ( 'NONE',  ( 12.66051524279146001, 24.53504294330315005, 167.0815237801895137 ) ) ;
#2670 = CARTESIAN_POINT ( 'NONE',  ( 24.83241414967019622, 24.38952454562659966, 153.0946729166664966 ) ) ;
#2671 = DIRECTION ( 'NONE',  ( 0.9914626728336715100, 0.07787427352598294550, -0.1045818621956617483 ) ) ;
#2672 = PLANE ( 'NONE',  #3660 ) ;
#2673 = CARTESIAN_POINT ( 'NONE',  ( 25.54225783253700044, 26.06669003211210267, 165.5959499999999878 ) ) ;
#2674 = LINE ( 'NONE', #168, #5436 ) ;
#2675 = ORIENTED_EDGE ( 'NONE', *, *, #67, .F. ) ;
#2676 = CARTESIAN_POINT ( 'NONE',  ( 24.51117256623680163, 27.34961180007474724, 164.2211251012710136 ) ) ;
#2677 = CARTESIAN_POINT ( 'NONE',  ( 23.17017911190835022, 28.59242535190325185, 166.5493999999999915 ) ) ;
#2678 = CARTESIAN_POINT ( 'NONE',  ( 23.94124345819249911, 18.91679548395050148, 159.8694916666665051 ) ) ;
#2679 = CARTESIAN_POINT ( 'NONE',  ( 13.95098448966179916, 27.56696371822759772, 166.3990000000000009 ) ) ;
#2680 = ORIENTED_EDGE ( 'NONE', *, *, #3520, .F. ) ;
#2681 = EDGE_CURVE ( 'NONE', #2825, #6010, #2137, .T. ) ;
#2682 = FACE_OUTER_BOUND ( 'NONE', #1185, .T. ) ;
#2683 = CARTESIAN_POINT ( 'NONE',  ( 21.66390747364350133, 29.61852518600460016, 163.7859793105085089 ) ) ;
#2684 = B_SPLINE_CURVE_WITH_KNOTS ( 'NONE', 3,
 ( #6056, #2128, #4107, #6086, #2094, #1650 ),
 .UNSPECIFIED., .F., .F.,
 ( 4, 1, 1, 4 ),
 ( 7.786386599371030393, 8.000000000000000000, 10.00000000000000000, 10.32746845955749926 ),
 .UNSPECIFIED. ) ;
#2685 = CARTESIAN_POINT ( 'NONE',  ( 25.28119215748199622, 23.15629912671860069, 154.6936999999999784 ) ) ;
#2686 = CARTESIAN_POINT ( 'NONE',  ( 13.60564076887694007, 23.89653993989220027, 171.6237999999999886 ) ) ;
#2687 = CARTESIAN_POINT ( 'NONE',  ( 15.52447285471890126, 28.87387668969905263, 166.5598106502104940 ) ) ;
#2688 = CARTESIAN_POINT ( 'NONE',  ( 25.51423612503499783, 25.29119811883309765, 161.7549527004125025 ) ) ;
#2689 = CARTESIAN_POINT ( 'NONE',  ( 13.23454137319835944, 25.13123421696694848, 169.2714249999999936 ) ) ;
#2690 = CARTESIAN_POINT ( 'NONE',  ( 25.87747777553759931, 25.34614475208839934, 165.6994862348379911 ) ) ;
#2691 = ORIENTED_EDGE ( 'NONE', *, *, #5409, .F. ) ;
#2692 = LINE ( 'NONE', #3710, #3354 ) ;
#2693 = CARTESIAN_POINT ( 'NONE',  ( 13.64657602047348028, 20.94019994822689767, 168.8337856370355325 ) ) ;
#2694 = CARTESIAN_POINT ( 'NONE',  ( 23.96336287175409652, 26.20750362454679916, 152.3087749999999971 ) ) ;
#2695 = CARTESIAN_POINT ( 'NONE',  ( 12.70820829843339972, 24.84236559025795188, 167.0602868401165040 ) ) ;
#2696 = CARTESIAN_POINT ( 'NONE',  ( 24.26946525426354739, 24.29630742097684859, 149.9829124999999976 ) ) ;
#2697 = CARTESIAN_POINT ( 'NONE',  ( 15.87923241238854999, 23.61877635833265288, 165.4986024088855174 ) ) ;
#2698 = CARTESIAN_POINT ( 'NONE',  ( 15.80097649560885031, 23.72333850027535007, 167.9698918366719909 ) ) ;
#2699 = CARTESIAN_POINT ( 'NONE',  ( 15.76258261360079871, 23.72351386161469833, 168.0449347578889956 ) ) ;
#2700 = ORIENTED_EDGE ( 'NONE', *, *, #67, .T. ) ;
#2701 = CARTESIAN_POINT ( 'NONE',  ( 23.65306349197665625, 28.22674875509270365, 164.2612172538057678 ) ) ;
#2702 = CARTESIAN_POINT ( 'NONE',  ( 12.19287140062733954, 20.48336118241714843, 161.1622089407489682 ) ) ;
#2703 = CARTESIAN_POINT ( 'NONE',  ( 24.00894214222535084, 27.97309721827900120, 164.4974249999999927 ) ) ;
#2704 = CARTESIAN_POINT ( 'NONE',  ( 24.88297962726240087, 27.03658858454645042, 165.7099754974909729 ) ) ;
#2705 = CARTESIAN_POINT ( 'NONE',  ( 14.11822520514953361, 27.58927280901074042, 167.2740926601134674 ) ) ;
#2706 = CARTESIAN_POINT ( 'NONE',  ( 16.21634275461110164, 24.00965536096374819, 155.6923515268449876 ) ) ;
#2707 = ORIENTED_EDGE ( 'NONE', *, *, #1484, .T. ) ;
#2708 = CARTESIAN_POINT ( 'NONE',  ( 24.04841615907225005, 25.04944054405279985, 149.9658291666665946 ) ) ;
#2709 = CARTESIAN_POINT ( 'NONE',  ( 25.17114227170514340, 25.86068355738824209, 160.6332231489237756 ) ) ;
#2710 = EDGE_CURVE ( 'NONE', #2029, #2975, #5259, .T. ) ;
#2711 = CARTESIAN_POINT ( 'NONE',  ( 24.28039395310614879, 22.19256099034179996, 149.3363999999999976 ) ) ;
#2712 = CARTESIAN_POINT ( 'NONE',  ( 13.94718013926580014, 24.91973184389290097, 173.1406281556835154 ) ) ;
#2713 = CARTESIAN_POINT ( 'NONE',  ( 23.86394899181869889, 24.74010573227399945, 148.3798788391622168 ) ) ;
#2714 = CARTESIAN_POINT ( 'NONE',  ( 13.27808123857290035, 26.44218229764715034, 166.9171600112850058 ) ) ;
#2715 = CARTESIAN_POINT ( 'NONE',  ( 22.54361578359634422, 29.13153797120900634, 166.3383578537923029 ) ) ;
#2716 = CARTESIAN_POINT ( 'NONE',  ( 18.13428585131079984, 29.31917114066270003, 172.1834249999999997 ) ) ;
#2717 = B_SPLINE_CURVE_WITH_KNOTS ( 'NONE', 3,
 ( #4635, #188, #843, #5937, #5308, #2328 ),
 .UNSPECIFIED., .F., .F.,
 ( 4, 1, 1, 4 ),
 ( 0.5604589492011330387, 0.5833333331484420459, 0.7499999997622830428, 0.7733459171635189700 ),
 .UNSPECIFIED. ) ;
#2718 = LINE ( 'NONE', #5275, #3473 ) ;
#2719 = CARTESIAN_POINT ( 'NONE',  ( 13.68106206316570095, 20.92579292387794965, 168.9628696472125284 ) ) ;
#2720 = CARTESIAN_POINT ( 'NONE',  ( 24.49948131984940147, 26.12650335516634925, 155.4107041666665054 ) ) ;
#2721 = CARTESIAN_POINT ( 'NONE',  ( 23.70511162570245034, 25.57938120620714884, 149.3122484483906192 ) ) ;
#2722 = CARTESIAN_POINT ( 'NONE',  ( 14.22281937168710009, 23.40247115380880061, 168.2249604909405036 ) ) ;
#2723 = CARTESIAN_POINT ( 'NONE',  ( 13.80395478489286099, 25.49310985656650175, 171.5550333333334834 ) ) ;
#2724 = CARTESIAN_POINT ( 'NONE',  ( 15.16017221997005038, 23.39009754840819966, 166.2128167936440093 ) ) ;
#2725 = CARTESIAN_POINT ( 'NONE',  ( 26.15070755386269852, 25.09847120641655138, 169.1426395833335050 ) ) ;
#2726 = CARTESIAN_POINT ( 'NONE',  ( 12.39880472653899979, 25.16336833690554897, 165.0329151041665057 ) ) ;
#2727 = ORIENTED_EDGE ( 'NONE', *, *, #2351, .T. ) ;
#2728 = AXIS2_PLACEMENT_3D ( 'NONE', #3317, #1859, #3283 ) ;
#2729 = CARTESIAN_POINT ( 'NONE',  ( 12.26732871176394113, 20.27690850755234919, 161.1189353113474851 ) ) ;
#2730 = CARTESIAN_POINT ( 'NONE',  ( 23.62403697464629815, 28.33812198003250060, 164.5291166666665106 ) ) ;
#2731 = CARTESIAN_POINT ( 'NONE',  ( 25.97174595627554794, 23.83515080451860157, 162.7481569444445029 ) ) ;
#2732 = VECTOR ( 'NONE', #4566, 1000.000000000000114 ) ;
#2733 = CARTESIAN_POINT ( 'NONE',  ( 16.22442820933654062, 29.27470525513003707, 166.9707814313703409 ) ) ;
#2734 = CARTESIAN_POINT ( 'NONE',  ( 25.81374417656504860, 25.78080752902075190, 168.3534344489760031 ) ) ;
#2735 = ORIENTED_EDGE ( 'NONE', *, *, #933, .F. ) ;
#2736 = DIRECTION ( 'NONE',  ( 0.1006318910984300291, 0.05303758115645521715, 0.9935090525400491757 ) ) ;
#2737 = CARTESIAN_POINT ( 'NONE',  ( 14.91272145977113972, 23.69669509503080107, 169.0230145207034980 ) ) ;
#2738 = CARTESIAN_POINT ( 'NONE',  ( 25.76177090239380263, 22.86962215753355210, 160.1859000000000037 ) ) ;
#2739 = CARTESIAN_POINT ( 'NONE',  ( 11.72831670677412852, 24.42090422774921876, 161.7143330503452603 ) ) ;
#2740 = CARTESIAN_POINT ( 'NONE',  ( 13.23401026638331857, 25.00664107646199952, 169.4062291666664919 ) ) ;
#2741 = B_SPLINE_CURVE_WITH_KNOTS ( 'NONE', 3,
 ( #5866, #1869, #5825, #1419, #2987, #3402, #5379, #423, #5411, #4410, #4339, #2400, #1487, #4962, #2499, #4819, #4375, #3362, #6359 ),
 .UNSPECIFIED., .F., .F.,
 ( 4, 1, 1, 1, 1, 1, 1, 1, 1, 1, 1, 1, 1, 1, 1, 1, 4 ),
 ( 0.000000000000000000, 0.05895252844145110194, 0.1171607427693912018, 0.1738901968693820077, 0.2310196744329705010, 0.2884642645773060066, 0.3474732970525880038, 0.4086589088975794981, 0.4722134071032809688, 0.5365151198845590219, 0.6000696180902620469, 0.6633262713846489467, 0.7276841070586339555, 0.7924677452004249556, 0.8589356749702180549, 0.9285385854395469263, 1.000000000000000000 ),
 .UNSPECIFIED. ) ;
#2742 = CARTESIAN_POINT ( 'NONE',  ( 24.21708170930665105, 24.99693098789469659, 150.7507145833334903 ) ) ;
#2743 = CARTESIAN_POINT ( 'NONE',  ( 13.15477812646403954, 25.13339650415359827, 168.8871392795024917 ) ) ;
#2744 = EDGE_CURVE ( 'NONE', #1499, #5876, #2251, .T. ) ;
#2745 = B_SPLINE_SURFACE_WITH_KNOTS ( 'NONE', 3, 3, ( 
 ( #1536, #3994, #5985, #4938, #6038, #1981, #14 ),
 ( #4484, #1596, #5552, #73, #1502, #6406, #1952 ),
 ( #2545, #4515, #4900, #2014, #4545, #2044, #3517 ),
 ( #5495, #3962, #3571, #1082, #1056, #2075, #1463 ),
 ( #531, #563, #4972, #5915, #2480, #3033, #4023 ),
 ( #3929, #101, #6012, #3064, #1565, #3545, #5422 ),
 ( #472, #989, #4051, #5525, #1113, #2967, #503 ),
 ( #4454, #5948, #3482, #5460, #1023, #2998, #2511 ),
 ( #4665, #6097, #622, #3174, #1742, #3088, #4576 ),
 ( #2170, #3712, #3631, #2606, #1143, #6128, #3120 ),
 ( #3147, #5611, #683, #4208, #4693, #4634, #131 ),
 ( #247, #2720, #1716, #5698, #3659, #2105, #5639 ),
 ( #5175, #747, #1632, #2200, #2228, #2667, #4117 ),
 ( #1198, #5065, #654, #5122, #6067, #719, #1173 ),
 ( #5583, #4084, #1687, #5149, #187, #1227, #3602 ),
 ( #6186, #4148, #2694, #220, #3201, #4176, #6158 ),
 ( #3684, #5094, #5669, #2634, #4609, #163, #2139 ),
 ( #1660, #353, #5830, #1356, #2327, #4306, #2290 ),
 ( #5307, #3888, #316, #3300, #3740, #389, #1809 ),
 ( #5729, #1257, #6297, #2366, #5276, #3367, #5208 ),
 ( #1288, #4344, #6256, #3783, #6329, #4380, #5345 ),
 ( #4856, #2888, #428, #3267, #6366, #775, #2752 ) ),
 .UNSPECIFIED., .F., .F., .F.,
 ( 4, 1, 1, 1, 1, 1, 1, 1, 1, 1, 1, 1, 1, 1, 1, 1, 1, 1, 1, 4 ),
 ( 4, 1, 1, 1, 4 ),
 ( 0.000000000000000000, 1.000000000000000000, 2.000000000000000000, 3.000000000000000000, 5.000000000000000000, 7.000000000000000000, 9.000000000000000000, 11.00000000000000000, 13.00000000000000000, 15.00000000000000000, 17.00000000000000000, 19.00000000000000000, 21.00000000000000000, 23.00000000000000000, 25.00000000000000000, 27.00000000000000000, 29.00000000000000000, 30.00000000000000000, 31.00000000000000000, 32.00000000000000000 ),
 ( 0.000000000000000000, 1.000000000000000000, 2.000000000000000000, 3.000000000000000000, 4.000000000000000000 ),
 .UNSPECIFIED. ) ;
#2746 = CARTESIAN_POINT ( 'NONE',  ( 21.28716347716169821, 29.63394861814155234, 166.4388023600154725 ) ) ;
#2747 = CARTESIAN_POINT ( 'NONE',  ( 12.67722318248882019, 25.53297893309329680, 165.9151506944445202 ) ) ;
#2748 = CARTESIAN_POINT ( 'NONE',  ( 17.51449927288469866, 29.13454403905714685, 172.2505500000000040 ) ) ;
#2749 = CARTESIAN_POINT ( 'NONE',  ( 15.88376287714544866, 23.51174045432695081, 167.5783446064349960 ) ) ;
#2750 = CARTESIAN_POINT ( 'NONE',  ( 25.90728820866095106, 25.26663290748334845, 165.7007114231220157 ) ) ;
#2751 = CARTESIAN_POINT ( 'NONE',  ( 12.67060765992149918, 21.30092037216029865, 165.0827937500000075 ) ) ;
#2752 = CARTESIAN_POINT ( 'NONE',  ( 22.87712064132194811, 27.01472599592125334, 149.5986910722658081 ) ) ;
#2753 = CARTESIAN_POINT ( 'NONE',  ( 13.55970254502210004, 23.19559593019254962, 164.8511399803750237 ) ) ;
#2754 = CARTESIAN_POINT ( 'NONE',  ( 12.63856837813150058, 24.22444347793170039, 167.1003278351685140 ) ) ;
#2755 = CARTESIAN_POINT ( 'NONE',  ( 15.53338316222585114, 23.50963918622795035, 163.7113690601125029 ) ) ;
#2756 = CARTESIAN_POINT ( 'NONE',  ( 24.00153862316454934, 23.96239815719845012, 148.0113338768422011 ) ) ;
#2757 = CARTESIAN_POINT ( 'NONE',  ( 15.03880637371434936, 23.58194805775669778, 166.2365085685619874 ) ) ;
#2758 = CARTESIAN_POINT ( 'NONE',  ( 25.04084400704624969, 25.34169530055554986, 156.9701124999999990 ) ) ;
#2759 = FACE_OUTER_BOUND ( 'NONE', #3396, .T. ) ;
#2760 = CARTESIAN_POINT ( 'NONE',  ( 18.94609798750375163, 29.80906482560234849, 166.9887708333334899 ) ) ;
#2761 = CARTESIAN_POINT ( 'NONE',  ( 12.46102497068502046, 23.21778314060030013, 166.2503999999999849 ) ) ;
#2762 = ORIENTED_EDGE ( 'NONE', *, *, #6146, .T. ) ;
#2763 = CARTESIAN_POINT ( 'NONE',  ( 25.92779372108685010, 25.37266354266665047, 166.1962407611080152 ) ) ;
#2764 = CARTESIAN_POINT ( 'NONE',  ( 13.55201998388883666, 23.48229397241708583, 171.2437990383865554 ) ) ;
#2765 = CARTESIAN_POINT ( 'NONE',  ( 21.65169557621034713, 29.47163934725750067, 165.9156125000000088 ) ) ;
#2766 = CARTESIAN_POINT ( 'NONE',  ( 18.42841413812880091, 17.47935072526245293, 163.5076454252904909 ) ) ;
#2767 = CARTESIAN_POINT ( 'NONE',  ( 15.45341518569411043, 28.80980855874302904, 167.0736949323930958 ) ) ;
#2768 = CARTESIAN_POINT ( 'NONE',  ( 25.81006844299635006, 25.32902383877429742, 164.8085187499999904 ) ) ;
#2769 = VERTEX_POINT ( 'NONE', #4050 ) ;
#2770 = CARTESIAN_POINT ( 'NONE',  ( 16.39161305965984994, 23.46813312205524937, 165.6671587265774974 ) ) ;
#2771 = CARTESIAN_POINT ( 'NONE',  ( 22.53183202094890092, 29.18681760592180296, 163.7029986111110134 ) ) ;
#2772 = CARTESIAN_POINT ( 'NONE',  ( 23.97001927480430439, 21.35606606253475093, 148.2588916666665853 ) ) ;
#2773 = CARTESIAN_POINT ( 'NONE',  ( 11.93997493533318099, 25.13483865644088056, 162.5606953445092699 ) ) ;
#2774 = CARTESIAN_POINT ( 'NONE',  ( 13.49183603791718156, 24.75970155250939797, 170.8241125000000125 ) ) ;
#2775 = B_SPLINE_CURVE_WITH_KNOTS ( 'NONE', 3,
 ( #3082, #179, #3168, #5142, #6058, #3563, #2160, #1623, #4041, #1164, #5058, #3622, #5112 ),
 .UNSPECIFIED., .F., .F.,
 ( 4, 2, 1, 1, 1, 2, 2, 4 ),
 ( 0.000000000000000000, 0.2499999999993473554, 0.3749999999990210053, 0.4374999999988025134, 0.4687499999987512211, 0.4843749999986735610, 0.4999999999985959009, 1.000000000000000000 ),
 .UNSPECIFIED. ) ;
#2776 = CARTESIAN_POINT ( 'NONE',  ( 15.88376287714544866, 23.51174045432695081, 167.5783446064349960 ) ) ;
#2777 = CARTESIAN_POINT ( 'NONE',  ( 15.52306938990484930, 23.33426938261889916, 164.2983322931250143 ) ) ;
#2778 = CARTESIAN_POINT ( 'NONE',  ( 14.80519066301710041, 28.32159822810479710, 166.6621491650454914 ) ) ;
#2779 = CARTESIAN_POINT ( 'NONE',  ( 14.69969880085473868, 23.45479496139315145, 164.0359671785965077 ) ) ;
#2780 = CARTESIAN_POINT ( 'NONE',  ( 12.61197217644869895, 25.40980594217930033, 165.7931543402779937 ) ) ;
#2781 = CARTESIAN_POINT ( 'NONE',  ( 19.03229794053845225, 29.44451951505229914, 172.0884749999999883 ) ) ;
#2782 = CARTESIAN_POINT ( 'NONE',  ( 14.00261536797223982, 22.27864084726519778, 172.8204749999999876 ) ) ;
#2783 = CARTESIAN_POINT ( 'NONE',  ( 14.03933854423156014, 23.38217647490774809, 163.6439667391875048 ) ) ;
#2784 = CARTESIAN_POINT ( 'NONE',  ( 23.97770542251804926, 24.08478176054734732, 148.0027144550732032 ) ) ;
#2785 = EDGE_CURVE ( 'NONE', #4185, #6112, #946, .T. ) ;
#2786 = DIRECTION ( 'NONE',  ( 0.08291556471174016396, -0.9955514112831505003, 0.04474814656117568484 ) ) ;
#2787 = CARTESIAN_POINT ( 'NONE',  ( 26.16544739568839972, 25.16121136401480030, 170.7146500000000060 ) ) ;
#2788 = CARTESIAN_POINT ( 'NONE',  ( 12.41657927121198668, 24.47914387394861535, 165.5994159859213255 ) ) ;
#2789 = ORIENTED_EDGE ( 'NONE', *, *, #740, .T. ) ;
#2790 = CARTESIAN_POINT ( 'NONE',  ( 15.69371242148414858, 23.67775801482680009, 167.1545763847555008 ) ) ;
#2791 = ORIENTED_EDGE ( 'NONE', *, *, #1830, .T. ) ;
#2792 = CARTESIAN_POINT ( 'NONE',  ( 13.63990869768911196, 27.40266835757316599, 165.3194360300524579 ) ) ;
#2793 = CARTESIAN_POINT ( 'NONE',  ( 15.96100627394510241, 23.56592023952440229, 168.6406027199739981 ) ) ;
#2794 = CARTESIAN_POINT ( 'NONE',  ( 24.42948864800624875, 27.50305371779380081, 164.0704984374999924 ) ) ;
#2795 = CARTESIAN_POINT ( 'NONE',  ( 25.56144774584054957, 21.58863580233614599, 162.3905874999999810 ) ) ;
#2796 = CARTESIAN_POINT ( 'NONE',  ( 25.16551042076780220, 26.72908921178495234, 168.7580620525409927 ) ) ;
#2797 = CARTESIAN_POINT ( 'NONE',  ( 25.80552907912575122, 25.73694742069810104, 167.1677374999999870 ) ) ;
#2798 = EDGE_LOOP ( 'NONE', ( #3968, #396, #2411, #2700 ) ) ;
#2799 = CARTESIAN_POINT ( 'NONE',  ( 15.62589628168030131, 27.88809048601349616, 172.8711749999999938 ) ) ;
#2800 = CARTESIAN_POINT ( 'NONE',  ( 26.19327050003454715, 24.31538232404938071, 166.3547889266798734 ) ) ;
#2801 = CARTESIAN_POINT ( 'NONE',  ( 25.18807710961715074, 26.11302028208629977, 162.0583602711400033 ) ) ;
#2802 = CARTESIAN_POINT ( 'NONE',  ( 25.49721738281859729, 25.70068178634264555, 163.2357785038465181 ) ) ;
#2803 = CARTESIAN_POINT ( 'NONE',  ( 24.26741442996134879, 20.76583690630210199, 151.0210999999999899 ) ) ;
#2804 = CARTESIAN_POINT ( 'NONE',  ( 12.17055167389102976, 25.09318194926677847, 163.8988139877372419 ) ) ;
#2805 = CARTESIAN_POINT ( 'NONE',  ( 13.03578813554413962, 24.37718557694849864, 168.9236874999999998 ) ) ;
#2806 = CARTESIAN_POINT ( 'NONE',  ( 13.59613901496123844, 23.35222743584090210, 168.2683444406629860 ) ) ;
#2807 = CARTESIAN_POINT ( 'NONE',  ( 15.32284112330039960, 23.31177099289714860, 164.1688014792755155 ) ) ;
#2808 = ORIENTED_EDGE ( 'NONE', *, *, #134, .T. ) ;
#2809 = CARTESIAN_POINT ( 'NONE',  ( 23.93624527248140055, 24.34416167485284888, 148.1223794478931950 ) ) ;
#2810 = B_SPLINE_CURVE_WITH_KNOTS ( 'NONE', 3,
 ( #2754, #2398, #5699, #5150 ),
 .UNSPECIFIED., .F., .F.,
 ( 4, 4 ),
 ( 0.000000000000000000, 0.0005028780566592239761 ),
 .UNSPECIFIED. ) ;
#2811 = CARTESIAN_POINT ( 'NONE',  ( 15.50648627696249982, 23.53337966487555022, 164.2893826638125176 ) ) ;
#2812 = CARTESIAN_POINT ( 'NONE',  ( 14.18742015320475858, 23.39245435999774969, 163.5982417788870293 ) ) ;
#2813 = CARTESIAN_POINT ( 'NONE',  ( 19.29674222953224927, 29.48222988818309886, 170.8791479166665113 ) ) ;
#2814 = CARTESIAN_POINT ( 'NONE',  ( 25.35047983671190153, 26.30489523700910226, 164.6951501345149893 ) ) ;
#2815 = CARTESIAN_POINT ( 'NONE',  ( 23.36221860316955201, 28.49914690069920198, 165.7859350493254738 ) ) ;
#2816 = CARTESIAN_POINT ( 'NONE',  ( 25.44926323358080111, 20.66516761221294729, 169.8553921875000015 ) ) ;
#2817 = CARTESIAN_POINT ( 'NONE',  ( 13.44508199223141887, 23.52779562310040262, 167.9848049864265249 ) ) ;
#2818 = CARTESIAN_POINT ( 'NONE',  ( 24.50740834388684775, 24.54973172322219810, 151.5380333333335159 ) ) ;
#2819 = CARTESIAN_POINT ( 'NONE',  ( 12.44719253406680082, 24.16427842782684721, 166.1163906725685138 ) ) ;
#2820 = B_SPLINE_CURVE_WITH_KNOTS ( 'NONE', 3,
 ( #522, #4473, #385, #942, #5340, #2921, #33, #1383, #909, #2361, #4887, #2882, #4851, #2003, #3952, #977, #5903, #1939, #3916, #457, #5972, #4924, #1452, #6395, #2954, #1523 ),
 .UNSPECIFIED., .F., .F.,
 ( 4, 2, 2, 2, 2, 1, 2, 2, 2, 2, 1, 2, 2, 4 ),
 ( 0.000000000000000000, 0.06250000000006226963, 0.1250000000001245393, 0.1875000000001867950, 0.2187500000002053080, 0.2343750000002016165, 0.2421875000001997846, 0.2500000000001978973, 0.3750000000001196265, 0.4375000000000794365, 0.4687500000000593414, 0.4843750000000493494, 0.5000000000000393019, 1.000000000000000000 ),
 .UNSPECIFIED. ) ;
#2821 = CARTESIAN_POINT ( 'NONE',  ( 12.34324461757855929, 20.31241024329334977, 161.5407905596805165 ) ) ;
#2822 = CARTESIAN_POINT ( 'NONE',  ( 13.14631179321600030, 25.13362586211960092, 168.8464140179189883 ) ) ;
#2823 = ORIENTED_EDGE ( 'NONE', *, *, #174, .F. ) ;
#2824 = CARTESIAN_POINT ( 'NONE',  ( 12.97911142095541948, 23.99406226654859964, 168.8104083333334984 ) ) ;
#2825 = VERTEX_POINT ( 'NONE', #5206 ) ;
#2826 = CARTESIAN_POINT ( 'NONE',  ( 15.67437142193780097, 23.55460143594559952, 164.4504412347314997 ) ) ;
#2827 = CARTESIAN_POINT ( 'NONE',  ( 15.04954222492639992, 23.70757624504945227, 169.0115765777040338 ) ) ;
#2828 = ADVANCED_FACE ( 'NONE', ( #1714 ), #3199, .T. ) ;
#2829 = CARTESIAN_POINT ( 'NONE',  ( 11.77203795874555858, 22.38673063806725239, 161.1798291666665079 ) ) ;
#2830 = CARTESIAN_POINT ( 'NONE',  ( 21.18560110032234789, 29.67730468681864764, 165.3037503472220067 ) ) ;
#2831 = CARTESIAN_POINT ( 'NONE',  ( 17.74153656878265295, 17.55442870508094799, 163.5958104923124949 ) ) ;
#2832 = CARTESIAN_POINT ( 'NONE',  ( 25.16340229897129888, 26.71011448334434846, 166.3992562500000076 ) ) ;
#2833 = CARTESIAN_POINT ( 'NONE',  ( 25.24866025139934678, 25.57009834023595118, 160.0971999999999866 ) ) ;
#2834 = CARTESIAN_POINT ( 'NONE',  ( 25.62430024932899641, 26.11580552193634830, 168.3567377959050191 ) ) ;
#2835 = EDGE_LOOP ( 'NONE', ( #3481, #2904, #3492, #1339 ) ) ;
#2836 = CARTESIAN_POINT ( 'NONE',  ( 25.18586894402074705, 20.34124069412825264, 169.3727899305554843 ) ) ;
#2837 = CARTESIAN_POINT ( 'NONE',  ( 13.01953324464962058, 25.88436706175354729, 166.9549491455830150 ) ) ;
#2838 = CARTESIAN_POINT ( 'NONE',  ( 13.71520318193683963, 25.13892020595250187, 171.5753395833335162 ) ) ;
#2839 = CARTESIAN_POINT ( 'NONE',  ( 25.23370624720429944, 26.10667238071615159, 162.4518566391660102 ) ) ;
#2840 = EDGE_CURVE ( 'NONE', #891, #6203, #2692, .T. ) ;
#2841 = CARTESIAN_POINT ( 'NONE',  ( 24.27315642056170120, 20.07723196909650198, 152.6409999999999911 ) ) ;
#2842 = CARTESIAN_POINT ( 'NONE',  ( 11.70819147277683570, 23.46500286144131664, 161.4488980435708072 ) ) ;
#2843 = CARTESIAN_POINT ( 'NONE',  ( 25.04495886884429723, 26.83227896552769920, 165.7044756086020243 ) ) ;
#2844 = CARTESIAN_POINT ( 'NONE',  ( 15.61164383628510066, 23.34514368537864826, 164.3761394759050063 ) ) ;
#2845 = ORIENTED_EDGE ( 'NONE', *, *, #3343, .T. ) ;
#2846 = CARTESIAN_POINT ( 'NONE',  ( 25.13524064439990013, 25.09532833728770029, 156.9725916666664887 ) ) ;
#2847 = AXIS2_PLACEMENT_3D ( 'NONE', #5201, #4748, #1708 ) ;
#2848 = CARTESIAN_POINT ( 'NONE',  ( 14.06779234123907862, 25.51078383914349956, 172.9809486731839741 ) ) ;
#2849 = CARTESIAN_POINT ( 'NONE',  ( 19.36627222774470169, 29.46542730733035143, 171.5284708333335004 ) ) ;
#2850 = CARTESIAN_POINT ( 'NONE',  ( 25.97373451400662603, 25.52592963989365060, 170.3740898887495234 ) ) ;
#2851 = CARTESIAN_POINT ( 'NONE',  ( 12.63856837813150058, 24.22444347793170039, 167.1003278351685140 ) ) ;
#2852 = CARTESIAN_POINT ( 'NONE',  ( 25.24293920269170144, 20.39639019283979948, 170.2923583333335102 ) ) ;
#2853 = CARTESIAN_POINT ( 'NONE',  ( 13.06340825987842003, 23.14884294196155068, 164.7305878924395017 ) ) ;
#2854 = B_SPLINE_SURFACE_WITH_KNOTS ( 'NONE', 3, 1, ( 
 ( #1944, #5450 ),
 ( #4305, #3919 ),
 ( #2817, #4855 ),
 ( #4822, #5415 ),
 ( #2959, #427 ),
 ( #4379, #3956 ),
 ( #6365, #6296 ),
 ( #352, #4928 ),
 ( #1909, #388 ),
 ( #2365, #8 ),
 ( #4343, #495 ),
 ( #2473, #5943 ),
 ( #1875, #4787 ),
 ( #2326, #5798 ),
 ( #1355, #3332 ),
 ( #2536, #2625 ),
 ( #3592, #2035 ),
 ( #2567, #4015 ),
 ( #90, #65 ) ),
 .UNSPECIFIED., .F., .F., .F.,
 ( 4, 1, 1, 1, 1, 1, 1, 1, 1, 1, 1, 1, 1, 1, 1, 1, 4 ),
 ( 2, 2 ),
 ( 0.000000000000000000, 0.07315748976587278796, 0.1431567636951429912, 0.2107741953505394839, 0.2759733347013225147, 0.3395771031803109796, 0.4013460392030154811, 0.4624415427199909945, 0.5233731211805879857, 0.5835634005500599519, 0.6424131922286649976, 0.7008462846576239968, 0.7590708851371800181, 0.8174163848135090893, 0.8768599448332380364, 0.9374266994730600100, 1.000000000000000000 ),
 ( 0.000000000000000000, 1.000000000000000000 ),
 .UNSPECIFIED. ) ;
#2855 = CARTESIAN_POINT ( 'NONE',  ( 25.02174252859139969, 24.60544886229724781, 154.6422374999999931 ) ) ;
#2856 = CARTESIAN_POINT ( 'NONE',  ( 14.52240897932039942, 23.54395711021534865, 166.3481431392635272 ) ) ;
#2857 = CARTESIAN_POINT ( 'NONE',  ( 11.75151258575455948, 23.99237188188844883, 161.9586000000000183 ) ) ;
#2858 = CARTESIAN_POINT ( 'NONE',  ( 22.05379639444809925, 29.44095041831804593, 163.8856984107009964 ) ) ;
#2859 = ORIENTED_EDGE ( 'NONE', *, *, #1782, .F. ) ;
#2860 = CARTESIAN_POINT ( 'NONE',  ( 18.53673724552475122, 29.94025749889319954, 165.4504317864980010 ) ) ;
#2861 = CARTESIAN_POINT ( 'NONE',  ( 12.89066125651613959, 24.63644052632729853, 168.1438750000000084 ) ) ;
#2862 = ORIENTED_EDGE ( 'NONE', *, *, #2119, .T. ) ;
#2863 = CARTESIAN_POINT ( 'NONE',  ( 15.12691658029589270, 28.83160576527879471, 165.0925354311533226 ) ) ;
#2864 = CARTESIAN_POINT ( 'NONE',  ( 12.59234227316789934, 25.15416291729820131, 166.0488444619805080 ) ) ;
#2865 = CARTESIAN_POINT ( 'NONE',  ( 24.27865373491399836, 19.68232923201160034, 162.6495208333334972 ) ) ;
#2866 = CARTESIAN_POINT ( 'NONE',  ( 19.87137860823564850, 29.94558762488100001, 165.3102253413159985 ) ) ;
#2867 = CARTESIAN_POINT ( 'NONE',  ( 25.04619222584794969, 26.89271496988055077, 171.1332356770834906 ) ) ;
#2868 = EDGE_CURVE ( 'NONE', #882, #6112, #2718, .T. ) ;
#2869 = CARTESIAN_POINT ( 'NONE',  ( 25.92566096307600176, 25.54469953105364866, 168.3533448163254889 ) ) ;
#2870 = ORIENTED_EDGE ( 'NONE', *, *, #4754, .F. ) ;
#2871 = CARTESIAN_POINT ( 'NONE',  ( 19.11551543808575104, 29.42871014554669884, 172.8675687500000038 ) ) ;
#2872 = CARTESIAN_POINT ( 'NONE',  ( 14.02015993568199903, 25.25802264884794823, 173.1156736350000074 ) ) ;
#2873 = CARTESIAN_POINT ( 'NONE',  ( 25.63336813992210139, 25.43460490648415018, 163.4984692021569970 ) ) ;
#2874 = CARTESIAN_POINT ( 'NONE',  ( 24.95018902445340103, 21.61122373676264985, 153.2433000000000050 ) ) ;
#2875 = CARTESIAN_POINT ( 'NONE',  ( 11.77491509018357263, 24.67710984059288748, 161.9090792145165665 ) ) ;
#2876 = CARTESIAN_POINT ( 'NONE',  ( 24.33456757424229977, 27.64325281613020024, 164.7266042248059819 ) ) ;
#2877 = EDGE_CURVE ( 'NONE', #3447, #6203, #2416, .T. ) ;
#2878 = ORIENTED_EDGE ( 'NONE', *, *, #5188, .F. ) ;
#2879 = CARTESIAN_POINT ( 'NONE',  ( 25.19720181037769891, 25.12832912148894948, 157.7536833333334982 ) ) ;
#2880 = CARTESIAN_POINT ( 'NONE',  ( 25.96206301811210082, 25.34648769120214951, 167.0271743932565016 ) ) ;
#2881 = CARTESIAN_POINT ( 'NONE',  ( 13.29664564774200031, 25.37793839175120070, 169.2566500000000076 ) ) ;
#2882 = CARTESIAN_POINT ( 'NONE',  ( 25.51243848489374244, 25.63399506587655097, 163.1309603436687610 ) ) ;
#2883 = CARTESIAN_POINT ( 'NONE',  ( 13.07335304601203951, 25.91059698254064969, 167.4695416761190074 ) ) ;
#2884 = CARTESIAN_POINT ( 'NONE',  ( 15.64958139706619811, 23.32123832661565288, 163.7739999461064997 ) ) ;
#2885 = B_SPLINE_CURVE_WITH_KNOTS ( 'NONE', 3,
 ( #5178, #2695, #2669, #1634 ),
 .UNSPECIFIED., .F., .F.,
 ( 4, 4 ),
 ( 0.000000000000000000, 1.000000000000000000 ),
 .UNSPECIFIED. ) ;
#2886 = CARTESIAN_POINT ( 'NONE',  ( 25.39913548626650197, 20.65282627667820137, 171.8429398193590032 ) ) ;
#2887 = FACE_OUTER_BOUND ( 'NONE', #3628, .T. ) ;
#2888 = CARTESIAN_POINT ( 'NONE',  ( 23.68588624557149913, 25.73233345493060398, 149.5773184222219925 ) ) ;
#2889 = CARTESIAN_POINT ( 'NONE',  ( 24.67818585590545055, 27.35999918204970172, 166.2167206221554920 ) ) ;
#2890 = CARTESIAN_POINT ( 'NONE',  ( 25.11274878056559956, 24.64406775588420118, 155.4199666666664825 ) ) ;
#2891 = CARTESIAN_POINT ( 'NONE',  ( 24.75557601602940139, 27.18272678896665084, 168.3975957270340018 ) ) ;
#2892 = CARTESIAN_POINT ( 'NONE',  ( 11.87327282294782016, 23.19087013677714992, 162.4755999999999858 ) ) ;
#2893 = CARTESIAN_POINT ( 'NONE',  ( 26.46447575380445016, 23.62572251932370193, 171.4278958333335083 ) ) ;
#2894 = CARTESIAN_POINT ( 'NONE',  ( 13.73670940918283989, 25.72155658514084919, 170.7671041666665133 ) ) ;
#2895 = ORIENTED_EDGE ( 'NONE', *, *, #1245, .F. ) ;
#2896 = CARTESIAN_POINT ( 'NONE',  ( 18.60844205214335290, 29.91383858669080098, 165.8450915547145144 ) ) ;
#2897 = CARTESIAN_POINT ( 'NONE',  ( 13.16472102555166046, 22.44664189247435004, 168.9704958333335014 ) ) ;
#2898 = ORIENTED_EDGE ( 'NONE', *, *, #125, .T. ) ;
#2899 = CARTESIAN_POINT ( 'NONE',  ( 12.62764207471522049, 25.44293487699505008, 165.5265864607005142 ) ) ;
#2900 = CARTESIAN_POINT ( 'NONE',  ( 25.47329029398424893, 25.40356035800800072, 161.7748382862280039 ) ) ;
#2901 = CARTESIAN_POINT ( 'NONE',  ( 21.22603376445044887, 29.44380408013050143, 167.5341874999999732 ) ) ;
#2902 = CARTESIAN_POINT ( 'NONE',  ( 25.58881253551454904, 26.25405947058935041, 171.5020885416665237 ) ) ;
#2903 = CARTESIAN_POINT ( 'NONE',  ( 25.69648764887540082, 25.30355911446800121, 163.6303750668679982 ) ) ;
#2904 = ORIENTED_EDGE ( 'NONE', *, *, #4536, .F. ) ;
#2905 = CARTESIAN_POINT ( 'NONE',  ( 18.22100135166865087, 29.30169879341594807, 172.9625201388890048 ) ) ;
#2906 = CARTESIAN_POINT ( 'NONE',  ( 14.53957928314711978, 23.24168669699994894, 164.0609104878760149 ) ) ;
#2907 = CARTESIAN_POINT ( 'NONE',  ( 14.04440681132155966, 25.36429771929634924, 173.0993736651974757 ) ) ;
#2908 = CARTESIAN_POINT ( 'NONE',  ( 23.67620828251260079, 28.30170883660894887, 163.5970458333335102 ) ) ;
#2909 = CARTESIAN_POINT ( 'NONE',  ( 12.06501001245286098, 22.39562669997819810, 163.1239999999999952 ) ) ;
#2910 = CARTESIAN_POINT ( 'NONE',  ( 26.02601445449359829, 25.28425065735200050, 167.9595166666665023 ) ) ;
#2911 = CARTESIAN_POINT ( 'NONE',  ( 13.00260683632370018, 26.45237805091320027, 165.4347183120590046 ) ) ;
#2912 = ADVANCED_FACE ( 'NONE', ( #4146 ), #5277, .T. ) ;
#2913 = CARTESIAN_POINT ( 'NONE',  ( 24.29193140709909926, 27.59592058973559858, 169.2146604166665043 ) ) ;
#2914 = CARTESIAN_POINT ( 'NONE',  ( 24.41980545699975025, 20.09764814189630044, 153.4084000000000003 ) ) ;
#2915 = CARTESIAN_POINT ( 'NONE',  ( 13.81206774726831910, 26.53151874084695194, 169.1655000000000086 ) ) ;
#2916 = CARTESIAN_POINT ( 'NONE',  ( 21.49456949164754960, 29.61019225147335021, 164.9092625180259972 ) ) ;
#2917 = ORIENTED_EDGE ( 'NONE', *, *, #1134, .F. ) ;
#2918 = CARTESIAN_POINT ( 'NONE',  ( 12.67795802026441976, 25.46945366757324791, 166.0233409869705099 ) ) ;
#2919 = CARTESIAN_POINT ( 'NONE',  ( 24.89957002906239936, 26.12097263219795096, 159.3173166666665281 ) ) ;
#2920 = EDGE_CURVE ( 'NONE', #108, #987, #1975, .T. ) ;
#2921 = CARTESIAN_POINT ( 'NONE',  ( 25.57154870803194058, 25.51430076641748457, 163.2152983311337948 ) ) ;
#2922 = CARTESIAN_POINT ( 'NONE',  ( 14.31980019661538073, 28.20023313224345074, 165.5740791666665075 ) ) ;
#2923 = CARTESIAN_POINT ( 'NONE',  ( 29.24309239620974665, 25.24199506377684799, 170.1451786744460151 ) ) ;
#2924 = CARTESIAN_POINT ( 'NONE',  ( 25.47852759781294907, 20.69753780166399793, 170.6468199780039754 ) ) ;
#2925 = CARTESIAN_POINT ( 'NONE',  ( 12.95474217274855988, 23.36391538259774947, 165.2473865435580080 ) ) ;
#2926 = CARTESIAN_POINT ( 'NONE',  ( 12.47679449191691958, 21.78876297023159836, 164.9560381944445169 ) ) ;
#2927 = CARTESIAN_POINT ( 'NONE',  ( 25.81109456491100929, 24.06152843075896897, 161.4152263921109807 ) ) ;
#2928 = CARTESIAN_POINT ( 'NONE',  ( 25.49455807915325067, 25.12773238513474894, 160.7520388888889897 ) ) ;
#2929 = CARTESIAN_POINT ( 'NONE',  ( 14.12532097735664038, 25.70938395566710000, 172.9684198746984976 ) ) ;
#2930 = CARTESIAN_POINT ( 'NONE',  ( 25.50210285882645067, 24.85955239952374995, 160.0174722145485191 ) ) ;
#2931 = EDGE_LOOP ( 'NONE', ( #3579, #5457, #6044, #4948 ) ) ;
#2932 = CARTESIAN_POINT ( 'NONE',  ( 13.20175634440032120, 21.36956763102329759, 167.6835749999999905 ) ) ;
#2933 = ORIENTED_EDGE ( 'NONE', *, *, #4850, .F. ) ;
#2934 = CARTESIAN_POINT ( 'NONE',  ( 13.27751289512877797, 25.40571259731219200, 169.1180882261636782 ) ) ;
#2935 = CARTESIAN_POINT ( 'NONE',  ( 25.56589484158484993, 25.21000014568695136, 162.0195861832490039 ) ) ;
#2936 = CARTESIAN_POINT ( 'NONE',  ( 19.55659576880844952, 29.88510006684575160, 166.2663916666665216 ) ) ;
#2937 = CARTESIAN_POINT ( 'NONE',  ( 13.66833433572322143, 25.48900512980515032, 170.8453154282009905 ) ) ;
#2938 = CARTESIAN_POINT ( 'NONE',  ( 24.92314738591015200, 25.43462072379230321, 156.1883958333334874 ) ) ;
#2939 = CARTESIAN_POINT ( 'NONE',  ( 25.26772252705811539, 26.60363617776233269, 168.9414432380883397 ) ) ;
#2940 = VERTEX_POINT ( 'NONE', #3441 ) ;
#2941 = CARTESIAN_POINT ( 'NONE',  ( 12.95474217274855988, 23.36391538259774947, 165.2473865435580080 ) ) ;
#2942 = CARTESIAN_POINT ( 'NONE',  ( 12.84756673277943939, 20.67989918561119822, 164.5478256944444979 ) ) ;
#2943 = CARTESIAN_POINT ( 'NONE',  ( 26.03174771667399767, 25.34239583700750131, 169.1428085069445046 ) ) ;
#2944 = DIRECTION ( 'NONE',  ( 0.1006318910984300152, 0.05303758115645531429, 0.9935090525400490646 ) ) ;
#2945 = CARTESIAN_POINT ( 'NONE',  ( 23.99064975242045250, 18.90201565578189857, 159.0764541666664798 ) ) ;
#2946 = CARTESIAN_POINT ( 'NONE',  ( 13.62444314355871811, 25.84686011060374966, 169.9904875000000004 ) ) ;
#2947 = AXIS2_PLACEMENT_3D ( 'NONE', #5019, #3015, #517 ) ;
#2948 = B_SPLINE_CURVE_WITH_KNOTS ( 'NONE', 3,
 ( #1222, #2627, #6181, #3113, #1626 ),
 .UNSPECIFIED., .F., .F.,
 ( 4, 1, 4 ),
 ( 0.000000000000000000, 0.5000000000000000000, 1.000000000000000000 ),
 .UNSPECIFIED. ) ;
#2949 = ORIENTED_EDGE ( 'NONE', *, *, #5360, .T. ) ;
#2950 = CARTESIAN_POINT ( 'NONE',  ( 25.48578431073775263, 25.26545076065579920, 161.2745605835789888 ) ) ;
#2951 = CARTESIAN_POINT ( 'NONE',  ( 24.32361812523040001, 25.77306675035764982, 153.0799374999999998 ) ) ;
#2952 = CARTESIAN_POINT ( 'NONE',  ( 16.05831014297385195, 23.57212908279370112, 164.1289793772299959 ) ) ;
#2953 = CARTESIAN_POINT ( 'NONE',  ( 25.32467898797955286, 24.46249336978049982, 156.9858749999999930 ) ) ;
#2954 = CARTESIAN_POINT ( 'NONE',  ( 25.15975561049376807, 26.21702272047866344, 162.3187353990857105 ) ) ;
#2955 = CARTESIAN_POINT ( 'NONE',  ( 24.80054085352464810, 27.13775931681965048, 165.7129247597750066 ) ) ;
#2956 = DIRECTION ( 'NONE',  ( -0.9914626728336710659, -0.07787427352598338959, 0.1045818621956666056 ) ) ;
#2957 = CYLINDRICAL_SURFACE ( 'NONE', #4509, 1.749999999999996891 ) ;
#2958 = EDGE_CURVE ( 'NONE', #4909, #5313, #3406, .T. ) ;
#2959 = CARTESIAN_POINT ( 'NONE',  ( 13.57955590201890139, 23.55133771809749987, 168.2593948113510010 ) ) ;
#2960 = AXIS2_PLACEMENT_3D ( 'NONE', #159, #5090, #1195 ) ;
#2961 = CARTESIAN_POINT ( 'NONE',  ( 24.94177683618259778, 24.86216764718309946, 154.6373166666664929 ) ) ;
#2962 = CARTESIAN_POINT ( 'NONE',  ( 15.78914992337294976, 23.75737011166985013, 168.7489369669520158 ) ) ;
#2963 = CARTESIAN_POINT ( 'NONE',  ( 13.01190807487095924, 25.88492585298654802, 166.9193937500000118 ) ) ;
#2964 = ORIENTED_EDGE ( 'NONE', *, *, #3183, .F. ) ;
#2965 = EDGE_CURVE ( 'NONE', #2091, #6155, #4891, .T. ) ;
#2966 = CARTESIAN_POINT ( 'NONE',  ( 12.72841015296257972, 22.46282776821174920, 167.0366999999999962 ) ) ;
#2967 = CARTESIAN_POINT ( 'NONE',  ( 24.11776138631334732, 27.29643314611280047, 159.3494374999999934 ) ) ;
#2968 = DIRECTION ( 'NONE',  ( -0.9914626728336708439, -0.07787427352598327857, 0.1045818621956677713 ) ) ;
#2969 = CARTESIAN_POINT ( 'NONE',  ( 18.98681496376899958, 29.55193781388859975, 169.3367583333335062 ) ) ;
#2970 = CARTESIAN_POINT ( 'NONE',  ( 18.96881416887210037, 17.60985655392105187, 164.0651097222219903 ) ) ;
#2971 = CARTESIAN_POINT ( 'NONE',  ( 25.60538123841415015, 25.82826106304130320, 164.6947760197425055 ) ) ;
#2972 = CARTESIAN_POINT ( 'NONE',  ( 19.94369633299145050, 29.52003769782005094, 169.5000624999999843 ) ) ;
#2973 = DIRECTION ( 'NONE',  ( 0.1006318910979865783, 0.05303758115651151239, 0.9935090525400911421 ) ) ;
#2974 = CARTESIAN_POINT ( 'NONE',  ( 25.55375646908537135, 26.20092373994004475, 167.6149038790368309 ) ) ;
#2975 = VERTEX_POINT ( 'NONE', #5344 ) ;
#2976 = CARTESIAN_POINT ( 'NONE',  ( 16.46582663866194807, 23.44845359150709996, 165.0918176856324919 ) ) ;
#2977 = CARTESIAN_POINT ( 'NONE',  ( 25.67286942092054858, 25.29973086550889860, 163.3683659722220227 ) ) ;
#2978 = CARTESIAN_POINT ( 'NONE',  ( 14.52209002426733875, 23.21730659420429888, 163.5509113991354866 ) ) ;
#2979 = LINE ( 'NONE', #1993, #6379 ) ;
#2980 = CARTESIAN_POINT ( 'NONE',  ( 22.62241213902389703, 18.95835703827169993, 149.1687750000000108 ) ) ;
#2981 = CARTESIAN_POINT ( 'NONE',  ( 13.51079023753534081, 26.56225645593929841, 167.6340000000000146 ) ) ;
#2982 = ORIENTED_EDGE ( 'NONE', *, *, #1491, .T. ) ;
#2983 = CARTESIAN_POINT ( 'NONE',  ( 25.22730796221960148, 25.43012540991555070, 159.3152979166665091 ) ) ;
#2984 = CARTESIAN_POINT ( 'NONE',  ( 23.85300476631724820, 25.54368723214760095, 149.9650624999999877 ) ) ;
#2985 = CARTESIAN_POINT ( 'NONE',  ( 16.25349420077469986, 23.60097242061329936, 164.4090184461099966 ) ) ;
#2986 = CARTESIAN_POINT ( 'NONE',  ( 25.51224549559115218, 23.85973037579049816, 157.7881500000000017 ) ) ;
#2987 = CARTESIAN_POINT ( 'NONE',  ( 15.87080634971455062, 23.52172138108159771, 167.8244067196475271 ) ) ;
#2988 = CARTESIAN_POINT ( 'NONE',  ( 25.46418184010785168, 26.35629416834495942, 169.7044691954695566 ) ) ;
#2989 = CARTESIAN_POINT ( 'NONE',  ( 14.28598377769854011, 23.41047858967325368, 168.2860692047450186 ) ) ;
#2990 = CARTESIAN_POINT ( 'NONE',  ( 13.60925507241186061, 25.48878434686320205, 170.5476267192295268 ) ) ;
#2991 = EDGE_CURVE ( 'NONE', #1331, #4909, #5585, .T. ) ;
#2992 = CARTESIAN_POINT ( 'NONE',  ( 13.45791319071658698, 23.45399249800233576, 170.7885253240202132 ) ) ;
#2993 = CARTESIAN_POINT ( 'NONE',  ( 15.07681760607360033, 23.61233183527575008, 166.8420507390219996 ) ) ;
#2994 = CARTESIAN_POINT ( 'NONE',  ( 13.92278390694859880, 25.83414269776984895, 171.5315895833334991 ) ) ;
#2995 = CARTESIAN_POINT ( 'NONE',  ( 26.46787327022134662, 23.63067751630084956, 171.5591937499999915 ) ) ;
#2996 = CARTESIAN_POINT ( 'NONE',  ( 13.57682429329472029, 25.73109991080169934, 169.9993125000000020 ) ) ;
#2997 = ORIENTED_EDGE ( 'NONE', *, *, #4463, .T. ) ;
#2998 = CARTESIAN_POINT ( 'NONE',  ( 24.03976824768065157, 27.28139181717469697, 158.5664458333335176 ) ) ;
#2999 = CARTESIAN_POINT ( 'NONE',  ( 25.96778058318060189, 25.33109354525705115, 167.0227353293615238 ) ) ;
#3000 = B_SPLINE_CURVE_WITH_KNOTS ( 'NONE', 3,
 ( #3417, #74, #1982, #1566, #504, #3450, #6013, #2481, #2045, #5461 ),
 .UNSPECIFIED., .F., .F.,
 ( 4, 3, 3, 4 ),
 ( 0.000000000000000000, 9.849164191103448862E-05, 0.0001969833790744614851, 0.0003893854113643740013 ),
 .UNSPECIFIED. ) ;
#3001 = ADVANCED_FACE ( 'NONE', ( #2887 ), #2854, .T. ) ;
#3002 = CARTESIAN_POINT ( 'NONE',  ( 13.96726084310351901, 25.94568475112924943, 171.5232875000000092 ) ) ;
#3003 = CARTESIAN_POINT ( 'NONE',  ( 24.31500641536544549, 19.76186769999254977, 163.2964770833335137 ) ) ;
#3004 = CARTESIAN_POINT ( 'NONE',  ( 13.54437780555895898, 25.12732377699619946, 170.7164230035690196 ) ) ;
#3005 = CARTESIAN_POINT ( 'NONE',  ( 25.11085412550859886, 26.78601182202794817, 169.2931747660090025 ) ) ;
#3006 = CARTESIAN_POINT ( 'NONE',  ( 25.47357363238454653, 26.33063305224752781, 167.8011856258341368 ) ) ;
#3007 = EDGE_LOOP ( 'NONE', ( #1196, #3855, #859, #3759 ) ) ;
#3008 = CARTESIAN_POINT ( 'NONE',  ( 17.50439283103906263, 29.80248719650154143, 164.7998927691550648 ) ) ;
#3009 = CARTESIAN_POINT ( 'NONE',  ( 25.99304339666540287, 23.86681478402429946, 163.0088208333335160 ) ) ;
#3010 = CARTESIAN_POINT ( 'NONE',  ( 12.10576867867585982, 25.57953494317990106, 163.0956000000000188 ) ) ;
#3011 = CARTESIAN_POINT ( 'NONE',  ( 25.47466107045549677, 21.09831270845235096, 165.0627000000000066 ) ) ;
#3012 = FACE_OUTER_BOUND ( 'NONE', #636, .T. ) ;
#3013 = CARTESIAN_POINT ( 'NONE',  ( 24.46264533477259917, 19.53828440078284956, 156.6017000000000223 ) ) ;
#3014 = CARTESIAN_POINT ( 'NONE',  ( 15.78640736527735200, 28.44671106415554718, 169.6958000000000197 ) ) ;
#3015 = DIRECTION ( 'NONE',  ( 0.000000000000000000, 0.000000000000000000, 1.000000000000000000 ) ) ;
#3016 = VERTEX_POINT ( 'NONE', #4565 ) ;
#3017 = CARTESIAN_POINT ( 'NONE',  ( 24.97231418075920217, 25.31093721329970236, 156.1894374999999968 ) ) ;
#3018 = CARTESIAN_POINT ( 'NONE',  ( 24.55211286866200027, 25.57499503069429991, 153.8540125000000103 ) ) ;
#3019 = CARTESIAN_POINT ( 'NONE',  ( 25.38912594287240054, 23.77037492974309885, 156.2279499999999928 ) ) ;
#3020 = CARTESIAN_POINT ( 'NONE',  ( 26.00897172891425768, 24.18302380354686321, 163.7515866903760013 ) ) ;
#3021 = CARTESIAN_POINT ( 'NONE',  ( 11.75558138833845767, 23.01244779028791854, 161.5052205691743552 ) ) ;
#3022 = CARTESIAN_POINT ( 'NONE',  ( 14.14658326873173877, 23.59339765332185124, 168.1444723655709765 ) ) ;
#3023 = B_SPLINE_SURFACE_WITH_KNOTS ( 'NONE', 3, 3, ( 
 ( #1935, #5898, #4333, #3840, #6285, #4846, #4371, #2315, #5820, #1835, #5790, #3357 ),
 ( #1480, #1638, #1233, #726, #4124, #1722, #1119, #5100, #167, #2174, #2144, #5556 ),
 ( #628, #3576, #691, #6103, #3607, #5181, #1148, #1204, #3153, #6042, #4549, #1666 ),
 ( #3207, #3124, #4153, #106, #2081, #3093, #226, #2673, #6133, #3665, #5645, #660 ),
 ( #2638, #4056, #6163, #3180, #5128, #4091, #1602, #3638, #2205, #5617, #1178, #5155 ),
 ( #2611, #4183, #137, #3692, #5676, #2113, #6072, #4065, #4558, #4501, #6423, #3531 ),
 ( #2560, #2090, #3499, #5440, #5933, #603, #115, #3586, #4957, #547, #3975, #3555 ) ),
 .UNSPECIFIED., .F., .F., .F.,
 ( 4, 1, 1, 1, 4 ),
 ( 4, 1, 1, 1, 1, 1, 1, 1, 1, 4 ),
 ( 0.000000000000000000, 1.000000000000000000, 2.000000000000000000, 3.000000000000000000, 4.000000000000000000 ),
 ( 0.000000000000000000, 1.000000000000000000, 2.000000000000000000, 3.000000000000000000, 5.000000000000000000, 7.000000000000000000, 9.000000000000000000, 11.00000000000000000, 13.00000000000000000, 14.00000000000000000 ),
 .UNSPECIFIED. ) ;
#3024 = CARTESIAN_POINT ( 'NONE',  ( 25.44858727276974975, 25.44229202448359572, 161.6546761346045287 ) ) ;
#3025 = CARTESIAN_POINT ( 'NONE',  ( 15.91524355217159936, 23.59668397076879742, 164.9403671851160027 ) ) ;
#3026 = CARTESIAN_POINT ( 'NONE',  ( 14.53315113064222075, 23.63930618027615083, 168.4495532969314695 ) ) ;
#3027 = CARTESIAN_POINT ( 'NONE',  ( 12.68888432368069985, 24.25096226850995151, 167.5970823614385097 ) ) ;
#3028 = CARTESIAN_POINT ( 'NONE',  ( 14.91372746331283849, 23.59771470461464915, 166.8190465734475083 ) ) ;
#3029 = CARTESIAN_POINT ( 'NONE',  ( 15.43811624876910038, 23.73613713656069635, 168.9269920963664902 ) ) ;
#3030 = CARTESIAN_POINT ( 'NONE',  ( 12.63296302321571218, 23.21735021358548678, 167.0523180378812356 ) ) ;
#3031 = EDGE_LOOP ( 'NONE', ( #2613, #3532, #6051, #2691, #4731, #1038, #5193, #5390, #2181, #5353, #1314, #6354, #1614, #2124, #3145, #5655, #5505 ) ) ;
#3032 = CARTESIAN_POINT ( 'NONE',  ( 18.93789276682389655, 29.98547002081319945, 165.1481927904694942 ) ) ;
#3033 = CARTESIAN_POINT ( 'NONE',  ( 24.27473972048064610, 27.32585984146125213, 160.7860354166664933 ) ) ;
#3034 = CARTESIAN_POINT ( 'NONE',  ( 16.45225537100059654, 23.44215293384804966, 164.9767881324989958 ) ) ;
#3035 = CARTESIAN_POINT ( 'NONE',  ( 15.30879595562365125, 27.93218823534359885, 170.5396999999999821 ) ) ;
#3036 = CARTESIAN_POINT ( 'NONE',  ( 13.71572068445859927, 23.39312504255500258, 164.4871931623215175 ) ) ;
#3037 = CARTESIAN_POINT ( 'NONE',  ( 16.09087208845154748, 23.66605490161525083, 166.1582944743854853 ) ) ;
#3038 = CARTESIAN_POINT ( 'NONE',  ( 15.86717976420309917, 23.71085073658354858, 167.5693949771230109 ) ) ;
#3039 = VERTEX_POINT ( 'NONE', #2502 ) ;
#3040 = CARTESIAN_POINT ( 'NONE',  ( 26.31604789260764932, 24.14467961911784855, 167.9841333333335172 ) ) ;
#3041 = EDGE_CURVE ( 'NONE', #891, #5049, #5435, .T. ) ;
#3042 = CARTESIAN_POINT ( 'NONE',  ( 12.29657089625842126, 21.75278206488435018, 163.9102000000000032 ) ) ;
#3043 = CARTESIAN_POINT ( 'NONE',  ( 25.97278321013899927, 21.87668132546950162, 166.5459999999999923 ) ) ;
#3044 = B_SPLINE_CURVE_WITH_KNOTS ( 'NONE', 3,
 ( #2461, #3460, #5856, #5369 ),
 .UNSPECIFIED., .F., .F.,
 ( 4, 4 ),
 ( 0.000000000000000000, 0.09917491600910040284 ),
 .UNSPECIFIED. ) ;
#3045 = CARTESIAN_POINT ( 'NONE',  ( 25.31451349572759923, 25.45792785952944826, 160.2669446305919791 ) ) ;
#3046 = CARTESIAN_POINT ( 'NONE',  ( 24.34525048624035293, 19.70281822582045095, 162.1175916666664989 ) ) ;
#3047 = CARTESIAN_POINT ( 'NONE',  ( 15.89109958229965258, 29.07504237337019859, 166.6888333333335197 ) ) ;
#3048 = VERTEX_POINT ( 'NONE', #2129 ) ;
#3049 = EDGE_CURVE ( 'NONE', #1702, #343, #1015, .T. ) ;
#3050 = CARTESIAN_POINT ( 'NONE',  ( 24.03730383221190081, 24.73146777487704639, 149.3099423611110126 ) ) ;
#3051 = CARTESIAN_POINT ( 'NONE',  ( 25.72323051878949940, 24.50144869582669926, 161.2872683866199850 ) ) ;
#3052 = CARTESIAN_POINT ( 'NONE',  ( 26.06498981779611057, 24.21849750772313214, 164.4370033420015886 ) ) ;
#3053 = CARTESIAN_POINT ( 'NONE',  ( 13.99081918935172197, 23.36809032027035471, 167.8899418952929921 ) ) ;
#3054 = LINE ( 'NONE', #3986, #2439 ) ;
#3055 = CARTESIAN_POINT ( 'NONE',  ( 14.41834054301411960, 23.62715257679645120, 168.3918983416635058 ) ) ;
#3056 = CARTESIAN_POINT ( 'NONE',  ( 25.51219895007050198, 25.32497604020779747, 161.8844572049960107 ) ) ;
#3057 = AXIS2_PLACEMENT_3D ( 'NONE', #2097, #336, #4074 ) ;
#3058 = CARTESIAN_POINT ( 'NONE',  ( 25.81164862588200037, 25.28964737188695011, 164.7026367333049848 ) ) ;
#3059 = CARTESIAN_POINT ( 'NONE',  ( 25.92011279077530261, 24.12822543492330141, 162.6970892908204860 ) ) ;
#3060 = CARTESIAN_POINT ( 'NONE',  ( 14.09679669430874149, 25.56188275209915162, 173.0650991186520002 ) ) ;
#3061 = CARTESIAN_POINT ( 'NONE',  ( 25.17183892197040151, 26.75328534842514827, 166.1991076901445012 ) ) ;
#3062 = ORIENTED_EDGE ( 'NONE', *, *, #2152, .F. ) ;
#3063 = CARTESIAN_POINT ( 'NONE',  ( 25.93315906590975217, 25.29123166259799760, 166.2000444759730158 ) ) ;
#3064 = CARTESIAN_POINT ( 'NONE',  ( 24.58401251774309770, 26.79648656312295074, 160.1132999999999811 ) ) ;
#3065 = CARTESIAN_POINT ( 'NONE',  ( 16.18089883276829966, 23.46840635783960138, 166.0636781525159904 ) ) ;
#3066 = VECTOR ( 'NONE', #4054, 1000.000000000000000 ) ;
#3067 = CARTESIAN_POINT ( 'NONE',  ( 13.02751088188872153, 23.55586202710230026, 168.9501845773714876 ) ) ;
#3068 = CARTESIAN_POINT ( 'NONE',  ( 25.93315906590975217, 25.29123166259799760, 166.2000444759730158 ) ) ;
#3069 = CARTESIAN_POINT ( 'NONE',  ( 25.86500778905615405, 25.76409476717834934, 170.3202854166665077 ) ) ;
#3070 = CARTESIAN_POINT ( 'NONE',  ( 15.87304195299205034, 23.71507951987960183, 167.6526141665345051 ) ) ;
#3071 = EDGE_LOOP ( 'NONE', ( #5647, #605, #3961, #4586 ) ) ;
#3072 = EDGE_CURVE ( 'NONE', #1071, #1668, #642, .T. ) ;
#3073 = CARTESIAN_POINT ( 'NONE',  ( 23.16132136742329806, 19.42561420950685047, 149.7083999999999833 ) ) ;
#3074 = CARTESIAN_POINT ( 'NONE',  ( 16.36840761746664796, 29.50242319595865226, 165.4566541666664818 ) ) ;
#3075 = ORIENTED_EDGE ( 'NONE', *, *, #3333, .F. ) ;
#3076 = EDGE_CURVE ( 'NONE', #2375, #4145, #3560, .T. ) ;
#3077 = CARTESIAN_POINT ( 'NONE',  ( 25.79596705004825097, 24.13455558647554966, 161.2983778040610048 ) ) ;
#3078 = CARTESIAN_POINT ( 'NONE',  ( 26.05485902703687984, 24.21195253238501977, 164.3101632461747101 ) ) ;
#3079 = CARTESIAN_POINT ( 'NONE',  ( 14.10376018411947996, 23.38578968379755096, 168.0744424972734805 ) ) ;
#3080 = CARTESIAN_POINT ( 'NONE',  ( 16.37285131977482777, 29.48160551523657347, 164.9316358569623731 ) ) ;
#3081 = CARTESIAN_POINT ( 'NONE',  ( 12.64726217291866028, 25.50506448769919743, 165.5212824205995048 ) ) ;
#3082 = CARTESIAN_POINT ( 'NONE',  ( 13.66833433572322143, 25.48900512980515032, 170.8453154282009905 ) ) ;
#3083 = CARTESIAN_POINT ( 'NONE',  ( 25.97660516704600298, 25.46456311815265039, 169.1424290191449984 ) ) ;
#3084 = CARTESIAN_POINT ( 'NONE',  ( 13.53419823967418090, 25.61308242863114870, 170.0076750000000061 ) ) ;
#3085 = CARTESIAN_POINT ( 'NONE',  ( 16.08914293562175146, 23.49430321792580045, 166.8098464343349860 ) ) ;
#3086 = ORIENTED_EDGE ( 'NONE', *, *, #3076, .F. ) ;
#3087 = CARTESIAN_POINT ( 'NONE',  ( 25.91671773808315393, 25.27489781294620030, 165.8671157127500067 ) ) ;
#3088 = CARTESIAN_POINT ( 'NONE',  ( 23.96455579326475060, 27.26647189553139938, 157.7842666666664968 ) ) ;
#3089 = CARTESIAN_POINT ( 'NONE',  ( 16.46908089365589944, 23.45817168470560077, 165.3019947260465017 ) ) ;
#3090 = CARTESIAN_POINT ( 'NONE',  ( 25.17183892197040151, 26.75328534842514827, 166.1991076901445012 ) ) ;
#3091 = CARTESIAN_POINT ( 'NONE',  ( 15.64199342423670203, 23.61691234841220322, 165.8967214000915078 ) ) ;
#3092 = CARTESIAN_POINT ( 'NONE',  ( 15.86909059255059695, 23.71846250618914809, 167.7352000692189904 ) ) ;
#3093 = CARTESIAN_POINT ( 'NONE',  ( 25.62426161412075132, 26.07412406237600067, 167.1709000000000174 ) ) ;
#3094 = CARTESIAN_POINT ( 'NONE',  ( 15.88962506593439805, 23.51596923762295077, 167.6615637958464902 ) ) ;
#3095 = ORIENTED_EDGE ( 'NONE', *, *, #2397, .F. ) ;
#3096 = CARTESIAN_POINT ( 'NONE',  ( 18.09260534739648207, 29.89738284172199911, 164.7352471846894844 ) ) ;
#3097 = CARTESIAN_POINT ( 'NONE',  ( 25.28452126644200249, 20.62510186815585200, 166.6922333333334905 ) ) ;
#3098 = CARTESIAN_POINT ( 'NONE',  ( 26.11631114398215203, 25.03946469496589700, 167.9619500000000016 ) ) ;
#3099 = CARTESIAN_POINT ( 'NONE',  ( 15.51026516032190017, 29.08318422564145322, 165.0402760124445081 ) ) ;
#3100 = CARTESIAN_POINT ( 'NONE',  ( 25.05630792904744908, 24.47565179584260164, 154.6454604166664808 ) ) ;
#3101 = CARTESIAN_POINT ( 'NONE',  ( 22.08865239640159928, 29.20333126621835262, 166.6587499999999977 ) ) ;
#3102 = CARTESIAN_POINT ( 'NONE',  ( 22.27494139551329866, 18.67501536062420087, 148.7145255208332060 ) ) ;
#3103 = CARTESIAN_POINT ( 'NONE',  ( 14.49669784457661947, 28.14711958027475092, 166.3327999999999918 ) ) ;
#3104 = CARTESIAN_POINT ( 'NONE',  ( 20.72551043308405028, 29.82827103396459734, 164.9755180756739890 ) ) ;
#3105 = VERTEX_POINT ( 'NONE', #3024 ) ;
#3106 = CARTESIAN_POINT ( 'NONE',  ( 24.89622703064184961, 25.27803285409954981, 155.4100791666664918 ) ) ;
#3107 = B_SPLINE_CURVE_WITH_KNOTS ( 'NONE', 3,
 ( #2430, #5900, #3432, #1348, #2918, #4439 ),
 .UNSPECIFIED., .F., .F.,
 ( 4, 2, 4 ),
 ( 0.000000000000000000, 0.5010860865651750595, 1.000000000000000000 ),
 .UNSPECIFIED. ) ;
#3108 = LINE ( 'NONE', #3136, #5536 ) ;
#3109 = CARTESIAN_POINT ( 'NONE',  ( 15.63160719151744971, 23.64376732704755213, 166.5134328027380093 ) ) ;
#3110 = EDGE_CURVE ( 'NONE', #548, #2213, #3501, .T. ) ;
#3111 = CARTESIAN_POINT ( 'NONE',  ( 25.52376033711020042, 25.23375914380384799, 161.6245314001809845 ) ) ;
#3112 = DIRECTION ( 'NONE',  ( 0.000000000000000000, -0.04490276582358716101, -0.9989913621355253071 ) ) ;
#3113 = CARTESIAN_POINT ( 'NONE',  ( 25.62008304475789799, 25.25995800865029750, 162.7121788995389977 ) ) ;
#3114 = CARTESIAN_POINT ( 'NONE',  ( 25.79760597260975175, 25.32631611242520009, 164.7021015770864949 ) ) ;
#3115 = CARTESIAN_POINT ( 'NONE',  ( 25.88324299552409968, 24.10567146836059749, 162.2636288050109954 ) ) ;
#3116 = CARTESIAN_POINT ( 'NONE',  ( 17.25378012161319674, 23.51718033035859889, 165.1608125846015014 ) ) ;
#3117 = CARTESIAN_POINT ( 'NONE',  ( 28.80654869584805056, 24.49229084764209929, 165.4483847481615157 ) ) ;
#3118 = VERTEX_POINT ( 'NONE', #1076 ) ;
#3119 = CARTESIAN_POINT ( 'NONE',  ( 15.77964891177339979, 29.03344751005694846, 166.5254454882305026 ) ) ;
#3120 = CARTESIAN_POINT ( 'NONE',  ( 23.81427350177265012, 27.36022048526244888, 157.0058062499999778 ) ) ;
#3121 = CARTESIAN_POINT ( 'NONE',  ( 13.99081918935172197, 23.36809032027035471, 167.8899418952929921 ) ) ;
#3122 = CARTESIAN_POINT ( 'NONE',  ( 15.93236590522935003, 23.60538107187020174, 165.1021325823195127 ) ) ;
#3123 = CARTESIAN_POINT ( 'NONE',  ( 15.19312515233295002, 23.69520346687314927, 168.4702581512369761 ) ) ;
#3124 = CARTESIAN_POINT ( 'NONE',  ( 25.60090209703909636, 26.16003732160559991, 169.0151384303459849 ) ) ;
#3125 = CARTESIAN_POINT ( 'NONE',  ( 15.54003804469250127, 23.51637621830580116, 168.3183815130934988 ) ) ;
#3126 = ORIENTED_EDGE ( 'NONE', *, *, #844, .T. ) ;
#3127 = B_SPLINE_CURVE_WITH_KNOTS ( 'NONE', 3,
 ( #105, #191, #136, #4582, #4090, #1203, #1691, #1636, #1569, #659, #6016, #1663, #3178, #2111, #2080, #2637, #5068, #4122, #5154 ),
 .UNSPECIFIED., .F., .F.,
 ( 4, 1, 1, 1, 1, 1, 1, 1, 1, 1, 1, 1, 1, 1, 1, 1, 4 ),
 ( 0.000000000000000000, 0.06539096776391169208, 0.1283749440557873933, 0.1896014962093970080, 0.2490671803728430056, 0.3075967584547770195, 0.3653447447704750162, 0.4230609444511874706, 0.4816039582187779944, 0.5405975211100559896, 0.6004323789124420552, 0.6608948617782479662, 0.7235895875114539688, 0.7881060713077500113, 0.8558378780524670271, 0.9259482941615300167, 1.000000000000000000 ),
 .UNSPECIFIED. ) ;
#3128 = CARTESIAN_POINT ( 'NONE',  ( 25.88596042072920156, 22.40431719435205338, 163.0979458333335117 ) ) ;
#3129 = CARTESIAN_POINT ( 'NONE',  ( 21.40695843679570132, 29.31441685274910114, 168.1702423611110078 ) ) ;
#3130 = CARTESIAN_POINT ( 'NONE',  ( 20.12562702338581744, 29.88009314127205585, 166.5433134357186020 ) ) ;
#3131 = CARTESIAN_POINT ( 'NONE',  ( 16.33815653488110087, 29.50761485357680058, 165.3294791666665162 ) ) ;
#3132 = VERTEX_POINT ( 'NONE', #4108 ) ;
#3133 = CARTESIAN_POINT ( 'NONE',  ( 20.34651635759935218, 24.85242972453260180, 166.7893369565335036 ) ) ;
#3134 = CARTESIAN_POINT ( 'NONE',  ( 22.05630389123034973, 29.44636406922129623, 163.7524995170155080 ) ) ;
#3135 = CARTESIAN_POINT ( 'NONE',  ( 25.62787372594825186, 23.39239587613664995, 158.5911333333334881 ) ) ;
#3136 = CARTESIAN_POINT ( 'NONE',  ( 12.95474217274855988, 23.36391538259774947, 165.2473865435580080 ) ) ;
#3137 = CARTESIAN_POINT ( 'NONE',  ( 13.82602087486864129, 27.23463550104100150, 167.3226218398150138 ) ) ;
#3138 = CARTESIAN_POINT ( 'NONE',  ( 15.31939745618263160, 28.96134983637779925, 165.0661128976352927 ) ) ;
#3139 = FACE_OUTER_BOUND ( 'NONE', #4295, .T. ) ;
#3140 = CARTESIAN_POINT ( 'NONE',  ( 15.29730610223904819, 28.94620405053454704, 165.5724257382510132 ) ) ;
#3141 = CARTESIAN_POINT ( 'NONE',  ( 12.73834134485391978, 25.65612505186684800, 166.0072595161500146 ) ) ;
#3142 = EDGE_CURVE ( 'NONE', #3431, #5003, #3054, .T. ) ;
#3143 = DIRECTION ( 'NONE',  ( 0.9914626728336707329, 0.07787427352598357000, -0.1045818621956689648 ) ) ;
#3144 = CARTESIAN_POINT ( 'NONE',  ( 14.09608188591924005, 25.61030715056894991, 172.9747347947744913 ) ) ;
#3145 = ORIENTED_EDGE ( 'NONE', *, *, #769, .T. ) ;
#3146 = CARTESIAN_POINT ( 'NONE',  ( 12.68888432368069985, 24.25096226850995151, 167.5970823614385097 ) ) ;
#3147 = CARTESIAN_POINT ( 'NONE',  ( 24.63667327966280141, 26.03463556328989981, 156.1895666666665079 ) ) ;
#3148 = VECTOR ( 'NONE', #5425, 1000.000000000000000 ) ;
#3149 = CARTESIAN_POINT ( 'NONE',  ( 14.04702857890251977, 23.37709430848969916, 167.9861090046140077 ) ) ;
#3150 = CARTESIAN_POINT ( 'NONE',  ( 24.05058888060035116, 24.15030650586849958, 148.5359724218665747 ) ) ;
#3151 = EDGE_CURVE ( 'NONE', #4529, #3447, #5544, .T. ) ;
#3152 = CARTESIAN_POINT ( 'NONE',  ( 25.56338186783580113, 24.75864596157375175, 160.3310859646645099 ) ) ;
#3153 = CARTESIAN_POINT ( 'NONE',  ( 25.27944920923910033, 26.41420724034820111, 164.8153499999999951 ) ) ;
#3154 = CARTESIAN_POINT ( 'NONE',  ( 15.61080967802115005, 23.51971939927919664, 168.2616247175169804 ) ) ;
#3155 = VECTOR ( 'NONE', #1016, 1000.000000000000000 ) ;
#3156 = VERTEX_POINT ( 'NONE', #1651 ) ;
#3157 = CARTESIAN_POINT ( 'NONE',  ( 24.39642351978779899, 27.57619615671924862, 166.4480875000000140 ) ) ;
#3158 = CARTESIAN_POINT ( 'NONE',  ( 21.08329284481391142, 29.69700850236631595, 166.4560858900464382 ) ) ;
#3159 = CARTESIAN_POINT ( 'NONE',  ( 13.27627957763299982, 26.59578415556464748, 166.4865250000000003 ) ) ;
#3160 = CARTESIAN_POINT ( 'NONE',  ( 20.28360985749154821, 29.91284449608589924, 165.0157630222465173 ) ) ;
#3161 = EDGE_LOOP ( 'NONE', ( #2270, #4223, #1725, #4630, #1518 ) ) ;
#3162 = CARTESIAN_POINT ( 'NONE',  ( 15.93236590522935003, 23.60538107187020174, 165.1021325823195127 ) ) ;
#3163 = CARTESIAN_POINT ( 'NONE',  ( 21.49080732578655173, 29.69520005578270272, 163.5450821160064834 ) ) ;
#3164 = B_SPLINE_CURVE_WITH_KNOTS ( 'NONE', 3,
 ( #601, #3158, #2088, #229, #1153, #3130, #4589, #4156, #1728, #3697 ),
 .UNSPECIFIED., .F., .F.,
 ( 4, 1, 1, 2, 2, 4 ),
 ( 0.000000000000000000, 0.2500000000000113243, 0.3750000000000155431, 0.4375000000000142664, 0.5000000000000129896, 1.000000000000000000 ),
 .UNSPECIFIED. ) ;
#3165 = CARTESIAN_POINT ( 'NONE',  ( 25.79252047350690091, 22.31278136260300116, 162.1897729166664988 ) ) ;
#3166 = CARTESIAN_POINT ( 'NONE',  ( 13.84505830427145945, 23.32745821307150180, 172.8025499999999965 ) ) ;
#3167 = FACE_OUTER_BOUND ( 'NONE', #2429, .T. ) ;
#3168 = CARTESIAN_POINT ( 'NONE',  ( 13.67003199617224318, 25.44569230616585642, 170.9238345063488680 ) ) ;
#3169 = CARTESIAN_POINT ( 'NONE',  ( 12.77868347061159859, 25.14636411498529966, 167.0114257271699785 ) ) ;
#3170 = CARTESIAN_POINT ( 'NONE',  ( 16.97260476557434927, 29.69594141313269731, 165.3627117670214943 ) ) ;
#3171 = CARTESIAN_POINT ( 'NONE',  ( 12.77758381427677925, 25.87477829105095140, 165.4883453889870282 ) ) ;
#3172 = ORIENTED_EDGE ( 'NONE', *, *, #1527, .T. ) ;
#3173 = CARTESIAN_POINT ( 'NONE',  ( 16.43397283648775087, 23.56255068686865073, 167.6892593505534990 ) ) ;
#3174 = CARTESIAN_POINT ( 'NONE',  ( 24.35785300396994657, 26.74477240326404726, 157.7656000000000063 ) ) ;
#3175 = CARTESIAN_POINT ( 'NONE',  ( 14.52299617020475964, 23.44079697925660355, 164.0519608585640015 ) ) ;
#3176 = CARTESIAN_POINT ( 'NONE',  ( 24.91651499826199867, 24.56347311694845104, 153.8663833333334878 ) ) ;
#3177 = CARTESIAN_POINT ( 'NONE',  ( 20.34651635759935218, 24.85242972453260180, 166.7893369565335036 ) ) ;
#3178 = CARTESIAN_POINT ( 'NONE',  ( 13.18049328941070009, 23.14503895978515047, 164.4290059900755239 ) ) ;
#3179 = CARTESIAN_POINT ( 'NONE',  ( 26.38086324094989976, 24.41196538839775343, 171.3911041666665085 ) ) ;
#3180 = CARTESIAN_POINT ( 'NONE',  ( 25.81374417656504860, 25.78080752902075190, 168.3534344489760031 ) ) ;
#3181 = CARTESIAN_POINT ( 'NONE',  ( 15.44939448725569875, 23.71166958209440168, 168.3617429891635027 ) ) ;
#3182 = EDGE_LOOP ( 'NONE', ( #1755, #1, #3646, #5102, #442, #651, #5807, #1395, #918, #2870, #3992, #1207, #160, #1438, #716, #2680, #903 ) ) ;
#3183 = EDGE_CURVE ( 'NONE', #2049, #434, #1940, .T. ) ;
#3184 = CARTESIAN_POINT ( 'NONE',  ( 23.96812304486850209, 28.00464465709760020, 163.8389875000000018 ) ) ;
#3185 = CARTESIAN_POINT ( 'NONE',  ( 23.32602746004490157, 18.49747770807120162, 154.4483458333334909 ) ) ;
#3186 = CARTESIAN_POINT ( 'NONE',  ( 17.55991583137715040, 29.83345256169414839, 165.3093407402450055 ) ) ;
#3187 = CARTESIAN_POINT ( 'NONE',  ( 14.94318485671870000, 23.67612687186689868, 168.5089683505910045 ) ) ;
#3188 = ORIENTED_EDGE ( 'NONE', *, *, #5020, .F. ) ;
#3189 = CARTESIAN_POINT ( 'NONE',  ( 24.42397921499309987, 25.23548694942254755, 152.3048166666665111 ) ) ;
#3190 = CARTESIAN_POINT ( 'NONE',  ( 13.93692997327785932, 23.60031062658759993, 168.6867460359214874 ) ) ;
#3191 = CARTESIAN_POINT ( 'NONE',  ( 25.52686374872599728, 22.62394181815804828, 157.0698000000000150 ) ) ;
#3192 = CARTESIAN_POINT ( 'NONE',  ( 13.94547425650699957, 23.38631097684684690, 173.4608749999999873 ) ) ;
#3193 = CARTESIAN_POINT ( 'NONE',  ( 14.20950672621230026, 27.70309719825965189, 167.2587704017699934 ) ) ;
#3194 = CARTESIAN_POINT ( 'NONE',  ( 25.07879358052949925, 26.14036583479050080, 161.1082545998689852 ) ) ;
#3195 = CARTESIAN_POINT ( 'NONE',  ( 12.65988890880571915, 25.15119830579234872, 166.4001563793274840 ) ) ;
#3196 = CARTESIAN_POINT ( 'NONE',  ( 14.01216279863595915, 25.31129070996535191, 172.9932753883360022 ) ) ;
#3197 = CARTESIAN_POINT ( 'NONE',  ( 14.13705102911159983, 22.21409736700540094, 173.6056199218750180 ) ) ;
#3198 = CARTESIAN_POINT ( 'NONE',  ( 26.18742873875484989, 22.04080023676619859, 170.4871625000000108 ) ) ;
#3199 = CYLINDRICAL_SURFACE ( 'NONE', #2210, 1.749999999999996669 ) ;
#3200 = CARTESIAN_POINT ( 'NONE',  ( 13.34417523579949894, 20.81075632460744984, 167.0244791666665094 ) ) ;
#3201 = CARTESIAN_POINT ( 'NONE',  ( 23.51932807586430130, 26.88609346594700256, 152.3283125000000098 ) ) ;
#3202 = CARTESIAN_POINT ( 'NONE',  ( 13.77343609127494162, 23.39493226226374745, 164.4204568693870101 ) ) ;
#3203 = CARTESIAN_POINT ( 'NONE',  ( 14.56360777005911977, 23.44395047774274943, 164.0468687176609990 ) ) ;
#3204 = B_SPLINE_SURFACE_WITH_KNOTS ( 'NONE', 3, 1, ( 
 ( #4601, #2133 ),
 ( #1559, #1077 ),
 ( #4627, #3565 ),
 ( #2065, #4110 ) ),
 .UNSPECIFIED., .F., .F., .F.,
 ( 4, 4 ),
 ( 2, 2 ),
 ( 4.676849033208029866E-13, 0.0003973308482460665325 ),
 ( 0.000000000000000000, 1.000000000000000000 ),
 .UNSPECIFIED. ) ;
#3205 = CARTESIAN_POINT ( 'NONE',  ( 14.03950279655889943, 25.41126052771805277, 172.9871625515935136 ) ) ;
#3206 = CARTESIAN_POINT ( 'NONE',  ( 24.56343009940020039, 27.30922322330389918, 163.6661787326389970 ) ) ;
#3207 = CARTESIAN_POINT ( 'NONE',  ( 25.59621200836924970, 26.16871235682695129, 169.1466225011405129 ) ) ;
#3208 = CARTESIAN_POINT ( 'NONE',  ( 19.32842563858050156, 29.72230081006435043, 167.7321249999999964 ) ) ;
#3209 = CARTESIAN_POINT ( 'NONE',  ( 12.92041921776784008, 23.99508645673785168, 168.5543250000000057 ) ) ;
#3210 = ORIENTED_EDGE ( 'NONE', *, *, #4537, .T. ) ;
#3211 = CARTESIAN_POINT ( 'NONE',  ( 22.84331763591635323, 28.86177970919969127, 164.3093353367930547 ) ) ;
#3212 = CARTESIAN_POINT ( 'NONE',  ( 23.64794035062224964, 28.30309518178675177, 165.0562361111109908 ) ) ;
#3213 = FACE_OUTER_BOUND ( 'NONE', #3423, .T. ) ;
#3214 = CARTESIAN_POINT ( 'NONE',  ( 24.87512324195230207, 26.88034074725445066, 163.6493974826390172 ) ) ;
#3215 = EDGE_CURVE ( 'NONE', #5221, #5147, #4644, .T. ) ;
#3216 = CARTESIAN_POINT ( 'NONE',  ( 25.91971605220989971, 25.35969829560024991, 166.3813333333334867 ) ) ;
#3217 = ORIENTED_EDGE ( 'NONE', *, *, #578, .T. ) ;
#3218 = CARTESIAN_POINT ( 'NONE',  ( 12.82789975982583996, 25.90129708162915279, 165.9850999152559723 ) ) ;
#3219 = CARTESIAN_POINT ( 'NONE',  ( 14.51880865130939924, 23.66203071759229815, 168.9817018170180063 ) ) ;
#3220 = CARTESIAN_POINT ( 'NONE',  ( 21.49331527312055456, 29.72758788857965229, 162.7462522005835126 ) ) ;
#3221 = CARTESIAN_POINT ( 'NONE',  ( 15.91927620363969886, 23.35267457358099819, 163.9736619104895112 ) ) ;
#3222 = CARTESIAN_POINT ( 'NONE',  ( 24.30341914906815148, 22.82867077084430107, 149.2831500000000062 ) ) ;
#3223 = CARTESIAN_POINT ( 'NONE',  ( 12.20658369329665405, 24.67585851128151475, 164.4610974179319101 ) ) ;
#3224 = CARTESIAN_POINT ( 'NONE',  ( 13.29226554976782104, 24.37439218093594917, 170.0739000000000090 ) ) ;
#3225 = EDGE_CURVE ( 'NONE', #2631, #3431, #2539, .T. ) ;
#3226 = CARTESIAN_POINT ( 'NONE',  ( 25.35312599831505054, 25.34700674919490382, 160.1935749258950068 ) ) ;
#3227 = CARTESIAN_POINT ( 'NONE',  ( 25.63194124559879938, 24.92601371845314873, 161.6603526725760105 ) ) ;
#3228 = CARTESIAN_POINT ( 'NONE',  ( 19.23625662683344828, 29.46464355495654885, 171.5419930555555084 ) ) ;
#3229 = CARTESIAN_POINT ( 'NONE',  ( 25.74729002706049741, 25.29979732184695251, 164.2053470508164992 ) ) ;
#3230 = CARTESIAN_POINT ( 'NONE',  ( 14.20400326614712050, 23.19334407774115192, 163.6071914081994976 ) ) ;
#3231 = CARTESIAN_POINT ( 'NONE',  ( 25.96778058318060189, 25.33109354525705115, 167.0227353293615238 ) ) ;
#3232 = B_SPLINE_CURVE_WITH_KNOTS ( 'NONE', 3,
 ( #3337, #4348, #1879, #1747, #5703, #3852, #3372, #254, #2235, #6224, #1262, #3238, #2410, #468, #5981, #3030, #560, #950, #40, #1562, #986, #3991, #6402, #1427, #3412, #5945, #2508, #4481, #528 ),
 .UNSPECIFIED., .F., .F.,
 ( 4, 1, 1, 1, 1, 1, 2, 2, 1, 1, 1, 1, 2, 2, 1, 1, 1, 1, 2, 2, 4 ),
 ( 0.000000000000000000, 0.1250000000008056056, 0.1875000000012083112, 0.2187500000014095947, 0.2343750000015205059, 0.2421875000015655255, 0.2460937500015774881, 0.2500000000015894508, 0.3750000000017821855, 0.4375000000018787749, 0.4687500000019271251, 0.4843750000019375612, 0.4921875000019284019, 0.5000000000019192425, 0.6250000000015359936, 0.6875000000013546941, 0.7187500000012546630, 0.7343750000011955992, 0.7421875000011575185, 0.7500000000011193269, 1.000000000000000000 ),
 .UNSPECIFIED. ) ;
#3233 = CARTESIAN_POINT ( 'NONE',  ( 16.34906827375874983, 23.61802629583134916, 164.6113381398555191 ) ) ;
#3234 = CARTESIAN_POINT ( 'NONE',  ( 12.67722318248882019, 25.53297893309329680, 165.9151506944445202 ) ) ;
#3235 = CARTESIAN_POINT ( 'NONE',  ( 24.87879715234719669, 27.07398400436469998, 167.2058250000000044 ) ) ;
#3236 = B_SPLINE_CURVE_WITH_KNOTS ( 'NONE', 3,
 ( #22, #3455, #2939, #4522, #479, #538, #2487, #5361, #78, #5922, #2517, #567, #4430, #1509, #2550, #3863, #441, #2020, #1987, #3967, #3491, #6413, #5467, #1958, #5850, #1030, #3937, #1402, #3006, #3383, #924, #2419, #4978, #2974, #4395, #5428, #6381, #1925, #510, #3901, #3999, #5991, #1543, #3524, #4947, #5504, #5887 ),
 .UNSPECIFIED., .F., .F.,
 ( 4, 2, 2, 1, 1, 2, 2, 2, 1, 1, 2, 2, 2, 1, 1, 1, 2, 2, 2, 2, 1, 2, 2, 2, 1, 2, 2, 4 ),
 ( 0.000000000000000000, 0.1249999999999749367, 0.1874999999999774347, 0.2187499999999932832, 0.2343750000000154599, 0.2421875000000267841, 0.2500000000000381362, 0.3125000000002878808, 0.3437500000004132250, 0.3593750000004899969, 0.3671875000005156431, 0.3750000000005412337, 0.4375000000005316858, 0.4687500000005400680, 0.4843750000005447309, 0.4921875000005578871, 0.4960937500005639378, 0.5000000000005699885, 0.5625000000005045964, 0.5937500000004726219, 0.6093750000004555245, 0.6171875000004470868, 0.6250000000004386491, 0.6875000000003548273, 0.7187500000003129719, 0.7343750000002927658, 0.7500000000002724487, 1.000000000000000000 ),
 .UNSPECIFIED. ) ;
#3237 = CARTESIAN_POINT ( 'NONE',  ( 23.87972438646599826, 24.91175734267885034, 148.7787622156586167 ) ) ;
#3238 = CARTESIAN_POINT ( 'NONE',  ( 12.72513760951083839, 23.24500722938194386, 167.4968341745689315 ) ) ;
#3239 = VERTEX_POINT ( 'NONE', #2743 ) ;
#3240 = CARTESIAN_POINT ( 'NONE',  ( 18.69789696910030230, 29.95347932733899654, 165.4320293800884940 ) ) ;
#3241 = CARTESIAN_POINT ( 'NONE',  ( 15.37397067264564932, 23.64110796025699912, 166.9316521599484986 ) ) ;
#3242 = EDGE_LOOP ( 'NONE', ( #5523, #3276, #2303, #3672 ) ) ;
#3243 = CARTESIAN_POINT ( 'NONE',  ( 25.48102211779970006, 26.32720236515914891, 166.1905367779154972 ) ) ;
#3244 = VECTOR ( 'NONE', #3653, 1000.000000000000114 ) ;
#3245 = CARTESIAN_POINT ( 'NONE',  ( 11.64532416519421965, 24.79423862416449964, 161.1827958333335005 ) ) ;
#3246 = CARTESIAN_POINT ( 'NONE',  ( 23.60475528084585051, 28.36144895981079728, 164.1335833333334904 ) ) ;
#3247 = CARTESIAN_POINT ( 'NONE',  ( 25.57783977228125138, 25.22179548692190210, 162.1874827656459956 ) ) ;
#3248 = VECTOR ( 'NONE', #2064, 999.9999999999998863 ) ;
#3249 = CARTESIAN_POINT ( 'NONE',  ( 14.19437348827534784, 27.67815933313820764, 167.2616345230281922 ) ) ;
#3250 = CARTESIAN_POINT ( 'NONE',  ( 25.58665063078080237, 25.69719348994049923, 164.1528645833334963 ) ) ;
#3251 = ORIENTED_EDGE ( 'NONE', *, *, #1236, .F. ) ;
#3252 = CARTESIAN_POINT ( 'NONE',  ( 16.28714252525394812, 23.46992355812874820, 165.9005696121319886 ) ) ;
#3253 = CARTESIAN_POINT ( 'NONE',  ( 25.16160504695782052, 25.88756157928323631, 160.6670384763748132 ) ) ;
#3254 = CARTESIAN_POINT ( 'NONE',  ( 24.61884404006159954, 27.12837177396844979, 162.4745624999999905 ) ) ;
#3255 = CARTESIAN_POINT ( 'NONE',  ( 24.74993653424924744, 20.13623498335910256, 161.6530499999999790 ) ) ;
#3256 = CARTESIAN_POINT ( 'NONE',  ( 12.07854337394008226, 25.25313142840025549, 163.2248889416798079 ) ) ;
#3257 = CARTESIAN_POINT ( 'NONE',  ( 13.07793511599063940, 24.75835111046004755, 168.9073346354164755 ) ) ;
#3258 = CARTESIAN_POINT ( 'NONE',  ( 15.86717976420309917, 23.71085073658354858, 167.5693949771230109 ) ) ;
#3259 = CARTESIAN_POINT ( 'NONE',  ( 23.83018334034539976, 24.70422496304784943, 148.1070955163052076 ) ) ;
#3260 = CARTESIAN_POINT ( 'NONE',  ( 12.87689741419055878, 25.52004782097715108, 166.9414333333334923 ) ) ;
#3261 = CARTESIAN_POINT ( 'NONE',  ( 13.32839718412209962, 26.46870108822540146, 167.4139145375550015 ) ) ;
#3262 = B_SPLINE_SURFACE_WITH_KNOTS ( 'NONE', 3, 3, ( 
 ( #4785, #1871, #3815, #349, #386, #2363, #6326, #4197, #3289, #1250, #6209 ),
 ( #4163, #6144, #2740, #1706, #4715, #271, #3767, #1760, #2249, #5139, #306 ),
 ( #3257, #5629, #766, #5262, #2774, #4230, #707, #3731, #2712, #2313, #1792 ),
 ( #2805, #2187, #6178, #3224, #1280, #5690, #207, #2217, #3674, #4653, #5718 ),
 ( #831, #5232, #5756, #2277, #4746, #2686, #1833, #5200, #4260, #4291, #1735 ),
 ( #6283, #1189, #5660, #1310, #6244, #4775, #340, #3166, #1218, #3192, #5168 ),
 ( #739, #4684, #237, #3705, #4659, #2254, #4783, #3738, #5725, #4234, #5272 ),
 ( #3709, #744, #2223, #805, #6252, #1805, #4265, #2782, #3780, #4203, #3681 ),
 ( #6292, #4300, #839, #214, #313, #5665, #2286, #6216, #2195, #4170, #3197 ) ),
 .UNSPECIFIED., .F., .F., .F.,
 ( 4, 1, 1, 1, 1, 1, 4 ),
 ( 4, 1, 1, 1, 1, 1, 1, 1, 4 ),
 ( 0.000000000000000000, 1.000000000000000000, 2.000000000000000000, 3.000000000000000000, 5.000000000000000000, 7.000000000000000000, 8.000000000000000000 ),
 ( 0.000000000000000000, 1.000000000000000000, 3.000000000000000000, 5.000000000000000000, 7.000000000000000000, 9.000000000000000000, 10.00000000000000000, 11.00000000000000000, 12.00000000000000000 ),
 .UNSPECIFIED. ) ;
#3263 = ADVANCED_FACE ( 'NONE', ( #802 ), #2188, .F. ) ;
#3264 = CARTESIAN_POINT ( 'NONE',  ( 23.36401281170301303, 28.55402144151053889, 166.2860905649899905 ) ) ;
#3265 = CARTESIAN_POINT ( 'NONE',  ( 14.17766970895545953, 25.80213746257585328, 173.0919653289260225 ) ) ;
#3266 = CARTESIAN_POINT ( 'NONE',  ( 13.01972725824237997, 20.60576993847615057, 165.0664657552084975 ) ) ;
#3267 = CARTESIAN_POINT ( 'NONE',  ( 23.36926138138754894, 26.30744054909305163, 149.6000648298980025 ) ) ;
#3268 = CARTESIAN_POINT ( 'NONE',  ( 14.98409154528795817, 23.45624023514129775, 163.5411591834839840 ) ) ;
#3269 = CARTESIAN_POINT ( 'NONE',  ( 25.05630792904744908, 24.47565179584260164, 154.6454604166664808 ) ) ;
#3270 = CARTESIAN_POINT ( 'NONE',  ( 24.72178604272614777, 27.09684279634724646, 163.6573913194445140 ) ) ;
#3271 = CARTESIAN_POINT ( 'NONE',  ( 12.23686460353454031, 20.77049158579234955, 161.9497789438835298 ) ) ;
#3272 = CARTESIAN_POINT ( 'NONE',  ( 16.42357267374799790, 23.55399053889820138, 167.5180850648075079 ) ) ;
#3273 = ORIENTED_EDGE ( 'NONE', *, *, #3110, .T. ) ;
#3274 = CARTESIAN_POINT ( 'NONE',  ( 18.66039560748239978, 29.96803923282794813, 165.1761168694669948 ) ) ;
#3275 = CARTESIAN_POINT ( 'NONE',  ( 13.12581925903008084, 25.00922248501509770, 168.8941927951390198 ) ) ;
#3276 = ORIENTED_EDGE ( 'NONE', *, *, #2965, .F. ) ;
#3277 = CARTESIAN_POINT ( 'NONE',  ( 15.69095453488009895, 23.35549115368900175, 164.4593908640434847 ) ) ;
#3278 = CARTESIAN_POINT ( 'NONE',  ( 12.54202632761865921, 25.12764412671994663, 165.5520899357104838 ) ) ;
#3279 = CARTESIAN_POINT ( 'NONE',  ( 21.14849359514829885, 29.72410711536300099, 164.7784668691600132 ) ) ;
#3280 = CARTESIAN_POINT ( 'NONE',  ( 25.62008304475789799, 25.25995800865029750, 162.7121788995389977 ) ) ;
#3281 = CARTESIAN_POINT ( 'NONE',  ( 25.58882895633264809, 26.06722194226154699, 166.3815499999999759 ) ) ;
#3282 = ORIENTED_EDGE ( 'NONE', *, *, #1679, .F. ) ;
#3283 = DIRECTION ( 'NONE',  ( -0.1006318910984291826, -0.05303758115646017846, -0.9935090525400490646 ) ) ;
#3284 = CARTESIAN_POINT ( 'NONE',  ( 13.93908530739763840, 25.18968157395644880, 172.7383434209619963 ) ) ;
#3285 = CARTESIAN_POINT ( 'NONE',  ( 25.20475791091345030, 26.11485769184834638, 162.1899916305555109 ) ) ;
#3286 = LINE ( 'NONE', #3728, #2732 ) ;
#3287 = CARTESIAN_POINT ( 'NONE',  ( 23.72820310235714913, 20.65111806828405250, 148.3528604166666298 ) ) ;
#3288 = CARTESIAN_POINT ( 'NONE',  ( 11.88432486917917785, 25.02516083826399296, 162.3338440149640860 ) ) ;
#3289 = CARTESIAN_POINT ( 'NONE',  ( 14.01249186750392006, 25.21909883274059894, 173.1285451114920022 ) ) ;
#3290 = CARTESIAN_POINT ( 'NONE',  ( 14.41153224266297883, 23.45093836650490005, 168.9535798917604836 ) ) ;
#3291 = CARTESIAN_POINT ( 'NONE',  ( 23.30814711828965002, 28.59303998508059763, 164.7798661627365107 ) ) ;
#3292 = ORIENTED_EDGE ( 'NONE', *, *, #134, .F. ) ;
#3293 = CARTESIAN_POINT ( 'NONE',  ( 25.36130946393605257, 25.07270111793255296, 159.3186333333335085 ) ) ;
#3294 = CARTESIAN_POINT ( 'NONE',  ( 25.08814347658055510, 26.27406824048783918, 161.9006540629822268 ) ) ;
#3295 = CARTESIAN_POINT ( 'NONE',  ( 25.18807710961715074, 26.11302028208629977, 162.0583602711400033 ) ) ;
#3296 = CARTESIAN_POINT ( 'NONE',  ( 13.00535548883769899, 23.35196171147689981, 164.8876593352399880 ) ) ;
#3297 = CARTESIAN_POINT ( 'NONE',  ( 14.59631425035782115, 26.87852125124445024, 172.0850638888890103 ) ) ;
#3298 = ADVANCED_FACE ( 'NONE', ( #5691 ), #3590, .F. ) ;
#3299 = CARTESIAN_POINT ( 'NONE',  ( 16.36838498946250198, 23.57247385435034914, 168.0315590420999854 ) ) ;
#3300 = CARTESIAN_POINT ( 'NONE',  ( 23.46804254575950210, 26.41622264581859980, 150.3748494635330246 ) ) ;
#3301 = CARTESIAN_POINT ( 'NONE',  ( 24.87883392985224873, 24.69251064029229781, 153.8636666666665178 ) ) ;
#3302 = CARTESIAN_POINT ( 'NONE',  ( 13.77343609127494162, 23.39493226226374745, 164.4204568693870101 ) ) ;
#3303 = CARTESIAN_POINT ( 'NONE',  ( 12.06732725253802130, 26.36284118569874835, 161.5236999999999910 ) ) ;
#3304 = CARTESIAN_POINT ( 'NONE',  ( 16.18136101060624910, 23.70782703104485023, 166.9199654025600239 ) ) ;
#3305 = EDGE_LOOP ( 'NONE', ( #3926, #6286, #5157, #1563 ) ) ;
#3306 = ADVANCED_FACE ( 'NONE', ( #3167 ), #4231, .T. ) ;
#3307 = CARTESIAN_POINT ( 'NONE',  ( 15.86717976420309917, 23.71085073658354858, 167.5693949771230109 ) ) ;
#3308 = ORIENTED_EDGE ( 'NONE', *, *, #421, .F. ) ;
#3309 = CARTESIAN_POINT ( 'NONE',  ( 13.50139411057052641, 27.21555480706119567, 165.3434549707014298 ) ) ;
#3310 = CARTESIAN_POINT ( 'NONE',  ( 16.21060922297020213, 23.57406428787020047, 168.3592916129164792 ) ) ;
#3311 = CARTESIAN_POINT ( 'NONE',  ( 23.14845932172899978, 28.67035211697509922, 165.7630000000000052 ) ) ;
#3312 = CARTESIAN_POINT ( 'NONE',  ( 24.79961513781644911, 20.29112435397199832, 162.8164625000000001 ) ) ;
#3313 = CARTESIAN_POINT ( 'NONE',  ( 25.19749660761955212, 26.69513292712350250, 168.6361602741549746 ) ) ;
#3314 = CARTESIAN_POINT ( 'NONE',  ( 25.54804477351010306, 25.69759584655195184, 163.7598348958335066 ) ) ;
#3315 = ORIENTED_EDGE ( 'NONE', *, *, #1607, .T. ) ;
#3316 = CARTESIAN_POINT ( 'NONE',  ( 16.25383157027154724, 28.38452188129499731, 173.1872333333334950 ) ) ;
#3317 = CARTESIAN_POINT ( 'NONE',  ( 20.63955386770130218, 24.48724797178214629, 169.2954836611639848 ) ) ;
#3318 = CARTESIAN_POINT ( 'NONE',  ( 15.32160420976460102, 23.60072988956580176, 166.1303575103304695 ) ) ;
#3319 = CARTESIAN_POINT ( 'NONE',  ( 25.52252323055279959, 25.69871390572919978, 163.4978095012820063 ) ) ;
#3320 = CARTESIAN_POINT ( 'NONE',  ( 15.22863647445749891, 23.27820707951699930, 163.5966309729165289 ) ) ;
#3321 = CARTESIAN_POINT ( 'NONE',  ( 23.74751948215465092, 20.65990441625999807, 148.4801708333332044 ) ) ;
#3322 = CARTESIAN_POINT ( 'NONE',  ( 11.80047179313415384, 24.78072364594486032, 162.0097989501979328 ) ) ;
#3323 = CARTESIAN_POINT ( 'NONE',  ( 15.06612533786874941, 23.50846596279285095, 169.0205262070159904 ) ) ;
#3324 = CARTESIAN_POINT ( 'NONE',  ( 24.51117256623680163, 27.34961180007474724, 164.2211251012710136 ) ) ;
#3325 = ORIENTED_EDGE ( 'NONE', *, *, #6408, .F. ) ;
#3326 = CARTESIAN_POINT ( 'NONE',  ( 24.90007877202845066, 24.98997878438569842, 154.6351083333335055 ) ) ;
#3327 = CARTESIAN_POINT ( 'NONE',  ( 12.95474217274855988, 23.36391538259774947, 165.2473865435580080 ) ) ;
#3328 = CARTESIAN_POINT ( 'NONE',  ( 14.89175271132837963, 27.37386566514994968, 171.3822999999999865 ) ) ;
#3329 = CARTESIAN_POINT ( 'NONE',  ( 26.07121119856877911, 25.31022552203314291, 170.4341633106403151 ) ) ;
#3330 = CARTESIAN_POINT ( 'NONE',  ( 16.05831014297385195, 23.57212908279370112, 164.1289793772299959 ) ) ;
#3331 = CARTESIAN_POINT ( 'NONE',  ( 25.41143589336325093, 20.65949904876020327, 171.7086861994999936 ) ) ;
#3332 = CARTESIAN_POINT ( 'NONE',  ( 14.66309402118570127, 23.47468669347809822, 169.0158013181579975 ) ) ;
#3333 = EDGE_CURVE ( 'NONE', #2136, #1297, #2318, .T. ) ;
#3334 = CARTESIAN_POINT ( 'NONE',  ( 23.96776347862039813, 24.22342200515929989, 148.1287834739465836 ) ) ;
#3335 = CARTESIAN_POINT ( 'NONE',  ( 24.88013315730135133, 27.04051876192014703, 165.6260833333334972 ) ) ;
#3336 = CARTESIAN_POINT ( 'NONE',  ( 12.42378265636141954, 26.97162314423275120, 161.8751666666665017 ) ) ;
#3337 = CARTESIAN_POINT ( 'NONE',  ( 13.04571359679886022, 23.33725494584560067, 168.9551427372529986 ) ) ;
#3338 = ORIENTED_EDGE ( 'NONE', *, *, #5938, .T. ) ;
#3339 = CARTESIAN_POINT ( 'NONE',  ( 19.16452384791859842, 29.53452300852259782, 169.7118500434029897 ) ) ;
#3340 = CARTESIAN_POINT ( 'NONE',  ( 12.35380027642552037, 22.42813366045984935, 165.0859812500000032 ) ) ;
#3341 = ORIENTED_EDGE ( 'NONE', *, *, #2190, .F. ) ;
#3342 = CARTESIAN_POINT ( 'NONE',  ( 13.63639410610680081, 23.19326096704224938, 164.6570872514265034 ) ) ;
#3343 = EDGE_CURVE ( 'NONE', #6155, #2243, #1313, .T. ) ;
#3344 = CARTESIAN_POINT ( 'NONE',  ( 21.80193144342304734, 18.01846666116369988, 163.3112125000000106 ) ) ;
#3345 = CARTESIAN_POINT ( 'NONE',  ( 19.92083617090534986, 29.90820609808789854, 165.7005283525440120 ) ) ;
#3346 = CARTESIAN_POINT ( 'NONE',  ( 15.57775826860259727, 28.89352458730974504, 167.0566311973480822 ) ) ;
#3347 = CARTESIAN_POINT ( 'NONE',  ( 25.43591931076649715, 26.39690965685120005, 167.8358479166664949 ) ) ;
#3348 = VECTOR ( 'NONE', #1956, 1000.000000000000000 ) ;
#3349 = EDGE_LOOP ( 'NONE', ( #5248, #185, #5821 ) ) ;
#3350 = CARTESIAN_POINT ( 'NONE',  ( 18.43937905619939954, 29.92707091948189913, 164.6985378282494992 ) ) ;
#3351 = CARTESIAN_POINT ( 'NONE',  ( 19.53255303846909996, 29.94730442402925163, 166.0965308260730069 ) ) ;
#3352 = CARTESIAN_POINT ( 'NONE',  ( 25.64538102848954892, 25.43655969687569751, 163.6294293059394818 ) ) ;
#3353 = LINE ( 'NONE', #409, #4902 ) ;
#3354 = VECTOR ( 'NONE', #277, 1000.000000000000000 ) ;
#3355 = CARTESIAN_POINT ( 'NONE',  ( 23.76589291644484803, 20.04927884062974996, 150.3549000000000149 ) ) ;
#3356 = CARTESIAN_POINT ( 'NONE',  ( 12.20636566039697435, 24.68252994716809923, 164.4550700882024614 ) ) ;
#3357 = CARTESIAN_POINT ( 'NONE',  ( 24.94794401953934937, 26.76874468858465050, 163.6460506918160149 ) ) ;
#3358 = ORIENTED_EDGE ( 'NONE', *, *, #381, .F. ) ;
#3359 = CARTESIAN_POINT ( 'NONE',  ( 24.02870410579279792, 24.42503864108465095, 148.7895204791466313 ) ) ;
#3360 = AXIS2_PLACEMENT_3D ( 'NONE', #3117, #1079, #6124 ) ;
#3361 = CARTESIAN_POINT ( 'NONE',  ( 24.17130202668185035, 24.09472957701984797, 149.2017666666666003 ) ) ;
#3362 = CARTESIAN_POINT ( 'NONE',  ( 15.04792863806884995, 23.48402554180369606, 168.5104960108590149 ) ) ;
#3363 = CARTESIAN_POINT ( 'NONE',  ( 25.70520937959296859, 26.00784323998326641, 170.1045866784522502 ) ) ;
#3364 = CARTESIAN_POINT ( 'NONE',  ( 14.58681300239395995, 23.42292979146315091, 163.5362051351179957 ) ) ;
#3365 = CARTESIAN_POINT ( 'NONE',  ( 25.47054357930390012, 20.69785975979235104, 171.0454799120159919 ) ) ;
#3366 = CARTESIAN_POINT ( 'NONE',  ( 13.25670061125320132, 23.14532740450184889, 164.2942157910509877 ) ) ;
#3367 = CARTESIAN_POINT ( 'NONE',  ( 23.01490758003789949, 26.94475119774099880, 150.0088152942050215 ) ) ;
#3368 = CARTESIAN_POINT ( 'NONE',  ( 16.21757872005424872, 23.46913639258490036, 166.0119543019254706 ) ) ;
#3369 = CARTESIAN_POINT ( 'NONE',  ( 24.83766323899284956, 24.82046992219590109, 153.8614666666665016 ) ) ;
#3370 = CARTESIAN_POINT ( 'NONE',  ( 14.03329268911901906, 25.83396458973840026, 172.1785201388890130 ) ) ;
#3371 = CARTESIAN_POINT ( 'NONE',  ( 11.74158762409020085, 23.18889923321439994, 161.5700874999999996 ) ) ;
#3372 = CARTESIAN_POINT ( 'NONE',  ( 12.83938254623109465, 23.27827939011610781, 168.0253803814915159 ) ) ;
#3373 = ORIENTED_EDGE ( 'NONE', *, *, #4654, .T. ) ;
#3374 = CARTESIAN_POINT ( 'NONE',  ( 24.09228022270234959, 27.89523146864464920, 164.7376937021629715 ) ) ;
#3375 = ORIENTED_EDGE ( 'NONE', *, *, #2920, .T. ) ;
#3376 = EDGE_CURVE ( 'NONE', #1053, #1815, #3107, .T. ) ;
#3377 = CARTESIAN_POINT ( 'NONE',  ( 16.41738972354540138, 23.76166096912524850, 167.6803097212415139 ) ) ;
#3378 = CARTESIAN_POINT ( 'NONE',  ( 13.36193210443473767, 23.42652130688216516, 170.3551966029725122 ) ) ;
#3379 = CARTESIAN_POINT ( 'NONE',  ( 25.44858727276974975, 25.44229202448359572, 161.6546761346045287 ) ) ;
#3380 = CARTESIAN_POINT ( 'NONE',  ( 20.67412660712444961, 29.85184070254929978, 164.8278237836055098 ) ) ;
#3381 = CARTESIAN_POINT ( 'NONE',  ( 25.05649945137370338, 26.88852741940105062, 171.3940195312499952 ) ) ;
#3382 = CARTESIAN_POINT ( 'NONE',  ( 25.39620750525349990, 25.58036120800174729, 161.6637360684894986 ) ) ;
#3383 = CARTESIAN_POINT ( 'NONE',  ( 25.49025179688876364, 26.30470265076129976, 167.7591530375674154 ) ) ;
#3384 = ORIENTED_EDGE ( 'NONE', *, *, #3110, .F. ) ;
#3385 = CARTESIAN_POINT ( 'NONE',  ( 16.89991117183589964, 28.80429676037485009, 173.1098791666665022 ) ) ;
#3386 = CARTESIAN_POINT ( 'NONE',  ( 16.20099560711190279, 23.66824667484155142, 166.0030046726135140 ) ) ;
#3387 = EDGE_CURVE ( 'NONE', #1594, #108, #1867, .T. ) ;
#3388 = CARTESIAN_POINT ( 'NONE',  ( 14.52240897932039942, 23.54395711021534865, 166.3481431392635272 ) ) ;
#3389 = CARTESIAN_POINT ( 'NONE',  ( 22.48393635027469983, 29.21299292254430213, 162.6437187500000050 ) ) ;
#3390 = ADVANCED_FACE ( 'NONE', ( #2317 ), #213, .T. ) ;
#3391 = FACE_OUTER_BOUND ( 'NONE', #2509, .T. ) ;
#3392 = CARTESIAN_POINT ( 'NONE',  ( 22.72758591905585135, 28.66221460410525168, 169.2159694444445108 ) ) ;
#3393 = CARTESIAN_POINT ( 'NONE',  ( 25.14930830856230060, 20.72102859609194780, 161.0474000000000103 ) ) ;
#3394 = CARTESIAN_POINT ( 'NONE',  ( 16.77514814294289991, 29.37061868647570151, 167.2327999999999975 ) ) ;
#3395 = CARTESIAN_POINT ( 'NONE',  ( 18.28426324492930277, 13.03632384160972002, 167.1257466797420079 ) ) ;
#3396 = EDGE_LOOP ( 'NONE', ( #1883, #2372, #1959, #232 ) ) ;
#3397 = CARTESIAN_POINT ( 'NONE',  ( 23.88778972514749555, 24.44712210353614878, 147.9807690221066139 ) ) ;
#3398 = CARTESIAN_POINT ( 'NONE',  ( 25.09960302613130878, 26.26763488094001531, 161.9812103375009258 ) ) ;
#3399 = CARTESIAN_POINT ( 'NONE',  ( 25.84591208608705060, 21.28033803142024638, 169.3742749999999830 ) ) ;
#3400 = CARTESIAN_POINT ( 'NONE',  ( 20.29620041205009784, 24.82591093395440041, 166.2925824302634794 ) ) ;
#3401 = CARTESIAN_POINT ( 'NONE',  ( 12.83621266892235901, 25.39692265610540289, 166.9484666666665191 ) ) ;
#3402 = CARTESIAN_POINT ( 'NONE',  ( 15.85109002385590138, 23.52363105210694982, 167.9034259919234842 ) ) ;
#3403 = CARTESIAN_POINT ( 'NONE',  ( 14.92809411396974006, 28.72326226476354805, 165.5028749999999889 ) ) ;
#3404 = CARTESIAN_POINT ( 'NONE',  ( 14.98409154528795817, 23.45624023514129775, 163.5411591834839840 ) ) ;
#3405 = CARTESIAN_POINT ( 'NONE',  ( 25.95021160947979766, 21.47147429321314860, 171.7407513888890094 ) ) ;
#3406 = LINE ( 'NONE', #2440, #669 ) ;
#3407 = LINE ( 'NONE', #3957, #983 ) ;
#3408 = PLANE ( 'NONE',  #235 ) ;
#3409 = CARTESIAN_POINT ( 'NONE',  ( 24.72270246144159955, 24.77579621737329774, 153.0864166666665085 ) ) ;
#3410 = CARTESIAN_POINT ( 'NONE',  ( 14.11940109710652180, 25.81850731884640027, 172.6995001778019798 ) ) ;
#3411 = CARTESIAN_POINT ( 'NONE',  ( 26.39740404052680134, 23.53601567791200111, 169.1930916666665041 ) ) ;
#3412 = CARTESIAN_POINT ( 'NONE',  ( 12.44963135785933162, 23.15829339158437961, 166.0781312329162063 ) ) ;
#3413 = VERTEX_POINT ( 'NONE', #1519 ) ;
#3414 = CARTESIAN_POINT ( 'NONE',  ( 13.14557899799033969, 21.83798804202689681, 168.2019416666664995 ) ) ;
#3415 = B_SPLINE_CURVE_WITH_KNOTS ( 'NONE', 3,
 ( #189, #5613, #2172, #5733 ),
 .UNSPECIFIED., .F., .F.,
 ( 4, 4 ),
 ( 0.000000000000000000, 1.000000000000000000 ),
 .UNSPECIFIED. ) ;
#3416 = ORIENTED_EDGE ( 'NONE', *, *, #4021, .F. ) ;
#3417 = CARTESIAN_POINT ( 'NONE',  ( 12.89036060903919889, 25.51927068521339947, 167.0057007845044836 ) ) ;
#3418 = CARTESIAN_POINT ( 'NONE',  ( 18.72186009942565121, 29.53461415674349766, 169.3645750000000021 ) ) ;
#3419 = CARTESIAN_POINT ( 'NONE',  ( 22.50808640367214863, 18.37296444458765166, 163.4639708333334909 ) ) ;
#3420 = CARTESIAN_POINT ( 'NONE',  ( 19.45714025973390093, 29.97201701484119951, 165.3552201152630232 ) ) ;
#3421 = CARTESIAN_POINT ( 'NONE',  ( 23.69078805775119889, 25.04425050752130133, 147.9596067759769937 ) ) ;
#3422 = CARTESIAN_POINT ( 'NONE',  ( 15.88376287714544866, 23.51174045432695081, 167.5783446064349960 ) ) ;
#3423 = EDGE_LOOP ( 'NONE', ( #6345, #2488, #264, #4969 ) ) ;
#3424 = CARTESIAN_POINT ( 'NONE',  ( 18.71557316708854657, 29.39232533050595109, 172.7784520833335193 ) ) ;
#3425 = CARTESIAN_POINT ( 'NONE',  ( 14.11786593786322008, 23.41217504733334920, 164.1658649566830093 ) ) ;
#3426 = CARTESIAN_POINT ( 'NONE',  ( 12.20890639529905641, 24.58767310173239906, 164.5356483231801690 ) ) ;
#3427 = EDGE_CURVE ( 'NONE', #5740, #1594, #1604, .T. ) ;
#3428 = CARTESIAN_POINT ( 'NONE',  ( 22.98738727454660236, 18.59899888964539727, 152.1354833333335250 ) ) ;
#3429 = CARTESIAN_POINT ( 'NONE',  ( 14.19952601439809925, 27.50609701565755216, 167.5391999999999939 ) ) ;
#3430 = CARTESIAN_POINT ( 'NONE',  ( 24.56148851178599912, 27.37613059065300192, 164.7178796275410093 ) ) ;
#3431 = VERTEX_POINT ( 'NONE', #2622 ) ;
#3432 = CARTESIAN_POINT ( 'NONE',  ( 12.62425493344396088, 25.28116192492450054, 166.0388323221800135 ) ) ;
#3433 = B_SPLINE_SURFACE_WITH_KNOTS ( 'NONE', 3, 1, ( 
 ( #6397, #493 ),
 ( #2471, #4445 ),
 ( #6362, #6 ),
 ( #1973, #2851 ) ),
 .UNSPECIFIED., .F., .F., .F.,
 ( 4, 4 ),
 ( 2, 2 ),
 ( 0.000000000000000000, 1.000000000000000000 ),
 ( 0.000000000000000000, 1.000000000000000000 ),
 .UNSPECIFIED. ) ;
#3434 = CARTESIAN_POINT ( 'NONE',  ( 23.79187879325925081, 25.15203644426720331, 148.7804137720958124 ) ) ;
#3435 = EDGE_CURVE ( 'NONE', #343, #149, #4009, .T. ) ;
#3436 = CARTESIAN_POINT ( 'NONE',  ( 25.73652716684505037, 24.58395362850649946, 161.6730040322445348 ) ) ;
#3437 = CARTESIAN_POINT ( 'NONE',  ( 12.83392258690185983, 25.17268086846890185, 167.5331864164585056 ) ) ;
#3438 = DIRECTION ( 'NONE',  ( -0.9914626728336710659, -0.07787427352598338959, 0.1045818621956658007 ) ) ;
#3439 = CARTESIAN_POINT ( 'NONE',  ( 24.62786991035624951, 27.33348039147150033, 165.7199660958859795 ) ) ;
#3440 = CARTESIAN_POINT ( 'NONE',  ( 25.19441983025145149, 20.34885677806580162, 169.5041269965280151 ) ) ;
#3441 = CARTESIAN_POINT ( 'NONE',  ( 12.89036060903919889, 25.51927068521339947, 167.0057007845044836 ) ) ;
#3442 = CARTESIAN_POINT ( 'NONE',  ( 25.67052887385409932, 25.29430105878445190, 163.3312103048999973 ) ) ;
#3443 = CARTESIAN_POINT ( 'NONE',  ( 12.94067655458840171, 25.54578947579165060, 167.5024553107744794 ) ) ;
#3444 = CARTESIAN_POINT ( 'NONE',  ( 24.80136758114855056, 27.12567365399810271, 168.7775396756764792 ) ) ;
#3445 = CARTESIAN_POINT ( 'NONE',  ( 26.40115149111915116, 23.54150519755069837, 169.3245541666665019 ) ) ;
#3446 = CARTESIAN_POINT ( 'NONE',  ( 12.73549913314905879, 25.78346685544105199, 165.7743615451389871 ) ) ;
#3447 = VERTEX_POINT ( 'NONE', #2058 ) ;
#3448 = DIRECTION ( 'NONE',  ( -0.1006318910984274478, -0.05303758115645542531, -0.9935090525400493977 ) ) ;
#3449 = DIRECTION ( 'NONE',  ( 0.000000000000000000, -0.04490276582358731366, -0.9989913621355253071 ) ) ;
#3450 = CARTESIAN_POINT ( 'NONE',  ( 12.84206661648869918, 25.36294375635165110, 167.0189378234040021 ) ) ;
#3451 = CARTESIAN_POINT ( 'NONE',  ( 13.61981099316446020, 23.39237124929885070, 164.6481376221144899 ) ) ;
#3452 = CARTESIAN_POINT ( 'NONE',  ( 25.11382041610094973, 26.25567242196814988, 162.0609862187195063 ) ) ;
#3453 = CARTESIAN_POINT ( 'NONE',  ( 19.90240250256010057, 29.55109104213759963, 169.1110000000000184 ) ) ;
#3454 = DIRECTION ( 'NONE',  ( 0.9914626728336715100, 0.07787427352598294550, -0.1045818621956617483 ) ) ;
#3455 = CARTESIAN_POINT ( 'NONE',  ( 25.27603285096204644, 26.59095719783721279, 169.0506282746461864 ) ) ;
#3456 = ORIENTED_EDGE ( 'NONE', *, *, #2527, .F. ) ;
#3457 = CARTESIAN_POINT ( 'NONE',  ( 26.10422013060944835, 24.57933685261999912, 165.6073999999999842 ) ) ;
#3458 = CARTESIAN_POINT ( 'NONE',  ( 16.45325192564399686, 23.46241738743229988, 165.4257827170279995 ) ) ;
#3459 = CARTESIAN_POINT ( 'NONE',  ( 25.97735447361555217, 25.43753132683574947, 168.6172342219379914 ) ) ;
#3460 = CARTESIAN_POINT ( 'NONE',  ( 25.16365998860359809, 26.16139163883699936, 162.0593284745845040 ) ) ;
#3461 = CARTESIAN_POINT ( 'NONE',  ( 12.21723954655742084, 24.08650753391399846, 164.8122418784855086 ) ) ;
#3462 = CARTESIAN_POINT ( 'NONE',  ( 24.72638083333805170, 19.95588584569939883, 160.4918999999999869 ) ) ;
#3463 = CARTESIAN_POINT ( 'NONE',  ( 18.88861406040329882, 29.61257456339459893, 168.5617541666665034 ) ) ;
#3464 =( NAMED_UNIT ( * ) SI_UNIT ( $, .STERADIAN. ) SOLID_ANGLE_UNIT ( ) );
#3465 = ORIENTED_EDGE ( 'NONE', *, *, #4426, .T. ) ;
#3466 = CARTESIAN_POINT ( 'NONE',  ( 24.39035131018690095, 24.93115129404120012, 151.5309000000000026 ) ) ;
#3467 = CARTESIAN_POINT ( 'NONE',  ( 24.76698697239344682, 25.94068659813470035, 156.9697875000000238 ) ) ;
#3468 = CARTESIAN_POINT ( 'NONE',  ( 25.82108800645470126, 24.19810756291204967, 161.6885017423529973 ) ) ;
#3469 = CARTESIAN_POINT ( 'NONE',  ( 18.93170839403383354, 29.95746973793692902, 164.6470472937880629 ) ) ;
#3470 = CARTESIAN_POINT ( 'NONE',  ( 24.62786991035624951, 27.33348039147150033, 165.7199660958859795 ) ) ;
#3471 = CARTESIAN_POINT ( 'NONE',  ( 16.07489325591620144, 23.37301880053709979, 164.1379290065419809 ) ) ;
#3472 = CARTESIAN_POINT ( 'NONE',  ( 25.32383692933060004, 20.51541081379524911, 171.0723860703739945 ) ) ;
#3473 = VECTOR ( 'NONE', #1808, 1000.000000000000000 ) ;
#3474 = CARTESIAN_POINT ( 'NONE',  ( 13.24011749831086071, 23.34443768675845021, 164.2852661617384911 ) ) ;
#3475 = DIRECTION ( 'NONE',  ( 0.08291556471174016396, -0.9955514112831505003, 0.04474814656117568484 ) ) ;
#3476 = EDGE_CURVE ( 'NONE', #2264, #5035, #3949, .T. ) ;
#3477 = AXIS2_PLACEMENT_3D ( 'NONE', #1084, #689, #225 ) ;
#3478 = CARTESIAN_POINT ( 'NONE',  ( 25.07879358052949925, 26.14036583479050080, 161.1082545998689852 ) ) ;
#3479 = CARTESIAN_POINT ( 'NONE',  ( 13.31075619272301935, 25.86402695034470156, 168.4561458333335224 ) ) ;
#3480 = CARTESIAN_POINT ( 'NONE',  ( 25.43119149553995229, 25.10322263660485120, 160.0874076215779951 ) ) ;
#3481 = ORIENTED_EDGE ( 'NONE', *, *, #470, .T. ) ;
#3482 = CARTESIAN_POINT ( 'NONE',  ( 24.63872836218709850, 26.43537954086630037, 158.5395499999999913 ) ) ;
#3483 = B_SPLINE_CURVE_WITH_KNOTS ( 'NONE', 3,
 ( #3655, #679, #2663, #2072, #5580, #2690 ),
 .UNSPECIFIED., .F., .F.,
 ( 4, 1, 1, 4 ),
 ( 0.1948898203241659910, 0.2142857142796830150, 0.3571428571379224870, 0.3760679248667915253 ),
 .UNSPECIFIED. ) ;
#3484 = CARTESIAN_POINT ( 'NONE',  ( 19.93513063001229924, 24.11598490368699998, 162.3409202933834763 ) ) ;
#3485 = CARTESIAN_POINT ( 'NONE',  ( 18.43937905619939954, 29.92707091948189913, 164.6985378282494992 ) ) ;
#3486 = B_SPLINE_CURVE_WITH_KNOTS ( 'NONE', 3,
 ( #5069, #4614, #138, #6073, #5588, #661, #6105 ),
 .UNSPECIFIED., .F., .F.,
 ( 4, 1, 1, 1, 4 ),
 ( 0.6188200553233400569, 0.6428571428544009869, 0.7857142857126409030, 0.9285714285708800420, 1.000000000000000000 ),
 .UNSPECIFIED. ) ;
#3487 = CARTESIAN_POINT ( 'NONE',  ( 25.09527481439355157, 26.85879775610595033, 166.2012301348720200 ) ) ;
#3488 = CARTESIAN_POINT ( 'NONE',  ( 17.84127165862249953, 24.34644091822799794, 171.3478700896960163 ) ) ;
#3489 = CARTESIAN_POINT ( 'NONE',  ( 21.12872120159470057, 29.29286883384585138, 169.5088617187500120 ) ) ;
#3490 = CARTESIAN_POINT ( 'NONE',  ( 25.11660094881295180, 26.80258827355745055, 170.3454414312514871 ) ) ;
#3491 = CARTESIAN_POINT ( 'NONE',  ( 25.38911238901149403, 26.45578468081227896, 168.0455457541219744 ) ) ;
#3492 = ORIENTED_EDGE ( 'NONE', *, *, #806, .F. ) ;
#3493 = CARTESIAN_POINT ( 'NONE',  ( 26.34698499713799791, 24.19093629721669814, 169.1671923611110060 ) ) ;
#3494 = CARTESIAN_POINT ( 'NONE',  ( 13.79001920421729999, 23.19582198000714968, 164.4294064986995068 ) ) ;
#3495 = CARTESIAN_POINT ( 'NONE',  ( 12.91405219310827945, 20.56687221958810241, 164.5433694444444939 ) ) ;
#3496 = CARTESIAN_POINT ( 'NONE',  ( 24.59030759031899649, 27.33423170460099882, 169.0558671363075121 ) ) ;
#3497 = CARTESIAN_POINT ( 'NONE',  ( 24.04947585402199906, 18.99249272841990077, 156.6899499999999819 ) ) ;
#3498 = CARTESIAN_POINT ( 'NONE',  ( 14.35325219602774105, 27.47217016667959655, 168.3035999999999888 ) ) ;
#3499 = CARTESIAN_POINT ( 'NONE',  ( 25.97717484237539765, 25.44433514996865142, 168.7485542511579979 ) ) ;
#3500 = VERTEX_POINT ( 'NONE', #3133 ) ;
#3501 = B_SPLINE_CURVE_WITH_KNOTS ( 'NONE', 3,
 ( #6030, #121, #2096, #4071, #2062, #5574, #3507, #2006, #5484, #4598, #152, #5083, #3620, #3562 ),
 .UNSPECIFIED., .F., .F.,
 ( 4, 2, 2, 1, 1, 2, 2, 4 ),
 ( 0.000000000000000000, 0.2500000000003484435, 0.3750000000005050405, 0.4375000000006016854, 0.4687500000006260548, 0.4843750000006189493, 0.5000000000006117329, 1.000000000000000000 ),
 .UNSPECIFIED. ) ;
#3502 = CARTESIAN_POINT ( 'NONE',  ( 23.59882274582189865, 25.27203268868560215, 147.9620702832489769 ) ) ;
#3503 = CARTESIAN_POINT ( 'NONE',  ( 25.18208683212079890, 24.38536267596909823, 155.4263916666664898 ) ) ;
#3504 = CARTESIAN_POINT ( 'NONE',  ( 12.68888432368069985, 24.25096226850995151, 167.5970823614385097 ) ) ;
#3505 = CARTESIAN_POINT ( 'NONE',  ( 24.88297962678710107, 27.03658858417819744, 165.7099754975589860 ) ) ;
#3506 = CARTESIAN_POINT ( 'NONE',  ( 14.43492365595646021, 23.42804229453980014, 168.4008479709760024 ) ) ;
#3507 = CARTESIAN_POINT ( 'NONE',  ( 13.64693334587214757, 24.67767003793081670, 171.6230061836881475 ) ) ;
#3508 = CARTESIAN_POINT ( 'NONE',  ( 15.32284112330039960, 23.31177099289714860, 164.1688014792755155 ) ) ;
#3509 = CARTESIAN_POINT ( 'NONE',  ( 25.05656781724182025, 26.24308240216909027, 161.4236417147390625 ) ) ;
#3510 = B_SPLINE_CURVE_WITH_KNOTS ( 'NONE', 3,
 ( #6098, #5612, #5640, #1661, #2608, #4611, #2110, #4579, #1689, #5553, #1230, #1199, #4179, #4668 ),
 .UNSPECIFIED., .F., .F.,
 ( 4, 2, 2, 1, 1, 2, 2, 4 ),
 ( 0.000000000000000000, 0.2499999999999992784, 0.3749999999999984457, 0.4375000000000136002, 0.4687500000000036082, 0.4843749999999855116, 0.4999999999999674150, 1.000000000000000000 ),
 .UNSPECIFIED. ) ;
#3511 = CARTESIAN_POINT ( 'NONE',  ( 25.53333669844255027, 24.74172340841359841, 159.9991358893999802 ) ) ;
#3512 = EDGE_CURVE ( 'NONE', #4847, #5221, #155, .T. ) ;
#3513 = CARTESIAN_POINT ( 'NONE',  ( 16.35180187652014894, 23.77158413660699665, 168.0226094127874887 ) ) ;
#3514 = CARTESIAN_POINT ( 'NONE',  ( 12.88790096436503951, 25.89535826536454977, 166.2787670138889951 ) ) ;
#3515 = ORIENTED_EDGE ( 'NONE', *, *, #1162, .F. ) ;
#3516 = CARTESIAN_POINT ( 'NONE',  ( 15.94608925287839973, 23.40377986429464841, 165.0609633724230036 ) ) ;
#3517 = CARTESIAN_POINT ( 'NONE',  ( 24.29366480397125017, 27.43777041510549708, 161.7052854166664986 ) ) ;
#3518 = CYLINDRICAL_SURFACE ( 'NONE', #4072, 1.749999999999996891 ) ;
#3519 = CARTESIAN_POINT ( 'NONE',  ( 18.42361092498770248, 29.45100012844470072, 170.1834999999999809 ) ) ;
#3520 = EDGE_CURVE ( 'NONE', #4680, #4529, #6117, .T. ) ;
#3521 = CARTESIAN_POINT ( 'NONE',  ( 21.81497583785079897, 18.06702353170529918, 163.5659041666664848 ) ) ;
#3522 = CARTESIAN_POINT ( 'NONE',  ( 13.66230920796960113, 25.13567240591694940, 171.3092088962389994 ) ) ;
#3523 = CARTESIAN_POINT ( 'NONE',  ( 24.88013315730135133, 27.04051876192014703, 165.6260833333334972 ) ) ;
#3524 = CARTESIAN_POINT ( 'NONE',  ( 25.69315133259889450, 25.95036021895227663, 167.3556625422478135 ) ) ;
#3525 = ORIENTED_EDGE ( 'NONE', *, *, #897, .F. ) ;
#3526 = CARTESIAN_POINT ( 'NONE',  ( 12.05775152699949970, 23.99242989210579680, 163.8973000000000013 ) ) ;
#3527 = B_SPLINE_CURVE_WITH_KNOTS ( 'NONE', 3,
 ( #3386, #5364, #5890, #927, #444, #2422, #4399, #3904, #2229, #720, #4118 ),
 .UNSPECIFIED., .F., .F.,
 ( 4, 1, 1, 1, 1, 1, 1, 1, 4 ),
 ( 0.000000000000000000, 0.1308896622943173937, 0.2575998520776530132, 0.3824328788467895035, 0.5051108615621899833, 0.6277220031422220403, 0.7498776550595189772, 0.8743292168483930427, 1.000000000000000000 ),
 .UNSPECIFIED. ) ;
#3528 = CARTESIAN_POINT ( 'NONE',  ( 24.70002103033244722, 27.23007227158640120, 168.7933994241254823 ) ) ;
#3529 = CARTESIAN_POINT ( 'NONE',  ( 24.30239897042390140, 19.31156209647965127, 159.7983666666665101 ) ) ;
#3530 = CARTESIAN_POINT ( 'NONE',  ( 16.63814445410245213, 29.42502778824384890, 166.5982999999999947 ) ) ;
#3531 = CARTESIAN_POINT ( 'NONE',  ( 25.64538102848954892, 25.43655969687569751, 163.6294293059394818 ) ) ;
#3532 = ORIENTED_EDGE ( 'NONE', *, *, #5891, .F. ) ;
#3533 = CARTESIAN_POINT ( 'NONE',  ( 25.21230961623360045, 25.28131705867500045, 158.5340166666665027 ) ) ;
#3534 = CARTESIAN_POINT ( 'NONE',  ( 24.96038299342065159, 26.00861623471950423, 159.3160708333334981 ) ) ;
#3535 = CARTESIAN_POINT ( 'NONE',  ( 24.02537182381099967, 23.84001455384954937, 148.0199532986110000 ) ) ;
#3536 = CARTESIAN_POINT ( 'NONE',  ( 26.06484575658176084, 24.21840355947110268, 164.4351801291039408 ) ) ;
#3537 = FACE_OUTER_BOUND ( 'NONE', #4702, .T. ) ;
#3538 = CARTESIAN_POINT ( 'NONE',  ( 16.33676743302369871, 23.73307845382305103, 167.1937974883730078 ) ) ;
#3539 = CARTESIAN_POINT ( 'NONE',  ( 13.35759266363890063, 27.00710926716890015, 165.8724148804699894 ) ) ;
#3540 = CARTESIAN_POINT ( 'NONE',  ( 15.71029553442650162, 23.47864773257015258, 167.1635260140675143 ) ) ;
#3541 = CARTESIAN_POINT ( 'NONE',  ( 14.05150129497904032, 25.61169749444395194, 172.7132944983239895 ) ) ;
#3542 = CARTESIAN_POINT ( 'NONE',  ( 25.53333669844255027, 24.74172340841359841, 159.9991358893999802 ) ) ;
#3543 = ORIENTED_EDGE ( 'NONE', *, *, #2492, .T. ) ;
#3544 = CARTESIAN_POINT ( 'NONE',  ( 15.33818732270694873, 23.40161960730919688, 166.1393071396429946 ) ) ;
#3545 = CARTESIAN_POINT ( 'NONE',  ( 24.20328359921539985, 27.31469762304740101, 160.1329416666665111 ) ) ;
#3546 = FACE_OUTER_BOUND ( 'NONE', #2395, .T. ) ;
#3547 = EDGE_CURVE ( 'NONE', #834, #4431, #6054, .T. ) ;
#3548 = CARTESIAN_POINT ( 'NONE',  ( 15.52727835654419941, 23.61206895554910190, 166.0015261435015077 ) ) ;
#3549 = CARTESIAN_POINT ( 'NONE',  ( 15.85422323677219936, 23.72083166333824877, 167.8154570903350020 ) ) ;
#3550 = ORIENTED_EDGE ( 'NONE', *, *, #3811, .T. ) ;
#3551 = CARTESIAN_POINT ( 'NONE',  ( 25.78687742186675180, 24.82371835514904745, 162.8497308606615093 ) ) ;
#3552 = ADVANCED_FACE ( 'NONE', ( #2682 ), #693, .F. ) ;
#3553 = CARTESIAN_POINT ( 'NONE',  ( 23.82488603591605170, 18.91208639580024808, 155.1453499999999792 ) ) ;
#3554 = CARTESIAN_POINT ( 'NONE',  ( 13.38142911246822031, 26.58013081534449995, 166.9964999999999975 ) ) ;
#3555 = CARTESIAN_POINT ( 'NONE',  ( 25.69648764887540082, 25.30355911446800121, 163.6303750668679982 ) ) ;
#3556 = ORIENTED_EDGE ( 'NONE', *, *, #2563, .T. ) ;
#3557 = CARTESIAN_POINT ( 'NONE',  ( 23.86933643195560251, 24.58445373593950123, 148.1105902160932146 ) ) ;
#3558 = CARTESIAN_POINT ( 'NONE',  ( 25.31434102385565055, 23.72942388106709899, 155.4484499999999798 ) ) ;
#3559 = FACE_OUTER_BOUND ( 'NONE', #2798, .T. ) ;
#3560 = B_SPLINE_CURVE_WITH_KNOTS ( 'NONE', 3,
 ( #4965, #1103, #6088, #2990, #36, #2594 ),
 .UNSPECIFIED., .F., .F.,
 ( 4, 1, 1, 4 ),
 ( 9.118031732860920613, 11.00000000000000000, 13.00000000000000000, 13.15991875347725859 ),
 .UNSPECIFIED. ) ;
#3561 = CARTESIAN_POINT ( 'NONE',  ( 15.01436275463289860, 23.48141158895525038, 168.5145366191679841 ) ) ;
#3562 = CARTESIAN_POINT ( 'NONE',  ( 13.64386563674769981, 24.01675634854775154, 171.7906225504664803 ) ) ;
#3563 = CARTESIAN_POINT ( 'NONE',  ( 13.66988613042723166, 25.35934299491643173, 171.0542609241707908 ) ) ;
#3564 = CARTESIAN_POINT ( 'NONE',  ( 12.02779697484448818, 23.00066893914054589, 163.3529544519301453 ) ) ;
#3565 = CARTESIAN_POINT ( 'NONE',  ( 24.96988246672490064, 26.85606770303980184, 164.7042767536105146 ) ) ;
#3566 = CARTESIAN_POINT ( 'NONE',  ( 24.56796885323971935, 27.48185543543602805, 166.2213792455163457 ) ) ;
#3567 = CARTESIAN_POINT ( 'NONE',  ( 13.02999504166222167, 25.51083374260024783, 167.7105999999999995 ) ) ;
#3568 = PLANE ( 'NONE',  #3880 ) ;
#3569 = VERTEX_POINT ( 'NONE', #4133 ) ;
#3570 = CARTESIAN_POINT ( 'NONE',  ( 14.56360777005911977, 23.44395047774274943, 164.0468687176609990 ) ) ;
#3571 = CARTESIAN_POINT ( 'NONE',  ( 24.91274088504204798, 26.47657567452444738, 161.2801401600420093 ) ) ;
#3572 = AXIS2_PLACEMENT_3D ( 'NONE', #1453, #5447, #1043 ) ;
#3573 = CARTESIAN_POINT ( 'NONE',  ( 14.54973424358458090, 23.44019589801949977, 168.4585029262439946 ) ) ;
#3574 = FACE_OUTER_BOUND ( 'NONE', #4397, .T. ) ;
#3575 = CARTESIAN_POINT ( 'NONE',  ( 25.64046204319499722, 24.87017989762959758, 161.5412971671450180 ) ) ;
#3576 = CARTESIAN_POINT ( 'NONE',  ( 25.36322506575140068, 26.49291985567970187, 169.0151373651390259 ) ) ;
#3577 = EDGE_CURVE ( 'NONE', #3039, #882, #1635, .T. ) ;
#3578 = CARTESIAN_POINT ( 'NONE',  ( 15.04954222492639992, 23.70757624504945227, 169.0115765777040338 ) ) ;
#3579 = ORIENTED_EDGE ( 'NONE', *, *, #2920, .F. ) ;
#3580 = CARTESIAN_POINT ( 'NONE',  ( 26.39740404052680134, 23.53601567791200111, 169.1930916666665041 ) ) ;
#3581 = CARTESIAN_POINT ( 'NONE',  ( 25.62023805803129761, 21.65156217503370328, 163.0379875000000141 ) ) ;
#3582 = CARTESIAN_POINT ( 'NONE',  ( 14.57378963262092064, 28.38674311988964760, 165.6755765699720087 ) ) ;
#3583 = CARTESIAN_POINT ( 'NONE',  ( 24.61617259436644645, 27.34506982900920136, 167.2222291666665228 ) ) ;
#3584 = CARTESIAN_POINT ( 'NONE',  ( 23.57030879419594882, 18.53881829061925046, 155.9915979166665068 ) ) ;
#3585 = CARTESIAN_POINT ( 'NONE',  ( 12.80967748721622002, 25.90306734463234761, 165.8953175347220110 ) ) ;
#3586 = CARTESIAN_POINT ( 'NONE',  ( 25.87308661448405189, 25.34397646773034651, 165.5955104166665137 ) ) ;
#3587 = EDGE_CURVE ( 'NONE', #1694, #1785, #777, .T. ) ;
#3588 = ORIENTED_EDGE ( 'NONE', *, *, #648, .F. ) ;
#3589 = CARTESIAN_POINT ( 'NONE',  ( 24.63807238432254820, 25.03025939781999654, 153.0825541666664833 ) ) ;
#3590 = B_SPLINE_SURFACE_WITH_KNOTS ( 'NONE', 3, 1, ( 
 ( #5630, #4717 ),
 ( #5661, #1282 ),
 ( #178, #6247 ),
 ( #1163, #1678 ),
 ( #272, #1251 ),
 ( #4686, #238 ),
 ( #308, #2687 ),
 ( #1219, #1799 ),
 ( #5111, #2778 ),
 ( #6179, #5141 ),
 ( #3193, #5721 ),
 ( #3137, #5169 ),
 ( #3651, #2218 ),
 ( #3261, #2714 ),
 ( #4199, #672 ),
 ( #2250, #2654 ) ),
 .UNSPECIFIED., .F., .F., .F.,
 ( 4, 2, 2, 2, 2, 2, 2, 4 ),
 ( 2, 2 ),
 ( 0.000000000000000000, 0.2500000000000000000, 0.3750000000000000000, 0.5000000000000000000, 0.6250000000000000000, 0.7500000000000000000, 0.8750000000000000000, 1.000000000000000000 ),
 ( 0.000000000000000000, 1.000000000000000000 ),
 .UNSPECIFIED. ) ;
#3591 = CARTESIAN_POINT ( 'NONE',  ( 24.14895820940380133, 27.82931995264920033, 165.7420048071720089 ) ) ;
#3592 = CARTESIAN_POINT ( 'NONE',  ( 14.91272145977113972, 23.69669509503080107, 169.0230145207034980 ) ) ;
#3593 = CARTESIAN_POINT ( 'NONE',  ( 16.27007731371704935, 23.40186213835665185, 164.4179680754224933 ) ) ;
#3594 = CARTESIAN_POINT ( 'NONE',  ( 13.45614174453850431, 25.62514225609271534, 169.6084629900474283 ) ) ;
#3595 = CARTESIAN_POINT ( 'NONE',  ( 12.02543675980457571, 22.99970235649060157, 163.3358233701465849 ) ) ;
#3596 = CARTESIAN_POINT ( 'NONE',  ( 18.48969500180595205, 29.95358970999765091, 165.1952923548905119 ) ) ;
#3597 = LINE ( 'NONE', #4079, #5964 ) ;
#3598 = CARTESIAN_POINT ( 'NONE',  ( 12.69150289987055835, 25.65977856716125061, 165.7808532986109924 ) ) ;
#3599 = CARTESIAN_POINT ( 'NONE',  ( 13.65895377041561964, 25.48691243590975120, 170.7829833333335046 ) ) ;
#3600 = VERTEX_POINT ( 'NONE', #2801 ) ;
#3601 = CARTESIAN_POINT ( 'NONE',  ( 20.28360985749154821, 29.91284449608589924, 165.0157630222465173 ) ) ;
#3602 = CARTESIAN_POINT ( 'NONE',  ( 23.37430205010215190, 27.24536780244424961, 153.1167750000000183 ) ) ;
#3603 = CARTESIAN_POINT ( 'NONE',  ( 13.86401578253293998, 23.19846184502385000, 164.3510267890505077 ) ) ;
#3604 = CARTESIAN_POINT ( 'NONE',  ( 14.16316638167410069, 23.39428737106524991, 168.1534219948829900 ) ) ;
#3605 = PLANE ( 'NONE',  #3477 ) ;
#3606 = CARTESIAN_POINT ( 'NONE',  ( 14.99777964169054023, 23.68052187121190144, 168.5055869898560275 ) ) ;
#3607 = CARTESIAN_POINT ( 'NONE',  ( 25.43591931076649715, 26.39690965685120005, 167.8358479166664949 ) ) ;
#3608 = CARTESIAN_POINT ( 'NONE',  ( 25.04869060706525019, 26.74632424468689962, 164.7434600112035241 ) ) ;
#3609 = ORIENTED_EDGE ( 'NONE', *, *, #3435, .T. ) ;
#3610 = CARTESIAN_POINT ( 'NONE',  ( 25.56357920929084671, 21.13422544416080129, 165.8410999999999831 ) ) ;
#3611 = CARTESIAN_POINT ( 'NONE',  ( 12.23037901663600202, 20.45487796771410061, 161.2895104214475168 ) ) ;
#3612 = CARTESIAN_POINT ( 'NONE',  ( 22.89253730250004892, 18.50665912164150129, 152.1544333333335146 ) ) ;
#3613 = CARTESIAN_POINT ( 'NONE',  ( 17.93627357205810213, 29.90644443866434798, 165.1248991857669921 ) ) ;
#3614 = CARTESIAN_POINT ( 'NONE',  ( 12.54202632751090007, 25.12764412627479871, 165.5520899357454994 ) ) ;
#3615 = ORIENTED_EDGE ( 'NONE', *, *, #5197, .F. ) ;
#3616 = CARTESIAN_POINT ( 'NONE',  ( 14.39494912972062046, 23.65004864876149782, 168.9446302624479870 ) ) ;
#3617 = ADVANCED_FACE ( 'NONE', ( #2272 ), #6123, .T. ) ;
#3618 = CARTESIAN_POINT ( 'NONE',  ( 25.77985232632129708, 22.29911786449439859, 162.0600666666665006 ) ) ;
#3619 = CARTESIAN_POINT ( 'NONE',  ( 24.19927415495304857, 27.85583874322744791, 166.2387593334420046 ) ) ;
#3620 = CARTESIAN_POINT ( 'NONE',  ( 13.64242118292096073, 24.22830877235563207, 171.7794753236767065 ) ) ;
#3621 = EDGE_CURVE ( 'NONE', #2213, #3569, #3415, .T. ) ;
#3622 = CARTESIAN_POINT ( 'NONE',  ( 13.66616702448514076, 25.22939381083784838, 171.2208056647610306 ) ) ;
#3623 = CARTESIAN_POINT ( 'NONE',  ( 25.29254702771255126, 26.57056731398500204, 169.1524904877649931 ) ) ;
#3624 = CARTESIAN_POINT ( 'NONE',  ( 14.13534383579359854, 27.95994209460890190, 165.7427708481959883 ) ) ;
#3625 = CARTESIAN_POINT ( 'NONE',  ( 13.35490772301229079, 23.42453492313844876, 170.3240195220378723 ) ) ;
#3626 = CARTESIAN_POINT ( 'NONE',  ( 12.68888432368069985, 24.25096226850995151, 167.5970823614385097 ) ) ;
#3627 = CARTESIAN_POINT ( 'NONE',  ( 13.17757633148099927, 25.50454849922304845, 168.4807833333335054 ) ) ;
#3628 = EDGE_LOOP ( 'NONE', ( #2895, #3640, #938, #4460 ) ) ;
#3629 = CARTESIAN_POINT ( 'NONE',  ( 19.61234131004014714, 29.98172394018349962, 165.0800783136824919 ) ) ;
#3630 = CARTESIAN_POINT ( 'NONE',  ( 13.47305877476170011, 21.00896940722440220, 168.1968302788875178 ) ) ;
#3631 = CARTESIAN_POINT ( 'NONE',  ( 24.50885695266214981, 26.40008103318879762, 156.9755999999999858 ) ) ;
#3632 = CARTESIAN_POINT ( 'NONE',  ( 14.32862942599812150, 23.42625197414519889, 164.0885149533590095 ) ) ;
#3633 = CARTESIAN_POINT ( 'NONE',  ( 13.65895377041561964, 25.48691243590975120, 170.7829833333335046 ) ) ;
#3634 = CARTESIAN_POINT ( 'NONE',  ( 14.52240897932039942, 23.54395711021534865, 166.3481431392635272 ) ) ;
#3635 = B_SPLINE_CURVE_WITH_KNOTS ( 'NONE', 3,
 ( #3623, #5602, #1221, #180, #4539, #2161, #6150 ),
 .UNSPECIFIED., .F., .F.,
 ( 4, 1, 1, 1, 4 ),
 ( 0.2102543835774539904, 0.2500000000000000000, 0.5000000000000000000, 0.7500000000000000000, 1.000000000000000000 ),
 .UNSPECIFIED. ) ;
#3636 = CARTESIAN_POINT ( 'NONE',  ( 15.87304195299205034, 23.71507951987960183, 167.6526141665345051 ) ) ;
#3637 = CARTESIAN_POINT ( 'NONE',  ( 25.86911220875844819, 25.71242879155740368, 169.1412211805555046 ) ) ;
#3638 = CARTESIAN_POINT ( 'NONE',  ( 25.72184026602234752, 25.71279898197839842, 165.5937749999999937 ) ) ;
#3639 = CARTESIAN_POINT ( 'NONE',  ( 15.38550427471009918, 23.50779356298489731, 168.4137772001970177 ) ) ;
#3640 = ORIENTED_EDGE ( 'NONE', *, *, #6007, .F. ) ;
#3641 = CARTESIAN_POINT ( 'NONE',  ( 25.87366395817524989, 24.91919109956269907, 164.0270000000000152 ) ) ;
#3642 = CARTESIAN_POINT ( 'NONE',  ( 24.43342901695045200, 27.52128304872355002, 167.2343874999999969 ) ) ;
#3643 = CARTESIAN_POINT ( 'NONE',  ( 23.72911932814740155, 19.12463849651290104, 162.6178854166664962 ) ) ;
#3644 = CARTESIAN_POINT ( 'NONE',  ( 13.03733492909779912, 25.88285903130095278, 167.0473968750000040 ) ) ;
#3645 = CARTESIAN_POINT ( 'NONE',  ( 19.33677496360954962, 29.96399058013754768, 164.6056702529729989 ) ) ;
#3646 = ORIENTED_EDGE ( 'NONE', *, *, #4571, .F. ) ;
#3647 = CARTESIAN_POINT ( 'NONE',  ( 14.64651090824333934, 23.67379697573474573, 169.0068516888455008 ) ) ;
#3648 = CARTESIAN_POINT ( 'NONE',  ( 25.51557213712370142, 23.28758092235440103, 157.0318000000000040 ) ) ;
#3649 = DIRECTION ( 'NONE',  ( 0.1006318910984300291, 0.05303758115645531429, 0.9935090525400491757 ) ) ;
#3650 = ADVANCED_FACE ( 'NONE', ( #780 ), #2184, .T. ) ;
#3651 = CARTESIAN_POINT ( 'NONE',  ( 13.64825477043044089, 26.98901467386374975, 167.3537398993219938 ) ) ;
#3652 = CARTESIAN_POINT ( 'NONE',  ( 25.58488676778014792, 25.09311863218804817, 161.7571043372734891 ) ) ;
#3653 = DIRECTION ( 'NONE',  ( 0.1006318910984302095, 0.05303758115645541144, 0.9935090525400490646 ) ) ;
#3654 = FACE_OUTER_BOUND ( 'NONE', #5982, .T. ) ;
#3655 = CARTESIAN_POINT ( 'NONE',  ( 25.79760597260975175, 25.32631611242520009, 164.7021015770864949 ) ) ;
#3656 = ORIENTED_EDGE ( 'NONE', *, *, #2397, .T. ) ;
#3657 = ADVANCED_FACE ( 'NONE', ( #466 ), #4418, .T. ) ;
#3658 = CARTESIAN_POINT ( 'NONE',  ( 14.34327594374854087, 23.40378167282895205, 163.5614592808865098 ) ) ;
#3659 = CARTESIAN_POINT ( 'NONE',  ( 23.91578277108754946, 27.02072721837064861, 155.4320250000000101 ) ) ;
#3660 = AXIS2_PLACEMENT_3D ( 'NONE', #4638, #6132, #5555 ) ;
#3661 = CARTESIAN_POINT ( 'NONE',  ( 24.67163388462429907, 24.47191691157390281, 152.3173625000000015 ) ) ;
#3662 = CARTESIAN_POINT ( 'NONE',  ( 15.83491849286989783, 23.42099522592864957, 165.6499612626475084 ) ) ;
#3663 = LINE ( 'NONE', #5098, #3751 ) ;
#3664 = CARTESIAN_POINT ( 'NONE',  ( 26.15937044169270109, 25.14679506988684921, 170.3222124999999778 ) ) ;
#3665 = CARTESIAN_POINT ( 'NONE',  ( 25.40821547880629794, 26.06550038781689693, 164.1551916666664965 ) ) ;
#3666 = CARTESIAN_POINT ( 'NONE',  ( 15.59422656507880056, 23.71882968153580151, 168.2526750882044837 ) ) ;
#3667 = ORIENTED_EDGE ( 'NONE', *, *, #5020, .T. ) ;
#3668 = CARTESIAN_POINT ( 'NONE',  ( 25.60094121328885208, 25.07627191324520055, 161.8870946624249996 ) ) ;
#3669 = CARTESIAN_POINT ( 'NONE',  ( 23.83744473925720442, 18.71452324573700210, 158.3182312499999966 ) ) ;
#3670 = FACE_OUTER_BOUND ( 'NONE', #849, .T. ) ;
#3671 = CARTESIAN_POINT ( 'NONE',  ( 25.25986464683550281, 26.62068736118704848, 168.7635394121354864 ) ) ;
#3672 = ORIENTED_EDGE ( 'NONE', *, *, #4378, .T. ) ;
#3673 = CARTESIAN_POINT ( 'NONE',  ( 13.44508199223141887, 23.52779562310040262, 167.9848049864265249 ) ) ;
#3674 = CARTESIAN_POINT ( 'NONE',  ( 13.90384672672417921, 24.53598750156364616, 173.1614860531284990 ) ) ;
#3675 = CARTESIAN_POINT ( 'NONE',  ( 25.53333669844255027, 24.74172340841359841, 159.9991358893999802 ) ) ;
#3676 = DIRECTION ( 'NONE',  ( 0.000000000000000000, -0.04490276582358716101, -0.9989913621355253071 ) ) ;
#3677 = CARTESIAN_POINT ( 'NONE',  ( 25.52376033711020042, 25.23375914380384799, 161.6245314001809845 ) ) ;
#3678 = FACE_OUTER_BOUND ( 'NONE', #5091, .T. ) ;
#3679 = B_SPLINE_SURFACE_WITH_KNOTS ( 'NONE', 3, 3, ( 
 ( #2570, #3056, #674, #4139 ),
 ( #583, #2131, #2688, #6120 ),
 ( #1680, #3652, #91, #3111 ),
 ( #2595, #5400, #6418, #3942 ) ),
 .UNSPECIFIED., .F., .F., .F.,
 ( 4, 4 ),
 ( 4, 4 ),
 ( 0.000000000000000000, 1.000000000000000000 ),
 ( 0.000000000000000000, 1.000000000000000000 ),
 .UNSPECIFIED. ) ;
#3680 = CARTESIAN_POINT ( 'NONE',  ( 14.20899756579946072, 25.89773114271559962, 173.0846274971034973 ) ) ;
#3681 = CARTESIAN_POINT ( 'NONE',  ( 14.11121976278834111, 22.34505372797324796, 173.6048473958335023 ) ) ;
#3682 = CARTESIAN_POINT ( 'NONE',  ( 14.05592165717392028, 23.18306619265109703, 163.6529163684995183 ) ) ;
#3683 = CARTESIAN_POINT ( 'NONE',  ( 13.72983355728138122, 20.70736560597104869, 168.5786594557364992 ) ) ;
#3684 = CARTESIAN_POINT ( 'NONE',  ( 24.03524381498765194, 25.79789917457840076, 151.5278604166664991 ) ) ;
#3685 = CARTESIAN_POINT ( 'NONE',  ( 13.48439457421518028, 23.40004052573664950, 165.0696810664624934 ) ) ;
#3686 = CARTESIAN_POINT ( 'NONE',  ( 14.34900371291304033, 23.41816503342860045, 168.3403042200129960 ) ) ;
#3687 = EDGE_CURVE ( 'NONE', #23, #2940, #1458, .T. ) ;
#3688 = CARTESIAN_POINT ( 'NONE',  ( 25.14741780634319923, 24.51471521592664615, 155.4231791666665004 ) ) ;
#3689 = CARTESIAN_POINT ( 'NONE',  ( 25.53969128280899881, 25.18032466830525351, 161.5868971640974792 ) ) ;
#3690 = CARTESIAN_POINT ( 'NONE',  ( 25.43438163789799944, 25.48214467580824660, 161.6652193674599971 ) ) ;
#3691 = CARTESIAN_POINT ( 'NONE',  ( 26.17409586084110273, 25.17547718266470014, 171.1066624999999988 ) ) ;
#3692 = CARTESIAN_POINT ( 'NONE',  ( 25.92566096307600176, 25.54469953105364866, 168.3533448163254889 ) ) ;
#3693 = B_SPLINE_CURVE_WITH_KNOTS ( 'NONE', 3,
 ( #4826, #2788, #6261, #1328 ),
 .UNSPECIFIED., .F., .F.,
 ( 4, 4 ),
 ( 0.000000000000000000, 1.000000000000000000 ),
 .UNSPECIFIED. ) ;
#3694 = CARTESIAN_POINT ( 'NONE',  ( 13.02646372678787756, 24.63347243302725076, 168.7858006944445037 ) ) ;
#3695 = ORIENTED_EDGE ( 'NONE', *, *, #4329, .T. ) ;
#3696 = EDGE_CURVE ( 'NONE', #4482, #2264, #3597, .T. ) ;
#3697 = CARTESIAN_POINT ( 'NONE',  ( 18.71894137962905091, 29.91085122389520023, 166.6841537248444922 ) ) ;
#3698 = CARTESIAN_POINT ( 'NONE',  ( 25.12861086988425185, 26.77597180694249701, 168.6401054062129958 ) ) ;
#3699 = CARTESIAN_POINT ( 'NONE',  ( 14.53315113064222075, 23.63930618027615083, 168.4495532969314695 ) ) ;
#3700 = EDGE_LOOP ( 'NONE', ( #1813, #4710, #323, #2808 ) ) ;
#3701 = CARTESIAN_POINT ( 'NONE',  ( 26.21770299369745061, 24.33784554043508308, 166.8092759686755926 ) ) ;
#3702 = CARTESIAN_POINT ( 'NONE',  ( 13.74369083076446074, 23.57552759580624624, 168.4934363838110016 ) ) ;
#3703 = DIRECTION ( 'NONE',  ( -0.07830366880594487322, 0.9969295539061567846, 0.000000000000000000 ) ) ;
#3704 = CARTESIAN_POINT ( 'NONE',  ( 25.58838818260420211, 22.02865889883655015, 159.4675999999999760 ) ) ;
#3705 = CARTESIAN_POINT ( 'NONE',  ( 13.41404982048173977, 22.56361421015589741, 170.1199166666665121 ) ) ;
#3706 = B_SPLINE_CURVE_WITH_KNOTS ( 'NONE', 3,
 ( #1816, #5249, #3824, #816, #3309, #2537, #2792, #1396, #3856, #324, #852, #4797, #364, #4315, #1851, #2863, #3138, #5084, #2189, #673, #4138, #710, #3080, #4655, #209, #631, #6019, #1572, #2050, #1122, #6045, #1545, #3008, #540, #3096, #5506 ),
 .UNSPECIFIED., .F., .F.,
 ( 4, 1, 1, 2, 2, 2, 1, 1, 2, 2, 1, 2, 2, 1, 1, 2, 2, 1, 1, 1, 2, 2, 4 ),
 ( 0.000000000000000000, 0.1249999999999961142, 0.1874999999999940048, 0.2187499999999935330, 0.2499999999999930611, 0.3749999999999910072, 0.4374999999999895084, 0.4687499999999886202, 0.4843749999999888978, 0.4999999999999891198, 0.5624999999999905631, 0.5937499999999917843, 0.6249999999999928946, 0.6874999999999951150, 0.7187499999999972244, 0.7343749999999982236, 0.7499999999999993339, 0.8125000000000019984, 0.8437500000000034417, 0.8593750000000034417, 0.8671875000000041078, 0.8750000000000047740, 1.000000000000000000 ),
 .UNSPECIFIED. ) ;
#3707 = CARTESIAN_POINT ( 'NONE',  ( 26.29373589270379696, 24.44983606862279757, 169.1599435541239984 ) ) ;
#3708 = CARTESIAN_POINT ( 'NONE',  ( 15.92470856490920283, 23.60080254544845246, 165.0144586551199950 ) ) ;
#3709 = CARTESIAN_POINT ( 'NONE',  ( 13.23169022349230062, 22.19317710068114735, 168.9719654513890248 ) ) ;
#3710 = CARTESIAN_POINT ( 'NONE',  ( 16.40698956080565196, 23.75310082115484889, 167.5091354354950113 ) ) ;
#3711 = CARTESIAN_POINT ( 'NONE',  ( 13.85115142485894069, 20.64190852140369969, 168.9626649934315026 ) ) ;
#3712 = CARTESIAN_POINT ( 'NONE',  ( 24.64111057546515227, 26.17209953398829825, 156.9722000000000151 ) ) ;
#3713 = CARTESIAN_POINT ( 'NONE',  ( 25.42388425155530030, 25.48102369095919784, 161.5345139829805134 ) ) ;
#3714 = CARTESIAN_POINT ( 'NONE',  ( 21.20666956277334947, 29.64989411923460239, 165.5656260416664907 ) ) ;
#3715 = CARTESIAN_POINT ( 'NONE',  ( 13.17757633148099927, 25.50454849922304845, 168.4807833333335054 ) ) ;
#3716 = CARTESIAN_POINT ( 'NONE',  ( 24.96131453094870167, 26.98043599155329986, 167.2010833333334858 ) ) ;
#3717 = CARTESIAN_POINT ( 'NONE',  ( 25.40288947886985227, 25.47878172126105056, 161.2731032140220009 ) ) ;
#3718 = CARTESIAN_POINT ( 'NONE',  ( 13.14208954365200022, 25.13374134667270354, 168.8260475291635032 ) ) ;
#3719 = EDGE_LOOP ( 'NONE', ( #4543, #4867, #3821, #4058, #4574, #51, #2845, #6393, #2707, #1461, #5326, #4502, #1363, #3750, #3748, #452, #1481 ) ) ;
#3720 = CARTESIAN_POINT ( 'NONE',  ( 15.81527790477900020, 23.69664899455860052, 167.3496072744420076 ) ) ;
#3721 = ORIENTED_EDGE ( 'NONE', *, *, #6047, .F. ) ;
#3722 = CARTESIAN_POINT ( 'NONE',  ( 22.54081230904629862, 29.14113667579685085, 164.6319916666664938 ) ) ;
#3723 = CARTESIAN_POINT ( 'NONE',  ( 23.73283590030064616, 19.14611897243340266, 162.7465541666664990 ) ) ;
#3724 = CARTESIAN_POINT ( 'NONE',  ( 25.05777523192490008, 26.85425954182405306, 168.6438669700199853 ) ) ;
#3725 = CARTESIAN_POINT ( 'NONE',  ( 25.65739391705694672, 25.43851448726720221, 163.7603894097220234 ) ) ;
#3726 = ORIENTED_EDGE ( 'NONE', *, *, #4932, .F. ) ;
#3727 = EDGE_CURVE ( 'NONE', #2136, #3808, #1495, .T. ) ;
#3728 = CARTESIAN_POINT ( 'NONE',  ( 12.54202632751090007, 25.12764412627479871, 165.5520899357454994 ) ) ;
#3729 = CARTESIAN_POINT ( 'NONE',  ( 24.73831123757810246, 20.05708589598054914, 161.1370666666664988 ) ) ;
#3730 = CARTESIAN_POINT ( 'NONE',  ( 11.84777622187313817, 24.93724198009386228, 162.1934127365460370 ) ) ;
#3731 = CARTESIAN_POINT ( 'NONE',  ( 13.87165198389939924, 24.85827000587584834, 172.7555377068109976 ) ) ;
#3732 = CARTESIAN_POINT ( 'NONE',  ( 15.71029553442650162, 23.47864773257015258, 167.1635260140675143 ) ) ;
#3733 = DIRECTION ( 'NONE',  ( 0.1009243121725376807, 0.05306054735879035811, 0.9934781635881514417 ) ) ;
#3734 = CARTESIAN_POINT ( 'NONE',  ( 21.10952948780684935, 29.68321150991624791, 164.4410982270999853 ) ) ;
#3735 = CARTESIAN_POINT ( 'NONE',  ( 26.28512859159225101, 22.70319229495800073, 168.0550000000000068 ) ) ;
#3736 = CARTESIAN_POINT ( 'NONE',  ( 14.60970054168920029, 23.44762340391149991, 164.0431764673519979 ) ) ;
#3737 = CARTESIAN_POINT ( 'NONE',  ( 13.17757633148099927, 25.50454849922304845, 168.4807833333335054 ) ) ;
#3738 = CARTESIAN_POINT ( 'NONE',  ( 13.92971037141900048, 22.67148467625785102, 172.8141749999999774 ) ) ;
#3739 = CARTESIAN_POINT ( 'NONE',  ( 12.93089389652861954, 20.97373019412400197, 165.5991770833335011 ) ) ;
#3740 = CARTESIAN_POINT ( 'NONE',  ( 23.23746107463184885, 26.75886641234300356, 150.3903679452999995 ) ) ;
#3741 = CARTESIAN_POINT ( 'NONE',  ( 23.91512398142695162, 25.74071144097745290, 150.7488749999999982 ) ) ;
#3742 = CARTESIAN_POINT ( 'NONE',  ( 15.39436469004314922, 23.49524134043599943, 163.6486401922834659 ) ) ;
#3743 = PRODUCT_DEFINITION_FORMATION_WITH_SPECIFIED_SOURCE ( 'ANY', '', #4257, .NOT_KNOWN. ) ;
#3744 = CARTESIAN_POINT ( 'NONE',  ( 24.70348438089159870, 24.34254557786504947, 152.3207520833335025 ) ) ;
#3745 = CARTESIAN_POINT ( 'NONE',  ( 25.43159107834715016, 25.10338674764480160, 160.0916967142449892 ) ) ;
#3746 = CARTESIAN_POINT ( 'NONE',  ( 25.36196376699259858, 25.46974679384749862, 160.7496506944444832 ) ) ;
#3747 = CARTESIAN_POINT ( 'NONE',  ( 17.17086455690170155, 24.51273174164184709, 165.1160644380425140 ) ) ;
#3748 = ORIENTED_EDGE ( 'NONE', *, *, #1968, .T. ) ;
#3749 = CARTESIAN_POINT ( 'NONE',  ( 13.12812835653016030, 25.13411620952940240, 168.7590637152779891 ) ) ;
#3750 = ORIENTED_EDGE ( 'NONE', *, *, #2785, .T. ) ;
#3751 = VECTOR ( 'NONE', #4152, 1000.000000000000000 ) ;
#3752 = B_SPLINE_CURVE_WITH_KNOTS ( 'NONE', 3,
 ( #4762, #5916, #5318, #1919 ),
 .UNSPECIFIED., .F., .F.,
 ( 4, 4 ),
 ( 0.000000000000000000, 1.000000000000000000 ),
 .UNSPECIFIED. ) ;
#3753 = CARTESIAN_POINT ( 'NONE',  ( 13.39208318212910065, 23.51659648109065159, 167.8338513518430091 ) ) ;
#3754 = CARTESIAN_POINT ( 'NONE',  ( 21.30569061431319966, 29.67788702773844989, 164.7618158262234829 ) ) ;
#3755 = CARTESIAN_POINT ( 'NONE',  ( 23.14816409051914903, 18.71766648778619668, 163.1042625000000044 ) ) ;
#3756 = VECTOR ( 'NONE', #2457, 1000.000000000000114 ) ;
#3757 = CARTESIAN_POINT ( 'NONE',  ( 25.21924752861045249, 26.68110579431544949, 167.8458173611110169 ) ) ;
#3758 = CARTESIAN_POINT ( 'NONE',  ( 25.59621200836924970, 26.16871235682695129, 169.1466225011405129 ) ) ;
#3759 = ORIENTED_EDGE ( 'NONE', *, *, #1607, .F. ) ;
#3760 = CARTESIAN_POINT ( 'NONE',  ( 25.92779372108685010, 25.37266354266665047, 166.1962407611080152 ) ) ;
#3761 = CARTESIAN_POINT ( 'NONE',  ( 25.82713415026784887, 24.34594552697354786, 162.0751945382189945 ) ) ;
#3762 = CARTESIAN_POINT ( 'NONE',  ( 23.68398581657005053, 28.29570695875525033, 163.7289375000000007 ) ) ;
#3763 = VECTOR ( 'NONE', #617, 1000.000000000000000 ) ;
#3764 = EDGE_CURVE ( 'NONE', #815, #1331, #5515, .T. ) ;
#3765 = CARTESIAN_POINT ( 'NONE',  ( 25.18588842235934777, 20.83519118907105039, 161.9534374999999784 ) ) ;
#3766 = CARTESIAN_POINT ( 'NONE',  ( 11.79126001950246838, 24.74555211364940277, 161.9738296838187637 ) ) ;
#3767 = CARTESIAN_POINT ( 'NONE',  ( 13.81321189030233931, 25.04461942120499884, 172.2260666666664974 ) ) ;
#3768 = FACE_OUTER_BOUND ( 'NONE', #1020, .T. ) ;
#3769 = CARTESIAN_POINT ( 'NONE',  ( 13.92132918623456028, 23.55815891584065369, 167.7778671173520024 ) ) ;
#3770 = DIRECTION ( 'NONE',  ( -0.9914626728336710659, -0.07787427352598338959, 0.1045818621956664113 ) ) ;
#3771 = ORIENTED_EDGE ( 'NONE', *, *, #5487, .T. ) ;
#3772 = CARTESIAN_POINT ( 'NONE',  ( 24.20430832400320043, 24.54846781641860076, 149.9752166666665687 ) ) ;
#3773 = CARTESIAN_POINT ( 'NONE',  ( 25.57783977228125138, 25.22179548692190210, 162.1874827656459956 ) ) ;
#3774 = B_SPLINE_SURFACE_WITH_KNOTS ( 'NONE', 3, 3, ( 
 ( #2076, #222, #1229, #3714, #2140, #685, #1048, #4998, #4278, #5744, #820 ),
 ( #230, #4188, #1729, #5682, #1240, #5190, #2901, #5322, #2455, #4832, #4905 ),
 ( #3380, #439, #3898, #5465, #5955, #5884, #1368, #476, #3829, #3935, #3489 ),
 ( #2380, #4428, #1888, #1507, #4977, #6342, #1435, #5358, #4945, #6410, #5426 ),
 ( #4357, #1985, #2866, #3345, #2485, #3860, #994, #2417, #5920, #5847, #1028 ),
 ( #3966, #4393, #3420, #5393, #2936, #1400, #1957, #1468, #3453, #2972, #4320 ),
 ( #6308, #5705, #4244, #4794, #361, #6164, #3208, #5183, #2335, #255, #1264 ),
 ( #5738, #3274, #3240, #5218, #786, #2760, #4732, #288, #6404, #2373, #2448 ),
 ( #919, #5314, #2860, #2896, #5947, #4866, #435, #5839, #4422, #1429, #3339 ) ),
 .UNSPECIFIED., .F., .F., .F.,
 ( 4, 1, 1, 1, 1, 1, 4 ),
 ( 4, 1, 1, 1, 1, 1, 1, 1, 4 ),
 ( 0.000000000000000000, 1.000000000000000000, 2.000000000000000000, 3.000000000000000000, 4.000000000000000000, 5.000000000000000000, 6.000000000000000000 ),
 ( 0.000000000000000000, 1.000000000000000000, 2.000000000000000000, 3.000000000000000000, 5.000000000000000000, 7.000000000000000000, 9.000000000000000000, 11.00000000000000000, 12.00000000000000000 ),
 .UNSPECIFIED. ) ;
#3775 = CARTESIAN_POINT ( 'NONE',  ( 15.08133972393219935, 23.48839974130289932, 164.0764451324365041 ) ) ;
#3777 = EDGE_CURVE ( 'NONE', #5740, #815, #1138, .T. ) ;
#3776 = CARTESIAN_POINT ( 'NONE',  ( 14.45075816903345967, 23.41215282306974999, 163.5485416739220170 ) ) ;
#3778 = CARTESIAN_POINT ( 'NONE',  ( 25.64239591272600194, 25.00344588340899676, 162.0600680238115103 ) ) ;
#3779 = CARTESIAN_POINT ( 'NONE',  ( 18.58789934348584794, 29.41645007127874933, 171.6099166666664928 ) ) ;
#3780 = CARTESIAN_POINT ( 'NONE',  ( 14.05810919242489909, 22.30985626822105061, 173.2106651041664804 ) ) ;
#3781 = CARTESIAN_POINT ( 'NONE',  ( 25.93465661954890322, 24.13717020652410028, 162.8691425700114905 ) ) ;
#3782 = CARTESIAN_POINT ( 'NONE',  ( 15.26436708615170090, 23.52376039521364959, 168.9934651370045060 ) ) ;
#3783 = CARTESIAN_POINT ( 'NONE',  ( 23.38342410866460241, 26.32843225039365365, 149.7281337904732084 ) ) ;
#3784 = CARTESIAN_POINT ( 'NONE',  ( 25.59650317479820103, 25.03336947059264972, 161.6486347734969797 ) ) ;
#3785 = CARTESIAN_POINT ( 'NONE',  ( 14.94112213663139954, 23.37477944410549924, 166.2779077801380083 ) ) ;
#3786 = CARTESIAN_POINT ( 'NONE',  ( 12.27830091605293816, 20.46400674287299992, 161.5452747482245002 ) ) ;
#3787 = CARTESIAN_POINT ( 'NONE',  ( 16.26872121564004914, 23.72102267173394807, 167.0516673484495129 ) ) ;
#3788 = ORIENTED_EDGE ( 'NONE', *, *, #578, .F. ) ;
#3789 = CARTESIAN_POINT ( 'NONE',  ( 13.04583674160086026, 25.01125759538459903, 168.5097010416665171 ) ) ;
#3790 = B_SPLINE_CURVE_WITH_KNOTS ( 'NONE', 3,
 ( #1357, #974, #317, #3233, #2985, #1769, #2952, #4922, #4441, #1485, #5212, #778, #2755, #3742, #1290, #3268, #5242, #2291, #6241 ),
 .UNSPECIFIED., .F., .F.,
 ( 4, 1, 1, 1, 1, 1, 1, 1, 1, 1, 1, 1, 1, 1, 1, 1, 4 ),
 ( 0.000000000000000000, 0.08033134795247209858, 0.1603603037724145031, 0.2414045058051015047, 0.3250970307164425255, 0.3672076464439419929, 0.4088138825349335037, 0.4497877407508195091, 0.4908888529256529853, 0.5317569719763249880, 0.5725812567787199603, 0.6138905780211160179, 0.6558965400905569787, 0.7399368754321949959, 0.8243280078377839271, 0.9106878513628290372, 1.000000000000000000 ),
 .UNSPECIFIED. ) ;
#3791 = ORIENTED_EDGE ( 'NONE', *, *, #4537, .F. ) ;
#3792 = CARTESIAN_POINT ( 'NONE',  ( 15.45469936171145164, 23.53702685430409858, 168.9359417256785036 ) ) ;
#3793 = CARTESIAN_POINT ( 'NONE',  ( 11.76141842227751866, 25.59208695936149880, 161.1677041666665104 ) ) ;
#3794 = CARTESIAN_POINT ( 'NONE',  ( 21.37693135806109979, 29.56626936720260090, 165.9440708333335124 ) ) ;
#3795 = CARTESIAN_POINT ( 'NONE',  ( 19.55720180560684796, 17.43977297473324839, 163.2402749999999969 ) ) ;
#3796 = CARTESIAN_POINT ( 'NONE',  ( 25.08634499159565223, 26.81252993428714859, 166.4033749999999827 ) ) ;
#3797 = CARTESIAN_POINT ( 'NONE',  ( 25.35584160534345344, 26.07218451695515071, 163.6312686869199808 ) ) ;
#3798 = ORIENTED_EDGE ( 'NONE', *, *, #1447, .F. ) ;
#3799 = CARTESIAN_POINT ( 'NONE',  ( 16.88488346104904991, 28.80661012931814824, 172.9799624999999992 ) ) ;
#3800 = CARTESIAN_POINT ( 'NONE',  ( 16.32956486314679978, 23.66876581101810118, 165.7763234244499984 ) ) ;
#3801 = CARTESIAN_POINT ( 'NONE',  ( 12.79984221563609914, 25.27241769808285099, 166.9552083333335020 ) ) ;
#3802 = CARTESIAN_POINT ( 'NONE',  ( 25.08355134089714866, 26.55116278556604925, 163.5077833333334922 ) ) ;
#3803 = CARTESIAN_POINT ( 'NONE',  ( 12.54202632751090007, 25.12764412627479871, 165.5520899357454994 ) ) ;
#3804 = CARTESIAN_POINT ( 'NONE',  ( 25.00270165663194888, 20.36492810832545075, 158.0660000000000025 ) ) ;
#3805 = CARTESIAN_POINT ( 'NONE',  ( 11.70293851624418480, 24.14782793344006606, 161.5803282188211938 ) ) ;
#3806 = CARTESIAN_POINT ( 'NONE',  ( 12.69757811846769968, 25.53158327827744856, 166.0180369468685058 ) ) ;
#3807 = FACE_OUTER_BOUND ( 'NONE', #3349, .T. ) ;
#3808 = VERTEX_POINT ( 'NONE', #5060 ) ;
#3809 = CARTESIAN_POINT ( 'NONE',  ( 16.46908089365589944, 23.45817168470560077, 165.3019947260465017 ) ) ;
#3810 = CARTESIAN_POINT ( 'NONE',  ( 20.14525257540250180, 24.74635456221970387, 164.8023188514535207 ) ) ;
#3811 = EDGE_CURVE ( 'NONE', #1235, #2769, #6360, .T. ) ;
#3812 = CARTESIAN_POINT ( 'NONE',  ( 14.02162245562551846, 25.50743767410419593, 172.7197336107165313 ) ) ;
#3813 = CARTESIAN_POINT ( 'NONE',  ( 16.67052078312125118, 28.82333401139629814, 171.1641000000000190 ) ) ;
#3814 = CARTESIAN_POINT ( 'NONE',  ( 26.05144807748648716, 25.35680092888348369, 170.4240339725841977 ) ) ;
#3815 = CARTESIAN_POINT ( 'NONE',  ( 13.26223065721436001, 25.13057957794550035, 169.3991406250000011 ) ) ;
#3816 = LINE ( 'NONE', #1455, #877 ) ;
#3817 = DIRECTION ( 'NONE',  ( 0.08291556471174016396, -0.9955514112831505003, 0.04474814656117568484 ) ) ;
#3818 = ADVANCED_FACE ( 'NONE', ( #2540 ), #1205, .T. ) ;
#3819 = DIRECTION ( 'NONE',  ( -0.9949093705772958929, 0.000000000000000000, 0.1007737284091879820 ) ) ;
#3820 = CARTESIAN_POINT ( 'NONE',  ( 24.82218353310859982, 27.06446382520930172, 164.8376000000000090 ) ) ;
#3821 = ORIENTED_EDGE ( 'NONE', *, *, #1245, .T. ) ;
#3822 = CARTESIAN_POINT ( 'NONE',  ( 12.58568686094350042, 23.99626175502540093, 167.0106000000000108 ) ) ;
#3823 = VERTEX_POINT ( 'NONE', #6245 ) ;
#3824 = CARTESIAN_POINT ( 'NONE',  ( 13.08603955392378637, 26.57321968043244453, 165.4198164449384194 ) ) ;
#3825 = CARTESIAN_POINT ( 'NONE',  ( 13.52872450635019952, 23.19794928120355237, 164.9608974534280037 ) ) ;
#3826 = B_SPLINE_CURVE_WITH_KNOTS ( 'NONE', 3,
 ( #3760, #5686, #6204, #5293 ),
 .UNSPECIFIED., .F., .F.,
 ( 4, 4 ),
 ( 0.000000000000000000, 1.000000000000000000 ),
 .UNSPECIFIED. ) ;
#3827 = CARTESIAN_POINT ( 'NONE',  ( 21.12184920167605284, 29.75629065978884924, 164.3755017372565135 ) ) ;
#3828 = CARTESIAN_POINT ( 'NONE',  ( 25.85393534332344601, 24.29125924006114801, 162.2087572722670075 ) ) ;
#3829 = CARTESIAN_POINT ( 'NONE',  ( 21.08397357120610138, 29.34264455341120126, 168.9893395833335035 ) ) ;
#3830 = CARTESIAN_POINT ( 'NONE',  ( 25.00616027986839995, 26.91254418435694973, 166.4080500000000029 ) ) ;
#3831 = CARTESIAN_POINT ( 'NONE',  ( 25.63535938694615268, 26.08645320837615245, 167.8295250000000181 ) ) ;
#3832 = VERTEX_POINT ( 'NONE', #1793 ) ;
#3833 = CARTESIAN_POINT ( 'NONE',  ( 25.19441983025145149, 20.34885677806580162, 169.5041269965280151 ) ) ;
#3834 = CARTESIAN_POINT ( 'NONE',  ( 12.93750380856741877, 25.89118530041335120, 166.5350177083334984 ) ) ;
#3835 = CARTESIAN_POINT ( 'NONE',  ( 12.57643768630532044, 25.28352160547710170, 165.7989636284719950 ) ) ;
#3836 = CARTESIAN_POINT ( 'NONE',  ( 25.45818690361655001, 25.70524789608535343, 162.8431140153860213 ) ) ;
#3837 = CARTESIAN_POINT ( 'NONE',  ( 25.20842436804400322, 20.87942045634419941, 162.3418062499999905 ) ) ;
#3838 = CARTESIAN_POINT ( 'NONE',  ( 11.70314569172023944, 23.54488110864569350, 161.4503638396912493 ) ) ;
#3839 = CARTESIAN_POINT ( 'NONE',  ( 15.86153000421199799, 23.70868993736744912, 167.5317904326159919 ) ) ;
#3840 = CARTESIAN_POINT ( 'NONE',  ( 25.20752051943509997, 26.68760897478075123, 168.3731064149464771 ) ) ;
#3841 = ORIENTED_EDGE ( 'NONE', *, *, #1874, .F. ) ;
#3842 = CARTESIAN_POINT ( 'NONE',  ( 16.46582663866194807, 23.44845359150709996, 165.0918176856324919 ) ) ;
#3843 = CARTESIAN_POINT ( 'NONE',  ( 12.38380151443112531, 24.14359890128212527, 165.7737747024401358 ) ) ;
#3844 = CARTESIAN_POINT ( 'NONE',  ( 25.86742046492114611, 25.73208563798094772, 170.2854720529703059 ) ) ;
#3845 = CARTESIAN_POINT ( 'NONE',  ( 15.21205336151515120, 23.47731736177360062, 163.5876813436040322 ) ) ;
#3846 = CARTESIAN_POINT ( 'NONE',  ( 25.67771757589554937, 20.99427088405714770, 170.2081499999999892 ) ) ;
#3847 = CARTESIAN_POINT ( 'NONE',  ( 13.32480412611214149, 23.34582863315570123, 164.1592926555250074 ) ) ;
#3848 = CARTESIAN_POINT ( 'NONE',  ( 25.67052887385409932, 25.29430105878445190, 163.3312103048999973 ) ) ;
#3849 = CARTESIAN_POINT ( 'NONE',  ( 23.91900936995164884, 24.32672665336350093, 147.9877849036265900 ) ) ;
#3850 = ADVANCED_FACE ( 'NONE', ( #3768 ), #639, .T. ) ;
#3851 = CARTESIAN_POINT ( 'NONE',  ( 13.26144269885299920, 25.74605322444034883, 168.4647541666664949 ) ) ;
#3852 = CARTESIAN_POINT ( 'NONE',  ( 12.84690364394203677, 23.28045729963381660, 168.0598981201855509 ) ) ;
#3853 = ORIENTED_EDGE ( 'NONE', *, *, #2710, .F. ) ;
#3854 = CARTESIAN_POINT ( 'NONE',  ( 12.59341300377433903, 21.80994009309164738, 165.6092166666664980 ) ) ;
#3855 = ORIENTED_EDGE ( 'NONE', *, *, #6082, .T. ) ;
#3856 = CARTESIAN_POINT ( 'NONE',  ( 14.07925143396377976, 27.92773539176496200, 165.2469050595033764 ) ) ;
#3857 = CARTESIAN_POINT ( 'NONE',  ( 15.06612533786874941, 23.50846596279285095, 169.0205262070159904 ) ) ;
#3858 = CARTESIAN_POINT ( 'NONE',  ( 22.53602835072920030, 29.17643799038415153, 163.9682493055555028 ) ) ;
#3859 = CARTESIAN_POINT ( 'NONE',  ( 18.94883800087234960, 17.52386655673194937, 163.6919979166665087 ) ) ;
#3860 = CARTESIAN_POINT ( 'NONE',  ( 20.06060025912465150, 29.77582626282770306, 166.8698000000000263 ) ) ;
#3861 = CARTESIAN_POINT ( 'NONE',  ( 24.98810400313729829, 26.95305068940069759, 167.8579583333334995 ) ) ;
#3862 = CARTESIAN_POINT ( 'NONE',  ( 25.35978807043655081, 25.58588596145670024, 161.2725674551140003 ) ) ;
#3863 = CARTESIAN_POINT ( 'NONE',  ( 25.34988501953560203, 26.50920820160288827, 168.1896970316409181 ) ) ;
#3864 = VECTOR ( 'NONE', #3989, 1000.000000000000000 ) ;
#3865 = ORIENTED_EDGE ( 'NONE', *, *, #1534, .F. ) ;
#3866 = CARTESIAN_POINT ( 'NONE',  ( 15.14105417194069858, 27.33552229774160125, 173.3348104166664996 ) ) ;
#3867 = DIRECTION ( 'NONE',  ( 0.08291556471174016396, -0.9955514112831505003, 0.04474814656117568484 ) ) ;
#3868 = CARTESIAN_POINT ( 'NONE',  ( 15.81833537992754657, 23.62010550818525090, 165.6410116333350118 ) ) ;
#3869 = CARTESIAN_POINT ( 'NONE',  ( 25.51685366616085204, 25.39077493946485120, 162.1858160741245172 ) ) ;
#3870 = CARTESIAN_POINT ( 'NONE',  ( 26.00746799680619858, 25.25959737443394815, 167.1698875000000157 ) ) ;
#3871 = CARTESIAN_POINT ( 'NONE',  ( 24.76057409499454920, 27.04139380885095179, 164.2123173196649759 ) ) ;
#3872 = AXIS2_PLACEMENT_3D ( 'NONE', #712, #1653, #3112 ) ;
#3873 = CARTESIAN_POINT ( 'NONE',  ( 25.67052887385409932, 25.29430105878445190, 163.3312103048999973 ) ) ;
#3874 = CARTESIAN_POINT ( 'NONE',  ( 25.08398187619269848, 21.64869536367519842, 154.0150000000000148 ) ) ;
#3875 = CARTESIAN_POINT ( 'NONE',  ( 13.65846206648163985, 26.54778403611220128, 168.3999000000000024 ) ) ;
#3876 = CARTESIAN_POINT ( 'NONE',  ( 14.58019088300147992, 23.24484019548610192, 164.0558183469734956 ) ) ;
#3877 = DIRECTION ( 'NONE',  ( -0.07830366880594487322, 0.9969295539061567846, 0.000000000000000000 ) ) ;
#3878 = EDGE_LOOP ( 'NONE', ( #4028, #5773, #116, #692 ) ) ;
#3879 = CARTESIAN_POINT ( 'NONE',  ( 25.53697518909680042, 25.17691345085000165, 161.5377785308255056 ) ) ;
#3880 = AXIS2_PLACEMENT_3D ( 'NONE', #4542, #4605, #2135 ) ;
#3881 = CARTESIAN_POINT ( 'NONE',  ( 25.11877550878984877, 20.35602437092730099, 167.5242041666664932 ) ) ;
#3882 = CARTESIAN_POINT ( 'NONE',  ( 24.76733004917809922, 26.07759436879524984, 157.7528895833335127 ) ) ;
#3883 = CARTESIAN_POINT ( 'NONE',  ( 25.67794230939949784, 24.78707716029175145, 161.6724374470250041 ) ) ;
#3884 = CARTESIAN_POINT ( 'NONE',  ( 12.44719253406680082, 24.16427842782684721, 166.1163906725685138 ) ) ;
#3885 = CARTESIAN_POINT ( 'NONE',  ( 15.83404336816400182, 23.34230657269439746, 163.9009270716305195 ) ) ;
#3886 = CARTESIAN_POINT ( 'NONE',  ( 25.33177115561409920, 20.50842591440869711, 170.6740715175935179 ) ) ;
#3887 = CARTESIAN_POINT ( 'NONE',  ( 13.04682514693607942, 23.34795322421814845, 164.7216382631270051 ) ) ;
#3888 = CARTESIAN_POINT ( 'NONE',  ( 23.79868603308469943, 25.82468749361434845, 150.3589853719609835 ) ) ;
#3889 = CARTESIAN_POINT ( 'NONE',  ( 25.50927998459575008, 24.86731418520859904, 160.1036458333335020 ) ) ;
#3890 = CARTESIAN_POINT ( 'NONE',  ( 14.08327922784704000, 25.71506430212915006, 172.7066533025980277 ) ) ;
#3891 = CARTESIAN_POINT ( 'NONE',  ( 13.26144269885299920, 25.74605322444034883, 168.4647541666664949 ) ) ;
#3892 = VERTEX_POINT ( 'NONE', #6266 ) ;
#3893 = CARTESIAN_POINT ( 'NONE',  ( 21.15984543337375001, 29.70973030048945063, 164.9378527533675083 ) ) ;
#3894 = ORIENTED_EDGE ( 'NONE', *, *, #3076, .T. ) ;
#3895 = CARTESIAN_POINT ( 'NONE',  ( 13.34543776272660054, 25.49844951637389912, 169.2937197753070109 ) ) ;
#3896 = EDGE_CURVE ( 'NONE', #4431, #518, #3706, .T. ) ;
#3897 = CARTESIAN_POINT ( 'NONE',  ( 23.16920255055029898, 18.77522645686020297, 163.4908125000000041 ) ) ;
#3898 = CARTESIAN_POINT ( 'NONE',  ( 20.72945994143420023, 29.81191410482830051, 165.2193834371190064 ) ) ;
#3899 = CARTESIAN_POINT ( 'NONE',  ( 25.57161021613005047, 26.21954847032889901, 169.9343813357205022 ) ) ;
#3900 = CARTESIAN_POINT ( 'NONE',  ( 25.49266754338715302, 25.42112946291450015, 162.0557638748605029 ) ) ;
#3901 = CARTESIAN_POINT ( 'NONE',  ( 25.64627787722358931, 26.03811911098995679, 167.4347704394647280 ) ) ;
#3902 = ORIENTED_EDGE ( 'NONE', *, *, #6229, .F. ) ;
#3903 = CARTESIAN_POINT ( 'NONE',  ( 24.85986363870384963, 20.21180394454994911, 165.9726270833335207 ) ) ;
#3904 = CARTESIAN_POINT ( 'NONE',  ( 16.45249778071354996, 23.65728196696225183, 165.2930450967340050 ) ) ;
#3905 = CARTESIAN_POINT ( 'NONE',  ( 24.09517887550569881, 27.75027798721784933, 162.1113479166665172 ) ) ;
#3906 = CARTESIAN_POINT ( 'NONE',  ( 12.45085171647044042, 21.24190879492480022, 163.9081500000000062 ) ) ;
#3907 = B_SPLINE_CURVE_WITH_KNOTS ( 'NONE', 3,
 ( #379, #2843, #4457, #19 ),
 .UNSPECIFIED., .F., .F.,
 ( 4, 4 ),
 ( 0.000000000000000000, 1.000000000000000000 ),
 .UNSPECIFIED. ) ;
#3908 = EDGE_CURVE ( 'NONE', #382, #149, #6268, .T. ) ;
#3909 = CARTESIAN_POINT ( 'NONE',  ( 24.24778966654380241, 19.45463291047964915, 155.0541000000000054 ) ) ;
#3910 = CARTESIAN_POINT ( 'NONE',  ( 18.55733446190210145, 29.86051450080945102, 166.3760159722220067 ) ) ;
#3911 = CARTESIAN_POINT ( 'NONE',  ( 14.60970054168920029, 23.44762340391149991, 164.0431764673519979 ) ) ;
#3912 = CARTESIAN_POINT ( 'NONE',  ( 12.59234227316785848, 25.15416291729820131, 166.0488444619805080 ) ) ;
#3913 = ORIENTED_EDGE ( 'NONE', *, *, #6330, .T. ) ;
#3914 = CARTESIAN_POINT ( 'NONE',  ( 16.47213176965045278, 23.45276421399699984, 165.1760368789730080 ) ) ;
#3915 = CARTESIAN_POINT ( 'NONE',  ( 25.24962775668149817, 25.99108582856360172, 162.0559196251489880 ) ) ;
#3916 = CARTESIAN_POINT ( 'NONE',  ( 25.37760076990464952, 25.88342731840040045, 162.8926471404136009 ) ) ;
#3917 = CARTESIAN_POINT ( 'NONE',  ( 24.39601364810649997, 27.58982138023520037, 165.7297661355665070 ) ) ;
#3918 = CARTESIAN_POINT ( 'NONE',  ( 25.24916794815869991, 20.42751988651825457, 171.0857271016550101 ) ) ;
#3919 = CARTESIAN_POINT ( 'NONE',  ( 13.42659049491323842, 23.32127374914034945, 167.8938535068229783 ) ) ;
#3920 = CARTESIAN_POINT ( 'NONE',  ( 25.86800018169175175, 24.09636808505930006, 162.0848922449144993 ) ) ;
#3921 = CARTESIAN_POINT ( 'NONE',  ( 25.57079426706379977, 24.89746359608265180, 160.7553125000000023 ) ) ;
#3922 = CARTESIAN_POINT ( 'NONE',  ( 24.70467168103865063, 27.25527172038379931, 167.2166083333335109 ) ) ;
#3923 = CARTESIAN_POINT ( 'NONE',  ( 11.89798728109967918, 25.58833001687305142, 161.9384500000000173 ) ) ;
#3924 = CARTESIAN_POINT ( 'NONE',  ( 26.40767525505455282, 22.84201566776534875, 171.6107062499999927 ) ) ;
#3925 = LINE ( 'NONE', #1460, #1285 ) ;
#3926 = ORIENTED_EDGE ( 'NONE', *, *, #326, .T. ) ;
#3927 = CARTESIAN_POINT ( 'NONE',  ( 17.17086455690145286, 24.51273174164174762, 165.1160644380404960 ) ) ;
#3928 = CARTESIAN_POINT ( 'NONE',  ( 13.29464407624550049, 21.81706191905239933, 168.8460916666664957 ) ) ;
#3929 = CARTESIAN_POINT ( 'NONE',  ( 24.97326607860295056, 26.13833706915979960, 160.1005687500000079 ) ) ;
#3930 = CARTESIAN_POINT ( 'NONE',  ( 15.26436708615170090, 23.52376039521364959, 168.9934651370045060 ) ) ;
#3931 = CARTESIAN_POINT ( 'NONE',  ( 17.80639159992940179, 29.38486445310719830, 169.4630833333335147 ) ) ;
#3932 = CARTESIAN_POINT ( 'NONE',  ( 25.89478669299525038, 24.39955235907209996, 162.8601500475054991 ) ) ;
#3933 = B_SPLINE_CURVE_WITH_KNOTS ( 'NONE', 3,
 ( #4293, #2355, #936, #3912 ),
 .UNSPECIFIED., .F., .F.,
 ( 4, 4 ),
 ( 0.000000000000000000, 1.000000000000000000 ),
 .UNSPECIFIED. ) ;
#3934 = CARTESIAN_POINT ( 'NONE',  ( 13.79001920421729999, 23.19582198000714968, 164.4294064986995068 ) ) ;
#3935 = CARTESIAN_POINT ( 'NONE',  ( 21.11749081805044881, 29.30468761609100170, 169.3789489583334955 ) ) ;
#3936 = CARTESIAN_POINT ( 'NONE',  ( 24.98612851043580108, 26.93221053556935018, 168.6477181171599966 ) ) ;
#3937 = CARTESIAN_POINT ( 'NONE',  ( 25.45670118336421339, 26.35644766825083707, 167.8461142417370411 ) ) ;
#3938 = ORIENTED_EDGE ( 'NONE', *, *, #5235, .T. ) ;
#3939 = CARTESIAN_POINT ( 'NONE',  ( 16.20887011098319874, 28.38771998387079876, 172.7972125000000005 ) ) ;
#3940 = FACE_OUTER_BOUND ( 'NONE', #788, .T. ) ;
#3941 = CARTESIAN_POINT ( 'NONE',  ( 12.72443179760000120, 20.91214082442170152, 164.5546770833335302 ) ) ;
#3942 = CARTESIAN_POINT ( 'NONE',  ( 25.53969128280899881, 25.18032466830525351, 161.5868971640974792 ) ) ;
#3943 = CARTESIAN_POINT ( 'NONE',  ( 24.25525045707784955, 27.63525698703499955, 168.8234812499999862 ) ) ;
#3944 = CARTESIAN_POINT ( 'NONE',  ( 23.14425756836105208, 18.58304295591069888, 152.8963375000000156 ) ) ;
#3945 = CARTESIAN_POINT ( 'NONE',  ( 15.65634117874424902, 28.48207131190265073, 168.9273000000000025 ) ) ;
#3946 = SHAPE_DEFINITION_REPRESENTATION ( #16, #6104 ) ;
#3947 = EDGE_CURVE ( 'NONE', #5003, #6373, #4568, .T. ) ;
#3948 = VERTEX_POINT ( 'NONE', #123 ) ;
#3949 = LINE ( 'NONE', #1482, #5116 ) ;
#3950 = CARTESIAN_POINT ( 'NONE',  ( 24.74255031274319805, 25.64964784827720479, 155.4076749999999834 ) ) ;
#3951 = CARTESIAN_POINT ( 'NONE',  ( 25.84574682472899809, 24.26796858592659945, 162.0786682428949916 ) ) ;
#3952 = CARTESIAN_POINT ( 'NONE',  ( 25.47661492340089495, 25.70432969619134411, 163.0761178612104914 ) ) ;
#3953 = CARTESIAN_POINT ( 'NONE',  ( 25.52255148174474186, 26.27815169312705734, 169.8214169658580488 ) ) ;
#3954 = CARTESIAN_POINT ( 'NONE',  ( 21.88476616924920037, 29.37755657012674959, 165.8886921485600112 ) ) ;
#3955 = CARTESIAN_POINT ( 'NONE',  ( 26.16466381257660245, 22.01112900419409968, 169.6938375000000008 ) ) ;
#3956 = CARTESIAN_POINT ( 'NONE',  ( 13.67474336970200000, 23.36426449683134976, 168.3904944963565242 ) ) ;
#3957 = CARTESIAN_POINT ( 'NONE',  ( 14.57100242480709795, 23.56951051667850194, 166.8266116019599963 ) ) ;
#3958 = CARTESIAN_POINT ( 'NONE',  ( 15.85035561212729682, 23.70441619517394827, 167.4574141891745001 ) ) ;
#3959 = CARTESIAN_POINT ( 'NONE',  ( 24.87934705442594918, 27.04541723648475227, 168.7630023607799785 ) ) ;
#3960 = CARTESIAN_POINT ( 'NONE',  ( 14.15824683833914044, 25.80759408133270227, 172.9611436118850065 ) ) ;
#3961 = ORIENTED_EDGE ( 'NONE', *, *, #3896, .F. ) ;
#3962 = CARTESIAN_POINT ( 'NONE',  ( 25.03813043153590101, 26.25118990379180062, 161.2765204801254981 ) ) ;
#3963 = CARTESIAN_POINT ( 'NONE',  ( 15.80269939039885152, 23.65360206786024833, 166.4152116130329944 ) ) ;
#3964 = CARTESIAN_POINT ( 'NONE',  ( 24.96531398906435228, 26.93554598797074817, 165.7070299706165031 ) ) ;
#3965 = CARTESIAN_POINT ( 'NONE',  ( 13.42659049491323842, 23.32127374914034945, 167.8938535068229783 ) ) ;
#3966 = CARTESIAN_POINT ( 'NONE',  ( 19.41517888395965130, 29.99913588522255026, 164.9640211847515161 ) ) ;
#3967 = CARTESIAN_POINT ( 'NONE',  ( 25.37496898370835652, 26.47533461217324557, 168.0941205336016253 ) ) ;
#3968 = ORIENTED_EDGE ( 'NONE', *, *, #461, .T. ) ;
#3969 = CARTESIAN_POINT ( 'NONE',  ( 14.32862942599812150, 23.42625197414519889, 164.0885149533590095 ) ) ;
#3970 = CARTESIAN_POINT ( 'NONE',  ( 12.57252766977090097, 21.27587355238799915, 164.5604416666664918 ) ) ;
#3971 = CARTESIAN_POINT ( 'NONE',  ( 16.05994821740625156, 29.36152596902759981, 164.9697399482144817 ) ) ;
#3972 = CARTESIAN_POINT ( 'NONE',  ( 24.98881446256260119, 26.91936961166640074, 169.1310605924795141 ) ) ;
#3973 = CARTESIAN_POINT ( 'NONE',  ( 22.81815690876720026, 18.63287440675259887, 151.3763666666665131 ) ) ;
#3974 = CARTESIAN_POINT ( 'NONE',  ( 13.31075619272301935, 25.86402695034474775, 168.4561458333335224 ) ) ;
#3975 = CARTESIAN_POINT ( 'NONE',  ( 25.70812646655359757, 25.30682229390270166, 163.7613024305555030 ) ) ;
#3976 = ORIENTED_EDGE ( 'NONE', *, *, #2991, .T. ) ;
#3977 = CARTESIAN_POINT ( 'NONE',  ( 23.81416608509435306, 24.68575853818579802, 147.9701042057860150 ) ) ;
#3978 = CARTESIAN_POINT ( 'NONE',  ( 24.53579894176894882, 25.85684752164904765, 154.6307249999999840 ) ) ;
#3979 = VECTOR ( 'NONE', #1177, 1000.000000000000000 ) ;
#3980 = EDGE_CURVE ( 'NONE', #539, #4778, #1165, .T. ) ;
#3981 = CARTESIAN_POINT ( 'NONE',  ( 24.13967736850059964, 23.65304849628400419, 148.5660208333333969 ) ) ;
#3982 = CARTESIAN_POINT ( 'NONE',  ( 12.71109931974183915, 24.56535642032719835, 167.5780485717029933 ) ) ;
#3983 = FACE_OUTER_BOUND ( 'NONE', #1544, .T. ) ;
#3984 = CARTESIAN_POINT ( 'NONE',  ( 14.69659265307965867, 23.45449644692575220, 168.5045402227149793 ) ) ;
#3985 = VECTOR ( 'NONE', #5055, 1000.000000000000114 ) ;
#3986 = CARTESIAN_POINT ( 'NONE',  ( 24.76057409499454920, 27.04139380885095179, 164.2123173196649759 ) ) ;
#3987 = CARTESIAN_POINT ( 'NONE',  ( 15.81853868284439990, 23.37427085444639729, 164.6407938167829741 ) ) ;
#3988 = ADVANCED_FACE ( 'NONE', ( #3678 ), #2099, .F. ) ;
#3989 = DIRECTION ( 'NONE',  ( -0.1006318910984300291, -0.05303758115645521715, -0.9935090525400491757 ) ) ;
#3990 = CARTESIAN_POINT ( 'NONE',  ( 12.83907870754411995, 25.77430060113785260, 166.2860263888890131 ) ) ;
#3991 = CARTESIAN_POINT ( 'NONE',  ( 12.47542072946308522, 23.16686637617183564, 166.2210758482004280 ) ) ;
#3992 = ORIENTED_EDGE ( 'NONE', *, *, #2227, .F. ) ;
#3993 = CARTESIAN_POINT ( 'NONE',  ( 29.06698658678750036, 25.14917929675300101, 168.4065378325010158 ) ) ;
#3994 = CARTESIAN_POINT ( 'NONE',  ( 25.12652646255279976, 26.23495473560899782, 162.0608009171309902 ) ) ;
#3995 = CARTESIAN_POINT ( 'NONE',  ( 16.44607559304495226, 23.64539805645415171, 165.0405531964219961 ) ) ;
#3996 = CARTESIAN_POINT ( 'NONE',  ( 24.81793808492709985, 20.31869983544784830, 163.0755541666665067 ) ) ;
#3997 = CARTESIAN_POINT ( 'NONE',  ( 14.79429211909381792, 23.48618154765490118, 169.0284354486085192 ) ) ;
#3998 = CARTESIAN_POINT ( 'NONE',  ( 25.31549613380765251, 26.58543005129045156, 170.7283312499999965 ) ) ;
#3999 = CARTESIAN_POINT ( 'NONE',  ( 25.66200196511185183, 26.00908808770848069, 167.4071558173959602 ) ) ;
#4000 = VERTEX_POINT ( 'NONE', #675 ) ;
#4001 = CARTESIAN_POINT ( 'NONE',  ( 26.22517795977739752, 23.38622738318185057, 165.6517000000000053 ) ) ;
#4002 = CARTESIAN_POINT ( 'NONE',  ( 12.21437654215225876, 24.77971109657224957, 164.5311000000000092 ) ) ;
#4003 = CARTESIAN_POINT ( 'NONE',  ( 24.69581318605489884, 20.19409728371294932, 163.7540770833334989 ) ) ;
#4004 = CARTESIAN_POINT ( 'NONE',  ( 21.87652111936840171, 29.05146597943740261, 169.3009578125000019 ) ) ;
#4005 = CARTESIAN_POINT ( 'NONE',  ( 22.74965827640600224, 18.95612753705999864, 149.8040666666665857 ) ) ;
#4006 = CARTESIAN_POINT ( 'NONE',  ( 13.32130791665873915, 26.22529564115485101, 167.6623999999999910 ) ) ;
#4007 = APPLICATION_PROTOCOL_DEFINITION ( 'draft international standard', 'automotive_design', 1998, #2274 ) ;
#4008 = VERTEX_POINT ( 'NONE', #6059 ) ;
#4009 = LINE ( 'NONE', #6026, #4603 ) ;
#4010 = CARTESIAN_POINT ( 'NONE',  ( 23.95780531265804925, 25.29798304516545215, 149.9639875000000018 ) ) ;
#4011 = CARTESIAN_POINT ( 'NONE',  ( 24.09903738648850080, 23.90248960672045087, 148.5500347222221933 ) ) ;
#4012 = CARTESIAN_POINT ( 'NONE',  ( 26.06032662939826139, 24.21547047099155137, 164.3782987923690655 ) ) ;
#4013 = CARTESIAN_POINT ( 'NONE',  ( 24.88297962726240087, 27.03658858454645042, 165.7099754974909729 ) ) ;
#4014 = ADVANCED_FACE ( 'NONE', ( #2192 ), #1136, .F. ) ;
#4015 = CARTESIAN_POINT ( 'NONE',  ( 15.02002565470700013, 23.50479972420889752, 169.0243800485559973 ) ) ;
#4016 = CARTESIAN_POINT ( 'NONE',  ( 17.26858315344924932, 29.77384361233649912, 165.3285735686604880 ) ) ;
#4017 = CARTESIAN_POINT ( 'NONE',  ( 14.93031057625520042, 23.39860442235799809, 166.8279962027599765 ) ) ;
#4018 = CARTESIAN_POINT ( 'NONE',  ( 13.49689995426695965, 25.49301622384944821, 170.0155499999999904 ) ) ;
#4019 = CARTESIAN_POINT ( 'NONE',  ( 12.76148559246817982, 25.78113034990189689, 165.9022644097219938 ) ) ;
#4020 = ORIENTED_EDGE ( 'NONE', *, *, #648, .T. ) ;
#4021 = EDGE_CURVE ( 'NONE', #5430, #2049, #3635, .T. ) ;
#4022 = CARTESIAN_POINT ( 'NONE',  ( 13.59793882488122030, 26.96249588328549862, 166.8569853730520265 ) ) ;
#4023 = CARTESIAN_POINT ( 'NONE',  ( 24.19420883854929727, 27.42719566631184591, 160.7908333333334951 ) ) ;
#4024 = CARTESIAN_POINT ( 'NONE',  ( 16.09087208845154748, 23.66605490161525083, 166.1582944743854853 ) ) ;
#4025 = CARTESIAN_POINT ( 'NONE',  ( 25.90728820866095106, 25.26663290748334845, 165.7007114231220157 ) ) ;
#4026 = CARTESIAN_POINT ( 'NONE',  ( 12.70769500909840133, 25.53088748463069990, 166.0691949450839786 ) ) ;
#4027 = CARTESIAN_POINT ( 'NONE',  ( 15.19312515233295002, 23.69520346687314927, 168.4702581512369761 ) ) ;
#4028 = ORIENTED_EDGE ( 'NONE', *, *, #3215, .F. ) ;
#4029 = CARTESIAN_POINT ( 'NONE',  ( 11.97036714779432032, 24.78797542208564764, 163.1120999999999981 ) ) ;
#4030 = CARTESIAN_POINT ( 'NONE',  ( 26.03767663009899991, 21.91034397607655038, 167.3280000000000030 ) ) ;
#4031 = CARTESIAN_POINT ( 'NONE',  ( 24.32413090644875098, 19.43701276478730122, 160.5733166666664999 ) ) ;
#4032 = CARTESIAN_POINT ( 'NONE',  ( 15.01680612650320157, 28.69702977755370199, 165.8830000000000098 ) ) ;
#4033 = CARTESIAN_POINT ( 'NONE',  ( 17.95608038979462506, 29.82676980096253416, 166.7659120330724818 ) ) ;
#4034 = VERTEX_POINT ( 'NONE', #4140 ) ;
#4035 = CARTESIAN_POINT ( 'NONE',  ( 24.80637165672789735, 25.24204583273440150, 154.6322312499999896 ) ) ;
#4036 = CARTESIAN_POINT ( 'NONE',  ( 24.19570985247839801, 23.96918307230765066, 149.2077916666665942 ) ) ;
#4037 = CARTESIAN_POINT ( 'NONE',  ( 26.16800372540933495, 24.29327453356182431, 165.9097552288815223 ) ) ;
#4038 = LINE ( 'NONE', #1014, #1088 ) ;
#4039 = B_SPLINE_SURFACE_WITH_KNOTS ( 'NONE', 3, 3, ( 
 ( #4449, #11, #1978, #4480, #1496, #3479, #2408, #5455, #5001, #2994, #3370, #3410, #4967, #559 ),
 ( #527, #39, #3990, #4346, #6333, #3851, #949, #5349, #4383, #6370, #1913, #3890, #2929, #1628 ),
 ( #3598, #6034, #5719, #5117, #2101, #6210, #5521, #3084, #4572, #4604, #2600, #3541, #5548, #3060 ),
 ( #5089, #4080, #1591, #3260, #3567, #5606, #1139, #4018, #5233, #126, #1167, #1281, #1109, #158 ) ),
 .UNSPECIFIED., .F., .F., .F.,
 ( 4, 4 ),
 ( 4, 1, 1, 1, 1, 1, 1, 1, 1, 1, 1, 4 ),
 ( 0.000000000000000000, 1.000000000000000000 ),
 ( 0.000000000000000000, 1.000000000000000000, 3.000000000000000000, 5.000000000000000000, 7.000000000000000000, 9.000000000000000000, 11.00000000000000000, 13.00000000000000000, 15.00000000000000000, 17.00000000000000000, 18.00000000000000000, 19.00000000000000000 ),
 .UNSPECIFIED. ) ;
#4040 = CARTESIAN_POINT ( 'NONE',  ( 26.13174245642175109, 25.09349599602029812, 169.1448484375000021 ) ) ;
#4041 = CARTESIAN_POINT ( 'NONE',  ( 13.66941587088870591, 25.33549347790333073, 171.0864078769009780 ) ) ;
#4042 = CARTESIAN_POINT ( 'NONE',  ( 28.48987037864295147, 25.36463866192039873, 163.0957657247455188 ) ) ;
#4043 = DIRECTION ( 'NONE',  ( 0.1008983127947753883, 0.05305850557547598517, 0.9934809134861447566 ) ) ;
#4044 = EDGE_CURVE ( 'NONE', #1053, #3132, #1022, .T. ) ;
#4045 = CARTESIAN_POINT ( 'NONE',  ( 14.62941765419340179, 23.57417356488315008, 166.8221147115465044 ) ) ;
#4046 = CARTESIAN_POINT ( 'NONE',  ( 24.99481124974575152, 26.72058120571355033, 164.2057178796735002 ) ) ;
#4047 = CARTESIAN_POINT ( 'NONE',  ( 21.15984543337389923, 29.70973030048950037, 164.9378527533685030 ) ) ;
#4048 = CARTESIAN_POINT ( 'NONE',  ( 16.42357267374799790, 23.55399053889820138, 167.5180850648075079 ) ) ;
#4049 = ORIENTED_EDGE ( 'NONE', *, *, #3142, .F. ) ;
#4050 = CARTESIAN_POINT ( 'NONE',  ( 25.69728333136139753, 23.99184912201569730, 160.0758946865094856 ) ) ;
#4051 = CARTESIAN_POINT ( 'NONE',  ( 24.71103688632384987, 26.45510236614990163, 159.3219875000000059 ) ) ;
#4052 = ADVANCED_FACE ( 'NONE', ( #4657 ), #6176, .F. ) ;
#4053 = CARTESIAN_POINT ( 'NONE',  ( 19.11950689100794776, 29.55649884555460005, 169.3229062500000168 ) ) ;
#4054 = DIRECTION ( 'NONE',  ( 0.08291556471174016396, -0.9955514112831505003, 0.04474814656117568484 ) ) ;
#4055 = CARTESIAN_POINT ( 'NONE',  ( 15.28386918910159942, 23.70147885092109874, 168.4417290230900051 ) ) ;
#4056 = CARTESIAN_POINT ( 'NONE',  ( 25.80305102113485205, 25.81906446572490310, 169.0112382534199753 ) ) ;
#4057 = CARTESIAN_POINT ( 'NONE',  ( 14.99777964169054023, 23.68052187121190144, 168.5055869898560275 ) ) ;
#4058 = ORIENTED_EDGE ( 'NONE', *, *, #2877, .T. ) ;
#4059 = CARTESIAN_POINT ( 'NONE',  ( 26.14933780714284595, 24.60628050241410136, 166.3939500000000180 ) ) ;
#4060 = CARTESIAN_POINT ( 'NONE',  ( 25.90302976917184807, 21.83970352843875418, 165.7648999999999830 ) ) ;
#4061 = CARTESIAN_POINT ( 'NONE',  ( 14.13534383579359854, 27.95994209460890190, 165.7427708481959883 ) ) ;
#4062 = CARTESIAN_POINT ( 'NONE',  ( 22.20017765148424971, 28.95816258325960035, 168.6123499999999922 ) ) ;
#4063 = CARTESIAN_POINT ( 'NONE',  ( 25.64239591272600194, 25.00344588340899676, 162.0600680238115103 ) ) ;
#4064 = CARTESIAN_POINT ( 'NONE',  ( 15.77499835851164889, 29.11494942512009843, 166.1822999999999979 ) ) ;
#4065 = CARTESIAN_POINT ( 'NONE',  ( 25.82569223365804945, 25.46818779219874784, 165.5945583333335094 ) ) ;
#4066 = ORIENTED_EDGE ( 'NONE', *, *, #3387, .T. ) ;
#4067 = CARTESIAN_POINT ( 'NONE',  ( 25.27549752804469918, 25.31229859757049994, 159.3158916666665164 ) ) ;
#4068 = VECTOR ( 'NONE', #6040, 1000.000000000000227 ) ;
#4069 = CARTESIAN_POINT ( 'NONE',  ( 25.25827587487395220, 24.42424383491919926, 156.2054499999999848 ) ) ;
#4070 = CARTESIAN_POINT ( 'NONE',  ( 19.08705169258120549, 29.96115064994480193, 164.6311161691232030 ) ) ;
#4071 = CARTESIAN_POINT ( 'NONE',  ( 13.65040766854445842, 24.80463580879870378, 171.5568605764546533 ) ) ;
#4072 = AXIS2_PLACEMENT_3D ( 'NONE', #5497, #2968, #1024 ) ;
#4073 = B_SPLINE_CURVE_WITH_KNOTS ( 'NONE', 3,
 ( #3734, #869, #905, #5407, #5648, #6107, #3211, #5621, #1237, #4703, #6135, #1669, #696, #2701, #789, #4675, #228, #2676 ),
 .UNSPECIFIED., .F., .F.,
 ( 4, 2, 1, 1, 1, 2, 2, 1, 2, 2, 4 ),
 ( 0.000000000000000000, 0.2499999999999794054, 0.3749999999999700795, 0.4374999999999655276, 0.4687499999999641953, 0.4843749999999640843, 0.4999999999999639178, 0.6249999999999745759, 0.6874999999999791278, 0.7499999999999836797, 1.000000000000000000 ),
 .UNSPECIFIED. ) ;
#4074 = DIRECTION ( 'NONE',  ( 0.4662518374666879684, -0.8846520355817518722, 0.000000000000000000 ) ) ;
#4075 = CARTESIAN_POINT ( 'NONE',  ( 13.63704663437370179, 25.64495748116073770, 170.4286797826742657 ) ) ;
#4076 = CARTESIAN_POINT ( 'NONE',  ( 11.77426581537584127, 22.89826798774254968, 161.5445279887020149 ) ) ;
#4077 = CARTESIAN_POINT ( 'NONE',  ( 14.94318485671870000, 23.67612687186689868, 168.5089683505910045 ) ) ;
#4078 = AXIS2_PLACEMENT_3D ( 'NONE', #637, #59, #2030 ) ;
#4079 = CARTESIAN_POINT ( 'NONE',  ( 20.37911597676185238, 23.83035952267124813, 166.3373305768244848 ) ) ;
#4080 = CARTESIAN_POINT ( 'NONE',  ( 12.67722318248882019, 25.53297893309329680, 165.9151506944445202 ) ) ;
#4081 = CARTESIAN_POINT ( 'NONE',  ( 14.05150129497904032, 25.61169749444395194, 172.7132944983239895 ) ) ;
#4082 = ORIENTED_EDGE ( 'NONE', *, *, #6408, .T. ) ;
#4083 = CARTESIAN_POINT ( 'NONE',  ( 25.63064881779384763, 25.26852810487180179, 162.8442068918594998 ) ) ;
#4084 = CARTESIAN_POINT ( 'NONE',  ( 24.20096771885469877, 26.01312446318829785, 153.0818124999999839 ) ) ;
#4085 = CARTESIAN_POINT ( 'NONE',  ( 13.77343609127495938, 23.39493226226374745, 164.4204568693870101 ) ) ;
#4086 = STYLED_ITEM ( 'NONE', ( #4181 ), #5894 ) ;
#4087 = CARTESIAN_POINT ( 'NONE',  ( 16.34305311213434919, 29.47674411110584813, 164.9349136198500219 ) ) ;
#4088 = CARTESIAN_POINT ( 'NONE',  ( 17.45494325494404819, 24.66245412922480185, 167.9206898411649718 ) ) ;
#4089 = SURFACE_SIDE_STYLE ('',( #2609 ) ) ;
#4090 = CARTESIAN_POINT ( 'NONE',  ( 14.05592165717392028, 23.18306619265109703, 163.6529163684995183 ) ) ;
#4091 = CARTESIAN_POINT ( 'NONE',  ( 25.80552907912575122, 25.73694742069810104, 167.1677374999999870 ) ) ;
#4092 = CARTESIAN_POINT ( 'NONE',  ( 25.12152297642115073, 26.72676655784690070, 165.7023531638745055 ) ) ;
#4093 = EDGE_LOOP ( 'NONE', ( #668, #4049, #6196, #1916 ) ) ;
#4094 = CARTESIAN_POINT ( 'NONE',  ( 25.99172969855515092, 23.17261411721614905, 162.9122041666665268 ) ) ;
#4095 = ADVANCED_FACE ( 'NONE', ( #3670 ), #1062, .F. ) ;
#4096 = CARTESIAN_POINT ( 'NONE',  ( 25.63314916429109758, 21.66333864149889976, 163.1674875000000213 ) ) ;
#4097 = CARTESIAN_POINT ( 'NONE',  ( 11.99504554739382023, 21.19703875434209905, 161.3061825107714924 ) ) ;
#4098 = CARTESIAN_POINT ( 'NONE',  ( 23.80950070453734924, 27.99968968175129902, 168.4624750000000120 ) ) ;
#4099 = CARTESIAN_POINT ( 'NONE',  ( 23.13370512720629790, 18.64806329985244915, 162.7200458333335007 ) ) ;
#4100 = CARTESIAN_POINT ( 'NONE',  ( 17.62782872595949968, 29.82315501503344990, 165.5640166660289765 ) ) ;
#4101 = ORIENTED_EDGE ( 'NONE', *, *, #5671, .F. ) ;
#4102 = ADVANCED_FACE ( 'NONE', ( #5653 ), #83, .F. ) ;
#4103 = CARTESIAN_POINT ( 'NONE',  ( 13.83579314204730082, 23.58780949382330050, 168.5960226606870265 ) ) ;
#4104 = CARTESIAN_POINT ( 'NONE',  ( 21.69439384133369941, 29.62284444267880090, 163.5198874836150083 ) ) ;
#4105 = B_SPLINE_SURFACE_WITH_KNOTS ( 'NONE', 3, 1, ( 
 ( #3038, #3422 ),
 ( #5395, #4459 ),
 ( #3070, #3094 ),
 ( #1120, #629 ),
 ( #2639, #1639 ),
 ( #1603, #694 ),
 ( #1693, #2082 ),
 ( #2699, #2114 ),
 ( #1087, #5041 ),
 ( #2612, #2048 ),
 ( #3666, #3154 ),
 ( #1149, #3125 ),
 ( #3181, #5557 ),
 ( #4673, #3639 ),
 ( #6017, #2145 ),
 ( #4027, #595 ),
 ( #5101, #1570 ),
 ( #4550, #107 ),
 ( #4057, #2175 ) ),
 .UNSPECIFIED., .F., .F., .F.,
 ( 4, 1, 1, 1, 1, 1, 1, 1, 1, 1, 1, 1, 1, 1, 1, 1, 4 ),
 ( 2, 2 ),
 ( 0.000000000000000000, 0.05895252844145110194, 0.1171607427693912018, 0.1738901968693820077, 0.2310196744329705010, 0.2884642645773060066, 0.3474732970525880038, 0.4086589088975794981, 0.4722134071032809688, 0.5365151198845590219, 0.6000696180902620469, 0.6633262713846489467, 0.7276841070586339555, 0.7924677452004249556, 0.8589356749702180549, 0.9285385854395469263, 1.000000000000000000 ),
 ( 0.000000000000000000, 1.000000000000000000 ),
 .UNSPECIFIED. ) ;
#4106 = CARTESIAN_POINT ( 'NONE',  ( 25.69218314801180014, 23.44860451189530082, 159.3700833333334970 ) ) ;
#4107 = CARTESIAN_POINT ( 'NONE',  ( 24.86287975195195088, 27.04764795195029947, 165.3913273232510051 ) ) ;
#4108 = CARTESIAN_POINT ( 'NONE',  ( 12.78360664135264102, 25.14616207789070046, 167.0364318901884815 ) ) ;
#4109 = CARTESIAN_POINT ( 'NONE',  ( 13.46945299233748727, 25.63665401055248694, 169.6513585776073683 ) ) ;
#4110 = CARTESIAN_POINT ( 'NONE',  ( 25.04512719529494902, 26.74709999629180146, 164.7024724059434959 ) ) ;
#4111 = CARTESIAN_POINT ( 'NONE',  ( 25.89820969910414661, 24.11480136032519894, 162.4390171675269983 ) ) ;
#4112 = CARTESIAN_POINT ( 'NONE',  ( 18.60571733044569953, 29.91484248289664905, 165.8300948190094743 ) ) ;
#4113 = CARTESIAN_POINT ( 'NONE',  ( 13.21697019231906012, 25.62609919129085156, 168.4729583333335086 ) ) ;
#4114 = ORIENTED_EDGE ( 'NONE', *, *, #2482, .F. ) ;
#4115 = CARTESIAN_POINT ( 'NONE',  ( 17.46444731675694939, 29.72248445509369930, 166.3180097311244765 ) ) ;
#4116 = CARTESIAN_POINT ( 'NONE',  ( 12.45647553185803957, 25.55302399537919911, 164.8914333333335094 ) ) ;
#4117 = CARTESIAN_POINT ( 'NONE',  ( 23.57152822707895012, 27.30691051247960033, 154.6676187500000026 ) ) ;
#4118 = CARTESIAN_POINT ( 'NONE',  ( 16.44607559304495226, 23.64539805645415171, 165.0405531964219961 ) ) ;
#4119 = CARTESIAN_POINT ( 'NONE',  ( 13.84743266959059937, 23.39757212728050106, 164.3420771597384942 ) ) ;
#4120 = CARTESIAN_POINT ( 'NONE',  ( 12.63719375850002002, 25.40824158237955288, 165.9214309027780132 ) ) ;
#4121 = LINE ( 'NONE', #3634, #4068 ) ;
#4122 = CARTESIAN_POINT ( 'NONE',  ( 12.97747738029025832, 23.16251865832930079, 165.1940682314319702 ) ) ;
#4123 = CARTESIAN_POINT ( 'NONE',  ( 11.99108252682539977, 25.58512105356955146, 162.4525166666665257 ) ) ;
#4124 = CARTESIAN_POINT ( 'NONE',  ( 25.29334644997560133, 26.58817136588655217, 167.8421937500000070 ) ) ;
#4125 = DIRECTION ( 'NONE',  ( -0.1006318910984300152, -0.05303758115645541144, -0.9935090525400490646 ) ) ;
#4126 = ORIENTED_EDGE ( 'NONE', *, *, #3621, .F. ) ;
#4127 = CARTESIAN_POINT ( 'NONE',  ( 25.94585784453819954, 24.94526496920375180, 164.8126374999999939 ) ) ;
#4128 = CARTESIAN_POINT ( 'NONE',  ( 24.43356886831534780, 24.23504054092535043, 150.7685041666665029 ) ) ;
#4129 = EDGE_CURVE ( 'NONE', #3948, #3892, #5973, .T. ) ;
#4130 = CARTESIAN_POINT ( 'NONE',  ( 24.77882379423400039, 20.24361806617634940, 162.4282270833335247 ) ) ;
#4131 = CARTESIAN_POINT ( 'NONE',  ( 20.89347111349714936, 29.74746153473704879, 164.4595527110745081 ) ) ;
#4132 = ORIENTED_EDGE ( 'NONE', *, *, #5753, .T. ) ;
#4133 = CARTESIAN_POINT ( 'NONE',  ( 13.64928106754166137, 23.51285726034329926, 171.7435486028134903 ) ) ;
#4134 = ADVANCED_FACE ( 'NONE', ( #6309 ), #5088, .T. ) ;
#4135 = CARTESIAN_POINT ( 'NONE',  ( 24.45000361724349602, 22.88953929555820110, 150.0578166666664970 ) ) ;
#4136 = CARTESIAN_POINT ( 'NONE',  ( 20.88639700518626796, 29.74956518675274708, 164.4601569413880497 ) ) ;
#4137 = DIRECTION ( 'NONE',  ( 0.1006318910984291964, 0.05303758115645621635, 0.9935090525400491757 ) ) ;
#4138 = CARTESIAN_POINT ( 'NONE',  ( 15.91675719313628079, 29.28905201362260513, 164.9881126311876756 ) ) ;
#4139 = CARTESIAN_POINT ( 'NONE',  ( 25.44858727276974975, 25.44229202448359572, 161.6546761346045287 ) ) ;
#4140 = CARTESIAN_POINT ( 'NONE',  ( 17.08804964105570079, 24.46908451637159843, 164.2984571399960032 ) ) ;
#4141 = CARTESIAN_POINT ( 'NONE',  ( 24.99481124974575152, 26.72058120571355033, 164.2057178796735002 ) ) ;
#4142 = CARTESIAN_POINT ( 'NONE',  ( 12.74898375055061983, 25.68710833448455233, 166.0045275392544966 ) ) ;
#4143 = CARTESIAN_POINT ( 'NONE',  ( 15.24819349269130164, 23.42781685032025152, 166.8888933027675137 ) ) ;
#4144 = CARTESIAN_POINT ( 'NONE',  ( 13.83856506359392036, 25.60902152461069647, 171.5477333333334968 ) ) ;
#4145 = VERTEX_POINT ( 'NONE', #2937 ) ;
#4146 = FACE_OUTER_BOUND ( 'NONE', #5388, .T. ) ;
#4147 = CARTESIAN_POINT ( 'NONE',  ( 12.85327027079809881, 20.95147937127154947, 165.2074364583334898 ) ) ;
#4148 = CARTESIAN_POINT ( 'NONE',  ( 24.09104211057585232, 25.97004690854594955, 152.3056583333334970 ) ) ;
#4149 = CARTESIAN_POINT ( 'NONE',  ( 13.93235659403159943, 23.40168010681034971, 164.2761121855235160 ) ) ;
#4150 = CARTESIAN_POINT ( 'NONE',  ( 13.89026975509312045, 25.39078441598555003, 172.2074791666665021 ) ) ;
#4151 = CARTESIAN_POINT ( 'NONE',  ( 13.01125427227531972, 24.03255100027994828, 168.9368701469700227 ) ) ;
#4152 = DIRECTION ( 'NONE',  ( 0.08291556471174016396, -0.9955514112831505003, 0.04474814656117568484 ) ) ;
#4153 = CARTESIAN_POINT ( 'NONE',  ( 25.61059922426250068, 26.14249900376395175, 168.7519770277874898 ) ) ;
#4154 = LINE ( 'NONE', #1667, #2640 ) ;
#4155 = VERTEX_POINT ( 'NONE', #4833 ) ;
#4156 = CARTESIAN_POINT ( 'NONE',  ( 19.59133963742835860, 29.93672280800347352, 166.5944079369353403 ) ) ;
#4157 = CARTESIAN_POINT ( 'NONE',  ( 12.86182647198210027, 25.89792795845379914, 166.1509505208335042 ) ) ;
#4158 = CARTESIAN_POINT ( 'NONE',  ( 25.16091362069520088, 26.72919588433884996, 169.0302959394755078 ) ) ;
#4159 = ORIENTED_EDGE ( 'NONE', *, *, #1067, .F. ) ;
#4160 = CARTESIAN_POINT ( 'NONE',  ( 21.23684753167339778, 29.60742982849710359, 165.9420478336894860 ) ) ;
#4161 = CARTESIAN_POINT ( 'NONE',  ( 22.01954008931230078, 29.47071519106999915, 162.2909989710090031 ) ) ;
#4162 = CARTESIAN_POINT ( 'NONE',  ( 25.17159244898954995, 23.11454538093130040, 153.9175833333334822 ) ) ;
#4163 = CARTESIAN_POINT ( 'NONE',  ( 13.12581925903008084, 25.00922248501509770, 168.8941927951390198 ) ) ;
#4164 = CARTESIAN_POINT ( 'NONE',  ( 25.31451349572759923, 25.45792785952944826, 160.2669446305919791 ) ) ;
#4165 = EDGE_CURVE ( 'NONE', #2825, #2103, #4906, .T. ) ;
#4166 = CARTESIAN_POINT ( 'NONE',  ( 25.59650317479820103, 25.03336947059264972, 161.6486347734969797 ) ) ;
#4167 = DIRECTION ( 'NONE',  ( 0.000000000000000000, -0.04490276582358731366, -0.9989913621355253071 ) ) ;
#4168 = CARTESIAN_POINT ( 'NONE',  ( 13.86169693150004001, 25.27678861596070092, 172.2139562499999954 ) ) ;
#4169 = CARTESIAN_POINT ( 'NONE',  ( 14.16617910359312127, 26.15698755723814983, 172.1540854166665042 ) ) ;
#4170 = CARTESIAN_POINT ( 'NONE',  ( 14.11979331389463965, 22.20211448439405189, 173.4740045138890139 ) ) ;
#4171 = VECTOR ( 'NONE', #3867, 1000.000000000000000 ) ;
#4172 = CARTESIAN_POINT ( 'NONE',  ( 14.09679669430874149, 25.56188275209915162, 173.0650991186520002 ) ) ;
#4173 = EDGE_LOOP ( 'NONE', ( #1141, #5737, #3095, #6141 ) ) ;
#4174 = CARTESIAN_POINT ( 'NONE',  ( 14.81581931765710181, 23.36562803426659940, 166.3064867295055080 ) ) ;
#4175 = CARTESIAN_POINT ( 'NONE',  ( 12.30681290661750005, 24.77745555071399863, 165.0469750000000033 ) ) ;
#4176 = CARTESIAN_POINT ( 'NONE',  ( 23.35337608720099922, 27.10088417503079938, 152.3376041666664946 ) ) ;
#4177 = EDGE_CURVE ( 'NONE', #1499, #1415, #509, .T. ) ;
#4178 = AXIS2_PLACEMENT_3D ( 'NONE', #4042, #5086, #4167 ) ;
#4179 = CARTESIAN_POINT ( 'NONE',  ( 13.08252942441204603, 24.99672515439531395, 168.7020059934934579 ) ) ;
#4180 = CARTESIAN_POINT ( 'NONE',  ( 25.54245411177040026, 24.74703006982059961, 160.1062458333335030 ) ) ;
#4181 = PRESENTATION_STYLE_ASSIGNMENT (( #5614 ) ) ;
#4182 = CARTESIAN_POINT ( 'NONE',  ( 23.95632270904755146, 24.97763792460079912, 149.3056539154605957 ) ) ;
#4183 = CARTESIAN_POINT ( 'NONE',  ( 25.92226183477044898, 25.57987205743300052, 169.0107891400290043 ) ) ;
#4184 = CARTESIAN_POINT ( 'NONE',  ( 12.86537480922801890, 23.22202466983479852, 168.1894499999999937 ) ) ;
#4185 = VERTEX_POINT ( 'NONE', #5849 ) ;
#4186 = CARTESIAN_POINT ( 'NONE',  ( 23.59079547647879949, 28.37493343148125291, 163.8697388888890032 ) ) ;
#4187 = CARTESIAN_POINT ( 'NONE',  ( 22.38525562284274883, 18.60965483464999792, 149.8801145833332100 ) ) ;
#4188 = CARTESIAN_POINT ( 'NONE',  ( 21.00359619421895374, 29.75799640088805020, 164.9260717674055172 ) ) ;
#4189 = CARTESIAN_POINT ( 'NONE',  ( 17.18964220072387761, 29.63386205935952944, 166.8538422679846178 ) ) ;
#4190 = B_SPLINE_SURFACE_WITH_KNOTS ( 'NONE', 3, 1, ( 
 ( #684, #6187 ),
 ( #5176, #2668 ),
 ( #3685, #5209 ),
 ( #776, #5730 ),
 ( #5095, #2753 ),
 ( #4725, #2257 ),
 ( #655, #4666 ),
 ( #2431, #1999 ),
 ( #2085, #1090 ),
 ( #664, #1743 ),
 ( #3202, #5731 ) ),
 .UNSPECIFIED., .F., .F., .F.,
 ( 4, 1, 1, 1, 1, 1, 1, 1, 4 ),
 ( 2, 2 ),
 ( 0.000000000000000000, 0.1519205415111284929, 0.2950382490915224865, 0.4297143724518650010, 0.5568109173366390108, 0.6759917724890560642, 0.7895108388527970478, 0.8974507769928310452, 1.000000000000000000 ),
 ( 0.000000000000000000, 1.000000000000000000 ),
 .UNSPECIFIED. ) ;
#4191 = DIRECTION ( 'NONE',  ( 0.1006318910984286413, 0.05303758115645542531, 0.9935090525400493977 ) ) ;
#4192 = VERTEX_POINT ( 'NONE', #478 ) ;
#4193 = CARTESIAN_POINT ( 'NONE',  ( 26.17239712477516633, 24.29706408195819733, 165.9859239493009682 ) ) ;
#4194 = CARTESIAN_POINT ( 'NONE',  ( 26.18571260122489974, 25.00185366768474893, 170.4676784327929795 ) ) ;
#4195 = B_SPLINE_CURVE_WITH_KNOTS ( 'NONE', 3,
 ( #4858, #5452, #5978, #5908 ),
 .UNSPECIFIED., .F., .F.,
 ( 4, 4 ),
 ( 0.000000000000000000, 1.000000000000000000 ),
 .UNSPECIFIED. ) ;
#4196 = CARTESIAN_POINT ( 'NONE',  ( 25.04223508664269815, 23.07406436307539721, 153.1434499999999730 ) ) ;
#4197 = CARTESIAN_POINT ( 'NONE',  ( 13.93908530739763840, 25.18968157395644880, 172.7383434209619963 ) ) ;
#4198 = CARTESIAN_POINT ( 'NONE',  ( 24.09011196316944847, 24.92459463050380108, 149.9675541666665879 ) ) ;
#4199 = CARTESIAN_POINT ( 'NONE',  ( 13.18839544575089917, 26.19509978854829768, 167.4427011809705164 ) ) ;
#4200 = CARTESIAN_POINT ( 'NONE',  ( 15.19687305827760149, 23.49963136094470073, 164.1122486963429878 ) ) ;
#4201 = CARTESIAN_POINT ( 'NONE',  ( 12.69757811846769968, 25.53158327827744856, 166.0180369468685058 ) ) ;
#4202 = CARTESIAN_POINT ( 'NONE',  ( 14.07451544327019910, 25.94266581327629950, 172.1707006944445197 ) ) ;
#4203 = CARTESIAN_POINT ( 'NONE',  ( 14.09375683468736007, 22.33296895858629938, 173.4728953125000146 ) ) ;
#4204 = ADVANCED_FACE ( 'NONE', ( #1469 ), #1436, .F. ) ;
#4205 = CARTESIAN_POINT ( 'NONE',  ( 13.91528784458025925, 23.17388272727309939, 163.7091895387814873 ) ) ;
#4206 = CARTESIAN_POINT ( 'NONE',  ( 13.47494076784844097, 21.31595024708124697, 168.8450706009789997 ) ) ;
#4207 = B_SPLINE_CURVE_WITH_KNOTS ( 'NONE', 3,
 ( #3439, #3917, #4889, #6294, #2815, #2402, #1454, #3954, #5342, #2436 ),
 .UNSPECIFIED., .F., .F.,
 ( 4, 2, 2, 2, 4 ),
 ( 0.000000000000000000, 0.2500000000000000000, 0.5000000000000000000, 0.7500000000000000000, 1.000000000000000000 ),
 .UNSPECIFIED. ) ;
#4208 = CARTESIAN_POINT ( 'NONE',  ( 24.22614120763529755, 26.71695073533604869, 156.2015999999999849 ) ) ;
#4209 = CARTESIAN_POINT ( 'NONE',  ( 23.58859334865620028, 25.45775130217120363, 148.4226438016769976 ) ) ;
#4210 = CARTESIAN_POINT ( 'NONE',  ( 15.01436275463289860, 23.48141158895525038, 168.5145366191679841 ) ) ;
#4211 = CARTESIAN_POINT ( 'NONE',  ( 24.29649446340100027, 24.16956370325189951, 149.9879416666665861 ) ) ;
#4212 = ADVANCED_FACE ( 'NONE', ( #1542 ), #68, .T. ) ;
#4213 = CARTESIAN_POINT ( 'NONE',  ( 24.73355197981399911, 27.09345453054764974, 163.7886597222220075 ) ) ;
#4214 = CARTESIAN_POINT ( 'NONE',  ( 25.22730796221960148, 25.43012540991555070, 159.3152979166665091 ) ) ;
#4215 = CARTESIAN_POINT ( 'NONE',  ( 26.38494775853105168, 24.41709009680585041, 171.5218562499999848 ) ) ;
#4216 = DIRECTION ( 'NONE',  ( 0.9914355952878134426, 0.07786001848332324560, -0.1048488336514791647 ) ) ;
#4217 = CARTESIAN_POINT ( 'NONE',  ( 12.29601418986806038, 24.64641118099105199, 165.0501725694445270 ) ) ;
#4218 = ORIENTED_EDGE ( 'NONE', *, *, #894, .T. ) ;
#4219 = CARTESIAN_POINT ( 'NONE',  ( 24.23778838685045045, 27.71361310906209852, 163.8188526041665227 ) ) ;
#4220 = CARTESIAN_POINT ( 'NONE',  ( 25.60732695177160068, 21.63978570856849970, 162.9084875000000068 ) ) ;
#4221 = CARTESIAN_POINT ( 'NONE',  ( 24.99710945011549867, 26.75698119232059824, 164.1704517361110049 ) ) ;
#4222 = CARTESIAN_POINT ( 'NONE',  ( 25.21266795991340004, 26.41991429835309901, 164.1608083333334775 ) ) ;
#4223 = ORIENTED_EDGE ( 'NONE', *, *, #1719, .T. ) ;
#4224 = FACE_OUTER_BOUND ( 'NONE', #3242, .T. ) ;
#4225 = CARTESIAN_POINT ( 'NONE',  ( 25.16861869677372354, 25.86778092700863141, 160.6420233796708885 ) ) ;
#4226 = CARTESIAN_POINT ( 'NONE',  ( 21.68773059729419828, 29.63957987008235051, 162.3252497601814923 ) ) ;
#4227 = CARTESIAN_POINT ( 'NONE',  ( 17.17879360599134841, 12.45369108919706136, 156.2117701897365123 ) ) ;
#4228 = CARTESIAN_POINT ( 'NONE',  ( 23.46474660861160189, 20.02351850504324915, 148.9638833333331718 ) ) ;
#4229 = CARTESIAN_POINT ( 'NONE',  ( 11.78275516995752170, 24.71158375285484965, 161.9403920195134106 ) ) ;
#4230 = CARTESIAN_POINT ( 'NONE',  ( 13.65084711207881973, 24.77523980712400231, 171.5930625000000020 ) ) ;
#4231 = PLANE ( 'NONE',  #4401 ) ;
#4232 = CARTESIAN_POINT ( 'NONE',  ( 14.34521253894047987, 23.22714169188860112, 164.0974645826715346 ) ) ;
#4233 = B_SPLINE_CURVE_WITH_KNOTS ( 'NONE', 3,
 ( #4048, #6035, #6064, #1593, #5549, #1110, #3085, #618, #2325, #2288, #5172 ),
 .UNSPECIFIED., .F., .F.,
 ( 4, 1, 1, 1, 1, 1, 1, 1, 4 ),
 ( 0.000000000000000000, 0.1243685579384350010, 0.2435107105163245023, 0.3617633613345490051, 0.4794812396158579793, 0.5995776048743550746, 0.7255093020253550185, 0.8582463312673980216, 1.000000000000000000 ),
 .UNSPECIFIED. ) ;
#4234 = CARTESIAN_POINT ( 'NONE',  ( 14.02524688253995855, 22.72698947083175014, 173.4691875000000039 ) ) ;
#4235 = CARTESIAN_POINT ( 'NONE',  ( 14.50550691132499992, 23.41641687646094638, 163.5419617698229899 ) ) ;
#4236 = CARTESIAN_POINT ( 'NONE',  ( 13.35419412645151915, 21.02761849721539988, 167.6796083333335048 ) ) ;
#4237 = B_SPLINE_CURVE_WITH_KNOTS ( 'NONE', 3,
 ( #3227, #4166, #122, #2063 ),
 .UNSPECIFIED., .F., .F.,
 ( 4, 4 ),
 ( 0.000000000000000000, 1.000000000000000000 ),
 .UNSPECIFIED. ) ;
#4238 = LINE ( 'NONE', #3400, #870 ) ;
#4239 = B_SPLINE_SURFACE_WITH_KNOTS ( 'NONE', 3, 1, ( 
 ( #893, #2214 ),
 ( #1756, #5714 ),
 ( #1826, #3252 ),
 ( #3800, #796 ),
 ( #300, #2770 ),
 ( #4741, #1000 ),
 ( #1144, #3458 ),
 ( #2460, #3089 ),
 ( #4432, #6068 ),
 ( #5925, #2976 ),
 ( #4462, #24 ) ),
 .UNSPECIFIED., .F., .F., .F.,
 ( 4, 1, 1, 1, 1, 1, 1, 1, 4 ),
 ( 2, 2 ),
 ( 0.000000000000000000, 0.1308896622943173937, 0.2575998520776530132, 0.3824328788467895035, 0.5051108615621899833, 0.6277220031422220403, 0.7498776550595189772, 0.8743292168483930427, 1.000000000000000000 ),
 ( 0.000000000000000000, 1.000000000000000000 ),
 .UNSPECIFIED. ) ;
#4240 = CARTESIAN_POINT ( 'NONE',  ( 25.63194124559875320, 24.92601371845314873, 161.6603526725760105 ) ) ;
#4241 = CARTESIAN_POINT ( 'NONE',  ( 14.53899209226271871, 23.34484682795875088, 166.3570927685754839 ) ) ;
#4242 = LINE ( 'NONE', #1392, #6153 ) ;
#4243 = ORIENTED_EDGE ( 'NONE', *, *, #3183, .T. ) ;
#4244 = CARTESIAN_POINT ( 'NONE',  ( 19.02158852430870084, 29.97208663034064813, 165.3986541370574912 ) ) ;
#4245 = CARTESIAN_POINT ( 'NONE',  ( 12.99820566837539815, 25.13797660723825089, 168.1175000000000068 ) ) ;
#4246 = ORIENTED_EDGE ( 'NONE', *, *, #6290, .F. ) ;
#4247 = CARTESIAN_POINT ( 'NONE',  ( 21.23684753161249716, 29.60742982756335095, 165.9420478337455052 ) ) ;
#4248 = EDGE_CURVE ( 'NONE', #1640, #569, #3816, .T. ) ;
#4249 = CARTESIAN_POINT ( 'NONE',  ( 21.78647292239190136, 17.93225823529425256, 162.9316354166664951 ) ) ;
#4250 = CARTESIAN_POINT ( 'NONE',  ( 25.20752051943509997, 26.68760897478075123, 168.3731064149464771 ) ) ;
#4251 = CARTESIAN_POINT ( 'NONE',  ( 25.07077195499289957, 26.64614158869030192, 164.1669194444445168 ) ) ;
#4252 = ORIENTED_EDGE ( 'NONE', *, *, #607, .F. ) ;
#4253 = CARTESIAN_POINT ( 'NONE',  ( 16.40698956080565196, 23.75310082115484889, 167.5091354354950113 ) ) ;
#4254 = CARTESIAN_POINT ( 'NONE',  ( 15.14358910702769911, 23.58920783066485072, 166.2038671643315126 ) ) ;
#4255 = CARTESIAN_POINT ( 'NONE',  ( 24.59144868627900138, 27.12957795343535139, 162.2131208333335053 ) ) ;
#4256 = ADVANCED_FACE ( 'NONE', ( #5906 ), #4342, .T. ) ;
#4257 = PRODUCT ( 'H3 RH60', 'H3 RH60', '', ( #5512 ) ) ;
#4258 = CARTESIAN_POINT ( 'NONE',  ( 25.49879087727229887, 21.48903711890424972, 161.4836500000000115 ) ) ;
#4259 = CARTESIAN_POINT ( 'NONE',  ( 11.71677601918104727, 23.35410221053969693, 161.4520974002472826 ) ) ;
#4260 = CARTESIAN_POINT ( 'NONE',  ( 13.88276158329175836, 24.01363297666845042, 173.1785312500000202 ) ) ;
#4261 = CARTESIAN_POINT ( 'NONE',  ( 15.87811311715435103, 23.50957965511080161, 167.5407400619284886 ) ) ;
#4262 = CARTESIAN_POINT ( 'NONE',  ( 15.76045292892735006, 23.36523818169855105, 164.5474653253259874 ) ) ;
#4263 = CARTESIAN_POINT ( 'NONE',  ( 14.83272908462894080, 23.46592422155195123, 164.0370726892950017 ) ) ;
#4264 = CARTESIAN_POINT ( 'NONE',  ( 13.33539423062204143, 25.49879360858485100, 169.2485666666665054 ) ) ;
#4265 = CARTESIAN_POINT ( 'NONE',  ( 13.92466950548099902, 22.24188368960410145, 172.3033631944445006 ) ) ;
#4266 = UNCERTAINTY_MEASURE_WITH_UNIT (LENGTH_MEASURE( 1.000000000000000082E-05 ), #57, 'distance_accuracy_value', 'NONE');
#4267 = CARTESIAN_POINT ( 'NONE',  ( 15.05538948665670063, 23.38283777550010001, 166.2454581978739725 ) ) ;
#4268 = CARTESIAN_POINT ( 'NONE',  ( 25.66231781089030051, 25.29218664403704864, 163.2376556095415197 ) ) ;
#4269 = CARTESIAN_POINT ( 'NONE',  ( 25.53697518909680042, 25.17691345085000165, 161.5377785308255056 ) ) ;
#4270 = CARTESIAN_POINT ( 'NONE',  ( 25.24962775668149817, 25.99108582856360172, 162.0559196251489880 ) ) ;
#4271 = CARTESIAN_POINT ( 'NONE',  ( 12.56902010639759837, 27.32252197826300133, 161.4626765625000075 ) ) ;
#4272 = CARTESIAN_POINT ( 'NONE',  ( 16.35335054596604820, 23.53396817156639997, 167.2027471176854760 ) ) ;
#4273 = ORIENTED_EDGE ( 'NONE', *, *, #6198, .T. ) ;
#4274 = ORIENTED_EDGE ( 'NONE', *, *, #5679, .F. ) ;
#4275 = CARTESIAN_POINT ( 'NONE',  ( 15.30625801035805011, 23.51088127515374993, 164.1598518499630188 ) ) ;
#4276 = CARTESIAN_POINT ( 'NONE',  ( 13.68417295046156035, 23.19349938497045116, 164.5738602835575080 ) ) ;
#4277 = CARTESIAN_POINT ( 'NONE',  ( 25.95331549179224950, 23.12868628682345218, 162.5226250000000050 ) ) ;
#4278 = CARTESIAN_POINT ( 'NONE',  ( 21.46769412850934700, 29.22268817603805147, 168.9497250000000008 ) ) ;
#4279 = AXIS2_PLACEMENT_3D ( 'NONE', #4453, #3448, #1500 ) ;
#4280 = CARTESIAN_POINT ( 'NONE',  ( 24.98194227145864943, 26.85368178570625020, 164.8287583333334965 ) ) ;
#4281 = CARTESIAN_POINT ( 'NONE',  ( 25.17911839639450022, 25.54795222226060147, 159.3147041666665018 ) ) ;
#4282 = ADVANCED_FACE ( 'NONE', ( #5414 ), #2957, .T. ) ;
#4283 = CARTESIAN_POINT ( 'NONE',  ( 25.53528400203144955, 25.69815487614054916, 163.6288221985574864 ) ) ;
#4284 = ORIENTED_EDGE ( 'NONE', *, *, #686, .F. ) ;
#4285 = CARTESIAN_POINT ( 'NONE',  ( 15.09772818187530063, 27.34138177151860205, 172.9421624999999949 ) ) ;
#4286 = CARTESIAN_POINT ( 'NONE',  ( 12.99089594029906003, 25.88673220748079729, 166.8090506533494874 ) ) ;
#4287 = CARTESIAN_POINT ( 'NONE',  ( 13.07444591239909926, 25.13551752780974979, 168.5030541666664874 ) ) ;
#4288 = CARTESIAN_POINT ( 'NONE',  ( 24.73182353092569841, 27.10508604061964988, 163.6558041666665133 ) ) ;
#4289 = CARTESIAN_POINT ( 'NONE',  ( 24.11204131552925389, 20.06489248246260004, 151.8766999999999996 ) ) ;
#4290 = CARTESIAN_POINT ( 'NONE',  ( 12.04454082366757994, 25.24855590892018498, 163.0414582563705608 ) ) ;
#4291 = CARTESIAN_POINT ( 'NONE',  ( 13.92312954785630197, 24.04240869065549902, 173.4433715277779982 ) ) ;
#4292 = DIRECTION ( 'NONE',  ( 0.1006318910984296267, 0.05303758115645541837, 0.9935090525400491757 ) ) ;
#4293 = CARTESIAN_POINT ( 'NONE',  ( 12.44719253406680082, 24.16427842782684721, 166.1163906725685138 ) ) ;
#4294 = EDGE_CURVE ( 'NONE', #4804, #6373, #4038, .T. ) ;
#4295 = EDGE_LOOP ( 'NONE', ( #1824, #5589, #951, #321 ) ) ;
#4296 = CARTESIAN_POINT ( 'NONE',  ( 23.91900936995164884, 24.32672665336350093, 147.9877849036265900 ) ) ;
#4297 = CARTESIAN_POINT ( 'NONE',  ( 15.74386981598500235, 23.56434846395515237, 164.5385156960134907 ) ) ;
#4298 = CARTESIAN_POINT ( 'NONE',  ( 25.87560243725824805, 24.10101825850105328, 162.1742622351069940 ) ) ;
#4299 = CARTESIAN_POINT ( 'NONE',  ( 18.90523722559549924, 29.47007652912270004, 170.9199250000000063 ) ) ;
#4300 = CARTESIAN_POINT ( 'NONE',  ( 13.29477743987791882, 22.06227882571505461, 169.1012826369885147 ) ) ;
#4301 = CARTESIAN_POINT ( 'NONE',  ( 25.73332177903311546, 25.96288769999879875, 170.1401119185404980 ) ) ;
#4302 = CARTESIAN_POINT ( 'NONE',  ( 26.29373589270379696, 24.44983606862279757, 169.1599435541239984 ) ) ;
#4303 = CARTESIAN_POINT ( 'NONE',  ( 25.25589309432304930, 20.41646111699079924, 170.6877505254135201 ) ) ;
#4304 = DIRECTION ( 'NONE',  ( 0.1006318910984311671, 0.05303758115645423182, 0.9935090525400490646 ) ) ;
#4305 = CARTESIAN_POINT ( 'NONE',  ( 13.41000738197089959, 23.52038403139699696, 167.8849038775110216 ) ) ;
#4306 = CARTESIAN_POINT ( 'NONE',  ( 23.15105408572385315, 27.02348465163544944, 150.9171993055554992 ) ) ;
#4307 = CARTESIAN_POINT ( 'NONE',  ( 12.97132528569092003, 23.16480510034109841, 165.2563361728699931 ) ) ;
#4308 = CARTESIAN_POINT ( 'NONE',  ( 24.20430832400320043, 24.54846781641860076, 149.9752166666665687 ) ) ;
#4309 = CARTESIAN_POINT ( 'NONE',  ( 24.64386275708815077, 27.20406341535964856, 163.6615866319444876 ) ) ;
#4310 = CARTESIAN_POINT ( 'NONE',  ( 12.30189990753494023, 26.98125683475944925, 161.2322631944444993 ) ) ;
#4311 = PLANE ( 'NONE',  #2121 ) ;
#4312 = VERTEX_POINT ( 'NONE', #1731 ) ;
#4313 = CARTESIAN_POINT ( 'NONE',  ( 12.26349843909776105, 23.99154527106729873, 165.1959083333335059 ) ) ;
#4314 = EDGE_LOOP ( 'NONE', ( #5375, #5107, #3721, #6403, #1866 ) ) ;
#4315 = CARTESIAN_POINT ( 'NONE',  ( 14.94120940714161527, 28.69486130834647142, 165.1186455699496207 ) ) ;
#4316 = CARTESIAN_POINT ( 'NONE',  ( 16.28437457975485003, 23.77349651920179952, 168.1900945078224936 ) ) ;
#4317 = CARTESIAN_POINT ( 'NONE',  ( 21.61783527701540208, 29.57491355100584940, 164.7287774908589881 ) ) ;
#4318 = CARTESIAN_POINT ( 'NONE',  ( 17.72662917701985208, 17.51979367913849828, 163.4743870386909919 ) ) ;
#4319 = B_SPLINE_CURVE_WITH_KNOTS ( 'NONE', 3,
 ( #2750, #2644, #4643, #1091 ),
 .UNSPECIFIED., .F., .F.,
 ( 4, 4 ),
 ( 0.001806748983856469983, 0.001890275183981900099 ),
 .UNSPECIFIED. ) ;
#4320 = CARTESIAN_POINT ( 'NONE',  ( 19.95735770906464879, 29.51057042125875185, 169.6298093750000078 ) ) ;
#4321 = CARTESIAN_POINT ( 'NONE',  ( 14.04363684700097714, 27.50046427991123821, 167.2863886297100180 ) ) ;
#4322 = CARTESIAN_POINT ( 'NONE',  ( 25.92226183477044898, 25.57987205743300052, 169.0107891400290043 ) ) ;
#4323 = ORIENTED_EDGE ( 'NONE', *, *, #2744, .F. ) ;
#4324 = CARTESIAN_POINT ( 'NONE',  ( 14.46695138522506063, 26.40651647377599787, 173.3077858377110090 ) ) ;
#4325 = CARTESIAN_POINT ( 'NONE',  ( 26.25085606667745353, 24.37339722749275950, 167.5387950429697526 ) ) ;
#4326 = CARTESIAN_POINT ( 'NONE',  ( 13.42763115166581933, 25.25083509167490092, 170.0308124999999961 ) ) ;
#4327 = CARTESIAN_POINT ( 'NONE',  ( 23.59737882272914788, 28.32721962448419717, 162.5424000000000149 ) ) ;
#4328 = CARTESIAN_POINT ( 'NONE',  ( 15.54996627516819885, 23.31052890397134902, 163.7203186894249995 ) ) ;
#4329 = EDGE_CURVE ( 'NONE', #4034, #5336, #4964, .T. ) ;
#4330 = CARTESIAN_POINT ( 'NONE',  ( 24.76155763324494785, 20.19274567423375188, 162.0403000000000020 ) ) ;
#4331 = CARTESIAN_POINT ( 'NONE',  ( 12.20504651257375173, 24.71983169936862978, 164.4203868716081161 ) ) ;
#4332 = CARTESIAN_POINT ( 'NONE',  ( 13.85237625498965919, 23.38869921156665299, 168.6049722899990115 ) ) ;
#4333 = CARTESIAN_POINT ( 'NONE',  ( 25.19248465171174800, 26.69889490329484971, 168.7676872037589817 ) ) ;
#4334 = ORIENTED_EDGE ( 'NONE', *, *, #2267, .T. ) ;
#4335 = CARTESIAN_POINT ( 'NONE',  ( 16.34614797608914927, 23.46965552876145011, 165.7852730537624950 ) ) ;
#4336 = CARTESIAN_POINT ( 'NONE',  ( 26.24206676612759992, 22.66928168912960118, 167.2701000000000136 ) ) ;
#4337 = EDGE_CURVE ( 'NONE', #23, #5803, #150, .T. ) ;
#4338 = CARTESIAN_POINT ( 'NONE',  ( 12.67624384392136072, 25.27826461668914959, 166.3126597222220084 ) ) ;
#4339 = CARTESIAN_POINT ( 'NONE',  ( 15.61080967802115005, 23.51971939927919664, 168.2616247175169804 ) ) ;
#4340 = CARTESIAN_POINT ( 'NONE',  ( 26.18571260122489974, 25.00185366768474893, 170.4676784327929795 ) ) ;
#4341 = CARTESIAN_POINT ( 'NONE',  ( 13.93791229917690089, 23.35904863358400263, 167.7868167466644991 ) ) ;
#4342 = CYLINDRICAL_SURFACE ( 'NONE', #5843, 5.999736271262461784 ) ;
#4343 = CARTESIAN_POINT ( 'NONE',  ( 14.15721777511629931, 23.62546289750294903, 168.8381509954305102 ) ) ;
#4344 = CARTESIAN_POINT ( 'NONE',  ( 23.70394731198394922, 25.74965637432529775, 149.7070331518735884 ) ) ;
#4345 = CARTESIAN_POINT ( 'NONE',  ( 25.37811171275685140, 24.79275090449450047, 158.5412833333334959 ) ) ;
#4346 = CARTESIAN_POINT ( 'NONE',  ( 12.96258119670889997, 25.76491835756964832, 166.9270750000000021 ) ) ;
#4347 = CARTESIAN_POINT ( 'NONE',  ( 12.50367281584770041, 20.38652194406465057, 162.4594576388890061 ) ) ;
#4348 = CARTESIAN_POINT ( 'NONE',  ( 13.00868802411359404, 23.32680343798523381, 168.7912249507857894 ) ) ;
#4349 = VERTEX_POINT ( 'NONE', #4013 ) ;
#4350 = CARTESIAN_POINT ( 'NONE',  ( 21.18949041785985443, 29.67223172121144970, 165.3515348042714947 ) ) ;
#4351 = ORIENTED_EDGE ( 'NONE', *, *, #982, .F. ) ;
#4352 = CARTESIAN_POINT ( 'NONE',  ( 15.93182666511394885, 23.39757368851214636, 164.9493168144284709 ) ) ;
#4353 = CARTESIAN_POINT ( 'NONE',  ( 16.19402611002784909, 23.77317457012680180, 168.3503419836040109 ) ) ;
#4354 = CARTESIAN_POINT ( 'NONE',  ( 13.37330292374815777, 23.42974166325252838, 170.4057732770621385 ) ) ;
#4355 = CARTESIAN_POINT ( 'NONE',  ( 24.48064831073940084, 27.41238247895620006, 163.6712456163194815 ) ) ;
#4356 = CARTESIAN_POINT ( 'NONE',  ( 25.76332874645375171, 24.76512942339454781, 162.4543042853335066 ) ) ;
#4357 = CARTESIAN_POINT ( 'NONE',  ( 19.82245638551830069, 29.97663594079704907, 164.9194870670210094 ) ) ;
#4358 = CARTESIAN_POINT ( 'NONE',  ( 25.34143242075344915, 26.52080389025399754, 169.2787672964865351 ) ) ;
#4359 = CARTESIAN_POINT ( 'NONE',  ( 24.84730798797960105, 25.40282405900375196, 155.4089250000000106 ) ) ;
#4360 = CARTESIAN_POINT ( 'NONE',  ( 25.95928942974270015, 25.38013349519950168, 167.1690500000000270 ) ) ;
#4361 = EDGE_LOOP ( 'NONE', ( #3853, #5441, #2297, #5266 ) ) ;
#4362 = CARTESIAN_POINT ( 'NONE',  ( 16.23897033976560422, 28.38550583002599836, 173.0571708333334868 ) ) ;
#4363 = CARTESIAN_POINT ( 'NONE',  ( 14.23639673278495899, 23.21958646546374894, 164.1310058084544892 ) ) ;
#4364 = CARTESIAN_POINT ( 'NONE',  ( 12.67624384392136072, 25.27826461668914959, 166.3126597222220084 ) ) ;
#4365 = CARTESIAN_POINT ( 'NONE',  ( 25.54132424189554840, 25.39823406730394950, 162.4440492640725040 ) ) ;
#4366 = CARTESIAN_POINT ( 'NONE',  ( 25.73098172199574662, 25.31128015306504864, 164.0233104166665044 ) ) ;
#4367 = CARTESIAN_POINT ( 'NONE',  ( 12.77758381427671885, 25.87477829105100113, 165.4883453889870282 ) ) ;
#4368 = CARTESIAN_POINT ( 'NONE',  ( 12.20959015590490537, 24.55935050684140464, 164.5578608876346607 ) ) ;
#4369 = CARTESIAN_POINT ( 'NONE',  ( 25.46869976629695032, 21.42933440599139772, 160.9651666666665051 ) ) ;
#4370 = CARTESIAN_POINT ( 'NONE',  ( 12.19550565607459980, 24.89491512060810408, 164.2261869665109941 ) ) ;
#4371 = CARTESIAN_POINT ( 'NONE',  ( 25.16340229897129888, 26.71011448334434846, 166.3992562500000076 ) ) ;
#4372 = ORIENTED_EDGE ( 'NONE', *, *, #1130, .F. ) ;
#4373 = CARTESIAN_POINT ( 'NONE',  ( 25.39049302243644846, 25.22215800338020131, 160.0987083333335192 ) ) ;
#4374 = CARTESIAN_POINT ( 'NONE',  ( 13.52952785713394057, 23.35313841609140084, 163.9425793434665195 ) ) ;
#4375 = CARTESIAN_POINT ( 'NONE',  ( 15.11418745368340133, 23.48918546616985026, 168.5025198787410261 ) ) ;
#4376 = CARTESIAN_POINT ( 'NONE',  ( 13.92132918623456028, 23.55815891584065369, 167.7778671173520024 ) ) ;
#4377 = CARTESIAN_POINT ( 'NONE',  ( 26.14974573999129959, 21.99431019589514946, 169.2983062499999960 ) ) ;
#4378 = EDGE_CURVE ( 'NONE', #3156, #2243, #581, .T. ) ;
#4379 = CARTESIAN_POINT ( 'NONE',  ( 13.65816025675963985, 23.56337477908795108, 168.3815448670440276 ) ) ;
#4380 = CARTESIAN_POINT ( 'NONE',  ( 22.98733476086674798, 26.90996563564104704, 149.7552345622465850 ) ) ;
#4381 = CARTESIAN_POINT ( 'NONE',  ( 12.69757811846769968, 25.53158327827744856, 166.0180369468685058 ) ) ;
#4382 = CARTESIAN_POINT ( 'NONE',  ( 24.98347490033669871, 24.73435650998049695, 154.6395249999999919 ) ) ;
#4383 = CARTESIAN_POINT ( 'NONE',  ( 13.73670940918283989, 25.72155658514084919, 170.7671041666665133 ) ) ;
#4384 = CARTESIAN_POINT ( 'NONE',  ( 11.93694931944911986, 21.71553097056624893, 161.5655624999999986 ) ) ;
#4385 = CARTESIAN_POINT ( 'NONE',  ( 25.44972071935420033, 25.04216395121505201, 160.0660307757804901 ) ) ;
#4386 = ORIENTED_EDGE ( 'NONE', *, *, #2069, .T. ) ;
#4387 = ADVANCED_FACE ( 'NONE', ( #3537 ), #1520, .T. ) ;
#4388 = CARTESIAN_POINT ( 'NONE',  ( 21.16536091875394732, 29.70280999298364577, 165.0162399694644932 ) ) ;
#4389 = ORIENTED_EDGE ( 'NONE', *, *, #2492, .F. ) ;
#4390 = CARTESIAN_POINT ( 'NONE',  ( 16.40698956080565196, 23.75310082115484889, 167.5091354354950113 ) ) ;
#4391 = VECTOR ( 'NONE', #2944, 1000.000000000000114 ) ;
#4392 = CARTESIAN_POINT ( 'NONE',  ( 13.77343609127494162, 23.39493226226374745, 164.4204568693870101 ) ) ;
#4393 = CARTESIAN_POINT ( 'NONE',  ( 19.42878641876155044, 29.99060591298885114, 165.0944989785380130 ) ) ;
#4394 = CARTESIAN_POINT ( 'NONE',  ( 24.99824818920594893, 26.91160039052275010, 169.5579352245375162 ) ) ;
#4395 = CARTESIAN_POINT ( 'NONE',  ( 25.56248644724739449, 26.18614900363487052, 167.5965871257816389 ) ) ;
#4396 = CLOSED_SHELL ( 'NONE', ( #2306, #505, #3657, #5797, #3298, #3552, #697, #5164, #5844, #170, #2516, #5131, #1712, #4204, #5538, #549, #1921, #732, #6323, #4052, #2437, #4256, #248, #4095, #1615, #4496, #3818, #5320, #6039, #3850, #1025, #1097, #5635, #2912, #420, #941, #369, #5332, #282, #3001, #3306, #4387, #2828, #4014, #5158, #3263, #3988, #4282, #2604, #6363, #4102, #5804, #5711, #4618, #5279, #2443, #1648, #5082, #5498, #6189, #4721, #3617, #4580, #542, #5051, #6119, #4417, #4134, #6419, #4212, #3650, #3390, #1208, #61, #5010, #5532, #28, #5977, #2258, #1881, #337 ) ) ;
#4397 = EDGE_LOOP ( 'NONE', ( #2561, #5421, #1393, #6172 ) ) ;
#4398 = CARTESIAN_POINT ( 'NONE',  ( 24.57874026172745019, 20.06236560232764887, 163.3805149305555062 ) ) ;
#4399 = CARTESIAN_POINT ( 'NONE',  ( 16.43666881270165092, 23.66152766968890120, 165.4168330877155029 ) ) ;
#4400 = CARTESIAN_POINT ( 'NONE',  ( 25.31665748817340145, 26.07994830385520046, 163.2381933715205093 ) ) ;
#4401 = AXIS2_PLACEMENT_3D ( 'NONE', #6211, #3733, #1762 ) ;
#4402 = CARTESIAN_POINT ( 'NONE',  ( 24.67533255687969884, 27.26396840663144872, 168.4022704234645005 ) ) ;
#4403 = CARTESIAN_POINT ( 'NONE',  ( 22.64400309820360135, 18.67080986371099982, 150.6207875000000058 ) ) ;
#4404 = CARTESIAN_POINT ( 'NONE',  ( 13.96306717880139914, 26.51533984481889661, 169.9325999999999794 ) ) ;
#4405 = CARTESIAN_POINT ( 'NONE',  ( 15.69095453488009895, 23.35549115368900175, 164.4593908640434847 ) ) ;
#4406 = ORIENTED_EDGE ( 'NONE', *, *, #2569, .F. ) ;
#4407 = CARTESIAN_POINT ( 'NONE',  ( 25.03250599782565189, 24.89977766069594622, 155.4150999999999954 ) ) ;
#4408 = AXIS2_PLACEMENT_3D ( 'NONE', #5274, #244, #4304 ) ;
#4409 = CARTESIAN_POINT ( 'NONE',  ( 24.26229292204254762, 25.89309560677299871, 153.0808749999999918 ) ) ;
#4410 = CARTESIAN_POINT ( 'NONE',  ( 15.67303520915545256, 23.52192076476920235, 168.1953003496669794 ) ) ;
#4411 = CARTESIAN_POINT ( 'NONE',  ( 25.92979292316578110, 25.61457316077786928, 170.3407867751158733 ) ) ;
#4412 = CARTESIAN_POINT ( 'NONE',  ( 25.12152297642115073, 26.72676655784690070, 165.7023531638745055 ) ) ;
#4413 = CARTESIAN_POINT ( 'NONE',  ( 25.27412127865034819, 20.44577051209535057, 169.4894975694444952 ) ) ;
#4414 = CARTESIAN_POINT ( 'NONE',  ( 12.96089426734789996, 23.36162894058595185, 165.1851186021200135 ) ) ;
#4415 = B_SPLINE_CURVE_WITH_KNOTS ( 'NONE', 3,
 ( #1179, #5129, #192, #1206, #5156, #727, #3241, #752, #5677, #2790, #6227, #3720, #884, #1265, #3307 ),
 .UNSPECIFIED., .F., .F.,
 ( 4, 1, 1, 1, 1, 1, 1, 1, 1, 1, 1, 1, 4 ),
 ( 0.000000000000000000, 0.1055165427441035891, 0.2071414670852509965, 0.3052508276931845121, 0.4020789006127410414, 0.4940483075310750372, 0.5780700581724500520, 0.6553953054395539324, 0.7276547067720759987, 0.7972328979797850268, 0.8648108494220770881, 0.9316485184721760016, 1.000000000000000000 ),
 .UNSPECIFIED. ) ;
#4416 = CARTESIAN_POINT ( 'NONE',  ( 25.06503451953382466, 26.27139752187803978, 161.6571527638846817 ) ) ;
#4417 = ADVANCED_FACE ( 'NONE', ( #2212 ), #537, .T. ) ;
#4418 = CYLINDRICAL_SURFACE ( 'NONE', #474, 5.525738028430749793 ) ;
#4419 = CARTESIAN_POINT ( 'NONE',  ( 15.04954222492639992, 23.70757624504945227, 169.0115765777040338 ) ) ;
#4420 = CARTESIAN_POINT ( 'NONE',  ( 13.31075619272301935, 25.86402695034470156, 168.4561458333335224 ) ) ;
#4421 = ORIENTED_EDGE ( 'NONE', *, *, #4044, .T. ) ;
#4422 = CARTESIAN_POINT ( 'NONE',  ( 19.10340848579784989, 29.56698474823765110, 169.1937000000000069 ) ) ;
#4423 = CARTESIAN_POINT ( 'NONE',  ( 12.88321379140560019, 21.84407462552849921, 167.0387000000000057 ) ) ;
#4424 = FACE_OUTER_BOUND ( 'NONE', #290, .T. ) ;
#4425 = CARTESIAN_POINT ( 'NONE',  ( 12.69757811846787909, 25.53158327827739882, 166.0180369468695005 ) ) ;
#4426 = EDGE_CURVE ( 'NONE', #2103, #3808, #621, .T. ) ;
#4427 = CARTESIAN_POINT ( 'NONE',  ( 25.25522011189345051, 20.94688003125640208, 162.9891333333335126 ) ) ;
#4428 = CARTESIAN_POINT ( 'NONE',  ( 20.25634328224224845, 29.91900489457539791, 165.0051187500000083 ) ) ;
#4429 = DIRECTION ( 'NONE',  ( 0.4662518374686819289, -0.8846520355807009350, 0.000000000000000000 ) ) ;
#4430 = CARTESIAN_POINT ( 'NONE',  ( 25.31200757363068377, 26.55816886597006032, 168.3619730804673509 ) ) ;
#4431 = VERTEX_POINT ( 'NONE', #4872 ) ;
#4432 = CARTESIAN_POINT ( 'NONE',  ( 16.45554865670809974, 23.65187449625365090, 165.1670872496609945 ) ) ;
#4433 = CARTESIAN_POINT ( 'NONE',  ( 11.96647076890714168, 23.19218662709070244, 163.1240999999999985 ) ) ;
#4434 = CARTESIAN_POINT ( 'NONE',  ( 25.91971605220989971, 25.35969829560024991, 166.3813333333334867 ) ) ;
#4435 = CARTESIAN_POINT ( 'NONE',  ( 21.50957820157664813, 29.17314884255214835, 169.4696585503470203 ) ) ;
#4436 = CARTESIAN_POINT ( 'NONE',  ( 23.94357592430225168, 18.94471129435914847, 155.9168666666665217 ) ) ;
#4437 = CARTESIAN_POINT ( 'NONE',  ( 17.69430212782320311, 29.43490614093559898, 168.6904499999999985 ) ) ;
#4438 = EDGE_LOOP ( 'NONE', ( #5888, #3791, #1552, #1673 ) ) ;
#4439 = CARTESIAN_POINT ( 'NONE',  ( 12.69757811846769968, 25.53158327827744856, 166.0180369468685058 ) ) ;
#4440 = CARTESIAN_POINT ( 'NONE',  ( 23.63922308824420071, 25.34013582327069969, 148.4061608241181887 ) ) ;
#4441 = CARTESIAN_POINT ( 'NONE',  ( 15.90269309069739911, 23.55178485583759951, 163.9647122811774977 ) ) ;
#4442 = CARTESIAN_POINT ( 'NONE',  ( 25.15259967481849657, 24.08448175893585130, 154.6561499999999967 ) ) ;
#4443 = CARTESIAN_POINT ( 'NONE',  ( 20.63955386770130218, 24.48724797178214629, 169.2954836611639848 ) ) ;
#4444 = CARTESIAN_POINT ( 'NONE',  ( 24.85085679907389888, 27.16427810739789805, 166.2096792860450023 ) ) ;
#4445 = CARTESIAN_POINT ( 'NONE',  ( 12.70820829843339972, 24.84236559025795188, 167.0602868401165040 ) ) ;
#4446 = CARTESIAN_POINT ( 'NONE',  ( 26.15503328156114904, 21.99996496730849671, 169.4300791666665020 ) ) ;
#4447 = CARTESIAN_POINT ( 'NONE',  ( 13.18049328941070009, 23.14503895978515047, 164.4290059900755239 ) ) ;
#4448 = DIRECTION ( 'NONE',  ( 0.1006318910984300152, 0.05303758115645531429, 0.9935090525400490646 ) ) ;
#4449 = CARTESIAN_POINT ( 'NONE',  ( 12.78345952963806020, 25.90569802540440136, 165.7675195312500023 ) ) ;
#4450 = B_SPLINE_CURVE_WITH_KNOTS ( 'NONE', 3,
 ( #6071, #725, #3636, #3092, #3549, #165, #2698, #77, #5529, #5615, #5587, #2047, #627, #1085, #4055, #3123, #6041, #2173, #3606 ),
 .UNSPECIFIED., .F., .F.,
 ( 4, 1, 1, 1, 1, 1, 1, 1, 1, 1, 1, 1, 1, 1, 1, 1, 4 ),
 ( 0.000000000000000000, 0.05895252844145110194, 0.1171607427693912018, 0.1738901968693820077, 0.2310196744329705010, 0.2884642645773060066, 0.3474732970525880038, 0.4086589088975794981, 0.4722134071032809688, 0.5365151198845590219, 0.6000696180902620469, 0.6633262713846489467, 0.7276841070586339555, 0.7924677452004249556, 0.8589356749702180549, 0.9285385854395469263, 1.000000000000000000 ),
 .UNSPECIFIED. ) ;
#4451 = CARTESIAN_POINT ( 'NONE',  ( 12.78345952963806020, 25.90569802540440136, 165.7675195312500023 ) ) ;
#4452 = EDGE_LOOP ( 'NONE', ( #3062, #3609, #2574, #1263 ) ) ;
#4453 = CARTESIAN_POINT ( 'NONE',  ( 21.03043250952415022, 23.50038407278879760, 166.7922412634979992 ) ) ;
#4454 = CARTESIAN_POINT ( 'NONE',  ( 24.83078055867554923, 26.09874050091304909, 158.5348729166665009 ) ) ;
#4455 = FACE_OUTER_BOUND ( 'NONE', #4523, .T. ) ;
#4456 = CARTESIAN_POINT ( 'NONE',  ( 25.87224812571944810, 22.39178631248810092, 162.9681958333334819 ) ) ;
#4457 = CARTESIAN_POINT ( 'NONE',  ( 24.96531398906435228, 26.93554598797074817, 165.7070299706165031 ) ) ;
#4458 = CARTESIAN_POINT ( 'NONE',  ( 24.98881446256260119, 26.91936961166640074, 169.1310605924795141 ) ) ;
#4459 = CARTESIAN_POINT ( 'NONE',  ( 15.88572519860445276, 23.51315600618069723, 167.6062015736980015 ) ) ;
#4460 = ORIENTED_EDGE ( 'NONE', *, *, #3151, .T. ) ;
#4461 = CARTESIAN_POINT ( 'NONE',  ( 26.24159250550285094, 24.70452101570515069, 169.0211041666665324 ) ) ;
#4462 = CARTESIAN_POINT ( 'NONE',  ( 16.44607559304495226, 23.64539805645415171, 165.0405531964219961 ) ) ;
#4463 = EDGE_CURVE ( 'NONE', #851, #4349, #49, .T. ) ;
#4464 = CARTESIAN_POINT ( 'NONE',  ( 13.05292278187289945, 26.47889684149144784, 165.9314728383290003 ) ) ;
#4465 = CARTESIAN_POINT ( 'NONE',  ( 12.21233608914804414, 24.41933511631718901, 164.6528536982305582 ) ) ;
#4466 = CARTESIAN_POINT ( 'NONE',  ( 24.35324693559154952, 19.74176103541239868, 162.3757972222220189 ) ) ;
#4467 = CARTESIAN_POINT ( 'NONE',  ( 13.77728528763758042, 26.18962614527299948, 169.9630875000000003 ) ) ;
#4468 = ORIENTED_EDGE ( 'NONE', *, *, #4165, .F. ) ;
#4469 = EDGE_CURVE ( 'NONE', #5430, #758, #3236, .T. ) ;
#4470 = CARTESIAN_POINT ( 'NONE',  ( 24.26011951449400073, 24.87124698059820460, 150.7524458333334962 ) ) ;
#4471 = CARTESIAN_POINT ( 'NONE',  ( 24.94875531203319952, 25.73111992738444798, 157.7501374999999939 ) ) ;
#4472 = CARTESIAN_POINT ( 'NONE',  ( 25.69261515154119735, 24.42790126247010107, 160.7662312500000041 ) ) ;
#4473 = CARTESIAN_POINT ( 'NONE',  ( 25.66188445941540408, 25.31470452436465024, 163.3223192902993048 ) ) ;
#4474 = CARTESIAN_POINT ( 'NONE',  ( 25.54156690946302888, 26.25194280679795966, 169.8560538115268059 ) ) ;
#4475 = CARTESIAN_POINT ( 'NONE',  ( 14.99777964169054023, 23.68052187121190144, 168.5055869898560275 ) ) ;
#4476 = CARTESIAN_POINT ( 'NONE',  ( 15.94513029175015006, 23.67789895127985034, 166.6918500642650258 ) ) ;
#4477 = CARTESIAN_POINT ( 'NONE',  ( 24.67818585590545055, 27.35999918204970172, 166.2167206221554920 ) ) ;
#4478 = CARTESIAN_POINT ( 'NONE',  ( 14.50550691132499992, 23.41641687646094638, 163.5419617698229899 ) ) ;
#4479 = CARTESIAN_POINT ( 'NONE',  ( 25.65565151616771189, 24.22705389166072365, 159.9951667405338185 ) ) ;
#4480 = CARTESIAN_POINT ( 'NONE',  ( 13.01190807487095924, 25.88492585298654802, 166.9193937500000118 ) ) ;
#4481 = CARTESIAN_POINT ( 'NONE',  ( 12.32863416321351835, 23.11712815560696299, 165.3864923511087852 ) ) ;
#4482 = VERTEX_POINT ( 'NONE', #1063 ) ;
#4483 = CARTESIAN_POINT ( 'NONE',  ( 21.49456949164754960, 29.61019225147335021, 164.9092625180259972 ) ) ;
#4484 = CARTESIAN_POINT ( 'NONE',  ( 25.17308783383865034, 26.11774966964965117, 161.9274894909405305 ) ) ;
#4485 = CARTESIAN_POINT ( 'NONE',  ( 12.27981938169011933, 23.09928105013305100, 165.0798829549464983 ) ) ;
#4486 = CARTESIAN_POINT ( 'NONE',  ( 23.75539035988154879, 19.22330958583594906, 163.2623874999999884 ) ) ;
#4487 = CARTESIAN_POINT ( 'NONE',  ( 15.68920324307565295, 23.64707806969164849, 166.4803678661519939 ) ) ;
#4488 = CARTESIAN_POINT ( 'NONE',  ( 25.13588387310189987, 26.75760385318340084, 169.1617353527425109 ) ) ;
#4489 = CARTESIAN_POINT ( 'NONE',  ( 12.85682368696059186, 24.28842394291533324, 168.1193438957274111 ) ) ;
#4490 = ORIENTED_EDGE ( 'NONE', *, *, #1058, .T. ) ;
#4491 = CARTESIAN_POINT ( 'NONE',  ( 26.28171315669964869, 24.11568769842115145, 167.1951000000000249 ) ) ;
#4492 = CARTESIAN_POINT ( 'NONE',  ( 12.80165474606593889, 20.93608202884600189, 164.9463114583334971 ) ) ;
#4493 = CARTESIAN_POINT ( 'NONE',  ( 25.03520828092599615, 20.33109716113044740, 166.7385208333335243 ) ) ;
#4494 = CARTESIAN_POINT ( 'NONE',  ( 15.24699015668980095, 28.91968525995634920, 165.0756712119809890 ) ) ;
#4495 = CARTESIAN_POINT ( 'NONE',  ( 23.29181040864360241, 28.34819838459469921, 168.9005124999999907 ) ) ;
#4496 = ADVANCED_FACE ( 'NONE', ( #1437 ), #4105, .T. ) ;
#4497 = CARTESIAN_POINT ( 'NONE',  ( 23.86126491582370335, 18.74123143752625253, 157.5221416666664993 ) ) ;
#4498 = CARTESIAN_POINT ( 'NONE',  ( 14.74471535264481936, 28.07762180555045006, 167.4736000000000047 ) ) ;
#4499 = CARTESIAN_POINT ( 'NONE',  ( 14.71628191379710060, 23.25568467913655013, 164.0449168079084927 ) ) ;
#4500 = CIRCLE ( 'NONE', #5833, 5.528271069722362263 ) ;
#4501 = CARTESIAN_POINT ( 'NONE',  ( 25.69432190186445197, 25.44318022492284825, 164.1533326388889975 ) ) ;
#4502 = ORIENTED_EDGE ( 'NONE', *, *, #4850, .T. ) ;
#4503 = CARTESIAN_POINT ( 'NONE',  ( 25.40288947886979898, 25.47878172126105056, 161.2731032140220009 ) ) ;
#4504 = CARTESIAN_POINT ( 'NONE',  ( 24.08087218903945015, 25.37249706775675406, 150.7468499999999949 ) ) ;
#4505 = EDGE_CURVE ( 'NONE', #6373, #5678, #4861, .T. ) ;
#4506 = CARTESIAN_POINT ( 'NONE',  ( 24.65686160139579997, 23.90517480739275058, 151.5571249999999850 ) ) ;
#4507 = CARTESIAN_POINT ( 'NONE',  ( 25.93465661954890322, 24.13717020652410028, 162.8691425700114905 ) ) ;
#4508 = CARTESIAN_POINT ( 'NONE',  ( 25.19958651667619876, 26.69316418382370060, 167.1881854166664993 ) ) ;
#4509 = AXIS2_PLACEMENT_3D ( 'NONE', #1385, #4927, #1557 ) ;
#4510 = CARTESIAN_POINT ( 'NONE',  ( 26.23140832458920002, 24.75259565067360157, 169.1514988852709962 ) ) ;
#4511 = CARTESIAN_POINT ( 'NONE',  ( 15.77718786354554936, 23.48851118355404921, 167.2590195178589738 ) ) ;
#4512 = CARTESIAN_POINT ( 'NONE',  ( 14.03329268911901906, 25.83396458973840026, 172.1785201388890130 ) ) ;
#4513 = ORIENTED_EDGE ( 'NONE', *, *, #3547, .F. ) ;
#4514 = CARTESIAN_POINT ( 'NONE',  ( 14.36464940995909956, 27.89963206744980084, 166.7292975858100021 ) ) ;
#4515 = CARTESIAN_POINT ( 'NONE',  ( 25.08264108452599928, 26.24415159037230083, 161.6684346029949779 ) ) ;
#4516 = DIRECTION ( 'NONE',  ( -0.9914626728336710659, -0.07787427352598329244, 0.1045818621956672023 ) ) ;
#4517 = CARTESIAN_POINT ( 'NONE',  ( 16.97260476557434927, 29.69594141313269731, 165.3627117670214943 ) ) ;
#4518 = B_SPLINE_CURVE_WITH_KNOTS ( 'NONE', 3,
 ( #429, #1424, #2008, #1388 ),
 .UNSPECIFIED., .F., .F.,
 ( 4, 4 ),
 ( 0.000000000000000000, 1.000000000000000000 ),
 .UNSPECIFIED. ) ;
#4519 = CARTESIAN_POINT ( 'NONE',  ( 14.77267857384535965, 27.39589268906794928, 170.6067999999999927 ) ) ;
#4520 = CARTESIAN_POINT ( 'NONE',  ( 25.99172969855515092, 23.17261411721614905, 162.9122041666665268 ) ) ;
#4521 = LINE ( 'NONE', #341, #3348 ) ;
#4522 = CARTESIAN_POINT ( 'NONE',  ( 25.26814374247904738, 26.60696550980977548, 168.7691188098991404 ) ) ;
#4523 = EDGE_LOOP ( 'NONE', ( #4101, #813, #5078, #13 ) ) ;
#4524 = CARTESIAN_POINT ( 'NONE',  ( 12.25425199247808017, 25.56940205009305345, 163.8657000000000039 ) ) ;
#4525 = CARTESIAN_POINT ( 'NONE',  ( 25.38567045773680064, 21.05488966332709921, 164.2845000000000084 ) ) ;
#4526 = CARTESIAN_POINT ( 'NONE',  ( 24.66651501190445117, 27.29824616867134779, 166.4296020833335206 ) ) ;
#4527 = CARTESIAN_POINT ( 'NONE',  ( 23.85340829977999988, 19.39287145365145193, 152.7445000000000164 ) ) ;
#4528 = CARTESIAN_POINT ( 'NONE',  ( 13.79520424266465994, 26.99455720846090045, 167.5932833333335168 ) ) ;
#4529 = VERTEX_POINT ( 'NONE', #3578 ) ;
#4530 = CARTESIAN_POINT ( 'NONE',  ( 25.15187392425135116, 25.25072677564455148, 157.7523166666665020 ) ) ;
#4531 = EDGE_CURVE ( 'NONE', #758, #2049, #3486, .T. ) ;
#4532 = CARTESIAN_POINT ( 'NONE',  ( 25.44587544055410078, 24.54345277353919741, 158.5471333333335053 ) ) ;
#4533 = CARTESIAN_POINT ( 'NONE',  ( 26.11940397235747469, 24.25511526341308155, 165.1508447065305631 ) ) ;
#4534 = CARTESIAN_POINT ( 'NONE',  ( 24.99710945011549867, 26.75698119232059824, 164.1704517361110049 ) ) ;
#4535 = DIRECTION ( 'NONE',  ( 0.1006318910984300152, 0.05303758115645531429, 0.9935090525400490646 ) ) ;
#4536 = EDGE_CURVE ( 'NONE', #5626, #5678, #2674, .T. ) ;
#4537 = EDGE_CURVE ( 'NONE', #1594, #1331, #4154, .T. ) ;
#4538 = CARTESIAN_POINT ( 'NONE',  ( 13.62312470736427272, 25.66526848265613481, 170.3265812295766750 ) ) ;
#4539 = CARTESIAN_POINT ( 'NONE',  ( 25.80088715866114768, 25.82649968287480036, 169.1425715107019982 ) ) ;
#4540 = CARTESIAN_POINT ( 'NONE',  ( 24.56148851186035031, 27.37613059042170249, 164.7178796293125060 ) ) ;
#4541 = CARTESIAN_POINT ( 'NONE',  ( 15.88376287714544866, 23.51174045432695081, 167.5783446064349960 ) ) ;
#4542 = CARTESIAN_POINT ( 'NONE',  ( 12.95474217274855988, 23.36391538259774947, 165.2473865435580080 ) ) ;
#4543 = ORIENTED_EDGE ( 'NONE', *, *, #2185, .T. ) ;
#4544 = CARTESIAN_POINT ( 'NONE',  ( 19.38709090915880040, 29.99050937071579881, 165.1024247792429946 ) ) ;
#4545 = CARTESIAN_POINT ( 'NONE',  ( 24.52940399878674782, 27.12583366344329860, 161.6917140624999831 ) ) ;
#4546 = CARTESIAN_POINT ( 'NONE',  ( 16.41490474946744982, 23.63300910022844903, 164.8226828373960018 ) ) ;
#4547 = CARTESIAN_POINT ( 'NONE',  ( 15.81833537992754657, 23.62010550818525090, 165.6410116333350118 ) ) ;
#4548 = CARTESIAN_POINT ( 'NONE',  ( 12.89036060903919889, 25.51927068521339947, 167.0057007845044836 ) ) ;
#4549 = CARTESIAN_POINT ( 'NONE',  ( 25.17408537268289948, 26.42669718033585013, 163.7679239583335118 ) ) ;
#4550 = CARTESIAN_POINT ( 'NONE',  ( 15.03134552512649869, 23.68313582406035067, 168.5015463815464898 ) ) ;
#4551 = EDGE_LOOP ( 'NONE', ( #3865, #3075, #6236, #2862, #5968, #5619, #469, #3273 ) ) ;
#4552 = CARTESIAN_POINT ( 'NONE',  ( 25.26655248493085182, 20.95899420576889938, 163.1186145833335104 ) ) ;
#4553 = CARTESIAN_POINT ( 'NONE',  ( 13.92703281190925857, 27.72970913685679761, 165.7761613154165161 ) ) ;
#4554 = CARTESIAN_POINT ( 'NONE',  ( 25.60309742600145100, 24.78068996969029669, 160.7577753472219797 ) ) ;
#4555 = CARTESIAN_POINT ( 'NONE',  ( 21.30052389366595023, 29.50736378869050114, 166.7406145833334961 ) ) ;
#4556 = CARTESIAN_POINT ( 'NONE',  ( 23.45039223640069892, 18.51126763171070166, 155.2199270833335163 ) ) ;
#4557 = CARTESIAN_POINT ( 'NONE',  ( 14.95754002723274034, 28.71482823346484992, 165.6296666666665089 ) ) ;
#4558 = CARTESIAN_POINT ( 'NONE',  ( 25.76191020617009997, 25.45568542641955290, 164.8075583333335032 ) ) ;
#4559 = CARTESIAN_POINT ( 'NONE',  ( 12.46643023647120074, 24.49760604889500115, 166.0966477048754655 ) ) ;
#4560 = EDGE_LOOP ( 'NONE', ( #201, #5707, #3315, #4273, #5550 ) ) ;
#4561 = CARTESIAN_POINT ( 'NONE',  ( 23.99681327062970126, 24.85455284973889789, 149.3077981382860173 ) ) ;
#4562 = CARTESIAN_POINT ( 'NONE',  ( 24.98454488188920308, 24.30368494468580209, 153.8728291666664916 ) ) ;
#4563 = CARTESIAN_POINT ( 'NONE',  ( 21.93508211479839787, 29.40407536070499717, 166.3854466748299785 ) ) ;
#4564 = CARTESIAN_POINT ( 'NONE',  ( 24.94794401953934937, 26.76874468858465050, 163.6460506918160149 ) ) ;
#4565 = CARTESIAN_POINT ( 'NONE',  ( 13.77343609127494162, 23.39493226226374745, 164.4204568693870101 ) ) ;
#4566 = DIRECTION ( 'NONE',  ( 0.1006318910984300152, 0.05303758115645531429, 0.9935090525400490646 ) ) ;
#4567 = CARTESIAN_POINT ( 'NONE',  ( 13.63255111225715055, 25.65270217228059835, 170.3936011652583034 ) ) ;
#4568 = B_SPLINE_CURVE_WITH_KNOTS ( 'NONE', 3,
 ( #1624, #6090, #5576, #2596 ),
 .UNSPECIFIED., .F., .F.,
 ( 4, 4 ),
 ( 0.000000000000000000, 1.000000000000000000 ),
 .UNSPECIFIED. ) ;
#4569 = CARTESIAN_POINT ( 'NONE',  ( 14.57378963262092064, 28.38674311988964760, 165.6755765699720087 ) ) ;
#4570 = CARTESIAN_POINT ( 'NONE',  ( 15.39055378558800058, 23.44199767800034806, 166.9406017892604837 ) ) ;
#4571 = EDGE_CURVE ( 'NONE', #1329, #1640, #4415, .T. ) ;
#4572 = CARTESIAN_POINT ( 'NONE',  ( 13.69558346552330086, 25.60509768694100075, 170.7752583333335110 ) ) ;
#4573 = FACE_BOUND ( 'NONE', #3719, .T. ) ;
#4574 = ORIENTED_EDGE ( 'NONE', *, *, #5642, .T. ) ;
#4575 = CYLINDRICAL_SURFACE ( 'NONE', #240, 1.749999999999996891 ) ;
#4576 = CARTESIAN_POINT ( 'NONE',  ( 23.88115474488975210, 27.36693377701299923, 157.7887729166665167 ) ) ;
#4577 = DIRECTION ( 'NONE',  ( 0.08291556471174016396, -0.9955514112831505003, 0.04474814656117568484 ) ) ;
#4578 = CARTESIAN_POINT ( 'NONE',  ( 12.74468420544016034, 27.30249322710109894, 162.3618381944444877 ) ) ;
#4579 = CARTESIAN_POINT ( 'NONE',  ( 12.99942409963436774, 24.71793711564530227, 168.5443794229344121 ) ) ;
#4580 = ADVANCED_FACE ( 'NONE', ( #4733 ), #5657, .T. ) ;
#4581 = CARTESIAN_POINT ( 'NONE',  ( 25.63194124559879938, 24.92601371845314873, 161.6603526725760105 ) ) ;
#4582 = CARTESIAN_POINT ( 'NONE',  ( 14.20400326614712050, 23.19334407774115192, 163.6071914081994976 ) ) ;
#4583 = CARTESIAN_POINT ( 'NONE',  ( 25.59621200836924970, 26.16871235682695129, 169.1466225011405129 ) ) ;
#4584 = CARTESIAN_POINT ( 'NONE',  ( 25.11957662981724937, 26.72744411504429962, 165.6724060222310015 ) ) ;
#4585 = B_SPLINE_CURVE_WITH_KNOTS ( 'NONE', 3,
 ( #6066, #1631, #3032, #4544, #3629, #2074, #3601, #589, #42, #1171 ),
 .UNSPECIFIED., .F., .F.,
 ( 4, 2, 2, 2, 4 ),
 ( 0.000000000000000000, 0.2500000000000000000, 0.5000000000000000000, 0.7500000000000000000, 1.000000000000000000 ),
 .UNSPECIFIED. ) ;
#4586 = ORIENTED_EDGE ( 'NONE', *, *, #5571, .T. ) ;
#4587 = CARTESIAN_POINT ( 'NONE',  ( 26.33499168493964859, 24.16930715346725123, 168.6417583333335131 ) ) ;
#4588 = CARTESIAN_POINT ( 'NONE',  ( 26.14445819842140040, 21.98865542448179866, 169.1665333333335184 ) ) ;
#4589 = CARTESIAN_POINT ( 'NONE',  ( 20.06901740439312221, 29.88667578054814200, 166.5486959792748394 ) ) ;
#4590 = CARTESIAN_POINT ( 'NONE',  ( 18.60844205214335290, 29.91383858669080098, 165.8450915547145144 ) ) ;
#4591 = CARTESIAN_POINT ( 'NONE',  ( 12.41611429092198016, 24.47108725831679976, 165.5998931786055266 ) ) ;
#4592 = ORIENTED_EDGE ( 'NONE', *, *, #1277, .T. ) ;
#4593 = CARTESIAN_POINT ( 'NONE',  ( 24.94514607330405198, 25.15324164919540095, 155.4112333333335130 ) ) ;
#4594 = CARTESIAN_POINT ( 'NONE',  ( 21.34728213288824605, 29.77742317910524861, 162.3617926397490123 ) ) ;
#4595 = B_SPLINE_CURVE_WITH_KNOTS ( 'NONE', 3,
 ( #3806, #4026, #6101, #5644, #2610, #4548 ),
 .UNSPECIFIED., .F., .F.,
 ( 4, 1, 1, 4 ),
 ( 0.6008937919084629264, 1.000000000000000000, 3.000000000000000000, 3.167442421603730018 ),
 .UNSPECIFIED. ) ;
#4596 = CARTESIAN_POINT ( 'NONE',  ( 24.43138536339890265, 22.24419628851859798, 150.1058999999999912 ) ) ;
#4597 = CARTESIAN_POINT ( 'NONE',  ( 22.84755971861074642, 28.91953498873214912, 166.3188891559175033 ) ) ;
#4598 = CARTESIAN_POINT ( 'NONE',  ( 13.64588131732980436, 24.62698244585896035, 171.6459403482328128 ) ) ;
#4599 = CARTESIAN_POINT ( 'NONE',  ( 13.66833433572322143, 25.48900512980515032, 170.8453154282009905 ) ) ;
#4600 = CARTESIAN_POINT ( 'NONE',  ( 12.03328464326153302, 23.00291430100665480, 163.3927406818795021 ) ) ;
#4601 = CARTESIAN_POINT ( 'NONE',  ( 24.76057409469094850, 27.04139380802975268, 164.2123173197394692 ) ) ;
#4602 = CARTESIAN_POINT ( 'NONE',  ( 13.59019062875217898, 25.24881558101585100, 170.7980041666665159 ) ) ;
#4603 = VECTOR ( 'NONE', #5997, 1000.000000000000000 ) ;
#4604 = CARTESIAN_POINT ( 'NONE',  ( 13.83856506359392036, 25.60902152461069647, 171.5477333333334968 ) ) ;
#4605 = DIRECTION ( 'NONE',  ( -0.1009976065945693280, -0.05306630314973250634, -0.9934704076781498694 ) ) ;
#4606 = ORIENTED_EDGE ( 'NONE', *, *, #5720, .F. ) ;
#4607 = CARTESIAN_POINT ( 'NONE',  ( 15.95464549838094825, 23.41123256281055021, 165.2109159204809998 ) ) ;
#4608 = CARTESIAN_POINT ( 'NONE',  ( 13.04034576823676161, 26.88974626524289846, 164.8160958333335202 ) ) ;
#4609 = CARTESIAN_POINT ( 'NONE',  ( 23.41357450758994929, 26.84260166553015381, 151.5521999999999991 ) ) ;
#4610 = VECTOR ( 'NONE', #5331, 1000.000000000000000 ) ;
#4611 = CARTESIAN_POINT ( 'NONE',  ( 12.98410818453416304, 24.65720487927337956, 168.5158062832756798 ) ) ;
#4612 = CARTESIAN_POINT ( 'NONE',  ( 15.93806238543860054, 23.61034284506720127, 165.2019662911689863 ) ) ;
#4613 = CARTESIAN_POINT ( 'NONE',  ( 25.78823494591754795, 25.18958168984124768, 164.2070835281170105 ) ) ;
#4614 = CARTESIAN_POINT ( 'NONE',  ( 25.95227663190580358, 25.37823495897965387, 167.0809341686444895 ) ) ;
#4615 = ORIENTED_EDGE ( 'NONE', *, *, #4469, .T. ) ;
#4616 = CARTESIAN_POINT ( 'NONE',  ( 26.09460048150695144, 25.01373069610469813, 167.1727624999999762 ) ) ;
#4617 = CARTESIAN_POINT ( 'NONE',  ( 14.08502789024437973, 27.93342330403065077, 165.2460163219259925 ) ) ;
#4618 = ADVANCED_FACE ( 'NONE', ( #5697 ), #21, .T. ) ;
#4619 = CARTESIAN_POINT ( 'NONE',  ( 25.22378442281530297, 24.55296810589409873, 156.2022145833335003 ) ) ;
#4620 = CARTESIAN_POINT ( 'NONE',  ( 22.61657226593825243, 28.85522748984389807, 167.3908333333335179 ) ) ;
#4621 = CARTESIAN_POINT ( 'NONE',  ( 23.98098653604089847, 19.26540668661059996, 161.7971718750000036 ) ) ;
#4622 = ORIENTED_EDGE ( 'NONE', *, *, #1134, .T. ) ;
#4623 = CARTESIAN_POINT ( 'NONE',  ( 19.53255303846909996, 29.94730442402925163, 166.0965308260730069 ) ) ;
#4624 = CARTESIAN_POINT ( 'NONE',  ( 23.36221860316955201, 28.49914690069920198, 165.7859350493254738 ) ) ;
#4625 = CARTESIAN_POINT ( 'NONE',  ( 13.56015955284924068, 25.68653560561387650, 169.9913720760708600 ) ) ;
#4626 = CARTESIAN_POINT ( 'NONE',  ( 13.93791229917690089, 23.35904863358400263, 167.7868167466644991 ) ) ;
#4627 = CARTESIAN_POINT ( 'NONE',  ( 24.91956652117569959, 26.82954891246155071, 164.2075222273404904 ) ) ;
#4628 = CARTESIAN_POINT ( 'NONE',  ( 25.60094121328885208, 25.07627191324520055, 161.8870946624249996 ) ) ;
#4629 = FACE_OUTER_BOUND ( 'NONE', #3031, .T. ) ;
#4630 = ORIENTED_EDGE ( 'NONE', *, *, #6047, .T. ) ;
#4631 = CARTESIAN_POINT ( 'NONE',  ( 14.94112213663139954, 23.37477944410549924, 166.2779077801380083 ) ) ;
#4632 = CARTESIAN_POINT ( 'NONE',  ( 12.33160019772894067, 22.42535849862185060, 164.9554166666664798 ) ) ;
#4633 = B_SPLINE_CURVE_WITH_KNOTS ( 'NONE', 3,
 ( #1590, #3566, #1794, #5757, #311, #2283, #2252, #3264, #4749, #4780, #1220, #803, #2715, #5763, #2746 ),
 .UNSPECIFIED., .F., .F.,
 ( 4, 2, 2, 1, 1, 1, 2, 2, 4 ),
 ( 0.000000000000000000, 0.1249999999999944766, 0.2499999999999889533, 0.3749999999999834577, 0.4374999999999804601, 0.4687499999999789613, 0.4843749999999792388, 0.4999999999999795719, 1.000000000000000000 ),
 .UNSPECIFIED. ) ;
#4634 = CARTESIAN_POINT ( 'NONE',  ( 23.82678984881090045, 27.24606403901049845, 156.2207375000000127 ) ) ;
#4635 = CARTESIAN_POINT ( 'NONE',  ( 12.27981938169011933, 23.09928105013305100, 165.0798829549464983 ) ) ;
#4636 = CARTESIAN_POINT ( 'NONE',  ( 25.29051765468219770, 24.59024778391135158, 156.9826562499999909 ) ) ;
#4637 = CARTESIAN_POINT ( 'NONE',  ( 15.92950613993604847, 23.60289014655129947, 165.0520137431104786 ) ) ;
#4638 = CARTESIAN_POINT ( 'NONE',  ( 14.33696319789534002, 23.61773770775369741, 168.3332246794219884 ) ) ;
#4639 = CARTESIAN_POINT ( 'NONE',  ( 26.18424595305204861, 25.18992951221734700, 171.4983833333334928 ) ) ;
#4640 = CARTESIAN_POINT ( 'NONE',  ( 25.04512719526200115, 26.74709999633955348, 164.7024724059439791 ) ) ;
#4641 = VERTEX_POINT ( 'NONE', #790 ) ;
#4642 = CARTESIAN_POINT ( 'NONE',  ( 11.77426581537584127, 22.89826798774254968, 161.5445279887020149 ) ) ;
#4644 = B_SPLINE_CURVE_WITH_KNOTS ( 'NONE', 3,
 ( #4164, #3226, #2280, #5599 ),
 .UNSPECIFIED., .F., .F.,
 ( 4, 4 ),
 ( 4.918789985999059381E-17, 0.0004148220208151314858 ),
 .UNSPECIFIED. ) ;
#4643 = CARTESIAN_POINT ( 'NONE',  ( 25.88764087818625015, 25.31968063365270183, 165.6998695837255013 ) ) ;
#4645 = CARTESIAN_POINT ( 'NONE',  ( 22.58711327405909941, 28.95375294773690200, 166.6076500000000067 ) ) ;
#4646 = CARTESIAN_POINT ( 'NONE',  ( 22.26222679204935062, 18.61161143522824801, 149.2441197916666056 ) ) ;
#4647 = CARTESIAN_POINT ( 'NONE',  ( 18.37557752194920013, 29.92703567044744872, 165.4688341929074795 ) ) ;
#4648 = CARTESIAN_POINT ( 'NONE',  ( 20.94378705904635041, 29.77398032531529637, 164.9563072373450154 ) ) ;
#4649 = ORIENTED_EDGE ( 'NONE', *, *, #2563, .F. ) ;
#4650 = CARTESIAN_POINT ( 'NONE',  ( 15.93806238543860054, 23.61034284506720127, 165.2019662911689863 ) ) ;
#4651 = CARTESIAN_POINT ( 'NONE',  ( 22.06020970580780016, 29.45569910042030060, 163.4860779548014875 ) ) ;
#4652 = CARTESIAN_POINT ( 'NONE',  ( 25.81604266428394823, 23.56794577455264772, 160.7988305555554973 ) ) ;
#4653 = CARTESIAN_POINT ( 'NONE',  ( 13.94724653728652086, 24.56880919826934928, 173.4252554620430260 ) ) ;
#4654 = EDGE_CURVE ( 'NONE', #5049, #6074, #4676, .T. ) ;
#4655 = CARTESIAN_POINT ( 'NONE',  ( 16.48330163970668849, 29.52158301546783647, 164.9183142526485710 ) ) ;
#4656 = CARTESIAN_POINT ( 'NONE',  ( 25.53969128280899881, 25.18032466830525351, 161.5868971640974792 ) ) ;
#4657 = FACE_OUTER_BOUND ( 'NONE', #1089, .T. ) ;
#4658 = CARTESIAN_POINT ( 'NONE',  ( 12.70744425233866082, 25.56282568339704753, 166.0153697650250137 ) ) ;
#4659 = CARTESIAN_POINT ( 'NONE',  ( 13.58565366037043987, 22.57147361159669785, 170.8858333333335224 ) ) ;
#4660 = CARTESIAN_POINT ( 'NONE',  ( 26.21113179277910277, 22.07210144127234841, 171.5445166666665102 ) ) ;
#4661 = LINE ( 'NONE', #650, #477 ) ;
#4662 = ORIENTED_EDGE ( 'NONE', *, *, #6369, .F. ) ;
#4663 = CARTESIAN_POINT ( 'NONE',  ( 15.13266945900419991, 23.51359986910934907, 169.0114425748519977 ) ) ;
#4664 = CARTESIAN_POINT ( 'NONE',  ( 13.04608061210391945, 20.61519552739314776, 165.1972493055554878 ) ) ;
#4665 = CARTESIAN_POINT ( 'NONE',  ( 24.76733004917809922, 26.07759436879524984, 157.7528895833335127 ) ) ;
#4666 = CARTESIAN_POINT ( 'NONE',  ( 13.63639410610680081, 23.19326096704224938, 164.6570872514265034 ) ) ;
#4667 = CARTESIAN_POINT ( 'NONE',  ( 21.28716347716169821, 29.63394861814155234, 166.4388023600154725 ) ) ;
#4668 = CARTESIAN_POINT ( 'NONE',  ( 13.14208954365200022, 25.13374134667270354, 168.8260475291635032 ) ) ;
#4669 = CARTESIAN_POINT ( 'NONE',  ( 12.71280748751845913, 25.40367817189344990, 166.3062861111110067 ) ) ;
#4670 = LINE ( 'NONE', #3177, #463 ) ;
#4671 = CARTESIAN_POINT ( 'NONE',  ( 25.29702624760674823, 25.45443962055324860, 160.0975395833335142 ) ) ;
#4672 = B_SPLINE_SURFACE_WITH_KNOTS ( 'NONE', 3, 3, ( 
 ( #212, #714, #2659, #2598, #182, #5087, #1737, #2689, #5145, #2163, #5694, #6122, #1253, #5634 ),
 ( #1194, #3196, #2193, #4168, #646, #4602, #6151, #157, #2359, #384, #1839, #4338, #5237, #2253 ),
 ( #2399, #422, #5823, #804, #6324, #1418, #837, #2881, #6214, #1765, #3401, #1318, #771, #2780 ),
 ( #1868, #2848, #3812, #6289, #5792, #4750, #1904, #4264, #3737, #1802, #4817, #5270, #2747, #5338 ) ),
 .UNSPECIFIED., .F., .F., .F.,
 ( 4, 4 ),
 ( 4, 1, 1, 1, 1, 1, 1, 1, 1, 1, 1, 4 ),
 ( 0.000000000000000000, 1.000000000000000000 ),
 ( 0.000000000000000000, 1.000000000000000000, 2.000000000000000000, 4.000000000000000000, 6.000000000000000000, 8.000000000000000000, 10.00000000000000000, 12.00000000000000000, 14.00000000000000000, 16.00000000000000000, 18.00000000000000000, 19.00000000000000000 ),
 .UNSPECIFIED. ) ;
#4673 = CARTESIAN_POINT ( 'NONE',  ( 15.36892116176774969, 23.70690384524150218, 168.4048275708844926 ) ) ;
#4674 = ORIENTED_EDGE ( 'NONE', *, *, #5235, .F. ) ;
#4675 = CARTESIAN_POINT ( 'NONE',  ( 24.04411059114734428, 27.86678543151931464, 164.2408246614497216 ) ) ;
#4676 = LINE ( 'NONE', #5680, #5540 ) ;
#4677 = CARTESIAN_POINT ( 'NONE',  ( 22.04516472511430081, 29.42321719500064958, 164.2852713169129970 ) ) ;
#4678 = CARTESIAN_POINT ( 'NONE',  ( 25.74729002706049741, 25.29979732184695251, 164.2053470508164992 ) ) ;
#4679 = CARTESIAN_POINT ( 'NONE',  ( 14.34900371291304033, 23.41816503342860045, 168.3403042200129960 ) ) ;
#4680 = VERTEX_POINT ( 'NONE', #3753 ) ;
#4681 = CARTESIAN_POINT ( 'NONE',  ( 21.38776708243985070, 29.72803715574934813, 163.5570297466209979 ) ) ;
#4682 = EDGE_CURVE ( 'NONE', #3569, #885, #5573, .T. ) ;
#4683 = CARTESIAN_POINT ( 'NONE',  ( 24.17369614145209766, 22.14127475069485129, 148.6924833333332003 ) ) ;
#4684 = CARTESIAN_POINT ( 'NONE',  ( 13.17433213731546182, 22.57373834093804987, 169.0968166666665127 ) ) ;
#4685 = CARTESIAN_POINT ( 'NONE',  ( 23.81416608509435306, 24.68575853818579802, 147.9701042057860150 ) ) ;
#4686 = CARTESIAN_POINT ( 'NONE',  ( 15.82996485732264880, 29.05996630063515340, 167.0222000145005268 ) ) ;
#4687 = EDGE_CURVE ( 'NONE', #1815, #4192, #767, .T. ) ;
#4688 = CARTESIAN_POINT ( 'NONE',  ( 25.10583714937885347, 26.13664622561234907, 161.3500303194990124 ) ) ;
#4689 = CARTESIAN_POINT ( 'NONE',  ( 13.25014029645081592, 23.39496012373821543, 169.8601705240420756 ) ) ;
#4690 = VECTOR ( 'NONE', #4043, 1000.000000000000227 ) ;
#4691 = CARTESIAN_POINT ( 'NONE',  ( 13.66074027300010130, 23.15942206250264945, 163.8591314009339897 ) ) ;
#4692 = CARTESIAN_POINT ( 'NONE',  ( 13.06877546726896000, 26.88483792964975194, 164.9433100694445216 ) ) ;
#4693 = CARTESIAN_POINT ( 'NONE',  ( 23.99259381748499820, 27.03905761563394705, 156.2121124999999893 ) ) ;
#4694 = CARTESIAN_POINT ( 'NONE',  ( 25.15620656437955205, 26.02628117275704867, 161.2738963070380009 ) ) ;
#4695 = AXIS2_PLACEMENT_3D ( 'NONE', #2456, #2973, #4429 ) ;
#4696 = CARTESIAN_POINT ( 'NONE',  ( 14.02086757715675880, 23.40629987142374802, 164.2148867453894923 ) ) ;
#4697 = CARTESIAN_POINT ( 'NONE',  ( 13.92286300596007997, 25.50290310354550272, 172.2005749999999864 ) ) ;
#4698 = CARTESIAN_POINT ( 'NONE',  ( 25.36863663777435107, 25.73591827646355057, 162.0495101334674928 ) ) ;
#4699 = CARTESIAN_POINT ( 'NONE',  ( 26.37335478551185020, 24.40186993220084943, 171.1295125000000041 ) ) ;
#4700 = CARTESIAN_POINT ( 'NONE',  ( 16.38426133199619983, 23.74394492775665100, 167.3475502253095044 ) ) ;
#4701 = CARTESIAN_POINT ( 'NONE',  ( 12.89629378470521992, 25.14150198980145134, 167.6035562499999969 ) ) ;
#4702 = EDGE_LOOP ( 'NONE', ( #1365, #4351, #4386, #511 ) ) ;
#4703 = CARTESIAN_POINT ( 'NONE',  ( 22.95651076613206243, 28.78251877602935238, 164.3021013507927535 ) ) ;
#4704 = DIRECTION ( 'NONE',  ( 0.08291556471174016396, -0.9955514112831505003, 0.04474814656117568484 ) ) ;
#4705 = CARTESIAN_POINT ( 'NONE',  ( 23.98532462013229960, 27.99333004360075350, 164.1023125000000107 ) ) ;
#4706 = CARTESIAN_POINT ( 'NONE',  ( 25.97893877450594857, 23.15832383376189796, 162.7822749999999985 ) ) ;
#4707 = B_SPLINE_CURVE_WITH_KNOTS ( 'NONE', 3,
 ( #1002, #25, #5895, #3873 ),
 .UNSPECIFIED., .F., .F.,
 ( 4, 4 ),
 ( 7.757919228897730034E-18, 0.0001675396805654544925 ),
 .UNSPECIFIED. ) ;
#4708 = CARTESIAN_POINT ( 'NONE',  ( 25.13562329647679761, 26.77371053002215007, 168.3766462278730103 ) ) ;
#4709 = CARTESIAN_POINT ( 'NONE',  ( 25.69432190186445197, 25.44318022492284825, 164.1533326388889975 ) ) ;
#4710 = ORIENTED_EDGE ( 'NONE', *, *, #4378, .F. ) ;
#4711 = CARTESIAN_POINT ( 'NONE',  ( 17.32181239354909863, 24.59228811337645126, 166.6063280168504832 ) ) ;
#4712 = CARTESIAN_POINT ( 'NONE',  ( 13.39208318212910065, 23.51659648109065159, 167.8338513518430091 ) ) ;
#4713 = CARTESIAN_POINT ( 'NONE',  ( 24.75481618338880097, 22.33078655749084973, 151.6406999999999812 ) ) ;
#4714 = CARTESIAN_POINT ( 'NONE',  ( 11.91528773597297963, 25.09008588785112437, 162.4582549148098849 ) ) ;
#4715 = CARTESIAN_POINT ( 'NONE',  ( 13.53598346743663861, 25.00583650227190091, 170.8115708333335192 ) ) ;
#4716 = EDGE_CURVE ( 'NONE', #1785, #1850, #2948, .T. ) ;
#4717 = CARTESIAN_POINT ( 'NONE',  ( 18.66862543309089872, 29.88433243439749987, 166.1873991986169870 ) ) ;
#4718 = CARTESIAN_POINT ( 'NONE',  ( 25.17308783383865034, 26.11774966964965117, 161.9274894909405305 ) ) ;
#4719 = CARTESIAN_POINT ( 'NONE',  ( 14.03933854423156014, 23.38217647490774809, 163.6439667391875048 ) ) ;
#4720 = CARTESIAN_POINT ( 'NONE',  ( 17.37721951652779850, 29.15057123452595178, 171.0834999999999866 ) ) ;
#4721 = ADVANCED_FACE ( 'NONE', ( #3654 ), #4672, .T. ) ;
#4722 = CARTESIAN_POINT ( 'NONE',  ( 15.96100627394510241, 23.56592023952440229, 168.6406027199739981 ) ) ;
#4723 = CARTESIAN_POINT ( 'NONE',  ( 12.82746250843203839, 20.94378070005880232, 165.0768739583335218 ) ) ;
#4724 = LINE ( 'NONE', #4477, #2009 ) ;
#4725 = CARTESIAN_POINT ( 'NONE',  ( 13.58083672116386076, 23.39333478257120191, 164.7417911251829992 ) ) ;
#4726 = CARTESIAN_POINT ( 'NONE',  ( 25.40288947886979898, 25.47878172126105056, 161.2731032140220009 ) ) ;
#4727 = CARTESIAN_POINT ( 'NONE',  ( 24.95052994007560088, 24.43357903081714966, 153.8696062500000039 ) ) ;
#4728 = CARTESIAN_POINT ( 'NONE',  ( 14.81581931765710181, 23.36562803426659940, 166.3064867295055080 ) ) ;
#4729 = CARTESIAN_POINT ( 'NONE',  ( 24.97231418075925191, 25.31093721329970236, 156.1894374999999968 ) ) ;
#4730 = CARTESIAN_POINT ( 'NONE',  ( 16.39930585236129801, 23.75000549788924786, 167.4545084931849885 ) ) ;
#4731 = ORIENTED_EDGE ( 'NONE', *, *, #4682, .T. ) ;
#4732 = CARTESIAN_POINT ( 'NONE',  ( 19.05495260754859999, 29.71361381589624884, 167.7609416666664970 ) ) ;
#4733 = FACE_OUTER_BOUND ( 'NONE', #1266, .T. ) ;
#4734 = ORIENTED_EDGE ( 'NONE', *, *, #686, .T. ) ;
#4735 = B_SPLINE_CURVE_WITH_KNOTS ( 'NONE', 3,
 ( #3090, #625, #2231, #2141 ),
 .UNSPECIFIED., .F., .F.,
 ( 4, 4 ),
 ( 0.000000000000000000, 1.000000000000000000 ),
 .UNSPECIFIED. ) ;
#4736 = CARTESIAN_POINT ( 'NONE',  ( 22.03511669866530198, 29.40083596932614896, 164.6847349939059768 ) ) ;
#4737 = CARTESIAN_POINT ( 'NONE',  ( 17.84668978050785171, 17.53875505852769834, 163.5816463342889904 ) ) ;
#4738 = CARTESIAN_POINT ( 'NONE',  ( 24.82218353310859982, 27.06446382520930172, 164.8376000000000090 ) ) ;
#4739 = CARTESIAN_POINT ( 'NONE',  ( 25.80763607932064829, 25.80375749230755034, 168.7483676944470119 ) ) ;
#4740 = ORIENTED_EDGE ( 'NONE', *, *, #5642, .F. ) ;
#4741 = CARTESIAN_POINT ( 'NONE',  ( 16.41382461059944831, 23.66511988282719869, 165.5390811180255071 ) ) ;
#4742 = CARTESIAN_POINT ( 'NONE',  ( 14.66432396612029976, 23.55471650280779983, 166.3245570720690125 ) ) ;
#4743 = CARTESIAN_POINT ( 'NONE',  ( 23.03639829648934878, 28.83437019257114642, 162.9893500000000017 ) ) ;
#4744 = CARTESIAN_POINT ( 'NONE',  ( 25.43538635675365001, 21.35364258696959538, 160.3174999999999955 ) ) ;
#4745 = CARTESIAN_POINT ( 'NONE',  ( 11.71720493598454560, 24.32796933539829354, 161.6621303172900923 ) ) ;
#4746 = CARTESIAN_POINT ( 'NONE',  ( 13.45027634468027955, 23.87055497362694823, 170.8561666666664962 ) ) ;
#4747 = PLANE ( 'NONE',  #1592 ) ;
#4748 = DIRECTION ( 'NONE',  ( -0.1006318910984298348, -0.05303758115645531429, -0.9935090525400491757 ) ) ;
#4749 = CARTESIAN_POINT ( 'NONE',  ( 23.24681964299969650, 28.63981431812725376, 166.2933810104224790 ) ) ;
#4750 = CARTESIAN_POINT ( 'NONE',  ( 13.65895377041561964, 25.48691243590975120, 170.7829833333335046 ) ) ;
#4751 = CARTESIAN_POINT ( 'NONE',  ( 15.58023807834755026, 27.89244054344670332, 172.4807500000000005 ) ) ;
#4752 = CARTESIAN_POINT ( 'NONE',  ( 13.11322745374506127, 26.62210217907215082, 165.7225604166665107 ) ) ;
#4753 = CARTESIAN_POINT ( 'NONE',  ( 13.89870473163792042, 23.37299300952970071, 163.7002399094695022 ) ) ;
#4754 = EDGE_CURVE ( 'NONE', #1798, #5301, #303, .T. ) ;
#4755 = CARTESIAN_POINT ( 'NONE',  ( 23.99540925651170298, 24.10149505716540119, 148.1362063203065702 ) ) ;
#4756 = CARTESIAN_POINT ( 'NONE',  ( 25.53697518909680042, 25.17691345085000165, 161.5377785308255056 ) ) ;
#4757 = CARTESIAN_POINT ( 'NONE',  ( 16.08914293562175146, 23.49430321792580045, 166.8098464343349860 ) ) ;
#4758 = ORIENTED_EDGE ( 'NONE', *, *, #4165, .T. ) ;
#4759 = CARTESIAN_POINT ( 'NONE',  ( 12.76793558647272064, 25.14683350547505114, 166.9616083333335155 ) ) ;
#4760 = ORIENTED_EDGE ( 'NONE', *, *, #607, .T. ) ;
#4761 = CARTESIAN_POINT ( 'NONE',  ( 15.94129167785154877, 23.40169226319180140, 165.0234082844319801 ) ) ;
#4762 = CARTESIAN_POINT ( 'NONE',  ( 25.96778058318060189, 25.33109354525705115, 167.0227353293615238 ) ) ;
#4763 = EDGE_CURVE ( 'NONE', #1694, #5119, #1465, .T. ) ;
#4764 = CARTESIAN_POINT ( 'NONE',  ( 21.79140715148249896, 17.96186205628885091, 163.0580041666664783 ) ) ;
#4765 = CARTESIAN_POINT ( 'NONE',  ( 24.92344694523804804, 26.86782079595089812, 164.1739840277780047 ) ) ;
#4766 = CARTESIAN_POINT ( 'NONE',  ( 25.02076479712640023, 26.65714862991484679, 163.6427039009934958 ) ) ;
#4767 = ORIENTED_EDGE ( 'NONE', *, *, #1324, .F. ) ;
#4768 = CARTESIAN_POINT ( 'NONE',  ( 26.23792417665893240, 24.35855997241477766, 167.2326595642624341 ) ) ;
#4769 = CARTESIAN_POINT ( 'NONE',  ( 13.83745441090115946, 25.16070401858284811, 172.2200114583335164 ) ) ;
#4770 = CARTESIAN_POINT ( 'NONE',  ( 24.22385996588824852, 27.72777581045959749, 163.5543291666665198 ) ) ;
#4771 = PLANE ( 'NONE',  #3057 ) ;
#4772 = B_SPLINE_CURVE_WITH_KNOTS ( 'NONE', 3,
 ( #5126, #3067, #4151, #135, #6070, #1599 ),
 .UNSPECIFIED., .F., .F.,
 ( 4, 1, 1, 4 ),
 ( 0.4130872705233524789, 0.6250000091538649993, 0.8750000030512880000, 1.000000000000000000 ),
 .UNSPECIFIED. ) ;
#4773 = CARTESIAN_POINT ( 'NONE',  ( 23.93398204951640196, 20.71574511385234985, 149.4968999999999824 ) ) ;
#4774 = CARTESIAN_POINT ( 'NONE',  ( 12.15807789167868869, 25.14416454082656927, 163.7784441085713638 ) ) ;
#4775 = CARTESIAN_POINT ( 'NONE',  ( 13.63748570487635980, 23.25123147248550026, 171.6413000000000011 ) ) ;
#4776 = CARTESIAN_POINT ( 'NONE',  ( 13.46286059185977990, 23.40381692819899939, 165.1935991621734843 ) ) ;
#4777 = CARTESIAN_POINT ( 'NONE',  ( 15.94129167785154877, 23.40169226319180140, 165.0234082844319801 ) ) ;
#4778 = VERTEX_POINT ( 'NONE', #2068 ) ;
#4779 = CARTESIAN_POINT ( 'NONE',  ( 25.43146495763189918, 25.10429132446470391, 160.1001499999999851 ) ) ;
#4780 = CARTESIAN_POINT ( 'NONE',  ( 23.19672921120955422, 28.67561620479681750, 166.2965433866475564 ) ) ;
#4781 = CARTESIAN_POINT ( 'NONE',  ( 12.97287102064239939, 23.35717774897059584, 165.0638968359855028 ) ) ;
#4782 = CARTESIAN_POINT ( 'NONE',  ( 19.29164466576029824, 29.45407448787194937, 172.0613416666664932 ) ) ;
#4783 = CARTESIAN_POINT ( 'NONE',  ( 13.84803941935344085, 22.63464829039724791, 172.2964527777774890 ) ) ;
#4784 = CARTESIAN_POINT ( 'NONE',  ( 25.84193797433805528, 25.77817919162388804, 170.2607714097550797 ) ) ;
#4785 = CARTESIAN_POINT ( 'NONE',  ( 13.15477812646640032, 25.13339650415354853, 168.8871392795140025 ) ) ;
#4786 = CARTESIAN_POINT ( 'NONE',  ( 25.42749153157609854, 20.64452720506554684, 169.4604406250000181 ) ) ;
#4787 = CARTESIAN_POINT ( 'NONE',  ( 14.41153224266297883, 23.45093836650490005, 168.9535798917604836 ) ) ;
#4788 = CARTESIAN_POINT ( 'NONE',  ( 25.07440667464105033, 24.77248418736814983, 155.4172833333335007 ) ) ;
#4789 = LINE ( 'NONE', #3302, #1784 ) ;
#4790 = CARTESIAN_POINT ( 'NONE',  ( 12.59888717229666000, 27.43855664164049912, 161.1955622395834951 ) ) ;
#4791 = CARTESIAN_POINT ( 'NONE',  ( 26.36557142831754774, 24.38670349183774988, 170.7365499999999940 ) ) ;
#4792 = CARTESIAN_POINT ( 'NONE',  ( 15.94513029175015006, 23.67789895127985034, 166.6918500642650258 ) ) ;
#4793 = ORIENTED_EDGE ( 'NONE', *, *, #2840, .F. ) ;
#4794 = CARTESIAN_POINT ( 'NONE',  ( 19.06570849724989714, 29.94104785198499741, 165.7937145596009714 ) ) ;
#4795 = CARTESIAN_POINT ( 'NONE',  ( 12.34306528117403978, 23.21046417851325216, 165.6008999999999958 ) ) ;
#4796 = ORIENTED_EDGE ( 'NONE', *, *, #3587, .T. ) ;
#4797 = CARTESIAN_POINT ( 'NONE',  ( 14.79300657234603911, 28.58059272195213296, 165.1397570645077622 ) ) ;
#4798 = CARTESIAN_POINT ( 'NONE',  ( 15.13266945900419991, 23.51359986910934907, 169.0114425748519977 ) ) ;
#4799 = CARTESIAN_POINT ( 'NONE',  ( 18.05538544222614661, 17.47572292748069955, 163.4302794729109962 ) ) ;
#4800 = B_SPLINE_CURVE_WITH_KNOTS ( 'NONE', 3,
 ( #6279, #761, #1621, #643, #3593, #234, #6175, #1247, #3221, #5196, #4841, #1476, #4328, #1862, #3320, #1895, #5296, #410, #2978 ),
 .UNSPECIFIED., .F., .F.,
 ( 4, 1, 1, 1, 1, 1, 1, 1, 1, 1, 1, 1, 1, 1, 1, 1, 4 ),
 ( 0.000000000000000000, 0.08033134795247209858, 0.1603603037724145031, 0.2414045058051015047, 0.3250970307164425255, 0.3672076464439419929, 0.4088138825349335037, 0.4497877407508195091, 0.4908888529256529853, 0.5317569719763249880, 0.5725812567787199603, 0.6138905780211160179, 0.6558965400905569787, 0.7399368754321949959, 0.8243280078377839271, 0.9106878513628290372, 1.000000000000000000 ),
 .UNSPECIFIED. ) ;
#4801 = VECTOR ( 'NONE', #1810, 1000.000000000000114 ) ;
#4802 = CARTESIAN_POINT ( 'NONE',  ( 16.97624251465629541, 29.56582293972987330, 166.8790895913318479 ) ) ;
#4803 = CARTESIAN_POINT ( 'NONE',  ( 25.47840078365420169, 26.06660454539645144, 164.8093999999999824 ) ) ;
#4804 = VERTEX_POINT ( 'NONE', #4046 ) ;
#4805 = CARTESIAN_POINT ( 'NONE',  ( 24.94939704473869924, 20.23582177986054731, 166.7541166666665049 ) ) ;
#4806 = EDGE_CURVE ( 'NONE', #1749, #4155, #4633, .T. ) ;
#4807 = CARTESIAN_POINT ( 'NONE',  ( 13.40067707729438062, 25.12730638283804652, 170.0377187500000105 ) ) ;
#4808 = CARTESIAN_POINT ( 'NONE',  ( 25.36863663777435107, 25.73591827646355057, 162.0495101334674928 ) ) ;
#4809 = LINE ( 'NONE', #2389, #4610 ) ;
#4810 = CARTESIAN_POINT ( 'NONE',  ( 23.94249889015679855, 20.05528800440050219, 151.1149000000000058 ) ) ;
#4811 = CARTESIAN_POINT ( 'NONE',  ( 11.69539341797796439, 23.97183654092718896, 161.5190862809507735 ) ) ;
#4812 = CARTESIAN_POINT ( 'NONE',  ( 13.46166510517376125, 23.32868534084374801, 167.9937546157384816 ) ) ;
#4813 = CARTESIAN_POINT ( 'NONE',  ( 19.80782360046779900, 23.52926247042439911, 160.6971290333584932 ) ) ;
#4814 = ORIENTED_EDGE ( 'NONE', *, *, #4294, .T. ) ;
#4815 = CARTESIAN_POINT ( 'NONE',  ( 24.33570921508434992, 24.61779876381959653, 150.7578166666665140 ) ) ;
#4816 = CARTESIAN_POINT ( 'NONE',  ( 26.33456005060159910, 22.74643962679365217, 169.1071708333335266 ) ) ;
#4817 = CARTESIAN_POINT ( 'NONE',  ( 12.87689741419055878, 25.52004782097709779, 166.9414333333334923 ) ) ;
#4818 = CARTESIAN_POINT ( 'NONE',  ( 17.45462639265794991, 29.14102191954200194, 171.7314166666664903 ) ) ;
#4819 = CARTESIAN_POINT ( 'NONE',  ( 15.20970826527529951, 23.49609318461650176, 168.4792077805490180 ) ) ;
#4820 = CARTESIAN_POINT ( 'NONE',  ( 25.72023643571712270, 25.98392057495507146, 170.1237856309168421 ) ) ;
#4821 = CARTESIAN_POINT ( 'NONE',  ( 25.87747777553759931, 25.34614475208839934, 165.6994862348379911 ) ) ;
#4822 = CARTESIAN_POINT ( 'NONE',  ( 13.50921405057035862, 23.53952612724759774, 168.1269510777025005 ) ) ;
#4823 = CARTESIAN_POINT ( 'NONE',  ( 23.95022901475580213, 24.20633120319079978, 147.9948007851466230 ) ) ;
#4824 = FACE_OUTER_BOUND ( 'NONE', #5992, .T. ) ;
#4825 = CARTESIAN_POINT ( 'NONE',  ( 12.34963381042599906, 20.48485170291210267, 161.9433193166595117 ) ) ;
#4826 = CARTESIAN_POINT ( 'NONE',  ( 12.39687658851759977, 24.13775963724859963, 165.6196361462990012 ) ) ;
#4827 = ORIENTED_EDGE ( 'NONE', *, *, #1994, .F. ) ;
#4828 = CARTESIAN_POINT ( 'NONE',  ( 21.15984543337375001, 29.70973030048945063, 164.9378527533675083 ) ) ;
#4829 = ORIENTED_EDGE ( 'NONE', *, *, #6014, .T. ) ;
#4830 = CARTESIAN_POINT ( 'NONE',  ( 16.39697233700494650, 23.76770227869194940, 167.8525482158459852 ) ) ;
#4831 = CARTESIAN_POINT ( 'NONE',  ( 25.75163803298050169, 24.71114299040675277, 162.1904876523074677 ) ) ;
#4832 = CARTESIAN_POINT ( 'NONE',  ( 21.37251624459534938, 29.22716114482614813, 169.3526524305555085 ) ) ;
#4833 = CARTESIAN_POINT ( 'NONE',  ( 21.28716347716169821, 29.63394861814155234, 166.4388023600154725 ) ) ;
#4834 = CARTESIAN_POINT ( 'NONE',  ( 23.70519915106815034, 25.06397631580324870, 148.1003924288590099 ) ) ;
#4835 = CARTESIAN_POINT ( 'NONE',  ( 25.76191020617009997, 25.45568542641955290, 164.8075583333335032 ) ) ;
#4836 = ORIENTED_EDGE ( 'NONE', *, *, #740, .F. ) ;
#4837 = CARTESIAN_POINT ( 'NONE',  ( 25.10961709491819960, 20.28724066968264950, 168.3240916666665044 ) ) ;
#4838 = CARTESIAN_POINT ( 'NONE',  ( 14.03745069009909940, 23.20718958916710051, 164.2238363747020173 ) ) ;
#4839 = CARTESIAN_POINT ( 'NONE',  ( 12.95345205075633821, 25.26513196391289995, 167.7251583333335248 ) ) ;
#4840 = CARTESIAN_POINT ( 'NONE',  ( 25.57592650683019642, 25.41614710909130181, 162.8442970925484872 ) ) ;
#4841 = CARTESIAN_POINT ( 'NONE',  ( 15.74399766719560034, 23.33181889560984956, 163.8344476349269883 ) ) ;
#4842 = EDGE_CURVE ( 'NONE', #4847, #3600, #5500, .T. ) ;
#4843 = CARTESIAN_POINT ( 'NONE',  ( 25.24410490496990178, 21.05101096898580337, 157.2005000000000052 ) ) ;
#4844 = CARTESIAN_POINT ( 'NONE',  ( 12.20657340933199109, 24.67617705529170635, 164.4608108773692834 ) ) ;
#4845 = CARTESIAN_POINT ( 'NONE',  ( 14.95992712027156202, 23.47718741299510015, 164.0519646844369959 ) ) ;
#4846 = CARTESIAN_POINT ( 'NONE',  ( 25.19958651667619876, 26.69316418382370060, 167.1881854166664993 ) ) ;
#4847 = VERTEX_POINT ( 'NONE', #3194 ) ;
#4848 = CARTESIAN_POINT ( 'NONE',  ( 25.32027479773434919, 25.19315085238985219, 159.3169833333334964 ) ) ;
#4850 = EDGE_CURVE ( 'NONE', #1299, #4312, #2153, .T. ) ;
#4849 = CARTESIAN_POINT ( 'NONE',  ( 13.89870473163792042, 23.37299300952970071, 163.7002399094695022 ) ) ;
#4851 = CARTESIAN_POINT ( 'NONE',  ( 25.50996646569264215, 25.63886170511279161, 163.1272055713936879 ) ) ;
#4852 = CARTESIAN_POINT ( 'NONE',  ( 25.64968620445078784, 26.09569350819355549, 170.0321589702802783 ) ) ;
#4853 = CARTESIAN_POINT ( 'NONE',  ( 16.00056783631844937, 23.36295965560815091, 164.0518547869845065 ) ) ;
#4854 = CARTESIAN_POINT ( 'NONE',  ( 25.10808237672280185, 20.31128945284304876, 171.7251902782300021 ) ) ;
#4855 = CARTESIAN_POINT ( 'NONE',  ( 13.46166510517376125, 23.32868534084374801, 167.9937546157384816 ) ) ;
#4856 = CARTESIAN_POINT ( 'NONE',  ( 23.74206296384424775, 25.61297438491214962, 149.5744800013518159 ) ) ;
#4857 = B_SPLINE_CURVE_WITH_KNOTS ( 'NONE', 3,
 ( #4419, #467, #5910, #3029, #5980, #2962, #1390, #4933, #1878, #5944, #3513, #2476, #431, #4860, #2010 ),
 .UNSPECIFIED., .F., .F.,
 ( 4, 1, 1, 1, 1, 1, 1, 1, 1, 1, 1, 1, 4 ),
 ( 0.000000000000000000, 0.08984970130681550760, 0.1778217558533485010, 0.2651381278697325095, 0.3535332640409595273, 0.4404674329557715096, 0.5245677817645320040, 0.6069813377876660532, 0.6889939181491629983, 0.7694476848518739809, 0.8475184377631909127, 0.9235072372288080089, 1.000000000000000000 ),
 .UNSPECIFIED. ) ;
#4858 = CARTESIAN_POINT ( 'NONE',  ( 24.93329557281165165, 27.06310737512470155, 166.2067300237609970 ) ) ;
#4859 = CARTESIAN_POINT ( 'NONE',  ( 25.43963619285154820, 24.83049965974145223, 159.3224916666665081 ) ) ;
#4860 = CARTESIAN_POINT ( 'NONE',  ( 16.41046391183260056, 23.75596048399244964, 167.5663191133230043 ) ) ;
#4861 = B_SPLINE_CURVE_WITH_KNOTS ( 'NONE', 3,
 ( #4640, #3608, #5646, #6043, #4584, #4092 ),
 .UNSPECIFIED., .F., .F.,
 ( 4, 1, 1, 4 ),
 ( 0.2067109751977520005, 0.2307692307692310041, 0.3846153846153845257, 0.4021785459336484903 ),
 .UNSPECIFIED. ) ;
#4862 = CARTESIAN_POINT ( 'NONE',  ( 12.11698109105467935, 21.17919122919430208, 161.9535652544969935 ) ) ;
#4863 = CARTESIAN_POINT ( 'NONE',  ( 26.44616693356460146, 23.60107127060830123, 170.7707000000000050 ) ) ;
#4864 = CARTESIAN_POINT ( 'NONE',  ( 13.87830697079366082, 25.72260064441045202, 171.5398916666665059 ) ) ;
#4865 = ORIENTED_EDGE ( 'NONE', *, *, #2078, .T. ) ;
#4866 = CARTESIAN_POINT ( 'NONE',  ( 18.80666070645909826, 29.79956945266960133, 167.0037979166665139 ) ) ;
#4867 = ORIENTED_EDGE ( 'NONE', *, *, #3980, .T. ) ;
#4868 = CARTESIAN_POINT ( 'NONE',  ( 16.43397283648775087, 23.56255068686865073, 167.6892593505534990 ) ) ;
#4869 = CARTESIAN_POINT ( 'NONE',  ( 23.07989542193300281, 28.80711031517220277, 163.7821395833335032 ) ) ;
#4870 = CARTESIAN_POINT ( 'NONE',  ( 20.35985737738549872, 17.69787789439845227, 163.8927125000000160 ) ) ;
#4871 = CARTESIAN_POINT ( 'NONE',  ( 24.92326745362695206, 27.01048833785749892, 166.4131333333334908 ) ) ;
#4872 = CARTESIAN_POINT ( 'NONE',  ( 12.77758381427677925, 25.87477829105095140, 165.4883453889870282 ) ) ;
#4873 = EDGE_LOOP ( 'NONE', ( #2878, #5135, #5851, #193 ) ) ;
#4874 = CARTESIAN_POINT ( 'NONE',  ( 18.20660643187765260, 29.30486627168205160, 172.8326555555555046 ) ) ;
#4875 = CARTESIAN_POINT ( 'NONE',  ( 13.84743266959059937, 23.39757212728050106, 164.3420771597384942 ) ) ;
#4876 = CARTESIAN_POINT ( 'NONE',  ( 15.41877987301924868, 23.60641235591385012, 166.0767198116299994 ) ) ;
#4877 = CARTESIAN_POINT ( 'NONE',  ( 25.27589204156365099, 26.09266584918385234, 162.8449734860830063 ) ) ;
#4878 = CARTESIAN_POINT ( 'NONE',  ( 12.56463997832461921, 20.56138279256754942, 163.1127791666665132 ) ) ;
#4879 = CARTESIAN_POINT ( 'NONE',  ( 12.21586545060410245, 24.17643582517488809, 164.7802499735078641 ) ) ;
#4880 = CARTESIAN_POINT ( 'NONE',  ( 23.59157602976499746, 20.04356981109424751, 149.5978000000000065 ) ) ;
#4881 = CARTESIAN_POINT ( 'NONE',  ( 14.63883160849914056, 27.41697443158629710, 169.8366000000000042 ) ) ;
#4882 = CARTESIAN_POINT ( 'NONE',  ( 22.44110856861304981, 29.18350724866854762, 164.8361663779720061 ) ) ;
#4883 = EDGE_LOOP ( 'NONE', ( #1900, #4796, #695, #1510 ) ) ;
#4884 = CARTESIAN_POINT ( 'NONE',  ( 24.29960926732879756, 24.74482000228800160, 150.7548416666664934 ) ) ;
#4885 = EDGE_CURVE ( 'NONE', #2664, #3039, #2309, .T. ) ;
#4886 = CARTESIAN_POINT ( 'NONE',  ( 24.37248979256720105, 25.93688567186040217, 153.8558729166664989 ) ) ;
#4887 = CARTESIAN_POINT ( 'NONE',  ( 25.51624800263395798, 25.62648370768450690, 163.1367221083943662 ) ) ;
#4888 = CARTESIAN_POINT ( 'NONE',  ( 12.83141992612705984, 26.02792919536780047, 165.7606775173610174 ) ) ;
#4889 = CARTESIAN_POINT ( 'NONE',  ( 24.14895820940380133, 27.82931995264920033, 165.7420048071720089 ) ) ;
#4890 = CARTESIAN_POINT ( 'NONE',  ( 25.29805818909009929, 20.46823887495034811, 169.8838848958334893 ) ) ;
#4891 = LINE ( 'NONE', #2404, #568 ) ;
#4892 = EDGE_CURVE ( 'NONE', #5923, #795, #4237, .T. ) ;
#4893 = CARTESIAN_POINT ( 'NONE',  ( 25.53969128280899881, 25.18032466830525351, 161.5868971640974792 ) ) ;
#4894 = CARTESIAN_POINT ( 'NONE',  ( 24.65759715977790378, 27.27099790978689953, 164.8474916666665138 ) ) ;
#4895 = CARTESIAN_POINT ( 'NONE',  ( 26.39822454374655436, 22.82783160010514933, 171.2154999999999916 ) ) ;
#4896 = CARTESIAN_POINT ( 'NONE',  ( 12.69150289987055835, 25.65977856716125061, 165.7808532986109924 ) ) ;
#4897 = ORIENTED_EDGE ( 'NONE', *, *, #326, .F. ) ;
#4898 = CARTESIAN_POINT ( 'NONE',  ( 12.98703168442315992, 25.79266758875195009, 166.9813139874965202 ) ) ;
#4899 = CARTESIAN_POINT ( 'NONE',  ( 12.69528110596304060, 21.30703472393554776, 165.2133770833335120 ) ) ;
#4900 = CARTESIAN_POINT ( 'NONE',  ( 24.95612589650934865, 26.47336705650119981, 161.6719976454430139 ) ) ;
#4901 = CARTESIAN_POINT ( 'NONE',  ( 26.18571260122489974, 25.00185366768474893, 170.4676784327929795 ) ) ;
#4902 = VECTOR ( 'NONE', #1034, 1000.000000000000114 ) ;
#4903 = CARTESIAN_POINT ( 'NONE',  ( 23.08595610573559753, 28.80107518437939973, 163.9142875000000004 ) ) ;
#4904 = CARTESIAN_POINT ( 'NONE',  ( 17.63426859640954802, 17.69803655992835090, 164.0624060048399713 ) ) ;
#4905 = CARTESIAN_POINT ( 'NONE',  ( 21.38328859764255085, 29.21530950507605340, 169.4826226562499869 ) ) ;
#4906 = LINE ( 'NONE', #2486, #2016 ) ;
#4907 = CARTESIAN_POINT ( 'NONE',  ( 12.79783623322443731, 24.27140993592455587, 167.8501184292080950 ) ) ;
#4908 = CIRCLE ( 'NONE', #1903, 1.749999999999996669 ) ;
#4909 = VERTEX_POINT ( 'NONE', #5693 ) ;
#4910 = CARTESIAN_POINT ( 'NONE',  ( 24.67590292570120170, 20.14823794019840264, 164.4176125000000184 ) ) ;
#4911 = CARTESIAN_POINT ( 'NONE',  ( 14.56360777005911977, 23.44395047774274943, 164.0468687176609990 ) ) ;
#4912 = CARTESIAN_POINT ( 'NONE',  ( 13.03474772093819922, 27.26420570648614827, 163.7704500000000110 ) ) ;
#4913 = CARTESIAN_POINT ( 'NONE',  ( 25.63064881779384763, 25.26852810487180179, 162.8442068918594998 ) ) ;
#4914 = AXIS2_PLACEMENT_3D ( 'NONE', #4227, #1829, #3703 ) ;
#4915 = CARTESIAN_POINT ( 'NONE',  ( 24.84107985392319762, 27.07790493712405322, 169.1772448792254693 ) ) ;
#4916 = CARTESIAN_POINT ( 'NONE',  ( 24.32946197726319681, 19.55085365413179943, 161.2161222222219976 ) ) ;
#4917 = CARTESIAN_POINT ( 'NONE',  ( 18.91851075141174832, 29.70524392277025072, 167.7753708333334828 ) ) ;
#4918 = ORIENTED_EDGE ( 'NONE', *, *, #3980, .F. ) ;
#4919 = DIRECTION ( 'NONE',  ( -0.9914626728336709549, -0.07787427352598369490, 0.1045818621956669942 ) ) ;
#4920 = PRESENTATION_LAYER_ASSIGNMENT (  '', '', ( #4086 ) ) ;
#4921 = CARTESIAN_POINT ( 'NONE',  ( 23.76120747555305002, 25.46148320929880171, 149.3087630169244164 ) ) ;
#4922 = CARTESIAN_POINT ( 'NONE',  ( 15.98398472337610166, 23.56206993786480197, 164.0429051576720099 ) ) ;
#4923 = CARTESIAN_POINT ( 'NONE',  ( 25.44517829469225134, 24.24753655112309758, 157.7736999999999910 ) ) ;
#4924 = CARTESIAN_POINT ( 'NONE',  ( 25.35479635810325405, 25.92231245170345133, 162.8446096454493954 ) ) ;
#4925 = CARTESIAN_POINT ( 'NONE',  ( 25.48361558170181596, 26.33063658299815302, 169.7454062709062725 ) ) ;
#4926 = CARTESIAN_POINT ( 'NONE',  ( 15.63299828412385217, 23.52034860887225065, 163.7650503167940030 ) ) ;
#4927 = DIRECTION ( 'NONE',  ( -0.9914626728336708439, -0.07787427352598327857, 0.1045818621956677713 ) ) ;
#4928 = CARTESIAN_POINT ( 'NONE',  ( 13.85237625498965919, 23.38869921156665299, 168.6049722899990115 ) ) ;
#4929 = DIRECTION ( 'NONE',  ( 0.08291556471174016396, -0.9955514112831505003, 0.04474814656117568484 ) ) ;
#4930 = B_SPLINE_SURFACE_WITH_KNOTS ( 'NONE', 3, 1, ( 
 ( #2763, #258 ),
 ( #6197, #1267 ),
 ( #3243, #194 ),
 ( #6230, #1777 ) ),
 .UNSPECIFIED., .F., .F., .F.,
 ( 4, 4 ),
 ( 2, 2 ),
 ( 0.000000000000000000, 1.000000000000000000 ),
 ( 0.000000000000000000, 1.000000000000000000 ),
 .UNSPECIFIED. ) ;
#4931 = CARTESIAN_POINT ( 'NONE',  ( 25.60811958181630033, 24.97362030899719798, 161.5401652097210103 ) ) ;
#4932 = EDGE_CURVE ( 'NONE', #2375, #4145, #1622, .T. ) ;
#4933 = CARTESIAN_POINT ( 'NONE',  ( 16.07959625312885166, 23.77027219126379975, 168.4978016962090237 ) ) ;
#4934 = CARTESIAN_POINT ( 'NONE',  ( 13.16446920023185996, 25.87252492287294814, 167.6874124999999935 ) ) ;
#4935 = ORIENTED_EDGE ( 'NONE', *, *, #3476, .T. ) ;
#4936 = CARTESIAN_POINT ( 'NONE',  ( 13.01076115052734039, 25.85371945282744832, 166.9756512466985043 ) ) ;
#4937 = CARTESIAN_POINT ( 'NONE',  ( 12.87180698691473957, 22.46450090938514776, 167.6827833333335036 ) ) ;
#4938 = CARTESIAN_POINT ( 'NONE',  ( 24.79248861755244704, 26.80220435494780062, 162.0724874999999940 ) ) ;
#4939 = CARTESIAN_POINT ( 'NONE',  ( 16.16916514261970050, 23.38626506296515117, 164.2579502575825074 ) ) ;
#4940 = CARTESIAN_POINT ( 'NONE',  ( 17.26858315344924932, 29.77384361233649912, 165.3285735686604880 ) ) ;
#4941 = CARTESIAN_POINT ( 'NONE',  ( 16.45541814517659773, 28.85538186856729936, 169.6162999999999954 ) ) ;
#4942 = EDGE_CURVE ( 'NONE', #4145, #548, #2775, .T. ) ;
#4943 = CARTESIAN_POINT ( 'NONE',  ( 13.75452892070369870, 23.39434022950894843, 164.4423192202465032 ) ) ;
#4944 = CARTESIAN_POINT ( 'NONE',  ( 25.83855089146614858, 25.21610048041915064, 164.7038380543814924 ) ) ;
#4945 = CARTESIAN_POINT ( 'NONE',  ( 20.69427049393179985, 29.43517985035799711, 169.0295666666664829 ) ) ;
#4946 = CARTESIAN_POINT ( 'NONE',  ( 24.98734355288734932, 26.93827133293455134, 168.3846044625715024 ) ) ;
#4947 = CARTESIAN_POINT ( 'NONE',  ( 25.79688996634433806, 25.75231427169613241, 167.1912093620915698 ) ) ;
#4948 = ORIENTED_EDGE ( 'NONE', *, *, #2001, .T. ) ;
#4949 = APPLICATION_CONTEXT ( 'automotive_design' ) ;
#4950 = CARTESIAN_POINT ( 'NONE',  ( 13.94893970697394003, 23.20256982455375194, 164.2850618148355011 ) ) ;
#4951 = CARTESIAN_POINT ( 'NONE',  ( 25.68547005035319941, 25.12160308635069939, 162.8454423547069894 ) ) ;
#4952 = CARTESIAN_POINT ( 'NONE',  ( 24.84276294220414982, 26.93463933595660009, 164.2096914552199962 ) ) ;
#4953 = B_SPLINE_CURVE_WITH_KNOTS ( 'NONE', 3,
 ( #649, #2629, #2134, #4112, #1078, #6092 ),
 .UNSPECIFIED., .F., .F.,
 ( 4, 1, 1, 4 ),
 ( 0.02986590146971450019, 0.08333333333333330095, 0.1666666666666665186, 0.2405002125166740001 ),
 .UNSPECIFIED. ) ;
#4954 = CARTESIAN_POINT ( 'NONE',  ( 24.60790589485905144, 27.31585580387294954, 169.1859961695245147 ) ) ;
#4955 = CARTESIAN_POINT ( 'NONE',  ( 24.03361542890249680, 19.01359182138750015, 159.8514916666665044 ) ) ;
#4956 = CARTESIAN_POINT ( 'NONE',  ( 13.21374280928240097, 25.99136439969555212, 167.6793333333335170 ) ) ;
#4957 = CARTESIAN_POINT ( 'NONE',  ( 25.81006844299635006, 25.32902383877429742, 164.8085187499999904 ) ) ;
#4958 = EDGE_LOOP ( 'NONE', ( #5568, #6094, #6134, #4935 ) ) ;
#4959 = CARTESIAN_POINT ( 'NONE',  ( 23.86394899181869889, 24.74010573227399945, 148.3798788391622168 ) ) ;
#4960 = CARTESIAN_POINT ( 'NONE',  ( 25.14539782381455169, 25.79948742398615025, 160.0974999999999966 ) ) ;
#4961 = CARTESIAN_POINT ( 'NONE',  ( 25.11323317352044882, 23.64612239528474902, 153.8944499999999778 ) ) ;
#4962 = CARTESIAN_POINT ( 'NONE',  ( 15.38550427471009918, 23.50779356298489731, 168.4137772001970177 ) ) ;
#4963 = CARTESIAN_POINT ( 'NONE',  ( 25.43119149553995229, 25.10322263660485120, 160.0874076215779951 ) ) ;
#4964 = LINE ( 'NONE', #2706, #1699 ) ;
#4965 = CARTESIAN_POINT ( 'NONE',  ( 13.34543776272660054, 25.49844951637389912, 169.2937197753070109 ) ) ;
#4966 = CARTESIAN_POINT ( 'NONE',  ( 15.19687305827760149, 23.49963136094470073, 164.1122486963429878 ) ) ;
#4967 = CARTESIAN_POINT ( 'NONE',  ( 14.15824683833914044, 25.80759408133270227, 172.9611436118850065 ) ) ;
#4968 = CARTESIAN_POINT ( 'NONE',  ( 13.46678008525632109, 25.85556414556980087, 169.2230562500000133 ) ) ;
#4969 = ORIENTED_EDGE ( 'NONE', *, *, #5092, .T. ) ;
#4970 = CARTESIAN_POINT ( 'NONE',  ( 12.93085965544413973, 25.64054173858955110, 166.9951247168419854 ) ) ;
#4971 = CARTESIAN_POINT ( 'NONE',  ( 12.98669738030974052, 22.45843992257609756, 168.1991500000000030 ) ) ;
#4972 = CARTESIAN_POINT ( 'NONE',  ( 24.85608179014329977, 26.47767979136770222, 160.7578749999999843 ) ) ;
#4973 = CARTESIAN_POINT ( 'NONE',  ( 16.10745520139389697, 23.46694461935864950, 166.1672441036974988 ) ) ;
#4974 = EDGE_CURVE ( 'NONE', #795, #3105, #937, .T. ) ;
#4975 = CARTESIAN_POINT ( 'NONE',  ( 17.76349430646070005, 17.68765955295769743, 164.0856768873545093 ) ) ;
#4976 = DIRECTION ( 'NONE',  ( 0.9949093705772958929, 0.000000000000000000, -0.1007737284091889257 ) ) ;
#4977 = CARTESIAN_POINT ( 'NONE',  ( 20.41058007612209835, 29.79500625647270340, 166.1758500000000254 ) ) ;
#4978 = CARTESIAN_POINT ( 'NONE',  ( 25.54539462575617748, 26.21490673187465958, 167.6329405912135826 ) ) ;
#4979 = B_SPLINE_CURVE_WITH_KNOTS ( 'NONE', 3,
 ( #5059, #4077, #6060, #1625, #3026, #3055, #2037, #644, #6004, #2130, #5520, #2568, #153, #2635, #2202 ),
 .UNSPECIFIED., .F., .F.,
 ( 4, 1, 1, 1, 1, 1, 1, 1, 1, 1, 1, 1, 4 ),
 ( 0.000000000000000000, 0.1170545021900040034, 0.2282050089065049969, 0.3366064674684340341, 0.4459997066639425078, 0.5023426402777799726, 0.5617913897895140396, 0.6242509014455109861, 0.6906597913806249434, 0.7613222425377920155, 0.8360764526884569836, 0.9155783752575910039, 1.000000000000000000 ),
 .UNSPECIFIED. ) ;
#4980 = ORIENTED_EDGE ( 'NONE', *, *, #5360, .F. ) ;
#4981 = CARTESIAN_POINT ( 'NONE',  ( 26.39365658993445152, 23.53052615827335359, 169.0616291666665063 ) ) ;
#4982 = CARTESIAN_POINT ( 'NONE',  ( 12.92629465960395940, 20.70748450465915269, 164.9397829861109983 ) ) ;
#4983 = CARTESIAN_POINT ( 'NONE',  ( 25.87224812571944810, 22.39178631248810092, 162.9681958333334819 ) ) ;
#4984 = EDGE_CURVE ( 'NONE', #1415, #5876, #1587, .T. ) ;
#4985 = CARTESIAN_POINT ( 'NONE',  ( 24.27973722967974979, 27.60877487995644941, 169.0842937500000005 ) ) ;
#4986 = CARTESIAN_POINT ( 'NONE',  ( 24.05733072841890063, 19.14548513476610125, 160.6247541666664915 ) ) ;
#4987 = CARTESIAN_POINT ( 'NONE',  ( 15.35545048535204948, 28.58304274662539868, 167.4013999999999953 ) ) ;
#4988 =( NAMED_UNIT ( * ) PLANE_ANGLE_UNIT ( ) SI_UNIT ( $, .RADIAN. ) );
#4989 = ORIENTED_EDGE ( 'NONE', *, *, #4687, .T. ) ;
#4990 = CARTESIAN_POINT ( 'NONE',  ( 24.34551620032129904, 25.05682981545405141, 151.5294729166664922 ) ) ;
#4991 = CARTESIAN_POINT ( 'NONE',  ( 24.82993425971350376, 25.96323294603789833, 157.7516458333334981 ) ) ;
#4992 = CARTESIAN_POINT ( 'NONE',  ( 24.71461429282404865, 23.51405918900699987, 151.5733999999999924 ) ) ;
#4993 = CARTESIAN_POINT ( 'NONE',  ( 26.04205501032064518, 24.20379935557210871, 164.1524973996956476 ) ) ;
#4994 = CARTESIAN_POINT ( 'NONE',  ( 11.74015416800088296, 23.12769033192945400, 161.4789062075963670 ) ) ;
#4995 = CARTESIAN_POINT ( 'NONE',  ( 14.54973424358458090, 23.44019589801949977, 168.4585029262439946 ) ) ;
#4996 = CARTESIAN_POINT ( 'NONE',  ( 16.26872121564004914, 23.72102267173394807, 167.0516673484495129 ) ) ;
#4997 = CARTESIAN_POINT ( 'NONE',  ( 15.92950613993604847, 23.60289014655129947, 165.0520137431104786 ) ) ;
#4998 = CARTESIAN_POINT ( 'NONE',  ( 21.41696095750325313, 29.29713636215424799, 168.3001833333334787 ) ) ;
#4999 = LINE ( 'NONE', #914, #1276 ) ;
#5000 = CARTESIAN_POINT ( 'NONE',  ( 15.23161037974895038, 23.62692713257689903, 166.8799436734555002 ) ) ;
#5001 = CARTESIAN_POINT ( 'NONE',  ( 13.78241138129897969, 25.83599024265144806, 170.7585395833335156 ) ) ;
#5002 = CARTESIAN_POINT ( 'NONE',  ( 25.47695603617160032, 24.94885870833374852, 160.0388436367990153 ) ) ;
#5003 = VERTEX_POINT ( 'NONE', #5575 ) ;
#5004 = DIRECTION ( 'NONE',  ( 0.1006318910984300152, 0.05303758115645531429, 0.9935090525400490646 ) ) ;
#5005 = FACE_OUTER_BOUND ( 'NONE', #1533, .T. ) ;
#5006 = CARTESIAN_POINT ( 'NONE',  ( 16.43148786240974957, 23.43389881797179797, 164.8316324667080153 ) ) ;
#5007 = CARTESIAN_POINT ( 'NONE',  ( 18.18167188932244827, 29.92721915807929634, 165.2278995849354999 ) ) ;
#5008 = CARTESIAN_POINT ( 'NONE',  ( 24.93329557281165165, 27.06310737512470155, 166.2067300237609970 ) ) ;
#5009 = LINE ( 'NONE', #3769, #2208 ) ;
#5010 = ADVANCED_FACE ( 'NONE', ( #3139 ), #3679, .T. ) ;
#5011 = CARTESIAN_POINT ( 'NONE',  ( 25.74416284216249906, 25.31423743401660076, 164.1541784722219859 ) ) ;
#5012 = ORIENTED_EDGE ( 'NONE', *, *, #3764, .F. ) ;
#5013 = CARTESIAN_POINT ( 'NONE',  ( 12.27981938169011933, 23.09928105013305100, 165.0798829549464983 ) ) ;
#5014 = CARTESIAN_POINT ( 'NONE',  ( 25.90316653864280383, 24.41881960979919697, 162.9905780254514980 ) ) ;
#5015 = CARTESIAN_POINT ( 'NONE',  ( 25.81997264342304987, 21.25650888875894751, 168.8468666666665001 ) ) ;
#5016 = CARTESIAN_POINT ( 'NONE',  ( 23.20078338645739890, 28.50587791762974987, 167.3344999999999914 ) ) ;
#5017 = CARTESIAN_POINT ( 'NONE',  ( 24.06392195921884891, 19.26413556913835023, 161.2664868055555019 ) ) ;
#5018 = CARTESIAN_POINT ( 'NONE',  ( 15.22047138701934976, 28.63120087691804727, 166.7681499999999915 ) ) ;
#5019 = CARTESIAN_POINT ( 'NONE',  ( 0.000000000000000000, 0.000000000000000000, 0.000000000000000000 ) ) ;
#5020 = EDGE_CURVE ( 'NONE', #1128, #4008, #3353, .T. ) ;
#5021 = EDGE_CURVE ( 'NONE', #2769, #6375, #4809, .T. ) ;
#5022 = ORIENTED_EDGE ( 'NONE', *, *, #2351, .F. ) ;
#5023 = CARTESIAN_POINT ( 'NONE',  ( 25.52376033711020042, 25.23375914380384799, 161.6245314001809845 ) ) ;
#5024 = VECTOR ( 'NONE', #5036, 1000.000000000000114 ) ;
#5025 = CARTESIAN_POINT ( 'NONE',  ( 25.56664347265079584, 24.33666962270574885, 159.3346250000000168 ) ) ;
#5026 = CARTESIAN_POINT ( 'NONE',  ( 26.08840030337219318, 24.23377996679834823, 164.7336274725751650 ) ) ;
#5027 = CARTESIAN_POINT ( 'NONE',  ( 14.16316638167410069, 23.39428737106524991, 168.1534219948829900 ) ) ;
#5028 = CARTESIAN_POINT ( 'NONE',  ( 16.29925831932284908, 23.01410394968059947, 155.7370996734060213 ) ) ;
#5029 = CARTESIAN_POINT ( 'NONE',  ( 13.42430017798402275, 25.59418076666968034, 169.5110263171217184 ) ) ;
#5030 = CARTESIAN_POINT ( 'NONE',  ( 17.87402045268335016, 29.89057249033010066, 165.2610177496860047 ) ) ;
#5031 = CARTESIAN_POINT ( 'NONE',  ( 25.69728333136139753, 23.99184912201569730, 160.0758946865094856 ) ) ;
#5032 = CARTESIAN_POINT ( 'NONE',  ( 25.92738497752204907, 24.13269783992134876, 162.7831159071715206 ) ) ;
#5033 = CARTESIAN_POINT ( 'NONE',  ( 15.09340071901594982, 23.41322155301909902, 166.8510003683340130 ) ) ;
#5034 = CARTESIAN_POINT ( 'NONE',  ( 13.80395478489286099, 25.49310985656650175, 171.5550333333334834 ) ) ;
#5035 = VERTEX_POINT ( 'NONE', #898 ) ;
#5036 = DIRECTION ( 'NONE',  ( -0.1006318910984300152, -0.05303758115645541144, -0.9935090525400490646 ) ) ;
#5037 = CARTESIAN_POINT ( 'NONE',  ( 24.62786991035624951, 27.33348039147150033, 165.7199660958859795 ) ) ;
#5038 = CARTESIAN_POINT ( 'NONE',  ( 16.20099560711190279, 23.66824667484155142, 166.0030046726135140 ) ) ;
#5039 = CARTESIAN_POINT ( 'NONE',  ( 15.94894901817170130, 23.40627078961354712, 165.1110822116314978 ) ) ;
#5040 = CARTESIAN_POINT ( 'NONE',  ( 29.24309239620974665, 25.24199506377684799, 170.1451786744460151 ) ) ;
#5041 = CARTESIAN_POINT ( 'NONE',  ( 15.72986616740790211, 23.52353851472074808, 168.1259875850584820 ) ) ;
#5042 = ORIENTED_EDGE ( 'NONE', *, *, #4044, .F. ) ;
#5043 = CARTESIAN_POINT ( 'NONE',  ( 25.79490809662719641, 24.84193415632230284, 162.9810412334850014 ) ) ;
#5044 = CARTESIAN_POINT ( 'NONE',  ( 25.83965674278810098, 21.27449711792239739, 169.2424041666664891 ) ) ;
#5045 = CARTESIAN_POINT ( 'NONE',  ( 21.79146947794179923, 29.17749373777775190, 168.1301229166665223 ) ) ;
#5046 = CARTESIAN_POINT ( 'NONE',  ( 24.35815974998184785, 19.76018557377765106, 162.5049979166664968 ) ) ;
#5047 = CARTESIAN_POINT ( 'NONE',  ( 13.14090893257113990, 26.61751880753245203, 165.8497979166665175 ) ) ;
#5048 = CARTESIAN_POINT ( 'NONE',  ( 20.00981583915684681, 29.91633785421250025, 164.5400422744380080 ) ) ;
#5049 = VERTEX_POINT ( 'NONE', #1408 ) ;
#5050 = CARTESIAN_POINT ( 'NONE',  ( 25.44599088730304715, 25.37167748106540088, 161.2736389729299731 ) ) ;
#5051 = ADVANCED_FACE ( 'NONE', ( #3391 ), #1723, .T. ) ;
#5052 = CARTESIAN_POINT ( 'NONE',  ( 24.85310992589150203, 23.55959362236509946, 152.3468500000000176 ) ) ;
#5053 = CARTESIAN_POINT ( 'NONE',  ( 21.10952948780684935, 29.68321150991624791, 164.4410982270999853 ) ) ;
#5054 = CARTESIAN_POINT ( 'NONE',  ( 13.93931417701044140, 23.56123251648349992, 167.8129231344555023 ) ) ;
#5055 = DIRECTION ( 'NONE',  ( -0.1006318910984300152, -0.05303758115645531429, -0.9935090525400490646 ) ) ;
#5056 = B_SPLINE_CURVE_WITH_KNOTS ( 'NONE', 3,
 ( #454, #3398, #3294, #5268, #4416, #3509, #1945, #3478 ),
 .UNSPECIFIED., .F., .F.,
 ( 4, 2, 2, 4 ),
 ( 0.000000000000000000, 0.2499999999999780731, 0.4999999999999561462, 1.000000000000000000 ),
 .UNSPECIFIED. ) ;
#5057 = EDGE_CURVE ( 'NONE', #518, #4000, #1858, .T. ) ;
#5058 = CARTESIAN_POINT ( 'NONE',  ( 13.66838538758932664, 25.29115236369452901, 171.1446047934546186 ) ) ;
#5059 = CARTESIAN_POINT ( 'NONE',  ( 14.99777964169054023, 23.68052187121190144, 168.5055869898560275 ) ) ;
#5060 = CARTESIAN_POINT ( 'NONE',  ( 12.91916669384271898, 24.30619230086730198, 168.3991344384864988 ) ) ;
#5061 = CARTESIAN_POINT ( 'NONE',  ( 16.42357267374799790, 23.55399053889820138, 167.5180850648075079 ) ) ;
#5062 = CARTESIAN_POINT ( 'NONE',  ( 14.07611075560773983, 25.51154974011529930, 173.0300594551799804 ) ) ;
#5063 = VERTEX_POINT ( 'NONE', #892 ) ;
#5064 = CARTESIAN_POINT ( 'NONE',  ( 25.93465661954890322, 24.13717020652410028, 162.8691425700114905 ) ) ;
#5065 = CARTESIAN_POINT ( 'NONE',  ( 24.31038507914530200, 26.05638001778130075, 153.8568416666664973 ) ) ;
#5066 = CARTESIAN_POINT ( 'NONE',  ( 12.59234227316785848, 25.15416291729820131, 166.0488444619805080 ) ) ;
#5067 = CARTESIAN_POINT ( 'NONE',  ( 15.54386146948655067, 23.41295867329244729, 166.0104757728134928 ) ) ;
#5068 = CARTESIAN_POINT ( 'NONE',  ( 12.98945413358473999, 23.15806746671394833, 165.0728464652979994 ) ) ;
#5069 = CARTESIAN_POINT ( 'NONE',  ( 25.95048455096004858, 25.37702631049210211, 167.0367141869305101 ) ) ;
#5070 = ORIENTED_EDGE ( 'NONE', *, *, #4984, .T. ) ;
#5071 = CARTESIAN_POINT ( 'NONE',  ( 26.22033909109039840, 24.66052916763084824, 167.9694999999999823 ) ) ;
#5072 = CARTESIAN_POINT ( 'NONE',  ( 25.10172921194935114, 20.57087698064594861, 165.1343666666664944 ) ) ;
#5073 = CARTESIAN_POINT ( 'NONE',  ( 11.89173866983616001, 21.72071106224944970, 161.3075319444444915 ) ) ;
#5074 = CARTESIAN_POINT ( 'NONE',  ( 24.70348438089159870, 24.34254557786499973, 152.3207520833335025 ) ) ;
#5075 = CARTESIAN_POINT ( 'NONE',  ( 25.20842436804400322, 20.87942045634419941, 162.3418062499999905 ) ) ;
#5076 = CARTESIAN_POINT ( 'NONE',  ( 13.19592166935824018, 26.60839724770460180, 166.1042937499999823 ) ) ;
#5077 = CARTESIAN_POINT ( 'NONE',  ( 21.10952948780684935, 29.68321150991624791, 164.4410982270999853 ) ) ;
#5078 = ORIENTED_EDGE ( 'NONE', *, *, #3621, .T. ) ;
#5079 = CARTESIAN_POINT ( 'NONE',  ( 25.44858727276974975, 25.44229202448359572, 161.6546761346045287 ) ) ;
#5080 = CARTESIAN_POINT ( 'NONE',  ( 25.63508414160915194, 22.73817104631014985, 158.6293000000000006 ) ) ;
#5081 = CARTESIAN_POINT ( 'NONE',  ( 21.28716347716169821, 29.63394861814155234, 166.4388023600154725 ) ) ;
#5082 = ADVANCED_FACE ( 'NONE', ( #1404 ), #743, .T. ) ;
#5083 = CARTESIAN_POINT ( 'NONE',  ( 13.64246990729989939, 24.43279841446950940, 171.7297423677512427 ) ) ;
#5084 = CARTESIAN_POINT ( 'NONE',  ( 15.51720992851622860, 29.07768040231720619, 165.0398663979793810 ) ) ;
#5085 = CARTESIAN_POINT ( 'NONE',  ( 13.61799608185929422, 25.67051591934688659, 170.2929458670077452 ) ) ;
#5086 = DIRECTION ( 'NONE',  ( 0.08291556471174016396, -0.9955514112831506113, 0.04474814656117583750 ) ) ;
#5087 = CARTESIAN_POINT ( 'NONE',  ( 13.56308704809439902, 25.12732604164389727, 170.8047875000000033 ) ) ;
#5088 = B_SPLINE_SURFACE_WITH_KNOTS ( 'NONE', 3, 3, ( 
 ( #821, #5252, #4221, #1369, #297, #2832, #6234, #3757, #4250, #3313, #2796 ),
 ( #3214, #755, #4765, #4280, #6271, #3796, #5745, #5780, #4708, #3698, #262 ),
 ( #1855, #5289, #5683, #857, #1241, #3830, #1781, #6201, #1753, #3724, #5710 ),
 ( #1270, #5223, #793, #4738, #3523, #4871, #958, #3861, #4946, #3936, #6411 ) ),
 .UNSPECIFIED., .F., .F., .F.,
 ( 4, 4 ),
 ( 4, 1, 1, 1, 1, 1, 1, 1, 4 ),
 ( 0.000000000000000000, 1.000000000000000000 ),
 ( 0.000000000000000000, 1.000000000000000000, 3.000000000000000000, 5.000000000000000000, 7.000000000000000000, 9.000000000000000000, 11.00000000000000000, 12.00000000000000000, 13.00000000000000000 ),
 .UNSPECIFIED. ) ;
#5089 = CARTESIAN_POINT ( 'NONE',  ( 12.65173753815964020, 25.53479225467030034, 165.7870038194444930 ) ) ;
#5090 = DIRECTION ( 'NONE',  ( 0.1006318910984290438, 0.05303758115645532123, 0.9935090525400493977 ) ) ;
#5091 = EDGE_LOOP ( 'NONE', ( #2167, #1031, #3465, #5226 ) ) ;
#5092 = EDGE_CURVE ( 'NONE', #3892, #2975, #2287, .T. ) ;
#5093 = CARTESIAN_POINT ( 'NONE',  ( 14.15919078066308145, 27.67657840768140076, 166.7620158754999977 ) ) ;
#5094 = CARTESIAN_POINT ( 'NONE',  ( 23.97660140600519796, 25.91890640069124885, 151.5287749999999960 ) ) ;
#5095 = CARTESIAN_POINT ( 'NONE',  ( 13.54311943207973989, 23.39470621244920068, 164.8421903510624702 ) ) ;
#5096 = CARTESIAN_POINT ( 'NONE',  ( 13.93791229917690089, 23.35904863358400263, 167.7868167466644991 ) ) ;
#5097 =( NAMED_UNIT ( * ) PLANE_ANGLE_UNIT ( ) SI_UNIT ( $, .RADIAN. ) );
#5098 = CARTESIAN_POINT ( 'NONE',  ( 14.56360777005911977, 23.44395047774274943, 164.0468687176609990 ) ) ;
#5099 = CARTESIAN_POINT ( 'NONE',  ( 25.86538430855694770, 25.73297532191189774, 169.5348625000000027 ) ) ;
#5100 = CARTESIAN_POINT ( 'NONE',  ( 25.19447337624684735, 26.62338306894485029, 165.6087041666665129 ) ) ;
#5101 = CARTESIAN_POINT ( 'NONE',  ( 15.09760434074104829, 23.68829574842649777, 168.4935702494289842 ) ) ;
#5102 = ORIENTED_EDGE ( 'NONE', *, *, #5929, .F. ) ;
#5103 = CARTESIAN_POINT ( 'NONE',  ( 26.28088711304358327, 24.67421124803335530, 170.4521047548990964 ) ) ;
#5104 = CARTESIAN_POINT ( 'NONE',  ( 15.56058110587115095, 29.10970301621965106, 165.5370305387145038 ) ) ;
#5105 = CYLINDRICAL_SURFACE ( 'NONE', #5848, 5.528271069722362263 ) ;
#5106 = CARTESIAN_POINT ( 'NONE',  ( 18.71369335244360244, 29.97222721929644962, 165.1716087595070235 ) ) ;
#5107 = ORIENTED_EDGE ( 'NONE', *, *, #4842, .T. ) ;
#5108 = CARTESIAN_POINT ( 'NONE',  ( 25.24597835747832875, 25.65322684121914421, 160.4135792131712037 ) ) ;
#5109 = CARTESIAN_POINT ( 'NONE',  ( 25.69605836875590299, 22.80199144762394781, 159.4074999999999989 ) ) ;
#5110 = DIRECTION ( 'NONE',  ( 0.9914254851428329074, 0.07785470417481560323, -0.1049483322742683772 ) ) ;
#5111 = CARTESIAN_POINT ( 'NONE',  ( 14.85550660856631922, 28.34811701868299849, 167.1589036913159987 ) ) ;
#5112 = CARTESIAN_POINT ( 'NONE',  ( 13.66230920796960113, 25.13567240591694940, 171.3092088962389994 ) ) ;
#5113 = CARTESIAN_POINT ( 'NONE',  ( 11.89420672650495092, 22.94591221836257233, 162.3822679966303610 ) ) ;
#5114 = CARTESIAN_POINT ( 'NONE',  ( 24.62634490674184917, 27.33470724613654923, 165.6939563853904929 ) ) ;
#5115 = CARTESIAN_POINT ( 'NONE',  ( 12.75987921812216008, 25.71799931114824744, 166.0017748575539827 ) ) ;
#5116 = VECTOR ( 'NONE', #1008, 1000.000000000000000 ) ;
#5117 = CARTESIAN_POINT ( 'NONE',  ( 12.91758215945877986, 25.64317298584879978, 166.9344000000000108 ) ) ;
#5118 = CARTESIAN_POINT ( 'NONE',  ( 14.02162245562551846, 25.50743767410419593, 172.7197336107165313 ) ) ;
#5119 = VERTEX_POINT ( 'NONE', #3781 ) ;
#5120 = CARTESIAN_POINT ( 'NONE',  ( 15.93724949936380142, 23.41652565369914996, 165.3609096901049895 ) ) ;
#5121 = CARTESIAN_POINT ( 'NONE',  ( 13.25370567531369836, 20.67998771840005290, 166.2435562500000117 ) ) ;
#5122 = CARTESIAN_POINT ( 'NONE',  ( 23.96420595773815165, 26.63409642125815324, 153.8673500000000161 ) ) ;
#5123 = CARTESIAN_POINT ( 'NONE',  ( 13.95589728995280154, 23.36212223422685241, 167.8218727637675158 ) ) ;
#5124 = EDGE_CURVE ( 'NONE', #2266, #5430, #219, .T. ) ;
#5125 = CARTESIAN_POINT ( 'NONE',  ( 24.40451930551619952, 24.36316202672460207, 150.7643458333334934 ) ) ;
#5126 = CARTESIAN_POINT ( 'NONE',  ( 13.04571359679886022, 23.33725494584560067, 168.9551427372529986 ) ) ;
#5127 = CARTESIAN_POINT ( 'NONE',  ( 25.60309742600145100, 24.78068996969029669, 160.7577753472219797 ) ) ;
#5128 = CARTESIAN_POINT ( 'NONE',  ( 25.81714445384784895, 25.75437691524425077, 167.8264458333335085 ) ) ;
#5129 = CARTESIAN_POINT ( 'NONE',  ( 14.62941765419340179, 23.57417356488315008, 166.8221147115465044 ) ) ;
#5130 = ORIENTED_EDGE ( 'NONE', *, *, #1017, .F. ) ;
#5131 = ADVANCED_FACE ( 'NONE', ( #1525 ), #2004, .F. ) ;
#5132 = CARTESIAN_POINT ( 'NONE',  ( 12.57532392995791959, 27.44046649589784792, 161.0667141927085027 ) ) ;
#5133 = CARTESIAN_POINT ( 'NONE',  ( 12.24542198414892091, 24.09636652394874901, 164.9793631849505005 ) ) ;
#5134 = CARTESIAN_POINT ( 'NONE',  ( 13.09280055969708023, 26.24985166212649546, 166.5120687499999974 ) ) ;
#5135 = ORIENTED_EDGE ( 'NONE', *, *, #3908, .F. ) ;
#5136 = CARTESIAN_POINT ( 'NONE',  ( 25.16648970616639147, 25.87377568388801663, 160.6495197899304230 ) ) ;
#5137 = CARTESIAN_POINT ( 'NONE',  ( 21.09528870882924778, 29.78880653951350155, 163.9457101909480059 ) ) ;
#5138 = CARTESIAN_POINT ( 'NONE',  ( 25.88109509845739709, 23.03358306031240232, 161.7449750000000108 ) ) ;
#5139 = CARTESIAN_POINT ( 'NONE',  ( 14.06726430863084154, 25.27212530336059970, 173.3871516540555149 ) ) ;
#5140 = CARTESIAN_POINT ( 'NONE',  ( 24.34551620032129904, 25.05682981545405141, 151.5294729166664922 ) ) ;
#5141 = CARTESIAN_POINT ( 'NONE',  ( 14.36464940995909956, 27.89963206744980084, 166.7292975858100021 ) ) ;
#5142 = CARTESIAN_POINT ( 'NONE',  ( 13.67028673874029820, 25.40651847843641775, 170.9856942569942930 ) ) ;
#5143 = CARTESIAN_POINT ( 'NONE',  ( 12.78360664135264102, 25.14616207789070046, 167.0364318901884815 ) ) ;
#5144 = CARTESIAN_POINT ( 'NONE',  ( 14.80525697844379884, 28.58512985068340129, 165.6415406958284962 ) ) ;
#5145 = CARTESIAN_POINT ( 'NONE',  ( 13.07444591239909926, 25.13551752780974979, 168.5030541666664874 ) ) ;
#5146 = DIRECTION ( 'NONE',  ( 0.1006318910984300152, 0.05303758115645531429, 0.9935090525400490646 ) ) ;
#5147 = VERTEX_POINT ( 'NONE', #4963 ) ;
#5148 = CARTESIAN_POINT ( 'NONE',  ( 13.57394586162116035, 20.97420334144795007, 168.5789911497834908 ) ) ;
#5149 = CARTESIAN_POINT ( 'NONE',  ( 23.85809609526729957, 26.59417998245875125, 153.0923999999999978 ) ) ;
#5150 = CARTESIAN_POINT ( 'NONE',  ( 12.74220433263428021, 24.25515027989494854, 167.5914580389284936 ) ) ;
#5151 = CARTESIAN_POINT ( 'NONE',  ( 16.20099560711190279, 23.66824667484155142, 166.0030046726135140 ) ) ;
#5152 = CARTESIAN_POINT ( 'NONE',  ( 25.22378442281530297, 24.55296810589409873, 156.2022145833335003 ) ) ;
#5153 = CARTESIAN_POINT ( 'NONE',  ( 15.89581552533089770, 23.41966607607605155, 165.5075520381975025 ) ) ;
#5154 = CARTESIAN_POINT ( 'NONE',  ( 12.97132528569092003, 23.16480510034109841, 165.2563361728699931 ) ) ;
#5155 = CARTESIAN_POINT ( 'NONE',  ( 25.53528400203144955, 25.69815487614054916, 163.6288221985574864 ) ) ;
#5156 = CARTESIAN_POINT ( 'NONE',  ( 15.07681760607360033, 23.61233183527575008, 166.8420507390219996 ) ) ;
#5157 = ORIENTED_EDGE ( 'NONE', *, *, #4337, .F. ) ;
#5158 = ADVANCED_FACE ( 'NONE', ( #3983 ), #5941, .T. ) ;
#5159 = CARTESIAN_POINT ( 'NONE',  ( 22.20194098201080379, 18.59652578026005187, 148.8611408854166029 ) ) ;
#5160 = CARTESIAN_POINT ( 'NONE',  ( 15.62844851813960112, 29.15798130100870011, 165.5485749999999996 ) ) ;
#5161 = CARTESIAN_POINT ( 'NONE',  ( 14.95976796966106015, 23.47701658961024762, 168.5179179799035012 ) ) ;
#5162 = ORIENTED_EDGE ( 'NONE', *, *, #4337, .T. ) ;
#5163 = CARTESIAN_POINT ( 'NONE',  ( 24.30068109045565095, 25.18250833686684942, 151.5280458333335218 ) ) ;
#5164 = ADVANCED_FACE ( 'NONE', ( #34 ), #5182, .F. ) ;
#5165 = CARTESIAN_POINT ( 'NONE',  ( 14.27403492182136091, 23.63787132852209893, 168.8977572926930009 ) ) ;
#5166 = CARTESIAN_POINT ( 'NONE',  ( 12.25972247058921916, 24.10131180370834869, 165.0628872551685049 ) ) ;
#5167 = CARTESIAN_POINT ( 'NONE',  ( 25.29631086840669951, 22.48715505207135124, 154.7307000000000130 ) ) ;
#5168 = CARTESIAN_POINT ( 'NONE',  ( 13.96432003018833967, 23.39976248747339937, 173.5948437499999955 ) ) ;
#5169 = CARTESIAN_POINT ( 'NONE',  ( 13.77570492931941892, 27.20811671046274682, 166.8258673135450181 ) ) ;
#5170 = B_SPLINE_SURFACE_WITH_KNOTS ( 'NONE', 3, 1, ( 
 ( #4085, #3494 ),
 ( #1473, #5431 ),
 ( #4875, #3603 ),
 ( #1928, #4950 ),
 ( #5584, #4838 ),
 ( #3425, #2386 ),
 ( #406, #4363 ),
 ( #3969, #512 ),
 ( #5398, #6347 ),
 ( #5470, #2906 ),
 ( #4911, #963 ) ),
 .UNSPECIFIED., .F., .F., .F.,
 ( 4, 1, 1, 1, 1, 1, 1, 1, 4 ),
 ( 2, 2 ),
 ( 0.000000000000000000, 0.1205234751772081975, 0.2401250842232909855, 0.3596212192905685057, 0.4808517190435930289, 0.6039515596735419711, 0.7316160205097190783, 0.8625688420528129230, 1.000000000000000000 ),
 ( 0.000000000000000000, 1.000000000000000000 ),
 .UNSPECIFIED. ) ;
#5171 = CARTESIAN_POINT ( 'NONE',  ( 15.41027014525129957, 23.52219209321090077, 164.2187654850644947 ) ) ;
#5172 = CARTESIAN_POINT ( 'NONE',  ( 15.64819030445974768, 23.44465704479095081, 166.5223824320505059 ) ) ;
#5173 = CARTESIAN_POINT ( 'NONE',  ( 13.78427435536854162, 23.16612021237705221, 163.7792499775680142 ) ) ;
#5174 = CARTESIAN_POINT ( 'NONE',  ( 13.64336822354946044, 20.71258319409265169, 168.1914049902979968 ) ) ;
#5175 = CARTESIAN_POINT ( 'NONE',  ( 24.47341055138184984, 25.97572265440080130, 154.6317479166665123 ) ) ;
#5176 = CARTESIAN_POINT ( 'NONE',  ( 13.47017995626003817, 23.40253333535084934, 165.1514796097690123 ) ) ;
#5177 = CARTESIAN_POINT ( 'NONE',  ( 25.14249120358744705, 26.12781188958314971, 161.6664032817215002 ) ) ;
#5178 = CARTESIAN_POINT ( 'NONE',  ( 12.78360664135264102, 25.14616207789070046, 167.0364318901884815 ) ) ;
#5179 = CARTESIAN_POINT ( 'NONE',  ( 13.99174361627200014, 25.40317785376450033, 172.7261727231089878 ) ) ;
#5180 = CARTESIAN_POINT ( 'NONE',  ( 24.57473528695604870, 27.30559770699874989, 163.7975121527779834 ) ) ;
#5181 = CARTESIAN_POINT ( 'NONE',  ( 25.42250094434020014, 26.39379013683640096, 167.1776499999999999 ) ) ;
#5182 = B_SPLINE_SURFACE_WITH_KNOTS ( 'NONE', 3, 1, ( 
 ( #5974, #3505 ),
 ( #4444, #2955 ),
 ( #5412, #978 ),
 ( #1488, #3470 ) ),
 .UNSPECIFIED., .F., .F., .F.,
 ( 4, 4 ),
 ( 2, 2 ),
 ( 0.000000000000000000, 0.0003916162658146739957 ),
 ( 0.000000000000000000, 1.000000000000000000 ),
 .UNSPECIFIED. ) ;
#5183 = CARTESIAN_POINT ( 'NONE',  ( 19.42641632479705294, 29.63237701623840081, 168.5055499999999995 ) ) ;
#5184 = CARTESIAN_POINT ( 'NONE',  ( 12.32893363375515960, 23.99302592342334961, 165.5850333333334845 ) ) ;
#5185 = ORIENTED_EDGE ( 'NONE', *, *, #4329, .F. ) ;
#5186 = DIRECTION ( 'NONE',  ( 0.08291556471174016396, -0.9955514112831505003, 0.04474814656117568484 ) ) ;
#5187 = CARTESIAN_POINT ( 'NONE',  ( 24.54300375974120030, 27.38629352676110074, 164.4592854166664893 ) ) ;
#5188 = EDGE_CURVE ( 'NONE', #149, #1926, #2474, .T. ) ;
#5189 = CARTESIAN_POINT ( 'NONE',  ( 25.77884674710630009, 24.80550255397585246, 162.7184204878385003 ) ) ;
#5190 = CARTESIAN_POINT ( 'NONE',  ( 21.16598676938265200, 29.55055730574204631, 166.7546291666664899 ) ) ;
#5191 = CARTESIAN_POINT ( 'NONE',  ( 14.06776529436815082, 27.52947481372848415, 167.2823959737604014 ) ) ;
#5192 = CARTESIAN_POINT ( 'NONE',  ( 25.87308661448405189, 25.34397646773034651, 165.5955104166665137 ) ) ;
#5193 = ORIENTED_EDGE ( 'NONE', *, *, #3908, .T. ) ;
#5194 = CARTESIAN_POINT ( 'NONE',  ( 26.25175807187253696, 24.37451719173035158, 167.5620405131654991 ) ) ;
#5195 = CARTESIAN_POINT ( 'NONE',  ( 21.65209805849519853, 29.61465984641754901, 163.9202042056139987 ) ) ;
#5196 = CARTESIAN_POINT ( 'NONE',  ( 15.83404336816400182, 23.34230657269439746, 163.9009270716305195 ) ) ;
#5197 = EDGE_CURVE ( 'NONE', #4909, #1732, #4707, .T. ) ;
#5198 = CARTESIAN_POINT ( 'NONE',  ( 25.43267576760730364, 21.83067838510899961, 157.1288000000000125 ) ) ;
#5199 = CARTESIAN_POINT ( 'NONE',  ( 12.20721566534581903, 24.65471671608622373, 164.4810500015386197 ) ) ;
#5200 = CARTESIAN_POINT ( 'NONE',  ( 13.81912370396839940, 23.97686171660074805, 172.7864666666665130 ) ) ;
#5201 = CARTESIAN_POINT ( 'NONE',  ( 18.31923065089580049, 22.05812843887685304, 165.1307839517960190 ) ) ;
#5202 = CARTESIAN_POINT ( 'NONE',  ( 13.94893970697394003, 23.20256982455375194, 164.2850618148355011 ) ) ;
#5203 = CARTESIAN_POINT ( 'NONE',  ( 14.65923515642522013, 26.86311226779280048, 172.6073833333335017 ) ) ;
#5204 = CARTESIAN_POINT ( 'NONE',  ( 25.79760597260975175, 25.32631611242520009, 164.7021015770864949 ) ) ;
#5205 = AXIS2_PLACEMENT_3D ( 'NONE', #4443, #4, #2469 ) ;
#5206 = CARTESIAN_POINT ( 'NONE',  ( 12.68888432368069985, 24.25096226850995151, 167.5970823614385097 ) ) ;
#5207 = CARTESIAN_POINT ( 'NONE',  ( 13.06106401444615983, 21.00562599265349917, 166.2519374999999968 ) ) ;
#5208 = CARTESIAN_POINT ( 'NONE',  ( 22.92808758116759904, 27.05922062758315150, 150.0155856700754953 ) ) ;
#5209 = CARTESIAN_POINT ( 'NONE',  ( 13.50097768715751911, 23.20093024348000199, 165.0786306957745069 ) ) ;
#5210 = CARTESIAN_POINT ( 'NONE',  ( 23.79650207254465144, 25.66522587513324893, 149.9664999552944096 ) ) ;
#5211 = AXIS2_PLACEMENT_3D ( 'NONE', #2159, #5234, #4137 ) ;
#5212 = CARTESIAN_POINT ( 'NONE',  ( 15.72741455425324908, 23.53092917786650062, 163.8254980056145200 ) ) ;
#5213 = CARTESIAN_POINT ( 'NONE',  ( 13.49689995426695965, 25.49301622384944821, 170.0155499999999904 ) ) ;
#5214 = CARTESIAN_POINT ( 'NONE',  ( 14.57069873240559943, 23.54761823455009662, 166.3401174515839784 ) ) ;
#5215 = B_SPLINE_CURVE_WITH_KNOTS ( 'NONE', 3,
 ( #1114, #1405, #1512, #1440, #1990, #6384, #2106, #5961, #623, #1961 ),
 .UNSPECIFIED., .F., .F.,
 ( 4, 3, 3, 4 ),
 ( 0.000000000000000000, 9.949076505593590488E-05, 0.0001989815911102020031, 0.0003966253111602075225 ),
 .UNSPECIFIED. ) ;
#5216 = CARTESIAN_POINT ( 'NONE',  ( 14.52240897932039942, 23.54395711021534865, 166.3481431392635272 ) ) ;
#5217 = EDGE_LOOP ( 'NONE', ( #3308, #1630, #4615, #4622, #1988, #3588 ) ) ;
#5218 = CARTESIAN_POINT ( 'NONE',  ( 18.76055577756060089, 29.92559920962229825, 165.8279156448859908 ) ) ;
#5219 = CARTESIAN_POINT ( 'NONE',  ( 12.49593528078403892, 25.15853745000614694, 165.5472895833335087 ) ) ;
#5220 = VECTOR ( 'NONE', #2204, 999.9999999999998863 ) ;
#5221 = VERTEX_POINT ( 'NONE', #3045 ) ;
#5222 = CARTESIAN_POINT ( 'NONE',  ( 25.92839770855929871, 23.09702758965294933, 162.2634083333335013 ) ) ;
#5223 = CARTESIAN_POINT ( 'NONE',  ( 24.73355197981399911, 27.09345453054764974, 163.7886597222220075 ) ) ;
#5224 = B_SPLINE_SURFACE_WITH_KNOTS ( 'NONE', 3, 1, ( 
 ( #6116, #6028 ),
 ( #1677, #1042 ),
 ( #3619, #3591 ),
 ( #641, #2624 ),
 ( #5542, #4624 ),
 ( #4597, #1583 ),
 ( #2157, #6000 ),
 ( #4563, #5598 ),
 ( #119, #2534 ),
 ( #5081, #151 ) ),
 .UNSPECIFIED., .F., .F., .F.,
 ( 4, 2, 2, 2, 4 ),
 ( 2, 2 ),
 ( 0.000000000000000000, 0.2500000000000000000, 0.5000000000000000000, 0.7500000000000000000, 1.000000000000000000 ),
 ( 0.000000000000000000, 1.000000000000000000 ),
 .UNSPECIFIED. ) ;
#5225 = CARTESIAN_POINT ( 'NONE',  ( 25.92146261742049873, 25.58673039929229986, 169.1420495313450090 ) ) ;
#5226 = ORIENTED_EDGE ( 'NONE', *, *, #3727, .F. ) ;
#5227 = CARTESIAN_POINT ( 'NONE',  ( 18.66862543407984987, 29.88433243331699884, 166.1873991985744965 ) ) ;
#5228 = CARTESIAN_POINT ( 'NONE',  ( 14.77770900615145955, 23.68529182991154869, 169.0194858192965057 ) ) ;
#5229 = CARTESIAN_POINT ( 'NONE',  ( 24.71999975233289604, 27.10847768940589830, 163.5244916666665063 ) ) ;
#5230 = CARTESIAN_POINT ( 'NONE',  ( 24.48206590817609651, 21.51671454140664963, 150.9397000000000162 ) ) ;
#5231 = CARTESIAN_POINT ( 'NONE',  ( 12.16730507685494445, 25.10833350286575083, 163.8656706458710062 ) ) ;
#5232 = CARTESIAN_POINT ( 'NONE',  ( 13.04340739261759907, 23.86397425247829673, 169.0698340277780005 ) ) ;
#5233 = CARTESIAN_POINT ( 'NONE',  ( 13.65895377041561964, 25.48691243590975120, 170.7829833333335046 ) ) ;
#5234 = DIRECTION ( 'NONE',  ( 0.9914626728336710659, 0.07787427352598338959, -0.1045818621956658007 ) ) ;
#5235 = EDGE_CURVE ( 'NONE', #3832, #6065, #544, .T. ) ;
#5236 = CARTESIAN_POINT ( 'NONE',  ( 14.56360777005911977, 23.44395047774274943, 164.0468687176609990 ) ) ;
#5237 = CARTESIAN_POINT ( 'NONE',  ( 12.60136789651297917, 25.28218094704685015, 165.9273852430555110 ) ) ;
#5238 = B_SPLINE_SURFACE_WITH_KNOTS ( 'NONE', 3, 3, ( 
 ( #666, #4063, #6048, #197, #6137, #145, #1612, #2150, #5075, #4130, #1671, #3643, #4099, #5623, #4249, #5709, #1269, #3795, #367, #2342, #4799, #6270, #4318 ),
 ( #3247, #400, #4831, #3828, #1752, #5222, #6200, #2795, #328, #889, #2865, #3723, #6307, #2379, #4764, #6233, #792, #1335, #1399, #2766, #5251, #4737, #2831 ),
 ( #1854, #295, #4356, #2300, #5321, #4277, #1819, #5779, #5810, #3312, #1780, #2268, #3755, #5288, #3344, #6340, #1887, #856, #3859, #5743, #261, #1301, #5846 ),
 ( #3280, #819, #5189, #754, #2731, #4706, #2240, #4220, #4427, #3996, #5463, #4486, #46, #3419, #3521, #6378, #922, #5988, #1923, #2017, #6409, #4975, #4904 ),
 ( #5357, #1434, #475, #3932, #992, #4520, #4456, #18, #5952, #1540, #3003, #534, #3897, #1466, #565, #5424, #4870, #2454, #2970, #76, #5883, #507, #2483 ) ),
 .UNSPECIFIED., .F., .F., .F.,
 ( 4, 1, 4 ),
 ( 4, 1, 1, 1, 1, 1, 1, 1, 1, 1, 1, 1, 1, 1, 1, 1, 1, 1, 1, 1, 4 ),
 ( 0.000000000000000000, 1.000000000000000000, 2.000000000000000000 ),
 ( 0.000000000000000000, 1.000000000000000000, 2.000000000000000000, 3.000000000000000000, 5.000000000000000000, 7.000000000000000000, 9.000000000000000000, 11.00000000000000000, 13.00000000000000000, 15.00000000000000000, 17.00000000000000000, 19.00000000000000000, 21.00000000000000000, 23.00000000000000000, 25.00000000000000000, 27.00000000000000000, 29.00000000000000000, 31.00000000000000000, 32.00000000000000000, 33.00000000000000000, 34.00000000000000000 ),
 .UNSPECIFIED. ) ;
#5239 = CARTESIAN_POINT ( 'NONE',  ( 15.25359798130654987, 23.39622960087820047, 166.1761297709305154 ) ) ;
#5240 = EDGE_CURVE ( 'NONE', #360, #5063, #2979, .T. ) ;
#5241 = CARTESIAN_POINT ( 'NONE',  ( 23.56475433909639960, 25.41258542832930090, 148.1448649133974129 ) ) ;
#5242 = CARTESIAN_POINT ( 'NONE',  ( 14.74673752790314118, 23.43574033035039861, 163.5248821572004942 ) ) ;
#5243 = CARTESIAN_POINT ( 'NONE',  ( 13.76934450619180161, 25.37719818852230347, 171.5623333333334983 ) ) ;
#5244 = CARTESIAN_POINT ( 'NONE',  ( 24.98810400313729829, 26.95305068940069759, 167.8579583333334995 ) ) ;
#5245 = CARTESIAN_POINT ( 'NONE',  ( 16.33676743302369871, 23.73307845382305103, 167.1937974883730078 ) ) ;
#5246 = ORIENTED_EDGE ( 'NONE', *, *, #5449, .T. ) ;
#5247 = CARTESIAN_POINT ( 'NONE',  ( 12.86473715784084071, 25.01665772666170184, 167.6102791666665155 ) ) ;
#5248 = ORIENTED_EDGE ( 'NONE', *, *, #4469, .F. ) ;
#5249 = CARTESIAN_POINT ( 'NONE',  ( 12.88889283198032132, 26.16049155412620308, 165.4618184265417540 ) ) ;
#5250 = CARTESIAN_POINT ( 'NONE',  ( 12.62425493344396088, 25.28116192492450054, 166.0388323221800135 ) ) ;
#5251 = CARTESIAN_POINT ( 'NONE',  ( 18.06111213852155117, 17.51058906795220338, 163.5525206645724836 ) ) ;
#5252 = CARTESIAN_POINT ( 'NONE',  ( 24.96032260122670010, 26.76572187086484789, 163.7771871527779979 ) ) ;
#5253 = CARTESIAN_POINT ( 'NONE',  ( 25.40821547880629794, 26.06550038781689693, 164.1551916666664965 ) ) ;
#5254 = ORIENTED_EDGE ( 'NONE', *, *, #1679, .T. ) ;
#5255 = CARTESIAN_POINT ( 'NONE',  ( 15.66978996597644880, 27.88656615080234857, 173.2622354166664991 ) ) ;
#5256 = CARTESIAN_POINT ( 'NONE',  ( 21.23684753161249716, 29.60742982756335095, 165.9420478337455052 ) ) ;
#5257 = CARTESIAN_POINT ( 'NONE',  ( 14.57069873240559943, 23.54761823455009662, 166.3401174515839784 ) ) ;
#5258 = CARTESIAN_POINT ( 'NONE',  ( 23.07383473813045072, 28.81314544596495253, 163.6499916666664944 ) ) ;
#5259 = B_SPLINE_CURVE_WITH_KNOTS ( 'NONE', 3,
 ( #1142, #1595, #4115, #6095, #562, #3119, #1658, #1112, #1081, #4514, #5093, #2013, #4022, #100, #72, #652 ),
 .UNSPECIFIED., .F., .F.,
 ( 4, 2, 2, 2, 2, 2, 2, 4 ),
 ( 0.000000000000000000, 0.2500000000000000000, 0.3750000000000000000, 0.5000000000000000000, 0.6250000000000000000, 0.7500000000000000000, 0.8750000000000000000, 1.000000000000000000 ),
 .UNSPECIFIED. ) ;
#5260 = CARTESIAN_POINT ( 'NONE',  ( 24.43356193470635063, 20.78900621071525023, 151.7830999999999904 ) ) ;
#5261 = CARTESIAN_POINT ( 'NONE',  ( 11.76009146860983812, 24.60775267136705580, 161.8492011528276748 ) ) ;
#5262 = CARTESIAN_POINT ( 'NONE',  ( 13.32984773982500037, 24.75389269343955334, 170.0574750000000108 ) ) ;
#5263 = CARTESIAN_POINT ( 'NONE',  ( 14.56360777005911977, 23.44395047774274943, 164.0468687176609990 ) ) ;
#5264 = CARTESIAN_POINT ( 'NONE',  ( 13.52579716351272054, 23.34041584499095023, 168.1359007070149971 ) ) ;
#5265 = FACE_OUTER_BOUND ( 'NONE', #5760, .T. ) ;
#5266 = ORIENTED_EDGE ( 'NONE', *, *, #933, .T. ) ;
#5267 = CARTESIAN_POINT ( 'NONE',  ( 24.72270246144159955, 24.77579621737329774, 153.0864166666665085 ) ) ;
#5268 = CARTESIAN_POINT ( 'NONE',  ( 25.07089375414777521, 26.27606478724436201, 161.7395778121889975 ) ) ;
#5269 = CARTESIAN_POINT ( 'NONE',  ( 14.23639673278495899, 23.21958646546374894, 164.1310058084544892 ) ) ;
#5270 = CARTESIAN_POINT ( 'NONE',  ( 12.75351620342413916, 25.52768716800560256, 166.2996277777775163 ) ) ;
#5271 = CARTESIAN_POINT ( 'NONE',  ( 18.97627208569159762, 29.45482717886590152, 171.5691125000000170 ) ) ;
#5272 = CARTESIAN_POINT ( 'NONE',  ( 14.04340967428671938, 22.73948667080135166, 173.6020989583334995 ) ) ;
#5273 = CARTESIAN_POINT ( 'NONE',  ( 25.88594351363877877, 25.69795093386009555, 170.3027287808528740 ) ) ;
#5274 = CARTESIAN_POINT ( 'NONE',  ( 17.66516584920025323, 24.25362515120420071, 169.6092292477509886 ) ) ;
#5275 = CARTESIAN_POINT ( 'NONE',  ( 14.52240897932039942, 23.54395711021534865, 166.3481431392635272 ) ) ;
#5276 = CARTESIAN_POINT ( 'NONE',  ( 23.18320244037575151, 26.71248393401799959, 149.9989778150921893 ) ) ;
#5277 = B_SPLINE_SURFACE_WITH_KNOTS ( 'NONE', 3, 1, ( 
 ( #4235, #5696 ),
 ( #1286, #6217 ),
 ( #3658, #1256 ),
 ( #1766, #3230 ),
 ( #2783, #3682 ),
 ( #4753, #4205 ),
 ( #1197, #5173 ),
 ( #5638, #4691 ),
 ( #1225, #217 ),
 ( #5667, #745 ),
 ( #3847, #5907 ),
 ( #3474, #3366 ),
 ( #5306, #4447 ),
 ( #945, #5870 ),
 ( #3887, #2853 ),
 ( #6328, #1844 ),
 ( #462, #913 ),
 ( #4414, #5829 ),
 ( #2925, #1490 ) ),
 .UNSPECIFIED., .F., .F., .F.,
 ( 4, 1, 1, 1, 1, 1, 1, 1, 1, 1, 1, 1, 1, 1, 1, 1, 4 ),
 ( 2, 2 ),
 ( 0.000000000000000000, 0.06539096776391169208, 0.1283749440557873933, 0.1896014962093970080, 0.2490671803728430056, 0.3075967584547770195, 0.3653447447704750162, 0.4230609444511874706, 0.4816039582187779944, 0.5405975211100559896, 0.6004323789124420552, 0.6608948617782479662, 0.7235895875114539688, 0.7881060713077500113, 0.8558378780524670271, 0.9259482941615300167, 1.000000000000000000 ),
 ( 0.000000000000000000, 1.000000000000000000 ),
 .UNSPECIFIED. ) ;
#5278 = CARTESIAN_POINT ( 'NONE',  ( 25.40234413013779857, 24.95225138347529992, 159.3202833333335207 ) ) ;
#5279 = ADVANCED_FACE ( 'NONE', ( #3012 ), #5453, .T. ) ;
#5280 = CARTESIAN_POINT ( 'NONE',  ( 25.56589484158484993, 25.21000014568695136, 162.0195861832490039 ) ) ;
#5281 = CARTESIAN_POINT ( 'NONE',  ( 12.64686072101683934, 27.43438291959795094, 161.4531200520835057 ) ) ;
#5282 = CARTESIAN_POINT ( 'NONE',  ( 26.15526201786544647, 25.11594900433699706, 169.5359249999999918 ) ) ;
#5283 = CARTESIAN_POINT ( 'NONE',  ( 15.79690794462445069, 23.66116806977814946, 166.5942703115435108 ) ) ;
#5284 = ORIENTED_EDGE ( 'NONE', *, *, #5938, .F. ) ;
#5285 = CARTESIAN_POINT ( 'NONE',  ( 12.78385038779670069, 24.63875314721694920, 167.6293916666665211 ) ) ;
#5286 = ORIENTED_EDGE ( 'NONE', *, *, #4505, .F. ) ;
#5287 = CARTESIAN_POINT ( 'NONE',  ( 16.35180187652014894, 23.77158413660699665, 168.0226094127874887 ) ) ;
#5288 = CARTESIAN_POINT ( 'NONE',  ( 22.49619577245024971, 18.32759426684904724, 163.2079124999999920 ) ) ;
#5289 = CARTESIAN_POINT ( 'NONE',  ( 24.81169841002984811, 26.98635295966144909, 163.7844263888890168 ) ) ;
#5290 = CARTESIAN_POINT ( 'NONE',  ( 25.82569223365804945, 25.46818779219874784, 165.5945583333335094 ) ) ;
#5291 = ORIENTED_EDGE ( 'NONE', *, *, #2225, .F. ) ;
#5292 = CARTESIAN_POINT ( 'NONE',  ( 24.61044773154980092, 20.09969252302705200, 163.7692722222220141 ) ) ;
#5293 = CARTESIAN_POINT ( 'NONE',  ( 25.17183892197040151, 26.75328534842514827, 166.1991076901445012 ) ) ;
#5294 = CARTESIAN_POINT ( 'NONE',  ( 25.56589484158484993, 25.21000014568695136, 162.0195861832490039 ) ) ;
#5295 = CARTESIAN_POINT ( 'NONE',  ( 25.34276512896485301, 26.07434096513024713, 163.5002644571735004 ) ) ;
#5296 = CARTESIAN_POINT ( 'NONE',  ( 14.76332064084550133, 23.23663004809375110, 163.5338317865129909 ) ) ;
#5297 = CARTESIAN_POINT ( 'NONE',  ( 24.78095894347285011, 20.19829723135224953, 155.7270000000000039 ) ) ;
#5298 = CARTESIAN_POINT ( 'NONE',  ( 12.17971091232802117, 25.04706734542849489, 163.9955560510313148 ) ) ;
#5299 = CARTESIAN_POINT ( 'NONE',  ( 18.17174534952514975, 23.81186916420685407, 167.0651674924650081 ) ) ;
#5300 = CARTESIAN_POINT ( 'NONE',  ( 17.37212833909829968, 24.61880690395464910, 167.1030825431205074 ) ) ;
#5301 = VERTEX_POINT ( 'NONE', #1362 ) ;
#5302 = CARTESIAN_POINT ( 'NONE',  ( 25.06714002231230154, 25.06214291136750205, 156.1920583333335060 ) ) ;
#5303 = CARTESIAN_POINT ( 'NONE',  ( 19.42134493802094752, 29.45470128085709760, 172.0478010416665029 ) ) ;
#5304 = CARTESIAN_POINT ( 'NONE',  ( 14.50550691132499992, 23.41641687646094638, 163.5419617698229899 ) ) ;
#5305 = CARTESIAN_POINT ( 'NONE',  ( 25.46880187016009955, 20.68473224676744948, 170.2504999999999882 ) ) ;
#5306 = CARTESIAN_POINT ( 'NONE',  ( 13.16391017646835948, 23.34414924204174824, 164.4200563607629988 ) ) ;
#5307 = CARTESIAN_POINT ( 'NONE',  ( 23.85581302698575001, 25.70296865805535091, 150.3576874776470049 ) ) ;
#5308 = CARTESIAN_POINT ( 'NONE',  ( 12.25804362747950016, 24.06460403217944943, 165.0636919914699945 ) ) ;
#5309 = VECTOR ( 'NONE', #5186, 1000.000000000000000 ) ;
#5310 = CARTESIAN_POINT ( 'NONE',  ( 24.37180916283989873, 24.49077752535120212, 150.7607916666665062 ) ) ;
#5311 = CARTESIAN_POINT ( 'NONE',  ( 24.91448178894675181, 27.01016152931465086, 168.6515692643000079 ) ) ;
#5312 = FACE_OUTER_BOUND ( 'NONE', #6414, .T. ) ;
#5313 = VERTEX_POINT ( 'NONE', #848 ) ;
#5314 = CARTESIAN_POINT ( 'NONE',  ( 18.48971770969685124, 29.95357091921394854, 165.1957422364895081 ) ) ;
#5315 = CARTESIAN_POINT ( 'NONE',  ( 12.37600035512210006, 22.43090882229785166, 165.2165458333334982 ) ) ;
#5316 = ORIENTED_EDGE ( 'NONE', *, *, #6007, .T. ) ;
#5317 = CARTESIAN_POINT ( 'NONE',  ( 15.50648627696249982, 23.53337966487555022, 164.2893826638125176 ) ) ;
#5318 = CARTESIAN_POINT ( 'NONE',  ( 25.94879174790191811, 25.30724154037772067, 166.5272639227651155 ) ) ;
#5319 = AXIS2_PLACEMENT_3D ( 'NONE', #1584, #4191, #6001 ) ;
#5320 = ADVANCED_FACE ( 'NONE', ( #2759 ), #4311, .T. ) ;
#5321 = CARTESIAN_POINT ( 'NONE',  ( 25.95059033123875025, 23.80078001796455212, 162.4876874999999927 ) ) ;
#5322 = CARTESIAN_POINT ( 'NONE',  ( 21.28835267103569961, 29.34022797782490244, 168.3136083333334909 ) ) ;
#5323 = VECTOR ( 'NONE', #876, 1000.000000000000227 ) ;
#5324 = CARTESIAN_POINT ( 'NONE',  ( 14.37526173424515896, 27.87988794119767988, 167.2325433701926443 ) ) ;
#5325 = CARTESIAN_POINT ( 'NONE',  ( 25.92390320044635388, 25.56574941050114802, 168.7480850648154842 ) ) ;
#5326 = ORIENTED_EDGE ( 'NONE', *, *, #206, .T. ) ;
#5327 = DIRECTION ( 'NONE',  ( 0.1006318910984300152, 0.05303758115645531429, 0.9935090525400490646 ) ) ;
#5328 = CARTESIAN_POINT ( 'NONE',  ( 13.02303710046282070, 25.88407819196239856, 166.9727871498490117 ) ) ;
#5329 = CARTESIAN_POINT ( 'NONE',  ( 13.73986585598940025, 25.25895397223364824, 171.5690916666665089 ) ) ;
#5330 = CARTESIAN_POINT ( 'NONE',  ( 24.13299136743640005, 27.74914501661364952, 162.5038249999999778 ) ) ;
#5331 = DIRECTION ( 'NONE',  ( -0.9914626728336710659, -0.07787427352598338959, 0.1045818621956666056 ) ) ;
#5332 = ADVANCED_FACE ( 'NONE', ( #5312 ), #5979, .T. ) ;
#5333 = CARTESIAN_POINT ( 'NONE',  ( 25.54179849788165058, 21.56115672685365325, 162.1315625000000011 ) ) ;
#5334 = CARTESIAN_POINT ( 'NONE',  ( 12.20647025993456758, 24.67935563525039910, 164.4579463950571210 ) ) ;
#5335 = CARTESIAN_POINT ( 'NONE',  ( 23.57863539051945168, 28.37054021447059782, 164.7643465288954872 ) ) ;
#5336 = VERTEX_POINT ( 'NONE', #3747 ) ;
#5337 = CARTESIAN_POINT ( 'NONE',  ( 24.43172247456270085, 24.80452285667204748, 151.5329000000000121 ) ) ;
#5338 = CARTESIAN_POINT ( 'NONE',  ( 12.65173753815964020, 25.53479225467030034, 165.7870038194444930 ) ) ;
#5339 = CARTESIAN_POINT ( 'NONE',  ( 24.07481313354439934, 24.02639805629450009, 148.5430035720443982 ) ) ;
#5340 = CARTESIAN_POINT ( 'NONE',  ( 25.60726886582943251, 25.43803588041058106, 163.2606721283615343 ) ) ;
#5341 = CARTESIAN_POINT ( 'NONE',  ( 25.70355480002765347, 26.01046499106814380, 170.1024422363475708 ) ) ;
#5342 = CARTESIAN_POINT ( 'NONE',  ( 21.56615433600810050, 29.50557087704919823, 165.9141302077790101 ) ) ;
#5343 = CARTESIAN_POINT ( 'NONE',  ( 25.94095271156524873, 21.44573273105070044, 170.5490374999999972 ) ) ;
#5344 = CARTESIAN_POINT ( 'NONE',  ( 13.02303710046282070, 25.88407819196239856, 166.9727871498490117 ) ) ;
#5345 = CARTESIAN_POINT ( 'NONE',  ( 22.89642302914219840, 27.03164920501930268, 149.7625998400374101 ) ) ;
#5346 = B_SPLINE_CURVE_WITH_KNOTS ( 'NONE', 3,
 ( #3893, #4483, #5877, #395, #1021, #530, #2510, #3374, #1848, #5805 ),
 .UNSPECIFIED., .F., .F.,
 ( 4, 2, 2, 2, 4 ),
 ( 0.000000000000000000, 0.2500000000000000000, 0.5000000000000000000, 0.7500000000000000000, 1.000000000000000000 ),
 .UNSPECIFIED. ) ;
#5347 = CARTESIAN_POINT ( 'NONE',  ( 25.63064881779384763, 25.26852810487180179, 162.8442068918594998 ) ) ;
#5348 = CARTESIAN_POINT ( 'NONE',  ( 25.10909302109935126, 24.93575257988299754, 156.1941833333335126 ) ) ;
#5349 = CARTESIAN_POINT ( 'NONE',  ( 13.57682429329472029, 25.73109991080169934, 169.9993125000000020 ) ) ;
#5350 = CARTESIAN_POINT ( 'NONE',  ( 16.41588896530365105, 23.55089521563265365, 167.4634581224970020 ) ) ;
#5351 = ORIENTED_EDGE ( 'NONE', *, *, #4842, .F. ) ;
#5352 = DIRECTION ( 'NONE',  ( -0.9914626728336709549, -0.07787427352598287611, 0.1045818621956673966 ) ) ;
#5353 = ORIENTED_EDGE ( 'NONE', *, *, #5600, .F. ) ;
#5354 = CARTESIAN_POINT ( 'NONE',  ( 15.41027014525129957, 23.52219209321090077, 164.2187654850644947 ) ) ;
#5355 = CARTESIAN_POINT ( 'NONE',  ( 13.59741983410619959, 23.19422450031459704, 164.7507407544950127 ) ) ;
#5356 = CARTESIAN_POINT ( 'NONE',  ( 23.58330408413054968, 28.38094085149145229, 163.7378045138889888 ) ) ;
#5357 = CARTESIAN_POINT ( 'NONE',  ( 25.63064881779384763, 25.26852810487180179, 162.8442068918594998 ) ) ;
#5358 = CARTESIAN_POINT ( 'NONE',  ( 20.63394225040269703, 29.51112064814679670, 168.3816500000000076 ) ) ;
#5359 = CARTESIAN_POINT ( 'NONE',  ( 25.00689197056280122, 26.91044077372919929, 169.9585394050650109 ) ) ;
#5360 = EDGE_CURVE ( 'NONE', #3832, #1428, #3693, .T. ) ;
#5361 = CARTESIAN_POINT ( 'NONE',  ( 25.28774684770600700, 26.58713537201095889, 168.5213790357139771 ) ) ;
#5362 = EDGE_LOOP ( 'NONE', ( #823, #1580, #416, #5861 ) ) ;
#5363 = CARTESIAN_POINT ( 'NONE',  ( 19.10174296266170302, 29.43145028786450013, 172.7377067708335119 ) ) ;
#5364 = CARTESIAN_POINT ( 'NONE',  ( 16.22443300409084799, 23.66851188620089985, 165.9654770074059797 ) ) ;
#5365 = CARTESIAN_POINT ( 'NONE',  ( 13.56308704809439902, 25.12732604164389727, 170.8047875000000033 ) ) ;
#5366 = CARTESIAN_POINT ( 'NONE',  ( 23.06051606473745252, 28.82359944348025138, 163.3856750000000204 ) ) ;
#5367 = CARTESIAN_POINT ( 'NONE',  ( 12.71675967371719906, 20.62987501657405076, 163.8949749999999881 ) ) ;
#5368 = CARTESIAN_POINT ( 'NONE',  ( 25.95928942974270015, 25.38013349519950168, 167.1690500000000270 ) ) ;
#5369 = CARTESIAN_POINT ( 'NONE',  ( 25.11382041610094973, 26.25567242196814988, 162.0609862187195063 ) ) ;
#5370 = CARTESIAN_POINT ( 'NONE',  ( 21.49902129481499813, 29.18495753871719955, 169.3396539062499926 ) ) ;
#5371 = CARTESIAN_POINT ( 'NONE',  ( 24.55178031109045023, 20.12402991378045058, 154.1796999999999969 ) ) ;
#5372 = CARTESIAN_POINT ( 'NONE',  ( 18.10480018280849990, 29.61164669912430014, 167.8624499999999955 ) ) ;
#5373 = CARTESIAN_POINT ( 'NONE',  ( 15.42685325819365083, 23.32308181095424970, 164.2277151143765082 ) ) ;
#5374 = EDGE_CURVE ( 'NONE', #2420, #3239, #5570, .T. ) ;
#5375 = ORIENTED_EDGE ( 'NONE', *, *, #3512, .F. ) ;
#5376 = CARTESIAN_POINT ( 'NONE',  ( 25.78823494591694754, 25.18958168984094925, 164.2070835281114967 ) ) ;
#5377 = CARTESIAN_POINT ( 'NONE',  ( 25.63066298079955274, 25.26955397962149874, 162.8455245214994989 ) ) ;
#5378 = CARTESIAN_POINT ( 'NONE',  ( 21.10952948780684935, 29.68321150991624791, 164.4410982270999853 ) ) ;
#5379 = CARTESIAN_POINT ( 'NONE',  ( 15.81755960855120158, 23.52422821801874875, 167.9788414659840043 ) ) ;
#5380 = CARTESIAN_POINT ( 'NONE',  ( 15.00067465823030055, 23.25712995288465024, 163.5501088127959974 ) ) ;
#5381 = CARTESIAN_POINT ( 'NONE',  ( 25.91416569348940158, 21.41648020581065026, 169.7572541666665131 ) ) ;
#5382 = CARTESIAN_POINT ( 'NONE',  ( 25.80232656466934316, 25.19335215522450966, 164.2648574876142220 ) ) ;
#5383 = CARTESIAN_POINT ( 'NONE',  ( 25.03250599782565189, 24.89977766069594622, 155.4150999999999954 ) ) ;
#5384 = FACE_OUTER_BOUND ( 'NONE', #5946, .T. ) ;
#5385 = CARTESIAN_POINT ( 'NONE',  ( 12.72109753856041969, 27.42589295144739836, 161.8387760416665060 ) ) ;
#5386 = CARTESIAN_POINT ( 'NONE',  ( 26.40467072414445227, 22.83723005712684895, 171.4789999999999850 ) ) ;
#5387 = CARTESIAN_POINT ( 'NONE',  ( 14.12532097735664038, 25.70938395566710000, 172.9684198746984976 ) ) ;
#5388 = EDGE_LOOP ( 'NONE', ( #5775, #3292, #529, #4490 ) ) ;
#5389 = CARTESIAN_POINT ( 'NONE',  ( 12.76991523810320039, 21.32478836658994936, 165.6051083333335043 ) ) ;
#5390 = ORIENTED_EDGE ( 'NONE', *, *, #3435, .F. ) ;
#5391 = CARTESIAN_POINT ( 'NONE',  ( 15.24778397320934964, 23.72287067747030065, 168.9845155076920094 ) ) ;
#5392 = CARTESIAN_POINT ( 'NONE',  ( 13.48439457421518028, 23.40004052573664950, 165.0696810664624934 ) ) ;
#5393 = CARTESIAN_POINT ( 'NONE',  ( 19.49850464570365105, 29.93765056898685017, 165.7460884101755028 ) ) ;
#5394 = B_SPLINE_SURFACE_WITH_KNOTS ( 'NONE', 3, 1, ( 
 ( #3278, #2864 ),
 ( #6407, #1852 ),
 ( #1953, #5250 ),
 ( #5881, #5842 ),
 ( #2899, #6339 ),
 ( #1817, #4425 ) ),
 .UNSPECIFIED., .F., .F., .F.,
 ( 4, 2, 4 ),
 ( 2, 2 ),
 ( 0.000000000000000000, 0.0001969830756787859861, 0.0003931122435050189777 ),
 ( 0.000000000000000000, 1.000000000000000000 ),
 .UNSPECIFIED. ) ;
#5395 = CARTESIAN_POINT ( 'NONE',  ( 15.86914208566209794, 23.71226628843729856, 167.5972519443854765 ) ) ;
#5396 = ORIENTED_EDGE ( 'NONE', *, *, #1359, .T. ) ;
#5397 = CARTESIAN_POINT ( 'NONE',  ( 19.33291708620310345, 29.44664008549634815, 172.4508526041664993 ) ) ;
#5398 = CARTESIAN_POINT ( 'NONE',  ( 14.44368735155559946, 23.43463863433929717, 164.0619051030865023 ) ) ;
#5399 = CARTESIAN_POINT ( 'NONE',  ( 12.95535560538552033, 26.90404849229155104, 164.4342583333335028 ) ) ;
#5400 = CARTESIAN_POINT ( 'NONE',  ( 25.59650317479820103, 25.03336947059264972, 161.6486347734969797 ) ) ;
#5401 = PRODUCT_DEFINITION ( 'UNKNOWN', '', #3743, #1943 ) ;
#5402 = CARTESIAN_POINT ( 'NONE',  ( 21.60510612109939999, 29.16777522412004942, 169.0666244791665065 ) ) ;
#5403 = CARTESIAN_POINT ( 'NONE',  ( 22.35411880153365161, 18.69663431188030245, 149.2252374999999915 ) ) ;
#5404 = CARTESIAN_POINT ( 'NONE',  ( 13.66241399702030002, 27.01901047561195313, 166.9578388888890288 ) ) ;
#5405 = ORIENTED_EDGE ( 'NONE', *, *, #5021, .T. ) ;
#5406 = CARTESIAN_POINT ( 'NONE',  ( 25.25747920413604675, 25.16053904118309603, 158.5352833333334956 ) ) ;
#5407 = CARTESIAN_POINT ( 'NONE',  ( 22.22855442668248216, 29.23635561858074894, 164.3516079099742342 ) ) ;
#5408 = CARTESIAN_POINT ( 'NONE',  ( 24.43966375868915009, 25.52982207476300047, 153.0791125000000079 ) ) ;
#5409 = EDGE_CURVE ( 'NONE', #3569, #588, #4242, .T. ) ;
#5410 = CARTESIAN_POINT ( 'NONE',  ( 25.63463856410659858, 24.38383041356180314, 160.1151375000000030 ) ) ;
#5411 = CARTESIAN_POINT ( 'NONE',  ( 15.72986616740790211, 23.52353851472074808, 168.1259875850584820 ) ) ;
#5412 = CARTESIAN_POINT ( 'NONE',  ( 24.76571111018285265, 27.26323099469540168, 166.2130211276645184 ) ) ;
#5413 = CARTESIAN_POINT ( 'NONE',  ( 15.72741455425324908, 23.53092917786650062, 163.8254980056145200 ) ) ;
#5414 = FACE_OUTER_BOUND ( 'NONE', #4551, .T. ) ;
#5415 = CARTESIAN_POINT ( 'NONE',  ( 13.52579716351272054, 23.34041584499095023, 168.1359007070149971 ) ) ;
#5416 = EDGE_CURVE ( 'NONE', #885, #382, #3232, .T. ) ;
#5417 = CARTESIAN_POINT ( 'NONE',  ( 25.65427891996345267, 25.28643897393110151, 163.1380721009024910 ) ) ;
#5418 = CARTESIAN_POINT ( 'NONE',  ( 25.18929297075665019, 24.68169237686894846, 156.1989791666665042 ) ) ;
#5419 = CARTESIAN_POINT ( 'NONE',  ( 24.79317076771079797, 27.16547361175840081, 167.2109874999999874 ) ) ;
#5420 = CARTESIAN_POINT ( 'NONE',  ( 13.41800935884159784, 25.73867554431420146, 169.2319666666665228 ) ) ;
#5421 = ORIENTED_EDGE ( 'NONE', *, *, #1268, .F. ) ;
#5422 = CARTESIAN_POINT ( 'NONE',  ( 24.12205716892044904, 27.41492914078209964, 160.1377708333334908 ) ) ;
#5423 = CARTESIAN_POINT ( 'NONE',  ( 16.15258202967735102, 23.58537534522174894, 164.2490006282704940 ) ) ;
#5424 = CARTESIAN_POINT ( 'NONE',  ( 21.10159983137440065, 17.85479826591394925, 163.7944291666665038 ) ) ;
#5425 = DIRECTION ( 'NONE',  ( 0.08291556471174016396, -0.9955514112831505003, 0.04474814656117568484 ) ) ;
#5426 = CARTESIAN_POINT ( 'NONE',  ( 20.74219731908974751, 29.38777735577180295, 169.5488520833335144 ) ) ;
#5427 = CARTESIAN_POINT ( 'NONE',  ( 25.06159954222264830, 26.88684854473940078, 171.5244043402779823 ) ) ;
#5428 = CARTESIAN_POINT ( 'NONE',  ( 25.56838910303866186, 26.17611940212995592, 167.5843190483767842 ) ) ;
#5429 = AXIS2_PLACEMENT_3D ( 'NONE', #3484, #4516, #2512 ) ;
#5430 = VERTEX_POINT ( 'NONE', #1949 ) ;
#5431 = CARTESIAN_POINT ( 'NONE',  ( 13.81474777871831883, 23.19670418429585013, 164.4032131457965136 ) ) ;
#5432 = CARTESIAN_POINT ( 'NONE',  ( 12.17142483649993956, 22.40677906398909869, 163.9076999999999771 ) ) ;
#5433 = CARTESIAN_POINT ( 'NONE',  ( 25.85822667982264633, 25.20236225112910233, 164.8094791666665060 ) ) ;
#5434 = CARTESIAN_POINT ( 'NONE',  ( 13.14208954365200022, 25.13374134667270354, 168.8260475291635032 ) ) ;
#5435 = B_SPLINE_CURVE_WITH_KNOTS ( 'NONE', 3,
 ( #6002, #1133, #1558, #3538, #4996, #1585, #582, #4476, #556, #1619, #3109 ),
 .UNSPECIFIED., .F., .F.,
 ( 4, 1, 1, 1, 1, 1, 1, 1, 4 ),
 ( 0.000000000000000000, 0.1243685579384350010, 0.2435107105163245023, 0.3617633613345490051, 0.4794812396158579793, 0.5995776048743550746, 0.7255093020253550185, 0.8582463312673980216, 1.000000000000000000 ),
 .UNSPECIFIED. ) ;
#5436 = VECTOR ( 'NONE', #4125, 1000.000000000000114 ) ;
#5437 = CARTESIAN_POINT ( 'NONE',  ( 12.39687658851759977, 24.13775963724859963, 165.6196361462990012 ) ) ;
#5438 = CARTESIAN_POINT ( 'NONE',  ( 23.42547286562329845, 18.87195937931149814, 152.8389999999999986 ) ) ;
#5439 = CARTESIAN_POINT ( 'NONE',  ( 13.51555081167110117, 25.97245274682534699, 169.2141458333335038 ) ) ;
#5440 = CARTESIAN_POINT ( 'NONE',  ( 25.97702889162080098, 25.42411226698810012, 168.3538963664960022 ) ) ;
#5441 = ORIENTED_EDGE ( 'NONE', *, *, #6238, .F. ) ;
#5442 = CARTESIAN_POINT ( 'NONE',  ( 25.08986559823290108, 25.21928375032585379, 156.9710708333334992 ) ) ;
#5443 = CIRCLE ( 'NONE', #4408, 1.749999999999996891 ) ;
#5444 = CARTESIAN_POINT ( 'NONE',  ( 24.69921142043954987, 25.91734555457859912, 156.1884958333334907 ) ) ;
#5445 = CARTESIAN_POINT ( 'NONE',  ( 25.63449236855279878, 23.95875696086289963, 159.3478000000000065 ) ) ;
#5446 = CARTESIAN_POINT ( 'NONE',  ( 19.02325588591826744, 29.95997300172118472, 164.6376408729146590 ) ) ;
#5447 = DIRECTION ( 'NONE',  ( -0.08291556471173976151, 0.9955514112831506113, -0.04474814656117601791 ) ) ;
#5448 = CARTESIAN_POINT ( 'NONE',  ( 25.64087082925820127, 20.95847854349849726, 169.4172572916665160 ) ) ;
#5449 = EDGE_CURVE ( 'NONE', #3948, #2029, #3925, .T. ) ;
#5450 = CARTESIAN_POINT ( 'NONE',  ( 13.40866629507146079, 23.31748619883400053, 167.8428009811549941 ) ) ;
#5451 = B_SPLINE_CURVE_WITH_KNOTS ( 'NONE', 3,
 ( #1027, #1061, #508, #6284, #3004, #2514, #3522 ),
 .UNSPECIFIED., .F., .F.,
 ( 4, 1, 1, 1, 4 ),
 ( 0.000000000000000000, 0.09090909091637500161, 0.2727272727331000457, 0.4545454545498250898, 0.5735285694515240840 ),
 .UNSPECIFIED. ) ;
#5452 = CARTESIAN_POINT ( 'NONE',  ( 24.85193958694874894, 27.16294928555515042, 166.2096405491105031 ) ) ;
#5453 = B_SPLINE_SURFACE_WITH_KNOTS ( 'NONE', 3, 3, ( 
 ( #3972, #4915, #4954, #2913, #5857, #5965, #1411, #448, #1443, #484, #4435 ),
 ( #1477, #1515, #3496, #4985, #5474, #1035, #3392, #2462, #4004, #6420, #5370 ),
 ( #1964, #3528, #932, #3943, #2523, #4495, #54, #2025, #5993, #5402, #1549 ),
 ( #2425, #4402, #6388, #1932, #4098, #80, #6078, #4062, #1696, #1181, #144 ),
 ( #1576, #5564, #1642, #665, #5591, #5534, #1611, #1093, #5045, #1152, #3129 ),
 ( #5650, #3583, #3642, #2645, #2053, #5016, #4620, #5622, #2557, #1125, #2149 ),
 ( #4526, #600, #3157, #6109, #700, #2677, #4645, #3101, #2585, #196, #4555 ),
 ( #2178, #6136, #111, #6306, #791, #3311, #294, #6232, #2765, #3794, #5742 ),
 ( #5778, #818, #6269, #1818, #3212, #855, #6168, #729, #1334, #1727, #2830 ),
 ( #5187, #5809, #1779, #2703, #2730, #260, #3722, #4736, #4317, #3754, #3279 ),
 ( #366, #2794, #327, #4705, #3246, #2341, #2299, #4677, #2239, #1853, #3827 ),
 ( #6199, #5708, #4219, #3184, #4186, #4903, #3858, #399, #5882, #5845, #2378 ),
 ( #4355, #1922, #1432, #1886, #5356, #4869, #1367, #2858, #1772, #1296, #286 ) ),
 .UNSPECIFIED., .F., .F., .F.,
 ( 4, 1, 1, 1, 1, 1, 1, 1, 1, 1, 4 ),
 ( 4, 1, 1, 1, 1, 1, 1, 1, 4 ),
 ( 0.000000000000000000, 1.000000000000000000, 2.000000000000000000, 3.000000000000000000, 5.000000000000000000, 7.000000000000000000, 9.000000000000000000, 11.00000000000000000, 12.00000000000000000, 13.00000000000000000, 14.00000000000000000 ),
 ( 0.000000000000000000, 1.000000000000000000, 2.000000000000000000, 3.000000000000000000, 5.000000000000000000, 7.000000000000000000, 8.000000000000000000, 9.000000000000000000, 10.00000000000000000 ),
 .UNSPECIFIED. ) ;
#5454 = CARTESIAN_POINT ( 'NONE',  ( 14.57100242480709795, 23.56951051667850194, 166.8266116019599963 ) ) ;
#5455 = CARTESIAN_POINT ( 'NONE',  ( 13.62444314355871811, 25.84686011060374966, 169.9904875000000004 ) ) ;
#5456 = FACE_OUTER_BOUND ( 'NONE', #6083, .T. ) ;
#5457 = ORIENTED_EDGE ( 'NONE', *, *, #6087, .T. ) ;
#5458 = EDGE_CURVE ( 'NONE', #4034, #1926, #12, .T. ) ;
#5459 = CARTESIAN_POINT ( 'NONE',  ( 13.02303710046282070, 25.88407819196239856, 166.9727871498490117 ) ) ;
#5460 = CARTESIAN_POINT ( 'NONE',  ( 24.42652871756729738, 26.76058304404470078, 158.5474000000000103 ) ) ;
#5461 = CARTESIAN_POINT ( 'NONE',  ( 12.78360664135264102, 25.14616207789070046, 167.0364318901884815 ) ) ;
#5462 = CARTESIAN_POINT ( 'NONE',  ( 18.13135594377324722, 29.90070036750104876, 164.7311450586654757 ) ) ;
#5463 = CARTESIAN_POINT ( 'NONE',  ( 24.30588560418910049, 19.74791282384684976, 163.1669541666665282 ) ) ;
#5464 = CARTESIAN_POINT ( 'NONE',  ( 25.35047983671190153, 26.30489523700910226, 164.6951501345149893 ) ) ;
#5465 = CARTESIAN_POINT ( 'NONE',  ( 20.77653370735929883, 29.76976156898934889, 165.6105000000000018 ) ) ;
#5466 = CARTESIAN_POINT ( 'NONE',  ( 25.12768376154989980, 26.79854896598980218, 170.7370437499999980 ) ) ;
#5467 = CARTESIAN_POINT ( 'NONE',  ( 25.42595532506139122, 26.40268315290026280, 167.9315865701817643 ) ) ;
#5468 = ORIENTED_EDGE ( 'NONE', *, *, #6238, .T. ) ;
#5469 = CARTESIAN_POINT ( 'NONE',  ( 26.23620812236739752, 24.08500692874039828, 166.4089999999999918 ) ) ;
#5470 = CARTESIAN_POINT ( 'NONE',  ( 14.52299617020475964, 23.44079697925660355, 164.0519608585640015 ) ) ;
#5471 = CARTESIAN_POINT ( 'NONE',  ( 12.36193962638471966, 26.34233497959175097, 163.0648000000000195 ) ) ;
#5472 = CARTESIAN_POINT ( 'NONE',  ( 25.47475234022245161, 20.71686752718130364, 168.9193805555555059 ) ) ;
#5473 = CARTESIAN_POINT ( 'NONE',  ( 25.87308661448405189, 25.34397646773034651, 165.5955104166665137 ) ) ;
#5474 = CARTESIAN_POINT ( 'NONE',  ( 23.85885643331709716, 27.94078996114294711, 169.1151048611110070 ) ) ;
#5475 = CARTESIAN_POINT ( 'NONE',  ( 24.20405905922740075, 19.11813847336964756, 158.2456666666664944 ) ) ;
#5476 = CARTESIAN_POINT ( 'NONE',  ( 18.80666070645909826, 29.79956945266960133, 167.0037979166665139 ) ) ;
#5477 = EDGE_LOOP ( 'NONE', ( #2478, #4126, #3384, #1243, #5284 ) ) ;
#5478 = CARTESIAN_POINT ( 'NONE',  ( 24.59025923418639792, 25.15575159159810070, 153.0814291666665099 ) ) ;
#5479 = CARTESIAN_POINT ( 'NONE',  ( 25.01048868762714861, 25.75577366430260184, 158.5320874999999887 ) ) ;
#5480 = CARTESIAN_POINT ( 'NONE',  ( 24.08371766213439713, 23.60877793240789657, 148.1705630208332138 ) ) ;
#5481 = CARTESIAN_POINT ( 'NONE',  ( 14.99777964169054023, 23.68052187121190144, 168.5055869898560275 ) ) ;
#5482 = CARTESIAN_POINT ( 'NONE',  ( 11.77426581537584127, 22.89826798774254968, 161.5445279887020149 ) ) ;
#5483 = CARTESIAN_POINT ( 'NONE',  ( 14.33242059997069973, 23.61727531568520178, 168.3313545907010109 ) ) ;
#5484 = CARTESIAN_POINT ( 'NONE',  ( 13.64603669031841449, 24.63515117069285409, 171.6423427717139987 ) ) ;
#5485 = CARTESIAN_POINT ( 'NONE',  ( 15.74386981598500235, 23.56434846395515237, 164.5385156960134907 ) ) ;
#5486 = LINE ( 'NONE', #38, #3864 ) ;
#5487 = EDGE_CURVE ( 'NONE', #5147, #1235, #5496, .T. ) ;
#5488 = CARTESIAN_POINT ( 'NONE',  ( 25.60003119453486420, 24.48492622893198600, 159.9662640811495464 ) ) ;
#5489 = CARTESIAN_POINT ( 'NONE',  ( 24.75477368662999567, 27.20430654828925299, 166.4237083333335079 ) ) ;
#5490 = CARTESIAN_POINT ( 'NONE',  ( 26.35431775692105205, 22.76770918975005031, 169.6334250000000168 ) ) ;
#5491 = CARTESIAN_POINT ( 'NONE',  ( 12.80967748721622002, 25.90306734463234761, 165.8953175347220110 ) ) ;
#5492 = ORIENTED_EDGE ( 'NONE', *, *, #2958, .F. ) ;
#5493 = CARTESIAN_POINT ( 'NONE',  ( 15.54386146948655067, 23.41295867329244729, 166.0104757728134928 ) ) ;
#5494 = CARTESIAN_POINT ( 'NONE',  ( 13.13448223411333871, 22.44844753015079775, 168.8422999999999945 ) ) ;
#5495 = CARTESIAN_POINT ( 'NONE',  ( 25.09716849795774962, 26.13873553827439977, 161.2752083935814937 ) ) ;
#5496 = B_SPLINE_CURVE_WITH_KNOTS ( 'NONE', 3,
 ( #3480, #499, #4385, #2446, #1532, #5002, #2542, #2930, #2011, #3542 ),
 .UNSPECIFIED., .F., .F.,
 ( 4, 3, 3, 4 ),
 ( 5.682801602091019869E-16, 0.0001009109376864482035, 0.0002018231914260880161, 0.0003867182411695069787 ),
 .UNSPECIFIED. ) ;
#5497 = CARTESIAN_POINT ( 'NONE',  ( 29.06698658678750036, 25.14917929675300101, 168.4065378325010158 ) ) ;
#5498 = ADVANCED_FACE ( 'NONE', ( #5456 ), #533, .T. ) ;
#5499 = EDGE_CURVE ( 'NONE', #815, #1668, #3483, .T. ) ;
#5500 = B_SPLINE_CURVE_WITH_KNOTS ( 'NONE', 3,
 ( #310, #770, #4688, #242, #4718, #3295 ),
 .UNSPECIFIED., .F., .F.,
 ( 4, 1, 1, 4 ),
 ( 0.9241811019452629283, 0.9374999997154430664, 0.9687499998577210336, 1.000000000000000000 ),
 .UNSPECIFIED. ) ;
#5501 = CARTESIAN_POINT ( 'NONE',  ( 17.27833613630454934, 29.16637304187920066, 170.3077000000000112 ) ) ;
#5502 = CARTESIAN_POINT ( 'NONE',  ( 13.54311943207973989, 23.39470621244920068, 164.8421903510624702 ) ) ;
#5503 = CARTESIAN_POINT ( 'NONE',  ( 15.63160719151744971, 23.64376732704755213, 166.5134328027380093 ) ) ;
#5504 = CARTESIAN_POINT ( 'NONE',  ( 25.88194833013679030, 25.55658287426901154, 167.0942498442947226 ) ) ;
#5505 = ORIENTED_EDGE ( 'NONE', *, *, #3476, .F. ) ;
#5506 = CARTESIAN_POINT ( 'NONE',  ( 18.43937905619939954, 29.92707091948189913, 164.6985378282494992 ) ) ;
#5507 = CARTESIAN_POINT ( 'NONE',  ( 26.02520228027984928, 23.91025054271030115, 163.4001083333335202 ) ) ;
#5508 = CARTESIAN_POINT ( 'NONE',  ( 12.65662674541060007, 26.94818235030695064, 163.0297166666665305 ) ) ;
#5509 = CARTESIAN_POINT ( 'NONE',  ( 12.21110268964553391, 24.48758941723696836, 164.6088811204530771 ) ) ;
#5510 = CARTESIAN_POINT ( 'NONE',  ( 23.66553253442639715, 18.63845422316099842, 155.9728041666665206 ) ) ;
#5511 = CARTESIAN_POINT ( 'NONE',  ( 16.03285343456355250, 29.01500177755260168, 167.3209999999999980 ) ) ;
#5512 = PRODUCT_CONTEXT ( 'NONE', #2274, 'mechanical' ) ;
#5513 = ORIENTED_EDGE ( 'NONE', *, *, #5092, .F. ) ;
#5514 = CARTESIAN_POINT ( 'NONE',  ( 25.10291152683959837, 25.37159151898639919, 157.7514979166665228 ) ) ;
#5515 = B_SPLINE_CURVE_WITH_KNOTS ( 'NONE', 3,
 ( #3114, #3058, #2475, #526 ),
 .UNSPECIFIED., .F., .F.,
 ( 4, 4 ),
 ( 0.000000000000000000, 0.0001157348710280290007 ),
 .UNSPECIFIED. ) ;
#5516 = CARTESIAN_POINT ( 'NONE',  ( 24.73533487715890189, 24.21317424415614994, 152.3241416666664918 ) ) ;
#5517 = CARTESIAN_POINT ( 'NONE',  ( 26.06282682907976778, 24.21708977784484063, 164.4096922212048071 ) ) ;
#5518 = CARTESIAN_POINT ( 'NONE',  ( 13.95589728995280154, 23.36212223422685241, 167.8218727637675158 ) ) ;
#5519 = DIRECTION ( 'NONE',  ( -0.1006318910984300152, -0.05303758115645541144, -0.9935090525400490646 ) ) ;
#5520 = CARTESIAN_POINT ( 'NONE',  ( 14.08717707117711981, 23.58489996605420203, 168.0654928679614954 ) ) ;
#5521 = CARTESIAN_POINT ( 'NONE',  ( 13.37414281350211986, 25.61964882541844801, 169.2404833333334864 ) ) ;
#5522 = CARTESIAN_POINT ( 'NONE',  ( 13.49689995426695965, 25.49301622384944821, 170.0155499999999904 ) ) ;
#5523 = ORIENTED_EDGE ( 'NONE', *, *, #3343, .F. ) ;
#5524 = LINE ( 'NONE', #2605, #354 ) ;
#5525 = CARTESIAN_POINT ( 'NONE',  ( 24.50138305346850132, 26.77816487832874870, 159.3301000000000158 ) ) ;
#5526 = CARTESIAN_POINT ( 'NONE',  ( 15.63160719151744971, 23.64376732704755213, 166.5134328027380093 ) ) ;
#5527 = CARTESIAN_POINT ( 'NONE',  ( 16.56780696368375061, 28.83516495795810286, 170.3887000000000000 ) ) ;
#5528 =( NAMED_UNIT ( * ) SI_UNIT ( $, .STERADIAN. ) SOLID_ANGLE_UNIT ( ) );
#5529 = CARTESIAN_POINT ( 'NONE',  ( 15.71328305446554729, 23.72264879697739914, 168.1170379557459853 ) ) ;
#5530 = ORIENTED_EDGE ( 'NONE', *, *, #6087, .F. ) ;
#5531 = CARTESIAN_POINT ( 'NONE',  ( 26.04619770403149914, 24.54992795916914972, 164.8212499999999920 ) ) ;
#5532 = ADVANCED_FACE ( 'NONE', ( #4573, #4629 ), #184, .F. ) ;
#5533 = CARTESIAN_POINT ( 'NONE',  ( 26.14974573999129959, 21.99431019589514946, 169.2983062499999960 ) ) ;
#5534 = CARTESIAN_POINT ( 'NONE',  ( 23.23368928632715225, 28.43424507422840009, 167.9866666666665083 ) ) ;
#5535 = CARTESIAN_POINT ( 'NONE',  ( 13.86324752138020067, 27.58939553554144908, 166.0191000000000088 ) ) ;
#5536 = VECTOR ( 'NONE', #5110, 1000.000000000000114 ) ;
#5537 = ORIENTED_EDGE ( 'NONE', *, *, #1447, .T. ) ;
#5538 = ADVANCED_FACE ( 'NONE', ( #5636 ), #2630, .T. ) ;
#5539 = CARTESIAN_POINT ( 'NONE',  ( 23.90386859163150390, 24.61997012683239916, 148.3815201587865715 ) ) ;
#5540 = VECTOR ( 'NONE', #4704, 1000.000000000000000 ) ;
#5541 = CARTESIAN_POINT ( 'NONE',  ( 25.22134507460439679, 23.68832834088509998, 154.6704499999999882 ) ) ;
#5542 = CARTESIAN_POINT ( 'NONE',  ( 23.41253454871874951, 28.52566569127744955, 166.2826895755954979 ) ) ;
#5543 = CARTESIAN_POINT ( 'NONE',  ( 14.22281937168710009, 23.40247115380880061, 168.2249604909405036 ) ) ;
#5544 = LINE ( 'NONE', #5976, #1704 ) ;
#5545 = CARTESIAN_POINT ( 'NONE',  ( 13.34543776272660054, 25.49844951637389912, 169.2937197753070109 ) ) ;
#5546 = CARTESIAN_POINT ( 'NONE',  ( 12.02328390469541652, 22.99882038792314987, 163.3201905471433406 ) ) ;
#5547 = CARTESIAN_POINT ( 'NONE',  ( 13.92703281190925857, 27.72970913685679761, 165.7761613154165161 ) ) ;
#5548 = CARTESIAN_POINT ( 'NONE',  ( 14.09608188591924005, 25.61030715056894991, 172.9747347947744913 ) ) ;
#5549 = CARTESIAN_POINT ( 'NONE',  ( 16.28530432858239863, 23.52191238947730056, 167.0606169777619812 ) ) ;
#5550 = ORIENTED_EDGE ( 'NONE', *, *, #3587, .F. ) ;
#5551 = FACE_OUTER_BOUND ( 'NONE', #5217, .T. ) ;
#5552 = CARTESIAN_POINT ( 'NONE',  ( 24.98502023831384733, 26.46975510111959906, 161.9333757361894754 ) ) ;
#5553 = CARTESIAN_POINT ( 'NONE',  ( 13.00566047462443642, 24.74125974588115184, 168.5561023000945795 ) ) ;
#5554 = CARTESIAN_POINT ( 'NONE',  ( 15.95464549838094825, 23.41123256281055021, 165.2109159204809998 ) ) ;
#5555 = DIRECTION ( 'NONE',  ( -0.4749331273186868652, 0.000000000000000000, 0.8800218886910097238 ) ) ;
#5556 = CARTESIAN_POINT ( 'NONE',  ( 25.02076479712640023, 26.65714862991484679, 163.6427039009934958 ) ) ;
#5557 = CARTESIAN_POINT ( 'NONE',  ( 15.46597760019805001, 23.51255929983775061, 168.3706926184759993 ) ) ;
#5558 = ORIENTED_EDGE ( 'NONE', *, *, #4942, .F. ) ;
#5559 = CARTESIAN_POINT ( 'NONE',  ( 25.89478669299525038, 24.39955235907209996, 162.8601500475054991 ) ) ;
#5560 = CARTESIAN_POINT ( 'NONE',  ( 25.43312031456614974, 20.68300544564015198, 168.2633666666664851 ) ) ;
#5561 = CARTESIAN_POINT ( 'NONE',  ( 14.80525697844379884, 28.58512985068340129, 165.6415406958284962 ) ) ;
#5562 = CARTESIAN_POINT ( 'NONE',  ( 11.79432314619809929, 22.38578930835394942, 161.3083166666665136 ) ) ;
#5563 = CARTESIAN_POINT ( 'NONE',  ( 24.83241414967019622, 24.38952454562659966, 153.0946729166664966 ) ) ;
#5564 = CARTESIAN_POINT ( 'NONE',  ( 24.65132712901944956, 27.30153750959625114, 167.8777152777780088 ) ) ;
#5565 = CARTESIAN_POINT ( 'NONE',  ( 23.19029449195209835, 18.48686576894309752, 153.6815958333334891 ) ) ;
#5566 = CARTESIAN_POINT ( 'NONE',  ( 18.25741418537140248, 29.94137355933325040, 165.0919264751995286 ) ) ;
#5567 = CARTESIAN_POINT ( 'NONE',  ( 19.56202536449094964, 29.95520514960525205, 164.5833237874124961 ) ) ;
#5568 = ORIENTED_EDGE ( 'NONE', *, *, #174, .T. ) ;
#5569 = CARTESIAN_POINT ( 'NONE',  ( 25.46370080946270065, 25.37984458943164867, 161.5356814352639674 ) ) ;
#5570 = B_SPLINE_CURVE_WITH_KNOTS ( 'NONE', 3,
 ( #3718, #2822, #2371, #2333 ),
 .UNSPECIFIED., .F., .F.,
 ( 4, 4 ),
 ( 0.9801275878133189901, 1.000000000000000000 ),
 .UNSPECIFIED. ) ;
#5571 = EDGE_CURVE ( 'NONE', #4431, #4192, #2102, .T. ) ;
#5572 = CARTESIAN_POINT ( 'NONE',  ( 20.01580759959007239, 29.91585160787590425, 164.5394613307120153 ) ) ;
#5573 = B_SPLINE_CURVE_WITH_KNOTS ( 'NONE', 3,
 ( #1238, #259, #2238, #2764, #2377, #2066, #2992, #888, #1589, #4354, #1108, #615, #3378, #6061, #5577, #3625, #4689, #1654 ),
 .UNSPECIFIED., .F., .F.,
 ( 4, 2, 2, 1, 1, 1, 1, 1, 1, 2, 2, 4 ),
 ( 0.000000000000000000, 0.1250000000056208926, 0.2500000000112417853, 0.3750000000168626779, 0.4375000000196587746, 0.4687500000210438333, 0.4843750000217364460, 0.4921875000220824470, 0.4960937500222555308, 0.4980468750223538965, 0.5000000000224522623, 1.000000000000000000 ),
 .UNSPECIFIED. ) ;
#5574 = CARTESIAN_POINT ( 'NONE',  ( 13.64762417421824914, 24.70535329107262257, 171.6094866907902201 ) ) ;
#5575 = CARTESIAN_POINT ( 'NONE',  ( 24.81089004042985025, 27.06791259934104943, 164.7090718459510015 ) ) ;
#5576 = CARTESIAN_POINT ( 'NONE',  ( 24.96988246672490064, 26.85606770303980184, 164.7042767536105146 ) ) ;
#5577 = CARTESIAN_POINT ( 'NONE',  ( 13.36003583020773178, 23.42598498631583226, 170.3467782867453479 ) ) ;
#5578 = CARTESIAN_POINT ( 'NONE',  ( 15.77718786354554936, 23.48851118355404921, 167.2590195178589738 ) ) ;
#5579 = LINE ( 'NONE', #3116, #3763 ) ;
#5580 = CARTESIAN_POINT ( 'NONE',  ( 25.87514909549514996, 25.34546145516119964, 165.6647653256544857 ) ) ;
#5581 = ORIENTED_EDGE ( 'NONE', *, *, #6114, .T. ) ;
#5582 = DIRECTION ( 'NONE',  ( -0.9914626728336708439, -0.07787427352598327857, 0.1045818621956677713 ) ) ;
#5583 = CARTESIAN_POINT ( 'NONE',  ( 24.26229292204254762, 25.89309560677299871, 153.0808749999999918 ) ) ;
#5584 = CARTESIAN_POINT ( 'NONE',  ( 14.02086757715675880, 23.40629987142374802, 164.2148867453894923 ) ) ;
#5585 = B_SPLINE_CURVE_WITH_KNOTS ( 'NONE', 3,
 ( #1423, #5382, #6399, #981 ),
 .UNSPECIFIED., .F., .F.,
 ( 4, 4 ),
 ( 0.000000000000000000, 1.000000000000000000 ),
 .UNSPECIFIED. ) ;
#5586 = CARTESIAN_POINT ( 'NONE',  ( 17.45504390381005067, 23.62325549267150038, 167.1478306896815127 ) ) ;
#5587 = CARTESIAN_POINT ( 'NONE',  ( 15.59422656507880056, 23.71882968153580151, 168.2526750882044837 ) ) ;
#5588 = CARTESIAN_POINT ( 'NONE',  ( 25.97735447361555217, 25.43753132683574947, 168.6172342219379914 ) ) ;
#5589 = ORIENTED_EDGE ( 'NONE', *, *, #4974, .T. ) ;
#5590 = CARTESIAN_POINT ( 'NONE',  ( 25.26594099258845105, 20.43837184210665114, 169.3580737847219950 ) ) ;
#5591 = CARTESIAN_POINT ( 'NONE',  ( 23.77353352318569790, 28.04839773016030335, 167.9401805555555143 ) ) ;
#5592 = CARTESIAN_POINT ( 'NONE',  ( 22.18352822331354801, 18.58967018185650133, 148.7334216145831931 ) ) ;
#5593 = CARTESIAN_POINT ( 'NONE',  ( 17.52568791222824984, 29.83743057485090233, 165.1819984949630111 ) ) ;
#5594 = DIRECTION ( 'NONE',  ( 0.000000000000000000, -0.8020645525478472537, -0.5972373510977202482 ) ) ;
#5595 = ORIENTED_EDGE ( 'NONE', *, *, #1719, .F. ) ;
#5596 = CARTESIAN_POINT ( 'NONE',  ( 21.28716347722259883, 29.63394861907530142, 166.4388023599595101 ) ) ;
#5597 = CARTESIAN_POINT ( 'NONE',  ( 21.71719788766105097, 29.63648779784939791, 162.7222188735880195 ) ) ;
#5598 = CARTESIAN_POINT ( 'NONE',  ( 21.88476616924920037, 29.37755657012674959, 165.8886921485600112 ) ) ;
#5599 = CARTESIAN_POINT ( 'NONE',  ( 25.43119149553995229, 25.10322263660485120, 160.0874076215779951 ) ) ;
#5600 = EDGE_CURVE ( 'NONE', #987, #1702, #4661, .T. ) ;
#5601 = CARTESIAN_POINT ( 'NONE',  ( 13.51091457281065544, 25.66763698175217101, 169.7929385888771208 ) ) ;
#5602 = CARTESIAN_POINT ( 'NONE',  ( 25.30839457090370104, 26.55120077614974861, 169.1518777367235202 ) ) ;
#5603 = CARTESIAN_POINT ( 'NONE',  ( 24.58653480302875138, 27.36212999539950275, 165.0709832909544730 ) ) ;
#5604 = CARTESIAN_POINT ( 'NONE',  ( 12.72795665210709970, 25.62505493427280001, 166.0099700250740113 ) ) ;
#5605 = CARTESIAN_POINT ( 'NONE',  ( 25.90552921051544999, 24.11927751700289946, 162.5250395611080023 ) ) ;
#5606 = CARTESIAN_POINT ( 'NONE',  ( 13.17757633148099927, 25.50454849922304845, 168.4807833333335054 ) ) ;
#5607 = CARTESIAN_POINT ( 'NONE',  ( 12.87689741419055878, 25.52004782097715108, 166.9414333333334923 ) ) ;
#5608 = ORIENTED_EDGE ( 'NONE', *, *, #4505, .T. ) ;
#5609 = DIRECTION ( 'NONE',  ( 0.1006318910984311671, 0.05303758115645620941, 0.9935090525400490646 ) ) ;
#5610 = CARTESIAN_POINT ( 'NONE',  ( 12.28365597590419966, 24.77796886481100103, 164.9179875000000095 ) ) ;
#5611 = CARTESIAN_POINT ( 'NONE',  ( 24.57413513888604939, 26.15192557200120049, 156.1906375000000082 ) ) ;
#5612 = CARTESIAN_POINT ( 'NONE',  ( 12.92862157108278431, 24.37839944996094843, 168.4154400965250034 ) ) ;
#5613 = CARTESIAN_POINT ( 'NONE',  ( 13.64501520680100555, 23.84839213599580177, 171.7994940822921706 ) ) ;
#5614 = SURFACE_STYLE_USAGE ( .BOTH. , #4089 ) ;
#5615 = CARTESIAN_POINT ( 'NONE',  ( 15.65645209621309775, 23.72103104702584986, 168.1863507203544827 ) ) ;
#5616 = CARTESIAN_POINT ( 'NONE',  ( 25.88193722729264934, 25.79276467296694975, 171.3651819444444868 ) ) ;
#5617 = CARTESIAN_POINT ( 'NONE',  ( 25.58665063078080237, 25.69719348994049923, 164.1528645833334963 ) ) ;
#5618 = DIRECTION ( 'NONE',  ( 0.1006318910984300152, 0.05303758115645531429, 0.9935090525400490646 ) ) ;
#5619 = ORIENTED_EDGE ( 'NONE', *, *, #4932, .T. ) ;
#5620 = B_SPLINE_CURVE_WITH_KNOTS ( 'NONE', 3,
 ( #5777, #2451, #2934, #3895 ),
 .UNSPECIFIED., .F., .F.,
 ( 4, 4 ),
 ( 0.000000000000000000, 1.000000000000000000 ),
 .UNSPECIFIED. ) ;
#5621 = CARTESIAN_POINT ( 'NONE',  ( 22.89925998339604973, 28.82288300500935563, 164.3057454378334228 ) ) ;
#5622 = CARTESIAN_POINT ( 'NONE',  ( 22.12569931830699588, 29.09989878545275133, 167.4406500000000051 ) ) ;
#5623 = CARTESIAN_POINT ( 'NONE',  ( 22.48283499831224930, 18.24783556545575181, 162.8260416666664980 ) ) ;
#5624 = CARTESIAN_POINT ( 'NONE',  ( 13.55165876511670042, 27.04129505467464867, 166.4497083333334899 ) ) ;
#5625 = CARTESIAN_POINT ( 'NONE',  ( 18.41012220891730067, 29.88834128568812076, 166.7166354921199911 ) ) ;
#5626 = VERTEX_POINT ( 'NONE', #3061 ) ;
#5627 = CARTESIAN_POINT ( 'NONE',  ( 25.13029625058963745, 25.97735733544900327, 160.7928559970112588 ) ) ;
#5628 = CARTESIAN_POINT ( 'NONE',  ( 24.10111486307445006, 22.09527334999079784, 148.1762895833333857 ) ) ;
#5629 = CARTESIAN_POINT ( 'NONE',  ( 13.10523563301451944, 24.75775882648095205, 169.0354348958335038 ) ) ;
#5630 = CARTESIAN_POINT ( 'NONE',  ( 18.71894137864009622, 29.91085122497570126, 166.6841537248870111 ) ) ;
#5631 = CARTESIAN_POINT ( 'NONE',  ( 13.66474009702377757, 25.55713403399050776, 170.7163848622701323 ) ) ;
#5632 = CARTESIAN_POINT ( 'NONE',  ( 12.60139170008500109, 25.15376184283735128, 166.0959302507709765 ) ) ;
#5633 = CARTESIAN_POINT ( 'NONE',  ( 12.82789975982583996, 25.90129708162915279, 165.9850999152559723 ) ) ;
#5634 = CARTESIAN_POINT ( 'NONE',  ( 12.54541767265011920, 25.15628149827805160, 165.8044000868054866 ) ) ;
#5635 = ADVANCED_FACE ( 'NONE', ( #2573 ), #3568, .T. ) ;
#5636 = FACE_OUTER_BOUND ( 'NONE', #4438, .T. ) ;
#5637 = ORIENTED_EDGE ( 'NONE', *, *, #2744, .T. ) ;
#5638 = CARTESIAN_POINT ( 'NONE',  ( 13.64415716005773938, 23.35853234475924722, 163.8501817716220330 ) ) ;
#5639 = CARTESIAN_POINT ( 'NONE',  ( 23.66219946604280011, 27.33065897298029867, 155.4456208333334928 ) ) ;
#5640 = CARTESIAN_POINT ( 'NONE',  ( 12.94066898474489236, 24.45215811982232168, 168.4365915408546641 ) ) ;
#5641 = CARTESIAN_POINT ( 'NONE',  ( 24.79965214243184946, 24.51918764748399937, 153.0913874999999962 ) ) ;
#5642 = EDGE_CURVE ( 'NONE', #6203, #6074, #4233, .T. ) ;
#5643 = CARTESIAN_POINT ( 'NONE',  ( 15.73859295145695114, 23.61948662980834968, 165.7750007190815040 ) ) ;
#5644 = CARTESIAN_POINT ( 'NONE',  ( 12.83167677962621944, 25.52284772963534820, 166.7062042063955118 ) ) ;
#5645 = CARTESIAN_POINT ( 'NONE',  ( 25.36891808172205032, 26.07002806878005075, 163.7622729166665181 ) ) ;
#5646 = CARTESIAN_POINT ( 'NONE',  ( 25.07472010728224987, 26.74057853376535121, 165.0465951316089956 ) ) ;
#5647 = ORIENTED_EDGE ( 'NONE', *, *, #1962, .T. ) ;
#5648 = CARTESIAN_POINT ( 'NONE',  ( 22.45194321889002254, 29.11442427763789453, 164.3354901975303619 ) ) ;
#5649 = CARTESIAN_POINT ( 'NONE',  ( 25.64589968271615206, 24.88742316530819920, 161.6717216935885233 ) ) ;
#5650 = CARTESIAN_POINT ( 'NONE',  ( 24.70467168103859734, 27.25527172038379931, 167.2166083333335109 ) ) ;
#5651 = CARTESIAN_POINT ( 'NONE',  ( 23.04820980992244728, 18.48924121639189977, 152.9154604166665194 ) ) ;
#5652 = CARTESIAN_POINT ( 'NONE',  ( 17.18611750324109977, 29.67832111606284684, 166.0096666666665044 ) ) ;
#5653 = FACE_OUTER_BOUND ( 'NONE', #6106, .T. ) ;
#5654 = CARTESIAN_POINT ( 'NONE',  ( 25.29334644997560133, 26.58817136588655217, 167.8421937500000070 ) ) ;
#5655 = ORIENTED_EDGE ( 'NONE', *, *, #1782, .T. ) ;
#5656 = CARTESIAN_POINT ( 'NONE',  ( 21.21845384949509850, 29.76295651339034976, 163.7964848204125019 ) ) ;
#5657 = B_SPLINE_SURFACE_WITH_KNOTS ( 'NONE', 3, 3, ( 
 ( #2726, #5774, #5219, #1234, #4759, #4701, #4245, #362, #3749, #1298 ),
 ( #850, #322, #5706, #256, #2236, #5247, #1814, #3789, #6263, #3275 ),
 ( #4217, #1724, #6194, #1849, #6302, #5285, #2861, #814, #3694, #2296 ),
 ( #2336, #4313, #5184, #1330, #3822, #1774, #787, #3209, #2824, #2206 ),
 ( #289, #1748, #4795, #2761, #5806, #2265, #4184, #1364, #6165, #5739 ),
 ( #3340, #5315, #5984, #988, #2966, #4937, #4971, #1501, #5494, #2897 ),
 ( #1055, #471, #3854, #5878, #4423, #2374, #3414, #1951, #3928, #5840 ),
 ( #2449, #4899, #5389, #2479, #953, #2932, #6405, #502, #4206, #6157 ),
 ( #1715, #4147, #3739, #5207, #218, #4236, #3630, #5148, #2693, #2719 ),
 ( #1659, #718, #1172, #6096, #3200, #2198, #6127, #1287, #1686, #3711 ),
 ( #3266, #4664, #653, #5121, #2256, #1741, #5174, #3683, #5668, #1226 ) ),
 .UNSPECIFIED., .F., .F., .F.,
 ( 4, 1, 1, 1, 1, 1, 1, 1, 4 ),
 ( 4, 1, 1, 1, 1, 1, 1, 4 ),
 ( 0.000000000000000000, 1.000000000000000000, 3.000000000000000000, 5.000000000000000000, 7.000000000000000000, 9.000000000000000000, 10.00000000000000000, 11.00000000000000000, 12.00000000000000000 ),
 ( 0.000000000000000000, 1.000000000000000000, 3.000000000000000000, 5.000000000000000000, 7.000000000000000000, 8.000000000000000000, 9.000000000000000000, 10.00000000000000000 ),
 .UNSPECIFIED. ) ;
#5658 = B_SPLINE_CURVE_WITH_KNOTS ( 'NONE', 3,
 ( #4828, #4388, #4350, #501, #6374 ),
 .UNSPECIFIED., .F., .F.,
 ( 4, 1, 4 ),
 ( 0.03378277878438069870, 0.08333333333333330095, 0.2466373944681005126 ),
 .UNSPECIFIED. ) ;
#5659 = CARTESIAN_POINT ( 'NONE',  ( 24.90397557012270013, 23.03191011282845224, 152.3711333333334892 ) ) ;
#5660 = CARTESIAN_POINT ( 'NONE',  ( 13.16035885659844062, 23.21583580283360249, 169.4714166666664994 ) ) ;
#5661 = CARTESIAN_POINT ( 'NONE',  ( 18.10833138177060064, 29.86634364479520087, 166.7483780144810055 ) ) ;
#5662 = CARTESIAN_POINT ( 'NONE',  ( 13.36978190897965035, 25.53168625573804817, 169.3566657959649433 ) ) ;
#5663 = CARTESIAN_POINT ( 'NONE',  ( 18.66337740689435165, 29.94570842871824823, 164.6748542332364877 ) ) ;
#5664 = CARTESIAN_POINT ( 'NONE',  ( 18.07604492880430058, 29.32870922989530271, 171.6642222222220084 ) ) ;
#5665 = CARTESIAN_POINT ( 'NONE',  ( 13.84736244474112077, 22.07491240553320111, 171.6631291666665220 ) ) ;
#5666 = CARTESIAN_POINT ( 'NONE',  ( 26.20553987100489834, 22.06472550481319672, 171.2801499999999919 ) ) ;
#5667 = CARTESIAN_POINT ( 'NONE',  ( 13.42296340544586108, 23.34889383349604941, 164.0456037556724880 ) ) ;
#5668 = CARTESIAN_POINT ( 'NONE',  ( 13.86660511587481892, 20.56433194714220036, 168.7910722690915009 ) ) ;
#5669 = CARTESIAN_POINT ( 'NONE',  ( 23.85222852585030040, 26.15800890445679983, 151.5318249999999978 ) ) ;
#5670 = DIRECTION ( 'NONE',  ( -0.1006318910984300152, -0.05303758115645541144, -0.9935090525400490646 ) ) ;
#5671 = EDGE_CURVE ( 'NONE', #1297, #588, #5443, .T. ) ;
#5672 = CARTESIAN_POINT ( 'NONE',  ( 14.21981361984262016, 23.41869674772040355, 164.1220561791419925 ) ) ;
#5673 = CARTESIAN_POINT ( 'NONE',  ( 12.87689741419055878, 25.52004782097709779, 166.9414333333334923 ) ) ;
#5674 = CARTESIAN_POINT ( 'NONE',  ( 24.92326745362695206, 27.01048833785749892, 166.4131333333334908 ) ) ;
#5675 = CARTESIAN_POINT ( 'NONE',  ( 26.15239799750479932, 25.10436305026239978, 169.2737750000000005 ) ) ;
#5676 = CARTESIAN_POINT ( 'NONE',  ( 25.92440729608289729, 25.51987551689520117, 167.8265875000000165 ) ) ;
#5677 = CARTESIAN_POINT ( 'NONE',  ( 15.60606093079490009, 23.66663415076810040, 167.0695068118955078 ) ) ;
#5678 = VERTEX_POINT ( 'NONE', #1739 ) ;
#5679 = EDGE_CURVE ( 'NONE', #5876, #1668, #4319, .T. ) ;
#5680 = CARTESIAN_POINT ( 'NONE',  ( 15.63160719151744971, 23.64376732704755213, 166.5134328027380093 ) ) ;
#5681 = CARTESIAN_POINT ( 'NONE',  ( 12.23125783800846023, 24.09143151694129870, 164.8958150315074818 ) ) ;
#5682 = CARTESIAN_POINT ( 'NONE',  ( 21.06414229129075011, 29.69311726415955022, 165.5804833333334898 ) ) ;
#5683 = CARTESIAN_POINT ( 'NONE',  ( 24.84706993794345209, 26.97638635804284846, 164.1779930555555040 ) ) ;
#5684 = CARTESIAN_POINT ( 'NONE',  ( 25.64538102848954892, 25.43655969687569751, 163.6294293059394818 ) ) ;
#5685 = ORIENTED_EDGE ( 'NONE', *, *, #2877, .F. ) ;
#5686 = CARTESIAN_POINT ( 'NONE',  ( 25.74351521601029802, 25.85251387500128217, 166.1892898365323106 ) ) ;
#5687 = CARTESIAN_POINT ( 'NONE',  ( 14.15721777511629931, 23.62546289750294903, 168.8381509954305102 ) ) ;
#5688 = CARTESIAN_POINT ( 'NONE',  ( 25.54027282301984769, 21.95689182998129851, 158.6885000000000048 ) ) ;
#5689 = CARTESIAN_POINT ( 'NONE',  ( 12.07432451117434802, 25.25356556986301015, 163.2011313842812683 ) ) ;
#5690 = CARTESIAN_POINT ( 'NONE',  ( 13.61830896117648138, 24.40229054785964991, 171.6073999999999842 ) ) ;
#5691 = FACE_OUTER_BOUND ( 'NONE', #1857, .T. ) ;
#5692 = CARTESIAN_POINT ( 'NONE',  ( 26.13437323702700255, 22.59571414336470241, 165.6990999999999872 ) ) ;
#5693 = CARTESIAN_POINT ( 'NONE',  ( 25.72987791107575006, 25.14785550483524901, 163.3868963540804771 ) ) ;
#5694 = CARTESIAN_POINT ( 'NONE',  ( 12.76793558647272064, 25.14683350547499785, 166.9616083333335155 ) ) ;
#5695 = CARTESIAN_POINT ( 'NONE',  ( 25.55506529286494910, 25.80174227246305207, 164.1980214934725097 ) ) ;
#5696 = CARTESIAN_POINT ( 'NONE',  ( 14.52209002426733875, 23.21730659420429888, 163.5509113991354866 ) ) ;
#5697 = FACE_OUTER_BOUND ( 'NONE', #4873, .T. ) ;
#5698 = CARTESIAN_POINT ( 'NONE',  ( 24.15082266290199797, 26.69624567993265174, 155.4214999999999804 ) ) ;
#5699 = CARTESIAN_POINT ( 'NONE',  ( 12.70702419064332034, 24.24486810362959943, 167.4278880519080133 ) ) ;
#5700 = CARTESIAN_POINT ( 'NONE',  ( 25.35151137976259861, 24.62902436621329727, 157.7632250000000056 ) ) ;
#5701 = CARTESIAN_POINT ( 'NONE',  ( 24.65540554959810038, 27.20055610143394986, 163.7928930555555098 ) ) ;
#5702 = CARTESIAN_POINT ( 'NONE',  ( 24.80637165672789735, 25.24204583273440150, 154.6322312499999896 ) ) ;
#5703 = CARTESIAN_POINT ( 'NONE',  ( 12.86200271605052237, 23.28482377681611482, 168.1290653297467657 ) ) ;
#5704 = ORIENTED_EDGE ( 'NONE', *, *, #204, .T. ) ;
#5705 = CARTESIAN_POINT ( 'NONE',  ( 19.00183048288154808, 29.98960459893190134, 165.1338843572945052 ) ) ;
#5706 = CARTESIAN_POINT ( 'NONE',  ( 12.46553792899226032, 25.03088691612029848, 165.5524118055554936 ) ) ;
#5707 = ORIENTED_EDGE ( 'NONE', *, *, #3811, .F. ) ;
#5708 = CARTESIAN_POINT ( 'NONE',  ( 24.40863947849285154, 27.51163057806304835, 163.8077050347220052 ) ) ;
#5709 = CARTESIAN_POINT ( 'NONE',  ( 21.06091007209385069, 17.68770395011185315, 163.0374166666665303 ) ) ;
#5710 = CARTESIAN_POINT ( 'NONE',  ( 25.02193404563879753, 26.89120081278065300, 168.7334403102280191 ) ) ;
#5711 = ADVANCED_FACE ( 'NONE', ( #2224 ), #6226, .T. ) ;
#5712 = CARTESIAN_POINT ( 'NONE',  ( 25.61059922426250068, 26.14249900376395175, 168.7519770277874898 ) ) ;
#5713 = ORIENTED_EDGE ( 'NONE', *, *, #3333, .T. ) ;
#5714 = CARTESIAN_POINT ( 'NONE',  ( 16.24101611703320103, 23.46940160394424879, 165.9744266367185048 ) ) ;
#5715 = CARTESIAN_POINT ( 'NONE',  ( 15.04954222492639992, 23.70757624504945227, 169.0115765777040338 ) ) ;
#5716 = CARTESIAN_POINT ( 'NONE',  ( 25.37446624306580034, 21.77919031607680012, 156.3473999999999933 ) ) ;
#5717 = CARTESIAN_POINT ( 'NONE',  ( 11.71018258982084603, 23.43741405031485314, 161.4492052933579487 ) ) ;
#5718 = CARTESIAN_POINT ( 'NONE',  ( 13.96822719360899967, 24.58573350385880119, 173.5577822428955130 ) ) ;
#5719 = CARTESIAN_POINT ( 'NONE',  ( 12.79422491932984052, 25.65169616411774811, 166.2929694444444806 ) ) ;
#5720 = EDGE_CURVE ( 'NONE', #4349, #58, #6341, .T. ) ;
#5721 = CARTESIAN_POINT ( 'NONE',  ( 14.15919078066308145, 27.67657840768140076, 166.7620158754999977 ) ) ;
#5722 = VECTOR ( 'NONE', #5770, 1000.000000000000114 ) ;
#5723 = CARTESIAN_POINT ( 'NONE',  ( 14.53957928314711978, 23.24168669699994894, 164.0609104878760149 ) ) ;
#5724 = CARTESIAN_POINT ( 'NONE',  ( 14.50550691132499992, 23.41641687646094638, 163.5419617698229899 ) ) ;
#5725 = CARTESIAN_POINT ( 'NONE',  ( 13.98795301886752007, 22.70310945130310287, 173.2054791666665210 ) ) ;
#5726 = CIRCLE ( 'NONE', #5205, 1.749999999999996669 ) ;
#5727 = CARTESIAN_POINT ( 'NONE',  ( 16.42704702477495005, 23.55685020173579858, 167.5752687426350178 ) ) ;
#5728 = CARTESIAN_POINT ( 'NONE',  ( 13.01972725824237997, 20.60576993847615057, 165.0664657552084975 ) ) ;
#5729 = CARTESIAN_POINT ( 'NONE',  ( 23.79762124412855329, 25.66178487052485124, 149.9661591098470126 ) ) ;
#5730 = CARTESIAN_POINT ( 'NONE',  ( 13.52872450635019952, 23.19794928120355237, 164.9608974534280037 ) ) ;
#5731 = CARTESIAN_POINT ( 'NONE',  ( 13.79001920421729999, 23.19582198000714968, 164.4294064986995068 ) ) ;
#5732 = DIRECTION ( 'NONE',  ( 0.9914254851428329074, 0.07785470417481560323, -0.1049483322742683772 ) ) ;
#5733 = CARTESIAN_POINT ( 'NONE',  ( 13.64928106754166137, 23.51285726034329926, 171.7435486028134903 ) ) ;
#5734 = LINE ( 'NONE', #1293, #5722 ) ;
#5735 = CARTESIAN_POINT ( 'NONE',  ( 23.79103024873525030, 24.82399619015619763, 148.1036008165172291 ) ) ;
#5736 = CARTESIAN_POINT ( 'NONE',  ( 15.68790101810430038, 23.64969321894669818, 166.5409623367350207 ) ) ;
#5737 = ORIENTED_EDGE ( 'NONE', *, *, #4294, .F. ) ;
#5738 = CARTESIAN_POINT ( 'NONE',  ( 18.67526764345724644, 29.97772048365425235, 165.0436445579674967 ) ) ;
#5739 = CARTESIAN_POINT ( 'NONE',  ( 13.04155610493952011, 23.21903799736859852, 168.9593416666665178 ) ) ;
#5740 = VERTEX_POINT ( 'NONE', #4678 ) ;
#5741 = CARTESIAN_POINT ( 'NONE',  ( 13.47944370480212051, 23.20470664594239807, 165.2025487914855262 ) ) ;
#5742 = CARTESIAN_POINT ( 'NONE',  ( 21.23827225644985006, 29.60877826785855049, 165.9584395833335009 ) ) ;
#5743 = CARTESIAN_POINT ( 'NONE',  ( 18.44166986718099821, 17.54611335754470147, 163.7543862758714965 ) ) ;
#5744 = CARTESIAN_POINT ( 'NONE',  ( 21.49902129481499813, 29.18495753871719955, 169.3396539062499926 ) ) ;
#5745 = CARTESIAN_POINT ( 'NONE',  ( 25.12324028211675042, 26.79128156051280030, 167.1920208333335154 ) ) ;
#5746 = B_SPLINE_SURFACE_WITH_KNOTS ( 'NONE', 3, 3, ( 
 ( #5137, #5656, #4681, #267, #1647, #638, #4594 ),
 ( #1675, #1187, #3163, #737, #3220, #2126, #705 ),
 ( #5195, #2683, #4104, #760, #5597, #2246, #4226 ),
 ( #1158, #3134, #4651, #2651, #203, #2183, #4161 ),
 ( #863, #2771, #827, #6349, #3389, #929, #1275 ),
 ( #1788, #5258, #5366, #4743, #302, #1929, #1828 ),
 ( #3762, #2908, #2388, #5817, #4327, #375, #2349 ),
 ( #2423, #4770, #2273, #2308, #5330, #5786, #3905 ),
 ( #4288, #5229, #1374, #6385, #3254, #4255, #896 ),
 ( #798, #3802, #6240, #5751, #6315, #1306, #1407 ),
 ( #1342, #5295, #4400, #4877, #2839, #3285, #1861 ),
 ( #446, #3319, #2802, #3836, #335, #6278, #4808 ),
 ( #3352, #2873, #1893, #4840, #4365, #3869, #408 ),
 ( #5855, #2615, #4268, #5377, #2281, #3773, #1316 ) ),
 .UNSPECIFIED., .F., .F., .F.,
 ( 4, 1, 1, 1, 1, 1, 1, 1, 1, 1, 1, 4 ),
 ( 4, 1, 1, 1, 4 ),
 ( 0.000000000000000000, 1.000000000000000000, 2.000000000000000000, 3.000000000000000000, 5.000000000000000000, 7.000000000000000000, 9.000000000000000000, 11.00000000000000000, 13.00000000000000000, 14.00000000000000000, 15.00000000000000000, 16.00000000000000000 ),
 ( 0.000000000000000000, 1.000000000000000000, 2.000000000000000000, 3.000000000000000000, 4.000000000000000000 ),
 .UNSPECIFIED. ) ;
#5747 = CARTESIAN_POINT ( 'NONE',  ( 25.60090209703909636, 26.16003732160559991, 169.0151384303459849 ) ) ;
#5748 = ORIENTED_EDGE ( 'NONE', *, *, #1409, .T. ) ;
#5749 = CARTESIAN_POINT ( 'NONE',  ( 21.03043250952415022, 23.50038407278879760, 166.7922412634979992 ) ) ;
#5750 = CARTESIAN_POINT ( 'NONE',  ( 12.64420570039231961, 25.15183186597705145, 166.3186604166665177 ) ) ;
#5751 = CARTESIAN_POINT ( 'NONE',  ( 25.01865230817200114, 26.56796945351959849, 162.8518499999999847 ) ) ;
#5752 = FACE_OUTER_BOUND ( 'NONE', #1180, .T. ) ;
#5753 = EDGE_CURVE ( 'NONE', #4155, #3948, #3164, .T. ) ;
#5754 = CARTESIAN_POINT ( 'NONE',  ( 24.98958443074765157, 20.90837318226124708, 154.8640000000000043 ) ) ;
#5755 = CARTESIAN_POINT ( 'NONE',  ( 11.82436579758828010, 24.86741144481145938, 162.1024066026148489 ) ) ;
#5756 = CARTESIAN_POINT ( 'NONE',  ( 13.13174974756860003, 23.86249503399145055, 169.4534861111110047 ) ) ;
#5757 = CARTESIAN_POINT ( 'NONE',  ( 24.20564488561413441, 27.84393400614000669, 166.2387495698526720 ) ) ;
#5758 = CARTESIAN_POINT ( 'NONE',  ( 16.16431571982594662, 23.66751664009624889, 166.0547285232034938 ) ) ;
#5759 = CARTESIAN_POINT ( 'NONE',  ( 15.93182666511394885, 23.39757368851214636, 164.9493168144284709 ) ) ;
#5760 = EDGE_LOOP ( 'NONE', ( #2791, #5782, #3126, #5713, #925 ) ) ;
#5761 = CARTESIAN_POINT ( 'NONE',  ( 24.83766323899284956, 24.82046992219590109, 153.8614666666665016 ) ) ;
#5762 = EDGE_CURVE ( 'NONE', #1926, #1645, #296, .T. ) ;
#5763 = CARTESIAN_POINT ( 'NONE',  ( 21.92932123142865564, 29.43532073058792520, 166.3843621852120407 ) ) ;
#5764 = CARTESIAN_POINT ( 'NONE',  ( 13.76769124242619924, 23.36523049463364998, 163.7703003482560007 ) ) ;
#5765 = CARTESIAN_POINT ( 'NONE',  ( 14.44120548109138014, 26.42243940325580098, 173.0435409846224957 ) ) ;
#5766 = CARTESIAN_POINT ( 'NONE',  ( 24.99481124971280011, 26.72058120576129880, 164.2057178796744950 ) ) ;
#5767 = CARTESIAN_POINT ( 'NONE',  ( 26.15866963805808965, 25.08502498787186141, 170.4659775714717398 ) ) ;
#5768 = LINE ( 'NONE', #4307, #1386 ) ;
#5769 = CARTESIAN_POINT ( 'NONE',  ( 25.34038025239764735, 24.91625596409284782, 158.5389166666664948 ) ) ;
#5770 = DIRECTION ( 'NONE',  ( -0.1006318910984302095, -0.05303758115645521021, -0.9935090525400490646 ) ) ;
#5771 = CARTESIAN_POINT ( 'NONE',  ( 12.44354102944360108, 20.51444126934469736, 162.4637305555554860 ) ) ;
#5772 = CARTESIAN_POINT ( 'NONE',  ( 16.28530432858239863, 23.52191238947730056, 167.0606169777619812 ) ) ;
#5773 = ORIENTED_EDGE ( 'NONE', *, *, #1200, .T. ) ;
#5774 = CARTESIAN_POINT ( 'NONE',  ( 12.42303523405466059, 25.16211803380129908, 165.1615098958334897 ) ) ;
#5775 = ORIENTED_EDGE ( 'NONE', *, *, #1484, .F. ) ;
#5776 = CARTESIAN_POINT ( 'NONE',  ( 15.86683333011490049, 23.38269561363230054, 164.7387398387540145 ) ) ;
#5777 = CARTESIAN_POINT ( 'NONE',  ( 13.14208954365200022, 25.13374134667270354, 168.8260475291635032 ) ) ;
#5778 = CARTESIAN_POINT ( 'NONE',  ( 24.58068052473760190, 27.36572572150835114, 164.9846923611110299 ) ) ;
#5779 = CARTESIAN_POINT ( 'NONE',  ( 25.58248712982614848, 21.61532059204974843, 162.6495625000000018 ) ) ;
#5780 = CARTESIAN_POINT ( 'NONE',  ( 25.14514860724530010, 26.77404022274435391, 167.8494409722220269 ) ) ;
#5781 = CARTESIAN_POINT ( 'NONE',  ( 25.80088715866114768, 25.82649968287480036, 169.1425715107019982 ) ) ;
#5782 = ORIENTED_EDGE ( 'NONE', *, *, #6330, .F. ) ;
#5783 = CARTESIAN_POINT ( 'NONE',  ( 14.16081429703626071, 25.63842804456615099, 173.3216529307330234 ) ) ;
#5784 = CARTESIAN_POINT ( 'NONE',  ( 26.25214220661950293, 24.37499945499953569, 167.5720580706114333 ) ) ;
#5785 = CARTESIAN_POINT ( 'NONE',  ( 14.79923620471473988, 23.56473831652319717, 166.2975371001930114 ) ) ;
#5786 = CARTESIAN_POINT ( 'NONE',  ( 24.10804189930300012, 27.75030784285149821, 162.2421083333335048 ) ) ;
#5787 = CARTESIAN_POINT ( 'NONE',  ( 24.16017996276959678, 21.43829943986525066, 149.4103000000000065 ) ) ;
#5788 = CARTESIAN_POINT ( 'NONE',  ( 12.14189209347998855, 25.18996904703618966, 163.6419859566239836 ) ) ;
#5789 = CARTESIAN_POINT ( 'NONE',  ( 14.06099562761456134, 23.41379490904040139, 168.7767394923709787 ) ) ;
#5790 = CARTESIAN_POINT ( 'NONE',  ( 24.96032260122670010, 26.76572187086484789, 163.7771871527779979 ) ) ;
#5791 = ORIENTED_EDGE ( 'NONE', *, *, #5832, .T. ) ;
#5792 = CARTESIAN_POINT ( 'NONE',  ( 13.80395478489286099, 25.49310985656650175, 171.5550333333334834 ) ) ;
#5793 = CARTESIAN_POINT ( 'NONE',  ( 18.64487201355495216, 29.40628384157900044, 172.1292249999999910 ) ) ;
#5794 = CARTESIAN_POINT ( 'NONE',  ( 25.89749613158915409, 25.67623837149334776, 170.3130230707683097 ) ) ;
#5795 = CARTESIAN_POINT ( 'NONE',  ( 25.43070617225049901, 26.30068357458090134, 165.6937822516455014 ) ) ;
#5796 = CARTESIAN_POINT ( 'NONE',  ( 25.66054588136444892, 20.97719936696014997, 169.8126624999999876 ) ) ;
#5797 = ADVANCED_FACE ( 'NONE', ( #3213 ), #5105, .T. ) ;
#5798 = CARTESIAN_POINT ( 'NONE',  ( 14.53539176425176116, 23.46292043533570038, 168.9906514463299914 ) ) ;
#5799 = CARTESIAN_POINT ( 'NONE',  ( 24.59717895120954978, 24.72850928540905002, 152.3120499999999993 ) ) ;
#5800 = CARTESIAN_POINT ( 'NONE',  ( 24.90797081136420132, 27.04182315371690137, 167.8624013888889976 ) ) ;
#5801 = CARTESIAN_POINT ( 'NONE',  ( 12.21034027454706106, 21.17578823438454805, 162.4735583333335001 ) ) ;
#5802 = DIRECTION ( 'NONE',  ( 0.9914626728336710659, 0.07787427352598338959, -0.1045818621956666056 ) ) ;
#5803 = VERTEX_POINT ( 'NONE', #6110 ) ;
#5804 = ADVANCED_FACE ( 'NONE', ( #6079 ), #5238, .T. ) ;
#5805 = CARTESIAN_POINT ( 'NONE',  ( 24.56148851186035031, 27.37613059042170249, 164.7178796293125060 ) ) ;
#5806 = CARTESIAN_POINT ( 'NONE',  ( 12.60655618276711998, 23.22253564624620026, 167.0295999999999879 ) ) ;
#5807 = ORIENTED_EDGE ( 'NONE', *, *, #2107, .F. ) ;
#5808 = CARTESIAN_POINT ( 'NONE',  ( 15.80573303631530102, 23.55825982941319907, 168.7578865962640009 ) ) ;
#5809 = CARTESIAN_POINT ( 'NONE',  ( 24.45831632214285278, 27.48782427238799997, 164.4646937500000092 ) ) ;
#5810 = CARTESIAN_POINT ( 'NONE',  ( 25.23413198461120288, 20.92150269312760003, 162.7301999999999964 ) ) ;
#5811 = CARTESIAN_POINT ( 'NONE',  ( 13.28899147233039102, 26.44387634310607282, 167.4192311632244241 ) ) ;
#5812 = CARTESIAN_POINT ( 'NONE',  ( 25.62426161412075132, 26.07412406237600067, 167.1709000000000174 ) ) ;
#5813 = ORIENTED_EDGE ( 'NONE', *, *, #5499, .T. ) ;
#5814 = CARTESIAN_POINT ( 'NONE',  ( 17.60325407971425093, 29.12027480487429898, 173.0298083333335057 ) ) ;
#5815 = CARTESIAN_POINT ( 'NONE',  ( 26.17342004818007339, 24.29795786002578595, 166.0039132026367952 ) ) ;
#5816 = CARTESIAN_POINT ( 'NONE',  ( 14.06850714962859961, 25.46235944067369772, 173.0713129970614830 ) ) ;
#5817 = CARTESIAN_POINT ( 'NONE',  ( 23.63030243269080088, 28.32223849124545012, 162.9375999999999749 ) ) ;
#5818 = CARTESIAN_POINT ( 'NONE',  ( 25.09313975757649828, 20.95063042170450274, 155.6403999999999996 ) ) ;
#5819 = CARTESIAN_POINT ( 'NONE',  ( 12.20335614724108630, 24.76144400342715457, 164.3795700860394220 ) ) ;
#5820 = CARTESIAN_POINT ( 'NONE',  ( 25.05775091456530035, 26.74495169198560163, 164.8251374999999825 ) ) ;
#5821 = ORIENTED_EDGE ( 'NONE', *, *, #4531, .F. ) ;
#5822 = CARTESIAN_POINT ( 'NONE',  ( 24.94177683618259778, 24.86216764718309946, 154.6373166666664929 ) ) ;
#5823 = CARTESIAN_POINT ( 'NONE',  ( 13.99174361627200014, 25.40317785376450033, 172.7261727231089878 ) ) ;
#5824 = CARTESIAN_POINT ( 'NONE',  ( 24.29649446340100027, 24.16956370325189951, 149.9879416666665861 ) ) ;
#5825 = CARTESIAN_POINT ( 'NONE',  ( 15.88962506593439805, 23.51596923762295077, 167.6615637958464902 ) ) ;
#5826 = DIRECTION ( 'NONE',  ( -0.1006318910984300152, -0.05303758115645541144, -0.9935090525400490646 ) ) ;
#5827 = CARTESIAN_POINT ( 'NONE',  ( 15.22863647445749891, 23.27820707951699930, 163.5966309729165289 ) ) ;
#5828 = DIRECTION ( 'NONE',  ( 0.9949093705772956708, 0.000000000000000000, -0.1007737284091899249 ) ) ;
#5829 = CARTESIAN_POINT ( 'NONE',  ( 12.97747738029025832, 23.16251865832930079, 165.1940682314319702 ) ) ;
#5830 = CARTESIAN_POINT ( 'NONE',  ( 23.75400844169374892, 26.11291084786865113, 150.8834708333335186 ) ) ;
#5831 = CARTESIAN_POINT ( 'NONE',  ( 16.18089883276829966, 23.46840635783960138, 166.0636781525159904 ) ) ;
#5832 = EDGE_CURVE ( 'NONE', #1273, #3016, #1007, .T. ) ;
#5833 = AXIS2_PLACEMENT_3D ( 'NONE', #5299, #4292, #4976 ) ;
#5834 = CARTESIAN_POINT ( 'NONE',  ( 23.99009681343544997, 24.39525830390089922, 148.5251563541331734 ) ) ;
#5835 = CARTESIAN_POINT ( 'NONE',  ( 24.62528785844899915, 27.33832768087975040, 165.6421958333335169 ) ) ;
#5836 = CARTESIAN_POINT ( 'NONE',  ( 26.45742803346569971, 23.61596414760595053, 171.1651875000000018 ) ) ;
#5837 = CARTESIAN_POINT ( 'NONE',  ( 16.19794412354859858, 23.50871674878825246, 166.9289150318720090 ) ) ;
#5838 = EDGE_LOOP ( 'NONE', ( #2042, #596, #4827, #4814 ) ) ;
#5839 = CARTESIAN_POINT ( 'NONE',  ( 19.02291645974739964, 29.61941426165289926, 168.5476687499999855 ) ) ;
#5840 = CARTESIAN_POINT ( 'NONE',  ( 13.32494562473572053, 21.81186864174004825, 168.9747944444444840 ) ) ;
#5841 = EDGE_LOOP ( 'NONE', ( #2859, #2964, #3416, #662, #2823 ) ) ;
#5842 = CARTESIAN_POINT ( 'NONE',  ( 12.65936802584356080, 25.40698138349329938, 166.0285589818320204 ) ) ;
#5843 = AXIS2_PLACEMENT_3D ( 'NONE', #1872, #1907, #5828 ) ;
#5844 = ADVANCED_FACE ( 'NONE', ( #1506 ), #1920, .F. ) ;
#5845 = CARTESIAN_POINT ( 'NONE',  ( 21.28423812449629793, 29.72416411700729810, 164.0959336826660149 ) ) ;
#5846 = CARTESIAN_POINT ( 'NONE',  ( 17.76981166713670035, 17.62169589692130245, 163.8387491852699895 ) ) ;
#5847 = CARTESIAN_POINT ( 'NONE',  ( 20.33875550654390096, 29.47084707670525106, 169.4594302083335151 ) ) ;
#5848 = AXIS2_PLACEMENT_3D ( 'NONE', #2586, #2646, #701 ) ;
#5849 = CARTESIAN_POINT ( 'NONE',  ( 15.94608925287839973, 23.40377986429464841, 165.0609633724230036 ) ) ;
#5850 = CARTESIAN_POINT ( 'NONE',  ( 25.45055379983958233, 26.36580485931293083, 167.8626950735792605 ) ) ;
#5851 = ORIENTED_EDGE ( 'NONE', *, *, #2190, .T. ) ;
#5852 = CARTESIAN_POINT ( 'NONE',  ( 25.15933650582665138, 20.31907685369725058, 168.9789284722220088 ) ) ;
#5853 = CARTESIAN_POINT ( 'NONE',  ( 25.92779372108685010, 25.37266354266665047, 166.1962407611080152 ) ) ;
#5854 = CARTESIAN_POINT ( 'NONE',  ( 15.73859295145695114, 23.61948662980834968, 165.7750007190815040 ) ) ;
#5855 = CARTESIAN_POINT ( 'NONE',  ( 25.69648764887540082, 25.30355911446800121, 163.6303750668679982 ) ) ;
#5856 = CARTESIAN_POINT ( 'NONE',  ( 25.13892085479454863, 26.20887395817939591, 162.0601764311599879 ) ) ;
#5857 = CARTESIAN_POINT ( 'NONE',  ( 23.86889351613895016, 27.92966718612935040, 169.2455534722220136 ) ) ;
#5858 = CARTESIAN_POINT ( 'NONE',  ( 25.19902667733850166, 21.68915205322469930, 154.7900000000000205 ) ) ;
#5859 = CARTESIAN_POINT ( 'NONE',  ( 17.97509644781775151, 29.69601940578624877, 167.0945499999999981 ) ) ;
#5860 = CARTESIAN_POINT ( 'NONE',  ( 21.44425354609829881, 29.58367346089514882, 164.4125079917560015 ) ) ;
#5861 = ORIENTED_EDGE ( 'NONE', *, *, #4536, .T. ) ;
#5862 = CARTESIAN_POINT ( 'NONE',  ( 25.53969128280899881, 25.18032466830525351, 161.5868971640974792 ) ) ;
#5863 = CARTESIAN_POINT ( 'NONE',  ( 24.94615930369814905, 20.30601402571129910, 165.9569958333335080 ) ) ;
#5864 = CARTESIAN_POINT ( 'NONE',  ( 25.44858727276974975, 25.44229202448359572, 161.6546761346045287 ) ) ;
#5865 = CARTESIAN_POINT ( 'NONE',  ( 13.42296340544586108, 23.34889383349604941, 164.0456037556724880 ) ) ;
#5866 = CARTESIAN_POINT ( 'NONE',  ( 15.88376287714544866, 23.51174045432695081, 167.5783446064349960 ) ) ;
#5867 = CARTESIAN_POINT ( 'NONE',  ( 25.60295573861018426, 26.16493285728174456, 169.9609057628761377 ) ) ;
#5868 = CARTESIAN_POINT ( 'NONE',  ( 15.39436469004314922, 23.49524134043599943, 163.6486401922834659 ) ) ;
#5869 = CARTESIAN_POINT ( 'NONE',  ( 25.32017619949375131, 20.49093566799835031, 170.2783333333335065 ) ) ;
#5870 = CARTESIAN_POINT ( 'NONE',  ( 13.11646466420557999, 23.14624188424900098, 164.5744096160194943 ) ) ;
#5871 = CARTESIAN_POINT ( 'NONE',  ( 24.33570921508434992, 24.61779876381959653, 150.7578166666665140 ) ) ;
#5872 = CARTESIAN_POINT ( 'NONE',  ( 24.66651501190440143, 27.29824616867134779, 166.4296020833335206 ) ) ;
#5873 = CARTESIAN_POINT ( 'NONE',  ( 11.65252218366615899, 23.99161576153525033, 161.3145166666665205 ) ) ;
#5874 = CARTESIAN_POINT ( 'NONE',  ( 26.42097695653495038, 23.56934230029330024, 169.9817499999999768 ) ) ;
#5875 = CARTESIAN_POINT ( 'NONE',  ( 14.12848079802540013, 25.66049939911550126, 173.0808446469609976 ) ) ;
#5876 = VERTEX_POINT ( 'NONE', #4025 ) ;
#5877 = CARTESIAN_POINT ( 'NONE',  ( 21.81897377237849867, 29.48772184604600355, 164.8829417893760194 ) ) ;
#5878 = CARTESIAN_POINT ( 'NONE',  ( 12.72088148646444061, 21.82904615272799731, 166.2605499999999950 ) ) ;
#5879 = ORIENTED_EDGE ( 'NONE', *, *, #2453, .T. ) ;
#5880 = EDGE_CURVE ( 'NONE', #3105, #1785, #2556, .T. ) ;
#5881 = CARTESIAN_POINT ( 'NONE',  ( 12.60905208029435975, 25.38046259291504825, 165.5318044555619963 ) ) ;
#5882 = CARTESIAN_POINT ( 'NONE',  ( 21.64028864334685309, 29.61079450683050140, 164.0544291007195170 ) ) ;
#5883 = CARTESIAN_POINT ( 'NONE',  ( 18.05882449975159787, 17.67202437294049844, 164.1676812635894862 ) ) ;
#5884 = CARTESIAN_POINT ( 'NONE',  ( 20.89385576451219961, 29.62824439225214945, 166.7829875000000186 ) ) ;
#5885 = CARTESIAN_POINT ( 'NONE',  ( 25.58245869224339941, 26.19454921509199963, 169.5408814525565049 ) ) ;
#5886 = CARTESIAN_POINT ( 'NONE',  ( 25.46848142061350018, 25.45148398636409937, 161.9257116755970003 ) ) ;
#5887 = CARTESIAN_POINT ( 'NONE',  ( 25.95048455096004858, 25.37702631049210211, 167.0367141869305101 ) ) ;
#5888 = ORIENTED_EDGE ( 'NONE', *, *, #3764, .T. ) ;
#5889 = CARTESIAN_POINT ( 'NONE',  ( 18.17769940524320305, 29.31101955478505161, 172.5729499999999916 ) ) ;
#5890 = CARTESIAN_POINT ( 'NONE',  ( 16.27055941231165193, 23.66903384038534952, 165.8916199828195204 ) ) ;
#5891 = EDGE_CURVE ( 'NONE', #5899, #4482, #6015, .T. ) ;
#5892 = CARTESIAN_POINT ( 'NONE',  ( 12.59693286144614000, 20.86897581541295210, 163.9026250000000005 ) ) ;
#5893 = CARTESIAN_POINT ( 'NONE',  ( 25.69516642970920017, 25.13346625056299999, 162.9774080600600143 ) ) ;
#5894 = MANIFOLD_SOLID_BREP ( 'NONE', #4396 ) ;
#5895 = CARTESIAN_POINT ( 'NONE',  ( 25.69074812550179843, 25.24657743239304963, 163.3520063533665052 ) ) ;
#5896 = CARTESIAN_POINT ( 'NONE',  ( 22.95039350445544812, 19.40006226222065067, 148.5657937500000116 ) ) ;
#5897 = CARTESIAN_POINT ( 'NONE',  ( 17.85311255804295172, 29.76272036110895058, 166.4552166666665300 ) ) ;
#5898 = CARTESIAN_POINT ( 'NONE',  ( 25.07456381612035301, 26.82719608959800084, 168.9922404580954947 ) ) ;
#5899 = VERTEX_POINT ( 'NONE', #5586 ) ;
#5900 = CARTESIAN_POINT ( 'NONE',  ( 12.60773811212638051, 25.21780071809535428, 166.0438877810109943 ) ) ;
#5901 = CARTESIAN_POINT ( 'NONE',  ( 25.33407343692930169, 25.46316288239010461, 160.4713287028259856 ) ) ;
#5902 = CARTESIAN_POINT ( 'NONE',  ( 25.63540058493904894, 24.66391634329794869, 160.7602381944445256 ) ) ;
#5903 = CARTESIAN_POINT ( 'NONE',  ( 25.40824740923900293, 25.82978699008382151, 162.9535286974907820 ) ) ;
#5904 = CARTESIAN_POINT ( 'NONE',  ( 25.46043784934620646, 26.36121189252805408, 169.6963785428376639 ) ) ;
#5905 = CARTESIAN_POINT ( 'NONE',  ( 15.54996627516819885, 23.31052890397134902, 163.7203186894249995 ) ) ;
#5906 = FACE_OUTER_BOUND ( 'NONE', #2021, .T. ) ;
#5907 = CARTESIAN_POINT ( 'NONE',  ( 13.34138723905449986, 23.14671835089909990, 164.1682422848370209 ) ) ;
#5908 = CARTESIAN_POINT ( 'NONE',  ( 24.67818585590545055, 27.35999918204970172, 166.2167206221554920 ) ) ;
#5909 = DIRECTION ( 'NONE',  ( -0.1006318910984286413, -0.05303758115645542531, -0.9935090525400493977 ) ) ;
#5910 = CARTESIAN_POINT ( 'NONE',  ( 15.24778397320934964, 23.72287067747030065, 168.9845155076920094 ) ) ;
#5911 = CARTESIAN_POINT ( 'NONE',  ( 26.43406650950834802, 23.58562875967544770, 170.3761125000000050 ) ) ;
#5912 = DIRECTION ( 'NONE',  ( -0.1006318910984300152, -0.05303758115645541144, -0.9935090525400490646 ) ) ;
#5913 = ORIENTED_EDGE ( 'NONE', *, *, #854, .F. ) ;
#5914 = CARTESIAN_POINT ( 'NONE',  ( 12.99875903998759874, 25.82324650572819991, 166.9784937034220320 ) ) ;
#5915 = CARTESIAN_POINT ( 'NONE',  ( 24.65184402586199752, 26.80278465967685264, 160.7661750000000040 ) ) ;
#5916 = CARTESIAN_POINT ( 'NONE',  ( 25.96033225365886565, 25.32052883459741111, 166.8014942072278188 ) ) ;
#5917 = CARTESIAN_POINT ( 'NONE',  ( 17.17012939497439916, 29.19167721407854899, 169.5339999999999918 ) ) ;
#5918 = CARTESIAN_POINT ( 'NONE',  ( 13.47017995626003817, 23.40253333535084934, 165.1514796097690123 ) ) ;
#5919 = LINE ( 'NONE', #832, #3148 ) ;
#5920 = CARTESIAN_POINT ( 'NONE',  ( 20.30022069188854772, 29.50447634430885202, 169.0701583333334952 ) ) ;
#5921 = CARTESIAN_POINT ( 'NONE',  ( 25.03038562302310055, 26.90164988502510113, 170.7420312499999966 ) ) ;
#5922 = CARTESIAN_POINT ( 'NONE',  ( 25.29289476061262221, 26.58113923523615441, 168.4829008280538289 ) ) ;
#5923 = VERTEX_POINT ( 'NONE', #4581 ) ;
#5924 = CARTESIAN_POINT ( 'NONE',  ( 24.56914674879549665, 20.04891489263119908, 163.2509784288195078 ) ) ;
#5925 = CARTESIAN_POINT ( 'NONE',  ( 16.44924352571959858, 23.64756387376370128, 165.0828680563199953 ) ) ;
#5926 = CARTESIAN_POINT ( 'NONE',  ( 12.78173687929053948, 20.51322325584554918, 163.8899562499999831 ) ) ;
#5927 = CARTESIAN_POINT ( 'NONE',  ( 24.99481124974575152, 26.72058120571355033, 164.2057178796735002 ) ) ;
#5928 = CARTESIAN_POINT ( 'NONE',  ( 12.21248293205359303, 24.41034810808863043, 164.6583191835009643 ) ) ;
#5929 = EDGE_CURVE ( 'NONE', #882, #1329, #4121, .T. ) ;
#5930 = CARTESIAN_POINT ( 'NONE',  ( 23.70442646275634857, 18.89324742582504868, 154.3725333333335072 ) ) ;
#5931 = CARTESIAN_POINT ( 'NONE',  ( 17.05072517370464880, 29.23731230959695182, 168.7637000000000000 ) ) ;
#5932 = CARTESIAN_POINT ( 'NONE',  ( 14.69969880085473868, 23.45479496139315145, 164.0359671785965077 ) ) ;
#5933 = CARTESIAN_POINT ( 'NONE',  ( 25.97366533714765069, 25.40000864688039783, 167.8272496527780220 ) ) ;
#5934 = EDGE_LOOP ( 'NONE', ( #734, #29, #2982, #2641 ) ) ;
#5935 = CARTESIAN_POINT ( 'NONE',  ( 23.91988320371400079, 24.79075948531534834, 148.7800916468692094 ) ) ;
#5936 = CARTESIAN_POINT ( 'NONE',  ( 24.65373558059989634, 25.61537868742439983, 154.6297749999999951 ) ) ;
#5937 = CARTESIAN_POINT ( 'NONE',  ( 12.24664229097593982, 23.76579018711304769, 165.0700856136869845 ) ) ;
#5938 = EDGE_CURVE ( 'NONE', #885, #3239, #4772, .T. ) ;
#5939 = CARTESIAN_POINT ( 'NONE',  ( 24.79172545052905008, 23.95307807916989873, 152.3319250000000125 ) ) ;
#5940 = CARTESIAN_POINT ( 'NONE',  ( 18.74073095418381030, 29.94944712941125431, 164.6668195551778240 ) ) ;
#5941 = CYLINDRICAL_SURFACE ( 'NONE', #2547, 1.749999999999996669 ) ;
#5942 = CARTESIAN_POINT ( 'NONE',  ( 18.43937905619939954, 29.92707091948189913, 164.6985378282494992 ) ) ;
#5943 = CARTESIAN_POINT ( 'NONE',  ( 14.29061803476369974, 23.43876104626549761, 168.9067069220055259 ) ) ;
#5944 = CARTESIAN_POINT ( 'NONE',  ( 16.28437457975485003, 23.77349651920179952, 168.1900945078224936 ) ) ;
#5945 = CARTESIAN_POINT ( 'NONE',  ( 12.44717930370557291, 23.15747552800468512, 166.0644790074482557 ) ) ;
#5946 = EDGE_LOOP ( 'NONE', ( #4114, #2735, #2146, #5537 ) ) ;
#5947 = CARTESIAN_POINT ( 'NONE',  ( 18.69947310916845140, 29.87062655651610044, 166.3602579861110087 ) ) ;
#5948 = CARTESIAN_POINT ( 'NONE',  ( 24.76882050443554917, 26.21200814700699766, 158.5361166666665156 ) ) ;
#5949 = CARTESIAN_POINT ( 'NONE',  ( 15.95559993829520273, 23.66090963988769857, 166.2944742854834885 ) ) ;
#5950 = CARTESIAN_POINT ( 'NONE',  ( 17.87402045268335016, 29.89057249033010066, 165.2610177496860047 ) ) ;
#5951 = CARTESIAN_POINT ( 'NONE',  ( 13.92278390694857926, 25.83414269776984895, 171.5315895833334991 ) ) ;
#5952 = CARTESIAN_POINT ( 'NONE',  ( 25.26655248493085182, 20.95899420576889938, 163.1186145833335104 ) ) ;
#5953 = B_SPLINE_CURVE_WITH_KNOTS ( 'NONE', 3,
 ( #678, #2661, #183, #2164, #5033, #4143, #586, #1561, #1761, #3732, #4511, #69, #2040, #2572, #4541 ),
 .UNSPECIFIED., .F., .F.,
 ( 4, 1, 1, 1, 1, 1, 1, 1, 1, 1, 1, 1, 4 ),
 ( 0.000000000000000000, 0.1055165427441035891, 0.2071414670852509965, 0.3052508276931845121, 0.4020789006127410414, 0.4940483075310750372, 0.5780700581724500520, 0.6553953054395539324, 0.7276547067720759987, 0.7972328979797850268, 0.8648108494220770881, 0.9316485184721760016, 1.000000000000000000 ),
 .UNSPECIFIED. ) ;
#5954 = CARTESIAN_POINT ( 'NONE',  ( 25.04512719526200115, 26.74709999633955348, 164.7024724059439791 ) ) ;
#5955 = CARTESIAN_POINT ( 'NONE',  ( 20.83209343287110116, 29.71028469136984995, 166.1320187499999861 ) ) ;
#5956 = CARTESIAN_POINT ( 'NONE',  ( 20.34651635759935218, 24.85242972453260180, 166.7893369565335036 ) ) ;
#5957 = CARTESIAN_POINT ( 'NONE',  ( 12.91916669384271898, 24.30619230086730198, 168.3991344384864988 ) ) ;
#5958 = VECTOR ( 'NONE', #2956, 1000.000000000000000 ) ;
#5959 = ORIENTED_EDGE ( 'NONE', *, *, #2152, .T. ) ;
#5960 = CARTESIAN_POINT ( 'NONE',  ( 26.24380437116149878, 24.71019581374710228, 169.1523260416664982 ) ) ;
#5961 = CARTESIAN_POINT ( 'NONE',  ( 24.72989072420364920, 27.17180380918444982, 164.7117300762805030 ) ) ;
#5962 = CARTESIAN_POINT ( 'NONE',  ( 12.17617556244029942, 23.20009134525229655, 164.5582333333335043 ) ) ;
#5963 = CARTESIAN_POINT ( 'NONE',  ( 26.12571215040124883, 25.06916344440195132, 168.6199395833335188 ) ) ;
#5964 = VECTOR ( 'NONE', #94, 1000.000000000000227 ) ;
#5965 = CARTESIAN_POINT ( 'NONE',  ( 23.31893961307144991, 28.31526081126675010, 169.2919770833335065 ) ) ;
#5966 = CARTESIAN_POINT ( 'NONE',  ( 24.08636282265155160, 19.46587536104434690, 162.4240993055555009 ) ) ;
#5967 = CARTESIAN_POINT ( 'NONE',  ( 13.67206199382271947, 25.96262031040584972, 169.9816624999999988 ) ) ;
#5968 = ORIENTED_EDGE ( 'NONE', *, *, #241, .T. ) ;
#5969 = PRODUCT_RELATED_PRODUCT_CATEGORY ( 'part', '', ( #4257 ) ) ;
#5970 = CARTESIAN_POINT ( 'NONE',  ( 24.43459450598914984, 25.81739132593944674, 153.8549041666665005 ) ) ;
#5971 = CARTESIAN_POINT ( 'NONE',  ( 25.74270417311089787, 24.65075105877739858, 161.9300542346115037 ) ) ;
#5972 = CARTESIAN_POINT ( 'NONE',  ( 25.36035649213793164, 25.91290981490985956, 162.8565492593216391 ) ) ;
#5973 = B_SPLINE_CURVE_WITH_KNOTS ( 'NONE', 3,
 ( #1155, #5625, #4033, #6024, #4189, #2241, #1336, #4802, #2343, #2733, #1820, #3346, #2767, #368, #6170, #1730, #5324, #3249, #2705, #5191, #4321, #329, #5811, #2211 ),
 .UNSPECIFIED., .F., .F.,
 ( 4, 1, 1, 1, 2, 2, 1, 1, 2, 2, 1, 1, 1, 2, 2, 4 ),
 ( 0.000000000000000000, 0.1250000000000113798, 0.1875000000000157652, 0.2187500000000192624, 0.2343750000000197065, 0.2500000000000200950, 0.3750000000000187073, 0.4375000000000179856, 0.4687500000000166533, 0.5000000000000152101, 0.6250000000000098810, 0.6875000000000075495, 0.7187500000000059952, 0.7343750000000055511, 0.7500000000000051070, 1.000000000000000000 ),
 .UNSPECIFIED. ) ;
#5974 = CARTESIAN_POINT ( 'NONE',  ( 24.93329557233634830, 27.06310737475645212, 166.2067300238289818 ) ) ;
#5975 = CARTESIAN_POINT ( 'NONE',  ( 14.41834054301411960, 23.62715257679645120, 168.3918983416635058 ) ) ;
#5976 = CARTESIAN_POINT ( 'NONE',  ( 15.04954222492639992, 23.70757624504945227, 169.0115765777040338 ) ) ;
#5977 = ADVANCED_FACE ( 'NONE', ( #2079 ), #3605, .F. ) ;
#5978 = CARTESIAN_POINT ( 'NONE',  ( 24.76690301480514833, 27.26191322131959893, 166.2129707485529764 ) ) ;
#5979 = B_SPLINE_SURFACE_WITH_KNOTS ( 'NONE', 3, 1, ( 
 ( #359, #3272 ),
 ( #4730, #5350 ),
 ( #4700, #2263 ),
 ( #5245, #4272 ),
 ( #3787, #5772 ),
 ( #3304, #5837 ),
 ( #393, #4757 ),
 ( #4792, #6335 ),
 ( #5283, #6193 ),
 ( #5736, #812 ),
 ( #6300, #881 ) ),
 .UNSPECIFIED., .F., .F., .F.,
 ( 4, 1, 1, 1, 1, 1, 1, 1, 4 ),
 ( 2, 2 ),
 ( 0.000000000000000000, 0.1243685579384350010, 0.2435107105163245023, 0.3617633613345490051, 0.4794812396158579793, 0.5995776048743550746, 0.7255093020253550185, 0.8582463312673980216, 1.000000000000000000 ),
 ( 0.000000000000000000, 1.000000000000000000 ),
 .UNSPECIFIED. ) ;
#5980 = CARTESIAN_POINT ( 'NONE',  ( 15.61932057662824924, 23.74770284109370166, 168.8485440270690106 ) ) ;
#5981 = CARTESIAN_POINT ( 'NONE',  ( 12.63726126063557054, 23.21866636870678136, 167.0736353298553922 ) ) ;
#5982 = EDGE_LOOP ( 'NONE', ( #5558, #3086, #1156, #1150, #394 ) ) ;
#5983 = CARTESIAN_POINT ( 'NONE',  ( 15.83491849286989783, 23.42099522592864957, 165.6499612626475084 ) ) ;
#5984 = CARTESIAN_POINT ( 'NONE',  ( 12.44449496613641948, 22.43940460136730053, 165.6078833333335183 ) ) ;
#5985 = CARTESIAN_POINT ( 'NONE',  ( 24.99933275538820254, 26.46752499759975308, 162.0641540094139827 ) ) ;
#5986 = FACE_OUTER_BOUND ( 'NONE', #3700, .T. ) ;
#5987 = B_SPLINE_CURVE_WITH_KNOTS ( 'NONE', 3,
 ( #5459, #4936, #5914, #4898, #952, #1462, #1394, #4970, #2412, #883 ),
 .UNSPECIFIED., .F., .F.,
 ( 4, 3, 3, 4 ),
 ( 0.000000000000000000, 9.861539082784880679E-05, 0.0001972306841784779853, 0.0003896673020625540142 ),
 .UNSPECIFIED. ) ;
#5988 = CARTESIAN_POINT ( 'NONE',  ( 19.59641169695619922, 17.59405095796075003, 163.8630875000000060 ) ) ;
#5989 = DIRECTION ( 'NONE',  ( -0.9914329489890039149, -0.07785862705001639350, 0.1048748866643193778 ) ) ;
#5990 = CARTESIAN_POINT ( 'NONE',  ( 25.32482856672354998, 26.54375535853105106, 169.5452331970870148 ) ) ;
#5991 = CARTESIAN_POINT ( 'NONE',  ( 25.67790669973625839, 25.97920197367568917, 167.3805858748835078 ) ) ;
#5992 = EDGE_LOOP ( 'NONE', ( #4606, #2789, #5130, #3841 ) ) ;
#5993 = CARTESIAN_POINT ( 'NONE',  ( 21.85696360974975150, 29.07597580410494942, 169.0407484374999854 ) ) ;
#5994 = CARTESIAN_POINT ( 'NONE',  ( 23.77254684138879881, 18.68507065685220070, 156.7456750000000056 ) ) ;
#5995 = CARTESIAN_POINT ( 'NONE',  ( 18.27403554087065274, 29.83179650893460177, 166.4076312499999801 ) ) ;
#5996 = ORIENTED_EDGE ( 'NONE', *, *, #1874, .T. ) ;
#5997 = DIRECTION ( 'NONE',  ( -0.9914626728336710659, -0.07787427352598338959, 0.1045818621956666056 ) ) ;
#5998 = CARTESIAN_POINT ( 'NONE',  ( 25.36863663777435107, 25.73591827646355057, 162.0495101334674928 ) ) ;
#5999 = CARTESIAN_POINT ( 'NONE',  ( 24.27782229791520052, 23.33698805730135106, 149.2458999999999776 ) ) ;
#6000 = CARTESIAN_POINT ( 'NONE',  ( 22.50134059061874936, 29.07102867403694901, 165.8426034372970150 ) ) ;
#6001 = DIRECTION ( 'NONE',  ( 0.9949093705772958929, 0.000000000000000000, -0.1007737284091880237 ) ) ;
#6002 = CARTESIAN_POINT ( 'NONE',  ( 16.40698956080565196, 23.75310082115484889, 167.5091354354950113 ) ) ;
#6003 = CARTESIAN_POINT ( 'NONE',  ( 15.52306938990484930, 23.33426938261889916, 164.2983322931250143 ) ) ;
#6004 = CARTESIAN_POINT ( 'NONE',  ( 14.20623625874476126, 23.60158143606544812, 168.2160108616280070 ) ) ;
#6005 = CARTESIAN_POINT ( 'NONE',  ( 20.81565967712354848, 24.58006373880595419, 171.0341245031090125 ) ) ;
#6006 = CARTESIAN_POINT ( 'NONE',  ( 15.09340071901594982, 23.41322155301909902, 166.8510003683340130 ) ) ;
#6007 = EDGE_CURVE ( 'NONE', #4680, #4778, #724, .T. ) ;
#6008 = CARTESIAN_POINT ( 'NONE',  ( 25.56589484158484993, 25.21000014568695136, 162.0195861832490039 ) ) ;
#6009 = CARTESIAN_POINT ( 'NONE',  ( 13.11519559118134026, 25.75368544605025178, 167.6954916666664985 ) ) ;
#6010 = VERTEX_POINT ( 'NONE', #2580 ) ;
#6011 = CARTESIAN_POINT ( 'NONE',  ( 15.75517606439924911, 23.42037634755175191, 165.7839503483940291 ) ) ;
#6012 = CARTESIAN_POINT ( 'NONE',  ( 24.78982011988750145, 26.47268057309059941, 160.1053125000000250 ) ) ;
#6013 = CARTESIAN_POINT ( 'NONE',  ( 12.83307389001793908, 25.33147528335104681, 167.0215286068045089 ) ) ;
#6014 = EDGE_CURVE ( 'NONE', #3500, #1499, #4670, .T. ) ;
#6015 = LINE ( 'NONE', #1146, #5220 ) ;
#6016 = CARTESIAN_POINT ( 'NONE',  ( 13.34138723905449986, 23.14671835089909990, 164.1682422848370209 ) ) ;
#6017 = CARTESIAN_POINT ( 'NONE',  ( 15.28386918910159942, 23.70147885092109874, 168.4417290230900051 ) ) ;
#6018 = ORIENTED_EDGE ( 'NONE', *, *, #1130, .T. ) ;
#6019 = CARTESIAN_POINT ( 'NONE',  ( 16.77850784177614329, 29.62162045437942126, 164.8830725987617143 ) ) ;
#6020 = CARTESIAN_POINT ( 'NONE',  ( 12.07789912135460142, 23.19855312305304906, 163.9048999999999978 ) ) ;
#6021 = CARTESIAN_POINT ( 'NONE',  ( 25.92753678020914876, 22.44072788459060064, 163.4871833333335189 ) ) ;
#6022 = CARTESIAN_POINT ( 'NONE',  ( 24.09071978847504880, 19.48559798287350020, 162.5530885416665114 ) ) ;
#6023 = CARTESIAN_POINT ( 'NONE',  ( 13.08665292907460120, 26.00267185695215133, 167.0396493055555140 ) ) ;
#6024 = CARTESIAN_POINT ( 'NONE',  ( 17.44244207380516443, 29.70627489163987889, 166.8243706384190546 ) ) ;
#6025 = ORIENTED_EDGE ( 'NONE', *, *, #2958, .T. ) ;
#6026 = CARTESIAN_POINT ( 'NONE',  ( 28.23525631955400073, 24.19119379539525028, 159.8081832046954958 ) ) ;
#6027 = CARTESIAN_POINT ( 'NONE',  ( 24.12306544746705228, 23.23509275988255141, 148.2007145833331947 ) ) ;
#6028 = CARTESIAN_POINT ( 'NONE',  ( 24.62786991019139649, 27.33348039165375098, 165.7199660958924881 ) ) ;
#6029 = CARTESIAN_POINT ( 'NONE',  ( 25.16340229897129888, 26.71011448334434846, 166.3992562500000076 ) ) ;
#6030 = CARTESIAN_POINT ( 'NONE',  ( 13.66230920796960113, 25.13567240591694940, 171.3092088962389994 ) ) ;
#6031 = CARTESIAN_POINT ( 'NONE',  ( 13.56723455409655266, 25.68747602913573402, 170.0229855494881974 ) ) ;
#6032 = CARTESIAN_POINT ( 'NONE',  ( 25.55752602214344904, 25.79531671728675235, 164.1981152702416011 ) ) ;
#6033 = CARTESIAN_POINT ( 'NONE',  ( 15.50036662241035046, 23.65443068991634945, 166.9938507307575151 ) ) ;
#6034 = CARTESIAN_POINT ( 'NONE',  ( 12.71725260647762035, 25.65771628380705138, 165.9088704861109989 ) ) ;
#6035 = CARTESIAN_POINT ( 'NONE',  ( 16.41588896530365105, 23.55089521563265365, 167.4634581224970020 ) ) ;
#6036 = ORIENTED_EDGE ( 'NONE', *, *, #5499, .F. ) ;
#6037 = LINE ( 'NONE', #161, #6377 ) ;
#6038 = CARTESIAN_POINT ( 'NONE',  ( 24.57103057080895070, 27.12545814618714957, 162.0835859375000041 ) ) ;
#6039 = ADVANCED_FACE ( 'NONE', ( #3574 ), #268, .T. ) ;
#6040 = DIRECTION ( 'NONE',  ( 0.1008983127947753883, 0.05305850557547598517, 0.9934809134861447566 ) ) ;
#6041 = CARTESIAN_POINT ( 'NONE',  ( 15.09760434074104829, 23.68829574842649777, 168.4935702494289842 ) ) ;
#6042 = CARTESIAN_POINT ( 'NONE',  ( 25.21266795991340004, 26.41991429835309901, 164.1608083333334775 ) ) ;
#6043 = CARTESIAN_POINT ( 'NONE',  ( 25.10027662620139921, 26.73399232176009832, 165.3801222620040221 ) ) ;
#6044 = ORIENTED_EDGE ( 'NONE', *, *, #381, .T. ) ;
#6045 = CARTESIAN_POINT ( 'NONE',  ( 17.44593836057678260, 29.79080853684844499, 164.8064370394344564 ) ) ;
#6046 = CARTESIAN_POINT ( 'NONE',  ( 26.19331827105065003, 24.05288886375405255, 165.6227833333335013 ) ) ;
#6047 = EDGE_CURVE ( 'NONE', #1785, #3600, #1379, .T. ) ;
#6048 = CARTESIAN_POINT ( 'NONE',  ( 25.74717110304569800, 24.68094702459210055, 162.0602709434594999 ) ) ;
#6049 = CARTESIAN_POINT ( 'NONE',  ( 17.72855741598560186, 29.80122796589125045, 165.9457527773525101 ) ) ;
#6050 = AXIS2_PLACEMENT_3D ( 'NONE', #5749, #373, #1304 ) ;
#6051 = ORIENTED_EDGE ( 'NONE', *, *, #1830, .F. ) ;
#6052 = CARTESIAN_POINT ( 'NONE',  ( 25.34539224381410349, 25.33878090087049983, 160.0978791666665018 ) ) ;
#6053 = B_SPLINE_CURVE_WITH_KNOTS ( 'NONE', 3,
 ( #3803, #6057, #1104, #3081 ),
 .UNSPECIFIED., .F., .F.,
 ( 4, 4 ),
 ( 0.000000000000000000, 1.000000000000000000 ),
 .UNSPECIFIED. ) ;
#6054 = CIRCLE ( 'NONE', #991, 5.999736271262461784 ) ;
#6055 = CARTESIAN_POINT ( 'NONE',  ( 24.59150384755550078, 22.29082493884644833, 150.8740999999999985 ) ) ;
#6056 = CARTESIAN_POINT ( 'NONE',  ( 24.88297962726240087, 27.03658858454645042, 165.7099754974909729 ) ) ;
#6057 = CARTESIAN_POINT ( 'NONE',  ( 12.57248887714444052, 25.25355929533925092, 165.5422825364564972 ) ) ;
#6058 = CARTESIAN_POINT ( 'NONE',  ( 13.67024294599706558, 25.38575974069610197, 171.0170633945026282 ) ) ;
#6059 = CARTESIAN_POINT ( 'NONE',  ( 21.15984543337375001, 29.70973030048945063, 164.9378527533675083 ) ) ;
#6060 = CARTESIAN_POINT ( 'NONE',  ( 14.83674893876895950, 23.66755854817235161, 168.5155605229745106 ) ) ;
#6061 = CARTESIAN_POINT ( 'NONE',  ( 13.36097499481133077, 23.42625057483458662, 170.3509468540613625 ) ) ;
#6062 = CARTESIAN_POINT ( 'NONE',  ( 15.69371242148414858, 23.67775801482680009, 167.1545763847555008 ) ) ;
#6063 = CARTESIAN_POINT ( 'NONE',  ( 25.62342044800250207, 24.98184753927674961, 161.7794081780069746 ) ) ;
#6064 = CARTESIAN_POINT ( 'NONE',  ( 16.40084444493854932, 23.54483464549999994, 167.3564998546220011 ) ) ;
#6065 = VERTEX_POINT ( 'NONE', #2819 ) ;
#6066 = CARTESIAN_POINT ( 'NONE',  ( 18.48969500180595205, 29.95358970999765091, 165.1952923548905119 ) ) ;
#6067 = CARTESIAN_POINT ( 'NONE',  ( 23.73118754390809926, 26.96443420917930212, 153.8778374999999983 ) ) ;
#6068 = CARTESIAN_POINT ( 'NONE',  ( 16.47213176965045278, 23.45276421399699984, 165.1760368789730080 ) ) ;
#6069 = CARTESIAN_POINT ( 'NONE',  ( 14.43492365595646021, 23.42804229453980014, 168.4008479709760024 ) ) ;
#6070 = CARTESIAN_POINT ( 'NONE',  ( 13.12581925903008084, 25.00922248501509770, 168.8941927951390198 ) ) ;
#6071 = CARTESIAN_POINT ( 'NONE',  ( 15.86717976420309917, 23.71085073658354858, 167.5693949771230109 ) ) ;
#6072 = CARTESIAN_POINT ( 'NONE',  ( 25.87209141600120077, 25.48163699676944915, 166.3802249999999958 ) ) ;
#6073 = CARTESIAN_POINT ( 'NONE',  ( 25.97654051862864932, 25.40398367721660122, 167.9588895833335300 ) ) ;
#6074 = VERTEX_POINT ( 'NONE', #391 ) ;
#6075 = CARTESIAN_POINT ( 'NONE',  ( 24.91136794160694734, 20.44886713453944793, 163.3202520833335143 ) ) ;
#6076 = B_SPLINE_CURVE_WITH_KNOTS ( 'NONE', 3,
 ( #4821, #911, #5795, #4412 ),
 .UNSPECIFIED., .F., .F.,
 ( 4, 4 ),
 ( 0.000000000000000000, 1.000000000000000000 ),
 .UNSPECIFIED. ) ;
#6077 = CARTESIAN_POINT ( 'NONE',  ( 12.10536860292271832, 20.78624663670240125, 161.2939138225119962 ) ) ;
#6078 = CARTESIAN_POINT ( 'NONE',  ( 22.68410058589484990, 28.72174598897850473, 168.5638499999999738 ) ) ;
#6079 = FACE_OUTER_BOUND ( 'NONE', #4883, .T. ) ;
#6080 = CARTESIAN_POINT ( 'NONE',  ( 15.10525373262414917, 28.66921133094950136, 166.2624000000000137 ) ) ;
#6081 = CARTESIAN_POINT ( 'NONE',  ( 21.15984543335605395, 29.70973030049450259, 164.9378527533700094 ) ) ;
#6082 = EDGE_CURVE ( 'NONE', #5147, #795, #2628, .T. ) ;
#6083 = EDGE_LOOP ( 'NONE', ( #3726, #3894 ) ) ;
#6084 = CARTESIAN_POINT ( 'NONE',  ( 13.50921405057035862, 23.53952612724759774, 168.1269510777025005 ) ) ;
#6085 = CARTESIAN_POINT ( 'NONE',  ( 25.81148416727710071, 22.93268397390085056, 160.8357333333335077 ) ) ;
#6086 = CARTESIAN_POINT ( 'NONE',  ( 24.83833729547845337, 27.05778901294445049, 165.0573938740190272 ) ) ;
#6087 = EDGE_CURVE ( 'NONE', #108, #5313, #5734, .T. ) ;
#6088 = CARTESIAN_POINT ( 'NONE',  ( 13.50008786972309949, 25.49289615040484946, 170.0306469143644961 ) ) ;
#6089 = CARTESIAN_POINT ( 'NONE',  ( 13.49221467318474410, 25.65541512802216317, 169.7262294510005347 ) ) ;
#6090 = CARTESIAN_POINT ( 'NONE',  ( 24.89167023646215071, 26.96298781303605097, 164.7064909867085021 ) ) ;
#6091 = FACE_OUTER_BOUND ( 'NONE', #4958, .T. ) ;
#6092 = CARTESIAN_POINT ( 'NONE',  ( 18.66862543407984987, 29.88433243331699884, 166.1873991985744965 ) ) ;
#6093 = CARTESIAN_POINT ( 'NONE',  ( 14.06779234123907862, 25.51078383914349956, 172.9809486731839741 ) ) ;
#6094 = ORIENTED_EDGE ( 'NONE', *, *, #421, .T. ) ;
#6095 = CARTESIAN_POINT ( 'NONE',  ( 16.60158519967485091, 29.42898804958549874, 166.4210765182500040 ) ) ;
#6096 = CARTESIAN_POINT ( 'NONE',  ( 13.18662597003835835, 20.78647768093269832, 166.2465124999999944 ) ) ;
#6097 = CARTESIAN_POINT ( 'NONE',  ( 24.70472583864274796, 26.19195579155259779, 157.7541333333334990 ) ) ;
#6098 = CARTESIAN_POINT ( 'NONE',  ( 12.91916669384271898, 24.30619230086730198, 168.3991344384864988 ) ) ;
#6099 = CARTESIAN_POINT ( 'NONE',  ( 13.02999504166222167, 25.51083374260024783, 167.7105999999999995 ) ) ;
#6100 = FILL_AREA_STYLE ('',( #593 ) ) ;
#6101 = CARTESIAN_POINT ( 'NONE',  ( 12.76834400414169757, 25.52676908076490392, 166.3767591725664943 ) ) ;
#6102 = CARTESIAN_POINT ( 'NONE',  ( 11.86254452475480115, 24.79110858073065060, 162.4680999999999926 ) ) ;
#6103 = CARTESIAN_POINT ( 'NONE',  ( 25.42034905769679654, 26.42233548375875074, 168.3631864183454923 ) ) ;
#6104 = ADVANCED_BREP_SHAPE_REPRESENTATION ( 'H3 RH60', ( #5894, #2947 ), #1272 ) ;
#6105 = CARTESIAN_POINT ( 'NONE',  ( 25.97660516704600298, 25.46456311815265039, 169.1424290191449984 ) ) ;
#6106 = EDGE_LOOP ( 'NONE', ( #6018, #920, #971, #4218, #4020 ) ) ;
#6107 = CARTESIAN_POINT ( 'NONE',  ( 22.71281720827300532, 28.94973406265892990, 164.3178582774161214 ) ) ;
#6108 = CARTESIAN_POINT ( 'NONE',  ( 11.70168943915084014, 23.18894227312820178, 161.3126291666665111 ) ) ;
#6109 = CARTESIAN_POINT ( 'NONE',  ( 24.10803017314610130, 27.84141904904339881, 166.4693499999999915 ) ) ;
#6110 = CARTESIAN_POINT ( 'NONE',  ( 12.83392258690185983, 25.17268086846890185, 167.5331864164585056 ) ) ;
#6111 = CARTESIAN_POINT ( 'NONE',  ( 20.67519448753484923, 29.80175224338634976, 164.4787635494040217 ) ) ;
#6112 = VERTEX_POINT ( 'NONE', #6191 ) ;
#6113 = CARTESIAN_POINT ( 'NONE',  ( 15.92950613993604847, 23.60289014655129947, 165.0520137431104786 ) ) ;
#6114 = EDGE_CURVE ( 'NONE', #3016, #1299, #4789, .T. ) ;
#6115 = CARTESIAN_POINT ( 'NONE',  ( 25.46457951640105222, 22.57407755837520114, 156.2896000000000072 ) ) ;
#6116 = CARTESIAN_POINT ( 'NONE',  ( 24.67818585574059753, 27.35999918223199856, 166.2167206221625122 ) ) ;
#6117 = B_SPLINE_CURVE_WITH_KNOTS ( 'NONE', 3,
 ( #4712, #2215, #3673, #6084, #1246, #6174, #3702, #4103, #3190, #6205, #5687, #5165, #3616, #3219, #3647, #5228, #2737, #6142, #5715 ),
 .UNSPECIFIED., .F., .F.,
 ( 4, 1, 1, 1, 1, 1, 1, 1, 1, 1, 1, 1, 1, 1, 1, 1, 4 ),
 ( 0.000000000000000000, 0.07315748976587278796, 0.1431567636951429912, 0.2107741953505394839, 0.2759733347013225147, 0.3395771031803109796, 0.4013460392030154811, 0.4624415427199909945, 0.5233731211805879857, 0.5835634005500599519, 0.6424131922286649976, 0.7008462846576239968, 0.7590708851371800181, 0.8174163848135090893, 0.8768599448332380364, 0.9374266994730600100, 1.000000000000000000 ),
 .UNSPECIFIED. ) ;
#6118 = CARTESIAN_POINT ( 'NONE',  ( 16.21757872005424872, 23.46913639258490036, 166.0119543019254706 ) ) ;
#6119 = ADVANCED_FACE ( 'NONE', ( #4824 ), #1003, .T. ) ;
#6120 = CARTESIAN_POINT ( 'NONE',  ( 25.48896846724884924, 25.33552135413235007, 161.6453170678380218 ) ) ;
#6121 = CARTESIAN_POINT ( 'NONE',  ( 25.74729002706049741, 25.29979732184695251, 164.2053470508164992 ) ) ;
#6122 = CARTESIAN_POINT ( 'NONE',  ( 12.64420570039231961, 25.15183186597705145, 166.3186604166665177 ) ) ;
#6123 = B_SPLINE_SURFACE_WITH_KNOTS ( 'NONE', 3, 3, ( 
 ( #2872, #862, #3284, #4769, #2838, #5365, #4807, #374, #4287, #1373, #2348, #5750, #6277, #928 ),
 ( #2907, #2307, #2387, #6239, #5329, #334, #4326, #6314, #1827, #4839, #3801, #4364, #1860, #3835 ),
 ( #5816, #3205, #5179, #4150, #5243, #1201, #688, #2203, #1292, #6160, #1259, #4669, #4120, #809 ),
 ( #1231, #750, #2260, #4697, #2723, #3633, #5213, #1744, #3715, #6099, #5673, #1770, #3234, #251 ) ),
 .UNSPECIFIED., .F., .F., .F.,
 ( 4, 4 ),
 ( 4, 1, 1, 1, 1, 1, 1, 1, 1, 1, 1, 4 ),
 ( 0.000000000000000000, 1.000000000000000000 ),
 ( 0.000000000000000000, 1.000000000000000000, 2.000000000000000000, 4.000000000000000000, 6.000000000000000000, 8.000000000000000000, 10.00000000000000000, 12.00000000000000000, 14.00000000000000000, 16.00000000000000000, 18.00000000000000000, 19.00000000000000000 ),
 .UNSPECIFIED. ) ;
#6124 = DIRECTION ( 'NONE',  ( -0.4749331273209859705, 0.000000000000000000, 0.8800218886897689385 ) ) ;
#6125 = ORIENTED_EDGE ( 'NONE', *, *, #1838, .F. ) ;
#6126 = CARTESIAN_POINT ( 'NONE',  ( 15.06612533786874941, 23.50846596279285095, 169.0205262070159904 ) ) ;
#6127 = CARTESIAN_POINT ( 'NONE',  ( 13.58512881009813889, 20.80841852923660085, 168.1933005209960186 ) ) ;
#6128 = CARTESIAN_POINT ( 'NONE',  ( 23.89860656359950042, 27.25918829816539812, 157.0013749999999959 ) ) ;
#6129 = CARTESIAN_POINT ( 'NONE',  ( 14.44368735155559946, 23.43463863433929717, 164.0619051030865023 ) ) ;
#6130 = CARTESIAN_POINT ( 'NONE',  ( 25.60309742600145100, 24.78068996969029669, 160.7577753472219797 ) ) ;
#6131 = CARTESIAN_POINT ( 'NONE',  ( 15.93724949936380142, 23.41652565369914996, 165.3609096901049895 ) ) ;
#6132 = DIRECTION ( 'NONE',  ( -0.08291556471174950371, 0.9955514112831621576, -0.04474814656090092546 ) ) ;
#6133 = CARTESIAN_POINT ( 'NONE',  ( 25.47840078365420169, 26.06660454539645144, 164.8093999999999824 ) ) ;
#6134 = ORIENTED_EDGE ( 'NONE', *, *, #894, .F. ) ;
#6135 = CARTESIAN_POINT ( 'NONE',  ( 23.11265704069224114, 28.67062251761089087, 164.2922588757946869 ) ) ;
#6136 = CARTESIAN_POINT ( 'NONE',  ( 24.53767028985445009, 27.43549417051634975, 165.6480041666665102 ) ) ;
#6137 = CARTESIAN_POINT ( 'NONE',  ( 25.91979751396964815, 23.73867322834914972, 162.0979788194444779 ) ) ;
#6138 = CARTESIAN_POINT ( 'NONE',  ( 18.05463018285539789, 29.89275565966605086, 165.5090685755150162 ) ) ;
#6139 = CARTESIAN_POINT ( 'NONE',  ( 18.93789276682389655, 29.98547002081319945, 165.1481927904694942 ) ) ;
#6140 = CARTESIAN_POINT ( 'NONE',  ( 14.26940066475620128, 23.60958887192990119, 168.2771195754329767 ) ) ;
#6141 = ORIENTED_EDGE ( 'NONE', *, *, #3142, .T. ) ;
#6142 = CARTESIAN_POINT ( 'NONE',  ( 15.00344254176464887, 23.70391000646555213, 169.0154304192439838 ) ) ;
#6143 = CARTESIAN_POINT ( 'NONE',  ( 25.91636097633680080, 23.08117705190110414, 162.1338000000000079 ) ) ;
#6144 = CARTESIAN_POINT ( 'NONE',  ( 13.15266217473561916, 25.00855965276715054, 169.0222838541665169 ) ) ;
#6145 = CARTESIAN_POINT ( 'NONE',  ( 23.91988320371400079, 24.79075948531534834, 148.7800916468692094 ) ) ;
#6146 = EDGE_CURVE ( 'NONE', #4529, #891, #4857, .T. ) ;
#6147 = CARTESIAN_POINT ( 'NONE',  ( 28.72363313113629957, 25.48784225892524802, 165.4036366015999988 ) ) ;
#6148 = VECTOR ( 'NONE', #2191, 1000.000000000000114 ) ;
#6149 = CARTESIAN_POINT ( 'NONE',  ( 13.46754023404014511, 25.63503985237450067, 169.6451302538537220 ) ) ;
#6150 = CARTESIAN_POINT ( 'NONE',  ( 25.97660516704600298, 25.46456311815265039, 169.1424290191449984 ) ) ;
#6151 = CARTESIAN_POINT ( 'NONE',  ( 13.42763115166581933, 25.25083509167490092, 170.0308124999999961 ) ) ;
#6152 = CARTESIAN_POINT ( 'NONE',  ( 14.50365295618794015, 26.89197834163964984, 171.4366333333335035 ) ) ;
#6153 = VECTOR ( 'NONE', #5802, 1000.000000000000000 ) ;
#6154 = CARTESIAN_POINT ( 'NONE',  ( 12.79422491932984052, 25.65169616411774811, 166.2929694444444806 ) ) ;
#6155 = VERTEX_POINT ( 'NONE', #1018 ) ;
#6156 = CARTESIAN_POINT ( 'NONE',  ( 14.58728184534794181, 23.34850795229344911, 166.3490670808965035 ) ) ;
#6157 = CARTESIAN_POINT ( 'NONE',  ( 13.50580673542889976, 21.30821284917859870, 168.9740686110174863 ) ) ;
#6158 = CARTESIAN_POINT ( 'NONE',  ( 23.26761549614015223, 27.20628950644154997, 152.3426541666665059 ) ) ;
#6159 = CARTESIAN_POINT ( 'NONE',  ( 25.95048455096004858, 25.37702631049210211, 167.0367141869305101 ) ) ;
#6160 = CARTESIAN_POINT ( 'NONE',  ( 12.98955915655596094, 25.38869537206589655, 167.7180166666665002 ) ) ;
#6161 = CARTESIAN_POINT ( 'NONE',  ( 25.43119149553995229, 25.10322263660485120, 160.0874076215779951 ) ) ;
#6162 = CARTESIAN_POINT ( 'NONE',  ( 24.70365890269444975, 25.20088472240569644, 153.8564270833335001 ) ) ;
#6163 = CARTESIAN_POINT ( 'NONE',  ( 25.80763607932064829, 25.80375749230755034, 168.7483676944470119 ) ) ;
#6164 = CARTESIAN_POINT ( 'NONE',  ( 19.22541986123894731, 29.81962539259884792, 166.9588124999999934 ) ) ;
#6165 = CARTESIAN_POINT ( 'NONE',  ( 13.01191847093627985, 23.21982722309845215, 168.8312416666665001 ) ) ;
#6166 = ORIENTED_EDGE ( 'NONE', *, *, #3072, .F. ) ;
#6167 = CARTESIAN_POINT ( 'NONE',  ( 14.50550691132499992, 23.41641687646094638, 163.5419617698229899 ) ) ;
#6168 = CARTESIAN_POINT ( 'NONE',  ( 22.54565703945175059, 29.10258074771335046, 165.1623749999999973 ) ) ;
#6169 = CARTESIAN_POINT ( 'NONE',  ( 24.71539516463359831, 27.23671220411720029, 165.7162666013944943 ) ) ;
#6170 = CARTESIAN_POINT ( 'NONE',  ( 15.09297405750783128, 28.54811874868574151, 167.1241738553274843 ) ) ;
#6171 = CARTESIAN_POINT ( 'NONE',  ( 25.27941774239340234, 26.60150741953934883, 168.3695666020200008 ) ) ;
#6172 = ORIENTED_EDGE ( 'NONE', *, *, #2868, .T. ) ;
#6173 = CARTESIAN_POINT ( 'NONE',  ( 12.64726217291866028, 25.50506448769919743, 165.5212824205995048 ) ) ;
#6174 = CARTESIAN_POINT ( 'NONE',  ( 13.65816025675963985, 23.56337477908795108, 168.3815448670440276 ) ) ;
#6175 = CARTESIAN_POINT ( 'NONE',  ( 16.07489325591620144, 23.37301880053709979, 164.1379290065419809 ) ) ;
#6176 = B_SPLINE_SURFACE_WITH_KNOTS ( 'NONE', 3, 1, ( 
 ( #1710, #92 ),
 ( #5663, #5106 ),
 ( #199, #6139 ),
 ( #3645, #1700 ),
 ( #5567, #1096 ),
 ( #5048, #2056 ),
 ( #604, #3160 ),
 ( #6111, #3104 ),
 ( #4131, #4648 ),
 ( #5077, #6081 ) ),
 .UNSPECIFIED., .F., .F., .F.,
 ( 4, 2, 2, 2, 4 ),
 ( 2, 2 ),
 ( 0.000000000000000000, 0.2500000000000000000, 0.5000000000000000000, 0.7500000000000000000, 1.000000000000000000 ),
 ( 0.000000000000000000, 1.000000000000000000 ),
 .UNSPECIFIED. ) ;
#6177 = CARTESIAN_POINT ( 'NONE',  ( 25.68404172967760246, 22.17318547189894673, 160.8934166666665249 ) ) ;
#6178 = CARTESIAN_POINT ( 'NONE',  ( 13.14926100893251970, 24.37519684300090006, 169.4355250000000126 ) ) ;
#6179 = CARTESIAN_POINT ( 'NONE',  ( 14.41496535550831837, 27.92615085802805197, 167.2260521120799979 ) ) ;
#6180 = CARTESIAN_POINT ( 'NONE',  ( 15.67437142193780097, 23.55460143594559952, 164.4504412347314997 ) ) ;
#6181 = CARTESIAN_POINT ( 'NONE',  ( 25.59892317267465245, 25.24076606670779910, 162.4454876556179954 ) ) ;
#6182 = CARTESIAN_POINT ( 'NONE',  ( 18.51565187431504711, 29.42914409616705029, 170.9610000000000127 ) ) ;
#6183 = CARTESIAN_POINT ( 'NONE',  ( 25.04512719526200115, 26.74709999633955348, 164.7024724059444907 ) ) ;
#6184 = CARTESIAN_POINT ( 'NONE',  ( 26.19684365494184775, 22.05327278074054931, 170.8837000000000046 ) ) ;
#6185 = CARTESIAN_POINT ( 'NONE',  ( 12.25814417817526092, 23.20484420639120060, 165.0798541666665074 ) ) ;
#6186 = CARTESIAN_POINT ( 'NONE',  ( 24.15132316441910021, 25.84967009246204839, 152.3047041666665109 ) ) ;
#6187 = CARTESIAN_POINT ( 'NONE',  ( 13.47944370480212051, 23.20470664594239807, 165.2025487914855262 ) ) ;
#6188 = CARTESIAN_POINT ( 'NONE',  ( 25.95629591734379815, 25.36180123729464952, 167.0318355872490201 ) ) ;
#6189 = ADVANCED_FACE ( 'NONE', ( #5384 ), #4039, .T. ) ;
#6190 = CARTESIAN_POINT ( 'NONE',  ( 24.43356886831534780, 24.23504054092539661, 150.7685041666665029 ) ) ;
#6191 = CARTESIAN_POINT ( 'NONE',  ( 14.53899209226271871, 23.34484682795875088, 166.3570927685754839 ) ) ;
#6192 = CARTESIAN_POINT ( 'NONE',  ( 26.33690118846024930, 24.32192042107764962, 169.1620124999999746 ) ) ;
#6193 = CARTESIAN_POINT ( 'NONE',  ( 15.81349105756680018, 23.46205778752150195, 166.6032199408554959 ) ) ;
#6194 = CARTESIAN_POINT ( 'NONE',  ( 12.38784892884151922, 24.64517480706764729, 165.5666722222219960 ) ) ;
#6195 = B_SPLINE_CURVE_WITH_KNOTS ( 'NONE', 3,
 ( #4210, #1175, #223, #1598, #3573, #6069, #3686, #749, #2722, #3604, #1145, #3149, #3121, #5123, #5096 ),
 .UNSPECIFIED., .F., .F.,
 ( 4, 1, 1, 1, 1, 1, 1, 1, 1, 1, 1, 1, 4 ),
 ( 0.000000000000000000, 0.1170545021900040034, 0.2282050089065049969, 0.3366064674684340341, 0.4459997066639425078, 0.5023426402777799726, 0.5617913897895140396, 0.6242509014455109861, 0.6906597913806249434, 0.7613222425377920155, 0.8360764526884569836, 0.9155783752575910039, 1.000000000000000000 ),
 .UNSPECIFIED. ) ;
#6196 = ORIENTED_EDGE ( 'NONE', *, *, #3225, .F. ) ;
#6197 = CARTESIAN_POINT ( 'NONE',  ( 25.73900906291835256, 25.86424763124065151, 166.1891198659205031 ) ) ;
#6198 = EDGE_CURVE ( 'NONE', #5923, #1785, #1159, .T. ) ;
#6199 = CARTESIAN_POINT ( 'NONE',  ( 24.49168738272444656, 27.40861414253089734, 163.8026085937500227 ) ) ;
#6200 = CARTESIAN_POINT ( 'NONE',  ( 25.80518862069260067, 22.32644486071155043, 162.3194791666664969 ) ) ;
#6201 = CARTESIAN_POINT ( 'NONE',  ( 25.06823719491045210, 26.86427822508445118, 167.8535152777780013 ) ) ;
#6202 = CARTESIAN_POINT ( 'NONE',  ( 25.54225783253700044, 26.06669003211210267, 165.5959499999999878 ) ) ;
#6203 = VERTEX_POINT ( 'NONE', #5061 ) ;
#6204 = CARTESIAN_POINT ( 'NONE',  ( 25.49153028297148893, 26.31272114358745284, 166.1902454795444726 ) ) ;
#6205 = CARTESIAN_POINT ( 'NONE',  ( 14.04441251467219942, 23.61290519129705245, 168.7677898630585105 ) ) ;
#6206 = CARTESIAN_POINT ( 'NONE',  ( 20.84977646195750012, 24.07841899376159844, 170.9840230677505133 ) ) ;
#6207 = CARTESIAN_POINT ( 'NONE',  ( 24.77248087680539967, 20.22722161955329767, 162.2988666666665267 ) ) ;
#6208 = CARTESIAN_POINT ( 'NONE',  ( 11.69341000403800024, 23.80444962572819989, 161.4764982198329903 ) ) ;
#6209 = CARTESIAN_POINT ( 'NONE',  ( 14.14629128196706098, 25.51974687860055013, 173.4644263443489933 ) ) ;
#6210 = CARTESIAN_POINT ( 'NONE',  ( 13.21697019231906012, 25.62609919129085156, 168.4729583333335086 ) ) ;
#6211 = CARTESIAN_POINT ( 'NONE',  ( 13.92132918623456028, 23.55815891584065369, 167.7778671173520024 ) ) ;
#6212 = B_SPLINE_SURFACE_WITH_KNOTS ( 'NONE', 3, 1, ( 
 ( #5766, #6183 ),
 ( #1738, #2814 ),
 ( #5695, #1255 ),
 ( #3229, #5204 ) ),
 .UNSPECIFIED., .F., .F., .F.,
 ( 4, 4 ),
 ( 2, 2 ),
 ( 0.000000000000000000, 1.000000000000000000 ),
 ( 0.000000000000000000, 1.000000000000000000 ),
 .UNSPECIFIED. ) ;
#6213 = CARTESIAN_POINT ( 'NONE',  ( 14.46027046449795961, 23.23552835208269940, 164.0708547323989990 ) ) ;
#6214 = CARTESIAN_POINT ( 'NONE',  ( 13.13818247064295974, 25.38299780715524889, 168.4886083333335023 ) ) ;
#6215 = CARTESIAN_POINT ( 'NONE',  ( 16.80978647176809915, 28.81455033530274790, 172.3307000000000073 ) ) ;
#6216 = CARTESIAN_POINT ( 'NONE',  ( 14.02996481382966110, 22.14804910226714796, 172.8224812499999814 ) ) ;
#6217 = CARTESIAN_POINT ( 'NONE',  ( 14.46734128197582159, 23.21304254081309892, 163.5574913032340021 ) ) ;
#6218 = CARTESIAN_POINT ( 'NONE',  ( 12.49988762293824074, 21.79305422389279911, 165.0867086805554891 ) ) ;
#6219 = B_SPLINE_CURVE_WITH_KNOTS ( 'NONE', 3,
 ( #5503, #4487, #47, #1834, #3037, #5758, #566 ),
 .UNSPECIFIED., .F., .F.,
 ( 4, 1, 1, 1, 4 ),
 ( 0.000000000000000000, 0.2577648264557724778, 0.5079395883340290796, 0.7542507076510069908, 1.000000000000000000 ),
 .UNSPECIFIED. ) ;
#6220 = FACE_OUTER_BOUND ( 'NONE', #4314, .T. ) ;
#6221 = CARTESIAN_POINT ( 'NONE',  ( 24.57235104257814839, 24.29278242515649922, 151.5448708333335048 ) ) ;
#6222 = CARTESIAN_POINT ( 'NONE',  ( 15.14358910702769911, 23.58920783066485072, 166.2038671643315126 ) ) ;
#6223 = CARTESIAN_POINT ( 'NONE',  ( 25.16361626549834796, 25.40065249877689979, 158.5332729166665047 ) ) ;
#6224 = CARTESIAN_POINT ( 'NONE',  ( 12.83333010009139130, 23.27652538793085668, 167.9975723613390244 ) ) ;
#6225 = EDGE_LOOP ( 'NONE', ( #3525, #4389, #1169, #5468 ) ) ;
#6226 = B_SPLINE_SURFACE_WITH_KNOTS ( 'NONE', 3, 3, ( 
 ( #699, #3668, #5649, #633, #4554, #1210, #2617, #599, #2148, #110, #4619, #1670, #3100, #2087, #5563, #5074, #2120, #4128, #5824, #3361, #5339, #908, #1803 ),
 ( #3778, #1319, #3883, #456, #5902, #2093, #2498, #4532, #62, #2953, #4069, #3503, #86, #4562, #32, #5516, #118, #1451, #2468, #4036, #4011, #1555, #3535 ),
 ( #1073, #5971, #3436, #3051, #4472, #5410, #5025, #976, #4923, #490, #579, #552, #4442, #2002, #3, #5939, #4506, #1486, #1582, #1522, #3981, #5480, #2591 ),
 ( #3951, #1970, #3468, #3077, #1100, #2059, #5445, #1011, #2986, #1041, #3019, #3558, #5541, #4961, #2564, #5052, #4992, #2533, #521, #5999, #2032, #6027, #608 ),
 ( #176, #2186, #2127, #2247, #4652, #1617, #4106, #3135, #2156, #3648, #764, #706, #2685, #4162, #4196, #5659, #1217, #2623, #4135, #3222, #1676, #1131, #1160 ),
 ( #6143, #205, #5138, #1705, #6085, #2738, #5109, #5080, #670, #3191, #6115, #269, #5167, #2652, #640, #738, #4713, #6055, #4596, #2711, #4683, #1649, #5628 ),
 ( #3165, #3618, #236, #2216, #6177, #1734, #3704, #5688, #1248, #5198, #5716, #304, #5858, #3874, #2874, #799, #2275, #5230, #1831, #5787, #6351, #1897, #2772 ),
 ( #6317, #5333, #899, #4258, #4369, #4744, #1758, #412, #6242, #4843, #829, #5818, #5754, #1412, #1863, #2392, #5260, #2803, #1343, #4773, #1790, #3321, #3287 ),
 ( #3837, #1375, #3765, #2311, #3393, #6281, #1278, #1308, #3804, #934, #338, #5297, #864, #5371, #2914, #2841, #4289, #4810, #3355, #4880, #4228, #377, #449 ),
 ( #2352, #6207, #4330, #3255, #3729, #3462, #2558, #1478, #1004, #6421, #3013, #1995, #3909, #1965, #1069, #4527, #2054, #2463, #1550, #3073, #2493, #81, #5896 ),
 ( #5046, #4466, #3046, #1094, #4916, #4031, #3529, #545, #5475, #1516, #3497, #4436, #3553, #5930, #1444, #5438, #55, #515, #2426, #4005, #2980, #6389, #2524 ),
 ( #6022, #5966, #1036, #26, #5017, #4986, #4955, #2945, #485, #4497, #5994, #5510, #2026, #574, #1577, #3944, #3428, #3973, #4403, #1933, #5403, #968, #3102 ),
 ( #2209, #1239, #2618, #4621, #1643, #1211, #2678, #1697, #3669, #634, #730, #3584, #4556, #3185, #5565, #5651, #3612, #2179, #2122, #4187, #4646, #5159, #5592 ) ),
 .UNSPECIFIED., .F., .F., .F.,
 ( 4, 1, 1, 1, 1, 1, 1, 1, 1, 1, 4 ),
 ( 4, 1, 1, 1, 1, 1, 1, 1, 1, 1, 1, 1, 1, 1, 1, 1, 1, 1, 1, 1, 4 ),
 ( 0.000000000000000000, 1.000000000000000000, 2.000000000000000000, 3.000000000000000000, 5.000000000000000000, 7.000000000000000000, 9.000000000000000000, 11.00000000000000000, 13.00000000000000000, 15.00000000000000000, 16.00000000000000000 ),
 ( 0.000000000000000000, 1.000000000000000000, 2.000000000000000000, 3.000000000000000000, 5.000000000000000000, 7.000000000000000000, 9.000000000000000000, 11.00000000000000000, 13.00000000000000000, 15.00000000000000000, 17.00000000000000000, 19.00000000000000000, 21.00000000000000000, 23.00000000000000000, 25.00000000000000000, 27.00000000000000000, 29.00000000000000000, 31.00000000000000000, 33.00000000000000000, 35.00000000000000000, 36.00000000000000000 ),
 .UNSPECIFIED. ) ;
#6227 = CARTESIAN_POINT ( 'NONE',  ( 15.76060475060320165, 23.68762146581065053, 167.2500698885470172 ) ) ;
#6228 = EDGE_LOOP ( 'NONE', ( #5637, #173, #2447 ) ) ;
#6229 = EDGE_CURVE ( 'NONE', #1702, #5336, #5579, .T. ) ;
#6230 = CARTESIAN_POINT ( 'NONE',  ( 25.17183892197040151, 26.75328534842514827, 166.1991076901445012 ) ) ;
#6231 = CARTESIAN_POINT ( 'NONE',  ( 11.97019674897554076, 21.20125697116729668, 161.1771865449340169 ) ) ;
#6232 = CARTESIAN_POINT ( 'NONE',  ( 22.05150880006535274, 29.30095400051325072, 165.8741499999999860 ) ) ;
#6233 = CARTESIAN_POINT ( 'NONE',  ( 21.06704525066649936, 17.71879281922385374, 163.1630791666665061 ) ) ;
#6234 = CARTESIAN_POINT ( 'NONE',  ( 25.19958651667619876, 26.69316418382365086, 167.1881854166664993 ) ) ;
#6235 = CARTESIAN_POINT ( 'NONE',  ( 25.35232874325244978, 26.50686187296685148, 169.1469523308124678 ) ) ;
#6236 = ORIENTED_EDGE ( 'NONE', *, *, #3727, .T. ) ;
#6237 = CARTESIAN_POINT ( 'NONE',  ( 26.28171587514308882, 24.41997554582916052, 168.5178825689588962 ) ) ;
#6238 = EDGE_CURVE ( 'NONE', #4000, #2029, #4953, .T. ) ;
#6239 = CARTESIAN_POINT ( 'NONE',  ( 13.86169693150004001, 25.27678861596070092, 172.2139562499999954 ) ) ;
#6240 = CARTESIAN_POINT ( 'NONE',  ( 25.05793462820455275, 26.55729151121865073, 163.2456499999999835 ) ) ;
#6241 = CARTESIAN_POINT ( 'NONE',  ( 14.50550691132499992, 23.41641687646094638, 163.5419617698229899 ) ) ;
#6242 = CARTESIAN_POINT ( 'NONE',  ( 25.29547996508079777, 21.11231026097685159, 157.9821999999999775 ) ) ;
#6243 = CARTESIAN_POINT ( 'NONE',  ( 11.69575400887456951, 23.68965506358103568, 161.4586400636145527 ) ) ;
#6244 = CARTESIAN_POINT ( 'NONE',  ( 13.48742807797509968, 23.22406018969005004, 170.8729999999999905 ) ) ;
#6245 = CARTESIAN_POINT ( 'NONE',  ( 17.37212833909829968, 24.61880690395464910, 167.1030825431205074 ) ) ;
#6246 = CARTESIAN_POINT ( 'NONE',  ( 22.68988953164725331, 28.97365052235175042, 164.3189038484435116 ) ) ;
#6247 = CARTESIAN_POINT ( 'NONE',  ( 17.46444731675694939, 29.72248445509369930, 166.3180097311244765 ) ) ;
#6248 = VECTOR ( 'NONE', #5327, 1000.000000000000114 ) ;
#6249 = CARTESIAN_POINT ( 'NONE',  ( 13.86401578253293998, 23.19846184502385000, 164.3510267890505077 ) ) ;
#6250 = CARTESIAN_POINT ( 'NONE',  ( 13.04682514693607942, 23.34795322421814845, 164.7216382631270051 ) ) ;
#6251 = CARTESIAN_POINT ( 'NONE',  ( 16.16265757641854961, 28.39187067195985037, 172.4077000000000055 ) ) ;
#6252 = CARTESIAN_POINT ( 'NONE',  ( 13.67059314088153954, 22.17752867140774953, 170.8922583333335012 ) ) ;
#6253 = CARTESIAN_POINT ( 'NONE',  ( 25.96935738671577454, 25.53492627339762322, 170.3708909677737324 ) ) ;
#6254 = AXIS2_PLACEMENT_3D ( 'NONE', #2565, #3649, #609 ) ;
#6255 = CARTESIAN_POINT ( 'NONE',  ( 28.36256334909850096, 24.77791622865785115, 161.4519744647205073 ) ) ;
#6256 = CARTESIAN_POINT ( 'NONE',  ( 23.58393291799384883, 25.98637582735044660, 149.7136421686449808 ) ) ;
#6257 = VECTOR ( 'NONE', #4919, 999.9999999999998863 ) ;
#6258 = CARTESIAN_POINT ( 'NONE',  ( 25.17686332518790238, 24.97000794921680011, 156.9746833333335019 ) ) ;
#6259 = CARTESIAN_POINT ( 'NONE',  ( 25.45628688044689625, 25.11351344225859705, 160.3566143386440217 ) ) ;
#6260 = CARTESIAN_POINT ( 'NONE',  ( 12.34971088883590085, 26.97800450275154915, 161.4896062500000085 ) ) ;
#6261 = CARTESIAN_POINT ( 'NONE',  ( 12.46496251754308737, 24.80910537029068053, 165.5769005824035389 ) ) ;
#6262 = EDGE_LOOP ( 'NONE', ( #1890, #2207, #3788, #2458 ) ) ;
#6263 = CARTESIAN_POINT ( 'NONE',  ( 13.09897634332454075, 25.00988531726299868, 168.7661017361110112 ) ) ;
#6264 = VECTOR ( 'NONE', #1979, 1000.000000000000000 ) ;
#6265 = ORIENTED_EDGE ( 'NONE', *, *, #3225, .T. ) ;
#6266 = CARTESIAN_POINT ( 'NONE',  ( 13.07335304601203951, 25.91059698254064969, 167.4695416761190074 ) ) ;
#6267 = CARTESIAN_POINT ( 'NONE',  ( 13.50097768715751911, 23.20093024348000199, 165.0786306957745069 ) ) ;
#6268 = B_SPLINE_CURVE_WITH_KNOTS ( 'NONE', 3,
 ( #5013, #570, #2552, #1750, #291, #2657, #4600, #3564, #3595, #1106, #5546, #5113, #2132, #4076 ),
 .UNSPECIFIED., .F., .F.,
 ( 4, 1, 1, 1, 1, 1, 1, 2, 2, 4 ),
 ( 0.000000000000000000, 0.2500000000003058664, 0.3750000000004590217, 0.4375000000005458412, 0.4687500000005892509, 0.4843750000006110668, 0.4921875000006220580, 0.4960937500006274425, 0.5000000000006328271, 1.000000000000000000 ),
 .UNSPECIFIED. ) ;
#6269 = CARTESIAN_POINT ( 'NONE',  ( 24.31751559223944881, 27.66081811594915152, 165.0028145833335316 ) ) ;
#6270 = CARTESIAN_POINT ( 'NONE',  ( 17.83474646393894858, 17.50397236260420186, 163.4598792001305014 ) ) ;
#6271 = CARTESIAN_POINT ( 'NONE',  ( 25.04171667118844979, 26.83541755823840091, 165.6166208333335135 ) ) ;
#6272 = CARTESIAN_POINT ( 'NONE',  ( 24.75779304148084847, 25.36739825436114870, 154.6310583333335273 ) ) ;
#6273 = CARTESIAN_POINT ( 'NONE',  ( 25.36322506575140068, 26.49291985567970187, 169.0151373651390259 ) ) ;
#6274 = ORIENTED_EDGE ( 'NONE', *, *, #1170, .T. ) ;
#6275 = CARTESIAN_POINT ( 'NONE',  ( 24.66366390473040227, 20.15730733170834910, 163.3653192708335098 ) ) ;
#6276 = CARTESIAN_POINT ( 'NONE',  ( 26.17301162878772303, 24.29760062432393752, 165.9967222415064043 ) ) ;
#6277 = CARTESIAN_POINT ( 'NONE',  ( 12.57006021840377841, 25.15514928042030007, 165.9329666666665162 ) ) ;
#6278 = CARTESIAN_POINT ( 'NONE',  ( 25.38572139625790314, 25.72501970566440122, 162.1804875031769768 ) ) ;
#6279 = CARTESIAN_POINT ( 'NONE',  ( 16.46265870598730174, 23.44628777419749710, 165.0495028257344927 ) ) ;
#6280 = EDGE_CURVE ( 'NONE', #2103, #3823, #1655, .T. ) ;
#6281 = CARTESIAN_POINT ( 'NONE',  ( 25.12904606906829841, 20.63489612392384842, 160.3999000000000024 ) ) ;
#6282 = CARTESIAN_POINT ( 'NONE',  ( 11.70762001522100881, 24.21336352164009398, 161.6086244467677773 ) ) ;
#6283 = CARTESIAN_POINT ( 'NONE',  ( 13.04155610493952011, 23.21903799736859852, 168.9593416666665178 ) ) ;
#6284 = CARTESIAN_POINT ( 'NONE',  ( 13.40067707729438062, 25.12730638283804652, 170.0377187500000105 ) ) ;
#6285 = CARTESIAN_POINT ( 'NONE',  ( 25.21924752861045249, 26.68110579431544949, 167.8458173611110169 ) ) ;
#6286 = ORIENTED_EDGE ( 'NONE', *, *, #99, .F. ) ;
#6287 = CARTESIAN_POINT ( 'NONE',  ( 24.55822972364439849, 24.85640707431949892, 152.3096250000000111 ) ) ;
#6288 = CARTESIAN_POINT ( 'NONE',  ( 15.80195556990205219, 23.57338113670304836, 164.6318441874705059 ) ) ;
#6290 = EDGE_CURVE ( 'NONE', #3118, #569, #5953, .T. ) ;
#6289 = CARTESIAN_POINT ( 'NONE',  ( 13.92286300596007997, 25.50290310354550272, 172.2005749999999864 ) ) ;
#6291 = CARTESIAN_POINT ( 'NONE',  ( 14.70192645285177946, 26.84962826887624843, 173.0008083333335094 ) ) ;
#6292 = CARTESIAN_POINT ( 'NONE',  ( 13.26449052383502014, 22.06617364661844860, 168.9727765567089932 ) ) ;
#6293 = CARTESIAN_POINT ( 'NONE',  ( 25.71412964401664425, 25.99367966693881016, 170.1160681476728485 ) ) ;
#6294 = CARTESIAN_POINT ( 'NONE',  ( 23.63214737310359936, 28.28316296154569898, 165.7701242453485122 ) ) ;
#6295 = CARTESIAN_POINT ( 'NONE',  ( 25.21948596927559905, 20.37216130413305137, 169.8982380208335030 ) ) ;
#6296 = CARTESIAN_POINT ( 'NONE',  ( 13.76027394370679957, 23.37641731354965202, 168.5023860131234983 ) ) ;
#6297 = CARTESIAN_POINT ( 'NONE',  ( 23.62001210321720279, 26.02212147044425095, 149.9730875183076080 ) ) ;
#6298 = CARTESIAN_POINT ( 'NONE',  ( 25.55986503019860123, 25.13220307369525131, 161.6256523437949966 ) ) ;
#6299 = CARTESIAN_POINT ( 'NONE',  ( 24.68922340984815023, 27.18944564108365114, 164.1867347222220133 ) ) ;
#6300 = CARTESIAN_POINT ( 'NONE',  ( 15.63160719151744971, 23.64376732704755213, 166.5134328027380093 ) ) ;
#6301 = ORIENTED_EDGE ( 'NONE', *, *, #3215, .T. ) ;
#6302 = CARTESIAN_POINT ( 'NONE',  ( 12.65370054218789875, 24.64125903128769934, 166.9861833333335142 ) ) ;
#6303 = EDGE_LOOP ( 'NONE', ( #4066, #3375, #1880, #2649, #5879, #2949, #2727, #2543, #257, #4734, #2898, #6265, #3656, #1997, #1471 ) ) ;
#6304 = CARTESIAN_POINT ( 'NONE',  ( 15.61164383628510066, 23.34514368537864826, 164.3761394759050063 ) ) ;
#6305 = CARTESIAN_POINT ( 'NONE',  ( 16.30095769269719952, 23.57438623694514845, 168.1990441371349903 ) ) ;
#6306 = CARTESIAN_POINT ( 'NONE',  ( 24.07244005665319975, 27.90002240737744899, 165.6820999999999913 ) ) ;
#6307 = CARTESIAN_POINT ( 'NONE',  ( 23.13809424779885404, 18.67205049776769954, 162.8479875000000163 ) ) ;
#6308 = CARTESIAN_POINT ( 'NONE',  ( 18.99602028587350233, 29.99788411405295108, 165.0026171313359953 ) ) ;
#6309 = FACE_OUTER_BOUND ( 'NONE', #1121, .T. ) ;
#6310 = CARTESIAN_POINT ( 'NONE',  ( 25.97366533714765069, 25.40000864688039783, 167.8272496527780220 ) ) ;
#6311 = ORIENTED_EDGE ( 'NONE', *, *, #1353, .T. ) ;
#6312 = CARTESIAN_POINT ( 'NONE',  ( 24.65390119691885218, 20.14406810631560063, 163.2357737847219994 ) ) ;
#6313 = CARTESIAN_POINT ( 'NONE',  ( 26.26801161012006602, 24.39523440135209853, 167.9928377071468901 ) ) ;
#6314 = CARTESIAN_POINT ( 'NONE',  ( 13.26301502732130011, 25.25525467697979920, 169.2643000000000200 ) ) ;
#6315 = CARTESIAN_POINT ( 'NONE',  ( 24.97809924953899952, 26.57775778693740065, 162.4582708333335006 ) ) ;
#6316 = B_SPLINE_CURVE_WITH_KNOTS ( 'NONE', 3,
 ( #3218, #2305, #2244, #3834, #4286, #2837, #5328 ),
 .UNSPECIFIED., .F., .F.,
 ( 4, 1, 1, 1, 4 ),
 ( 0.02986443904891334863, 0.05263157894736840425, 0.1052631578947368085, 0.1578947368421055042, 0.1652262160293870019 ),
 .UNSPECIFIED. ) ;
#6317 = CARTESIAN_POINT ( 'NONE',  ( 25.55162312186105211, 21.57489626459489784, 162.2610750000000053 ) ) ;
#6318 = CARTESIAN_POINT ( 'NONE',  ( 12.20583097816629881, 24.69825794880181391, 164.4406570671701218 ) ) ;
#6319 = CARTESIAN_POINT ( 'NONE',  ( 13.95351308622022124, 23.40120034433094887, 168.6956956652335009 ) ) ;
#6320 = CARTESIAN_POINT ( 'NONE',  ( 24.04196427715314854, 27.86871267806645136, 164.2409391758930042 ) ) ;
#6321 = ORIENTED_EDGE ( 'NONE', *, *, #2158, .F. ) ;
#6322 = CARTESIAN_POINT ( 'NONE',  ( 16.46265870598730174, 23.44628777419749710, 165.0495028257344927 ) ) ;
#6323 = ADVANCED_FACE ( 'NONE', ( #96 ), #112, .F. ) ;
#6324 = CARTESIAN_POINT ( 'NONE',  ( 13.76934450619180161, 25.37719818852230347, 171.5623333333334983 ) ) ;
#6325 = CARTESIAN_POINT ( 'NONE',  ( 12.32131149327190656, 24.12261002657615450, 165.4226068966400192 ) ) ;
#6326 = CARTESIAN_POINT ( 'NONE',  ( 13.83745441090115946, 25.16070401858284811, 172.2200114583335164 ) ) ;
#6327 = CARTESIAN_POINT ( 'NONE',  ( 25.17095217617029945, 20.39267840115545027, 171.8876447838065076 ) ) ;
#6328 = CARTESIAN_POINT ( 'NONE',  ( 13.00535548883769899, 23.35196171147689981, 164.8876593352399880 ) ) ;
#6329 = CARTESIAN_POINT ( 'NONE',  ( 23.16250503161830210, 26.66301101222545000, 149.7377492277647946 ) ) ;
#6330 = EDGE_CURVE ( 'NONE', #3823, #5899, #2394, .T. ) ;
#6331 = CARTESIAN_POINT ( 'NONE',  ( 15.97218305123755400, 23.46179935763104751, 166.3034239147955020 ) ) ;
#6332 = CARTESIAN_POINT ( 'NONE',  ( 25.56111118377780045, 25.05227331329425056, 161.2769829715435037 ) ) ;
#6333 = CARTESIAN_POINT ( 'NONE',  ( 13.11519559118134026, 25.75368544605025178, 167.6954916666664985 ) ) ;
#6334 = CARTESIAN_POINT ( 'NONE',  ( 11.66681633872912016, 24.79436163335140009, 161.3112416666664899 ) ) ;
#6335 = CARTESIAN_POINT ( 'NONE',  ( 15.96171340469250133, 23.47878866902320283, 166.7007996935775225 ) ) ;
#6336 = ORIENTED_EDGE ( 'NONE', *, *, #2681, .T. ) ;
#6337 = FACE_OUTER_BOUND ( 'NONE', #1836, .T. ) ;
#6338 = ORIENTED_EDGE ( 'NONE', *, *, #806, .T. ) ;
#6339 = CARTESIAN_POINT ( 'NONE',  ( 12.67795802026441976, 25.46945366757324791, 166.0233409869705099 ) ) ;
#6340 = CARTESIAN_POINT ( 'NONE',  ( 21.07967273013754905, 17.77880907765519680, 163.4147375000000011 ) ) ;
#6341 = B_SPLINE_CURVE_WITH_KNOTS ( 'NONE', 3,
 ( #2704, #171, #6169, #1126 ),
 .UNSPECIFIED., .F., .F.,
 ( 4, 4 ),
 ( 0.000000000000000000, 1.000000000000000000 ),
 .UNSPECIFIED. ) ;
#6342 = CARTESIAN_POINT ( 'NONE',  ( 20.47877107158739918, 29.71569688763980110, 166.8260999999999967 ) ) ;
#6343 = CARTESIAN_POINT ( 'NONE',  ( 25.35232874325244978, 26.50686187296685148, 169.1469523308124678 ) ) ;
#6344 = CARTESIAN_POINT ( 'NONE',  ( 25.87209141600120077, 25.48163699676944915, 166.3802249999999958 ) ) ;
#6345 = ORIENTED_EDGE ( 'NONE', *, *, #2482, .T. ) ;
#6346 = CARTESIAN_POINT ( 'NONE',  ( 19.48961225985445012, 29.44240259704625018, 172.6969901041665025 ) ) ;
#6347 = CARTESIAN_POINT ( 'NONE',  ( 14.46027046449795961, 23.23552835208269940, 164.0708547323989990 ) ) ;
#6348 = CARTESIAN_POINT ( 'NONE',  ( 25.74717110304569800, 24.68094702459210055, 162.0602709434594999 ) ) ;
#6349 = CARTESIAN_POINT ( 'NONE',  ( 22.50862972751275137, 29.20632827259474951, 163.0405166666664911 ) ) ;
#6350 = CARTESIAN_POINT ( 'NONE',  ( 12.21449505676005742, 24.28259387475355879, 164.7345013734925487 ) ) ;
#6351 = CARTESIAN_POINT ( 'NONE',  ( 24.04686335018179832, 21.39723422032280098, 148.7712166666665894 ) ) ;
#6352 = CARTESIAN_POINT ( 'NONE',  ( 11.97397079157262922, 25.18908742154867042, 162.7046620570621087 ) ) ;
#6353 = CARTESIAN_POINT ( 'NONE',  ( 21.81897377237849867, 29.48772184604600355, 164.8829417893760194 ) ) ;
#6354 = ORIENTED_EDGE ( 'NONE', *, *, #5021, .F. ) ;
#6355 = CARTESIAN_POINT ( 'NONE',  ( 23.97214629978410017, 24.37822609421819919, 148.3908973853865803 ) ) ;
#6356 = CARTESIAN_POINT ( 'NONE',  ( 25.74085179292795189, 21.74854265952319921, 164.2050999999999874 ) ) ;
#6357 = CARTESIAN_POINT ( 'NONE',  ( 25.18807710961715074, 26.11302028208629977, 162.0583602711400033 ) ) ;
#6358 = CARTESIAN_POINT ( 'NONE',  ( 13.16391017646835948, 23.34414924204174824, 164.4200563607629988 ) ) ;
#6359 = CARTESIAN_POINT ( 'NONE',  ( 15.01436275463289860, 23.48141158895525038, 168.5145366191679841 ) ) ;
#6360 = B_SPLINE_CURVE_WITH_KNOTS ( 'NONE', 3,
 ( #3511, #5488, #4479, #5031 ),
 .UNSPECIFIED., .F., .F.,
 ( 4, 4 ),
 ( 0.000000000000000000, 1.000000000000000000 ),
 .UNSPECIFIED. ) ;
#6361 = CARTESIAN_POINT ( 'NONE',  ( 15.59928447159200182, 29.16554763463825140, 165.4216958333335015 ) ) ;
#6362 = CARTESIAN_POINT ( 'NONE',  ( 12.71083118834065928, 24.56156173388140118, 167.5782783064594810 ) ) ;
#6363 = ADVANCED_FACE ( 'NONE', ( #5265 ), #4747, .F. ) ;
#6364 = CARTESIAN_POINT ( 'NONE',  ( 25.30312817851130092, 20.51368839899234686, 171.4708173030579985 ) ) ;
#6365 = CARTESIAN_POINT ( 'NONE',  ( 13.74369083076446074, 23.57552759580624624, 168.4934363838110016 ) ) ;
#6366 = CARTESIAN_POINT ( 'NONE',  ( 23.15484574044575083, 26.63596248968680058, 149.6094786229903946 ) ) ;
#6367 = CARTESIAN_POINT ( 'NONE',  ( 15.64819030445974768, 23.44465704479095081, 166.5223824320505059 ) ) ;
#6368 = CARTESIAN_POINT ( 'NONE',  ( 25.15104601988645072, 24.80936224839845039, 156.1963083333335192 ) ) ;
#6369 = EDGE_CURVE ( 'NONE', #4312, #4185, #464, .T. ) ;
#6370 = CARTESIAN_POINT ( 'NONE',  ( 13.87830697079366082, 25.72260064441045202, 171.5398916666665059 ) ) ;
#6371 = CARTESIAN_POINT ( 'NONE',  ( 12.52106914325139897, 27.32644905488930220, 161.2051657986110342 ) ) ;
#6372 = CARTESIAN_POINT ( 'NONE',  ( 14.16374442066750206, 25.76393841745184687, 173.0839763708569876 ) ) ;
#6373 = VERTEX_POINT ( 'NONE', #1312 ) ;
#6374 = CARTESIAN_POINT ( 'NONE',  ( 21.23684753161249716, 29.60742982756335095, 165.9420478337455052 ) ) ;
#6375 = VERTEX_POINT ( 'NONE', #4813 ) ;
#6376 = FACE_OUTER_BOUND ( 'NONE', #1006, .T. ) ;
#6377 = VECTOR ( 'NONE', #5004, 1000.000000000000114 ) ;
#6378 = CARTESIAN_POINT ( 'NONE',  ( 21.09397759405404926, 17.83097436351550158, 163.6676458333335233 ) ) ;
#6379 = VECTOR ( 'NONE', #2391, 1000.000000000000000 ) ;
#6380 = CARTESIAN_POINT ( 'NONE',  ( 25.58512679958584712, 26.25255351771270185, 171.3716187500000103 ) ) ;
#6381 = CARTESIAN_POINT ( 'NONE',  ( 25.57189512060044478, 26.17013558557200525, 167.5771096285982367 ) ) ;
#6382 = ORIENTED_EDGE ( 'NONE', *, *, #5679, .T. ) ;
#6383 = CARTESIAN_POINT ( 'NONE',  ( 19.46239702780265191, 29.44732815945230087, 172.4372932291664995 ) ) ;
#6384 = CARTESIAN_POINT ( 'NONE',  ( 24.66760624162439797, 27.24877757311925208, 164.7139296566575126 ) ) ;
#6385 = CARTESIAN_POINT ( 'NONE',  ( 24.65814159455915089, 27.12298077818715214, 162.8678500000000042 ) ) ;
#6386 = CARTESIAN_POINT ( 'NONE',  ( 12.26689433656384054, 22.41720330666320038, 164.5633666666665249 ) ) ;
#6387 = CARTESIAN_POINT ( 'NONE',  ( 25.78115920298809982, 25.18188112150659919, 164.0241333333335092 ) ) ;
#6388 = CARTESIAN_POINT ( 'NONE',  ( 24.50750496504875287, 27.42639452119579957, 168.4124734744880243 ) ) ;
#6389 = CARTESIAN_POINT ( 'NONE',  ( 22.56062017649155038, 18.94383330401180032, 148.7858687499999917 ) ) ;
#6390 = CARTESIAN_POINT ( 'NONE',  ( 14.09598432713079852, 26.95228681943299875, 169.1234000000000037 ) ) ;
#6391 = B_SPLINE_CURVE_WITH_KNOTS ( 'NONE', 3,
 ( #2484, #3965, #4812, #5264, #2806, #2354, #2018, #4332, #6319, #5789, #1984, #1467, #3290, #1345, #535, #3997, #1541, #1795, #3323 ),
 .UNSPECIFIED., .F., .F.,
 ( 4, 1, 1, 1, 1, 1, 1, 1, 1, 1, 1, 1, 1, 1, 1, 1, 4 ),
 ( 0.000000000000000000, 0.07315748976587278796, 0.1431567636951429912, 0.2107741953505394839, 0.2759733347013225147, 0.3395771031803109796, 0.4013460392030154811, 0.4624415427199909945, 0.5233731211805879857, 0.5835634005500599519, 0.6424131922286649976, 0.7008462846576239968, 0.7590708851371800181, 0.8174163848135090893, 0.8768599448332380364, 0.9374266994730600100, 1.000000000000000000 ),
 .UNSPECIFIED. ) ;
#6392 = CARTESIAN_POINT ( 'NONE',  ( 15.94608925287839973, 23.40377986429464841, 165.0609633724230036 ) ) ;
#6393 = ORIENTED_EDGE ( 'NONE', *, *, #2360, .T. ) ;
#6394 = CARTESIAN_POINT ( 'NONE',  ( 25.49455807915325067, 25.12773238513474894, 160.7520388888889897 ) ) ;
#6395 = CARTESIAN_POINT ( 'NONE',  ( 25.23938394530188845, 26.11586690719295589, 162.5917375507051190 ) ) ;
#6396 = CARTESIAN_POINT ( 'NONE',  ( 25.84790026206801983, 25.76748948669912664, 170.2666565090314919 ) ) ;
#6397 = CARTESIAN_POINT ( 'NONE',  ( 12.83392258870072133, 25.17268086729810150, 167.5331864163385092 ) ) ;
#6398 = CARTESIAN_POINT ( 'NONE',  ( 25.23257932709234908, 20.43305131286579979, 171.4841461164910186 ) ) ;
#6399 = CARTESIAN_POINT ( 'NONE',  ( 25.76610223787254128, 25.17060383002987223, 163.8258769208473495 ) ) ;
#6400 = CARTESIAN_POINT ( 'NONE',  ( 25.31773661339785164, 24.75542351891504822, 157.7601166666665051 ) ) ;
#6401 = CARTESIAN_POINT ( 'NONE',  ( 24.57175905799529758, 27.37120532963404784, 164.8531916666665040 ) ) ;
#6402 = CARTESIAN_POINT ( 'NONE',  ( 12.46046800578742086, 23.16190230421048923, 166.1383422468384481 ) ) ;
#6403 = ORIENTED_EDGE ( 'NONE', *, *, #5880, .F. ) ;
#6404 = CARTESIAN_POINT ( 'NONE',  ( 19.23636882505429924, 29.57192555766900099, 169.1798090277779920 ) ) ;
#6405 = CARTESIAN_POINT ( 'NONE',  ( 13.32115638286669856, 21.35110597409779842, 168.2001570946999891 ) ) ;
#6406 = CARTESIAN_POINT ( 'NONE',  ( 24.40112233182654933, 27.33537642288530023, 161.9617737847220269 ) ) ;
#6407 = CARTESIAN_POINT ( 'NONE',  ( 12.55742216657715993, 25.19128192751709960, 165.5471332547409986 ) ) ;
#6408 = EDGE_CURVE ( 'NONE', #6065, #1053, #3933, .T. ) ;
#6409 = CARTESIAN_POINT ( 'NONE',  ( 18.05890272636079885, 17.64255682654809831, 164.0430225203609780 ) ) ;
#6410 = CARTESIAN_POINT ( 'NONE',  ( 20.73021000125299906, 29.39895052736184766, 169.4189916666665283 ) ) ;
#6411 = CARTESIAN_POINT ( 'NONE',  ( 24.98614038871225063, 26.93104261964665014, 168.6970149376849974 ) ) ;
#6412 = CARTESIAN_POINT ( 'NONE',  ( 24.65548557056440160, 25.32645920024869923, 153.8552708333334920 ) ) ;
#6413 = CARTESIAN_POINT ( 'NONE',  ( 25.41319598755796605, 26.42125189747720526, 167.9700152500543595 ) ) ;
#6414 = EDGE_LOOP ( 'NONE', ( #4740, #4793, #2582, #3373 ) ) ;
#6415 = CARTESIAN_POINT ( 'NONE',  ( 16.85472675063505221, 28.81088211139860178, 172.7201875000000086 ) ) ;
#6416 = CARTESIAN_POINT ( 'NONE',  ( 20.22816814011459741, 23.75080315093675054, 164.8470669980180219 ) ) ;
#6417 = CARTESIAN_POINT ( 'NONE',  ( 12.17776059220189921, 21.72941072120154971, 163.1263333333335197 ) ) ;
#6418 = CARTESIAN_POINT ( 'NONE',  ( 25.55986503019860123, 25.13220307369525131, 161.6256523437949966 ) ) ;
#6419 = ADVANCED_FACE ( 'NONE', ( #3807 ), #3023, .T. ) ;
#6420 = CARTESIAN_POINT ( 'NONE',  ( 21.62552634503465043, 29.14275393260830072, 169.3266553819445051 ) ) ;
#6421 = CARTESIAN_POINT ( 'NONE',  ( 24.54672584631414978, 19.59100211676999947, 157.3802000000000021 ) ) ;
#6422 = CARTESIAN_POINT ( 'NONE',  ( 14.89899508072519829, 28.03330921700674949, 168.2364000000000033 ) ) ;
#6423 = CARTESIAN_POINT ( 'NONE',  ( 25.65739391705694672, 25.43851448726720221, 163.7603894097220234 ) ) ;
ENDSEC;
END-ISO-10303-21;
